# Blender 4.5.2 LTS
# www.blender.org
mtllib sponza_OuterArches.mtl
o OuterArches
v -0.449182 7.364646 1.374267
v -0.449182 7.364646 1.454741
v -0.429631 7.359401 1.454741
v -0.415320 7.345068 1.374267
v -0.415320 7.345068 1.454741
v -0.429631 7.359401 1.374267
v -0.468733 7.359401 1.374267
v -0.468733 7.359401 1.454741
v -0.483044 7.345068 1.454741
v -0.483044 7.345068 1.374267
v -0.488284 7.325544 1.454741
v -0.488284 7.325544 1.374267
v -0.484846 7.312718 1.454741
v -0.484846 7.312718 1.374267
v -0.410080 7.325544 1.374267
v -0.410080 7.325544 1.454741
v -0.413518 7.312718 1.374267
v -0.413518 7.312718 1.454741
v -0.366834 7.296620 1.374267
v -0.381146 7.310900 1.454741
v -0.366834 7.296620 1.454741
v -0.361797 7.277770 1.374267
v -0.361797 7.277770 1.454741
v -0.381146 7.310900 1.374267
v -0.400692 7.316144 1.454741
v -0.400692 7.316144 1.374267
v -0.413518 7.312718 1.454741
v -0.413518 7.312718 1.374267
v -0.366834 7.258972 1.374267
v -0.366834 7.258972 1.454741
v -0.381146 7.244691 1.374267
v -0.381146 7.244691 1.454741
v -0.400692 7.239447 1.374267
v -0.400692 7.239447 1.454741
v -0.413518 7.242874 1.374267
v -0.413518 7.242874 1.454741
v -0.531525 7.296620 1.374267
v -0.536567 7.277770 1.454741
v -0.531525 7.296620 1.454741
v -0.517218 7.310900 1.374267
v -0.517218 7.310900 1.454741
v -0.536567 7.277770 1.374267
v -0.531525 7.258972 1.454741
v -0.531525 7.258972 1.374267
v -0.517218 7.244691 1.454741
v -0.517218 7.244691 1.374267
v -0.497667 7.239447 1.454741
v -0.497667 7.239447 1.374267
v -0.484846 7.242874 1.454741
v -0.484846 7.242874 1.374267
v -0.497667 7.316144 1.374267
v -0.497667 7.316144 1.454741
v -0.484846 7.312718 1.374267
v -0.484846 7.312718 1.454741
v -0.449182 7.190946 1.374267
v -0.429631 7.196191 1.454741
v -0.449182 7.190946 1.454741
v -0.468733 7.196191 1.374267
v -0.468733 7.196191 1.454741
v -0.429631 7.196191 1.374267
v -0.415320 7.210523 1.374267
v -0.415320 7.210523 1.454741
v -0.410080 7.230048 1.454741
v -0.410080 7.230048 1.374267
v -0.483044 7.210523 1.374267
v -0.483044 7.210523 1.454741
v -0.488284 7.230048 1.374267
v -0.488284 7.230048 1.454741
v -0.484846 7.242874 1.374267
v -0.484846 7.242874 1.454741
v -0.410080 7.230048 1.374267
v -0.413518 7.242874 1.454741
v -0.410080 7.230048 1.454741
v -0.413518 7.242874 1.374267
v -0.516336 7.214521 1.374267
v -0.531525 7.258972 1.374267
v -0.535814 7.246353 1.374267
v -0.536567 7.277770 1.374267
v -0.541027 7.283326 1.374267
v -0.485807 7.193023 1.374267
v -0.517218 7.244691 1.374267
v -0.497667 7.239447 1.374267
v -0.488284 7.230048 1.374267
v -0.484846 7.242874 1.374267
v -0.483044 7.210523 1.374267
v -0.449182 7.190946 1.374267
v -0.449255 7.185493 1.374267
v -0.468733 7.196191 1.374267
v -0.429631 7.196191 1.374267
v -0.412697 7.193023 1.374267
v -0.415320 7.210523 1.374267
v -0.381146 7.244691 1.374267
v -0.382169 7.214521 1.374267
v -0.410080 7.230048 1.374267
v -0.400692 7.239447 1.374267
v -0.366834 7.258972 1.374267
v -0.362691 7.246353 1.374267
v -0.361797 7.277770 1.374267
v -0.357477 7.283326 1.374267
v -0.366081 7.316664 1.374267
v -0.366834 7.296620 1.374267
v -0.415320 7.345068 1.374267
v -0.386349 7.344498 1.374267
v -0.400692 7.316144 1.374267
v -0.410080 7.325544 1.374267
v -0.381146 7.310900 1.374267
v -0.429631 7.359401 1.374267
v -0.415429 7.362932 1.374267
v -0.449182 7.364646 1.374267
v -0.449255 7.369371 1.374267
v -0.468733 7.359401 1.374267
v -0.483076 7.362932 1.374267
v -0.483044 7.345068 1.374267
v -0.517218 7.310900 1.374267
v -0.512161 7.344498 1.374267
v -0.497667 7.316144 1.374267
v -0.488284 7.325544 1.374267
v -0.484846 7.312718 1.374267
v -0.531525 7.296620 1.374267
v -0.532423 7.316664 1.374267
v -0.413518 7.312718 1.374267
v -0.413518 7.242874 1.374267
v -2.371184 7.364646 1.374267
v -2.371178 7.364646 1.454741
v -2.351627 7.359401 1.454741
v -2.337316 7.345068 1.374267
v -2.337316 7.345068 1.454741
v -2.351627 7.359401 1.374267
v -2.390735 7.359401 1.374267
v -2.390735 7.359401 1.454741
v -2.405041 7.345068 1.454741
v -2.405041 7.345068 1.374267
v -2.410280 7.325544 1.454741
v -2.410280 7.325544 1.374267
v -2.406843 7.312718 1.454741
v -2.406843 7.312718 1.374267
v -2.332082 7.325544 1.374267
v -2.332082 7.325544 1.454741
v -2.335514 7.312718 1.374267
v -2.335514 7.312718 1.454741
v -2.288836 7.296620 1.374267
v -2.303142 7.310900 1.454741
v -2.288836 7.296620 1.454741
v -2.283794 7.277770 1.374267
v -2.283794 7.277770 1.454741
v -2.303142 7.310900 1.374267
v -2.322693 7.316144 1.454741
v -2.322693 7.316144 1.374267
v -2.335514 7.312718 1.454741
v -2.335514 7.312718 1.374267
v -2.288836 7.258972 1.374267
v -2.288836 7.258972 1.454741
v -2.303142 7.244691 1.374267
v -2.303142 7.244691 1.454741
v -2.322693 7.239447 1.374267
v -2.322693 7.239447 1.454741
v -2.335514 7.242874 1.374267
v -2.335514 7.242874 1.454741
v -2.453526 7.296620 1.374267
v -2.458563 7.277770 1.454741
v -2.453526 7.296620 1.454741
v -2.439215 7.310900 1.374267
v -2.439215 7.310900 1.454741
v -2.458563 7.277770 1.374267
v -2.453526 7.258972 1.454741
v -2.453526 7.258972 1.374267
v -2.439215 7.244691 1.454741
v -2.439215 7.244691 1.374267
v -2.419669 7.239447 1.454741
v -2.419669 7.239447 1.374267
v -2.406843 7.242874 1.454741
v -2.406843 7.242874 1.374267
v -2.406843 7.242874 1.454741
v -2.419669 7.316144 1.374267
v -2.419669 7.316144 1.454741
v -2.406843 7.312718 1.374267
v -2.406843 7.312718 1.454741
v -2.371178 7.190946 1.374267
v -2.351627 7.196191 1.454741
v -2.371178 7.190946 1.454741
v -2.390735 7.196191 1.374267
v -2.390735 7.196191 1.454741
v -2.351627 7.196191 1.374267
v -2.337316 7.210523 1.374267
v -2.337316 7.210523 1.454741
v -2.332082 7.230048 1.454741
v -2.332082 7.230048 1.374267
v -2.405041 7.210523 1.374267
v -2.405041 7.210523 1.454741
v -2.410280 7.230048 1.374267
v -2.410280 7.230048 1.454741
v -2.406843 7.242874 1.374267
v -2.406843 7.242874 1.454741
v -2.332082 7.230048 1.374267
v -2.335514 7.242874 1.454741
v -2.332082 7.230048 1.454741
v -2.335514 7.242874 1.374267
v -2.438337 7.214521 1.374267
v -2.453526 7.258972 1.374267
v -2.457810 7.246353 1.374267
v -2.458563 7.277770 1.374267
v -2.463024 7.283326 1.374267
v -2.407804 7.193023 1.374267
v -2.439215 7.244691 1.374267
v -2.419669 7.239447 1.374267
v -2.410280 7.230048 1.374267
v -2.406843 7.242874 1.374267
v -2.405041 7.210523 1.374267
v -2.371178 7.190946 1.374267
v -2.371251 7.185493 1.374267
v -2.390735 7.196191 1.374267
v -2.351627 7.196191 1.374267
v -2.334699 7.193023 1.374267
v -2.337316 7.210523 1.374267
v -2.303142 7.244691 1.374267
v -2.304165 7.214521 1.374267
v -2.332082 7.230048 1.374267
v -2.322693 7.239447 1.374267
v -2.288836 7.258972 1.374267
v -2.284692 7.246353 1.374267
v -2.283794 7.277770 1.374267
v -2.279479 7.283326 1.374267
v -2.288083 7.316664 1.374267
v -2.288836 7.296620 1.374267
v -2.337316 7.345068 1.374267
v -2.308345 7.344498 1.374267
v -2.322693 7.316144 1.374267
v -2.332082 7.325544 1.374267
v -2.303142 7.310900 1.374267
v -2.351627 7.359401 1.374267
v -2.337425 7.362932 1.374267
v -2.371184 7.364646 1.374267
v -2.371251 7.369371 1.374267
v -2.390735 7.359401 1.374267
v -2.405077 7.362932 1.374267
v -2.405041 7.345068 1.374267
v -2.439215 7.310900 1.374267
v -2.434157 7.344498 1.374267
v -2.419669 7.316144 1.374267
v -2.410280 7.325544 1.374267
v -2.406843 7.312718 1.374267
v -2.453526 7.296620 1.374267
v -2.454419 7.316664 1.374267
v -2.335514 7.312718 1.374267
v -2.335514 7.242874 1.374267
v -2.351627 7.359401 -0.981895
v -2.371178 7.364646 -0.981895
v -2.371184 7.364646 -0.901422
v -2.390735 7.359401 -0.901422
v -2.351627 7.359401 -0.901422
v -2.337316 7.345068 -0.901422
v -2.337316 7.345068 -0.981895
v -2.332082 7.325544 -0.901422
v -2.332082 7.325544 -0.981895
v -2.335514 7.312718 -0.901422
v -2.335514 7.312718 -0.981895
v -2.390735 7.359401 -0.981895
v -2.405041 7.345068 -0.981895
v -2.405041 7.345068 -0.901422
v -2.410280 7.325544 -0.981895
v -2.410280 7.325544 -0.901422
v -2.406843 7.312718 -0.981895
v -2.406843 7.312718 -0.901422
v -2.288836 7.296620 -0.901422
v -2.303142 7.310900 -0.981895
v -2.303142 7.310900 -0.901422
v -2.322693 7.316144 -0.981895
v -2.322693 7.316144 -0.901422
v -2.283794 7.277770 -0.901422
v -2.288836 7.296620 -0.981895
v -2.288836 7.258972 -0.901422
v -2.283794 7.277770 -0.981895
v -2.303142 7.244691 -0.901422
v -2.288836 7.258972 -0.981895
v -2.322693 7.239447 -0.901422
v -2.303142 7.244691 -0.981895
v -2.335514 7.242874 -0.901422
v -2.322693 7.239447 -0.981895
v -2.335514 7.242874 -0.981895
v -2.335514 7.312718 -0.981895
v -2.335514 7.312718 -0.901422
v -2.453526 7.296620 -0.901422
v -2.458563 7.277770 -0.981895
v -2.458563 7.277770 -0.901422
v -2.453526 7.258972 -0.981895
v -2.453526 7.258972 -0.901422
v -2.439215 7.310900 -0.901422
v -2.453526 7.296620 -0.981895
v -2.419669 7.316144 -0.901422
v -2.439215 7.310900 -0.981895
v -2.406843 7.312718 -0.901422
v -2.419669 7.316144 -0.981895
v -2.406843 7.312718 -0.981895
v -2.439215 7.244691 -0.981895
v -2.439215 7.244691 -0.901422
v -2.419669 7.239447 -0.981895
v -2.419669 7.239447 -0.901422
v -2.406843 7.242874 -0.981895
v -2.406843 7.242874 -0.901422
v -2.371178 7.190946 -0.901422
v -2.351627 7.196191 -0.981895
v -2.351627 7.196191 -0.901422
v -2.337316 7.210471 -0.981895
v -2.337316 7.210471 -0.901422
v -2.390735 7.196191 -0.901422
v -2.371178 7.190946 -0.981895
v -2.405041 7.210471 -0.981895
v -2.390735 7.196191 -0.981895
v -2.405041 7.210471 -0.901422
v -2.410280 7.230048 -0.901422
v -2.410280 7.230048 -0.981895
v -2.406843 7.242874 -0.901422
v -2.406843 7.242874 -0.981895
v -2.332082 7.230048 -0.981895
v -2.332082 7.230048 -0.901422
v -2.332082 7.230048 -0.901422
v -2.335514 7.242874 -0.981895
v -2.335514 7.242874 -0.901422
v -2.332082 7.230048 -0.981895
v -2.438337 7.214521 -0.901422
v -2.453526 7.258972 -0.901422
v -2.439215 7.244691 -0.901422
v -2.407804 7.193023 -0.901422
v -2.419669 7.239447 -0.901422
v -2.457810 7.246353 -0.901422
v -2.458563 7.277770 -0.901422
v -2.463024 7.283326 -0.901422
v -2.454419 7.316664 -0.901422
v -2.453526 7.296620 -0.901422
v -2.434157 7.344498 -0.901422
v -2.439215 7.310900 -0.901422
v -2.405077 7.362932 -0.901422
v -2.419669 7.316144 -0.901422
v -2.390735 7.359401 -0.901422
v -2.405041 7.345068 -0.901422
v -2.371251 7.369371 -0.901422
v -2.410280 7.325544 -0.901422
v -2.406843 7.312718 -0.901422
v -2.337425 7.362932 -0.901422
v -2.371184 7.364646 -0.901422
v -2.308345 7.344498 -0.901422
v -2.351627 7.359401 -0.901422
v -2.288083 7.316664 -0.901422
v -2.337316 7.345068 -0.901422
v -2.332082 7.325544 -0.901422
v -2.322693 7.316144 -0.901422
v -2.335514 7.312718 -0.901422
v -2.303142 7.310900 -0.901422
v -2.283794 7.277770 -0.901422
v -2.288836 7.296620 -0.901422
v -2.279479 7.283326 -0.901422
v -2.284692 7.246353 -0.901422
v -2.288836 7.258972 -0.901422
v -2.304165 7.214521 -0.901422
v -2.303142 7.244691 -0.901422
v -2.334699 7.193023 -0.901422
v -2.322693 7.239447 -0.901422
v -2.332082 7.230048 -0.901422
v -2.371251 7.185441 -0.901422
v -2.351627 7.196191 -0.901422
v -2.337316 7.210471 -0.901422
v -2.335514 7.242874 -0.901422
v -2.371178 7.190946 -0.901422
v -2.390735 7.196191 -0.901422
v -2.410280 7.230048 -0.901422
v -2.405041 7.210471 -0.901422
v -2.406843 7.242874 -0.901422
v -4.215226 4.416564 -1.124838
v -4.372714 5.600328 -1.124843
v -4.372714 4.417525 -1.124838
v -4.117061 4.779755 -1.124844
v -3.924838 4.951310 -1.124843
v -3.705758 5.065988 -1.124843
v -3.705758 5.600328 -1.124843
v -3.254253 5.600328 -1.124843
v -3.486684 4.951310 -1.124843
v -3.294461 4.779755 -1.124844
v -3.254253 4.631001 -1.124838
v -3.021823 4.951310 -1.124843
v -3.214045 4.779755 -1.124844
v -2.802743 5.065988 -1.124843
v -2.802743 5.600328 -1.124843
v -2.300868 5.600328 -1.124843
v -2.583668 4.970508 -1.124843
v -2.391446 4.785389 -1.124844
v -2.290544 4.539904 -1.124838
v -2.229518 4.680847 -1.124838
v -2.088393 4.890055 -1.124843
v -1.895828 5.020676 -1.124843
v -1.774280 5.075756 -1.124843
v -1.774280 5.600328 -1.124843
v -1.327448 5.600328 -1.124843
v -1.676234 5.044370 -1.124843
v -1.466221 4.898270 -1.124843
v -1.327448 4.721305 -1.124844
v -1.198807 4.846524 -1.124843
v -1.037746 4.982960 -1.124843
v -0.876686 5.050222 -1.124843
v -0.876686 5.600328 -1.124843
v -0.366253 5.600328 -1.124843
v -0.691141 4.965730 -1.124843
v -0.505597 4.793282 -1.124844
v -0.366253 4.508945 -1.124838
v -0.211320 4.845002 -1.124843
v 0.145555 5.063168 -1.124843
v -0.009376 4.985790 -1.124843
v 0.145555 5.600328 -1.124843
v 0.609886 5.600328 -1.124843
v 0.281698 4.994369 -1.124838
v 0.453861 4.870691 -1.124838
v 0.609873 4.717623 -1.124838
v 1.074193 5.063168 -1.124843
v 1.074193 5.600328 -1.124843
v 0.765886 4.870691 -1.124838
v 0.938048 4.994369 -1.124838
v 1.585997 5.600328 -1.124843
v 1.229121 4.985790 -1.124843
v 1.404363 4.845002 -1.124843
v 1.562292 4.508945 -1.124838
v 2.096430 5.050222 -1.124843
v 2.096430 5.600328 -1.124843
v 1.725346 4.793282 -1.124844
v 1.910886 4.965730 -1.124843
v 2.547198 5.600328 -1.124843
v 2.257490 4.982960 -1.124843
v 2.418556 4.846524 -1.124843
v 2.509072 4.721305 -1.124844
v 2.994029 5.075756 -1.124843
v 2.994029 5.600328 -1.124843
v 2.685965 4.898270 -1.124843
v 2.895978 5.044370 -1.124843
v 3.520617 5.600328 -1.124843
v 3.115577 5.020676 -1.124843
v 3.292808 4.890055 -1.124843
v 3.421554 4.680847 -1.124838
v 3.476395 4.539904 -1.124838
v 3.611195 4.785389 -1.124844
v 3.803413 4.970508 -1.124843
v 4.022492 5.065988 -1.124843
v 4.022492 5.600328 -1.124843
v 4.473998 5.600328 -1.124843
v 4.241567 4.951310 -1.124843
v 4.390574 4.779755 -1.124844
v 4.458450 4.631001 -1.124838
v 4.706428 4.951310 -1.124843
v 4.514205 4.779755 -1.124844
v 4.925507 5.065988 -1.124843
v 4.925507 5.600328 -1.124843
v 5.572709 5.600328 -1.124843
v 5.144582 4.951310 -1.124843
v 5.434975 4.416564 -1.124838
v 5.572709 4.417525 -1.124838
v 5.307860 4.779755 -1.124844
v -4.372714 5.600328 -1.124843
v -4.372714 4.417878 -0.844909
v -4.372714 4.417525 -1.124838
v -4.372714 5.040507 -0.272499
v -4.372714 4.895497 -0.575417
v -4.372714 4.699059 -0.726871
v -4.372714 5.600328 -0.272499
v -4.372714 4.895497 0.030418
v -4.372714 5.600328 0.232050
v -4.372714 4.699058 0.181877
v -4.372714 4.623326 0.232050
v -4.372714 5.600328 0.736599
v -4.372714 4.895497 0.433682
v -4.372714 4.699058 0.282224
v -4.372714 5.600328 1.579524
v -4.372714 5.040507 0.736599
v -4.372714 4.417878 1.295061
v -4.372714 4.417524 1.579524
v -4.372714 4.699058 1.190976
v -4.372714 4.895497 1.039517
v -4.372714 5.600328 1.579524
v -4.215226 4.416564 1.579524
v -4.372714 4.417524 1.579524
v -3.924838 4.951310 1.579524
v -4.117061 4.779755 1.579524
v -3.705758 5.065988 1.579524
v -3.705758 5.600328 1.579524
v -3.254253 5.600328 1.579524
v -3.486684 4.951310 1.579524
v -3.294461 4.779755 1.579524
v -3.254253 4.631001 1.579524
v -3.021823 4.951310 1.579524
v -3.214045 4.779755 1.579524
v -2.802743 5.065988 1.579524
v -2.802743 5.600328 1.579524
v -2.300868 5.600328 1.579524
v -2.583668 4.970508 1.579524
v -2.391446 4.785389 1.579524
v -2.290544 4.539904 1.579524
v -2.229518 4.680847 1.579524
v -2.088393 4.890055 1.579524
v -1.895828 5.020676 1.579524
v -1.774280 5.075756 1.579524
v -1.774280 5.600328 1.579524
v -1.327448 5.600328 1.579524
v -1.676234 5.044375 1.579524
v -1.466221 4.898270 1.579524
v -1.327448 4.721310 1.579524
v -1.198807 4.846524 1.579524
v -1.037746 4.982960 1.579524
v -0.876686 5.050228 1.579524
v -0.876686 5.600328 1.579524
v -0.366253 5.600328 1.579524
v -0.691141 4.965735 1.579524
v -0.505597 4.793282 1.579524
v -0.366253 4.508944 1.579524
v -0.211319 4.845007 1.579524
v 0.145555 5.063168 1.579524
v -0.009376 4.985795 1.579524
v 0.145555 5.600328 1.579524
v 0.609873 5.600328 1.579524
v 0.281698 4.994369 1.579524
v 0.453861 4.870697 1.579524
v 0.589517 4.717623 1.579524
v 1.074193 5.063168 1.579524
v 1.074193 5.600328 1.579524
v 0.765886 4.870697 1.579524
v 0.938048 4.994369 1.579524
v 1.585997 5.600328 1.579524
v 1.229121 4.985795 1.579524
v 1.404290 4.845007 1.579524
v 1.555915 4.508944 1.579524
v 2.096430 5.050228 1.579524
v 2.096430 5.600328 1.579524
v 1.725346 4.793282 1.579524
v 1.910886 4.965735 1.579524
v 2.547198 5.600328 1.579524
v 2.257490 4.982960 1.579524
v 2.418556 4.846524 1.579524
v 2.515101 4.721310 1.579524
v 2.994029 5.075756 1.579524
v 2.994029 5.600328 1.579524
v 2.685965 4.898270 1.579524
v 2.895978 5.044375 1.579524
v 3.520617 5.600328 1.579524
v 3.115577 5.020676 1.579524
v 3.289023 4.890055 1.579524
v 3.425770 4.680847 1.579524
v 3.478166 4.539904 1.579524
v 3.611195 4.785389 1.579524
v 3.803413 4.970508 1.579524
v 4.022492 5.065988 1.579524
v 4.022492 5.600328 1.579524
v 4.473998 5.600328 1.579524
v 4.241567 4.951310 1.579524
v 4.400545 4.779755 1.579524
v 4.473998 4.631001 1.579524
v 4.706428 4.951310 1.579524
v 4.514205 4.779755 1.579524
v 4.925507 5.065988 1.579524
v 4.925507 5.600328 1.579524
v 5.572709 5.600328 1.579524
v 5.144582 4.951310 1.579524
v 5.434975 4.416564 1.579524
v 5.572709 4.417524 1.579524
v 5.336804 4.779755 1.579524
v 5.572709 4.417878 -0.844909
v 5.572709 5.600328 -1.124843
v 5.572709 4.417525 -1.124838
v 5.572709 4.699059 -0.726871
v 5.572709 5.040507 -0.272499
v 5.572709 5.600328 -0.272499
v 5.572709 4.895497 -0.575417
v 5.572709 4.895497 0.030418
v 5.572709 5.600328 0.232050
v 5.572709 4.699058 0.181877
v 5.572709 4.623326 0.232050
v 5.572709 4.699058 0.282224
v 5.572709 4.895497 0.433682
v 5.572709 5.600328 0.736599
v 5.572709 5.040507 0.736599
v 5.572709 5.600328 1.579524
v 5.572709 4.895497 1.039517
v 5.572709 4.417878 1.295061
v 5.572709 4.417524 1.579524
v 5.572709 4.699058 1.190976
v 1.656328 7.359401 -0.981895
v 1.636778 7.364646 -0.981895
v 1.636772 7.364646 -0.901422
v 1.617221 7.359401 -0.901422
v 1.656328 7.359401 -0.901422
v 1.670640 7.345068 -0.901422
v 1.670640 7.345068 -0.981895
v 1.675874 7.325544 -0.901422
v 1.675874 7.325544 -0.981895
v 1.672442 7.312718 -0.901422
v 1.672442 7.312718 -0.981895
v 1.617221 7.359401 -0.981895
v 1.602915 7.345068 -0.981895
v 1.602915 7.345068 -0.901422
v 1.597676 7.325544 -0.981895
v 1.597676 7.325544 -0.901422
v 1.601113 7.312718 -0.981895
v 1.601113 7.312718 -0.901422
v 1.719120 7.296620 -0.901422
v 1.704809 7.310900 -0.981895
v 1.704809 7.310900 -0.901422
v 1.685263 7.316144 -0.981895
v 1.685263 7.316144 -0.901422
v 1.724162 7.277770 -0.901422
v 1.719120 7.296620 -0.981895
v 1.719120 7.258972 -0.901422
v 1.724162 7.277770 -0.981895
v 1.704809 7.244691 -0.901422
v 1.719120 7.258972 -0.981895
v 1.685263 7.239447 -0.901422
v 1.704809 7.244691 -0.981895
v 1.672442 7.242874 -0.901422
v 1.685263 7.239447 -0.981895
v 1.672442 7.242874 -0.981895
v 1.672442 7.312718 -0.981895
v 1.672442 7.312718 -0.901422
v 1.554430 7.296620 -0.901422
v 1.549388 7.277770 -0.981895
v 1.549388 7.277770 -0.901422
v 1.554430 7.258972 -0.981895
v 1.554430 7.258972 -0.901422
v 1.568741 7.310900 -0.901422
v 1.554430 7.296620 -0.981895
v 1.588287 7.316144 -0.901422
v 1.568741 7.310900 -0.981895
v 1.601113 7.312718 -0.901422
v 1.588287 7.316144 -0.981895
v 1.601113 7.312718 -0.981895
v 1.568741 7.244691 -0.981895
v 1.568741 7.244691 -0.901422
v 1.588287 7.239447 -0.981895
v 1.588287 7.239447 -0.901422
v 1.601113 7.242874 -0.981895
v 1.601113 7.242874 -0.901422
v 1.636778 7.190946 -0.901422
v 1.656328 7.196191 -0.981895
v 1.656328 7.196191 -0.901422
v 1.670640 7.210471 -0.981895
v 1.670640 7.210471 -0.901422
v 1.617221 7.196191 -0.901422
v 1.636778 7.190946 -0.981895
v 1.602915 7.210471 -0.981895
v 1.617221 7.196191 -0.981895
v 1.602915 7.210471 -0.901422
v 1.597676 7.230048 -0.901422
v 1.597676 7.230048 -0.981895
v 1.601113 7.242874 -0.901422
v 1.601113 7.242874 -0.981895
v 1.675874 7.230048 -0.981895
v 1.675874 7.230048 -0.901422
v 1.675874 7.230048 -0.901422
v 1.672442 7.242874 -0.981895
v 1.672442 7.242874 -0.901422
v 1.675874 7.230048 -0.981895
v 1.569619 7.214521 -0.901422
v 1.554430 7.258972 -0.901422
v 1.568741 7.244691 -0.901422
v 1.600153 7.193023 -0.901422
v 1.588287 7.239447 -0.901422
v 1.550146 7.246353 -0.901422
v 1.549388 7.277770 -0.901422
v 1.544932 7.283326 -0.901422
v 1.553537 7.316664 -0.901422
v 1.554430 7.296620 -0.901422
v 1.573799 7.344498 -0.901422
v 1.568741 7.310900 -0.901422
v 1.602879 7.362932 -0.901422
v 1.588287 7.316144 -0.901422
v 1.617221 7.359401 -0.901422
v 1.602915 7.345068 -0.901422
v 1.636705 7.369371 -0.901422
v 1.597676 7.325544 -0.901422
v 1.601113 7.312718 -0.901422
v 1.670526 7.362932 -0.901422
v 1.636772 7.364646 -0.901422
v 1.699611 7.344498 -0.901422
v 1.656328 7.359401 -0.901422
v 1.719873 7.316664 -0.901422
v 1.670640 7.345068 -0.901422
v 1.675874 7.325544 -0.901422
v 1.685263 7.316144 -0.901422
v 1.672442 7.312718 -0.901422
v 1.704809 7.310900 -0.901422
v 1.724162 7.277770 -0.901422
v 1.719120 7.296620 -0.901422
v 1.728477 7.283326 -0.901422
v 1.723264 7.246353 -0.901422
v 1.719120 7.258972 -0.901422
v 1.703786 7.214521 -0.901422
v 1.704809 7.244691 -0.901422
v 1.673257 7.193023 -0.901422
v 1.685263 7.239447 -0.901422
v 1.675874 7.230048 -0.901422
v 1.636705 7.185441 -0.901422
v 1.656328 7.196191 -0.901422
v 1.670640 7.210471 -0.901422
v 1.672442 7.242874 -0.901422
v 1.636778 7.190946 -0.901422
v 1.617221 7.196191 -0.901422
v 1.597676 7.230048 -0.901422
v 1.602915 7.210471 -0.901422
v 1.601113 7.242874 -0.901422
v 1.636772 7.364646 1.374267
v 1.636778 7.364646 1.454741
v 1.656328 7.359401 1.454741
v 1.670640 7.345068 1.374267
v 1.670640 7.345068 1.454741
v 1.656328 7.359401 1.374267
v 1.617221 7.359401 1.374267
v 1.617221 7.359401 1.454741
v 1.602915 7.345068 1.454741
v 1.602915 7.345068 1.374267
v 1.597676 7.325544 1.454741
v 1.597676 7.325544 1.374267
v 1.601113 7.312718 1.454741
v 1.601113 7.312718 1.374267
v 1.675874 7.325544 1.374267
v 1.675874 7.325544 1.454741
v 1.672442 7.312718 1.374267
v 1.672442 7.312718 1.454741
v 1.719120 7.296620 1.374267
v 1.704809 7.310900 1.454741
v 1.719120 7.296620 1.454741
v 1.724162 7.277770 1.374267
v 1.724162 7.277770 1.454741
v 1.704809 7.310900 1.374267
v 1.685263 7.316144 1.454741
v 1.685263 7.316144 1.374267
v 1.672442 7.312718 1.454741
v 1.672442 7.312718 1.374267
v 1.719120 7.258972 1.374267
v 1.719120 7.258972 1.454741
v 1.704809 7.244691 1.374267
v 1.704809 7.244691 1.454741
v 1.685263 7.239447 1.374267
v 1.685263 7.239447 1.454741
v 1.672442 7.242874 1.374267
v 1.672442 7.242874 1.454741
v 1.554430 7.296620 1.374267
v 1.549388 7.277770 1.454741
v 1.554430 7.296620 1.454741
v 1.568741 7.310900 1.374267
v 1.568741 7.310900 1.454741
v 1.549388 7.277770 1.374267
v 1.554430 7.258972 1.454741
v 1.554430 7.258972 1.374267
v 1.568741 7.244691 1.454741
v 1.568741 7.244691 1.374267
v 1.588287 7.239447 1.454741
v 1.588287 7.239447 1.374267
v 1.601113 7.242874 1.454741
v 1.601113 7.242874 1.374267
v 1.588287 7.316144 1.374267
v 1.588287 7.316144 1.454741
v 1.601113 7.312718 1.374267
v 1.601113 7.312718 1.454741
v 1.636778 7.190946 1.374267
v 1.656328 7.196191 1.454741
v 1.636778 7.190946 1.454741
v 1.617221 7.196191 1.374267
v 1.617221 7.196191 1.454741
v 1.656328 7.196191 1.374267
v 1.670640 7.210523 1.374267
v 1.670640 7.210523 1.454741
v 1.675874 7.230048 1.454741
v 1.675874 7.230048 1.374267
v 1.602915 7.210523 1.374267
v 1.602915 7.210523 1.454741
v 1.597676 7.230048 1.374267
v 1.597676 7.230048 1.454741
v 1.601113 7.242874 1.374267
v 1.601113 7.242874 1.454741
v 1.675874 7.230048 1.374267
v 1.672442 7.242874 1.454741
v 1.675874 7.230048 1.454741
v 1.672442 7.242874 1.374267
v 1.569619 7.214521 1.374267
v 1.554430 7.258972 1.374267
v 1.550146 7.246353 1.374267
v 1.549388 7.277770 1.374267
v 1.544932 7.283326 1.374267
v 1.600153 7.193023 1.374267
v 1.568741 7.244691 1.374267
v 1.588287 7.239447 1.374267
v 1.597676 7.230048 1.374267
v 1.601113 7.242874 1.374267
v 1.602915 7.210523 1.374267
v 1.636778 7.190946 1.374267
v 1.636705 7.185493 1.374267
v 1.617221 7.196191 1.374267
v 1.656328 7.196191 1.374267
v 1.673257 7.193023 1.374267
v 1.670640 7.210523 1.374267
v 1.704809 7.244691 1.374267
v 1.703786 7.214521 1.374267
v 1.675874 7.230048 1.374267
v 1.685263 7.239447 1.374267
v 1.719120 7.258972 1.374267
v 1.723264 7.246353 1.374267
v 1.724162 7.277770 1.374267
v 1.728477 7.283326 1.374267
v 1.719873 7.316664 1.374267
v 1.719120 7.296620 1.374267
v 1.670640 7.345068 1.374267
v 1.699611 7.344498 1.374267
v 1.685263 7.316144 1.374267
v 1.675874 7.325544 1.374267
v 1.704809 7.310900 1.374267
v 1.656328 7.359401 1.374267
v 1.670526 7.362932 1.374267
v 1.636772 7.364646 1.374267
v 1.636705 7.369371 1.374267
v 1.617221 7.359401 1.374267
v 1.602879 7.362932 1.374267
v 1.602915 7.345068 1.374267
v 1.568741 7.310900 1.374267
v 1.573799 7.344498 1.374267
v 1.588287 7.316144 1.374267
v 1.597676 7.325544 1.374267
v 1.601113 7.312718 1.374267
v 1.554430 7.296620 1.374267
v 1.553537 7.316664 1.374267
v 1.672442 7.312718 1.374267
v 1.672442 7.242874 1.374267
v 5.561700 7.367294 0.246301
v 5.561700 7.372539 0.226748
v 5.481212 7.372539 0.226747
v 5.481212 7.367294 0.207196
v 5.481212 7.367294 0.246301
v 5.481212 7.353014 0.260611
v 5.561700 7.353014 0.260611
v 5.481212 7.333437 0.265849
v 5.561700 7.333437 0.265849
v 5.481212 7.320611 0.262413
v 5.561700 7.320611 0.262413
v 5.561700 7.367294 0.207196
v 5.561700 7.353014 0.192886
v 5.481212 7.353014 0.192886
v 5.561700 7.333437 0.187649
v 5.481212 7.333437 0.187649
v 5.561700 7.320611 0.191085
v 5.481212 7.320611 0.191085
v 5.481212 7.304513 0.309095
v 5.561700 7.318845 0.294784
v 5.481212 7.318845 0.294784
v 5.561700 7.324038 0.275236
v 5.481212 7.324038 0.275236
v 5.481212 7.285715 0.314135
v 5.561700 7.304513 0.309095
v 5.481212 7.266917 0.309095
v 5.561700 7.285715 0.314135
v 5.481212 7.252584 0.294784
v 5.561700 7.266917 0.309095
v 5.481212 7.247340 0.275236
v 5.561700 7.252584 0.294784
v 5.481212 7.250767 0.262413
v 5.561700 7.247340 0.275236
v 5.561700 7.250767 0.262413
v 5.561700 7.320611 0.262413
v 5.481212 7.320611 0.262413
v 5.481212 7.304513 0.144404
v 5.561700 7.285715 0.139363
v 5.481212 7.285715 0.139363
v 5.561700 7.266917 0.144404
v 5.481212 7.266917 0.144404
v 5.481212 7.318845 0.158713
v 5.561700 7.304513 0.144404
v 5.481212 7.324038 0.178261
v 5.561700 7.318845 0.158713
v 5.481212 7.320611 0.191085
v 5.561700 7.324038 0.178261
v 5.561700 7.320611 0.191085
v 5.561700 7.252584 0.158713
v 5.481212 7.252584 0.158713
v 5.561700 7.247340 0.178261
v 5.481212 7.247340 0.178261
v 5.561700 7.250767 0.191085
v 5.481212 7.250767 0.191085
v 5.481212 7.198839 0.226748
v 5.561700 7.204084 0.246301
v 5.481212 7.204084 0.246301
v 5.561700 7.218416 0.260611
v 5.481212 7.218416 0.260611
v 5.481212 7.204084 0.207196
v 5.561700 7.198839 0.226748
v 5.481212 7.218416 0.192886
v 5.561700 7.204084 0.207196
v 5.481212 7.237941 0.187649
v 5.561700 7.218416 0.192886
v 5.481212 7.250767 0.191085
v 5.561700 7.237941 0.187649
v 5.561700 7.250767 0.191085
v 5.561700 7.237941 0.265849
v 5.481212 7.237941 0.265849
v 5.481212 7.237941 0.265849
v 5.561700 7.250767 0.262413
v 5.481212 7.250767 0.262413
v 5.561700 7.237941 0.265849
v 5.481212 7.222414 0.159593
v 5.481212 7.266917 0.144404
v 5.481212 7.252584 0.158713
v 5.481212 7.200968 0.190123
v 5.481212 7.247340 0.178261
v 5.481212 7.254299 0.140118
v 5.481212 7.285715 0.139363
v 5.481212 7.291271 0.134903
v 5.481212 7.324609 0.143508
v 5.481212 7.304513 0.144404
v 5.481212 7.352443 0.163772
v 5.481212 7.318845 0.158713
v 5.481212 7.370877 0.192854
v 5.481212 7.324038 0.178261
v 5.481212 7.367294 0.207196
v 5.481212 7.353014 0.192886
v 5.481212 7.377316 0.226677
v 5.481212 7.333437 0.187649
v 5.481212 7.320611 0.191085
v 5.481212 7.370877 0.260502
v 5.481212 7.372539 0.226747
v 5.481212 7.352443 0.289584
v 5.481212 7.367294 0.246301
v 5.481212 7.324609 0.309847
v 5.481212 7.353014 0.260611
v 5.481212 7.333437 0.265849
v 5.481212 7.324038 0.275236
v 5.481212 7.320611 0.262413
v 5.481212 7.318845 0.294784
v 5.481212 7.285715 0.314135
v 5.481212 7.304513 0.309095
v 5.481212 7.291271 0.318452
v 5.481212 7.254299 0.313238
v 5.481212 7.266917 0.309095
v 5.481212 7.222414 0.293761
v 5.481212 7.252584 0.294784
v 5.481212 7.200968 0.263232
v 5.481212 7.247340 0.275236
v 5.481212 7.237941 0.265849
v 5.481212 7.193387 0.226677
v 5.481212 7.204084 0.246301
v 5.481212 7.218416 0.260611
v 5.481212 7.250767 0.262413
v 5.481212 7.198839 0.226748
v 5.481212 7.204084 0.207196
v 5.481212 7.237941 0.187649
v 5.481212 7.218416 0.192886
v 5.481212 7.250767 0.191085
v -0.429631 7.359401 -0.981895
v -0.449182 7.364646 -0.981895
v -0.449182 7.364646 -0.901422
v -0.468733 7.359401 -0.901422
v -0.429631 7.359401 -0.901422
v -0.415320 7.345068 -0.901422
v -0.415320 7.345068 -0.981895
v -0.410080 7.325544 -0.901422
v -0.410080 7.325544 -0.981895
v -0.413518 7.312718 -0.901422
v -0.413518 7.312718 -0.981895
v -0.468733 7.359401 -0.981895
v -0.483044 7.345068 -0.981895
v -0.483044 7.345068 -0.901422
v -0.488284 7.325544 -0.981895
v -0.488284 7.325544 -0.901422
v -0.484846 7.312718 -0.981895
v -0.484846 7.312718 -0.901422
v -0.366834 7.296620 -0.901422
v -0.381146 7.310900 -0.981895
v -0.381146 7.310900 -0.901422
v -0.400692 7.316144 -0.981895
v -0.400692 7.316144 -0.901422
v -0.361797 7.277770 -0.901422
v -0.366834 7.296620 -0.981895
v -0.366834 7.258972 -0.901422
v -0.361797 7.277770 -0.981895
v -0.381146 7.244691 -0.901422
v -0.366834 7.258972 -0.981895
v -0.400692 7.239447 -0.901422
v -0.381146 7.244691 -0.981895
v -0.413518 7.242874 -0.901422
v -0.400692 7.239447 -0.981895
v -0.413518 7.242874 -0.981895
v -0.413518 7.312718 -0.981895
v -0.413518 7.312718 -0.901422
v -0.531525 7.296620 -0.901422
v -0.536567 7.277770 -0.981895
v -0.536567 7.277770 -0.901422
v -0.531525 7.258972 -0.981895
v -0.531525 7.258972 -0.901422
v -0.517218 7.310900 -0.901422
v -0.531525 7.296620 -0.981895
v -0.497667 7.316144 -0.901422
v -0.517218 7.310900 -0.981895
v -0.484846 7.312718 -0.901422
v -0.497667 7.316144 -0.981895
v -0.484846 7.312718 -0.981895
v -0.517218 7.244691 -0.981895
v -0.517218 7.244691 -0.901422
v -0.497667 7.239447 -0.981895
v -0.497667 7.239447 -0.901422
v -0.484846 7.242874 -0.981895
v -0.484846 7.242874 -0.901422
v -0.449182 7.190946 -0.901422
v -0.429631 7.196191 -0.981895
v -0.429631 7.196191 -0.901422
v -0.415320 7.210471 -0.981895
v -0.415320 7.210471 -0.901422
v -0.468733 7.196191 -0.901422
v -0.449182 7.190946 -0.981895
v -0.483044 7.210471 -0.981895
v -0.468733 7.196191 -0.981895
v -0.483044 7.210471 -0.901422
v -0.488284 7.230048 -0.901422
v -0.488284 7.230048 -0.981895
v -0.484846 7.242874 -0.901422
v -0.484846 7.242874 -0.981895
v -0.410080 7.230048 -0.981895
v -0.410080 7.230048 -0.901422
v -0.410080 7.230048 -0.901422
v -0.413518 7.242874 -0.981895
v -0.413518 7.242874 -0.901422
v -0.410080 7.230048 -0.981895
v -0.516336 7.214521 -0.901422
v -0.531525 7.258972 -0.901422
v -0.517218 7.244691 -0.901422
v -0.485807 7.193023 -0.901422
v -0.497667 7.239447 -0.901422
v -0.535814 7.246353 -0.901422
v -0.536567 7.277770 -0.901422
v -0.541027 7.283326 -0.901422
v -0.532423 7.316664 -0.901422
v -0.531525 7.296620 -0.901422
v -0.512161 7.344498 -0.901422
v -0.517218 7.310900 -0.901422
v -0.483076 7.362932 -0.901422
v -0.497667 7.316144 -0.901422
v -0.468733 7.359401 -0.901422
v -0.483044 7.345068 -0.901422
v -0.449255 7.369371 -0.901422
v -0.488284 7.325544 -0.901422
v -0.484846 7.312718 -0.901422
v -0.415429 7.362932 -0.901422
v -0.449182 7.364646 -0.901422
v -0.386349 7.344498 -0.901422
v -0.429631 7.359401 -0.901422
v -0.366081 7.316664 -0.901422
v -0.415320 7.345068 -0.901422
v -0.410080 7.325544 -0.901422
v -0.400692 7.316144 -0.901422
v -0.413518 7.312718 -0.901422
v -0.381146 7.310900 -0.901422
v -0.361797 7.277770 -0.901422
v -0.366834 7.296620 -0.901422
v -0.357477 7.283326 -0.901422
v -0.362691 7.246353 -0.901422
v -0.366834 7.258972 -0.901422
v -0.382169 7.214521 -0.901422
v -0.381146 7.244691 -0.901422
v -0.412697 7.193023 -0.901422
v -0.400692 7.239447 -0.901422
v -0.410080 7.230048 -0.901422
v -0.449255 7.185441 -0.901422
v -0.429631 7.196191 -0.901422
v -0.415320 7.210471 -0.901422
v -0.413518 7.242874 -0.901422
v -0.449182 7.190946 -0.901422
v -0.468733 7.196191 -0.901422
v -0.488284 7.230048 -0.901422
v -0.483044 7.210471 -0.901422
v -0.484846 7.242874 -0.901422
v 3.578844 7.359401 -0.981895
v 3.559293 7.364646 -0.981895
v 3.559288 7.364646 -0.901422
v 3.539737 7.359401 -0.901422
v 3.578844 7.359401 -0.901422
v 3.593156 7.345068 -0.901422
v 3.593156 7.345068 -0.981895
v 3.598390 7.325544 -0.901422
v 3.598390 7.325544 -0.981895
v 3.594952 7.312718 -0.901422
v 3.594952 7.312718 -0.981895
v 3.539737 7.359401 -0.981895
v 3.525431 7.345068 -0.981895
v 3.525431 7.345068 -0.901422
v 3.520191 7.325544 -0.981895
v 3.520191 7.325544 -0.901422
v 3.523629 7.312718 -0.981895
v 3.523629 7.312718 -0.901422
v 3.641636 7.296620 -0.901422
v 3.627325 7.310900 -0.981895
v 3.627325 7.310900 -0.901422
v 3.607778 7.316144 -0.981895
v 3.607778 7.316144 -0.901422
v 3.646678 7.277770 -0.901422
v 3.641636 7.296620 -0.981895
v 3.641636 7.258972 -0.901422
v 3.646678 7.277770 -0.981895
v 3.627325 7.244691 -0.901422
v 3.641636 7.258972 -0.981895
v 3.607778 7.239447 -0.901422
v 3.627325 7.244691 -0.981895
v 3.594952 7.242874 -0.901422
v 3.607778 7.239447 -0.981895
v 3.594952 7.242874 -0.981895
v 3.594952 7.312718 -0.981895
v 3.594952 7.312718 -0.901422
v 3.476945 7.296620 -0.901422
v 3.471904 7.277770 -0.981895
v 3.471904 7.277770 -0.901422
v 3.476945 7.258972 -0.981895
v 3.476945 7.258972 -0.901422
v 3.491257 7.310900 -0.901422
v 3.476945 7.296620 -0.981895
v 3.510803 7.316144 -0.901422
v 3.491257 7.310900 -0.981895
v 3.523629 7.312718 -0.901422
v 3.510803 7.316144 -0.981895
v 3.523629 7.312718 -0.981895
v 3.491257 7.244691 -0.981895
v 3.491257 7.244691 -0.901422
v 3.510803 7.239447 -0.981895
v 3.510803 7.239447 -0.901422
v 3.523629 7.242874 -0.981895
v 3.523629 7.242874 -0.901422
v 3.559293 7.190946 -0.901422
v 3.578844 7.196191 -0.981895
v 3.578844 7.196191 -0.901422
v 3.593156 7.210471 -0.981895
v 3.593156 7.210471 -0.901422
v 3.539737 7.196191 -0.901422
v 3.559293 7.190946 -0.981895
v 3.525431 7.210471 -0.981895
v 3.539737 7.196191 -0.981895
v 3.525431 7.210471 -0.901422
v 3.520191 7.230048 -0.901422
v 3.520191 7.230048 -0.981895
v 3.523629 7.242874 -0.901422
v 3.523629 7.242874 -0.981895
v 3.598390 7.230048 -0.981895
v 3.598390 7.230048 -0.901422
v 3.598390 7.230048 -0.901422
v 3.594952 7.242874 -0.981895
v 3.594952 7.242874 -0.901422
v 3.598390 7.230048 -0.981895
v 3.492135 7.214521 -0.901422
v 3.476945 7.258972 -0.901422
v 3.491257 7.244691 -0.901422
v 3.522668 7.193023 -0.901422
v 3.510803 7.239447 -0.901422
v 3.472661 7.246353 -0.901422
v 3.471904 7.277770 -0.901422
v 3.467448 7.283326 -0.901422
v 3.476047 7.316664 -0.901422
v 3.476945 7.296620 -0.901422
v 3.496315 7.344498 -0.901422
v 3.491257 7.310900 -0.901422
v 3.525394 7.362932 -0.901422
v 3.510803 7.316144 -0.901422
v 3.539737 7.359401 -0.901422
v 3.525431 7.345068 -0.901422
v 3.559221 7.369371 -0.901422
v 3.520191 7.325544 -0.901422
v 3.523629 7.312718 -0.901422
v 3.593046 7.362932 -0.901422
v 3.559288 7.364646 -0.901422
v 3.622126 7.344498 -0.901422
v 3.578844 7.359401 -0.901422
v 3.642389 7.316664 -0.901422
v 3.593156 7.345068 -0.901422
v 3.598390 7.325544 -0.901422
v 3.607778 7.316144 -0.901422
v 3.594952 7.312718 -0.901422
v 3.627325 7.310900 -0.901422
v 3.646678 7.277770 -0.901422
v 3.641636 7.296620 -0.901422
v 3.650993 7.283326 -0.901422
v 3.645780 7.246353 -0.901422
v 3.641636 7.258972 -0.901422
v 3.626301 7.214521 -0.901422
v 3.627325 7.244691 -0.901422
v 3.595773 7.193023 -0.901422
v 3.607778 7.239447 -0.901422
v 3.598390 7.230048 -0.901422
v 3.559221 7.185441 -0.901422
v 3.578844 7.196191 -0.901422
v 3.593156 7.210471 -0.901422
v 3.594952 7.242874 -0.901422
v 3.559293 7.190946 -0.901422
v 3.539737 7.196191 -0.901422
v 3.520191 7.230048 -0.901422
v 3.525431 7.210471 -0.901422
v 3.523629 7.242874 -0.901422
v 3.559288 7.364646 1.374267
v 3.559293 7.364646 1.454741
v 3.578844 7.359401 1.454741
v 3.593156 7.345068 1.374267
v 3.593156 7.345068 1.454741
v 3.578844 7.359401 1.374267
v 3.539737 7.359401 1.374267
v 3.539737 7.359401 1.454741
v 3.525431 7.345068 1.454741
v 3.525431 7.345068 1.374267
v 3.520191 7.325544 1.454741
v 3.520191 7.325544 1.374267
v 3.523624 7.312718 1.454741
v 3.523624 7.312718 1.374267
v 3.598390 7.325544 1.374267
v 3.598390 7.325544 1.454741
v 3.594952 7.312718 1.374267
v 3.594952 7.312718 1.454741
v 3.641636 7.296620 1.374267
v 3.627325 7.310900 1.454741
v 3.641636 7.296620 1.454741
v 3.646678 7.277770 1.374267
v 3.646678 7.277770 1.454741
v 3.627325 7.310900 1.374267
v 3.607778 7.316144 1.454741
v 3.607778 7.316144 1.374267
v 3.594952 7.312718 1.454741
v 3.594952 7.312718 1.374267
v 3.594952 7.312718 1.454741
v 3.641636 7.258972 1.374267
v 3.641636 7.258972 1.454741
v 3.627325 7.244691 1.374267
v 3.627325 7.244691 1.454741
v 3.607778 7.239447 1.374267
v 3.607778 7.239447 1.454741
v 3.594952 7.242874 1.374267
v 3.594952 7.242874 1.454741
v 3.476945 7.296620 1.374267
v 3.471904 7.277770 1.454741
v 3.476945 7.296620 1.454741
v 3.491257 7.310900 1.374267
v 3.491257 7.310900 1.454741
v 3.471904 7.277770 1.374267
v 3.476945 7.258972 1.454741
v 3.476945 7.258972 1.374267
v 3.491257 7.244691 1.454741
v 3.491257 7.244691 1.374267
v 3.510803 7.239447 1.454741
v 3.510803 7.239447 1.374267
v 3.523624 7.242874 1.454741
v 3.523624 7.242874 1.374267
v 3.510803 7.316144 1.374267
v 3.510803 7.316144 1.454741
v 3.523624 7.312718 1.374267
v 3.523624 7.312718 1.454741
v 3.559293 7.190946 1.374267
v 3.578844 7.196191 1.454741
v 3.559293 7.190946 1.454741
v 3.539737 7.196191 1.374267
v 3.539737 7.196191 1.454741
v 3.578844 7.196191 1.374267
v 3.593156 7.210523 1.374267
v 3.593156 7.210523 1.454741
v 3.598390 7.230048 1.454741
v 3.598390 7.230048 1.374267
v 3.525431 7.210523 1.374267
v 3.525431 7.210523 1.454741
v 3.520191 7.230048 1.374267
v 3.520191 7.230048 1.454741
v 3.523624 7.242874 1.374267
v 3.523624 7.242874 1.454741
v 3.598390 7.230048 1.374267
v 3.594952 7.242874 1.454741
v 3.598390 7.230048 1.454741
v 3.594952 7.242874 1.374267
v 3.492135 7.214521 1.374267
v 3.476945 7.258972 1.374267
v 3.472661 7.246353 1.374267
v 3.471904 7.277770 1.374267
v 3.467448 7.283326 1.374267
v 3.522668 7.193023 1.374267
v 3.491257 7.244691 1.374267
v 3.510803 7.239447 1.374267
v 3.520191 7.230048 1.374267
v 3.523624 7.242874 1.374267
v 3.525431 7.210523 1.374267
v 3.559293 7.190946 1.374267
v 3.559221 7.185493 1.374267
v 3.539737 7.196191 1.374267
v 3.578844 7.196191 1.374267
v 3.595773 7.193023 1.374267
v 3.593156 7.210523 1.374267
v 3.627325 7.244691 1.374267
v 3.626301 7.214521 1.374267
v 3.598390 7.230048 1.374267
v 3.607778 7.239447 1.374267
v 3.641636 7.258972 1.374267
v 3.645780 7.246353 1.374267
v 3.646678 7.277770 1.374267
v 3.650993 7.283326 1.374267
v 3.642389 7.316664 1.374267
v 3.641636 7.296620 1.374267
v 3.593156 7.345068 1.374267
v 3.622126 7.344498 1.374267
v 3.607778 7.316144 1.374267
v 3.598390 7.325544 1.374267
v 3.627325 7.310900 1.374267
v 3.578844 7.359401 1.374267
v 3.593046 7.362932 1.374267
v 3.559288 7.364646 1.374267
v 3.559221 7.369371 1.374267
v 3.539737 7.359401 1.374267
v 3.525394 7.362932 1.374267
v 3.525431 7.345068 1.374267
v 3.491257 7.310900 1.374267
v 3.496315 7.344498 1.374267
v 3.510803 7.316144 1.374267
v 3.520191 7.325544 1.374267
v 3.523624 7.312718 1.374267
v 3.476945 7.296620 1.374267
v 3.476047 7.316664 1.374267
v 3.594952 7.312718 1.374267
v 3.594952 7.242874 1.374267
v -3.253796 2.807939 -2.056352
v -3.465570 2.787090 -2.940289
v -3.465570 2.787090 -2.268063
v -3.622408 2.725347 -2.940289
v -3.486756 2.787090 -2.246129
v -3.253796 2.807939 -2.034449
v -3.622408 2.725347 -2.436877
v -3.622408 2.725347 -2.940289
v -3.253796 2.807939 -2.940289
v -3.043674 2.787090 -2.940289
v -3.043674 2.787090 -2.268183
v -2.889287 2.725347 -2.940289
v -3.022602 2.787090 -2.246129
v -2.889287 2.725347 -2.436939
v -2.718947 2.625079 -2.940289
v -2.704194 2.628018 -2.565617
v -2.868552 2.725347 -2.416064
v -2.724274 2.627925 -2.584887
v -2.577910 2.490139 -2.940289
v -2.562721 2.492704 -2.696741
v -2.580859 2.492564 -2.715123
v -2.292751 2.491863 -2.697546
v -2.292751 2.626762 -2.567549
v -2.292751 2.725347 -2.416059
v -1.881304 2.628018 -2.565617
v -1.716946 2.725347 -2.416064
v -2.022777 2.492704 -2.696741
v -2.292751 2.323049 -2.810676
v -1.696211 2.725347 -2.436939
v -1.861223 2.627925 -2.584887
v -1.562896 2.787090 -2.246129
v -2.292751 2.787090 -2.246129
v -1.353485 2.807939 -2.034449
v -1.541823 2.787090 -2.268183
v -3.232007 2.807939 -2.034449
v -2.292751 2.807939 -2.034449
v -2.292751 2.787090 -1.822769
v -3.043674 2.787090 -1.800902
v -3.022467 2.787090 -1.822769
v -2.292751 2.725347 -1.658463
v -1.563026 2.787090 -1.822769
v -2.889287 2.725347 -1.637910
v -2.868276 2.725347 -1.658463
v -2.292751 2.625079 -1.509959
v -1.717221 2.725347 -1.658463
v -2.698715 2.625079 -1.509959
v -2.292751 2.490144 -1.369758
v -1.886782 2.625079 -1.509959
v -1.696211 2.725347 -1.637910
v -2.025778 2.490144 -1.369758
v -1.866551 2.625079 -1.490724
v -2.559719 2.490144 -1.369758
v -2.292751 2.325718 -1.265522
v -2.718947 2.625079 -1.490724
v -2.577910 2.490144 -1.351396
v -2.481640 2.325516 -1.248448
v -2.464909 2.325718 -1.265522
v -2.577910 2.490144 -1.351396
v -2.292751 2.143082 -1.201656
v -2.120589 2.325718 -1.265522
v -2.400809 2.144053 -1.201993
v -2.292751 1.939804 -1.180049
v -2.184689 2.144053 -1.201993
v -2.103857 2.325516 -1.248448
v -2.007588 2.490144 -1.351396
v -2.007588 2.490144 -1.351396
v -2.104335 2.324404 -1.155372
v -2.007588 2.490144 -1.155372
v -2.103857 2.325516 -1.248448
v -1.866551 2.625079 -1.155372
v -1.696211 2.725347 -1.155372
v -1.541823 2.787090 -1.800902
v -1.541823 2.787090 -1.155372
v -1.331701 2.807939 -2.034449
v -1.331701 2.807939 -2.012545
v -1.331701 2.807939 -2.056352
v -1.541823 2.787090 -2.940289
v -1.696211 2.725347 -2.940289
v -1.331701 2.807939 -2.940289
v -1.119923 2.787090 -2.940289
v -1.098741 2.787090 -2.246129
v -1.119923 2.787090 -2.268063
v -0.963089 2.725347 -2.940289
v -0.963089 2.725347 -2.436877
v -0.963089 2.725347 -2.940289
v -0.795320 2.625079 -2.940289
v -0.963089 2.725347 -2.940289
v -0.942344 2.725347 -2.416064
v -0.770633 2.621236 -2.573811
v -0.790854 2.621413 -2.592791
v -0.660556 2.490139 -2.940289
v -0.639930 2.487080 -2.701253
v -0.770633 2.621236 -2.573811
v -0.658224 2.487298 -2.719381
v -0.563860 2.325718 -2.940289
v -0.563289 2.324062 -2.827677
v -0.494401 2.138133 -2.940289
v -0.546402 2.323818 -2.810640
v -0.478251 2.137178 -2.880665
v -0.494297 2.137432 -2.896596
v -0.468240 1.934590 -2.940289
v -0.452615 1.934590 -2.898071
v -0.468240 1.934590 -2.913624
v -0.468240 1.934590 -2.940289
v -0.478251 2.137178 -2.880665
v -0.368236 2.621642 -2.573421
v -0.368236 2.487298 -2.701108
v -0.639930 2.487080 -2.701253
v -0.368236 2.725347 -2.416064
v 0.205865 2.725347 -2.416064
v 0.034155 2.621236 -2.573811
v -0.096547 2.487080 -2.701253
v -0.368236 2.323901 -2.810609
v 0.226612 2.725347 -2.436877
v 0.054377 2.621413 -2.592791
v 0.362297 2.787090 -2.246129
v -0.368236 2.787090 -2.246129
v 0.383448 2.787090 -2.268100
v 0.593085 2.807898 -2.034449
v 0.226612 2.725347 -2.940289
v 0.058841 2.625079 -2.940289
v 0.226612 2.725347 -2.940289
v 0.593085 2.807809 -2.057209
v 0.383448 2.787090 -2.940289
v 0.226612 2.725347 -2.940289
v 0.593085 2.807726 -2.940289
v -0.368236 2.787090 -1.822769
v 0.362160 2.787090 -1.822769
v -0.368236 2.807939 -2.034449
v 0.383448 2.787090 -1.800985
v 0.593085 2.807809 -2.011689
v -1.309829 2.807939 -2.034449
v -1.119923 2.787090 -1.801021
v -1.098606 2.787090 -1.822769
v -1.119923 2.787090 -1.155372
v -0.963089 2.725347 -1.155372
v -0.963089 2.725347 -1.637936
v -0.368236 2.725347 -1.658463
v -0.942084 2.725347 -1.658463
v -0.795320 2.625079 -1.155372
v -0.795320 2.625079 -1.490610
v -0.775312 2.625079 -1.509959
v -0.963089 2.725347 -1.155372
v -0.368236 2.625079 -1.509959
v -0.368236 2.490144 -1.369758
v -0.795320 2.625079 -1.490610
v -0.660556 2.490144 -1.351329
v -0.642495 2.490144 -1.369758
v 0.205606 2.725347 -1.658463
v 0.038834 2.625079 -1.509959
v 0.226612 2.725347 -1.637936
v -0.093983 2.490144 -1.369758
v -0.075920 2.490144 -1.351329
v 0.058841 2.625079 -1.490610
v 0.058841 2.625079 -1.490610
v -0.368236 2.325718 -1.265522
v -0.189471 2.325718 -1.265522
v -0.172615 2.325718 -1.248552
v -0.075920 2.490144 -1.351329
v -0.368236 2.138133 -1.199922
v -0.258092 2.138133 -1.199922
v -0.547004 2.325718 -1.265522
v -0.478381 2.138133 -1.199922
v -0.368236 1.934590 -1.179524
v -0.283864 1.934590 -1.179524
v -0.242076 2.138133 -1.183985
v -0.452615 1.934590 -1.179524
v -0.494401 2.138133 -1.183985
v -0.468240 1.934590 -1.163951
v -0.268238 1.934590 -1.163951
v -0.563860 2.325718 -1.248552
v -0.660556 2.490144 -1.351329
v 0.058841 2.625079 -1.155372
v 0.226612 2.725347 -1.155372
v 0.226612 2.725347 -1.155372
v -0.075920 2.490144 -1.155372
v -0.075920 2.490144 -1.351329
v -0.172615 2.325718 -1.155372
v -0.172615 2.325718 -1.248552
v -0.242076 2.138133 -1.155372
v -0.258092 2.138133 -1.199922
v -0.242076 2.138133 -1.183985
v -0.189471 2.325718 -1.265522
v -0.268238 1.934590 -1.155372
v -0.268238 1.934590 -1.163951
v 0.226612 2.725347 -1.155372
v 0.383448 2.787090 -1.155372
v 0.593085 2.807726 -1.155372
v -0.660556 2.490144 -1.155372
v -0.660556 2.490144 -1.351329
v -0.563860 2.325718 -1.155372
v -0.563860 2.325718 -1.248552
v -0.494401 2.138133 -1.155372
v -0.478381 2.138133 -1.199922
v -0.494401 2.138133 -1.183985
v -0.547004 2.325718 -1.265522
v -0.468240 1.934590 -1.155372
v -0.468240 1.934590 -1.163951
v -1.331701 2.807939 -1.155372
v -0.075920 2.490139 -2.940289
v -0.078252 2.487298 -2.719381
v -0.096547 2.487080 -2.701253
v 0.034155 2.621236 -2.573811
v -0.172615 2.325718 -2.940289
v -0.173191 2.324062 -2.827677
v -0.242076 2.138133 -2.940289
v -0.242181 2.137432 -2.896596
v -0.258227 2.137178 -2.880665
v -0.190073 2.323818 -2.810640
v -0.268238 1.934590 -2.940289
v -0.268238 1.934590 -2.940289
v -0.268238 1.934590 -2.913624
v -0.283864 1.934590 -2.898071
v -0.258227 2.137178 -2.880665
v -0.173191 2.324062 -2.827677
v -0.078252 2.487298 -2.719381
v -0.190073 2.323818 -2.810640
v -0.368236 2.137204 -2.880660
v -0.258227 2.137178 -2.880665
v -0.546402 2.323818 -2.810640
v -0.478251 2.137178 -2.880665
v -0.368236 1.934590 -2.898071
v -0.283864 1.934590 -2.898071
v -0.452615 1.934590 -2.898071
v -0.563289 2.324062 -2.827677
v -0.658224 2.487298 -2.719381
v -1.866551 2.625079 -2.940289
v -2.007588 2.490139 -2.940289
v -2.004638 2.492564 -2.715123
v -2.103769 2.325718 -2.940289
v -2.104777 2.322608 -2.827849
v -2.171281 2.138133 -2.940289
v -2.171442 2.135396 -2.896503
v -2.187436 2.134498 -2.880727
v -2.121684 2.322224 -2.810910
v -2.193532 1.934590 -2.940289
v -2.209054 1.935250 -2.898014
v -2.187436 2.134498 -2.880727
v -2.193485 1.935016 -2.913587
v -2.104777 2.322608 -2.827849
v -2.121684 2.322224 -2.810910
v -2.004638 2.492564 -2.715123
v -2.292751 2.135085 -2.880701
v -2.187436 2.134498 -2.880727
v -2.463813 2.322224 -2.810910
v -2.398062 2.134498 -2.880727
v -2.292751 1.935167 -2.898019
v -2.209054 1.935250 -2.898014
v -2.376444 1.935250 -2.898014
v -2.480721 2.322608 -2.827849
v -2.480721 2.322608 -2.827849
v -2.580859 2.492564 -2.715123
v -2.169012 2.142941 -1.155372
v -2.120589 2.325718 -1.265522
v -2.168794 2.143767 -1.186000
v -2.192899 1.940380 -1.155372
v -2.184689 2.144053 -1.201993
v -2.192888 1.940515 -1.164533
v -2.184689 2.144053 -1.201993
v -2.208482 1.940603 -1.180127
v -2.208482 1.940603 -1.180127
v -2.377015 1.940603 -1.180127
v -2.481162 2.324404 -1.155372
v -2.577910 2.490144 -1.155372
v -2.481640 2.325516 -1.248448
v -2.416486 2.142941 -1.155372
v -2.464909 2.325718 -1.265522
v -2.416704 2.143767 -1.186000
v -2.392599 1.940380 -1.155372
v -2.400809 2.144053 -1.201993
v -2.392609 1.940515 -1.164533
v -2.400809 2.144053 -1.201993
v -2.377015 1.940603 -1.180127
v -2.718947 2.625079 -1.155372
v -2.889287 2.725347 -1.155372
v -3.043674 2.787090 -1.155372
v -3.253796 2.807939 -2.012545
v -3.253796 2.807939 -1.155372
v -3.465570 2.787090 -1.155372
v -3.465570 2.787090 -1.801021
v -3.486892 2.787090 -1.822769
v -3.275663 2.807939 -2.034449
v -3.622408 2.725347 -1.155372
v -3.622408 2.725347 -1.637936
v -3.790178 2.625079 -1.155372
v -3.622408 2.725347 -1.155372
v -3.810186 2.625079 -1.509959
v -3.643413 2.725347 -1.658463
v -3.790178 2.625079 -1.490610
v -3.790178 2.625079 -1.490610
v -3.790178 2.625079 -1.490610
v -3.924942 2.490144 -1.155372
v -3.924942 2.490144 -1.351329
v -4.021632 2.325718 -1.155372
v -3.790178 2.625079 -1.490610
v -3.790178 2.625079 -1.490610
v -4.021632 2.325718 -1.248552
v -3.943002 2.490144 -1.369758
v -4.091097 2.138133 -1.155372
v -4.107111 2.138133 -1.199922
v -4.091097 2.138133 -1.183985
v -4.038494 2.325718 -1.265522
v -4.117258 1.934590 -1.155372
v -4.117258 1.934590 -1.163951
v -4.301224 2.490144 -1.369758
v -4.301224 2.325718 -1.265522
v -4.038494 2.325718 -1.265522
v -4.021632 2.325718 -1.248552
v -3.924942 2.490144 -1.351329
v -4.301224 2.625079 -1.509959
v -4.301224 2.725347 -1.658463
v -5.044680 2.725347 -1.658463
v -4.858829 2.625079 -1.509959
v -5.248498 2.787090 -1.822769
v -4.301224 2.787090 -1.822769
v -5.461092 2.807939 -2.034449
v -4.301224 2.807939 -2.034449
v -5.271294 2.787090 -1.802075
v -5.067735 2.725347 -1.639218
v -5.482954 2.807939 0.227463
v -5.271294 2.787089 -0.000860
v -5.482954 2.807939 -2.034449
v -5.482954 2.807939 -2.012582
v -5.067735 2.725347 -0.203801
v -4.880166 2.625079 -1.491228
v -5.249640 2.787089 0.020798
v -4.880166 2.625079 -0.390455
v -4.860049 2.625079 -0.370333
v -5.046705 2.725347 -0.182747
v -4.696184 2.490144 -1.369758
v -4.715746 2.490144 -1.351858
v -4.563269 2.325718 -1.265522
v -4.301224 2.138133 -1.199922
v -4.499699 2.138133 -1.199922
v -4.580810 2.325718 -1.248739
v -4.107111 2.138133 -1.199922
v -4.301224 1.934590 -1.179524
v -4.515687 2.138133 -1.183980
v -4.469518 1.934590 -1.179524
v -4.132884 1.934590 -1.179524
v -4.091097 2.138133 -1.183985
v -4.117258 1.934590 -1.163951
v -4.715746 2.490144 -0.553717
v -4.696787 2.490144 -0.534758
v -4.563269 2.325718 -1.265522
v -4.580810 2.325718 -1.248739
v -4.696184 2.490144 -1.369758
v -4.580810 2.325718 -0.686996
v -4.515687 2.138133 -0.750800
v -4.515687 2.138133 -1.183980
v -4.485185 1.934590 -1.163951
v -4.485185 1.934590 -0.780986
v -4.469518 1.934590 -1.179524
v -4.499699 2.138133 -1.199922
v -4.301224 2.325718 -0.669693
v -4.301224 2.490144 -0.534758
v -4.563508 2.325718 -0.669693
v -4.715746 2.490144 -0.553717
v -4.301224 2.138133 -0.734817
v -4.499699 2.138133 -0.734817
v -4.580810 2.325718 -0.686996
v -4.580810 2.325718 -0.686996
v -4.301224 1.934590 -0.765314
v -4.469518 1.934590 -0.765314
v -4.485185 1.934590 -0.780986
v -4.515687 2.138133 -0.750800
v -4.515687 2.138133 -0.750800
v -4.301224 2.625079 -0.370333
v -4.301224 2.725347 -0.182747
v -4.301224 2.787089 0.020798
v -5.456107 2.807445 0.227463
v -4.301224 2.807445 0.227463
v -5.694665 2.787090 -1.802075
v -5.694665 2.787089 -0.000860
v -5.716319 2.787089 0.020798
v -5.509852 2.807445 0.227463
v -5.898223 2.725347 -1.639218
v -5.898223 2.725347 -0.203801
v -5.919254 2.725347 -0.182747
v -6.499395 2.725347 -0.182747
v -6.499395 2.787089 0.020796
v -6.499395 2.807445 0.227463
v -6.499395 2.625079 -0.370333
v -6.105884 2.625079 -0.370333
v -6.499395 2.490144 -0.534758
v -6.085788 2.625079 -0.390455
v -6.250192 2.490144 -0.553753
v -6.268939 2.490144 -0.534758
v -6.085788 2.625079 -1.491228
v -6.250192 2.490144 -1.351806
v -6.375028 2.325516 -1.248620
v -6.377883 2.318838 -0.689348
v -6.269510 2.490144 -1.369758
v -6.107131 2.625079 -1.509959
v -6.499395 2.490144 -1.369758
v -5.921279 2.725347 -1.658463
v -6.499395 2.625079 -1.509959
v -5.717409 2.787090 -1.822769
v -6.499395 2.725347 -1.658463
v -5.504868 2.807939 -2.034449
v -6.499395 2.787090 -1.822774
v -5.248705 2.787090 -2.246129
v -5.694665 2.787090 -2.266957
v -5.482954 2.807939 -2.056316
v -4.301224 2.787090 -2.246129
v -4.301224 2.725347 -2.416064
v -3.643154 2.725347 -2.416064
v -4.301224 2.621725 -2.573339
v -5.045043 2.725347 -2.416064
v -3.814865 2.621236 -2.573811
v -3.790178 2.625079 -2.940289
v -3.794644 2.621413 -2.592791
v -3.622408 2.725347 -2.940289
v -4.301224 2.487371 -2.701061
v -3.945568 2.487080 -2.701253
v -4.854139 2.621236 -2.573811
v -4.301224 2.323942 -2.810593
v -4.693594 2.487080 -2.701253
v -4.022209 2.324062 -2.827677
v -3.927274 2.487298 -2.719381
v -3.927274 2.487298 -2.719381
v -4.039091 2.323818 -2.810640
v -4.301224 2.137224 -2.880660
v -4.562687 2.323818 -2.810640
v -4.875695 2.621408 -2.592235
v -4.713409 2.487293 -2.718888
v -4.715746 2.490139 -2.940289
v -4.880166 2.625079 -2.940289
v -5.067735 2.725347 -2.435531
v -4.580810 2.325718 -2.940289
v -4.562687 2.323818 -2.810640
v -4.580234 2.324057 -2.827480
v -4.693594 2.487080 -2.701253
v -4.515687 2.138133 -2.940289
v -4.515584 2.137432 -2.896602
v -4.485185 1.934590 -2.940289
v -4.469518 1.934590 -2.898071
v -4.485185 1.934590 -2.913624
v -4.499564 2.137178 -2.880665
v -5.067735 2.725347 -2.940289
v -5.271294 2.787090 -2.266957
v -5.271294 2.787090 -2.940289
v -5.482954 2.807939 -2.940289
v -5.694665 2.787090 -2.940289
v -5.898223 2.725347 -2.940289
v -5.898223 2.725347 -2.435547
v -5.920915 2.725347 -2.416064
v -5.717254 2.787090 -2.246129
v -6.085788 2.625079 -2.940289
v -6.080439 2.627930 -2.584373
v -6.101833 2.627925 -2.565757
v -6.499395 2.625079 -2.570134
v -6.499395 2.725347 -2.416059
v -6.499395 2.787090 -2.246129
v -6.499395 2.807939 -2.034449
v -6.499395 2.490139 -2.699192
v -6.266706 2.492558 -2.696881
v -6.499395 2.325718 -2.809923
v -6.247232 2.492569 -2.714723
v -6.393306 2.322639 -2.810791
v -6.247232 2.492569 -2.714723
v -6.499395 2.138133 -2.880582
v -6.375962 2.322603 -2.827693
v -6.375962 2.322603 -2.827693
v -6.471458 2.135755 -2.880675
v -6.493268 1.934777 -2.898050
v -6.499395 1.934590 -2.898071
v -6.455568 2.135396 -2.896487
v -6.375962 2.322603 -2.827693
v -6.455568 2.135396 -2.896487
v -6.477638 1.935016 -2.913587
v -6.250192 2.490139 -2.940289
v -6.374924 2.325718 -2.940289
v -6.375962 2.322603 -2.827693
v -6.375962 2.322603 -2.827693
v -6.455412 2.138133 -2.940289
v -6.375962 2.322603 -2.827693
v -6.455568 2.135396 -2.896487
v -6.477689 1.934590 -2.940289
v -6.477638 1.935016 -2.913587
v -4.107246 2.137178 -2.880665
v -4.301224 1.934590 -2.898071
v -4.499564 2.137178 -2.880665
v -4.132884 1.934590 -2.898071
v -4.469518 1.934590 -2.898071
v -4.515584 2.137432 -2.896602
v -4.580234 2.324057 -2.827480
v -3.924942 2.490139 -2.940289
v -4.021632 2.325718 -2.940289
v -4.022209 2.324062 -2.827677
v -4.091097 2.138133 -2.940289
v -4.091200 2.137432 -2.896596
v -4.107246 2.137178 -2.880665
v -4.039091 2.323818 -2.810640
v -4.117258 1.934590 -2.940289
v -4.117258 1.934590 -2.940289
v -4.117258 1.934590 -2.913624
v -4.132884 1.934590 -2.898071
v -4.107246 2.137178 -2.880665
v -6.456036 2.132083 -0.751641
v -6.452920 2.143767 -1.186020
v -6.469589 2.142017 -1.201282
v -6.392476 2.325718 -1.265522
v -6.471666 2.133984 -0.735440
v -6.394760 2.319611 -0.671812
v -6.477689 1.934819 -0.780950
v -6.477066 1.940515 -1.164533
v -2.481728 2.325718 -2.940289
v -2.480721 2.322608 -2.827849
v -2.414217 2.138133 -2.940289
v -2.463813 2.322224 -2.810910
v -2.398062 2.134498 -2.880727
v -2.414056 2.135396 -2.896503
v -2.391965 1.934590 -2.940289
v -2.376444 1.935250 -2.898014
v -2.392012 1.935016 -2.913587
v -2.398062 2.134498 -2.880727
v -6.493268 1.934590 -0.765314
v -6.499395 2.138133 -0.734817
v -6.471666 2.133984 -0.735440
v -6.477689 1.934819 -0.780950
v -6.456036 2.132083 -0.751641
v -6.394760 2.319611 -0.671812
v -6.493268 1.934590 -0.765314
v -6.499395 2.325718 -0.669693
v -6.493268 1.934590 -0.765314
v -6.499395 1.934590 -0.765314
v -6.268939 2.490144 -0.534758
v -6.377883 2.318838 -0.689348
v -6.499395 2.490144 -0.534758
v -6.250192 2.490144 -0.553753
v -6.269510 2.490144 -1.369758
v -6.499395 2.325718 -1.265522
v -6.392476 2.325718 -1.265522
v -6.499395 2.138133 -1.199922
v -6.469589 2.142017 -1.201282
v -6.250192 2.490144 -1.351806
v -6.375028 2.325516 -1.248620
v -6.499395 2.490144 -1.369758
v -6.499395 1.934590 -1.179524
v -6.493164 1.936309 -1.179701
v -6.452920 2.143767 -1.186020
v -6.477066 1.940515 -1.164533
v 4.439963 2.807939 -2.034449
v 4.651742 2.787090 -2.940289
v 4.439963 2.807939 -2.940289
v 4.229847 2.787090 -2.940289
v 4.651742 2.787090 -2.246129
v 4.808576 2.725347 -2.940289
v 5.487391 2.787090 -2.246129
v 5.487391 2.725347 -2.416064
v 4.808576 2.725347 -2.416064
v 6.669173 2.807939 -2.034449
v 6.457461 2.787090 -2.246129
v 5.487391 2.807939 -2.034449
v 6.253903 2.725347 -2.416064
v 5.487391 2.621725 -2.573339
v 4.976350 2.625079 -2.940289
v 4.808576 2.725347 -2.940289
v 4.981055 2.621216 -2.573827
v 6.061613 2.621216 -2.573827
v 5.487391 2.487371 -2.701061
v 5.111109 2.490139 -2.940289
v 5.113633 2.487065 -2.701263
v 5.899389 2.487065 -2.701263
v 5.487391 2.323942 -2.810593
v 6.066339 2.625079 -2.940289
v 5.901934 2.490139 -2.940289
v 5.766973 2.325718 -2.940289
v 5.766298 2.323813 -2.810645
v 5.766298 2.323813 -2.810645
v 5.208469 2.323813 -2.810645
v 5.487391 2.137224 -2.880660
v 5.701699 2.137178 -2.880665
v 5.277409 2.137178 -2.880665
v 5.487391 1.934590 -2.898071
v 5.671373 1.934590 -2.898071
v 5.303425 1.934590 -2.898071
v 5.207805 2.325718 -2.940289
v 5.208469 2.323813 -2.810645
v 5.277269 2.138133 -2.940289
v 5.277409 2.137178 -2.880665
v 5.303425 1.934590 -2.940289
v 5.303425 1.934590 -2.898071
v 5.701855 2.138133 -2.940289
v 5.701699 2.137178 -2.880665
v 5.671373 1.934590 -2.940289
v 5.671373 1.934590 -2.898071
v 6.253903 2.725347 -2.940289
v 6.457461 2.787090 -2.940289
v 6.669173 2.807939 -2.940289
v 6.880832 2.787090 -2.940289
v 6.880832 2.787090 -2.246129
v 7.084391 2.725347 -2.940289
v 7.685563 2.725347 -2.416059
v 7.084391 2.725347 -2.416064
v 7.685563 2.787090 -2.246129
v 7.271954 2.625079 -2.940289
v 7.685563 2.625079 -2.570134
v 7.266346 2.628081 -2.565518
v 7.436359 2.490139 -2.940289
v 7.685563 2.490139 -2.699192
v 7.433192 2.492761 -2.696683
v 7.561090 2.325718 -2.940289
v 7.685563 2.325718 -2.809923
v 7.562285 2.322141 -2.810930
v 7.562285 2.322141 -2.810930
v 7.641580 2.138133 -2.940289
v 7.641787 2.134410 -2.880727
v 7.663857 1.934590 -2.940289
v 7.663805 1.935271 -2.898009
v 7.685563 2.138133 -2.880582
v 7.641787 2.134410 -2.880727
v 7.685563 1.934590 -2.898071
v 7.663805 1.935271 -2.898009
v 7.685563 2.807939 -2.034449
v 7.685563 2.787090 -1.822774
v 6.880832 2.787090 -1.822769
v 7.685563 2.725347 -1.658463
v 7.084391 2.725347 -1.658463
v 6.880832 2.787089 0.020798
v 7.685563 2.625079 -1.509959
v 7.271954 2.625079 -1.509959
v 7.084391 2.725347 -0.182747
v 7.685563 2.490144 -1.369758
v 7.436359 2.490144 -1.369758
v 7.271954 2.625079 -0.370333
v 7.685563 2.625079 -0.370333
v 7.685563 2.725347 -0.182747
v 7.685563 2.490144 -0.534758
v 7.436359 2.490144 -0.534758
v 7.561090 2.325718 -1.265522
v 7.564155 2.318630 -0.672155
v 7.642306 2.131657 -0.735788
v 7.638983 2.144198 -1.202045
v 7.663857 1.934590 -0.765314
v 7.663182 1.940749 -1.180142
v 7.685563 2.787089 0.020796
v 6.669173 2.807939 0.227463
v 6.674158 2.807445 0.227463
v 7.685563 2.807445 0.227463
v 6.457461 2.787090 -1.822769
v 6.664136 2.807445 0.227463
v 5.487391 2.787090 -1.822769
v 5.487391 2.725347 -1.658463
v 6.253903 2.725347 -1.658463
v 6.457461 2.787089 0.020798
v 5.487391 2.787089 0.020798
v 5.487391 2.807445 0.227463
v 5.487391 2.725347 -0.182747
v 6.253903 2.725347 -0.182747
v 5.487391 2.625079 -1.509959
v 6.066339 2.625079 -1.509959
v 5.487391 2.625079 -0.370333
v 6.066339 2.625079 -0.370333
v 5.487391 2.490144 -1.369758
v 5.901934 2.490144 -1.369758
v 5.901934 2.490144 -1.369758
v 5.487391 2.490144 -0.534758
v 5.901934 2.490144 -0.534758
v 5.901934 2.490144 -1.369758
v 5.487391 2.325718 -0.669693
v 5.766973 2.325718 -1.265522
v 5.901934 2.490144 -1.369758
v 5.766973 2.325718 -0.669693
v 5.766973 2.325718 -0.669693
v 5.487391 2.138133 -0.734817
v 5.701855 2.138133 -0.734817
v 5.487391 1.934590 -0.765314
v 5.701855 2.138133 -0.734817
v 5.701855 2.138133 -0.734817
v 5.671373 1.934590 -0.765314
v 5.701855 2.138133 -0.734817
v 5.701855 2.138133 -1.199922
v 5.701855 2.138133 -0.734817
v 5.701855 2.138133 -0.734817
v 5.671373 1.934590 -1.179524
v 5.701855 2.138133 -0.734817
v 5.671373 1.934590 -0.765314
v 4.976350 2.625079 -1.509959
v 5.111109 2.490144 -1.369758
v 5.487391 2.325718 -1.265522
v 5.901934 2.490144 -1.369758
v 5.207805 2.325718 -1.265522
v 5.111109 2.490144 -1.155372
v 5.207805 2.325718 -1.155372
v 5.207805 2.325718 -1.265522
v 5.901934 2.490144 -1.369758
v 5.766973 2.325718 -1.265522
v 5.487391 2.138133 -1.199922
v 5.277269 2.138133 -1.199922
v 5.701855 2.138133 -1.199922
v 5.487391 1.934590 -1.179524
v 5.303425 1.934590 -1.179524
v 5.671373 1.934590 -1.179524
v 5.277269 2.138133 -1.155372
v 5.277269 2.138133 -1.199922
v 5.303425 1.934590 -1.155372
v 5.303425 1.934590 -1.179524
v 4.976350 2.625079 -1.155372
v 4.808576 2.725347 -1.658463
v 4.808576 2.725347 -1.155372
v 4.651742 2.787090 -1.822769
v 4.808576 2.725347 -1.155372
v 4.651742 2.787090 -1.155372
v 4.808576 2.725347 -1.155372
v 3.478919 2.787090 -2.246129
v 3.478919 2.807939 -2.034449
v 3.478919 2.787090 -1.822769
v 4.229847 2.787090 -1.822769
v 4.229847 2.787090 -2.246129
v 4.229847 2.787090 -1.155372
v 4.439963 2.807939 -1.155372
v 2.539658 2.807939 -2.034449
v 2.749063 2.787090 -2.246129
v 2.517874 2.807939 -2.034449
v 2.727996 2.787090 -1.800902
v 2.749198 2.787090 -1.822769
v 2.882384 2.725347 -1.155372
v 2.727996 2.787090 -1.155372
v 2.517874 2.807939 -2.012545
v 2.882384 2.725347 -1.637910
v 3.478919 2.725347 -1.658463
v 2.903389 2.725347 -1.658463
v 3.052724 2.625079 -1.155372
v 3.072955 2.625079 -1.509959
v 3.052724 2.625079 -1.490724
v 3.478919 2.625079 -1.509959
v 3.478919 2.490144 -1.369758
v 3.211951 2.490144 -1.369758
v 3.193760 2.490144 -1.155372
v 3.193760 2.490144 -1.351396
v 3.478919 2.325718 -1.265522
v 3.290030 2.325516 -1.248448
v 3.306756 2.325718 -1.265522
v 3.193760 2.490144 -1.351396
v 3.764082 2.490144 -1.369758
v 3.667896 2.325718 -1.265522
v 3.478919 2.143082 -1.201656
v 3.370862 2.144053 -1.201993
v 3.602991 2.144198 -1.202045
v 3.478919 1.939804 -1.180049
v 3.394655 1.940603 -1.180127
v 3.578808 1.940749 -1.180142
v 3.905114 2.625079 -1.509959
v 3.905114 2.625079 -1.509959
v 4.075459 2.725347 -1.658463
v 3.905114 2.625079 -1.509959
v 4.075459 2.725347 -1.155372
v 3.905114 2.625079 -1.155372
v 3.905114 2.625079 -1.509959
v 3.764082 2.490144 -1.155372
v 3.905114 2.625079 -1.509959
v 3.905114 2.625079 -1.509959
v 3.667330 2.324404 -1.155372
v 3.667896 2.325718 -1.265522
v 3.602659 2.142941 -1.155372
v 3.602991 2.144198 -1.202045
v 3.578766 1.940380 -1.155372
v 3.578808 1.940749 -1.180142
v 3.290508 2.324404 -1.155372
v 3.290030 2.325516 -1.248448
v 3.355179 2.142941 -1.155372
v 3.306756 2.325718 -1.265522
v 3.354961 2.143767 -1.186000
v 3.379071 1.940380 -1.155372
v 3.370862 2.144053 -1.201993
v 3.379056 1.940515 -1.164533
v 3.370862 2.144053 -1.201993
v 3.394655 1.940603 -1.180127
v 2.306095 2.787090 -1.155372
v 2.517874 2.807939 -1.155372
v 2.306095 2.787090 -1.801021
v 2.149262 2.725347 -1.155372
v 2.284774 2.787090 -1.822769
v 2.149262 2.725347 -1.637936
v 2.496002 2.807939 -2.034449
v 1.554409 2.787090 -1.822769
v 1.554409 2.725347 -1.658463
v 2.128252 2.725347 -1.658463
v 1.554409 2.787090 -2.246129
v 1.554409 2.807939 -2.034449
v 2.284914 2.787090 -2.246129
v 0.593085 2.807898 -2.034449
v 0.824008 2.787090 -1.822769
v 1.554409 2.725347 -2.416064
v 0.823873 2.787090 -2.246129
v 0.802723 2.787090 -1.800985
v 0.802723 2.787090 -2.268100
v 0.593085 2.807809 -2.011689
v 0.593085 2.807809 -2.057209
v 0.980307 2.725347 -2.416064
v 0.959556 2.725347 -2.436877
v 0.959556 2.725347 -2.940289
v 0.802723 2.787090 -2.940289
v 0.959556 2.725347 -2.940289
v 0.593085 2.807726 -2.940289
v 1.127331 2.625079 -2.940289
v 0.959556 2.725347 -2.940289
v 1.152018 2.621236 -2.573811
v 1.131792 2.621413 -2.592791
v 1.262090 2.490139 -2.940289
v 1.282716 2.487080 -2.701253
v 1.152018 2.621236 -2.573811
v 1.264421 2.487298 -2.719381
v 1.358785 2.325718 -2.940289
v 1.359362 2.324062 -2.827677
v 1.428244 2.138133 -2.940289
v 1.376244 2.323818 -2.810640
v 1.444394 2.137178 -2.880665
v 1.428353 2.137432 -2.896596
v 1.454406 1.934590 -2.940289
v 1.470031 1.934590 -2.898071
v 1.454406 1.934590 -2.913624
v 1.454406 1.934590 -2.940289
v 1.444394 2.137178 -2.880665
v 1.554409 2.621642 -2.573421
v 1.554409 2.487298 -2.701108
v 1.282716 2.487080 -2.701253
v 2.128511 2.725347 -2.416064
v 1.956800 2.621236 -2.573811
v 1.826102 2.487080 -2.701253
v 1.554409 2.323901 -2.810609
v 1.376244 2.323818 -2.810640
v 1.359362 2.324062 -2.827677
v 1.264421 2.487298 -2.719381
v 1.732575 2.323818 -2.810640
v 1.554409 2.137204 -2.880660
v 1.749456 2.324062 -2.827677
v 1.844397 2.487298 -2.719381
v 1.664419 2.137178 -2.880665
v 1.554409 1.934590 -2.898071
v 1.444394 2.137178 -2.880665
v 1.638787 1.934590 -2.898071
v 1.470031 1.934590 -2.898071
v 2.149262 2.725347 -2.436877
v 1.977026 2.621413 -2.592791
v 2.306095 2.787090 -2.268063
v 2.517874 2.807939 -2.056352
v 2.306095 2.787090 -2.940289
v 2.149262 2.725347 -2.940289
v 2.149262 2.725347 -2.940289
v 2.727996 2.787090 -2.268183
v 2.727996 2.787090 -2.940289
v 2.517874 2.807939 -2.940289
v 2.882384 2.725347 -2.940289
v 2.882384 2.725347 -2.436939
v 3.478919 2.725347 -2.416059
v 2.903119 2.725347 -2.416064
v 3.052724 2.625079 -2.940289
v 3.067471 2.628018 -2.565617
v 3.047396 2.627925 -2.584887
v 3.478919 2.626762 -2.567549
v 3.478919 2.491863 -2.697546
v 3.208949 2.492704 -2.696741
v 3.193760 2.490139 -2.940289
v 3.190806 2.492564 -2.715123
v 3.478919 2.323049 -2.810676
v 3.307852 2.322224 -2.810910
v 3.290949 2.322608 -2.827849
v 3.190806 2.492564 -2.715123
v 3.666738 2.322141 -2.810930
v 3.478919 2.135085 -2.880701
v 3.767276 2.492761 -2.696683
v 3.373609 2.134498 -2.880727
v 3.600171 2.134410 -2.880727
v 3.478919 1.935167 -2.898019
v 3.395226 1.935250 -2.898014
v 3.578206 1.935271 -2.898009
v 3.910733 2.628081 -2.565518
v 3.764082 2.490139 -2.940289
v 3.667896 2.325718 -2.940289
v 3.666738 2.322141 -2.810930
v 3.905114 2.625079 -2.940289
v 4.075459 2.725347 -2.416064
v 4.075459 2.725347 -2.940289
v 3.600389 2.138133 -2.940289
v 3.600171 2.134410 -2.880727
v 3.578133 1.934590 -2.940289
v 3.578206 1.935271 -2.898009
v 3.289942 2.325718 -2.940289
v 3.290949 2.322608 -2.827849
v 3.357454 2.138133 -2.940289
v 3.307852 2.322224 -2.810910
v 3.373609 2.134498 -2.880727
v 3.357610 2.135396 -2.896503
v 3.379705 1.934590 -2.940289
v 3.395226 1.935250 -2.898014
v 3.379658 1.935016 -2.913587
v 3.373609 2.134498 -2.880727
v 1.981487 2.625079 -2.940289
v 2.149262 2.725347 -2.940289
v 1.846728 2.490139 -2.940289
v 1.844397 2.487298 -2.719381
v 1.826102 2.487080 -2.701253
v 1.956800 2.621236 -2.573811
v 1.750033 2.325718 -2.940289
v 1.749456 2.324062 -2.827677
v 1.680569 2.138133 -2.940289
v 1.680465 2.137432 -2.896596
v 1.664419 2.137178 -2.880665
v 1.732575 2.323818 -2.810640
v 1.654412 1.934590 -2.940289
v 1.654412 1.934590 -2.940289
v 1.654412 1.934590 -2.913624
v 1.638787 1.934590 -2.898071
v 1.664419 2.137178 -2.880665
v 0.959562 2.725347 -1.155372
v 0.959556 2.725347 -1.637936
v 0.802723 2.787090 -1.155372
v 0.959562 2.725347 -1.155372
v 0.593085 2.807726 -1.155372
v 1.127331 2.625079 -1.155372
v 1.127331 2.625079 -1.490610
v 0.980567 2.725347 -1.658463
v 1.147339 2.625079 -1.509959
v 1.127331 2.625079 -1.490610
v 0.959562 2.725347 -1.155372
v 1.554409 2.625079 -1.509959
v 1.961479 2.625079 -1.509959
v 1.554409 2.490144 -1.369758
v 1.828663 2.490144 -1.369758
v 1.846728 2.490144 -1.351329
v 1.981487 2.625079 -1.490610
v 1.981487 2.625079 -1.490610
v 1.280156 2.490144 -1.369758
v 1.554409 2.325718 -1.265522
v 1.358785 2.325718 -1.248552
v 1.375641 2.325718 -1.265522
v 1.262090 2.490144 -1.351329
v 1.262090 2.490144 -1.351329
v 1.733177 2.325718 -1.265522
v 1.554409 2.138133 -1.199922
v 1.444264 2.138133 -1.199922
v 1.664554 2.138133 -1.199922
v 1.554409 1.934590 -1.179524
v 1.750033 2.325718 -1.248552
v 1.846728 2.490144 -1.351329
v 1.638787 1.934590 -1.179524
v 1.470031 1.934590 -1.179524
v 1.428244 2.138133 -1.183985
v 1.454406 1.934590 -1.163951
v 1.654412 1.934590 -1.163951
v 1.680569 2.138133 -1.183985
v 1.127331 2.625079 -1.490610
v 1.981487 2.625079 -1.155372
v 2.149262 2.725347 -1.155372
v 1.981487 2.625079 -1.490610
v 1.981487 2.625079 -1.490610
v 1.846728 2.490144 -1.155372
v 1.846728 2.490144 -1.351329
v 1.750033 2.325718 -1.155372
v 1.981487 2.625079 -1.490610
v 1.750033 2.325718 -1.248552
v 1.680569 2.138133 -1.155372
v 1.680569 2.138133 -1.183985
v 1.664554 2.138133 -1.199922
v 1.733177 2.325718 -1.265522
v 1.654412 1.934590 -1.155372
v 1.654412 1.934590 -1.163951
v 1.127331 2.625079 -1.490610
v 1.262090 2.490144 -1.155372
v 1.127331 2.625079 -1.490610
v 1.262090 2.490144 -1.351329
v 1.358785 2.325718 -1.155372
v 1.358785 2.325718 -1.248552
v 1.428244 2.138133 -1.155372
v 1.444264 2.138133 -1.199922
v 1.428244 2.138133 -1.183985
v 1.375641 2.325718 -1.265522
v 1.454406 1.934590 -1.155372
v 1.454406 1.934590 -1.163951
v 7.685563 2.138133 -0.734817
v 7.663857 1.934590 -0.765314
v 7.642306 2.131657 -0.735788
v 7.564155 2.318630 -0.672155
v 7.685563 1.934590 -0.765314
v 7.685563 2.325718 -0.669693
v 7.436359 2.490144 -0.534758
v 7.685563 2.490144 -0.534758
v 7.685563 2.325718 -1.265522
v 7.436359 2.490144 -1.369758
v 7.561090 2.325718 -1.265522
v 7.685563 2.138133 -1.199922
v 7.638983 2.144198 -1.202045
v 7.685563 2.490144 -1.369758
v 7.685563 1.934590 -1.179524
v 7.663182 1.940749 -1.180142
v -3.465570 2.787089 3.395212
v -3.253796 2.807938 2.511275
v -3.465570 2.787089 2.722991
v -3.622408 2.725346 3.395212
v -3.622408 2.725346 2.891800
v -3.253796 2.807938 2.489372
v -3.486756 2.787089 2.701057
v -3.622408 2.725346 3.395212
v -3.253796 2.807938 3.395212
v -3.043674 2.787089 3.395212
v -3.043674 2.787089 2.723111
v -2.889287 2.725346 3.395212
v -2.889287 2.725346 2.891862
v -3.022602 2.787089 2.701057
v -2.718947 2.625078 3.395212
v -2.724274 2.627924 3.039811
v -2.704194 2.628017 3.020540
v -2.868552 2.725346 2.870987
v -2.577910 2.490143 3.395212
v -2.580859 2.492563 3.170052
v -2.562721 2.492703 3.151669
v -2.292751 2.491862 3.152474
v -2.292751 2.626761 3.022477
v -2.292751 2.725346 2.870987
v -1.716946 2.725346 2.870987
v -1.881304 2.628017 3.020540
v -2.022777 2.492703 3.151669
v -2.292751 2.323054 3.265599
v -1.861223 2.627924 3.039811
v -1.696211 2.725346 2.891862
v -1.562896 2.787089 2.701057
v -2.292751 2.787089 2.701057
v -1.353485 2.807938 2.489372
v -1.541823 2.787089 2.723111
v -1.696211 2.725346 3.395212
v -1.866551 2.625078 3.395212
v -1.541823 2.787089 3.395212
v -1.331701 2.807938 2.511275
v -1.331701 2.807938 2.489372
v -1.331701 2.807938 3.395212
v -1.119923 2.787089 3.395212
v -1.119923 2.787089 2.722991
v -1.098741 2.787089 2.701057
v -0.963089 2.725346 3.395212
v -0.963089 2.725346 3.395212
v -0.963089 2.725346 2.891800
v -0.795320 2.625078 3.395212
v -0.790854 2.621417 3.047714
v -0.770633 2.621235 3.028734
v -0.963089 2.725346 3.395212
v -0.942344 2.725346 2.870987
v -0.660556 2.490143 3.395212
v -0.658224 2.487302 3.174304
v -0.639930 2.487079 3.156182
v -0.770633 2.621235 3.028734
v -0.563860 2.325717 3.395212
v -0.563289 2.324061 3.282601
v -0.494401 2.138132 3.395212
v -0.494297 2.137431 3.351520
v -0.478251 2.137182 3.335588
v -0.546402 2.323817 3.265568
v -0.468240 1.934589 3.395212
v -0.468240 1.934589 3.395212
v -0.468240 1.934589 3.368552
v -0.452615 1.934589 3.352995
v -0.478251 2.137182 3.335588
v -0.368236 2.725346 2.870987
v -0.368236 2.621641 3.028345
v -0.368236 2.787089 2.701057
v -1.309829 2.807938 2.489372
v 0.593085 2.807897 2.489372
v 0.362297 2.787089 2.701057
v -0.368236 2.807938 2.489377
v 0.205865 2.725346 2.870987
v 0.226612 2.725346 2.891800
v 0.383448 2.787089 2.723023
v 0.034155 2.621235 3.028734
v -0.368236 2.487302 3.156031
v -0.096547 2.487079 3.156182
v 0.054377 2.621417 3.047714
v -0.639930 2.487079 3.156182
v -0.368236 2.323905 3.265537
v -0.190073 2.323817 3.265568
v -0.173191 2.324061 3.282601
v -0.078252 2.487302 3.174304
v -0.546402 2.323817 3.265568
v -0.368236 2.137208 3.335588
v -0.563289 2.324061 3.282601
v -0.658224 2.487302 3.174304
v -0.478251 2.137182 3.335588
v -0.258227 2.137182 3.335588
v -0.368236 1.934589 3.352995
v -0.452615 1.934589 3.352995
v -0.283864 1.934589 3.352995
v 0.058841 2.625078 3.395212
v -0.075920 2.490143 3.395212
v -0.078252 2.487302 3.174304
v -0.096547 2.487079 3.156182
v 0.034155 2.621235 3.028734
v 0.226612 2.725346 3.395212
v 0.226612 2.725346 3.395212
v 0.593085 2.807814 2.512132
v 0.226612 2.725346 3.395212
v 0.383448 2.787089 3.395212
v -0.368236 2.787089 2.277697
v 0.362160 2.787089 2.277697
v 0.383448 2.787089 2.255913
v 0.593085 2.807814 2.466617
v -0.368236 2.725347 2.113386
v 0.205606 2.725347 2.113386
v 0.226612 2.725347 2.092859
v 0.226612 2.725347 1.610301
v 0.383448 2.787089 1.610301
v 0.226612 2.725347 1.610301
v 0.593085 2.807730 1.610301
v 0.058841 2.625078 1.610301
v 0.058841 2.625078 1.945534
v 0.038834 2.625078 1.964887
v 0.226612 2.725347 1.610301
v 0.058841 2.625078 1.945534
v 0.058841 2.625078 1.945534
v -0.075920 2.490143 1.610301
v 0.058841 2.625078 1.945534
v -0.075920 2.490143 1.806252
v -0.172615 2.325718 1.610301
v -0.172615 2.325718 1.703476
v -0.242076 2.138133 1.610301
v -0.242076 2.138133 1.638913
v -0.258092 2.138133 1.654850
v -0.189471 2.325718 1.720451
v -0.268238 1.934590 1.610301
v -0.268238 1.934590 1.618879
v -0.368236 2.625078 1.964887
v -0.368236 2.490143 1.824686
v -0.093983 2.490143 1.824686
v -0.075920 2.490143 1.806252
v 0.058841 2.625078 1.945534
v -1.098606 2.787089 2.277697
v -0.942084 2.725347 2.113386
v -1.119923 2.787089 2.255944
v -0.963089 2.725347 2.092859
v -0.775312 2.625078 1.964887
v -0.963089 2.725347 1.610301
v -0.795320 2.625078 1.610301
v -0.795320 2.625078 1.945534
v -0.963089 2.725347 1.610301
v -0.795320 2.625078 1.945534
v -1.119923 2.787089 1.610301
v -1.331701 2.807938 2.467474
v -1.331701 2.807938 1.610301
v -1.541823 2.787089 1.610301
v -1.541823 2.787089 2.255830
v -1.696211 2.725347 1.610301
v -1.563026 2.787089 2.277697
v -1.696211 2.725347 2.092833
v -2.292751 2.787089 2.277697
v -2.292751 2.725347 2.113386
v -1.717221 2.725347 2.113386
v -2.292751 2.807938 2.489377
v -3.232007 2.807938 2.489372
v -3.022467 2.787089 2.277697
v -2.868276 2.725347 2.113386
v -2.292751 2.625078 1.964887
v -1.886782 2.625078 1.964887
v -2.698715 2.625078 1.964887
v -2.292751 2.490143 1.824686
v -2.889287 2.725347 2.092833
v -3.043674 2.787089 2.255830
v -2.889287 2.725347 1.610301
v -2.718947 2.625078 1.610301
v -2.718947 2.625078 1.945653
v -2.559719 2.490143 1.824686
v -2.577910 2.490143 1.610301
v -2.577910 2.490143 1.806324
v -2.292751 2.325718 1.720451
v -2.464909 2.325718 1.720451
v -2.481640 2.325515 1.703372
v -2.577910 2.490143 1.806324
v -2.025778 2.490143 1.824686
v -2.120589 2.325718 1.720451
v -2.292751 2.143081 1.656579
v -2.400809 2.144052 1.656922
v -2.184689 2.144052 1.656922
v -2.292751 1.939803 1.634977
v -2.103857 2.325515 1.703372
v -2.007588 2.490143 1.806324
v -1.866551 2.625078 1.945653
v -2.007588 2.490143 1.806324
v -2.007588 2.490143 1.610301
v -1.866551 2.625078 1.610301
v -2.104335 2.324404 1.610301
v -2.103857 2.325515 1.703372
v -2.169012 2.142941 1.610301
v -2.168794 2.143767 1.640928
v -2.120589 2.325718 1.720451
v -2.192899 1.940380 1.610301
v -2.184689 2.144052 1.656922
v -2.192888 1.940520 1.619461
v -2.184689 2.144052 1.656922
v -2.208482 1.940603 1.635055
v -2.208482 1.940603 1.635055
v -2.377010 1.940603 1.635055
v -2.481162 2.324404 1.610301
v -2.481640 2.325515 1.703372
v -2.416486 2.142941 1.610301
v -2.416704 2.143767 1.640928
v -2.464909 2.325718 1.720451
v -2.392599 1.940380 1.610301
v -2.392609 1.940520 1.619461
v -2.400809 2.144052 1.656922
v -2.400809 2.144052 1.656922
v -2.377010 1.940603 1.635055
v -3.043674 2.787089 1.610301
v -3.253796 2.807938 2.467474
v -3.253796 2.807938 1.610301
v -3.465570 2.787089 1.610301
v -3.465570 2.787089 2.255944
v -3.486892 2.787089 2.277697
v -3.275663 2.807938 2.489372
v -4.301219 2.787089 2.701057
v -4.301219 2.725346 2.870987
v -3.643154 2.725346 2.870987
v -5.461092 2.807938 2.489372
v -5.248705 2.787089 2.701057
v -4.301219 2.807938 2.489377
v -5.045043 2.725346 2.870987
v -4.301219 2.621724 3.028267
v -3.814865 2.621235 3.028734
v -4.854139 2.621235 3.028734
v -4.301219 2.487370 3.155984
v -5.271294 2.787089 2.721886
v -5.067735 2.725346 2.890460
v -4.693594 2.487079 3.156182
v -4.875695 2.621412 3.047158
v -3.945568 2.487079 3.156182
v -4.301219 2.323941 3.265522
v -4.562687 2.323822 3.265568
v -4.713409 2.487292 3.173816
v -4.880166 2.625078 3.395212
v -4.715746 2.490143 3.395212
v -4.580810 2.325717 3.395212
v -4.580234 2.324061 3.282403
v -4.562687 2.323822 3.265568
v -4.693594 2.487079 3.156182
v -4.515687 2.138132 3.395212
v -4.515584 2.137431 3.351530
v -4.485185 1.934589 3.395212
v -4.485185 1.934589 3.368552
v -4.469518 1.934589 3.352995
v -4.499564 2.137182 3.335588
v -5.067735 2.725346 3.395212
v -5.271294 2.787089 3.395212
v -5.482954 2.807938 2.511239
v -5.482954 2.807938 3.395212
v -5.694665 2.787089 3.395212
v -5.694665 2.787089 2.721886
v -5.482954 2.807938 2.489372
v -4.301219 2.787089 2.277697
v -5.248498 2.787089 2.277697
v -5.271294 2.787089 2.257004
v -4.301219 2.725347 2.113386
v -5.044680 2.725347 2.113386
v -3.643413 2.725347 2.113386
v -4.301219 2.625078 1.964887
v -3.622408 2.725347 2.092859
v -3.810186 2.625078 1.964887
v -4.858829 2.625078 1.964887
v -4.301219 2.490143 1.824686
v -5.067735 2.725347 2.094147
v -4.696184 2.490143 1.824686
v -4.880166 2.625078 1.946152
v -3.943002 2.490143 1.824686
v -4.301219 2.325718 1.720451
v -4.563269 2.325718 1.720451
v -4.715746 2.490143 1.806787
v -5.067735 2.725347 0.658728
v -4.880166 2.625079 0.845378
v -4.580810 2.325718 1.703663
v -4.715746 2.490143 1.008646
v -4.563269 2.325718 1.720451
v -4.696184 2.490143 1.824686
v -4.860049 2.625079 0.825261
v -5.046705 2.725347 0.637673
v -4.580810 2.325718 1.141925
v -4.696787 2.490143 0.989681
v -4.515687 2.138133 1.638908
v -4.515687 2.138133 1.205729
v -4.469518 1.934590 1.634453
v -4.499699 2.138133 1.654850
v -4.485185 1.934590 1.618879
v -4.485185 1.934590 1.235909
v -4.301219 2.490143 0.989681
v -4.301219 2.625079 0.825261
v -4.301219 2.325718 1.124622
v -4.563508 2.325718 1.124622
v -4.301219 2.138133 1.189745
v -4.499699 2.138133 1.189745
v -4.515687 2.138133 1.205729
v -4.580810 2.325718 1.141925
v -4.580810 2.325718 1.141925
v -4.301219 1.934590 1.220243
v -4.469518 1.934590 1.220243
v -4.485185 1.934590 1.235909
v -4.515687 2.138133 1.205729
v -4.715746 2.490143 1.008646
v -4.301219 2.725347 0.637673
v -5.249640 2.787089 0.434129
v -4.301219 2.787089 0.434129
v -5.456107 2.807445 0.227463
v -5.482954 2.807939 0.227463
v -5.271294 2.787089 0.455787
v -4.301224 2.807445 0.227463
v -5.482954 2.807938 2.467510
v -5.694665 2.787089 2.257004
v -5.504868 2.807938 2.489372
v -5.717461 2.787089 2.277697
v -5.921279 2.725347 2.113386
v -5.898223 2.725347 2.094147
v -5.694665 2.787089 0.455786
v -6.499395 2.787089 2.277697
v -6.499395 2.725347 2.113386
v -6.499395 2.625078 1.964887
v -6.107131 2.625078 1.964887
v -6.499395 2.490143 1.824686
v -6.269510 2.490143 1.824686
v -6.085788 2.625078 1.946152
v -6.250192 2.490143 1.806735
v -5.898223 2.725347 0.658728
v -6.085788 2.625079 0.845378
v -6.250192 2.490143 1.008677
v -6.375028 2.325521 1.703548
v -6.105884 2.625079 0.825261
v -5.919254 2.725347 0.637674
v -6.499395 2.490143 0.989681
v -6.268939 2.490143 0.989681
v -6.499395 2.625079 0.825261
v -6.377883 2.318837 1.144277
v -6.456036 2.132083 1.206565
v -6.394760 2.319611 1.126741
v -6.477689 1.934824 1.235878
v -6.452920 2.143767 1.640949
v -6.471666 2.133983 1.190363
v -6.477066 1.940520 1.619461
v -6.469589 2.142017 1.656211
v -6.392476 2.325718 1.720451
v -6.499395 2.725347 0.637674
v -5.716319 2.787089 0.434129
v -6.499395 2.787089 0.434131
v -5.509852 2.807445 0.227463
v -6.499395 2.807445 0.227463
v -6.499395 2.807938 2.489377
v -6.499395 2.787089 2.701057
v -5.717254 2.787089 2.701057
v -6.499395 2.725346 2.870987
v -5.920915 2.725346 2.870987
v -5.898223 2.725346 3.395212
v -5.898223 2.725346 2.890470
v -6.499395 2.625078 3.025058
v -6.101833 2.627924 3.020685
v -6.085788 2.625078 3.395212
v -6.080439 2.627929 3.039302
v -6.499395 2.490143 3.154120
v -6.266706 2.492558 3.151809
v -6.250192 2.490143 3.395212
v -6.247232 2.492568 3.169647
v -6.499395 2.325717 3.264852
v -6.393306 2.322643 3.265719
v -6.393306 2.322643 3.265719
v -6.247232 2.492568 3.169647
v -6.393306 2.322643 3.265719
v -6.499395 2.138132 3.335510
v -6.499395 1.934589 3.352995
v -6.493268 1.934782 3.352979
v -6.393306 2.322643 3.265719
v -6.471458 2.135754 3.335604
v -6.493268 1.934782 3.352979
v -6.375962 2.322607 3.282616
v -6.455568 2.135396 3.351416
v -6.375962 2.322607 3.282616
v -6.393306 2.322643 3.265719
v -6.455568 2.135396 3.351416
v -6.493268 1.934782 3.352979
v -6.393306 2.322643 3.265719
v -6.375962 2.322607 3.282616
v -6.374924 2.325723 3.395212
v -6.375962 2.322607 3.282616
v -6.455412 2.138132 3.395212
v -6.375962 2.322607 3.282616
v -6.375962 2.322607 3.282616
v -6.455568 2.135396 3.351416
v -6.477689 1.934589 3.395212
v -6.455568 2.135396 3.351416
v -6.455568 2.135396 3.351416
v -6.477638 1.935020 3.368516
v -4.301219 2.138133 1.654850
v -4.499699 2.138133 1.654850
v -4.580810 2.325718 1.703663
v -4.038494 2.325718 1.720451
v -4.107111 2.138133 1.654850
v -4.301219 1.934590 1.634453
v -4.469518 1.934590 1.634453
v -4.515687 2.138133 1.638908
v -4.132884 1.934590 1.634453
v -4.091097 2.138133 1.638913
v -4.117258 1.934590 1.618879
v -4.021632 2.325718 1.703476
v -3.924942 2.490143 1.806252
v -3.924942 2.490143 1.806252
v -3.790178 2.625078 1.945534
v -3.924942 2.490143 1.610301
v -4.021632 2.325718 1.610301
v -4.021632 2.325718 1.703476
v -3.790178 2.625078 1.610301
v -3.622408 2.725347 1.610301
v -3.622408 2.725347 1.610301
v -4.091097 2.138133 1.610301
v -4.117258 1.934590 1.610301
v -4.091097 2.138133 1.638913
v -4.117258 1.934590 1.618879
v -4.107111 2.138133 1.654850
v -4.038494 2.325718 1.720451
v -4.301219 2.137229 3.335588
v -4.499564 2.137182 3.335588
v -4.515584 2.137431 3.351530
v -4.580234 2.324061 3.282403
v -4.301219 1.934589 3.352995
v -4.469518 1.934589 3.352995
v -4.107246 2.137182 3.335588
v -4.132884 1.934589 3.352995
v -4.039091 2.323817 3.265568
v -4.022209 2.324061 3.282601
v -3.927274 2.487302 3.174304
v -3.794644 2.621417 3.047714
v -3.927274 2.487302 3.174304
v -3.790178 2.625078 3.395212
v -3.924942 2.490143 3.395212
v -4.021632 2.325717 3.395212
v -4.022209 2.324061 3.282601
v -4.091097 2.138132 3.395212
v -4.091200 2.137431 3.351520
v -4.107246 2.137182 3.335588
v -4.039091 2.323817 3.265568
v -4.117258 1.934589 3.395212
v -4.117258 1.934589 3.395212
v -4.117258 1.934589 3.368552
v -4.132884 1.934589 3.352995
v -4.107246 2.137182 3.335588
v -3.622408 2.725346 3.395212
v -0.642495 2.490143 1.824686
v -0.660556 2.490143 1.806252
v -0.795320 2.625078 1.945534
v -0.368236 2.325718 1.720451
v -0.547004 2.325718 1.720451
v -0.563860 2.325718 1.703476
v -0.660556 2.490143 1.806252
v -0.189471 2.325718 1.720451
v -0.368236 2.138133 1.654850
v -0.172615 2.325718 1.703476
v -0.075920 2.490143 1.806252
v -0.258092 2.138133 1.654850
v -0.478381 2.138133 1.654850
v -0.368236 1.934590 1.634453
v -0.283864 1.934590 1.634453
v -0.242076 2.138133 1.638913
v -0.452615 1.934590 1.634453
v -0.494401 2.138133 1.638913
v -0.468240 1.934590 1.618879
v -0.268238 1.934590 1.618879
v -0.660556 2.490143 1.610301
v -0.795320 2.625078 1.945534
v -0.795320 2.625078 1.945534
v -0.660556 2.490143 1.806252
v -0.563860 2.325718 1.610301
v -0.563860 2.325718 1.703476
v -0.494401 2.138133 1.610301
v -0.494401 2.138133 1.638913
v -0.478381 2.138133 1.654850
v -0.547004 2.325718 1.720451
v -0.468240 1.934590 1.610301
v -0.468240 1.934590 1.618879
v 0.593085 2.807730 3.395212
v -0.172615 2.325717 3.395212
v -0.173191 2.324061 3.282601
v -0.242076 2.138132 3.395212
v -0.242181 2.137431 3.351520
v -0.258227 2.137182 3.335588
v -0.190073 2.323817 3.265568
v -0.268238 1.934589 3.395212
v -0.268238 1.934589 3.395212
v -0.268238 1.934589 3.368552
v -0.283864 1.934589 3.352995
v -0.258227 2.137182 3.335588
v -2.007588 2.490143 3.395212
v -2.004638 2.492563 3.170052
v -2.103769 2.325723 3.395212
v -2.104777 2.322612 3.282777
v -2.171281 2.138132 3.395212
v -2.171437 2.135401 3.351431
v -2.187436 2.134502 3.335651
v -2.121684 2.322223 3.265833
v -2.193532 1.934589 3.395212
v -2.209054 1.935254 3.352937
v -2.193485 1.935020 3.368516
v -2.187436 2.134502 3.335651
v -2.121684 2.322223 3.265833
v -2.104777 2.322612 3.282777
v -2.004638 2.492563 3.170052
v -2.463813 2.322223 3.265833
v -2.292751 2.135084 3.335630
v -2.187436 2.134502 3.335651
v -2.398062 2.134502 3.335651
v -2.292751 1.935166 3.352948
v -2.480721 2.322612 3.282777
v -2.580859 2.492563 3.170052
v -2.376444 1.935254 3.352937
v -2.209054 1.935254 3.352937
v -2.481728 2.325723 3.395212
v -2.480721 2.322612 3.282777
v -2.414217 2.138132 3.395212
v -2.414056 2.135401 3.351431
v -2.398062 2.134502 3.335651
v -2.463813 2.322223 3.265833
v -2.391965 1.934589 3.395212
v -2.392012 1.935020 3.368516
v -2.376444 1.935254 3.352937
v -2.398062 2.134502 3.335651
v -6.499395 2.138133 1.189745
v -6.493268 1.934590 1.220243
v -6.471666 2.133983 1.190363
v -6.394760 2.319611 1.126741
v -6.477689 1.934824 1.235878
v -6.456036 2.132083 1.206565
v -6.499395 1.934590 1.220243
v -6.499395 2.325718 1.124622
v -6.268939 2.490143 0.989681
v -6.377883 2.318837 1.144277
v -6.499395 2.490143 0.989681
v -6.250192 2.490143 1.008677
v -6.499395 2.325718 1.720451
v -6.269510 2.490143 1.824686
v -6.392476 2.325718 1.720451
v -6.499395 2.138133 1.654850
v -6.469589 2.142017 1.656211
v -6.250192 2.490143 1.806735
v -6.375028 2.325521 1.703548
v -6.499395 2.490143 1.824686
v -6.499395 1.934590 1.634453
v -6.493164 1.936308 1.634624
v -6.452920 2.143767 1.640949
v -6.477066 1.940520 1.619461
v 4.439963 2.807938 2.489372
v 4.651742 2.787089 3.395212
v 4.651742 2.787089 2.701057
v 4.808576 2.725346 3.395212
v 4.808576 2.725346 2.870987
v 5.487391 2.787089 2.701057
v 5.487391 2.725346 2.870987
v 4.439963 2.807938 3.395212
v 4.229847 2.787089 3.395212
v 4.229847 2.787089 2.701057
v 4.075459 2.725346 3.395212
v 3.478919 2.725346 2.870987
v 4.075459 2.725346 2.870987
v 3.478919 2.787089 2.701057
v 3.905114 2.625078 3.395212
v 3.478919 2.626761 3.022477
v 3.910733 2.628080 3.020447
v 3.764082 2.490143 3.395212
v 3.478919 2.491862 3.152474
v 3.767276 2.492760 3.151612
v 2.903119 2.725346 2.870987
v 3.067471 2.628017 3.020540
v 3.208949 2.492703 3.151669
v 3.478919 2.323054 3.265599
v 3.666738 2.322140 3.265859
v 3.667896 2.325723 3.395212
v 3.666738 2.322140 3.265859
v 3.307852 2.322223 3.265833
v 3.478919 2.135084 3.335630
v 3.600171 2.134414 3.335656
v 3.373609 2.134502 3.335651
v 3.478919 1.935166 3.352948
v 3.290949 2.322612 3.282777
v 3.190806 2.492563 3.170052
v 3.047396 2.627924 3.039811
v 3.190806 2.492563 3.170052
v 2.882384 2.725346 2.891862
v 3.052724 2.625078 3.395212
v 3.193760 2.490143 3.395212
v 2.727996 2.787089 2.723111
v 2.882384 2.725346 3.395212
v 2.749063 2.787089 2.701057
v 2.539658 2.807938 2.489372
v 2.517874 2.807938 2.489372
v 3.478919 2.807938 2.489377
v 3.478919 2.787089 2.277697
v 2.749198 2.787089 2.277697
v 2.727996 2.787089 2.255830
v 4.229847 2.787089 2.277697
v 3.478919 2.725347 2.113386
v 2.903389 2.725347 2.113386
v 2.882384 2.725347 2.092833
v 4.075459 2.725347 2.113386
v 3.478919 2.625078 1.964887
v 4.075459 2.725347 1.610301
v 4.229847 2.787089 1.610301
v 3.905114 2.625078 1.964887
v 3.905114 2.625078 1.610301
v 3.905114 2.625078 1.964887
v 3.764082 2.490143 1.610301
v 3.905114 2.625078 1.964887
v 3.667330 2.324404 1.610301
v 3.764082 2.490143 1.824686
v 3.905114 2.625078 1.964887
v 3.602659 2.142941 1.610301
v 3.667896 2.325718 1.720451
v 3.478919 2.490143 1.824686
v 3.905114 2.625078 1.964887
v 3.478919 2.325718 1.720451
v 3.667896 2.325718 1.720451
v 3.072955 2.625078 1.964887
v 3.211951 2.490143 1.824686
v 3.905114 2.625078 1.964887
v 3.306756 2.325718 1.720451
v 3.478919 2.143081 1.656579
v 3.602991 2.144198 1.656969
v 3.370862 2.144052 1.656922
v 3.478919 1.939803 1.634977
v 3.290030 2.325515 1.703372
v 3.193760 2.490143 1.806324
v 3.052724 2.625078 1.945653
v 3.193760 2.490143 1.806324
v 3.193760 2.490143 1.610301
v 3.052724 2.625078 1.610301
v 3.290508 2.324404 1.610301
v 3.290030 2.325515 1.703372
v 3.355179 2.142941 1.610301
v 3.354961 2.143767 1.640928
v 3.306756 2.325718 1.720451
v 3.379071 1.940380 1.610301
v 3.379056 1.940520 1.619461
v 3.370862 2.144052 1.656922
v 3.370862 2.144052 1.656922
v 3.394655 1.940603 1.635055
v 2.882384 2.725347 1.610301
v 2.727996 2.787089 1.610301
v 2.517874 2.807938 2.467474
v 2.517874 2.807938 1.610301
v 2.306095 2.787089 1.610301
v 2.306095 2.787089 2.255944
v 2.149262 2.725347 1.610301
v 2.149262 2.725347 2.092859
v 2.284774 2.787089 2.277697
v 1.981487 2.625078 1.610301
v 1.981487 2.625078 1.945534
v 2.128252 2.725347 2.113386
v 1.961479 2.625078 1.964887
v 2.149262 2.725347 1.610301
v 1.981487 2.625078 1.945534
v 1.981487 2.625078 1.945534
v 1.846728 2.490143 1.610301
v 1.981487 2.625078 1.945534
v 1.846728 2.490143 1.806252
v 1.750033 2.325718 1.610301
v 1.750033 2.325718 1.703476
v 1.680569 2.138133 1.610301
v 1.680569 2.138133 1.638913
v 1.664554 2.138133 1.654850
v 1.733177 2.325718 1.720451
v 1.654412 1.934590 1.610301
v 1.654412 1.934590 1.618879
v 1.554409 2.625078 1.964887
v 1.554409 2.490143 1.824686
v 1.828663 2.490143 1.824686
v 1.846728 2.490143 1.806252
v 1.981487 2.625078 1.945534
v 1.554409 2.725347 2.113386
v 0.824008 2.787089 2.277697
v 0.980567 2.725347 2.113386
v 1.554409 2.787089 2.277697
v 2.496002 2.807938 2.489372
v 0.593085 2.807897 2.489372
v 1.554409 2.807938 2.489377
v 1.554409 2.787089 2.701057
v 2.284914 2.787089 2.701057
v 2.306095 2.787089 2.722991
v 2.517874 2.807938 2.511275
v 1.554409 2.725346 2.870987
v 2.128511 2.725346 2.870987
v 2.149262 2.725346 2.891800
v 2.306095 2.787089 3.395212
v 2.149262 2.725346 3.395212
v 2.149262 2.725346 3.395212
v 1.981487 2.625078 3.395212
v 1.977026 2.621417 3.047714
v 1.956800 2.621235 3.028734
v 2.149262 2.725346 3.395212
v 1.846728 2.490143 3.395212
v 1.844397 2.487302 3.174304
v 1.826102 2.487079 3.156182
v 1.956800 2.621235 3.028734
v 1.750033 2.325717 3.395212
v 1.749456 2.324061 3.282601
v 1.680569 2.138132 3.395212
v 1.680465 2.137431 3.351520
v 1.664419 2.137182 3.335588
v 1.732575 2.323817 3.265568
v 1.654412 1.934589 3.395212
v 1.654412 1.934589 3.395212
v 1.654412 1.934589 3.368552
v 1.638787 1.934589 3.352995
v 1.664419 2.137182 3.335588
v 1.554409 2.621641 3.028345
v 1.554409 2.487302 3.156031
v 1.826102 2.487079 3.156182
v 0.980307 2.725346 2.870987
v 1.152018 2.621235 3.028734
v 1.282716 2.487079 3.156182
v 1.554409 2.323905 3.265537
v 1.732575 2.323817 3.265568
v 1.749456 2.324061 3.282601
v 1.844397 2.487302 3.174304
v 1.376244 2.323817 3.265568
v 1.554409 2.137208 3.335588
v 1.359362 2.324061 3.282601
v 1.264421 2.487302 3.174304
v 1.444394 2.137182 3.335588
v 1.664419 2.137182 3.335588
v 1.554409 1.934589 3.352995
v 1.470031 1.934589 3.352995
v 1.638787 1.934589 3.352995
v 0.959556 2.725346 2.891800
v 1.131792 2.621417 3.047714
v 1.127331 2.625078 3.395212
v 1.262090 2.490143 3.395212
v 1.264421 2.487302 3.174304
v 1.282716 2.487079 3.156182
v 1.152018 2.621235 3.028734
v 0.959556 2.725346 3.395212
v 0.802723 2.787089 2.723023
v 0.959556 2.725346 3.395212
v 0.823873 2.787089 2.701057
v 0.593085 2.807814 2.512132
v 0.802723 2.787089 3.395212
v 0.959556 2.725346 3.395212
v 0.802723 2.787089 2.255913
v 0.593085 2.807814 2.466617
v 0.959562 2.725347 1.610301
v 0.959556 2.725347 2.092859
v 0.802723 2.787089 1.610301
v 0.959562 2.725347 1.610301
v 1.127331 2.625078 1.610301
v 1.127331 2.625078 1.945534
v 1.147339 2.625078 1.964887
v 0.959562 2.725347 1.610301
v 1.280156 2.490143 1.824686
v 1.262090 2.490143 1.806252
v 1.127331 2.625078 1.945534
v 1.554409 2.325718 1.720451
v 1.375641 2.325718 1.720451
v 1.358785 2.325718 1.703476
v 1.262090 2.490143 1.806252
v 1.733177 2.325718 1.720451
v 1.554409 2.138133 1.654850
v 1.750033 2.325718 1.703476
v 1.846728 2.490143 1.806252
v 1.664554 2.138133 1.654850
v 1.444264 2.138133 1.654850
v 1.554409 1.934590 1.634453
v 1.638787 1.934590 1.634453
v 1.680569 2.138133 1.638913
v 1.470031 1.934590 1.634453
v 1.428244 2.138133 1.638913
v 1.454406 1.934590 1.618879
v 1.654412 1.934590 1.618879
v 1.262090 2.490143 1.610301
v 1.262090 2.490143 1.806252
v 1.358785 2.325718 1.610301
v 1.358785 2.325718 1.703476
v 1.428244 2.138133 1.610301
v 1.444264 2.138133 1.654850
v 1.375641 2.325718 1.720451
v 1.428244 2.138133 1.638913
v 1.454406 1.934590 1.610301
v 1.454406 1.934590 1.618879
v 0.593085 2.807730 1.610301
v 0.593085 2.807730 3.395212
v 1.358785 2.325717 3.395212
v 1.359362 2.324061 3.282601
v 1.428244 2.138132 3.395212
v 1.428353 2.137431 3.351520
v 1.444394 2.137182 3.335588
v 1.376244 2.323817 3.265568
v 1.454406 1.934589 3.395212
v 1.454406 1.934589 3.395212
v 1.454406 1.934589 3.368552
v 1.470031 1.934589 3.352995
v 1.444394 2.137182 3.335588
v 2.517874 2.807938 3.395212
v 2.727996 2.787089 3.395212
v 3.578808 1.940748 1.635071
v 3.394655 1.940603 1.635055
v 3.602991 2.144198 1.656969
v 3.578766 1.940380 1.610301
v 3.578808 1.940748 1.635071
v 5.487391 2.787089 2.277697
v 4.651742 2.787089 2.277697
v 4.651742 2.787089 1.610301
v 4.439963 2.807938 1.610301
v 5.487391 2.807938 2.489377
v 4.808576 2.725347 1.610301
v 5.487391 2.725347 2.113386
v 4.808576 2.725347 2.113386
v 4.808576 2.725347 1.610301
v 6.457461 2.787089 2.277697
v 6.253903 2.725347 2.113386
v 5.487391 2.625078 1.964887
v 4.976350 2.625078 1.964887
v 4.976350 2.625078 1.610301
v 4.808576 2.725347 1.610301
v 6.066339 2.625078 1.964887
v 5.487391 2.490143 1.824686
v 5.111109 2.490143 1.824686
v 5.111109 2.490143 1.610301
v 5.901934 2.490143 1.824686
v 5.487391 2.325718 1.720451
v 5.901934 2.490143 1.824686
v 5.207805 2.325718 1.720451
v 5.207805 2.325718 1.610301
v 5.207805 2.325718 1.720451
v 5.901934 2.490143 1.824686
v 5.766973 2.325718 1.720451
v 5.487391 2.138133 1.654850
v 5.277269 2.138133 1.654850
v 5.701855 2.138133 1.654850
v 5.487391 1.934590 1.634453
v 5.303425 1.934590 1.634453
v 5.671373 1.934590 1.634453
v 5.277269 2.138133 1.610301
v 5.277269 2.138133 1.654850
v 5.303425 1.934590 1.610301
v 5.303425 1.934590 1.634453
v 6.253903 2.725347 0.637673
v 6.066339 2.625079 0.825261
v 5.901934 2.490143 1.824686
v 6.457461 2.787089 0.434129
v 6.664136 2.807445 0.227463
v 5.487391 2.725347 0.637673
v 5.487391 2.787089 0.434129
v 6.669173 2.807938 2.489372
v 6.669173 2.807939 0.227463
v 5.487391 2.807445 0.227463
v 6.880832 2.787089 0.434129
v 6.674158 2.807445 0.227463
v 7.685563 2.787089 0.434131
v 7.685563 2.807445 0.227463
v 7.685563 2.725347 0.637674
v 7.084391 2.725347 0.637674
v 7.685563 2.625079 0.825261
v 7.084391 2.725347 2.113386
v 7.271954 2.625078 1.964887
v 7.271954 2.625079 0.825261
v 7.685563 2.490143 0.989681
v 7.436359 2.490143 1.824686
v 7.436359 2.490143 0.989681
v 7.685563 2.625078 1.964887
v 7.685563 2.490143 1.824686
v 7.561090 2.325718 1.720451
v 7.564155 2.318630 1.127083
v 7.642306 2.131657 1.190711
v 7.638983 2.144198 1.656969
v 7.663857 1.934590 1.220243
v 7.663182 1.940748 1.635071
v 7.685563 2.725347 2.113386
v 6.880832 2.787089 2.277697
v 7.685563 2.787089 2.277697
v 7.685563 2.807938 2.489377
v 7.685563 2.787089 2.701057
v 6.880832 2.787089 2.701057
v 7.685563 2.725346 2.870987
v 6.880832 2.787089 3.395212
v 7.084391 2.725346 3.395212
v 7.084391 2.725346 2.870987
v 7.685563 2.625078 3.025058
v 7.271954 2.625078 3.395212
v 7.266346 2.628080 3.020447
v 7.685563 2.490143 3.154120
v 7.436359 2.490143 3.395212
v 7.433192 2.492760 3.151612
v 7.685563 2.325717 3.264852
v 7.561090 2.325723 3.395212
v 7.562285 2.322140 3.265859
v 7.562285 2.322140 3.265859
v 7.685563 2.138132 3.335510
v 7.641787 2.134414 3.335656
v 7.685563 1.934589 3.352995
v 7.663805 1.935270 3.352937
v 7.641580 2.138132 3.395212
v 7.641787 2.134414 3.335656
v 7.663857 1.934589 3.395212
v 7.663805 1.935270 3.352937
v 6.669173 2.807938 3.395212
v 6.457461 2.787089 3.395212
v 6.457461 2.787089 2.701057
v 6.253903 2.725346 3.395212
v 6.253903 2.725346 2.870987
v 6.066339 2.625078 3.395212
v 5.487391 2.621724 3.028267
v 6.061613 2.621215 3.028755
v 4.981055 2.621215 3.028755
v 5.487391 2.487370 3.155984
v 5.901934 2.490143 3.395212
v 5.899389 2.487069 3.156192
v 5.113633 2.487069 3.156192
v 5.487391 2.323941 3.265522
v 4.976350 2.625078 3.395212
v 5.111109 2.490143 3.395212
v 4.808576 2.725346 3.395212
v 5.207805 2.325717 3.395212
v 5.208469 2.323812 3.265568
v 5.208469 2.323812 3.265568
v 5.277269 2.138132 3.395212
v 5.277409 2.137177 3.335593
v 5.303425 1.934589 3.395212
v 5.303425 1.934589 3.352995
v 5.208469 2.323812 3.265568
v 5.487391 2.137229 3.335588
v 5.766298 2.323812 3.265568
v 5.277409 2.137177 3.335593
v 5.487391 1.934589 3.352995
v 5.701699 2.137177 3.335593
v 5.303425 1.934589 3.352995
v 5.671373 1.934589 3.352995
v 5.766973 2.325717 3.395212
v 5.766298 2.323812 3.265568
v 5.701855 2.138132 3.395212
v 5.701699 2.137177 3.335593
v 5.671373 1.934589 3.395212
v 5.671373 1.934589 3.352995
v 5.487391 2.625079 0.825261
v 5.487391 2.490143 0.989681
v 5.901934 2.490143 0.989681
v 5.901934 2.490143 1.824686
v 5.487391 2.325718 1.124622
v 5.766973 2.325718 1.720451
v 5.901934 2.490143 1.824686
v 5.766973 2.325718 1.124622
v 5.766973 2.325718 1.124622
v 5.487391 2.138133 1.189745
v 5.701855 2.138133 1.189745
v 5.701855 2.138133 1.189745
v 5.487391 1.934590 1.220243
v 5.701855 2.138133 1.189745
v 5.671373 1.934590 1.220243
v 5.701855 2.138133 1.189745
v 5.701855 2.138133 1.654850
v 5.701855 2.138133 1.189745
v 5.701855 2.138133 1.189745
v 5.671373 1.934590 1.634453
v 5.701855 2.138133 1.189745
v 5.671373 1.934590 1.220243
v 3.289942 2.325723 3.395212
v 3.290949 2.322612 3.282777
v 3.357454 2.138132 3.395212
v 3.357610 2.135401 3.351431
v 3.373609 2.134502 3.335651
v 3.307852 2.322223 3.265833
v 3.379705 1.934589 3.395212
v 3.379658 1.935020 3.368516
v 3.395226 1.935254 3.352937
v 3.373609 2.134502 3.335651
v 3.395226 1.935254 3.352937
v 3.578206 1.935270 3.352937
v 3.600389 2.138132 3.395212
v 3.600171 2.134414 3.335656
v 3.578133 1.934589 3.395212
v 3.578206 1.935270 3.352937
v 7.663857 1.934590 1.220243
v 7.685563 2.138133 1.189745
v 7.642306 2.131657 1.190711
v 7.564155 2.318630 1.127083
v 7.685563 1.934590 1.220243
v 7.685563 2.325718 1.124622
v 7.436359 2.490143 0.989681
v 7.685563 2.490143 0.989681
v 7.436359 2.490143 1.824686
v 7.685563 2.325718 1.720451
v 7.561090 2.325718 1.720451
v 7.685563 2.138133 1.654850
v 7.638983 2.144198 1.656969
v 7.685563 2.490143 1.824686
v 7.685563 1.934590 1.634453
v 7.663182 1.940748 1.635071
v -6.455568 2.135396 3.351416
v -6.493268 1.934782 3.352979
v -6.477638 1.935020 3.368516
v -3.253796 5.293553 -2.056352
v -3.465570 5.272704 -2.940288
v -3.465570 5.272704 -2.268063
v -3.622408 5.210956 -2.940288
v -3.486756 5.272704 -2.246128
v -3.253796 5.293553 -2.034448
v -3.622408 5.210956 -2.436876
v -3.622408 5.210956 -2.940288
v -3.253796 5.293553 -2.940288
v -3.043674 5.272704 -2.940288
v -3.043674 5.272704 -2.268182
v -2.889287 5.210956 -2.940288
v -3.022602 5.272704 -2.246128
v -2.889287 5.210956 -2.436938
v -2.718947 5.110693 -2.940288
v -2.704194 5.113633 -2.565616
v -2.868552 5.210956 -2.416063
v -2.724274 5.113539 -2.584887
v -2.577910 4.975753 -2.940288
v -2.562721 4.978318 -2.696740
v -2.580859 4.978178 -2.715123
v -2.292751 4.977472 -2.697550
v -2.292751 5.112370 -2.567548
v -2.292751 5.210956 -2.416063
v -1.881304 5.113633 -2.565616
v -1.716946 5.210956 -2.416063
v -2.022777 4.978318 -2.696740
v -2.292751 4.808664 -2.810676
v -1.696211 5.210956 -2.436938
v -1.861223 5.113539 -2.584887
v -1.562896 5.272704 -2.246128
v -2.292751 5.272704 -2.246128
v -1.353485 5.293553 -2.034448
v -1.541823 5.272704 -2.268182
v -3.232007 5.293553 -2.034448
v -2.292751 5.293553 -2.034448
v -2.292751 5.272704 -1.822773
v -3.043674 5.272704 -1.800907
v -3.022467 5.272704 -1.822773
v -2.292751 5.210956 -1.658462
v -1.563026 5.272704 -1.822773
v -2.889287 5.210956 -1.637909
v -2.868276 5.210956 -1.658462
v -2.292751 5.110693 -1.509958
v -1.717221 5.210956 -1.658462
v -2.698715 5.110693 -1.509958
v -2.292751 4.975753 -1.369757
v -1.886782 5.110693 -1.509958
v -1.696211 5.210956 -1.637909
v -2.025778 4.975753 -1.369757
v -1.866551 5.110693 -1.490724
v -2.559719 4.975753 -1.369757
v -2.292751 4.811332 -1.265522
v -2.718947 5.110693 -1.490724
v -2.577910 4.975753 -1.351401
v -2.481640 4.811131 -1.248448
v -2.464909 4.811332 -1.265522
v -2.577910 4.975753 -1.351401
v -2.292751 4.628691 -1.201656
v -2.120589 4.811332 -1.265522
v -2.400809 4.629667 -1.201993
v -2.292751 4.425413 -1.180048
v -2.184689 4.629667 -1.201993
v -2.103857 4.811131 -1.248448
v -2.007588 4.975753 -1.351401
v -2.007588 4.975753 -1.351401
v -2.104335 4.810019 -1.155372
v -2.007588 4.975752 -1.155372
v -2.103857 4.811131 -1.248448
v -1.866551 5.110693 -1.155372
v -1.696211 5.210956 -1.155372
v -1.541823 5.272704 -1.800907
v -1.541823 5.272704 -1.155372
v -1.331701 5.293553 -2.034448
v -1.331701 5.293553 -2.012545
v -1.331701 5.293553 -2.056352
v -1.541823 5.272704 -2.940288
v -1.696211 5.210956 -2.940288
v -1.331701 5.293553 -2.940288
v -1.119923 5.272704 -2.940288
v -1.098741 5.272704 -2.246128
v -1.119923 5.272704 -2.268063
v -0.963089 5.210956 -2.940288
v -0.963089 5.210956 -2.436876
v -0.963089 5.210956 -2.940288
v -0.795320 5.110693 -2.940288
v -0.963089 5.210956 -2.940288
v -0.942344 5.210956 -2.416063
v -0.770633 5.106845 -2.573811
v -0.790854 5.107027 -2.592790
v -0.660556 4.975753 -2.940288
v -0.639930 4.972694 -2.701253
v -0.770633 5.106845 -2.573811
v -0.658224 4.972912 -2.719381
v -0.563860 4.811333 -2.940288
v -0.563289 4.809677 -2.827677
v -0.494401 4.623743 -2.940288
v -0.546402 4.809432 -2.810639
v -0.478251 4.622792 -2.880665
v -0.494297 4.623047 -2.896596
v -0.468240 4.420199 -2.940289
v -0.452615 4.420199 -2.898071
v -0.468240 4.420199 -2.913623
v -0.468240 4.420199 -2.940289
v -0.478251 4.622792 -2.880665
v -0.368236 5.107255 -2.573421
v -0.368236 4.972912 -2.701107
v -0.639930 4.972694 -2.701253
v -0.368236 5.210956 -2.416063
v 0.205865 5.210956 -2.416063
v 0.034155 5.106845 -2.573811
v -0.096547 4.972694 -2.701253
v -0.368236 4.809515 -2.810608
v 0.226612 5.210956 -2.436876
v 0.054377 5.107027 -2.592790
v 0.362297 5.272704 -2.246128
v -0.368236 5.272704 -2.246128
v 0.383448 5.272704 -2.268099
v 0.593085 5.293507 -2.034448
v 0.226612 5.210956 -2.940288
v 0.058841 5.110693 -2.940288
v 0.226612 5.210956 -2.940288
v 0.593085 5.293423 -2.057208
v 0.383448 5.272704 -2.940288
v 0.226612 5.210956 -2.940288
v 0.593085 5.293340 -2.940288
v -0.368236 5.272704 -1.822773
v 0.362160 5.272704 -1.822773
v -0.368236 5.293553 -2.034448
v 0.383448 5.272704 -1.800984
v 0.593085 5.293423 -2.011688
v -1.309829 5.293553 -2.034448
v -1.119923 5.272704 -1.801021
v -1.098606 5.272704 -1.822773
v -1.119923 5.272704 -1.155372
v -0.963089 5.210956 -1.155372
v -0.963089 5.210956 -1.637935
v -0.368236 5.210956 -1.658462
v -0.942084 5.210956 -1.658462
v -0.795320 5.110693 -1.155372
v -0.795320 5.110693 -1.490610
v -0.775312 5.110693 -1.509958
v -0.963089 5.210956 -1.155372
v -0.368236 5.110693 -1.509958
v -0.368236 4.975753 -1.369757
v -0.795320 5.110693 -1.490610
v -0.660556 4.975753 -1.351328
v -0.642495 4.975753 -1.369757
v 0.205606 5.210956 -1.658462
v 0.038834 5.110693 -1.509958
v 0.226612 5.210956 -1.637935
v -0.093983 4.975753 -1.369757
v -0.075920 4.975753 -1.351328
v 0.058841 5.110693 -1.490610
v 0.058841 5.110693 -1.490610
v -0.368236 4.811332 -1.265522
v -0.189471 4.811332 -1.265522
v -0.172615 4.811332 -1.248552
v -0.075920 4.975753 -1.351328
v -0.368236 4.623742 -1.199926
v -0.258092 4.623742 -1.199926
v -0.547004 4.811332 -1.265522
v -0.478381 4.623742 -1.199926
v -0.368236 4.420199 -1.179529
v -0.283864 4.420199 -1.179529
v -0.242076 4.623742 -1.183985
v -0.452615 4.420199 -1.179529
v -0.494401 4.623742 -1.183985
v -0.468240 4.420199 -1.163951
v -0.268238 4.420199 -1.163951
v -0.563860 4.811332 -1.248552
v -0.660556 4.975753 -1.351328
v 0.058841 5.110693 -1.155372
v 0.226612 5.210956 -1.155372
v 0.226612 5.210956 -1.155372
v -0.075920 4.975752 -1.155372
v -0.075920 4.975753 -1.351328
v -0.172615 4.811332 -1.155372
v -0.172615 4.811332 -1.248552
v -0.242076 4.623747 -1.155372
v -0.258092 4.623742 -1.199926
v -0.242076 4.623742 -1.183985
v -0.189471 4.811332 -1.265522
v -0.268238 4.420199 -1.155372
v -0.268238 4.420199 -1.163951
v 0.226612 5.210956 -1.155372
v 0.383448 5.272704 -1.155372
v 0.593085 5.293340 -1.155372
v -0.660556 4.975752 -1.155372
v -0.660556 4.975753 -1.351328
v -0.563860 4.811332 -1.155372
v -0.563860 4.811332 -1.248552
v -0.494401 4.623747 -1.155372
v -0.478381 4.623742 -1.199926
v -0.494401 4.623742 -1.183985
v -0.547004 4.811332 -1.265522
v -0.468240 4.420199 -1.155372
v -0.468240 4.420199 -1.163951
v -1.331701 5.293553 -1.155372
v -0.075920 4.975753 -2.940288
v -0.078252 4.972912 -2.719381
v -0.096547 4.972694 -2.701253
v 0.034155 5.106845 -2.573811
v -0.172615 4.811333 -2.940288
v -0.173191 4.809677 -2.827677
v -0.242076 4.623743 -2.940288
v -0.242181 4.623047 -2.896596
v -0.258227 4.622792 -2.880665
v -0.190073 4.809432 -2.810639
v -0.268238 4.420199 -2.940289
v -0.268238 4.420199 -2.940289
v -0.268238 4.420199 -2.913623
v -0.283864 4.420199 -2.898071
v -0.258227 4.622792 -2.880665
v -0.173191 4.809677 -2.827677
v -0.078252 4.972912 -2.719381
v -0.190073 4.809432 -2.810639
v -0.368236 4.622818 -2.880665
v -0.258227 4.622792 -2.880665
v -0.546402 4.809432 -2.810639
v -0.478251 4.622792 -2.880665
v -0.368236 4.420199 -2.898071
v -0.283864 4.420199 -2.898071
v -0.452615 4.420199 -2.898071
v -0.563289 4.809677 -2.827677
v -0.658224 4.972912 -2.719381
v -1.866551 5.110693 -2.940288
v -2.007588 4.975753 -2.940288
v -2.004638 4.978178 -2.715123
v -2.103769 4.811333 -2.940288
v -2.104777 4.808223 -2.827848
v -2.171281 4.623747 -2.940288
v -2.171442 4.621011 -2.896502
v -2.187436 4.620112 -2.880727
v -2.121684 4.807838 -2.810910
v -2.193532 4.420199 -2.940289
v -2.209054 4.420864 -2.898014
v -2.187436 4.620112 -2.880727
v -2.193485 4.420630 -2.913587
v -2.104777 4.808223 -2.827848
v -2.121684 4.807838 -2.810910
v -2.004638 4.978178 -2.715123
v -2.292751 4.620699 -2.880701
v -2.187436 4.620112 -2.880727
v -2.463813 4.807838 -2.810910
v -2.398062 4.620112 -2.880727
v -2.292751 4.420776 -2.898019
v -2.209054 4.420864 -2.898014
v -2.376444 4.420864 -2.898014
v -2.480721 4.808223 -2.827848
v -2.480721 4.808223 -2.827848
v -2.580859 4.978178 -2.715123
v -2.169012 4.628556 -1.155372
v -2.120589 4.811332 -1.265522
v -2.168794 4.629376 -1.185999
v -2.192899 4.425994 -1.155372
v -2.184689 4.629667 -1.201993
v -2.192888 4.426129 -1.164532
v -2.184689 4.629667 -1.201993
v -2.208482 4.426212 -1.180131
v -2.208482 4.426212 -1.180131
v -2.377015 4.426212 -1.180131
v -2.481162 4.810019 -1.155372
v -2.577910 4.975752 -1.155372
v -2.481640 4.811131 -1.248448
v -2.416486 4.628556 -1.155372
v -2.464909 4.811332 -1.265522
v -2.416704 4.629376 -1.185999
v -2.392599 4.425994 -1.155372
v -2.400809 4.629667 -1.201993
v -2.392609 4.426129 -1.164532
v -2.400809 4.629667 -1.201993
v -2.377015 4.426212 -1.180131
v -2.718947 5.110693 -1.155372
v -2.889287 5.210956 -1.155372
v -3.043674 5.272704 -1.155372
v -3.253796 5.293553 -2.012545
v -3.253796 5.293553 -1.155372
v -3.465570 5.272704 -1.155372
v -3.465570 5.272704 -1.801021
v -3.486892 5.272704 -1.822773
v -3.275663 5.293553 -2.034448
v -3.622408 5.210956 -1.155372
v -3.622408 5.210956 -1.637935
v -3.790178 5.110693 -1.155372
v -3.622408 5.210956 -1.155372
v -3.810186 5.110693 -1.509958
v -3.643413 5.210956 -1.658462
v -3.790178 5.110693 -1.490610
v -3.790178 5.110693 -1.490610
v -3.790178 5.110693 -1.490610
v -3.924942 4.975752 -1.155372
v -3.924942 4.975753 -1.351328
v -4.021632 4.811332 -1.155372
v -3.790178 5.110693 -1.490610
v -3.790178 5.110693 -1.490610
v -4.021632 4.811332 -1.248552
v -3.943002 4.975753 -1.369757
v -4.091097 4.623747 -1.155372
v -4.107111 4.623742 -1.199926
v -4.091097 4.623742 -1.183985
v -4.038494 4.811332 -1.265522
v -4.117258 4.420199 -1.155372
v -4.117258 4.420199 -1.163951
v -4.301224 4.975753 -1.369757
v -4.301224 4.811332 -1.265522
v -4.038494 4.811332 -1.265522
v -4.021632 4.811332 -1.248552
v -3.924942 4.975753 -1.351328
v -4.301224 5.110693 -1.509958
v -4.301224 5.210956 -1.658462
v -5.044680 5.210956 -1.658462
v -4.858829 5.110693 -1.509958
v -5.248498 5.272704 -1.822773
v -4.301224 5.272704 -1.822773
v -5.461092 5.293553 -2.034448
v -4.301224 5.293553 -2.034448
v -5.271294 5.272704 -1.802080
v -5.067735 5.210956 -1.639218
v -5.482954 5.293553 0.227463
v -5.271294 5.272704 -0.000860
v -5.482954 5.293553 -2.034448
v -5.482954 5.293553 -2.012581
v -5.067735 5.210956 -0.203802
v -4.880166 5.110693 -1.491228
v -5.249640 5.272704 0.020797
v -4.880166 5.110693 -0.390454
v -4.860049 5.110693 -0.370338
v -5.046705 5.210956 -0.182748
v -4.696184 4.975753 -1.369757
v -4.715746 4.975753 -1.351863
v -4.563269 4.811332 -1.265522
v -4.301224 4.623742 -1.199926
v -4.499699 4.623742 -1.199926
v -4.580810 4.811332 -1.248739
v -4.107111 4.623742 -1.199926
v -4.301224 4.420199 -1.179529
v -4.515687 4.623742 -1.183979
v -4.469518 4.420199 -1.179529
v -4.132884 4.420199 -1.179529
v -4.091097 4.623742 -1.183985
v -4.117258 4.420199 -1.163951
v -4.715746 4.975752 -0.553717
v -4.696787 4.975752 -0.534758
v -4.563269 4.811332 -1.265522
v -4.580810 4.811332 -1.248739
v -4.696184 4.975753 -1.369757
v -4.580810 4.811332 -0.686996
v -4.515687 4.623747 -0.750805
v -4.515687 4.623742 -1.183979
v -4.485185 4.420199 -1.163951
v -4.485185 4.420199 -0.780985
v -4.469518 4.420199 -1.179529
v -4.499699 4.623742 -1.199926
v -4.301224 4.811332 -0.669693
v -4.301224 4.975752 -0.534758
v -4.563508 4.811332 -0.669693
v -4.715746 4.975752 -0.553717
v -4.301224 4.623747 -0.734816
v -4.499699 4.623747 -0.734816
v -4.580810 4.811332 -0.686996
v -4.580810 4.811332 -0.686996
v -4.301224 4.420199 -0.765314
v -4.469518 4.420199 -0.765314
v -4.485185 4.420199 -0.780985
v -4.515687 4.623747 -0.750805
v -4.515687 4.623747 -0.750805
v -4.301224 5.110693 -0.370338
v -4.301224 5.210956 -0.182748
v -4.301224 5.272704 0.020797
v -5.456107 5.293059 0.227463
v -4.301224 5.293059 0.227463
v -5.694665 5.272704 -1.802080
v -5.694665 5.272704 -0.000860
v -5.716319 5.272704 0.020797
v -5.509852 5.293059 0.227463
v -5.898223 5.210956 -1.639218
v -5.898223 5.210956 -0.203802
v -5.919254 5.210956 -0.182748
v -6.499395 5.210956 -0.182748
v -6.499395 5.272704 0.020796
v -6.499395 5.293059 0.227463
v -6.499395 5.110693 -0.370338
v -6.105884 5.110693 -0.370338
v -6.499395 4.975752 -0.534758
v -6.085788 5.110693 -0.390454
v -6.250192 4.975752 -0.553753
v -6.268939 4.975752 -0.534758
v -6.085788 5.110693 -1.491228
v -6.250192 4.975753 -1.351806
v -6.375028 4.811131 -1.248619
v -6.377883 4.804452 -0.689348
v -6.269510 4.975753 -1.369757
v -6.107131 5.110693 -1.509958
v -6.499395 4.975753 -1.369757
v -5.921279 5.210956 -1.658462
v -6.499395 5.110693 -1.509958
v -5.717409 5.272704 -1.822773
v -6.499395 5.210956 -1.658462
v -5.504868 5.293553 -2.034448
v -6.499395 5.272704 -1.822773
v -5.248705 5.272704 -2.246128
v -5.694665 5.272704 -2.266957
v -5.482954 5.293553 -2.056315
v -4.301224 5.272704 -2.246128
v -4.301224 5.210956 -2.416063
v -3.643154 5.210956 -2.416063
v -4.301224 5.107339 -2.573338
v -5.045043 5.210956 -2.416063
v -3.814865 5.106845 -2.573811
v -3.790178 5.110693 -2.940288
v -3.794644 5.107027 -2.592790
v -3.622408 5.210956 -2.940288
v -4.301224 4.972980 -2.701061
v -3.945568 4.972694 -2.701253
v -4.854139 5.106845 -2.573811
v -4.301224 4.809551 -2.810592
v -4.693594 4.972694 -2.701253
v -4.022209 4.809677 -2.827677
v -3.927274 4.972912 -2.719381
v -3.927274 4.972912 -2.719381
v -4.039091 4.809432 -2.810639
v -4.301224 4.622839 -2.880659
v -4.562687 4.809432 -2.810639
v -4.875695 5.107022 -2.592235
v -4.713409 4.972907 -2.718887
v -4.715746 4.975753 -2.940288
v -4.880166 5.110693 -2.940288
v -5.067735 5.210956 -2.435531
v -4.580810 4.811333 -2.940288
v -4.562687 4.809432 -2.810639
v -4.580234 4.809671 -2.827480
v -4.693594 4.972694 -2.701253
v -4.515687 4.623743 -2.940288
v -4.515584 4.623047 -2.896601
v -4.485185 4.420199 -2.940289
v -4.469518 4.420199 -2.898071
v -4.485185 4.420199 -2.913623
v -4.499564 4.622792 -2.880665
v -5.067735 5.210956 -2.940288
v -5.271294 5.272704 -2.266957
v -5.271294 5.272704 -2.940288
v -5.482954 5.293553 -2.940288
v -5.694665 5.272704 -2.940288
v -5.898223 5.210956 -2.940288
v -5.898223 5.210956 -2.435547
v -5.920915 5.210956 -2.416063
v -5.717254 5.272704 -2.246128
v -6.085788 5.110693 -2.940288
v -6.080439 5.113544 -2.584373
v -6.101833 5.113539 -2.565757
v -6.499395 5.110693 -2.570134
v -6.499395 5.210956 -2.416063
v -6.499395 5.272704 -2.246128
v -6.499395 5.293553 -2.034453
v -6.499395 4.975753 -2.699191
v -6.266706 4.978168 -2.696880
v -6.499395 4.811333 -2.809923
v -6.247232 4.978178 -2.714723
v -6.393306 4.808254 -2.810790
v -6.393306 4.808254 -2.810790
v -6.247232 4.978178 -2.714723
v -6.393306 4.808254 -2.810790
v -6.499395 4.623743 -2.880581
v -6.493268 4.420392 -2.898056
v -6.499395 4.420199 -2.898071
v -6.471458 4.621369 -2.880675
v -6.393306 4.808254 -2.810790
v -6.455568 4.621011 -2.896492
v -6.477638 4.420630 -2.913587
v -6.375962 4.808217 -2.827693
v -6.393306 4.808254 -2.810790
v -6.455568 4.621011 -2.896492
v -6.393306 4.808254 -2.810790
v -6.375962 4.808217 -2.827693
v -6.250192 4.975753 -2.940288
v -6.374924 4.811333 -2.940288
v -6.375962 4.808217 -2.827693
v -6.455412 4.623747 -2.940288
v -6.455568 4.621011 -2.896492
v -6.477689 4.420199 -2.940289
v -6.477638 4.420630 -2.913587
v -4.107246 4.622792 -2.880665
v -4.301224 4.420199 -2.898071
v -4.499564 4.622792 -2.880665
v -4.132884 4.420199 -2.898071
v -4.469518 4.420199 -2.898071
v -4.515584 4.623047 -2.896601
v -4.580234 4.809671 -2.827480
v -3.924942 4.975753 -2.940288
v -4.021632 4.811333 -2.940288
v -4.022209 4.809677 -2.827677
v -4.091097 4.623743 -2.940288
v -4.091200 4.623047 -2.896596
v -4.107246 4.622792 -2.880665
v -4.039091 4.809432 -2.810639
v -4.117258 4.420199 -2.940289
v -4.117258 4.420199 -2.940289
v -4.117258 4.420199 -2.913623
v -4.132884 4.420199 -2.898071
v -4.107246 4.622792 -2.880665
v -6.456036 4.617698 -0.751641
v -6.452920 4.629376 -1.186020
v -6.469589 4.627626 -1.201282
v -6.392476 4.811332 -1.265522
v -6.471666 4.619598 -0.735439
v -6.394760 4.805226 -0.671817
v -6.477689 4.420433 -0.780949
v -6.477066 4.426129 -1.164532
v -2.481728 4.811333 -2.940288
v -2.480721 4.808223 -2.827848
v -2.414217 4.623747 -2.940288
v -2.463813 4.807838 -2.810910
v -2.398062 4.620112 -2.880727
v -2.414056 4.621011 -2.896502
v -2.391965 4.420199 -2.940289
v -2.376444 4.420864 -2.898014
v -2.392012 4.420630 -2.913587
v -2.398062 4.620112 -2.880727
v -6.493268 4.420199 -0.765314
v -6.499395 4.623747 -0.734816
v -6.471666 4.619598 -0.735439
v -6.477689 4.420433 -0.780949
v -6.456036 4.617698 -0.751641
v -6.394760 4.805226 -0.671817
v -6.493268 4.420199 -0.765314
v -6.499395 4.811332 -0.669693
v -6.493268 4.420199 -0.765314
v -6.499395 4.420199 -0.765314
v -6.268939 4.975752 -0.534758
v -6.377883 4.804452 -0.689348
v -6.499395 4.975752 -0.534758
v -6.250192 4.975752 -0.553753
v -6.269510 4.975753 -1.369757
v -6.499395 4.811332 -1.265522
v -6.392476 4.811332 -1.265522
v -6.499395 4.623747 -1.199926
v -6.469589 4.627626 -1.201282
v -6.250192 4.975753 -1.351806
v -6.375028 4.811131 -1.248619
v -6.499395 4.975753 -1.369757
v -6.499395 4.420199 -1.179529
v -6.493164 4.421923 -1.179700
v -6.452920 4.629376 -1.186020
v -6.477066 4.426129 -1.164532
v 4.439963 5.293553 -2.034448
v 4.651742 5.272704 -2.940288
v 4.439963 5.293553 -2.940288
v 4.229847 5.272704 -2.940288
v 4.651742 5.272704 -2.246128
v 4.808576 5.210956 -2.940288
v 5.487391 5.272704 -2.246128
v 5.487391 5.210956 -2.416063
v 4.808576 5.210956 -2.416063
v 6.669173 5.293553 -2.034448
v 6.457461 5.272704 -2.246128
v 5.487391 5.293553 -2.034448
v 6.253903 5.210956 -2.416063
v 5.487391 5.107339 -2.573338
v 4.976350 5.110693 -2.940288
v 4.808576 5.210956 -2.940288
v 4.981055 5.106824 -2.573826
v 6.061613 5.106824 -2.573826
v 5.487391 4.972980 -2.701061
v 5.111109 4.975753 -2.940288
v 5.113633 4.972679 -2.701263
v 5.899389 4.972679 -2.701263
v 5.487391 4.809551 -2.810592
v 6.066339 5.110693 -2.940288
v 5.901934 4.975753 -2.940288
v 5.766973 4.811333 -2.940288
v 5.766298 4.809422 -2.810645
v 5.766298 4.809422 -2.810645
v 5.208469 4.809422 -2.810645
v 5.487391 4.622839 -2.880659
v 5.701699 4.622787 -2.880665
v 5.277409 4.622787 -2.880665
v 5.487391 4.420199 -2.898071
v 5.671373 4.420199 -2.898071
v 5.303425 4.420199 -2.898071
v 5.207805 4.811333 -2.940288
v 5.208469 4.809422 -2.810645
v 5.277269 4.623743 -2.940288
v 5.277409 4.622787 -2.880665
v 5.303425 4.420199 -2.940289
v 5.303425 4.420199 -2.898071
v 5.701855 4.623743 -2.940288
v 5.701699 4.622787 -2.880665
v 5.671373 4.420199 -2.940289
v 5.671373 4.420199 -2.898071
v 6.253903 5.210956 -2.940288
v 6.457461 5.272704 -2.940288
v 6.669173 5.293553 -2.940288
v 6.880832 5.272704 -2.940288
v 6.880832 5.272704 -2.246128
v 7.084391 5.210956 -2.940288
v 7.685563 5.210956 -2.416063
v 7.084391 5.210956 -2.416063
v 7.685563 5.272704 -2.246128
v 7.271954 5.110693 -2.940288
v 7.685563 5.110693 -2.570134
v 7.266346 5.113695 -2.565518
v 7.436359 4.975753 -2.940288
v 7.685563 4.975753 -2.699191
v 7.433192 4.978375 -2.696688
v 7.561090 4.811333 -2.940288
v 7.685563 4.811333 -2.809923
v 7.562285 4.807755 -2.810930
v 7.562285 4.807755 -2.810930
v 7.641580 4.623747 -2.940288
v 7.641787 4.620024 -2.880727
v 7.663857 4.420199 -2.940289
v 7.663805 4.420880 -2.898009
v 7.685563 4.623743 -2.880581
v 7.641787 4.620024 -2.880727
v 7.685563 4.420199 -2.898071
v 7.663805 4.420880 -2.898009
v 7.685563 5.293553 -2.034453
v 7.685563 5.272704 -1.822773
v 6.880832 5.272704 -1.822773
v 7.685563 5.210956 -1.658462
v 7.084391 5.210956 -1.658462
v 6.880832 5.272704 0.020797
v 7.685563 5.110693 -1.509958
v 7.271954 5.110693 -1.509958
v 7.084391 5.210956 -0.182748
v 7.685563 4.975753 -1.369757
v 7.436359 4.975753 -1.369757
v 7.271954 5.110693 -0.370338
v 7.685563 5.110693 -0.370338
v 7.685563 5.210956 -0.182748
v 7.685563 4.975752 -0.534758
v 7.436359 4.975752 -0.534758
v 7.561090 4.811332 -1.265522
v 7.564155 4.804245 -0.672154
v 7.642306 4.617272 -0.735787
v 7.638983 4.629807 -1.202045
v 7.663857 4.420199 -0.765314
v 7.663182 4.426363 -1.180142
v 7.685563 5.272704 0.020796
v 6.669173 5.293553 0.227463
v 6.674158 5.293059 0.227463
v 7.685563 5.293059 0.227463
v 6.457461 5.272704 -1.822773
v 6.664136 5.293059 0.227463
v 5.487391 5.272704 -1.822773
v 5.487391 5.210956 -1.658462
v 6.253903 5.210956 -1.658462
v 6.457461 5.272704 0.020797
v 5.487391 5.272704 0.020797
v 5.487391 5.293059 0.227463
v 5.487391 5.210956 -0.182748
v 6.253903 5.210956 -0.182748
v 5.487391 5.110693 -1.509958
v 6.066339 5.110693 -1.509958
v 5.487391 5.110693 -0.370338
v 6.066339 5.110693 -0.370338
v 5.487391 4.975753 -1.369757
v 5.901934 4.975753 -1.369757
v 5.901934 4.975753 -1.369757
v 5.487391 4.975752 -0.534758
v 5.901934 4.975752 -0.534758
v 5.901934 4.975753 -1.369757
v 5.487391 4.811332 -0.669693
v 5.766973 4.811332 -1.265522
v 5.901934 4.975753 -1.369757
v 5.766973 4.811332 -0.669693
v 5.766973 4.811332 -0.669693
v 5.487391 4.623747 -0.734816
v 5.701855 4.623747 -0.734816
v 5.487391 4.420199 -0.765314
v 5.701855 4.623747 -0.734816
v 5.701855 4.623747 -0.734816
v 5.671373 4.420199 -0.765314
v 5.701855 4.623747 -0.734816
v 5.701855 4.623742 -1.199926
v 5.701855 4.623747 -0.734816
v 5.701855 4.623747 -0.734816
v 5.671373 4.420199 -1.179529
v 5.701855 4.623747 -0.734816
v 5.671373 4.420199 -0.765314
v 4.976350 5.110693 -1.509958
v 5.111109 4.975753 -1.369757
v 5.487391 4.811332 -1.265522
v 5.901934 4.975753 -1.369757
v 5.207805 4.811332 -1.265522
v 5.111109 4.975752 -1.155372
v 5.207805 4.811332 -1.155372
v 5.207805 4.811332 -1.265522
v 5.901934 4.975753 -1.369757
v 5.766973 4.811332 -1.265522
v 5.487391 4.623742 -1.199926
v 5.277269 4.623742 -1.199926
v 5.701855 4.623742 -1.199926
v 5.487391 4.420199 -1.179529
v 5.303425 4.420199 -1.179529
v 5.671373 4.420199 -1.179529
v 5.277269 4.623747 -1.155372
v 5.277269 4.623742 -1.199926
v 5.303425 4.420199 -1.155372
v 5.303425 4.420199 -1.179529
v 4.976350 5.110693 -1.155372
v 4.808576 5.210956 -1.658462
v 4.808576 5.210956 -1.155372
v 4.651742 5.272704 -1.822773
v 4.808576 5.210956 -1.155372
v 4.651742 5.272704 -1.155372
v 4.808576 5.210956 -1.155372
v 3.478919 5.272704 -2.246128
v 3.478919 5.293553 -2.034448
v 3.478919 5.272704 -1.822773
v 4.229847 5.272704 -1.822773
v 4.229847 5.272704 -2.246128
v 4.229847 5.272704 -1.155372
v 4.439963 5.293553 -1.155372
v 2.539658 5.293553 -2.034448
v 2.749063 5.272704 -2.246128
v 2.517874 5.293553 -2.034448
v 2.727996 5.272704 -1.800907
v 2.749198 5.272704 -1.822773
v 2.882384 5.210956 -1.155372
v 2.727996 5.272704 -1.155372
v 2.517874 5.293553 -2.012545
v 2.882384 5.210956 -1.637909
v 3.478919 5.210956 -1.658462
v 2.903389 5.210956 -1.658462
v 3.052724 5.110693 -1.155372
v 3.072955 5.110693 -1.509958
v 3.052724 5.110693 -1.490724
v 3.478919 5.110693 -1.509958
v 3.478919 4.975753 -1.369757
v 3.211951 4.975753 -1.369757
v 3.193760 4.975752 -1.155372
v 3.193760 4.975753 -1.351401
v 3.478919 4.811332 -1.265522
v 3.290030 4.811131 -1.248448
v 3.306756 4.811332 -1.265522
v 3.193760 4.975753 -1.351401
v 3.764082 4.975753 -1.369757
v 3.667896 4.811332 -1.265522
v 3.478919 4.628691 -1.201656
v 3.370862 4.629667 -1.201993
v 3.602991 4.629807 -1.202045
v 3.478919 4.425413 -1.180048
v 3.394655 4.426212 -1.180131
v 3.578808 4.426363 -1.180142
v 3.905114 5.110693 -1.509958
v 3.905114 5.110693 -1.509958
v 4.075459 5.210956 -1.658462
v 3.905114 5.110693 -1.509958
v 4.075459 5.210956 -1.155372
v 3.905114 5.110693 -1.155372
v 3.905114 5.110693 -1.509958
v 3.764082 4.975752 -1.155372
v 3.905114 5.110693 -1.509958
v 3.905114 5.110693 -1.509958
v 3.667330 4.810019 -1.155372
v 3.667896 4.811332 -1.265522
v 3.602659 4.628556 -1.155372
v 3.602991 4.629807 -1.202045
v 3.578766 4.425994 -1.155372
v 3.578808 4.426363 -1.180142
v 3.290508 4.810019 -1.155372
v 3.290030 4.811131 -1.248448
v 3.355179 4.628556 -1.155372
v 3.306756 4.811332 -1.265522
v 3.354961 4.629376 -1.185999
v 3.379071 4.425994 -1.155372
v 3.370862 4.629667 -1.201993
v 3.379056 4.426129 -1.164532
v 3.370862 4.629667 -1.201993
v 3.394655 4.426212 -1.180131
v 2.306095 5.272704 -1.155372
v 2.517874 5.293553 -1.155372
v 2.306095 5.272704 -1.801021
v 2.149262 5.210956 -1.155372
v 2.284774 5.272704 -1.822773
v 2.149262 5.210956 -1.637935
v 2.496002 5.293553 -2.034448
v 1.554409 5.272704 -1.822773
v 1.554409 5.210956 -1.658462
v 2.128252 5.210956 -1.658462
v 1.554409 5.272704 -2.246128
v 1.554409 5.293553 -2.034448
v 2.284914 5.272704 -2.246128
v 0.593085 5.293507 -2.034448
v 0.824008 5.272704 -1.822773
v 1.554409 5.210956 -2.416063
v 0.823873 5.272704 -2.246128
v 0.802723 5.272704 -1.800984
v 0.802723 5.272704 -2.268099
v 0.593085 5.293423 -2.011688
v 0.593085 5.293423 -2.057208
v 0.980307 5.210956 -2.416063
v 0.959556 5.210956 -2.436876
v 0.959556 5.210956 -2.940288
v 0.802723 5.272704 -2.940288
v 0.959556 5.210956 -2.940288
v 0.593085 5.293340 -2.940288
v 1.127331 5.110693 -2.940288
v 0.959556 5.210956 -2.940288
v 1.152018 5.106845 -2.573811
v 1.131792 5.107027 -2.592790
v 1.262090 4.975753 -2.940288
v 1.282716 4.972694 -2.701253
v 1.152018 5.106845 -2.573811
v 1.264421 4.972912 -2.719381
v 1.358785 4.811333 -2.940288
v 1.359362 4.809677 -2.827677
v 1.428244 4.623743 -2.940288
v 1.376244 4.809432 -2.810639
v 1.444394 4.622792 -2.880665
v 1.428353 4.623047 -2.896596
v 1.454406 4.420199 -2.940289
v 1.470031 4.420199 -2.898071
v 1.454406 4.420199 -2.913623
v 1.454406 4.420199 -2.940289
v 1.444394 4.622792 -2.880665
v 1.554409 5.107255 -2.573421
v 1.554409 4.972912 -2.701107
v 1.282716 4.972694 -2.701253
v 2.128511 5.210956 -2.416063
v 1.956800 5.106845 -2.573811
v 1.826102 4.972694 -2.701253
v 1.554409 4.809515 -2.810608
v 1.376244 4.809432 -2.810639
v 1.359362 4.809677 -2.827677
v 1.264421 4.972912 -2.719381
v 1.732575 4.809432 -2.810639
v 1.554409 4.622818 -2.880665
v 1.749456 4.809677 -2.827677
v 1.844397 4.972912 -2.719381
v 1.664419 4.622792 -2.880665
v 1.554409 4.420199 -2.898071
v 1.444394 4.622792 -2.880665
v 1.638787 4.420199 -2.898071
v 1.470031 4.420199 -2.898071
v 2.149262 5.210956 -2.436876
v 1.977026 5.107027 -2.592790
v 2.306095 5.272704 -2.268063
v 2.517874 5.293553 -2.056352
v 2.306095 5.272704 -2.940288
v 2.149262 5.210956 -2.940288
v 2.149262 5.210956 -2.940288
v 2.727996 5.272704 -2.268182
v 2.727996 5.272704 -2.940288
v 2.517874 5.293553 -2.940288
v 2.882384 5.210956 -2.940288
v 2.882384 5.210956 -2.436938
v 3.478919 5.210956 -2.416063
v 2.903119 5.210956 -2.416063
v 3.052724 5.110693 -2.940288
v 3.067471 5.113633 -2.565616
v 3.047396 5.113539 -2.584887
v 3.478919 5.112370 -2.567548
v 3.478919 4.977472 -2.697550
v 3.208949 4.978318 -2.696740
v 3.193760 4.975753 -2.940288
v 3.190806 4.978178 -2.715123
v 3.478919 4.808664 -2.810676
v 3.307852 4.807838 -2.810910
v 3.290949 4.808223 -2.827848
v 3.190806 4.978178 -2.715123
v 3.666738 4.807755 -2.810930
v 3.478919 4.620699 -2.880701
v 3.767276 4.978375 -2.696688
v 3.373609 4.620112 -2.880727
v 3.600171 4.620024 -2.880727
v 3.478919 4.420776 -2.898019
v 3.395226 4.420864 -2.898014
v 3.578206 4.420880 -2.898009
v 3.910733 5.113695 -2.565518
v 3.764082 4.975753 -2.940288
v 3.667896 4.811333 -2.940288
v 3.666738 4.807755 -2.810930
v 3.905114 5.110693 -2.940288
v 4.075459 5.210956 -2.416063
v 4.075459 5.210956 -2.940288
v 3.600389 4.623747 -2.940288
v 3.600171 4.620024 -2.880727
v 3.578133 4.420199 -2.940289
v 3.578206 4.420880 -2.898009
v 3.289942 4.811333 -2.940288
v 3.290949 4.808223 -2.827848
v 3.357454 4.623747 -2.940288
v 3.307852 4.807838 -2.810910
v 3.373609 4.620112 -2.880727
v 3.357610 4.621011 -2.896502
v 3.379705 4.420199 -2.940289
v 3.395226 4.420864 -2.898014
v 3.379658 4.420630 -2.913587
v 3.373609 4.620112 -2.880727
v 1.981487 5.110693 -2.940288
v 2.149262 5.210956 -2.940288
v 1.846728 4.975753 -2.940288
v 1.844397 4.972912 -2.719381
v 1.826102 4.972694 -2.701253
v 1.956800 5.106845 -2.573811
v 1.750033 4.811333 -2.940288
v 1.749456 4.809677 -2.827677
v 1.680569 4.623743 -2.940288
v 1.680465 4.623047 -2.896596
v 1.664419 4.622792 -2.880665
v 1.732575 4.809432 -2.810639
v 1.654412 4.420199 -2.940289
v 1.654412 4.420199 -2.940289
v 1.654412 4.420199 -2.913623
v 1.638787 4.420199 -2.898071
v 1.664419 4.622792 -2.880665
v 0.959562 5.210956 -1.155372
v 0.959556 5.210956 -1.637935
v 0.802723 5.272704 -1.155372
v 0.959562 5.210956 -1.155372
v 0.593085 5.293340 -1.155372
v 1.127331 5.110693 -1.155372
v 1.127331 5.110693 -1.490610
v 0.980567 5.210956 -1.658462
v 1.147339 5.110693 -1.509958
v 1.127331 5.110693 -1.490610
v 0.959562 5.210956 -1.155372
v 1.554409 5.110693 -1.509958
v 1.961479 5.110693 -1.509958
v 1.554409 4.975753 -1.369757
v 1.828663 4.975753 -1.369757
v 1.846728 4.975753 -1.351328
v 1.981487 5.110693 -1.490610
v 1.981487 5.110693 -1.490610
v 1.280156 4.975753 -1.369757
v 1.554409 4.811332 -1.265522
v 1.358785 4.811332 -1.248552
v 1.375641 4.811332 -1.265522
v 1.262090 4.975753 -1.351328
v 1.262090 4.975753 -1.351328
v 1.733177 4.811332 -1.265522
v 1.554409 4.623742 -1.199926
v 1.444264 4.623742 -1.199926
v 1.664554 4.623742 -1.199926
v 1.554409 4.420199 -1.179529
v 1.750033 4.811332 -1.248552
v 1.846728 4.975753 -1.351328
v 1.638787 4.420199 -1.179529
v 1.470031 4.420199 -1.179529
v 1.428244 4.623742 -1.183985
v 1.454406 4.420199 -1.163951
v 1.654412 4.420199 -1.163951
v 1.680569 4.623742 -1.183985
v 1.127331 5.110693 -1.490610
v 1.981487 5.110693 -1.155372
v 2.149262 5.210956 -1.155372
v 1.846728 4.975752 -1.155372
v 1.846728 4.975753 -1.351328
v 1.750033 4.811332 -1.155372
v 1.750033 4.811332 -1.248552
v 1.680569 4.623747 -1.155372
v 1.680569 4.623742 -1.183985
v 1.664554 4.623742 -1.199926
v 1.733177 4.811332 -1.265522
v 1.654412 4.420199 -1.155372
v 1.654412 4.420199 -1.163951
v 1.127331 5.110693 -1.490610
v 1.262090 4.975752 -1.155372
v 1.127331 5.110693 -1.490610
v 1.262090 4.975753 -1.351328
v 1.358785 4.811332 -1.155372
v 1.358785 4.811332 -1.248552
v 1.428244 4.623747 -1.155372
v 1.444264 4.623742 -1.199926
v 1.428244 4.623742 -1.183985
v 1.375641 4.811332 -1.265522
v 1.454406 4.420199 -1.155372
v 1.454406 4.420199 -1.163951
v 7.685563 4.623747 -0.734816
v 7.663857 4.420199 -0.765314
v 7.642306 4.617272 -0.735787
v 7.564155 4.804245 -0.672154
v 7.685563 4.420199 -0.765314
v 7.685563 4.811332 -0.669693
v 7.436359 4.975752 -0.534758
v 7.685563 4.975752 -0.534758
v 7.685563 4.811332 -1.265522
v 7.436359 4.975753 -1.369757
v 7.561090 4.811332 -1.265522
v 7.685563 4.623747 -1.199926
v 7.638983 4.629807 -1.202045
v 7.685563 4.975753 -1.369757
v 7.685563 4.420199 -1.179529
v 7.663182 4.426363 -1.180142
v -3.465570 5.272703 3.395213
v -3.253796 5.293552 2.511276
v -3.465570 5.272703 2.722992
v -3.622408 5.210960 3.395213
v -3.622408 5.210960 2.891800
v -3.253796 5.293552 2.489372
v -3.486756 5.272703 2.701058
v -3.622408 5.210960 3.395213
v -3.253796 5.293552 3.395213
v -3.043674 5.272703 3.395213
v -3.043674 5.272703 2.723111
v -2.889287 5.210960 3.395213
v -2.889287 5.210960 2.891863
v -3.022602 5.272703 2.701058
v -2.718947 5.110693 3.395213
v -2.724274 5.113538 3.039811
v -2.704194 5.113632 3.020541
v -2.868552 5.210960 2.870987
v -2.577910 4.975752 3.395213
v -2.580859 4.978177 3.170052
v -2.562721 4.978317 3.151670
v -2.292751 4.977476 3.152474
v -2.292751 5.112375 3.022472
v -2.292751 5.210960 2.870987
v -1.716946 5.210960 2.870987
v -1.881304 5.113632 3.020541
v -2.022777 4.978317 3.151670
v -2.292751 4.808668 3.265600
v -1.861223 5.113538 3.039811
v -1.696211 5.210960 2.891863
v -1.562896 5.272703 2.701058
v -2.292751 5.272703 2.701053
v -1.353485 5.293552 2.489372
v -1.541823 5.272703 2.723111
v -1.696211 5.210960 3.395213
v -1.866551 5.110693 3.395213
v -1.541823 5.272703 3.395213
v -1.331701 5.293552 2.511276
v -1.331701 5.293552 2.489372
v -1.331701 5.293552 3.395213
v -1.119923 5.272703 3.395213
v -1.119923 5.272703 2.722992
v -1.098741 5.272703 2.701058
v -0.963089 5.210960 3.395213
v -0.963089 5.210960 3.395213
v -0.963089 5.210960 2.891800
v -0.795320 5.110693 3.395213
v -0.790854 5.107026 3.047714
v -0.770633 5.106850 3.028735
v -0.963089 5.210960 3.395213
v -0.942344 5.210960 2.870987
v -0.660556 4.975752 3.395213
v -0.658224 4.972911 3.174305
v -0.639930 4.972693 3.156182
v -0.770633 5.106850 3.028735
v -0.563860 4.811332 3.395213
v -0.563289 4.809676 3.282601
v -0.494401 4.623746 3.395213
v -0.494297 4.623046 3.351521
v -0.478251 4.622791 3.335589
v -0.546402 4.809431 3.265563
v -0.468240 4.420204 3.395212
v -0.468240 4.420204 3.395212
v -0.468240 4.420204 3.368553
v -0.452615 4.420204 3.352995
v -0.478251 4.622791 3.335589
v -0.368236 5.210960 2.870987
v -0.368236 5.107255 3.028345
v -0.368236 5.272703 2.701058
v -1.309829 5.293552 2.489372
v 0.593085 5.293510 2.489372
v 0.362297 5.272703 2.701058
v -0.368236 5.293552 2.489378
v 0.205865 5.210960 2.870987
v 0.226612 5.210960 2.891800
v 0.383448 5.272703 2.723023
v 0.034155 5.106850 3.028735
v -0.368236 4.972917 3.156032
v -0.096547 4.972693 3.156182
v 0.054377 5.107026 3.047714
v -0.639930 4.972693 3.156182
v -0.368236 4.809515 3.265532
v -0.190073 4.809431 3.265563
v -0.173191 4.809676 3.282601
v -0.078252 4.972911 3.174305
v -0.546402 4.809431 3.265563
v -0.368236 4.622822 3.335589
v -0.563289 4.809676 3.282601
v -0.658224 4.972911 3.174305
v -0.478251 4.622791 3.335589
v -0.258227 4.622791 3.335589
v -0.368236 4.420204 3.352995
v -0.452615 4.420204 3.352995
v -0.283864 4.420204 3.352995
v 0.058841 5.110693 3.395213
v -0.075920 4.975752 3.395213
v -0.078252 4.972911 3.174305
v -0.096547 4.972693 3.156182
v 0.034155 5.106850 3.028735
v 0.226612 5.210960 3.395213
v 0.226612 5.210960 3.395213
v 0.593085 5.293422 2.512133
v 0.226612 5.210960 3.395213
v 0.383448 5.272703 3.395213
v -0.368236 5.272703 2.277698
v 0.362160 5.272703 2.277698
v 0.383448 5.272703 2.255909
v 0.593085 5.293422 2.466618
v -0.368236 5.210960 2.113387
v 0.205606 5.210960 2.113387
v 0.226612 5.210960 2.092860
v 0.226612 5.210961 1.610301
v 0.383448 5.272704 1.610301
v 0.226612 5.210961 1.610301
v 0.593085 5.293340 1.610301
v 0.058841 5.110693 1.610301
v 0.058841 5.110693 1.945534
v 0.038834 5.110693 1.964882
v 0.226612 5.210961 1.610301
v -0.075920 4.975752 1.610301
v -0.075920 4.975752 1.806252
v -0.172615 4.811332 1.610301
v -0.172615 4.811332 1.703476
v -0.242076 4.623747 1.610301
v -0.242076 4.623747 1.638914
v -0.258092 4.623747 1.654850
v -0.189471 4.811332 1.720451
v -0.268238 4.420204 1.610301
v -0.268238 4.420204 1.618880
v -0.368236 5.110693 1.964882
v -0.368236 4.975752 1.824687
v -0.093983 4.975752 1.824687
v -0.075920 4.975752 1.806252
v 0.058841 5.110693 1.945534
v -1.098606 5.272703 2.277698
v -0.942084 5.210960 2.113387
v -1.119923 5.272703 2.255945
v -0.963089 5.210960 2.092860
v -0.775312 5.110693 1.964882
v -0.963089 5.210961 1.610301
v -0.795320 5.110693 1.610301
v -0.795320 5.110693 1.945534
v -0.963089 5.210961 1.610301
v -0.795320 5.110693 1.945534
v -1.119923 5.272704 1.610301
v -1.331701 5.293552 2.467469
v -1.331701 5.293553 1.610301
v -1.541823 5.272704 1.610301
v -1.541823 5.272703 2.255831
v -1.696211 5.210961 1.610301
v -1.563026 5.272703 2.277698
v -1.696211 5.210960 2.092834
v -2.292751 5.272703 2.277698
v -2.292751 5.210960 2.113387
v -1.717221 5.210960 2.113387
v -2.292751 5.293552 2.489378
v -3.232007 5.293552 2.489372
v -3.022467 5.272703 2.277698
v -2.868276 5.210960 2.113387
v -2.292751 5.110693 1.964888
v -1.886782 5.110693 1.964882
v -2.698715 5.110693 1.964882
v -2.292751 4.975752 1.824687
v -2.889287 5.210960 2.092834
v -3.043674 5.272703 2.255831
v -2.889287 5.210961 1.610301
v -2.718947 5.110693 1.610301
v -2.718947 5.110693 1.945653
v -2.559719 4.975752 1.824687
v -2.577910 4.975752 1.610301
v -2.577910 4.975752 1.806325
v -2.292751 4.811332 1.720451
v -2.464909 4.811332 1.720451
v -2.481640 4.811130 1.703372
v -2.577910 4.975752 1.806325
v -2.025778 4.975752 1.824687
v -2.120589 4.811332 1.720451
v -2.292751 4.628695 1.656580
v -2.400809 4.629667 1.656922
v -2.184689 4.629667 1.656922
v -2.292751 4.425417 1.634978
v -2.103857 4.811130 1.703372
v -2.007588 4.975752 1.806325
v -1.866551 5.110693 1.945653
v -2.007588 4.975752 1.806325
v -2.007588 4.975752 1.610301
v -1.866551 5.110693 1.610301
v -2.104335 4.810018 1.610301
v -2.103857 4.811130 1.703372
v -2.169012 4.628555 1.610301
v -2.168794 4.629381 1.640929
v -2.120589 4.811332 1.720451
v -2.192899 4.425994 1.610301
v -2.184689 4.629667 1.656922
v -2.192888 4.426129 1.619456
v -2.184689 4.629667 1.656922
v -2.208482 4.426212 1.635055
v -2.208482 4.426212 1.635055
v -2.377010 4.426212 1.635055
v -2.481162 4.810018 1.610301
v -2.481640 4.811130 1.703372
v -2.416486 4.628555 1.610301
v -2.416704 4.629381 1.640929
v -2.464909 4.811332 1.720451
v -2.392599 4.425994 1.610301
v -2.392609 4.426129 1.619456
v -2.400809 4.629667 1.656922
v -2.400809 4.629667 1.656922
v -2.377010 4.426212 1.635055
v -3.043674 5.272704 1.610301
v -3.253796 5.293552 2.467469
v -3.253796 5.293553 1.610301
v -3.465570 5.272704 1.610301
v -3.465570 5.272703 2.255945
v -3.486892 5.272703 2.277698
v -3.275663 5.293552 2.489372
v -4.301219 5.272703 2.701058
v -4.301219 5.210960 2.870987
v -3.643154 5.210960 2.870987
v -5.461092 5.293552 2.489372
v -5.248705 5.272703 2.701058
v -4.301219 5.293552 2.489378
v -5.045043 5.210960 2.870987
v -4.301219 5.107338 3.028268
v -3.814865 5.106850 3.028735
v -4.854139 5.106844 3.028735
v -4.301219 4.972984 3.155985
v -5.271294 5.272703 2.721881
v -5.067735 5.210960 2.890460
v -4.693594 4.972693 3.156182
v -4.875695 5.107021 3.047159
v -3.945568 4.972693 3.156182
v -4.301219 4.809556 3.265522
v -4.562687 4.809431 3.265563
v -4.713409 4.972906 3.173812
v -4.880166 5.110693 3.395213
v -4.715746 4.975752 3.395213
v -4.580810 4.811332 3.395213
v -4.580234 4.809670 3.282404
v -4.562687 4.809431 3.265563
v -4.693594 4.972693 3.156182
v -4.515687 4.623746 3.395213
v -4.515584 4.623046 3.351525
v -4.485185 4.420204 3.395212
v -4.485185 4.420204 3.368553
v -4.469518 4.420204 3.352995
v -4.499564 4.622791 3.335589
v -5.067735 5.210960 3.395213
v -5.271294 5.272703 3.395213
v -5.482954 5.293552 2.511240
v -5.482954 5.293552 3.395213
v -5.694665 5.272703 3.395213
v -5.694665 5.272703 2.721881
v -5.482954 5.293552 2.489372
v -4.301219 5.272703 2.277698
v -5.248498 5.272703 2.277698
v -5.271294 5.272703 2.257004
v -4.301219 5.210960 2.113387
v -5.044680 5.210960 2.113387
v -3.643413 5.210960 2.113387
v -4.301219 5.110693 1.964882
v -3.622408 5.210960 2.092860
v -3.810186 5.110693 1.964882
v -4.858829 5.110693 1.964882
v -4.301219 4.975752 1.824687
v -5.067735 5.210960 2.094147
v -4.696184 4.975752 1.824687
v -4.880166 5.110693 1.946152
v -3.943002 4.975752 1.824687
v -4.301219 4.811332 1.720451
v -4.563269 4.811332 1.720451
v -4.715746 4.975752 1.806787
v -5.067735 5.210956 0.658728
v -4.880166 5.110693 0.845379
v -4.580810 4.811332 1.703663
v -4.715746 4.975752 1.008646
v -4.563269 4.811332 1.720451
v -4.696184 4.975752 1.824687
v -4.860049 5.110693 0.825262
v -5.046705 5.210956 0.637673
v -4.580810 4.811332 1.141920
v -4.696787 4.975752 0.989682
v -4.515687 4.623747 1.638908
v -4.515687 4.623747 1.205729
v -4.469518 4.420204 1.634453
v -4.499699 4.623747 1.654850
v -4.485185 4.420204 1.618880
v -4.485185 4.420199 1.235910
v -4.301219 4.975752 0.989682
v -4.301219 5.110693 0.825262
v -4.301219 4.811332 1.124617
v -4.563508 4.811332 1.124617
v -4.301219 4.623747 1.189745
v -4.499699 4.623747 1.189745
v -4.515687 4.623747 1.205729
v -4.580810 4.811332 1.141920
v -4.580810 4.811332 1.141920
v -4.301219 4.420199 1.220243
v -4.469518 4.420199 1.220243
v -4.485185 4.420199 1.235910
v -4.515687 4.623747 1.205729
v -4.715746 4.975752 1.008646
v -4.301219 5.210956 0.637673
v -5.249640 5.272704 0.434128
v -4.301219 5.272704 0.434128
v -5.456107 5.293059 0.227463
v -5.482954 5.293553 0.227463
v -5.271294 5.272704 0.455786
v -4.301224 5.293059 0.227463
v -5.482954 5.293552 2.467511
v -5.694665 5.272703 2.257004
v -5.504868 5.293552 2.489372
v -5.717461 5.272703 2.277698
v -5.921279 5.210960 2.113387
v -5.898223 5.210960 2.094147
v -5.694665 5.272704 0.455786
v -6.499395 5.272703 2.277698
v -6.499395 5.210960 2.113387
v -6.499395 5.110693 1.964888
v -6.107131 5.110693 1.964882
v -6.499395 4.975752 1.824687
v -6.269510 4.975752 1.824687
v -6.085788 5.110693 1.946152
v -6.250192 4.975752 1.806735
v -5.898223 5.210956 0.658728
v -6.085788 5.110693 0.845379
v -6.250192 4.975752 1.008677
v -6.375028 4.811130 1.703549
v -6.105884 5.110693 0.825262
v -5.919254 5.210956 0.637673
v -6.499395 5.110693 0.825262
v -5.716319 5.272704 0.434128
v -6.499395 5.210956 0.637673
v -6.499395 4.975752 0.989682
v -6.268939 4.975752 0.989682
v -6.377883 4.804451 1.144272
v -6.456036 4.617697 1.206565
v -6.394760 4.805225 1.126741
v -6.477689 4.420432 1.235878
v -6.452920 4.629381 1.640949
v -6.471666 4.619597 1.190363
v -6.477066 4.426129 1.619456
v -6.469589 4.627631 1.656206
v -6.392476 4.811332 1.720451
v -6.499395 5.272704 0.434130
v -5.509852 5.293059 0.227463
v -6.499395 5.293059 0.227463
v -6.499395 5.293552 2.489378
v -6.499395 5.272703 2.701053
v -5.717254 5.272703 2.701058
v -6.499395 5.210960 2.870987
v -5.920915 5.210960 2.870987
v -5.898223 5.210960 3.395213
v -5.898223 5.210960 2.890471
v -6.499395 5.110693 3.025058
v -6.101833 5.113538 3.020686
v -6.085788 5.110693 3.395213
v -6.080439 5.113543 3.039297
v -6.499395 4.975752 3.154121
v -6.266706 4.978171 3.151810
v -6.250192 4.975752 3.395213
v -6.247232 4.978182 3.169647
v -6.499395 4.811332 3.264853
v -6.393306 4.808253 3.265719
v -6.393306 4.808253 3.265719
v -6.247232 4.978182 3.169647
v -6.393306 4.808253 3.265719
v -6.499395 4.623746 3.335506
v -6.499395 4.420204 3.352995
v -6.493268 4.420396 3.352979
v -6.393306 4.808253 3.265719
v -6.471458 4.621368 3.335604
v -6.455568 4.621010 3.351417
v -6.477638 4.420630 3.368516
v -6.455568 4.621010 3.351417
v -6.375962 4.808216 3.282617
v -6.455568 4.621010 3.351417
v -6.393306 4.808253 3.265719
v -6.393306 4.808253 3.265719
v -6.375962 4.808216 3.282617
v -6.374924 4.811332 3.395213
v -6.375962 4.808216 3.282617
v -6.455412 4.623746 3.395213
v -6.455568 4.621010 3.351417
v -6.477689 4.420204 3.395212
v -6.455568 4.621010 3.351417
v -6.455568 4.621010 3.351417
v -6.477638 4.420630 3.368516
v -4.301219 4.623747 1.654850
v -4.499699 4.623747 1.654850
v -4.580810 4.811332 1.703663
v -4.038494 4.811332 1.720451
v -4.107111 4.623747 1.654850
v -4.301219 4.420204 1.634453
v -4.469518 4.420204 1.634453
v -4.515687 4.623747 1.638908
v -4.132884 4.420204 1.634453
v -4.091097 4.623747 1.638914
v -4.117258 4.420204 1.618880
v -4.021632 4.811332 1.703476
v -3.924942 4.975752 1.806252
v -3.924942 4.975752 1.806252
v -3.790178 5.110693 1.945534
v -3.924942 4.975752 1.610301
v -4.021632 4.811332 1.610301
v -4.021632 4.811332 1.703476
v -3.790178 5.110693 1.610301
v -3.622408 5.210961 1.610301
v -3.622408 5.210961 1.610301
v -4.091097 4.623747 1.610301
v -4.117258 4.420204 1.610301
v -4.091097 4.623747 1.638914
v -4.117258 4.420204 1.618880
v -4.107111 4.623747 1.654850
v -4.038494 4.811332 1.720451
v -4.301219 4.622843 3.335589
v -4.499564 4.622791 3.335589
v -4.515584 4.623046 3.351525
v -4.580234 4.809670 3.282404
v -4.301219 4.420204 3.352995
v -4.469518 4.420204 3.352995
v -4.107246 4.622791 3.335589
v -4.132884 4.420204 3.352995
v -4.039091 4.809431 3.265563
v -4.022209 4.809676 3.282601
v -3.927274 4.972911 3.174305
v -3.794644 5.107026 3.047714
v -3.927274 4.972911 3.174305
v -3.790178 5.110693 3.395213
v -3.924942 4.975752 3.395213
v -4.021632 4.811332 3.395213
v -4.022209 4.809676 3.282601
v -4.091097 4.623746 3.395213
v -4.091200 4.623046 3.351521
v -4.107246 4.622791 3.335589
v -4.039091 4.809431 3.265563
v -4.117258 4.420204 3.395212
v -4.117258 4.420204 3.395212
v -4.117258 4.420204 3.368553
v -4.132884 4.420204 3.352995
v -4.107246 4.622791 3.335589
v -3.622408 5.210960 3.395213
v -0.642495 4.975752 1.824687
v -0.660556 4.975752 1.806252
v -0.795320 5.110693 1.945534
v -0.368236 4.811332 1.720451
v -0.547004 4.811332 1.720451
v -0.563860 4.811332 1.703476
v -0.660556 4.975752 1.806252
v -0.189471 4.811332 1.720451
v -0.368236 4.623747 1.654850
v -0.172615 4.811332 1.703476
v -0.075920 4.975752 1.806252
v -0.258092 4.623747 1.654850
v -0.478381 4.623747 1.654850
v -0.368236 4.420204 1.634453
v -0.283864 4.420204 1.634453
v -0.242076 4.623747 1.638914
v -0.452615 4.420204 1.634453
v -0.494401 4.623747 1.638914
v -0.468240 4.420204 1.618880
v -0.268238 4.420204 1.618880
v -0.660556 4.975752 1.610301
v -0.795320 5.110693 1.945534
v -0.795320 5.110693 1.945534
v -0.660556 4.975752 1.806252
v -0.563860 4.811332 1.610301
v -0.563860 4.811332 1.703476
v -0.494401 4.623747 1.610301
v -0.494401 4.623747 1.638914
v -0.478381 4.623747 1.654850
v -0.547004 4.811332 1.720451
v -0.468240 4.420204 1.610301
v -0.468240 4.420204 1.618880
v 0.593085 5.293339 3.395213
v -0.172615 4.811332 3.395213
v -0.173191 4.809676 3.282601
v -0.242076 4.623746 3.395213
v -0.242181 4.623046 3.351521
v -0.258227 4.622791 3.335589
v -0.190073 4.809431 3.265563
v -0.268238 4.420204 3.395212
v -0.268238 4.420204 3.395212
v -0.268238 4.420204 3.368553
v -0.283864 4.420204 3.352995
v -0.258227 4.622791 3.335589
v -2.007588 4.975752 3.395213
v -2.004638 4.978177 3.170052
v -2.103769 4.811332 3.395213
v -2.104777 4.808222 3.282773
v -2.171281 4.623746 3.395213
v -2.171437 4.621010 3.351432
v -2.187436 4.620117 3.335651
v -2.121684 4.807837 3.265834
v -2.193532 4.420204 3.395212
v -2.209054 4.420868 3.352937
v -2.193485 4.420630 3.368516
v -2.187436 4.620117 3.335651
v -2.121684 4.807837 3.265834
v -2.104777 4.808222 3.282773
v -2.004638 4.978177 3.170052
v -2.463813 4.807837 3.265834
v -2.292751 4.620698 3.335630
v -2.187436 4.620117 3.335651
v -2.398062 4.620117 3.335651
v -2.292751 4.420775 3.352943
v -2.480721 4.808222 3.282773
v -2.580859 4.978177 3.170052
v -2.376444 4.420868 3.352937
v -2.209054 4.420868 3.352937
v -2.481728 4.811332 3.395213
v -2.480721 4.808222 3.282773
v -2.414217 4.623746 3.395213
v -2.414056 4.621010 3.351432
v -2.398062 4.620117 3.335651
v -2.463813 4.807837 3.265834
v -2.391965 4.420204 3.395212
v -2.392012 4.420630 3.368516
v -2.376444 4.420868 3.352937
v -2.398062 4.620117 3.335651
v -6.499395 4.623747 1.189745
v -6.493268 4.420199 1.220243
v -6.471666 4.619597 1.190363
v -6.394760 4.805225 1.126741
v -6.477689 4.420432 1.235878
v -6.456036 4.617697 1.206565
v -6.493268 4.420199 1.220243
v -6.499395 4.420199 1.220243
v -6.493268 4.420199 1.220243
v -6.499395 4.811332 1.124617
v -6.268939 4.975752 0.989682
v -6.377883 4.804451 1.144272
v -6.499395 4.975752 0.989682
v -6.250192 4.975752 1.008677
v -6.499395 4.811332 1.720451
v -6.269510 4.975752 1.824687
v -6.392476 4.811332 1.720451
v -6.499395 4.623747 1.654850
v -6.469589 4.627631 1.656206
v -6.250192 4.975752 1.806735
v -6.375028 4.811130 1.703549
v -6.499395 4.975752 1.824687
v -6.499395 4.420204 1.634453
v -6.493164 4.421923 1.634624
v -6.452920 4.629381 1.640949
v -6.477066 4.426129 1.619456
v 4.439963 5.293552 2.489372
v 4.651742 5.272703 3.395213
v 4.651742 5.272703 2.701058
v 4.808576 5.210960 3.395213
v 4.808576 5.210960 2.870987
v 5.487391 5.272703 2.701058
v 5.487391 5.210960 2.870987
v 4.439963 5.293552 3.395213
v 4.229847 5.272703 3.395213
v 4.229847 5.272703 2.701058
v 4.075459 5.210960 3.395213
v 3.478919 5.210960 2.870987
v 4.075459 5.210960 2.870987
v 3.478919 5.272703 2.701053
v 3.905114 5.110693 3.395213
v 3.478919 5.112375 3.022472
v 3.910733 5.113694 3.020447
v 3.764082 4.975752 3.395213
v 3.478919 4.977476 3.152474
v 3.767276 4.978374 3.151612
v 2.903119 5.210960 2.870987
v 3.067471 5.113632 3.020541
v 3.208949 4.978317 3.151670
v 3.478919 4.808668 3.265600
v 3.666738 4.807754 3.265860
v 3.667896 4.811332 3.395213
v 3.666738 4.807754 3.265860
v 3.307852 4.807837 3.265834
v 3.478919 4.620698 3.335630
v 3.600171 4.620028 3.335656
v 3.373609 4.620117 3.335651
v 3.478919 4.420775 3.352943
v 3.290949 4.808222 3.282773
v 3.190806 4.978177 3.170052
v 3.047396 5.113538 3.039811
v 3.190806 4.978177 3.170052
v 2.882384 5.210960 2.891863
v 3.052724 5.110693 3.395213
v 3.193760 4.975752 3.395213
v 2.727996 5.272703 2.723111
v 2.882384 5.210960 3.395213
v 2.749063 5.272703 2.701058
v 2.539658 5.293552 2.489372
v 2.517874 5.293552 2.489372
v 3.478919 5.293552 2.489378
v 3.478919 5.272703 2.277698
v 2.749198 5.272703 2.277698
v 2.727996 5.272703 2.255831
v 4.229847 5.272703 2.277698
v 3.478919 5.210960 2.113387
v 2.903389 5.210960 2.113387
v 2.882384 5.210960 2.092834
v 4.075459 5.210960 2.113387
v 3.478919 5.110693 1.964888
v 4.075459 5.210961 1.610301
v 4.229847 5.272704 1.610301
v 3.905114 5.110693 1.964882
v 3.905114 5.110693 1.610301
v 3.905114 5.110693 1.964882
v 3.764082 4.975752 1.610301
v 3.905114 5.110693 1.964882
v 3.667330 4.810018 1.610301
v 3.764082 4.975752 1.824687
v 3.905114 5.110693 1.964882
v 3.602659 4.628555 1.610301
v 3.667896 4.811332 1.720451
v 3.478919 4.975752 1.824687
v 3.905114 5.110693 1.964882
v 3.478919 4.811332 1.720451
v 3.667896 4.811332 1.720451
v 3.072955 5.110693 1.964882
v 3.211951 4.975752 1.824687
v 3.905114 5.110693 1.964882
v 3.306756 4.811332 1.720451
v 3.478919 4.628695 1.656580
v 3.602991 4.629812 1.656969
v 3.370862 4.629667 1.656922
v 3.478919 4.425417 1.634978
v 3.290030 4.811130 1.703372
v 3.193760 4.975752 1.806325
v 3.052724 5.110693 1.945653
v 3.193760 4.975752 1.806325
v 3.193760 4.975752 1.610301
v 3.052724 5.110693 1.610301
v 3.290508 4.810018 1.610301
v 3.290030 4.811130 1.703372
v 3.355179 4.628555 1.610301
v 3.354961 4.629381 1.640929
v 3.306756 4.811332 1.720451
v 3.379071 4.425994 1.610301
v 3.379056 4.426129 1.619456
v 3.370862 4.629667 1.656922
v 3.370862 4.629667 1.656922
v 3.394655 4.426212 1.635055
v 2.882384 5.210961 1.610301
v 2.727996 5.272704 1.610301
v 2.517874 5.293552 2.467469
v 2.517874 5.293553 1.610301
v 2.306095 5.272704 1.610301
v 2.306095 5.272703 2.255945
v 2.149262 5.210961 1.610301
v 2.149262 5.210960 2.092860
v 2.284774 5.272703 2.277698
v 1.981487 5.110693 1.610301
v 1.981487 5.110693 1.945534
v 2.128252 5.210960 2.113387
v 1.961479 5.110693 1.964882
v 2.149262 5.210961 1.610301
v 1.981487 5.110693 1.945534
v 1.981487 5.110693 1.945534
v 1.846728 4.975752 1.610301
v 1.981487 5.110693 1.945534
v 1.846728 4.975752 1.806252
v 1.750033 4.811332 1.610301
v 1.750033 4.811332 1.703476
v 1.680569 4.623747 1.610301
v 1.680569 4.623747 1.638914
v 1.664554 4.623747 1.654850
v 1.733177 4.811332 1.720451
v 1.654412 4.420204 1.610301
v 1.654412 4.420204 1.618880
v 1.554409 5.110693 1.964882
v 1.554409 4.975752 1.824687
v 1.828663 4.975752 1.824687
v 1.846728 4.975752 1.806252
v 1.981487 5.110693 1.945534
v 1.554409 5.210960 2.113387
v 0.824008 5.272703 2.277698
v 0.980567 5.210960 2.113387
v 1.554409 5.272703 2.277698
v 2.496002 5.293552 2.489372
v 0.593085 5.293510 2.489372
v 1.554409 5.293552 2.489378
v 1.554409 5.272703 2.701058
v 2.284914 5.272703 2.701058
v 2.284914 5.272703 2.701058
v 2.284914 5.272703 2.701058
v 2.306095 5.272703 2.722992
v 2.517874 5.293552 2.511276
v 2.306095 5.272703 3.395213
v 2.149262 5.210960 3.395213
v 2.149262 5.210960 2.891800
v 2.284914 5.272703 2.701058
v 2.149262 5.210960 3.395213
v 2.517874 5.293552 3.395213
v 2.727996 5.272703 3.395213
v 1.981487 5.110693 3.395213
v 1.977026 5.107026 3.047714
v 1.956800 5.106850 3.028735
v 2.149262 5.210960 3.395213
v 2.284914 5.272703 2.701058
v 2.128511 5.210960 2.870987
v 1.846728 4.975752 3.395213
v 1.844397 4.972911 3.174305
v 1.826102 4.972693 3.156182
v 1.956800 5.106850 3.028735
v 1.750033 4.811332 3.395213
v 1.749456 4.809676 3.282601
v 1.680569 4.623746 3.395213
v 1.680465 4.623046 3.351521
v 1.664419 4.622791 3.335589
v 1.732575 4.809431 3.265563
v 1.654412 4.420204 3.395212
v 1.654412 4.420204 3.395212
v 1.654412 4.420204 3.368553
v 1.638787 4.420204 3.352995
v 1.664419 4.622791 3.335589
v 1.554409 5.107255 3.028345
v 1.554409 4.972917 3.156032
v 1.826102 4.972693 3.156182
v 2.284914 5.272703 2.701058
v 1.554409 5.210960 2.870987
v 0.980307 5.210960 2.870987
v 1.152018 5.106850 3.028735
v 1.282716 4.972693 3.156182
v 1.554409 4.809515 3.265532
v 0.959556 5.210960 2.891800
v 1.131792 5.107026 3.047714
v 0.823873 5.272703 2.701058
v 2.284914 5.272703 2.701058
v 0.802723 5.272703 2.723023
v 0.802723 5.272703 2.255909
v 0.593085 5.293422 2.512133
v 0.593085 5.293422 2.466618
v 0.959556 5.210960 3.395213
v 0.802723 5.272703 3.395213
v 0.959556 5.210960 3.395213
v 0.593085 5.293339 3.395213
v 1.127331 5.110693 3.395213
v 0.959556 5.210960 3.395213
v 1.262090 4.975752 3.395213
v 1.264421 4.972911 3.174305
v 1.282716 4.972693 3.156182
v 1.152018 5.106850 3.028735
v 1.358785 4.811332 3.395213
v 1.359362 4.809676 3.282601
v 1.428244 4.623746 3.395213
v 1.428353 4.623046 3.351521
v 1.444394 4.622791 3.335589
v 1.376244 4.809431 3.265563
v 1.454406 4.420204 3.395212
v 1.454406 4.420204 3.395212
v 1.454406 4.420204 3.368553
v 1.470031 4.420204 3.352995
v 1.444394 4.622791 3.335589
v 0.802723 5.272704 1.610301
v 0.593085 5.293340 1.610301
v 0.959562 5.210961 1.610301
v 0.959562 5.210961 1.610301
v 0.959556 5.210960 2.092860
v 1.127331 5.110693 1.610301
v 1.127331 5.110693 1.945534
v 1.147339 5.110693 1.964882
v 0.959562 5.210961 1.610301
v 1.262090 4.975752 1.610301
v 1.262090 4.975752 1.806252
v 1.358785 4.811332 1.610301
v 1.358785 4.811332 1.703476
v 1.428244 4.623747 1.610301
v 1.444264 4.623747 1.654850
v 1.375641 4.811332 1.720451
v 1.428244 4.623747 1.638914
v 1.454406 4.420204 1.610301
v 1.454406 4.420204 1.618880
v 1.280156 4.975752 1.824687
v 1.262090 4.975752 1.806252
v 1.127331 5.110693 1.945534
v 1.554409 4.811332 1.720451
v 1.375641 4.811332 1.720451
v 1.358785 4.811332 1.703476
v 1.262090 4.975752 1.806252
v 1.733177 4.811332 1.720451
v 1.554409 4.623747 1.654850
v 1.750033 4.811332 1.703476
v 1.846728 4.975752 1.806252
v 1.664554 4.623747 1.654850
v 1.444264 4.623747 1.654850
v 1.554409 4.420204 1.634453
v 1.638787 4.420204 1.634453
v 1.680569 4.623747 1.638914
v 1.470031 4.420204 1.634453
v 1.428244 4.623747 1.638914
v 1.454406 4.420204 1.618880
v 1.654412 4.420204 1.618880
v 1.376244 4.809431 3.265563
v 1.359362 4.809676 3.282601
v 1.264421 4.972911 3.174305
v 1.732575 4.809431 3.265563
v 1.554409 4.622822 3.335589
v 1.444394 4.622791 3.335589
v 1.664419 4.622791 3.335589
v 1.554409 4.420204 3.352995
v 1.749456 4.809676 3.282601
v 1.844397 4.972911 3.174305
v 1.470031 4.420204 3.352995
v 1.638787 4.420204 3.352995
v 3.578808 4.426363 1.635071
v 3.394655 4.426212 1.635055
v 3.602991 4.629812 1.656969
v 3.578766 4.425994 1.610301
v 3.578808 4.426363 1.635071
v 5.487391 5.272703 2.277698
v 4.651742 5.272703 2.277698
v 4.651742 5.272704 1.610301
v 4.439963 5.293553 1.610301
v 5.487391 5.293552 2.489378
v 4.808576 5.210961 1.610301
v 5.487391 5.210960 2.113387
v 4.808576 5.210960 2.113387
v 4.808576 5.210961 1.610301
v 6.457461 5.272703 2.277698
v 6.253903 5.210960 2.113387
v 5.487391 5.110693 1.964882
v 4.976350 5.110693 1.964882
v 4.976350 5.110693 1.610301
v 4.808576 5.210961 1.610301
v 6.066339 5.110693 1.964882
v 5.487391 4.975752 1.824687
v 5.111109 4.975752 1.824687
v 5.111109 4.975752 1.610301
v 5.901934 4.975752 1.824687
v 5.487391 4.811332 1.720451
v 5.901934 4.975752 1.824687
v 5.207805 4.811332 1.720451
v 5.207805 4.811332 1.610301
v 5.207805 4.811332 1.720451
v 5.901934 4.975752 1.824687
v 5.766973 4.811332 1.720451
v 5.487391 4.623747 1.654850
v 5.277269 4.623747 1.654850
v 5.701855 4.623747 1.654850
v 5.487391 4.420204 1.634453
v 5.303425 4.420204 1.634453
v 5.671373 4.420204 1.634453
v 5.277269 4.623747 1.610301
v 5.277269 4.623747 1.654850
v 5.303425 4.420204 1.610301
v 5.303425 4.420204 1.634453
v 6.253903 5.210956 0.637673
v 6.066339 5.110693 0.825262
v 5.901934 4.975752 1.824687
v 6.457461 5.272704 0.434128
v 6.664136 5.293059 0.227463
v 5.487391 5.210956 0.637673
v 5.487391 5.272704 0.434128
v 6.669173 5.293552 2.489372
v 6.669173 5.293553 0.227463
v 5.487391 5.293059 0.227463
v 6.880832 5.272704 0.434128
v 6.674158 5.293059 0.227463
v 7.685563 5.272704 0.434130
v 7.685563 5.293059 0.227463
v 7.685563 5.210956 0.637673
v 7.084391 5.210956 0.637673
v 7.685563 5.110693 0.825262
v 7.084391 5.210960 2.113387
v 7.271954 5.110693 1.964882
v 7.271954 5.110693 0.825262
v 7.685563 4.975752 0.989682
v 7.436359 4.975752 1.824687
v 7.436359 4.975752 0.989682
v 7.685563 5.110693 1.964888
v 7.685563 4.975752 1.824687
v 7.561090 4.811332 1.720451
v 7.564155 4.804244 1.127079
v 7.642306 4.617271 1.190711
v 7.638983 4.629812 1.656969
v 7.663857 4.420199 1.220243
v 7.663182 4.426363 1.635071
v 7.685563 5.210960 2.113387
v 6.880832 5.272703 2.277698
v 7.685563 5.272703 2.277698
v 7.685563 5.293552 2.489378
v 7.685563 5.272703 2.701053
v 6.880832 5.272703 2.701058
v 7.685563 5.210960 2.870987
v 6.880832 5.272703 3.395213
v 7.084391 5.210960 3.395213
v 7.084391 5.210960 2.870987
v 7.685563 5.110693 3.025058
v 7.271954 5.110693 3.395213
v 7.266346 5.113694 3.020447
v 7.685563 4.975752 3.154121
v 7.436359 4.975752 3.395213
v 7.433192 4.978374 3.151612
v 7.685563 4.811332 3.264853
v 7.561090 4.811332 3.395213
v 7.562285 4.807754 3.265860
v 7.562285 4.807754 3.265860
v 7.685563 4.623746 3.335506
v 7.641787 4.620028 3.335656
v 7.685563 4.420204 3.352995
v 7.663805 4.420884 3.352937
v 7.641580 4.623746 3.395213
v 7.641787 4.620028 3.335656
v 7.663857 4.420204 3.395212
v 7.663805 4.420884 3.352937
v 6.669173 5.293552 3.395213
v 6.457461 5.272703 3.395213
v 6.457461 5.272703 2.701058
v 6.253903 5.210960 3.395213
v 6.253903 5.210960 2.870987
v 6.066339 5.110693 3.395213
v 5.487391 5.107338 3.028268
v 6.061613 5.106829 3.028756
v 4.981055 5.106829 3.028756
v 5.487391 4.972984 3.155985
v 5.901934 4.975752 3.395213
v 5.899389 4.972678 3.156192
v 5.113633 4.972678 3.156192
v 5.487391 4.809556 3.265522
v 4.976350 5.110693 3.395213
v 5.111109 4.975752 3.395213
v 4.808576 5.210960 3.395213
v 5.207805 4.811332 3.395213
v 5.208469 4.809426 3.265569
v 5.208469 4.809426 3.265569
v 5.277269 4.623746 3.395213
v 5.277409 4.622791 3.335589
v 5.303425 4.420204 3.395212
v 5.303425 4.420204 3.352995
v 5.208469 4.809426 3.265569
v 5.487391 4.622843 3.335589
v 5.766298 4.809426 3.265569
v 5.277409 4.622791 3.335589
v 5.487391 4.420204 3.352995
v 5.701699 4.622791 3.335589
v 5.303425 4.420204 3.352995
v 5.671373 4.420204 3.352995
v 5.766973 4.811332 3.395213
v 5.766298 4.809426 3.265569
v 5.701855 4.623746 3.395213
v 5.701699 4.622791 3.335589
v 5.671373 4.420204 3.395212
v 5.671373 4.420204 3.352995
v 5.487391 5.110693 0.825262
v 5.487391 4.975752 0.989682
v 5.901934 4.975752 0.989682
v 5.901934 4.975752 1.824687
v 5.487391 4.811332 1.124617
v 5.766973 4.811332 1.720451
v 5.901934 4.975752 1.824687
v 5.766973 4.811332 1.124617
v 5.766973 4.811332 1.124617
v 5.487391 4.623747 1.189745
v 5.701855 4.623747 1.189745
v 5.701855 4.623747 1.189745
v 5.487391 4.420199 1.220243
v 5.701855 4.623747 1.189745
v 5.671373 4.420199 1.220243
v 5.701855 4.623747 1.189745
v 5.701855 4.623747 1.654850
v 5.701855 4.623747 1.189745
v 5.701855 4.623747 1.189745
v 5.671373 4.420204 1.634453
v 5.701855 4.623747 1.189745
v 5.671373 4.420199 1.220243
v 3.289942 4.811332 3.395213
v 3.290949 4.808222 3.282773
v 3.357454 4.623746 3.395213
v 3.357610 4.621010 3.351432
v 3.373609 4.620117 3.335651
v 3.307852 4.807837 3.265834
v 3.379705 4.420204 3.395212
v 3.379658 4.420630 3.368516
v 3.395226 4.420868 3.352937
v 3.373609 4.620117 3.335651
v 3.395226 4.420868 3.352937
v 3.578206 4.420884 3.352937
v 3.600389 4.623746 3.395213
v 3.600171 4.620028 3.335656
v 3.578133 4.420204 3.395212
v 3.578206 4.420884 3.352937
v 7.663857 4.420199 1.220243
v 7.685563 4.623747 1.189745
v 7.642306 4.617271 1.190711
v 7.564155 4.804244 1.127079
v 7.685563 4.420199 1.220243
v 7.685563 4.811332 1.124617
v 7.436359 4.975752 0.989682
v 7.685563 4.975752 0.989682
v 7.436359 4.975752 1.824687
v 7.685563 4.811332 1.720451
v 7.561090 4.811332 1.720451
v 7.685563 4.623747 1.654850
v 7.638983 4.629812 1.656969
v 7.685563 4.975752 1.824687
v 7.685563 4.420204 1.634453
v 7.663182 4.426363 1.635071
vn -0.5004 -0.8658 -0.0000
vn -0.0000 -1.0000 -0.0000
vn -0.8661 -0.4999 -0.0000
vn -0.8661 -0.4998 -0.0000
vn 0.5004 -0.8658 -0.0000
vn 0.8661 -0.4998 -0.0000
vn 0.8661 -0.4999 -0.0000
vn 1.0000 -0.0001 -0.0000
vn 1.0000 -0.0002 -0.0000
vn 0.9659 0.2589 -0.0000
vn -1.0000 -0.0001 -0.0000
vn -1.0000 -0.0002 -0.0000
vn -0.9659 0.2589 -0.0000
vn -0.8659 -0.5002 -0.0000
vn -0.4997 -0.8662 -0.0000
vn -1.0000 0.0003 -0.0000
vn -0.0005 -1.0000 -0.0000
vn 0.2581 -0.9661 -0.0000
vn -0.8658 0.5005 -0.0000
vn -0.4997 0.8662 -0.0000
vn -0.0005 1.0000 -0.0000
vn 0.2582 0.9661 -0.0000
vn 0.8659 -0.5002 -0.0000
vn 1.0000 0.0003 -0.0000
vn 0.4997 -0.8662 -0.0000
vn 0.8657 0.5005 -0.0000
vn 0.4997 0.8662 -0.0000
vn 0.0004 1.0000 -0.0000
vn -0.2583 0.9661 -0.0000
vn 0.0004 -1.0000 -0.0000
vn 0.0005 -1.0000 -0.0000
vn -0.2582 -0.9661 -0.0000
vn -0.0000 1.0000 -0.0000
vn -0.5004 0.8658 -0.0000
vn 0.5004 0.8658 -0.0000
vn -0.8661 0.4998 -0.0000
vn -0.9658 0.2592 -0.0000
vn 0.8661 0.4998 -0.0000
vn 0.8661 0.4999 -0.0000
vn 1.0000 0.0001 -0.0000
vn 1.0000 0.0002 -0.0000
vn 0.9659 -0.2589 -0.0000
vn -0.9659 -0.2589 -0.0000
vn -0.0000 -0.0000 -1.0000
vn -0.8662 -0.4998 -0.0000
vn -0.8662 -0.4997 -0.0000
vn 0.5005 -0.8657 -0.0000
vn 0.8662 -0.4998 -0.0000
vn -0.9660 0.2585 -0.0000
vn -1.0000 0.0004 -0.0000
vn -0.0004 -1.0000 -0.0000
vn 0.2582 -0.9661 -0.0000
vn -0.8657 0.5005 -0.0000
vn -0.0004 1.0000 -0.0000
vn 1.0000 0.0004 -0.0000
vn 0.8658 0.5005 -0.0000
vn 0.0005 1.0000 -0.0000
vn 0.2128 0.9771 -0.0000
vn -0.2582 0.9661 -0.0000
vn -0.2581 -0.9661 -0.0000
vn 0.5005 0.8657 -0.0000
vn -0.8662 0.4997 -0.0000
vn -0.9659 0.2590 -0.0000
vn 0.8662 0.4998 -0.0000
vn -0.9660 -0.2585 -0.0000
vn -0.4996 0.8662 -0.0000
vn -0.8659 0.5003 -0.0000
vn -0.8659 0.5002 -0.0000
vn 0.8659 0.5003 -0.0000
vn -0.9661 0.2583 -0.0000
vn -0.0000 -0.0000 1.0000
vn 0.0001 -0.0000 -1.0000
vn -0.0001 -0.0000 -1.0000
vn -1.0000 -0.0000 -0.0000
vn 1.0000 -0.0000 -0.0000
vn -0.8659 -0.5003 -0.0000
vn -0.8657 0.5006 -0.0000
vn 0.2583 0.9661 -0.0000
vn 0.8659 -0.5003 -0.0000
vn 0.8657 0.5006 -0.0000
vn -0.0000 -0.8662 -0.4997
vn -0.0000 -0.8662 0.4997
vn -0.0000 -0.5003 -0.8659
vn -0.0000 0.0001 -1.0000
vn -0.0000 0.2588 -0.9659
vn -0.0000 -0.5003 0.8659
vn -0.0000 0.0002 1.0000
vn -0.0000 0.2588 0.9659
vn -0.0000 -0.8664 -0.4994
vn -0.0000 -0.4997 -0.8662
vn -0.0000 -1.0000 0.0007
vn -0.0000 -1.0000 0.0008
vn -0.0000 0.4998 -0.8662
vn -0.0000 0.4997 -0.8662
vn -0.0000 0.8658 -0.5004
vn -0.0000 0.8657 -0.5005
vn -0.0000 1.0000 -0.0004
vn -0.0000 1.0000 -0.0005
vn -0.0000 0.9661 0.2583
vn -0.0000 0.9661 0.2582
vn -0.0000 -0.9661 0.2583
vn -0.0000 -0.9661 0.2582
vn -0.0000 -0.4997 0.8662
vn -0.0000 0.4997 0.8662
vn -0.0000 -0.8664 0.4994
vn -0.0000 -1.0000 -0.0008
vn -0.0000 -1.0000 -0.0007
vn -0.0000 -0.9661 -0.2582
vn -0.0000 0.8658 0.5005
vn -0.0000 0.8657 0.5005
vn -0.0000 1.0000 0.0004
vn -0.0000 1.0000 0.0005
vn -0.0000 0.9661 -0.2582
vn -0.0000 0.8658 -0.5005
vn -0.0000 0.4998 -0.8661
vn -0.0000 0.8658 0.5004
vn -0.0000 0.4998 0.8661
vn -0.0000 -0.2588 0.9659
vn -0.0000 0.2591 -0.9658
vn -0.0000 -0.2588 -0.9659
vn -1.0000 0.0001 -0.0000
vn -0.8658 0.5004 -0.0000
vn -0.8658 0.5003 -0.0000
vn 0.4996 0.8662 -0.0000
vn 0.8658 0.5003 -0.0000
vn 0.8658 0.5004 -0.0000
vn 1.0000 -0.0003 -0.0000
vn 0.9660 0.2585 -0.0000
vn -0.2128 -0.9771 -0.0000
vn 0.9660 -0.2585 -0.0000
vn 0.1432 -0.9880 0.0577
vn 0.2344 -0.9721 -0.0000
vn 0.3663 -0.9305 -0.0000
vn 0.0007 -1.0000 0.0004
vn 0.0567 -0.9886 0.1391
vn 0.3294 -0.9372 0.1152
vn -0.2374 -0.9714 -0.0000
vn -0.4406 -0.8977 -0.0000
vn -0.1448 -0.9878 0.0580
vn -0.3296 -0.9372 0.1140
vn -0.0570 -0.9886 0.1393
vn -0.6045 -0.7966 -0.0024
vn -0.1214 -0.9405 0.3173
vn -0.1711 -0.8540 0.4914
vn -0.4631 -0.8681 0.1787
vn -0.7851 -0.6193 -0.0047
vn -0.1419 -0.7303 0.6683
vn -0.6579 -0.7401 0.1390
vn -0.0000 -0.6279 0.7783
vn -0.0000 -0.7707 0.6372
vn -0.0000 -0.8948 0.4464
vn 0.1710 -0.8540 0.4914
vn 0.1214 -0.9405 0.3173
vn -0.0000 -0.4561 0.8899
vn 0.2338 -0.7262 0.6465
vn 0.4631 -0.8681 0.1787
vn 0.3296 -0.9372 0.1140
vn 0.0581 -0.9885 0.1395
vn -0.0000 -0.9752 0.2215
vn 0.1450 -0.9877 0.0590
vn 0.0008 -1.0000 -0.0041
vn -0.0008 -1.0000 0.0041
vn -0.0000 -0.9739 -0.2268
vn -0.0590 -0.9881 -0.1419
vn -0.1457 -0.9875 -0.0595
vn -0.0000 -0.8885 -0.4588
vn 0.0580 -0.9882 -0.1417
vn -0.3297 -0.9368 -0.1169
vn -0.1220 -0.9372 -0.3267
vn -0.0000 -0.7775 -0.6288
vn 0.1220 -0.9372 -0.3267
vn -0.1675 -0.8537 -0.4931
vn -0.0000 -0.6325 -0.7746
vn 0.1675 -0.8537 -0.4931
vn 0.3297 -0.9368 -0.1169
vn 0.2383 -0.7316 -0.6387
vn 0.4599 -0.8693 -0.1812
vn -0.0000 -0.4356 -0.9001
vn -0.2383 -0.7316 -0.6387
vn -0.4599 -0.8693 -0.1812
vn -0.6616 -0.7378 -0.1342
vn -0.1884 -0.5513 -0.8128
vn -0.5388 -0.6502 -0.5356
vn -0.5398 -0.6501 -0.5348
vn -0.0000 -0.2187 -0.9758
vn 0.1884 -0.5513 -0.8128
vn 0.0007 -0.2348 -0.9720
vn -0.0000 -0.1065 -0.9943
vn -0.0007 -0.2348 -0.9720
vn 0.5388 -0.6502 -0.5356
vn 0.6616 -0.7378 -0.1342
vn 0.5398 -0.6501 -0.5348
vn 0.7851 -0.6194 -0.0000
vn 0.9069 -0.4214 -0.0000
vn 0.8571 -0.4682 -0.2147
vn 0.6033 -0.7975 -0.0000
vn 0.4406 -0.8977 -0.0000
vn 0.1455 -0.9876 -0.0586
vn 0.2374 -0.9714 -0.0000
vn 0.0005 -1.0000 -0.0007
vn 0.0043 -1.0000 0.0008
vn -0.2344 -0.9721 -0.0000
vn -0.1434 -0.9879 0.0586
vn -0.0576 -0.9886 0.1393
vn -0.3663 -0.9305 -0.0000
vn -0.3294 -0.9372 0.1152
vn -0.5130 -0.8584 -0.0000
vn -0.6146 -0.7889 0.0005
vn -0.1217 -0.9397 0.3197
vn -0.4760 -0.8603 0.1826
vn -0.0917 -0.8506 0.5177
vn -0.7909 -0.6120 0.0016
vn -0.4092 -0.8056 0.4284
vn -0.4195 -0.8070 0.4157
vn -0.6760 -0.7229 0.1431
vn -0.9037 -0.4282 -0.0001
vn -0.8550 -0.4751 0.2080
vn -0.9709 -0.2395 -0.0010
vn -0.6285 -0.4632 0.6249
vn -0.6326 -0.4637 0.6203
vn -0.9131 -0.3450 0.2174
vn -0.9918 -0.1275 0.0003
vn -0.9158 -0.1490 0.3729
vn -0.6977 -0.1485 0.7009
vn -0.7358 -0.1500 0.6604
vn -0.9918 -0.1274 -0.0000
vn -0.6979 -0.1485 0.7006
vn -0.0000 -0.7669 0.6417
vn -0.1751 -0.6758 0.7160
vn -0.0000 -0.6251 0.7806
vn -0.0000 -0.8935 0.4490
vn 0.1216 -0.9397 0.3197
vn 0.0917 -0.8506 0.5177
vn -0.0000 -0.4571 0.8894
vn 0.1751 -0.6758 0.7160
vn 0.4760 -0.8603 0.1826
vn 0.0568 -0.9887 0.1389
vn 0.1435 -0.9880 0.0576
vn 0.0471 -0.9989 -0.0000
vn 0.6146 -0.7889 0.0005
vn 0.5130 -0.8584 -0.0000
vn 0.0954 -0.9954 0.0029
vn 0.0980 -0.9952 0.0001
vn 0.0577 -0.9883 -0.1413
vn 0.0954 -0.9954 -0.0029
vn 0.1442 -0.9878 -0.0582
vn -0.0586 -0.9882 -0.1417
vn -0.1440 -0.9878 -0.0592
vn -0.3284 -0.9372 -0.1176
vn -0.1216 -0.9370 -0.3276
vn -0.4851 -0.8683 -0.1037
vn -0.6150 -0.7885 -0.0000
vn -0.1699 -0.8527 -0.4940
vn -0.4083 -0.8196 -0.4018
vn -0.3972 -0.8207 -0.4107
vn -0.2430 -0.7307 -0.6380
vn 0.1699 -0.8527 -0.4940
vn 0.1216 -0.9370 -0.3276
vn 0.3284 -0.9372 -0.1176
vn 0.2430 -0.7307 -0.6380
vn 0.3972 -0.8207 -0.4107
vn 0.4083 -0.8196 -0.4018
vn 0.4851 -0.8683 -0.1037
vn 0.1875 -0.5518 -0.8126
vn 0.5422 -0.6510 -0.5313
vn 0.5385 -0.6515 -0.5344
vn 0.2406 -0.2226 -0.9448
vn -0.0000 -0.2164 -0.9763
vn -0.1875 -0.5518 -0.8126
vn -0.0000 -0.0997 -0.9950
vn -0.2406 -0.2225 -0.9448
vn 0.3599 -0.1381 -0.9227
vn 0.6965 -0.1583 -0.6999
vn -0.3599 -0.1381 -0.9227
vn -0.6964 -0.1583 -0.7000
vn -0.6970 -0.1584 -0.6993
vn 0.6970 -0.1584 -0.6993
vn -0.5385 -0.6515 -0.5344
vn -0.5422 -0.6510 -0.5313
vn 0.6150 -0.7885 -0.0000
vn 0.7911 -0.6117 -0.0000
vn 0.7637 -0.6456 -0.0000
vn 0.9034 -0.4288 -0.0000
vn 0.8548 -0.4737 -0.2121
vn 0.9710 -0.2389 -0.0000
vn 0.9158 -0.3375 -0.2177
vn 0.6298 -0.4509 -0.6324
vn 0.6331 -0.4515 -0.6288
vn 0.9918 -0.1275 -0.0000
vn 0.0980 -0.9952 -0.0001
vn -0.7911 -0.6117 -0.0000
vn -0.7637 -0.6456 -0.0000
vn -0.9034 -0.4288 -0.0000
vn -0.8548 -0.4737 -0.2121
vn -0.9710 -0.2389 -0.0000
vn -0.9158 -0.3375 -0.2177
vn -0.6298 -0.4509 -0.6325
vn -0.6331 -0.4515 -0.6288
vn -0.9918 -0.1275 -0.0000
vn 0.7909 -0.6120 0.0016
vn 0.6760 -0.7229 0.1431
vn 0.4196 -0.8070 0.4157
vn 0.4092 -0.8056 0.4284
vn 0.9037 -0.4282 -0.0001
vn 0.8550 -0.4751 0.2080
vn 0.9709 -0.2395 -0.0010
vn 0.9131 -0.3450 0.2174
vn 0.6326 -0.4637 0.6203
vn 0.6285 -0.4632 0.6249
vn 0.9918 -0.1275 0.0003
vn 0.9158 -0.1490 0.3729
vn 0.9918 -0.1274 -0.0000
vn 0.7358 -0.1500 0.6604
vn 0.6979 -0.1485 0.7006
vn 0.6977 -0.1485 0.7009
vn 0.5323 -0.6607 0.5292
vn 0.5380 -0.6598 0.5246
vn 0.1891 -0.5698 0.7998
vn -0.0000 -0.2205 0.9754
vn -0.0000 -0.2387 0.9711
vn -0.1890 -0.5697 0.7998
vn -0.0000 -0.0856 0.9963
vn -0.5380 -0.6598 0.5246
vn -0.5323 -0.6607 0.5293
vn 0.6045 -0.7966 -0.0024
vn 0.7851 -0.6193 -0.0047
vn 0.6579 -0.7401 0.1390
vn 0.9052 -0.4250 -0.0035
vn 0.8575 -0.4710 0.2072
vn 0.9740 -0.2265 -0.0078
vn 0.8965 -0.2864 0.3379
vn 0.6355 -0.4547 0.6240
vn 0.6380 -0.4550 0.6213
vn 0.9940 -0.1093 -0.0004
vn 0.6995 -0.1367 0.7014
vn 0.6996 -0.1368 0.7014
vn 0.9202 -0.1326 0.3683
vn 0.1866 -0.5687 0.8011
vn 0.5375 -0.6619 0.5225
vn 0.5304 -0.6630 0.5284
vn -0.0000 -0.2199 0.9755
vn -0.0010 -0.2355 0.9719
vn -0.1866 -0.5687 0.8011
vn 0.0010 -0.2355 0.9719
vn -0.0000 -0.0864 0.9963
vn -0.5381 -0.6618 0.5221
vn -0.5304 -0.6630 0.5284
vn 0.9740 -0.2264 0.0013
vn 0.8895 -0.2938 -0.3499
vn 0.6369 -0.4442 -0.6302
vn 0.9930 -0.1177 -0.0002
vn 0.9193 -0.1476 -0.3647
vn 0.6991 -0.1566 -0.6977
vn 0.6312 -0.4449 -0.6353
vn 0.6979 -0.1567 -0.6988
vn 0.0001 -0.1069 -0.9943
vn -0.0001 -0.1069 -0.9943
vn -0.7851 -0.6194 -0.0000
vn -0.9069 -0.4214 -0.0000
vn -0.8571 -0.4682 -0.2147
vn -0.9740 -0.2264 0.0013
vn -0.8895 -0.2938 -0.3499
vn -0.6369 -0.4442 -0.6302
vn -0.9930 -0.1177 -0.0002
vn -0.9193 -0.1476 -0.3647
vn -0.6991 -0.1566 -0.6977
vn -0.6313 -0.4449 -0.6353
vn -0.6979 -0.1567 -0.6988
vn -0.6033 -0.7975 -0.0000
vn 0.1439 -0.9879 -0.0582
vn 0.0576 -0.9883 -0.1415
vn 0.2947 -0.9457 -0.1373
vn 0.2856 -0.9117 -0.2953
vn 0.7076 -0.7067 -0.0000
vn 0.8287 -0.5597 -0.0000
vn 0.4084 -0.8196 -0.4018
vn 0.6298 -0.4510 -0.6324
vn 0.6330 -0.4515 -0.6289
vn 0.1874 -0.5518 -0.8127
vn 0.5422 -0.6509 -0.5313
vn -0.1044 -0.9381 -0.3303
vn -0.1550 -0.8583 -0.4892
vn -0.0542 -0.9892 -0.1364
vn -0.0008 -1.0000 0.0039
vn -0.1264 -0.9906 -0.0522
vn -0.2746 -0.9543 -0.1178
vn -0.1235 -0.9911 0.0487
vn -0.0000 -0.9992 0.0399
vn 0.0004 -1.0000 -0.0008
vn -0.2725 -0.9569 0.1001
vn -0.4225 -0.8890 -0.1766
vn -0.0487 -0.9911 0.1235
vn -0.4207 -0.8942 0.1532
vn -0.1533 -0.8942 0.4206
vn -0.1002 -0.9569 0.2724
vn -0.5740 -0.7860 -0.2295
vn -0.1164 -0.7474 -0.6541
vn -0.2064 -0.4783 -0.8536
vn -0.2193 -0.3198 -0.9218
vn -0.6224 -0.4379 -0.6487
vn -0.6341 -0.4397 -0.6360
vn 0.6965 -0.1583 -0.6998
vn -0.5904 -0.7981 0.1201
vn -0.2090 -0.7977 0.5657
vn -0.7630 -0.6202 -0.1821
vn -0.4831 -0.7141 -0.5067
vn -0.4742 -0.7118 -0.5182
vn -0.8491 -0.5282 -0.0000
vn -0.9418 -0.2411 -0.2341
vn -0.9678 -0.2516 -0.0000
vn -0.9126 -0.1732 -0.3705
vn -0.9890 -0.1482 -0.0000
vn -0.6945 -0.1728 -0.6985
vn -0.6954 -0.1730 -0.6975
vn -0.0000 -0.7071 0.7071
vn -0.0000 -0.4888 0.8724
vn -0.2836 -0.5980 0.7497
vn -0.4632 -0.7556 0.4632
vn -0.0000 -0.2391 0.9710
vn -0.3500 -0.3086 0.8845
vn -0.6360 -0.4371 0.6360
vn -0.0000 -0.1482 0.9890
vn -0.3572 -0.1900 0.9145
vn -0.6918 -0.2063 0.6920
vn -0.6920 -0.2063 0.6918
vn -0.6359 -0.4371 0.6361
vn -0.0000 -0.8315 0.5556
vn -0.0000 -0.9239 0.3827
vn -0.0000 -0.9808 0.1951
vn -0.0137 -0.9963 0.0844
vn -0.0000 -0.9952 0.0980
vn 0.1235 -0.9911 0.0487
vn 0.1263 -0.9907 -0.0512
vn 0.0487 -0.9911 0.1235
vn 0.0137 -0.9963 0.0844
vn 0.2725 -0.9569 0.1001
vn 0.2746 -0.9543 -0.1178
vn 0.1002 -0.9569 0.2724
vn 0.1534 -0.8942 0.4206
vn -0.0000 -0.7730 0.6344
vn 0.5987 -0.7921 0.1190
vn 0.4208 -0.8941 0.1532
vn 0.1529 -0.8329 0.5319
vn 0.4226 -0.8889 -0.1767
vn 0.6003 -0.7879 -0.1373
vn 0.8225 -0.5306 0.2048
vn 0.8154 -0.5386 -0.2123
vn 0.1473 -0.7929 -0.5914
vn 0.1550 -0.8582 -0.4893
vn -0.0000 -0.7205 -0.6934
vn -0.0000 -0.7775 -0.6289
vn 0.1044 -0.9381 -0.3303
vn 0.0533 -0.9893 -0.1361
vn 0.0008 -1.0000 -0.0039
vn -0.0535 -0.9895 0.1343
vn 0.0042 -1.0000 0.0008
vn 0.1260 -0.9907 0.0518
vn -0.0000 -0.8936 0.4489
vn 0.1217 -0.9397 0.3197
vn -0.0000 -0.7670 0.6416
vn -0.1045 -0.9408 0.3223
vn 0.1753 -0.8481 0.5000
vn -0.0000 -0.6251 0.7805
vn 0.2400 -0.7200 0.6512
vn -0.1603 -0.8547 0.4937
vn -0.1163 -0.7296 0.6739
vn 0.5381 -0.6598 0.5246
vn 0.1891 -0.5697 0.7998
vn -0.2060 -0.4982 0.8423
vn -0.4303 -0.8855 0.1754
vn -0.5745 -0.7840 0.2351
vn -0.5556 -0.8315 -0.0004
vn -0.7070 -0.7072 -0.0006
vn -0.2756 -0.9543 0.1154
vn -0.8722 -0.4891 -0.0013
vn -0.7645 -0.6207 0.1739
vn -0.4823 -0.7226 0.4952
vn -0.4663 -0.7191 0.5153
vn -0.9441 -0.2371 0.2291
vn -0.9120 -0.1681 0.3743
vn -0.6952 -0.1630 0.7001
vn -0.6971 -0.1634 0.6981
vn -0.3827 -0.9239 -0.0000
vn -0.1951 -0.9808 -0.0000
vn -0.1261 -0.9907 0.0519
vn 0.1951 -0.9808 -0.0000
vn 0.3827 -0.9239 -0.0000
vn 0.2742 -0.9548 0.1149
vn 0.1038 -0.9415 0.3205
vn 0.0534 -0.9895 0.1343
vn 0.5565 -0.8308 -0.0017
vn 0.4241 -0.8886 0.1748
vn 0.1578 -0.8585 0.4879
vn -0.0015 -0.7692 0.6390
vn -0.0023 -0.6273 0.7788
vn 0.2134 -0.7384 0.6397
vn -0.0041 -0.4589 0.8885
vn 0.5969 -0.7894 0.1437
vn 0.2806 -0.5703 0.7720
vn 0.4793 -0.7065 0.5207
vn -0.0119 -0.2237 0.9746
vn 0.4916 -0.7087 0.5060
vn 0.2350 -0.2196 0.9469
vn 0.6085 -0.4884 0.6255
vn -0.0007 -0.0856 0.9963
vn 0.3583 -0.1189 0.9260
vn 0.6974 -0.1365 0.7036
vn 0.6099 -0.4886 0.6239
vn 0.6994 -0.1369 0.7015
vn 0.7207 -0.6932 -0.0031
vn 0.8001 -0.5998 -0.0092
vn 0.7983 -0.6022 -0.0065
vn 0.9190 -0.3943 -0.0024
vn 0.9652 -0.2613 -0.0128
vn 0.9735 -0.2286 -0.0108
vn 0.9228 -0.3848 -0.0207
vn 0.9940 -0.1094 -0.0006
vn 0.9940 -0.1095 -0.0002
vn -0.2206 -0.3288 0.9183
vn -0.6324 -0.4505 0.6302
vn -0.6208 -0.4522 0.6404
vn 0.6327 -0.4637 0.6202
vn 0.9009 -0.3697 -0.2274
vn 0.9081 -0.3561 0.2204
vn 0.6086 -0.4772 -0.6340
vn 0.6186 -0.4794 -0.6226
vn 0.6244 -0.4697 0.6241
vn 0.6067 -0.4709 0.6405
vn 0.9937 -0.1120 0.0030
vn 0.9930 -0.1180 -0.0001
vn -0.9052 -0.4250 -0.0035
vn -0.8575 -0.4710 0.2072
vn -0.9740 -0.2265 -0.0078
vn -0.6380 -0.4550 0.6213
vn -0.6355 -0.4547 0.6240
vn -0.8965 -0.2864 0.3379
vn -0.9940 -0.1093 -0.0004
vn -0.9202 -0.1326 0.3683
vn -0.6996 -0.1368 0.7014
vn -0.6995 -0.1367 0.7014
vn -0.0136 -0.2367 0.9715
vn -0.0101 -0.2432 0.9699
vn 0.0001 -0.1482 0.9890
vn 0.6974 -0.1796 0.6938
vn 0.6981 -0.1795 0.6931
vn 0.1561 -0.6179 0.7706
vn 0.6982 -0.1795 0.6930
vn -0.0052 -0.4898 0.8718
vn 0.4712 -0.7370 0.4846
vn 0.2959 -0.7229 0.6244
vn -0.0000 -0.6344 0.7730
vn 0.4820 -0.7358 0.4757
vn 0.1621 -0.5648 -0.8091
vn 0.3171 -0.6655 -0.6757
vn 0.2282 -0.2270 -0.9468
vn -0.0177 -0.2064 -0.9783
vn 0.4882 -0.6976 -0.5244
vn 0.4935 -0.6988 -0.5178
vn -0.0000 -0.5354 -0.8446
vn -0.0030 -0.1039 -0.9946
vn 0.3104 -0.1357 -0.9409
vn 0.6777 -0.1534 -0.7192
vn 0.6987 -0.1568 -0.6980
vn 0.0001 -1.0000 -0.0000
vn -0.0826 -0.9931 0.0836
vn -0.2187 -0.9544 0.2030
vn 0.0784 -0.9940 0.0764
vn 0.1796 -0.9623 0.2041
vn -0.3176 -0.8870 0.3351
vn 0.2907 -0.8996 0.3259
vn -0.4482 -0.7656 0.4615
vn 0.3975 -0.8023 0.4454
vn 0.5556 -0.8315 -0.0004
vn 0.7070 -0.7072 -0.0005
vn 0.8527 -0.5225 -0.0035
vn 0.8722 -0.4891 -0.0012
vn -0.0001 -0.4841 0.8750
vn 0.0001 -0.4816 0.8764
vn -0.0000 -0.2389 0.9711
vn -0.9037 -0.4282 -0.0000
vn -0.8957 -0.4446 -0.0022
vn -0.9709 -0.2394 -0.0010
vn -0.9681 -0.2505 -0.0018
vn -0.9919 -0.1274 0.0001
vn -0.9919 -0.1274 -0.0000
vn 0.9709 -0.2394 -0.0008
vn 0.9686 -0.2485 -0.0015
vn 0.9890 -0.1481 -0.0000
vn 0.9890 -0.1480 -0.0000
vn -0.0784 -0.9940 0.0764
vn -0.1789 -0.9626 0.2035
vn -0.5565 -0.8309 -0.0017
vn -0.2856 -0.9024 0.3226
vn 0.0015 -0.7692 0.6390
vn -0.7207 -0.6932 -0.0030
vn -0.3942 -0.8033 0.4465
vn 0.0023 -0.6273 0.7788
vn -0.8639 -0.5037 -0.0044
vn 0.0081 -0.4805 0.8770
vn 0.0040 -0.4589 0.8885
vn -0.8521 -0.5233 -0.0080
vn -0.9666 -0.2560 -0.0091
vn -0.9653 -0.2607 -0.0127
vn -0.9940 -0.1097 -0.0002
vn -0.9939 -0.1099 0.0005
vn 0.0114 -0.2233 0.9747
vn 0.0159 -0.2261 0.9740
vn 0.0007 -0.0863 0.9963
vn 0.0002 -0.0864 0.9963
vn -0.0792 -0.9939 -0.0768
vn -0.1796 -0.9612 -0.2092
vn -0.0742 -0.9945 0.0742
vn -0.2821 -0.9009 -0.3297
vn -0.1750 -0.9689 0.1750
vn -0.4654 -0.8226 -0.3266
vn -0.2795 -0.9186 0.2795
vn -0.4594 -0.8386 0.2928
vn -0.8497 -0.5273 -0.0013
vn -0.8538 -0.5206 -0.0018
vn -0.9634 -0.2679 0.0015
vn -0.9605 -0.2782 -0.0019
vn -0.9938 -0.1116 0.0031
vn -0.9930 -0.1181 -0.0001
vn -0.0740 -0.9970 0.0242
vn -0.0004 -1.0000 -0.0001
vn 0.0733 -0.9970 0.0246
vn 0.0792 -0.9939 -0.0768
vn 0.1796 -0.9612 -0.2092
vn 0.0742 -0.9945 0.0742
vn 0.1750 -0.9689 0.1750
vn 0.2821 -0.9009 -0.3297
vn 0.2795 -0.9186 0.2795
vn 0.6344 -0.7730 -0.0000
vn 0.2918 -0.8428 0.4522
vn 0.7730 -0.6345 -0.0000
vn 0.8051 -0.5931 -0.0000
vn -0.0000 -0.5287 0.8488
vn 0.8488 -0.5287 -0.0000
vn -0.0000 -0.3280 0.9447
vn 0.9447 -0.3279 -0.0000
vn -0.4509 -0.7742 -0.4443
vn -0.3088 -0.8892 -0.3375
vn -0.0000 -0.4606 -0.8876
vn -0.8939 -0.4484 -0.0000
vn -0.0000 -0.4632 -0.8863
vn -0.0000 -0.2324 -0.9726
vn -0.0000 -0.2327 -0.9726
vn -0.9676 -0.2526 -0.0000
vn -0.2187 -0.9533 -0.2082
vn -0.0835 -0.9929 -0.0842
vn 0.0841 -0.9929 -0.0845
vn 0.0831 -0.9930 0.0839
vn -0.3297 -0.9368 -0.1168
vn -0.1220 -0.9372 -0.3266
vn -0.5389 -0.6502 -0.5355
vn -0.0000 -0.4602 -0.8878
vn -0.0000 -0.6626 -0.7490
vn -0.0006 -0.2351 -0.9720
vn 0.0001 -0.1071 -0.9943
vn -0.0000 -0.8288 -0.5596
vn 0.2207 -0.9531 -0.2071
vn 0.5073 -0.8618 -0.0000
vn 0.6913 -0.7226 -0.0000
vn 0.7541 -0.6567 -0.0002
vn 0.8277 -0.5611 -0.0000
vn 0.9069 -0.4214 0.0001
vn 0.8959 -0.4442 -0.0009
vn 0.9740 -0.2265 0.0014
vn 0.9696 -0.2446 0.0002
vn 0.9930 -0.1179 0.0005
vn -0.8572 -0.4682 -0.2147
vn -0.8895 -0.2938 -0.3500
vn -0.6370 -0.4441 -0.6301
vn -0.9931 -0.1177 0.0003
vn -0.9194 -0.1476 -0.3645
vn -0.6990 -0.1566 -0.6978
vn -0.6311 -0.4449 -0.6354
vn -0.6978 -0.1567 -0.6989
vn 0.0567 -0.9887 0.1391
vn -0.0471 -0.9989 -0.0000
vn -0.0577 -0.9883 -0.1413
vn -0.0568 -0.9887 0.1389
vn -0.1442 -0.9878 -0.0582
vn -0.1435 -0.9880 0.0576
vn -0.0954 -0.9954 -0.0029
vn -0.0954 -0.9954 0.0029
vn -0.1216 -0.9397 0.3197
vn -0.3293 -0.9372 0.1152
vn -0.0980 -0.9952 0.0001
vn -0.4091 -0.8056 0.4285
vn -0.9709 -0.2395 -0.0009
vn -0.6286 -0.4632 0.6248
vn -0.6327 -0.4637 0.6202
vn -0.9918 -0.1275 0.0004
vn -0.9158 -0.1489 0.3729
vn -0.6977 -0.1484 0.7009
vn -0.7359 -0.1500 0.6603
vn -0.6981 -0.1485 0.7005
vn -0.1891 -0.5698 0.7998
vn -0.5381 -0.6598 0.5246
vn -0.5323 -0.6607 0.5292
vn 0.3293 -0.9372 0.1152
vn -0.2338 -0.7262 0.6465
vn -0.5303 -0.6630 0.5285
vn -0.5376 -0.6619 0.5225
vn -0.0013 -0.4795 0.8775
vn 0.4335 -0.7766 0.4571
vn -0.0011 -0.2356 0.9718
vn -0.0000 -0.0865 0.9963
vn 0.7851 -0.6193 -0.0048
vn 0.3097 -0.8924 0.3282
vn 0.8967 -0.4426 -0.0054
vn 0.2201 -0.9544 0.2016
vn 0.9740 -0.2263 -0.0074
vn 0.9732 -0.2298 -0.0106
vn 0.9940 -0.1095 -0.0005
vn 0.9940 -0.1096 0.0001
vn -0.9052 -0.4250 -0.0036
vn -0.8575 -0.4710 0.2071
vn -0.9740 -0.2265 -0.0079
vn -0.6379 -0.4550 0.6214
vn -0.6356 -0.4547 0.6239
vn -0.6995 -0.1368 0.7014
vn -0.6994 -0.1367 0.7015
vn 0.4195 -0.8070 0.4157
vn 0.4091 -0.8056 0.4285
vn 0.9158 -0.1489 0.3729
vn 0.9919 -0.1274 -0.0000
vn 0.6977 -0.1484 0.7009
vn -0.2947 -0.9457 -0.1373
vn -0.0980 -0.9952 -0.0001
vn -0.2856 -0.9117 -0.2953
vn 0.4083 -0.8196 -0.4019
vn -0.4083 -0.8196 -0.4019
vn -0.5421 -0.6510 -0.5314
vn 0.2406 -0.2225 -0.9448
vn 0.5421 -0.6510 -0.5314
vn -0.3972 -0.8207 -0.4108
vn 0.7076 -0.7066 -0.0000
vn -0.7076 -0.7066 -0.0000
vn -0.8287 -0.5597 -0.0000
vn 0.0135 -0.2357 0.9717
vn 0.0094 -0.2419 0.9703
vn 0.0140 -0.5120 0.8589
vn 0.0049 -0.4897 0.8719
vn 0.0065 -0.6285 0.7778
vn -0.0000 -0.4650 -0.8853
vn 0.0116 -0.2428 -0.9700
vn 0.0177 -0.2064 -0.9783
vn 0.0037 -0.1060 -0.9944
vn -0.0021 -0.1073 -0.9942
vn 0.1432 -0.9880 -0.0577
vn 0.3294 -0.9372 -0.1152
vn 0.0567 -0.9886 -0.1391
vn 0.0007 -1.0000 -0.0004
vn -0.1448 -0.9878 -0.0580
vn -0.3296 -0.9372 -0.1140
vn -0.0570 -0.9886 -0.1393
vn -0.6045 -0.7966 0.0024
vn -0.4631 -0.8681 -0.1787
vn -0.1214 -0.9405 -0.3173
vn -0.1710 -0.8540 -0.4914
vn -0.7851 -0.6193 0.0047
vn -0.6580 -0.7401 -0.1390
vn -0.2338 -0.7262 -0.6465
vn -0.0000 -0.6279 -0.7783
vn -0.0000 -0.7707 -0.6372
vn -0.0000 -0.8948 -0.4464
vn 0.1710 -0.8540 -0.4914
vn 0.1214 -0.9405 -0.3173
vn 0.2338 -0.7262 -0.6465
vn -0.0000 -0.4561 -0.8899
vn 0.4631 -0.8681 -0.1787
vn 0.3296 -0.9372 -0.1140
vn 0.0581 -0.9885 -0.1395
vn -0.0000 -0.9752 -0.2215
vn 0.0008 -1.0000 0.0041
vn 0.1450 -0.9877 -0.0590
vn 0.6045 -0.7966 0.0024
vn 0.0043 -1.0000 -0.0008
vn 0.0005 -1.0000 0.0007
vn -0.1434 -0.9879 -0.0586
vn -0.0576 -0.9886 -0.1393
vn -0.3294 -0.9372 -0.1152
vn -0.4760 -0.8603 -0.1826
vn -0.6145 -0.7889 -0.0005
vn -0.0917 -0.8507 -0.5177
vn -0.1217 -0.9397 -0.3197
vn -0.7909 -0.6120 -0.0016
vn -0.6760 -0.7229 -0.1431
vn -0.4093 -0.8056 -0.4283
vn -0.4196 -0.8070 -0.4156
vn -0.9037 -0.4282 0.0001
vn -0.8550 -0.4751 -0.2080
vn -0.9709 -0.2395 0.0010
vn -0.9131 -0.3450 -0.2174
vn -0.6325 -0.4637 -0.6204
vn -0.6284 -0.4632 -0.6250
vn -0.9918 -0.1275 -0.0003
vn -0.9159 -0.1490 -0.3728
vn -0.7358 -0.1500 -0.6604
vn -0.6978 -0.1485 -0.7008
vn -0.6979 -0.1485 -0.7006
vn -0.0000 -0.8935 -0.4490
vn -0.0000 -0.7669 -0.6417
vn -0.0008 -1.0000 -0.0041
vn 0.0568 -0.9887 -0.1390
vn 0.0472 -0.9989 -0.0000
vn 0.1216 -0.9397 -0.3197
vn 0.1435 -0.9880 -0.0576
vn 0.3293 -0.9372 -0.1152
vn 0.0917 -0.8507 -0.5177
vn 0.1751 -0.6758 -0.7160
vn -0.0000 -0.6251 -0.7806
vn 0.4760 -0.8603 -0.1826
vn -0.1751 -0.6758 -0.7160
vn -0.0000 -0.4571 -0.8894
vn 0.1890 -0.5697 -0.7998
vn 0.5323 -0.6607 -0.5292
vn 0.5380 -0.6598 -0.5246
vn -0.1890 -0.5697 -0.7998
vn -0.0000 -0.2205 -0.9754
vn -0.5323 -0.6607 -0.5292
vn -0.5379 -0.6598 -0.5247
vn 0.0001 -0.2386 -0.9711
vn -0.0001 -0.2386 -0.9711
vn -0.0000 -0.0856 -0.9963
vn 0.6145 -0.7889 -0.0005
vn 0.6760 -0.7229 -0.1431
vn 0.7909 -0.6120 -0.0016
vn 0.4093 -0.8056 -0.4283
vn 0.4196 -0.8070 -0.4156
vn 0.0956 -0.9954 -0.0027
vn 0.0577 -0.9883 0.1413
vn -0.0000 -0.9739 0.2268
vn 0.1442 -0.9878 0.0582
vn 0.0956 -0.9954 0.0027
vn 0.1216 -0.9370 0.3276
vn -0.0000 -0.8885 0.4588
vn 0.2947 -0.9457 0.1373
vn 0.1699 -0.8527 0.4940
vn 0.2856 -0.9117 0.2953
vn 0.8548 -0.4737 0.2120
vn 0.6299 -0.4509 0.6324
vn 0.9158 -0.3375 0.2177
vn 0.6332 -0.4515 0.6287
vn -0.0000 -0.7775 0.6289
vn 0.2431 -0.7307 0.6380
vn -0.0000 -0.6325 0.7746
vn 0.4084 -0.8196 0.4018
vn 0.3973 -0.8207 0.4107
vn -0.1216 -0.9370 0.3275
vn -0.0586 -0.9882 0.1417
vn -0.1440 -0.9878 0.0592
vn -0.2947 -0.9457 0.1373
vn -0.1699 -0.8527 0.4940
vn -0.2856 -0.9117 0.2953
vn 0.1455 -0.9876 0.0586
vn 0.0580 -0.9882 0.1417
vn 0.3297 -0.9368 0.1169
vn 0.1220 -0.9372 0.3267
vn -0.0590 -0.9881 0.1419
vn -0.1220 -0.9372 0.3267
vn 0.1675 -0.8537 0.4931
vn -0.1675 -0.8537 0.4931
vn -0.3297 -0.9368 0.1169
vn -0.1457 -0.9875 0.0595
vn -0.4599 -0.8693 0.1812
vn -0.2383 -0.7316 0.6387
vn -0.6616 -0.7378 0.1342
vn -0.1884 -0.5513 0.8128
vn -0.0000 -0.4356 0.9001
vn -0.5389 -0.6502 0.5355
vn -0.5398 -0.6501 0.5348
vn 0.1884 -0.5513 0.8128
vn 0.2383 -0.7316 0.6387
vn -0.0000 -0.2187 0.9758
vn 0.0007 -0.2348 0.9720
vn -0.0007 -0.2348 0.9720
vn -0.0000 -0.1065 0.9943
vn 0.5389 -0.6502 0.5355
vn 0.5398 -0.6501 0.5348
vn 0.6616 -0.7378 0.1342
vn 0.4599 -0.8693 0.1812
vn 0.8572 -0.4682 0.2147
vn 0.9740 -0.2264 -0.0013
vn 0.8895 -0.2938 0.3499
vn 0.6370 -0.4441 0.6301
vn 0.9930 -0.1177 0.0002
vn 0.6312 -0.4449 0.6353
vn 0.9194 -0.1476 0.3647
vn 0.6991 -0.1566 0.6977
vn 0.6980 -0.1567 0.6988
vn 0.0001 -0.1069 0.9943
vn -0.0001 -0.1069 0.9943
vn -0.8572 -0.4682 0.2147
vn -0.9740 -0.2264 -0.0013
vn -0.8895 -0.2938 0.3499
vn -0.6370 -0.4441 0.6301
vn -0.9930 -0.1177 0.0002
vn -0.9193 -0.1476 0.3648
vn -0.6991 -0.1566 0.6977
vn -0.6313 -0.4449 0.6353
vn -0.6978 -0.1567 0.6989
vn 0.1439 -0.9879 0.0582
vn 0.0576 -0.9883 0.1415
vn 0.1217 -0.9397 -0.3197
vn -0.0000 -0.8936 -0.4489
vn -0.0535 -0.9895 -0.1343
vn -0.0008 -1.0000 -0.0039
vn -0.1045 -0.9408 -0.3223
vn -0.0000 -0.7670 -0.6416
vn 0.1753 -0.8481 -0.5000
vn -0.1604 -0.8548 -0.4936
vn -0.0000 -0.6251 -0.7805
vn -0.2756 -0.9543 -0.1154
vn -0.1261 -0.9907 -0.0519
vn -0.1163 -0.7296 -0.6739
vn -0.4304 -0.8855 -0.1753
vn 0.2401 -0.7200 -0.6512
vn -0.2059 -0.4982 -0.8423
vn -0.5746 -0.7840 -0.2351
vn -0.5555 -0.8315 0.0004
vn -0.7070 -0.7072 0.0006
vn -0.7645 -0.6207 -0.1740
vn -0.8722 -0.4891 0.0013
vn -0.4822 -0.7226 -0.4953
vn -0.4663 -0.7191 -0.5152
vn -0.9441 -0.2371 -0.2291
vn -0.9120 -0.1681 -0.3742
vn -0.6954 -0.1630 -0.6999
vn -0.6972 -0.1634 -0.6981
vn 0.0042 -1.0000 -0.0008
vn 0.1260 -0.9907 -0.0518
vn 0.0004 -1.0000 0.0008
vn -0.0542 -0.9892 0.1364
vn -0.1264 -0.9906 0.0522
vn -0.1044 -0.9381 0.3303
vn 0.1216 -0.9370 0.3275
vn 0.3284 -0.9372 0.1176
vn -0.1551 -0.8583 0.4891
vn -0.2746 -0.9543 0.1179
vn -0.1164 -0.7474 0.6541
vn -0.4225 -0.8890 0.1766
vn -0.2064 -0.4784 0.8536
vn -0.5740 -0.7860 0.2296
vn -0.2725 -0.9569 -0.1001
vn -0.4207 -0.8942 -0.1533
vn -0.5905 -0.7981 -0.1201
vn -0.7631 -0.6201 0.1821
vn -0.4742 -0.7118 0.5182
vn -0.4832 -0.7141 0.5066
vn -0.1533 -0.8942 -0.4207
vn -0.1002 -0.9569 -0.2724
vn -0.2091 -0.7977 -0.5657
vn -0.9678 -0.2515 -0.0000
vn -0.9418 -0.2411 0.2341
vn -0.6954 -0.1730 0.6975
vn -0.6945 -0.1728 0.6985
vn -0.9126 -0.1732 0.3705
vn -0.0000 -0.7071 -0.7071
vn -0.0000 -0.8315 -0.5556
vn -0.0000 -0.4888 -0.8724
vn -0.2835 -0.5980 -0.7497
vn -0.0000 -0.2391 -0.9710
vn -0.3500 -0.3086 -0.8845
vn -0.6359 -0.4371 -0.6361
vn -0.4632 -0.7556 -0.4632
vn -0.6360 -0.4371 -0.6360
vn -0.0000 -0.1482 -0.9890
vn -0.3571 -0.1900 -0.9145
vn -0.6919 -0.2063 -0.6919
vn -0.6918 -0.2063 -0.6920
vn -0.4633 -0.7556 -0.4631
vn -0.0000 -0.9239 -0.3827
vn -0.0487 -0.9911 -0.1235
vn -0.0000 -0.9808 -0.1951
vn -0.0137 -0.9963 -0.0844
vn -0.1235 -0.9911 -0.0487
vn -0.0000 -0.9992 -0.0399
vn -0.0000 -0.9952 -0.0980
vn 0.1263 -0.9907 0.0513
vn 0.0008 -1.0000 0.0039
vn 0.0533 -0.9892 0.1362
vn 0.2746 -0.9543 0.1179
vn 0.1044 -0.9381 0.3303
vn 0.1235 -0.9911 -0.0487
vn 0.1551 -0.8582 0.4893
vn -0.0000 -0.7205 0.6934
vn 0.1473 -0.7929 0.5913
vn 0.4226 -0.8889 0.1766
vn 0.6003 -0.7879 0.1373
vn 0.4208 -0.8941 -0.1532
vn 0.2725 -0.9569 -0.1001
vn 0.5987 -0.7921 -0.1190
vn 0.8154 -0.5386 0.2123
vn 0.1533 -0.8942 -0.4206
vn 0.1002 -0.9569 -0.2724
vn 0.1529 -0.8329 -0.5319
vn -0.0000 -0.7730 -0.6344
vn 0.8225 -0.5306 -0.2048
vn 0.9081 -0.3561 -0.2204
vn 0.6244 -0.4697 -0.6241
vn 0.9009 -0.3697 0.2274
vn 0.9937 -0.1120 -0.0030
vn 0.6067 -0.4708 -0.6405
vn 0.9930 -0.1180 0.0001
vn 0.6186 -0.4793 0.6226
vn 0.6087 -0.4772 0.6339
vn 0.0487 -0.9911 -0.1235
vn 0.0137 -0.9963 -0.0844
vn 0.0534 -0.9895 -0.1343
vn 0.1038 -0.9415 -0.3205
vn 0.2742 -0.9548 -0.1149
vn 0.1578 -0.8585 -0.4879
vn -0.0015 -0.7692 -0.6390
vn 0.4241 -0.8886 -0.1748
vn 0.5565 -0.8308 0.0017
vn 0.1142 -0.7347 -0.6687
vn -0.0023 -0.6273 -0.7788
vn 0.5969 -0.7894 -0.1437
vn 0.7207 -0.6932 0.0031
vn -0.0092 -0.5521 -0.8337
vn -0.0056 -0.5556 -0.8314
vn 0.4784 -0.7063 -0.5218
vn -0.0026 -0.3525 -0.9358
vn 0.0002 -0.0856 -0.9963
vn -0.0161 -0.2269 -0.9738
vn -0.0138 -0.2004 -0.9796
vn -0.0259 -0.3406 -0.9398
vn -0.0040 -0.0857 -0.9963
vn 0.6099 -0.4886 -0.6239
vn 0.6084 -0.4883 -0.6256
vn 0.6972 -0.1365 -0.7037
vn 0.4916 -0.7087 -0.5061
vn 0.8001 -0.5999 0.0092
vn 0.7983 -0.6022 0.0065
vn 0.9190 -0.3943 0.0024
vn 0.9228 -0.3848 0.0208
vn 0.9941 -0.1088 0.0033
vn 0.9940 -0.1095 0.0001
vn -0.2193 -0.3198 0.9218
vn -0.0000 -0.2164 0.9763
vn -0.6225 -0.4379 0.6486
vn 0.2406 -0.2226 0.9448
vn 0.1874 -0.5518 0.8126
vn -0.0000 -0.0997 0.9950
vn -0.6341 -0.4397 0.6360
vn 0.3599 -0.1381 0.9227
vn 0.6965 -0.1583 0.6998
vn 0.6970 -0.1584 0.6993
vn 0.5386 -0.6515 0.5344
vn 0.6729 -0.7274 0.1343
vn 0.5423 -0.6509 0.5313
vn 0.4677 -0.8648 0.1826
vn 0.8548 -0.4737 0.2121
vn 0.6331 -0.4515 0.6288
vn -0.2206 -0.3288 -0.9183
vn -0.6207 -0.4522 -0.6405
vn -0.6324 -0.4505 -0.6302
vn 0.8550 -0.4751 -0.2080
vn 0.9037 -0.4282 0.0001
vn 0.9709 -0.2395 0.0010
vn 0.9131 -0.3450 -0.2174
vn 0.6284 -0.4632 -0.6250
vn 0.6326 -0.4637 -0.6203
vn 0.9918 -0.1275 -0.0003
vn 0.9159 -0.1490 -0.3728
vn 0.7358 -0.1500 -0.6604
vn 0.6978 -0.1485 -0.7008
vn 0.6979 -0.1485 -0.7006
vn -0.2431 -0.7307 0.6379
vn -0.3973 -0.8207 0.4107
vn -0.4084 -0.8196 0.4017
vn -0.1875 -0.5518 0.8126
vn -0.5386 -0.6515 0.5343
vn -0.5422 -0.6510 0.5313
vn 0.1875 -0.5518 0.8126
vn 0.5386 -0.6515 0.5343
vn 0.5422 -0.6510 0.5313
vn -0.2406 -0.2225 0.9448
vn 0.6965 -0.1583 0.6999
vn -0.3599 -0.1381 0.9227
vn -0.6964 -0.1583 0.7000
vn -0.6970 -0.1584 0.6993
vn -0.7076 -0.7067 -0.0000
vn -0.8548 -0.4737 0.2120
vn -0.9158 -0.3375 0.2178
vn -0.6332 -0.4515 0.6287
vn -0.6298 -0.4509 0.6325
vn 0.6284 -0.4631 -0.6250
vn 0.6326 -0.4637 -0.6204
vn 0.7851 -0.6193 0.0047
vn 0.6580 -0.7401 -0.1390
vn 0.9052 -0.4250 0.0036
vn 0.8575 -0.4709 -0.2071
vn 0.9740 -0.2265 0.0079
vn 0.8966 -0.2864 -0.3379
vn 0.6380 -0.4550 -0.6213
vn 0.6357 -0.4547 -0.6238
vn 0.9940 -0.1093 0.0004
vn 0.9202 -0.1327 -0.3682
vn 0.6997 -0.1368 -0.7013
vn 0.6995 -0.1367 -0.7014
vn 0.1867 -0.5687 -0.8011
vn 0.5377 -0.6618 -0.5224
vn 0.5304 -0.6630 -0.5284
vn -0.1867 -0.5687 -0.8011
vn -0.0000 -0.2199 -0.9755
vn -0.0011 -0.2355 -0.9719
vn 0.0011 -0.2355 -0.9719
vn -0.0000 -0.0864 -0.9963
vn -0.5377 -0.6618 -0.5224
vn -0.5304 -0.6630 -0.5284
vn -0.8575 -0.4709 -0.2071
vn -0.9052 -0.4250 0.0035
vn -0.9740 -0.2265 0.0078
vn -0.8966 -0.2864 -0.3379
vn -0.6357 -0.4547 -0.6238
vn -0.6381 -0.4550 -0.6212
vn -0.9940 -0.1093 0.0004
vn -0.9203 -0.1326 -0.3682
vn -0.6997 -0.1368 -0.7013
vn -0.6996 -0.1367 -0.7013
vn 0.2131 -0.2345 -0.9485
vn 0.3672 -0.1766 -0.9132
vn -0.0102 -0.2423 -0.9701
vn 0.1561 -0.6179 -0.7706
vn 0.6974 -0.1797 -0.6938
vn 0.6982 -0.1795 -0.6931
vn -0.0052 -0.4898 -0.8718
vn 0.2959 -0.7229 -0.6244
vn 0.4712 -0.7370 -0.4846
vn -0.0000 -0.6344 -0.7730
vn 0.4820 -0.7358 -0.4757
vn 0.1622 -0.5648 0.8091
vn 0.3171 -0.6655 0.6757
vn 0.2283 -0.2270 0.9468
vn -0.0177 -0.2064 0.9783
vn 0.4882 -0.6976 0.5244
vn 0.4936 -0.6988 0.5177
vn -0.0000 -0.5354 0.8446
vn -0.0022 -0.1040 0.9946
vn 0.3108 -0.1358 0.9407
vn 0.6776 -0.1534 0.7192
vn 0.6986 -0.1568 0.6981
vn -0.0826 -0.9931 -0.0836
vn -0.2187 -0.9544 -0.2030
vn 0.0831 -0.9930 -0.0839
vn 0.2201 -0.9544 -0.2016
vn 0.3097 -0.8924 -0.3282
vn 0.7851 -0.6193 0.0048
vn 0.4335 -0.7766 -0.4571
vn -0.1711 -0.8540 -0.4914
vn -0.0013 -0.4795 -0.8775
vn 0.8967 -0.4426 0.0055
vn -0.1867 -0.5688 -0.8010
vn -0.0011 -0.2356 -0.9718
vn -0.5378 -0.6618 -0.5223
vn -0.5303 -0.6630 -0.5284
vn -0.6579 -0.7401 -0.1390
vn -0.7851 -0.6193 0.0048
vn 0.0841 -0.9929 0.0845
vn -0.1220 -0.9372 0.3266
vn -0.3297 -0.9368 0.1168
vn 0.2207 -0.9531 0.2071
vn -0.0000 -0.8288 0.5596
vn 0.7541 -0.6567 0.0002
vn 0.9069 -0.4214 -0.0001
vn 0.8959 -0.4442 0.0009
vn 0.9740 -0.2265 -0.0014
vn -0.0000 -0.6626 0.7490
vn -0.0000 -0.4602 0.8878
vn -0.1884 -0.5513 0.8127
vn -0.0007 -0.2351 0.9720
vn -0.5390 -0.6502 0.5354
vn -0.8572 -0.4682 0.2146
vn -0.6371 -0.4441 0.6300
vn -0.8895 -0.2938 0.3500
vn -0.9931 -0.1177 -0.0002
vn -0.6990 -0.1566 0.6978
vn -0.9194 -0.1476 0.3645
vn -0.6311 -0.4449 0.6354
vn 0.2430 -0.7307 0.6380
vn 0.4083 -0.8196 0.4018
vn -0.1216 -0.9370 0.3276
vn -0.0577 -0.9883 0.1413
vn -0.0472 -0.9989 -0.0000
vn 0.0567 -0.9887 -0.1391
vn 0.4092 -0.8056 -0.4284
vn 0.9159 -0.1489 -0.3728
vn -0.1216 -0.9397 -0.3197
vn -0.5380 -0.6598 -0.5246
vn -0.3293 -0.9372 -0.1152
vn -0.4092 -0.8056 -0.4284
vn -0.1435 -0.9880 -0.0576
vn -0.0568 -0.9887 -0.1390
vn -0.0956 -0.9954 -0.0027
vn -0.1442 -0.9878 0.0582
vn -0.0956 -0.9954 0.0027
vn -0.3284 -0.9372 0.1176
vn -0.4851 -0.8683 0.1037
vn -0.2430 -0.7307 0.6380
vn -0.4084 -0.8196 0.4018
vn 0.2406 -0.2225 0.9448
vn -0.9709 -0.2395 0.0009
vn -0.9131 -0.3450 -0.2175
vn -0.6326 -0.4637 -0.6203
vn -0.6285 -0.4632 -0.6249
vn -0.9918 -0.1275 -0.0004
vn -0.9159 -0.1489 -0.3728
vn -0.7359 -0.1500 -0.6603
vn -0.6980 -0.1485 -0.7005
vn 0.0001 -0.1070 0.9943
vn 0.9696 -0.2446 -0.0002
vn 0.9930 -0.1179 -0.0005
vn -0.0835 -0.9929 0.0842
vn -0.2187 -0.9533 0.2082
vn 0.1796 -0.9612 0.2092
vn 0.0792 -0.9939 0.0768
vn -0.3088 -0.8892 0.3375
vn 0.2821 -0.9009 0.3297
vn -0.4509 -0.7742 0.4443
vn -0.0000 -0.4606 0.8876
vn -0.0000 -0.4632 0.8863
vn -0.0000 -0.2324 0.9726
vn -0.0000 -0.2327 0.9726
vn 0.1750 -0.9689 -0.1750
vn 0.2795 -0.9186 -0.2795
vn 0.0742 -0.9945 -0.0742
vn 0.0733 -0.9970 -0.0246
vn -0.0004 -1.0000 0.0001
vn -0.0740 -0.9970 -0.0242
vn -0.0742 -0.9945 -0.0742
vn -0.1750 -0.9689 -0.1750
vn -0.1796 -0.9612 0.2092
vn -0.2795 -0.9186 -0.2795
vn -0.2821 -0.9009 0.3297
vn -0.4594 -0.8386 -0.2928
vn -0.4654 -0.8226 0.3266
vn -0.8497 -0.5273 0.0013
vn -0.8538 -0.5206 0.0018
vn -0.9634 -0.2679 -0.0015
vn -0.9605 -0.2782 0.0019
vn -0.9938 -0.1116 -0.0031
vn -0.9930 -0.1181 0.0001
vn -0.0792 -0.9939 0.0768
vn -0.0784 -0.9940 -0.0764
vn -0.1789 -0.9626 -0.2035
vn 0.0015 -0.7692 -0.6390
vn -0.2856 -0.9024 -0.3226
vn -0.5565 -0.8309 0.0017
vn 0.0023 -0.6273 -0.7788
vn -0.3942 -0.8033 -0.4465
vn -0.7207 -0.6932 0.0030
vn 0.0041 -0.4589 -0.8885
vn -0.8521 -0.5233 0.0080
vn -0.8639 -0.5037 0.0045
vn 0.0081 -0.4805 -0.8770
vn 0.0114 -0.2233 -0.9747
vn 0.0158 -0.2261 -0.9740
vn 0.0005 -0.0863 -0.9963
vn -0.0001 -0.0865 -0.9963
vn -0.9666 -0.2560 0.0091
vn -0.9653 -0.2607 0.0127
vn -0.9940 -0.1097 0.0002
vn -0.9939 -0.1099 -0.0005
vn 0.0784 -0.9940 -0.0764
vn 0.1796 -0.9623 -0.2041
vn 0.5556 -0.8315 0.0004
vn 0.2907 -0.8996 -0.3259
vn -0.3176 -0.8870 -0.3351
vn 0.7070 -0.7072 0.0005
vn 0.3975 -0.8023 -0.4454
vn -0.4482 -0.7656 -0.4615
vn -0.6146 -0.7889 -0.0005
vn -0.8957 -0.4446 0.0022
vn 0.0001 -0.5565 -0.8308
vn -0.9709 -0.2394 0.0010
vn -0.9681 -0.2505 0.0018
vn -0.9919 -0.1274 -0.0001
vn -0.0000 -0.3513 -0.9363
vn -0.0001 -0.4841 -0.8750
vn -0.0000 -0.2389 -0.9711
vn 0.8722 -0.4891 0.0012
vn 0.8527 -0.5224 0.0035
vn 0.9709 -0.2394 0.0008
vn 0.9686 -0.2485 0.0015
vn 0.2918 -0.8428 -0.4522
vn -0.0000 -0.5287 -0.8488
vn -0.0000 -0.3280 -0.9447
vn -0.9052 -0.4250 0.0036
vn -0.9740 -0.2265 0.0079
vn -0.6358 -0.4547 -0.6237
vn -0.6380 -0.4550 -0.6213
vn -0.9202 -0.1326 -0.3682
vn -0.6995 -0.1367 -0.7014
vn -0.0000 -0.0865 -0.9963
vn 0.9740 -0.2263 0.0074
vn 0.9732 -0.2299 0.0106
vn 0.9940 -0.1095 0.0005
vn 0.9940 -0.1096 -0.0001
vn 0.0136 -0.2357 -0.9717
vn 0.0095 -0.2419 -0.9703
vn 0.0140 -0.5120 -0.8589
vn 0.0049 -0.4897 -0.8719
vn 0.0065 -0.6285 -0.7778
vn -0.0000 -0.4650 0.8853
vn 0.0115 -0.2429 0.9700
vn 0.0176 -0.2064 0.9783
vn 0.0037 -0.1060 0.9944
vn -0.0021 -0.1073 0.9942
vn 0.6994 -0.1369 -0.7015
vn 0.0567 -0.9886 0.1392
vn -0.1448 -0.9878 0.0581
vn 0.1711 -0.8540 0.4914
vn -0.1457 -0.9875 -0.0596
vn 0.2382 -0.7316 -0.6387
vn -0.2382 -0.7316 -0.6387
vn -0.5397 -0.6501 -0.5348
vn 0.5397 -0.6501 -0.5348
vn -0.6145 -0.7889 0.0005
vn -0.0917 -0.8507 0.5177
vn -0.4093 -0.8056 0.4283
vn -0.4196 -0.8070 0.4156
vn 0.0917 -0.8507 0.5177
vn 0.6145 -0.7889 0.0005
vn 0.0578 -0.9883 -0.1413
vn -0.0008 -1.0000 0.0040
vn -0.1441 -0.9878 -0.0592
vn -0.4084 -0.8196 -0.4018
vn 0.5421 -0.6510 -0.5313
vn 0.3600 -0.1381 -0.9227
vn 0.6966 -0.1583 -0.6998
vn -0.3600 -0.1381 -0.9227
vn -0.6965 -0.1583 -0.6998
vn -0.6971 -0.1584 -0.6992
vn 0.6971 -0.1584 -0.6992
vn 0.9158 -0.3375 -0.2176
vn 0.6299 -0.4509 -0.6323
vn -0.6299 -0.4509 -0.6324
vn 0.4196 -0.8070 0.4156
vn 0.4093 -0.8056 0.4283
vn 0.6285 -0.4631 0.6249
vn 0.9918 -0.1275 0.0004
vn -0.0001 -0.2386 0.9711
vn 0.0001 -0.2386 0.9711
vn 0.6995 -0.1368 0.7014
vn 0.9202 -0.1326 0.3682
vn 0.8895 -0.2937 -0.3499
vn 0.6369 -0.4441 -0.6302
vn 0.9194 -0.1476 -0.3647
vn 0.6312 -0.4449 -0.6354
vn 0.6981 -0.1567 -0.6987
vn -0.0000 -0.1068 -0.9943
vn -0.8895 -0.2937 -0.3499
vn -0.6369 -0.4441 -0.6302
vn -0.9194 -0.1476 -0.3647
vn -0.6312 -0.4449 -0.6354
vn -0.6981 -0.1567 -0.6987
vn 0.3972 -0.8207 -0.4108
vn 0.6300 -0.4509 -0.6323
vn -0.4207 -0.8942 0.1533
vn -0.1533 -0.8942 0.4207
vn -0.5740 -0.7860 -0.2296
vn -0.2194 -0.3198 -0.9217
vn -0.6342 -0.4397 -0.6359
vn 0.6966 -0.1583 -0.6997
vn -0.5905 -0.7981 0.1201
vn -0.4831 -0.7141 -0.5066
vn -0.4741 -0.7118 -0.5183
vn -0.9126 -0.1732 -0.3704
vn -0.6946 -0.1728 -0.6984
vn -0.6955 -0.1730 -0.6974
vn -0.2835 -0.5980 0.7497
vn -0.3501 -0.3086 0.8844
vn -0.6919 -0.2063 0.6919
vn 0.0137 -0.9963 0.0845
vn 0.1533 -0.8942 0.4206
vn 0.5987 -0.7921 0.1191
vn 0.8225 -0.5306 0.2049
vn 0.1473 -0.7928 -0.5914
vn -0.0000 -0.7205 -0.6935
vn -0.1604 -0.8548 0.4936
vn -0.4304 -0.8855 0.1753
vn -0.5745 -0.7840 0.2352
vn -0.5555 -0.8315 -0.0004
vn -0.4663 -0.7191 0.5152
vn -0.9441 -0.2371 0.2292
vn 0.5565 -0.8309 -0.0017
vn -0.0023 -0.6272 0.7788
vn 0.1143 -0.7347 0.6687
vn -0.0056 -0.5556 0.8314
vn 0.5969 -0.7893 0.1437
vn -0.0092 -0.5521 0.8337
vn 0.4784 -0.7063 0.5218
vn -0.0026 -0.3525 0.9358
vn -0.0136 -0.1991 0.9799
vn 0.0001 -0.0856 0.9963
vn 0.3585 -0.1188 0.9259
vn 0.2251 -0.2123 0.9509
vn -0.0258 -0.3406 0.9398
vn 0.6975 -0.1365 0.7035
vn 0.6993 -0.1369 0.7016
vn 0.6098 -0.4886 0.6239
vn 0.6086 -0.4884 0.6254
vn 0.6099 -0.4887 0.6238
vn 0.8519 -0.5236 -0.0077
vn 0.8638 -0.5038 -0.0045
vn 0.9665 -0.2563 -0.0095
vn 0.6086 -0.4771 -0.6340
vn 0.6243 -0.4697 0.6242
vn -0.9202 -0.1326 0.3682
vn 0.6982 -0.1795 0.6931
vn 0.4711 -0.7370 0.4846
vn 0.1622 -0.5648 -0.8091
vn 0.2283 -0.2270 -0.9467
vn -0.0176 -0.2064 -0.9783
vn -0.0021 -0.1040 -0.9946
vn 0.3109 -0.1358 -0.9407
vn 0.6776 -0.1534 -0.7192
vn -0.2187 -0.9544 0.2031
vn 0.8527 -0.5224 -0.0035
vn -0.0000 -0.2388 0.9711
vn -0.9681 -0.2506 -0.0018
vn -0.1789 -0.9626 0.2036
vn 0.0158 -0.2261 0.9740
vn 0.0001 -0.0864 0.9963
vn -0.1750 -0.9689 0.1751
vn -0.0739 -0.9970 0.0241
vn 0.1750 -0.9689 0.1751
vn 0.2919 -0.8428 0.4522
vn 0.8488 -0.5288 -0.0000
vn -0.4509 -0.7741 -0.4443
vn -0.0000 -0.2326 -0.9726
vn -0.9676 -0.2525 -0.0000
vn -0.2382 -0.7316 -0.6388
vn 0.5072 -0.8618 -0.0000
vn 0.6913 -0.7225 -0.0000
vn 0.7542 -0.6567 -0.0002
vn -0.8895 -0.2937 -0.3500
vn -0.9195 -0.1476 -0.3645
vn -0.6989 -0.1566 -0.6978
vn -0.6311 -0.4449 -0.6355
vn -0.6980 -0.1567 -0.6988
vn -0.0578 -0.9883 -0.1413
vn -0.9131 -0.3450 0.2175
vn -0.1711 -0.8540 0.4913
vn -0.6579 -0.7401 0.1391
vn 0.0115 -0.2428 -0.9700
vn 0.0176 -0.2064 -0.9783
vn 0.0035 -0.1060 -0.9944
vn -0.0023 -0.1073 -0.9942
vn -0.1448 -0.9878 -0.0581
vn -0.0917 -0.8506 -0.5177
vn -0.4091 -0.8056 -0.4284
vn -0.4195 -0.8070 -0.4157
vn -0.6980 -0.1485 -0.7006
vn -0.0008 -1.0000 -0.0040
vn 0.1435 -0.9880 -0.0577
vn 0.0917 -0.8506 -0.5177
vn 0.1750 -0.6758 -0.7160
vn -0.1750 -0.6757 -0.7160
vn 0.1891 -0.5697 -0.7998
vn 0.5322 -0.6607 -0.5293
vn 0.5381 -0.6598 -0.5246
vn -0.5322 -0.6607 -0.5293
vn 0.6146 -0.7889 -0.0005
vn 0.4091 -0.8056 -0.4285
vn 0.4195 -0.8070 -0.4157
vn 0.4851 -0.8683 0.1037
vn 0.3972 -0.8207 0.4107
vn -0.1457 -0.9875 0.0596
vn -0.6616 -0.7377 0.1342
vn 0.2382 -0.7316 0.6387
vn 0.6616 -0.7377 0.1342
vn 0.6313 -0.4449 0.6353
vn 0.6981 -0.1567 0.6987
vn -0.9193 -0.1476 0.3647
vn -0.6979 -0.1567 0.6988
vn 0.1752 -0.8481 -0.5000
vn 0.2400 -0.7200 -0.6512
vn -0.2060 -0.4982 -0.8423
vn -0.5745 -0.7840 -0.2352
vn -0.5556 -0.8315 0.0004
vn -0.7645 -0.6207 -0.1739
vn -0.4823 -0.7226 -0.4952
vn -0.4662 -0.7191 -0.5153
vn -0.6953 -0.1630 -0.6999
vn -0.6971 -0.1634 -0.6981
vn -0.1550 -0.8583 0.4892
vn -0.7631 -0.6202 0.1821
vn 0.1550 -0.8582 0.4893
vn -0.0000 -0.7205 0.6935
vn 0.1473 -0.7928 0.5914
vn 0.4226 -0.8889 0.1767
vn 0.5987 -0.7921 -0.1191
vn 0.8225 -0.5306 -0.2049
vn 0.6243 -0.4697 -0.6242
vn 0.6067 -0.4709 -0.6405
vn 0.6185 -0.4794 0.6227
vn 0.6086 -0.4772 0.6339
vn 0.0137 -0.9963 -0.0845
vn 0.1578 -0.8585 -0.4880
vn 0.4241 -0.8886 -0.1749
vn -0.0092 -0.5521 -0.8338
vn 0.0426 -0.0902 -0.9950
vn 0.0001 -0.0856 -0.9963
vn -0.0134 -0.1991 -0.9799
vn 0.2251 -0.2123 -0.9509
vn -0.0257 -0.3407 -0.9398
vn 0.6098 -0.4886 -0.6240
vn 0.6085 -0.4884 -0.6255
vn 0.6084 -0.4884 -0.6256
vn 0.8519 -0.5236 0.0077
vn 0.8638 -0.5038 0.0045
vn 0.9216 -0.3878 0.0150
vn 0.9940 -0.1095 0.0002
vn 0.5385 -0.6515 0.5344
vn 0.4676 -0.8649 0.1826
vn -0.2205 -0.3288 -0.9183
vn -0.6208 -0.4522 -0.6404
vn 0.6285 -0.4632 -0.6249
vn 0.6326 -0.4637 -0.6202
vn 0.6980 -0.1485 -0.7006
vn -0.2431 -0.7307 0.6380
vn -0.3972 -0.8207 0.4107
vn -0.5422 -0.6510 0.5312
vn 0.6285 -0.4631 -0.6249
vn 0.6579 -0.7401 -0.1390
vn 0.9052 -0.4250 0.0035
vn 0.8575 -0.4710 -0.2072
vn 0.8965 -0.2864 -0.3379
vn 0.6379 -0.4550 -0.6214
vn 0.6355 -0.4547 -0.6240
vn 0.6996 -0.1368 -0.7013
vn 0.1866 -0.5687 -0.8011
vn 0.5375 -0.6618 -0.5225
vn -0.1866 -0.5687 -0.8011
vn -0.5375 -0.6618 -0.5225
vn -0.5304 -0.6629 -0.5284
vn -0.8575 -0.4710 -0.2072
vn -0.6355 -0.4547 -0.6240
vn -0.0138 -0.2367 -0.9715
vn -0.0001 -0.1482 -0.9890
vn -0.0103 -0.2432 -0.9699
vn 0.6974 -0.1796 -0.6938
vn 0.6982 -0.1795 -0.6930
vn -0.0052 -0.4899 -0.8718
vn 0.4711 -0.7370 -0.4846
vn 0.2283 -0.2270 0.9467
vn -0.0176 -0.2064 0.9783
vn 0.4935 -0.6988 0.5178
vn -0.0023 -0.1040 0.9946
vn 0.3109 -0.1358 0.9407
vn 0.6775 -0.1534 0.7193
vn 0.6987 -0.1568 0.6980
vn 0.8967 -0.4426 0.0054
vn -0.0000 -0.2198 -0.9755
vn -0.5376 -0.6618 -0.5225
vn -0.5303 -0.6630 -0.5285
vn 0.7542 -0.6567 0.0002
vn -0.0000 -0.6625 0.7490
vn -0.9931 -0.1177 -0.0003
vn 0.3972 -0.8207 0.4108
vn -0.0578 -0.9883 0.1413
vn 0.0959 -0.9953 -0.0167
vn 0.0476 -0.9978 -0.0459
vn 0.3578 -0.9338 -0.0092
vn 0.2327 -0.9630 -0.1360
vn 0.1864 -0.9658 -0.1800
vn 0.4760 -0.8603 -0.1827
vn 0.3086 -0.9333 -0.1838
vn 0.1831 -0.9660 -0.1825
vn 0.6327 -0.4637 -0.6202
vn -0.0000 -0.9399 -0.3415
vn -0.1750 -0.6758 -0.7160
vn -0.4760 -0.8603 -0.1827
vn -0.4091 -0.8056 -0.4285
vn -0.6327 -0.4637 -0.6202
vn -0.6286 -0.4632 -0.6248
vn -0.6981 -0.1485 -0.7005
vn -0.3972 -0.8207 0.4108
vn -0.1891 -0.5697 -0.7998
vn -0.5381 -0.6598 -0.5246
vn 0.0791 -0.9939 0.0768
vn -0.4509 -0.7741 0.4443
vn -0.0000 -0.4607 0.8876
vn -0.8938 -0.4484 -0.0000
vn 0.1750 -0.9689 -0.1751
vn -0.0739 -0.9970 -0.0241
vn -0.9938 -0.1116 -0.0030
vn 0.0040 -0.4589 -0.8885
vn -0.8639 -0.5037 0.0044
vn 0.0113 -0.2233 -0.9747
vn 0.0157 -0.2261 -0.9740
vn -0.3177 -0.8870 -0.3351
vn 0.0001 -0.5566 -0.8308
vn 0.0001 -0.2388 -0.9711
vn -0.0001 -0.2391 -0.9710
vn 0.2919 -0.8428 -0.4522
vn -0.8575 -0.4710 -0.2071
vn -0.8965 -0.2864 -0.3379
vn -0.6356 -0.4547 -0.6239
vn -0.6379 -0.4550 -0.6214
vn -0.6996 -0.1368 -0.7013
vt 0.815900 0.628600
vt 0.815900 0.594800
vt 0.955100 0.594800
vt 0.815900 0.653300
vt 0.955100 0.653300
vt 0.955100 0.628600
vt 0.955100 0.560900
vt 0.815900 0.560900
vt 0.815900 0.536200
vt 0.955100 0.536200
vt 0.815900 0.502400
vt 0.955100 0.502400
vt 0.815900 0.480200
vt 0.955100 0.480200
vt 0.955100 0.687100
vt 0.815900 0.687100
vt 0.955100 0.709300
vt 0.815900 0.709300
vt 0.815900 0.797600
vt 0.815900 0.762600
vt 0.955100 0.797600
vt 0.815900 0.826800
vt 0.955100 0.826800
vt 0.955100 0.762600
vt 0.815900 0.732300
vt 0.955100 0.732300
vt 0.955100 0.856000
vt 0.815900 0.856000
vt 0.955100 0.891000
vt 0.815900 0.891000
vt 0.955100 0.921300
vt 0.815900 0.921300
vt 0.955100 0.944200
vt 0.815900 0.944200
vt 0.815900 0.395000
vt 0.815900 0.361300
vt 0.955100 0.395000
vt 0.815900 0.425300
vt 0.955100 0.425300
vt 0.955100 0.361300
vt 0.815900 0.332100
vt 0.955100 0.332100
vt 0.815900 0.297100
vt 0.955100 0.297100
vt 0.815900 0.266800
vt 0.955100 0.266800
vt 0.815900 0.243800
vt 0.955100 0.243800
vt 0.955100 0.460300
vt 0.815900 0.460300
vt 0.815900 0.121700
vt 0.815900 0.087900
vt 0.955100 0.121700
vt 0.815900 0.155600
vt 0.955100 0.155600
vt 0.955100 0.087900
vt 0.815900 0.052900
vt 0.955100 0.052900
vt 0.815900 0.022600
vt 0.955100 0.022600
vt 0.955100 0.190600
vt 0.815900 0.190600
vt 0.955100 0.220900
vt 0.815900 0.220900
vt 0.815900 0.967200
vt 0.955100 0.967200
vt 0.552400 0.619700
vt 0.546000 0.597600
vt 0.611700 0.645400
vt 0.508300 0.572600
vt 0.520100 0.576000
vt 0.580400 0.603600
vt 0.676200 0.645400
vt 0.613300 0.591600
vt 0.635900 0.595500
vt 0.628000 0.573900
vt 0.662800 0.618000
vt 0.735500 0.619800
vt 0.730200 0.611900
vt 0.697300 0.624000
vt 0.752600 0.585100
vt 0.779700 0.572700
vt 0.758600 0.550600
vt 0.801500 0.511900
vt 0.773000 0.468200
vt 0.750600 0.495100
vt 0.746600 0.517700
vt 0.779000 0.433800
vt 0.797400 0.447500
vt 0.767400 0.402100
vt 0.768000 0.390000
vt 0.722700 0.351400
vt 0.741600 0.380500
vt 0.666300 0.332100
vt 0.624800 0.360100
vt 0.651600 0.382600
vt 0.674200 0.386500
vt 0.707100 0.374500
vt 0.590300 0.354100
vt 0.606800 0.335000
vt 0.557400 0.366200
vt 0.552600 0.359500
vt 0.534900 0.393000
vt 0.511100 0.402200
vt 0.528900 0.427500
vt 0.488300 0.457300
vt 0.514600 0.509800
vt 0.537000 0.483000
vt 0.541000 0.460400
vt 0.558600 0.475100
vt 0.508500 0.544300
vt 0.487300 0.516800
vt 0.659500 0.404200
vt 0.729000 0.503000
vt 16.143499 0.001200
vt 16.143499 1.510700
vt 15.942499 0.000000
vt 15.817200 0.463500
vt 15.571899 0.682400
vt 15.292299 1.510700
vt 15.292299 0.828800
vt 15.012799 0.682400
vt 14.716100 1.510700
vt 14.767400 0.463500
vt 14.716100 0.273700
vt 14.664800 0.463500
vt 14.419499 0.682400
vt 14.139899 1.510700
vt 14.139899 0.828800
vt 13.860300 0.706900
vt 13.499399 1.510700
vt 13.615001 0.470700
vt 13.486300 0.157400
vt 13.408400 0.337300
vt 13.228300 0.604300
vt 12.982500 0.771000
vt 12.827399 0.841300
vt 12.827399 1.510700
vt 12.257199 1.510700
vt 12.702300 0.801200
vt 12.434299 0.614800
vt 12.257199 0.388900
vt 12.093000 0.548700
vt 11.887400 0.722800
vt 11.681900 0.808700
vt 11.681900 1.510700
vt 11.030499 1.510700
vt 11.445100 0.700800
vt 11.208300 0.480800
vt 11.030499 0.117900
vt 10.832800 0.546800
vt 10.575100 0.726400
vt 10.377299 0.825200
vt 10.377299 1.510700
vt 9.784800 1.510700
vt 10.203600 0.737400
vt 9.983900 0.579600
vt 9.784800 0.384200
vt 9.192200 1.510700
vt 9.192200 0.825200
vt 9.585700 0.579600
vt 9.366000 0.737400
vt 8.994500 0.726400
vt 8.539100 1.510700
vt 8.770900 0.546800
vt 8.569300 0.117900
vt 7.887600 1.510700
vt 7.887600 0.808700
vt 8.361199 0.480800
vt 8.124400 0.700800
vt 7.682100 0.722800
vt 7.312400 1.510700
vt 7.476600 0.548700
vt 7.361001 0.388900
vt 6.742100 1.510700
vt 6.742100 0.841300
vt 6.867300 0.801200
vt 7.135300 0.614800
vt 6.587000 0.771000
vt 6.070100 1.510700
vt 6.360800 0.604300
vt 6.196500 0.337300
vt 6.126600 0.157400
vt 5.954500 0.470700
vt 5.709200 0.706900
vt 5.429600 1.510700
vt 5.429600 0.828800
vt 5.150000 0.682400
vt 4.853400 1.510700
vt 4.959900 0.463500
vt 4.873300 0.273700
vt 4.802100 0.463500
vt 4.556800 0.682400
vt 4.277200 1.510700
vt 4.277200 0.828800
vt 3.997600 0.682400
vt 3.451300 1.510700
vt 3.451300 0.001200
vt 3.627000 0.000000
vt 3.789300 0.463500
vt 16.500700 0.001700
vt 16.844700 0.611200
vt 17.231199 0.796300
vt 16.651400 0.360500
vt 17.231199 1.510700
vt 17.617800 0.611200
vt 17.875099 1.510700
vt 17.811100 0.360500
vt 17.875099 0.263900
vt 18.132500 0.611200
vt 18.519001 1.510700
vt 17.939199 0.360500
vt 18.519001 0.796300
vt 19.594799 1.510700
vt 19.594799 0.001200
vt 19.231699 0.001700
vt 18.905600 0.611200
vt 19.098900 0.360500
vt 19.795799 0.000000
vt 19.921001 0.463500
vt 20.166399 0.682400
vt 20.445900 0.828800
vt 20.445900 1.510700
vt 21.022099 1.510700
vt 20.725500 0.682400
vt 20.970800 0.463500
vt 21.022099 0.273700
vt 21.073500 0.463500
vt 21.318800 0.682400
vt 21.598400 0.828800
vt 21.598400 1.510700
vt 22.238800 1.510700
vt 21.877899 0.706900
vt 22.123199 0.470700
vt 22.252001 0.157400
vt 22.329899 0.337300
vt 22.510000 0.604300
vt 22.755800 0.771000
vt 22.910900 0.841300
vt 22.910900 1.510700
vt 23.481100 1.510700
vt 23.036001 0.801200
vt 23.304001 0.614800
vt 23.481100 0.388900
vt 23.645300 0.548700
vt 23.850800 0.722800
vt 24.056400 0.808700
vt 24.056400 1.510700
vt 24.707800 1.510700
vt 24.293200 0.700800
vt 24.529900 0.480800
vt 24.707800 0.117900
vt 24.905499 0.546800
vt 25.163198 0.726400
vt 25.360899 0.825200
vt 25.360899 1.510700
vt 25.953499 1.510700
vt 25.534698 0.737400
vt 25.754400 0.579600
vt 25.927500 0.384200
vt 26.546099 1.510700
vt 26.546099 0.825200
vt 26.152599 0.579600
vt 26.372299 0.737400
vt 26.743799 0.726400
vt 27.199200 1.510700
vt 26.967299 0.546800
vt 27.160799 0.117900
vt 27.850599 1.510700
vt 27.850599 0.808700
vt 27.377100 0.480800
vt 27.613800 0.700800
vt 28.056200 0.722800
vt 28.425900 1.510700
vt 28.261700 0.548700
vt 28.384899 0.388900
vt 28.996099 1.510700
vt 28.996099 0.841300
vt 28.871002 0.801200
vt 28.603001 0.614800
vt 29.151199 0.771000
vt 29.668200 1.510700
vt 29.372599 0.604300
vt 29.547100 0.337300
vt 29.614002 0.157400
vt 29.783800 0.470700
vt 30.029099 0.706900
vt 30.308599 0.828800
vt 30.308599 1.510700
vt 30.884899 1.510700
vt 30.588200 0.682400
vt 30.791100 0.463500
vt 30.884899 0.273700
vt 30.936199 0.463500
vt 31.181499 0.682400
vt 31.461100 0.828800
vt 31.461100 1.510700
vt 32.287003 1.510700
vt 31.740599 0.682400
vt 32.287003 0.001200
vt 32.111198 0.000000
vt 31.986002 0.463500
vt 3.094000 0.001700
vt 2.943400 0.360500
vt 2.363500 1.510700
vt 2.363500 0.796300
vt 2.750100 0.611200
vt 1.977000 0.611200
vt 1.719600 1.510700
vt 1.783700 0.360500
vt 1.719600 0.263900
vt 1.462300 0.611200
vt 1.655600 0.360500
vt 1.075700 1.510700
vt 1.075700 0.796300
vt 0.000000 1.510700
vt 0.689200 0.611200
vt 0.000000 0.001200
vt 0.363000 0.001700
vt 0.495900 0.360500
vt 2.052400 0.802400
vt 2.052400 1.314700
vt 2.213800 0.641100
vt 1.932800 1.314700
vt 2.213800 0.624400
vt 2.036200 0.785700
vt 1.932800 0.931100
vt 2.213800 1.314700
vt 2.373900 1.314700
vt 2.491600 1.314700
vt 2.373900 0.802500
vt 2.491600 0.931100
vt 2.390000 0.785700
vt 2.621400 1.314700
vt 2.507400 0.915200
vt 2.632700 1.029200
vt 2.617400 1.043900
vt 2.728900 1.314700
vt 2.740500 1.129900
vt 2.726700 1.143100
vt 2.946100 1.141600
vt 2.946200 1.030700
vt 2.946200 0.915200
vt 3.259800 1.029200
vt 3.385100 0.915200
vt 2.946000 1.277300
vt 3.151900 1.141200
vt 3.275100 1.043900
vt 3.400900 0.931100
vt 3.502500 0.785700
vt 2.946200 0.785700
vt 3.518600 0.802500
vt 3.662100 0.624400
vt 2.230400 0.624400
vt 2.946200 0.624400
vt 2.946200 0.463000
vt 2.390100 0.463000
vt 2.373900 0.446400
vt 2.946200 0.337800
vt 3.502400 0.463000
vt 2.491600 0.322100
vt 2.507600 0.337800
vt 2.946200 0.224600
vt 3.384900 0.337800
vt 2.636800 0.224600
vt 2.946200 0.117800
vt 3.255600 0.224600
vt 3.400900 0.322100
vt 3.149700 0.117800
vt 3.271100 0.210000
vt 2.946200 -0.030600
vt 2.742800 0.117800
vt 2.621400 0.210000
vt 2.728900 0.103800
vt 2.815000 -0.030600
vt 2.802300 -0.037700
vt 2.728900 0.110300
vt 2.946200 -0.174200
vt 3.077500 -0.030600
vt 2.863900 -0.173500
vt 2.946200 -0.313900
vt 3.028600 -0.173500
vt 3.090200 -0.037700
vt 3.163600 0.103800
vt 3.163600 0.110300
vt 3.163600 -0.045600
vt 3.017300 -0.045600
vt 3.018200 0.025400
vt 3.271100 -0.045600
vt 3.400900 -0.045600
vt 3.518600 0.446400
vt 3.518600 -0.045600
vt 3.678700 0.607700
vt 3.678700 0.624400
vt 3.518600 1.314700
vt 3.678700 0.641100
vt 3.400900 1.314700
vt 3.678700 1.314700
vt 3.840100 1.314700
vt 3.840100 0.802400
vt 3.856200 0.785700
vt 3.959600 1.314700
vt 3.959600 0.931100
vt 4.087500 1.314700
vt 3.975400 0.915200
vt 4.090900 1.049900
vt 4.106300 1.035400
vt 4.232800 1.314200
vt 4.101800 1.035400
vt 4.244900 1.132000
vt 4.235000 1.145800
vt 4.373700 1.313700
vt 4.374600 1.227900
vt 4.512400 1.313200
vt 4.516600 1.267800
vt 4.378700 1.214900
vt 4.512700 1.279900
vt 4.636500 1.312800
vt 4.636400 1.292500
vt 4.637500 1.280600
vt 4.514000 1.267800
vt 4.413000 1.035100
vt 4.205900 1.137700
vt 4.413000 1.137500
vt 4.413000 0.915200
vt 4.850600 0.915200
vt 4.719700 1.035400
vt 4.413000 1.262100
vt 4.620100 1.137700
vt 4.866400 0.931100
vt 4.735100 1.049900
vt 4.969800 0.785700
vt 4.413000 0.785700
vt 4.985900 0.802400
vt 5.145700 0.624400
vt 4.866400 1.314700
vt 4.738500 1.314700
vt 5.145700 0.641700
vt 4.985900 1.314700
vt 5.145700 1.314700
vt 4.969700 0.463000
vt 4.413000 0.463000
vt 4.413000 0.624400
vt 5.145700 0.607000
vt 4.985900 0.446400
vt 3.695400 0.624400
vt 3.856400 0.463000
vt 3.840100 0.446500
vt 3.840100 -0.045600
vt 3.959600 0.322200
vt 3.959600 -0.045600
vt 4.413000 0.337800
vt 3.975600 0.337800
vt 4.087500 0.209900
vt 4.087500 -0.045600
vt 4.102700 0.224600
vt 4.413000 0.224600
vt 4.413000 0.117800
vt 4.190200 0.110500
vt 4.087500 0.217000
vt 4.204000 0.117800
vt 4.723200 0.224600
vt 4.850400 0.337800
vt 4.866400 0.322200
vt 4.622000 0.117800
vt 4.738500 0.217000
vt 4.635800 0.110500
vt 4.738500 0.209900
vt 4.549200 -0.007500
vt 4.413000 -0.007500
vt 4.635800 0.111400
vt 4.562100 -0.013400
vt 4.496900 -0.150500
vt 4.413000 -0.150500
vt 4.276800 -0.007500
vt 4.413000 -0.305600
vt 4.329100 -0.150500
vt 4.477300 -0.305600
vt 4.509200 -0.151700
vt 4.348700 -0.305600
vt 4.316800 -0.151700
vt 4.336800 -0.306800
vt 4.489200 -0.306800
vt 4.263900 -0.013400
vt 4.190200 0.111400
vt 4.866400 -0.045600
vt 4.738500 -0.045600
vt 4.593200 -0.045600
vt 4.593200 0.103700
vt 4.452400 -0.045600
vt 4.452400 0.025400
vt 4.313800 -0.045600
vt 4.313800 -0.023800
vt 4.310000 -0.011700
vt 4.448400 0.038300
vt 4.190000 -0.045600
vt 4.190000 -0.039100
vt 4.985900 -0.045600
vt 5.145700 -0.045600
vt 4.232800 -0.045600
vt 4.232800 0.103700
vt 4.373600 -0.045600
vt 4.373600 0.025400
vt 4.512200 -0.045600
vt 4.512200 -0.023800
vt 4.516000 -0.011700
vt 4.377600 0.038300
vt 4.636000 -0.045600
vt 4.636000 -0.039100
vt 3.678700 -0.045600
vt 4.593200 1.314200
vt 4.591000 1.145800
vt 4.581100 1.132000
vt 4.724200 1.035400
vt 4.452300 1.313700
vt 4.451400 1.227900
vt 4.313600 1.313200
vt 4.313300 1.279900
vt 4.447300 1.214900
vt 4.309300 1.267800
vt 4.189500 1.312800
vt 4.189600 1.292500
vt 4.311900 1.267800
vt 4.188400 1.280600
vt 4.634000 1.144000
vt 4.561600 1.268000
vt 4.548800 1.262100
vt 4.413000 1.404300
vt 4.496800 1.404400
vt 4.277200 1.262100
vt 4.329100 1.404400
vt 4.413000 1.558800
vt 4.477300 1.558800
vt 4.348700 1.558800
vt 4.264300 1.268000
vt 4.192000 1.144000
vt 3.271100 1.314700
vt 3.163600 1.314700
vt 3.165700 1.154300
vt 3.046400 1.314400
vt 3.044400 1.234300
vt 2.912800 1.314100
vt 2.910900 1.282900
vt 3.040400 1.222300
vt 2.906700 1.271700
vt 2.767700 1.313700
vt 2.909000 1.271700
vt 2.767100 1.283600
vt 2.768100 1.294700
vt 3.076300 1.278100
vt 3.089200 1.284200
vt 3.165700 1.148100
vt 2.945800 1.424600
vt 3.026000 1.425100
vt 2.815600 1.277800
vt 2.865500 1.424900
vt 2.945600 1.577500
vt 3.009400 1.577600
vt 2.881800 1.577400
vt 2.802700 1.284100
vt 2.726700 1.136400
vt 2.873000 -0.045500
vt 2.873600 -0.022200
vt 3.014100 0.038400
vt 2.730500 -0.045500
vt 2.730600 -0.038600
vt 2.872600 -0.010000
vt 2.869800 -0.010000
vt 2.729400 -0.026700
vt 3.010500 -0.313400
vt 2.882000 -0.313400
vt 2.728900 -0.045600
vt 2.855200 -0.045600
vt 2.854400 0.025300
vt 2.993500 -0.045600
vt 2.992900 -0.022300
vt 2.858300 0.038300
vt 3.147900 -0.045600
vt 3.147800 -0.038600
vt 2.994100 -0.010100
vt 2.996500 -0.010100
vt 3.149100 -0.026800
vt 2.621400 -0.045600
vt 2.491600 -0.045600
vt 2.373900 -0.045600
vt 2.213800 0.607700
vt 2.213800 -0.045600
vt 2.052400 -0.045600
vt 2.052400 0.446500
vt 2.197100 0.624400
vt 2.036100 0.463000
vt 1.932800 -0.045600
vt 1.932800 0.322200
vt 1.805000 -0.045600
vt 1.916800 0.337800
vt 1.789700 0.224600
vt 1.805000 0.209900
vt 1.701700 -0.045600
vt 1.518900 -0.045600
vt 1.702200 0.103700
vt 1.518900 0.025400
vt 1.688500 0.117800
vt 1.380300 -0.045600
vt 1.380300 -0.023800
vt 1.376500 -0.011700
vt 1.514800 0.038300
vt 1.256500 -0.045600
vt 1.256500 -0.039100
vt 1.415500 0.117800
vt 1.615700 -0.007500
vt 1.415500 -0.007500
vt 1.702300 0.111400
vt 1.628600 -0.013400
vt 1.415500 0.224600
vt 1.415500 0.337800
vt 0.848900 0.337800
vt 0.990500 0.224600
vt 1.415500 0.463000
vt 0.693500 0.463000
vt 1.415500 0.624400
vt 0.531500 0.624400
vt 0.676100 0.447300
vt 0.831300 0.323100
vt 0.676100 -0.925500
vt 0.514800 -1.099500
vt 0.514800 0.607700
vt 0.514800 0.624400
vt 0.831300 -0.770900
vt 0.974200 0.210300
vt 0.692700 -0.942000
vt 0.974200 -0.628600
vt 0.989600 -0.643900
vt 0.847300 -0.786900
vt 1.099600 0.104100
vt 1.114500 0.117800
vt 1.215800 -0.007500
vt 1.415500 -0.150500
vt 1.264200 -0.150500
vt 1.202400 -0.011500
vt 1.563400 -0.150500
vt 1.415500 -0.305600
vt 1.252000 -0.154300
vt 1.287200 -0.305600
vt 1.543800 -0.305600
vt 1.575600 -0.151700
vt 1.555700 -0.306800
vt 1.099600 -0.504200
vt 1.114000 -0.518600
vt 1.251700 0.025500
vt 1.259600 0.038300
vt 1.108400 0.117800
vt 1.251700 -0.402600
vt 1.403000 -0.023800
vt 1.403000 -0.354000
vt 1.557200 -0.039100
vt 1.557200 -0.331000
vt 1.558900 -0.027200
vt 1.404800 -0.011700
vt 1.415500 -0.518600
vt 1.415500 -0.379500
vt 1.215600 -0.379500
vt 1.099600 -0.510800
vt 1.415500 -0.230700
vt 1.264200 -0.230700
vt 1.202400 -0.372300
vt 1.202400 -0.375200
vt 1.415500 -0.073800
vt 1.287200 -0.073800
vt 1.252000 -0.228900
vt 1.275300 -0.072100
vt 1.252000 -0.226800
vt 1.415500 -0.643900
vt 1.415500 -0.786900
vt 1.415500 -0.942000
vt 0.535300 -1.099500
vt 1.415500 -1.099500
vt 0.353500 -0.925500
vt 0.353500 0.447300
vt 0.337000 -0.942000
vt 0.494300 -1.099500
vt 0.198400 -0.770900
vt 0.198400 0.323100
vt 0.182300 -0.786900
vt -0.259900 -0.942000
vt -0.259900 -0.786900
vt -0.259900 -1.099500
vt -0.259900 -0.643900
vt 0.040100 -0.643900
vt -0.259900 -0.518600
vt -0.069900 -0.504100
vt 0.055400 -0.628600
vt -0.084200 -0.518600
vt 0.055400 0.210300
vt -0.069900 0.104100
vt -0.232800 -0.400800
vt -0.227400 0.025400
vt -0.084700 0.117800
vt 0.039100 0.224600
vt -0.259900 0.117800
vt -0.259900 0.224600
vt 0.180800 0.337800
vt -0.259900 0.337800
vt 0.336100 0.463000
vt -0.259900 0.463000
vt 0.498200 0.624400
vt 0.693400 0.785700
vt 0.514800 0.641000
vt 0.353500 0.801600
vt 1.415500 0.785700
vt 1.415500 0.915200
vt 1.917000 0.915200
vt 1.415500 1.035100
vt 0.848600 0.915200
vt 1.786200 1.035400
vt 1.801600 1.049900
vt 1.805000 1.314700
vt 1.415500 1.137500
vt 1.686500 1.137700
vt 0.994100 1.035400
vt 1.415500 1.262000
vt 1.116400 1.137700
vt 1.700500 1.144000
vt 1.628100 1.268000
vt 1.700400 1.151100
vt 1.615300 1.262100
vt 1.415500 1.404300
vt 1.216200 1.262100
vt 0.977700 1.049500
vt 1.101300 1.150700
vt 0.974200 1.314700
vt 1.099600 1.314700
vt 0.831300 0.930000
vt 1.257100 1.313800
vt 1.257800 1.230300
vt 1.266100 1.217800
vt 1.110600 1.137700
vt 1.395200 1.312900
vt 1.395500 1.280600
vt 1.526200 1.312000
vt 1.526100 1.292300
vt 1.527500 1.280700
vt 1.397100 1.268800
vt 0.831300 1.314700
vt 0.676100 1.314700
vt 0.676100 0.801600
vt 0.514800 1.314700
vt 0.353500 1.314700
vt 0.198400 1.314700
vt 0.198400 0.930100
vt 0.181000 0.915200
vt 0.336300 0.785700
vt 0.055400 1.314700
vt 0.059500 1.043500
vt 0.043100 1.029300
vt -0.259900 0.915200
vt -0.259900 1.032600
vt -0.259900 0.785700
vt -0.259900 0.624400
vt -0.259800 1.143500
vt -0.082400 1.141000
vt -0.259600 1.275600
vt -0.067600 1.153700
vt -0.178700 1.277800
vt -0.067700 1.147600
vt -0.259200 1.422700
vt -0.165600 1.284100
vt -0.237900 1.424500
vt -0.165800 1.282000
vt -0.258800 1.578400
vt -0.254100 1.578200
vt -0.225800 1.425700
vt -0.226100 1.428700
vt -0.242200 1.579100
vt -0.069900 1.314700
vt -0.189200 1.233900
vt -0.187300 1.314300
vt -0.321300 1.313800
vt -0.323100 1.282500
vt -0.466600 1.313300
vt -0.466200 1.294200
vt 1.415500 1.558800
vt 1.563300 1.404400
vt 1.264300 1.404400
vt 1.543800 1.558800
vt 1.287200 1.558800
vt 1.252100 1.408200
vt 1.202800 1.266200
vt 1.701300 1.314200
vt 1.517900 1.227900
vt 1.518800 1.313700
vt 1.380100 1.313200
vt 1.379800 1.279900
vt 1.513700 1.214900
vt 1.375800 1.267800
vt 1.256000 1.312800
vt 1.256100 1.292500
vt 1.378400 1.267800
vt 1.254900 1.280600
vt -0.373800 -0.022300
vt -0.382300 -0.353400
vt -0.232400 0.038400
vt -0.379900 -0.010600
vt -0.237000 -0.414200
vt -0.385500 -0.365700
vt -0.512400 -0.331100
vt -0.508700 -0.038800
vt 2.854200 1.314500
vt 2.856400 1.228700
vt 2.997200 1.314100
vt 3.003600 1.268900
vt 2.860600 1.216000
vt 2.999200 1.280700
vt 3.152300 1.313800
vt 3.152000 1.293400
vt 3.153000 1.281500
vt 3.001200 1.268700
vt 1.423100 1.146000
vt 1.426300 1.124800
vt 1.269500 1.129500
vt 1.419900 1.157900
vt 1.267900 1.141400
vt 1.570200 1.204600
vt 1.575100 1.124800
vt 1.269500 1.124800
vt 1.562500 1.217200
vt 1.714300 1.300500
vt 1.714300 1.124800
vt 1.706500 1.314500
vt 4.507600 1.233200
vt 4.507600 1.314700
vt 4.656000 1.139500
vt 4.363200 1.292000
vt 4.360100 1.314700
vt 4.648700 1.124800
vt 4.500600 1.219900
vt 4.656000 1.314700
vt 4.220800 1.314700
vt 4.221900 1.310000
vt 4.363500 1.279700
vt 4.223700 1.298100
vt 2.052400 0.785700
vt 1.932800 0.915200
vt 0.676100 0.785700
vt 0.831300 0.915200
vt 1.801400 1.035400
vt 0.977800 1.035400
vt 1.700300 1.137700
vt 1.101500 1.137700
vt 1.257900 1.217800
vt 1.202900 1.262100
vt 1.628100 1.262100
vt 1.252100 1.404400
vt 1.575500 1.404400
vt 1.275300 1.558800
vt 1.555700 1.558800
vt 1.517800 1.214900
vt 1.379600 1.267800
vt 1.256100 1.280600
vt 1.395600 1.268800
vt 1.526100 1.280800
vt 0.353500 0.785700
vt 0.198400 0.915200
vt 0.059700 1.029100
vt -0.067400 1.140800
vt -0.165600 1.278100
vt -0.189500 1.221900
vt -0.323800 1.271300
vt -0.466000 1.283100
vt -0.225900 1.425400
vt -0.242200 1.577800
vt 0.353500 0.463000
vt 0.198400 0.337800
vt 0.353500 -0.942000
vt 0.055400 0.224600
vt 0.198400 -0.786900
vt -0.069900 0.117800
vt 0.055400 -0.643900
vt -0.069900 -0.518600
vt -0.227200 0.038300
vt -0.232900 -0.413900
vt -0.382600 -0.365500
vt -0.373500 -0.010100
vt -0.512600 -0.343100
vt -0.508500 -0.026900
vt 0.511000 -1.099500
vt 0.518600 -1.099500
vt 0.676100 0.463000
vt 0.831300 0.337800
vt 0.676100 -0.942000
vt 0.831300 -0.786900
vt 0.974200 0.224600
vt 0.974200 -0.643900
vt 1.099600 0.117800
vt 1.099600 -0.518600
vt 1.251700 0.038300
vt 1.202400 -0.379500
vt 1.251700 -0.415800
vt 1.252000 -0.230700
vt 1.275300 -0.073800
vt 1.403000 -0.366100
vt 1.403000 -0.011700
vt 1.557200 -0.027200
vt 1.557200 -0.342900
vt 1.702300 0.117800
vt 1.805000 0.224600
vt 1.628600 -0.007500
vt 1.518900 0.038300
vt 1.202400 -0.007500
vt 1.575600 -0.150500
vt 1.252000 -0.150500
vt 1.555700 -0.305600
vt 1.275300 -0.305600
vt 1.380300 -0.011700
vt 1.256500 -0.027200
vt 1.932800 0.337800
vt 2.052400 0.463000
vt 2.373900 0.463000
vt 2.373900 0.785700
vt 2.802200 -0.030600
vt 2.728900 0.117800
vt 2.851700 -0.173400
vt 2.870100 -0.313200
vt 2.621400 0.224600
vt 2.491600 0.337800
vt 2.854200 0.038300
vt 2.992600 -0.010100
vt 3.147600 -0.026700
vt 3.014200 0.038400
vt 2.872600 -0.010100
vt 2.802800 1.277800
vt 2.726500 1.129100
vt 2.853400 1.425000
vt 2.869900 1.577400
vt 2.617100 1.029100
vt 2.856700 1.215900
vt 2.491600 0.915200
vt 2.999900 1.268700
vt 3.151700 1.281500
vt 2.906800 1.271800
vt 3.040500 1.222400
vt 1.421400 1.157800
vt 1.269500 1.141400
vt 1.569500 1.217400
vt 1.714300 1.314700
vt 4.507600 1.219900
vt 4.656000 1.124800
vt 4.364900 1.279200
vt 4.225000 1.297700
s 1
usemtl m6ceiling
f 3/1/1 2/2/2 1/3/2
f 5/4/3 3/1/1 4/5/4
f 6/6/1 3/1/1 1/3/2
f 3/1/1 6/6/1 4/5/4
f 1/3/2 2/2/2 7/7/5
f 2/2/2 8/8/5 7/7/5
f 8/8/5 9/9/6 7/7/5
f 9/9/6 10/10/7 7/7/5
f 9/9/6 11/11/8 10/10/7
f 11/11/8 12/12/9 10/10/7
f 11/11/8 13/13/10 12/12/9
f 13/13/10 14/14/10 12/12/9
f 5/4/3 4/5/4 15/15/11
f 16/16/12 5/4/3 15/15/11
f 16/16/12 15/15/11 17/17/13
f 18/18/13 16/16/12 17/17/13
f 21/19/14 20/20/15 19/21/14
f 23/22/16 21/19/14 22/23/16
f 21/19/14 19/21/14 22/23/16
f 20/20/15 24/24/15 19/21/14
f 20/20/15 25/25/17 24/24/15
f 25/25/17 26/26/17 24/24/15
f 25/25/17 27/18/18 26/26/17
f 27/18/18 28/17/18 26/26/17
f 23/22/16 22/23/16 29/27/19
f 30/28/19 23/22/16 29/27/19
f 30/28/19 29/27/19 31/29/20
f 32/30/20 30/28/19 31/29/20
f 32/30/20 31/29/20 33/31/21
f 34/32/21 32/30/20 33/31/21
f 34/32/21 33/31/21 35/33/22
f 36/34/22 34/32/21 35/33/22
f 39/35/23 38/36/24 37/37/23
f 41/38/25 39/35/23 40/39/25
f 39/35/23 37/37/23 40/39/25
f 38/36/24 42/40/24 37/37/23
f 38/36/24 43/41/26 42/40/24
f 43/41/26 44/42/26 42/40/24
f 43/41/26 45/43/27 44/42/26
f 45/43/27 46/44/27 44/42/26
f 45/43/27 47/45/28 46/44/27
f 47/45/28 48/46/28 46/44/27
f 47/45/28 49/47/29 48/46/28
f 49/47/29 50/48/29 48/46/28
f 41/38/25 40/39/25 51/49/30
f 52/50/31 41/38/25 51/49/30
f 52/50/31 51/49/30 53/14/32
f 54/13/32 52/50/31 53/14/32
f 57/51/33 56/52/34 55/53/33
f 59/54/35 57/51/33 58/55/35
f 57/51/33 55/53/33 58/55/35
f 56/52/34 60/56/34 55/53/33
f 56/52/34 62/57/36 61/58/36
f 60/56/34 56/52/34 61/58/36
f 62/57/36 63/59/37 61/58/36
f 63/59/37 64/60/37 61/58/36
f 59/54/35 58/55/35 65/61/38
f 66/62/39 59/54/35 65/61/38
f 66/62/39 65/61/38 67/63/40
f 68/64/41 66/62/39 67/63/40
f 68/64/41 67/63/40 69/48/42
f 70/47/42 68/64/41 69/48/42
f 73/65/43 72/34/43 71/66/43
f 72/34/43 74/33/43 71/66/43
s 0
f 77/67/44 76/68/44 75/69/44
f 79/70/44 78/71/44 77/67/44
f 78/71/44 76/68/44 77/67/44
f 75/69/44 81/72/44 80/73/44
f 76/68/44 81/72/44 75/69/44
f 81/72/44 82/74/44 80/73/44
f 82/74/44 83/75/44 80/73/44
f 83/75/44 82/74/44 84/76/44
f 83/75/44 85/77/44 80/73/44
f 87/78/44 80/73/44 86/79/44
f 88/80/44 80/73/44 85/77/44
f 80/73/44 88/80/44 86/79/44
f 89/81/44 87/78/44 86/79/44
f 87/78/44 89/81/44 90/82/44
f 89/81/44 91/83/44 90/82/44
f 93/84/44 90/82/44 92/85/44
f 95/86/44 90/82/44 94/87/44
f 90/82/44 95/86/44 92/85/44
f 90/82/44 91/83/44 94/87/44
f 93/84/44 92/85/44 96/88/44
f 97/89/44 93/84/44 96/88/44
f 97/89/44 96/88/44 98/90/44
f 99/91/44 97/89/44 98/90/44
f 99/91/44 98/90/44 100/92/44
f 98/90/44 101/93/44 100/92/44
f 103/94/44 100/92/44 102/95/44
f 105/96/44 100/92/44 104/97/44
f 106/98/44 100/92/44 101/93/44
f 100/92/44 105/96/44 102/95/44
f 100/92/44 106/98/44 104/97/44
f 103/94/44 102/95/44 107/99/44
f 108/100/44 103/94/44 107/99/44
f 107/99/44 109/101/44 108/100/44
f 109/101/44 110/102/44 108/100/44
f 111/103/44 110/102/44 109/101/44
f 112/104/44 110/102/44 111/103/44
f 113/105/44 112/104/44 111/103/44
f 115/106/44 112/104/44 114/107/44
f 116/108/44 112/104/44 113/105/44
f 112/104/44 116/108/44 114/107/44
f 117/109/44 116/108/44 113/105/44
f 118/110/44 116/108/44 117/109/44
f 115/106/44 114/107/44 119/111/44
f 120/112/44 115/106/44 119/111/44
f 120/112/44 119/111/44 78/71/44
f 79/70/44 120/112/44 78/71/44
f 105/96/44 104/97/44 121/113/44
f 122/114/44 95/86/44 94/87/44
s 1
f 125/1/1 124/2/2 123/3/2
f 127/4/45 125/1/1 126/5/46
f 128/6/1 125/1/1 123/3/2
f 125/1/1 128/6/1 126/5/46
f 123/3/2 124/2/2 129/7/47
f 124/2/2 130/8/47 129/7/47
f 130/8/47 131/9/48 129/7/47
f 131/9/48 132/10/48 129/7/47
f 131/9/48 133/11/8 132/10/48
f 133/11/8 134/12/9 132/10/48
f 133/11/8 135/13/10 134/12/9
f 135/13/10 136/14/10 134/12/9
f 127/4/45 126/5/46 137/15/12
f 138/16/12 127/4/45 137/15/12
f 138/16/12 137/15/12 139/17/49
f 140/18/49 138/16/12 139/17/49
f 143/19/14 142/20/15 141/21/14
f 145/22/16 143/19/14 144/23/50
f 143/19/14 141/21/14 144/23/50
f 142/20/15 146/24/15 141/21/14
f 142/20/15 147/25/51 146/24/15
f 147/25/51 148/26/17 146/24/15
f 147/25/51 149/18/52 148/26/17
f 149/18/52 150/17/52 148/26/17
f 145/22/16 144/23/50 151/27/53
f 152/28/53 145/22/16 151/27/53
f 152/28/53 151/27/53 153/29/20
f 154/30/20 152/28/53 153/29/20
f 154/30/20 153/29/20 155/31/54
f 156/32/54 154/30/20 155/31/54
f 156/32/54 155/31/54 157/33/22
f 158/34/22 156/32/54 157/33/22
f 161/35/23 160/36/55 159/37/23
f 163/38/25 161/35/23 162/39/25
f 161/35/23 159/37/23 162/39/25
f 160/36/55 164/40/24 159/37/23
f 160/36/55 165/41/26 164/40/24
f 165/41/26 166/42/56 164/40/24
f 165/41/26 167/43/27 166/42/56
f 167/43/27 168/44/27 166/42/56
f 167/43/27 169/45/57 168/44/27
f 169/45/57 170/46/58 168/44/27
f 169/45/57 171/47/59 170/46/58
f 173/47/59 172/48/59 170/46/59
f 163/38/25 162/39/25 174/49/31
f 175/50/31 163/38/25 174/49/31
f 175/50/31 174/49/31 176/14/60
f 177/13/60 175/50/31 176/14/60
f 180/51/33 179/52/34 178/53/33
f 182/54/61 180/51/33 181/55/61
f 180/51/33 178/53/33 181/55/61
f 179/52/34 183/56/34 178/53/33
f 179/52/34 185/57/62 184/58/62
f 183/56/34 179/52/34 184/58/62
f 185/57/62 186/59/13 184/58/62
f 186/59/13 187/60/63 184/58/62
f 182/54/61 181/55/61 188/61/64
f 189/62/64 182/54/61 188/61/64
f 189/62/64 188/61/64 190/63/40
f 191/64/41 189/62/64 190/63/40
f 191/64/41 190/63/40 192/48/42
f 193/47/42 191/64/41 192/48/42
f 196/65/65 195/34/65 194/66/65
f 195/34/65 197/33/65 194/66/65
s 0
f 200/67/44 199/68/44 198/69/44
f 202/70/44 201/71/44 200/67/44
f 201/71/44 199/68/44 200/67/44
f 198/69/44 204/72/44 203/73/44
f 199/68/44 204/72/44 198/69/44
f 204/72/44 205/74/44 203/73/44
f 205/74/44 206/75/44 203/73/44
f 206/75/44 205/74/44 207/76/44
f 206/75/44 208/77/44 203/73/44
f 210/78/44 203/73/44 209/79/44
f 211/80/44 203/73/44 208/77/44
f 203/73/44 211/80/44 209/79/44
f 212/81/44 210/78/44 209/79/44
f 210/78/44 212/81/44 213/82/44
f 212/81/44 214/83/44 213/82/44
f 216/84/44 213/82/44 215/85/44
f 218/86/44 213/82/44 217/87/44
f 213/82/44 218/86/44 215/85/44
f 213/82/44 214/83/44 217/87/44
f 216/84/44 215/85/44 219/88/44
f 220/89/44 216/84/44 219/88/44
f 220/89/44 219/88/44 221/90/44
f 222/91/44 220/89/44 221/90/44
f 222/91/44 221/90/44 223/92/44
f 221/90/44 224/93/44 223/92/44
f 226/94/44 223/92/44 225/95/44
f 228/96/44 223/92/44 227/97/44
f 229/98/44 223/92/44 224/93/44
f 223/92/44 228/96/44 225/95/44
f 223/92/44 229/98/44 227/97/44
f 226/94/44 225/95/44 230/99/44
f 231/100/44 226/94/44 230/99/44
f 230/99/44 232/101/44 231/100/44
f 232/101/44 233/102/44 231/100/44
f 234/103/44 233/102/44 232/101/44
f 235/104/44 233/102/44 234/103/44
f 236/105/44 235/104/44 234/103/44
f 238/106/44 235/104/44 237/107/44
f 239/108/44 235/104/44 236/105/44
f 235/104/44 239/108/44 237/107/44
f 240/109/44 239/108/44 236/105/44
f 241/110/44 239/108/44 240/109/44
f 238/106/44 237/107/44 242/111/44
f 243/112/44 238/106/44 242/111/44
f 243/112/44 242/111/44 201/71/44
f 202/70/44 243/112/44 201/71/44
f 228/96/44 227/97/44 244/113/44
f 245/114/44 218/86/44 217/87/44
s 1
f 248/3/2 247/2/2 246/1/1
f 247/2/2 248/3/2 249/7/47
f 250/6/1 248/3/2 246/1/1
f 250/6/1 246/1/1 251/5/46
f 246/1/1 252/4/45 251/5/46
f 251/5/46 252/4/45 253/15/12
f 252/4/45 254/16/12 253/15/12
f 253/15/12 254/16/12 255/17/49
f 254/16/12 256/18/49 255/17/49
f 257/8/47 247/2/2 249/7/47
f 258/9/48 257/8/47 249/7/47
f 259/10/48 258/9/48 249/7/47
f 260/11/8 258/9/48 259/10/48
f 261/12/9 260/11/8 259/10/48
f 262/13/10 260/11/8 261/12/9
f 263/14/10 262/13/10 261/12/9
f 266/24/15 265/20/15 264/21/14
f 268/26/17 267/25/51 266/24/15
f 267/25/51 265/20/15 266/24/15
f 264/21/14 270/19/14 269/23/50
f 265/20/15 270/19/14 264/21/14
f 269/23/50 272/22/16 271/27/53
f 270/19/14 272/22/16 269/23/50
f 271/27/53 274/28/53 273/29/20
f 272/22/16 274/28/53 271/27/53
f 273/29/20 276/30/20 275/31/54
f 274/28/53 276/30/20 273/29/20
f 275/31/54 278/32/54 277/33/22
f 276/30/20 278/32/54 275/31/54
f 278/32/54 279/34/22 277/33/22
f 280/18/52 267/25/51 268/26/17
f 281/17/52 280/18/52 268/26/17
f 284/40/24 283/36/55 282/37/23
f 286/42/56 285/41/26 284/40/24
f 285/41/26 283/36/55 284/40/24
f 282/37/23 288/35/23 287/39/25
f 283/36/55 288/35/23 282/37/23
f 287/39/25 290/38/25 289/49/31
f 288/35/23 290/38/25 287/39/25
f 289/49/31 292/50/31 291/14/60
f 290/38/25 292/50/31 289/49/31
f 292/50/31 293/13/60 291/14/60
f 294/43/27 285/41/26 286/42/56
f 295/44/27 294/43/27 286/42/56
f 296/45/57 294/43/27 295/44/27
f 297/46/57 296/45/57 295/44/27
f 298/47/59 296/45/57 297/46/57
f 299/48/59 298/47/59 297/46/57
f 302/56/66 301/52/20 300/53/33
f 304/58/67 303/57/68 302/56/66
f 303/57/68 301/52/20 302/56/66
f 300/53/33 306/51/33 305/55/27
f 301/52/20 306/51/33 300/53/33
f 305/55/27 308/54/27 307/62/69
f 306/51/33 308/54/27 305/55/27
f 309/61/69 305/55/27 307/62/69
f 309/61/69 307/62/69 310/63/9
f 307/62/69 311/64/9 310/63/9
f 310/63/9 311/64/9 312/48/42
f 311/64/9 313/47/42 312/48/42
f 314/59/70 303/57/68 304/58/67
f 315/60/70 314/59/70 304/58/67
f 318/33/65 317/34/65 316/66/65
f 317/34/65 319/65/65 316/66/65
s 0
f 322/72/71 321/68/71 320/69/71
f 324/74/71 322/72/71 323/73/71
f 322/72/71 320/69/71 323/73/71
f 321/68/71 325/67/71 320/69/71
f 321/68/71 326/71/71 325/67/71
f 326/71/71 327/70/71 325/67/71
f 327/70/71 326/71/71 328/112/71
f 326/71/71 329/111/71 328/112/71
f 328/112/71 329/111/71 330/106/71
f 329/111/71 331/107/71 330/106/71
f 330/106/71 331/107/71 332/104/71
f 331/107/71 333/108/71 332/104/71
f 332/104/71 335/105/71 334/103/71
f 332/104/71 333/108/71 335/105/71
f 336/102/71 332/104/71 334/103/71
f 333/108/71 337/109/71 335/105/71
f 338/110/71 337/109/71 333/108/71
f 336/102/71 340/101/71 339/100/71
f 334/103/71 340/101/71 336/102/71
f 339/100/71 342/99/71 341/94/71
f 340/101/71 342/99/71 339/100/71
f 341/94/71 344/95/71 343/92/71
f 342/99/71 344/95/71 341/94/71
f 344/95/71 345/96/71 343/92/71
f 345/96/71 346/97/71 343/92/71
f 345/96/71 347/113/71 346/97/71
f 346/97/71 348/98/71 343/92/71
f 350/93/71 349/90/71 343/92/71
f 348/98/71 350/93/71 343/92/71
f 349/90/71 351/91/71 343/92/71
f 351/91/71 349/90/71 352/89/71
f 349/90/71 353/88/71 352/89/71
f 352/89/71 353/88/71 354/84/71
f 353/88/71 355/85/71 354/84/71
f 354/84/71 355/85/71 356/82/71
f 355/85/71 357/86/71 356/82/71
f 357/86/71 358/87/71 356/82/71
f 360/81/71 359/78/71 356/82/71
f 358/87/71 361/83/71 356/82/71
f 361/83/71 360/81/71 356/82/71
f 362/114/71 358/87/71 357/86/71
f 360/81/71 363/79/71 359/78/71
f 359/78/71 363/79/71 323/73/71
f 363/79/71 364/80/71 323/73/71
f 366/77/71 365/75/71 323/73/71
f 364/80/71 366/77/71 323/73/71
f 365/75/71 324/74/71 323/73/71
f 365/75/71 367/76/71 324/74/71
f 370/115/44 369/116/44 368/117/44
f 368/117/44 369/116/44 371/118/44
f 371/118/44 369/116/44 372/119/44
f 374/120/44 373/121/44 369/116/44
f 373/121/44 372/119/44 369/116/44
f 376/122/44 373/121/44 375/123/44
f 373/121/44 374/120/44 375/123/44
f 377/124/44 376/122/44 375/123/44
f 375/123/72 378/125/72 377/124/72
f 380/126/44 375/123/44 379/127/44
f 382/128/44 381/129/44 375/123/44
f 378/125/73 375/123/73 380/126/73
f 381/129/44 379/127/44 375/123/44
f 384/130/44 381/129/44 383/131/44
f 381/129/44 382/128/44 383/131/44
f 385/132/44 384/130/44 383/131/44
f 386/133/44 385/132/44 383/131/44
f 386/133/44 383/131/44 387/134/44
f 387/134/44 383/131/44 388/135/44
f 388/135/44 383/131/44 389/136/44
f 389/136/44 383/131/44 390/137/44
f 383/131/44 391/138/44 390/137/44
f 391/138/44 392/139/44 390/137/44
f 392/139/44 393/140/44 390/137/44
f 393/140/44 392/139/44 394/141/44
f 394/141/44 392/139/44 395/142/44
f 395/142/44 392/139/44 396/143/44
f 396/143/44 392/139/44 397/144/44
f 397/144/44 392/139/44 398/145/44
f 392/139/44 399/146/44 398/145/44
f 399/146/44 400/147/44 398/145/44
f 400/147/44 401/148/44 398/145/44
f 401/148/44 400/147/44 402/149/44
f 402/149/44 400/147/44 403/150/44
f 403/150/44 400/147/44 404/151/44
f 406/152/44 400/147/44 405/153/44
f 404/151/44 400/147/44 406/152/44
f 400/147/44 407/154/44 405/153/44
f 407/154/44 408/155/44 405/153/44
f 408/155/44 409/156/44 405/153/44
f 409/156/44 408/155/44 410/157/44
f 410/157/44 408/155/44 411/158/44
f 413/159/44 412/160/44 408/155/44
f 414/161/44 411/158/44 408/155/44
f 415/162/44 414/161/44 408/155/44
f 412/160/44 415/162/44 408/155/44
f 417/163/44 412/160/44 416/164/44
f 412/160/44 413/159/44 416/164/44
f 418/165/44 417/163/44 416/164/44
f 419/166/44 418/165/44 416/164/44
f 421/167/44 420/168/44 416/164/44
f 422/169/44 419/166/44 416/164/44
f 423/170/44 422/169/44 416/164/44
f 420/168/44 423/170/44 416/164/44
f 425/171/44 420/168/44 424/172/44
f 420/168/44 421/167/44 424/172/44
f 426/173/44 425/171/44 424/172/44
f 427/174/44 426/173/44 424/172/44
f 429/175/44 428/176/44 424/172/44
f 431/177/44 430/178/44 424/172/44
f 430/178/44 427/174/44 424/172/44
f 428/176/44 431/177/44 424/172/44
f 433/179/44 428/176/44 432/180/44
f 428/176/44 429/175/44 432/180/44
f 434/181/44 433/179/44 432/180/44
f 435/182/44 434/181/44 432/180/44
f 436/183/44 435/182/44 432/180/44
f 436/183/44 432/180/44 437/184/44
f 437/184/44 432/180/44 438/185/44
f 440/186/44 439/187/44 432/180/44
f 439/187/44 438/185/44 432/180/44
f 442/188/44 439/187/44 441/189/44
f 439/187/44 440/186/44 441/189/44
f 443/190/44 442/188/44 441/189/44
f 444/191/72 443/190/72 441/189/72
f 446/192/44 441/189/44 445/193/44
f 448/194/44 447/195/44 441/189/44
f 441/189/73 446/192/73 444/191/73
f 447/195/44 445/193/44 441/189/44
f 450/196/44 447/195/44 449/197/44
f 447/195/44 448/194/44 449/197/44
f 452/198/44 451/199/44 449/197/44
f 453/200/44 450/196/44 449/197/44
f 451/199/44 453/200/44 449/197/44
f 456/115/74 455/201/74 454/116/74
f 458/202/74 457/203/74 454/116/74
f 454/116/74 459/204/74 458/202/74
f 454/116/74 455/201/74 459/204/74
f 457/203/74 460/205/74 454/116/74
f 457/203/74 461/206/74 460/205/74
f 461/206/74 462/207/74 460/205/74
f 462/207/74 461/206/74 463/208/74
f 462/207/74 463/208/74 464/209/74
f 462/207/74 466/210/74 465/211/74
f 466/210/74 462/207/74 467/212/74
f 467/212/74 462/207/74 464/209/74
f 465/211/74 469/213/74 468/214/74
f 466/210/74 469/213/74 465/211/74
f 471/215/74 468/214/74 470/216/74
f 468/214/74 473/217/74 472/218/74
f 468/214/74 472/218/74 470/216/74
f 469/213/74 473/217/74 468/214/74
f 476/215/71 475/219/71 474/214/71
f 478/220/71 477/221/71 474/214/71
f 475/219/71 478/220/71 474/214/71
f 477/221/71 479/222/71 474/214/71
f 479/222/71 480/223/71 474/214/71
f 480/223/71 479/222/71 481/224/71
f 479/222/71 482/225/71 481/224/71
f 483/226/71 481/224/71 482/225/71
f 481/224/71 483/226/71 484/227/71
f 486/228/71 485/229/71 481/224/71
f 485/229/71 487/230/71 481/224/71
f 484/227/71 486/228/71 481/224/71
f 487/230/71 488/231/71 481/224/71
f 488/231/71 487/230/71 489/232/71
f 487/230/71 490/233/71 489/232/71
f 491/234/71 489/232/71 490/233/71
f 492/235/71 489/232/71 491/234/71
f 492/235/71 493/236/71 489/232/71
f 493/236/71 494/237/71 489/232/71
f 494/237/71 495/238/71 489/232/71
f 495/238/71 496/239/71 489/232/71
f 496/239/71 497/240/71 489/232/71
f 497/240/71 496/239/71 498/241/71
f 496/239/71 499/242/71 498/241/71
f 499/242/71 500/243/71 498/241/71
f 500/243/71 501/244/71 498/241/71
f 501/244/71 502/245/71 498/241/71
f 502/245/71 503/246/71 498/241/71
f 503/246/71 504/247/71 498/241/71
f 504/247/71 505/248/71 498/241/71
f 505/248/71 504/247/71 506/249/71
f 504/247/71 507/250/71 506/249/71
f 507/250/71 508/251/71 506/249/71
f 508/251/71 509/252/71 506/249/71
f 509/252/71 510/253/71 506/249/71
f 512/254/71 511/255/71 506/249/71
f 510/253/71 512/254/71 506/249/71
f 511/255/71 513/256/71 506/249/71
f 513/256/71 511/255/71 514/257/71
f 511/255/71 515/258/71 514/257/71
f 515/258/71 516/259/71 514/257/71
f 516/259/71 517/260/71 514/257/71
f 519/261/71 514/257/71 518/262/71
f 520/263/71 514/257/71 517/260/71
f 521/264/71 514/257/71 520/263/71
f 514/257/71 521/264/71 518/262/71
f 523/265/71 522/266/71 518/262/71
f 522/266/71 519/261/71 518/262/71
f 524/267/71 522/266/71 523/265/71
f 525/268/71 522/266/71 524/267/71
f 527/269/71 522/266/71 526/270/71
f 528/271/71 522/266/71 525/268/71
f 529/272/71 522/266/71 528/271/71
f 522/266/71 529/272/71 526/270/71
f 531/273/71 530/274/71 526/270/71
f 530/274/71 527/269/71 526/270/71
f 532/275/71 530/274/71 531/273/71
f 533/276/71 530/274/71 532/275/71
f 535/277/71 530/274/71 534/278/71
f 537/279/71 530/274/71 536/280/71
f 536/280/71 530/274/71 533/276/71
f 530/274/71 537/279/71 534/278/71
f 539/281/71 538/282/71 534/278/71
f 538/282/71 535/277/71 534/278/71
f 540/283/71 538/282/71 539/281/71
f 541/284/71 538/282/71 540/283/71
f 542/285/71 538/282/71 541/284/71
f 542/285/71 543/286/71 538/282/71
f 543/286/71 544/287/71 538/282/71
f 544/287/71 545/288/71 538/282/71
f 545/288/71 546/289/71 538/282/71
f 546/289/71 545/288/71 547/290/71
f 545/288/71 548/291/71 547/290/71
f 549/292/71 547/290/71 548/291/71
f 550/293/71 547/290/71 549/292/71
f 552/294/71 551/295/71 547/290/71
f 551/295/71 553/296/71 547/290/71
f 547/290/71 550/293/71 552/294/71
f 553/296/71 554/297/71 547/290/71
f 554/297/71 553/296/71 555/298/71
f 553/296/71 556/299/71 555/298/71
f 558/300/71 555/298/71 557/301/71
f 559/302/71 555/298/71 556/299/71
f 557/301/71 555/298/71 559/302/71
f 562/198/75 561/197/75 560/303/75
f 561/197/75 563/304/75 560/303/75
f 565/305/75 564/306/75 561/197/75
f 561/197/75 566/307/75 563/304/75
f 564/306/75 566/307/75 561/197/75
f 567/308/75 564/306/75 565/305/75
f 568/309/75 567/308/75 565/305/75
f 568/309/75 569/310/75 567/308/75
f 568/309/75 570/311/75 569/310/75
f 572/312/75 571/313/75 568/309/75
f 571/313/75 570/311/75 568/309/75
f 572/312/75 568/309/75 573/314/75
f 574/315/75 572/312/75 573/314/75
f 574/315/75 573/314/75 575/316/75
f 576/317/75 574/315/75 575/316/75
f 578/318/75 577/319/75 575/316/75
f 575/316/75 579/320/75 576/317/75
f 575/316/75 577/319/75 579/320/75
s 1
f 582/3/2 581/2/2 580/1/1
f 581/2/2 582/3/2 583/7/47
f 584/6/1 582/3/2 580/1/1
f 584/6/1 580/1/1 585/5/46
f 580/1/1 586/4/46 585/5/46
f 585/5/46 586/4/46 587/15/12
f 586/4/46 588/16/12 587/15/12
f 587/15/12 588/16/12 589/17/49
f 588/16/12 590/18/49 589/17/49
f 591/8/47 581/2/2 583/7/47
f 592/9/48 591/8/47 583/7/47
f 593/10/48 592/9/48 583/7/47
f 594/11/8 592/9/48 593/10/48
f 595/12/9 594/11/8 593/10/48
f 596/13/10 594/11/8 595/12/9
f 597/14/10 596/13/10 595/12/9
f 600/24/15 599/20/15 598/21/76
f 602/26/17 601/25/17 600/24/15
f 601/25/17 599/20/15 600/24/15
f 598/21/76 604/19/76 603/23/16
f 599/20/15 604/19/76 598/21/76
f 603/23/16 606/22/16 605/27/77
f 604/19/76 606/22/16 603/23/16
f 605/27/77 608/28/77 607/29/20
f 606/22/16 608/28/77 605/27/77
f 607/29/20 610/30/20 609/31/21
f 608/28/77 610/30/20 607/29/20
f 609/31/21 612/32/21 611/33/78
f 610/30/20 612/32/21 609/31/21
f 612/32/21 613/34/78 611/33/78
f 614/18/52 601/25/17 602/26/17
f 615/17/52 614/18/52 602/26/17
f 618/40/24 617/36/24 616/37/79
f 620/42/80 619/41/80 618/40/24
f 619/41/80 617/36/24 618/40/24
f 616/37/79 622/35/79 621/39/25
f 617/36/24 622/35/79 616/37/79
f 621/39/25 624/38/25 623/49/31
f 622/35/79 624/38/25 621/39/25
f 623/49/31 626/50/31 625/14/60
f 624/38/25 626/50/31 623/49/31
f 626/50/31 627/13/60 625/14/60
f 628/43/27 619/41/80 620/42/80
f 629/44/27 628/43/27 620/42/80
f 630/45/57 628/43/27 629/44/27
f 631/46/57 630/45/57 629/44/27
f 632/47/59 630/45/57 631/46/57
f 633/48/59 632/47/59 631/46/57
f 636/56/66 635/52/20 634/53/33
f 638/58/68 637/57/68 636/56/66
f 637/57/68 635/52/20 636/56/66
f 634/53/33 640/51/33 639/55/27
f 635/52/20 640/51/33 634/53/33
f 639/55/27 642/54/27 641/62/69
f 640/51/33 642/54/27 639/55/27
f 643/61/69 639/55/27 641/62/69
f 643/61/69 641/62/69 644/63/9
f 641/62/69 645/64/9 644/63/9
f 644/63/9 645/64/9 646/48/42
f 645/64/9 647/47/42 646/48/42
f 648/59/70 637/57/68 638/58/68
f 649/60/70 648/59/70 638/58/68
f 652/33/65 651/34/65 650/66/65
f 651/34/65 653/65/65 650/66/65
s 0
f 656/72/71 655/68/71 654/69/71
f 658/74/71 656/72/71 657/73/71
f 656/72/71 654/69/71 657/73/71
f 655/68/71 659/67/71 654/69/71
f 655/68/71 660/71/71 659/67/71
f 660/71/71 661/70/71 659/67/71
f 661/70/71 660/71/71 662/112/71
f 660/71/71 663/111/71 662/112/71
f 662/112/71 663/111/71 664/106/71
f 663/111/71 665/107/71 664/106/71
f 664/106/71 665/107/71 666/104/71
f 665/107/71 667/108/71 666/104/71
f 666/104/71 669/105/71 668/103/71
f 666/104/71 667/108/71 669/105/71
f 670/102/71 666/104/71 668/103/71
f 667/108/71 671/109/71 669/105/71
f 672/110/71 671/109/71 667/108/71
f 670/102/71 674/101/71 673/100/71
f 668/103/71 674/101/71 670/102/71
f 673/100/71 676/99/71 675/94/71
f 674/101/71 676/99/71 673/100/71
f 675/94/71 678/95/71 677/92/71
f 676/99/71 678/95/71 675/94/71
f 678/95/71 679/96/71 677/92/71
f 679/96/71 680/97/71 677/92/71
f 679/96/71 681/113/71 680/97/71
f 680/97/71 682/98/71 677/92/71
f 684/93/71 683/90/71 677/92/71
f 682/98/71 684/93/71 677/92/71
f 683/90/71 685/91/71 677/92/71
f 685/91/71 683/90/71 686/89/71
f 683/90/71 687/88/71 686/89/71
f 686/89/71 687/88/71 688/84/71
f 687/88/71 689/85/71 688/84/71
f 688/84/71 689/85/71 690/82/71
f 689/85/71 691/86/71 690/82/71
f 691/86/71 692/87/71 690/82/71
f 694/81/71 693/78/71 690/82/71
f 692/87/71 695/83/71 690/82/71
f 695/83/71 694/81/71 690/82/71
f 696/114/71 692/87/71 691/86/71
f 694/81/71 697/79/71 693/78/71
f 693/78/71 697/79/71 657/73/71
f 697/79/71 698/80/71 657/73/71
f 700/77/71 699/75/71 657/73/71
f 698/80/71 700/77/71 657/73/71
f 699/75/71 658/74/71 657/73/71
f 699/75/71 701/76/71 658/74/71
s 1
f 704/1/1 703/2/2 702/3/2
f 706/4/46 704/1/1 705/5/46
f 707/6/1 704/1/1 702/3/2
f 704/1/1 707/6/1 705/5/46
f 702/3/2 703/2/2 708/7/47
f 703/2/2 709/8/47 708/7/47
f 709/8/47 710/9/48 708/7/47
f 710/9/48 711/10/48 708/7/47
f 710/9/48 712/11/8 711/10/48
f 712/11/8 713/12/9 711/10/48
f 712/11/8 714/13/10 713/12/9
f 714/13/10 715/14/10 713/12/9
f 706/4/46 705/5/46 716/15/12
f 717/16/12 706/4/46 716/15/12
f 717/16/12 716/15/12 718/17/49
f 719/18/49 717/16/12 718/17/49
f 722/19/76 721/20/15 720/21/76
f 724/22/16 722/19/76 723/23/16
f 722/19/76 720/21/76 723/23/16
f 721/20/15 725/24/15 720/21/76
f 721/20/15 726/25/17 725/24/15
f 726/25/17 727/26/17 725/24/15
f 726/25/17 728/18/52 727/26/17
f 728/18/52 729/17/52 727/26/17
f 724/22/16 723/23/16 730/27/77
f 731/28/77 724/22/16 730/27/77
f 731/28/77 730/27/77 732/29/20
f 733/30/20 731/28/77 732/29/20
f 733/30/20 732/29/20 734/31/21
f 735/32/21 733/30/20 734/31/21
f 735/32/21 734/31/21 736/33/78
f 737/34/78 735/32/21 736/33/78
f 740/35/79 739/36/24 738/37/79
f 742/38/25 740/35/79 741/39/25
f 740/35/79 738/37/79 741/39/25
f 739/36/24 743/40/24 738/37/79
f 739/36/24 744/41/80 743/40/24
f 744/41/80 745/42/80 743/40/24
f 744/41/80 746/43/27 745/42/80
f 746/43/27 747/44/27 745/42/80
f 746/43/27 748/45/57 747/44/27
f 748/45/57 749/46/57 747/44/27
f 748/45/57 750/47/59 749/46/57
f 750/47/59 751/48/59 749/46/57
f 742/38/25 741/39/25 752/49/31
f 753/50/31 742/38/25 752/49/31
f 753/50/31 752/49/31 754/14/60
f 755/13/60 753/50/31 754/14/60
f 758/51/33 757/52/34 756/53/33
f 760/54/61 758/51/33 759/55/61
f 758/51/33 756/53/33 759/55/61
f 757/52/34 761/56/34 756/53/33
f 757/52/34 763/57/62 762/58/62
f 761/56/34 757/52/34 762/58/62
f 763/57/62 764/59/13 762/58/62
f 764/59/13 765/60/13 762/58/62
f 760/54/61 759/55/61 766/61/64
f 767/62/64 760/54/61 766/61/64
f 767/62/64 766/61/64 768/63/40
f 769/64/41 767/62/64 768/63/40
f 769/64/41 768/63/40 770/48/42
f 771/47/42 769/64/41 770/48/42
f 774/65/65 773/34/65 772/66/65
f 773/34/65 775/33/65 772/66/65
s 0
f 778/67/44 777/68/44 776/69/44
f 780/70/44 779/71/44 778/67/44
f 779/71/44 777/68/44 778/67/44
f 776/69/44 782/72/44 781/73/44
f 777/68/44 782/72/44 776/69/44
f 782/72/44 783/74/44 781/73/44
f 783/74/44 784/75/44 781/73/44
f 784/75/44 783/74/44 785/76/44
f 784/75/44 786/77/44 781/73/44
f 788/78/44 781/73/44 787/79/44
f 789/80/44 781/73/44 786/77/44
f 781/73/44 789/80/44 787/79/44
f 790/81/44 788/78/44 787/79/44
f 788/78/44 790/81/44 791/82/44
f 790/81/44 792/83/44 791/82/44
f 794/84/44 791/82/44 793/85/44
f 796/86/44 791/82/44 795/87/44
f 791/82/44 796/86/44 793/85/44
f 791/82/44 792/83/44 795/87/44
f 794/84/44 793/85/44 797/88/44
f 798/89/44 794/84/44 797/88/44
f 798/89/44 797/88/44 799/90/44
f 800/91/44 798/89/44 799/90/44
f 800/91/44 799/90/44 801/92/44
f 799/90/44 802/93/44 801/92/44
f 804/94/44 801/92/44 803/95/44
f 806/96/44 801/92/44 805/97/44
f 807/98/44 801/92/44 802/93/44
f 801/92/44 806/96/44 803/95/44
f 801/92/44 807/98/44 805/97/44
f 804/94/44 803/95/44 808/99/44
f 809/100/44 804/94/44 808/99/44
f 808/99/44 810/101/44 809/100/44
f 810/101/44 811/102/44 809/100/44
f 812/103/44 811/102/44 810/101/44
f 813/104/44 811/102/44 812/103/44
f 814/105/44 813/104/44 812/103/44
f 816/106/44 813/104/44 815/107/44
f 817/108/44 813/104/44 814/105/44
f 813/104/44 817/108/44 815/107/44
f 818/109/44 817/108/44 814/105/44
f 819/110/44 817/108/44 818/109/44
f 816/106/44 815/107/44 820/111/44
f 821/112/44 816/106/44 820/111/44
f 821/112/44 820/111/44 779/71/44
f 780/70/44 821/112/44 779/71/44
f 806/96/44 805/97/44 822/113/44
f 823/114/44 796/86/44 795/87/44
s 1
f 826/3/2 825/2/2 824/1/81
f 825/2/2 826/3/2 827/7/82
f 828/6/81 826/3/2 824/1/81
f 828/6/81 824/1/81 829/5/83
f 824/1/81 830/4/83 829/5/83
f 829/5/83 830/4/83 831/15/84
f 830/4/83 832/16/84 831/15/84
f 831/15/84 832/16/84 833/17/85
f 832/16/84 834/18/85 833/17/85
f 835/8/82 825/2/2 827/7/82
f 836/9/86 835/8/82 827/7/82
f 837/10/86 836/9/86 827/7/82
f 838/11/87 836/9/86 837/10/86
f 839/12/87 838/11/87 837/10/86
f 840/13/88 838/11/87 839/12/87
f 841/14/88 840/13/88 839/12/87
f 844/24/89 843/20/89 842/21/90
f 846/26/91 845/25/92 844/24/89
f 845/25/92 843/20/89 844/24/89
f 842/21/90 848/19/90 847/23/44
f 843/20/89 848/19/90 842/21/90
f 847/23/44 850/22/44 849/27/93
f 848/19/90 850/22/44 847/23/44
f 849/27/93 852/28/94 851/29/95
f 850/22/44 852/28/94 849/27/93
f 851/29/95 854/30/96 853/31/97
f 852/28/94 854/30/96 851/29/95
f 853/31/97 856/32/98 855/33/99
f 854/30/96 856/32/98 853/31/97
f 856/32/98 857/34/100 855/33/99
f 858/18/101 845/25/92 846/26/91
f 859/17/102 858/18/101 846/26/91
f 862/40/71 861/36/71 860/37/103
f 864/42/104 863/41/104 862/40/71
f 863/41/104 861/36/71 862/40/71
f 860/37/103 866/35/103 865/39/105
f 861/36/71 866/35/103 860/37/103
f 865/39/105 868/38/105 867/49/106
f 866/35/103 868/38/105 865/39/105
f 867/49/106 870/50/107 869/14/108
f 868/38/105 870/50/107 867/49/106
f 870/50/107 871/13/108 869/14/108
f 872/43/109 863/41/104 864/42/104
f 873/44/110 872/43/109 864/42/104
f 874/45/111 872/43/109 873/44/110
f 875/46/112 874/45/111 873/44/110
f 876/47/113 874/45/111 875/46/112
f 877/48/113 876/47/113 875/46/112
f 880/56/114 879/52/114 878/53/33
f 882/58/115 881/57/115 880/56/114
f 881/57/115 879/52/114 880/56/114
f 878/53/33 884/51/33 883/55/109
f 879/52/114 884/51/33 878/53/33
f 883/55/109 886/54/116 885/61/117
f 884/51/33 886/54/116 883/55/109
f 885/61/117 888/62/117 887/63/87
f 886/54/116 888/62/117 885/61/117
f 887/63/87 890/64/87 889/48/118
f 888/62/117 890/64/87 887/63/87
f 890/64/87 891/47/118 889/48/118
f 892/59/119 881/57/115 882/58/115
f 893/60/119 892/59/119 882/58/115
f 896/33/120 895/34/120 894/66/120
f 895/34/120 897/65/120 894/66/120
s 0
f 900/72/74 899/68/74 898/69/74
f 902/74/74 900/72/74 901/73/74
f 900/72/74 898/69/74 901/73/74
f 899/68/74 903/67/74 898/69/74
f 899/68/74 904/71/74 903/67/74
f 904/71/74 905/70/74 903/67/74
f 905/70/74 904/71/74 906/112/74
f 904/71/74 907/111/74 906/112/74
f 906/112/74 907/111/74 908/106/74
f 907/111/74 909/107/74 908/106/74
f 908/106/74 909/107/74 910/104/74
f 909/107/74 911/108/74 910/104/74
f 910/104/74 913/105/74 912/103/74
f 910/104/74 911/108/74 913/105/74
f 914/102/74 910/104/74 912/103/74
f 911/108/74 915/109/74 913/105/74
f 916/110/74 915/109/74 911/108/74
f 914/102/74 918/101/74 917/100/74
f 912/103/11 918/101/11 914/102/11
f 917/100/74 920/99/74 919/94/74
f 918/101/74 920/99/74 917/100/74
f 919/94/74 922/95/74 921/92/74
f 920/99/74 922/95/74 919/94/74
f 922/95/74 923/96/74 921/92/74
f 923/96/74 924/97/74 921/92/74
f 923/96/11 925/113/11 924/97/11
f 924/97/11 926/98/11 921/92/11
f 928/93/74 927/90/74 921/92/74
f 926/98/74 928/93/74 921/92/74
f 927/90/121 929/91/121 921/92/121
f 929/91/74 927/90/74 930/89/74
f 927/90/74 931/88/74 930/89/74
f 930/89/74 931/88/74 932/84/74
f 931/88/74 933/85/74 932/84/74
f 932/84/74 933/85/74 934/82/74
f 933/85/74 935/86/74 934/82/74
f 935/86/74 936/87/74 934/82/74
f 938/81/74 937/78/74 934/82/74
f 936/87/74 939/83/74 934/82/74
f 939/83/74 938/81/74 934/82/74
f 940/114/74 936/87/74 935/86/74
f 938/81/121 941/79/121 937/78/121
f 937/78/74 941/79/74 901/73/74
f 941/79/11 942/80/11 901/73/11
f 944/77/74 943/75/74 901/73/74
f 942/80/74 944/77/74 901/73/74
f 943/75/74 902/74/74 901/73/74
f 943/75/74 945/76/74 902/74/74
s 1
f 948/3/2 947/2/2 946/1/1
f 947/2/2 948/3/2 949/7/5
f 950/6/1 948/3/2 946/1/1
f 950/6/1 946/1/1 951/5/4
f 946/1/1 952/4/3 951/5/4
f 951/5/4 952/4/3 953/15/11
f 952/4/3 954/16/12 953/15/11
f 953/15/11 954/16/12 955/17/13
f 954/16/12 956/18/13 955/17/13
f 957/8/5 947/2/2 949/7/5
f 958/9/6 957/8/5 949/7/5
f 959/10/7 958/9/6 949/7/5
f 960/11/8 958/9/6 959/10/7
f 961/12/9 960/11/8 959/10/7
f 962/13/10 960/11/8 961/12/9
f 963/14/10 962/13/10 961/12/9
f 966/24/15 965/20/15 964/21/14
f 968/26/17 967/25/17 966/24/15
f 967/25/17 965/20/15 966/24/15
f 964/21/14 970/19/14 969/23/16
f 965/20/15 970/19/14 964/21/14
f 969/23/16 972/22/16 971/27/19
f 970/19/14 972/22/16 969/23/16
f 971/27/19 974/28/19 973/29/20
f 972/22/16 974/28/19 971/27/19
f 973/29/20 976/30/20 975/31/21
f 974/28/19 976/30/20 973/29/20
f 975/31/21 978/32/21 977/33/22
f 976/30/20 978/32/21 975/31/21
f 978/32/21 979/34/22 977/33/22
f 980/18/18 967/25/17 968/26/17
f 981/17/18 980/18/18 968/26/17
f 984/40/24 983/36/24 982/37/23
f 986/42/26 985/41/26 984/40/24
f 985/41/26 983/36/24 984/40/24
f 982/37/23 988/35/23 987/39/25
f 983/36/24 988/35/23 982/37/23
f 987/39/25 990/38/25 989/49/30
f 988/35/23 990/38/25 987/39/25
f 989/49/30 992/50/31 991/14/32
f 990/38/25 992/50/31 989/49/30
f 992/50/31 993/13/32 991/14/32
f 994/43/27 985/41/26 986/42/26
f 995/44/27 994/43/27 986/42/26
f 996/45/28 994/43/27 995/44/27
f 997/46/28 996/45/28 995/44/27
f 998/47/29 996/45/28 997/46/28
f 999/48/29 998/47/29 997/46/28
f 1002/56/66 1001/52/20 1000/53/33
f 1004/58/122 1003/57/123 1002/56/66
f 1003/57/123 1001/52/20 1002/56/66
f 1000/53/33 1006/51/33 1005/55/124
f 1001/52/20 1006/51/33 1000/53/33
f 1005/55/124 1008/54/124 1007/62/125
f 1006/51/33 1008/54/124 1005/55/124
f 1009/61/126 1005/55/124 1007/62/125
f 1009/61/126 1007/62/125 1010/63/9
f 1007/62/125 1011/64/9 1010/63/9
f 1010/63/9 1011/64/9 1012/48/42
f 1011/64/9 1013/47/42 1012/48/42
f 1014/59/49 1003/57/123 1004/58/122
f 1015/60/49 1014/59/49 1004/58/122
f 1018/33/43 1017/34/43 1016/66/43
f 1017/34/43 1019/65/43 1016/66/43
s 0
f 1022/72/71 1021/68/71 1020/69/71
f 1024/74/71 1022/72/71 1023/73/71
f 1022/72/71 1020/69/71 1023/73/71
f 1021/68/71 1025/67/71 1020/69/71
f 1021/68/71 1026/71/71 1025/67/71
f 1026/71/71 1027/70/71 1025/67/71
f 1027/70/71 1026/71/71 1028/112/71
f 1026/71/71 1029/111/71 1028/112/71
f 1028/112/71 1029/111/71 1030/106/71
f 1029/111/71 1031/107/71 1030/106/71
f 1030/106/71 1031/107/71 1032/104/71
f 1031/107/71 1033/108/71 1032/104/71
f 1032/104/71 1035/105/71 1034/103/71
f 1032/104/71 1033/108/71 1035/105/71
f 1036/102/71 1032/104/71 1034/103/71
f 1033/108/71 1037/109/71 1035/105/71
f 1038/110/71 1037/109/71 1033/108/71
f 1036/102/71 1040/101/71 1039/100/71
f 1034/103/71 1040/101/71 1036/102/71
f 1039/100/71 1042/99/71 1041/94/71
f 1040/101/71 1042/99/71 1039/100/71
f 1041/94/71 1044/95/71 1043/92/71
f 1042/99/71 1044/95/71 1041/94/71
f 1044/95/71 1045/96/71 1043/92/71
f 1045/96/71 1046/97/71 1043/92/71
f 1045/96/71 1047/113/71 1046/97/71
f 1046/97/71 1048/98/71 1043/92/71
f 1050/93/71 1049/90/71 1043/92/71
f 1048/98/71 1050/93/71 1043/92/71
f 1049/90/71 1051/91/71 1043/92/71
f 1051/91/71 1049/90/71 1052/89/71
f 1049/90/71 1053/88/71 1052/89/71
f 1052/89/71 1053/88/71 1054/84/71
f 1053/88/71 1055/85/71 1054/84/71
f 1054/84/71 1055/85/71 1056/82/71
f 1055/85/71 1057/86/71 1056/82/71
f 1057/86/71 1058/87/71 1056/82/71
f 1060/81/71 1059/78/71 1056/82/71
f 1058/87/71 1061/83/71 1056/82/71
f 1061/83/71 1060/81/71 1056/82/71
f 1062/114/71 1058/87/71 1057/86/71
f 1060/81/71 1063/79/71 1059/78/71
f 1059/78/71 1063/79/71 1023/73/71
f 1063/79/71 1064/80/71 1023/73/71
f 1066/77/71 1065/75/71 1023/73/71
f 1064/80/71 1066/77/71 1023/73/71
f 1065/75/71 1024/74/71 1023/73/71
f 1065/75/71 1067/76/71 1024/74/71
s 1
f 1070/3/2 1069/2/2 1068/1/1
f 1069/2/2 1070/3/2 1071/7/47
f 1072/6/1 1070/3/2 1068/1/1
f 1072/6/1 1068/1/1 1073/5/46
f 1068/1/1 1074/4/45 1073/5/46
f 1073/5/46 1074/4/45 1075/15/74
f 1074/4/45 1076/16/74 1075/15/74
f 1075/15/74 1076/16/74 1077/17/13
f 1076/16/74 1078/18/13 1077/17/13
f 1079/8/47 1069/2/2 1071/7/47
f 1080/9/48 1079/8/47 1071/7/47
f 1081/10/48 1080/9/48 1071/7/47
f 1082/11/8 1080/9/48 1081/10/48
f 1083/12/9 1082/11/8 1081/10/48
f 1084/13/10 1082/11/8 1083/12/9
f 1085/14/10 1084/13/10 1083/12/9
f 1088/24/15 1087/20/15 1086/21/76
f 1090/26/17 1089/25/17 1088/24/15
f 1089/25/17 1087/20/15 1088/24/15
f 1086/21/76 1092/19/76 1091/23/16
f 1087/20/15 1092/19/76 1086/21/76
f 1091/23/16 1094/22/50 1093/27/77
f 1092/19/76 1094/22/50 1091/23/16
f 1093/27/77 1096/28/77 1095/29/20
f 1094/22/50 1096/28/77 1093/27/77
f 1095/29/20 1098/30/20 1097/31/21
f 1096/28/77 1098/30/20 1095/29/20
f 1097/31/21 1100/32/21 1099/33/22
f 1098/30/20 1100/32/21 1097/31/21
f 1100/32/21 1101/34/22 1099/33/22
f 1102/18/18 1089/25/17 1090/26/17
f 1103/17/18 1102/18/18 1090/26/17
f 1106/40/24 1105/36/24 1104/37/79
f 1108/42/80 1107/41/80 1106/40/24
f 1107/41/80 1105/36/24 1106/40/24
f 1104/37/79 1110/35/79 1109/39/25
f 1105/36/24 1110/35/79 1104/37/79
f 1109/39/25 1112/38/25 1111/49/31
f 1110/35/79 1112/38/25 1109/39/25
f 1111/49/31 1114/50/31 1113/14/60
f 1112/38/25 1114/50/31 1111/49/31
f 1114/50/31 1115/13/60 1113/14/60
f 1116/43/27 1107/41/80 1108/42/80
f 1117/44/27 1116/43/27 1108/42/80
f 1118/45/57 1116/43/27 1117/44/27
f 1119/46/57 1118/45/57 1117/44/27
f 1120/47/59 1118/45/57 1119/46/57
f 1121/48/59 1120/47/59 1119/46/57
f 1124/56/66 1123/52/20 1122/53/33
f 1126/58/67 1125/57/68 1124/56/66
f 1125/57/68 1123/52/20 1124/56/66
f 1122/53/33 1128/51/33 1127/55/27
f 1123/52/20 1128/51/33 1122/53/33
f 1127/55/27 1130/54/27 1129/62/69
f 1128/51/33 1130/54/27 1127/55/27
f 1131/61/69 1127/55/27 1129/62/69
f 1131/61/69 1129/62/69 1132/63/9
f 1129/62/69 1133/64/9 1132/63/9
f 1132/63/9 1133/64/9 1134/48/42
f 1133/64/9 1135/47/42 1134/48/42
f 1136/59/70 1125/57/68 1126/58/67
f 1137/60/70 1136/59/70 1126/58/67
f 1140/33/43 1139/34/43 1138/66/43
f 1139/34/43 1141/65/43 1138/66/43
s 0
f 1144/72/71 1143/68/71 1142/69/71
f 1146/74/71 1144/72/71 1145/73/71
f 1144/72/71 1142/69/71 1145/73/71
f 1143/68/71 1147/67/71 1142/69/71
f 1143/68/71 1148/71/71 1147/67/71
f 1148/71/71 1149/70/71 1147/67/71
f 1149/70/71 1148/71/71 1150/112/71
f 1148/71/71 1151/111/71 1150/112/71
f 1150/112/71 1151/111/71 1152/106/71
f 1151/111/71 1153/107/71 1152/106/71
f 1152/106/71 1153/107/71 1154/104/71
f 1153/107/71 1155/108/71 1154/104/71
f 1154/104/71 1157/105/71 1156/103/71
f 1154/104/71 1155/108/71 1157/105/71
f 1158/102/71 1154/104/71 1156/103/71
f 1155/108/71 1159/109/71 1157/105/71
f 1160/110/71 1159/109/71 1155/108/71
f 1158/102/71 1162/101/71 1161/100/71
f 1156/103/71 1162/101/71 1158/102/71
f 1161/100/71 1164/99/71 1163/94/71
f 1162/101/71 1164/99/71 1161/100/71
f 1163/94/71 1166/95/71 1165/92/71
f 1164/99/71 1166/95/71 1163/94/71
f 1166/95/71 1167/96/71 1165/92/71
f 1167/96/71 1168/97/71 1165/92/71
f 1167/96/71 1169/113/71 1168/97/71
f 1168/97/71 1170/98/71 1165/92/71
f 1172/93/71 1171/90/71 1165/92/71
f 1170/98/71 1172/93/71 1165/92/71
f 1171/90/71 1173/91/71 1165/92/71
f 1173/91/71 1171/90/71 1174/89/71
f 1171/90/71 1175/88/71 1174/89/71
f 1174/89/71 1175/88/71 1176/84/71
f 1175/88/71 1177/85/71 1176/84/71
f 1176/84/71 1177/85/71 1178/82/71
f 1177/85/71 1179/86/71 1178/82/71
f 1179/86/71 1180/87/71 1178/82/71
f 1182/81/71 1181/78/71 1178/82/71
f 1180/87/71 1183/83/71 1178/82/71
f 1183/83/71 1182/81/71 1178/82/71
f 1184/114/71 1180/87/71 1179/86/71
f 1182/81/71 1185/79/71 1181/78/71
f 1181/78/71 1185/79/71 1145/73/71
f 1185/79/71 1186/80/71 1145/73/71
f 1188/77/71 1187/75/71 1145/73/71
f 1186/80/71 1188/77/71 1145/73/71
f 1187/75/71 1146/74/71 1145/73/71
f 1187/75/71 1189/76/71 1146/74/71
s 1
f 1192/1/1 1191/2/2 1190/3/2
f 1194/4/45 1192/1/1 1193/5/46
f 1195/6/1 1192/1/1 1190/3/2
f 1192/1/1 1195/6/1 1193/5/46
f 1190/3/2 1191/2/2 1196/7/47
f 1191/2/2 1197/8/47 1196/7/47
f 1197/8/47 1198/9/48 1196/7/47
f 1198/9/48 1199/10/6 1196/7/47
f 1198/9/48 1200/11/127 1199/10/6
f 1200/11/127 1201/12/127 1199/10/6
f 1200/11/127 1202/13/128 1201/12/127
f 1202/13/128 1203/14/128 1201/12/127
f 1194/4/45 1193/5/46 1204/15/74
f 1205/16/74 1194/4/45 1204/15/74
f 1205/16/74 1204/15/74 1206/17/13
f 1207/18/13 1205/16/74 1206/17/13
f 1210/19/76 1209/20/15 1208/21/76
f 1212/22/50 1210/19/76 1211/23/16
f 1210/19/76 1208/21/76 1211/23/16
f 1209/20/15 1213/24/15 1208/21/76
f 1209/20/15 1214/25/17 1213/24/15
f 1214/25/17 1215/26/129 1213/24/15
f 1214/25/17 1216/18/18 1215/26/129
f 1218/18/18 1217/17/18 1215/26/18
f 1212/22/50 1211/23/16 1219/27/77
f 1220/28/77 1212/22/50 1219/27/77
f 1220/28/77 1219/27/77 1221/29/20
f 1222/30/20 1220/28/77 1221/29/20
f 1222/30/20 1221/29/20 1223/31/21
f 1224/32/21 1222/30/20 1223/31/21
f 1224/32/21 1223/31/21 1225/33/22
f 1226/34/22 1224/32/21 1225/33/22
f 1229/35/79 1228/36/24 1227/37/79
f 1231/38/25 1229/35/79 1230/39/25
f 1229/35/79 1227/37/79 1230/39/25
f 1228/36/24 1232/40/24 1227/37/79
f 1228/36/24 1233/41/80 1232/40/24
f 1233/41/80 1234/42/80 1232/40/24
f 1233/41/80 1235/43/27 1234/42/80
f 1235/43/27 1236/44/27 1234/42/80
f 1235/43/27 1237/45/57 1236/44/27
f 1237/45/57 1238/46/57 1236/44/27
f 1237/45/57 1239/47/59 1238/46/57
f 1239/47/59 1240/48/59 1238/46/57
f 1231/38/25 1230/39/25 1241/49/31
f 1242/50/31 1231/38/25 1241/49/31
f 1242/50/31 1241/49/31 1243/14/32
f 1244/13/32 1242/50/31 1243/14/32
f 1247/51/33 1246/52/34 1245/53/33
f 1249/54/61 1247/51/33 1248/55/61
f 1247/51/33 1245/53/33 1248/55/61
f 1246/52/34 1250/56/34 1245/53/33
f 1246/52/34 1252/57/62 1251/58/62
f 1250/56/34 1246/52/34 1251/58/62
f 1252/57/62 1253/59/13 1251/58/62
f 1253/59/13 1254/60/63 1251/58/62
f 1249/54/61 1248/55/61 1255/61/64
f 1256/62/64 1249/54/61 1255/61/64
f 1256/62/64 1255/61/64 1257/63/24
f 1258/64/24 1256/62/64 1257/63/24
f 1258/64/24 1257/63/24 1259/48/130
f 1260/47/130 1258/64/24 1259/48/130
f 1263/65/43 1262/34/43 1261/66/43
f 1262/34/43 1264/33/43 1261/66/43
s 0
f 1267/67/44 1266/68/44 1265/69/44
f 1269/70/44 1268/71/44 1267/67/44
f 1268/71/44 1266/68/44 1267/67/44
f 1265/69/44 1271/72/44 1270/73/44
f 1266/68/44 1271/72/44 1265/69/44
f 1271/72/44 1272/74/44 1270/73/44
f 1272/74/44 1273/75/44 1270/73/44
f 1273/75/44 1272/74/44 1274/76/44
f 1273/75/44 1275/77/44 1270/73/44
f 1277/78/44 1270/73/44 1276/79/44
f 1278/80/44 1270/73/44 1275/77/44
f 1270/73/44 1278/80/44 1276/79/44
f 1279/81/44 1277/78/44 1276/79/44
f 1277/78/44 1279/81/44 1280/82/44
f 1279/81/44 1281/83/44 1280/82/44
f 1283/84/44 1280/82/44 1282/85/44
f 1285/86/44 1280/82/44 1284/87/44
f 1280/82/44 1285/86/44 1282/85/44
f 1280/82/44 1281/83/44 1284/87/44
f 1283/84/44 1282/85/44 1286/88/44
f 1287/89/44 1283/84/44 1286/88/44
f 1287/89/44 1286/88/44 1288/90/44
f 1289/91/44 1287/89/44 1288/90/44
f 1289/91/44 1288/90/44 1290/92/44
f 1288/90/44 1291/93/44 1290/92/44
f 1293/94/44 1290/92/44 1292/95/44
f 1295/96/44 1290/92/44 1294/97/44
f 1296/98/44 1290/92/44 1291/93/44
f 1290/92/44 1295/96/44 1292/95/44
f 1290/92/44 1296/98/44 1294/97/44
f 1293/94/44 1292/95/44 1297/99/44
f 1298/100/44 1293/94/44 1297/99/44
f 1297/99/44 1299/101/44 1298/100/44
f 1299/101/44 1300/102/44 1298/100/44
f 1301/103/44 1300/102/44 1299/101/44
f 1302/104/44 1300/102/44 1301/103/44
f 1303/105/44 1302/104/44 1301/103/44
f 1305/106/44 1302/104/44 1304/107/44
f 1306/108/44 1302/104/44 1303/105/44
f 1302/104/44 1306/108/44 1304/107/44
f 1307/109/44 1306/108/44 1303/105/44
f 1308/110/44 1306/108/44 1307/109/44
f 1305/106/44 1304/107/44 1309/111/44
f 1310/112/44 1305/106/44 1309/111/44
f 1310/112/44 1309/111/44 1268/71/44
f 1269/70/44 1310/112/44 1268/71/44
f 1295/96/44 1294/97/44 1311/113/44
f 1312/114/44 1285/86/44 1284/87/44
s 1
f 1315/321/131 1314/322/132 1313/323/51
f 1314/322/132 1315/321/131 1316/324/133
f 1315/321/131 1318/325/134 1317/326/135
f 1318/325/134 1315/321/131 1313/323/51
f 1315/321/131 1317/326/135 1319/327/136
f 1315/321/131 1319/327/136 1320/324/133
f 1314/322/132 1321/328/51 1313/323/51
f 1321/328/51 1322/329/137 1313/323/51
f 1322/329/137 1324/330/138 1323/331/139
f 1322/329/137 1323/331/139 1313/323/51
f 1323/331/139 1326/332/140 1325/333/141
f 1313/323/51 1323/331/139 1318/325/134
f 1324/330/138 1326/332/140 1323/331/139
f 1323/331/139 1325/333/141 1318/325/134
f 1324/330/138 1327/334/142 1326/332/140
f 1329/335/143 1326/332/140 1328/336/144
f 1327/334/142 1330/337/145 1326/332/140
f 1326/332/140 1330/337/145 1328/336/144
f 1326/332/140 1329/335/143 1325/333/141
f 1327/334/142 1331/338/146 1330/337/145
f 1328/336/144 1330/337/145 1332/339/147
f 1331/338/146 1333/340/148 1330/337/145
f 1330/337/145 1333/340/148 1332/339/147
f 1332/339/147 1334/341/149 1328/336/144
f 1328/336/144 1335/342/150 1329/335/143
f 1334/341/149 1335/342/150 1328/336/144
f 1329/335/143 1336/343/151 1325/333/141
f 1335/342/150 1336/343/151 1329/335/143
f 1335/342/150 1334/341/149 1337/344/152
f 1336/343/151 1335/342/150 1338/345/153
f 1335/342/150 1337/344/152 1338/345/153
f 1334/341/149 1340/346/154 1339/347/155
f 1340/346/154 1334/341/149 1332/339/147
f 1334/341/149 1339/347/155 1337/344/152
f 1342/348/156 1341/349/157 1337/344/152
f 1342/348/156 1337/344/152 1339/347/155
f 1341/349/157 1338/345/153 1337/344/152
f 1338/345/153 1341/349/157 1343/350/158
f 1336/343/151 1338/345/153 1343/350/158
f 1344/351/159 1336/343/151 1343/350/158
f 1336/343/151 1344/351/159 1325/333/141
f 1343/350/158 1346/352/160 1345/353/161
f 1344/351/159 1343/350/158 1345/353/161
f 1341/349/157 1346/352/160 1343/350/158
f 1325/333/141 1344/351/159 1347/354/162
f 1348/355/2 1344/351/159 1345/353/161
f 1344/351/159 1348/355/2 1347/354/162
f 1347/354/162 1318/325/134 1325/333/141
f 1348/355/2 1349/356/163 1347/354/162
f 1351/357/164 1350/358/165 1347/354/162
f 1349/356/163 1351/357/164 1347/354/162
f 1318/325/134 1347/354/162 1350/358/165
f 1349/356/163 1348/355/2 1345/353/161
f 1349/356/163 1352/359/166 1351/357/164
f 1353/360/167 1349/356/163 1345/353/161
f 1352/359/166 1349/356/163 1353/360/167
f 1350/358/165 1351/357/164 1354/361/168
f 1352/359/166 1355/362/169 1351/357/164
f 1351/357/164 1355/362/169 1354/361/168
f 1352/359/166 1356/363/170 1355/362/169
f 1357/364/171 1352/359/166 1353/360/167
f 1356/363/170 1352/359/166 1357/364/171
f 1356/363/170 1358/365/172 1355/362/169
f 1354/361/168 1355/362/169 1358/365/172
f 1356/363/170 1359/366/173 1358/365/172
f 1360/367/174 1356/363/170 1357/364/171
f 1359/366/173 1356/363/170 1360/367/174
f 1357/364/171 1361/368/175 1360/367/174
f 1357/364/171 1353/360/167 1361/368/175
f 1362/369/176 1359/366/173 1360/367/174
f 1361/368/175 1363/370/177 1360/367/174
f 1360/367/174 1363/370/177 1362/369/176
f 1359/366/173 1365/371/178 1364/372/179
f 1359/366/173 1364/372/179 1358/365/172
f 1365/371/178 1359/366/173 1362/369/176
f 1366/373/180 1354/361/168 1358/365/172
f 1366/373/180 1358/365/172 1364/372/179
f 1367/374/181 1366/373/180 1364/372/179
f 1369/375/182 1368/376/183 1364/372/179
f 1365/371/178 1369/375/182 1364/372/179
f 1368/376/183 1370/377/184 1364/372/179
f 1365/371/178 1371/378/185 1369/375/182
f 1372/379/186 1365/371/178 1362/369/176
f 1371/378/185 1365/371/178 1372/379/186
f 1371/378/185 1373/380/187 1369/375/182
f 1371/378/185 1374/381/188 1373/380/187
f 1375/382/189 1371/378/185 1372/379/186
f 1374/381/188 1371/378/185 1375/382/189
f 1376/383/190 1372/379/186 1362/369/176
f 1363/370/177 1377/384/191 1362/369/176
f 1378/385/192 1376/383/190 1362/369/176
f 1380/386/193 1379/387/194 1377/384/191
f 1380/386/193 1377/384/191 1363/370/177
f 1379/387/194 1381/388/195 1377/384/191
f 1382/389/196 1380/386/193 1363/370/177
f 1382/389/196 1363/370/177 1361/368/175
f 1383/390/197 1382/389/196 1361/368/175
f 1383/390/197 1361/368/175 1384/391/198
f 1353/360/167 1384/391/198 1361/368/175
f 1385/392/199 1383/390/197 1384/391/198
f 1387/393/30 1384/391/198 1386/394/200
f 1385/392/199 1384/391/198 1387/393/30
f 1384/391/198 1353/360/167 1386/394/200
f 1345/353/161 1386/394/200 1353/360/167
f 1386/394/200 1345/353/161 1346/352/160
f 1346/352/160 1389/395/199 1388/396/201
f 1341/349/157 1390/397/197 1346/352/160
f 1388/396/201 1386/394/200 1346/352/160
f 1390/397/197 1389/395/199 1346/352/160
f 1389/395/199 1391/398/30 1388/396/201
f 1391/398/30 1392/399/202 1388/396/201
f 1394/400/203 1393/401/204 1388/396/201
f 1392/399/202 1394/400/203 1388/396/201
f 1386/394/200 1388/396/201 1393/401/204
f 1392/399/202 1395/402/205 1394/400/203
f 1397/402/205 1396/403/206 1394/400/203
f 1393/401/204 1394/400/203 1396/403/206
f 1399/402/207 1398/404/208 1396/403/206
f 1400/405/209 1393/401/204 1396/403/206
f 1402/406/210 1401/407/211 1396/403/206
f 1398/404/208 1402/406/210 1396/403/206
f 1401/407/211 1400/405/209 1396/403/206
f 1398/404/208 1403/408/212 1402/406/210
f 1405/409/213 1402/406/210 1404/410/214
f 1403/408/212 1406/411/215 1402/406/210
f 1402/406/210 1406/411/215 1404/410/214
f 1403/408/212 1407/412/216 1406/411/215
f 1407/412/216 1408/413/217 1406/411/215
f 1407/412/216 1409/414/218 1408/413/217
f 1411/415/219 1410/416/220 1408/413/217
f 1409/414/218 1412/417/221 1408/413/217
f 1412/417/221 1411/415/219 1408/413/217
f 1409/414/218 1413/418/222 1412/417/221
f 1415/419/223 1414/420/224 1412/417/225
f 1416/418/226 1415/419/223 1412/417/225
f 1414/420/224 1417/421/227 1412/417/225
f 1401/407/211 1418/422/228 1400/405/209
f 1420/423/229 1419/424/230 1401/407/211
f 1419/424/230 1418/422/228 1401/407/211
f 1400/405/209 1421/425/231 1393/401/204
f 1418/422/228 1421/425/231 1400/405/209
f 1421/425/231 1418/422/228 1422/426/232
f 1418/422/228 1419/424/230 1423/427/233
f 1418/422/228 1423/427/233 1422/426/232
f 1419/424/230 1425/428/234 1424/429/235
f 1425/428/234 1419/424/230 1420/423/229
f 1419/424/230 1424/429/235 1423/427/233
f 1422/426/232 1423/427/233 1426/430/136
f 1423/427/233 1427/431/236 1426/430/136
f 1421/425/231 1422/426/232 1428/432/237
f 1428/432/237 1422/426/232 1426/430/136
f 1429/433/159 1421/425/231 1428/432/237
f 1421/425/231 1429/433/159 1393/401/204
f 1430/434/238 1428/432/237 1426/430/136
f 1429/433/159 1428/432/237 1431/435/239
f 1431/435/239 1428/432/237 1430/434/238
f 1426/430/136 1432/436/133 1430/434/238
f 1427/431/236 1433/437/240 1426/430/136
f 1433/437/240 1434/436/241 1426/430/136
f 1435/438/242 1431/435/239 1430/434/238
f 1437/436/133 1436/439/132 1430/434/238
f 1435/438/242 1430/434/238 1436/439/132
f 1438/440/243 1435/438/242 1436/439/132
f 1440/441/244 1439/442/163 1431/435/239
f 1441/443/2 1429/433/159 1431/435/239
f 1443/444/245 1442/445/246 1431/435/239
f 1439/442/163 1441/443/2 1431/435/239
f 1442/445/246 1440/441/244 1431/435/239
f 1441/443/2 1439/442/163 1444/446/162
f 1429/433/159 1441/443/2 1444/446/162
f 1393/401/204 1429/433/159 1444/446/162
f 1444/446/162 1386/394/200 1393/401/204
f 1446/447/247 1445/448/248 1444/446/162
f 1439/442/163 1446/447/247 1444/446/162
f 1386/394/200 1444/446/162 1445/448/248
f 1387/393/30 1386/394/200 1445/448/248
f 1445/448/248 1447/449/202 1387/393/30
f 1449/450/249 1448/451/205 1445/448/248
f 1448/451/205 1447/449/202 1445/448/248
f 1449/450/249 1445/448/248 1446/447/247
f 1439/442/163 1450/452/166 1446/447/247
f 1451/453/250 1449/450/249 1446/447/247
f 1450/452/166 1451/453/250 1446/447/247
f 1453/454/251 1452/455/252 1449/450/249
f 1453/454/251 1449/450/249 1454/456/253
f 1452/455/252 1455/451/207 1449/450/249
f 1449/450/249 1451/453/250 1454/456/253
f 1450/452/166 1456/457/170 1451/453/250
f 1456/457/170 1454/456/253 1451/453/250
f 1456/457/170 1457/458/173 1454/456/253
f 1459/459/254 1458/460/255 1454/456/253
f 1457/458/173 1460/461/256 1454/456/253
f 1460/461/256 1459/459/254 1454/456/253
f 1462/462/257 1456/457/170 1461/463/258
f 1456/457/170 1450/452/166 1461/463/258
f 1457/458/173 1456/457/170 1462/462/257
f 1461/463/258 1450/452/166 1440/441/244
f 1461/463/258 1463/464/259 1462/462/257
f 1463/464/259 1461/463/258 1440/441/244
f 1464/465/260 1457/458/173 1462/462/257
f 1466/466/261 1465/467/262 1462/462/257
f 1463/464/259 1467/468/263 1462/462/257
f 1465/467/262 1464/465/260 1462/462/257
f 1469/469/264 1468/470/178 1464/465/260
f 1471/471/265 1470/472/266 1464/465/260
f 1468/470/178 1457/458/173 1464/465/260
f 1470/472/266 1469/469/264 1464/465/260
f 1473/473/267 1472/474/268 1469/469/264
f 1472/474/268 1468/470/178 1469/469/264
f 1468/470/178 1472/474/268 1474/475/269
f 1472/474/268 1476/476/270 1475/477/271
f 1472/474/268 1475/477/271 1474/475/269
f 1476/476/270 1472/474/268 1473/473/267
f 1477/478/272 1476/476/270 1473/473/267
f 1473/473/267 1478/479/273 1477/478/272
f 1476/476/270 1479/480/274 1475/477/271
f 1480/481/275 1475/477/271 1479/480/274
f 1481/482/276 1480/481/275 1479/480/274
f 1478/479/273 1482/483/277 1477/478/272
f 1474/475/269 1483/484/278 1460/461/256
f 1468/470/178 1474/475/269 1460/461/256
f 1457/458/173 1468/470/178 1460/461/256
f 1483/484/278 1484/485/279 1460/461/256
f 1486/486/241 1485/487/280 1463/464/259
f 1442/445/246 1463/464/259 1440/441/244
f 1487/486/133 1463/464/259 1442/445/246
f 1485/487/280 1467/468/263 1463/464/259
f 1485/487/280 1488/488/281 1467/468/263
f 1488/488/281 1489/489/282 1467/468/263
f 1488/488/281 1490/490/283 1489/489/282
f 1490/490/283 1491/491/284 1489/489/282
f 1490/490/283 1492/492/285 1491/491/284
f 1491/491/284 1494/493/286 1493/494/287
f 1492/492/285 1494/493/286 1491/491/284
f 1495/495/288 1491/491/284 1493/494/287
f 1492/492/285 1496/496/289 1494/493/286
f 1496/496/289 1497/497/289 1494/493/286
f 1499/498/132 1498/486/133 1442/445/246
f 1499/498/132 1442/445/246 1443/444/245
f 1500/499/290 1499/498/132 1443/444/245
f 1450/452/166 1439/442/163 1440/441/244
f 1501/500/291 1452/455/252 1453/454/251
f 1502/501/292 1501/500/291 1453/454/251
f 1503/502/293 1501/500/291 1502/501/292
f 1504/503/294 1503/502/293 1502/501/292
f 1503/502/293 1504/503/294 1505/504/295
f 1507/505/296 1504/503/294 1506/506/297
f 1504/503/294 1507/505/296 1505/504/295
f 1504/503/294 1508/507/298 1506/506/297
f 1505/504/295 1507/505/296 1509/508/299
f 1507/505/296 1510/509/299 1509/508/299
f 1447/449/202 1511/510/30 1387/393/30
f 1511/510/30 1385/392/199 1387/393/30
f 1512/511/300 1433/437/240 1427/431/236
f 1513/512/301 1512/511/300 1427/431/236
f 1513/512/301 1427/431/236 1514/513/302
f 1427/431/236 1515/514/303 1514/513/302
f 1516/515/304 1512/511/300 1513/512/301
f 1517/516/305 1516/515/304 1513/512/301
f 1518/517/306 1516/515/304 1517/516/305
f 1519/518/307 1518/517/306 1517/516/305
f 1521/519/308 1520/520/309 1517/516/305
f 1520/520/309 1519/518/307 1517/516/305
f 1522/521/310 1518/517/306 1519/518/307
f 1524/522/311 1523/521/312 1519/518/313
f 1526/523/314 1525/524/315 1519/518/313
f 1525/524/315 1524/522/311 1519/518/313
f 1528/525/316 1424/429/235 1527/526/317
f 1425/428/234 1529/527/318 1424/429/235
f 1424/429/235 1529/527/318 1527/526/317
f 1425/428/234 1530/528/319 1529/527/318
f 1530/528/319 1531/529/320 1529/527/318
f 1532/530/321 1425/428/234 1420/423/229
f 1530/528/319 1425/428/234 1532/530/321
f 1533/531/320 1530/528/319 1532/530/321
f 1530/528/319 1534/532/322 1531/529/320
f 1534/532/322 1530/528/319 1533/531/320
f 1534/532/322 1535/533/322 1531/529/320
f 1536/534/322 1534/532/322 1533/531/320
f 1532/530/321 1420/423/229 1537/535/323
f 1420/423/229 1538/536/324 1537/535/323
f 1539/537/325 1390/397/197 1341/349/157
f 1342/348/156 1539/537/325 1341/349/157
f 1540/538/326 1539/537/325 1342/348/156
f 1541/539/327 1540/538/326 1342/348/156
f 1541/539/327 1342/348/156 1339/347/155
f 1542/540/328 1540/538/326 1541/539/327
f 1543/541/329 1542/540/328 1541/539/327
f 1544/542/330 1542/540/328 1543/541/329
f 1545/543/331 1544/542/330 1543/541/329
f 1547/544/332 1546/545/333 1543/541/329
f 1546/545/333 1545/543/331 1543/541/329
f 1548/546/334 1544/542/330 1545/543/331
f 1550/547/335 1549/548/336 1545/543/331
f 1551/549/337 1548/546/334 1545/543/331
f 1549/548/336 1551/549/337 1545/543/331
f 1553/550/338 1552/551/339 1339/347/155
f 1340/346/154 1553/550/338 1339/347/155
f 1552/551/339 1554/552/340 1339/347/155
f 1340/346/154 1555/553/341 1553/550/338
f 1555/553/341 1556/554/342 1553/550/338
f 1557/555/343 1340/346/154 1332/339/147
f 1555/553/341 1340/346/154 1557/555/343
f 1558/556/344 1555/553/341 1557/555/343
f 1555/553/341 1559/557/345 1556/554/342
f 1559/557/345 1555/553/341 1558/556/344
f 1559/557/345 1560/558/345 1556/554/342
f 1561/559/345 1559/557/345 1558/556/344
f 1562/560/346 1557/555/343 1332/339/147
f 1564/561/347 1563/560/347 1332/339/347
f 1379/387/194 1565/562/348 1381/388/195
f 1381/388/195 1567/563/349 1566/564/350
f 1565/562/348 1567/563/349 1381/388/195
f 1565/562/348 1568/565/351 1567/563/349
f 1567/563/349 1570/566/352 1569/567/353
f 1568/565/351 1570/566/352 1567/563/349
f 1567/563/349 1571/568/354 1566/564/350
f 1570/566/352 1572/569/355 1569/567/353
f 1573/570/356 1374/381/188 1375/382/189
f 1374/381/188 1574/571/357 1373/380/187
f 1576/572/358 1367/374/181 1575/573/359
f 1366/373/180 1367/374/181 1576/572/358
f 1367/374/181 1577/574/360 1575/573/359
f 1575/573/359 1577/574/360 1578/575/361
f 1580/576/362 1577/574/360 1579/577/363
f 1577/574/360 1580/576/362 1578/575/361
f 1578/575/361 1580/576/362 1581/578/364
f 1583/579/365 1580/576/362 1582/580/366
f 1580/576/362 1583/579/365 1581/578/364
f 1584/581/367 1580/576/362 1579/577/363
f 1585/582/368 1583/579/365 1582/580/366
f 1586/583/369 1366/373/180 1576/572/358
f 1354/361/168 1366/373/180 1586/583/369
f 1587/584/138 1354/361/168 1586/583/369
f 1350/358/165 1354/361/168 1587/584/138
f 1588/585/137 1350/358/165 1587/584/138
f 1589/586/51 1318/325/134 1350/358/165
f 1589/586/51 1350/358/165 1588/585/137
f 1590/587/51 1589/586/51 1588/585/137
f 1590/587/51 1591/588/132 1589/586/51
f 1589/586/51 1592/589/370 1318/325/134
f 1591/588/132 1592/589/370 1589/586/51
f 1594/590/2 1318/325/134 1593/591/371
f 1318/325/134 1594/590/2 1317/326/135
f 1592/589/370 1593/591/371 1318/325/134
f 1591/588/132 1595/592/133 1592/589/370
f 1592/589/370 1596/593/372 1593/591/371
f 1595/592/133 1596/593/372 1592/589/370
f 1598/592/241 1597/594/241 1596/593/241
f 1600/595/258 1596/593/372 1599/596/257
f 1597/594/241 1601/597/241 1596/593/241
f 1596/593/372 1600/595/258 1593/591/371
f 1596/593/372 1602/597/373 1599/596/257
f 1597/594/374 1604/598/374 1603/597/374
f 1604/598/375 1606/599/283 1605/600/282
f 1604/598/375 1605/600/282 1607/597/374
f 1608/597/261 1605/600/376 1599/596/257
f 1606/599/283 1609/601/284 1605/600/282
f 1605/600/376 1610/602/260 1599/596/257
f 1606/599/283 1611/603/285 1609/601/284
f 1609/601/284 1613/604/286 1612/605/377
f 1611/603/285 1613/604/286 1609/601/284
f 1614/606/378 1609/601/284 1612/605/377
f 1611/603/285 1615/607/289 1613/604/286
f 1615/607/289 1616/608/289 1613/604/286
f 1610/602/260 1617/609/173 1599/596/257
f 1619/610/379 1618/611/178 1610/602/260
f 1621/612/380 1620/613/266 1610/602/260
f 1618/611/178 1617/609/173 1610/602/260
f 1620/613/266 1619/610/379 1610/602/260
f 1599/596/257 1622/614/170 1600/595/258
f 1617/609/173 1622/614/170 1599/596/257
f 1600/595/258 1623/615/166 1593/591/371
f 1622/614/170 1623/615/166 1600/595/258
f 1623/615/166 1622/614/170 1624/616/381
f 1622/614/170 1617/609/173 1625/617/382
f 1622/614/170 1625/617/382 1624/616/381
f 1627/618/163 1623/615/166 1626/619/383
f 1623/615/166 1627/618/163 1593/591/371
f 1623/615/166 1624/616/381 1626/619/383
f 1593/591/371 1627/618/163 1594/590/2
f 1629/620/2 1627/618/163 1628/621/384
f 1627/618/163 1629/620/2 1594/590/2
f 1627/618/163 1626/619/383 1628/621/384
f 1626/619/383 1630/622/385 1628/621/384
f 1630/622/385 1626/619/383 1624/616/381
f 1631/623/386 1630/622/385 1624/616/381
f 1631/623/386 1624/616/381 1625/617/382
f 1633/624/387 1632/625/388 1630/622/385
f 1635/626/2 1634/627/389 1630/622/385
f 1632/625/388 1635/626/2 1630/622/385
f 1633/624/387 1630/622/385 1631/623/386
f 1634/627/389 1628/621/384 1630/622/385
f 1636/628/390 1633/624/387 1631/623/386
f 1637/629/391 1631/623/386 1625/617/382
f 1636/628/390 1631/623/386 1637/629/391
f 1633/624/387 1638/630/392 1632/625/388
f 1633/624/387 1636/628/390 1638/630/392
f 1639/631/393 1636/628/390 1637/629/391
f 1636/628/390 1639/631/393 1640/632/394
f 1641/633/395 1636/628/390 1640/632/394
f 1636/628/390 1641/633/395 1638/630/392
f 1643/634/396 1637/629/391 1642/635/397
f 1639/631/393 1637/629/391 1643/634/396
f 1637/629/391 1625/617/382 1642/635/397
f 1617/609/173 1642/635/397 1625/617/382
f 1617/609/173 1618/611/178 1642/635/397
f 1618/611/178 1644/636/398 1642/635/397
f 1618/611/178 1645/637/268 1644/636/398
f 1645/637/268 1618/611/178 1619/610/379
f 1645/637/268 1646/638/399 1644/636/398
f 1647/639/400 1644/636/398 1646/638/399
f 1648/640/267 1645/637/268 1619/610/379
f 1645/637/268 1649/641/270 1646/638/399
f 1649/641/270 1645/637/268 1648/640/267
f 1650/642/401 1647/639/400 1646/638/399
f 1649/641/270 1651/643/270 1646/638/399
f 1652/644/272 1649/641/270 1648/640/267
f 1648/640/267 1653/645/402 1652/644/272
f 1653/645/402 1654/646/277 1652/644/272
f 1655/647/403 1639/631/393 1643/634/396
f 1656/648/404 1640/632/394 1639/631/393
f 1655/647/403 1656/648/404 1639/631/393
f 1658/649/405 1643/634/396 1657/650/406
f 1655/647/403 1643/634/396 1658/649/405
f 1643/634/396 1659/651/407 1657/650/406
f 1660/652/408 1655/647/403 1658/649/405
f 1658/649/405 1662/653/409 1661/654/410
f 1660/652/408 1658/649/405 1661/654/410
f 1662/653/409 1663/655/411 1661/654/410
f 1663/655/411 1664/656/412 1661/654/410
f 1663/655/411 1662/653/409 1665/657/413
f 1662/653/409 1666/658/414 1665/657/413
f 1668/659/415 1656/648/404 1667/660/416
f 1656/648/404 1669/661/417 1667/660/416
f 1640/632/394 1656/648/404 1668/659/415
f 1656/648/404 1670/662/418 1669/661/417
f 1671/663/419 1667/660/416 1669/661/417
f 1672/664/420 1671/663/419 1669/661/417
f 1670/662/418 1673/665/418 1669/661/417
f 1669/661/417 1674/666/421 1672/664/420
f 1675/667/422 1671/663/419 1672/664/420
f 1676/668/423 1675/667/422 1672/664/420
f 1678/669/424 1677/670/425 1672/664/420
f 1674/666/421 1679/671/426 1672/664/420
f 1677/670/425 1676/668/423 1672/664/420
f 1680/672/427 1640/632/394 1668/659/415
f 1641/633/395 1640/632/394 1680/672/427
f 1681/673/428 1641/633/395 1680/672/427
f 1638/630/392 1641/633/395 1681/673/428
f 1682/674/429 1638/630/392 1681/673/428
f 1683/675/430 1638/630/392 1682/674/429
f 1638/630/392 1683/675/430 1632/625/388
f 1684/676/431 1683/675/430 1682/674/429
f 1686/677/432 1685/678/433 1632/625/388
f 1686/677/432 1632/625/388 1687/679/434
f 1685/678/433 1635/626/2 1632/625/388
f 1632/625/388 1688/680/435 1687/679/434
f 1690/681/436 1689/682/437 1686/677/432
f 1690/681/436 1686/677/432 1691/683/438
f 1689/682/437 1685/678/433 1686/677/432
f 1686/677/432 1687/679/434 1691/683/438
f 1693/684/429 1692/685/428 1687/679/434
f 1692/685/428 1691/683/438 1687/679/434
f 1693/684/429 1687/679/434 1688/680/435
f 1694/686/431 1693/684/429 1688/680/435
f 1692/685/428 1695/687/427 1691/683/438
f 1695/687/427 1696/688/439 1691/683/438
f 1690/681/436 1691/683/438 1696/688/439
f 1695/687/427 1697/689/440 1696/688/439
f 1699/690/441 1698/691/442 1696/688/439
f 1698/691/442 1690/681/436 1696/688/439
f 1697/689/440 1700/692/443 1696/688/439
f 1700/692/443 1699/690/441 1696/688/439
f 1698/691/442 1701/693/444 1690/681/436
f 1699/690/441 1702/694/445 1698/691/442
f 1702/694/445 1701/693/444 1698/691/442
f 1704/695/446 1703/696/447 1699/690/441
f 1703/696/447 1702/694/445 1699/690/441
f 1701/693/444 1702/694/445 1705/697/448
f 1706/698/449 1701/693/444 1705/697/448
f 1701/693/444 1689/682/437 1690/681/436
f 1689/682/437 1701/693/444 1706/698/449
f 1705/697/448 1707/699/450 1706/698/449
f 1706/698/449 1709/700/451 1708/701/452
f 1708/701/452 1689/682/437 1706/698/449
f 1707/699/450 1709/700/451 1706/698/449
f 1689/682/437 1708/701/452 1685/678/433
f 1708/701/452 1711/702/166 1710/703/453
f 1709/700/451 1711/702/166 1708/701/452
f 1708/701/452 1710/703/453 1685/678/433
f 1635/626/2 1685/678/433 1634/627/389
f 1685/678/433 1710/703/453 1634/627/389
f 1710/703/453 1713/704/163 1712/705/454
f 1712/705/454 1634/627/389 1710/703/453
f 1711/702/166 1713/704/163 1710/703/453
f 1628/621/384 1634/627/389 1714/706/455
f 1716/707/456 1634/627/389 1715/708/457
f 1634/627/389 1716/707/456 1714/706/455
f 1634/627/389 1712/705/454 1715/708/457
f 1714/706/455 1717/709/159 1628/621/384
f 1717/709/159 1629/620/2 1628/621/384
f 1629/620/2 1717/709/159 1594/590/2
f 1717/709/159 1718/710/458 1317/326/135
f 1717/709/159 1317/326/135 1594/590/2
f 1718/710/458 1717/709/159 1714/706/455
f 1718/710/458 1719/711/459 1317/326/135
f 1317/326/135 1719/711/459 1319/327/136
f 1718/710/458 1720/712/460 1719/711/459
f 1721/713/461 1718/710/458 1714/706/455
f 1720/712/460 1718/710/458 1721/713/461
f 1719/711/459 1722/714/462 1319/327/136
f 1720/712/460 1722/714/462 1719/711/459
f 1724/715/236 1723/716/240 1319/327/136
f 1723/716/240 1725/324/241 1319/327/136
f 1722/714/462 1724/715/236 1319/327/136
f 1720/712/460 1726/717/463 1722/714/462
f 1726/717/463 1727/718/464 1722/714/462
f 1724/715/236 1722/714/462 1727/718/464
f 1728/719/465 1720/712/460 1721/713/461
f 1726/717/463 1720/712/460 1728/719/465
f 1726/717/463 1729/720/234 1727/718/464
f 1730/721/466 1726/717/463 1728/719/465
f 1729/720/234 1726/717/463 1730/721/466
f 1732/722/316 1727/718/464 1731/723/467
f 1733/724/301 1724/715/236 1727/718/464
f 1729/720/234 1734/725/468 1727/718/464
f 1727/718/464 1734/725/468 1731/723/467
f 1729/720/234 1735/726/319 1734/725/468
f 1736/727/469 1729/720/234 1730/721/466
f 1735/726/319 1729/720/234 1736/727/469
f 1728/719/465 1737/728/470 1730/721/466
f 1737/728/470 1738/729/471 1730/721/466
f 1740/730/472 1739/731/473 1737/728/470
f 1737/728/470 1728/719/465 1741/732/474
f 1740/730/472 1737/728/470 1741/732/474
f 1739/731/473 1738/729/471 1737/728/470
f 1739/731/473 1742/733/475 1738/729/471
f 1744/734/476 1743/735/477 1738/729/471
f 1742/733/475 1744/734/476 1738/729/471
f 1743/735/477 1745/736/478 1738/729/471
f 1742/733/475 1746/737/218 1744/734/476
f 1746/737/218 1747/738/479 1744/734/476
f 1746/737/218 1748/739/412 1747/738/479
f 1750/740/480 1749/741/481 1747/738/479
f 1748/739/412 1750/740/480 1747/738/479
f 1749/741/481 1751/742/482 1747/738/479
f 1752/743/483 1740/730/472 1741/732/474
f 1754/744/484 1752/743/483 1753/745/485
f 1752/743/483 1741/732/474 1753/745/485
f 1753/745/485 1714/706/455 1716/707/456
f 1741/732/474 1721/713/461 1753/745/485
f 1754/744/484 1753/745/485 1716/707/456
f 1721/713/461 1714/706/455 1753/745/485
f 1755/746/2 1754/744/484 1716/707/456
f 1715/708/457 1756/747/486 1716/707/456
f 1756/747/486 1755/746/2 1716/707/456
f 1757/748/487 1756/747/486 1715/708/457
f 1758/749/488 1757/748/487 1715/708/457
f 1758/749/488 1715/708/457 1759/750/489
f 1760/751/490 1715/708/457 1712/705/454
f 1715/708/457 1760/751/490 1759/750/489
f 1761/752/491 1757/748/487 1758/749/488
f 1762/753/492 1761/752/491 1758/749/488
f 1762/753/492 1758/749/488 1763/754/493
f 1758/749/488 1759/750/489 1763/754/493
f 1765/755/151 1764/756/494 1759/750/489
f 1764/756/494 1763/754/493 1759/750/489
f 1765/755/151 1759/750/489 1760/751/490
f 1766/757/159 1765/755/151 1760/751/490
f 1766/757/159 1760/751/490 1712/705/454
f 1767/758/2 1766/757/159 1712/705/454
f 1713/704/163 1767/758/2 1712/705/454
f 1764/756/494 1768/759/495 1763/754/493
f 1768/759/495 1769/760/496 1763/754/493
f 1762/753/492 1763/754/493 1769/760/496
f 1768/759/495 1770/761/497 1769/760/496
f 1771/762/498 1762/753/492 1769/760/496
f 1770/761/497 1772/763/499 1769/760/496
f 1773/764/500 1769/760/496 1772/763/499
f 1770/761/497 1774/765/501 1772/763/499
f 1775/766/502 1773/764/500 1772/763/499
f 1772/763/499 1777/767/503 1776/768/504
f 1774/765/501 1777/767/503 1772/763/499
f 1774/765/501 1779/769/505 1778/770/506
f 1777/767/503 1774/765/501 1778/770/506
f 1777/767/503 1778/770/506 1780/771/507
f 1777/767/508 1782/772/508 1781/768/508
f 1778/770/506 1783/773/509 1780/771/507
f 1771/762/498 1784/774/510 1762/753/492
f 1786/775/511 1785/776/512 1771/762/498
f 1785/776/512 1784/774/510 1771/762/498
f 1784/774/510 1761/752/491 1762/753/492
f 1788/777/513 1785/776/513 1787/775/513
f 1790/778/514 1788/777/515 1789/775/516
f 1791/779/517 1788/777/515 1790/778/514
f 1792/780/518 1791/779/517 1790/778/514
f 1728/719/465 1721/713/461 1741/732/474
f 1735/726/319 1794/781/322 1793/782/320
f 1795/783/519 1735/726/319 1736/727/469
f 1735/726/319 1793/782/320 1734/725/468
f 1794/781/322 1735/726/319 1795/783/519
f 1794/781/322 1796/784/322 1793/782/320
f 1797/785/322 1794/781/322 1795/783/519
f 1795/783/519 1736/727/469 1798/786/520
f 1736/727/469 1799/787/521 1798/786/520
f 1733/724/301 1800/788/300 1724/715/236
f 1802/789/305 1801/790/304 1733/724/301
f 1801/790/304 1800/788/300 1733/724/301
f 1800/788/300 1723/716/240 1724/715/236
f 1803/791/306 1801/790/304 1802/789/305
f 1804/792/307 1803/791/306 1802/789/305
f 1806/793/522 1805/794/309 1802/789/305
f 1805/794/309 1804/792/307 1802/789/305
f 1807/795/310 1803/791/306 1804/792/307
f 1809/796/311 1808/795/312 1804/792/313
f 1811/797/314 1810/798/315 1804/792/313
f 1810/798/315 1809/796/311 1804/792/313
f 1813/799/523 1703/696/447 1812/800/524
f 1815/801/525 1703/696/447 1814/802/526
f 1703/696/447 1704/695/446 1812/800/524
f 1703/696/447 1813/799/523 1814/802/526
f 1817/803/527 1816/804/528 1812/800/524
f 1813/799/523 1812/800/524 1818/805/529
f 1704/695/446 1817/803/527 1812/800/524
f 1819/806/530 1813/799/523 1818/805/529
f 1331/338/146 1820/807/531 1333/340/148
f 1820/807/531 1821/808/532 1333/340/148
f 1820/807/531 1822/809/533 1821/808/532
f 1824/810/534 1823/811/535 1821/808/532
f 1822/809/533 1825/812/536 1821/808/532
f 1825/812/536 1824/810/534 1821/808/532
f 1822/809/533 1826/813/537 1825/812/536
f 1828/814/538 1827/815/539 1825/812/536
f 1826/813/537 1828/814/538 1825/812/536
f 1827/815/539 1829/816/540 1825/812/536
f 1832/817/541 1831/818/542 1830/819/543
f 1834/820/544 1832/817/544 1833/821/545
f 1831/818/542 1832/817/541 1835/822/546
f 1832/817/544 1836/819/547 1833/821/545
f 1837/823/548 1831/818/542 1835/822/546
f 1831/818/422 1839/824/422 1838/819/422
f 1835/822/546 1841/825/549 1840/826/550
f 1837/823/548 1835/822/546 1840/826/550
f 1842/827/551 1837/823/548 1840/826/550
f 1841/825/549 1843/828/552 1840/826/550
f 1846/829/553 1845/830/178 1844/831/554
f 1848/832/555 1847/833/556 1846/829/553
f 1844/831/554 1849/834/557 1846/829/553
f 1847/833/556 1845/830/178 1846/829/553
f 1849/834/557 1850/835/558 1846/829/553
f 1845/830/178 1851/836/559 1844/831/554
f 1852/837/560 1847/833/556 1848/832/555
f 1853/838/561 1852/837/560 1848/832/555
f 1848/832/555 1854/839/562 1853/838/561
f 1854/839/562 1855/840/563 1853/838/561
f 1858/328/30 1857/322/202 1856/325/564
f 1859/329/199 1858/328/30 1856/325/564
f 1857/322/202 1861/324/205 1860/841/565
f 1857/322/202 1860/841/565 1856/325/564
f 1860/841/565 1862/709/159 1856/325/564
f 1864/842/566 1863/710/458 1860/841/565
f 1861/324/205 1864/842/566 1860/841/565
f 1863/710/458 1862/709/159 1860/841/565
f 1866/843/567 1865/627/2 1862/709/159
f 1862/709/159 1867/620/2 1856/325/564
f 1865/627/2 1867/620/2 1862/709/159
f 1866/843/567 1862/709/159 1863/710/458
f 1868/844/568 1866/843/567 1863/710/458
f 1869/712/460 1863/710/458 1864/842/566
f 1868/844/568 1863/710/458 1869/712/460
f 1871/324/207 1870/716/208 1864/842/566
f 1872/845/569 1869/712/460 1864/842/566
f 1870/716/208 1872/845/569 1864/842/566
f 1873/846/570 1868/844/568 1869/712/460
f 1869/712/460 1874/717/463 1873/846/570
f 1874/717/463 1869/712/460 1872/845/569
f 1870/716/208 1875/788/212 1872/845/569
f 1876/847/571 1874/717/463 1872/845/569
f 1875/788/212 1876/847/571 1872/845/569
f 1874/717/463 1878/720/234 1877/848/572
f 1878/720/234 1874/717/463 1876/847/571
f 1874/717/463 1877/848/572 1873/846/570
f 1873/846/570 1879/730/573 1868/844/568
f 1877/848/572 1880/731/574 1873/846/570
f 1880/731/574 1879/730/573 1873/846/570
f 1882/849/575 1881/733/576 1877/848/572
f 1881/733/576 1880/731/574 1877/848/572
f 1878/720/234 1883/850/577 1877/848/572
f 1884/851/578 1878/720/234 1876/847/571
f 1878/720/234 1885/726/319 1883/850/577
f 1885/726/319 1878/720/234 1884/851/578
f 1885/726/319 1886/852/419 1883/850/577
f 1887/853/579 1885/726/319 1884/851/578
f 1885/726/319 1888/781/322 1886/852/419
f 1888/781/322 1885/726/319 1887/853/579
f 1888/781/322 1889/854/322 1886/852/419
f 1890/855/322 1888/781/322 1887/853/579
f 1875/788/212 1891/790/580 1876/847/571
f 1891/790/580 1892/856/581 1876/847/571
f 1891/790/580 1893/791/582 1892/856/581
f 1893/791/582 1894/857/583 1892/856/581
f 1893/791/582 1895/795/584 1894/857/583
f 1895/795/584 1896/858/585 1894/857/583
f 1897/737/586 1881/733/576 1882/849/575
f 1898/859/587 1897/737/586 1882/849/575
f 1899/739/588 1897/737/586 1898/859/587
f 1900/860/589 1899/739/588 1898/859/587
f 1879/730/573 1901/743/487 1868/844/568
f 1868/844/568 1901/743/487 1866/843/567
f 1901/743/487 1902/744/486 1866/843/567
f 1866/843/567 1902/744/486 1865/627/2
f 1902/744/486 1903/746/2 1865/627/2
f 1865/627/2 1903/746/2 1904/747/484
f 1905/861/590 1865/627/2 1904/747/484
f 1905/861/590 1904/747/484 1906/748/483
f 1908/862/591 1907/755/151 1905/861/590
f 1905/861/590 1909/757/159 1865/627/2
f 1908/862/591 1905/861/590 1906/748/483
f 1907/755/151 1909/757/159 1905/861/590
f 1908/862/591 1906/748/483 1910/752/592
f 1912/863/593 1911/756/594 1908/862/591
f 1912/863/593 1908/862/591 1910/752/592
f 1911/756/594 1907/755/151 1908/862/591
f 1912/863/593 1910/752/592 1913/774/595
f 1915/864/596 1914/759/597 1912/863/593
f 1915/864/596 1912/863/593 1913/774/595
f 1914/759/597 1911/756/594 1912/863/593
f 1915/864/596 1913/774/595 1916/776/598
f 1918/865/599 1917/761/600 1915/864/596
f 1919/866/601 1915/864/596 1916/776/598
f 1917/761/600 1914/759/597 1915/864/596
f 1916/776/598 1920/777/602 1919/866/601
f 1920/777/602 1921/867/603 1919/866/601
f 1920/777/602 1922/779/604 1921/867/603
f 1922/779/604 1923/868/605 1921/867/603
f 1924/765/606 1917/761/600 1918/865/599
f 1925/869/607 1924/765/606 1918/865/599
f 1926/769/608 1924/765/606 1925/869/607
f 1927/870/609 1926/769/608 1925/869/607
f 1909/757/159 1928/758/2 1865/627/2
f 1865/627/2 1928/758/2 1929/704/163
f 1930/871/610 1865/627/2 1929/704/163
f 1930/871/610 1929/704/163 1931/702/166
f 1932/872/611 1930/871/610 1931/702/166
f 1865/627/2 1930/871/610 1933/873/612
f 1933/873/612 1930/871/610 1932/872/611
f 1932/872/611 1931/702/166 1934/700/170
f 1935/874/613 1932/872/611 1934/700/170
f 1936/875/614 1933/873/612 1932/872/611
f 1936/875/614 1932/872/611 1935/874/613
f 1935/874/613 1934/700/170 1937/699/450
f 1938/876/615 1935/874/613 1937/699/450
f 1939/877/616 1936/875/614 1935/874/613
f 1939/877/616 1935/874/613 1938/876/615
f 1939/877/616 1940/687/427 1936/875/614
f 1936/875/614 1941/685/428 1933/873/612
f 1940/687/427 1941/685/428 1936/875/614
f 1943/878/617 1942/689/440 1939/877/616
f 1943/878/617 1939/877/616 1938/876/615
f 1942/689/440 1940/687/427 1939/877/616
f 1943/878/617 1938/876/615 1944/879/618
f 1945/880/619 1943/878/617 1944/879/618
f 1945/880/619 1944/879/618 1946/881/620
f 1944/879/618 1947/882/621 1946/881/620
f 1946/881/620 1947/882/621 1948/883/622
f 1947/882/621 1949/884/623 1948/883/622
f 1941/685/428 1950/684/429 1933/873/612
f 1952/885/624 1951/625/625 1933/873/612
f 1952/885/624 1933/873/612 1950/684/429
f 1951/625/625 1865/627/2 1933/873/612
f 1953/686/431 1952/885/624 1950/684/429
f 1951/625/625 1955/886/626 1954/887/627
f 1865/627/2 1951/625/625 1954/887/627
f 1954/887/627 1956/618/163 1865/627/2
f 1956/618/163 1867/620/2 1865/627/2
f 1958/888/628 1957/615/166 1954/887/627
f 1954/887/627 1959/889/629 1958/888/628
f 1957/615/166 1956/618/163 1954/887/627
f 1955/886/626 1959/889/629 1954/887/627
f 1959/889/629 1955/886/626 1960/674/429
f 1955/886/626 1961/676/431 1960/674/429
f 1963/890/630 1959/889/629 1962/673/428
f 1959/889/629 1963/890/630 1958/888/628
f 1959/889/629 1960/674/429 1962/673/428
f 1965/891/631 1964/614/170 1958/888/628
f 1958/888/628 1963/890/630 1965/891/631
f 1964/614/170 1957/615/166 1958/888/628
f 1967/892/632 1963/890/630 1966/672/427
f 1963/890/630 1967/892/632 1965/891/631
f 1963/890/630 1962/673/428 1966/672/427
f 1969/893/450 1968/609/173 1965/891/631
f 1965/891/631 1967/892/632 1970/893/633
f 1968/609/173 1964/614/170 1965/891/631
f 1972/894/634 1967/892/632 1971/659/415
f 1967/892/632 1972/894/634 1973/893/633
f 1967/892/632 1966/672/427 1971/659/415
f 1972/894/634 1971/659/415 1974/660/416
f 1976/893/635 1972/894/635 1975/895/636
f 1977/896/637 1972/894/634 1974/660/416
f 1972/894/635 1978/897/638 1975/895/636
f 1977/896/637 1974/660/416 1979/663/639
f 1980/898/639 1977/896/637 1979/663/639
f 1982/898/422 1979/663/422 1981/667/422
f 1984/899/422 1983/898/422 1981/667/422
f 1978/897/638 1985/900/640 1975/895/636
f 1987/900/640 1986/901/640 1975/895/640
f 1989/902/588 1986/901/588 1988/900/588
f 1991/903/588 1989/902/588 1990/900/588
f 1993/904/641 1992/905/642 1968/609/173
f 1992/905/642 1964/614/170 1968/609/173
f 1993/904/641 1968/609/173 1994/611/178
f 1994/611/178 1968/609/173 1995/893/559
f 1996/906/643 1993/904/641 1994/611/178
f 1993/904/641 1997/598/291 1992/905/642
f 1999/907/644 1998/599/293 1993/904/641
f 1998/599/293 1997/598/291 1993/904/641
f 2001/908/645 1994/611/178 2000/893/559
f 1996/906/643 1994/611/178 2002/637/268
f 2002/637/268 1994/611/178 2001/908/645
f 2003/909/646 1996/906/643 2002/637/268
f 2004/910/647 2002/637/268 2001/908/645
f 2003/909/646 2002/637/268 2005/641/270
f 2005/641/270 2002/637/268 2004/910/647
f 2006/911/270 2003/909/646 2005/641/270
f 2007/912/270 2005/641/270 2004/910/647
f 1998/599/293 1999/907/644 2008/603/295
f 1999/907/644 2009/913/648 2008/603/295
f 2008/603/295 2009/913/648 2010/607/299
f 2009/913/648 2011/914/299 2010/607/299
f 1997/598/291 2012/594/252 1992/905/642
f 1992/905/642 2013/915/649 1964/614/170
f 1992/905/642 2012/594/252 2013/915/649
f 2012/594/252 2014/592/207 2013/915/649
f 2013/915/649 2015/916/650 1957/615/166
f 2013/915/649 2016/592/205 2015/916/650
f 2013/915/649 1957/615/166 1964/614/170
f 2015/916/650 1956/618/163 1957/615/166
f 2015/916/650 1856/325/564 1956/618/163
f 2015/916/650 2017/588/202 1856/325/564
f 2018/592/205 2017/588/202 2015/916/650
f 1856/325/564 1867/620/2 1956/618/163
f 2020/355/2 2019/351/159 1856/325/564
f 2022/917/651 2021/356/163 1856/325/564
f 2023/918/652 1859/329/199 1856/325/564
f 2022/917/651 1856/325/564 2024/585/199
f 2019/351/159 2023/918/652 1856/325/564
f 2021/356/163 2020/355/2 1856/325/564
f 2017/588/202 2025/587/30 1856/325/564
f 1856/325/564 2025/587/30 2024/585/199
f 2020/355/2 2021/356/163 2026/353/162
f 2019/351/159 2020/355/2 2026/353/162
f 2027/350/141 2019/351/159 2026/353/162
f 2026/353/162 2028/394/134 2027/350/141
f 2030/360/164 2029/391/165 2026/353/162
f 2021/356/163 2030/360/164 2026/353/162
f 2028/394/134 2026/353/162 2029/391/165
f 2032/392/137 2029/391/165 2031/390/138
f 2033/393/51 2028/394/134 2029/391/165
f 2029/391/165 2030/360/164 2034/368/653
f 2033/393/51 2029/391/165 2032/392/137
f 2029/391/165 2034/368/653 2031/390/138
f 2021/356/163 2035/359/166 2030/360/164
f 2035/359/166 2036/364/654 2030/360/164
f 2030/360/164 2036/364/654 2034/368/653
f 2031/390/138 2034/368/653 2037/389/369
f 2039/370/180 2034/368/653 2038/367/172
f 2034/368/653 2039/370/180 2037/389/369
f 2034/368/653 2036/364/654 2038/367/172
f 2035/359/166 2040/363/170 2036/364/654
f 2040/363/170 2038/367/172 2036/364/654
f 2040/363/170 2041/366/173 2038/367/172
f 2041/366/173 2042/369/179 2038/367/172
f 2039/370/180 2038/367/172 2042/369/179
f 2037/389/369 2039/370/180 2043/386/358
f 2044/384/181 2039/370/180 2042/369/179
f 2039/370/180 2044/384/181 2043/386/358
f 2041/366/173 2045/371/178 2042/369/179
f 2047/379/182 2046/383/655 2042/369/179
f 2045/371/178 2047/379/182 2042/369/179
f 2046/383/655 2048/385/184 2042/369/179
f 2050/919/656 2045/371/178 2049/920/657
f 2045/371/178 2051/378/185 2047/379/182
f 2045/371/178 2041/366/173 2049/920/657
f 2051/378/185 2045/371/178 2050/919/656
f 2051/378/185 2052/382/187 2047/379/182
f 2053/921/658 2051/378/185 2050/919/656
f 2051/378/185 2054/381/188 2052/382/187
f 2054/381/188 2051/378/185 2053/921/658
f 2054/381/188 2055/570/357 2052/382/187
f 2056/922/659 2054/381/188 2053/921/658
f 2049/920/657 2041/366/173 2057/923/450
f 2041/366/173 2040/363/170 2058/923/450
f 2060/923/660 2040/363/170 2059/924/661
f 2040/363/170 2035/359/166 2059/924/661
f 2059/924/661 2035/359/166 2022/917/651
f 2059/924/661 2022/917/651 2061/584/197
f 2063/923/662 2059/924/661 2062/583/662
f 2059/924/661 2061/584/197 2062/583/662
f 2035/359/166 2021/356/163 2022/917/651
f 2022/917/651 2024/585/199 2061/584/197
f 2065/923/663 2062/583/663 2064/572/663
f 2049/920/664 2066/923/663 2064/572/665
f 2049/920/664 2064/572/665 2067/573/666
f 2068/925/667 2049/920/664 2067/573/666
f 2068/925/667 2067/573/666 2069/575/668
f 2070/926/669 2068/925/667 2069/575/668
f 2070/926/669 2069/575/668 2071/578/670
f 2072/927/530 2070/926/669 2071/578/670
f 2043/386/358 2044/384/181 2073/387/359
f 2044/384/181 2074/388/671 2073/387/359
f 2073/387/359 2074/388/671 2075/562/361
f 2077/563/672 2074/388/671 2076/928/673
f 2074/388/671 2077/563/672 2075/562/361
f 2075/562/361 2077/563/672 2078/565/674
f 2080/566/675 2077/563/672 2079/929/676
f 2077/563/672 2080/566/675 2078/565/674
f 2081/568/677 2077/563/672 2076/928/673
f 2082/569/678 2080/566/675 2079/929/676
f 2084/510/51 2083/449/132 2033/393/51
f 2084/510/51 2033/393/51 2032/392/137
f 2033/393/51 2085/448/370 2028/394/134
f 2083/449/132 2085/448/370 2033/393/51
f 2083/449/132 2086/451/133 2085/448/370
f 2085/448/370 2088/450/372 2087/447/371
f 2086/451/133 2088/450/372 2085/448/370
f 2085/448/370 2087/447/371 2028/394/134
f 2087/447/371 2090/442/163 2089/446/2
f 2092/453/258 2091/452/166 2087/447/371
f 2089/446/2 2028/394/134 2087/447/371
f 2091/452/166 2090/442/163 2087/447/371
f 2088/450/372 2092/453/258 2087/447/371
f 2094/443/2 2093/433/159 2089/446/2
f 2089/446/2 2095/401/679 2028/394/134
f 2090/442/163 2094/443/2 2089/446/2
f 2093/433/159 2095/401/679 2089/446/2
f 2094/443/2 2090/442/163 2096/435/680
f 2090/442/163 2091/452/166 2097/441/681
f 2090/442/163 2097/441/681 2096/435/680
f 2093/433/159 2094/443/2 2096/435/680
f 2093/433/159 2098/425/231 2095/401/679
f 2099/432/682 2093/433/159 2096/435/680
f 2098/425/231 2093/433/159 2099/432/682
f 2097/441/681 2100/445/683 2096/435/680
f 2099/432/682 2096/435/680 2101/434/684
f 2100/445/683 2102/444/685 2096/435/680
f 2096/435/680 2103/438/686 2101/434/684
f 2104/426/687 2098/425/231 2099/432/682
f 2104/426/687 2099/432/682 2105/430/688
f 2099/432/682 2101/434/684 2105/430/688
f 2107/439/202 2106/436/205 2101/434/684
f 2108/436/205 2105/430/688 2101/434/684
f 2107/439/202 2101/434/684 2103/438/686
f 2109/440/689 2107/439/202 2103/438/686
f 2111/436/207 2110/437/208 2105/430/688
f 2113/431/210 2112/427/211 2105/430/688
f 2110/437/208 2113/431/210 2105/430/688
f 2112/427/211 2104/426/687 2105/430/688
f 2110/437/208 2114/511/212 2113/431/210
f 2116/514/690 2113/431/210 2115/513/214
f 2114/511/212 2117/512/215 2113/431/210
f 2113/431/210 2117/512/215 2115/513/214
f 2114/511/212 2118/515/216 2117/512/215
f 2118/515/216 2119/516/217 2117/512/215
f 2118/515/216 2120/517/691 2119/516/217
f 2122/520/692 2121/519/693 2119/516/217
f 2120/517/691 2123/518/221 2119/516/217
f 2123/518/221 2122/520/692 2119/516/217
f 2120/517/691 2124/521/694 2123/518/221
f 2126/522/695 2125/524/696 2123/518/697
f 2127/521/585 2126/522/695 2123/518/697
f 2125/524/696 2128/523/698 2123/518/697
f 2112/427/211 2129/422/228 2104/426/687
f 2131/429/229 2130/424/230 2112/427/211
f 2130/424/230 2129/422/228 2112/427/211
f 2129/422/228 2098/425/231 2104/426/687
f 2098/425/231 2129/422/228 2132/405/232
f 2129/422/228 2130/424/230 2133/407/233
f 2129/422/228 2133/407/233 2132/405/232
f 2130/424/230 2135/428/234 2134/423/235
f 2130/424/230 2134/423/235 2133/407/233
f 2135/428/234 2130/424/230 2131/429/229
f 2136/527/699 2135/428/234 2131/429/229
f 2136/527/699 2131/429/229 2137/526/700
f 2131/429/229 2138/525/701 2137/526/700
f 2135/428/234 2140/528/319 2139/530/318
f 2135/428/234 2139/530/318 2134/423/235
f 2140/528/319 2135/428/234 2136/527/699
f 2142/536/316 2134/423/235 2141/535/467
f 2134/423/235 2139/530/318 2141/535/467
f 2140/528/319 2143/531/320 2139/530/318
f 2140/528/319 2144/532/322 2143/531/320
f 2145/529/320 2140/528/319 2136/527/699
f 2144/532/322 2140/528/319 2145/529/320
f 2144/532/322 2146/534/322 2143/531/320
f 2147/533/322 2144/532/322 2145/529/320
f 2132/405/232 2133/407/233 2148/403/702
f 2133/407/233 2149/406/236 2148/403/702
f 2098/425/231 2132/405/232 2095/401/679
f 2095/401/679 2132/405/232 2148/403/702
f 2150/400/131 2095/401/679 2148/403/702
f 2095/401/679 2150/400/131 2028/394/134
f 2150/400/131 2152/399/132 2151/396/51
f 2148/403/702 2153/402/133 2150/400/131
f 2151/396/51 2028/394/134 2150/400/131
f 2154/402/133 2152/399/132 2150/400/131
f 2151/396/51 2155/352/139 2028/394/134
f 2155/352/139 2027/350/141 2028/394/134
f 2157/398/51 2156/395/137 2151/396/51
f 2152/399/132 2157/398/51 2151/396/51
f 2156/395/137 2155/352/139 2151/396/51
f 2156/395/137 2158/397/138 2155/352/139
f 2155/352/139 2159/349/140 2027/350/141
f 2158/397/138 2159/349/140 2155/352/139
f 2161/345/143 2160/343/151 2027/350/141
f 2160/343/151 2019/351/159 2027/350/141
f 2159/349/140 2161/345/143 2027/350/141
f 2158/397/138 2162/537/142 2159/349/140
f 2161/345/143 2159/349/140 2163/344/144
f 2162/537/142 2164/348/145 2159/349/140
f 2159/349/140 2164/348/145 2163/344/144
f 2163/344/144 2165/342/150 2161/345/143
f 2165/342/150 2160/343/151 2161/345/143
f 2167/347/703 2166/341/149 2163/344/144
f 2163/344/144 2164/348/145 2167/347/703
f 2166/341/149 2165/342/150 2163/344/144
f 2162/537/142 2168/538/146 2164/348/145
f 2168/538/146 2169/539/148 2164/348/145
f 2164/348/145 2169/539/148 2167/347/703
f 2171/550/343 2170/346/154 2167/347/703
f 2173/552/704 2172/551/705 2167/347/703
f 2170/346/154 2166/341/149 2167/347/703
f 2172/551/705 2171/550/343 2167/347/703
f 2170/346/154 2175/553/341 2174/930/706
f 2166/341/149 2170/346/154 2176/931/707
f 2170/346/154 2174/930/706 2176/931/707
f 2175/553/341 2170/346/154 2171/550/343
f 2177/554/344 2175/553/341 2171/550/343
f 2175/553/341 2179/557/345 2178/932/708
f 2175/553/341 2178/932/708 2174/930/706
f 2179/557/345 2175/553/341 2177/554/344
f 2180/558/345 2179/557/345 2177/554/344
f 2179/557/345 2181/933/709 2178/932/708
f 2176/931/707 2183/338/710 2182/934/711
f 2185/935/712 2184/807/328 2176/931/707
f 2166/341/149 2176/931/707 2182/934/711
f 2184/807/328 2183/338/710 2176/931/707
f 2183/338/710 2186/334/325 2182/934/711
f 2165/342/150 2166/341/149 2182/934/711
f 2182/934/711 2186/334/325 2187/936/713
f 2165/342/150 2182/934/711 2187/936/713
f 2186/334/325 2188/330/197 2187/936/713
f 2160/343/151 2165/342/150 2187/936/713
f 2187/936/713 2188/330/197 2023/918/652
f 2160/343/151 2187/936/713 2023/918/652
f 2188/330/197 1859/329/199 2023/918/652
f 2019/351/159 2160/343/151 2023/918/652
f 2189/809/714 2184/807/328 2185/935/712
f 2190/937/715 2189/809/714 2185/935/712
f 2191/813/716 2189/809/714 2190/937/715
f 2192/938/717 2191/813/716 2190/937/715
f 2168/538/146 2193/540/718 2169/539/148
f 2193/540/718 2194/541/719 2169/539/148
f 2193/540/718 2195/542/720 2194/541/719
f 2197/939/721 2196/940/722 2194/541/719
f 2195/542/720 2198/543/536 2194/541/719
f 2198/543/536 2197/939/721 2194/541/719
f 2195/542/720 2199/546/537 2198/543/536
f 2201/549/538 2200/548/723 2198/543/536
f 2199/546/537 2201/549/538 2198/543/536
f 2200/548/723 2202/547/724 2198/543/536
f 2149/406/236 2203/404/240 2148/403/702
f 2203/404/240 2204/402/241 2148/403/702
f 2205/408/300 2203/404/240 2149/406/236
f 2206/411/301 2205/408/300 2149/406/236
f 2206/411/301 2149/406/236 2207/410/725
f 2149/406/236 2208/409/726 2207/410/725
f 2209/412/304 2205/408/300 2206/411/301
f 2210/413/305 2209/412/304 2206/411/301
f 2211/414/306 2209/412/304 2210/413/305
f 2212/417/307 2211/414/306 2210/413/305
f 2214/416/522 2213/415/309 2210/413/305
f 2213/415/309 2212/417/307 2210/413/305
f 2215/418/310 2211/414/306 2212/417/307
f 2217/419/727 2216/418/728 2212/417/313
f 2219/421/314 2218/420/729 2212/417/313
f 2218/420/729 2217/419/727 2212/417/313
f 2221/464/730 2220/486/205 2100/445/683
f 2100/445/683 2222/498/202 2102/444/685
f 2223/486/205 2222/498/202 2100/445/683
f 2221/464/730 2100/445/683 2097/441/681
f 2222/498/202 2224/499/731 2102/444/685
f 2226/468/207 2225/487/207 2221/464/207
f 2227/463/250 2221/464/730 2097/441/681
f 2229/468/732 2221/464/730 2228/462/253
f 2225/487/207 2230/486/207 2221/464/207
f 2221/464/730 2227/463/250 2228/462/253
f 2091/452/166 2227/463/250 2097/441/681
f 2091/452/166 2231/457/451 2227/463/250
f 2231/457/451 2228/462/253 2227/463/250
f 2231/457/451 2091/452/166 2092/453/258
f 2232/456/257 2231/457/451 2092/453/258
f 2231/457/451 2233/458/173 2228/462/253
f 2233/458/173 2231/457/451 2232/456/257
f 2092/453/258 2088/450/372 2232/456/257
f 2234/461/260 2233/458/173 2232/456/257
f 2236/460/261 2235/459/733 2232/456/257
f 2088/450/372 2237/454/373 2232/456/257
f 2235/459/733 2234/461/260 2232/456/257
f 2233/458/173 2239/470/178 2238/465/256
f 2239/470/178 2233/458/173 2234/461/260
f 2233/458/173 2238/465/256 2228/462/253
f 2241/469/269 2240/472/278 2238/465/256
f 2239/470/178 2241/469/269 2238/465/256
f 2238/465/256 2242/467/734 2228/462/253
f 2240/472/278 2243/471/735 2238/465/256
f 2244/475/264 2239/470/178 2234/461/260
f 2239/470/178 2245/474/268 2241/469/269
f 2245/474/268 2239/470/178 2244/475/264
f 2245/474/268 2246/473/271 2241/469/269
f 2247/477/736 2245/474/268 2244/475/264
f 2245/474/268 2248/476/270 2246/473/271
f 2248/476/270 2245/474/268 2247/477/736
f 2249/484/266 2244/475/264 2234/461/260
f 2250/485/737 2249/484/266 2234/461/260
f 2251/480/272 2248/476/270 2247/477/736
f 2248/476/270 2252/478/274 2246/473/271
f 2253/479/275 2246/473/271 2252/478/274
f 2254/483/276 2253/479/275 2252/478/274
f 2256/481/273 2255/482/277 2251/480/272
f 2247/477/736 2256/481/273 2251/480/272
f 2242/467/734 2257/466/738 2228/462/253
f 2259/451/241 2258/455/241 2088/450/241
f 2258/455/241 2260/454/241 2088/450/241
f 2258/455/739 2262/500/739 2261/454/739
f 2262/500/375 2264/502/283 2263/501/282
f 2262/500/375 2263/501/282 2265/454/739
f 2264/502/283 2266/503/284 2263/501/282
f 2266/503/284 2264/502/283 2267/504/285
f 2268/505/286 2266/503/284 2267/504/285
f 2266/503/284 2268/505/286 2269/506/377
f 2270/507/288 2266/503/284 2269/506/377
f 2268/505/286 2267/504/285 2271/508/289
f 2272/509/289 2268/505/286 2271/508/289
f 2274/488/740 2225/487/740 2273/468/740
f 2276/489/292 2274/488/741 2275/468/740
f 2277/490/293 2274/488/741 2276/489/292
f 2278/491/294 2277/490/293 2276/489/292
f 2277/490/293 2278/491/294 2279/492/295
f 2281/493/296 2278/491/294 2280/494/297
f 2278/491/294 2281/493/296 2279/492/295
f 2278/491/294 2282/495/298 2280/494/297
f 2279/492/295 2281/493/296 2283/496/299
f 2281/493/296 2284/497/299 2283/496/299
f 2287/941/742 2286/942/422 2285/818/743
f 2287/941/742 2285/818/743 2288/943/744
f 2286/942/422 2289/824/422 2285/818/743
f 2285/818/743 2290/823/745 2288/943/744
f 2288/943/744 2290/823/745 2291/944/746
f 2290/823/745 2292/827/551 2291/944/746
f 2295/945/747 2294/946/559 2293/830/178
f 2297/947/748 2295/945/747 2296/833/749
f 2295/945/747 2293/830/178 2296/833/749
f 2294/946/559 2298/836/559 2293/830/178
f 2297/947/748 2296/833/749 2299/837/750
f 2300/948/751 2297/947/748 2299/837/750
f 2303/321/752 2302/323/51 2301/322/132
f 2305/327/753 2303/321/752 2304/324/133
f 2303/321/752 2307/326/754 2306/325/755
f 2302/323/51 2303/321/752 2306/325/755
f 2303/321/752 2305/327/753 2307/326/754
f 2303/321/752 2301/322/132 2308/324/133
f 2302/323/51 2309/328/51 2301/322/132
f 2310/329/137 2309/328/51 2302/323/51
f 2311/331/756 2310/329/137 2302/323/51
f 2312/330/138 2310/329/137 2311/331/756
f 2313/332/757 2312/330/138 2311/331/756
f 2314/333/758 2311/331/756 2306/325/755
f 2313/332/757 2311/331/756 2314/333/758
f 2311/331/756 2302/323/51 2306/325/755
f 2315/334/759 2312/330/138 2313/332/757
f 2316/337/760 2315/334/759 2313/332/757
f 2318/335/761 2317/336/762 2313/332/757
f 2318/335/761 2313/332/757 2314/333/758
f 2317/336/762 2316/337/760 2313/332/757
f 2319/338/763 2315/334/759 2316/337/760
f 2320/340/764 2319/338/763 2316/337/760
f 2317/336/762 2321/339/765 2316/337/760
f 2321/339/765 2320/340/764 2316/337/760
f 2321/339/765 2317/336/762 2322/341/766
f 2317/336/762 2318/335/761 2323/342/767
f 2317/336/762 2323/342/767 2322/341/766
f 2318/335/761 2314/333/758 2324/343/768
f 2318/335/761 2324/343/768 2323/342/767
f 2326/344/769 2323/342/767 2325/345/770
f 2322/341/766 2323/342/767 2326/344/769
f 2323/342/767 2324/343/768 2325/345/770
f 2327/347/771 2322/341/766 2326/344/769
f 2321/339/765 2322/341/766 2328/346/772
f 2328/346/772 2322/341/766 2327/347/771
f 2326/344/769 2329/348/773 2327/347/771
f 2325/345/770 2330/349/774 2326/344/769
f 2330/349/774 2329/348/773 2326/344/769
f 2325/345/770 2324/343/768 2331/350/775
f 2325/345/770 2331/350/775 2330/349/774
f 2314/333/758 2332/351/776 2324/343/768
f 2324/343/768 2332/351/776 2331/350/775
f 2331/350/775 2332/351/776 2333/353/777
f 2331/350/775 2333/353/777 2334/352/778
f 2331/350/775 2334/352/778 2330/349/774
f 2330/349/774 2334/352/778 2335/397/197
f 2329/348/773 2330/349/774 2336/537/779
f 2330/349/774 2335/397/197 2336/537/779
f 2334/352/778 2338/396/780 2337/395/199
f 2333/353/777 2339/394/781 2334/352/778
f 2334/352/778 2337/395/199 2335/397/197
f 2339/394/781 2338/396/780 2334/352/778
f 2338/396/780 2340/398/30 2337/395/199
f 2342/400/782 2341/399/202 2338/396/780
f 2338/396/780 2339/394/781 2343/401/783
f 2342/400/782 2338/396/780 2343/401/783
f 2341/399/202 2340/398/30 2338/396/780
f 2344/402/205 2341/399/202 2342/400/782
f 2346/403/784 2345/402/205 2342/400/782
f 2342/400/782 2343/401/783 2346/403/784
f 2348/406/785 2347/404/786 2346/403/784
f 2348/406/785 2346/403/784 2349/407/787
f 2347/404/786 2350/402/207 2346/403/784
f 2343/401/783 2351/405/788 2346/403/784
f 2346/403/784 2351/405/788 2349/407/787
f 2352/408/789 2347/404/786 2348/406/785
f 2353/411/790 2352/408/789 2348/406/785
f 2355/409/791 2354/410/792 2348/406/785
f 2354/410/792 2353/411/790 2348/406/785
f 2356/412/793 2352/408/789 2353/411/790
f 2357/413/794 2356/412/793 2353/411/790
f 2358/414/795 2356/412/793 2357/413/794
f 2359/417/796 2358/414/795 2357/413/794
f 2357/413/794 2361/416/797 2360/415/798
f 2359/417/796 2357/413/794 2360/415/798
f 2362/418/799 2358/414/795 2359/417/796
f 2364/419/800 2363/418/226 2359/417/801
f 2364/419/800 2359/417/801 2365/420/802
f 2359/417/801 2366/421/803 2365/420/802
f 2351/405/788 2343/401/783 2367/425/804
f 2349/407/787 2351/405/788 2368/422/805
f 2351/405/788 2367/425/804 2368/422/805
f 2343/401/783 2370/446/806 2369/433/776
f 2343/401/783 2369/433/776 2367/425/804
f 2339/394/781 2370/446/806 2343/401/783
f 2372/432/807 2369/433/776 2371/435/808
f 2370/446/806 2373/443/2 2369/433/776
f 2369/433/776 2373/443/2 2371/435/808
f 2367/425/804 2369/433/776 2372/432/807
f 2374/426/809 2367/425/804 2372/432/807
f 2376/434/810 2375/430/811 2372/432/807
f 2375/430/811 2374/426/809 2372/432/807
f 2376/434/810 2372/432/807 2371/435/808
f 2377/427/812 2368/422/805 2374/426/809
f 2368/422/805 2367/425/804 2374/426/809
f 2377/427/812 2374/426/809 2375/430/811
f 2379/429/813 2378/424/814 2377/427/812
f 2380/431/815 2377/427/812 2375/430/811
f 2378/424/814 2368/422/805 2377/427/812
f 2349/407/787 2368/422/805 2378/424/814
f 2381/423/816 2349/407/787 2378/424/814
f 2381/423/816 2378/424/814 2382/428/817
f 2382/428/817 2378/424/814 2379/429/813
f 2383/527/818 2382/428/817 2379/429/813
f 2385/525/819 2384/526/820 2379/429/813
f 2384/526/820 2383/527/818 2379/429/813
f 2386/530/821 2381/423/816 2382/428/817
f 2386/530/821 2382/428/817 2387/528/822
f 2387/528/822 2382/428/817 2383/527/818
f 2389/536/823 2381/423/816 2388/535/824
f 2381/423/816 2386/530/821 2388/535/824
f 2390/531/825 2386/530/821 2387/528/822
f 2391/529/826 2387/528/822 2383/527/818
f 2390/531/825 2387/528/822 2392/532/827
f 2392/532/827 2387/528/822 2391/529/826
f 2393/534/827 2390/531/825 2392/532/827
f 2394/533/827 2392/532/827 2391/529/826
f 2380/431/815 2375/430/811 2395/437/828
f 2397/512/829 2380/431/815 2396/511/830
f 2399/514/831 2380/431/815 2398/513/832
f 2380/431/815 2395/437/828 2396/511/830
f 2380/431/815 2397/512/829 2398/513/832
f 2375/430/811 2400/436/241 2395/437/828
f 2375/430/811 2376/434/810 2401/436/133
f 2402/438/833 2376/434/810 2371/435/808
f 2376/434/810 2404/439/132 2403/436/133
f 2404/439/132 2376/434/810 2402/438/833
f 2406/441/834 2371/435/808 2405/442/835
f 2406/441/834 2407/445/836 2371/435/808
f 2371/435/808 2373/443/2 2405/442/835
f 2407/445/836 2408/444/837 2371/435/808
f 2410/463/838 2406/441/834 2409/452/839
f 2410/463/838 2411/464/840 2406/441/834
f 2406/441/834 2405/442/835 2409/452/839
f 2411/464/840 2407/445/836 2406/441/834
f 2411/464/840 2412/486/133 2407/445/836
f 2407/445/836 2413/498/132 2408/444/837
f 2414/486/133 2413/498/132 2407/445/836
f 2413/498/132 2415/499/243 2408/444/837
f 2417/468/241 2416/487/241 2411/464/241
f 2410/463/838 2418/462/841 2411/464/840
f 2416/487/241 2419/486/241 2411/464/241
f 2418/462/841 2420/468/842 2411/464/840
f 2422/488/739 2416/487/739 2421/468/739
f 2424/489/282 2422/488/375 2423/468/739
f 2425/490/283 2422/488/375 2424/489/282
f 2426/491/843 2425/490/283 2424/489/282
f 2425/490/283 2426/491/843 2427/492/285
f 2429/494/844 2428/493/845 2426/491/843
f 2426/491/843 2428/493/845 2427/492/285
f 2430/495/846 2429/494/844 2426/491/843
f 2427/492/285 2428/493/845 2431/496/289
f 2428/493/845 2432/497/289 2431/496/289
f 2418/462/841 2410/463/838 2433/457/847
f 2435/465/848 2418/462/841 2434/458/849
f 2435/465/848 2436/467/850 2418/462/841
f 2418/462/841 2433/457/847 2434/458/849
f 2436/467/850 2437/466/851 2418/462/841
f 2410/463/838 2409/452/839 2433/457/847
f 2439/453/852 2409/452/839 2438/447/853
f 2409/452/839 2405/442/835 2438/447/853
f 2433/457/847 2409/452/839 2439/453/852
f 2438/447/853 2405/442/835 2370/446/806
f 2438/447/853 2370/446/806 2440/448/854
f 2439/453/852 2438/447/853 2441/450/855
f 2438/447/853 2440/448/854 2441/450/855
f 2442/456/856 2433/457/847 2439/453/852
f 2439/453/852 2441/450/855 2442/456/856
f 2441/450/855 2440/448/854 2443/451/205
f 2445/454/207 2441/450/207 2444/455/207
f 2441/450/207 2446/451/207 2444/455/207
f 2441/450/855 2447/454/857 2442/456/856
f 2440/448/854 2448/449/202 2443/451/205
f 2440/448/854 2449/393/30 2448/449/202
f 2449/393/30 2450/510/30 2448/449/202
f 2450/510/30 2449/393/30 2451/392/199
f 2449/393/30 2452/391/858 2451/392/199
f 2452/391/858 2449/393/30 2339/394/781
f 2339/394/781 2449/393/30 2440/448/854
f 2451/392/199 2452/391/858 2453/390/197
f 2454/360/859 2452/391/858 2339/394/781
f 2452/391/858 2454/360/859 2455/368/860
f 2452/391/858 2455/368/860 2453/390/197
f 2333/353/777 2454/360/859 2339/394/781
f 2370/446/806 2339/394/781 2440/448/854
f 2454/360/859 2333/353/777 2456/356/835
f 2458/364/861 2454/360/859 2457/359/839
f 2454/360/859 2456/356/835 2457/359/839
f 2454/360/859 2458/364/861 2455/368/860
f 2332/351/776 2459/355/2 2333/353/777
f 2333/353/777 2459/355/2 2456/356/835
f 2461/357/862 2456/356/835 2460/354/806
f 2456/356/835 2459/355/2 2460/354/806
f 2457/359/839 2456/356/835 2461/357/862
f 2462/362/863 2457/359/839 2461/357/862
f 2463/363/847 2457/359/839 2462/362/863
f 2458/364/861 2457/359/839 2463/363/847
f 2464/367/864 2458/364/861 2463/363/847
f 2458/364/861 2464/367/864 2455/368/860
f 2465/365/865 2463/363/847 2462/362/863
f 2466/366/849 2463/363/847 2465/365/865
f 2464/367/864 2463/363/847 2466/366/849
f 2462/362/863 2467/361/866 2465/365/865
f 2467/361/866 2462/362/863 2461/357/862
f 2461/357/862 2460/354/806 2468/358/867
f 2468/358/867 2467/361/866 2461/357/862
f 2467/361/866 2468/358/867 2469/584/138
f 2471/373/868 2467/361/866 2470/583/369
f 2467/361/866 2469/584/138 2470/583/369
f 2467/361/866 2471/373/868 2465/365/865
f 2472/372/869 2466/366/849 2465/365/865
f 2465/365/865 2471/373/868 2472/372/869
f 2474/374/870 2471/373/868 2473/572/358
f 2471/373/868 2470/583/369 2473/572/358
f 2471/373/868 2474/374/870 2472/372/869
f 2476/375/871 2475/371/872 2472/372/869
f 2476/375/871 2472/372/869 2477/376/873
f 2475/371/872 2466/366/849 2472/372/869
f 2472/372/869 2478/377/874 2477/376/873
f 2480/379/875 2479/369/876 2475/371/872
f 2481/378/877 2475/371/872 2476/375/871
f 2479/369/876 2466/366/849 2475/371/872
f 2480/379/875 2475/371/872 2481/378/877
f 2482/380/878 2481/378/877 2476/375/871
f 2483/382/879 2480/379/875 2481/378/877
f 2484/381/880 2481/378/877 2482/380/878
f 2483/382/879 2481/378/877 2484/381/880
f 2480/379/875 2485/383/881 2479/369/876
f 2485/383/881 2486/385/882 2479/369/876
f 2479/369/876 2464/367/864 2466/366/849
f 2479/369/876 2488/384/883 2487/370/884
f 2464/367/864 2479/369/876 2487/370/884
f 2464/367/864 2487/370/884 2455/368/860
f 2490/389/196 2487/370/884 2489/386/193
f 2455/368/860 2487/370/884 2490/389/196
f 2487/370/884 2488/384/883 2489/386/193
f 2489/386/193 2488/384/883 2491/387/194
f 2488/384/883 2492/388/885 2491/387/194
f 2491/387/194 2492/388/885 2493/562/886
f 2492/388/885 2494/563/887 2493/562/886
f 2494/563/887 2492/388/885 2495/564/888
f 2493/562/886 2494/563/887 2496/565/889
f 2497/568/890 2494/563/887 2495/564/888
f 2494/563/887 2498/566/891 2496/565/889
f 2498/566/891 2494/563/887 2499/567/892
f 2500/569/893 2498/566/891 2499/567/892
f 2453/390/197 2455/368/860 2490/389/196
f 2501/570/894 2483/382/879 2484/381/880
f 2502/571/895 2484/381/880 2482/380/878
f 2504/574/896 2474/374/870 2503/573/359
f 2474/374/870 2473/572/358 2503/573/359
f 2504/574/896 2503/573/359 2505/575/897
f 2506/576/898 2504/574/896 2505/575/897
f 2507/577/899 2504/574/896 2506/576/898
f 2506/576/898 2505/575/897 2508/578/900
f 2509/579/901 2506/576/898 2508/578/900
f 2510/580/902 2506/576/898 2509/579/901
f 2511/581/903 2507/577/899 2506/576/898
f 2512/582/904 2510/580/902 2509/579/901
f 2468/358/867 2513/585/137 2469/584/138
f 2468/358/867 2514/586/51 2513/585/137
f 2514/586/51 2515/587/51 2513/585/137
f 2460/354/806 2306/325/755 2468/358/867
f 2306/325/755 2514/586/51 2468/358/867
f 2517/589/905 2516/588/132 2514/586/51
f 2516/588/132 2515/587/51 2514/586/51
f 2517/589/905 2514/586/51 2306/325/755
f 2460/354/806 2314/333/758 2306/325/755
f 2518/591/906 2517/589/905 2306/325/755
f 2519/590/2 2518/591/906 2306/325/755
f 2307/326/754 2519/590/2 2306/325/755
f 2314/333/758 2460/354/806 2332/351/776
f 2460/354/806 2459/355/2 2332/351/776
f 2307/326/754 2520/709/776 2519/590/2
f 2522/711/907 2521/710/908 2307/326/754
f 2521/710/908 2520/709/776 2307/326/754
f 2305/327/753 2522/711/907 2307/326/754
f 2524/706/909 2523/621/910 2520/709/776
f 2520/709/776 2525/620/2 2519/590/2
f 2523/621/910 2525/620/2 2520/709/776
f 2524/706/909 2520/709/776 2521/710/908
f 2526/713/911 2524/706/909 2521/710/908
f 2527/712/912 2521/710/908 2522/711/907
f 2526/713/911 2521/710/908 2527/712/912
f 2528/714/913 2527/712/912 2522/711/907
f 2528/714/913 2522/711/907 2305/327/753
f 2529/719/914 2526/713/911 2527/712/912
f 2530/717/915 2527/712/912 2528/714/913
f 2529/719/914 2527/712/912 2530/717/915
f 2532/732/916 2531/745/917 2526/713/911
f 2531/745/917 2524/706/909 2526/713/911
f 2532/732/916 2526/713/911 2529/719/914
f 2533/721/918 2529/719/914 2530/717/915
f 2534/728/919 2532/732/916 2529/719/914
f 2529/719/914 2533/721/918 2534/728/919
f 2535/718/920 2530/717/915 2528/714/913
f 2536/720/817 2530/717/915 2535/718/920
f 2533/721/918 2530/717/915 2536/720/817
f 2537/727/921 2533/721/918 2536/720/817
f 2533/721/918 2538/729/922 2534/728/919
f 2534/728/919 2539/730/923 2532/732/916
f 2538/729/922 2540/731/924 2534/728/919
f 2540/731/924 2539/730/923 2534/728/919
f 2542/734/925 2541/733/926 2538/729/922
f 2542/734/925 2538/729/922 2543/735/927
f 2541/733/926 2540/731/924 2538/729/922
f 2538/729/922 2544/736/928 2543/735/927
f 2545/737/795 2541/733/926 2542/734/925
f 2546/738/929 2545/737/795 2542/734/925
f 2547/739/412 2545/737/795 2546/738/929
f 2548/740/930 2547/739/412 2546/738/929
f 2548/740/930 2546/738/929 2549/741/931
f 2546/738/929 2550/742/932 2549/741/931
f 2539/730/923 2551/743/483 2532/732/916
f 2532/732/916 2551/743/483 2531/745/917
f 2551/743/483 2552/744/484 2531/745/917
f 2531/745/917 2552/744/484 2553/707/933
f 2531/745/917 2553/707/933 2524/706/909
f 2552/744/484 2554/746/2 2553/707/933
f 2556/708/934 2553/707/933 2555/747/486
f 2553/707/933 2557/627/935 2524/706/909
f 2553/707/933 2554/746/2 2555/747/486
f 2557/627/935 2553/707/933 2556/708/934
f 2557/627/935 2523/621/910 2524/706/909
f 2559/619/936 2558/618/835 2523/621/910
f 2523/621/910 2557/627/935 2560/622/937
f 2559/619/936 2523/621/910 2560/622/937
f 2558/618/835 2525/620/2 2523/621/910
f 2518/591/906 2519/590/2 2558/618/835
f 2519/590/2 2525/620/2 2558/618/835
f 2518/591/906 2558/618/835 2561/615/839
f 2561/615/839 2558/618/835 2559/619/936
f 2562/616/938 2561/615/839 2559/619/936
f 2559/619/936 2560/622/937 2562/616/938
f 2563/595/939 2518/591/906 2561/615/839
f 2563/595/939 2561/615/839 2564/614/847
f 2564/614/847 2561/615/839 2562/616/938
f 2563/595/939 2565/593/940 2518/591/906
f 2565/593/940 2517/589/905 2518/591/906
f 2566/596/841 2563/595/939 2564/614/847
f 2563/595/939 2566/596/841 2565/593/940
f 2567/617/941 2564/614/847 2562/616/938
f 2566/596/841 2564/614/847 2568/609/849
f 2568/609/849 2564/614/847 2567/617/941
f 2562/616/938 2569/623/942 2567/617/941
f 2560/622/937 2569/623/942 2562/616/938
f 2570/635/943 2568/609/849 2567/617/941
f 2567/617/941 2571/629/944 2570/635/943
f 2569/623/942 2571/629/944 2567/617/941
f 2572/602/848 2566/596/841 2568/609/849
f 2572/602/848 2568/609/849 2573/611/872
f 2573/611/872 2568/609/849 2570/635/943
f 2574/636/945 2573/611/872 2570/635/943
f 2571/629/944 2575/634/946 2570/635/943
f 2569/623/942 2576/628/947 2571/629/944
f 2571/629/944 2577/631/948 2575/634/946
f 2576/628/947 2577/631/948 2571/629/944
f 2575/634/946 2579/647/949 2578/649/950
f 2581/651/951 2575/634/946 2580/650/952
f 2577/631/948 2579/647/949 2575/634/946
f 2575/634/946 2578/649/950 2580/650/952
f 2577/631/948 2582/632/953 2579/647/949
f 2582/632/953 2577/631/948 2583/633/954
f 2577/631/948 2576/628/947 2583/633/954
f 2579/647/949 2584/652/408 2578/649/950
f 2582/632/953 2585/648/955 2579/647/949
f 2587/654/956 2586/653/957 2578/649/950
f 2584/652/408 2587/654/956 2578/649/950
f 2589/658/958 2586/653/957 2588/657/959
f 2590/655/960 2586/653/957 2587/654/956
f 2586/653/957 2590/655/960 2588/657/959
f 2591/656/412 2590/655/960 2587/654/956
f 2585/648/955 2582/632/953 2592/659/961
f 2582/632/953 2583/633/954 2593/672/962
f 2582/632/953 2593/672/962 2592/659/961
f 2585/648/955 2592/659/961 2594/660/963
f 2595/661/964 2585/648/955 2594/660/963
f 2595/661/964 2594/660/963 2596/663/965
f 2597/664/966 2595/661/964 2596/663/965
f 2597/664/966 2598/671/967 2595/661/964
f 2595/661/964 2599/665/968 2585/648/955
f 2598/671/967 2600/666/969 2595/661/964
f 2597/664/966 2596/663/965 2601/667/970
f 2602/668/971 2597/664/966 2601/667/970
f 2602/668/971 2603/670/972 2597/664/966
f 2603/670/972 2604/669/973 2597/664/966
f 2599/665/968 2605/662/974 2585/648/955
f 2583/633/954 2606/673/975 2593/672/962
f 2583/633/954 2607/630/976 2606/673/975
f 2607/630/976 2608/674/977 2606/673/975
f 2583/633/954 2576/628/947 2607/630/976
f 2607/630/976 2609/675/978 2608/674/977
f 2611/624/979 2610/625/980 2607/630/976
f 2610/625/980 2609/675/978 2607/630/976
f 2576/628/947 2611/624/979 2607/630/976
f 2609/675/978 2612/676/981 2608/674/977
f 2611/624/979 2576/628/947 2569/623/942
f 2560/622/937 2611/624/979 2569/623/942
f 2610/625/980 2611/624/979 2560/622/937
f 2613/626/2 2610/625/980 2560/622/937
f 2557/627/935 2613/626/2 2560/622/937
f 2613/626/2 2614/678/982 2610/625/980
f 2614/678/982 2613/626/2 2557/627/935
f 2615/705/983 2557/627/935 2556/708/934
f 2616/703/984 2614/678/982 2557/627/935
f 2615/705/983 2616/703/984 2557/627/935
f 2618/682/985 2614/678/982 2617/701/986
f 2619/677/987 2614/678/982 2618/682/985
f 2614/678/982 2619/677/987 2610/625/980
f 2614/678/982 2616/703/984 2617/701/986
f 2616/703/984 2615/705/983 2620/704/835
f 2617/701/986 2616/703/984 2621/702/839
f 2616/703/984 2620/704/835 2621/702/839
f 2623/698/988 2617/701/986 2622/700/847
f 2617/701/986 2623/698/988 2618/682/985
f 2617/701/986 2621/702/839 2622/700/847
f 2623/698/988 2622/700/847 2624/699/989
f 2625/697/990 2623/698/988 2624/699/989
f 2623/698/988 2625/697/990 2626/693/991
f 2623/698/988 2626/693/991 2618/682/985
f 2625/697/990 2627/694/992 2626/693/991
f 2629/691/993 2628/681/994 2626/693/991
f 2628/681/994 2618/682/985 2626/693/991
f 2629/691/993 2626/693/991 2627/694/992
f 2630/690/995 2629/691/993 2627/694/992
f 2630/690/995 2627/694/992 2631/696/996
f 2632/688/997 2629/691/993 2630/690/995
f 2628/681/994 2629/691/993 2632/688/997
f 2628/681/994 2619/677/987 2618/682/985
f 2633/683/998 2628/681/994 2632/688/997
f 2619/677/987 2628/681/994 2633/683/998
f 2635/692/999 2634/689/1000 2632/688/997
f 2632/688/997 2636/687/962 2633/683/998
f 2634/689/1000 2636/687/962 2632/688/997
f 2635/692/999 2632/688/997 2630/690/995
f 2637/695/1001 2630/690/995 2631/696/996
f 2637/695/1001 2631/696/996 2638/800/1002
f 2637/695/1001 2638/800/1002 2639/803/1003
f 2638/800/1002 2641/799/1004 2640/805/1005
f 2638/800/1002 2642/804/1006 2639/803/1003
f 2631/696/996 2641/799/1004 2638/800/1002
f 2641/799/1004 2643/806/1007 2640/805/1005
f 2644/802/1008 2641/799/1004 2631/696/996
f 2645/801/1009 2644/802/1008 2631/696/996
f 2636/687/962 2646/685/975 2633/683/998
f 2633/683/998 2646/685/975 2647/679/1010
f 2647/679/1010 2619/677/987 2633/683/998
f 2646/685/975 2648/684/977 2647/679/1010
f 2647/679/1010 2648/684/977 2649/680/1011
f 2649/680/1011 2610/625/980 2647/679/1010
f 2610/625/980 2619/677/987 2647/679/1010
f 2648/684/977 2650/686/981 2649/680/1011
f 2615/705/983 2651/758/2 2620/704/835
f 2652/757/776 2651/758/2 2615/705/983
f 2653/751/1012 2652/757/776 2615/705/983
f 2653/751/1012 2615/705/983 2556/708/934
f 2654/755/768 2652/757/776 2653/751/1012
f 2655/750/1013 2654/755/768 2653/751/1012
f 2653/751/1012 2556/708/934 2655/750/1013
f 2657/749/1014 2556/708/934 2656/748/487
f 2556/708/934 2555/747/486 2656/748/487
f 2556/708/934 2657/749/1014 2655/750/1013
f 2659/754/1015 2658/756/1016 2655/750/1013
f 2655/750/1013 2657/749/1014 2659/754/1015
f 2658/756/1016 2654/755/768 2655/750/1013
f 2661/753/1017 2657/749/1014 2660/752/1018
f 2657/749/1014 2656/748/487 2660/752/1018
f 2657/749/1014 2661/753/1017 2659/754/1015
f 2663/760/1019 2662/759/1020 2659/754/1015
f 2659/754/1015 2661/753/1017 2663/760/1019
f 2662/759/1020 2658/756/1016 2659/754/1015
f 2665/762/1021 2661/753/1017 2664/774/1022
f 2661/753/1017 2660/752/1018 2664/774/1022
f 2661/753/1017 2665/762/1021 2663/760/1019
f 2667/763/1023 2666/761/1024 2663/760/1019
f 2663/760/1025 2669/764/1025 2668/763/1025
f 2666/761/1024 2662/759/1020 2663/760/1019
f 2671/765/1026 2666/761/1026 2670/763/1026
f 2673/770/1027 2672/769/1027 2671/765/1027
f 2675/767/1028 2671/765/1029 2674/763/1030
f 2675/767/1028 2676/770/1031 2671/765/1029
f 2678/772/1032 2675/767/1032 2677/768/1032
f 2675/767/1033 2680/763/1033 2679/768/1033
f 2682/770/1034 2675/767/1034 2681/771/1034
f 2669/764/1035 2684/766/1035 2683/763/1035
f 2686/775/1036 2665/762/1021 2685/776/1037
f 2665/762/1021 2664/774/1022 2685/776/1037
f 2688/775/1038 2685/776/1038 2687/777/1038
f 2690/778/1039 2689/775/1039 2687/777/1039
f 2692/778/1040 2687/777/1040 2691/779/1040
f 2694/780/1041 2693/778/1041 2691/779/1041
f 2696/638/1042 2695/637/1043 2574/636/945
f 2574/636/945 2697/639/1044 2696/638/1042
f 2695/637/1043 2573/611/872 2574/636/945
f 2699/640/1045 2698/610/1046 2695/637/1043
f 2698/610/1046 2573/611/872 2695/637/1043
f 2699/640/1045 2695/637/1043 2700/641/1047
f 2700/641/1047 2695/637/1043 2696/638/1042
f 2701/643/1047 2700/641/1047 2696/638/1042
f 2697/639/1044 2702/642/1048 2696/638/1042
f 2703/644/1049 2699/640/1045 2700/641/1047
f 2699/640/1045 2703/644/1049 2704/645/1050
f 2703/644/1049 2705/646/1051 2704/645/1050
f 2698/610/1046 2572/602/848 2573/611/872
f 2698/610/1046 2706/613/1052 2572/602/848
f 2572/602/848 2707/600/1053 2566/596/841
f 2706/613/1052 2708/612/1054 2572/602/848
f 2566/596/841 2709/597/1055 2565/593/940
f 2707/600/1053 2709/597/1055 2566/596/841
f 2707/600/1053 2710/598/281 2709/597/1055
f 2712/601/1056 2711/599/283 2707/600/1053
f 2711/599/283 2710/598/281 2707/600/1053
f 2709/597/1055 2713/594/280 2565/593/940
f 2710/598/281 2713/594/280 2709/597/1055
f 2565/593/940 2714/592/133 2517/589/905
f 2713/594/280 2715/592/241 2565/593/940
f 2714/592/133 2516/588/132 2517/589/905
f 2711/599/283 2712/601/1056 2716/603/285
f 2716/603/285 2718/604/845 2717/607/289
f 2712/601/1056 2718/604/845 2716/603/285
f 2718/604/845 2719/608/289 2717/607/289
f 2720/605/844 2718/604/845 2712/601/1056
f 2721/606/1057 2720/605/844 2712/601/1056
f 2723/783/1058 2537/727/921 2722/726/822
f 2725/787/1059 2537/727/921 2724/786/1060
f 2537/727/921 2536/720/817 2722/726/822
f 2537/727/921 2723/783/1058 2724/786/1060
f 2727/785/827 2723/783/1058 2726/781/827
f 2723/783/1058 2722/726/822 2726/781/827
f 2729/784/827 2726/781/827 2728/782/826
f 2726/781/827 2722/726/822 2728/782/826
f 2728/782/826 2722/726/822 2730/725/818
f 2730/725/818 2536/720/817 2535/718/920
f 2722/726/822 2536/720/817 2730/725/818
f 2731/723/820 2730/725/818 2535/718/920
f 2732/722/819 2731/723/820 2535/718/920
f 2528/714/913 2733/715/815 2535/718/920
f 2733/715/815 2734/724/829 2535/718/920
f 2733/715/815 2305/327/753 2735/716/828
f 2734/724/829 2733/715/815 2736/788/830
f 2733/715/815 2528/714/913 2305/327/753
f 2733/715/815 2735/716/828 2736/788/830
f 2738/789/1061 2734/724/829 2737/790/1062
f 2734/724/829 2736/788/830 2737/790/1062
f 2738/789/1061 2737/790/1062 2739/791/1063
f 2740/792/1064 2738/789/1061 2739/791/1063
f 2740/792/1064 2741/794/1065 2738/789/1061
f 2741/794/1065 2742/793/1066 2738/789/1061
f 2740/792/1064 2739/791/1063 2743/795/1067
f 2745/796/1068 2740/792/1069 2744/795/312
f 2745/796/1068 2746/798/1070 2740/792/1069
f 2746/798/1070 2747/797/1071 2740/792/1069
f 2305/327/753 2748/324/241 2735/716/828
f 2405/442/835 2373/443/2 2370/446/806
f 2749/461/1072 2434/458/849 2442/456/856
f 2442/456/856 2751/460/1073 2750/459/1074
f 2434/458/849 2433/457/847 2442/456/856
f 2749/461/1072 2442/456/856 2750/459/1074
f 2752/470/872 2434/458/849 2749/461/1072
f 2435/465/848 2434/458/849 2752/470/872
f 2753/475/1075 2752/470/872 2749/461/1072
f 2753/475/1075 2749/461/1072 2754/484/1076
f 2749/461/1072 2755/485/1077 2754/484/1076
f 2756/469/1078 2435/465/848 2752/470/872
f 2757/474/1043 2752/470/872 2753/475/1075
f 2756/469/1078 2752/470/872 2757/474/1043
f 2756/469/1078 2758/472/1079 2435/465/848
f 2758/472/1079 2759/471/1080 2435/465/848
f 2760/473/1045 2756/469/1078 2757/474/1043
f 2761/477/1081 2757/474/1043 2753/475/1075
f 2762/476/1047 2757/474/1043 2761/477/1081
f 2760/473/1045 2757/474/1043 2762/476/1047
f 2763/478/1049 2760/473/1045 2762/476/1047
f 2760/473/1045 2763/478/1049 2764/479/1082
f 2765/480/1083 2762/476/1047 2761/477/1081
f 2761/477/1081 2766/481/1084 2765/480/1083
f 2766/481/1084 2767/482/1085 2765/480/1083
f 2763/478/1049 2768/483/1051 2764/479/1082
f 2770/454/1086 2444/455/1086 2769/500/1086
f 2772/501/292 2771/454/1086 2769/500/741
f 2772/501/292 2769/500/741 2773/502/293
f 2774/503/1087 2772/501/292 2773/502/293
f 2774/503/1087 2773/502/293 2775/504/295
f 2776/505/1088 2774/503/1087 2775/504/295
f 2778/507/1089 2774/503/1087 2777/506/1090
f 2774/503/1087 2776/505/1088 2777/506/1090
f 2776/505/1088 2775/504/295 2779/508/299
f 2780/509/299 2776/505/1088 2779/508/299
f 2781/440/290 2404/439/132 2402/438/833
f 2783/516/1061 2397/512/829 2782/515/1062
f 2397/512/829 2396/511/830 2782/515/1062
f 2783/516/1061 2782/515/1062 2784/517/1063
f 2785/518/1064 2783/516/1061 2784/517/1063
f 2785/518/1064 2786/520/1091 2783/516/1061
f 2786/520/1091 2787/519/1092 2783/516/1061
f 2785/518/1064 2784/517/1063 2788/521/1067
f 2790/522/1068 2785/518/1069 2789/521/312
f 2790/522/1068 2791/524/1070 2785/518/1069
f 2791/524/1070 2792/523/1071 2785/518/1069
f 2329/348/773 2336/537/779 2793/538/1093
f 2794/539/1094 2329/348/773 2793/538/1093
f 2794/539/1094 2793/538/1093 2795/540/1095
f 2329/348/773 2794/539/1094 2327/347/771
f 2796/541/1096 2794/539/1094 2795/540/1095
f 2796/541/1096 2795/540/1095 2797/542/1097
f 2798/543/1098 2796/541/1096 2797/542/1097
f 2798/543/1098 2799/545/1099 2796/541/1096
f 2799/545/1099 2800/544/1100 2796/541/1096
f 2798/543/1098 2797/542/1097 2801/546/1101
f 2803/549/1102 2802/548/1103 2798/543/1098
f 2803/549/1102 2798/543/1098 2801/546/1101
f 2802/548/1103 2804/547/1104 2798/543/1098
f 2805/550/1105 2328/346/772 2327/347/771
f 2805/550/1105 2327/347/771 2806/551/1106
f 2327/347/771 2807/552/1107 2806/551/1106
f 2808/555/1108 2321/339/765 2328/346/772
f 2808/555/1108 2328/346/772 2809/553/1109
f 2809/553/1109 2328/346/772 2805/550/1105
f 2810/554/1110 2809/553/1109 2805/550/1105
f 2811/556/1111 2808/555/1108 2809/553/1109
f 2811/556/1111 2809/553/1109 2812/557/1112
f 2812/557/1112 2809/553/1109 2810/554/1110
f 2808/555/1108 2813/560/1113 2321/339/765
f 2813/560/1113 2814/561/1114 2321/339/765
f 2815/559/1112 2811/556/1111 2812/557/1112
f 2816/558/1112 2812/557/1112 2810/554/1110
f 2818/808/1115 2817/807/1116 2320/340/764
f 2817/807/1116 2319/338/763 2320/340/764
f 2819/809/1117 2817/807/1116 2818/808/1115
f 2820/812/1118 2819/809/1117 2818/808/1115
f 2818/808/1115 2822/811/1119 2821/810/1120
f 2820/812/1118 2818/808/1115 2821/810/1120
f 2823/813/1121 2819/809/1117 2820/812/1118
f 2824/814/1122 2823/813/1121 2820/812/1118
f 2824/814/1122 2820/812/1118 2825/815/1123
f 2820/812/1118 2826/816/1124 2825/815/1123
f 2829/817/1125 2828/819/1126 2827/818/1127
f 2829/817/1125 2827/818/1127 2830/822/1128
f 2832/820/1129 2831/821/1130 2829/817/1125
f 2831/821/1130 2828/819/1126 2829/817/1125
f 2828/819/1126 2833/824/970 2827/818/1127
f 2827/818/1127 2834/823/1131 2830/822/1128
f 2830/822/1128 2834/823/1131 2835/826/1132
f 2830/822/1128 2835/826/1132 2836/825/1133
f 2834/823/1131 2837/827/1134 2835/826/1132
f 2835/826/1132 2838/828/1135 2836/825/1133
f 2841/829/1136 2840/831/1137 2839/830/872
f 2843/832/1138 2841/829/1136 2842/833/1139
f 2840/831/1137 2841/829/1136 2844/834/1140
f 2841/829/1136 2839/830/872 2842/833/1139
f 2841/829/1136 2845/835/1141 2844/834/1140
f 2840/831/1137 2846/836/1142 2839/830/872
f 2843/832/1138 2842/833/1139 2847/837/1143
f 2848/838/1144 2843/832/1138 2847/837/1143
f 2843/832/1138 2848/838/1144 2849/839/1145
f 2848/838/1144 2850/840/1146 2849/839/1145
f 2853/841/1147 2852/322/202 2851/325/564
f 2855/842/1148 2854/324/205 2853/841/1147
f 2853/841/1147 2851/325/564 2856/709/776
f 2855/842/1148 2853/841/1147 2857/710/908
f 2854/324/205 2852/322/202 2853/841/1147
f 2853/841/1147 2856/709/776 2857/710/908
f 2852/322/202 2858/328/30 2851/325/564
f 2851/325/564 2858/328/30 2859/329/199
f 2860/918/1149 2851/325/564 2859/329/199
f 2860/918/1149 2859/329/199 2861/330/197
f 2863/936/1150 2862/343/768 2860/918/1149
f 2860/918/1149 2864/351/776 2851/325/564
f 2863/936/1150 2860/918/1149 2861/330/197
f 2862/343/768 2864/351/776 2860/918/1149
f 2863/936/1150 2861/330/197 2865/334/779
f 2867/934/1151 2866/342/767 2863/936/1150
f 2867/934/1151 2863/936/1150 2865/334/779
f 2866/342/767 2862/343/768 2863/936/1150
f 2867/934/1151 2865/334/779 2868/338/1152
f 2870/931/1153 2869/341/766 2867/934/1151
f 2870/931/1153 2867/934/1151 2868/338/1152
f 2869/341/766 2866/342/767 2867/934/1151
f 2872/344/1154 2871/345/761 2866/342/767
f 2872/344/1154 2866/342/767 2869/341/766
f 2871/345/761 2862/343/768 2866/342/767
f 2873/347/765 2872/344/1154 2869/341/766
f 2874/346/772 2869/341/766 2870/931/1153
f 2873/347/765 2869/341/766 2874/346/772
f 2875/930/1155 2874/346/772 2870/931/1153
f 2877/935/1156 2870/931/1153 2876/807/1095
f 2870/931/1153 2868/338/1152 2876/807/1095
f 2878/550/1157 2873/347/765 2874/346/772
f 2879/553/1109 2874/346/772 2875/930/1155
f 2878/550/1157 2874/346/772 2879/553/1109
f 2880/932/1158 2879/553/1109 2875/930/1155
f 2881/554/1111 2878/550/1157 2879/553/1109
f 2882/557/1112 2879/553/1109 2880/932/1158
f 2881/554/1111 2879/553/1109 2882/557/1112
f 2878/550/1157 2883/551/1159 2873/347/765
f 2883/551/1159 2884/552/1160 2873/347/765
f 2872/344/1154 2873/347/765 2885/348/760
f 2873/347/765 2886/539/1161 2885/348/760
f 2885/348/760 2888/537/759 2887/349/757
f 2886/539/1161 2889/538/1162 2885/348/760
f 2889/538/1162 2888/537/759 2885/348/760
f 2872/344/1154 2885/348/760 2887/349/757
f 2871/345/761 2872/344/1154 2887/349/757
f 2887/349/757 2891/397/138 2890/352/756
f 2871/345/761 2887/349/757 2892/350/758
f 2888/537/759 2891/397/138 2887/349/757
f 2887/349/757 2890/352/756 2892/350/758
f 2871/345/761 2892/350/758 2862/343/768
f 2892/350/758 2893/353/806 2864/351/776
f 2892/350/758 2890/352/756 2894/394/755
f 2893/353/806 2892/350/758 2894/394/755
f 2892/350/758 2864/351/776 2862/343/768
f 2864/351/776 2895/355/2 2851/325/564
f 2893/353/806 2895/355/2 2864/351/776
f 2897/360/862 2896/356/835 2893/353/806
f 2893/353/806 2894/394/755 2898/391/867
f 2897/360/862 2893/353/806 2898/391/867
f 2896/356/835 2895/355/2 2893/353/806
f 2851/325/564 2895/355/2 2896/356/835
f 2899/917/1163 2851/325/564 2896/356/835
f 2899/917/1163 2896/356/835 2900/359/839
f 2900/359/839 2896/356/835 2897/360/862
f 2901/364/1164 2900/359/839 2897/360/862
f 2898/391/867 2902/368/1165 2897/360/862
f 2902/368/1165 2901/364/1164 2897/360/862
f 2903/924/1166 2899/917/1163 2900/359/839
f 2903/924/1166 2900/359/839 2904/363/847
f 2904/363/847 2900/359/839 2901/364/1164
f 2906/585/199 2899/917/1163 2905/584/197
f 2851/325/564 2899/917/1163 2906/585/199
f 2899/917/1163 2903/924/1166 2905/584/197
f 2907/923/1167 2903/924/1166 2904/363/847
f 2905/584/197 2903/924/1166 2908/583/662
f 2903/924/1166 2909/923/662 2908/583/662
f 2908/583/663 2911/923/663 2910/572/663
f 2910/572/665 2913/920/1168 2912/573/1169
f 2914/923/663 2913/920/1168 2910/572/665
f 2912/573/1169 2916/925/1170 2915/575/1171
f 2913/920/1168 2916/925/1170 2912/573/1169
f 2913/920/1172 2918/923/989 2917/366/849
f 2920/919/1173 2913/920/1172 2919/371/872
f 2913/920/1172 2917/366/849 2919/371/872
f 2922/369/869 2917/366/849 2921/367/865
f 2923/923/989 2904/363/847 2917/366/849
f 2917/366/849 2904/363/847 2921/367/865
f 2919/371/872 2917/366/849 2922/369/869
f 2924/379/1174 2919/371/872 2922/369/869
f 2920/919/1173 2919/371/872 2925/378/877
f 2925/378/877 2919/371/872 2924/379/1174
f 2926/921/1175 2920/919/1173 2925/378/877
f 2927/382/878 2925/378/877 2924/379/1174
f 2926/921/1175 2925/378/877 2928/381/880
f 2928/381/880 2925/378/877 2927/382/878
f 2924/379/1174 2922/369/869 2929/383/1176
f 2922/369/869 2930/385/874 2929/383/1176
f 2921/367/865 2931/370/868 2922/369/869
f 2931/370/868 2932/384/870 2922/369/869
f 2934/389/369 2933/386/358 2931/370/868
f 2934/389/369 2931/370/868 2902/368/1165
f 2933/386/358 2932/384/870 2931/370/868
f 2902/368/1165 2931/370/868 2921/367/865
f 2933/386/358 2935/387/359 2932/384/870
f 2935/387/359 2936/388/1177 2932/384/870
f 2935/387/359 2937/562/897 2936/388/1177
f 2939/928/1178 2936/388/1177 2938/563/1179
f 2937/562/897 2938/563/1179 2936/388/1177
f 2937/562/897 2940/565/1180 2938/563/1179
f 2942/929/1181 2938/563/1179 2941/566/1182
f 2940/565/1180 2941/566/1182 2938/563/1179
f 2943/568/1183 2939/928/1178 2938/563/1179
f 2944/569/904 2942/929/1181 2941/566/1182
f 2945/390/138 2934/389/369 2902/368/1165
f 2901/364/1164 2902/368/1165 2921/367/865
f 2945/390/138 2902/368/1165 2898/391/867
f 2946/392/137 2945/390/138 2898/391/867
f 2946/392/137 2898/391/867 2947/393/51
f 2894/394/755 2947/393/51 2898/391/867
f 2948/510/51 2946/392/137 2947/393/51
f 2950/448/905 2949/449/132 2947/393/51
f 2949/449/132 2948/510/51 2947/393/51
f 2950/448/905 2947/393/51 2894/394/755
f 2951/451/133 2949/449/132 2950/448/905
f 2952/450/840 2951/451/133 2950/448/905
f 2953/447/906 2950/448/905 2894/394/755
f 2952/450/840 2950/448/905 2953/447/906
f 2955/454/241 2954/455/241 2952/450/241
f 2956/453/838 2952/450/840 2953/447/906
f 2956/453/838 2957/456/841 2952/450/840
f 2954/455/241 2958/451/241 2952/450/241
f 2957/456/841 2959/454/842 2952/450/840
f 2961/500/739 2954/455/739 2960/454/739
f 2963/501/282 2961/500/375 2962/454/739
f 2964/502/283 2961/500/375 2963/501/282
f 2965/503/843 2964/502/283 2963/501/282
f 2964/502/283 2965/503/843 2966/504/285
f 2968/506/844 2967/505/845 2965/503/843
f 2965/503/843 2967/505/845 2966/504/285
f 2969/507/846 2968/506/844 2965/503/843
f 2966/504/285 2967/505/845 2970/508/289
f 2967/505/845 2971/509/289 2970/508/289
f 2957/456/841 2956/453/838 2972/457/847
f 2974/461/1184 2957/456/841 2973/458/849
f 2974/461/1184 2975/459/1185 2957/456/841
f 2957/456/841 2972/457/847 2973/458/849
f 2975/459/1185 2976/460/851 2957/456/841
f 2956/453/838 2953/447/906 2977/452/839
f 2956/453/838 2977/452/839 2972/457/847
f 2979/463/1186 2977/452/839 2978/441/1187
f 2953/447/906 2980/442/835 2977/452/839
f 2977/452/839 2980/442/835 2978/441/1187
f 2972/457/847 2977/452/839 2979/463/1186
f 2953/447/906 2981/446/2 2980/442/835
f 2981/446/2 2953/447/906 2894/394/755
f 2978/441/1187 2980/442/835 2982/435/1188
f 2981/446/2 2983/443/2 2980/442/835
f 2980/442/835 2983/443/2 2982/435/1188
f 2985/401/1189 2984/433/776 2981/446/2
f 2984/433/776 2983/443/2 2981/446/2
f 2985/401/1189 2981/446/2 2894/394/755
f 2986/400/752 2985/401/1189 2894/394/755
f 2987/396/51 2986/400/752 2894/394/755
f 2890/352/756 2987/396/51 2894/394/755
f 2989/405/809 2988/425/804 2985/401/1189
f 2986/400/752 2990/403/811 2985/401/1189
f 2988/425/804 2984/433/776 2985/401/1189
f 2990/403/811 2989/405/809 2985/401/1189
f 2986/400/752 2987/396/51 2991/399/132
f 2990/403/811 2986/400/752 2992/402/133
f 2986/400/752 2991/399/132 2993/402/133
f 2995/406/815 2990/403/811 2994/404/828
f 2995/406/815 2996/407/812 2990/403/811
f 2990/403/811 2997/402/241 2994/404/828
f 2996/407/812 2989/405/809 2990/403/811
f 2995/406/815 2994/404/828 2998/408/830
f 2999/411/829 2995/406/815 2998/408/830
f 3001/409/1190 2995/406/815 3000/410/832
f 2995/406/815 2999/411/829 3000/410/832
f 2999/411/829 2998/408/830 3002/412/1062
f 3003/413/1061 2999/411/829 3002/412/1062
f 3003/413/1061 3002/412/1062 3004/414/1063
f 3005/417/1064 3003/413/1061 3004/414/1063
f 3005/417/1064 3006/415/1065 3003/413/1061
f 3006/415/1065 3007/416/1066 3003/413/1061
f 3005/417/1064 3004/414/1063 3008/418/1067
f 3010/419/1191 3005/417/1069 3009/418/728
f 3010/419/1191 3011/420/1070 3005/417/1069
f 3011/420/1070 3012/421/1071 3005/417/1069
f 2996/407/812 3013/422/805 2989/405/809
f 3015/423/813 3014/424/814 2996/407/812
f 3014/424/814 3013/422/805 2996/407/812
f 3013/422/805 2988/425/804 2989/405/809
f 3017/427/787 3016/426/1192 3013/422/805
f 3016/426/1192 2988/425/804 3013/422/805
f 3017/427/787 3013/422/805 3014/424/814
f 3018/429/816 3017/427/787 3014/424/814
f 3019/428/817 3014/424/814 3015/423/813
f 3018/429/816 3014/424/814 3019/428/817
f 3020/530/818 3019/428/817 3015/423/813
f 3022/536/819 3021/535/820 3015/423/813
f 3021/535/820 3020/530/818 3015/423/813
f 3023/527/821 3018/429/816 3019/428/817
f 3024/528/822 3019/428/817 3020/530/818
f 3023/527/821 3019/428/817 3024/528/822
f 3026/525/823 3018/429/816 3025/526/1193
f 3018/429/816 3023/527/821 3025/526/1193
f 3027/529/825 3023/527/821 3024/528/822
f 3028/531/826 3024/528/822 3020/530/818
f 3029/532/827 3024/528/822 3028/531/826
f 3027/529/825 3024/528/822 3029/532/827
f 3030/533/827 3027/529/825 3029/532/827
f 3031/534/827 3029/532/827 3028/531/826
f 3033/431/785 3032/430/1194 3017/427/787
f 3032/430/1194 3016/426/1192 3017/427/787
f 3033/431/785 3034/437/786 3032/430/1194
f 3036/512/790 3035/511/789 3033/431/785
f 3038/514/1195 3037/513/792 3033/431/785
f 3035/511/789 3034/437/786 3033/431/785
f 3037/513/792 3036/512/790 3033/431/785
f 3034/437/786 3039/436/207 3032/430/1194
f 3032/430/1194 3041/436/205 3040/434/1196
f 3040/434/1196 3042/432/1197 3032/430/1194
f 3042/432/1197 3016/426/1192 3032/430/1194
f 3016/426/1192 3042/432/1197 2988/425/804
f 3042/432/1197 2982/435/1188 2984/433/776
f 3042/432/1197 2984/433/776 2988/425/804
f 2982/435/1188 3042/432/1197 3040/434/1196
f 3043/438/1198 2982/435/1188 3040/434/1196
f 3045/436/205 3044/439/202 3040/434/1196
f 3043/438/1198 3040/434/1196 3044/439/202
f 2978/441/1187 2982/435/1188 3046/445/1199
f 2982/435/1188 2983/443/2 2984/433/776
f 2982/435/1188 3047/444/1200 3046/445/1199
f 3049/464/1201 3046/445/1199 3048/486/205
f 3046/445/1199 3047/444/1200 3050/498/202
f 3046/445/1199 3050/498/202 3051/486/205
f 2978/441/1187 3046/445/1199 3049/464/1201
f 2979/463/1186 2978/441/1187 3049/464/1201
f 3053/468/1202 3049/464/1201 3052/487/252
f 2979/463/1186 3049/464/1201 3054/462/856
f 3049/464/1201 3055/486/207 3052/487/252
f 3049/464/1201 3053/468/1202 3054/462/856
f 3054/462/856 2972/457/847 2979/463/1186
f 3056/465/1203 2973/458/849 3054/462/856
f 3054/462/856 3058/466/1073 3057/467/1204
f 2973/458/849 2972/457/847 3054/462/856
f 3056/465/1203 3054/462/856 3057/467/1204
f 2974/461/1184 2973/458/849 3059/470/872
f 3059/470/872 2973/458/849 3056/465/1203
f 3060/469/1075 3059/470/872 3056/465/1203
f 3060/469/1075 3056/465/1203 3061/472/1076
f 3056/465/1203 3062/471/1077 3061/472/1076
f 3063/475/1078 2974/461/1184 3059/470/872
f 3063/475/1078 3059/470/872 3064/474/1043
f 3064/474/1043 3059/470/872 3060/469/1075
f 3063/475/1078 3065/484/1079 2974/461/1184
f 3065/484/1079 3066/485/1080 2974/461/1184
f 3067/477/1205 3063/475/1078 3064/474/1043
f 3068/473/1081 3064/474/1043 3060/469/1075
f 3067/477/1205 3064/474/1043 3069/476/1047
f 3069/476/1047 3064/474/1043 3068/473/1081
f 3070/480/1049 3067/477/1205 3069/476/1047
f 3067/477/1205 3070/480/1049 3071/481/1082
f 3072/478/1083 3069/476/1047 3068/473/1081
f 3068/473/1081 3073/479/1084 3072/478/1083
f 3073/479/1084 3074/483/1085 3072/478/1083
f 3070/480/1049 3075/482/1051 3071/481/1082
f 3077/489/292 3053/468/1202 3076/488/291
f 3053/468/1202 3052/487/252 3076/488/291
f 3077/489/292 3076/488/291 3078/490/293
f 3079/491/1087 3077/489/292 3078/490/293
f 3078/490/293 3080/492/295 3079/491/1087
f 3082/495/1089 3079/491/1087 3081/494/1090
f 3080/492/295 3083/493/1088 3079/491/1087
f 3079/491/1087 3083/493/1088 3081/494/1090
f 3080/492/295 3084/496/299 3083/493/1088
f 3084/496/299 3085/497/299 3083/493/1088
f 3047/444/1200 3086/499/689 3050/498/202
f 3087/440/731 3043/438/1198 3044/439/202
f 3089/516/794 3088/515/793 3036/512/790
f 3088/515/793 3035/511/789 3036/512/790
f 3090/517/1206 3088/515/793 3089/516/794
f 3091/518/1207 3090/517/1206 3089/516/794
f 3089/516/794 3093/519/1208 3092/520/1209
f 3091/518/1207 3089/516/794 3092/520/1209
f 3094/521/1210 3090/517/1206 3091/518/1207
f 3096/522/1211 3095/521/585 3091/518/1212
f 3096/522/1211 3091/518/1212 3097/524/802
f 3091/518/1212 3098/523/1213 3097/524/802
f 2987/396/51 3099/398/51 2991/399/132
f 3100/395/137 3099/398/51 2987/396/51
f 2890/352/756 3100/395/137 2987/396/51
f 2891/397/138 3100/395/137 2890/352/756
f 2921/367/865 2904/363/847 2901/364/1164
f 3101/922/1214 2926/921/1175 2928/381/880
f 3102/570/895 2928/381/880 2927/382/878
f 2916/925/1170 3103/926/1215 2915/575/1171
f 2915/575/1171 3103/926/1215 3104/578/1216
f 3103/926/1215 3105/927/1007 3104/578/1216
f 3107/916/1217 3106/618/835 2851/325/564
f 3109/587/30 3108/588/202 2851/325/564
f 3109/587/30 2851/325/564 2906/585/199
f 3106/618/835 3110/620/2 2851/325/564
f 2851/325/564 3110/620/2 2856/709/776
f 3108/588/202 3107/916/1217 2851/325/564
f 3108/588/202 3111/592/205 3107/916/1217
f 3113/915/1218 3112/615/839 3107/916/1217
f 3112/615/839 3106/618/835 3107/916/1217
f 3114/592/205 3113/915/1218 3107/916/1217
f 3116/888/1219 3115/887/1220 3112/615/839
f 3117/614/847 3112/615/839 3113/915/1218
f 3115/887/1220 3106/618/835 3112/615/839
f 3116/888/1219 3112/615/839 3117/614/847
f 3118/905/1221 3117/614/847 3113/915/1218
f 3120/592/207 3119/594/252 3113/915/1218
f 3119/594/252 3118/905/1221 3113/915/1218
f 3121/891/1222 3116/888/1219 3117/614/847
f 3122/609/849 3117/614/847 3118/905/1221
f 3121/891/1222 3117/614/847 3122/609/849
f 3123/904/1223 3122/609/849 3118/905/1221
f 3119/594/252 3124/598/291 3118/905/1221
f 3124/598/291 3123/904/1223 3118/905/1221
f 3125/893/989 3121/891/1222 3122/609/849
f 3126/611/872 3122/609/849 3123/904/1223
f 3127/893/1142 3122/609/849 3126/611/872
f 3128/906/1224 3126/611/872 3123/904/1223
f 3124/598/291 3129/599/293 3123/904/1223
f 3129/599/293 3130/907/644 3123/904/1223
f 3132/908/1225 3131/893/1142 3126/611/872
f 3133/637/1043 3126/611/872 3128/906/1224
f 3132/908/1225 3126/611/872 3133/637/1043
f 3134/909/1226 3133/637/1043 3128/906/1224
f 3135/910/1227 3132/908/1225 3133/637/1043
f 3136/641/1047 3133/637/1043 3134/909/1226
f 3135/910/1227 3133/637/1043 3136/641/1047
f 3137/911/1047 3136/641/1047 3134/909/1226
f 3138/912/1047 3135/910/1227 3136/641/1047
f 3129/599/293 3139/603/295 3130/907/644
f 3139/603/295 3140/913/648 3130/907/644
f 3139/603/295 3141/607/299 3140/913/648
f 3141/607/299 3142/914/299 3140/913/648
f 3116/888/1219 3121/891/1222 3143/890/1228
f 3121/891/1222 3145/893/633 3144/892/1229
f 3121/891/1222 3144/892/1229 3143/890/1228
f 3115/887/1220 3116/888/1219 3146/889/1230
f 3116/888/1219 3143/890/1228 3146/889/1230
f 3146/889/1230 3147/886/1231 3115/887/1220
f 3149/674/977 3146/889/1230 3148/673/975
f 3146/889/1230 3143/890/1228 3148/673/975
f 3147/886/1231 3146/889/1230 3149/674/977
f 3115/887/1220 3150/627/2 3106/618/835
f 3150/627/2 3115/887/1220 3151/625/1232
f 3147/886/1231 3151/625/1232 3115/887/1220
f 3152/676/981 3147/886/1231 3149/674/977
f 3154/885/1233 3153/873/1234 3151/625/1232
f 3150/627/2 3151/625/1232 3153/873/1234
f 3156/686/981 3155/684/977 3154/885/1233
f 3155/684/977 3153/873/1234 3154/885/1233
f 3155/684/977 3157/685/975 3153/873/1234
f 3157/685/975 3159/687/962 3158/875/1235
f 3157/685/975 3158/875/1235 3153/873/1234
f 3158/875/1235 3160/872/1236 3153/873/1234
f 3162/877/1237 3161/874/1238 3158/875/1235
f 3159/687/962 3162/877/1237 3158/875/1235
f 3161/874/1238 3160/872/1236 3158/875/1235
f 3159/687/962 3163/689/1000 3162/877/1237
f 3165/878/1239 3164/876/1240 3162/877/1237
f 3163/689/1000 3165/878/1239 3162/877/1237
f 3164/876/1240 3161/874/1238 3162/877/1237
f 3161/874/1238 3166/700/847 3160/872/1236
f 3164/876/1240 3167/699/989 3161/874/1238
f 3167/699/989 3166/700/847 3161/874/1238
f 3168/879/1241 3164/876/1240 3165/878/1239
f 3169/880/1242 3168/879/1241 3165/878/1239
f 3169/880/1242 3170/881/1243 3168/879/1241
f 3170/881/1243 3171/882/1244 3168/879/1241
f 3170/881/1243 3172/883/1245 3171/882/1244
f 3172/883/1245 3173/884/1246 3171/882/1244
f 3166/700/847 3174/702/839 3160/872/1236
f 3160/872/1236 3174/702/839 3175/871/1247
f 3160/872/1236 3175/871/1247 3153/873/1234
f 3174/702/839 3176/704/835 3175/871/1247
f 3175/871/1247 3176/704/835 3150/627/2
f 3175/871/1247 3150/627/2 3153/873/1234
f 3176/704/835 3177/758/2 3150/627/2
f 3177/758/2 3178/757/776 3150/627/2
f 3178/757/776 3180/755/768 3179/861/1248
f 3178/757/776 3179/861/1248 3150/627/2
f 3179/861/1248 3181/747/484 3150/627/2
f 3183/862/1249 3182/748/483 3179/861/1248
f 3180/755/768 3183/862/1249 3179/861/1248
f 3182/748/483 3181/747/484 3179/861/1248
f 3180/755/768 3184/756/1250 3183/862/1249
f 3186/863/1251 3185/752/1252 3183/862/1249
f 3184/756/1250 3186/863/1251 3183/862/1249
f 3185/752/1252 3182/748/483 3183/862/1249
f 3184/756/1250 3187/759/1253 3186/863/1251
f 3189/864/1254 3188/774/1255 3186/863/1251
f 3187/759/1253 3189/864/1254 3186/863/1251
f 3188/774/1255 3185/752/1252 3186/863/1251
f 3187/759/1253 3190/761/1256 3189/864/1254
f 3192/866/1257 3191/776/1258 3189/864/1254
f 3190/761/1256 3193/865/1259 3189/864/1254
f 3191/776/1258 3188/774/1255 3189/864/1254
f 3190/761/1256 3194/765/1260 3193/865/1259
f 3194/765/1260 3195/869/1261 3193/865/1259
f 3194/765/1260 3196/769/1262 3195/869/1261
f 3196/769/1262 3197/870/1263 3195/869/1261
f 3198/777/1264 3191/776/1258 3192/866/1257
f 3199/867/1265 3198/777/1264 3192/866/1257
f 3200/779/1266 3198/777/1264 3199/867/1265
f 3201/868/1267 3200/779/1266 3199/867/1265
f 3181/747/484 3202/746/2 3150/627/2
f 3202/746/2 3203/744/486 3150/627/2
f 3204/843/1268 2856/709/776 3150/627/2
f 3203/744/486 3204/843/1268 3150/627/2
f 3150/627/2 3110/620/2 3106/618/835
f 2856/709/776 3110/620/2 3150/627/2
f 3203/744/486 3205/743/487 3204/843/1268
f 3206/844/1269 2857/710/908 3204/843/1268
f 3205/743/487 3206/844/1269 3204/843/1268
f 2857/710/908 2856/709/776 3204/843/1268
f 3205/743/487 3207/730/1270 3206/844/1269
f 3209/846/1271 3208/712/912 3206/844/1269
f 3207/730/1270 3209/846/1271 3206/844/1269
f 3208/712/912 2857/710/908 3206/844/1269
f 2855/842/1148 2857/710/908 3208/712/912
f 3210/845/1272 2855/842/1148 3208/712/912
f 3208/712/912 3211/717/915 3210/845/1272
f 3211/717/915 3208/712/912 3209/846/1271
f 3207/730/1270 3212/731/1273 3209/846/1271
f 3213/848/1274 3211/717/915 3209/846/1271
f 3212/731/1273 3213/848/1274 3209/846/1271
f 3211/717/915 3215/720/817 3214/847/1275
f 3211/717/915 3214/847/1275 3210/845/1272
f 3215/720/817 3211/717/915 3213/848/1274
f 3210/845/1272 3216/716/1276 2855/842/1148
f 3214/847/1275 3217/788/789 3210/845/1272
f 3217/788/789 3216/716/1276 3210/845/1272
f 3216/716/1276 3218/324/207 2855/842/1148
f 3219/790/580 3217/788/789 3214/847/1275
f 3220/856/1277 3219/790/580 3214/847/1275
f 3215/720/817 3221/851/1278 3214/847/1275
f 3222/791/1279 3219/790/580 3220/856/1277
f 3223/857/1280 3222/791/1279 3220/856/1277
f 3224/795/1281 3222/791/1279 3223/857/1280
f 3225/858/585 3224/795/1281 3223/857/1280
f 3215/720/817 3227/726/822 3226/851/1282
f 3228/850/1283 3215/720/817 3213/848/1274
f 3227/726/822 3215/720/817 3228/850/1283
f 3227/726/822 3229/853/1284 3226/851/1282
f 3227/726/822 3230/781/827 3229/853/1284
f 3231/852/965 3227/726/822 3228/850/1283
f 3230/781/827 3227/726/822 3231/852/965
f 3230/781/827 3232/855/827 3229/853/1284
f 3233/854/827 3230/781/827 3231/852/965
f 3212/731/1273 3234/733/1285 3213/848/1274
f 3234/733/1285 3235/849/1286 3213/848/1274
f 3234/733/1285 3236/737/1287 3235/849/1286
f 3236/737/1287 3237/859/1288 3235/849/1286
f 3236/737/1287 3238/739/588 3237/859/1288
f 3238/739/588 3239/860/589 3237/859/1288
f 3148/673/975 3143/890/1228 3240/672/962
f 3143/890/1228 3144/892/1229 3240/672/962
f 3240/672/962 3144/892/1229 3241/659/961
f 3243/893/633 3242/894/1289 3144/892/1229
f 3144/892/1229 3242/894/1289 3241/659/961
f 3241/659/961 3242/894/1289 3244/660/963
f 3246/893/635 3245/895/636 3242/894/635
f 3245/895/636 3247/897/638 3242/894/635
f 3242/894/1289 3248/896/1290 3244/660/963
f 3249/663/1291 3244/660/963 3248/896/1290
f 3250/898/1291 3249/663/1291 3248/896/1290
f 3252/667/970 3249/663/970 3251/898/970
f 3254/899/970 3252/667/970 3253/898/970
f 3245/895/640 3256/901/640 3255/900/640
f 3247/897/638 3245/895/636 3257/900/640
f 3256/901/588 3259/902/588 3258/900/588
f 3259/902/588 3261/903/588 3260/900/588
f 3262/540/1292 2889/538/1162 2886/539/1161
f 3263/541/1115 3262/540/1292 2886/539/1161
f 3264/542/1293 3262/540/1292 3263/541/1115
f 3265/543/1118 3264/542/1293 3263/541/1115
f 3263/541/1115 3267/940/1294 3266/939/1295
f 3265/543/1118 3263/541/1115 3266/939/1295
f 3268/546/1121 3264/542/1293 3265/543/1118
f 3269/549/1296 3268/546/1121 3265/543/1118
f 3269/549/1296 3265/543/1118 3270/548/1123
f 3265/543/1118 3271/547/1297 3270/548/1123
f 3272/558/1112 2881/554/1111 2882/557/1112
f 3273/933/1298 2882/557/1112 2880/932/1158
f 2876/807/1095 3274/809/1299 2877/935/1156
f 3274/809/1299 3275/937/1300 2877/935/1156
f 3274/809/1299 3276/813/1301 3275/937/1300
f 3276/813/1301 3277/938/1302 3275/937/1300
f 3280/941/1303 3279/818/1304 3278/942/970
f 3279/818/1304 3280/941/1303 3281/943/1305
f 3279/818/1304 3282/824/970 3278/942/970
f 3283/823/1306 3279/818/1304 3281/943/1305
f 3283/823/1306 3281/943/1305 3284/944/1307
f 3285/827/1134 3283/823/1306 3284/944/1307
f 3288/945/1308 3287/830/872 3286/946/1142
f 3290/947/1309 3289/833/1310 3288/945/1308
f 3289/833/1310 3287/830/872 3288/945/1308
f 3287/830/872 3291/836/1142 3286/946/1142
f 3292/837/1311 3289/833/1310 3290/947/1309
f 3293/948/1312 3292/837/1311 3290/947/1309
f 3296/773/1313 3295/770/1313 3294/771/1313
f 3299/321/131 3298/322/132 3297/323/51
f 3298/322/132 3299/321/131 3300/324/133
f 3299/321/131 3302/325/134 3301/326/1314
f 3302/325/134 3299/321/131 3297/323/51
f 3299/321/131 3301/326/1314 3303/327/136
f 3299/321/131 3303/327/136 3304/324/133
f 3298/322/132 3305/328/51 3297/323/51
f 3305/328/51 3306/329/137 3297/323/51
f 3306/329/137 3308/330/138 3307/331/1315
f 3306/329/137 3307/331/1315 3297/323/51
f 3307/331/1315 3310/332/140 3309/333/141
f 3297/323/51 3307/331/1315 3302/325/134
f 3308/330/138 3310/332/140 3307/331/1315
f 3307/331/1315 3309/333/141 3302/325/134
f 3308/330/138 3311/334/142 3310/332/140
f 3313/335/143 3310/332/140 3312/336/144
f 3311/334/142 3314/337/145 3310/332/140
f 3310/332/140 3314/337/145 3312/336/144
f 3310/332/140 3313/335/143 3309/333/141
f 3311/334/142 3315/338/146 3314/337/145
f 3312/336/144 3314/337/145 3316/339/147
f 3315/338/146 3317/340/148 3314/337/145
f 3314/337/145 3317/340/148 3316/339/147
f 3316/339/147 3318/341/149 3312/336/144
f 3312/336/144 3319/342/150 3313/335/143
f 3318/341/149 3319/342/150 3312/336/144
f 3313/335/143 3320/343/151 3309/333/141
f 3319/342/150 3320/343/151 3313/335/143
f 3319/342/150 3318/341/149 3321/344/1316
f 3320/343/151 3319/342/150 3322/345/153
f 3319/342/150 3321/344/1316 3322/345/153
f 3318/341/149 3324/346/154 3323/347/155
f 3324/346/154 3318/341/149 3316/339/147
f 3318/341/149 3323/347/155 3321/344/1316
f 3326/348/156 3325/349/157 3321/344/1316
f 3326/348/156 3321/344/1316 3323/347/155
f 3325/349/157 3322/345/153 3321/344/1316
f 3322/345/153 3325/349/157 3327/350/158
f 3320/343/151 3322/345/153 3327/350/158
f 3328/351/159 3320/343/151 3327/350/158
f 3320/343/151 3328/351/159 3309/333/141
f 3327/350/158 3330/352/160 3329/353/161
f 3328/351/159 3327/350/158 3329/353/161
f 3325/349/157 3330/352/160 3327/350/158
f 3309/333/141 3328/351/159 3331/354/162
f 3332/355/2 3328/351/159 3329/353/161
f 3328/351/159 3332/355/2 3331/354/162
f 3331/354/162 3302/325/134 3309/333/141
f 3332/355/2 3333/356/163 3331/354/162
f 3335/357/164 3334/358/1317 3331/354/162
f 3333/356/163 3335/357/164 3331/354/162
f 3302/325/134 3331/354/162 3334/358/1317
f 3333/356/163 3332/355/2 3329/353/161
f 3333/356/163 3336/359/166 3335/357/164
f 3337/360/167 3333/356/163 3329/353/161
f 3336/359/166 3333/356/163 3337/360/167
f 3334/358/1317 3335/357/164 3338/361/168
f 3336/359/166 3339/362/169 3335/357/164
f 3335/357/164 3339/362/169 3338/361/168
f 3336/359/166 3340/363/170 3339/362/169
f 3341/364/171 3336/359/166 3337/360/167
f 3340/363/170 3336/359/166 3341/364/171
f 3340/363/170 3342/365/172 3339/362/169
f 3338/361/168 3339/362/169 3342/365/172
f 3340/363/170 3343/366/173 3342/365/172
f 3344/367/174 3340/363/170 3341/364/171
f 3343/366/173 3340/363/170 3344/367/174
f 3341/364/171 3345/368/175 3344/367/174
f 3341/364/171 3337/360/167 3345/368/175
f 3346/369/1318 3343/366/173 3344/367/174
f 3345/368/175 3347/370/177 3344/367/174
f 3344/367/174 3347/370/177 3346/369/1318
f 3343/366/173 3349/371/178 3348/372/1319
f 3343/366/173 3348/372/1319 3342/365/172
f 3349/371/178 3343/366/173 3346/369/1318
f 3350/373/180 3338/361/168 3342/365/172
f 3350/373/180 3342/365/172 3348/372/1319
f 3351/374/181 3350/373/180 3348/372/1319
f 3353/375/182 3352/376/183 3348/372/1319
f 3349/371/178 3353/375/182 3348/372/1319
f 3352/376/183 3354/377/1320 3348/372/1319
f 3349/371/178 3355/378/185 3353/375/182
f 3356/379/186 3349/371/178 3346/369/1318
f 3355/378/185 3349/371/178 3356/379/186
f 3355/378/185 3357/380/187 3353/375/182
f 3355/378/185 3358/381/188 3357/380/187
f 3359/382/189 3355/378/185 3356/379/186
f 3358/381/188 3355/378/185 3359/382/189
f 3360/383/190 3356/379/186 3346/369/1318
f 3347/370/177 3361/384/191 3346/369/1318
f 3362/385/1321 3360/383/190 3346/369/1318
f 3364/386/193 3363/387/194 3361/384/191
f 3364/386/193 3361/384/191 3347/370/177
f 3363/387/194 3365/388/195 3361/384/191
f 3366/389/196 3364/386/193 3347/370/177
f 3366/389/196 3347/370/177 3345/368/175
f 3367/390/197 3366/389/196 3345/368/175
f 3367/390/197 3345/368/175 3368/391/198
f 3337/360/167 3368/391/198 3345/368/175
f 3369/392/199 3367/390/197 3368/391/198
f 3371/393/30 3368/391/198 3370/394/200
f 3369/392/199 3368/391/198 3371/393/30
f 3368/391/198 3337/360/167 3370/394/200
f 3329/353/161 3370/394/200 3337/360/167
f 3370/394/200 3329/353/161 3330/352/160
f 3330/352/160 3373/395/199 3372/396/201
f 3325/349/157 3374/397/197 3330/352/160
f 3372/396/201 3370/394/200 3330/352/160
f 3374/397/197 3373/395/199 3330/352/160
f 3373/395/199 3375/398/30 3372/396/201
f 3375/398/30 3376/399/202 3372/396/201
f 3378/400/203 3377/401/204 3372/396/201
f 3376/399/202 3378/400/203 3372/396/201
f 3370/394/200 3372/396/201 3377/401/204
f 3376/399/202 3379/402/205 3378/400/203
f 3381/402/205 3380/403/206 3378/400/203
f 3377/401/204 3378/400/203 3380/403/206
f 3383/402/207 3382/404/1322 3380/403/206
f 3384/405/209 3377/401/204 3380/403/206
f 3386/406/210 3385/407/1323 3380/403/206
f 3382/404/1322 3386/406/210 3380/403/206
f 3385/407/1323 3384/405/209 3380/403/206
f 3382/404/1322 3387/408/212 3386/406/210
f 3389/409/1324 3386/406/210 3388/410/1325
f 3387/408/212 3390/411/215 3386/406/210
f 3386/406/210 3390/411/215 3388/410/1325
f 3387/408/212 3391/412/216 3390/411/215
f 3391/412/216 3392/413/217 3390/411/215
f 3391/412/216 3393/414/218 3392/413/217
f 3395/415/219 3394/416/220 3392/413/217
f 3393/414/218 3396/417/221 3392/413/217
f 3396/417/221 3395/415/219 3392/413/217
f 3393/414/218 3397/418/222 3396/417/221
f 3399/419/695 3398/420/224 3396/417/225
f 3400/418/226 3399/419/695 3396/417/225
f 3398/420/224 3401/421/227 3396/417/225
f 3385/407/1323 3402/422/228 3384/405/209
f 3404/423/229 3403/424/230 3385/407/1323
f 3403/424/230 3402/422/228 3385/407/1323
f 3384/405/209 3405/425/231 3377/401/204
f 3402/422/228 3405/425/231 3384/405/209
f 3405/425/231 3402/422/228 3406/426/232
f 3402/422/228 3403/424/230 3407/427/1326
f 3402/422/228 3407/427/1326 3406/426/232
f 3403/424/230 3409/428/234 3408/429/235
f 3409/428/234 3403/424/230 3404/423/229
f 3403/424/230 3408/429/235 3407/427/1326
f 3406/426/232 3407/427/1326 3410/430/136
f 3407/427/1326 3411/431/236 3410/430/136
f 3405/425/231 3406/426/232 3412/432/237
f 3412/432/237 3406/426/232 3410/430/136
f 3413/433/159 3405/425/231 3412/432/237
f 3405/425/231 3413/433/159 3377/401/204
f 3414/434/238 3412/432/237 3410/430/136
f 3413/433/159 3412/432/237 3415/435/808
f 3415/435/808 3412/432/237 3414/434/238
f 3410/430/136 3416/436/133 3414/434/238
f 3411/431/236 3417/437/1327 3410/430/136
f 3417/437/1327 3418/436/241 3410/430/136
f 3419/438/837 3415/435/808 3414/434/238
f 3421/436/133 3420/439/132 3414/434/238
f 3419/438/837 3414/434/238 3420/439/132
f 3422/440/243 3419/438/837 3420/439/132
f 3424/441/1328 3423/442/163 3415/435/808
f 3425/443/2 3413/433/159 3415/435/808
f 3427/444/833 3426/445/246 3415/435/808
f 3423/442/163 3425/443/2 3415/435/808
f 3426/445/246 3424/441/1328 3415/435/808
f 3425/443/2 3423/442/163 3428/446/1329
f 3413/433/159 3425/443/2 3428/446/1329
f 3377/401/204 3413/433/159 3428/446/1329
f 3428/446/1329 3370/394/200 3377/401/204
f 3430/447/247 3429/448/1330 3428/446/1329
f 3423/442/163 3430/447/247 3428/446/1329
f 3370/394/200 3428/446/1329 3429/448/1330
f 3371/393/30 3370/394/200 3429/448/1330
f 3429/448/1330 3431/449/202 3371/393/30
f 3433/450/249 3432/451/205 3429/448/1330
f 3432/451/205 3431/449/202 3429/448/1330
f 3433/450/249 3429/448/1330 3430/447/247
f 3423/442/163 3434/452/166 3430/447/247
f 3435/453/250 3433/450/249 3430/447/247
f 3434/452/166 3435/453/250 3430/447/247
f 3437/454/251 3436/455/252 3433/450/249
f 3437/454/251 3433/450/249 3438/456/253
f 3436/455/252 3439/451/207 3433/450/249
f 3433/450/249 3435/453/250 3438/456/253
f 3434/452/166 3440/457/170 3435/453/250
f 3440/457/170 3438/456/253 3435/453/250
f 3440/457/170 3441/458/173 3438/456/253
f 3443/459/1331 3442/460/255 3438/456/253
f 3441/458/173 3444/461/256 3438/456/253
f 3444/461/256 3443/459/1331 3438/456/253
f 3446/462/257 3440/457/170 3445/463/258
f 3440/457/170 3434/452/166 3445/463/258
f 3441/458/173 3440/457/170 3446/462/257
f 3445/463/258 3434/452/166 3424/441/1328
f 3445/463/258 3447/464/259 3446/462/257
f 3447/464/259 3445/463/258 3424/441/1328
f 3448/465/260 3441/458/173 3446/462/257
f 3450/466/261 3449/467/262 3446/462/257
f 3447/464/259 3451/468/263 3446/462/257
f 3449/467/262 3448/465/260 3446/462/257
f 3453/469/264 3452/470/178 3448/465/260
f 3455/471/1332 3454/472/266 3448/465/260
f 3452/470/178 3441/458/173 3448/465/260
f 3454/472/266 3453/469/264 3448/465/260
f 3457/473/736 3456/474/268 3453/469/264
f 3456/474/268 3452/470/178 3453/469/264
f 3452/470/178 3456/474/268 3458/475/269
f 3456/474/268 3460/476/270 3459/477/271
f 3456/474/268 3459/477/271 3458/475/269
f 3460/476/270 3456/474/268 3457/473/736
f 3461/478/1333 3460/476/270 3457/473/736
f 3457/473/736 3462/479/1334 3461/478/1333
f 3460/476/270 3463/480/1335 3459/477/271
f 3464/481/1336 3459/477/271 3463/480/1335
f 3465/482/1337 3464/481/1336 3463/480/1335
f 3462/479/1334 3466/483/1338 3461/478/1333
f 3458/475/269 3467/484/278 3444/461/256
f 3452/470/178 3458/475/269 3444/461/256
f 3441/458/173 3452/470/178 3444/461/256
f 3467/484/278 3468/485/279 3444/461/256
f 3470/486/241 3469/487/280 3447/464/259
f 3426/445/246 3447/464/259 3424/441/1328
f 3471/486/133 3447/464/259 3426/445/246
f 3469/487/280 3451/468/263 3447/464/259
f 3469/487/280 3472/488/281 3451/468/263
f 3472/488/281 3473/489/282 3451/468/263
f 3472/488/281 3474/490/283 3473/489/282
f 3474/490/283 3475/491/284 3473/489/282
f 3474/490/283 3476/492/285 3475/491/284
f 3475/491/284 3478/493/1339 3477/494/1340
f 3476/492/285 3478/493/1339 3475/491/284
f 3479/495/288 3475/491/284 3477/494/1340
f 3476/492/285 3480/496/289 3478/493/1339
f 3480/496/289 3481/497/289 3478/493/1339
f 3483/498/132 3482/486/133 3426/445/246
f 3483/498/132 3426/445/246 3427/444/833
f 3484/499/290 3483/498/132 3427/444/833
f 3434/452/166 3423/442/163 3424/441/1328
f 3485/500/291 3436/455/252 3437/454/251
f 3486/501/292 3485/500/291 3437/454/251
f 3487/502/293 3485/500/291 3486/501/292
f 3488/503/294 3487/502/293 3486/501/292
f 3487/502/293 3488/503/294 3489/504/295
f 3491/505/296 3488/503/294 3490/506/1341
f 3488/503/294 3491/505/296 3489/504/295
f 3488/503/294 3492/507/298 3490/506/1341
f 3489/504/295 3491/505/296 3493/508/299
f 3491/505/296 3494/509/299 3493/508/299
f 3431/449/202 3495/510/30 3371/393/30
f 3495/510/30 3369/392/199 3371/393/30
f 3496/511/300 3417/437/1327 3411/431/236
f 3497/512/301 3496/511/300 3411/431/236
f 3497/512/301 3411/431/236 3498/513/1342
f 3411/431/236 3499/514/1343 3498/513/1342
f 3500/515/304 3496/511/300 3497/512/301
f 3501/516/305 3500/515/304 3497/512/301
f 3502/517/306 3500/515/304 3501/516/305
f 3503/518/307 3502/517/306 3501/516/305
f 3505/519/308 3504/520/1344 3501/516/305
f 3504/520/1344 3503/518/307 3501/516/305
f 3506/521/1345 3502/517/306 3503/518/307
f 3508/522/727 3507/521/312 3503/518/313
f 3510/523/314 3509/524/315 3503/518/313
f 3509/524/315 3508/522/727 3503/518/313
f 3512/525/316 3408/429/235 3511/526/467
f 3409/428/234 3513/527/318 3408/429/235
f 3408/429/235 3513/527/318 3511/526/467
f 3409/428/234 3514/528/319 3513/527/318
f 3514/528/319 3515/529/1346 3513/527/318
f 3516/530/321 3409/428/234 3404/423/229
f 3514/528/319 3409/428/234 3516/530/321
f 3517/531/1347 3514/528/319 3516/530/321
f 3514/528/319 3518/532/322 3515/529/1346
f 3518/532/322 3514/528/319 3517/531/1347
f 3518/532/322 3519/533/322 3515/529/1346
f 3520/534/322 3518/532/322 3517/531/1347
f 3516/530/321 3404/423/229 3521/535/323
f 3404/423/229 3522/536/701 3521/535/323
f 3523/537/325 3374/397/197 3325/349/157
f 3326/348/156 3523/537/325 3325/349/157
f 3524/538/326 3523/537/325 3326/348/156
f 3525/539/327 3524/538/326 3326/348/156
f 3525/539/327 3326/348/156 3323/347/155
f 3526/540/328 3524/538/326 3525/539/327
f 3527/541/329 3526/540/328 3525/539/327
f 3528/542/330 3526/540/328 3527/541/329
f 3529/543/331 3528/542/330 3527/541/329
f 3531/544/332 3530/545/333 3527/541/329
f 3530/545/333 3529/543/331 3527/541/329
f 3532/546/334 3528/542/330 3529/543/331
f 3534/547/1348 3533/548/336 3529/543/331
f 3535/549/1349 3532/546/334 3529/543/331
f 3533/548/336 3535/549/1349 3529/543/331
f 3537/550/338 3536/551/339 3323/347/155
f 3324/346/154 3537/550/338 3323/347/155
f 3536/551/339 3538/552/340 3323/347/155
f 3324/346/154 3539/553/341 3537/550/338
f 3539/553/341 3540/554/342 3537/550/338
f 3541/555/343 3324/346/154 3316/339/147
f 3539/553/341 3324/346/154 3541/555/343
f 3542/556/344 3539/553/341 3541/555/343
f 3539/553/341 3543/557/345 3540/554/342
f 3543/557/345 3539/553/341 3542/556/344
f 3543/557/345 3544/558/345 3540/554/342
f 3545/559/345 3543/557/345 3542/556/344
f 3546/560/346 3541/555/343 3316/339/147
f 3548/561/347 3547/560/347 3316/339/347
f 3363/387/194 3549/562/348 3365/388/195
f 3365/388/195 3551/563/1350 3550/564/1351
f 3549/562/348 3551/563/1350 3365/388/195
f 3549/562/348 3552/565/351 3551/563/1350
f 3551/563/1350 3554/566/1352 3553/567/353
f 3552/565/351 3554/566/1352 3551/563/1350
f 3551/563/1350 3555/568/1353 3550/564/1351
f 3554/566/1352 3556/569/1354 3553/567/353
f 3557/570/1355 3358/381/188 3359/382/189
f 3358/381/188 3558/571/1355 3357/380/187
f 3560/572/358 3351/374/181 3559/573/359
f 3350/373/180 3351/374/181 3560/572/358
f 3351/374/181 3561/574/360 3559/573/359
f 3559/573/359 3561/574/360 3562/575/361
f 3564/576/1356 3561/574/360 3563/577/1357
f 3561/574/360 3564/576/1356 3562/575/361
f 3562/575/361 3564/576/1356 3565/578/364
f 3567/579/1358 3564/576/1356 3566/580/366
f 3564/576/1356 3567/579/1358 3565/578/364
f 3568/581/1359 3564/576/1356 3563/577/1357
f 3569/582/1360 3567/579/1358 3566/580/366
f 3570/583/369 3350/373/180 3560/572/358
f 3338/361/168 3350/373/180 3570/583/369
f 3571/584/138 3338/361/168 3570/583/369
f 3334/358/1317 3338/361/168 3571/584/138
f 3572/585/137 3334/358/1317 3571/584/138
f 3573/586/51 3302/325/134 3334/358/1317
f 3573/586/51 3334/358/1317 3572/585/137
f 3574/587/51 3573/586/51 3572/585/137
f 3574/587/51 3575/588/132 3573/586/51
f 3573/586/51 3576/589/370 3302/325/134
f 3575/588/132 3576/589/370 3573/586/51
f 3578/590/2 3302/325/134 3577/591/371
f 3302/325/134 3578/590/2 3301/326/1314
f 3576/589/370 3577/591/371 3302/325/134
f 3575/588/132 3579/592/133 3576/589/370
f 3576/589/370 3580/593/372 3577/591/371
f 3579/592/133 3580/593/372 3576/589/370
f 3582/592/241 3581/594/241 3580/593/241
f 3584/595/258 3580/593/372 3583/596/257
f 3581/594/241 3585/597/241 3580/593/241
f 3580/593/372 3584/595/258 3577/591/371
f 3580/593/372 3586/597/373 3583/596/257
f 3581/594/739 3588/598/739 3587/597/739
f 3588/598/375 3590/599/283 3589/600/282
f 3588/598/375 3589/600/282 3591/597/739
f 3592/597/1361 3589/600/376 3583/596/257
f 3590/599/283 3593/601/284 3589/600/282
f 3589/600/376 3594/602/260 3583/596/257
f 3590/599/283 3595/603/285 3593/601/284
f 3593/601/284 3597/604/1339 3596/605/1362
f 3595/603/285 3597/604/1339 3593/601/284
f 3598/606/378 3593/601/284 3596/605/1362
f 3595/603/285 3599/607/289 3597/604/1339
f 3599/607/289 3600/608/289 3597/604/1339
f 3594/602/260 3601/609/173 3583/596/257
f 3603/610/379 3602/611/178 3594/602/260
f 3605/612/265 3604/613/266 3594/602/260
f 3602/611/178 3601/609/173 3594/602/260
f 3604/613/266 3603/610/379 3594/602/260
f 3583/596/257 3606/614/170 3584/595/258
f 3601/609/173 3606/614/170 3583/596/257
f 3584/595/258 3607/615/166 3577/591/371
f 3606/614/170 3607/615/166 3584/595/258
f 3607/615/166 3606/614/170 3608/616/381
f 3606/614/170 3601/609/173 3609/617/382
f 3606/614/170 3609/617/382 3608/616/381
f 3611/618/163 3607/615/166 3610/619/383
f 3607/615/166 3611/618/163 3577/591/371
f 3607/615/166 3608/616/381 3610/619/383
f 3577/591/371 3611/618/163 3578/590/2
f 3613/620/2 3611/618/163 3612/621/384
f 3611/618/163 3613/620/2 3578/590/2
f 3611/618/163 3610/619/383 3612/621/384
f 3610/619/383 3614/622/385 3612/621/384
f 3614/622/385 3610/619/383 3608/616/381
f 3615/623/386 3614/622/385 3608/616/381
f 3615/623/386 3608/616/381 3609/617/382
f 3617/624/387 3616/625/388 3614/622/385
f 3619/626/2 3618/627/389 3614/622/385
f 3616/625/388 3619/626/2 3614/622/385
f 3617/624/387 3614/622/385 3615/623/386
f 3618/627/389 3612/621/384 3614/622/385
f 3620/628/390 3617/624/387 3615/623/386
f 3621/629/391 3615/623/386 3609/617/382
f 3620/628/390 3615/623/386 3621/629/391
f 3617/624/387 3622/630/392 3616/625/388
f 3617/624/387 3620/628/390 3622/630/392
f 3623/631/1363 3620/628/390 3621/629/391
f 3620/628/390 3623/631/1363 3624/632/1364
f 3625/633/395 3620/628/390 3624/632/1364
f 3620/628/390 3625/633/395 3622/630/392
f 3627/634/1365 3621/629/391 3626/635/397
f 3623/631/1363 3621/629/391 3627/634/1365
f 3621/629/391 3609/617/382 3626/635/397
f 3601/609/173 3626/635/397 3609/617/382
f 3601/609/173 3602/611/178 3626/635/397
f 3602/611/178 3628/636/398 3626/635/397
f 3602/611/178 3629/637/268 3628/636/398
f 3629/637/268 3602/611/178 3603/610/379
f 3629/637/268 3630/638/1366 3628/636/398
f 3631/639/400 3628/636/398 3630/638/1366
f 3632/640/736 3629/637/268 3603/610/379
f 3629/637/268 3633/641/270 3630/638/1366
f 3633/641/270 3629/637/268 3632/640/736
f 3634/642/1367 3631/639/400 3630/638/1366
f 3633/641/270 3635/643/270 3630/638/1366
f 3636/644/1333 3633/641/270 3632/640/736
f 3632/640/736 3637/645/1368 3636/644/1333
f 3637/645/1368 3638/646/1338 3636/644/1333
f 3639/647/1369 3623/631/1363 3627/634/1365
f 3640/648/404 3624/632/1364 3623/631/1363
f 3639/647/1369 3640/648/404 3623/631/1363
f 3642/649/405 3627/634/1365 3641/650/1370
f 3639/647/1369 3627/634/1365 3642/649/405
f 3627/634/1365 3643/651/1371 3641/650/1370
f 3644/652/408 3639/647/1369 3642/649/405
f 3642/649/405 3646/653/409 3645/654/956
f 3644/652/408 3642/649/405 3645/654/956
f 3646/653/409 3647/655/1372 3645/654/956
f 3647/655/1372 3648/656/412 3645/654/956
f 3647/655/1372 3646/653/409 3649/657/1373
f 3646/653/409 3650/658/1374 3649/657/1373
f 3652/659/415 3640/648/404 3651/660/416
f 3640/648/404 3653/661/1375 3651/660/416
f 3624/632/1364 3640/648/404 3652/659/415
f 3640/648/404 3654/662/418 3653/661/1375
f 3655/663/419 3651/660/416 3653/661/1375
f 3656/664/1376 3655/663/419 3653/661/1375
f 3654/662/418 3657/665/418 3653/661/1375
f 3653/661/1375 3658/666/421 3656/664/1376
f 3659/667/422 3655/663/419 3656/664/1376
f 3660/668/423 3659/667/422 3656/664/1376
f 3662/669/1377 3661/670/425 3656/664/1376
f 3658/666/421 3663/671/421 3656/664/1376
f 3661/670/425 3660/668/423 3656/664/1376
f 3664/672/427 3624/632/1364 3652/659/415
f 3625/633/395 3624/632/1364 3664/672/427
f 3665/673/428 3625/633/395 3664/672/427
f 3622/630/392 3625/633/395 3665/673/428
f 3666/674/429 3622/630/392 3665/673/428
f 3667/675/430 3622/630/392 3666/674/429
f 3622/630/392 3667/675/430 3616/625/388
f 3668/676/431 3667/675/430 3666/674/429
f 3670/677/432 3669/678/433 3616/625/388
f 3670/677/432 3616/625/388 3671/679/434
f 3669/678/433 3619/626/2 3616/625/388
f 3616/625/388 3672/680/1378 3671/679/434
f 3674/681/436 3673/682/437 3670/677/432
f 3674/681/436 3670/677/432 3675/683/438
f 3673/682/437 3669/678/433 3670/677/432
f 3670/677/432 3671/679/434 3675/683/438
f 3677/684/429 3676/685/428 3671/679/434
f 3676/685/428 3675/683/438 3671/679/434
f 3677/684/429 3671/679/434 3672/680/1378
f 3678/686/431 3677/684/429 3672/680/1378
f 3676/685/428 3679/687/427 3675/683/438
f 3679/687/427 3680/688/1379 3675/683/438
f 3674/681/436 3675/683/438 3680/688/1379
f 3679/687/427 3681/689/440 3680/688/1379
f 3683/690/1380 3682/691/442 3680/688/1379
f 3682/691/442 3674/681/436 3680/688/1379
f 3681/689/440 3684/692/443 3680/688/1379
f 3684/692/443 3683/690/1380 3680/688/1379
f 3682/691/442 3685/693/444 3674/681/436
f 3683/690/1380 3686/694/445 3682/691/442
f 3686/694/445 3685/693/444 3682/691/442
f 3688/695/1381 3687/696/447 3683/690/1380
f 3687/696/447 3686/694/445 3683/690/1380
f 3685/693/444 3686/694/445 3689/697/1382
f 3690/698/449 3685/693/444 3689/697/1382
f 3685/693/444 3673/682/437 3674/681/436
f 3673/682/437 3685/693/444 3690/698/449
f 3689/697/1382 3691/699/1383 3690/698/449
f 3690/698/449 3693/700/170 3692/701/452
f 3692/701/452 3673/682/437 3690/698/449
f 3691/699/1383 3693/700/170 3690/698/449
f 3673/682/437 3692/701/452 3669/678/433
f 3692/701/452 3695/702/166 3694/703/453
f 3693/700/170 3695/702/166 3692/701/452
f 3692/701/452 3694/703/453 3669/678/433
f 3619/626/2 3669/678/433 3618/627/389
f 3669/678/433 3694/703/453 3618/627/389
f 3694/703/453 3697/704/163 3696/705/454
f 3696/705/454 3618/627/389 3694/703/453
f 3695/702/166 3697/704/163 3694/703/453
f 3612/621/384 3618/627/389 3698/706/455
f 3700/707/456 3618/627/389 3699/708/457
f 3618/627/389 3700/707/456 3698/706/455
f 3618/627/389 3696/705/454 3699/708/457
f 3698/706/455 3701/709/159 3612/621/384
f 3701/709/159 3613/620/2 3612/621/384
f 3613/620/2 3701/709/159 3578/590/2
f 3701/709/159 3702/710/458 3301/326/1314
f 3701/709/159 3301/326/1314 3578/590/2
f 3702/710/458 3701/709/159 3698/706/455
f 3702/710/458 3703/711/459 3301/326/1314
f 3301/326/1314 3703/711/459 3303/327/136
f 3702/710/458 3704/712/460 3703/711/459
f 3705/713/461 3702/710/458 3698/706/455
f 3704/712/460 3702/710/458 3705/713/461
f 3703/711/459 3706/714/462 3303/327/136
f 3704/712/460 3706/714/462 3703/711/459
f 3708/715/236 3707/716/1327 3303/327/136
f 3707/716/1327 3709/324/241 3303/327/136
f 3706/714/462 3708/715/236 3303/327/136
f 3704/712/460 3710/717/463 3706/714/462
f 3710/717/463 3711/718/464 3706/714/462
f 3708/715/236 3706/714/462 3711/718/464
f 3712/719/1384 3704/712/460 3705/713/461
f 3710/717/463 3704/712/460 3712/719/1384
f 3710/717/463 3713/720/234 3711/718/464
f 3714/721/466 3710/717/463 3712/719/1384
f 3713/720/234 3710/717/463 3714/721/466
f 3716/722/316 3711/718/464 3715/723/467
f 3717/724/301 3708/715/236 3711/718/464
f 3713/720/234 3718/725/318 3711/718/464
f 3711/718/464 3718/725/318 3715/723/467
f 3713/720/234 3719/726/319 3718/725/318
f 3720/727/469 3713/720/234 3714/721/466
f 3719/726/319 3713/720/234 3720/727/469
f 3712/719/1384 3721/728/1385 3714/721/466
f 3721/728/1385 3722/729/1386 3714/721/466
f 3724/730/1387 3723/731/473 3721/728/1385
f 3721/728/1385 3712/719/1384 3725/732/474
f 3724/730/1387 3721/728/1385 3725/732/474
f 3723/731/473 3722/729/1386 3721/728/1385
f 3723/731/473 3726/733/475 3722/729/1386
f 3728/734/476 3727/735/477 3722/729/1386
f 3726/733/475 3728/734/476 3722/729/1386
f 3727/735/477 3729/736/1388 3722/729/1386
f 3726/733/475 3730/737/218 3728/734/476
f 3730/737/218 3731/738/1389 3728/734/476
f 3730/737/218 3732/739/412 3731/738/1389
f 3734/740/480 3733/741/481 3731/738/1389
f 3732/739/412 3734/740/480 3731/738/1389
f 3733/741/481 3735/742/482 3731/738/1389
f 3736/743/483 3724/730/1387 3725/732/474
f 3738/744/484 3736/743/483 3737/745/485
f 3736/743/483 3725/732/474 3737/745/485
f 3737/745/485 3698/706/455 3700/707/456
f 3725/732/474 3705/713/461 3737/745/485
f 3738/744/484 3737/745/485 3700/707/456
f 3705/713/461 3698/706/455 3737/745/485
f 3739/746/2 3738/744/484 3700/707/456
f 3699/708/457 3740/747/486 3700/707/456
f 3740/747/486 3739/746/2 3700/707/456
f 3741/748/487 3740/747/486 3699/708/457
f 3742/749/488 3741/748/487 3699/708/457
f 3742/749/488 3699/708/457 3743/750/489
f 3744/751/490 3699/708/457 3696/705/454
f 3699/708/457 3744/751/490 3743/750/489
f 3745/752/1390 3741/748/487 3742/749/488
f 3746/753/492 3745/752/1390 3742/749/488
f 3746/753/492 3742/749/488 3747/754/493
f 3742/749/488 3743/750/489 3747/754/493
f 3749/755/151 3748/756/494 3743/750/489
f 3748/756/494 3747/754/493 3743/750/489
f 3749/755/151 3743/750/489 3744/751/490
f 3750/757/159 3749/755/151 3744/751/490
f 3750/757/159 3744/751/490 3696/705/454
f 3751/758/2 3750/757/159 3696/705/454
f 3697/704/163 3751/758/2 3696/705/454
f 3748/756/494 3752/759/1391 3747/754/493
f 3752/759/1391 3753/760/1392 3747/754/493
f 3746/753/492 3747/754/493 3753/760/1392
f 3752/759/1391 3754/761/1393 3753/760/1392
f 3755/762/1394 3746/753/492 3753/760/1392
f 3754/761/1393 3756/763/1395 3753/760/1392
f 3758/764/1396 3753/760/1396 3757/763/1396
f 3754/761/1397 3760/765/1397 3759/763/1397
f 3760/765/1398 3762/769/1399 3761/770/1400
f 3763/767/1401 3760/765/1398 3761/770/1400
f 3760/765/1398 3763/767/1401 3764/763/1402
f 3763/767/1401 3761/770/1400 3765/771/1403
f 3761/770/1400 3766/773/1404 3765/771/1403
f 3768/763/504 3763/767/1405 3767/768/1406
f 3763/767/1405 3769/772/1407 3767/768/1406
f 3771/766/502 3758/764/502 3770/763/502
f 3755/762/1394 3772/774/510 3746/753/492
f 3774/775/1408 3773/776/1409 3755/762/1394
f 3773/776/1409 3772/774/510 3755/762/1394
f 3772/774/510 3745/752/1390 3746/753/492
f 3775/777/1410 3773/776/1409 3774/775/1408
f 3776/778/514 3775/777/1410 3774/775/1408
f 3777/779/517 3775/777/1410 3776/778/514
f 3778/780/518 3777/779/517 3776/778/514
f 3712/719/1384 3705/713/461 3725/732/474
f 3719/726/319 3780/781/322 3779/782/320
f 3781/783/519 3719/726/319 3720/727/469
f 3719/726/319 3779/782/320 3718/725/318
f 3780/781/322 3719/726/319 3781/783/519
f 3780/781/322 3782/784/322 3779/782/320
f 3783/785/322 3780/781/322 3781/783/519
f 3781/783/519 3720/727/469 3784/786/520
f 3720/727/469 3785/787/521 3784/786/520
f 3717/724/301 3786/788/300 3708/715/236
f 3788/789/305 3787/790/304 3717/724/301
f 3787/790/304 3786/788/300 3717/724/301
f 3786/788/300 3707/716/1327 3708/715/236
f 3789/791/306 3787/790/304 3788/789/305
f 3790/792/307 3789/791/306 3788/789/305
f 3792/793/522 3791/794/309 3788/789/305
f 3791/794/309 3790/792/307 3788/789/305
f 3793/795/310 3789/791/306 3790/792/307
f 3795/796/311 3794/795/312 3790/792/313
f 3797/797/314 3796/798/315 3790/792/313
f 3796/798/315 3795/796/311 3790/792/313
f 3799/799/523 3687/696/447 3798/800/524
f 3801/801/1411 3687/696/447 3800/802/526
f 3687/696/447 3688/695/1381 3798/800/524
f 3687/696/447 3799/799/523 3800/802/526
f 3803/803/1412 3802/804/528 3798/800/524
f 3799/799/523 3798/800/524 3804/805/529
f 3688/695/1381 3803/803/1412 3798/800/524
f 3805/806/530 3799/799/523 3804/805/529
f 3315/338/146 3806/807/531 3317/340/148
f 3806/807/531 3807/808/532 3317/340/148
f 3806/807/531 3808/809/533 3807/808/532
f 3810/810/534 3809/811/535 3807/808/532
f 3808/809/533 3811/812/536 3807/808/532
f 3811/812/536 3810/810/534 3807/808/532
f 3808/809/533 3812/813/537 3811/812/536
f 3814/814/1413 3813/815/539 3811/812/536
f 3812/813/537 3814/814/1413 3811/812/536
f 3813/815/539 3815/816/540 3811/812/536
f 3818/817/541 3817/818/542 3816/819/543
f 3820/820/544 3818/817/544 3819/821/1414
f 3817/818/542 3818/817/541 3821/822/546
f 3818/817/544 3822/819/547 3819/821/1414
f 3823/823/548 3817/818/542 3821/822/546
f 3817/818/422 3825/824/422 3824/819/422
f 3821/822/546 3827/825/1415 3826/826/550
f 3823/823/548 3821/822/546 3826/826/550
f 3828/827/551 3823/823/548 3826/826/550
f 3827/825/1415 3829/828/552 3826/826/550
f 3832/829/1416 3831/830/178 3830/831/554
f 3834/832/1417 3833/833/1418 3832/829/1416
f 3830/831/554 3835/834/557 3832/829/1416
f 3833/833/1418 3831/830/178 3832/829/1416
f 3835/834/557 3836/835/558 3832/829/1416
f 3831/830/178 3837/836/559 3830/831/554
f 3838/837/1419 3833/833/1418 3834/832/1417
f 3839/838/1420 3838/837/1419 3834/832/1417
f 3834/832/1417 3840/839/1421 3839/838/1420
f 3840/839/1421 3841/840/563 3839/838/1420
f 3844/328/30 3843/322/202 3842/325/564
f 3845/329/199 3844/328/30 3842/325/564
f 3843/322/202 3847/324/205 3846/841/565
f 3843/322/202 3846/841/565 3842/325/564
f 3846/841/565 3848/709/159 3842/325/564
f 3850/842/1422 3849/710/458 3846/841/565
f 3847/324/205 3850/842/1422 3846/841/565
f 3849/710/458 3848/709/159 3846/841/565
f 3852/843/567 3851/627/2 3848/709/159
f 3848/709/159 3853/620/2 3842/325/564
f 3851/627/2 3853/620/2 3848/709/159
f 3852/843/567 3848/709/159 3849/710/458
f 3854/844/568 3852/843/567 3849/710/458
f 3855/712/460 3849/710/458 3850/842/1422
f 3854/844/568 3849/710/458 3855/712/460
f 3857/324/207 3856/716/208 3850/842/1422
f 3858/845/569 3855/712/460 3850/842/1422
f 3856/716/208 3858/845/569 3850/842/1422
f 3859/846/570 3854/844/568 3855/712/460
f 3855/712/460 3860/717/463 3859/846/570
f 3860/717/463 3855/712/460 3858/845/569
f 3856/716/208 3861/788/212 3858/845/569
f 3862/847/571 3860/717/463 3858/845/569
f 3861/788/212 3862/847/571 3858/845/569
f 3860/717/463 3864/720/234 3863/848/572
f 3864/720/234 3860/717/463 3862/847/571
f 3860/717/463 3863/848/572 3859/846/570
f 3859/846/570 3865/730/573 3854/844/568
f 3863/848/572 3866/731/574 3859/846/570
f 3866/731/574 3865/730/573 3859/846/570
f 3868/849/1423 3867/733/576 3863/848/572
f 3867/733/576 3866/731/574 3863/848/572
f 3864/720/234 3869/850/577 3863/848/572
f 3870/851/578 3864/720/234 3862/847/571
f 3864/720/234 3871/726/319 3869/850/577
f 3871/726/319 3864/720/234 3870/851/578
f 3871/726/319 3872/852/419 3869/850/577
f 3873/853/1424 3871/726/319 3870/851/578
f 3871/726/319 3874/781/322 3872/852/419
f 3874/781/322 3871/726/319 3873/853/1424
f 3874/781/322 3875/854/322 3872/852/419
f 3876/855/322 3874/781/322 3873/853/1424
f 3861/788/212 3877/790/580 3862/847/571
f 3877/790/580 3878/856/581 3862/847/571
f 3877/790/580 3879/791/582 3878/856/581
f 3879/791/582 3880/857/1425 3878/856/581
f 3879/791/582 3881/795/584 3880/857/1425
f 3881/795/584 3882/858/585 3880/857/1425
f 3883/737/586 3867/733/576 3868/849/1423
f 3884/859/587 3883/737/586 3868/849/1423
f 3885/739/588 3883/737/586 3884/859/587
f 3886/860/589 3885/739/588 3884/859/587
f 3865/730/573 3887/743/487 3854/844/568
f 3854/844/568 3887/743/487 3852/843/567
f 3887/743/487 3888/744/486 3852/843/567
f 3852/843/567 3888/744/486 3851/627/2
f 3888/744/486 3889/746/2 3851/627/2
f 3851/627/2 3889/746/2 3890/747/484
f 3891/861/590 3851/627/2 3890/747/484
f 3891/861/590 3890/747/484 3892/748/483
f 3894/862/1426 3893/755/151 3891/861/590
f 3891/861/590 3895/757/159 3851/627/2
f 3894/862/1426 3891/861/590 3892/748/483
f 3893/755/151 3895/757/159 3891/861/590
f 3894/862/1426 3892/748/483 3896/752/592
f 3898/863/593 3897/756/594 3894/862/1426
f 3898/863/593 3894/862/1426 3896/752/592
f 3897/756/594 3893/755/151 3894/862/1426
f 3898/863/593 3896/752/592 3899/774/595
f 3901/864/596 3900/759/597 3898/863/593
f 3901/864/596 3898/863/593 3899/774/595
f 3900/759/597 3897/756/594 3898/863/593
f 3901/864/596 3899/774/595 3902/776/598
f 3904/865/599 3903/761/600 3901/864/596
f 3905/866/601 3901/864/596 3902/776/598
f 3903/761/600 3900/759/597 3901/864/596
f 3902/776/598 3906/777/602 3905/866/601
f 3906/777/602 3907/867/603 3905/866/601
f 3906/777/602 3908/779/604 3907/867/603
f 3908/779/604 3909/868/605 3907/867/603
f 3910/765/606 3903/761/600 3904/865/599
f 3911/869/1427 3910/765/606 3904/865/599
f 3912/769/608 3910/765/606 3911/869/1427
f 3913/870/1428 3912/769/608 3911/869/1427
f 3895/757/159 3914/758/2 3851/627/2
f 3851/627/2 3914/758/2 3915/704/163
f 3916/871/610 3851/627/2 3915/704/163
f 3916/871/610 3915/704/163 3917/702/166
f 3918/872/611 3916/871/610 3917/702/166
f 3851/627/2 3916/871/610 3919/873/612
f 3919/873/612 3916/871/610 3918/872/611
f 3918/872/611 3917/702/166 3920/700/170
f 3921/874/613 3918/872/611 3920/700/170
f 3922/875/1429 3919/873/612 3918/872/611
f 3922/875/1429 3918/872/611 3921/874/613
f 3921/874/613 3920/700/170 3923/699/1383
f 3924/876/615 3921/874/613 3923/699/1383
f 3925/877/616 3922/875/1429 3921/874/613
f 3925/877/616 3921/874/613 3924/876/615
f 3925/877/616 3926/687/427 3922/875/1429
f 3922/875/1429 3927/685/428 3919/873/612
f 3926/687/427 3927/685/428 3922/875/1429
f 3929/878/617 3928/689/440 3925/877/616
f 3929/878/617 3925/877/616 3924/876/615
f 3928/689/440 3926/687/427 3925/877/616
f 3929/878/617 3924/876/615 3930/879/618
f 3931/880/619 3929/878/617 3930/879/618
f 3931/880/619 3930/879/618 3932/881/620
f 3930/879/618 3933/882/621 3932/881/620
f 3932/881/620 3933/882/621 3934/883/622
f 3933/882/621 3935/884/623 3934/883/622
f 3927/685/428 3936/684/429 3919/873/612
f 3938/885/1430 3937/625/625 3919/873/612
f 3938/885/1430 3919/873/612 3936/684/429
f 3937/625/625 3851/627/2 3919/873/612
f 3939/686/431 3938/885/1430 3936/684/429
f 3937/625/625 3941/886/626 3940/887/627
f 3851/627/2 3937/625/625 3940/887/627
f 3940/887/627 3942/618/163 3851/627/2
f 3942/618/163 3853/620/2 3851/627/2
f 3944/888/628 3943/615/166 3940/887/627
f 3940/887/627 3945/889/629 3944/888/628
f 3943/615/166 3942/618/163 3940/887/627
f 3941/886/626 3945/889/629 3940/887/627
f 3945/889/629 3941/886/626 3946/674/429
f 3941/886/626 3947/676/431 3946/674/429
f 3949/890/1431 3945/889/629 3948/673/428
f 3945/889/629 3949/890/1431 3944/888/628
f 3945/889/629 3946/674/429 3948/673/428
f 3951/891/631 3950/614/170 3944/888/628
f 3944/888/628 3949/890/1431 3951/891/631
f 3950/614/170 3943/615/166 3944/888/628
f 3953/892/632 3949/890/1431 3952/672/427
f 3949/890/1431 3953/892/632 3951/891/631
f 3949/890/1431 3948/673/428 3952/672/427
f 3955/893/1383 3954/609/173 3951/891/631
f 3951/891/631 3953/892/632 3956/893/633
f 3954/609/173 3950/614/170 3951/891/631
f 3958/894/1432 3953/892/632 3957/659/415
f 3953/892/632 3958/894/1432 3959/893/633
f 3953/892/632 3952/672/427 3957/659/415
f 3958/894/1432 3957/659/415 3960/660/416
f 3962/893/635 3958/894/635 3961/895/636
f 3963/896/637 3958/894/1432 3960/660/416
f 3958/894/635 3964/897/1433 3961/895/636
f 3963/896/637 3960/660/416 3965/663/639
f 3966/898/639 3963/896/637 3965/663/639
f 3968/898/422 3965/663/422 3967/667/422
f 3970/899/422 3969/898/422 3967/667/422
f 3964/897/1433 3971/900/640 3961/895/636
f 3973/900/640 3972/901/640 3961/895/640
f 3975/902/588 3972/901/588 3974/900/588
f 3977/903/588 3975/902/588 3976/900/588
f 3979/904/1434 3978/905/642 3954/609/173
f 3978/905/642 3950/614/170 3954/609/173
f 3979/904/1434 3954/609/173 3980/611/178
f 3980/611/178 3954/609/173 3981/893/559
f 3982/906/643 3979/904/1434 3980/611/178
f 3979/904/1434 3983/598/291 3978/905/642
f 3985/907/644 3984/599/293 3979/904/1434
f 3984/599/293 3983/598/291 3979/904/1434
f 3987/908/645 3980/611/178 3986/893/559
f 3982/906/643 3980/611/178 3988/637/268
f 3988/637/268 3980/611/178 3987/908/645
f 3989/909/646 3982/906/643 3988/637/268
f 3990/910/1435 3988/637/268 3987/908/645
f 3989/909/646 3988/637/268 3991/641/270
f 3991/641/270 3988/637/268 3990/910/1435
f 3992/911/270 3989/909/646 3991/641/270
f 3993/912/270 3991/641/270 3990/910/1435
f 3984/599/293 3985/907/644 3994/603/295
f 3985/907/644 3995/913/1436 3994/603/295
f 3994/603/295 3995/913/1436 3996/607/299
f 3995/913/1436 3997/914/299 3996/607/299
f 3983/598/291 3998/594/252 3978/905/642
f 3978/905/642 3999/915/649 3950/614/170
f 3978/905/642 3998/594/252 3999/915/649
f 3998/594/252 4000/592/207 3999/915/649
f 3999/915/649 4001/916/650 3943/615/166
f 3999/915/649 4002/592/205 4001/916/650
f 3999/915/649 3943/615/166 3950/614/170
f 4001/916/650 3942/618/163 3943/615/166
f 4001/916/650 3842/325/564 3942/618/163
f 4001/916/650 4003/588/202 3842/325/564
f 4004/592/205 4003/588/202 4001/916/650
f 3842/325/564 3853/620/2 3942/618/163
f 4006/355/2 4005/351/159 3842/325/564
f 4008/917/651 4007/356/163 3842/325/564
f 4009/918/652 3845/329/199 3842/325/564
f 4008/917/651 3842/325/564 4010/585/199
f 4005/351/159 4009/918/652 3842/325/564
f 4007/356/163 4006/355/2 3842/325/564
f 4003/588/202 4011/587/30 3842/325/564
f 3842/325/564 4011/587/30 4010/585/199
f 4006/355/2 4007/356/163 4012/353/162
f 4005/351/159 4006/355/2 4012/353/162
f 4013/350/141 4005/351/159 4012/353/162
f 4012/353/162 4014/394/134 4013/350/141
f 4016/360/164 4015/391/165 4012/353/162
f 4007/356/163 4016/360/164 4012/353/162
f 4014/394/134 4012/353/162 4015/391/165
f 4018/392/137 4015/391/165 4017/390/138
f 4019/393/51 4014/394/134 4015/391/165
f 4015/391/165 4016/360/164 4020/368/653
f 4019/393/51 4015/391/165 4018/392/137
f 4015/391/165 4020/368/653 4017/390/138
f 4007/356/163 4021/359/166 4016/360/164
f 4021/359/166 4022/364/654 4016/360/164
f 4016/360/164 4022/364/654 4020/368/653
f 4017/390/138 4020/368/653 4023/389/369
f 4025/370/180 4020/368/653 4024/367/172
f 4020/368/653 4025/370/180 4023/389/369
f 4020/368/653 4022/364/654 4024/367/172
f 4021/359/166 4026/363/170 4022/364/654
f 4026/363/170 4024/367/172 4022/364/654
f 4026/363/170 4027/366/173 4024/367/172
f 4027/366/173 4028/369/1437 4024/367/172
f 4025/370/180 4024/367/172 4028/369/1437
f 4023/389/369 4025/370/180 4029/386/358
f 4030/384/181 4025/370/180 4028/369/1437
f 4025/370/180 4030/384/181 4029/386/358
f 4027/366/173 4031/371/178 4028/369/1437
f 4033/379/182 4032/383/655 4028/369/1437
f 4031/371/178 4033/379/182 4028/369/1437
f 4032/383/655 4034/385/1320 4028/369/1437
f 4036/919/656 4031/371/178 4035/920/657
f 4031/371/178 4037/378/185 4033/379/182
f 4031/371/178 4027/366/173 4035/920/657
f 4037/378/185 4031/371/178 4036/919/656
f 4037/378/185 4038/382/187 4033/379/182
f 4039/921/658 4037/378/185 4036/919/656
f 4037/378/185 4040/381/188 4038/382/187
f 4040/381/188 4037/378/185 4039/921/658
f 4040/381/188 4041/570/1355 4038/382/187
f 4042/922/659 4040/381/188 4039/921/658
f 4035/920/657 4027/366/173 4043/923/1383
f 4027/366/173 4026/363/170 4044/923/1383
f 4046/923/660 4026/363/170 4045/924/661
f 4026/363/170 4021/359/166 4045/924/661
f 4045/924/661 4021/359/166 4008/917/651
f 4045/924/661 4008/917/651 4047/584/197
f 4049/923/1438 4045/924/661 4048/583/1438
f 4045/924/661 4047/584/197 4048/583/1438
f 4021/359/166 4007/356/163 4008/917/651
f 4008/917/651 4010/585/199 4047/584/197
f 4051/923/1439 4048/583/1439 4050/572/1439
f 4035/920/1440 4052/923/1439 4050/572/665
f 4035/920/1440 4050/572/665 4053/573/666
f 4054/925/667 4035/920/1440 4053/573/666
f 4054/925/667 4053/573/666 4055/575/668
f 4056/926/669 4054/925/667 4055/575/668
f 4056/926/669 4055/575/668 4057/578/670
f 4058/927/530 4056/926/669 4057/578/670
f 4029/386/358 4030/384/181 4059/387/359
f 4030/384/181 4060/388/671 4059/387/359
f 4059/387/359 4060/388/671 4061/562/361
f 4063/563/1441 4060/388/671 4062/928/673
f 4060/388/671 4063/563/1441 4061/562/361
f 4061/562/361 4063/563/1441 4064/565/674
f 4066/566/1442 4063/563/1441 4065/929/1443
f 4063/563/1441 4066/566/1442 4064/565/674
f 4067/568/1444 4063/563/1441 4062/928/673
f 4068/569/1445 4066/566/1442 4065/929/1443
f 4070/510/51 4069/449/132 4019/393/51
f 4070/510/51 4019/393/51 4018/392/137
f 4019/393/51 4071/448/370 4014/394/134
f 4069/449/132 4071/448/370 4019/393/51
f 4069/449/132 4072/451/133 4071/448/370
f 4071/448/370 4074/450/259 4073/447/371
f 4072/451/133 4074/450/259 4071/448/370
f 4071/448/370 4073/447/371 4014/394/134
f 4073/447/371 4076/442/163 4075/446/2
f 4078/453/258 4077/452/166 4073/447/371
f 4075/446/2 4014/394/134 4073/447/371
f 4077/452/166 4076/442/163 4073/447/371
f 4074/450/259 4078/453/258 4073/447/371
f 4080/443/2 4079/433/159 4075/446/2
f 4075/446/2 4081/401/135 4014/394/134
f 4076/442/163 4080/443/2 4075/446/2
f 4079/433/159 4081/401/135 4075/446/2
f 4080/443/2 4076/442/163 4082/435/1188
f 4076/442/163 4077/452/166 4083/441/1446
f 4076/442/163 4083/441/1446 4082/435/1188
f 4079/433/159 4080/443/2 4082/435/1188
f 4079/433/159 4084/425/231 4081/401/135
f 4085/432/682 4079/433/159 4082/435/1188
f 4084/425/231 4079/433/159 4085/432/682
f 4083/441/1446 4086/445/683 4082/435/1188
f 4085/432/682 4082/435/1188 4087/434/684
f 4086/445/683 4088/444/1198 4082/435/1188
f 4082/435/1188 4089/438/1200 4087/434/684
f 4090/426/687 4084/425/231 4085/432/682
f 4090/426/687 4085/432/682 4091/430/206
f 4085/432/682 4087/434/684 4091/430/206
f 4093/439/202 4092/436/205 4087/434/684
f 4094/436/205 4091/430/206 4087/434/684
f 4093/439/202 4087/434/684 4089/438/1200
f 4095/440/689 4093/439/202 4089/438/1200
f 4097/436/207 4096/437/1322 4091/430/206
f 4099/431/210 4098/427/211 4091/430/206
f 4096/437/1322 4099/431/210 4091/430/206
f 4098/427/211 4090/426/687 4091/430/206
f 4096/437/1322 4100/511/212 4099/431/210
f 4102/514/213 4099/431/210 4101/513/1325
f 4100/511/212 4103/512/215 4099/431/210
f 4099/431/210 4103/512/215 4101/513/1325
f 4100/511/212 4104/515/216 4103/512/215
f 4104/515/216 4105/516/217 4103/512/215
f 4104/515/216 4106/517/691 4105/516/217
f 4108/520/692 4107/519/693 4105/516/217
f 4106/517/691 4109/518/1447 4105/516/217
f 4109/518/1447 4108/520/692 4105/516/217
f 4106/517/691 4110/521/694 4109/518/1447
f 4112/522/695 4111/524/696 4109/518/697
f 4113/521/585 4112/522/695 4109/518/697
f 4111/524/696 4114/523/698 4109/518/697
f 4098/427/211 4115/422/228 4090/426/687
f 4117/429/229 4116/424/230 4098/427/211
f 4116/424/230 4115/422/228 4098/427/211
f 4115/422/228 4084/425/231 4090/426/687
f 4084/425/231 4115/422/228 4118/405/232
f 4115/422/228 4116/424/230 4119/407/233
f 4115/422/228 4119/407/233 4118/405/232
f 4116/424/230 4121/428/234 4120/423/235
f 4116/424/230 4120/423/235 4119/407/233
f 4121/428/234 4116/424/230 4117/429/229
f 4122/527/699 4121/428/234 4117/429/229
f 4122/527/699 4117/429/229 4123/526/700
f 4117/429/229 4124/525/701 4123/526/700
f 4121/428/234 4126/528/319 4125/530/318
f 4121/428/234 4125/530/318 4120/423/235
f 4126/528/319 4121/428/234 4122/527/699
f 4128/536/316 4120/423/235 4127/535/467
f 4120/423/235 4125/530/318 4127/535/467
f 4126/528/319 4129/531/1346 4125/530/318
f 4126/528/319 4130/532/322 4129/531/1346
f 4131/529/1347 4126/528/319 4122/527/699
f 4130/532/322 4126/528/319 4131/529/1347
f 4130/532/322 4132/534/322 4129/531/1346
f 4133/533/322 4130/532/322 4131/529/1347
f 4118/405/232 4119/407/233 4134/403/136
f 4119/407/233 4135/406/236 4134/403/136
f 4084/425/231 4118/405/232 4081/401/135
f 4081/401/135 4118/405/232 4134/403/136
f 4136/400/131 4081/401/135 4134/403/136
f 4081/401/135 4136/400/131 4014/394/134
f 4136/400/131 4138/399/132 4137/396/51
f 4134/403/136 4139/402/133 4136/400/131
f 4137/396/51 4014/394/134 4136/400/131
f 4140/402/133 4138/399/132 4136/400/131
f 4137/396/51 4141/352/139 4014/394/134
f 4141/352/139 4013/350/141 4014/394/134
f 4143/398/51 4142/395/137 4137/396/51
f 4138/399/132 4143/398/51 4137/396/51
f 4142/395/137 4141/352/139 4137/396/51
f 4142/395/137 4144/397/138 4141/352/139
f 4141/352/139 4145/349/140 4013/350/141
f 4144/397/138 4145/349/140 4141/352/139
f 4147/345/143 4146/343/151 4013/350/141
f 4146/343/151 4005/351/159 4013/350/141
f 4145/349/140 4147/345/143 4013/350/141
f 4144/397/138 4148/537/142 4145/349/140
f 4147/345/143 4145/349/140 4149/344/1448
f 4148/537/142 4150/348/145 4145/349/140
f 4145/349/140 4150/348/145 4149/344/1448
f 4149/344/1448 4151/342/150 4147/345/143
f 4151/342/150 4146/343/151 4147/345/143
f 4153/347/703 4152/341/149 4149/344/1448
f 4149/344/1448 4150/348/145 4153/347/703
f 4152/341/149 4151/342/150 4149/344/1448
f 4148/537/142 4154/538/146 4150/348/145
f 4154/538/146 4155/539/1449 4150/348/145
f 4150/348/145 4155/539/1449 4153/347/703
f 4157/550/343 4156/346/154 4153/347/703
f 4159/552/704 4158/551/705 4153/347/703
f 4156/346/154 4152/341/149 4153/347/703
f 4158/551/705 4157/550/343 4153/347/703
f 4156/346/154 4161/553/341 4160/930/706
f 4152/341/149 4156/346/154 4162/931/707
f 4156/346/154 4160/930/706 4162/931/707
f 4161/553/341 4156/346/154 4157/550/343
f 4163/554/344 4161/553/341 4157/550/343
f 4161/553/341 4165/557/345 4164/932/708
f 4161/553/341 4164/932/708 4160/930/706
f 4165/557/345 4161/553/341 4163/554/344
f 4166/558/345 4165/557/345 4163/554/344
f 4165/557/345 4167/933/709 4164/932/708
f 4162/931/707 4169/338/710 4168/934/711
f 4171/935/712 4170/807/328 4162/931/707
f 4152/341/149 4162/931/707 4168/934/711
f 4170/807/328 4169/338/710 4162/931/707
f 4169/338/710 4172/334/325 4168/934/711
f 4151/342/150 4152/341/149 4168/934/711
f 4168/934/711 4172/334/325 4173/936/713
f 4151/342/150 4168/934/711 4173/936/713
f 4172/334/325 4174/330/197 4173/936/713
f 4146/343/151 4151/342/150 4173/936/713
f 4173/936/713 4174/330/197 4009/918/652
f 4146/343/151 4173/936/713 4009/918/652
f 4174/330/197 3845/329/199 4009/918/652
f 4005/351/159 4146/343/151 4009/918/652
f 4175/809/714 4170/807/328 4171/935/712
f 4176/937/715 4175/809/714 4171/935/712
f 4177/813/716 4175/809/714 4176/937/715
f 4178/938/717 4177/813/716 4176/937/715
f 4154/538/146 4179/540/718 4155/539/1449
f 4179/540/718 4180/541/719 4155/539/1449
f 4179/540/718 4181/542/720 4180/541/719
f 4183/939/721 4182/940/722 4180/541/719
f 4181/542/720 4184/543/536 4180/541/719
f 4184/543/536 4183/939/721 4180/541/719
f 4181/542/720 4185/546/537 4184/543/536
f 4187/549/1413 4186/548/723 4184/543/536
f 4185/546/537 4187/549/1413 4184/543/536
f 4186/548/723 4188/547/724 4184/543/536
f 4135/406/236 4189/404/1327 4134/403/136
f 4189/404/1327 4190/402/241 4134/403/136
f 4191/408/300 4189/404/1327 4135/406/236
f 4192/411/301 4191/408/300 4135/406/236
f 4192/411/301 4135/406/236 4193/410/1342
f 4135/406/236 4194/409/303 4193/410/1342
f 4195/412/304 4191/408/300 4192/411/301
f 4196/413/305 4195/412/304 4192/411/301
f 4197/414/306 4195/412/304 4196/413/305
f 4198/417/307 4197/414/306 4196/413/305
f 4200/416/522 4199/415/309 4196/413/305
f 4199/415/309 4198/417/307 4196/413/305
f 4201/418/310 4197/414/306 4198/417/307
f 4203/419/727 4202/418/728 4198/417/313
f 4205/421/314 4204/420/729 4198/417/313
f 4204/420/729 4203/419/727 4198/417/313
f 4207/464/730 4206/486/205 4086/445/683
f 4086/445/683 4208/498/202 4088/444/1198
f 4209/486/205 4208/498/202 4086/445/683
f 4207/464/730 4086/445/683 4083/441/1446
f 4208/498/202 4210/499/731 4088/444/1198
f 4212/468/207 4211/487/207 4207/464/207
f 4213/463/250 4207/464/730 4083/441/1446
f 4215/468/732 4207/464/730 4214/462/253
f 4211/487/207 4216/486/207 4207/464/207
f 4207/464/730 4213/463/250 4214/462/253
f 4077/452/166 4213/463/250 4083/441/1446
f 4077/452/166 4217/457/170 4213/463/250
f 4217/457/170 4214/462/253 4213/463/250
f 4217/457/170 4077/452/166 4078/453/258
f 4218/456/257 4217/457/170 4078/453/258
f 4217/457/170 4219/458/173 4214/462/253
f 4219/458/173 4217/457/170 4218/456/257
f 4078/453/258 4074/450/259 4218/456/257
f 4220/461/260 4219/458/173 4218/456/257
f 4222/460/1361 4221/459/733 4218/456/257
f 4074/450/259 4223/454/263 4218/456/257
f 4221/459/733 4220/461/260 4218/456/257
f 4219/458/173 4225/470/178 4224/465/256
f 4225/470/178 4219/458/173 4220/461/260
f 4219/458/173 4224/465/256 4214/462/253
f 4227/469/269 4226/472/278 4224/465/256
f 4225/470/178 4227/469/269 4224/465/256
f 4224/465/256 4228/467/734 4214/462/253
f 4226/472/278 4229/471/735 4224/465/256
f 4230/475/264 4225/470/178 4220/461/260
f 4225/470/178 4231/474/268 4227/469/269
f 4231/474/268 4225/470/178 4230/475/264
f 4231/474/268 4232/473/271 4227/469/269
f 4233/477/736 4231/474/268 4230/475/264
f 4231/474/268 4234/476/270 4232/473/271
f 4234/476/270 4231/474/268 4233/477/736
f 4235/484/266 4230/475/264 4220/461/260
f 4236/485/737 4235/484/266 4220/461/260
f 4237/480/1333 4234/476/270 4233/477/736
f 4234/476/270 4238/478/1335 4232/473/271
f 4239/479/1336 4232/473/271 4238/478/1335
f 4240/483/1337 4239/479/1336 4238/478/1335
f 4242/481/1368 4241/482/1338 4237/480/1333
f 4233/477/736 4242/481/1368 4237/480/1333
f 4228/467/734 4243/466/738 4214/462/253
f 4245/451/241 4244/455/280 4074/450/259
f 4244/455/280 4223/454/263 4074/450/259
f 4244/455/280 4246/500/281 4223/454/263
f 4246/500/281 4247/501/282 4223/454/263
f 4246/500/281 4248/502/283 4247/501/282
f 4248/502/283 4249/503/284 4247/501/282
f 4249/503/284 4248/502/283 4250/504/285
f 4251/505/1339 4249/503/284 4250/504/285
f 4249/503/284 4251/505/1339 4252/506/1362
f 4253/507/288 4249/503/284 4252/506/1362
f 4251/505/1339 4250/504/285 4254/508/289
f 4255/509/289 4251/505/1339 4254/508/289
f 4257/488/740 4211/487/740 4256/468/740
f 4259/489/292 4257/488/741 4258/468/740
f 4260/490/293 4257/488/741 4259/489/292
f 4261/491/294 4260/490/293 4259/489/292
f 4260/490/293 4261/491/294 4262/492/295
f 4264/493/296 4261/491/294 4263/494/1341
f 4261/491/294 4264/493/296 4262/492/295
f 4261/491/294 4265/495/298 4263/494/1341
f 4262/492/295 4264/493/296 4266/496/299
f 4264/493/296 4267/497/299 4266/496/299
f 4270/941/742 4269/942/422 4268/818/743
f 4270/941/742 4268/818/743 4271/943/744
f 4269/942/422 4272/824/422 4268/818/743
f 4268/818/743 4273/823/745 4271/943/744
f 4271/943/744 4273/823/745 4274/944/746
f 4273/823/745 4275/827/551 4274/944/746
f 4278/945/747 4277/946/559 4276/830/178
f 4280/947/1450 4278/945/747 4279/833/1451
f 4278/945/747 4276/830/178 4279/833/1451
f 4277/946/559 4281/836/559 4276/830/178
f 4280/947/1450 4279/833/1451 4282/837/1452
f 4283/948/1453 4280/947/1450 4282/837/1452
f 4286/321/752 4285/323/51 4284/322/132
f 4288/327/753 4286/321/752 4287/324/133
f 4286/321/752 4290/326/754 4289/325/755
f 4285/323/51 4286/321/752 4289/325/755
f 4286/321/752 4288/327/753 4290/326/754
f 4286/321/752 4284/322/132 4291/324/133
f 4285/323/51 4292/328/51 4284/322/132
f 4293/329/137 4292/328/51 4285/323/51
f 4294/331/1454 4293/329/137 4285/323/51
f 4295/330/138 4293/329/137 4294/331/1454
f 4296/332/757 4295/330/138 4294/331/1454
f 4297/333/758 4294/331/1454 4289/325/755
f 4296/332/757 4294/331/1454 4297/333/758
f 4294/331/1454 4285/323/51 4289/325/755
f 4298/334/759 4295/330/138 4296/332/757
f 4299/337/760 4298/334/759 4296/332/757
f 4301/335/761 4300/336/762 4296/332/757
f 4301/335/761 4296/332/757 4297/333/758
f 4300/336/762 4299/337/760 4296/332/757
f 4302/338/763 4298/334/759 4299/337/760
f 4303/340/1161 4302/338/763 4299/337/760
f 4300/336/762 4304/339/765 4299/337/760
f 4304/339/765 4303/340/1161 4299/337/760
f 4304/339/765 4300/336/762 4305/341/766
f 4300/336/762 4301/335/761 4306/342/767
f 4300/336/762 4306/342/767 4305/341/766
f 4301/335/761 4297/333/758 4307/343/768
f 4301/335/761 4307/343/768 4306/342/767
f 4309/344/769 4306/342/767 4308/345/770
f 4305/341/766 4306/342/767 4309/344/769
f 4306/342/767 4307/343/768 4308/345/770
f 4310/347/771 4305/341/766 4309/344/769
f 4304/339/765 4305/341/766 4311/346/772
f 4311/346/772 4305/341/766 4310/347/771
f 4309/344/769 4312/348/773 4310/347/771
f 4308/345/770 4313/349/774 4309/344/769
f 4313/349/774 4312/348/773 4309/344/769
f 4308/345/770 4307/343/768 4314/350/775
f 4308/345/770 4314/350/775 4313/349/774
f 4297/333/758 4315/351/776 4307/343/768
f 4307/343/768 4315/351/776 4314/350/775
f 4314/350/775 4315/351/776 4316/353/777
f 4314/350/775 4316/353/777 4317/352/778
f 4314/350/775 4317/352/778 4313/349/774
f 4313/349/774 4317/352/778 4318/397/197
f 4312/348/773 4313/349/774 4319/537/779
f 4313/349/774 4318/397/197 4319/537/779
f 4317/352/778 4321/396/780 4320/395/199
f 4316/353/777 4322/394/781 4317/352/778
f 4317/352/778 4320/395/199 4318/397/197
f 4322/394/781 4321/396/780 4317/352/778
f 4321/396/780 4323/398/30 4320/395/199
f 4325/400/782 4324/399/202 4321/396/780
f 4321/396/780 4322/394/781 4326/401/783
f 4325/400/782 4321/396/780 4326/401/783
f 4324/399/202 4323/398/30 4321/396/780
f 4327/402/205 4324/399/202 4325/400/782
f 4329/403/784 4328/402/205 4325/400/782
f 4325/400/782 4326/401/783 4329/403/784
f 4331/406/785 4330/404/1276 4329/403/784
f 4331/406/785 4329/403/784 4332/407/1455
f 4330/404/1276 4333/402/207 4329/403/784
f 4326/401/783 4334/405/788 4329/403/784
f 4329/403/784 4334/405/788 4332/407/1455
f 4335/408/789 4330/404/1276 4331/406/785
f 4336/411/790 4335/408/789 4331/406/785
f 4338/409/1456 4337/410/1457 4331/406/785
f 4337/410/1457 4336/411/790 4331/406/785
f 4339/412/793 4335/408/789 4336/411/790
f 4340/413/794 4339/412/793 4336/411/790
f 4341/414/795 4339/412/793 4340/413/794
f 4342/417/796 4341/414/795 4340/413/794
f 4340/413/794 4344/416/1208 4343/415/1209
f 4342/417/796 4340/413/794 4343/415/1209
f 4345/418/799 4341/414/795 4342/417/796
f 4347/419/800 4346/418/226 4342/417/801
f 4347/419/800 4342/417/801 4348/420/802
f 4342/417/801 4349/421/1458 4348/420/802
f 4334/405/788 4326/401/783 4350/425/804
f 4332/407/1455 4334/405/788 4351/422/805
f 4334/405/788 4350/425/804 4351/422/805
f 4326/401/783 4353/446/1459 4352/433/776
f 4326/401/783 4352/433/776 4350/425/804
f 4322/394/781 4353/446/1459 4326/401/783
f 4355/432/807 4352/433/776 4354/435/239
f 4353/446/1459 4356/443/2 4352/433/776
f 4352/433/776 4356/443/2 4354/435/239
f 4350/425/804 4352/433/776 4355/432/807
f 4357/426/809 4350/425/804 4355/432/807
f 4359/434/1460 4358/430/811 4355/432/807
f 4358/430/811 4357/426/809 4355/432/807
f 4359/434/1460 4355/432/807 4354/435/239
f 4360/427/1461 4351/422/805 4357/426/809
f 4351/422/805 4350/425/804 4357/426/809
f 4360/427/1461 4357/426/809 4358/430/811
f 4362/429/1462 4361/424/814 4360/427/1461
f 4363/431/815 4360/427/1461 4358/430/811
f 4361/424/814 4351/422/805 4360/427/1461
f 4332/407/1455 4351/422/805 4361/424/814
f 4364/423/1463 4332/407/1455 4361/424/814
f 4364/423/1463 4361/424/814 4365/428/817
f 4365/428/817 4361/424/814 4362/429/1462
f 4366/527/1464 4365/428/817 4362/429/1462
f 4368/525/1465 4367/526/1466 4362/429/1462
f 4367/526/1466 4366/527/1464 4362/429/1462
f 4369/530/821 4364/423/1463 4365/428/817
f 4369/530/821 4365/428/817 4370/528/822
f 4370/528/822 4365/428/817 4366/527/1464
f 4372/536/1467 4364/423/1463 4371/535/1193
f 4364/423/1463 4369/530/821 4371/535/1193
f 4373/531/825 4369/530/821 4370/528/822
f 4374/529/826 4370/528/822 4366/527/1464
f 4373/531/825 4370/528/822 4375/532/827
f 4375/532/827 4370/528/822 4374/529/826
f 4376/534/827 4373/531/825 4375/532/827
f 4377/533/827 4375/532/827 4374/529/826
f 4363/431/815 4358/430/811 4378/437/1468
f 4380/512/829 4363/431/815 4379/511/830
f 4382/514/1469 4363/431/815 4381/513/1470
f 4363/431/815 4378/437/1468 4379/511/830
f 4363/431/815 4380/512/829 4381/513/1470
f 4358/430/811 4383/436/241 4378/437/1468
f 4358/430/811 4359/434/1460 4384/436/133
f 4385/438/245 4359/434/1460 4354/435/239
f 4359/434/1460 4387/439/132 4386/436/133
f 4387/439/132 4359/434/1460 4385/438/245
f 4389/441/834 4354/435/239 4388/442/835
f 4389/441/834 4390/445/836 4354/435/239
f 4354/435/239 4356/443/2 4388/442/835
f 4390/445/836 4391/444/242 4354/435/239
f 4393/463/939 4389/441/834 4392/452/839
f 4393/463/939 4394/464/940 4389/441/834
f 4389/441/834 4388/442/835 4392/452/839
f 4394/464/940 4390/445/836 4389/441/834
f 4394/464/940 4395/486/133 4390/445/836
f 4390/445/836 4396/498/132 4391/444/242
f 4397/486/133 4396/498/132 4390/445/836
f 4396/498/132 4398/499/243 4391/444/242
f 4400/468/1471 4399/487/280 4394/464/940
f 4393/463/939 4401/462/841 4394/464/940
f 4399/487/280 4402/486/241 4394/464/940
f 4401/462/841 4400/468/1471 4394/464/940
f 4403/488/281 4399/487/280 4400/468/1471
f 4404/489/282 4403/488/281 4400/468/1471
f 4405/490/283 4403/488/281 4404/489/282
f 4406/491/843 4405/490/283 4404/489/282
f 4405/490/283 4406/491/843 4407/492/285
f 4409/494/844 4408/493/845 4406/491/843
f 4406/491/843 4408/493/845 4407/492/285
f 4410/495/846 4409/494/844 4406/491/843
f 4407/492/285 4408/493/845 4411/496/289
f 4408/493/845 4412/497/289 4411/496/289
f 4401/462/841 4393/463/939 4413/457/847
f 4415/465/848 4401/462/841 4414/458/849
f 4415/465/848 4416/467/850 4401/462/841
f 4401/462/841 4413/457/847 4414/458/849
f 4416/467/850 4417/466/1472 4401/462/841
f 4393/463/939 4392/452/839 4413/457/847
f 4419/453/852 4392/452/839 4418/447/853
f 4392/452/839 4388/442/835 4418/447/853
f 4413/457/847 4392/452/839 4419/453/852
f 4418/447/853 4388/442/835 4353/446/1459
f 4418/447/853 4353/446/1459 4420/448/854
f 4419/453/852 4418/447/853 4421/450/855
f 4418/447/853 4420/448/854 4421/450/855
f 4422/456/856 4413/457/847 4419/453/852
f 4419/453/852 4421/450/855 4422/456/856
f 4421/450/855 4420/448/854 4423/451/205
f 4425/454/207 4421/450/207 4424/455/207
f 4421/450/207 4426/451/207 4424/455/207
f 4421/450/855 4427/454/857 4422/456/856
f 4420/448/854 4428/449/202 4423/451/205
f 4420/448/854 4429/393/30 4428/449/202
f 4429/393/30 4430/510/30 4428/449/202
f 4430/510/30 4429/393/30 4431/392/199
f 4429/393/30 4432/391/858 4431/392/199
f 4432/391/858 4429/393/30 4322/394/781
f 4322/394/781 4429/393/30 4420/448/854
f 4431/392/199 4432/391/858 4433/390/197
f 4434/360/859 4432/391/858 4322/394/781
f 4432/391/858 4434/360/859 4435/368/860
f 4432/391/858 4435/368/860 4433/390/197
f 4316/353/777 4434/360/859 4322/394/781
f 4353/446/1459 4322/394/781 4420/448/854
f 4434/360/859 4316/353/777 4436/356/835
f 4438/364/861 4434/360/859 4437/359/839
f 4434/360/859 4436/356/835 4437/359/839
f 4434/360/859 4438/364/861 4435/368/860
f 4315/351/776 4439/355/2 4316/353/777
f 4316/353/777 4439/355/2 4436/356/835
f 4441/357/862 4436/356/835 4440/354/1459
f 4436/356/835 4439/355/2 4440/354/1459
f 4437/359/839 4436/356/835 4441/357/862
f 4442/362/863 4437/359/839 4441/357/862
f 4443/363/847 4437/359/839 4442/362/863
f 4438/364/861 4437/359/839 4443/363/847
f 4444/367/864 4438/364/861 4443/363/847
f 4438/364/861 4444/367/864 4435/368/860
f 4445/365/865 4443/363/847 4442/362/863
f 4446/366/849 4443/363/847 4445/365/865
f 4444/367/864 4443/363/847 4446/366/849
f 4442/362/863 4447/361/866 4445/365/865
f 4447/361/866 4442/362/863 4441/357/862
f 4441/357/862 4440/354/1459 4448/358/1473
f 4448/358/1473 4447/361/866 4441/357/862
f 4447/361/866 4448/358/1473 4449/584/138
f 4451/373/868 4447/361/866 4450/583/369
f 4447/361/866 4449/584/138 4450/583/369
f 4447/361/866 4451/373/868 4445/365/865
f 4452/372/869 4446/366/849 4445/365/865
f 4445/365/865 4451/373/868 4452/372/869
f 4454/374/1474 4451/373/868 4453/572/358
f 4451/373/868 4450/583/369 4453/572/358
f 4451/373/868 4454/374/1474 4452/372/869
f 4456/375/871 4455/371/872 4452/372/869
f 4456/375/871 4452/372/869 4457/376/873
f 4455/371/872 4446/366/849 4452/372/869
f 4452/372/869 4458/377/874 4457/376/873
f 4460/379/875 4459/369/1475 4455/371/872
f 4461/378/877 4455/371/872 4456/375/871
f 4459/369/1475 4446/366/849 4455/371/872
f 4460/379/875 4455/371/872 4461/378/877
f 4462/380/878 4461/378/877 4456/375/871
f 4463/382/879 4460/379/875 4461/378/877
f 4464/381/880 4461/378/877 4462/380/878
f 4463/382/879 4461/378/877 4464/381/880
f 4460/379/875 4465/383/881 4459/369/1475
f 4465/383/881 4466/385/882 4459/369/1475
f 4459/369/1475 4444/367/864 4446/366/849
f 4459/369/1475 4468/384/1476 4467/370/884
f 4444/367/864 4459/369/1475 4467/370/884
f 4444/367/864 4467/370/884 4435/368/860
f 4470/389/196 4467/370/884 4469/386/193
f 4435/368/860 4467/370/884 4470/389/196
f 4467/370/884 4468/384/1476 4469/386/193
f 4469/386/193 4468/384/1476 4471/387/194
f 4468/384/1476 4472/388/885 4471/387/194
f 4471/387/194 4472/388/885 4473/562/886
f 4472/388/885 4474/563/887 4473/562/886
f 4474/563/887 4472/388/885 4475/564/888
f 4473/562/886 4474/563/887 4476/565/889
f 4477/568/1477 4474/563/887 4475/564/888
f 4474/563/887 4478/566/891 4476/565/889
f 4478/566/891 4474/563/887 4479/567/892
f 4480/569/1478 4478/566/891 4479/567/892
f 4433/390/197 4435/368/860 4470/389/196
f 4481/570/894 4463/382/879 4464/381/880
f 4482/571/895 4464/381/880 4462/380/878
f 4484/574/896 4454/374/1474 4483/573/359
f 4454/374/1474 4453/572/358 4483/573/359
f 4484/574/896 4483/573/359 4485/575/897
f 4486/576/898 4484/574/896 4485/575/897
f 4487/577/899 4484/574/896 4486/576/898
f 4486/576/898 4485/575/897 4488/578/900
f 4489/579/1479 4486/576/898 4488/578/900
f 4490/580/902 4486/576/898 4489/579/1479
f 4491/581/903 4487/577/899 4486/576/898
f 4492/582/1480 4490/580/902 4489/579/1479
f 4448/358/1473 4493/585/137 4449/584/138
f 4448/358/1473 4494/586/51 4493/585/137
f 4494/586/51 4495/587/51 4493/585/137
f 4440/354/1459 4289/325/755 4448/358/1473
f 4289/325/755 4494/586/51 4448/358/1473
f 4497/589/905 4496/588/132 4494/586/51
f 4496/588/132 4495/587/51 4494/586/51
f 4497/589/905 4494/586/51 4289/325/755
f 4440/354/1459 4297/333/758 4289/325/755
f 4498/591/906 4497/589/905 4289/325/755
f 4499/590/2 4498/591/906 4289/325/755
f 4290/326/754 4499/590/2 4289/325/755
f 4297/333/758 4440/354/1459 4315/351/776
f 4440/354/1459 4439/355/2 4315/351/776
f 4290/326/754 4500/709/776 4499/590/2
f 4502/711/907 4501/710/908 4290/326/754
f 4501/710/908 4500/709/776 4290/326/754
f 4288/327/753 4502/711/907 4290/326/754
f 4504/706/909 4503/621/910 4500/709/776
f 4500/709/776 4505/620/2 4499/590/2
f 4503/621/910 4505/620/2 4500/709/776
f 4504/706/909 4500/709/776 4501/710/908
f 4506/713/911 4504/706/909 4501/710/908
f 4507/712/912 4501/710/908 4502/711/907
f 4506/713/911 4501/710/908 4507/712/912
f 4508/714/1481 4507/712/912 4502/711/907
f 4508/714/1481 4502/711/907 4288/327/753
f 4509/719/914 4506/713/911 4507/712/912
f 4510/717/915 4507/712/912 4508/714/1481
f 4509/719/914 4507/712/912 4510/717/915
f 4512/732/916 4511/745/917 4506/713/911
f 4511/745/917 4504/706/909 4506/713/911
f 4512/732/916 4506/713/911 4509/719/914
f 4513/721/918 4509/719/914 4510/717/915
f 4514/728/919 4512/732/916 4509/719/914
f 4509/719/914 4513/721/918 4514/728/919
f 4515/718/1482 4510/717/915 4508/714/1481
f 4516/720/817 4510/717/915 4515/718/1482
f 4513/721/918 4510/717/915 4516/720/817
f 4517/727/1483 4513/721/918 4516/720/817
f 4513/721/918 4518/729/1484 4514/728/919
f 4514/728/919 4519/730/1485 4512/732/916
f 4518/729/1484 4520/731/924 4514/728/919
f 4520/731/924 4519/730/1485 4514/728/919
f 4522/734/1486 4521/733/926 4518/729/1484
f 4522/734/1486 4518/729/1484 4523/735/1487
f 4521/733/926 4520/731/924 4518/729/1484
f 4518/729/1484 4524/736/1488 4523/735/1487
f 4525/737/795 4521/733/926 4522/734/1486
f 4526/738/929 4525/737/795 4522/734/1486
f 4527/739/412 4525/737/795 4526/738/929
f 4528/740/930 4527/739/412 4526/738/929
f 4528/740/930 4526/738/929 4529/741/1489
f 4526/738/929 4530/742/1490 4529/741/1489
f 4519/730/1485 4531/743/483 4512/732/916
f 4512/732/916 4531/743/483 4511/745/917
f 4531/743/483 4532/744/484 4511/745/917
f 4511/745/917 4532/744/484 4533/707/933
f 4511/745/917 4533/707/933 4504/706/909
f 4532/744/484 4534/746/2 4533/707/933
f 4536/708/934 4533/707/933 4535/747/486
f 4533/707/933 4537/627/935 4504/706/909
f 4533/707/933 4534/746/2 4535/747/486
f 4537/627/935 4533/707/933 4536/708/934
f 4537/627/935 4503/621/910 4504/706/909
f 4539/619/936 4538/618/835 4503/621/910
f 4503/621/910 4537/627/935 4540/622/937
f 4539/619/936 4503/621/910 4540/622/937
f 4538/618/835 4505/620/2 4503/621/910
f 4498/591/906 4499/590/2 4538/618/835
f 4499/590/2 4505/620/2 4538/618/835
f 4498/591/906 4538/618/835 4541/615/839
f 4541/615/839 4538/618/835 4539/619/936
f 4542/616/938 4541/615/839 4539/619/936
f 4539/619/936 4540/622/937 4542/616/938
f 4543/595/939 4498/591/906 4541/615/839
f 4543/595/939 4541/615/839 4544/614/847
f 4544/614/847 4541/615/839 4542/616/938
f 4543/595/939 4545/593/940 4498/591/906
f 4545/593/940 4497/589/905 4498/591/906
f 4546/596/841 4543/595/939 4544/614/847
f 4543/595/939 4546/596/841 4545/593/940
f 4547/617/1491 4544/614/847 4542/616/938
f 4546/596/841 4544/614/847 4548/609/849
f 4548/609/849 4544/614/847 4547/617/1491
f 4542/616/938 4549/623/942 4547/617/1491
f 4540/622/937 4549/623/942 4542/616/938
f 4550/635/943 4548/609/849 4547/617/1491
f 4547/617/1491 4551/629/944 4550/635/943
f 4549/623/942 4551/629/944 4547/617/1491
f 4552/602/848 4546/596/841 4548/609/849
f 4552/602/848 4548/609/849 4553/611/872
f 4553/611/872 4548/609/849 4550/635/943
f 4554/636/945 4553/611/872 4550/635/943
f 4551/629/944 4555/634/946 4550/635/943
f 4549/623/942 4556/628/947 4551/629/944
f 4551/629/944 4557/631/948 4555/634/946
f 4556/628/947 4557/631/948 4551/629/944
f 4555/634/946 4559/647/949 4558/649/1492
f 4561/651/951 4555/634/946 4560/650/952
f 4557/631/948 4559/647/949 4555/634/946
f 4555/634/946 4558/649/1492 4560/650/952
f 4557/631/948 4562/632/953 4559/647/949
f 4562/632/953 4557/631/948 4563/633/954
f 4557/631/948 4556/628/947 4563/633/954
f 4559/647/949 4564/652/408 4558/649/1492
f 4562/632/953 4565/648/955 4559/647/949
f 4567/654/956 4566/653/957 4558/649/1492
f 4564/652/408 4567/654/956 4558/649/1492
f 4569/658/958 4566/653/957 4568/657/959
f 4570/655/960 4566/653/957 4567/654/956
f 4566/653/957 4570/655/960 4568/657/959
f 4571/656/412 4570/655/960 4567/654/956
f 4565/648/955 4562/632/953 4572/659/961
f 4562/632/953 4563/633/954 4573/672/962
f 4562/632/953 4573/672/962 4572/659/961
f 4565/648/955 4572/659/961 4574/660/963
f 4575/661/964 4565/648/955 4574/660/963
f 4575/661/964 4574/660/963 4576/663/965
f 4577/664/966 4575/661/964 4576/663/965
f 4577/664/966 4578/671/967 4575/661/964
f 4575/661/964 4579/665/968 4565/648/955
f 4578/671/967 4580/666/969 4575/661/964
f 4577/664/966 4576/663/965 4581/667/970
f 4582/668/971 4577/664/966 4581/667/970
f 4582/668/971 4583/670/972 4577/664/966
f 4583/670/972 4584/669/973 4577/664/966
f 4579/665/968 4585/662/974 4565/648/955
f 4563/633/954 4586/673/975 4573/672/962
f 4563/633/954 4587/630/976 4586/673/975
f 4587/630/976 4588/674/977 4586/673/975
f 4563/633/954 4556/628/947 4587/630/976
f 4587/630/976 4589/675/978 4588/674/977
f 4591/624/979 4590/625/980 4587/630/976
f 4590/625/980 4589/675/978 4587/630/976
f 4556/628/947 4591/624/979 4587/630/976
f 4589/675/978 4592/676/981 4588/674/977
f 4591/624/979 4556/628/947 4549/623/942
f 4540/622/937 4591/624/979 4549/623/942
f 4590/625/980 4591/624/979 4540/622/937
f 4593/626/2 4590/625/980 4540/622/937
f 4537/627/935 4593/626/2 4540/622/937
f 4593/626/2 4594/678/982 4590/625/980
f 4594/678/982 4593/626/2 4537/627/935
f 4595/705/983 4537/627/935 4536/708/934
f 4596/703/984 4594/678/982 4537/627/935
f 4595/705/983 4596/703/984 4537/627/935
f 4598/682/985 4594/678/982 4597/701/986
f 4599/677/987 4594/678/982 4598/682/985
f 4594/678/982 4599/677/987 4590/625/980
f 4594/678/982 4596/703/984 4597/701/986
f 4596/703/984 4595/705/983 4600/704/835
f 4597/701/986 4596/703/984 4601/702/839
f 4596/703/984 4600/704/835 4601/702/839
f 4603/698/1493 4597/701/986 4602/700/847
f 4597/701/986 4603/698/1493 4598/682/985
f 4597/701/986 4601/702/839 4602/700/847
f 4603/698/1493 4602/700/847 4604/699/1494
f 4605/697/1495 4603/698/1493 4604/699/1494
f 4603/698/1493 4605/697/1495 4606/693/1496
f 4603/698/1493 4606/693/1496 4598/682/985
f 4605/697/1495 4607/694/992 4606/693/1496
f 4609/691/993 4608/681/994 4606/693/1496
f 4608/681/994 4598/682/985 4606/693/1496
f 4609/691/993 4606/693/1496 4607/694/992
f 4610/690/1497 4609/691/993 4607/694/992
f 4610/690/1497 4607/694/992 4611/696/996
f 4612/688/997 4609/691/993 4610/690/1497
f 4613/683/998 4608/681/994 4609/691/993
f 4612/688/997 4613/683/998 4609/691/993
f 4608/681/994 4599/677/987 4598/682/985
f 4599/677/987 4608/681/994 4613/683/998
f 4612/688/997 4614/687/962 4613/683/998
f 4613/683/998 4616/685/975 4615/679/1010
f 4615/679/1010 4599/677/987 4613/683/998
f 4614/687/962 4616/685/975 4613/683/998
f 4618/692/999 4617/689/1000 4612/688/997
f 4617/689/1000 4614/687/962 4612/688/997
f 4618/692/999 4612/688/997 4610/690/1497
f 4619/695/1498 4610/690/1497 4611/696/996
f 4619/695/1498 4611/696/996 4620/800/1002
f 4619/695/1498 4620/800/1002 4621/803/1499
f 4620/800/1002 4623/799/1004 4622/805/1005
f 4620/800/1002 4624/804/1500 4621/803/1499
f 4611/696/996 4623/799/1004 4620/800/1002
f 4623/799/1004 4625/806/1007 4622/805/1005
f 4626/802/1501 4623/799/1004 4611/696/996
f 4627/801/1502 4626/802/1501 4611/696/996
f 4616/685/975 4628/684/977 4615/679/1010
f 4615/679/1010 4628/684/977 4629/680/1503
f 4629/680/1503 4590/625/980 4615/679/1010
f 4590/625/980 4599/677/987 4615/679/1010
f 4628/684/977 4630/686/981 4629/680/1503
f 4595/705/983 4631/758/2 4600/704/835
f 4632/757/776 4631/758/2 4595/705/983
f 4633/751/1012 4632/757/776 4595/705/983
f 4633/751/1012 4595/705/983 4536/708/934
f 4634/755/768 4632/757/776 4633/751/1012
f 4635/750/1013 4634/755/768 4633/751/1012
f 4633/751/1012 4536/708/934 4635/750/1013
f 4637/749/1014 4536/708/934 4636/748/487
f 4536/708/934 4535/747/486 4636/748/487
f 4536/708/934 4637/749/1014 4635/750/1013
f 4639/754/1504 4638/756/1016 4635/750/1013
f 4635/750/1013 4637/749/1014 4639/754/1504
f 4638/756/1016 4634/755/768 4635/750/1013
f 4641/753/1505 4637/749/1014 4640/752/1018
f 4637/749/1014 4636/748/487 4640/752/1018
f 4637/749/1014 4641/753/1505 4639/754/1504
f 4643/760/1019 4642/759/1020 4639/754/1504
f 4639/754/1504 4641/753/1505 4643/760/1019
f 4642/759/1020 4638/756/1016 4639/754/1504
f 4645/762/1021 4641/753/1505 4644/774/1022
f 4641/753/1505 4640/752/1018 4644/774/1022
f 4641/753/1505 4645/762/1021 4643/760/1019
f 4647/763/1506 4646/761/1024 4643/760/1019
f 4643/760/1025 4649/764/1025 4648/763/1025
f 4646/761/1024 4642/759/1020 4643/760/1019
f 4651/765/1026 4646/761/1026 4650/763/1026
f 4653/770/1507 4652/769/1508 4651/765/1509
f 4655/767/1510 4651/765/1509 4654/763/1511
f 4655/767/1510 4653/770/1507 4651/765/1509
f 4657/773/1313 4653/770/1313 4656/771/1313
f 4653/770/1507 4655/767/1510 4658/771/1034
f 4660/772/1032 4655/767/1512 4659/768/1513
f 4655/767/1512 4661/763/1514 4659/768/1513
f 4649/764/1035 4663/766/1035 4662/763/1035
f 4665/775/1515 4645/762/1021 4664/776/1516
f 4645/762/1021 4644/774/1022 4664/776/1516
f 4665/775/1515 4664/776/1516 4666/777/1517
f 4667/778/1039 4665/775/1515 4666/777/1517
f 4669/778/1040 4666/777/1040 4668/779/1040
f 4671/780/1518 4670/778/1518 4668/779/1518
f 4673/638/1042 4672/637/1043 4554/636/945
f 4554/636/945 4674/639/1044 4673/638/1042
f 4672/637/1043 4553/611/872 4554/636/945
f 4676/640/1045 4675/610/1046 4672/637/1043
f 4675/610/1046 4553/611/872 4672/637/1043
f 4676/640/1045 4672/637/1043 4677/641/1047
f 4677/641/1047 4672/637/1043 4673/638/1042
f 4678/643/1047 4677/641/1047 4673/638/1042
f 4674/639/1044 4679/642/1048 4673/638/1042
f 4680/644/1049 4676/640/1045 4677/641/1047
f 4676/640/1045 4680/644/1049 4681/645/1050
f 4680/644/1049 4682/646/1051 4681/645/1050
f 4675/610/1046 4552/602/848 4553/611/872
f 4675/610/1046 4683/613/1519 4552/602/848
f 4552/602/848 4684/600/1053 4546/596/841
f 4683/613/1519 4685/612/1054 4552/602/848
f 4546/596/841 4686/597/1520 4545/593/940
f 4684/600/1053 4686/597/1520 4546/596/841
f 4684/600/1053 4687/598/281 4686/597/1520
f 4689/601/1056 4688/599/283 4684/600/1053
f 4688/599/283 4687/598/281 4684/600/1053
f 4686/597/1520 4690/594/280 4545/593/940
f 4687/598/281 4690/594/280 4686/597/1520
f 4545/593/940 4691/592/133 4497/589/905
f 4690/594/280 4692/592/241 4545/593/940
f 4691/592/133 4496/588/132 4497/589/905
f 4688/599/283 4689/601/1056 4693/603/285
f 4693/603/285 4695/604/845 4694/607/289
f 4689/601/1056 4695/604/845 4693/603/285
f 4695/604/845 4696/608/289 4694/607/289
f 4697/605/844 4695/604/845 4689/601/1056
f 4698/606/1057 4697/605/844 4689/601/1056
f 4700/783/1521 4517/727/1483 4699/726/822
f 4702/787/1522 4517/727/1483 4701/786/1060
f 4517/727/1483 4516/720/817 4699/726/822
f 4517/727/1483 4700/783/1521 4701/786/1060
f 4704/785/827 4700/783/1521 4703/781/827
f 4700/783/1521 4699/726/822 4703/781/827
f 4706/784/827 4703/781/827 4705/782/826
f 4703/781/827 4699/726/822 4705/782/826
f 4705/782/826 4699/726/822 4707/725/818
f 4707/725/818 4516/720/817 4515/718/1482
f 4699/726/822 4516/720/817 4707/725/818
f 4708/723/1466 4707/725/818 4515/718/1482
f 4709/722/1465 4708/723/1466 4515/718/1482
f 4508/714/1481 4710/715/815 4515/718/1482
f 4710/715/815 4711/724/829 4515/718/1482
f 4710/715/815 4288/327/753 4712/716/1468
f 4711/724/829 4710/715/815 4713/788/830
f 4710/715/815 4508/714/1481 4288/327/753
f 4710/715/815 4712/716/1468 4713/788/830
f 4715/789/1061 4711/724/829 4714/790/1062
f 4711/724/829 4713/788/830 4714/790/1062
f 4715/789/1061 4714/790/1062 4716/791/1063
f 4717/792/1064 4715/789/1061 4716/791/1063
f 4717/792/1064 4718/794/1523 4715/789/1061
f 4718/794/1523 4719/793/1524 4715/789/1061
f 4717/792/1064 4716/791/1063 4720/795/1067
f 4722/796/1068 4717/792/1069 4721/795/312
f 4722/796/1068 4723/798/1070 4717/792/1069
f 4723/798/1070 4724/797/1525 4717/792/1069
f 4288/327/753 4725/324/241 4712/716/1468
f 4388/442/835 4356/443/2 4353/446/1459
f 4726/461/1526 4414/458/849 4422/456/856
f 4422/456/856 4728/460/1527 4727/459/1204
f 4414/458/849 4413/457/847 4422/456/856
f 4726/461/1526 4422/456/856 4727/459/1204
f 4729/470/872 4414/458/849 4726/461/1526
f 4415/465/848 4414/458/849 4729/470/872
f 4730/475/1075 4729/470/872 4726/461/1526
f 4730/475/1075 4726/461/1526 4731/484/1076
f 4726/461/1526 4732/485/1528 4731/484/1076
f 4733/469/1078 4415/465/848 4729/470/872
f 4734/474/1043 4729/470/872 4730/475/1075
f 4733/469/1078 4729/470/872 4734/474/1043
f 4733/469/1078 4735/472/1079 4415/465/848
f 4735/472/1079 4736/471/1080 4415/465/848
f 4737/473/1045 4733/469/1078 4734/474/1043
f 4738/477/1081 4734/474/1043 4730/475/1075
f 4739/476/1047 4734/474/1043 4738/477/1081
f 4737/473/1045 4734/474/1043 4739/476/1047
f 4740/478/1049 4737/473/1045 4739/476/1047
f 4737/473/1045 4740/478/1049 4741/479/1082
f 4742/480/1083 4739/476/1047 4738/477/1081
f 4738/477/1081 4743/481/1084 4742/480/1083
f 4743/481/1084 4744/482/1085 4742/480/1083
f 4740/478/1049 4745/483/1051 4741/479/1082
f 4747/454/740 4424/455/740 4746/500/740
f 4749/501/292 4748/454/740 4746/500/741
f 4749/501/292 4746/500/741 4750/502/293
f 4751/503/1087 4749/501/292 4750/502/293
f 4751/503/1087 4750/502/293 4752/504/295
f 4753/505/1088 4751/503/1087 4752/504/295
f 4755/507/1089 4751/503/1087 4754/506/1090
f 4751/503/1087 4753/505/1088 4754/506/1090
f 4753/505/1088 4752/504/295 4756/508/299
f 4757/509/299 4753/505/1088 4756/508/299
f 4758/440/290 4387/439/132 4385/438/245
f 4760/516/1061 4380/512/829 4759/515/1062
f 4380/512/829 4379/511/830 4759/515/1062
f 4760/516/1061 4759/515/1062 4761/517/1063
f 4762/518/1064 4760/516/1061 4761/517/1063
f 4762/518/1064 4763/520/1529 4760/516/1061
f 4763/520/1529 4764/519/1066 4760/516/1061
f 4762/518/1064 4761/517/1063 4765/521/1067
f 4767/522/1068 4762/518/1069 4766/521/312
f 4767/522/1068 4768/524/1070 4762/518/1069
f 4768/524/1070 4769/523/1525 4762/518/1069
f 4312/348/773 4319/537/779 4770/538/1093
f 4771/539/1530 4312/348/773 4770/538/1093
f 4771/539/1530 4770/538/1093 4772/540/1531
f 4312/348/773 4771/539/1530 4310/347/771
f 4773/541/1532 4771/539/1530 4772/540/1531
f 4773/541/1532 4772/540/1531 4774/542/1097
f 4775/543/1533 4773/541/1532 4774/542/1097
f 4775/543/1533 4776/545/1534 4773/541/1532
f 4776/545/1534 4777/544/1535 4773/541/1532
f 4775/543/1533 4774/542/1097 4778/546/1101
f 4780/549/1102 4779/548/1536 4775/543/1533
f 4780/549/1102 4775/543/1533 4778/546/1101
f 4779/548/1536 4781/547/1104 4775/543/1533
f 4782/550/1537 4311/346/772 4310/347/771
f 4782/550/1537 4310/347/771 4783/551/1538
f 4310/347/771 4784/552/1107 4783/551/1538
f 4785/555/1539 4304/339/765 4311/346/772
f 4785/555/1539 4311/346/772 4786/553/1109
f 4786/553/1109 4311/346/772 4782/550/1537
f 4787/554/1110 4786/553/1109 4782/550/1537
f 4788/556/1111 4785/555/1539 4786/553/1109
f 4788/556/1111 4786/553/1109 4789/557/1112
f 4789/557/1112 4786/553/1109 4787/554/1110
f 4785/555/1539 4790/560/1540 4304/339/765
f 4790/560/1540 4791/561/1541 4304/339/765
f 4792/559/1112 4788/556/1111 4789/557/1112
f 4793/558/1112 4789/557/1112 4787/554/1110
f 4795/808/1542 4794/807/1116 4303/340/1161
f 4794/807/1116 4302/338/763 4303/340/1161
f 4796/809/1117 4794/807/1116 4795/808/1542
f 4797/812/1118 4796/809/1117 4795/808/1542
f 4795/808/1542 4799/811/1543 4798/810/1295
f 4797/812/1118 4795/808/1542 4798/810/1295
f 4800/813/1121 4796/809/1117 4797/812/1118
f 4801/814/1122 4800/813/1121 4797/812/1118
f 4801/814/1122 4797/812/1118 4802/815/1123
f 4797/812/1118 4803/816/1124 4802/815/1123
f 4806/817/1544 4805/819/1545 4804/818/1546
f 4806/817/1544 4804/818/1546 4807/822/1128
f 4809/820/1547 4808/821/1130 4806/817/1547
f 4808/821/1130 4810/819/1548 4806/817/1547
f 4812/819/970 4811/824/970 4804/818/970
f 4804/818/1546 4813/823/1549 4807/822/1128
f 4807/822/1128 4813/823/1549 4814/826/1132
f 4807/822/1128 4814/826/1132 4815/825/1550
f 4813/823/1549 4816/827/1134 4814/826/1132
f 4814/826/1132 4817/828/1135 4815/825/1550
f 4820/829/1136 4819/831/1137 4818/830/872
f 4822/832/1551 4820/829/1136 4821/833/1552
f 4819/831/1137 4820/829/1136 4823/834/1140
f 4820/829/1136 4818/830/872 4821/833/1552
f 4820/829/1136 4824/835/1553 4823/834/1140
f 4819/831/1137 4825/836/1142 4818/830/872
f 4822/832/1551 4821/833/1552 4826/837/1554
f 4827/838/1555 4822/832/1551 4826/837/1554
f 4822/832/1551 4827/838/1555 4828/839/1556
f 4827/838/1555 4829/840/1557 4828/839/1556
f 4832/841/1147 4831/322/202 4830/325/564
f 4834/842/1148 4833/324/205 4832/841/1147
f 4832/841/1147 4830/325/564 4835/709/776
f 4834/842/1148 4832/841/1147 4836/710/908
f 4833/324/205 4831/322/202 4832/841/1147
f 4832/841/1147 4835/709/776 4836/710/908
f 4831/322/202 4837/328/30 4830/325/564
f 4830/325/564 4837/328/30 4838/329/199
f 4839/918/1149 4830/325/564 4838/329/199
f 4839/918/1149 4838/329/199 4840/330/197
f 4842/936/1150 4841/343/768 4839/918/1149
f 4839/918/1149 4843/351/776 4830/325/564
f 4842/936/1150 4839/918/1149 4840/330/197
f 4841/343/768 4843/351/776 4839/918/1149
f 4842/936/1150 4840/330/197 4844/334/779
f 4846/934/1151 4845/342/767 4842/936/1150
f 4846/934/1151 4842/936/1150 4844/334/779
f 4845/342/767 4841/343/768 4842/936/1150
f 4846/934/1151 4844/334/779 4847/338/1152
f 4849/931/1153 4848/341/766 4846/934/1151
f 4849/931/1153 4846/934/1151 4847/338/1152
f 4848/341/766 4845/342/767 4846/934/1151
f 4851/344/1154 4850/345/761 4845/342/767
f 4851/344/1154 4845/342/767 4848/341/766
f 4850/345/761 4841/343/768 4845/342/767
f 4852/347/765 4851/344/1154 4848/341/766
f 4853/346/772 4848/341/766 4849/931/1153
f 4852/347/765 4848/341/766 4853/346/772
f 4854/930/1155 4853/346/772 4849/931/1153
f 4856/935/1558 4849/931/1153 4855/807/1531
f 4849/931/1153 4847/338/1152 4855/807/1531
f 4857/550/1539 4852/347/765 4853/346/772
f 4858/553/1559 4853/346/772 4854/930/1155
f 4857/550/1539 4853/346/772 4858/553/1559
f 4859/932/1158 4858/553/1559 4854/930/1155
f 4860/554/1111 4857/550/1539 4858/553/1559
f 4861/557/1112 4858/553/1559 4859/932/1158
f 4860/554/1111 4858/553/1559 4861/557/1112
f 4857/550/1539 4862/551/1560 4852/347/765
f 4862/551/1560 4863/552/1561 4852/347/765
f 4851/344/1154 4852/347/765 4864/348/760
f 4852/347/765 4865/539/1161 4864/348/760
f 4864/348/760 4867/537/759 4866/349/757
f 4865/539/1161 4868/538/763 4864/348/760
f 4868/538/763 4867/537/759 4864/348/760
f 4851/344/1154 4864/348/760 4866/349/757
f 4850/345/761 4851/344/1154 4866/349/757
f 4866/349/757 4870/397/138 4869/352/756
f 4850/345/761 4866/349/757 4871/350/758
f 4867/537/759 4870/397/138 4866/349/757
f 4866/349/757 4869/352/756 4871/350/758
f 4850/345/761 4871/350/758 4841/343/768
f 4871/350/758 4872/353/806 4843/351/776
f 4871/350/758 4869/352/756 4873/394/755
f 4872/353/806 4871/350/758 4873/394/755
f 4871/350/758 4843/351/776 4841/343/768
f 4843/351/776 4874/355/2 4830/325/564
f 4872/353/806 4874/355/2 4843/351/776
f 4876/360/862 4875/356/835 4872/353/806
f 4872/353/806 4873/394/755 4877/391/867
f 4876/360/862 4872/353/806 4877/391/867
f 4875/356/835 4874/355/2 4872/353/806
f 4830/325/564 4874/355/2 4875/356/835
f 4878/917/1163 4830/325/564 4875/356/835
f 4878/917/1163 4875/356/835 4879/359/839
f 4879/359/839 4875/356/835 4876/360/862
f 4880/364/1164 4879/359/839 4876/360/862
f 4877/391/867 4881/368/1165 4876/360/862
f 4881/368/1165 4880/364/1164 4876/360/862
f 4882/924/1166 4878/917/1163 4879/359/839
f 4882/924/1166 4879/359/839 4883/363/847
f 4883/363/847 4879/359/839 4880/364/1164
f 4885/585/199 4878/917/1163 4884/584/197
f 4830/325/564 4878/917/1163 4885/585/199
f 4878/917/1163 4882/924/1166 4884/584/197
f 4886/923/1167 4882/924/1166 4883/363/847
f 4884/584/197 4882/924/1166 4887/583/662
f 4882/924/1166 4888/923/662 4887/583/662
f 4887/583/1439 4890/923/1439 4889/572/1439
f 4889/572/665 4892/920/1562 4891/573/1169
f 4893/923/1439 4892/920/1562 4889/572/665
f 4891/573/1169 4895/925/1170 4894/575/1171
f 4892/920/1562 4895/925/1170 4891/573/1169
f 4892/920/1563 4897/923/1494 4896/366/849
f 4899/919/1173 4892/920/1563 4898/371/872
f 4892/920/1563 4896/366/849 4898/371/872
f 4901/369/869 4896/366/849 4900/367/865
f 4902/923/1494 4883/363/847 4896/366/849
f 4896/366/849 4883/363/847 4900/367/865
f 4898/371/872 4896/366/849 4901/369/869
f 4903/379/1174 4898/371/872 4901/369/869
f 4899/919/1173 4898/371/872 4904/378/877
f 4904/378/877 4898/371/872 4903/379/1174
f 4905/921/1175 4899/919/1173 4904/378/877
f 4906/382/878 4904/378/877 4903/379/1174
f 4905/921/1175 4904/378/877 4907/381/880
f 4907/381/880 4904/378/877 4906/382/878
f 4903/379/1174 4901/369/869 4908/383/1176
f 4901/369/869 4909/385/874 4908/383/1176
f 4900/367/865 4910/370/868 4901/369/869
f 4910/370/868 4911/384/1474 4901/369/869
f 4913/389/369 4912/386/358 4910/370/868
f 4913/389/369 4910/370/868 4881/368/1165
f 4912/386/358 4911/384/1474 4910/370/868
f 4881/368/1165 4910/370/868 4900/367/865
f 4912/386/358 4914/387/359 4911/384/1474
f 4914/387/359 4915/388/1177 4911/384/1474
f 4914/387/359 4916/562/897 4915/388/1177
f 4918/928/1178 4915/388/1177 4917/563/1179
f 4916/562/897 4917/563/1179 4915/388/1177
f 4916/562/897 4919/565/1564 4917/563/1179
f 4921/929/1181 4917/563/1179 4920/566/1182
f 4919/565/1564 4920/566/1182 4917/563/1179
f 4922/568/1183 4918/928/1178 4917/563/1179
f 4923/569/1480 4921/929/1181 4920/566/1182
f 4924/390/138 4913/389/369 4881/368/1165
f 4880/364/1164 4881/368/1165 4900/367/865
f 4924/390/138 4881/368/1165 4877/391/867
f 4925/392/137 4924/390/138 4877/391/867
f 4925/392/137 4877/391/867 4926/393/51
f 4873/394/755 4926/393/51 4877/391/867
f 4927/510/51 4925/392/137 4926/393/51
f 4929/448/905 4928/449/132 4926/393/51
f 4928/449/132 4927/510/51 4926/393/51
f 4929/448/905 4926/393/51 4873/394/755
f 4930/451/133 4928/449/132 4929/448/905
f 4931/450/840 4930/451/133 4929/448/905
f 4932/447/906 4929/448/905 4873/394/755
f 4931/450/840 4929/448/905 4932/447/906
f 4934/454/241 4933/455/241 4931/450/241
f 4935/453/838 4931/450/840 4932/447/906
f 4935/453/838 4936/456/841 4931/450/840
f 4933/455/241 4937/451/241 4931/450/241
f 4936/456/841 4938/454/842 4931/450/840
f 4940/500/739 4933/455/739 4939/454/739
f 4942/501/282 4940/500/375 4941/454/739
f 4943/502/283 4940/500/375 4942/501/282
f 4944/503/843 4943/502/283 4942/501/282
f 4943/502/283 4944/503/843 4945/504/285
f 4947/506/844 4946/505/845 4944/503/843
f 4944/503/843 4946/505/845 4945/504/285
f 4948/507/846 4947/506/844 4944/503/843
f 4945/504/285 4946/505/845 4949/508/289
f 4946/505/845 4950/509/289 4949/508/289
f 4936/456/841 4935/453/838 4951/457/847
f 4953/461/1184 4936/456/841 4952/458/849
f 4953/461/1184 4954/459/850 4936/456/841
f 4936/456/841 4951/457/847 4952/458/849
f 4954/459/850 4955/460/1565 4936/456/841
f 4935/453/838 4932/447/906 4956/452/839
f 4935/453/838 4956/452/839 4951/457/847
f 4958/463/1186 4956/452/839 4957/441/1566
f 4932/447/906 4959/442/835 4956/452/839
f 4956/452/839 4959/442/835 4957/441/1566
f 4951/457/847 4956/452/839 4958/463/1186
f 4932/447/906 4960/446/2 4959/442/835
f 4960/446/2 4932/447/906 4873/394/755
f 4957/441/1566 4959/442/835 4961/435/680
f 4960/446/2 4962/443/2 4959/442/835
f 4959/442/835 4962/443/2 4961/435/680
f 4964/401/981 4963/433/776 4960/446/2
f 4963/433/776 4962/443/2 4960/446/2
f 4965/401/981 4960/446/2 4873/394/755
f 4967/400/1567 4966/401/1568 4873/394/755
f 4968/396/51 4967/400/1567 4873/394/755
f 4869/352/756 4968/396/51 4873/394/755
f 4967/400/1567 4968/396/51 4969/399/132
f 4971/403/1569 4967/400/1570 4970/402/133
f 4967/400/1570 4971/403/1569 4972/401/1571
f 4967/400/1567 4969/399/132 4973/402/133
f 4968/396/51 4974/398/51 4969/399/132
f 4869/352/756 4975/395/137 4968/396/51
f 4975/395/137 4974/398/51 4968/396/51
f 4870/397/138 4975/395/137 4869/352/756
f 4977/406/1572 4971/403/1573 4976/404/1468
f 4977/406/1572 4978/407/1461 4971/403/1573
f 4971/403/1573 4979/402/241 4976/404/1468
f 4971/403/1573 4981/405/809 4980/401/1574
f 4978/407/1461 4981/405/809 4971/403/1573
f 4977/406/1572 4976/404/1468 4982/408/830
f 4983/411/829 4977/406/1572 4982/408/830
f 4985/409/1469 4977/406/1572 4984/410/1470
f 4977/406/1572 4983/411/829 4984/410/1470
f 4983/411/829 4982/408/830 4986/412/1062
f 4987/413/1061 4983/411/829 4986/412/1062
f 4987/413/1061 4986/412/1062 4988/414/1063
f 4989/417/1064 4987/413/1061 4988/414/1063
f 4989/417/1064 4990/415/1523 4987/413/1061
f 4990/415/1523 4991/416/1575 4987/413/1061
f 4989/417/1064 4988/414/1063 4992/418/1067
f 4994/419/1191 4989/417/1069 4993/418/728
f 4994/419/1191 4995/420/1070 4989/417/1069
f 4995/420/1070 4996/421/1525 4989/417/1069
f 4978/407/1461 4997/422/805 4981/405/809
f 4999/423/1462 4998/424/814 4978/407/1461
f 4998/424/814 4997/422/805 4978/407/1461
f 4981/405/809 5001/425/804 5000/401/1576
f 4997/422/805 5001/425/804 4981/405/809
f 5003/427/1455 5002/426/1192 4997/422/805
f 5002/426/1192 5001/425/804 4997/422/805
f 5003/427/1455 4997/422/805 4998/424/814
f 5004/429/1577 5003/427/1455 4998/424/814
f 5005/428/817 4998/424/814 4999/423/1462
f 5004/429/1577 4998/424/814 5005/428/817
f 5007/431/1578 5006/430/1194 5003/427/1455
f 5006/430/1194 5002/426/1192 5003/427/1455
f 5002/426/1192 5008/432/1197 5001/425/804
f 5008/432/1197 5002/426/1192 5006/430/1194
f 5001/425/804 4963/433/776 5009/401/1576
f 5008/432/1197 4963/433/776 5001/425/804
f 5008/432/1197 4961/435/680 4963/433/776
f 5010/434/1196 5008/432/1197 5006/430/1194
f 4961/435/680 5008/432/1197 5010/434/1196
f 4961/435/680 4962/443/2 4963/433/776
f 4957/441/1566 4961/435/680 5011/445/1199
f 5012/438/685 4961/435/680 5010/434/1196
f 4961/435/680 5013/444/686 5011/445/1199
f 5006/430/1194 5014/436/205 5010/434/1196
f 5016/436/205 5015/439/202 5010/434/1196
f 5012/438/685 5010/434/1196 5015/439/202
f 5017/440/731 5012/438/685 5015/439/202
f 5007/431/1578 5018/437/1276 5006/430/1194
f 5018/437/1276 5019/436/207 5006/430/1194
f 5020/511/789 5018/437/1276 5007/431/1578
f 5021/512/790 5020/511/789 5007/431/1578
f 5023/514/1579 5022/513/1457 5007/431/1578
f 5022/513/1457 5021/512/790 5007/431/1578
f 5024/515/793 5020/511/789 5021/512/790
f 5025/516/794 5024/515/793 5021/512/790
f 5026/517/1206 5024/515/793 5025/516/794
f 5027/518/796 5026/517/1206 5025/516/794
f 5025/516/794 5029/519/1580 5028/520/1581
f 5027/518/796 5025/516/794 5028/520/1581
f 5030/521/1210 5026/517/1206 5027/518/796
f 5032/522/1211 5031/521/585 5027/518/1212
f 5032/522/1211 5027/518/1212 5033/524/802
f 5027/518/1212 5034/523/1582 5033/524/802
f 5011/445/1199 5013/444/686 5035/498/202
f 5013/444/686 5036/499/689 5035/498/202
f 5011/445/1199 5035/498/202 5037/486/205
f 5039/464/1201 5011/445/1199 5038/486/205
f 4957/441/1566 5011/445/1199 5039/464/1201
f 5041/468/1202 5039/464/1201 5040/487/252
f 4958/463/1186 4957/441/1566 5039/464/1201
f 4958/463/1186 5039/464/1201 5042/462/856
f 5039/464/1201 5043/486/207 5040/487/252
f 5039/464/1201 5041/468/1202 5042/462/856
f 5041/468/1202 5040/487/252 5044/488/291
f 5045/489/292 5041/468/1202 5044/488/291
f 5045/489/292 5044/488/291 5046/490/293
f 5047/491/1087 5045/489/292 5046/490/293
f 5046/490/293 5048/492/295 5047/491/1087
f 5050/495/1089 5047/491/1087 5049/494/1090
f 5048/492/295 5051/493/1088 5047/491/1087
f 5047/491/1087 5051/493/1088 5049/494/1090
f 5048/492/295 5052/496/299 5051/493/1088
f 5052/496/299 5053/497/299 5051/493/1088
f 5042/462/856 4951/457/847 4958/463/1186
f 5054/465/1203 4952/458/849 5042/462/856
f 5042/462/856 5056/466/1583 5055/467/1204
f 4952/458/849 4951/457/847 5042/462/856
f 5054/465/1203 5042/462/856 5055/467/1204
f 4953/461/1184 4952/458/849 5057/470/872
f 5057/470/872 4952/458/849 5054/465/1203
f 5058/469/1075 5057/470/872 5054/465/1203
f 5058/469/1075 5054/465/1203 5059/472/1076
f 5054/465/1203 5060/471/1077 5059/472/1076
f 5061/475/1078 4953/461/1184 5057/470/872
f 5061/475/1078 5057/470/872 5062/474/1043
f 5062/474/1043 5057/470/872 5058/469/1075
f 5061/475/1078 5063/484/1079 4953/461/1184
f 5063/484/1079 5064/485/1080 4953/461/1184
f 5065/477/1205 5061/475/1078 5062/474/1043
f 5066/473/1081 5062/474/1043 5058/469/1075
f 5065/477/1205 5062/474/1043 5067/476/1047
f 5067/476/1047 5062/474/1043 5066/473/1081
f 5068/480/1049 5065/477/1205 5067/476/1047
f 5065/477/1205 5068/480/1049 5069/481/1082
f 5070/478/1083 5067/476/1047 5066/473/1081
f 5066/473/1081 5071/479/1084 5070/478/1083
f 5071/479/1084 5072/483/1085 5070/478/1083
f 5068/480/1049 5073/482/1051 5069/481/1082
f 5074/527/1584 5004/429/1577 5005/428/817
f 5076/525/1467 5004/429/1577 5075/526/1585
f 5004/429/1577 5074/527/1584 5075/526/1585
f 5077/530/1464 5005/428/817 4999/423/1462
f 5078/528/822 5005/428/817 5077/530/1464
f 5074/527/1584 5005/428/817 5078/528/822
f 5079/529/825 5074/527/1584 5078/528/822
f 5080/531/826 5078/528/822 5077/530/1464
f 5081/532/827 5078/528/822 5080/531/826
f 5079/529/825 5078/528/822 5081/532/827
f 5082/535/1466 5077/530/1464 4999/423/1462
f 5083/536/1465 5082/535/1466 4999/423/1462
f 5084/533/827 5079/529/825 5081/532/827
f 5085/534/827 5081/532/827 5080/531/826
f 4900/367/865 4883/363/847 4880/364/1164
f 5086/922/1214 4905/921/1175 4907/381/880
f 5087/570/895 4907/381/880 4906/382/878
f 4895/925/1170 5088/926/1215 4894/575/1171
f 4894/575/1171 5088/926/1215 5089/578/1216
f 5088/926/1215 5090/927/1007 5089/578/1216
f 5092/916/1217 5091/618/835 4830/325/564
f 5094/587/30 5093/588/202 4830/325/564
f 5094/587/30 4830/325/564 4885/585/199
f 5091/618/835 5095/620/2 4830/325/564
f 4830/325/564 5095/620/2 4835/709/776
f 5093/588/202 5092/916/1217 4830/325/564
f 5093/588/202 5096/592/205 5092/916/1217
f 5098/915/1218 5097/615/839 5092/916/1217
f 5097/615/839 5091/618/835 5092/916/1217
f 5099/592/205 5098/915/1218 5092/916/1217
f 5101/888/1219 5100/887/1586 5097/615/839
f 5102/614/847 5097/615/839 5098/915/1218
f 5100/887/1586 5091/618/835 5097/615/839
f 5101/888/1219 5097/615/839 5102/614/847
f 5103/905/1221 5102/614/847 5098/915/1218
f 5105/592/207 5104/594/252 5098/915/1218
f 5104/594/252 5103/905/1221 5098/915/1218
f 5106/891/1222 5101/888/1219 5102/614/847
f 5107/609/849 5102/614/847 5103/905/1221
f 5106/891/1222 5102/614/847 5107/609/849
f 5108/904/1587 5107/609/849 5103/905/1221
f 5104/594/252 5109/598/291 5103/905/1221
f 5109/598/291 5108/904/1587 5103/905/1221
f 5110/893/1494 5106/891/1222 5107/609/849
f 5111/611/872 5107/609/849 5108/904/1587
f 5112/893/1142 5107/609/849 5111/611/872
f 5113/906/1588 5111/611/872 5108/904/1587
f 5109/598/291 5114/599/293 5108/904/1587
f 5114/599/293 5115/907/1589 5108/904/1587
f 5117/908/1225 5116/893/1142 5111/611/872
f 5118/637/1043 5111/611/872 5113/906/1588
f 5117/908/1225 5111/611/872 5118/637/1043
f 5119/909/1226 5118/637/1043 5113/906/1588
f 5120/910/1227 5117/908/1225 5118/637/1043
f 5121/641/1047 5118/637/1043 5119/909/1226
f 5120/910/1227 5118/637/1043 5121/641/1047
f 5122/911/1047 5121/641/1047 5119/909/1226
f 5123/912/1047 5120/910/1227 5121/641/1047
f 5114/599/293 5124/603/295 5115/907/1589
f 5124/603/295 5125/913/648 5115/907/1589
f 5124/603/295 5126/607/299 5125/913/648
f 5126/607/299 5127/914/299 5125/913/648
f 5101/888/1219 5106/891/1222 5128/890/1590
f 5106/891/1222 5130/893/633 5129/892/1229
f 5106/891/1222 5129/892/1229 5128/890/1590
f 5100/887/1586 5101/888/1219 5131/889/1230
f 5101/888/1219 5128/890/1590 5131/889/1230
f 5131/889/1230 5132/886/1231 5100/887/1586
f 5134/674/977 5131/889/1230 5133/673/975
f 5131/889/1230 5128/890/1590 5133/673/975
f 5132/886/1231 5131/889/1230 5134/674/977
f 5100/887/1586 5135/627/2 5091/618/835
f 5135/627/2 5100/887/1586 5136/625/1232
f 5132/886/1231 5136/625/1232 5100/887/1586
f 5137/676/981 5132/886/1231 5134/674/977
f 5139/885/1591 5138/873/1234 5136/625/1232
f 5135/627/2 5136/625/1232 5138/873/1234
f 5141/686/981 5140/684/977 5139/885/1591
f 5140/684/977 5138/873/1234 5139/885/1591
f 5140/684/977 5142/685/975 5138/873/1234
f 5142/685/975 5144/687/962 5143/875/1235
f 5142/685/975 5143/875/1235 5138/873/1234
f 5143/875/1235 5145/872/1236 5138/873/1234
f 5147/877/1237 5146/874/1238 5143/875/1235
f 5144/687/962 5147/877/1237 5143/875/1235
f 5146/874/1238 5145/872/1236 5143/875/1235
f 5144/687/962 5148/689/1000 5147/877/1237
f 5150/878/1239 5149/876/1240 5147/877/1237
f 5148/689/1000 5150/878/1239 5147/877/1237
f 5149/876/1240 5146/874/1238 5147/877/1237
f 5146/874/1238 5151/700/847 5145/872/1236
f 5149/876/1240 5152/699/1494 5146/874/1238
f 5152/699/1494 5151/700/847 5146/874/1238
f 5153/879/1241 5149/876/1240 5150/878/1239
f 5154/880/1242 5153/879/1241 5150/878/1239
f 5154/880/1242 5155/881/1243 5153/879/1241
f 5155/881/1243 5156/882/1244 5153/879/1241
f 5155/881/1243 5157/883/1592 5156/882/1244
f 5157/883/1592 5158/884/1246 5156/882/1244
f 5151/700/847 5159/702/839 5145/872/1236
f 5145/872/1236 5159/702/839 5160/871/1247
f 5145/872/1236 5160/871/1247 5138/873/1234
f 5159/702/839 5161/704/835 5160/871/1247
f 5160/871/1247 5161/704/835 5135/627/2
f 5160/871/1247 5135/627/2 5138/873/1234
f 5161/704/835 5162/758/2 5135/627/2
f 5162/758/2 5163/757/776 5135/627/2
f 5163/757/776 5165/755/768 5164/861/1248
f 5163/757/776 5164/861/1248 5135/627/2
f 5164/861/1248 5166/747/484 5135/627/2
f 5168/862/1249 5167/748/483 5164/861/1248
f 5165/755/768 5168/862/1249 5164/861/1248
f 5167/748/483 5166/747/484 5164/861/1248
f 5165/755/768 5169/756/1250 5168/862/1249
f 5171/863/1251 5170/752/1252 5168/862/1249
f 5169/756/1250 5171/863/1251 5168/862/1249
f 5170/752/1252 5167/748/483 5168/862/1249
f 5169/756/1250 5172/759/1253 5171/863/1251
f 5174/864/1254 5173/774/1255 5171/863/1251
f 5172/759/1253 5174/864/1254 5171/863/1251
f 5173/774/1255 5170/752/1252 5171/863/1251
f 5172/759/1253 5175/761/1593 5174/864/1254
f 5177/866/1257 5176/776/1594 5174/864/1254
f 5175/761/1593 5178/865/1259 5174/864/1254
f 5176/776/1594 5173/774/1255 5174/864/1254
f 5175/761/1593 5179/765/1595 5178/865/1259
f 5179/765/1595 5180/869/1596 5178/865/1259
f 5179/765/1595 5181/769/1262 5180/869/1596
f 5181/769/1262 5182/870/1263 5180/869/1596
f 5183/777/1264 5176/776/1594 5177/866/1257
f 5184/867/1265 5183/777/1264 5177/866/1257
f 5185/779/1266 5183/777/1264 5184/867/1265
f 5186/868/1267 5185/779/1266 5184/867/1265
f 5166/747/484 5187/746/2 5135/627/2
f 5187/746/2 5188/744/486 5135/627/2
f 5189/843/1268 4835/709/776 5135/627/2
f 5188/744/486 5189/843/1268 5135/627/2
f 5135/627/2 5095/620/2 5091/618/835
f 4835/709/776 5095/620/2 5135/627/2
f 5188/744/486 5190/743/487 5189/843/1268
f 5191/844/1269 4836/710/908 5189/843/1268
f 5190/743/487 5191/844/1269 5189/843/1268
f 4836/710/908 4835/709/776 5189/843/1268
f 5190/743/487 5192/730/1270 5191/844/1269
f 5194/846/1271 5193/712/912 5191/844/1269
f 5192/730/1270 5194/846/1271 5191/844/1269
f 5193/712/912 4836/710/908 5191/844/1269
f 4834/842/1148 4836/710/908 5193/712/912
f 5195/845/1597 4834/842/1148 5193/712/912
f 5193/712/912 5196/717/915 5195/845/1597
f 5196/717/915 5193/712/912 5194/846/1271
f 5192/730/1270 5197/731/1273 5194/846/1271
f 5198/848/1274 5196/717/915 5194/846/1271
f 5197/731/1273 5198/848/1274 5194/846/1271
f 5196/717/915 5200/720/817 5199/847/1275
f 5196/717/915 5199/847/1275 5195/845/1597
f 5200/720/817 5196/717/915 5198/848/1274
f 5195/845/1597 5201/716/1276 4834/842/1148
f 5199/847/1275 5202/788/789 5195/845/1597
f 5202/788/789 5201/716/1276 5195/845/1597
f 5201/716/1276 5203/324/207 4834/842/1148
f 5204/790/580 5202/788/789 5199/847/1275
f 5205/856/1277 5204/790/580 5199/847/1275
f 5200/720/817 5206/851/1598 5199/847/1275
f 5207/791/1279 5204/790/580 5205/856/1277
f 5208/857/1280 5207/791/1279 5205/856/1277
f 5209/795/1281 5207/791/1279 5208/857/1280
f 5210/858/585 5209/795/1281 5208/857/1280
f 5200/720/817 5212/726/822 5211/851/1282
f 5213/850/1283 5200/720/817 5198/848/1274
f 5212/726/822 5200/720/817 5213/850/1283
f 5212/726/822 5214/853/1599 5211/851/1282
f 5212/726/822 5215/781/827 5214/853/1599
f 5216/852/1600 5212/726/822 5213/850/1283
f 5215/781/827 5212/726/822 5216/852/1600
f 5215/781/827 5217/855/827 5214/853/1599
f 5218/854/827 5215/781/827 5216/852/1600
f 5197/731/1273 5219/733/1285 5198/848/1274
f 5219/733/1285 5220/849/1286 5198/848/1274
f 5219/733/1285 5221/737/1287 5220/849/1286
f 5221/737/1287 5222/859/1288 5220/849/1286
f 5221/737/1287 5223/739/588 5222/859/1288
f 5223/739/588 5224/860/589 5222/859/1288
f 5133/673/975 5128/890/1590 5225/672/962
f 5128/890/1590 5129/892/1229 5225/672/962
f 5225/672/962 5129/892/1229 5226/659/961
f 5228/893/633 5227/894/1601 5129/892/1229
f 5129/892/1229 5227/894/1601 5226/659/961
f 5226/659/961 5227/894/1601 5229/660/963
f 5231/893/635 5230/895/636 5227/894/635
f 5230/895/636 5232/897/1433 5227/894/635
f 5227/894/1601 5233/896/1290 5229/660/963
f 5234/663/1291 5229/660/963 5233/896/1290
f 5235/898/1291 5234/663/1291 5233/896/1290
f 5237/667/970 5234/663/970 5236/898/970
f 5239/899/970 5237/667/970 5238/898/970
f 5230/895/640 5241/901/640 5240/900/640
f 5232/897/1433 5230/895/636 5242/900/640
f 5241/901/588 5244/902/588 5243/900/588
f 5244/902/588 5246/903/588 5245/900/588
f 5247/540/1292 4868/538/763 4865/539/1161
f 5248/541/1602 5247/540/1292 4865/539/1161
f 5249/542/1293 5247/540/1292 5248/541/1602
f 5250/543/1603 5249/542/1293 5248/541/1602
f 5248/541/1602 5252/940/1604 5251/939/1605
f 5250/543/1603 5248/541/1602 5251/939/1605
f 5253/546/1121 5249/542/1293 5250/543/1603
f 5254/549/1122 5253/546/1121 5250/543/1603
f 5254/549/1122 5250/543/1603 5255/548/1606
f 5250/543/1603 5256/547/1297 5255/548/1606
f 5257/558/1112 4860/554/1111 4861/557/1112
f 5258/933/1298 4861/557/1112 4859/932/1158
f 4855/807/1531 5259/809/1299 4856/935/1558
f 5259/809/1299 5260/937/1300 4856/935/1558
f 5259/809/1299 5261/813/1301 5260/937/1300
f 5261/813/1301 5262/938/1302 5260/937/1300
f 5265/941/1303 5264/818/1304 5263/942/970
f 5264/818/1304 5265/941/1303 5266/943/1305
f 5264/818/1304 5267/824/970 5263/942/970
f 5268/823/1306 5264/818/1304 5266/943/1305
f 5268/823/1306 5266/943/1305 5269/944/1307
f 5270/827/1134 5268/823/1306 5269/944/1307
f 5273/945/1308 5272/830/872 5271/946/1142
f 5275/947/1309 5274/833/1310 5273/945/1308
f 5274/833/1310 5272/830/872 5273/945/1308
f 5272/830/872 5276/836/1142 5271/946/1142
f 5277/837/1311 5274/833/1310 5275/947/1309
f 5278/948/1312 5277/837/1311 5275/947/1309
