# Blender 4.5.2 LTS
# www.blender.org
mtllib sponza_LionFrames.mtl
o LionFrames
v -6.483038 2.169274 0.159239
v -6.483038 2.141373 0.194589
v -6.457749 2.173584 0.179612
v -6.455828 2.164943 0.213134
v -6.427786 2.231245 0.172854
v -6.404159 2.220844 0.195649
v -6.483038 2.166283 0.115223
v -6.466992 2.182999 0.127200
v -6.455984 2.162622 0.231599
v -6.390035 2.222552 0.231599
v -6.386868 2.288574 0.231599
v -6.388737 2.283962 0.210424
v -6.404159 2.220942 0.267549
v -6.455828 2.165078 0.250064
v -6.483038 2.141565 0.268609
v -6.483038 2.135874 0.231599
v -6.457749 2.173781 0.283586
v -6.427786 2.231380 0.290344
v -6.388737 2.283962 0.252774
v -6.483038 2.169513 0.303959
v -6.483038 2.166615 0.347974
v -6.466992 2.183295 0.335997
v -6.483038 1.239615 0.274899
v -6.483038 1.242527 0.309121
v -6.454114 1.217667 0.306351
v -6.483038 1.233622 0.231599
v -6.378974 1.211177 0.257567
v -6.376326 1.206985 0.231599
v -6.483038 1.268416 0.380796
v -6.483038 1.328852 0.449541
v -6.483038 2.115352 0.411718
v -6.457697 1.259069 0.388386
v -6.457697 1.259069 0.388386
v -6.381207 2.123240 0.480566
v -6.383128 2.138096 0.424776
v -6.483038 2.107708 0.486439
v -6.387958 2.187044 0.383042
v -6.433187 2.205260 0.427167
v -6.436770 2.245406 0.387460
v -6.392216 2.237160 0.363763
v -6.443313 2.239896 0.313859
v -6.446637 2.269641 0.406250
v -6.435784 2.266769 0.377602
v -6.405354 2.268530 0.364012
v -6.413351 2.280764 0.345545
v -6.434485 2.293034 0.316504
v -6.466992 2.183295 0.335997
v -6.447831 2.288532 0.383259
v -6.437289 2.278915 0.366108
v -6.421763 2.296005 0.374217
v -6.426436 2.315135 0.362598
v -6.461956 2.338679 0.338484
v -6.413351 2.280764 0.345545
v -6.426436 2.315135 0.362598
v -6.450999 2.302459 0.391060
v -6.443418 2.301945 0.381466
v -6.443418 2.301945 0.381466
v -6.462474 2.328532 0.414899
v -6.426436 2.315135 0.362598
v -6.423113 2.314450 0.380604
v -6.443418 2.301945 0.381466
v -6.487245 2.352887 0.340065
v -6.427994 2.339884 0.405753
v -6.487245 2.363132 0.322283
v -6.487245 2.361938 0.357552
v -6.487192 2.375174 0.388890
v -6.421296 2.350062 0.444386
v -6.487192 2.374453 0.432282
v -6.447986 2.339832 0.450755
v -6.443418 2.335688 0.487812
v -6.420205 2.341821 0.488202
v -6.487192 2.361014 0.486028
v -6.443676 2.326300 0.523621
v -6.420362 2.332848 0.525092
v -6.420362 2.332848 0.525092
v -6.436562 2.305632 0.474776
v -6.443780 2.292977 0.526815
v -6.402758 2.298357 0.434200
v -6.433862 2.301306 0.436024
v -6.443780 2.292977 0.526815
v -6.409040 2.303389 0.475005
v -6.405769 2.265165 0.469726
v -6.410339 2.244617 0.458040
v -6.407587 2.259125 0.415843
v -6.405198 2.260278 0.498455
v -6.417297 2.288231 0.523297
v -6.421296 2.230014 0.517121
v -6.412883 2.213787 0.439989
v -6.414493 2.203656 0.482428
v -6.412883 2.213787 0.439989
v -6.402758 2.298357 0.434200
v -6.432407 2.189614 0.488096
v -6.383492 2.133101 0.528051
v -6.483038 2.109879 0.522854
v -6.438692 2.116037 0.539075
v -6.438692 2.116037 0.539075
v -6.384531 2.184474 0.562787
v -6.483038 2.070538 0.549803
v -6.449752 2.073087 0.558963
v -6.404366 2.179940 0.570698
v -6.483038 1.431484 0.562575
v -6.483038 1.499858 0.603312
v -6.483038 2.015562 0.578108
v -6.483038 1.499858 0.603312
v -6.456191 2.135822 0.601064
v -6.466369 2.017680 0.585279
v -6.474469 1.947468 0.615670
v -6.483038 1.946933 0.605399
v -6.483038 1.582553 0.629433
v -6.483038 1.499858 0.603312
v -6.477949 2.065464 0.630637
v -6.460242 2.206885 0.606029
v -6.478936 2.250438 0.638382
v -6.484233 2.221675 0.682102
v -6.478001 2.269205 0.593396
v -6.436199 2.251653 0.566137
v -6.473743 2.278541 0.618879
v -6.464240 2.294109 0.597648
v -6.464240 2.294109 0.597648
v -6.412935 2.304303 0.575529
v -6.426592 2.287639 0.597448
v -6.466785 2.305528 0.575391
v -6.418647 2.302553 0.560911
v -6.412468 2.317903 0.547401
v -6.407846 2.288449 0.603321
v -6.435056 2.269054 0.622202
v -6.412935 2.304303 0.575529
v -6.409664 2.308540 0.588517
v -6.437393 2.272341 0.640495
v -6.413299 2.289618 0.626932
v -6.409664 2.308540 0.588517
v -6.433965 2.284887 0.650150
v -6.469225 2.278941 0.641072
v -6.433965 2.284887 0.650150
v -6.415012 2.307258 0.608595
v -6.487192 2.331472 0.567535
v -6.487192 2.326705 0.589664
v -6.424099 2.304910 0.627038
v -6.424099 2.304910 0.627038
v -6.424827 2.306754 0.632523
v -6.446325 2.286029 0.653897
v -6.442430 2.264848 0.675424
v -6.446325 2.286029 0.653897
v -6.446325 2.286029 0.653897
v -6.415012 2.261680 0.679613
v -6.455932 2.235077 0.694068
v -6.483142 2.183861 0.707416
v -6.469589 2.204969 0.702119
v -6.425761 2.227833 0.696278
v -6.441600 2.192252 0.704747
v -6.433706 2.162965 0.736905
v -6.406288 2.210422 0.722614
v -6.454582 2.168147 0.717001
v -6.466318 2.143492 0.735147
v -6.470731 2.129279 0.748127
v -6.433965 2.153934 0.756867
v -6.433965 2.153934 0.756867
v -6.405042 2.196167 0.744077
v -6.408262 2.259053 0.705414
v -6.464396 2.131782 0.756960
v -6.443832 2.158431 0.764614
v -6.443832 2.158431 0.764614
v -6.470939 2.085078 0.743023
v -6.470472 2.116853 0.759640
v -6.459878 2.068455 0.752084
v -6.458528 2.100858 0.766827
v -6.464396 2.131782 0.756960
v -6.434745 2.020474 0.748091
v -6.463565 2.029717 0.736727
v -6.427112 2.054289 0.759993
v -6.431733 2.022021 0.782062
v -6.438743 1.974372 0.738352
v -6.465641 1.978537 0.727556
v -6.470264 2.039293 0.725547
v -6.445130 1.933806 0.734935
v -6.443261 1.921940 0.758965
v -6.447935 1.973915 0.779518
v -6.469589 1.983236 0.715602
v -6.459929 1.935862 0.723441
v -6.478884 1.997599 0.670626
v -6.465279 1.933494 0.709548
v -6.435680 1.911066 0.722475
v -6.459099 1.914125 0.676891
v -6.439886 1.891401 0.679595
v -6.459099 1.914125 0.676891
v -6.459099 1.914125 0.676891
v -6.483038 1.856111 0.645292
v -6.459099 1.914125 0.676891
v -6.483038 1.792275 0.648510
v -6.441236 1.821895 0.660453
v -6.459099 1.914125 0.676891
v -6.483038 1.672841 0.648692
v -6.473224 1.673651 0.659708
v -6.483038 1.672841 0.648692
v -6.483038 1.499858 0.603312
v -6.469796 1.585383 0.643695
v -6.468602 1.474460 0.646840
v -6.456658 1.501036 0.619756
v -6.466940 1.568460 0.677950
v -6.483038 1.499858 0.603312
v -6.466836 1.358810 0.673470
v -6.442067 1.396090 0.604568
v -6.467772 1.426597 0.708137
v -6.460709 1.428020 0.576226
v -6.483038 1.499858 0.603312
v -6.453024 1.319200 0.560470
v -6.455775 1.368625 0.523402
v -6.483038 1.379732 0.513327
v -6.459151 1.315552 0.458062
v -6.457697 1.259069 0.388386
v -6.445650 1.280053 0.485872
v -6.457801 1.221442 0.420931
v -6.457697 1.259069 0.388386
v -6.404679 1.272070 0.545393
v -6.417037 1.254926 0.499517
v -6.487296 1.191506 0.454729
v -6.487296 1.228603 0.496145
v -6.419374 1.208804 0.452006
v -6.487245 1.136160 0.422783
v -6.451881 1.148853 0.373346
v -6.412104 1.149812 0.417199
v -6.394500 1.105942 0.409847
v -6.405146 1.081912 0.358359
v -6.436874 1.099080 0.435934
v -6.427734 1.120630 0.433000
v -6.487245 1.076158 0.388441
v -6.405146 1.081912 0.358359
v -6.487245 1.092302 0.436801
v -6.487245 1.076158 0.388441
v -6.487245 1.082598 0.409427
v -6.461073 1.112669 0.455532
v -6.461073 1.112669 0.455532
v -6.487245 1.135080 0.457206
v -6.427734 1.120630 0.433000
v -6.487245 1.141141 0.442812
v -6.487245 1.136160 0.422783
v -6.394500 1.105942 0.409847
v -6.487245 1.110918 0.457481
v -6.461073 1.112669 0.455532
v -6.487245 1.092302 0.436801
v -6.487245 1.110918 0.457481
v -6.394500 1.105942 0.409847
v -6.487245 1.066548 0.372668
v -6.374768 1.082382 0.305485
v -6.487245 1.052590 0.322194
v -6.487245 1.047698 0.289797
v -6.395747 1.071269 0.263749
v -6.368640 1.117215 0.305143
v -6.487245 1.047698 0.289797
v -6.371185 1.120572 0.260496
v -6.412000 1.087712 0.231599
v -6.371185 1.120572 0.260496
v -6.418907 1.040734 0.256694
v -6.412000 1.087712 0.231599
v -6.371185 1.120572 0.260496
v -6.398188 1.175939 0.272205
v -6.401407 1.168212 0.302865
v -6.407742 1.199127 0.289066
v -6.371185 1.120572 0.260496
v -6.389931 1.183590 0.231599
v -6.404004 1.165051 0.231599
v -6.388477 1.188132 0.255976
v -6.388477 1.188132 0.255976
v -6.398188 1.175939 0.190993
v -6.371185 1.120572 0.202701
v -6.395747 1.071269 0.199449
v -6.371185 1.120572 0.202701
v -6.418907 1.040734 0.206504
v -6.415947 1.048096 0.231599
v -6.368640 1.117215 0.158055
v -6.371185 1.120572 0.202701
v -6.374768 1.082382 0.157713
v -6.487245 1.047698 0.173402
v -6.374768 1.082382 0.157713
v -6.401407 1.168212 0.160333
v -6.451881 1.148853 0.089852
v -6.371185 1.120572 0.202701
v -6.407742 1.199127 0.174132
v -6.378974 1.211177 0.205631
v -6.388477 1.188132 0.207222
v -6.454114 1.217667 0.156848
v -6.483038 1.239615 0.188299
v -6.388477 1.188132 0.255976
v -6.483038 1.242527 0.154078
v -6.483038 1.268579 0.082402
v -6.387958 2.186654 0.080156
v -6.383128 2.137598 0.038421
v -6.483038 2.114874 0.051480
v -6.457697 1.259231 0.074812
v -6.483038 1.329298 0.013658
v -6.457801 1.221567 0.042267
v -6.459151 1.315998 0.005136
v -6.483038 2.107106 -0.023241
v -6.483038 1.380361 -0.050129
v -6.455775 1.369269 -0.060204
v -6.453024 1.319839 -0.097271
v -6.445650 1.280481 -0.022674
v -6.460709 1.432045 -0.113028
v -6.483038 2.109219 -0.059656
v -6.483038 1.435197 -0.099377
v -6.381207 2.122643 -0.017368
v -6.383492 2.132431 -0.064853
v -6.438692 2.115347 -0.075877
v -6.483038 2.070616 -0.086605
v -6.456658 1.508665 -0.156558
v -6.483038 1.507164 -0.140114
v -6.449752 2.073067 -0.095766
v -6.483038 2.015047 -0.114910
v -6.483038 2.015047 -0.114910
v -6.404366 2.179224 -0.107501
v -6.456191 2.134830 -0.137866
v -6.466369 2.017078 -0.122081
v -6.483038 2.015047 -0.114910
v -6.474469 1.948969 -0.152473
v -6.483038 2.015047 -0.114910
v -6.477949 2.063746 -0.167439
v -6.459099 1.916477 -0.213693
v -6.478884 1.997309 -0.207429
v -6.483038 1.860520 -0.182094
v -6.483038 1.860520 -0.182094
v -6.483038 1.948486 -0.142201
v -6.483038 2.015047 -0.114910
v -6.465279 1.934990 -0.246350
v -6.469589 1.983200 -0.252404
v -6.465279 1.934990 -0.246350
v -6.470264 2.038088 -0.262349
v -6.465641 1.978589 -0.264359
v -6.459929 1.937207 -0.260243
v -6.465279 1.934990 -0.246350
v -6.465641 1.978589 -0.264359
v -6.470939 2.083759 -0.279826
v -6.463565 2.028658 -0.273530
v -6.465641 1.978589 -0.264359
v -6.484233 2.220688 -0.218904
v -6.483142 2.183362 -0.244218
v -6.481169 2.145559 -0.270408
v -6.469589 2.204793 -0.238921
v -6.466318 2.142713 -0.271950
v -6.454582 2.167477 -0.253803
v -6.470731 2.128479 -0.284929
v -6.464396 2.131154 -0.293765
v -6.433706 2.162534 -0.273706
v -6.441600 2.191806 -0.241550
v -6.425761 2.226935 -0.233080
v -6.406288 2.210708 -0.259417
v -6.433965 2.153696 -0.293666
v -6.433965 2.153696 -0.293666
v -6.464396 2.131154 -0.293765
v -6.481169 2.145559 -0.270408
v -6.458528 2.099898 -0.303631
v -6.470472 2.116027 -0.296444
v -6.443832 2.158458 -0.301419
v -6.459878 2.067157 -0.288889
v -6.464396 2.131154 -0.293765
v -6.427112 2.053038 -0.296797
v -6.434745 2.019555 -0.284893
v -6.431733 2.021118 -0.318867
v -6.424152 2.078680 -0.310091
v -6.438743 1.974512 -0.275154
v -6.465641 1.978589 -0.264359
v -6.445130 1.935161 -0.271738
v -6.443261 1.923493 -0.295769
v -6.447935 1.973905 -0.316322
v -6.465641 1.978589 -0.264359
v -6.435680 1.913253 -0.259277
v -6.426332 1.903620 -0.291038
v -6.465641 1.978589 -0.264359
v -6.465279 1.934990 -0.246350
v -6.439886 1.894548 -0.216397
v -6.465279 1.934990 -0.246350
v -6.421399 1.840481 -0.242295
v -6.418232 1.855415 -0.287191
v -6.421919 1.852362 -0.263930
v -6.451363 1.813841 -0.272511
v -6.470212 1.776848 -0.299596
v -6.418595 1.837614 -0.308725
v -6.480181 1.748329 -0.267041
v -6.451258 1.746657 -0.259936
v -6.439158 1.789129 -0.261586
v -6.415636 1.803347 -0.325176
v -6.480286 1.725049 -0.312854
v -6.423321 1.879333 -0.318747
v -6.419374 1.831097 -0.341601
v -6.424359 1.728207 -0.332945
v -6.473743 1.901444 -0.326921
v -6.454374 1.906024 -0.319989
v -6.457282 1.863926 -0.352937
v -6.432356 1.739122 -0.358909
v -6.404108 1.622647 -0.326095
v -6.454062 1.761560 -0.368443
v -6.431318 1.627575 -0.352724
v -6.471458 1.922755 -0.361713
v -6.452349 1.875137 -0.380802
v -6.422698 1.938620 -0.361017
v -6.461487 1.902581 -0.382780
v -6.468290 1.968868 -0.342998
v -6.416103 1.975426 -0.348118
v -6.487245 1.910693 -0.404133
v -6.487245 1.879323 -0.403048
v -6.487245 1.910693 -0.404133
v -6.421296 1.918492 -0.378787
v -6.414545 1.959780 -0.407259
v -6.487192 1.949737 -0.415147
v -6.421296 1.918492 -0.378787
v -6.415168 1.928956 -0.397912
v -6.487192 2.002263 -0.411860
v -6.414545 1.959780 -0.407259
v -6.418803 1.995715 -0.406615
v -6.487192 2.047061 -0.398914
v -6.418803 1.995715 -0.406615
v -6.408313 1.975945 -0.386150
v -6.414078 2.006178 -0.386238
v -6.419634 2.007809 -0.370369
v -6.411222 1.969813 -0.377276
v -6.421556 2.038815 -0.376050
v -6.425657 2.038810 -0.393503
v -6.487192 2.078545 -0.386675
v -6.422230 2.068372 -0.379799
v -6.420413 2.062235 -0.362351
v -6.452245 2.089679 -0.376876
v -6.425969 2.096518 -0.357486
v -6.423840 2.031898 -0.355881
v -6.425398 2.068419 -0.345781
v -6.423373 2.098340 -0.342510
v -6.457490 2.123427 -0.352371
v -6.468238 2.110216 -0.369694
v -6.454686 2.131304 -0.338480
v -6.454686 2.131304 -0.338480
v -6.427786 2.058273 -0.332005
v -6.425917 2.094409 -0.324517
v -6.444196 2.051184 -0.344467
v -6.449700 2.023283 -0.327310
v -6.453751 2.121142 -0.318991
v -6.434901 2.177266 -0.318244
v -6.419738 2.223575 -0.292228
v -6.433343 2.208786 -0.297182
v -6.419738 2.223575 -0.292228
v -6.407431 2.178356 -0.315315
v -6.421296 2.179037 -0.296309
v -6.414752 2.222298 -0.283117
v -6.419738 2.223575 -0.292228
v -6.405042 2.196594 -0.280880
v -6.406704 2.231235 -0.281909
v -6.410028 2.249020 -0.262884
v -6.402082 2.254893 -0.264836
v -6.408262 2.258419 -0.242217
v -6.417661 2.287026 -0.225438
v -6.419270 2.293030 -0.228057
v -6.419270 2.293030 -0.228057
v -6.413766 2.285276 -0.195331
v -6.415012 2.260938 -0.216416
v -6.446325 2.285354 -0.190699
v -6.442430 2.264121 -0.212227
v -6.455932 2.234241 -0.230871
v -6.413766 2.285276 -0.195331
v -6.469225 2.278271 -0.177874
v -6.433965 2.284212 -0.186953
v -6.413766 2.285276 -0.195331
v -6.433965 2.284212 -0.186953
v -6.473743 2.277892 -0.155681
v -6.437393 2.271656 -0.177298
v -6.478936 2.249727 -0.175184
v -6.460242 2.206148 -0.142832
v -6.478001 2.268576 -0.130199
v -6.464240 2.293512 -0.134450
v -6.436199 2.251019 -0.102940
v -6.464240 2.293512 -0.134450
v -6.436199 2.251019 -0.102940
v -6.438692 2.115347 -0.075877
v -6.384531 2.183778 -0.099590
v -6.414182 2.251237 -0.093638
v -6.421296 2.229428 -0.053924
v -6.432407 2.189028 -0.024899
v -6.433187 2.204798 0.036031
v -6.414493 2.203095 -0.019230
v -6.412883 2.213314 0.023208
v -6.410339 2.244149 0.005158
v -6.412883 2.213314 0.023208
v -6.412883 2.213314 0.023208
v -6.407587 2.258767 0.047355
v -6.402758 2.298035 0.028997
v -6.405769 2.264708 -0.006528
v -6.446637 2.269319 0.056948
v -6.402758 2.298035 0.028997
v -6.446637 2.269319 0.056948
v -6.412883 2.213314 0.023208
v -6.446637 2.269319 0.056948
v -6.433862 2.300990 0.027173
v -6.446637 2.269319 0.056948
v -6.462474 2.328330 0.048299
v -6.436562 2.305248 -0.011578
v -6.447986 2.339578 0.012443
v -6.443418 2.335356 -0.024614
v -6.443780 2.292474 -0.063617
v -6.409040 2.302999 -0.011808
v -6.443780 2.292474 -0.063617
v -6.421296 2.349854 0.018812
v -6.420205 2.341499 -0.025004
v -6.443676 2.325879 -0.060424
v -6.443780 2.292474 -0.063617
v -6.427994 2.339723 0.057445
v -6.487192 2.375169 0.074308
v -6.487192 2.374349 0.030915
v -6.487192 2.375169 0.074308
v -6.487192 2.375169 0.074308
v -6.487245 2.361938 0.105646
v -6.487245 2.352887 0.123133
v -6.423113 2.314283 0.082594
v -6.461956 2.338679 0.124714
v -6.487245 2.363132 0.140915
v -6.426436 2.315011 0.100600
v -6.450999 2.302241 0.072138
v -6.426436 2.315011 0.100600
v -6.446637 2.269319 0.056948
v -6.446637 2.269319 0.056948
v -6.447831 2.288299 0.079939
v -6.447831 2.288299 0.079939
v -6.443418 2.301748 0.081732
v -6.443418 2.301748 0.081732
v -6.421763 2.295807 0.088981
v -6.413351 2.280598 0.117653
v -6.413351 2.280598 0.117653
v -6.443418 2.301748 0.081732
v -6.447831 2.288299 0.079939
v -6.426436 2.315011 0.100600
v -6.447831 2.288299 0.079939
v -6.413351 2.280598 0.117653
v -6.447831 2.288299 0.079939
v -6.450531 2.354159 0.165951
v -6.434485 2.292967 0.146693
v -6.413351 2.280598 0.117653
v -6.487245 2.366830 0.160680
v -6.426177 2.373866 0.178908
v -6.487245 2.366830 0.160680
v -6.445598 2.347466 0.176588
v -6.406704 2.378399 0.200361
v -6.487245 2.381250 0.176047
v -6.487245 2.381250 0.176047
v -6.428981 2.364659 0.183052
v -6.426177 2.373866 0.178908
v -6.487192 2.398516 0.190464
v -6.487245 2.381250 0.176047
v -6.394553 2.374557 0.231599
v -6.407431 2.366715 0.201390
v -6.450531 2.354159 0.165951
v -6.416415 2.278401 0.171009
v -6.438847 2.344926 0.215667
v -6.413351 2.280598 0.117653
v -6.443313 2.239725 0.149338
v -6.466992 2.182999 0.127200
v -6.405354 2.268296 0.099185
v -6.392216 2.236874 0.099435
v -6.413351 2.280598 0.117653
v -6.436770 2.245079 0.075737
v -6.435784 2.266504 0.085596
v -6.405354 2.268296 0.099185
v -6.446637 2.269319 0.056948
v -6.446637 2.269319 0.056948
v -6.446637 2.269319 0.056948
v -6.412883 2.213314 0.023208
v -6.446637 2.269319 0.056948
v -6.447831 2.288299 0.079939
v -6.437289 2.278697 0.097090
v -6.447831 2.288299 0.079939
v -6.413351 2.280598 0.117653
v -6.413351 2.280598 0.117653
v -6.413351 2.280598 0.117653
v -6.447831 2.288299 0.079939
v -6.436199 2.343327 0.231599
v -6.430123 2.365485 0.204344
v -6.437653 2.362203 0.231599
v -6.406704 2.378399 0.200361
v -6.410806 2.365085 0.231599
v -6.407431 2.366715 0.261807
v -6.430123 2.365485 0.258854
v -6.436199 2.343327 0.231599
v -6.406704 2.378399 0.200361
v -6.406704 2.378399 0.262836
v -6.406704 2.378399 0.262836
v -6.428981 2.364659 0.280146
v -6.406704 2.378399 0.262836
v -6.438847 2.344926 0.247531
v -6.426177 2.373866 0.284289
v -6.445598 2.347466 0.286610
v -6.445598 2.347466 0.286610
v -6.487245 2.381250 0.287151
v -6.487192 2.398516 0.272733
v -6.487192 2.398516 0.272733
v -6.426177 2.373866 0.284289
v -6.487245 2.381250 0.287151
v -6.487192 2.404649 0.231599
v -6.487192 2.404649 0.231599
v -6.487245 2.366830 0.302518
v -6.487245 2.381250 0.287151
v -6.450531 2.354159 0.297247
v -6.487245 2.366830 0.302518
v -6.445598 2.347466 0.286610
v -6.445598 2.347466 0.286610
v -6.416415 2.278448 0.292189
v -6.445598 2.347466 0.286610
v -6.445598 2.347466 0.286610
v -6.445598 2.347466 0.286610
v -6.450531 2.354159 0.297247
v -6.487192 2.360759 -0.022831
v -6.420362 2.332438 -0.061895
v -6.487192 2.344672 -0.069089
v -6.420362 2.332438 -0.061895
v -6.459826 2.308016 -0.086928
v -6.443780 2.292474 -0.063617
v -6.412468 2.317425 -0.084204
v -6.418647 2.302023 -0.097714
v -6.466785 2.304988 -0.112194
v -6.443780 2.292474 -0.063617
v -6.412935 2.303752 -0.112331
v -6.464240 2.293512 -0.134450
v -6.417297 2.287727 -0.060100
v -6.443780 2.292474 -0.063617
v -6.405198 2.259769 -0.035257
v -6.443780 2.292474 -0.063617
v -6.426592 2.287026 -0.134251
v -6.407846 2.287831 -0.140124
v -6.435056 2.268379 -0.159004
v -6.412935 2.303752 -0.112331
v -6.409664 2.307985 -0.125319
v -6.413299 2.288974 -0.163734
v -6.409664 2.307985 -0.125319
v -6.415012 2.306671 -0.145398
v -6.433965 2.284212 -0.186953
v -6.487192 2.331009 -0.104337
v -6.415012 2.306671 -0.145398
v -6.422178 2.324269 -0.094686
v -6.412935 2.303752 -0.112331
v -6.487192 2.326196 -0.126466
v -6.424152 2.304298 -0.163840
v -6.487192 2.318183 -0.147399
v -6.424827 2.306141 -0.169325
v -6.487192 2.312866 -0.177979
v -6.487192 2.302273 -0.202937
v -6.419167 2.294520 -0.182749
v -6.413766 2.285276 -0.195331
v -6.412468 2.317425 -0.084204
v -6.487192 2.331009 -0.104337
v -6.487192 2.344672 -0.069089
v -6.422178 2.324269 -0.094686
v -6.424152 2.304298 -0.163840
v -6.424827 2.306141 -0.169325
v -6.424827 2.306141 -0.169325
v -6.419167 2.294520 -0.182749
v -6.487192 2.302273 -0.202937
v -6.487192 2.305020 -0.209394
v -6.417661 2.287026 -0.225438
v -6.431266 2.296171 -0.232676
v -6.487192 2.298617 -0.236529
v -6.402082 2.254893 -0.264836
v -6.431266 2.296171 -0.232676
v -6.403744 2.262049 -0.271364
v -6.432564 2.270555 -0.276378
v -6.487192 2.270653 -0.279282
v -6.487192 2.298617 -0.236529
v -6.422750 2.253580 -0.285422
v -6.422750 2.253580 -0.285422
v -6.431837 2.240322 -0.292737
v -6.487192 2.244632 -0.297119
v -6.422750 2.253580 -0.285422
v -6.425035 2.219151 -0.311218
v -6.487192 2.220865 -0.316722
v -6.487192 2.196074 -0.339711
v -6.433810 2.193047 -0.336543
v -6.487192 2.170687 -0.356058
v -6.433810 2.193047 -0.336543
v -6.441807 2.167228 -0.353041
v -6.419167 2.185538 -0.330628
v -6.425761 2.157564 -0.344966
v -6.441807 2.167228 -0.353041
v -6.417349 2.142510 -0.337083
v -6.433446 2.126262 -0.353923
v -6.453075 2.129985 -0.361946
v -6.453075 2.129985 -0.361946
v -6.453075 2.129985 -0.361946
v -6.450635 2.145086 -0.362076
v -6.463877 2.110528 -0.378662
v -6.451206 2.131014 -0.381591
v -6.453075 2.129985 -0.361946
v -6.453075 2.129985 -0.361946
v -6.449596 2.101726 -0.382105
v -6.487192 2.155118 -0.360217
v -6.487141 2.157585 -0.377894
v -6.444300 2.126662 -0.387360
v -6.463877 2.110528 -0.378662
v -6.452245 2.089679 -0.376876
v -6.487192 2.078545 -0.386675
v -6.452245 2.089679 -0.376876
v -6.487192 2.091543 -0.390818
v -6.444300 2.126662 -0.387360
v -6.452245 2.089679 -0.376876
v -6.457490 2.123427 -0.352371
v -6.453075 2.129985 -0.361946
v -6.453075 2.129985 -0.361946
v -6.457490 2.123427 -0.352371
v -6.431837 2.240322 -0.292737
v -6.422750 2.253580 -0.285422
v -6.413713 2.237056 -0.287311
v -6.422750 2.253580 -0.285422
v -6.414752 2.222298 -0.283117
v -6.422750 2.253580 -0.285422
v -6.487141 2.111816 -0.403795
v -6.443573 2.120410 -0.394443
v -6.444923 2.155903 -0.396214
v -6.487141 2.156032 -0.404948
v -6.442379 2.159024 -0.385013
v -6.439886 2.183170 -0.374726
v -6.441184 2.178746 -0.385350
v -6.487141 2.156032 -0.404948
v -6.487141 2.185190 -0.369949
v -6.487141 2.185190 -0.369949
v -6.445806 2.201091 -0.375105
v -6.487141 2.203474 -0.366900
v -6.445806 2.201091 -0.375105
v -6.487141 2.203474 -0.366900
v -6.487141 2.222817 -0.358426
v -6.487141 2.232663 -0.366433
v -6.487141 2.215521 -0.358125
v -6.487141 2.213055 -0.386815
v -6.487141 2.180096 -0.398696
v -6.445806 2.201091 -0.375105
v -6.487141 2.232663 -0.366433
v -6.487192 2.155118 -0.360217
v -6.450635 2.145086 -0.362076
v -6.451206 2.131014 -0.381591
v -6.472497 1.976927 -0.322746
v -6.446948 2.018376 -0.336569
v -6.417765 2.013204 -0.343325
v -6.405769 1.983444 -0.358867
v -6.461487 1.902581 -0.382780
v -6.454374 1.906024 -0.319989
v -6.487245 1.793252 -0.404361
v -6.487245 1.702409 -0.393701
v -6.487245 1.624937 -0.368853
v -6.487245 1.505030 -0.326770
v -6.410182 1.410759 -0.253707
v -6.400784 1.504220 -0.293708
v -6.487245 1.402524 -0.277414
v -6.471770 1.635468 -0.312090
v -6.462994 1.528512 -0.285129
v -6.455724 1.718252 -0.243885
v -6.468550 1.660051 -0.233936
v -6.456347 1.764131 -0.201750
v -6.440405 1.733119 -0.244448
v -6.473224 1.682027 -0.196511
v -6.466940 1.577101 -0.214752
v -6.467772 1.432335 -0.244939
v -6.469796 1.594144 -0.180497
v -6.468602 1.481527 -0.183642
v -6.403796 1.340085 -0.212342
v -6.466836 1.360140 -0.210272
v -6.487245 1.314359 -0.224507
v -6.487245 1.265127 -0.182949
v -6.400265 1.285821 -0.169580
v -6.487245 1.265127 -0.182949
v -6.471095 1.317146 -0.173790
v -6.442067 1.398774 -0.141370
v -6.487245 1.235503 -0.141044
v -6.487245 1.265127 -0.182949
v -6.403432 1.257027 -0.135555
v -6.487245 1.235503 -0.141044
v -6.403432 1.257027 -0.135555
v -6.463981 1.290305 -0.141003
v -6.396214 1.273117 -0.116809
v -6.403432 1.257027 -0.135555
v -6.404679 1.272588 -0.082194
v -6.487245 1.229161 -0.116436
v -6.487296 1.241059 -0.076195
v -6.487245 1.229161 -0.116436
v -6.487245 1.241301 -0.102136
v -6.487296 1.228900 -0.032946
v -6.417037 1.255319 -0.036319
v -6.483038 1.591225 -0.166235
v -6.483038 2.015047 -0.114910
v -6.483038 2.015047 -0.114910
v -6.483038 1.681227 -0.185494
v -6.483038 1.798502 -0.185312
v -6.483038 1.948486 -0.142201
v -6.441236 1.827379 -0.197255
v -6.483038 1.860520 -0.182094
v -6.483038 1.860520 -0.182094
v -6.428046 1.760958 -0.227628
v -6.419322 1.800963 -0.227688
v -6.438380 1.773057 -0.244683
v -6.465279 1.934990 -0.246350
v -6.483038 1.860520 -0.182094
v -6.419374 1.208959 0.011192
v -6.487296 1.191594 0.008469
v -6.412104 1.149812 0.045999
v -6.487245 1.136160 0.040416
v -6.405146 1.081912 0.104839
v -6.405146 1.081912 0.104839
v -6.394500 1.105943 0.053352
v -6.436874 1.099080 0.027264
v -6.427734 1.120631 0.030198
v -6.487245 1.076157 0.074757
v -6.487245 1.082598 0.053772
v -6.487245 1.076157 0.074757
v -6.487245 1.092302 0.026397
v -6.461073 1.112669 0.007666
v -6.487245 1.110917 0.005717
v -6.487245 1.092302 0.026397
v -6.487245 1.110917 0.005717
v -6.487245 1.135080 0.005992
v -6.487245 1.135080 0.005992
v -6.487245 1.110917 0.005717
v -6.427734 1.120631 0.030198
v -6.487245 1.141141 0.020387
v -6.487245 1.136160 0.040416
v -6.394500 1.105943 0.053352
v -6.394500 1.105943 0.053352
v -6.487245 1.066548 0.090531
v -6.487245 1.052590 0.141004
v -6.487245 1.047698 0.173402
v -6.418907 1.040734 0.206504
v -6.395747 1.071269 0.199449
v -6.487192 1.033198 0.189627
v -6.487192 1.025923 0.231599
v -6.437913 1.031599 0.231599
v -6.457697 1.259069 0.388386
v -6.437913 1.031599 0.231599
v -6.487192 1.025923 0.231599
v -6.418907 1.040734 0.256694
v -6.487192 1.033198 0.273571
v -6.395747 1.071269 0.263749
v -6.487296 1.240647 0.539393
v -6.463981 1.289661 0.604200
v -6.396214 1.272544 0.580007
v -6.487245 1.240845 0.565335
v -6.403432 1.256466 0.598753
v -6.487245 1.228718 0.579634
v -6.487245 1.228718 0.579634
v -6.403432 1.256466 0.598753
v -6.487245 1.235006 0.604242
v -6.487245 1.235006 0.604242
v -6.400265 1.285147 0.632778
v -6.487245 1.264497 0.646148
v -6.471095 1.316413 0.636988
v -6.403796 1.339275 0.675540
v -6.403432 1.256466 0.598753
v -6.487245 1.313588 0.687704
v -6.410182 1.405769 0.716905
v -6.462994 1.520592 0.748324
v -6.468550 1.651680 0.697134
v -6.400784 1.496539 0.756908
v -6.471770 1.627715 0.775285
v -6.455724 1.710639 0.707084
v -6.456347 1.757068 0.664947
v -6.483038 1.672841 0.648692
v -6.440405 1.725724 0.707645
v -6.428046 1.753942 0.690825
v -6.483038 1.946933 0.605399
v -6.483038 1.672841 0.648692
v -6.438380 1.766498 0.707881
v -6.439158 1.783147 0.724784
v -6.451258 1.739714 0.723134
v -6.480181 1.741620 0.730239
v -6.419322 1.794914 0.690886
v -6.421399 1.835719 0.705492
v -6.451363 1.808674 0.735709
v -6.470212 1.771125 0.762797
v -6.480286 1.718470 0.776054
v -6.415636 1.798481 0.788377
v -6.424359 1.721783 0.796145
v -6.404108 1.614806 0.789296
v -6.404108 1.614806 0.789296
v -6.432356 1.733327 0.822104
v -6.431318 1.620180 0.815925
v -6.487245 1.497832 0.789966
v -6.419374 1.827218 0.804796
v -6.454062 1.756450 0.831643
v -6.457282 1.861205 0.816137
v -6.487245 1.617958 0.832048
v -6.487245 1.617958 0.832048
v -6.487245 1.398073 0.740612
v -6.452349 1.873070 0.843997
v -6.487245 1.789539 0.867557
v -6.487245 1.696717 0.856901
v -6.487245 1.877718 0.866243
v -6.487245 1.617958 0.832048
v -6.487245 1.909862 0.867328
v -6.461487 1.901283 0.845975
v -6.471458 1.921789 0.824908
v -6.422698 1.937991 0.824217
v -6.421296 1.917500 0.841982
v -6.487245 1.909862 0.867328
v -6.421296 1.917500 0.841982
v -6.411222 1.969968 0.840471
v -6.421296 1.917500 0.841982
v -6.405769 1.983781 0.822062
v -6.416103 1.975571 0.811319
v -6.416103 1.975571 0.811319
v -6.419634 2.008509 0.833565
v -6.408313 1.976241 0.849346
v -6.421296 1.917500 0.841982
v -6.417765 2.013983 0.806520
v -6.416103 1.975571 0.811319
v -6.423840 2.032791 0.819077
v -6.468290 1.968888 0.806193
v -6.446948 2.019212 0.799765
v -6.444196 2.052135 0.807668
v -6.416103 1.975571 0.811319
v -6.420413 2.063019 0.825552
v -6.425398 2.069286 0.808977
v -6.449700 2.024187 0.790511
v -6.427786 2.059306 0.795205
v -6.472497 1.977041 0.785946
v -6.424152 2.079807 0.773291
v -6.425917 2.095224 0.787717
v -6.423373 2.098880 0.805705
v -6.454686 2.131221 0.801676
v -6.425969 2.096896 0.820686
v -6.453751 2.121573 0.782187
v -6.454374 1.904160 0.783189
v -6.473743 1.899554 0.790121
v -6.423321 1.876586 0.781943
v -6.426332 1.901366 0.754239
v -6.418595 1.833486 0.771921
v -6.418232 1.851567 0.750391
v -6.421919 1.848181 0.727128
v -6.459099 1.914125 0.676891
v -6.416103 1.975571 0.811319
v -6.443832 2.158431 0.764614
v -6.443832 2.158431 0.764614
v -6.434901 2.176450 0.781439
v -6.443832 2.158431 0.764614
v -6.443832 2.158431 0.764614
v -6.433343 2.207613 0.760377
v -6.421296 2.178668 0.759505
v -6.414752 2.221145 0.746315
v -6.414752 2.221145 0.746315
v -6.419738 2.222152 0.755428
v -6.443832 2.158431 0.764614
v -6.419738 2.222152 0.755428
v -6.434901 2.176450 0.781439
v -6.443832 2.158431 0.764614
v -6.414752 2.221145 0.746315
v -6.410028 2.248511 0.726081
v -6.414752 2.221145 0.746315
v -6.417661 2.287727 0.688636
v -6.414752 2.221145 0.746315
v -6.402082 2.254893 0.728034
v -6.419270 2.293725 0.691255
v -6.419270 2.293725 0.691255
v -6.413766 2.285957 0.658528
v -6.487192 2.302916 0.666135
v -6.433965 2.284887 0.650150
v -6.419167 2.295168 0.645947
v -6.446325 2.286029 0.653897
v -6.413766 2.285957 0.658528
v -6.424827 2.306754 0.632523
v -6.417661 2.287727 0.688636
v -6.487192 2.305658 0.672591
v -6.431266 2.296856 0.695874
v -6.487192 2.299292 0.699727
v -6.446325 2.286029 0.653897
v -6.413766 2.285957 0.658528
v -6.431266 2.296856 0.695874
v -6.403744 2.261909 0.734561
v -6.432564 2.270539 0.739575
v -6.403744 2.261909 0.734561
v -6.487192 2.269531 0.742480
v -6.487192 2.299292 0.699727
v -6.406704 2.229900 0.745107
v -6.403744 2.261909 0.734561
v -6.414752 2.221145 0.746315
v -6.414752 2.221145 0.746315
v -6.413713 2.235415 0.750511
v -6.403744 2.261909 0.734561
v -6.425035 2.217380 0.774418
v -6.431837 2.238411 0.755932
v -6.422750 2.251523 0.748621
v -6.407431 2.177639 0.778516
v -6.403744 2.261909 0.734561
v -6.403744 2.261909 0.734561
v -6.422750 2.251523 0.748621
v -6.431837 2.238411 0.755932
v -6.487192 2.242446 0.760315
v -6.425035 2.217380 0.774418
v -6.487192 2.218860 0.779918
v -6.487192 2.194257 0.802911
v -6.419167 2.184271 0.793824
v -6.433810 2.191411 0.799739
v -6.433810 2.191411 0.799739
v -6.487192 2.169269 0.819253
v -6.441807 2.165982 0.816236
v -6.441807 2.165982 0.816236
v -6.487192 2.154064 0.823413
v -6.450635 2.144276 0.825277
v -6.487192 2.154064 0.823413
v -6.451206 2.130265 0.844786
v -6.417349 2.142240 0.800279
v -6.425761 2.156754 0.808161
v -6.453075 2.129559 0.825142
v -6.450635 2.144276 0.825277
v -6.433446 2.126070 0.817124
v -6.457490 2.123302 0.815572
v -6.457490 2.123302 0.815572
v -6.468238 2.110133 0.832890
v -6.463877 2.110325 0.841858
v -6.451206 2.130265 0.844786
v -6.449596 2.101679 0.845300
v -6.487192 2.154064 0.823413
v -6.487141 2.156157 0.841094
v -6.449596 2.101679 0.845300
v -6.444300 2.125950 0.850556
v -6.442379 2.157439 0.848208
v -6.487141 2.183082 0.833144
v -6.443573 2.119771 0.857644
v -6.439886 2.181036 0.837921
v -6.487141 2.183082 0.833144
v -6.444923 2.154225 0.859409
v -6.487192 2.091605 0.854014
v -6.487141 2.111281 0.866991
v -6.487141 2.154230 0.868144
v -6.441184 2.176554 0.848551
v -6.487141 2.154230 0.868144
v -6.445806 2.198395 0.838306
v -6.487141 2.209757 0.850010
v -6.487141 2.177634 0.861897
v -6.445806 2.198395 0.838306
v -6.487141 2.229178 0.829634
v -6.487141 2.219805 0.821626
v -6.487141 2.229178 0.829634
v -6.487141 2.200872 0.830101
v -6.445806 2.198395 0.838306
v -6.487141 2.200872 0.830101
v -6.487141 2.219805 0.821626
v -6.487141 2.212733 0.821320
v -6.444300 2.125950 0.850556
v -6.487192 2.078882 0.849875
v -6.463877 2.110325 0.841858
v -6.452245 2.089928 0.840071
v -6.452245 2.089928 0.840071
v -6.457490 2.123302 0.815572
v -6.452245 2.089928 0.840071
v -6.422230 2.068949 0.842995
v -6.487192 2.078882 0.849875
v -6.421556 2.039630 0.839251
v -6.425657 2.039542 0.856704
v -6.414078 2.006863 0.849439
v -6.418803 1.996322 0.869810
v -6.487192 2.047700 0.862110
v -6.487192 2.047700 0.862110
v -6.487192 2.002927 0.875055
v -6.414545 1.959910 0.870454
v -6.415168 1.928390 0.861107
v -6.487192 1.949794 0.878342
v -6.421296 1.917500 0.841982
v -6.414545 1.959910 0.870454
v -6.421296 1.917500 0.841982
v -6.419738 2.222152 0.755428
v -6.481169 2.146291 0.733606
v -6.481169 2.146291 0.733606
v -6.464396 2.131782 0.756960
v -6.487192 2.318734 0.610597
v -6.424827 2.306754 0.632523
v -6.487192 2.313463 0.641177
v -6.487192 2.302916 0.666135
v -6.419167 2.295168 0.645947
v -6.413766 2.285957 0.658528
v -6.487192 2.345051 0.532286
v -6.422178 2.324747 0.557884
v -6.412935 2.304303 0.575529
v -6.412468 2.317903 0.547401
v -6.487192 2.345051 0.532286
v -6.422178 2.324747 0.557884
v -6.412935 2.304303 0.575529
v -6.487192 2.331472 0.567535
v -6.459826 2.308514 0.550126
v -6.464240 2.294109 0.597648
v -6.414182 2.251855 0.556836
v -6.487192 2.091543 -0.390818
v -6.444300 2.126662 -0.387360
v -6.443573 2.120410 -0.394443
v -6.487245 1.135080 0.457206
v -6.461073 1.112669 0.455532
v -6.487245 1.110918 0.457481
v -6.445806 2.198395 0.838306
v -6.487141 2.212733 0.821320
v -6.487141 2.200872 0.830101
v -6.444300 2.125950 0.850556
v -6.487192 2.091605 0.854014
v -6.443573 2.119771 0.857644
v -6.441807 2.167228 -0.353041
v -6.487192 2.170687 -0.356058
v -6.487192 2.155118 -0.360217
v -6.445806 2.201091 -0.375105
v -6.487141 2.203474 -0.366900
v -6.487141 2.215521 -0.358125
v -6.487192 2.154064 0.823413
v -6.487192 2.169269 0.819253
v -6.441807 2.165982 0.816236
v 7.655704 4.517616 0.319129
v 7.655704 4.489710 0.283780
v 7.630466 4.521921 0.298756
v 7.628545 4.513280 0.265234
v 7.600504 4.579587 0.305514
v 7.576877 4.569186 0.282718
v 7.655704 4.514625 0.363145
v 7.639710 4.531336 0.351168
v 7.628650 4.510964 0.246769
v 7.562752 4.570895 0.246769
v 7.559585 4.636916 0.246769
v 7.561454 4.632305 0.267944
v 7.576877 4.569284 0.210819
v 7.628545 4.513415 0.228304
v 7.655704 4.489902 0.209759
v 7.655704 4.484211 0.246769
v 7.655704 4.489902 0.209759
v 7.655704 4.489902 0.209759
v 7.630466 4.522119 0.194782
v 7.655704 4.489902 0.209759
v 7.655704 4.517855 0.174409
v 7.600504 4.579722 0.188024
v 7.655704 4.514957 0.130394
v 7.639710 4.531631 0.142371
v 7.655704 3.587957 0.203469
v 7.655704 3.590870 0.169248
v 7.655704 4.489902 0.209759
v 7.626832 3.566007 0.172018
v 7.655704 3.616756 0.097572
v 7.655704 3.677195 0.028828
v 7.655704 4.463688 0.066650
v 7.630415 3.607409 0.089983
v 7.553925 4.471582 -0.002198
v 7.555846 4.486434 0.053592
v 7.655704 4.456050 -0.008071
v 7.605905 4.553597 0.051201
v 7.560675 4.535381 0.095326
v 7.609487 4.593743 0.090908
v 7.564934 4.585502 0.114605
v 7.615979 4.588239 0.164508
v 7.619354 4.617983 0.072118
v 7.608501 4.615111 0.100766
v 7.578071 4.616872 0.114355
v 7.586068 4.629106 0.132823
v 7.607152 4.641376 0.161863
v 7.639710 4.531631 0.142371
v 7.620549 4.636875 0.095109
v 7.610006 4.627253 0.112260
v 7.594429 4.644347 0.104151
v 7.599154 4.663477 0.115769
v 7.634673 4.687022 0.139884
v 7.586068 4.629106 0.132823
v 7.599154 4.663477 0.115769
v 7.623716 4.650802 0.087308
v 7.616135 4.650288 0.096902
v 7.635192 4.676875 0.063469
v 7.599154 4.663477 0.115769
v 7.595831 4.662792 0.097764
v 7.635192 4.676875 0.063469
v 7.660637 4.701229 0.138303
v 7.600712 4.688221 0.072615
v 7.635192 4.676875 0.063469
v 7.600712 4.688221 0.072615
v 7.660637 4.711469 0.156084
v 7.600712 4.688221 0.072615
v 7.660637 4.710275 0.120816
v 7.623249 4.702496 0.181121
v 7.660637 4.715172 0.175850
v 7.618263 4.695807 0.191758
v 7.598894 4.722203 0.194079
v 7.660637 4.715172 0.175850
v 7.589080 4.626790 0.186179
v 7.561454 4.632305 0.225594
v 7.608864 4.691669 0.246769
v 7.611513 4.693268 0.230837
v 7.601698 4.712996 0.198222
v 7.602841 4.713821 0.219514
v 7.580149 4.715057 0.216561
v 7.579370 4.726741 0.215532
v 7.598894 4.722203 0.194079
v 7.610371 4.710539 0.246769
v 7.608864 4.691669 0.246769
v 7.579370 4.726741 0.215532
v 7.583472 4.713427 0.246769
v 7.602841 4.713821 0.274024
v 7.580149 4.715057 0.276978
v 7.579370 4.726741 0.278007
v 7.567270 4.722893 0.246769
v 7.579370 4.726741 0.278007
v 7.579370 4.726741 0.215532
v 7.601698 4.712996 0.295316
v 7.579370 4.726741 0.278007
v 7.598894 4.722203 0.299460
v 7.618263 4.695807 0.301781
v 7.611513 4.693268 0.262701
v 7.660637 4.729592 0.302322
v 7.598894 4.722203 0.299460
v 7.660637 4.746858 0.287904
v 7.660637 4.715172 0.317688
v 7.623249 4.702496 0.312417
v 7.634673 4.687016 0.353654
v 7.660637 4.711469 0.337454
v 7.660637 4.715172 0.317688
v 7.607152 4.641309 0.331675
v 7.660637 4.701229 0.355235
v 7.586068 4.628935 0.360715
v 7.599154 4.663347 0.377769
v 7.586068 4.628935 0.360715
v 7.600712 4.688065 0.420924
v 7.660637 4.710275 0.372722
v 7.595831 4.662621 0.395774
v 7.594429 4.644150 0.389387
v 7.586068 4.628935 0.360715
v 7.623716 4.650578 0.406230
v 7.616135 4.650085 0.396635
v 7.620549 4.636641 0.398429
v 7.599154 4.663347 0.377769
v 7.586068 4.628935 0.360715
v 7.619354 4.617661 0.421421
v 7.608501 4.614847 0.392772
v 7.619354 4.617661 0.421421
v 7.610006 4.627034 0.381278
v 7.586068 4.628935 0.360715
v 7.586068 4.628935 0.360715
v 7.619354 4.617661 0.421421
v 7.609487 4.593421 0.402630
v 7.564934 4.585216 0.378933
v 7.586068 4.628935 0.360715
v 7.578071 4.616638 0.379183
v 7.560675 4.534997 0.398212
v 7.619354 4.617661 0.421421
v 7.605905 4.553140 0.442338
v 7.615979 4.588062 0.329029
v 7.578071 4.616638 0.379183
v 7.586068 4.628935 0.360715
v 7.639710 4.531336 0.351168
v 7.586068 4.628935 0.360715
v 7.589080 4.626743 0.307359
v 7.623249 4.702496 0.312417
v 7.555846 4.485935 0.439946
v 7.655704 3.590870 0.324291
v 7.655704 3.616922 0.395966
v 7.655704 4.463216 0.426888
v 7.553925 4.470984 0.495736
v 7.655704 4.455448 0.501610
v 7.655704 3.677642 0.464711
v 7.626832 3.566007 0.321520
v 7.630415 3.607570 0.403556
v 7.655704 3.728698 0.528497
v 7.628494 3.717606 0.538572
v 7.631869 3.664338 0.473232
v 7.655704 4.457561 0.538024
v 7.655704 3.783539 0.577745
v 7.633427 3.780382 0.591396
v 7.625741 3.668180 0.575640
v 7.630466 3.569906 0.436101
v 7.618367 3.628824 0.501042
v 7.624599 3.497192 0.388517
v 7.589755 3.603660 0.514686
v 7.592092 3.557298 0.467176
v 7.577396 3.620931 0.560563
v 7.660689 3.577239 0.511315
v 7.660689 3.539933 0.469899
v 7.584822 3.498152 0.432369
v 7.660689 3.484500 0.437953
v 7.577863 3.430251 0.373529
v 7.567218 3.454283 0.425017
v 7.609592 3.447418 0.451105
v 7.600452 3.468974 0.448171
v 7.660637 3.424497 0.403611
v 7.577863 3.430251 0.373529
v 7.660637 3.430936 0.424597
v 7.660637 3.424497 0.403611
v 7.609592 3.447418 0.451105
v 7.660637 3.440642 0.451971
v 7.609592 3.447418 0.451105
v 7.633739 3.461008 0.470702
v 7.660689 3.483420 0.472376
v 7.660689 3.483420 0.472376
v 7.660689 3.459258 0.472652
v 7.609592 3.447418 0.451105
v 7.609592 3.447418 0.451105
v 7.660637 3.440642 0.451971
v 7.600452 3.468974 0.448171
v 7.660689 3.489480 0.457981
v 7.660689 3.484500 0.437953
v 7.567218 3.454283 0.425017
v 7.567218 3.454283 0.425017
v 7.660637 3.430936 0.424597
v 7.660637 3.414891 0.387838
v 7.547486 3.430724 0.320655
v 7.660637 3.400932 0.337364
v 7.541358 3.465557 0.320314
v 7.660637 3.396041 0.304967
v 7.568464 3.419611 0.278920
v 7.660637 3.396041 0.304967
v 7.584718 3.436051 0.246769
v 7.543903 3.468911 0.275667
v 7.543903 3.468911 0.275667
v 7.547486 3.430724 0.320655
v 7.591624 3.389077 0.271864
v 7.610631 3.379938 0.246769
v 7.588665 3.396435 0.246769
v 7.591624 3.389077 0.221675
v 7.660585 3.374262 0.246769
v 7.591624 3.389077 0.221675
v 7.568464 3.419611 0.214619
v 7.543903 3.468911 0.217872
v 7.584718 3.436051 0.246769
v 7.541358 3.465557 0.173225
v 7.543903 3.468911 0.217872
v 7.660637 3.396041 0.188572
v 7.547486 3.430724 0.172883
v 7.543903 3.468911 0.217872
v 7.570905 3.524282 0.206164
v 7.574073 3.516556 0.175503
v 7.580460 3.547468 0.189302
v 7.551692 3.559516 0.220801
v 7.543903 3.468911 0.217872
v 7.562648 3.531932 0.246769
v 7.576722 3.513393 0.246769
v 7.561194 3.536475 0.222393
v 7.570905 3.524282 0.287375
v 7.543903 3.468911 0.275667
v 7.580460 3.547468 0.304237
v 7.574073 3.516556 0.318035
v 7.551692 3.559516 0.272738
v 7.561194 3.536475 0.271146
v 7.543903 3.468911 0.275667
v 7.655704 3.587957 0.290070
v 7.549044 3.555325 0.246769
v 7.655704 3.581964 0.246769
v 7.655704 4.489902 0.209759
v 7.655704 4.489902 0.209759
v 7.630466 3.569782 0.057437
v 7.624599 3.497192 0.105021
v 7.592092 3.557143 0.026362
v 7.577863 3.430251 0.120009
v 7.584822 3.498152 0.061169
v 7.577863 3.430251 0.120009
v 7.660637 3.414891 0.105700
v 7.660637 3.396041 0.188572
v 7.660637 3.400932 0.156174
v 7.660637 3.424497 0.089928
v 7.567218 3.454283 0.068522
v 7.609592 3.447418 0.042434
v 7.600452 3.468974 0.045368
v 7.660689 3.484500 0.055586
v 7.660637 3.440642 0.041567
v 7.660637 3.424497 0.089928
v 7.660637 3.430936 0.068942
v 7.633739 3.461008 0.022836
v 7.660689 3.459258 0.020887
v 7.660637 3.440642 0.041567
v 7.660689 3.483420 0.021162
v 7.660689 3.483420 0.021162
v 7.600452 3.468974 0.045368
v 7.660689 3.489480 0.035557
v 7.660689 3.484500 0.055586
v 7.567218 3.454283 0.068522
v 7.660689 3.539845 0.023639
v 7.589755 3.603265 -0.021148
v 7.660689 3.576943 -0.017776
v 7.577396 3.620412 -0.067024
v 7.618367 3.628393 -0.007504
v 7.631869 3.663891 0.020306
v 7.625741 3.667542 -0.082101
v 7.625741 3.667542 -0.082101
v 7.628494 3.716967 -0.045034
v 7.625741 3.667542 -0.082101
v 7.625741 3.667542 -0.082101
v 7.633427 3.776363 -0.097858
v 7.655704 3.728075 -0.034959
v 7.655704 4.458221 -0.044486
v 7.655704 3.779826 -0.084207
v 7.614733 3.744432 -0.126199
v 7.629376 3.849379 -0.141387
v 7.625741 3.667542 -0.082101
v 7.655704 4.418875 -0.071434
v 7.655704 3.848200 -0.124943
v 7.655704 3.848200 -0.124943
v 7.641320 3.822802 -0.168472
v 7.642515 3.933721 -0.165326
v 7.655704 3.848200 -0.124943
v 7.639554 3.707153 -0.195101
v 7.639658 3.916797 -0.199582
v 7.640489 3.774940 -0.229769
v 7.639658 3.916797 -0.199582
v 7.655704 3.848200 -0.124943
v 7.655704 3.930896 -0.151064
v 7.645889 4.021988 -0.181340
v 7.639658 3.916797 -0.199582
v 7.655704 4.021183 -0.170324
v 7.655704 4.295276 -0.127031
v 7.655704 4.363898 -0.099740
v 7.655704 3.848200 -0.124943
v 7.655704 4.021183 -0.170324
v 7.655704 4.204448 -0.166924
v 7.647188 4.295805 -0.137303
v 7.655704 4.140618 -0.170142
v 7.631817 4.262462 -0.198523
v 7.613954 4.170233 -0.182085
v 7.651601 4.345942 -0.192258
v 7.650667 4.413807 -0.152269
v 7.639087 4.366022 -0.106911
v 7.637997 4.281831 -0.231180
v 7.612603 4.239743 -0.201227
v 7.642306 4.331573 -0.237234
v 7.608397 4.259408 -0.244107
v 7.632648 4.284204 -0.245073
v 7.594117 4.184056 -0.227124
v 7.591988 4.143255 -0.212518
v 7.624079 4.157011 -0.257340
v 7.594636 4.196518 -0.248760
v 7.611097 4.114841 -0.229513
v 7.611825 4.131489 -0.246416
v 7.600764 4.102279 -0.212457
v 7.613122 4.074067 -0.229277
v 7.623924 4.088056 -0.244765
v 7.629065 4.105410 -0.186579
v 7.652900 4.089962 -0.251871
v 7.628390 4.058981 -0.228715
v 7.641268 4.000017 -0.218766
v 7.653004 4.066807 -0.297685
v 7.644487 3.976052 -0.296922
v 7.635711 3.868930 -0.269958
v 7.639658 3.916797 -0.199582
v 7.639658 3.916797 -0.199582
v 7.655704 4.021183 -0.170324
v 7.655704 4.295276 -0.127031
v 7.655704 4.021183 -0.170324
v 7.573502 3.844882 -0.278539
v 7.582849 3.754106 -0.238537
v 7.639658 3.916797 -0.199582
v 7.576825 3.963148 -0.310927
v 7.660689 3.846169 -0.311602
v 7.605074 4.081669 -0.343740
v 7.604035 3.968523 -0.337555
v 7.597077 4.070125 -0.317776
v 7.660637 3.966295 -0.353679
v 7.660689 3.746415 -0.262244
v 7.626780 4.104793 -0.353274
v 7.660637 4.045060 -0.378532
v 7.625066 4.221413 -0.365633
v 7.629999 4.209547 -0.337768
v 7.660637 4.137881 -0.389193
v 7.660637 4.226055 -0.387879
v 7.660637 4.137881 -0.389193
v 7.644176 4.270132 -0.346544
v 7.646461 4.247891 -0.311752
v 7.592092 4.175555 -0.326432
v 7.596038 4.224928 -0.303579
v 7.588354 4.146818 -0.310007
v 7.642930 4.119467 -0.284426
v 7.591261 4.181823 -0.293557
v 7.590898 4.199904 -0.272022
v 7.599051 4.249703 -0.275870
v 7.617796 4.282148 -0.256568
v 7.615979 4.270277 -0.280596
v 7.611461 4.322714 -0.259984
v 7.638360 4.326879 -0.249188
v 7.636282 4.378054 -0.258359
v 7.642981 4.387635 -0.247179
v 7.643605 4.433420 -0.264655
v 7.607463 4.368816 -0.269722
v 7.632544 4.416792 -0.273719
v 7.637114 4.480124 -0.278594
v 7.653886 4.494633 -0.255238
v 7.643189 4.465195 -0.281272
v 7.637114 4.480124 -0.278594
v 7.631246 4.449201 -0.288459
v 7.599829 4.402632 -0.281626
v 7.604399 4.370364 -0.303693
v 7.596869 4.428149 -0.294922
v 7.600504 4.407648 -0.316836
v 7.598583 4.443567 -0.309348
v 7.626468 4.469915 -0.303818
v 7.627403 4.479563 -0.323306
v 7.596090 4.447217 -0.327341
v 7.607567 4.524793 -0.303075
v 7.616498 4.506769 -0.286247
v 7.616498 4.506769 -0.286247
v 7.616498 4.506769 -0.286247
v 7.606061 4.555950 -0.282011
v 7.593961 4.527005 -0.281139
v 7.587470 4.569488 -0.267947
v 7.587470 4.569488 -0.267947
v 7.592455 4.570495 -0.277059
v 7.616498 4.506769 -0.286247
v 7.592455 4.570495 -0.277059
v 7.607567 4.524793 -0.303075
v 7.577760 4.544505 -0.265710
v 7.616498 4.506769 -0.286247
v 7.587470 4.569488 -0.267947
v 7.579006 4.558764 -0.244247
v 7.606632 4.502272 -0.278497
v 7.580979 4.607395 -0.227046
v 7.616498 4.506769 -0.286247
v 7.582693 4.596853 -0.247713
v 7.587470 4.569488 -0.267947
v 7.616498 4.506769 -0.286247
v 7.606424 4.511302 -0.258537
v 7.587677 4.610017 -0.201245
v 7.598479 4.576170 -0.217910
v 7.619042 4.634371 -0.175529
v 7.586432 4.634299 -0.180161
v 7.628650 4.583419 -0.215701
v 7.586432 4.634299 -0.180161
v 7.615148 4.613190 -0.197056
v 7.641943 4.627284 -0.162704
v 7.606684 4.633229 -0.171782
v 7.586432 4.634299 -0.180161
v 7.606684 4.633229 -0.171782
v 7.656950 4.570017 -0.203734
v 7.655859 4.532198 -0.229048
v 7.642306 4.553312 -0.223751
v 7.628909 4.484159 -0.122696
v 7.651654 4.598780 -0.160014
v 7.628909 4.484159 -0.122696
v 7.614317 4.540589 -0.226380
v 7.627300 4.516484 -0.238633
v 7.639035 4.491828 -0.256780
v 7.643449 4.477621 -0.269758
v 7.606632 4.502272 -0.278497
v 7.653886 4.494633 -0.255238
v 7.637114 4.480124 -0.278594
v 7.616498 4.506769 -0.286247
v 7.628909 4.484159 -0.122696
v 7.622418 4.421430 -0.080596
v 7.628909 4.484159 -0.122696
v 7.577085 4.528277 -0.092330
v 7.628909 4.484159 -0.122696
v 7.611357 4.464379 -0.060707
v 7.655704 3.848200 -0.124943
v 7.556210 4.481438 -0.049683
v 7.605126 4.537951 -0.009728
v 7.611357 4.464379 -0.060707
v 7.557196 4.532815 -0.084420
v 7.593961 4.578357 -0.038754
v 7.587211 4.551992 -0.004060
v 7.585549 4.562129 0.038379
v 7.585549 4.562129 0.038379
v 7.583004 4.592959 0.020328
v 7.585549 4.562129 0.038379
v 7.580252 4.607468 0.062525
v 7.585549 4.562129 0.038379
v 7.575475 4.646699 0.044168
v 7.578434 4.613502 0.008642
v 7.585549 4.562129 0.038379
v 7.575475 4.646699 0.044168
v 7.606580 4.649649 0.042343
v 7.609281 4.653975 0.003592
v 7.635192 4.676875 0.063469
v 7.635192 4.676875 0.063469
v 7.581758 4.651731 0.003363
v 7.577916 4.608620 -0.020087
v 7.590015 4.636573 -0.044930
v 7.616498 4.641314 -0.048447
v 7.616498 4.641314 -0.048447
v 7.586899 4.600192 -0.078468
v 7.608864 4.599990 -0.087769
v 7.632959 4.555228 -0.127662
v 7.628909 4.484159 -0.122696
v 7.650719 4.617547 -0.115029
v 7.628909 4.484159 -0.122696
v 7.646461 4.626878 -0.140511
v 7.636906 4.642447 -0.119280
v 7.636906 4.642447 -0.119280
v 7.599258 4.635976 -0.119081
v 7.607722 4.617396 -0.143834
v 7.610111 4.620683 -0.162127
v 7.585601 4.652640 -0.097161
v 7.639503 4.653865 -0.097024
v 7.580512 4.636791 -0.124954
v 7.586016 4.637959 -0.148564
v 7.585601 4.652640 -0.097161
v 7.582381 4.656882 -0.110149
v 7.582381 4.656882 -0.110149
v 7.606684 4.633229 -0.171782
v 7.587730 4.655594 -0.130227
v 7.660637 4.679814 -0.089168
v 7.660637 4.675042 -0.111296
v 7.596817 4.653253 -0.148670
v 7.596817 4.653253 -0.148670
v 7.597493 4.655096 -0.154155
v 7.660637 4.667076 -0.132229
v 7.597493 4.655096 -0.154155
v 7.660585 4.661805 -0.162810
v 7.660585 4.651258 -0.187767
v 7.591884 4.643511 -0.167579
v 7.586432 4.634299 -0.180161
v 7.660585 4.693388 -0.053918
v 7.594896 4.673089 -0.079516
v 7.585601 4.652640 -0.097161
v 7.660585 4.709351 -0.007660
v 7.593027 4.681185 -0.046725
v 7.585133 4.666245 -0.069034
v 7.660585 4.709351 -0.007660
v 7.592923 4.690158 -0.009834
v 7.594013 4.698404 0.033982
v 7.616083 4.684031 -0.009444
v 7.660585 4.722795 0.046085
v 7.660585 4.709351 -0.007660
v 7.616342 4.674642 -0.045254
v 7.593027 4.681185 -0.046725
v 7.660637 4.723511 0.089478
v 7.600712 4.688221 0.072615
v 7.600712 4.688221 0.072615
v 7.635192 4.676875 0.063469
v 7.620704 4.688169 0.027613
v 7.600712 4.688221 0.072615
v 7.635192 4.676875 0.063469
v 7.635192 4.676875 0.063469
v 7.632544 4.656856 -0.071758
v 7.591365 4.650895 -0.082543
v 7.585133 4.666245 -0.069034
v 7.636906 4.642447 -0.119280
v 7.660585 4.693388 -0.053918
v 7.594896 4.673089 -0.079516
v 7.585601 4.652640 -0.097161
v 7.660637 4.679814 -0.089168
v 7.591884 4.643511 -0.167579
v 7.597493 4.655096 -0.154155
v 7.660585 4.651258 -0.187767
v 7.590326 4.636069 -0.210268
v 7.590326 4.636069 -0.210268
v 7.660585 4.654000 -0.194224
v 7.591988 4.642062 -0.212888
v 7.603983 4.645198 -0.217506
v 7.660585 4.647634 -0.221359
v 7.574800 4.603235 -0.249666
v 7.587470 4.569488 -0.267947
v 7.591988 4.642062 -0.212888
v 7.603983 4.645198 -0.217506
v 7.576462 4.610246 -0.256194
v 7.579370 4.578242 -0.266739
v 7.587470 4.569488 -0.267947
v 7.605281 4.618876 -0.261207
v 7.660585 4.617874 -0.264112
v 7.660585 4.647634 -0.221359
v 7.586432 4.583752 -0.272141
v 7.595467 4.599865 -0.270252
v 7.587470 4.569488 -0.267947
v 7.604555 4.586753 -0.277565
v 7.597753 4.565722 -0.296049
v 7.580149 4.525977 -0.300146
v 7.591832 4.532613 -0.315455
v 7.606528 4.539753 -0.321375
v 7.660585 4.590788 -0.281948
v 7.660585 4.567202 -0.301548
v 7.660585 4.542599 -0.324542
v 7.606528 4.539753 -0.321375
v 7.660533 4.517606 -0.340884
v 7.614473 4.514319 -0.337867
v 7.614473 4.514319 -0.337867
v 7.660585 4.502401 -0.345049
v 7.623353 4.492613 -0.346908
v 7.623924 4.478608 -0.366417
v 7.590066 4.490582 -0.321909
v 7.598479 4.505096 -0.329792
v 7.625793 4.477901 -0.346773
v 7.623353 4.492613 -0.346908
v 7.606164 4.474412 -0.338755
v 7.630155 4.471644 -0.337202
v 7.640957 4.458475 -0.354520
v 7.636595 4.458667 -0.363493
v 7.623924 4.478608 -0.366417
v 7.622314 4.450022 -0.366936
v 7.660585 4.502401 -0.345049
v 7.660533 4.504499 -0.362725
v 7.622314 4.450022 -0.366936
v 7.616966 4.474292 -0.372186
v 7.615044 4.505776 -0.369839
v 7.660533 4.531424 -0.354780
v 7.616291 4.468113 -0.379274
v 7.612551 4.529378 -0.359552
v 7.660533 4.531424 -0.354780
v 7.617640 4.502567 -0.381040
v 7.660585 4.439948 -0.375645
v 7.660533 4.459618 -0.388627
v 7.660533 4.502567 -0.389774
v 7.613902 4.524897 -0.370182
v 7.660533 4.502567 -0.389774
v 7.618524 4.546738 -0.359936
v 7.660533 4.558099 -0.371641
v 7.660533 4.525971 -0.383527
v 7.618524 4.546738 -0.359936
v 7.660533 4.577520 -0.351264
v 7.660533 4.568142 -0.343257
v 7.618524 4.546738 -0.359936
v 7.660533 4.561075 -0.342951
v 7.660533 4.549209 -0.351732
v 7.660533 4.549209 -0.351732
v 7.660533 4.577520 -0.351264
v 7.616966 4.474292 -0.372186
v 7.660585 4.427225 -0.371506
v 7.636595 4.458667 -0.363493
v 7.624962 4.438270 -0.361702
v 7.624962 4.438270 -0.361702
v 7.630155 4.471644 -0.337202
v 7.598635 4.445239 -0.342317
v 7.624962 4.438270 -0.361702
v 7.594947 4.417291 -0.364625
v 7.593131 4.411361 -0.347183
v 7.660585 4.427225 -0.371506
v 7.594221 4.387972 -0.360881
v 7.598323 4.387884 -0.378335
v 7.596558 4.381133 -0.340707
v 7.598115 4.417629 -0.330607
v 7.592351 4.356852 -0.355201
v 7.616913 4.400476 -0.329299
v 7.578487 4.332118 -0.343698
v 7.590483 4.362320 -0.328151
v 7.622418 4.372529 -0.312142
v 7.619666 4.367554 -0.321400
v 7.641008 4.317231 -0.327824
v 7.645214 4.325383 -0.307577
v 7.588768 4.323914 -0.332949
v 7.588768 4.323914 -0.332949
v 7.588768 4.323914 -0.332949
v 7.620653 4.322258 -0.301149
v 7.627091 4.252502 -0.304820
v 7.634206 4.249625 -0.367606
v 7.595415 4.286333 -0.345848
v 7.588768 4.323914 -0.332949
v 7.660637 4.258199 -0.388959
v 7.594013 4.265842 -0.363613
v 7.583939 4.318305 -0.362107
v 7.588768 4.323914 -0.332949
v 7.660637 4.258199 -0.388959
v 7.587886 4.276732 -0.382738
v 7.580979 4.324584 -0.370981
v 7.587262 4.308252 -0.392085
v 7.586795 4.355206 -0.371070
v 7.587262 4.308252 -0.392085
v 7.660585 4.298137 -0.399973
v 7.594013 4.265842 -0.363613
v 7.634206 4.249625 -0.367606
v 7.660585 4.351270 -0.396691
v 7.591520 4.344664 -0.391446
v 7.660585 4.396037 -0.383740
v 7.660585 4.396037 -0.383740
v 7.592455 4.570495 -0.277059
v 7.630155 4.471644 -0.337202
v 7.604555 4.586753 -0.277565
v 7.597753 4.565722 -0.296049
v 7.595467 4.599865 -0.270252
v 7.576825 3.963148 -0.310927
v 7.660689 3.661928 -0.209336
v 7.576513 3.687612 -0.197171
v 7.660637 3.612836 -0.167779
v 7.572982 3.633487 -0.154410
v 7.660689 3.583346 -0.125873
v 7.643760 3.664753 -0.158619
v 7.576150 3.604808 -0.120385
v 7.576150 3.604808 -0.120385
v 7.636699 3.638000 -0.125832
v 7.625741 3.667542 -0.082101
v 7.568881 3.620884 -0.101639
v 7.576150 3.604808 -0.120385
v 7.625741 3.667542 -0.082101
v 7.660689 3.577057 -0.101266
v 7.660689 3.589187 -0.086966
v 7.660689 3.588985 -0.061025
v 7.660689 3.577057 -0.101266
v 7.660689 3.583346 -0.125873
v 7.567218 3.454283 0.068522
v 7.660637 3.430936 0.068942
v 7.568464 3.419611 0.214619
v 7.660637 3.381537 0.204797
v 7.591624 3.389077 0.271864
v 7.568464 3.419611 0.278920
v 7.660637 3.381537 0.288741
v 7.660585 3.374262 0.246769
v 7.610631 3.379938 0.246769
v 7.660689 3.589401 0.554563
v 7.636699 3.638644 0.619370
v 7.568881 3.621456 0.595177
v 7.660689 3.589639 0.580505
v 7.576150 3.605368 0.613923
v 7.660689 3.577503 0.594804
v 7.576150 3.605368 0.613923
v 7.660689 3.577503 0.594804
v 7.660689 3.583844 0.619412
v 7.660689 3.583844 0.619412
v 7.572982 3.634162 0.647948
v 7.660637 3.613469 0.661318
v 7.576513 3.688427 0.690710
v 7.639554 3.708482 0.688640
v 7.576150 3.605368 0.613923
v 7.643760 3.665486 0.652158
v 7.660689 3.662702 0.702875
v 7.640489 3.780673 0.723307
v 7.582849 3.759102 0.732075
v 7.614733 3.747117 0.619738
v 7.641320 3.829864 0.662010
v 7.629376 3.857007 0.634925
v 7.642515 3.942486 0.658864
v 7.639658 3.925438 0.693120
v 7.655704 3.855501 0.618482
v 7.645889 4.030369 0.674879
v 7.655704 3.939562 0.644603
v 7.635711 3.876854 0.763498
v 7.641268 4.008393 0.712304
v 7.644487 3.983811 0.790459
v 7.573502 3.852557 0.772077
v 7.629065 4.112473 0.680118
v 7.628390 4.066594 0.722253
v 7.576825 3.970989 0.804464
v 7.653004 4.073391 0.791223
v 7.660689 3.853372 0.805139
v 7.660689 3.750866 0.755782
v 7.660637 3.973279 0.847217
v 7.604035 3.975918 0.831093
v 7.626780 4.109902 0.846812
v 7.626780 4.109902 0.846812
v 7.660637 4.050751 0.872070
v 7.626780 4.109902 0.846812
v 7.605074 4.087459 0.837278
v 7.629999 4.212268 0.831306
v 7.592092 4.179434 0.819970
v 7.597077 4.076549 0.811314
v 7.626780 4.109902 0.846812
v 7.646461 4.249781 0.805290
v 7.588354 4.151683 0.803545
v 7.596038 4.227675 0.797117
v 7.642930 4.125190 0.777965
v 7.591261 4.185956 0.787094
v 7.627091 4.254361 0.798358
v 7.599051 4.251962 0.769408
v 7.615979 4.271835 0.774133
v 7.590898 4.203752 0.765560
v 7.652900 4.096671 0.745409
v 7.624079 4.162178 0.750880
v 7.613122 4.081461 0.722816
v 7.623924 4.094999 0.738304
v 7.594636 4.200704 0.742299
v 7.594117 4.188823 0.720663
v 7.611825 4.137471 0.739954
v 7.611097 4.121394 0.723051
v 7.600764 4.109300 0.705996
v 7.591988 4.149305 0.706056
v 7.608397 4.261595 0.737645
v 7.612603 4.242890 0.694766
v 7.617796 4.283504 0.750106
v 7.632648 4.285549 0.738611
v 7.637997 4.283332 0.724718
v 7.613954 4.175721 0.675623
v 7.631817 4.264820 0.692061
v 7.655704 4.146844 0.663680
v 7.655704 4.208862 0.660462
v 7.651601 4.345651 0.685797
v 7.647188 4.297306 0.630841
v 7.655704 4.296828 0.620569
v 7.650667 4.412088 0.645807
v 7.655704 4.363389 0.593278
v 7.639087 4.365415 0.600450
v 7.642306 4.331542 0.730773
v 7.642981 4.386430 0.740717
v 7.638360 4.326931 0.742727
v 7.636282 4.376995 0.751898
v 7.611461 4.322855 0.753523
v 7.643605 4.432101 0.758196
v 7.632544 4.415500 0.767258
v 7.607463 4.367892 0.763259
v 7.620653 4.322247 0.794686
v 7.604399 4.369460 0.797231
v 7.645214 4.325264 0.801115
v 7.627091 4.254361 0.798358
v 7.644176 4.271098 0.840082
v 7.641008 4.317210 0.821362
v 7.622418 4.371625 0.805680
v 7.590483 4.361546 0.821689
v 7.588768 4.323763 0.826487
v 7.619666 4.366713 0.814938
v 7.616913 4.399527 0.822837
v 7.600504 4.406614 0.810374
v 7.578487 4.331786 0.837236
v 7.596558 4.380240 0.834250
v 7.595415 4.286962 0.839386
v 7.592351 4.356151 0.848738
v 7.583939 4.318155 0.855645
v 7.593131 4.410577 0.840721
v 7.598115 4.416761 0.824145
v 7.596090 4.446677 0.820879
v 7.594947 4.416715 0.858163
v 7.594221 4.387157 0.854419
v 7.598635 4.444860 0.835855
v 7.627403 4.479646 0.816844
v 7.598583 4.442752 0.802886
v 7.630155 4.471769 0.830740
v 7.640957 4.458553 0.848058
v 7.624962 4.438015 0.855240
v 7.627403 4.479646 0.816844
v 7.630155 4.471769 0.830740
v 7.625793 4.478327 0.840310
v 7.636595 4.458870 0.857031
v 7.636595 4.458870 0.857031
v 7.624962 4.438015 0.855240
v 7.606164 4.474599 0.832293
v 7.590066 4.490852 0.815447
v 7.598479 4.505907 0.823330
v 7.630155 4.471769 0.830740
v 7.591832 4.533880 0.808993
v 7.580149 4.526698 0.793684
v 7.626468 4.469484 0.797356
v 7.607567 4.525608 0.796613
v 7.597753 4.567493 0.789587
v 7.592455 4.571912 0.770597
v 7.592455 4.571912 0.770597
v 7.606528 4.541389 0.814912
v 7.604555 4.588664 0.771101
v 7.660585 4.592974 0.775483
v 7.660585 4.569207 0.795086
v 7.660585 4.544416 0.818080
v 7.606528 4.541389 0.814912
v 7.604555 4.588664 0.771101
v 7.660585 4.618996 0.757651
v 7.597753 4.567493 0.789587
v 7.604555 4.588664 0.771101
v 7.603983 4.644508 0.711045
v 7.605281 4.618892 0.754743
v 7.595467 4.601922 0.763789
v 7.604555 4.588664 0.771101
v 7.603983 4.644508 0.711045
v 7.660585 4.646959 0.714897
v 7.576462 4.610391 0.749732
v 7.603983 4.644508 0.711045
v 7.595467 4.601922 0.763789
v 7.574800 4.603235 0.743204
v 7.603983 4.644508 0.711045
v 7.579370 4.579577 0.760279
v 7.586432 4.585398 0.765679
v 7.586432 4.585398 0.765679
v 7.604555 4.588664 0.771101
v 7.586432 4.585398 0.765679
v 7.606061 4.557128 0.775551
v 7.587470 4.570640 0.761483
v 7.586432 4.585398 0.765679
v 7.587470 4.570640 0.761483
v 7.582693 4.597362 0.741252
v 7.591988 4.641371 0.706426
v 7.593961 4.527379 0.774678
v 7.577760 4.544930 0.759245
v 7.580979 4.606761 0.720585
v 7.590326 4.635369 0.703806
v 7.591988 4.641371 0.706426
v 7.616498 4.506799 0.779783
v 7.606632 4.502038 0.772035
v 7.579006 4.559044 0.737785
v 7.592455 4.571912 0.770597
v 7.596869 4.427022 0.788460
v 7.631246 4.448240 0.781995
v 7.599829 4.401380 0.775161
v 7.643189 4.464369 0.774808
v 7.637114 4.479496 0.772129
v 7.637114 4.479496 0.772129
v 7.653886 4.493901 0.748777
v 7.643449 4.476817 0.763296
v 7.606632 4.502038 0.772035
v 7.639035 4.491050 0.750319
v 7.606424 4.510876 0.752074
v 7.637114 4.479496 0.772129
v 7.653886 4.493901 0.748777
v 7.627300 4.515820 0.732172
v 7.655859 4.531699 0.722586
v 7.642306 4.553130 0.717289
v 7.614317 4.540143 0.719918
v 7.656950 4.569025 0.697272
v 7.598479 4.575273 0.711449
v 7.628650 4.582583 0.709239
v 7.587677 4.609280 0.694784
v 7.615148 4.612458 0.690595
v 7.586432 4.633618 0.673698
v 7.619042 4.633697 0.669068
v 7.586432 4.633618 0.673698
v 7.641943 4.626614 0.656242
v 7.606684 4.632554 0.665321
v 7.586432 4.633618 0.673698
v 7.606684 4.632554 0.665321
v 7.610111 4.619998 0.655666
v 7.586016 4.637316 0.642102
v 7.587730 4.655013 0.623766
v 7.596817 4.652640 0.642209
v 7.597493 4.654483 0.647693
v 7.582381 4.656327 0.603687
v 7.580512 4.636173 0.618492
v 7.606684 4.632554 0.665321
v 7.660637 4.679346 0.582706
v 7.587730 4.655013 0.623766
v 7.594896 4.672611 0.573054
v 7.660585 4.693014 0.547457
v 7.585601 4.652095 0.590700
v 7.660637 4.674538 0.604834
v 7.596817 4.652640 0.642209
v 7.660637 4.666525 0.625767
v 7.597493 4.654483 0.647693
v 7.660585 4.661208 0.656348
v 7.660585 4.650614 0.681305
v 7.591884 4.642862 0.661117
v 7.586432 4.633618 0.673698
v 7.585601 4.652095 0.590700
v 7.585133 4.665767 0.562572
v 7.660637 4.679346 0.582706
v 7.582381 4.656327 0.603687
v 7.607722 4.616721 0.637373
v 7.599258 4.635369 0.612619
v 7.585601 4.652095 0.590700
v 7.646461 4.626235 0.634049
v 7.646461 4.626235 0.634049
v 7.646461 4.626235 0.634049
v 7.636906 4.641854 0.612818
v 7.639503 4.653325 0.590562
v 7.591365 4.650361 0.576081
v 7.585133 4.665767 0.562572
v 7.646461 4.626235 0.634049
v 7.650719 4.616913 0.608567
v 7.651654 4.598063 0.653552
v 7.632959 4.554491 0.621200
v 7.577085 4.527565 0.585869
v 7.608864 4.599361 0.581308
v 7.636906 4.641854 0.612818
v 7.608864 4.599361 0.581308
v 7.646461 4.626235 0.634049
v 7.628909 4.483172 0.616234
v 7.628909 4.483172 0.616234
v 7.611357 4.463688 0.554245
v 7.557196 4.532120 0.577958
v 7.622418 4.421409 0.574134
v 7.611357 4.463688 0.554245
v 7.628909 4.483172 0.616234
v 7.556210 4.480768 0.543222
v 7.586899 4.599575 0.572006
v 7.593961 4.577765 0.532292
v 7.605126 4.537369 0.503267
v 7.655704 4.418952 0.564973
v 7.655704 4.029564 0.663862
v 7.655704 4.296828 0.620569
v 7.628909 4.483172 0.616234
v 7.628909 4.483172 0.616234
v 7.628909 4.483172 0.616234
v 7.628909 4.483172 0.616234
v 7.646461 4.626235 0.634049
v 7.646461 4.626235 0.634049
v 7.587211 4.551432 0.497598
v 7.583004 4.592491 0.473211
v 7.578434 4.613050 0.484896
v 7.577916 4.608106 0.513625
v 7.619354 4.617661 0.421421
v 7.585549 4.561656 0.455159
v 7.585549 4.561656 0.455159
v 7.585549 4.561656 0.455159
v 7.585549 4.561656 0.455159
v 7.580252 4.607109 0.431013
v 7.575475 4.646377 0.449371
v 7.619354 4.617661 0.421421
v 7.575475 4.646377 0.449371
v 7.619354 4.617661 0.421421
v 7.585549 4.561656 0.455159
v 7.619354 4.617661 0.421421
v 7.606580 4.649327 0.451195
v 7.619354 4.617661 0.421421
v 7.635192 4.676672 0.430070
v 7.609281 4.653590 0.489946
v 7.620704 4.687920 0.465926
v 7.616083 4.683693 0.502982
v 7.616498 4.640816 0.541986
v 7.581758 4.651341 0.490175
v 7.616498 4.640816 0.541986
v 7.594013 4.698191 0.459557
v 7.592923 4.689841 0.503372
v 7.616342 4.674222 0.538792
v 7.616498 4.640816 0.541986
v 7.660637 4.723511 0.404060
v 7.660585 4.722691 0.447453
v 7.593027 4.680779 0.540263
v 7.660585 4.709101 0.501198
v 7.593027 4.680779 0.540263
v 7.632544 4.656353 0.565296
v 7.616498 4.640816 0.541986
v 7.616498 4.640816 0.541986
v 7.636906 4.641854 0.612818
v 7.590015 4.636069 0.538468
v 7.616498 4.640816 0.541986
v 7.616498 4.640816 0.541986
v 7.660585 4.693014 0.547457
v 7.594896 4.672611 0.573054
v 7.619354 4.617661 0.421421
v 7.599154 4.663347 0.377769
v 7.597493 4.654483 0.647693
v 7.591884 4.642862 0.661117
v 7.586432 4.633618 0.673698
v 7.586432 4.633618 0.673698
v 7.586432 4.633618 0.673698
v 7.660585 4.650614 0.681305
v 7.660585 4.653362 0.687762
v 7.590326 4.635369 0.703806
v 7.603983 4.644508 0.711045
v 7.603983 4.644508 0.711045
v 7.660585 4.646959 0.714897
v 7.574800 4.603235 0.743204
v 7.603983 4.644508 0.711045
v 7.660533 4.519029 0.834422
v 7.614473 4.515570 0.831410
v 7.614473 4.515570 0.831410
v 7.623353 4.493428 0.840446
v 7.623924 4.479355 0.859960
v 7.622314 4.450068 0.860474
v 7.660585 4.503460 0.838586
v 7.660533 4.505927 0.856263
v 7.616966 4.475004 0.865724
v 7.624962 4.438015 0.855240
v 7.660585 4.426888 0.865044
v 7.624962 4.438015 0.855240
v 7.660585 4.439885 0.869182
v 7.616966 4.475004 0.865724
v 7.660533 4.460152 0.882165
v 7.616291 4.468752 0.872812
v 7.617640 4.504245 0.874578
v 7.660533 4.504375 0.883312
v 7.615044 4.507366 0.863377
v 7.612551 4.531507 0.853095
v 7.613902 4.527088 0.863720
v 7.660533 4.504375 0.883312
v 7.660533 4.533532 0.848318
v 7.660533 4.533532 0.848318
v 7.660533 4.551816 0.845270
v 7.618524 4.549433 0.853474
v 7.660533 4.551816 0.845270
v 7.618524 4.549433 0.853474
v 7.660533 4.571159 0.836795
v 7.660533 4.581005 0.844802
v 7.660533 4.563863 0.836488
v 7.660533 4.561391 0.865179
v 7.660533 4.528433 0.877065
v 7.618524 4.549433 0.853474
v 7.660533 4.504375 0.883312
v 7.660533 4.581005 0.844802
v 7.660585 4.503460 0.838586
v 7.623353 4.493428 0.840446
v 7.623924 4.479355 0.859960
v 7.660585 4.426888 0.865044
v 7.598323 4.387146 0.871872
v 7.660585 4.395403 0.877283
v 7.591520 4.344057 0.884984
v 7.660585 4.350605 0.890229
v 7.587262 4.308123 0.885623
v 7.586795 4.354520 0.864608
v 7.580979 4.324283 0.864519
v 7.587886 4.277298 0.876276
v 7.591520 4.344057 0.884984
v 7.660585 4.298074 0.893511
v 7.594013 4.266834 0.857151
v 7.660637 4.259035 0.882497
v 7.587262 4.308123 0.885623
v 7.634206 4.250924 0.861144
v 7.634206 4.250924 0.861144
v 7.625066 4.223474 0.859171
v 7.660637 4.259035 0.882497
v 7.594013 4.266834 0.857151
v 7.626780 4.109902 0.846812
v 7.660637 4.227665 0.881417
v 7.626780 4.109902 0.846812
v 7.626780 4.109902 0.846812
v 7.660637 4.141589 0.882730
v 7.626780 4.109902 0.846812
v 7.660585 4.752986 0.246769
v 7.660637 4.746858 0.205635
v 7.660637 4.746858 0.205635
v 7.660585 4.752986 0.246769
v 7.660637 4.729592 0.191216
v 7.623249 4.702496 0.181121
v 7.660585 4.439885 0.869182
v 7.616966 4.475004 0.865724
v 7.616291 4.468752 0.872812
v 7.618524 4.546738 -0.359936
v 7.660533 4.561075 -0.342951
v 7.660533 4.549209 -0.351732
v 7.616966 4.474292 -0.372186
v 7.660585 4.439948 -0.375645
v 7.616291 4.468113 -0.379274
v 7.614473 4.515570 0.831410
v 7.660533 4.519029 0.834422
v 7.660585 4.503460 0.838586
v 7.618524 4.549433 0.853474
v 7.660533 4.551816 0.845270
v 7.660533 4.563863 0.836488
v 7.660585 4.502401 -0.345049
v 7.660533 4.517606 -0.340884
v 7.614473 4.514319 -0.337867
v 7.675177 2.169274 0.303957
v 7.675177 2.141373 0.268607
v 7.649940 2.173584 0.283584
v 7.648018 2.164943 0.250062
v 7.619977 2.231245 0.290342
v 7.596350 2.220844 0.267547
v 7.675177 2.166283 0.347973
v 7.659184 2.182999 0.335996
v 7.648123 2.162622 0.231597
v 7.582225 2.222552 0.231597
v 7.579058 2.288574 0.231597
v 7.580926 2.283962 0.252772
v 7.596350 2.220942 0.195647
v 7.648018 2.165078 0.213132
v 7.675177 2.141565 0.194587
v 7.675177 2.135874 0.231597
v 7.649940 2.173781 0.179610
v 7.619977 2.231380 0.172852
v 7.580926 2.283962 0.210422
v 7.675177 2.169513 0.159237
v 7.675177 2.166615 0.115221
v 7.659184 2.183295 0.127199
v 7.675177 1.239615 0.188297
v 7.675177 1.242527 0.154076
v 7.646305 1.217667 0.156846
v 7.675177 1.233622 0.231597
v 7.571165 1.211177 0.205629
v 7.568517 1.206985 0.231597
v 7.675177 1.268416 0.082400
v 7.675177 1.328853 0.013655
v 7.675177 2.115352 0.051478
v 7.649888 1.259069 0.074811
v 7.649888 1.259069 0.074811
v 7.573398 2.123240 -0.017370
v 7.575319 2.138096 0.038420
v 7.675177 2.107708 -0.023243
v 7.580149 2.187044 0.080154
v 7.625378 2.205260 0.036029
v 7.628961 2.245406 0.075736
v 7.584407 2.237160 0.099433
v 7.635451 2.239896 0.149337
v 7.638828 2.269641 0.056946
v 7.627975 2.266769 0.085594
v 7.597544 2.268530 0.099184
v 7.605541 2.280764 0.117651
v 7.626624 2.293034 0.146692
v 7.659184 2.183295 0.127199
v 7.640022 2.288532 0.079937
v 7.629480 2.278915 0.097088
v 7.613902 2.296005 0.088979
v 7.618627 2.315135 0.100598
v 7.654146 2.338679 0.124712
v 7.605541 2.280764 0.117651
v 7.618627 2.315135 0.100598
v 7.643189 2.302459 0.072136
v 7.635607 2.301945 0.081730
v 7.654665 2.328532 0.048297
v 7.618627 2.315135 0.100598
v 7.615304 2.314450 0.082592
v 7.679435 2.352887 0.123131
v 7.620185 2.339884 0.057443
v 7.679435 2.363132 0.140913
v 7.679383 2.361938 0.105644
v 7.679383 2.375174 0.074306
v 7.679383 2.361938 0.105644
v 7.613486 2.350062 0.018810
v 7.679383 2.374453 0.030913
v 7.640177 2.339827 0.012441
v 7.635607 2.335688 -0.024616
v 7.612396 2.341821 -0.025006
v 7.679383 2.361014 -0.022832
v 7.635815 2.326300 -0.060425
v 7.612500 2.332843 -0.061897
v 7.612500 2.332843 -0.061897
v 7.628754 2.305632 -0.011580
v 7.635971 2.292977 -0.063619
v 7.594947 2.298357 0.028995
v 7.626053 2.301306 0.027172
v 7.635971 2.292977 -0.063619
v 7.601231 2.303389 -0.011809
v 7.594947 2.298357 0.028995
v 7.605022 2.213787 0.023207
v 7.599725 2.259125 0.047354
v 7.605022 2.213787 0.023207
v 7.605022 2.213787 0.023207
v 7.602530 2.244617 0.005156
v 7.605022 2.213787 0.023207
v 7.606684 2.203656 -0.019232
v 7.613434 2.230014 -0.053926
v 7.597908 2.265159 -0.006530
v 7.624599 2.189614 -0.024901
v 7.605022 2.213787 0.023207
v 7.575683 2.133101 -0.064855
v 7.675177 2.109879 -0.059658
v 7.630830 2.116037 -0.075879
v 7.630830 2.116037 -0.075879
v 7.576669 2.184474 -0.099591
v 7.675177 2.070538 -0.086607
v 7.641891 2.073087 -0.095767
v 7.596558 2.179940 -0.107503
v 7.675177 1.431484 -0.099379
v 7.675177 1.499858 -0.140116
v 7.675177 2.015562 -0.114912
v 7.648382 2.135822 -0.137868
v 7.658560 2.017680 -0.122083
v 7.666661 1.947468 -0.152475
v 7.675177 1.946933 -0.142203
v 7.675177 1.582553 -0.166237
v 7.670140 2.065464 -0.167441
v 7.651290 1.914125 -0.213695
v 7.671074 1.997600 -0.207431
v 7.675177 1.856111 -0.182096
v 7.651290 1.914125 -0.213695
v 7.675177 1.792276 -0.185314
v 7.675177 1.672841 -0.185496
v 7.633427 1.821896 -0.197257
v 7.651290 1.914125 -0.213695
v 7.648538 1.757068 -0.201752
v 7.665362 1.673651 -0.196512
v 7.675177 1.672841 -0.185496
v 7.675177 1.946933 -0.142203
v 7.675177 1.672841 -0.185496
v 7.651290 1.914125 -0.213695
v 7.632077 1.891401 -0.216400
v 7.620237 1.753942 -0.227630
v 7.611461 1.794914 -0.227690
v 7.657469 1.933494 -0.246352
v 7.627870 1.911067 -0.259279
v 7.613590 1.835719 -0.242297
v 7.651290 1.914125 -0.213695
v 7.630570 1.766498 -0.244685
v 7.632596 1.725724 -0.244450
v 7.631349 1.783147 -0.261589
v 7.643552 1.808675 -0.272513
v 7.614109 1.848181 -0.263932
v 7.643397 1.739714 -0.259937
v 7.672373 1.741620 -0.267043
v 7.647863 1.710639 -0.243887
v 7.660741 1.651680 -0.233938
v 7.672477 1.718470 -0.312854
v 7.663960 1.627715 -0.312090
v 7.662403 1.771125 -0.299596
v 7.607827 1.798481 -0.325176
v 7.616550 1.721783 -0.332950
v 7.596298 1.614806 -0.326100
v 7.596298 1.614806 -0.326100
v 7.592975 1.496540 -0.293713
v 7.655184 1.520593 -0.285131
v 7.624547 1.733327 -0.358909
v 7.623508 1.620181 -0.352729
v 7.679435 1.497833 -0.326770
v 7.611565 1.827218 -0.341601
v 7.646253 1.756450 -0.368443
v 7.649472 1.861205 -0.352942
v 7.679435 1.617958 -0.368853
v 7.679435 1.617958 -0.368853
v 7.602322 1.405764 -0.253709
v 7.679435 1.398073 -0.277416
v 7.679435 1.313587 -0.224508
v 7.595986 1.339275 -0.212344
v 7.659962 1.426597 -0.244941
v 7.679435 1.264497 -0.182951
v 7.659027 1.358810 -0.210274
v 7.592455 1.285147 -0.169582
v 7.659131 1.568460 -0.214754
v 7.660793 1.474460 -0.183644
v 7.661987 1.585383 -0.180499
v 7.634206 1.396090 -0.141371
v 7.648849 1.501036 -0.156559
v 7.675177 1.672841 -0.185496
v 7.652900 1.428020 -0.113030
v 7.645214 1.319200 -0.097273
v 7.647967 1.368625 -0.060205
v 7.675177 1.379732 -0.050131
v 7.651342 1.315552 0.005134
v 7.649888 1.259069 0.074811
v 7.637840 1.280053 -0.022676
v 7.649940 1.221442 0.042265
v 7.649888 1.259069 0.074811
v 7.596869 1.272070 -0.082197
v 7.609228 1.254926 -0.036321
v 7.679487 1.191506 0.008467
v 7.679435 1.228603 -0.032948
v 7.611565 1.208804 0.011190
v 7.679435 1.136160 0.040414
v 7.644072 1.148853 0.089850
v 7.604294 1.149812 0.045997
v 7.586691 1.105943 0.053349
v 7.597336 1.081912 0.104838
v 7.629065 1.099080 0.027262
v 7.619925 1.120631 0.030196
v 7.679435 1.076158 0.074756
v 7.597336 1.081912 0.104838
v 7.679435 1.092302 0.026396
v 7.679435 1.076158 0.074756
v 7.679435 1.082598 0.053770
v 7.653211 1.112669 0.007665
v 7.679435 1.135080 0.005990
v 7.679435 1.135080 0.005990
v 7.679435 1.110917 0.005715
v 7.679435 1.110917 0.005715
v 7.679435 1.092302 0.026396
v 7.679435 1.110917 0.005715
v 7.619925 1.120631 0.030196
v 7.679435 1.141141 0.020385
v 7.679435 1.136160 0.040414
v 7.586691 1.105943 0.053349
v 7.586691 1.105943 0.053349
v 7.679435 1.066548 0.090528
v 7.566959 1.082382 0.157712
v 7.679435 1.052590 0.141003
v 7.679383 1.047698 0.173400
v 7.587937 1.071269 0.199447
v 7.560831 1.117215 0.158053
v 7.679383 1.047698 0.173400
v 7.563376 1.120572 0.202700
v 7.604191 1.087712 0.231597
v 7.563376 1.120572 0.202700
v 7.611097 1.040734 0.206503
v 7.604191 1.087712 0.231597
v 7.563376 1.120572 0.202700
v 7.590378 1.175939 0.190991
v 7.593546 1.168212 0.160331
v 7.599933 1.199127 0.174130
v 7.563376 1.120572 0.202700
v 7.582121 1.183590 0.231597
v 7.596195 1.165051 0.231597
v 7.580667 1.188132 0.207221
v 7.580667 1.188132 0.207221
v 7.582121 1.183590 0.231597
v 7.590378 1.175939 0.272203
v 7.582121 1.183590 0.231597
v 7.563376 1.120572 0.260495
v 7.587937 1.071269 0.263748
v 7.563376 1.120572 0.260495
v 7.611097 1.040734 0.256692
v 7.608138 1.048096 0.231597
v 7.560831 1.117215 0.305142
v 7.563376 1.120572 0.260495
v 7.566959 1.082382 0.305483
v 7.679383 1.047698 0.289794
v 7.566959 1.082382 0.305483
v 7.593546 1.168212 0.302864
v 7.644072 1.148853 0.373345
v 7.563376 1.120572 0.260495
v 7.599933 1.199127 0.289065
v 7.571165 1.211177 0.257566
v 7.582121 1.183590 0.231597
v 7.580667 1.188132 0.255974
v 7.646305 1.217667 0.306349
v 7.582121 1.183590 0.231597
v 7.675177 1.239615 0.274898
v 7.582121 1.183590 0.231597
v 7.582121 1.183590 0.231597
v 7.675177 1.242527 0.309119
v 7.675177 1.268579 0.380794
v 7.580149 2.186654 0.383040
v 7.575319 2.137598 0.424774
v 7.675177 2.114874 0.411716
v 7.649888 1.259231 0.388384
v 7.675177 1.329298 0.449539
v 7.649940 1.221567 0.420929
v 7.651342 1.315998 0.458060
v 7.675177 2.107106 0.486437
v 7.675177 1.380361 0.513325
v 7.647967 1.369269 0.523400
v 7.645214 1.319839 0.560468
v 7.637840 1.280481 0.485871
v 7.652900 1.432045 0.576224
v 7.675177 2.109219 0.522852
v 7.675177 1.435197 0.562573
v 7.573398 2.122643 0.480564
v 7.575683 2.132431 0.528049
v 7.630830 2.115347 0.539073
v 7.675177 2.070616 0.549801
v 7.648849 1.508665 0.619753
v 7.675177 1.507164 0.603310
v 7.641891 2.073067 0.558962
v 7.675177 2.015047 0.578106
v 7.596558 2.179224 0.570696
v 7.648382 2.134830 0.601062
v 7.658560 2.017078 0.585277
v 7.666661 1.948969 0.615669
v 7.675177 1.948486 0.605397
v 7.675177 1.591225 0.629431
v 7.670140 2.063745 0.630635
v 7.651290 1.916477 0.676888
v 7.671074 1.997308 0.670624
v 7.675177 1.860519 0.645290
v 7.675177 1.860519 0.645290
v 7.675177 1.860519 0.645290
v 7.675177 1.798502 0.648508
v 7.675177 1.681227 0.648690
v 7.633427 1.827379 0.660451
v 7.675177 1.860519 0.645290
v 7.648538 1.764130 0.664946
v 7.665362 1.682027 0.659706
v 7.675177 1.948486 0.605397
v 7.660741 1.660051 0.697133
v 7.659131 1.577101 0.677949
v 7.661987 1.594144 0.643693
v 7.660793 1.481527 0.646838
v 7.659962 1.432335 0.708135
v 7.655184 1.528512 0.748324
v 7.659027 1.360140 0.673468
v 7.634206 1.398774 0.604565
v 7.663233 1.317146 0.636986
v 7.656172 1.290305 0.604199
v 7.592455 1.285822 0.632776
v 7.595986 1.340085 0.675538
v 7.595623 1.257027 0.598751
v 7.588354 1.273117 0.580005
v 7.595623 1.257027 0.598751
v 7.596869 1.272589 0.545391
v 7.609228 1.255319 0.499515
v 7.679435 1.241059 0.539391
v 7.679435 1.228900 0.496142
v 7.611565 1.208959 0.452005
v 7.679487 1.191594 0.454727
v 7.604294 1.149812 0.417198
v 7.679435 1.136160 0.422781
v 7.597336 1.081912 0.358357
v 7.597336 1.081912 0.358357
v 7.586691 1.105942 0.409845
v 7.629065 1.099080 0.435933
v 7.619925 1.120630 0.432999
v 7.679435 1.076157 0.388439
v 7.679435 1.082598 0.409425
v 7.679435 1.076157 0.388439
v 7.679435 1.092302 0.436799
v 7.653211 1.112669 0.455530
v 7.679435 1.110918 0.457480
v 7.679435 1.092302 0.436799
v 7.679435 1.110918 0.457480
v 7.679435 1.135080 0.457204
v 7.679435 1.135080 0.457204
v 7.679435 1.110918 0.457480
v 7.619925 1.120630 0.432999
v 7.679435 1.141141 0.442810
v 7.679435 1.136160 0.422781
v 7.586691 1.105942 0.409845
v 7.586691 1.105942 0.409845
v 7.679435 1.066548 0.372666
v 7.679435 1.052590 0.322192
v 7.679383 1.047698 0.289794
v 7.611097 1.040734 0.256692
v 7.587937 1.071269 0.263748
v 7.679383 1.033198 0.273569
v 7.679383 1.025923 0.231597
v 7.630104 1.031599 0.231597
v 7.679435 1.241301 0.565333
v 7.679435 1.229162 0.579633
v 7.595623 1.257027 0.598751
v 7.679435 1.229162 0.579633
v 7.679435 1.235503 0.604240
v 7.679435 1.265128 0.646146
v 7.679435 1.235503 0.604240
v 7.679435 1.265128 0.646146
v 7.602322 1.410759 0.716903
v 7.679435 1.314360 0.687702
v 7.679435 1.265128 0.646146
v 7.679435 1.505030 0.789966
v 7.592975 1.504220 0.756903
v 7.679435 1.402529 0.740610
v 7.663960 1.635468 0.775285
v 7.596298 1.622647 0.789291
v 7.679435 1.624937 0.832048
v 7.623508 1.627575 0.815919
v 7.624547 1.739122 0.822104
v 7.616550 1.728207 0.796140
v 7.672477 1.725049 0.776049
v 7.647863 1.718252 0.707081
v 7.672373 1.748329 0.730237
v 7.632596 1.733119 0.707644
v 7.662403 1.776848 0.762792
v 7.607827 1.803347 0.788371
v 7.611565 1.831097 0.804796
v 7.610786 1.837614 0.771921
v 7.615511 1.879333 0.781943
v 7.643552 1.813841 0.735707
v 7.610371 1.855415 0.750386
v 7.643552 1.813841 0.735707
v 7.618524 1.903620 0.754234
v 7.643552 1.813841 0.735707
v 7.614109 1.852361 0.727127
v 7.627870 1.913253 0.722473
v 7.637321 1.935161 0.734934
v 7.635451 1.923493 0.758965
v 7.630934 1.974512 0.738350
v 7.652121 1.937207 0.723439
v 7.657833 1.978589 0.727554
v 7.640125 1.973905 0.779518
v 7.646564 1.906024 0.783184
v 7.665934 1.901444 0.790116
v 7.664687 1.976927 0.785941
v 7.623924 2.021118 0.782062
v 7.646564 1.906024 0.783184
v 7.641891 2.023283 0.790506
v 7.660481 1.968868 0.806193
v 7.636386 2.051184 0.807663
v 7.639139 2.018376 0.799765
v 7.619977 2.058272 0.795200
v 7.663649 1.922755 0.824908
v 7.609956 2.013204 0.806520
v 7.608242 1.975426 0.811319
v 7.617589 2.068419 0.808977
v 7.616031 2.031898 0.819077
v 7.597960 1.983444 0.822062
v 7.614888 1.938619 0.824212
v 7.611825 2.007808 0.833565
v 7.603412 1.969813 0.840471
v 7.612603 2.062234 0.825547
v 7.615563 2.098340 0.805705
v 7.614421 2.068372 0.842995
v 7.613746 2.038815 0.839246
v 7.618108 2.096517 0.820681
v 7.646876 2.131304 0.801676
v 7.618056 2.094409 0.787717
v 7.649628 2.123426 0.815566
v 7.660430 2.110216 0.832890
v 7.644435 2.089679 0.840071
v 7.646876 2.131304 0.801676
v 7.649628 2.123426 0.815566
v 7.645267 2.129985 0.825142
v 7.656068 2.110528 0.841858
v 7.656068 2.110528 0.841858
v 7.644435 2.089679 0.840071
v 7.625637 2.126262 0.817119
v 7.609540 2.142510 0.800279
v 7.617952 2.157564 0.808161
v 7.649628 2.123426 0.815566
v 7.611305 2.185538 0.793824
v 7.599621 2.178356 0.778510
v 7.645941 2.121142 0.782187
v 7.627039 2.177266 0.781439
v 7.617226 2.219151 0.774413
v 7.611928 2.223575 0.755423
v 7.611928 2.223575 0.755423
v 7.626001 2.193047 0.799739
v 7.633998 2.167228 0.816236
v 7.679331 2.170686 0.819253
v 7.679331 2.196074 0.802906
v 7.633998 2.167228 0.816236
v 7.642826 2.145086 0.825272
v 7.643397 2.131013 0.844786
v 7.641787 2.101726 0.845300
v 7.679331 2.155118 0.823413
v 7.679331 2.157585 0.841089
v 7.641787 2.101726 0.845300
v 7.636439 2.126662 0.850556
v 7.634570 2.159023 0.848208
v 7.679331 2.185190 0.833144
v 7.635764 2.120409 0.857638
v 7.679331 2.185190 0.833144
v 7.632024 2.183170 0.837921
v 7.637114 2.155902 0.859409
v 7.679331 2.111815 0.866991
v 7.679331 2.091543 0.854014
v 7.633375 2.178746 0.848546
v 7.679331 2.156032 0.868144
v 7.679331 2.156032 0.868144
v 7.637997 2.201090 0.838306
v 7.679331 2.213055 0.850010
v 7.679331 2.180096 0.861897
v 7.637997 2.201090 0.838306
v 7.679331 2.222817 0.821621
v 7.679331 2.232663 0.829628
v 7.637997 2.201090 0.838306
v 7.679331 2.215521 0.821320
v 7.679331 2.203474 0.830101
v 7.679331 2.203474 0.830101
v 7.679331 2.232663 0.829628
v 7.641787 2.101726 0.845300
v 7.636439 2.126662 0.850556
v 7.641787 2.101726 0.845300
v 7.679383 2.078545 0.849870
v 7.641787 2.101726 0.845300
v 7.644435 2.089679 0.840071
v 7.679331 2.155118 0.823413
v 7.642826 2.145086 0.825272
v 7.643397 2.131013 0.844786
v 7.626001 2.193047 0.799739
v 7.679383 2.220865 0.779918
v 7.624027 2.240322 0.755932
v 7.679383 2.244632 0.760315
v 7.624027 2.240322 0.755932
v 7.614940 2.253579 0.748621
v 7.625534 2.208786 0.760377
v 7.606943 2.222298 0.746313
v 7.598894 2.231235 0.745105
v 7.605905 2.237056 0.750505
v 7.605905 2.237056 0.750505
v 7.614940 2.253579 0.748621
v 7.606943 2.222298 0.746313
v 7.594273 2.254893 0.728032
v 7.595935 2.262054 0.734560
v 7.605905 2.237056 0.750505
v 7.602217 2.249020 0.726079
v 7.611461 2.293034 0.691253
v 7.623456 2.296171 0.695872
v 7.624754 2.270555 0.739573
v 7.614940 2.253579 0.748621
v 7.605905 2.237056 0.750505
v 7.614940 2.253579 0.748621
v 7.679383 2.270653 0.742478
v 7.594273 2.254893 0.728032
v 7.611461 2.293034 0.691253
v 7.679383 2.298617 0.699724
v 7.679383 2.270653 0.742478
v 7.614940 2.253579 0.748621
v 7.679383 2.270653 0.742478
v 7.609799 2.287031 0.688634
v 7.600452 2.258419 0.705412
v 7.597233 2.196593 0.744075
v 7.605905 2.285276 0.658526
v 7.679383 2.302278 0.666133
v 7.607203 2.260938 0.679611
v 7.598479 2.210707 0.722612
v 7.626157 2.284212 0.650149
v 7.611357 2.294519 0.645944
v 7.616966 2.306141 0.632521
v 7.605905 2.285276 0.658526
v 7.638515 2.285354 0.653895
v 7.634621 2.264121 0.675423
v 7.661416 2.278271 0.641070
v 7.626157 2.284212 0.650149
v 7.605905 2.285276 0.658526
v 7.648123 2.234241 0.694066
v 7.676424 2.220688 0.682100
v 7.617952 2.226935 0.696276
v 7.661779 2.204793 0.702117
v 7.625897 2.162534 0.736902
v 7.633790 2.191806 0.704746
v 7.633790 2.191806 0.704746
v 7.675333 2.183362 0.707414
v 7.646773 2.167477 0.716999
v 7.633790 2.191806 0.704746
v 7.658508 2.142713 0.735146
v 7.673359 2.145558 0.733604
v 7.633790 2.191806 0.704746
v 7.662922 2.128479 0.748127
v 7.663078 2.083759 0.743021
v 7.656587 2.131153 0.756960
v 7.662454 2.038088 0.725545
v 7.662663 2.116027 0.759640
v 7.652017 2.067157 0.752084
v 7.655756 2.028658 0.736726
v 7.656587 2.131153 0.756960
v 7.661779 1.983200 0.715600
v 7.626936 2.019555 0.748091
v 7.657469 1.934989 0.709546
v 7.657469 1.934989 0.709546
v 7.652432 2.206148 0.606028
v 7.671127 2.249726 0.638380
v 7.670192 2.268576 0.593395
v 7.665934 2.277892 0.618877
v 7.630830 2.115347 0.539073
v 7.576669 2.183778 0.562786
v 7.628337 2.251019 0.566136
v 7.656379 2.293512 0.597646
v 7.628337 2.251019 0.566136
v 7.656379 2.293512 0.597646
v 7.605074 2.303752 0.575527
v 7.658976 2.304988 0.575390
v 7.618731 2.287026 0.597446
v 7.610838 2.302023 0.560909
v 7.599985 2.287831 0.603319
v 7.604606 2.317425 0.547400
v 7.652017 2.308016 0.550124
v 7.656379 2.293512 0.597646
v 7.612500 2.332438 0.525091
v 7.635971 2.292474 0.526813
v 7.635815 2.325879 0.523619
v 7.612396 2.341499 0.488200
v 7.635607 2.335356 0.487810
v 7.609487 2.287727 0.523295
v 7.628754 2.305248 0.474774
v 7.601231 2.302999 0.475003
v 7.606372 2.251237 0.556834
v 7.597389 2.259769 0.498452
v 7.594947 2.298035 0.434199
v 7.597908 2.264708 0.469724
v 7.635971 2.292474 0.526813
v 7.613434 2.229428 0.517120
v 7.606684 2.203095 0.482426
v 7.624599 2.189028 0.488095
v 7.602530 2.244149 0.458038
v 7.605022 2.213314 0.439987
v 7.599725 2.258767 0.415840
v 7.605022 2.213314 0.439987
v 7.625378 2.204798 0.427165
v 7.605022 2.213314 0.439987
v 7.638828 2.269319 0.406248
v 7.628961 2.245079 0.387458
v 7.638828 2.269319 0.406248
v 7.605022 2.213314 0.439987
v 7.584407 2.236874 0.363761
v 7.635451 2.239725 0.313857
v 7.627975 2.266504 0.377600
v 7.638828 2.269319 0.406248
v 7.597544 2.268296 0.364010
v 7.597544 2.268296 0.364010
v 7.638828 2.269319 0.406248
v 7.640022 2.288299 0.383257
v 7.629480 2.278697 0.366106
v 7.605541 2.280598 0.345543
v 7.605541 2.280598 0.345543
v 7.605541 2.280598 0.345543
v 7.643189 2.302241 0.391058
v 7.638828 2.269319 0.406248
v 7.635607 2.301748 0.381463
v 7.618627 2.315011 0.362596
v 7.613902 2.295807 0.374215
v 7.605541 2.280598 0.345543
v 7.618627 2.315011 0.362596
v 7.605541 2.280598 0.345543
v 7.679435 2.352887 0.340063
v 7.654146 2.338679 0.338481
v 7.605541 2.280598 0.345543
v 7.615304 2.314283 0.380602
v 7.679435 2.363132 0.322281
v 7.620185 2.339723 0.405751
v 7.679383 2.361938 0.357550
v 7.642721 2.354159 0.297245
v 7.626624 2.292967 0.316502
v 7.605541 2.280598 0.345543
v 7.679383 2.366830 0.302516
v 7.618367 2.373866 0.284288
v 7.679383 2.366830 0.302516
v 7.637736 2.347466 0.286608
v 7.598843 2.378399 0.262835
v 7.679383 2.381250 0.287149
v 7.679383 2.381250 0.287149
v 7.621171 2.364659 0.280144
v 7.618367 2.373866 0.284288
v 7.679383 2.398516 0.272732
v 7.679383 2.381250 0.287149
v 7.586743 2.374557 0.231597
v 7.599621 2.366715 0.261806
v 7.642721 2.354159 0.297245
v 7.608553 2.278401 0.292187
v 7.630986 2.344926 0.247529
v 7.605541 2.280598 0.345543
v 7.659184 2.182999 0.335996
v 7.605541 2.280598 0.345543
v 7.628337 2.343327 0.231597
v 7.622314 2.365485 0.258852
v 7.629844 2.362203 0.231597
v 7.622314 2.365485 0.204342
v 7.630986 2.344926 0.215665
v 7.598843 2.378399 0.262835
v 7.602945 2.365085 0.231597
v 7.598843 2.378399 0.262835
v 7.598843 2.378399 0.200359
v 7.599621 2.366715 0.201389
v 7.598843 2.378399 0.200359
v 7.679383 2.404649 0.231597
v 7.679383 2.398516 0.190463
v 7.598843 2.378399 0.200359
v 7.679383 2.398516 0.190463
v 7.679383 2.404649 0.231597
v 7.679383 2.381250 0.176044
v 7.621171 2.364659 0.183050
v 7.618367 2.373866 0.178906
v 7.618367 2.373866 0.178906
v 7.679383 2.381250 0.176044
v 7.637736 2.347466 0.176586
v 7.642721 2.354159 0.165949
v 7.608553 2.278448 0.171007
v 7.642721 2.354159 0.165949
v 7.679383 2.366830 0.160678
v 7.679383 2.366830 0.160678
v 7.679383 2.381250 0.176044
v 7.628337 2.343327 0.231597
v 7.654665 2.328330 0.414897
v 7.618627 2.315011 0.362596
v 7.679383 2.375169 0.388888
v 7.613486 2.349854 0.444384
v 7.679383 2.375169 0.388888
v 7.679383 2.374349 0.432281
v 7.640177 2.339578 0.450753
v 7.679383 2.375169 0.388888
v 7.638828 2.269319 0.406248
v 7.626053 2.300990 0.436022
v 7.638828 2.269319 0.406248
v 7.638828 2.269319 0.406248
v 7.594947 2.298035 0.434199
v 7.638828 2.269319 0.406248
v 7.638828 2.269319 0.406248
v 7.605022 2.213314 0.439987
v 7.679383 2.360759 0.486026
v 7.612500 2.332438 0.525091
v 7.679383 2.344672 0.532284
v 7.604606 2.317425 0.547400
v 7.614369 2.324274 0.557882
v 7.679383 2.331009 0.567533
v 7.607203 2.306671 0.608594
v 7.601854 2.307985 0.588515
v 7.605074 2.303752 0.575527
v 7.614369 2.324274 0.557882
v 7.679383 2.326196 0.589662
v 7.616291 2.304298 0.627036
v 7.679383 2.318183 0.610594
v 7.616966 2.306141 0.632521
v 7.679383 2.312866 0.641175
v 7.679383 2.302278 0.666133
v 7.611357 2.294519 0.645944
v 7.605905 2.285276 0.658526
v 7.605489 2.288974 0.626929
v 7.607203 2.306671 0.608594
v 7.629584 2.271656 0.640493
v 7.626157 2.284212 0.650149
v 7.616291 2.304298 0.627036
v 7.616966 2.306141 0.632521
v 7.627195 2.268379 0.622200
v 7.605074 2.303752 0.575527
v 7.601854 2.307985 0.588515
v 7.614369 2.324274 0.557882
v 7.679383 2.331009 0.567533
v 7.679383 2.344672 0.532284
v 7.614369 2.324274 0.557882
v 7.657469 1.934989 0.709546
v 7.675177 1.860519 0.645290
v 7.632077 1.894548 0.679593
v 7.657469 1.934989 0.709546
v 7.611461 1.800963 0.690885
v 7.620237 1.760958 0.690823
v 7.657469 1.934989 0.709546
v 7.613590 1.840480 0.705490
v 7.630570 1.773057 0.707879
v 7.631349 1.789129 0.724783
v 7.643552 1.813841 0.735707
v 7.643552 1.813841 0.735707
v 7.657469 1.934989 0.709546
v 7.643552 1.813841 0.735707
v 7.643397 1.746657 0.723131
v 7.643552 1.813841 0.735707
v 7.619302 2.053038 0.759993
v 7.616342 2.078680 0.773286
v 7.650719 2.099898 0.766827
v 7.635971 2.158457 0.764614
v 7.611928 2.223575 0.755423
v 7.613434 2.179036 0.759505
v 7.626105 2.153695 0.756862
v 7.626105 2.153695 0.756862
v 7.656587 2.131153 0.756960
v 7.673359 2.145558 0.733604
v 7.679383 2.305019 0.672589
v 7.609799 2.287031 0.688634
v 7.623456 2.296171 0.695872
v 7.679383 2.298617 0.699724
v 7.679383 2.270653 0.742478
v 7.614940 2.253579 0.748621
v 7.679383 2.270653 0.742478
v 7.641787 2.101726 0.845300
v 7.644435 2.089679 0.840071
v 7.679383 2.078545 0.849870
v 7.617796 2.038810 0.856699
v 7.679383 2.047061 0.862110
v 7.610993 1.995714 0.869810
v 7.679383 2.002263 0.875055
v 7.606735 1.959780 0.870454
v 7.606268 2.006178 0.849434
v 7.600504 1.975945 0.849346
v 7.607359 1.928956 0.861107
v 7.610993 1.995714 0.869810
v 7.679383 1.949737 0.878342
v 7.613486 1.918492 0.841982
v 7.679383 1.910692 0.867328
v 7.606735 1.959780 0.870454
v 7.653679 1.902581 0.845975
v 7.653679 1.902581 0.845975
v 7.644540 1.875137 0.843997
v 7.679383 1.910692 0.867328
v 7.613486 1.918492 0.841982
v 7.646253 1.761560 0.831638
v 7.649472 1.863926 0.816132
v 7.679383 1.879323 0.866243
v 7.679435 1.702409 0.856896
v 7.679383 1.793252 0.867557
v 7.582121 1.183590 0.231597
v 7.580667 1.188132 0.207221
v 7.649888 1.259069 0.074811
v 7.630104 1.031599 0.231597
v 7.679383 1.025923 0.231597
v 7.611097 1.040734 0.206503
v 7.679383 1.033198 0.189625
v 7.587937 1.071269 0.199447
v 7.679435 1.240646 -0.076197
v 7.656172 1.289660 -0.141005
v 7.588354 1.272543 -0.116811
v 7.679435 1.240845 -0.102138
v 7.595623 1.256466 -0.135556
v 7.679435 1.228718 -0.116438
v 7.679435 1.228718 -0.116438
v 7.595623 1.256466 -0.135556
v 7.679435 1.235006 -0.141045
v 7.679435 1.235006 -0.141045
v 7.663233 1.316413 -0.173791
v 7.595623 1.256466 -0.135556
v 7.644540 1.873071 -0.380802
v 7.679383 1.789539 -0.404361
v 7.679435 1.696718 -0.393701
v 7.679383 1.877718 -0.403048
v 7.679435 1.617958 -0.368853
v 7.663649 1.921790 -0.361713
v 7.665934 1.899554 -0.326926
v 7.615511 1.876586 -0.318747
v 7.646564 1.904160 -0.319989
v 7.635451 1.921940 -0.295769
v 7.618524 1.901366 -0.291044
v 7.610786 1.833486 -0.308725
v 7.610371 1.851567 -0.287193
v 7.637321 1.933806 -0.271740
v 7.652121 1.935862 -0.260245
v 7.630934 1.974372 -0.275156
v 7.657833 1.978537 -0.264361
v 7.661779 1.983236 -0.252406
v 7.651290 1.914125 -0.213695
v 7.662454 2.039293 -0.262351
v 7.655756 2.029717 -0.273532
v 7.663078 2.085078 -0.279828
v 7.676424 2.221675 -0.218906
v 7.673359 2.146291 -0.270410
v 7.675333 2.183861 -0.244220
v 7.652432 2.206886 -0.142834
v 7.671127 2.250438 -0.175186
v 7.670192 2.269205 -0.130201
v 7.628337 2.251653 -0.102942
v 7.665934 2.278542 -0.155683
v 7.656379 2.294109 -0.134452
v 7.656379 2.294109 -0.134452
v 7.661416 2.278941 -0.177876
v 7.634621 2.264848 -0.212229
v 7.638515 2.286029 -0.190701
v 7.626157 2.284887 -0.186955
v 7.629584 2.272341 -0.177299
v 7.661779 2.204970 -0.238923
v 7.648123 2.235078 -0.230872
v 7.607203 2.261680 -0.216417
v 7.626157 2.284887 -0.186955
v 7.605905 2.285957 -0.195332
v 7.605905 2.285957 -0.195332
v 7.598479 2.210422 -0.259418
v 7.617952 2.227834 -0.233082
v 7.605905 2.285957 -0.195332
v 7.600452 2.259053 -0.242218
v 7.625897 2.162965 -0.273708
v 7.633790 2.192252 -0.241552
v 7.626105 2.153934 -0.293671
v 7.597233 2.196168 -0.280881
v 7.609799 2.287728 -0.225440
v 7.602217 2.248511 -0.262885
v 7.679383 2.302917 -0.202939
v 7.611357 2.295169 -0.182751
v 7.611461 2.293720 -0.228059
v 7.606943 2.221145 -0.283119
v 7.594273 2.254893 -0.264838
v 7.611461 2.293720 -0.228059
v 7.606943 2.221145 -0.283119
v 7.623456 2.296856 -0.232678
v 7.595935 2.261909 -0.271366
v 7.598894 2.229900 -0.281911
v 7.595935 2.261909 -0.271366
v 7.606943 2.221145 -0.283119
v 7.595935 2.261909 -0.271366
v 7.624754 2.270539 -0.276379
v 7.679383 2.269532 -0.279284
v 7.679383 2.299292 -0.236530
v 7.595935 2.261909 -0.271366
v 7.614940 2.251523 -0.285425
v 7.614940 2.251523 -0.285425
v 7.624027 2.238411 -0.292737
v 7.679383 2.242446 -0.297119
v 7.617226 2.217380 -0.311223
v 7.617226 2.217380 -0.311223
v 7.679383 2.218860 -0.316722
v 7.679331 2.194257 -0.339716
v 7.626001 2.191411 -0.336543
v 7.679331 2.169269 -0.356058
v 7.626001 2.191411 -0.336543
v 7.633998 2.165977 -0.353041
v 7.611305 2.184271 -0.330628
v 7.633998 2.165977 -0.353041
v 7.609540 2.142240 -0.337083
v 7.599621 2.177640 -0.315320
v 7.617952 2.156754 -0.344966
v 7.645267 2.129560 -0.361946
v 7.642826 2.144276 -0.362081
v 7.625637 2.126070 -0.353929
v 7.649628 2.123302 -0.352376
v 7.646876 2.131221 -0.338480
v 7.649628 2.123302 -0.352376
v 7.660430 2.110133 -0.369694
v 7.656068 2.110325 -0.378662
v 7.656068 2.110325 -0.378662
v 7.656068 2.110325 -0.378662
v 7.643397 2.130266 -0.381591
v 7.679331 2.154064 -0.360217
v 7.679331 2.156157 -0.377894
v 7.641787 2.101679 -0.382105
v 7.636439 2.125951 -0.387360
v 7.656068 2.110325 -0.378662
v 7.641787 2.101679 -0.382105
v 7.634570 2.157440 -0.385013
v 7.679331 2.183082 -0.369949
v 7.635764 2.119771 -0.394448
v 7.632024 2.181036 -0.374726
v 7.679331 2.183082 -0.369949
v 7.637114 2.154225 -0.396214
v 7.679331 2.091605 -0.390818
v 7.679331 2.111281 -0.403795
v 7.679331 2.154231 -0.404948
v 7.633375 2.176554 -0.385356
v 7.679331 2.154231 -0.404948
v 7.637997 2.198395 -0.375110
v 7.679331 2.209757 -0.386815
v 7.679331 2.177634 -0.398701
v 7.637997 2.198395 -0.375110
v 7.679331 2.229178 -0.366438
v 7.679331 2.219805 -0.358431
v 7.637997 2.198395 -0.375110
v 7.679331 2.212733 -0.358125
v 7.679331 2.200872 -0.366905
v 7.679331 2.200872 -0.366905
v 7.679331 2.229178 -0.366438
v 7.636439 2.125951 -0.387360
v 7.679383 2.078883 -0.386680
v 7.656068 2.110325 -0.378662
v 7.644435 2.089928 -0.376876
v 7.644435 2.089928 -0.376876
v 7.649628 2.123302 -0.352376
v 7.618108 2.096897 -0.357491
v 7.644435 2.089928 -0.376876
v 7.614421 2.068949 -0.379799
v 7.615563 2.098880 -0.342510
v 7.612603 2.063019 -0.362357
v 7.679383 2.078883 -0.386680
v 7.613746 2.039630 -0.376055
v 7.617796 2.039542 -0.393503
v 7.616031 2.032791 -0.355881
v 7.617589 2.069286 -0.345781
v 7.611825 2.008510 -0.370369
v 7.606268 2.006864 -0.386244
v 7.610993 1.996322 -0.406615
v 7.679383 2.047700 -0.398914
v 7.679383 2.047700 -0.398914
v 7.679383 2.002927 -0.411860
v 7.606735 1.959910 -0.407259
v 7.600504 1.976242 -0.386150
v 7.607359 1.928390 -0.397912
v 7.679383 1.949795 -0.415147
v 7.603412 1.969969 -0.377276
v 7.613486 1.917500 -0.378787
v 7.603412 1.969969 -0.377276
v 7.679383 1.909862 -0.404133
v 7.606735 1.959910 -0.407259
v 7.603412 1.969969 -0.377276
v 7.614888 1.937991 -0.361022
v 7.653679 1.901283 -0.382780
v 7.597960 1.983782 -0.358867
v 7.603412 1.969969 -0.377276
v 7.608242 1.975572 -0.348123
v 7.608242 1.975572 -0.348123
v 7.679383 1.909862 -0.404133
v 7.613486 1.917500 -0.378787
v 7.608242 1.975572 -0.348123
v 7.660481 1.968889 -0.342998
v 7.664687 1.977041 -0.322751
v 7.640125 1.973915 -0.316322
v 7.641891 2.024187 -0.327316
v 7.623924 2.022022 -0.318867
v 7.626936 2.020474 -0.284894
v 7.619302 2.054290 -0.296797
v 7.652017 2.068455 -0.288891
v 7.662663 2.116853 -0.296444
v 7.650719 2.100859 -0.303631
v 7.616342 2.079807 -0.310096
v 7.635971 2.158432 -0.301419
v 7.645941 2.121573 -0.318991
v 7.656587 2.131782 -0.293765
v 7.635971 2.158432 -0.301419
v 7.656587 2.131782 -0.293765
v 7.626105 2.153934 -0.293671
v 7.662922 2.129279 -0.284931
v 7.658508 2.143492 -0.271952
v 7.673359 2.146291 -0.270410
v 7.656587 2.131782 -0.293765
v 7.646773 2.168147 -0.253805
v 7.635971 2.158432 -0.301419
v 7.635971 2.158432 -0.301419
v 7.635971 2.158432 -0.301419
v 7.613434 2.178668 -0.296309
v 7.606943 2.221145 -0.283119
v 7.625534 2.207608 -0.297182
v 7.606943 2.221145 -0.283119
v 7.635971 2.158432 -0.301419
v 7.606943 2.221145 -0.283119
v 7.611928 2.222152 -0.292233
v 7.611928 2.222152 -0.292233
v 7.627039 2.176451 -0.318244
v 7.635971 2.158432 -0.301419
v 7.627039 2.176451 -0.318244
v 7.611928 2.222152 -0.292233
v 7.611928 2.222152 -0.292233
v 7.624027 2.238411 -0.292737
v 7.611928 2.222152 -0.292233
v 7.611928 2.222152 -0.292233
v 7.595935 2.261909 -0.271366
v 7.605905 2.235415 -0.287313
v 7.611928 2.222152 -0.292233
v 7.611928 2.222152 -0.292233
v 7.595935 2.261909 -0.271366
v 7.611928 2.222152 -0.292233
v 7.606943 2.221145 -0.283119
v 7.618056 2.095225 -0.324522
v 7.635971 2.158432 -0.301419
v 7.619977 2.059306 -0.332010
v 7.636386 2.052135 -0.344473
v 7.639139 2.019212 -0.336569
v 7.609956 2.013983 -0.343325
v 7.608242 1.975572 -0.348123
v 7.608242 1.975572 -0.348123
v 7.603412 1.969969 -0.377276
v 7.679331 2.154064 -0.360217
v 7.642826 2.144276 -0.362081
v 7.679331 2.154064 -0.360217
v 7.643397 2.130266 -0.381591
v 7.679383 2.305658 -0.209395
v 7.623456 2.296856 -0.232678
v 7.609799 2.287728 -0.225440
v 7.679383 2.299292 -0.236530
v 7.616966 2.306754 -0.169327
v 7.605489 2.289618 -0.163736
v 7.616966 2.306754 -0.169327
v 7.616291 2.304910 -0.163842
v 7.607203 2.307258 -0.145399
v 7.599985 2.288449 -0.140125
v 7.627195 2.269054 -0.159006
v 7.627195 2.269054 -0.159006
v 7.627195 2.269054 -0.159006
v 7.618731 2.287639 -0.134252
v 7.605074 2.304303 -0.112333
v 7.601854 2.308540 -0.125321
v 7.601854 2.308540 -0.125321
v 7.605074 2.304303 -0.112333
v 7.627195 2.269054 -0.159006
v 7.658976 2.305528 -0.112196
v 7.610838 2.302553 -0.097715
v 7.604606 2.317903 -0.084206
v 7.652017 2.308514 -0.086930
v 7.656379 2.294109 -0.134452
v 7.609487 2.288231 -0.060101
v 7.606372 2.251855 -0.093640
v 7.597389 2.260278 -0.035258
v 7.679383 2.331472 -0.104340
v 7.626157 2.284887 -0.186955
v 7.679383 2.326705 -0.126468
v 7.616291 2.304910 -0.163842
v 7.679383 2.345051 -0.069090
v 7.614369 2.324747 -0.094688
v 7.605074 2.304303 -0.112333
v 7.604606 2.317903 -0.084206
v 7.679383 2.345051 -0.069090
v 7.614369 2.324747 -0.094688
v 7.605074 2.304303 -0.112333
v 7.679383 2.331472 -0.104340
v 7.679383 2.318734 -0.147400
v 7.616966 2.306754 -0.169327
v 7.679383 2.313463 -0.177981
v 7.679383 2.302917 -0.202939
v 7.611357 2.295169 -0.182751
v 7.605905 2.285957 -0.195332
v 7.679331 2.091543 0.854014
v 7.636439 2.126662 0.850556
v 7.635764 2.120409 0.857638
v 7.637997 2.198395 -0.375110
v 7.679331 2.212733 -0.358125
v 7.679331 2.200872 -0.366905
v 7.636439 2.125951 -0.387360
v 7.679331 2.091605 -0.390818
v 7.635764 2.119771 -0.394448
v 7.633998 2.167228 0.816236
v 7.679331 2.170686 0.819253
v 7.679331 2.155118 0.823413
v 7.637997 2.201090 0.838306
v 7.679331 2.203474 0.830101
v 7.679331 2.215521 0.821320
v 7.679331 2.154064 -0.360217
v 7.679331 2.169269 -0.356058
v 7.633998 2.165977 -0.353041
vn 0.7346 -0.6709 -0.1011
vn 0.9379 -0.3260 -0.1183
vn 0.6808 -0.6625 -0.3123
vn 0.6886 -0.7101 -0.1469
vn 0.7477 -0.2309 -0.6225
vn 0.7809 -0.3591 -0.5111
vn 0.8092 -0.5214 0.2709
vn 0.6879 -0.6812 0.2505
vn 0.6848 -0.7287 0.0024
vn 0.9261 -0.3772 0.0005
vn 0.9456 0.3253 -0.0000
vn 0.9347 0.1763 -0.3088
vn 0.7806 -0.3590 0.5117
vn 0.6884 -0.7096 0.1503
vn 0.9377 -0.3263 0.1194
vn 0.9356 -0.3531 0.0008
vn 0.6802 -0.6626 0.3135
vn 0.7475 -0.2312 0.6227
vn 0.9347 0.1761 0.3087
vn 0.7346 -0.6707 0.1023
vn 0.8092 -0.5219 -0.2699
vn 0.6877 -0.6818 -0.2493
vn 0.8388 0.5443 0.0158
vn 0.8891 0.4452 -0.1065
vn 0.6517 0.7198 0.2391
vn 0.7626 0.6469 -0.0000
vn 0.8560 0.4492 0.2559
vn 0.9531 0.3026 -0.0000
vn 0.8242 0.4766 -0.3059
vn 0.8778 0.3690 -0.3053
vn 0.8392 -0.4966 -0.2218
vn 0.4289 0.6784 -0.5965
vn 0.4197 0.8176 -0.3943
vn 0.8974 -0.4411 0.0067
vn 0.9061 -0.3401 -0.2516
vn 0.7750 -0.6318 -0.0115
vn 0.9789 -0.0701 -0.1918
vn 0.9800 0.1968 -0.0284
vn 0.7860 0.3316 0.5218
vn 0.9752 0.2211 0.0034
vn 0.9744 -0.2249 0.0027
vn 0.8971 0.2771 -0.3441
vn 0.7166 0.4181 0.5583
vn 0.7957 0.5279 0.2971
vn 0.9222 0.2908 -0.2548
vn 0.9556 0.2884 0.0610
vn 0.8097 -0.1135 0.5757
vn 0.8828 0.0865 0.4618
vn 0.7394 0.1137 0.6636
vn 0.6833 -0.0167 0.7300
vn 0.7633 0.6270 -0.1558
vn 0.6470 0.7403 0.1826
vn 0.3970 -0.7570 0.5189
vn 0.1343 0.5381 0.8321
vn 0.8695 -0.1566 0.4684
vn 0.7687 -0.1705 0.6165
vn 0.7908 -0.1820 0.5844
vn 0.9237 -0.3497 0.1568
vn 0.3605 -0.9272 -0.1018
vn 0.9587 -0.2807 0.0469
vn 0.7766 -0.1134 0.6197
vn 0.5668 0.8201 0.0780
vn 0.9982 0.0560 0.0223
vn 0.4309 0.8336 0.3455
vn 0.5673 0.7416 -0.3581
vn 0.4977 0.8384 -0.2222
vn 0.9948 0.0941 0.0379
vn 0.3187 0.9426 0.0999
vn 0.7813 -0.6009 -0.1685
vn 0.8213 -0.5561 -0.1277
vn 0.9999 0.0048 0.0099
vn 0.2432 0.9344 0.2604
vn 0.7456 -0.6511 -0.1419
vn 0.2276 -0.8922 -0.3901
vn 0.2239 0.8936 0.3890
vn 0.6570 0.7533 0.0292
vn 0.7426 0.4897 0.4568
vn 0.8773 0.4798 -0.0132
vn 0.4468 0.7930 -0.4141
vn 0.0767 0.9663 0.2456
vn 0.6558 0.7446 0.1247
vn 0.9919 -0.1261 0.0138
vn 0.9894 -0.1376 0.0470
vn 0.6964 -0.1361 -0.7046
vn 0.9851 -0.1646 0.0499
vn 0.6184 0.6549 0.4343
vn 0.9894 -0.0722 -0.1257
vn 0.8477 -0.4495 -0.2817
vn 0.8483 -0.5078 0.1499
vn 0.0867 -0.4762 -0.8751
vn 0.1655 0.5463 -0.8211
vn 0.9917 0.0475 -0.1192
vn 0.8701 -0.4262 0.2475
vn 0.7200 -0.6446 -0.2571
vn 0.5575 -0.7046 -0.4390
vn 0.3418 -0.5376 0.7708
vn 0.8917 0.0381 0.4510
vn 0.7924 -0.2996 -0.5313
vn 0.8126 -0.4580 -0.3604
vn 0.5439 -0.1530 0.8251
vn 0.8492 0.3215 -0.4188
vn 1.0000 -0.0000 -0.0000
vn 0.8291 -0.2648 -0.4924
vn 0.8224 -0.1512 0.5484
vn 0.8814 -0.3295 -0.3384
vn 0.9210 -0.1189 -0.3711
vn 0.9340 -0.1369 -0.3299
vn 0.9181 0.1062 -0.3819
vn 0.9843 -0.0370 0.1723
vn 0.7785 0.1474 0.6102
vn 0.9966 -0.0697 0.0435
vn 0.9029 -0.2942 -0.3135
vn 0.8590 -0.1299 0.4953
vn 0.5736 0.3849 0.7231
vn 0.6441 -0.7333 -0.2178
vn 0.1363 -0.8520 -0.5055
vn 0.3971 -0.3633 0.8428
vn 0.1689 -0.9361 -0.3087
vn 0.0242 -0.8017 -0.5972
vn 0.8352 -0.5446 -0.0758
vn 0.3375 -0.8880 -0.3124
vn 0.2335 -0.7545 -0.6133
vn 0.8563 -0.4933 -0.1527
vn 0.1882 -0.9724 -0.1378
vn 0.9725 -0.0747 -0.2206
vn 0.8783 0.3429 -0.3331
vn 0.2073 -0.8538 0.4775
vn 0.8625 -0.0511 0.5034
vn 0.5617 0.8058 0.1874
vn 0.3994 -0.6563 0.6401
vn 0.5309 -0.8289 -0.1766
vn 0.4991 0.6473 0.5761
vn 0.6091 0.7376 0.2916
vn 0.1806 0.9254 0.3331
vn 0.1750 0.9511 0.2545
vn 0.9227 -0.0097 0.3855
vn 0.2361 0.9717 -0.0065
vn 0.9509 -0.2326 0.2043
vn 0.0441 -0.9056 0.4218
vn 0.2491 -0.6338 -0.7323
vn 0.5307 -0.5542 -0.6413
vn 0.0254 -0.7103 -0.7035
vn 0.5984 -0.4852 -0.6376
vn 0.2733 -0.4815 -0.8327
vn 0.7519 -0.2832 -0.5953
vn 0.2366 -0.3626 -0.9014
vn 0.2828 -0.4486 -0.8478
vn 0.3445 -0.4216 -0.8388
vn 0.6400 -0.6197 -0.4544
vn 0.8607 -0.3060 -0.4068
vn 0.2231 -0.5939 -0.7730
vn 0.1919 -0.6661 -0.7208
vn -0.4040 -0.9140 0.0372
vn 0.5791 -0.7520 -0.3148
vn 0.6639 -0.4155 0.6218
vn 0.9401 -0.2517 0.2300
vn 0.9784 0.2024 0.0424
vn 0.6816 -0.3806 0.6250
vn 0.3745 -0.5111 0.7736
vn 0.5694 -0.1449 0.8092
vn 0.9310 0.1559 -0.3301
vn 0.8833 -0.2422 -0.4014
vn 0.5907 0.2743 -0.7589
vn 0.6218 0.2415 -0.7450
vn 0.6765 -0.3704 -0.6365
vn 0.7992 0.0660 -0.5974
vn 0.6933 0.1690 -0.7005
vn 0.8231 0.1042 -0.5583
vn 0.8323 -0.2685 0.4850
vn 0.8534 -0.0249 -0.5206
vn 0.7641 0.1211 -0.6336
vn 0.9681 0.0777 -0.2380
vn 0.8514 0.2782 -0.4446
vn 0.9054 0.2749 0.3235
vn 0.6927 -0.1226 0.7107
vn 0.9731 0.0701 -0.2193
vn 0.7519 0.3698 -0.5457
vn 0.9935 0.0067 -0.1138
vn 0.8892 0.3890 -0.2410
vn 0.8532 0.4416 -0.2775
vn 0.9713 0.2336 0.0452
vn 0.7452 0.3466 -0.5697
vn 0.7576 0.6142 -0.2210
vn 0.9677 0.2201 -0.1231
vn 0.8755 0.0321 -0.4822
vn 0.9206 -0.1959 -0.3378
vn 0.8293 -0.0560 -0.5560
vn 0.6199 0.0228 -0.7843
vn 0.5015 0.2450 -0.8298
vn 0.8903 -0.0196 -0.4551
vn 0.7339 0.1417 -0.6643
vn 0.6935 0.2170 -0.6870
vn 0.9147 0.1201 -0.3858
vn 0.9746 0.0314 0.2219
vn 0.9379 0.2565 -0.2336
vn 0.9981 0.0176 -0.0584
vn 0.4934 0.3078 -0.8136
vn 0.8069 0.3384 -0.4841
vn 0.9992 0.0380 -0.0137
vn 0.7860 0.2659 -0.5580
vn 0.7658 0.3403 -0.5458
vn 0.4562 0.4555 -0.7645
vn 0.9690 0.2378 0.0667
vn 0.8669 0.3722 -0.3315
vn 0.8511 0.3871 -0.3546
vn 0.8277 0.4295 -0.3613
vn 0.5496 0.6546 -0.5191
vn 0.8509 0.4113 -0.3268
vn 0.9151 0.2647 -0.3043
vn 0.9999 0.0090 0.0136
vn 0.9961 -0.0541 -0.0699
vn 0.9698 -0.2171 -0.1112
vn 0.1911 -0.5999 0.7769
vn 0.2856 -0.8254 0.4870
vn 0.9825 -0.0895 0.1635
vn 0.1431 -0.4042 0.9034
vn 0.8877 0.4592 -0.0344
vn 0.9083 0.2204 0.3554
vn 0.8833 -0.2916 0.3671
vn 0.7181 0.4963 -0.4878
vn 0.3956 -0.7452 0.5367
vn 0.5435 -0.0365 0.8386
vn 0.2306 -0.8543 0.4659
vn 0.5784 -0.6851 0.4427
vn 0.2159 -0.9390 0.2678
vn 0.2327 -0.9297 0.2853
vn 0.2312 -0.9241 0.3043
vn 0.5768 -0.1349 0.8057
vn 0.4280 0.4408 0.7890
vn 0.3932 0.7649 0.5102
vn 0.2892 0.9444 -0.1567
vn 0.3383 0.9362 0.0949
vn 0.2821 0.9325 -0.2255
vn 0.2790 0.9401 -0.1959
vn 0.0988 -0.7565 0.6465
vn 0.1108 -0.7387 0.6649
vn 0.2294 -0.9174 0.3252
vn 0.2555 -0.8916 0.3738
vn 0.8329 -0.5240 0.1779
vn 0.2788 -0.9386 0.2031
vn 0.2782 -0.9537 0.1141
vn 0.7039 -0.6318 -0.3246
vn 0.9383 0.0795 0.3365
vn 0.2854 -0.8432 0.4555
vn 0.7214 -0.3968 -0.5676
vn 0.6411 -0.1315 -0.7561
vn 0.8897 -0.4488 -0.0845
vn 0.8322 -0.5004 -0.2389
vn 0.9280 -0.2454 0.2805
vn 0.3375 0.3494 -0.8741
vn 0.9914 0.0418 0.1243
vn 0.7766 0.4470 0.4440
vn 0.6780 0.4146 0.6070
vn 0.8971 0.4414 -0.0179
vn 0.8463 -0.5326 -0.0000
vn 0.9472 -0.3206 -0.0000
vn 0.8904 -0.3840 0.2443
vn 0.8172 -0.5734 0.0581
vn 0.9914 0.0418 -0.1243
vn 0.7214 -0.3968 0.5676
vn 0.7039 -0.6318 0.3246
vn 0.3375 0.3494 0.8741
vn 0.8322 -0.5004 0.2389
vn 0.9071 -0.4209 -0.0000
vn 0.9383 0.0795 -0.3365
vn 0.8896 -0.4488 0.0845
vn 0.5928 -0.6272 -0.5053
vn 0.2782 -0.9537 -0.1141
vn 0.8983 -0.1620 0.4084
vn 0.7766 0.4470 -0.4440
vn 0.8877 0.4591 0.0346
vn 0.8971 0.4414 0.0179
vn 0.6780 0.4146 -0.6070
vn 0.8560 0.4492 -0.2559
vn 0.8835 -0.4544 -0.1136
vn 0.6519 0.7197 -0.2389
vn 0.8388 0.5443 -0.0158
vn 0.9240 -0.3821 0.0161
vn 0.8889 0.4454 0.1071
vn 0.8242 0.4760 0.3069
vn 0.9789 -0.0700 0.1918
vn 0.9061 -0.3397 0.2522
vn 0.8391 -0.4964 0.2226
vn 0.8632 0.4309 0.2630
vn 0.8778 0.3684 0.3061
vn 0.9150 0.2643 0.3048
vn 0.8276 0.4289 0.3622
vn 0.7750 -0.6318 0.0125
vn 0.8491 0.3838 0.3628
vn 0.8685 0.3651 0.3352
vn 0.9691 0.2371 -0.0676
vn 0.8510 0.4104 0.3277
vn 0.7645 0.3295 0.5541
vn 0.7202 -0.6451 0.2551
vn 0.8494 0.3106 0.4266
vn 0.8974 -0.4412 -0.0059
vn 0.8700 -0.4267 -0.2472
vn 0.5565 -0.7069 0.4365
vn 0.7910 -0.3017 0.5323
vn 0.9381 0.2506 0.2391
vn 0.8468 0.2301 0.4796
vn 0.8118 -0.4597 0.3602
vn 0.2684 -0.4372 0.8584
vn 0.5440 -0.1535 -0.8249
vn 0.8237 -0.1518 -0.5463
vn 0.8794 -0.3324 0.3408
vn 0.3949 -0.4842 0.7808
vn 0.9209 -0.1238 0.3697
vn 0.4019 -0.4126 0.8174
vn 0.9846 -0.0369 -0.1710
vn 0.8961 0.2880 0.3377
vn 0.9934 0.0083 0.1141
vn 0.9191 -0.2023 0.3381
vn 0.7445 -0.2757 0.6081
vn 0.9335 -0.1411 0.3298
vn 0.7490 -0.2513 0.6130
vn 0.9797 0.1088 0.1684
vn 0.9731 0.0723 0.2189
vn 0.9694 0.2409 -0.0469
vn 0.9680 0.0782 0.2385
vn 0.9547 0.0644 0.2904
vn 0.7495 0.3801 0.5419
vn 0.9183 0.1291 0.3742
vn 0.9542 0.1570 0.2545
vn 0.9306 0.1554 0.3315
vn 0.6929 0.1709 0.7005
vn 0.8753 0.0518 0.4808
vn 0.9043 -0.2944 0.3093
vn 0.7720 -0.2633 0.5785
vn 0.7292 -0.3023 0.6140
vn 0.2530 -0.3988 0.8815
vn 0.1943 -0.6652 0.7209
vn 0.2192 -0.5725 0.7900
vn -0.3985 -0.9162 -0.0407
vn 0.6807 -0.3684 0.6332
vn 0.6468 -0.6166 0.4488
vn 0.3131 -0.4358 0.8438
vn 0.2913 -0.4494 0.8445
vn 0.8658 -0.3026 0.3985
vn 0.5869 -0.7494 0.3065
vn 0.6637 -0.4107 -0.6252
vn -0.8126 -0.0011 -0.5829
vn 0.6202 0.2403 0.7467
vn 0.8841 -0.2406 0.4006
vn 0.8635 -0.3761 -0.3361
vn 0.5900 0.2739 0.7596
vn 0.6797 -0.3747 -0.6305
vn 0.8239 0.1034 0.5572
vn 0.7995 0.0669 0.5970
vn 0.8314 -0.2714 -0.4849
vn 0.8727 0.2402 0.4250
vn 0.8528 -0.0251 0.5217
vn 0.3878 0.1505 0.9094
vn 0.8495 0.2866 0.4430
vn 0.9029 0.2815 -0.3248
vn 0.6923 -0.1249 -0.7107
vn 0.3749 0.0196 0.9268
vn 0.8494 0.4520 0.2725
vn 0.9170 0.3899 -0.0840
vn 0.6192 0.1619 0.7684
vn 0.6492 0.6716 0.3571
vn 0.7429 0.3579 0.5658
vn 0.6492 0.6718 0.3567
vn 0.9992 -0.0184 -0.0368
vn 0.9875 -0.1246 0.0966
vn 0.9862 -0.1644 0.0193
vn 0.8566 -0.4134 -0.3088
vn 0.8273 -0.3907 0.4037
vn 0.9531 -0.1713 0.2496
vn 0.8597 -0.0873 -0.5032
vn 0.3864 -0.4154 -0.8235
vn 0.7624 -0.1568 -0.6278
vn 0.9411 -0.1776 0.2878
vn 0.8653 0.0213 0.5008
vn 0.7951 0.3548 -0.4918
vn 0.7983 0.1816 -0.5743
vn 0.8873 0.0469 0.4589
vn 0.8297 0.2468 -0.5008
vn 0.5208 0.3348 -0.7853
vn 0.9228 0.3389 -0.1832
vn 0.7030 0.0061 -0.7112
vn 0.9837 -0.0585 0.1701
vn 0.6146 0.0054 -0.7888
vn 0.5024 -0.2050 -0.8400
vn 0.8105 -0.2168 0.5441
vn 0.9294 0.0931 -0.3571
vn 0.5715 -0.4314 0.6981
vn 0.8946 -0.2329 -0.3814
vn 0.7087 -0.2660 0.6535
vn 0.4935 -0.2448 0.8346
vn 0.5841 0.0413 -0.8106
vn 0.5601 -0.0488 -0.8270
vn 0.2142 -0.4768 -0.8525
vn 0.3328 -0.6755 -0.6580
vn 0.1502 -0.2828 -0.9473
vn 0.1233 -0.1182 -0.9853
vn 0.6138 -0.7318 0.2962
vn 0.7195 -0.5013 -0.4807
vn 0.0973 0.1710 -0.9805
vn 0.7777 0.0112 -0.6285
vn 0.0790 0.0272 -0.9965
vn 0.1198 0.3259 -0.9378
vn 0.7807 0.2390 -0.5774
vn 0.9978 0.0662 0.0008
vn 0.9734 0.2227 -0.0533
vn 0.9751 0.2218 -0.0014
vn 0.9878 -0.1220 0.0969
vn 0.9861 0.0746 -0.1486
vn 0.6220 0.2966 -0.7247
vn 0.1418 0.3645 -0.9203
vn 0.7383 0.3290 -0.5888
vn 0.9957 0.0267 0.0889
vn 0.2865 0.4844 -0.8266
vn 0.7441 0.5091 -0.4326
vn 0.8993 0.1973 0.3903
vn 0.9399 -0.2159 0.2645
vn 0.9187 0.3936 0.0309
vn 0.4655 0.6578 -0.5922
vn 0.9836 0.0999 -0.1500
vn 0.8140 -0.3996 0.4216
vn 0.5143 0.6973 -0.4993
vn 0.9055 -0.3281 -0.2689
vn 0.8863 0.3692 0.2795
vn 0.8563 -0.3976 0.3295
vn 0.8331 -0.3631 -0.4173
vn 0.9664 0.1429 0.2135
vn 0.5150 -0.4437 0.7335
vn 0.3009 -0.5401 0.7860
vn 0.8895 -0.4511 -0.0725
vn -0.0751 -0.4696 0.8797
vn 0.8926 -0.1946 0.4067
vn 0.6811 -0.4293 -0.5932
vn 0.7936 -0.1315 -0.5941
vn 0.7936 0.0193 -0.6082
vn 0.9405 -0.2481 -0.2322
vn 0.9147 -0.3828 -0.1294
vn 0.9315 -0.2135 0.2945
vn 0.9167 -0.1667 0.3630
vn 0.9806 0.1940 -0.0282
vn 0.8468 0.5281 -0.0636
vn 0.3367 0.5751 0.7456
vn 0.6840 0.6035 -0.4097
vn 0.8276 0.4086 0.3849
vn 0.5992 -0.4845 0.6374
vn 0.2454 -0.9401 0.2366
vn 0.2497 -0.6325 0.7332
vn 0.2736 -0.4834 0.8315
vn 0.1050 -0.6542 0.7490
vn 0.5310 -0.8285 0.1777
vn 0.3998 -0.6561 -0.6401
vn -0.0305 -0.9797 -0.1981
vn 0.1019 -0.9842 0.1449
vn 0.6441 -0.7329 0.2189
vn 0.2074 -0.8539 -0.4773
vn 0.9966 -0.0698 -0.0430
vn 0.7783 0.1471 -0.6104
vn 0.8590 -0.1300 -0.4952
vn 0.1360 -0.8511 0.5071
vn 0.3973 -0.3629 -0.8429
vn 0.5726 0.4379 -0.6931
vn 0.3421 -0.5378 -0.7706
vn 0.8917 0.0379 -0.4511
vn 0.7389 0.3972 -0.5443
vn 0.9895 -0.0720 0.1257
vn 0.9917 0.0480 0.1192
vn 0.9801 0.1965 0.0279
vn 0.8485 -0.5077 -0.1491
vn 0.9957 -0.0914 -0.0158
vn 0.9894 -0.1374 -0.0467
vn 0.4786 -0.8576 0.1883
vn 0.9945 -0.0998 -0.0303
vn 0.6965 -0.1359 0.7046
vn 0.8770 0.4803 0.0124
vn 0.9920 -0.1259 -0.0134
vn 0.3147 0.3699 0.8741
vn 0.1657 0.5461 0.8212
vn 0.0867 -0.4752 0.8756
vn 0.0216 0.6801 0.7328
vn 0.4477 0.7929 0.4134
vn 0.7312 0.2870 0.6189
vn 0.9236 -0.3499 -0.1568
vn 0.6574 0.7529 -0.0308
vn 0.7814 -0.6005 0.1697
vn 0.8213 -0.5557 0.1292
vn 0.0768 0.9658 -0.2477
vn 0.6558 0.7443 -0.1261
vn 0.9741 0.1476 -0.1714
vn 0.9948 0.0942 -0.0382
vn 0.9999 0.0045 -0.0099
vn 0.7459 -0.6504 0.1434
vn 1.0000 -0.0025 -0.0066
vn 0.9982 0.0557 -0.0220
vn 0.5515 0.7784 0.2998
vn 0.3196 0.9420 -0.1021
vn 0.3455 0.9383 -0.0177
vn 0.5523 0.7677 0.3250
vn 0.5687 0.7408 0.3576
vn 0.5673 0.8197 -0.0786
vn 0.9585 -0.2811 -0.0468
vn 0.6471 0.7397 -0.1846
vn 0.4309 0.8336 -0.3455
vn 0.7639 0.6265 0.1548
vn 0.8696 -0.1563 -0.4683
vn 0.3612 -0.9267 0.1041
vn 0.9511 0.2241 -0.2126
vn 0.9809 0.1719 -0.0910
vn 0.7689 -0.1702 -0.6163
vn 0.7767 -0.1130 -0.6196
vn 0.6833 -0.0173 -0.7299
vn 0.9462 0.3014 -0.1177
vn 0.6892 0.5148 0.5099
vn 0.7910 -0.1816 -0.5842
vn 0.1343 0.5367 -0.8330
vn 0.3978 -0.7570 -0.5183
vn 0.6181 0.4962 -0.6097
vn 0.9556 0.2883 -0.0615
vn 0.7503 0.5922 0.2938
vn 0.3434 0.9232 -0.1727
vn 0.1554 0.8607 -0.4848
vn 0.1548 0.6294 -0.7615
vn 0.9225 0.0018 -0.3860
vn 0.4988 0.7577 -0.4208
vn 0.1285 0.9403 -0.3153
vn 0.1194 0.7240 -0.6794
vn 0.7018 -0.5962 -0.3900
vn 0.6969 -0.4568 -0.5529
vn 0.2897 0.8427 -0.4539
vn 0.2466 0.6207 -0.7442
vn 0.9983 0.0578 -0.0000
vn 0.7391 -0.6123 -0.2807
vn 0.6735 -0.4435 -0.5914
vn 0.8085 0.0322 -0.5876
vn 0.9872 0.0813 -0.1375
vn 0.7839 -0.0995 0.6129
vn 0.9745 -0.2243 -0.0023
vn 0.8098 -0.1134 -0.5756
vn 0.7725 0.0797 0.6300
vn 0.9753 0.2207 -0.0038
vn 0.8340 -0.2185 0.5067
vn 0.7859 0.3310 -0.5223
vn 0.7164 0.4172 -0.5591
vn 0.3207 0.5262 -0.7876
vn 0.9518 0.2541 -0.1719
vn 0.9327 0.1144 -0.3421
vn 0.5707 -0.1432 0.8086
vn 0.8676 0.4046 -0.2889
vn 0.7393 0.1134 -0.6638
vn 0.8641 0.3976 -0.3086
vn 0.1705 0.8525 -0.4941
vn 0.4742 0.6342 -0.6107
vn 0.5883 -0.4956 -0.6390
vn 0.9403 0.3365 0.0502
vn 0.5703 -0.8214 0.0091
vn 0.8257 -0.5641 -0.0000
vn 0.9928 -0.0522 0.1081
vn 0.3824 -0.9240 -0.0000
vn 0.7391 -0.6123 0.2807
vn 0.5703 -0.8214 -0.0091
vn 0.9589 0.0739 -0.2738
vn 0.4820 -0.8271 -0.2892
vn 0.9928 -0.0522 -0.1081
vn 0.4820 -0.8271 0.2892
vn 0.7018 -0.5962 0.3900
vn 0.4988 0.7577 0.4208
vn 0.9872 0.0813 0.1375
vn 0.6968 -0.4568 0.5529
vn 0.6926 -0.4608 0.5549
vn 0.7398 -0.6510 0.1701
vn 0.2467 0.6207 0.7442
vn 0.2909 0.8147 0.5017
vn 0.2393 0.9706 -0.0263
vn 0.1554 0.8607 0.4848
vn 0.1285 0.9403 0.3153
vn 0.3059 0.9417 0.1404
vn 0.3059 0.9417 -0.1404
vn 0.1548 0.6294 0.7615
vn 0.1194 0.7240 0.6794
vn 0.6180 0.4963 0.6097
vn 0.3434 0.9232 0.1727
vn 0.9212 0.3142 0.2295
vn 0.8362 0.3851 0.3904
vn 0.8085 0.0321 0.5876
vn 0.7395 0.3588 0.5695
vn 0.7655 0.6370 0.0908
vn 0.6735 -0.4435 0.5914
vn 0.2438 0.9336 -0.2627
vn 0.2244 0.8926 -0.3910
vn 0.1839 0.9165 -0.3553
vn 0.2279 -0.8913 0.3919
vn 0.8889 -0.4539 -0.0626
vn 0.8378 0.0494 -0.5438
vn 0.2333 -0.7534 0.6148
vn 0.3376 -0.8875 0.3137
vn 0.8350 -0.5448 0.0768
vn 0.8505 0.4354 -0.2951
vn 0.1689 -0.9355 0.3103
vn 0.8714 0.4694 -0.1424
vn 0.6185 0.6540 -0.4356
vn 0.2156 0.6925 -0.6885
vn 0.9851 -0.1644 -0.0496
vn 0.2086 0.9216 -0.3272
vn 0.0242 -0.8007 0.5986
vn 0.8563 -0.4930 0.1536
vn 0.1885 -0.9722 0.1387
vn 0.6914 0.6751 0.2574
vn 0.8783 0.3430 0.3330
vn 0.8626 -0.0515 -0.5032
vn 0.5620 0.8053 -0.1888
vn 0.8560 0.3870 -0.3428
vn 0.4994 0.6462 -0.5770
vn 0.1810 0.9247 -0.3350
vn 0.2227 0.9581 -0.1802
vn 0.4144 0.7327 -0.5398
vn 0.1759 0.6862 -0.7058
vn 0.1754 0.9506 -0.2563
vn 0.2373 0.9714 0.0070
vn 0.1238 0.9549 -0.2698
vn 0.2570 0.9469 -0.1932
vn 0.1420 0.9474 -0.2869
vn 0.1830 0.8817 -0.4349
vn 0.2503 0.8081 -0.5332
vn 0.2440 0.8285 -0.5040
vn 0.5052 0.8367 -0.2113
vn 0.3550 0.8588 0.3693
vn 0.3748 0.8961 0.2378
vn 0.9227 -0.0071 -0.3855
vn 0.9511 -0.2379 -0.1971
vn 0.2692 -0.6691 0.6927
vn 0.2843 -0.6827 0.6731
vn 0.2952 0.9082 0.2968
vn 0.2251 0.9617 0.1567
vn 0.3140 0.4860 0.8156
vn 0.1833 0.9807 0.0677
vn 0.0583 0.9716 -0.2293
vn 0.4049 0.7227 -0.5601
vn 0.2669 0.8145 -0.5151
vn 0.7816 0.4950 -0.3796
vn 0.1572 0.7111 -0.6853
vn 0.0715 0.7047 -0.7059
vn 0.0741 0.8346 -0.5459
vn 0.3025 0.5785 -0.7575
vn 0.0471 0.4908 -0.8700
vn 0.0816 0.5784 -0.8116
vn 0.1007 0.6039 -0.7907
vn 0.0381 0.4625 -0.8858
vn 0.5345 0.5969 -0.5983
vn 0.0845 0.6566 -0.7495
vn 0.0819 0.6117 -0.7868
vn 0.0818 0.6797 -0.7289
vn 0.0855 0.5314 -0.8428
vn 0.4028 0.4458 -0.7994
vn 0.0811 0.4639 -0.8822
vn 0.6899 0.3239 -0.6473
vn 0.6375 0.1472 -0.7563
vn 0.5529 0.1779 -0.8140
vn 0.8411 -0.5284 0.1157
vn 0.5708 -0.7390 -0.3578
vn 0.4792 0.0643 -0.8753
vn 0.3993 0.1603 -0.9027
vn 0.8602 -0.1432 -0.4894
vn 0.9046 -0.2036 -0.3745
vn 0.6452 -0.3752 0.6655
vn 0.8363 0.2852 0.4683
vn 0.9005 -0.1490 -0.4084
vn 0.6904 -0.6522 0.3131
vn 0.9756 -0.2150 -0.0445
vn 0.5982 0.7934 0.1124
vn 0.4800 0.2973 0.8254
vn 0.8156 0.0300 0.5778
vn 0.7138 0.4446 0.5411
vn 0.3909 0.2928 0.8726
vn 0.3075 -0.3223 -0.8953
vn 0.3692 -0.4371 -0.8201
vn 0.2867 -0.3620 -0.8870
vn 0.2833 -0.2550 -0.9245
vn 0.7860 0.4726 0.3986
vn 0.4931 -0.8657 -0.0864
vn 0.8004 -0.5980 -0.0406
vn 0.0636 -0.8368 -0.5438
vn 0.1312 -0.7732 0.6205
vn 0.5175 0.3502 -0.7808
vn 0.3708 0.2407 -0.8970
vn 0.4886 0.1882 -0.8520
vn 0.2374 0.2374 -0.9420
vn 0.5288 -0.5622 0.6358
vn 0.4551 0.3428 -0.8218
vn 0.2538 -0.3048 -0.9180
vn 0.5632 -0.1416 -0.8141
vn 0.6466 0.1343 -0.7509
vn 0.2025 -0.0255 -0.9790
vn 0.8477 -0.1565 0.5068
vn 0.8051 -0.0300 0.5924
vn 0.7920 0.1976 -0.5776
vn 0.2503 0.2904 -0.9236
vn 0.0888 -0.2206 0.9713
vn 0.1597 -0.2730 0.9487
vn 0.8988 0.4311 0.0793
vn 0.1988 0.0863 0.9762
vn 0.2121 0.0831 0.9737
vn 0.0923 -0.1637 0.9822
vn 0.5022 0.3477 0.7918
vn 0.5419 0.5303 0.6520
vn 0.3910 0.0380 0.9196
vn 0.3467 0.5349 -0.7705
vn 0.2751 0.2827 -0.9189
vn 0.3673 0.5035 -0.7821
vn 0.3754 0.6680 -0.6426
vn 0.1218 0.5916 -0.7969
vn 0.1270 0.6081 -0.7836
vn 0.1885 0.7939 -0.5780
vn 0.8579 -0.2182 -0.4652
vn 0.6200 -0.1453 0.7711
vn 0.6953 0.1927 0.6924
vn 0.9926 0.0158 0.1200
vn 0.1810 -0.6438 0.7435
vn 0.3329 0.0193 -0.9428
vn 0.7265 -0.0179 -0.6870
vn 0.7668 -0.1653 -0.6202
vn 0.3494 -0.2059 -0.9141
vn 0.3472 -0.3430 -0.8728
vn 0.9993 -0.0240 -0.0285
vn 0.9995 -0.0277 0.0124
vn 0.3061 -0.4507 -0.8385
vn 0.7895 0.1000 0.6056
vn 0.7536 0.1991 0.6265
vn 0.9690 -0.2200 -0.1122
vn 0.9948 -0.0687 0.0751
vn 0.6066 -0.2118 0.7663
vn 0.7795 -0.6018 -0.1739
vn 0.8898 -0.0203 0.4558
vn 0.9981 0.0177 0.0583
vn 0.7880 0.2561 0.5599
vn 0.9144 0.1195 0.3867
vn 0.9748 0.0297 -0.2212
vn 0.9991 0.0207 -0.0371
vn 0.8056 0.3283 0.4931
vn 0.2925 -0.5567 -0.7775
vn 0.2577 -0.5876 -0.7670
vn 0.9982 -0.0334 -0.0507
vn 0.2963 -0.6161 -0.7298
vn 0.8879 0.3447 0.3046
vn 0.9992 0.0365 0.0142
vn 0.2723 -0.7857 -0.5554
vn 0.3078 0.7326 0.6071
vn 0.2551 -0.9099 -0.3271
vn 0.3633 -0.9301 -0.0547
vn 0.8262 0.5634 -0.0027
vn 0.9806 0.1959 -0.0010
vn 0.3989 0.6143 -0.6809
vn 0.9961 -0.0540 0.0701
vn 0.2872 -0.9497 -0.1250
vn 0.3349 -0.9327 -0.1337
vn 0.3476 -0.7148 0.6068
vn 0.3579 -0.8804 0.3112
vn 0.2860 -0.8239 -0.4892
vn 0.9698 -0.2172 0.1108
vn 0.9182 0.1051 0.3818
vn 0.9249 0.0433 0.3777
vn 0.8293 -0.0569 0.5559
vn 0.6200 0.0242 0.7842
vn 0.3057 -0.0493 0.9508
vn 0.9188 -0.3573 0.1676
vn 0.9895 -0.1307 0.0609
vn 0.9247 -0.1174 -0.3621
vn 0.7476 0.6285 0.2148
vn 0.5009 0.2531 0.8277
vn 0.9824 -0.0896 -0.1639
vn 0.1913 -0.5986 -0.7779
vn 0.9083 0.2202 -0.3557
vn 0.1432 -0.4035 -0.9037
vn 0.7181 0.4963 0.4878
vn 0.5784 -0.6851 -0.4427
vn 0.8833 -0.2916 -0.3671
vn 0.3956 -0.7452 -0.5368
vn 0.5435 -0.0365 -0.8386
vn 0.2306 -0.8543 -0.4658
vn 0.2312 -0.9241 -0.3043
vn 0.2327 -0.9297 -0.2853
vn 0.2159 -0.9390 -0.2677
vn 0.3212 -0.1954 -0.9266
vn 0.1108 -0.7387 -0.6649
vn 0.0988 -0.7565 -0.6465
vn 0.3932 0.7649 -0.5102
vn 0.0735 0.0114 -0.9972
vn 0.2892 0.9444 0.1567
vn 0.3383 0.9362 -0.0949
vn 0.2821 0.9325 0.2255
vn 0.2790 0.9401 0.1959
vn 0.2294 -0.9174 -0.3252
vn 0.2555 -0.8916 -0.3738
vn 0.2788 -0.9386 -0.2031
vn 0.2854 -0.8432 -0.4555
vn 0.2882 -0.7041 -0.6490
vn 0.3503 -0.4549 -0.8188
vn 0.2073 -0.8681 -0.4510
vn 0.1404 -0.9714 -0.1913
vn 0.1103 -0.9579 -0.2651
vn 0.9992 0.0243 0.0313
vn 0.3408 -0.9273 0.1548
vn 0.1404 -0.9714 0.1913
vn 0.2882 -0.7041 0.6490
vn 0.2073 -0.8681 0.4510
vn 0.3503 -0.4549 0.8188
vn 0.3341 -0.9333 0.1317
vn 0.8266 0.5628 0.0036
vn 0.9807 0.1954 0.0009
vn 0.3569 -0.8806 -0.3118
vn 0.3983 0.6148 0.6807
vn 0.3469 -0.7153 -0.6066
vn 0.2864 -0.9501 0.1233
vn 0.3623 -0.9305 0.0536
vn 0.2555 -0.9367 0.2393
vn 0.2608 -0.7778 0.5718
vn 0.9981 -0.0323 0.0517
vn 0.2782 -0.7049 0.6525
vn 0.8895 0.3440 -0.3009
vn 0.9994 0.0210 0.0259
vn 0.3077 0.7337 -0.6058
vn 0.2923 -0.5651 0.7715
vn 0.9991 -0.0245 0.0352
vn 0.7525 0.2016 -0.6269
vn 0.9950 -0.0673 -0.0743
vn 0.9995 -0.0307 -0.0088
vn 0.7895 0.0995 -0.6056
vn 0.9703 -0.2150 0.1109
vn 0.6070 -0.2086 -0.7668
vn 0.7467 -0.0010 -0.6652
vn 0.7815 -0.5984 0.1766
vn 0.9210 -0.3518 -0.1675
vn 0.9247 -0.1144 0.3631
vn 0.7619 -0.1542 0.6291
vn 0.3860 -0.4080 0.8274
vn 0.8585 -0.0861 0.5056
vn 0.9899 -0.1291 -0.0591
vn 0.9991 -0.0208 0.0375
vn 0.8600 -0.4042 0.3115
vn 0.8309 -0.3847 -0.4020
vn 0.8649 0.0226 -0.5015
vn 0.9416 -0.1757 -0.2872
vn 0.8866 0.0478 -0.4600
vn 0.2078 0.0278 -0.9778
vn 0.9916 -0.0729 0.1072
vn 0.7034 0.0049 0.7108
vn 0.5009 -0.2040 0.8411
vn 0.3449 -0.3475 0.8720
vn 0.7999 0.1770 0.5734
vn 0.6144 0.0054 0.7890
vn 0.9259 0.3320 0.1805
vn 0.2743 -0.3179 0.9076
vn 0.2788 -0.0640 0.9582
vn 0.3025 -0.4633 0.8330
vn 0.9299 0.0910 0.3563
vn 0.7265 -0.0170 0.6870
vn 0.7665 -0.1631 0.6212
vn 0.5590 -0.0477 0.8278
vn 0.7851 -0.1864 0.5907
vn 0.5852 0.0415 0.8098
vn 0.9068 -0.2836 0.3120
vn 0.8101 -0.2170 -0.5447
vn 0.5739 -0.4241 -0.7006
vn 0.3342 -0.6633 0.6696
vn 0.2152 -0.4702 0.8559
vn 0.1826 -0.6369 -0.7490
vn 0.9881 -0.1205 -0.0956
vn 0.9378 -0.1885 -0.2914
vn 0.9926 0.0170 -0.1202
vn 0.0992 -0.3386 -0.9357
vn 0.7929 -0.3176 -0.5200
vn 0.9755 0.2198 0.0007
vn 0.9978 0.0665 -0.0008
vn 0.9648 -0.1905 -0.1815
vn 0.6968 0.1921 -0.6911
vn 0.7393 -0.0519 -0.6714
vn 0.8993 0.1958 -0.3911
vn 0.7084 -0.2613 -0.6556
vn 0.6206 -0.1427 -0.7710
vn 0.8559 -0.3980 -0.3302
vn 0.1121 -0.1184 -0.9866
vn 0.9957 0.0276 -0.0885
vn 0.9391 -0.2178 -0.2658
vn 0.8348 -0.3591 0.4174
vn 0.9063 -0.3282 0.2663
vn 0.8585 -0.2157 0.4653
vn 0.8721 0.2435 -0.4244
vn 0.8853 0.3753 -0.2747
vn 0.9172 0.3977 -0.0265
vn 0.9296 -0.2187 -0.2967
vn 0.7408 0.5125 0.4343
vn 0.9669 0.1428 -0.2116
vn 0.4739 0.2388 0.8476
vn 0.8313 0.2424 0.5001
vn 0.7978 0.3469 0.4931
vn 0.9209 0.3810 0.0823
vn 0.9537 -0.1692 -0.2487
vn 0.9881 -0.1209 -0.0949
vn 0.9867 -0.1614 -0.0182
vn 0.4032 0.2357 -0.8842
vn 0.1379 -0.3737 -0.9172
vn 0.9688 -0.2461 0.0306
vn 0.5260 -0.1663 -0.8341
vn 0.9489 -0.2633 -0.1740
vn 0.9344 -0.3230 -0.1501
vn 0.9395 -0.2228 -0.2601
vn 0.8870 -0.4555 0.0756
vn 0.6812 -0.4354 0.5886
vn 0.5040 0.1844 0.8438
vn 0.7227 -0.5220 0.4530
vn 0.7922 0.0176 0.6100
vn 0.1815 0.0459 0.9823
vn 0.2970 -0.5449 -0.7841
vn -0.0518 -0.4259 -0.9033
vn 0.6328 -0.7516 -0.1859
vn 0.5860 0.1566 0.7950
vn 0.9380 -0.2015 -0.2819
vn 0.7990 0.2621 0.5411
vn 0.8470 0.5274 0.0665
vn 0.5853 -0.5449 -0.6004
vn 0.9360 -0.1220 -0.3303
vn 0.3374 0.5755 -0.7450
vn 0.6823 0.5996 0.4183
vn 0.8275 0.4087 -0.3850
vn 0.2944 0.9085 -0.2966
vn 0.1019 -0.9843 -0.1442
vn 0.2841 -0.6838 -0.6721
vn -0.0304 -0.9796 0.1984
vn 0.2691 -0.6701 -0.6917
vn 0.3136 0.4863 -0.8156
vn 0.2244 0.9618 -0.1569
vn 0.1826 0.9808 -0.0679
vn 0.0580 0.9719 0.2280
vn 0.1049 -0.6552 -0.7481
vn 0.2634 0.8069 0.5287
vn 0.3272 0.8052 0.4946
vn 0.1520 0.6909 0.7068
vn 0.8732 0.4264 -0.2360
vn 0.0662 0.6879 0.7228
vn 0.0749 0.8184 0.5697
vn 0.9152 -0.3887 0.1062
vn 0.9675 -0.0062 0.2529
vn 0.4978 -0.5501 -0.6705
vn 0.6903 -0.5736 0.4410
vn 0.4842 0.1871 0.8547
vn 0.6824 0.1710 0.7107
vn 0.5957 0.5737 0.5622
vn 0.5127 0.3574 0.7806
vn 0.3599 0.3804 0.8519
vn 0.8948 -0.1923 -0.4029
vn 0.4319 0.3403 0.8353
vn 0.2970 0.5309 0.7937
vn 0.0427 0.4560 0.8890
vn 0.0825 0.5775 0.8122
vn 0.0978 0.5981 0.7955
vn 0.1070 0.6757 0.7294
vn 0.0818 0.6596 0.7471
vn 0.0798 0.6159 0.7838
vn 0.6923 0.3330 0.6402
vn 0.3899 0.4669 0.7937
vn 0.0796 0.6820 0.7270
vn 0.0838 0.5376 0.8391
vn 0.0798 0.4704 0.8788
vn 0.5347 0.1728 0.8272
vn 0.0507 0.3663 0.9291
vn 0.1237 0.6110 0.7819
vn 0.1837 0.7959 0.5769
vn 0.8406 -0.5298 -0.1131
vn 0.6383 0.1413 0.7567
vn 0.7360 -0.4281 0.5245
vn 0.9045 -0.2085 0.3720
vn 0.5709 -0.7383 0.3592
vn 0.1291 -0.7741 -0.6197
vn 0.4848 -0.8715 0.0733
vn 0.9849 0.1386 0.1039
vn 0.6419 -0.3809 -0.6655
vn 0.8345 0.2906 -0.4681
vn 0.2318 -0.0044 -0.9727
vn 0.5884 0.8028 -0.0967
vn 0.4813 0.3063 -0.8213
vn 0.8605 -0.1543 0.4855
vn 0.8147 0.0294 -0.5791
vn 0.8479 -0.1601 -0.5053
vn 0.1585 -0.2796 -0.9469
vn 0.5664 -0.1436 0.8115
vn 0.8060 -0.0285 -0.5912
vn 0.0884 -0.2250 -0.9703
vn 0.6452 0.1377 0.7515
vn 0.2868 -0.3705 0.8834
vn 0.2537 -0.3112 0.9159
vn 0.2025 -0.0263 0.9789
vn 0.7925 0.2011 0.5758
vn 0.2491 0.2964 0.9220
vn 0.8962 0.4393 -0.0618
vn 0.3399 0.5399 0.7700
vn 0.2732 0.2896 0.9173
vn 0.3614 0.5115 0.7796
vn 0.5410 0.5463 -0.6395
vn 0.3668 0.6734 0.6418
vn 0.1991 0.0895 -0.9759
vn 0.2120 0.0863 -0.9734
vn 0.0920 -0.1679 -0.9815
vn 0.3916 0.0398 -0.9193
vn 0.2839 -0.2617 0.9225
vn 0.3075 -0.3278 0.8933
vn 0.5457 0.7890 -0.2823
vn 0.3696 -0.4460 0.8151
vn 0.6053 0.2058 -0.7690
vn 0.4582 0.6619 0.5933
vn 0.2832 0.4882 0.8255
vn 0.7374 0.3312 0.5887
vn 0.1411 0.3676 0.9192
vn 0.9861 0.0743 0.1488
vn 0.6212 0.2972 0.7251
vn 0.9737 0.2213 0.0534
vn 0.6010 0.1839 0.7778
vn 0.1291 0.3622 0.9231
vn 0.1087 0.2873 0.9517
vn 0.0975 0.1708 0.9805
vn 0.7778 0.0110 0.6284
vn 0.7216 -0.4939 0.4851
vn 0.1231 -0.1156 0.9856
vn 0.9614 -0.1872 -0.2014
vn 0.1498 -0.2769 0.9491
vn 0.2600 -0.8726 0.4135
vn -0.0728 -0.4750 -0.8770
vn 0.7296 -0.3030 -0.6130
vn -0.8125 -0.0009 0.5830
vn 0.1234 0.9554 0.2683
vn 0.2561 0.9474 0.1920
vn 0.1416 0.9479 0.2855
vn 0.1826 0.8825 0.4335
vn 0.2500 0.8090 0.5320
vn 0.2437 0.8294 0.5027
vn 0.1834 0.9174 0.3533
vn 0.4142 0.7339 0.5384
vn 0.1757 0.6875 0.7046
vn 0.5043 0.8376 0.2099
vn 0.3739 0.8962 -0.2388
vn 0.4724 0.8508 -0.2300
vn 0.3541 0.8591 -0.3695
vn 0.8889 -0.4537 0.0635
vn 0.8711 0.4702 0.1416
vn 0.7387 0.3979 0.5440
vn 0.4719 -0.6364 0.6102
vn 0.0735 0.0114 0.9972
vn 0.1229 -0.5905 -0.7976
vn 0.4657 -0.6428 -0.6082
vn 0.0836 0.2572 -0.9627
vn 0.1255 -0.5842 0.8019
vn 0.0829 0.2630 0.9612
vn -0.7347 -0.6709 0.1010
vn -0.9381 -0.3256 0.1182
vn -0.6811 -0.6622 0.3123
vn -0.6891 -0.7094 0.1477
vn -0.7480 -0.2313 0.6221
vn -0.7809 -0.3590 0.5111
vn -0.8093 -0.5211 -0.2710
vn -0.6885 -0.6807 -0.2504
vn -0.6853 -0.7283 -0.0024
vn -0.9262 -0.3772 -0.0005
vn -0.9457 0.3251 -0.0000
vn -0.9348 0.1761 0.3085
vn -0.7806 -0.3590 -0.5117
vn -0.6889 -0.7089 -0.1511
vn -0.6990 -0.7068 -0.1087
vn -0.9356 -0.3531 -0.0008
vn -0.6869 -0.7209 -0.0918
vn -0.7186 -0.6620 -0.2131
vn -0.6805 -0.6623 -0.3135
vn -0.5350 -0.6627 -0.5240
vn -0.7347 -0.6707 -0.1021
vn -0.7477 -0.2316 -0.6223
vn -0.8093 -0.5216 0.2701
vn -0.6883 -0.6813 0.2492
vn -0.8389 0.5441 -0.0159
vn -0.8893 0.4448 0.1064
vn -1.0000 -0.0000 -0.0000
vn -0.6521 0.7195 -0.2391
vn -0.8244 0.4764 0.3057
vn -0.8781 0.3687 0.3051
vn -0.8392 -0.4965 0.2218
vn -0.8631 0.4317 0.2623
vn -0.8975 -0.4410 -0.0067
vn -0.9061 -0.3400 0.2516
vn -0.7751 -0.6318 0.0114
vn -0.9801 0.1966 0.0286
vn -0.9789 -0.0701 0.1917
vn -0.7860 0.3316 -0.5218
vn -0.9752 0.2212 -0.0037
vn -0.9743 -0.2253 -0.0021
vn -0.8971 0.2771 0.3441
vn -0.7166 0.4181 -0.5583
vn -0.7956 0.5279 -0.2973
vn -0.9222 0.2911 0.2545
vn -0.9555 0.2884 -0.0618
vn -0.8102 -0.1149 -0.5748
vn -0.8827 0.0865 -0.4619
vn -0.7394 0.1140 -0.6636
vn -0.6840 -0.0166 -0.7293
vn -0.7616 0.6292 0.1551
vn -0.6409 0.7436 -0.1906
vn -0.3962 -0.7578 -0.5184
vn -0.1340 0.5384 -0.8320
vn -0.8695 -0.1565 -0.4684
vn -0.7808 -0.1511 -0.6063
vn -0.9511 0.2246 -0.2122
vn -0.3605 -0.9272 0.1018
vn -0.9592 -0.2790 -0.0460
vn -0.4795 -0.4678 -0.7425
vn -0.5596 0.8249 -0.0800
vn -0.6493 0.5941 0.4747
vn -0.3846 -0.6107 -0.6922
vn -0.4230 0.8376 -0.3457
vn -0.5715 0.7288 0.3770
vn -0.5628 0.7446 0.3590
vn -0.6145 0.4991 -0.6110
vn -0.3380 0.9250 -0.1732
vn -0.9220 0.0029 -0.3871
vn -0.1538 0.8613 -0.4842
vn -0.1526 0.6314 -0.7603
vn -0.8088 0.0316 -0.5873
vn -0.9348 0.1759 -0.3084
vn -0.9401 0.3371 -0.0503
vn -0.9871 0.0820 -0.1375
vn -0.7023 -0.5958 -0.3896
vn -0.5713 -0.8207 0.0092
vn -0.7375 -0.6140 -0.2812
vn -0.4974 0.7591 -0.4199
vn -0.6966 -0.4565 -0.5535
vn -0.8265 -0.5629 -0.0000
vn -0.9587 0.0765 0.2741
vn -0.9927 -0.0567 0.1061
vn -0.3828 -0.9238 -0.0000
vn -0.5713 -0.8207 -0.0092
vn -0.7375 -0.6141 0.2812
vn -0.4830 -0.8266 0.2889
vn -0.9982 0.0592 -0.0000
vn -0.9927 -0.0568 -0.1061
vn -0.4829 -0.8266 -0.2889
vn -0.7023 -0.5958 0.3895
vn -0.4974 0.7591 0.4199
vn -0.6966 -0.4565 0.5535
vn -0.9220 0.0027 0.3873
vn -0.9871 0.0820 0.1375
vn -0.1769 0.7048 0.6870
vn -0.1538 0.8613 0.4842
vn -0.2875 0.8434 0.4539
vn -0.1526 0.6314 0.7603
vn -0.6145 0.4990 0.6111
vn -0.6410 0.7430 0.1925
vn -0.4231 0.8375 0.3457
vn -0.3380 0.9251 0.1732
vn -0.9555 0.2884 0.0623
vn -0.5601 0.8245 0.0805
vn -0.7506 0.5926 -0.2924
vn -0.7622 0.6287 -0.1542
vn -0.6892 0.5148 -0.5099
vn -0.9981 0.0587 0.0209
vn -0.5641 0.7438 -0.3586
vn -0.9591 -0.2794 0.0459
vn -0.6840 -0.0172 0.7293
vn -0.9461 0.3026 0.1153
vn -0.8696 -0.1563 0.4683
vn -0.7810 -0.1507 0.6061
vn -0.8827 0.0861 0.4620
vn -0.1339 0.5370 0.8329
vn -0.3971 -0.7577 0.5178
vn -0.8677 0.4046 0.2889
vn -0.7165 0.4173 0.5591
vn -0.9809 0.1720 0.0910
vn -0.7393 0.1137 0.6638
vn -0.5884 -0.4953 0.6392
vn -0.4741 0.6343 0.6106
vn -0.9327 0.1145 0.3421
vn -0.7858 0.3310 0.5224
vn -0.9753 0.2208 0.0041
vn -0.1704 0.8526 0.4939
vn -0.3207 0.5263 0.7875
vn -0.9790 -0.0700 -0.1917
vn -0.9518 0.2541 0.1719
vn -0.9802 0.1961 -0.0282
vn -0.9744 -0.2247 0.0017
vn -0.7728 0.0800 -0.6296
vn -0.7845 -0.0997 -0.6120
vn -0.8103 -0.1147 0.5746
vn -0.8343 -0.2179 -0.5064
vn -0.8088 0.0317 0.5872
vn -0.6730 -0.4417 0.5932
vn -0.9061 -0.3397 -0.2522
vn -0.8891 0.4449 -0.1070
vn -0.8244 0.4757 -0.3067
vn -0.8391 -0.4963 -0.2226
vn -0.8974 -0.4412 0.0060
vn -0.7751 -0.6318 -0.0125
vn -0.8781 0.3680 -0.3058
vn -0.6523 0.7194 0.2389
vn -0.8632 0.4310 -0.2630
vn -0.8493 0.3836 -0.3626
vn -0.8687 0.3649 -0.3349
vn -0.8278 0.4286 -0.3619
vn -0.7202 -0.6451 -0.2551
vn -0.8497 0.3103 -0.4263
vn -0.7645 0.3293 -0.5541
vn -0.9692 0.2370 0.0674
vn -0.9150 0.2644 -0.3049
vn -0.8510 0.4106 -0.3275
vn -0.8878 0.4589 -0.0346
vn -0.9697 -0.2183 -0.1098
vn -0.9822 -0.0903 0.1648
vn -0.9960 -0.0552 -0.0700
vn -0.2837 -0.8246 0.4895
vn -0.1896 -0.5989 0.7780
vn -0.9080 0.2202 0.3564
vn -0.1420 -0.4044 0.9035
vn -0.7181 0.4963 -0.4879
vn -0.8825 -0.2929 0.3680
vn -0.5341 -0.1124 0.8379
vn -0.5435 -0.0350 0.8387
vn -0.2289 -0.8545 0.4663
vn -0.5773 -0.6861 0.4427
vn -0.2312 -0.9301 0.2854
vn -0.1306 -0.9902 -0.0484
vn -0.2144 -0.9393 0.2678
vn -0.5774 -0.1353 0.8052
vn -0.3203 -0.1922 0.9276
vn -0.3882 0.7697 0.5067
vn -0.0714 0.0114 0.9974
vn -0.0976 -0.4098 0.9069
vn -0.0959 -0.7587 0.6443
vn -0.1093 -0.7386 0.6652
vn -0.2863 0.9446 -0.1603
vn -0.3346 0.9376 0.0948
vn -0.2789 0.9333 -0.2263
vn -0.2762 0.9401 -0.2000
vn -0.2279 -0.9177 0.3254
vn -0.2538 -0.8921 0.3738
vn -0.5918 -0.6278 0.5055
vn -0.2773 -0.9391 0.2032
vn -0.9384 0.0794 0.3364
vn -0.2765 -0.9541 0.1151
vn -0.7036 -0.6323 -0.3243
vn -0.2832 -0.8439 0.4557
vn -0.9280 -0.2454 -0.2805
vn -0.7214 -0.3968 -0.5676
vn -0.8896 -0.4488 -0.0844
vn -0.8983 -0.1620 -0.4084
vn -0.8322 -0.5004 -0.2388
vn -0.3400 -0.9275 -0.1556
vn -0.9071 -0.4209 -0.0000
vn -0.8322 -0.5004 0.2388
vn -0.1390 -0.9716 -0.1915
vn -0.2861 -0.7031 -0.6510
vn -0.7036 -0.6323 0.3243
vn -0.7214 -0.3968 0.5676
vn -0.6412 -0.1315 0.7561
vn -0.9384 0.0794 -0.3364
vn -0.8896 -0.4488 0.0844
vn -0.2765 -0.9541 -0.1151
vn -0.8326 -0.5245 -0.1780
vn -0.3375 0.3494 0.8741
vn -0.9914 0.0419 -0.1238
vn -0.7766 0.4473 -0.4435
vn -0.6778 0.4150 -0.6069
vn -0.8560 0.4492 -0.2560
vn -0.8972 0.4413 0.0180
vn -0.8463 -0.5326 -0.0000
vn -0.9472 -0.3206 -0.0000
vn -0.8835 -0.4545 -0.1135
vn -0.9914 0.0418 0.1238
vn -0.3375 0.3494 -0.8741
vn -0.6778 0.4150 0.6069
vn -0.7766 0.4474 0.4435
vn -0.8560 0.4492 0.2560
vn -0.8835 -0.4545 0.1135
vn -0.8972 0.4413 -0.0180
vn -0.8389 0.5441 0.0159
vn -0.9531 0.3025 -0.0000
vn -0.7626 0.6468 -0.0000
vn -0.9150 0.2647 0.3043
vn -0.8878 0.4590 0.0344
vn -0.9822 -0.0902 -0.1645
vn -0.7181 0.4963 0.4879
vn -0.9081 0.2204 -0.3561
vn -0.5774 -0.6861 -0.4427
vn -0.2538 -0.8921 -0.3738
vn -0.2832 -0.8439 -0.4557
vn -0.2772 -0.9391 -0.2031
vn -0.2289 -0.8545 -0.4663
vn -0.8825 -0.2929 -0.3680
vn -0.3949 -0.7466 -0.5354
vn -0.5435 -0.0349 -0.8387
vn -0.1419 -0.4050 -0.9032
vn -0.2144 -0.9393 -0.2678
vn -0.2312 -0.9301 -0.2854
vn -0.3202 -0.1921 -0.9276
vn -0.0976 -0.4098 -0.9069
vn -0.1093 -0.7386 -0.6652
vn -0.3882 0.7697 -0.5067
vn -0.0714 0.0114 -0.9974
vn -0.2863 0.9446 0.1603
vn -0.3346 0.9376 -0.0948
vn -0.2789 0.9333 0.2263
vn -0.2762 0.9401 0.2000
vn -0.1894 -0.6003 -0.7771
vn -0.9696 -0.2183 0.1101
vn -0.2832 -0.8261 -0.4872
vn -0.9960 -0.0554 0.0698
vn -0.8509 0.4114 0.3266
vn -0.8279 0.4292 0.3609
vn -0.6079 0.7262 0.3210
vn -0.9490 0.3078 0.0678
vn -0.8671 0.3720 0.3312
vn -0.9981 0.0105 0.0601
vn -0.9975 0.0681 -0.0167
vn -0.7658 0.3401 0.5458
vn -0.8514 0.3868 0.3544
vn -0.7200 -0.6445 0.2572
vn -0.8495 0.3213 0.4185
vn -0.9992 0.0382 0.0139
vn -0.9380 0.2565 0.2332
vn -0.8877 0.1268 0.4427
vn -0.7925 -0.2996 0.5313
vn -0.4569 0.4553 0.7642
vn -0.9745 0.0315 -0.2221
vn -0.9151 0.1196 0.3851
vn -0.4941 0.3078 0.8131
vn -0.8071 0.3385 0.4837
vn -0.9997 -0.0105 0.0217
vn -0.7860 0.2660 0.5581
vn -0.9968 0.0085 0.0789
vn -0.6950 0.2166 0.6856
vn -0.9185 0.1059 0.3811
vn -0.8906 -0.0195 0.4543
vn -0.9971 0.0488 0.0590
vn -0.7340 0.1417 0.6642
vn -0.9346 -0.1363 0.3286
vn -0.8295 -0.2647 0.4919
vn -0.8757 0.0323 0.4819
vn -0.9215 -0.1183 0.3698
vn -0.8294 -0.0561 0.5558
vn -0.8988 0.2794 0.3377
vn -0.6197 0.0228 0.7845
vn -0.9935 0.0066 0.1138
vn -0.9844 -0.0370 -0.1723
vn -0.8817 -0.3295 0.3377
vn -0.8891 0.3890 0.2411
vn -0.7451 0.3467 0.5697
vn -0.9731 0.0701 0.2193
vn -0.8532 0.4413 0.2780
vn -0.7515 0.3697 0.5464
vn -0.9991 -0.0204 -0.0382
vn -0.9899 -0.1293 0.0589
vn -0.8599 -0.4043 -0.3115
vn -0.9867 -0.1617 0.0192
vn -0.9251 -0.1147 -0.3620
vn -0.7624 -0.1541 -0.6285
vn -0.9208 -0.3522 0.1675
vn -0.7819 -0.5980 -0.1765
vn -0.3864 -0.4082 -0.8271
vn -0.6074 -0.2084 0.7666
vn -0.8584 -0.0858 -0.5057
vn -0.9704 -0.2148 -0.1104
vn -0.9950 -0.0676 0.0739
vn -0.8650 0.0227 0.5013
vn -0.7895 0.0994 0.6056
vn -0.7525 0.2017 0.6269
vn -0.9943 0.0419 0.0982
vn -0.9989 0.0279 0.0371
vn -0.7467 -0.0010 0.6652
vn -0.9995 -0.0307 0.0075
vn -0.9990 -0.0252 -0.0363
vn -0.9973 -0.0207 0.0700
vn -0.9914 -0.0744 -0.1078
vn -0.3422 -0.3481 -0.8728
vn -0.7033 0.0049 -0.7108
vn -0.4997 -0.2051 -0.8416
vn -0.8866 0.0477 0.4600
vn -0.3439 -0.2052 -0.9163
vn -0.2997 -0.4637 -0.8337
vn -0.6103 0.0050 -0.7922
vn -0.7600 -0.1649 -0.6287
vn -0.9284 0.0910 -0.3604
vn -0.9259 0.3320 -0.1805
vn -0.6859 -0.0830 -0.7230
vn -0.5520 -0.0477 -0.8325
vn -0.7323 0.0101 -0.6809
vn -0.8100 -0.2171 0.5447
vn -0.8313 0.2424 -0.5002
vn -0.7999 0.1770 -0.5734
vn -0.7974 0.3472 -0.4936
vn -0.9416 -0.1759 0.2871
vn -0.8309 -0.3848 0.4019
vn -0.9541 -0.1692 0.2470
vn -0.9881 -0.1206 0.0955
vn -0.9208 0.3811 -0.0826
vn -0.8516 0.2782 0.4443
vn -0.9052 0.2748 -0.3242
vn -0.8534 -0.0248 0.5206
vn -0.7641 0.1212 0.6336
vn -0.6933 0.1687 0.7006
vn -0.9681 0.0771 0.2383
vn -0.9310 0.1561 0.3300
vn -0.7988 0.0662 0.5980
vn -0.5907 0.2743 0.7589
vn -0.6763 -0.3706 0.6366
vn -0.7296 -0.3028 0.6132
vn -0.8838 -0.2419 0.4006
vn -0.6811 -0.3803 -0.6256
vn -0.6221 0.2417 0.7447
vn -0.8228 0.1045 0.5587
vn -0.8325 -0.2683 -0.4847
vn -0.8718 0.2431 0.4252
vn -0.9062 -0.3281 -0.2668
vn -0.8855 0.3748 0.2744
vn -0.9670 0.1425 0.2114
vn -0.9295 -0.2183 0.2972
vn -0.9172 0.3974 0.0266
vn -0.9489 -0.2631 0.1742
vn -0.9685 -0.2469 -0.0318
vn -0.9343 -0.3238 0.1491
vn -0.9395 -0.2219 0.2610
vn -0.8873 -0.4550 -0.0755
vn -0.6818 -0.4358 -0.5876
vn -0.5036 0.1851 -0.8439
vn -0.7228 -0.5217 -0.4531
vn -0.7920 0.0175 -0.6102
vn -0.1812 0.0461 -0.9824
vn -0.2967 -0.5446 0.7844
vn 0.0522 -0.4257 0.9034
vn -0.9403 -0.2513 -0.2296
vn -0.6321 -0.7516 0.1887
vn -0.5869 0.1570 -0.7943
vn -0.8608 -0.3059 0.4068
vn -0.6643 -0.4157 -0.6212
vn -0.9787 0.2012 -0.0416
vn -0.5697 -0.1445 -0.8091
vn -0.9380 -0.2018 0.2817
vn -0.7983 0.2617 -0.5424
vn -0.3742 -0.5117 -0.7734
vn -0.6393 -0.6196 0.4553
vn -0.5994 -0.4848 0.6370
vn -0.2825 -0.4488 0.8478
vn -0.2453 -0.9403 0.2360
vn -0.1048 -0.6551 0.7482
vn -0.2733 -0.4815 0.8327
vn -0.8265 0.4109 0.3848
vn -0.2490 -0.6338 0.7323
vn -0.5308 -0.8289 0.1765
vn -0.1017 -0.9844 0.1438
vn 0.0304 -0.9796 -0.1985
vn -0.3993 -0.6567 -0.6397
vn -0.9029 -0.2942 0.3135
vn -0.7519 -0.2832 0.5953
vn -0.2366 -0.3626 0.9014
vn -0.9016 -0.1022 -0.4203
vn -0.9966 -0.0697 -0.0435
vn -0.9712 0.1272 -0.2013
vn -0.3445 -0.4216 0.8388
vn -0.2231 -0.5939 0.7730
vn -0.1918 -0.6661 0.7207
vn 0.4042 -0.9139 -0.0371
vn -0.5785 -0.7520 0.3160
vn 0.8125 -0.0011 -0.5829
vn -0.5251 -0.1666 0.8346
vn -0.9199 -0.1287 -0.3705
vn -0.8128 -0.4582 0.3597
vn -0.9357 -0.1247 -0.3301
vn -0.5434 -0.1529 -0.8255
vn -0.6801 -0.3588 -0.6394
vn -0.5577 -0.7045 0.4389
vn -0.8701 -0.4265 -0.2471
vn -0.9917 0.0473 0.1196
vn -0.3418 -0.5376 -0.7708
vn -0.8917 0.0380 -0.4510
vn -0.9895 -0.0718 0.1255
vn -0.8479 -0.5085 -0.1498
vn -0.4773 -0.8587 0.1864
vn -0.5699 -0.1438 0.8090
vn -0.9894 -0.1377 -0.0470
vn -0.9956 -0.0921 -0.0170
vn -0.6966 -0.1357 0.7045
vn -0.9945 -0.0999 -0.0305
vn -0.8769 0.4804 0.0133
vn -0.9920 -0.1253 -0.0142
vn -0.0866 -0.4762 0.8751
vn -0.1654 0.5464 0.8210
vn -0.4468 0.7930 0.4141
vn -0.6574 0.7529 -0.0289
vn -0.7008 0.7127 0.0307
vn -0.7307 0.2875 0.6192
vn -0.6555 0.7448 -0.1249
vn -0.9852 -0.1634 -0.0509
vn -0.6183 0.6550 -0.4343
vn -0.7428 0.4894 -0.4568
vn -0.0767 0.9663 -0.2457
vn -0.7387 0.3982 -0.5438
vn -0.5734 0.3848 -0.7232
vn -0.7785 0.1474 -0.6102
vn -0.5240 -0.0296 -0.8512
vn -0.8588 -0.1305 -0.4954
vn -0.8749 0.0160 -0.4840
vn -0.6441 -0.7334 0.2175
vn -0.1357 -0.8521 0.5054
vn -0.3964 -0.3638 -0.8429
vn -0.0243 -0.8017 0.5972
vn -0.1892 -0.9723 0.1372
vn -0.2071 -0.8538 -0.4777
vn -0.1687 -0.9359 0.3093
vn -0.8356 -0.5439 0.0763
vn -0.8574 -0.4917 0.1517
vn -0.8622 -0.0505 -0.5040
vn -0.9733 -0.0703 0.2183
vn -0.8771 0.3480 0.3311
vn -0.5603 0.8068 -0.1877
vn -0.4990 0.6474 -0.5761
vn -0.6084 0.7382 -0.2914
vn -0.1788 0.9259 -0.3328
vn -0.1731 0.9514 -0.2548
vn -0.9234 -0.0119 -0.3838
vn -0.2343 0.9721 0.0088
vn -0.9504 -0.2401 -0.1977
vn -0.1220 0.9556 -0.2681
vn -0.2542 0.9478 -0.1923
vn -0.1400 0.9482 -0.2853
vn -0.1805 0.8829 -0.4334
vn -0.2478 0.8091 -0.5329
vn -0.2414 0.8299 -0.5030
vn -0.1814 0.9177 -0.3533
vn -0.4122 0.7342 -0.5394
vn -0.1738 0.6874 -0.7051
vn -0.2013 0.9259 -0.3196
vn -0.2218 0.8940 -0.3893
vn -0.5019 0.8388 -0.2109
vn -0.2588 0.9384 -0.2290
vn -0.9999 0.0062 -0.0095
vn -0.9947 0.0960 -0.0374
vn -0.8208 -0.5566 0.1283
vn -0.3158 0.9436 -0.0999
vn -0.2583 0.9372 -0.2344
vn -0.7450 -0.6518 0.1419
vn -0.2274 -0.8922 0.3903
vn -0.4931 0.8411 0.2221
vn -0.5462 0.7717 0.3259
vn -0.5454 0.7824 0.3008
vn -0.3824 -0.9143 -0.1335
vn -0.7813 -0.6008 0.1689
vn -0.3505 -0.9188 -0.1814
vn -0.9223 0.0379 0.3846
vn -0.8889 -0.4537 -0.0637
vn -0.3355 -0.8886 0.3127
vn -0.2332 -0.7549 0.6130
vn -0.8708 0.4712 -0.1401
vn -0.3708 0.8971 0.2403
vn -0.4698 0.8527 0.2284
vn -0.3510 0.8609 0.3683
vn -0.2842 -0.6838 0.6720
vn -0.2695 -0.6705 0.6912
vn -0.2918 0.9090 0.2975
vn -0.8458 0.5291 -0.0686
vn -0.3108 0.4883 0.8155
vn -0.2220 0.9624 0.1563
vn -0.3348 0.5762 0.7456
vn -0.1819 0.9807 0.0715
vn -0.0573 0.9720 -0.2280
vn -0.9362 -0.1209 0.3299
vn -0.5883 -0.5447 0.5977
vn -0.6804 0.6006 -0.4199
vn -0.2631 0.8071 -0.5286
vn -0.7778 0.4898 -0.3939
vn -0.9151 -0.3892 -0.1059
vn -0.4943 -0.5502 0.6731
vn -0.1518 0.6909 -0.7069
vn -0.0657 0.6880 -0.7227
vn -0.0740 0.8185 -0.5697
vn -0.4829 0.1879 -0.8553
vn -0.3600 0.3804 -0.8519
vn -0.6884 -0.5763 -0.4405
vn -0.5129 0.3574 -0.7806
vn -0.5958 0.5739 -0.5619
vn -0.8944 -0.1924 0.4039
vn -0.6928 0.3331 -0.6396
vn -0.3887 0.4677 -0.7938
vn -0.0966 0.5980 -0.7956
vn -0.0809 0.6596 -0.7472
vn -0.0788 0.6160 -0.7838
vn -0.0785 0.6823 -0.7268
vn -0.0825 0.5378 -0.8390
vn -0.0786 0.4706 -0.8789
vn -0.5350 0.1721 -0.8271
vn -0.1179 0.5989 -0.7921
vn -0.1215 0.6107 -0.7825
vn -0.1806 0.7965 -0.5771
vn -0.8404 -0.5300 0.1130
vn -0.6383 0.1405 -0.7568
vn -0.7361 -0.4275 -0.5247
vn -0.9034 -0.2084 -0.3748
vn -0.5710 -0.7381 -0.3594
vn -0.4845 -0.8715 -0.0751
vn -0.9848 0.1385 -0.1045
vn -0.6418 -0.3810 0.6655
vn -0.8335 0.2952 0.4670
vn -0.2317 -0.0046 0.9728
vn -0.5812 0.8079 0.0976
vn -0.4764 0.3107 0.8225
vn -0.8582 -0.1551 -0.4893
vn -0.8152 0.0298 0.5784
vn -0.8489 -0.1596 0.5039
vn -0.1560 -0.2796 0.9474
vn -0.5639 -0.1428 -0.8134
vn -0.8071 -0.0268 0.5898
vn -0.0869 -0.2247 0.9705
vn -0.6424 0.1381 -0.7538
vn -0.2823 -0.3716 -0.8845
vn -0.2501 -0.3114 -0.9168
vn -0.1995 -0.0262 -0.9796
vn -0.7893 0.2031 -0.5795
vn -0.2459 0.2963 -0.9229
vn -0.8952 0.4420 0.0568
vn -0.3351 0.5406 -0.7717
vn -0.2695 0.2899 -0.9183
vn -0.3562 0.5114 -0.7821
vn -0.5347 0.5487 0.6427
vn -0.4965 0.3583 0.7906
vn -0.2086 0.0859 0.9742
vn -0.3862 0.0399 0.9216
vn -0.1960 0.0890 0.9766
vn -0.0905 -0.1682 0.9816
vn -0.3617 0.6749 -0.6432
vn -0.2791 -0.2614 -0.9240
vn -0.3021 -0.3277 -0.8952
vn -0.5457 0.7890 0.2822
vn -0.3634 -0.4462 -0.8178
vn -0.6054 0.2060 0.7688
vn -0.4585 0.6621 -0.5928
vn -0.7419 0.5119 -0.4331
vn -0.2821 0.4870 -0.8266
vn -0.7367 0.3316 -0.5893
vn -0.9956 0.0276 0.0890
vn -0.1394 0.3671 -0.9197
vn -0.9864 0.0742 -0.1468
vn -0.6209 0.2973 -0.7254
vn -0.8993 0.1958 0.3911
vn -0.9391 -0.2178 0.2658
vn -0.9756 0.2196 -0.0001
vn -0.8559 -0.3980 0.3302
vn -0.9927 0.0173 0.1192
vn -0.6967 0.1922 0.6911
vn -0.8345 -0.3590 -0.4179
vn -0.6207 -0.1427 0.7710
vn -0.7084 -0.2613 0.6556
vn -0.8584 -0.2158 -0.4653
vn -0.7407 -0.0507 0.6699
vn -0.1119 -0.1183 0.9867
vn -0.1378 -0.3738 0.9172
vn -0.6926 -0.1230 -0.7108
vn -0.4739 0.2388 -0.8476
vn -0.9996 0.0140 -0.0228
vn -0.5739 -0.4241 0.7006
vn -0.0992 -0.3387 0.9357
vn -0.5761 0.0394 -0.8164
vn -0.6151 -0.7314 0.2945
vn -0.9878 -0.1207 0.0984
vn -0.7945 -0.3181 0.5172
vn -0.2127 -0.4668 -0.8584
vn -0.7206 -0.4946 -0.4858
vn -0.9978 0.0667 0.0013
vn -0.7770 0.0108 -0.6294
vn -0.9738 0.2210 -0.0534
vn -0.1485 -0.2770 -0.9493
vn -0.1220 -0.1155 -0.9858
vn -0.3326 -0.6578 -0.6758
vn -0.0966 0.1708 -0.9806
vn -0.6006 0.1838 -0.7781
vn -0.1075 0.2872 -0.9518
vn -0.1276 0.3622 -0.9233
vn 0.0732 -0.4750 0.8769
vn -0.1294 -0.7742 0.6195
vn -0.0815 0.5774 -0.8124
vn -0.1057 0.6755 -0.7297
vn -0.0423 0.4561 -0.8889
vn -0.2077 0.0277 0.9778
vn -0.2899 -0.5655 -0.7721
vn -0.9994 0.0201 -0.0267
vn -0.2762 -0.7054 -0.6528
vn -0.9981 -0.0330 -0.0525
vn -0.2589 -0.7784 -0.5719
vn -0.8894 0.3439 0.3012
vn -0.3598 -0.9315 -0.0528
vn -0.3078 0.7336 0.6059
vn -0.8268 0.5625 -0.0032
vn -0.9736 -0.2013 -0.1080
vn -0.9810 0.1942 -0.0005
vn -0.3981 0.6144 -0.6813
vn -0.6732 0.5235 -0.5223
vn -0.3442 -0.7160 0.6074
vn -0.3542 -0.8816 0.3121
vn -0.3316 -0.9341 -0.1320
vn -0.2840 -0.9507 -0.1242
vn -0.2535 -0.9372 -0.2395
vn -0.2279 -0.9177 -0.3254
vn -0.3479 -0.4535 -0.8206
vn -0.2052 -0.8687 -0.4508
vn -0.2861 -0.7031 0.6510
vn -0.3479 -0.4534 0.8206
vn -0.2051 -0.8687 0.4508
vn -0.1390 -0.9716 0.1915
vn -0.1088 -0.9577 0.2664
vn -0.3324 -0.9336 0.1339
vn -0.8264 0.5631 0.0024
vn -0.9809 0.1946 0.0006
vn -0.3552 -0.8814 -0.3114
vn -0.3986 0.6138 0.6814
vn -0.2848 -0.9503 0.1258
vn -0.3608 -0.9311 0.0539
vn -0.3451 -0.7156 -0.6073
vn -0.2541 -0.9366 0.2413
vn -0.2593 -0.7771 0.5735
vn -0.9981 -0.0340 0.0515
vn -0.2764 -0.7042 0.6539
vn -0.9991 0.0199 0.0379
vn -0.8058 0.3285 -0.4926
vn -0.3079 0.7325 -0.6072
vn -0.8878 0.3447 -0.3049
vn -0.2901 -0.5571 0.7782
vn -0.7879 0.2561 -0.5600
vn -0.9993 -0.0247 0.0295
vn -0.9992 0.0367 -0.0145
vn -0.9747 0.0298 0.2214
vn -0.9382 0.2506 -0.2388
vn -0.9148 0.1190 -0.3860
vn -0.9981 0.0176 -0.0583
vn -0.8470 0.2300 -0.4793
vn -0.8902 -0.0203 -0.4551
vn -0.9186 0.1049 -0.3810
vn -0.7535 0.1992 -0.6265
vn -0.9948 -0.0690 -0.0747
vn -0.7895 0.0999 -0.6055
vn -0.9996 -0.0277 -0.0110
vn -0.6070 -0.2116 -0.7660
vn -0.9691 -0.2199 0.1117
vn -0.9836 -0.0599 -0.1699
vn -0.8654 0.0214 -0.5006
vn -0.3445 -0.3437 0.8736
vn -0.3034 -0.4511 0.8393
vn -0.3461 -0.2068 0.9151
vn -0.5012 -0.2061 0.8405
vn -0.2762 -0.0656 0.9589
vn -0.7794 -0.1914 0.5966
vn -0.7603 -0.1672 0.6277
vn -0.3594 -0.0483 0.9319
vn -0.7030 0.0061 0.7112
vn -0.9228 0.3389 0.1831
vn -0.7983 0.1816 0.5743
vn -0.8873 0.0469 -0.4589
vn -0.5189 0.1439 0.8426
vn -0.8297 0.2468 0.5007
vn -0.9411 -0.1778 -0.2875
vn -0.7948 0.3551 0.4922
vn -0.8272 -0.3908 -0.4037
vn -0.9535 -0.1713 -0.2478
vn -0.5207 0.3349 0.7853
vn -0.9169 0.3901 0.0844
vn -0.9027 0.2814 0.3255
vn -0.9875 -0.1244 -0.0972
vn -0.8597 -0.0870 0.5034
vn -0.8566 -0.4135 0.3088
vn -0.7798 -0.6014 0.1739
vn -0.3869 -0.4155 0.8232
vn -0.9861 -0.1646 -0.0204
vn -0.9991 -0.0180 0.0375
vn -0.7629 -0.1567 0.6272
vn -0.9251 -0.1176 0.3609
vn -0.9187 -0.3576 -0.1677
vn -0.9895 -0.1310 -0.0607
vn -0.8494 0.4517 -0.2730
vn -0.7428 0.3579 -0.5658
vn -0.8497 0.2865 -0.4427
vn -0.7491 0.3800 -0.5426
vn -0.8856 0.3987 -0.2384
vn -0.6198 0.0242 -0.7844
vn -0.8961 0.2881 -0.3375
vn -0.8294 -0.0570 -0.5557
vn -0.8760 0.0308 -0.4813
vn -0.9934 0.0082 -0.1141
vn -0.9214 -0.1233 -0.3685
vn -0.9340 -0.1405 -0.3285
vn -0.9846 -0.0369 0.1709
vn -0.8301 -0.2657 -0.4902
vn -0.8796 -0.3324 -0.3403
vn -0.9731 0.0723 -0.2188
vn -0.9680 0.0777 -0.2387
vn -0.7644 0.1244 -0.6326
vn -0.6928 0.1706 -0.7006
vn -0.8527 -0.0250 -0.5217
vn -0.9305 0.1556 -0.3315
vn -0.5899 0.2738 -0.7596
vn -0.7990 0.0670 -0.5976
vn -0.6923 -0.1253 0.7107
vn -0.8317 -0.2712 0.4845
vn -0.8579 -0.2182 0.4652
vn -0.3328 0.0194 0.9428
vn -0.8105 -0.2169 -0.5441
vn -0.7087 -0.2660 -0.6535
vn -0.8329 -0.3630 0.4177
vn -0.6953 0.1929 -0.6924
vn -0.4949 -0.2449 -0.8337
vn -0.6198 -0.1453 -0.7711
vn -0.8563 -0.3977 -0.3295
vn -0.9054 -0.3280 0.2695
vn -0.9928 0.0160 -0.1191
vn -0.8993 0.1973 -0.3902
vn -0.5715 -0.4315 -0.6980
vn -0.9751 0.2216 0.0009
vn -0.9875 -0.1222 -0.0997
vn -0.9956 0.0266 -0.0894
vn -0.9399 -0.2159 -0.2644
vn -0.9188 0.3934 -0.0311
vn -0.7377 0.3294 0.5894
vn -0.9864 0.0745 0.1466
vn -0.7451 0.5086 0.4315
vn -0.8141 -0.3992 -0.4217
vn -0.8866 0.3687 -0.2792
vn -0.4657 0.6580 0.5917
vn -0.9835 0.0999 0.1508
vn -0.2853 0.4831 0.8277
vn -0.5151 0.6979 0.4977
vn -0.4929 -0.8656 0.0883
vn -0.7356 -0.4166 0.5342
vn -0.6454 -0.3752 -0.6654
vn -0.7138 0.4446 -0.5412
vn -0.7859 0.4726 -0.3987
vn -0.5708 -0.7389 0.3580
vn -0.8409 -0.5286 -0.1157
vn -0.6375 0.1467 0.7564
vn -0.1314 -0.7731 -0.6205
vn -0.6902 0.3239 0.6471
vn -0.8922 -0.1947 -0.4074
vn -0.9665 0.1427 -0.2133
vn -0.5145 -0.4435 -0.7339
vn -0.6028 0.5691 0.5593
vn -0.7935 0.0190 0.6083
vn 0.0753 -0.4697 -0.8796
vn -0.4018 0.4462 0.7997
vn -0.7670 0.5438 0.3405
vn -0.0995 0.6038 0.7909
vn -0.0835 0.6566 0.7496
vn -0.0809 0.6118 0.7868
vn -0.0808 0.6799 0.7288
vn -0.1074 0.5620 0.8201
vn -0.0709 0.7048 0.7059
vn -0.1090 0.6735 0.7311
vn -0.0282 0.8620 0.5061
vn -0.1569 0.7111 0.6854
vn -0.0413 0.4736 0.8798
vn -0.0378 0.4626 0.8858
vn -0.0733 0.8346 0.5459
vn -0.7814 0.4954 0.3795
vn -0.3239 0.8120 0.4856
vn -0.3712 0.4025 0.8368
vn -0.9170 -0.1656 -0.3628
vn -0.8713 0.4254 -0.2446
vn -0.9146 -0.3833 0.1290
vn -0.4551 0.3429 0.8218
vn -0.6857 0.1769 0.7060
vn -0.3706 0.2407 0.8971
vn -0.2373 0.2375 0.9420
vn -0.8898 -0.4506 0.0722
vn -0.7930 -0.1325 0.5947
vn -0.6143 0.0134 0.7890
vn -0.5255 -0.5622 -0.6386
vn -0.9315 -0.2137 -0.2944
vn -0.3340 0.5758 -0.7462
vn -0.6816 -0.4296 0.5924
vn -0.9407 -0.2477 0.2318
vn -0.9808 0.1928 0.0274
vn -0.8456 0.5298 0.0656
vn -0.6819 0.6047 0.4116
vn -0.8632 -0.3764 0.3366
vn -0.6639 -0.4107 0.6249
vn -0.8658 -0.3027 -0.3985
vn -0.3003 -0.5398 -0.7864
vn -0.8725 0.2399 -0.4257
vn -0.6205 0.2404 -0.7464
vn -0.8236 0.1037 -0.5576
vn -0.8846 -0.2403 -0.3997
vn -0.6792 -0.3743 0.6313
vn -0.6806 -0.3687 -0.6331
vn -0.7291 -0.3021 -0.6141
vn 0.3987 -0.9162 0.0407
vn -0.5864 -0.7493 -0.3077
vn -0.1942 -0.6652 -0.7210
vn -0.6461 -0.6166 -0.4498
vn 0.8125 -0.0010 0.5830
vn -0.2192 -0.5725 -0.7900
vn -0.7720 -0.2633 -0.5785
vn -0.2530 -0.3988 -0.8815
vn -0.3131 -0.4359 -0.8438
vn -0.9043 -0.2944 -0.3093
vn -0.2910 -0.4495 -0.8446
vn -0.2736 -0.4834 -0.8315
vn -0.6002 -0.4841 -0.6367
vn -0.2497 -0.6325 -0.7332
vn -0.9227 -0.2782 -0.2667
vn -0.2453 -0.9401 -0.2367
vn -0.1048 -0.6542 -0.7490
vn -0.5310 -0.8285 -0.1777
vn -0.3996 -0.6565 0.6398
vn 0.0305 -0.9797 0.1982
vn -0.1017 -0.9843 -0.1445
vn -0.2071 -0.8539 0.4775
vn -0.8623 -0.0510 0.5039
vn -0.8564 0.3863 0.3426
vn -0.9234 -0.0120 0.3837
vn -0.9505 -0.2396 0.1976
vn -0.5607 0.8062 0.1888
vn -0.8574 -0.4915 -0.1527
vn -0.4994 0.6462 0.5771
vn -0.1792 0.9251 0.3347
vn -0.2209 0.9587 0.1793
vn -0.4124 0.7331 0.5408
vn -0.1819 0.9168 0.3555
vn -0.1740 0.6863 0.7062
vn -0.1735 0.9509 0.2564
vn -0.2349 0.9720 -0.0078
vn -0.1224 0.9551 0.2697
vn -0.2549 0.9475 0.1932
vn -0.1403 0.9477 0.2867
vn -0.1808 0.8822 0.4348
vn -0.2482 0.8082 0.5341
vn -0.2417 0.8290 0.5043
vn -0.6895 0.6779 -0.2551
vn -0.5027 0.8379 0.2124
vn -0.3518 0.8608 -0.3677
vn -0.8771 0.3481 -0.3309
vn -0.1894 -0.9721 -0.1382
vn -0.0243 -0.8007 -0.5986
vn -0.1690 -0.9354 -0.3106
vn 0.1351 -0.7686 -0.6252
vn 0.2474 -0.9588 0.1394
vn 0.1356 -0.7679 -0.6260
vn -0.1355 -0.8512 -0.5070
vn -0.8354 -0.5441 -0.0772
vn -0.3357 -0.8881 -0.3139
vn -0.2332 -0.7536 -0.6146
vn -0.8719 -0.4885 0.0330
vn -0.8588 -0.1305 0.4954
vn -0.9966 -0.0697 0.0430
vn -0.7783 0.1471 0.6104
vn -0.5435 -0.1534 0.8253
vn -0.3967 -0.3634 0.8430
vn -0.5725 0.4379 0.6932
vn -0.9696 -0.2321 -0.0771
vn -0.5240 -0.0295 0.8512
vn -0.8749 0.0160 0.4840
vn -0.3421 -0.5378 0.7706
vn -0.8917 0.0378 0.4511
vn -0.8120 -0.4598 -0.3595
vn -0.5567 -0.7068 -0.4364
vn -0.6821 -0.3615 0.6356
vn -0.8699 -0.4270 0.2469
vn -0.7389 0.3975 0.5441
vn -0.9895 -0.0716 -0.1256
vn -0.9917 0.0477 -0.1195
vn -0.7910 -0.3017 -0.5323
vn -0.9249 0.0433 -0.3777
vn -0.9365 -0.1248 0.3276
vn -0.9209 -0.1289 0.3678
vn -0.9020 -0.1015 0.4197
vn -0.9712 0.1267 0.2018
vn -0.9355 -0.3008 -0.1853
vn 0.2021 -0.9776 0.0578
vn -0.8481 -0.5085 0.1490
vn -0.9894 -0.1375 0.0468
vn -0.9921 -0.1250 0.0138
vn -0.9853 -0.1633 0.0506
vn -0.5697 -0.1435 -0.8092
vn -0.4775 -0.8583 -0.1881
vn -0.9956 -0.0920 0.0168
vn -0.9945 -0.0998 0.0303
vn -0.6966 -0.1355 -0.7045
vn -0.8766 0.4810 -0.0125
vn -0.3144 0.3704 -0.8741
vn -0.1656 0.5462 -0.8211
vn -0.0865 -0.4752 -0.8756
vn -0.0215 0.6802 -0.7327
vn -0.4476 0.7929 -0.4135
vn -0.7312 0.2870 -0.6189
vn -0.9235 -0.3500 0.1568
vn -0.6578 0.7526 0.0304
vn -0.7812 -0.6006 -0.1701
vn -0.8210 -0.5561 -0.1296
vn -0.0768 0.9658 0.2477
vn -0.6555 0.7446 0.1263
vn -0.9744 0.1461 0.1710
vn -0.9947 0.0959 0.0376
vn -0.9999 0.0061 0.0097
vn -0.7453 -0.6511 -0.1435
vn -1.0000 -0.0041 0.0062
vn -0.4945 0.8406 -0.2211
vn -0.3167 0.9430 0.1021
vn -0.2278 -0.8912 -0.3922
vn -0.2414 0.9341 0.2629
vn -0.2222 0.8930 0.3913
vn -0.8889 -0.4537 0.0628
vn -0.8375 0.0481 0.5444
vn -0.8503 0.4361 0.2947
vn -0.8711 0.4704 0.1408
vn -0.6185 0.6540 0.4355
vn -0.2156 0.6926 0.6883
vn -0.2086 0.9217 0.3271
vn -0.3718 0.8969 -0.2393
vn -0.9511 0.2241 0.2125
vn -0.3611 -0.9267 -0.1041
vn -0.2696 -0.6694 -0.6922
vn -0.2843 -0.6827 -0.6731
vn -0.3040 -0.7001 -0.6461
vn -0.9273 0.3610 0.0990
vn -0.2206 0.9750 -0.0282
vn -0.2926 0.9087 -0.2979
vn -0.2226 0.9623 -0.1562
vn -0.3112 0.4877 -0.8157
vn -0.2045 0.9705 -0.1280
vn -0.0577 0.9717 0.2292
vn -0.4047 0.7227 0.5602
vn -0.0843 0.5317 0.8427
vn -0.0798 0.4642 0.8821
vn -0.5541 0.1774 0.8133
vn -0.9035 -0.2036 0.3772
vn -0.8353 0.2899 -0.4672
vn -0.9751 -0.2166 0.0470
vn -0.5911 0.7986 -0.1132
vn -0.4751 0.3017 -0.8266
vn -0.8161 0.0305 -0.5772
vn -0.3910 0.2930 -0.8725
vn -0.3021 -0.3219 0.8973
vn -0.3630 -0.4371 0.8229
vn -0.2822 -0.3628 0.8881
vn -0.2785 -0.2547 0.9261
vn -0.2501 -0.3049 0.9189
vn -0.5607 -0.1407 0.8160
vn -0.6439 0.1347 0.7532
vn -0.1994 -0.0254 0.9796
vn -0.8486 -0.1561 -0.5054
vn -0.8061 -0.0284 -0.5911
vn -0.7888 0.1997 0.5813
vn -0.1843 0.3972 0.8990
vn -0.0874 -0.2201 -0.9716
vn -0.1571 -0.2731 -0.9491
vn -0.0909 -0.1637 -0.9823
vn -0.8980 0.4337 -0.0744
vn -0.1957 0.0858 -0.9769
vn -0.2088 0.0828 -0.9745
vn -0.4961 0.3489 -0.7951
vn -0.5357 0.5328 -0.6551
vn -0.3860 0.0387 -0.9217
vn -0.3416 0.5356 0.7723
vn -0.2714 0.2830 0.9199
vn -0.3619 0.5034 0.7846
vn -0.2734 0.2417 0.9310
vn -0.3700 0.6694 0.6442
vn -0.1199 0.5926 0.7965
vn -0.1246 0.6078 0.7843
vn -0.1852 0.7945 0.5783
vn -0.1402 0.3642 0.9207
vn -0.6217 0.2967 0.7249
vn -0.1185 0.3258 0.9380
vn -0.7804 0.2388 0.5779
vn -0.0964 0.1709 0.9806
vn -0.7769 0.0110 0.6295
vn -0.9735 0.2224 0.0534
vn -0.9978 0.0663 -0.0013
vn -0.7185 -0.5021 0.4814
vn -0.0782 0.0270 0.9966
vn -0.1222 -0.1182 0.9854
vn -0.6130 -0.7326 -0.2958
vn -0.2117 -0.4734 0.8550
vn -0.1489 -0.2829 0.9475
vn -0.1809 -0.6437 -0.7436
vn -0.8908 -0.2336 0.3898
vn -0.9278 0.0931 0.3612
vn -0.5751 0.0392 0.8172
vn -0.3312 -0.6699 0.6645
vn -0.9844 0.0043 -0.1760
vn -0.5530 -0.0489 0.8317
vn -0.5190 -0.1002 0.8489
vn -0.7322 0.0104 0.6810
vn -0.7195 -0.0183 0.6943
vn -0.6867 -0.0847 0.7220
vn -0.3039 0.9423 0.1408
vn -0.2370 0.9711 0.0278
vn -0.2887 0.8156 -0.5015
vn -0.3039 0.9423 -0.1408
vn -0.1769 0.7048 -0.6870
vn -0.6730 -0.4417 -0.5932
vn -0.4673 -0.6404 -0.6094
vn -0.1211 -0.5905 0.7979
vn -0.4610 -0.6467 0.6076
vn -0.0823 0.2573 0.9628
vn -0.1234 -0.5845 -0.8019
vn -0.0817 0.2630 -0.9613
vn -0.7347 -0.6708 0.1009
vn -0.9381 -0.3257 0.1182
vn -0.6891 -0.7094 0.1478
vn -0.7809 -0.3591 0.5111
vn -0.8094 -0.5210 -0.2710
vn -0.6885 -0.6806 -0.2505
vn -0.9261 -0.3772 -0.0005
vn -0.9457 0.3250 -0.0000
vn -0.6889 -0.7089 -0.1512
vn -0.9378 -0.3260 -0.1194
vn -0.7347 -0.6706 -0.1021
vn -0.8094 -0.5215 0.2701
vn -0.6883 -0.6813 0.2493
vn -0.8388 0.5441 -0.0159
vn -0.6520 0.7195 -0.2391
vn -0.8560 0.4492 -0.2559
vn -0.8392 -0.4966 0.2218
vn -0.4296 0.6782 0.5962
vn -0.4204 0.8173 0.3941
vn -0.8974 -0.4411 -0.0067
vn -0.7751 -0.6318 0.0115
vn -0.9801 0.1965 0.0286
vn -0.9743 -0.2253 -0.0022
vn -0.7394 0.1137 -0.6636
vn -0.7631 0.6271 0.1563
vn -0.6469 0.7404 -0.1828
vn -0.7808 -0.1510 -0.6063
vn -0.9237 -0.3497 -0.1567
vn -0.9587 -0.2807 -0.0469
vn -0.5671 0.8199 -0.0780
vn -0.9982 0.0560 -0.0223
vn -0.4311 0.8334 -0.3459
vn -0.5768 0.7248 0.3768
vn -0.4976 0.8386 0.2217
vn -0.5508 0.7688 0.3247
vn -0.9948 0.0942 -0.0378
vn -0.3187 0.9426 -0.0999
vn -0.7814 -0.6008 0.1686
vn -0.8212 -0.5560 0.1280
vn -0.9999 0.0049 -0.0093
vn -0.2431 0.9344 -0.2604
vn -0.7448 -0.6519 0.1426
vn -0.2274 -0.8921 0.3904
vn -0.2238 0.8937 -0.3889
vn -0.6571 0.7533 -0.0292
vn -0.7429 0.4895 -0.4567
vn -0.8771 0.4802 0.0132
vn -0.0767 0.9663 -0.2456
vn -0.6555 0.7448 -0.1248
vn -0.6969 -0.1358 0.7042
vn -0.5699 -0.1438 0.8091
vn -0.9946 -0.0992 -0.0320
vn -0.9894 -0.1378 -0.0469
vn -0.9957 -0.0906 -0.0173
vn -0.8482 -0.5081 -0.1497
vn -0.9895 -0.0718 0.1257
vn -0.9919 -0.1261 -0.0134
vn -0.4771 -0.8589 0.1863
vn -0.8701 -0.4264 -0.2471
vn -0.3419 -0.5376 -0.7708
vn -0.7924 -0.2996 0.5313
vn -0.8128 -0.4582 0.3598
vn -0.5433 -0.1529 -0.8255
vn -0.8459 0.2379 0.4773
vn -0.8294 -0.2647 0.4919
vn -0.8224 -0.1511 -0.5485
vn -0.8817 -0.3295 0.3378
vn -0.9216 -0.1183 0.3698
vn -0.9677 0.2201 0.1231
vn -0.9935 0.0067 0.1138
vn -0.9208 -0.1953 0.3376
vn -0.5020 0.2451 0.8294
vn -0.4032 0.2357 0.8842
vn -0.7452 0.3467 0.5697
vn -0.9208 -0.3521 0.1675
vn -0.9898 -0.1294 0.0589
vn -0.8892 0.3890 0.2410
vn -0.8532 0.4417 0.2775
vn -0.9991 -0.0205 -0.0382
vn -0.7576 0.6142 0.2210
vn -0.9245 -0.1146 -0.3634
vn -0.7819 -0.5979 -0.1766
vn -0.7621 -0.1540 -0.6289
vn -0.8600 -0.4044 -0.3111
vn -0.3868 -0.4080 -0.8270
vn -0.8584 -0.0857 -0.5057
vn -0.8309 -0.3847 0.4019
vn -0.9416 -0.1757 0.2873
vn -0.8867 0.0477 0.4599
vn -0.2078 0.0277 0.9778
vn -0.9916 -0.0729 -0.1072
vn -0.9995 -0.0304 0.0087
vn -0.7033 0.0049 -0.7109
vn -0.5009 -0.2040 -0.8411
vn -0.3448 -0.3475 -0.8720
vn -0.6145 0.0053 -0.7889
vn -0.2743 -0.3179 -0.9076
vn -0.2788 -0.0640 -0.9582
vn -0.9991 -0.0246 -0.0351
vn -0.3023 -0.4633 -0.8330
vn -0.2923 -0.5652 -0.7715
vn -0.9995 0.0208 -0.0258
vn -0.2782 -0.7049 -0.6525
vn -0.9981 -0.0323 -0.0519
vn -0.9981 0.0175 0.0584
vn -0.9380 0.2565 0.2333
vn -0.7339 0.1417 0.6643
vn -0.7658 0.3402 0.5458
vn -0.9691 0.2377 -0.0665
vn -0.8513 0.3868 0.3544
vn -0.8279 0.4293 0.3610
vn -0.5505 0.6541 0.5188
vn -0.8509 0.4115 0.3266
vn -0.9999 0.0098 -0.0129
vn -0.9961 -0.0539 0.0704
vn -0.9698 -0.2170 0.1111
vn -0.1911 -0.5999 -0.7769
vn -0.2858 -0.8254 -0.4869
vn -0.9824 -0.0898 -0.1637
vn -0.1431 -0.4042 -0.9034
vn -0.9083 0.2204 -0.3554
vn -0.8833 -0.2916 -0.3671
vn -0.7181 0.4964 0.4878
vn -0.3957 -0.7454 -0.5365
vn -0.5437 -0.0364 -0.8385
vn -0.2306 -0.8543 -0.4659
vn -0.5784 -0.6851 -0.4427
vn -0.2159 -0.9390 -0.2677
vn -0.2327 -0.9297 -0.2853
vn -0.2312 -0.9241 -0.3043
vn -0.3214 -0.1951 -0.9266
vn -0.3932 0.7652 -0.5098
vn -0.0734 0.0114 -0.9972
vn -0.0986 -0.7568 -0.6462
vn -0.1108 -0.7387 -0.6649
vn -0.2892 0.9444 0.1567
vn -0.3383 0.9362 -0.0949
vn -0.2821 0.9325 0.2255
vn -0.2790 0.9401 0.1960
vn -0.2294 -0.9174 -0.3252
vn -0.2555 -0.8916 -0.3738
vn -0.8330 -0.5240 -0.1779
vn -0.2788 -0.9386 -0.2033
vn -0.2783 -0.9537 -0.1141
vn -0.7040 -0.6317 0.3246
vn -0.2854 -0.8433 -0.4555
vn -0.6411 -0.1315 0.7561
vn -0.8897 -0.4488 0.0845
vn -0.8322 -0.5004 0.2389
vn -0.7766 0.4474 -0.4435
vn -0.6779 0.4150 -0.6069
vn -0.7956 -0.6039 -0.0480
vn -0.8904 -0.3840 -0.2442
vn -0.8172 -0.5735 -0.0581
vn -0.9914 0.0419 0.1238
vn -0.7956 -0.6039 0.0480
vn -0.7040 -0.6317 -0.3246
vn -0.8322 -0.5004 -0.2389
vn -0.8897 -0.4488 -0.0845
vn -0.5928 -0.6271 0.5053
vn -0.2783 -0.9537 0.1141
vn -0.7766 0.4473 0.4435
vn -0.6779 0.4150 0.6069
vn -0.8560 0.4492 0.2559
vn -0.8172 -0.5735 0.0581
vn -0.6522 0.7194 0.2389
vn -0.8523 -0.4956 0.1669
vn -0.8388 0.5441 0.0159
vn -0.9240 -0.3821 0.0161
vn -0.8523 -0.4956 -0.1669
vn -0.8891 0.4450 -0.1070
vn -0.9789 -0.0700 -0.1917
vn -0.9061 -0.3396 -0.2522
vn -0.8631 0.4310 -0.2631
vn -0.8781 0.3681 -0.3058
vn -0.8278 0.4287 -0.3619
vn -0.8687 0.3649 -0.3350
vn -0.7203 -0.6451 -0.2551
vn -0.8699 -0.4269 0.2469
vn -0.8120 -0.4599 -0.3595
vn -0.5434 -0.1534 0.8253
vn -0.8237 -0.1517 0.5464
vn -0.8796 -0.3324 -0.3402
vn -0.9215 -0.1233 -0.3684
vn -0.9186 0.1048 -0.3809
vn -0.8962 0.2881 -0.3375
vn -0.9193 -0.2017 -0.3379
vn -0.7465 -0.2748 -0.6060
vn -0.3061 -0.0493 -0.9507
vn -0.8058 0.3285 -0.4927
vn -0.9981 -0.0334 0.0508
vn -0.9991 0.0205 0.0370
vn -0.9807 0.1956 0.0013
vn -0.9961 -0.0538 -0.0706
vn -0.9699 -0.2171 -0.1107
vn -0.3349 -0.9327 0.1338
vn -0.2862 -0.8239 0.4891
vn -0.9824 -0.0899 0.1640
vn -0.1914 -0.5985 0.7779
vn -0.9083 0.2202 0.3557
vn -0.1432 -0.4035 0.9037
vn -0.7181 0.4963 -0.4878
vn -0.5784 -0.6851 0.4427
vn -0.8833 -0.2916 0.3671
vn -0.3957 -0.7454 0.5365
vn -0.5437 -0.0364 0.8385
vn -0.2306 -0.8543 0.4659
vn -0.2312 -0.9241 0.3043
vn -0.2327 -0.9297 0.2853
vn -0.2159 -0.9390 0.2678
vn -0.3214 -0.1951 0.9266
vn -0.1108 -0.7387 0.6649
vn -0.0986 -0.7568 0.6462
vn -0.3931 0.7652 0.5098
vn -0.0734 0.0114 0.9972
vn -0.2892 0.9444 -0.1567
vn -0.3383 0.9362 0.0949
vn -0.2821 0.9325 -0.2255
vn -0.2790 0.9401 -0.1959
vn -0.2294 -0.9174 0.3252
vn -0.2555 -0.8916 0.3738
vn -0.2788 -0.9386 0.2033
vn -0.2854 -0.8433 0.4555
vn -0.2883 -0.7042 0.6488
vn -0.3504 -0.4550 0.8186
vn -0.2072 -0.8684 0.4506
vn -0.1404 -0.9714 0.1913
vn -0.1103 -0.9579 0.2651
vn -0.3577 -0.8805 -0.3111
vn -0.2872 -0.9497 0.1251
vn -0.3633 -0.9301 0.0547
vn -0.3475 -0.7148 -0.6069
vn -0.2551 -0.9099 0.3271
vn -0.2577 -0.5876 0.7670
vn -0.2723 -0.7857 0.5554
vn -0.9993 -0.0242 0.0283
vn -0.2924 -0.5568 0.7775
vn -0.2963 -0.6161 0.7298
vn -0.3472 -0.3430 0.8728
vn -0.9995 -0.0274 -0.0123
vn -0.3059 -0.4507 0.8386
vn -0.9837 -0.0585 -0.1701
vn -0.3494 -0.2059 0.9141
vn -0.5024 -0.2050 0.8400
vn -0.7030 0.0062 0.7112
vn -0.7799 -0.6013 0.1740
vn -0.8273 -0.3907 -0.4037
vn -0.9411 -0.1776 -0.2878
vn -0.9532 -0.1715 -0.2488
vn -0.7951 0.3548 0.4918
vn -0.9102 -0.4069 0.0777
vn -0.9876 -0.1244 -0.0960
vn -0.7989 -0.5626 -0.2125
vn -0.9169 0.3902 0.0843
vn -0.7886 -0.6131 -0.0463
vn -0.9861 -0.1647 -0.0204
vn -0.8493 0.4521 -0.2726
vn -0.8495 0.2866 -0.4430
vn -0.9029 0.2815 0.3248
vn -0.8528 -0.0250 -0.5217
vn -0.7496 0.3801 -0.5419
vn -0.7645 0.1243 -0.6325
vn -0.6923 -0.1249 0.7107
vn -0.5208 0.3348 0.7853
vn -0.8297 0.2468 0.5008
vn -0.8579 -0.2182 0.4653
vn -0.8314 -0.2714 0.4849
vn -0.3329 0.0193 0.9428
vn -0.8331 -0.3631 0.4174
vn -0.8563 -0.3976 -0.3295
vn -0.6200 -0.1453 -0.7710
vn -0.9055 -0.3284 0.2689
vn -0.8105 -0.2168 -0.5441
vn -0.6953 0.1928 -0.6924
vn -0.4948 -0.2449 -0.8338
vn -0.9399 -0.2159 -0.2645
vn -0.8993 0.1973 -0.3903
vn -0.9927 0.0160 -0.1192
vn -0.9751 0.2218 0.0013
vn -0.9878 -0.1220 -0.0969
vn -0.9957 0.0263 -0.0890
vn -0.9188 0.3935 -0.0311
vn -0.7382 0.3289 0.5889
vn -0.9863 0.0744 0.1475
vn -0.8141 -0.3992 -0.4218
vn -0.9836 0.0997 0.1505
vn -0.2863 0.4842 0.8268
vn -0.5150 0.6978 0.4978
vn -0.4928 -0.8656 0.0882
vn -0.7357 -0.4165 0.5341
vn -0.6452 -0.3752 -0.6656
vn -0.7138 0.4446 -0.5411
vn -0.5709 -0.7389 0.3580
vn -0.8409 -0.5286 -0.1156
vn -0.6371 0.1470 0.7567
vn -0.1315 -0.7732 -0.6203
vn -0.8922 -0.1947 -0.4075
vn -0.5345 0.5971 0.5982
vn -0.7936 0.0193 0.6082
vn 0.0753 -0.4696 -0.8797
vn -0.4020 0.4460 0.7997
vn -0.5529 0.1779 0.8140
vn -0.0856 0.5314 0.8428
vn -0.0820 0.6118 0.7868
vn -0.0812 0.4639 0.8822
vn -0.9046 -0.2036 0.3745
vn -0.8348 0.2846 -0.4713
vn -0.2318 -0.0043 -0.9727
vn -0.5982 0.7936 -0.1107
vn -0.4800 0.2972 -0.8254
vn -0.6463 0.0221 -0.7628
vn -0.8171 0.0308 -0.5756
vn -0.8473 -0.1576 -0.5072
vn -0.1597 -0.2730 -0.9487
vn -0.5622 -0.1407 0.8149
vn -0.0887 -0.2205 -0.9714
vn -0.8066 -0.0288 -0.5904
vn -0.6465 0.1342 0.7510
vn -0.2537 -0.3043 0.9182
vn -0.2871 -0.3624 0.8867
vn -0.7900 0.1989 0.5800
vn -0.2504 0.2903 0.9236
vn -0.2025 -0.0255 0.9790
vn -0.8984 0.4327 -0.0752
vn -0.3466 0.5350 0.7705
vn -0.2752 0.2827 0.9189
vn -0.3672 0.5034 0.7822
vn -0.5023 0.3477 -0.7917
vn -0.5419 0.5303 -0.6520
vn -0.2121 0.0840 -0.9736
vn -0.3911 0.0380 -0.9196
vn -0.1988 0.0872 -0.9762
vn -0.0922 -0.1635 -0.9822
vn -0.3753 0.6680 0.6426
vn -0.2838 -0.2556 0.9242
vn -0.2906 -0.2917 0.9113
vn -0.3080 -0.3231 0.8948
vn -0.3692 -0.4371 0.8201
vn -0.1220 0.5916 0.7970
vn -0.1272 0.6081 0.7836
vn -0.1887 0.7939 0.5780
vn -0.0819 0.6797 0.7289
vn -0.0845 0.6566 0.7495
vn -0.5174 0.3501 0.7808
vn -0.1007 0.6039 0.7907
vn -0.0816 0.5784 0.8117
vn -0.3707 0.2406 0.8970
vn -0.8898 -0.4505 0.0723
vn -0.7936 -0.1313 0.5941
vn -0.9147 -0.3828 0.1294
vn -0.6163 0.0118 0.7874
vn -0.2377 0.2374 0.9419
vn -0.5288 -0.5622 -0.6359
vn -0.9167 -0.1667 -0.3630
vn -0.7816 0.4950 0.3795
vn -0.6879 0.1750 0.7044
vn -0.9315 -0.2135 -0.2944
vn -0.3365 0.5764 -0.7446
vn -0.2668 0.8145 0.5152
vn -0.1571 0.7111 0.6853
vn -0.4552 0.3427 0.8218
vn -0.3024 0.5786 0.7575
vn -0.0285 0.8620 0.5061
vn -0.4047 0.7227 0.5603
vn -0.6818 0.6045 0.4119
vn -0.0741 0.8346 0.5459
vn -0.0471 0.4909 0.8699
vn -0.8460 0.5291 0.0662
vn -0.9808 0.1930 0.0279
vn -0.9407 -0.2475 0.2319
vn -0.8274 0.4090 -0.3848
vn -0.2949 0.9084 -0.2965
vn -0.5986 -0.4853 -0.6373
vn -0.8658 -0.3026 -0.3985
vn -0.2843 -0.6828 -0.6731
vn -0.2696 -0.6695 -0.6922
vn -0.2454 -0.9401 -0.2366
vn -0.2496 -0.6325 -0.7332
vn -0.1048 -0.6544 -0.7489
vn -0.2913 -0.4494 -0.8445
vn -0.6847 -0.4474 -0.5753
vn 0.0144 -0.2282 -0.9735
vn 0.1019 -0.4036 -0.9092
vn -0.1943 -0.6653 -0.7209
vn -0.7292 -0.3021 -0.6140
vn -0.4824 -0.5856 -0.6514
vn 0.3988 -0.9161 0.0407
vn -0.9306 0.1557 -0.3314
vn -0.6805 -0.3686 -0.6332
vn -0.9680 0.0777 -0.2388
vn -0.8845 -0.2403 -0.3998
vn -0.5900 0.2738 -0.7596
vn -0.6929 0.1706 -0.7006
vn -0.6793 -0.3744 0.6311
vn -0.7995 0.0668 -0.5969
vn -0.9797 0.1087 -0.1684
vn -0.9183 0.1291 -0.3741
vn -0.9966 -0.0698 0.0430
vn -0.6441 -0.7330 -0.2186
vn -0.3421 -0.5378 0.7705
vn -0.3966 -0.3634 0.8430
vn -0.1688 -0.9354 -0.3108
vn -0.8354 -0.5442 -0.0773
vn -0.3356 -0.8881 -0.3140
vn -0.2331 -0.7536 -0.6145
vn -0.8889 -0.4538 0.0629
vn -0.8711 0.4704 0.1409
vn -0.2278 -0.8913 -0.3921
vn -0.7427 0.4890 0.4575
vn -0.7451 -0.6512 -0.1440
vn -0.9999 0.0046 0.0092
vn -0.8213 -0.5557 -0.1295
vn -0.6185 0.6541 0.4355
vn -0.6574 0.7529 0.0308
vn -0.8768 0.4807 -0.0123
vn -0.9920 -0.1259 0.0131
vn -0.9895 -0.0716 -0.1257
vn -0.8483 -0.5081 0.1489
vn -0.9894 -0.1376 0.0467
vn -0.9946 -0.0990 0.0318
vn -0.6969 -0.1356 -0.7042
vn -0.9957 -0.0905 0.0172
vn -0.4775 -0.8583 -0.1880
vn -0.7859 0.3310 0.5224
vn -0.5698 -0.1436 -0.8092
vn -0.9753 0.2207 0.0040
vn -0.7165 0.4172 0.5591
vn -0.9327 0.1144 0.3421
vn -0.3207 0.5262 0.7876
vn -0.8676 0.4046 0.2889
vn -0.7393 0.1134 0.6638
vn -0.1705 0.8525 0.4941
vn -0.4742 0.6342 0.6107
vn -0.5883 -0.4956 0.6390
vn -0.9809 0.1719 0.0910
vn -0.1340 0.5369 0.8329
vn -0.6840 -0.0173 0.7293
vn -0.3970 -0.7578 0.5177
vn -0.7637 0.6267 -0.1552
vn -0.5676 0.8195 0.0786
vn -0.6469 0.7399 0.1847
vn -0.9585 -0.2811 0.0468
vn -0.4311 0.8334 0.3459
vn -0.9982 0.0557 0.0220
vn -0.5692 0.7401 -0.3580
vn -0.6175 0.4963 0.6102
vn -0.9555 0.2883 0.0623
vn -0.7506 0.5925 -0.2925
vn -0.3439 0.9228 0.1735
vn -0.1555 0.8606 0.4850
vn -0.1550 0.6293 0.7616
vn -0.9220 0.0028 0.3872
vn -0.4988 0.7578 0.4206
vn -0.1286 0.9401 0.3157
vn -0.1195 0.7240 0.6794
vn -0.7024 -0.5958 0.3895
vn -0.2896 0.8430 0.4533
vn -0.2466 0.6212 0.7439
vn -0.9983 0.0585 -0.0000
vn -0.6730 -0.4417 0.5933
vn -0.9871 0.0821 0.1374
vn -0.8103 -0.1148 0.5746
vn -0.5712 -0.8207 -0.0092
vn -0.8265 -0.5630 -0.0000
vn -0.9871 0.0821 -0.1374
vn -0.9927 -0.0565 -0.1062
vn -0.4832 -0.8265 0.2888
vn -0.9927 -0.0567 0.1062
vn -0.7374 -0.6141 -0.2812
vn -0.4832 -0.8265 -0.2888
vn -0.3059 0.9417 0.1404
vn -0.2391 0.9706 0.0268
vn -0.4989 0.7578 -0.4206
vn -0.2908 0.8150 -0.5012
vn -0.3059 0.9417 -0.1404
vn -0.2466 0.6212 -0.7439
vn -0.7024 -0.5958 -0.3895
vn -0.1555 0.8606 -0.4850
vn -0.1286 0.9401 -0.3157
vn -0.6730 -0.4417 -0.5933
vn -0.6174 0.4964 -0.6102
vn -0.3439 0.9228 -0.1735
vn -0.1550 0.6293 -0.7616
vn -0.1195 0.7240 -0.6794
vn -0.9587 0.0764 0.2741
vn -0.9236 -0.3499 0.1568
vn -0.5523 0.7680 -0.3243
vn -0.9948 0.0942 0.0382
vn -0.5515 0.7784 -0.2998
vn -0.3196 0.9420 0.1021
vn -0.7814 -0.6005 -0.1696
vn -0.3455 0.9383 0.0177
vn -0.7312 0.2869 -0.6189
vn -0.4477 0.7929 -0.4134
vn -0.9511 0.2241 0.2126
vn -0.0216 0.6802 -0.7327
vn -0.2437 0.9336 0.2626
vn -0.2243 0.8927 0.3909
vn -0.1838 0.9165 0.3553
vn -0.5043 0.8370 0.2123
vn -0.1486 0.9221 0.3574
vn -0.1810 0.9247 0.3350
vn -0.2227 0.9581 0.1800
vn -0.5615 0.8056 0.1890
vn -0.1759 0.6864 0.7056
vn -0.1754 0.9506 0.2563
vn -0.2372 0.9714 -0.0074
vn -0.1237 0.9549 0.2698
vn -0.2570 0.9469 0.1931
vn -0.1418 0.9474 0.2868
vn -0.1829 0.8818 0.4348
vn -0.2504 0.8081 0.5332
vn -0.2439 0.8290 0.5033
vn -0.9506 -0.2396 0.1975
vn -0.6910 0.6763 -0.2551
vn -0.8777 0.3469 -0.3306
vn -0.7433 0.5967 0.3024
vn -0.3548 0.8594 -0.3680
vn -0.3745 0.8964 -0.2369
vn -0.9694 0.2409 0.0469
vn -0.5014 0.2532 -0.8274
vn -0.7476 0.6285 -0.2148
vn -0.6492 0.6718 -0.3567
vn -0.9991 -0.0181 0.0375
vn -0.9246 -0.1176 0.3624
vn -0.7626 -0.1566 0.6276
vn -0.7872 -0.5324 0.3112
vn -0.6974 0.0278 0.7161
vn -0.6492 0.6716 -0.3571
vn -0.4542 -0.1629 0.8759
vn -0.3872 -0.4153 0.8231
vn -0.2246 -0.1788 0.9579
vn -0.8240 0.1033 -0.5571
vn -0.8725 0.2397 -0.4258
vn -0.6205 0.2405 -0.7464
vn -0.8632 -0.3764 0.3364
vn -0.3005 -0.5398 -0.7864
vn -0.6817 -0.4297 0.5922
vn -0.6641 -0.4108 0.6247
vn -0.5863 -0.7494 -0.3078
vn 0.8125 -0.0009 0.5830
vn -0.2248 0.9618 -0.1563
vn -0.3140 0.4882 -0.8143
vn -0.1832 0.9808 -0.0673
vn -0.0583 0.9716 0.2293
vn -0.1087 0.5620 0.8199
vn -0.0381 0.4624 0.8858
vn -0.3909 0.2928 -0.8726
vn -0.1417 0.3646 0.9203
vn -0.6234 0.2962 0.7237
vn -0.1198 0.3259 0.9378
vn -0.7806 0.2389 0.5775
vn -0.0973 0.1710 0.9805
vn -0.7777 0.0112 0.6285
vn -0.9734 0.2227 0.0533
vn -0.9978 0.0661 -0.0008
vn -0.7196 -0.5012 0.4806
vn -0.0790 0.0272 0.9965
vn -0.1233 -0.1181 0.9853
vn -0.6138 -0.7317 -0.2963
vn -0.2143 -0.4769 0.8524
vn -0.1503 -0.2827 0.9474
vn -0.1810 -0.6438 -0.7435
vn -0.8949 -0.2328 0.3807
vn -0.9295 0.0931 0.3568
vn -0.5848 0.0415 0.8101
vn -0.3329 -0.6759 0.6575
vn -0.6148 0.0053 0.7887
vn -0.9228 0.3389 0.1832
vn -0.5606 -0.0488 0.8266
vn -0.7669 -0.1654 0.6201
vn -0.7270 -0.0181 0.6864
vn -0.9240 -0.3822 -0.0161
vn -0.9992 0.0253 -0.0309
vn -0.3408 -0.9273 -0.1548
vn -0.1404 -0.9714 -0.1913
vn -0.2883 -0.7042 -0.6488
vn -0.2072 -0.8684 -0.4506
vn -0.3505 -0.4550 -0.8186
vn -0.3341 -0.9333 -0.1318
vn -0.9808 0.1951 -0.0012
vn -0.3567 -0.8807 0.3117
vn -0.3981 0.6143 -0.6813
vn -0.3467 -0.7154 0.6066
vn -0.2864 -0.9501 -0.1234
vn -0.3623 -0.9305 -0.0537
vn -0.2555 -0.9367 -0.2393
vn -0.2608 -0.7778 -0.5718
vn -0.9301 0.0910 -0.3560
vn -0.7270 -0.0172 -0.6864
vn -0.7666 -0.1632 -0.6211
vn -0.5596 -0.0477 -0.8274
vn -0.7851 -0.1864 -0.5907
vn -0.8101 -0.2171 0.5447
vn -0.8314 0.2424 -0.5001
vn -0.7978 0.3469 -0.4931
vn -0.4740 0.2389 -0.8475
vn -0.9054 0.2749 -0.3235
vn -0.9208 0.3813 -0.0825
vn -0.9539 -0.1694 0.2479
vn -0.9882 -0.1207 0.0944
vn -0.8514 0.2782 0.4446
vn -0.7519 0.3699 0.5457
vn -0.8534 -0.0249 0.5206
vn -0.7642 0.1211 0.6335
vn -0.9713 0.2336 -0.0452
vn -0.7297 -0.3028 0.6131
vn -0.8588 -0.1304 -0.4955
vn -0.5734 0.3848 -0.7233
vn -0.3965 -0.3637 -0.8429
vn -0.5308 -0.8289 0.1766
vn -0.2491 -0.6338 0.7323
vn -0.2454 -0.9403 0.2359
vn -0.2070 -0.8538 -0.4776
vn -0.5977 -0.4861 0.6375
vn -0.1017 -0.9844 0.1437
vn 0.0304 -0.9796 -0.1986
vn -0.1048 -0.6553 0.7480
vn -0.8607 -0.3059 0.4069
vn -0.2828 -0.4487 0.8478
vn -0.8274 0.4091 0.3848
vn -0.9786 0.2013 -0.0421
vn -0.6642 -0.4157 -0.6213
vn -0.9403 -0.2512 -0.2297
vn -0.8461 0.5285 -0.0692
vn -0.9381 -0.2016 0.2818
vn -0.2942 0.9085 0.2967
vn -0.2841 -0.6838 0.6720
vn -0.6804 0.6005 -0.4201
vn -0.5854 -0.5450 0.6003
vn -0.9360 -0.1220 0.3302
vn -0.3373 0.5768 0.7440
vn -0.7990 0.2622 -0.5412
vn -0.2634 0.8070 -0.5286
vn -0.8732 0.4264 0.2360
vn -0.9153 -0.3886 -0.1062
vn -0.9675 -0.0062 -0.2529
vn -0.4977 -0.5501 0.6706
vn -0.3272 0.8052 -0.4946
vn -0.1520 0.6909 -0.7068
vn -0.0662 0.6879 -0.7228
vn -0.0749 0.8184 -0.5697
vn -0.2970 0.5308 -0.7937
vn -0.3599 0.3804 -0.8519
vn -0.0427 0.4560 -0.8890
vn -0.0825 0.5775 -0.8122
vn -0.0978 0.5981 -0.7955
vn -0.1070 0.6757 -0.7294
vn -0.5956 0.5738 -0.5621
vn -0.0818 0.6596 -0.7471
vn -0.0798 0.6159 -0.7838
vn -0.0796 0.6820 -0.7270
vn -0.0839 0.5375 -0.8391
vn -0.3890 0.4673 -0.7939
vn -0.0799 0.4704 -0.8788
vn -0.6926 0.3330 -0.6398
vn -0.5343 0.1726 -0.8274
vn -0.8944 -0.1924 0.4037
vn -0.6379 0.1409 -0.7571
vn -0.7362 -0.4274 -0.5248
vn -0.9045 -0.2084 -0.3721
vn -0.9295 -0.2183 0.2973
vn -0.4845 -0.8716 -0.0751
vn -0.9849 0.1384 -0.1044
vn -0.6819 -0.6589 0.3176
vn -0.9010 -0.1531 -0.4060
vn -0.8208 -0.4751 0.3171
vn -0.8330 0.2901 0.4711
vn -0.5884 0.8030 0.0951
vn -0.4814 0.3062 0.8212
vn -0.8607 -0.1550 -0.4849
vn -0.8162 0.0300 0.5769
vn -0.2318 -0.0044 0.9727
vn -0.8476 -0.1611 0.5057
vn -0.1586 -0.2794 0.9470
vn -0.5654 -0.1427 -0.8124
vn -0.8076 -0.0273 0.5892
vn -0.0883 -0.2250 0.9703
vn -0.6451 0.1376 -0.7516
vn -0.2871 -0.3710 -0.8831
vn -0.2536 -0.3108 -0.9160
vn -0.2025 -0.0263 -0.9789
vn -0.7904 0.2023 -0.5782
vn -0.2491 0.2964 -0.9220
vn -0.8956 0.4411 0.0577
vn -0.3399 0.5399 -0.7700
vn -0.2732 0.2896 -0.9173
vn -0.3613 0.5115 -0.7796
vn -0.5410 0.5463 0.6394
vn -0.5027 0.3574 0.7871
vn -0.2120 0.0869 0.9734
vn -0.3916 0.0398 0.9193
vn -0.1991 0.0901 0.9758
vn -0.0919 -0.1679 0.9815
vn -0.3668 0.6734 -0.6418
vn -0.2844 -0.2623 -0.9221
vn -0.3080 -0.3287 -0.8928
vn -0.5457 0.7890 0.2823
vn -0.3696 -0.4460 -0.8151
vn -0.6052 0.2058 0.7690
vn -0.4584 0.6621 -0.5929
vn -0.7418 0.5119 -0.4332
vn -0.2829 0.4880 -0.8257
vn -0.7373 0.3311 -0.5889
vn -0.9172 0.3975 0.0266
vn -0.9957 0.0272 0.0886
vn -0.1411 0.3676 -0.9192
vn -0.9862 0.0741 -0.1478
vn -0.6226 0.2969 -0.7241
vn -0.9755 0.2198 -0.0007
vn -0.9737 0.2213 -0.0534
vn -0.6010 0.1839 -0.7778
vn -0.1291 0.3622 -0.9231
vn -0.1087 0.2873 -0.9517
vn -0.0975 0.1708 -0.9805
vn -0.7778 0.0110 -0.6284
vn -0.9978 0.0664 0.0008
vn -0.7217 -0.4938 -0.4851
vn -0.1231 -0.1154 -0.9857
vn -0.9117 0.1292 0.3900
vn -0.6159 -0.7305 0.2950
vn -0.9648 -0.1905 0.1815
vn -0.2153 -0.4702 -0.8559
vn -0.1499 -0.2769 -0.9491
vn -0.9379 -0.1884 0.2914
vn -0.5739 -0.4241 0.7005
vn -0.9070 -0.2835 -0.3113
vn -0.9927 0.0173 0.1193
vn -0.9381 -0.3459 -0.0183
vn -0.0993 -0.3387 0.9356
vn -0.7945 -0.3181 0.5173
vn -0.5859 0.0417 -0.8093
vn -0.3343 -0.6638 -0.6691
vn -0.1378 -0.3737 0.9172
vn -0.8585 -0.2157 -0.4653
vn -0.6927 -0.1226 -0.7107
vn -0.8348 -0.3591 -0.4174
vn -0.8323 -0.2685 -0.4850
vn -0.7993 0.0659 0.5974
vn -0.8232 0.1042 0.5582
vn -0.8837 -0.2419 0.4006
vn -0.8719 0.2429 0.4252
vn -0.9685 -0.2469 -0.0317
vn -0.6764 -0.3706 0.6366
vn -0.5252 -0.1666 0.8345
vn -0.6812 -0.3803 -0.6256
vn -0.5786 -0.7519 0.3160
vn 0.4043 -0.9139 -0.0371
vn -0.1919 -0.6661 0.7208
vn 0.8125 -0.0007 -0.5829
vn -0.3742 -0.5116 -0.7734
vn -0.5696 -0.1444 -0.8091
vn -0.5868 0.1570 -0.7943
vn -0.8874 -0.4549 -0.0756
vn -0.1813 0.0462 -0.9823
vn -0.7227 -0.5219 -0.4530
vn -0.2969 -0.5446 0.7844
vn 0.0519 -0.4258 0.9033
vn -0.9489 -0.2632 0.1743
vn 0.0729 -0.4750 0.8770
vn -0.8467 0.4100 -0.3392
vn -0.5128 0.3574 -0.7806
vn -0.7567 0.5523 -0.3498
vn -0.3674 0.2456 -0.8970
vn -0.4319 0.3403 -0.8353
vn -0.4842 0.1872 -0.8547
vn -0.2352 0.2423 -0.9412
vn -0.6163 0.0122 -0.7874
vn -0.6823 0.1711 -0.7108
vn -0.6902 -0.5737 -0.4410
vn -0.8855 0.3748 0.2745
vn -0.9062 -0.3284 -0.2663
vn -0.6206 -0.1427 0.7710
vn -0.6968 0.1922 0.6911
vn -0.7406 -0.0507 0.6700
vn -0.8511 0.2668 -0.4523
vn -0.0508 0.3664 -0.9291
vn -0.1239 0.6110 -0.7819
vn -0.1839 0.7958 -0.5769
vn -0.2243 0.9618 0.1569
vn -0.1828 0.9808 0.0683
vn -0.3137 0.4888 0.8141
vn -0.0580 0.9719 -0.2280
vn -0.8622 -0.0506 -0.5040
vn -0.9233 -0.0120 -0.3838
vn -0.6091 0.7375 -0.2916
vn -0.8574 -0.4918 0.1518
vn 0.2468 -0.9589 -0.1400
vn -0.6615 -0.7183 -0.2155
vn -0.2050 -0.8151 0.5419
vn -0.0242 -0.8017 0.5972
vn -0.8777 0.3468 0.3307
vn -0.5612 0.8061 -0.1877
vn -0.1687 -0.9359 0.3092
vn 0.1350 -0.7697 0.6240
vn -0.8356 -0.5440 0.0763
vn -0.3355 -0.8886 0.3126
vn -0.2333 -0.7549 0.6130
vn -0.8889 -0.4537 -0.0638
vn -0.6184 0.6550 -0.4343
vn -0.1806 0.9254 -0.3331
vn -0.4991 0.6473 -0.5761
vn -0.1750 0.9511 -0.2545
vn -0.2365 0.9716 0.0083
vn -0.1834 0.9174 -0.3532
vn -0.4130 0.7345 -0.5385
vn -0.1757 0.6878 -0.7043
vn -0.5033 0.8380 -0.2110
vn -0.3736 0.8967 0.2375
vn -0.4721 0.8515 0.2283
vn -0.3540 0.8597 0.3682
vn -0.1233 0.9554 -0.2683
vn -0.2563 0.9473 -0.1922
vn -0.1415 0.9479 -0.2855
vn -0.1825 0.8825 -0.4335
vn -0.2500 0.8090 -0.5319
vn -0.2435 0.8298 -0.5021
vn -0.4731 -0.6377 -0.6080
vn -0.1229 -0.5905 0.7976
vn -0.4669 -0.6441 0.6060
vn -0.0837 0.2572 0.9627
vn -0.1254 -0.5844 -0.8017
vn -0.0831 0.2630 -0.9612
vt 0.532700 0.704000
vt 0.525800 0.671300
vt 0.544000 0.686800
vt 0.514300 0.696800
vt 0.520400 0.741200
vt 0.537000 0.747000
vt 0.566800 0.688600
vt 0.559800 0.706400
vt 0.502600 0.693900
vt 0.502600 0.742400
vt 0.513300 0.784200
vt 0.502600 0.786300
vt 0.484700 0.741200
vt 0.490800 0.696800
vt 0.502600 0.666200
vt 0.479300 0.671300
vt 0.472500 0.704000
vt 0.468100 0.747000
vt 0.491900 0.784200
vt 0.461100 0.686800
vt 0.445300 0.706400
vt 0.438300 0.688600
vt 0.449800 0.247400
vt 0.467300 0.247900
vt 0.451400 0.227300
vt 0.502600 0.246700
vt 0.487600 0.202600
vt 0.502600 0.201700
vt 0.412300 0.258400
vt 0.401300 0.661400
vt 0.376200 0.289300
vt 0.406200 0.246900
vt 0.384700 0.702900
vt 0.358400 0.697100
vt 0.358500 0.659300
vt 0.408500 0.726000
vt 0.384600 0.749400
vt 0.420900 0.756000
vt 0.404400 0.771900
vt 0.453400 0.751100
vt 0.395100 0.793100
vt 0.410300 0.785900
vt 0.422500 0.779800
vt 0.450400 0.797000
vt 0.430600 0.790600
vt 0.405500 0.804500
vt 0.415700 0.793600
vt 0.418500 0.825100
vt 0.415800 0.810000
vt 0.435600 0.843000
vt 0.399400 0.817400
vt 0.406200 0.815900
vt 0.381000 0.843000
vt 0.407600 0.831200
vt 0.435000 0.861200
vt 0.388600 0.860000
vt 0.442200 0.864200
vt 0.423500 0.880500
vt 0.398600 0.901200
vt 0.357100 0.877800
vt 0.362900 0.904400
vt 0.354000 0.860200
vt 0.325900 0.877500
vt 0.328000 0.862600
vt 0.323500 0.897000
vt 0.301800 0.869800
vt 0.306800 0.853400
vt 0.341900 0.834400
vt 0.311900 0.820800
vt 0.370200 0.824000
vt 0.366400 0.815600
vt 0.342600 0.823700
vt 0.351900 0.792200
vt 0.361000 0.777000
vt 0.382000 0.786000
vt 0.319000 0.810900
vt 0.337800 0.788000
vt 0.332200 0.764800
vt 0.374900 0.755900
vt 0.353800 0.750100
vt 0.353800 0.740800
vt 0.336000 0.702400
vt 0.336800 0.665600
vt 0.326500 0.677200
vt 0.314100 0.729800
vt 0.321100 0.648800
vt 0.312800 0.657200
vt 0.310400 0.725300
vt 0.317400 0.347800
vt 0.304900 0.621800
vt 0.295700 0.382500
vt 0.287900 0.695600
vt 0.296900 0.628900
vt 0.290800 0.588500
vt 0.280400 0.593200
vt 0.279500 0.420600
vt 0.269200 0.657700
vt 0.279400 0.741000
vt 0.250200 0.772800
vt 0.225000 0.754400
vt 0.274400 0.787200
vt 0.299700 0.780200
vt 0.269500 0.813400
vt 0.257900 0.798800
vt 0.262300 0.830000
vt 0.270400 0.849300
vt 0.280100 0.823000
vt 0.280200 0.848900
vt 0.286200 0.860900
vt 0.256700 0.837500
vt 0.250900 0.816200
vt 0.260000 0.854300
vt 0.242000 0.833100
vt 0.240300 0.814100
vt 0.228400 0.819400
vt 0.241000 0.799200
vt 0.246500 0.849500
vt 0.268100 0.875400
vt 0.250500 0.868400
vt 0.234600 0.841800
vt 0.228500 0.840800
vt 0.226800 0.811700
vt 0.214600 0.795600
vt 0.203500 0.801800
vt 0.211400 0.771600
vt 0.210800 0.752100
vt 0.209200 0.737200
vt 0.199100 0.776400
vt 0.198400 0.756200
vt 0.176100 0.742700
vt 0.175900 0.773500
vt 0.194900 0.741400
vt 0.186100 0.725100
vt 0.159200 0.737300
vt 0.177400 0.716600
vt 0.160200 0.767100
vt 0.181700 0.802200
vt 0.150000 0.736600
vt 0.168400 0.714200
vt 0.170100 0.704600
vt 0.190000 0.681000
vt 0.164000 0.695500
vt 0.182700 0.671500
vt 0.199000 0.645700
vt 0.185200 0.637300
vt 0.170000 0.659000
vt 0.156700 0.639300
vt 0.197000 0.609400
vt 0.210400 0.614700
vt 0.207800 0.650700
vt 0.188100 0.577900
vt 0.204300 0.586300
vt 0.166500 0.607900
vt 0.218700 0.617200
vt 0.214200 0.590300
vt 0.223800 0.589300
vt 0.247500 0.621800
vt 0.213800 0.572100
vt 0.245000 0.576100
vt 0.240900 0.562600
vt 0.268000 0.546000
vt 0.253600 0.529600
vt 0.268700 0.513600
vt 0.266000 0.461100
vt 0.258600 0.459000
vt 0.268200 0.417600
vt 0.281200 0.376900
vt 0.265400 0.366400
vt 0.249500 0.410100
vt 0.288900 0.325500
vt 0.242800 0.300600
vt 0.225200 0.336600
vt 0.306100 0.340300
vt 0.333200 0.305200
vt 0.309900 0.277300
vt 0.342700 0.317400
vt 0.367900 0.274900
vt 0.351700 0.252100
vt 0.389200 0.224300
vt 0.340600 0.228600
vt 0.311800 0.234000
vt 0.340500 0.205900
vt 0.360300 0.189600
vt 0.368200 0.204500
vt 0.374400 0.157600
vt 0.415500 0.182000
vt 0.387000 0.166800
vt 0.394800 0.124300
vt 0.422600 0.114000
vt 0.375100 0.135000
vt 0.374600 0.110500
vt 0.403000 0.101900
vt 0.366800 0.094100
vt 0.390100 0.099000
vt 0.358300 0.117400
vt 0.349000 0.138700
vt 0.358900 0.152400
vt 0.353200 0.112100
vt 0.411100 0.093900
vt 0.454400 0.109500
vt 0.441300 0.070200
vt 0.479300 0.100600
vt 0.461800 0.063700
vt 0.457700 0.140000
vt 0.502600 0.124400
vt 0.480600 0.143900
vt 0.488000 0.060900
vt 0.478400 0.186600
vt 0.468100 0.203000
vt 0.460600 0.184300
vt 0.502600 0.179900
vt 0.502600 0.189700
vt 0.487300 0.192300
vt 0.526700 0.186600
vt 0.525800 0.100600
vt 0.524600 0.143900
vt 0.502600 0.075300
vt 0.517100 0.060900
vt 0.547400 0.140000
vt 0.543300 0.063700
vt 0.550800 0.109500
vt 0.589700 0.182000
vt 0.544600 0.184300
vt 0.537000 0.203000
vt 0.517500 0.202600
vt 0.517800 0.192300
vt 0.553700 0.227300
vt 0.537900 0.247900
vt 0.555300 0.247400
vt 0.592800 0.258400
vt 0.596600 0.726000
vt 0.603800 0.661400
vt 0.620400 0.702900
vt 0.598900 0.246900
vt 0.628900 0.289300
vt 0.615900 0.224300
vt 0.637200 0.274900
vt 0.662400 0.317400
vt 0.646600 0.659300
vt 0.671900 0.305200
vt 0.695200 0.277300
vt 0.653500 0.252100
vt 0.699000 0.340300
vt 0.687700 0.347800
vt 0.668300 0.665600
vt 0.646800 0.697100
vt 0.678700 0.677200
vt 0.669100 0.702400
vt 0.684000 0.648800
vt 0.709400 0.382500
vt 0.724000 0.376900
vt 0.700200 0.621800
vt 0.692300 0.657200
vt 0.694700 0.725300
vt 0.708300 0.628900
vt 0.717300 0.695600
vt 0.724700 0.593200
vt 0.735900 0.657700
vt 0.757600 0.621800
vt 0.760100 0.576100
vt 0.737100 0.546000
vt 0.714300 0.588500
vt 0.786400 0.617200
vt 0.781300 0.589300
vt 0.794800 0.614700
vt 0.797300 0.650700
vt 0.790900 0.590300
vt 0.815100 0.681000
vt 0.806200 0.645700
vt 0.796000 0.737200
vt 0.780100 0.754400
vt 0.813000 0.718800
vt 0.794300 0.752100
vt 0.819000 0.725100
vt 0.810300 0.741400
vt 0.827700 0.716600
vt 0.836800 0.714200
vt 0.829100 0.742700
vt 0.806700 0.756200
vt 0.829200 0.773500
vt 0.806000 0.776400
vt 0.845900 0.737300
vt 0.835000 0.704600
vt 0.841100 0.695500
vt 0.855100 0.736600
vt 0.822500 0.671500
vt 0.835100 0.659000
vt 0.819900 0.637300
vt 0.848400 0.639300
vt 0.851200 0.676800
vt 0.808100 0.609400
vt 0.817000 0.577900
vt 0.800900 0.586300
vt 0.838600 0.607900
vt 0.791300 0.572100
vt 0.812700 0.563700
vt 0.764200 0.562600
vt 0.779300 0.533900
vt 0.792900 0.539000
vt 0.808700 0.538900
vt 0.796300 0.514800
vt 0.823800 0.526800
vt 0.810300 0.491800
vt 0.791200 0.482000
vt 0.787000 0.506200
vt 0.782200 0.487200
vt 0.837100 0.507400
vt 0.816800 0.467000
vt 0.830500 0.546800
vt 0.843500 0.467400
vt 0.848900 0.517800
vt 0.834500 0.567600
vt 0.843600 0.565100
vt 0.863600 0.538100
vt 0.866000 0.470500
vt 0.845900 0.412900
vt 0.867900 0.414000
vt 0.878700 0.481800
vt 0.872200 0.571100
vt 0.891500 0.542100
vt 0.893800 0.558800
vt 0.884900 0.592200
vt 0.861900 0.601000
vt 0.880600 0.611400
vt 0.917400 0.539800
vt 0.920700 0.561700
vt 0.897300 0.581200
vt 0.944500 0.589200
vt 0.933500 0.604200
vt 0.917500 0.586700
vt 0.956600 0.629200
vt 0.943000 0.627700
vt 0.959900 0.668900
vt 0.915300 0.615600
vt 0.922300 0.635000
vt 0.904900 0.635800
vt 0.906700 0.611500
vt 0.917800 0.656700
vt 0.940000 0.657900
vt 0.948900 0.692200
vt 0.929900 0.677500
vt 0.906800 0.672400
vt 0.936700 0.699800
vt 0.907800 0.695000
vt 0.887800 0.673500
vt 0.892900 0.649800
vt 0.889900 0.693800
vt 0.929800 0.716000
vt 0.909000 0.719000
vt 0.891300 0.722500
vt 0.868200 0.689700
vt 0.869600 0.665600
vt 0.879600 0.658600
vt 0.858300 0.636400
vt 0.863600 0.712700
vt 0.879100 0.754500
vt 0.866200 0.771000
vt 0.867000 0.784300
vt 0.882900 0.758500
vt 0.855200 0.781500
vt 0.854300 0.755700
vt 0.844900 0.767100
vt 0.856100 0.788600
vt 0.840100 0.796300
vt 0.844600 0.800200
vt 0.823400 0.802200
vt 0.817300 0.825000
vt 0.822100 0.829500
vt 0.801600 0.801800
vt 0.791700 0.821600
vt 0.790500 0.795600
vt 0.778300 0.811700
vt 0.793800 0.771600
vt 0.764100 0.799200
vt 0.776700 0.819400
vt 0.764900 0.814100
vt 0.747300 0.798800
vt 0.754900 0.772800
vt 0.730700 0.787200
vt 0.725800 0.741000
vt 0.735600 0.813400
vt 0.705400 0.780200
vt 0.691000 0.729800
vt 0.672900 0.764800
vt 0.697500 0.779200
vt 0.651300 0.740800
vt 0.620500 0.749400
vt 0.651300 0.750100
vt 0.644100 0.777000
vt 0.630200 0.755900
vt 0.623100 0.786000
vt 0.638700 0.815600
vt 0.653200 0.792200
vt 0.610000 0.793100
vt 0.634900 0.824000
vt 0.624100 0.843000
vt 0.663200 0.834400
vt 0.677100 0.862600
vt 0.651100 0.860200
vt 0.662500 0.823700
vt 0.693200 0.820800
vt 0.648000 0.877800
vt 0.679200 0.877500
vt 0.698400 0.853400
vt 0.616500 0.860000
vt 0.606500 0.901200
vt 0.642200 0.904400
vt 0.581700 0.880500
vt 0.570100 0.861200
vt 0.597500 0.831200
vt 0.562900 0.864200
vt 0.569500 0.843000
vt 0.586600 0.825100
vt 0.605700 0.817400
vt 0.599600 0.804500
vt 0.598900 0.815900
vt 0.574500 0.790600
vt 0.589300 0.810000
vt 0.545000 0.849600
vt 0.554700 0.797000
vt 0.552700 0.861800
vt 0.534600 0.870200
vt 0.538300 0.841600
vt 0.544900 0.876600
vt 0.520300 0.877300
vt 0.532200 0.860700
vt 0.535200 0.893500
vt 0.502600 0.875800
vt 0.518400 0.867800
vt 0.537900 0.783400
vt 0.515000 0.835400
vt 0.551700 0.751100
vt 0.584300 0.756000
vt 0.582700 0.779800
vt 0.600700 0.771900
vt 0.594800 0.785900
vt 0.589400 0.793600
vt 0.502600 0.831600
vt 0.519500 0.856300
vt 0.502600 0.845800
vt 0.502600 0.861200
vt 0.486700 0.867800
vt 0.485600 0.856300
vt 0.484800 0.877300
vt 0.472900 0.860700
vt 0.490100 0.835400
vt 0.470500 0.870200
vt 0.466800 0.841600
vt 0.469900 0.893500
vt 0.460300 0.876600
vt 0.502600 0.899500
vt 0.452500 0.861800
vt 0.460100 0.849600
vt 0.467200 0.783400
vt 0.681600 0.897000
vt 0.703300 0.869800
vt 0.710800 0.883300
vt 0.711400 0.832300
vt 0.718900 0.860900
vt 0.724900 0.848900
vt 0.725000 0.823000
vt 0.734700 0.849300
vt 0.686100 0.810900
vt 0.667300 0.788000
vt 0.742800 0.830000
vt 0.754200 0.816200
vt 0.748400 0.837500
vt 0.745100 0.854300
vt 0.763100 0.833100
vt 0.758600 0.849500
vt 0.737000 0.875400
vt 0.728100 0.870000
vt 0.754600 0.868400
vt 0.770500 0.841800
vt 0.764600 0.854700
vt 0.776600 0.840800
vt 0.783500 0.842900
vt 0.800700 0.836600
vt 0.783900 0.829800
vt 0.809500 0.841300
vt 0.828900 0.835200
vt 0.834400 0.843500
vt 0.862500 0.816000
vt 0.852600 0.804000
vt 0.867400 0.821300
vt 0.866100 0.803200
vt 0.879900 0.805300
vt 0.873400 0.799100
vt 0.887800 0.784300
vt 0.895800 0.792900
vt 0.916800 0.777700
vt 0.912200 0.773700
vt 0.932500 0.759700
vt 0.926600 0.758600
vt 0.902100 0.767000
vt 0.912800 0.752800
vt 0.899100 0.743500
vt 0.911500 0.732800
vt 0.923600 0.730700
vt 0.927800 0.742600
vt 0.950200 0.737900
vt 0.940800 0.719800
vt 0.946900 0.712100
vt 0.949300 0.758700
vt 0.928600 0.748400
vt 0.958800 0.735000
vt 0.956400 0.704500
vt 0.863700 0.792600
vt 0.966900 0.731300
vt 0.977500 0.723500
vt 0.991200 0.755000
vt 0.978500 0.756200
vt 0.965800 0.758400
vt 0.972900 0.772400
vt 0.963100 0.776100
vt 0.954200 0.777400
vt 0.967100 0.788400
vt 0.954200 0.789200
vt 0.966800 0.809900
vt 0.954800 0.804500
vt 0.949700 0.798300
vt 0.989700 0.773000
vt 0.983900 0.794800
vt 0.848500 0.606000
vt 0.867000 0.635100
vt 0.880700 0.633500
vt 0.891800 0.616600
vt 0.915900 0.492600
vt 0.901600 0.447300
vt 0.882200 0.410000
vt 0.853300 0.352400
vt 0.827300 0.356900
vt 0.802900 0.311500
vt 0.823900 0.300800
vt 0.816100 0.428900
vt 0.802500 0.380500
vt 0.772400 0.473600
vt 0.766000 0.448000
vt 0.772700 0.483100
vt 0.749500 0.497800
vt 0.746500 0.459000
vt 0.755600 0.410100
vt 0.779900 0.336600
vt 0.736900 0.417600
vt 0.739700 0.366400
vt 0.780300 0.270400
vt 0.762300 0.300600
vt 0.798900 0.246200
vt 0.756800 0.236300
vt 0.775700 0.211500
vt 0.716200 0.325500
vt 0.744300 0.277100
vt 0.748400 0.189300
vt 0.735700 0.220300
vt 0.728100 0.262800
vt 0.716400 0.229400
vt 0.693300 0.234000
vt 0.725900 0.190000
vt 0.689300 0.207100
vt 0.708900 0.203200
vt 0.664600 0.205900
vt 0.664500 0.228600
vt 0.725600 0.420600
vt 0.739100 0.461100
vt 0.736400 0.513600
vt 0.751500 0.529600
vt 0.767600 0.498000
vt 0.777600 0.500700
vt 0.769600 0.516100
vt 0.636900 0.204500
vt 0.644900 0.189600
vt 0.618100 0.166800
vt 0.630700 0.157600
vt 0.582600 0.114000
vt 0.610300 0.124300
vt 0.630000 0.135000
vt 0.630600 0.110500
vt 0.602200 0.101900
vt 0.615000 0.099000
vt 0.638300 0.094100
vt 0.646800 0.117400
vt 0.652000 0.112100
vt 0.656100 0.138700
vt 0.646200 0.152400
vt 0.594000 0.093900
vt 0.563800 0.070200
vt 0.527800 0.043300
vt 0.502600 0.030900
vt 0.502600 0.045200
vt 0.477300 0.043300
vt 0.315900 0.207100
vt 0.277000 0.262800
vt 0.288700 0.229400
vt 0.296200 0.203200
vt 0.269400 0.220300
vt 0.279200 0.190000
vt 0.256700 0.189300
vt 0.248300 0.236300
vt 0.229400 0.211500
vt 0.260800 0.277100
vt 0.224800 0.270400
vt 0.206200 0.246200
vt 0.202200 0.311500
vt 0.202600 0.380500
vt 0.239100 0.448000
vt 0.189100 0.428900
vt 0.177800 0.356900
vt 0.232700 0.473600
vt 0.255600 0.497800
vt 0.237500 0.498000
vt 0.232400 0.483100
vt 0.227500 0.500700
vt 0.222900 0.487200
vt 0.218100 0.506200
vt 0.213900 0.482000
vt 0.235600 0.516100
vt 0.225800 0.533900
vt 0.208800 0.514800
vt 0.194800 0.491800
vt 0.188300 0.467000
vt 0.161700 0.467400
vt 0.168000 0.507400
vt 0.159300 0.412900
vt 0.137200 0.414000
vt 0.139200 0.470500
vt 0.151800 0.352400
vt 0.156200 0.517800
vt 0.126500 0.481800
vt 0.141500 0.538100
vt 0.123000 0.410000
vt 0.181200 0.300800
vt 0.113600 0.542100
vt 0.103500 0.447300
vt 0.089300 0.492600
vt 0.087700 0.539800
vt 0.084400 0.561700
vt 0.111300 0.558800
vt 0.132900 0.571100
vt 0.120200 0.592200
vt 0.107800 0.581200
vt 0.098400 0.611500
vt 0.113300 0.616600
vt 0.124600 0.611400
vt 0.100200 0.635800
vt 0.089800 0.615600
vt 0.124400 0.633500
vt 0.112200 0.649800
vt 0.138100 0.635100
vt 0.143200 0.601000
vt 0.125500 0.658600
vt 0.117300 0.673500
vt 0.098300 0.672400
vt 0.146800 0.636400
vt 0.135500 0.665600
vt 0.156700 0.606000
vt 0.136900 0.689700
vt 0.154000 0.676800
vt 0.115300 0.693800
vt 0.113900 0.722500
vt 0.097300 0.695000
vt 0.141500 0.712700
vt 0.170600 0.567600
vt 0.161500 0.565100
vt 0.192400 0.563700
vt 0.174700 0.546800
vt 0.181400 0.526800
vt 0.196400 0.538900
vt 0.212200 0.539000
vt 0.126000 0.754500
vt 0.138900 0.771000
vt 0.150000 0.781500
vt 0.150900 0.755700
vt 0.138100 0.784300
vt 0.165000 0.796300
vt 0.187900 0.825000
vt 0.160500 0.800200
vt 0.183000 0.829500
vt 0.213400 0.821600
vt 0.204500 0.836600
vt 0.221200 0.829800
vt 0.195600 0.841300
vt 0.176200 0.835200
vt 0.170700 0.843500
vt 0.142600 0.816000
vt 0.152500 0.804000
vt 0.137700 0.821300
vt 0.149000 0.788600
vt 0.141500 0.792600
vt 0.131700 0.799100
vt 0.117300 0.784300
vt 0.139000 0.803200
vt 0.122200 0.758500
vt 0.125300 0.805300
vt 0.109300 0.792900
vt 0.088300 0.777700
vt 0.093000 0.773700
vt 0.103000 0.767000
vt 0.072600 0.759700
vt 0.078500 0.758600
vt 0.077300 0.742600
vt 0.076500 0.748400
vt 0.054900 0.737900
vt 0.106000 0.743500
vt 0.092300 0.752800
vt 0.081500 0.730700
vt 0.093600 0.732800
vt 0.096100 0.719000
vt 0.075300 0.716000
vt 0.064300 0.719800
vt 0.058200 0.712100
vt 0.055800 0.758700
vt 0.046300 0.735000
vt 0.039300 0.758400
vt 0.050900 0.777400
vt 0.038300 0.731300
vt 0.042000 0.776100
vt 0.026700 0.756200
vt 0.027600 0.723500
vt 0.048700 0.704500
vt 0.013900 0.755000
vt 0.032200 0.772400
vt 0.038000 0.788400
vt 0.015400 0.773000
vt 0.021200 0.794800
vt 0.050300 0.804500
vt 0.038300 0.809900
vt 0.050900 0.789200
vt 0.055400 0.798300
vt 0.056300 0.692200
vt 0.068400 0.699800
vt 0.075200 0.677500
vt 0.065100 0.657900
vt 0.087300 0.656700
vt 0.082800 0.635000
vt 0.062100 0.627700
vt 0.045200 0.668900
vt 0.048500 0.629200
vt 0.071600 0.604200
vt 0.087700 0.586700
vt 0.060600 0.589200
vt 0.192100 0.718800
vt 0.240500 0.854700
vt 0.221700 0.842900
vt 0.277000 0.870000
vt 0.294300 0.883300
vt 0.293700 0.832300
vt 0.307600 0.779200
s 1
usemtl m1Material__298
f 3/1/3 2/2/2 1/3/1
f 4/4/4 2/2/2 3/1/3
f 6/5/6 3/1/3 5/6/5
f 3/1/3 6/5/6 4/4/4
f 1/3/1 7/7/7 3/1/3
f 3/1/3 8/8/8 5/6/5
f 7/7/7 8/8/8 3/1/3
f 4/4/4 9/9/9 2/2/2
f 9/9/9 4/4/4 10/10/10
f 4/4/4 6/5/6 10/10/10
f 12/11/12 11/12/11 6/5/6
f 6/5/6 5/6/5 12/11/12
f 11/12/11 10/10/10 6/5/6
f 10/10/10 11/12/11 13/13/13
f 9/9/9 10/10/10 14/14/14
f 10/10/10 13/13/13 14/14/14
f 16/15/16 9/9/9 15/16/15
f 9/9/9 16/15/16 2/2/2
f 9/9/9 14/14/14 15/16/15
f 14/14/14 17/17/17 15/16/15
f 17/17/17 14/14/14 13/13/13
f 13/13/13 18/18/18 17/17/17
f 11/12/11 19/19/19 13/13/13
f 18/18/18 13/13/13 19/19/19
f 17/17/17 20/20/20 15/16/15
f 22/21/22 21/22/21 17/17/17
f 17/17/17 18/18/18 22/21/22
f 21/22/21 20/20/20 17/17/17
f 24/23/24 23/24/23 20/20/20
f 20/20/20 21/22/21 24/23/24
f 23/24/23 15/16/15 20/20/20
f 24/23/24 25/25/25 23/24/23
f 23/24/23 26/26/26 15/16/15
f 23/24/23 25/25/25 27/27/27
f 27/27/27 28/28/28 23/24/23
f 28/28/28 26/26/26 23/24/23
f 24/23/24 29/29/29 25/25/25
f 21/22/21 29/29/29 24/23/24
f 31/30/31 30/31/30 29/29/29
f 32/32/32 29/29/29 30/31/30
f 29/29/29 33/32/33 25/25/25
f 21/22/21 31/30/31 29/29/29
f 35/33/35 34/34/34 31/30/31
f 31/30/31 36/35/36 30/31/30
f 34/34/34 36/35/36 31/30/31
f 35/33/35 31/30/31 21/22/21
f 21/22/21 22/21/22 37/36/37
f 37/36/37 35/33/35 21/22/21
f 35/33/35 37/36/37 38/37/38
f 34/34/34 35/33/35 38/37/38
f 40/38/40 39/39/39 37/36/37
f 39/39/39 38/37/38 37/36/37
f 22/21/22 41/40/41 37/36/37
f 41/40/41 40/38/40 37/36/37
f 39/39/39 42/41/42 38/37/38
f 39/39/39 43/42/43 42/41/42
f 43/42/43 39/39/39 40/38/40
f 44/43/44 43/42/43 40/38/40
f 44/43/44 40/38/40 41/40/41
f 46/44/46 45/45/45 41/40/41
f 41/40/41 18/18/18 46/44/46
f 45/45/45 44/43/44 41/40/41
f 18/18/18 41/40/41 47/21/47
f 43/42/43 44/43/44 45/45/45
f 48/46/48 42/41/42 43/42/43
f 43/42/43 49/47/49 48/46/48
f 49/47/49 43/42/43 45/45/45
f 48/46/48 49/47/49 45/45/45
f 51/48/51 50/49/50 45/45/45
f 51/48/51 45/45/45 52/50/52
f 45/45/45 46/44/46 52/50/52
f 50/49/50 48/46/48 53/45/53
f 48/46/48 50/49/50 54/48/54
f 48/46/48 55/51/55 42/41/42
f 56/52/56 55/51/55 48/46/48
f 57/52/57 48/46/48 51/48/51
f 55/51/55 58/53/58 42/41/42
f 60/54/60 55/51/55 59/48/59
f 58/53/58 55/51/55 60/54/60
f 55/51/55 61/52/61 51/48/51
f 60/54/60 51/48/51 62/55/62
f 60/54/60 62/55/62 63/56/63
f 63/56/63 58/53/58 60/54/60
f 64/57/64 62/55/62 52/50/52
f 51/48/51 52/50/52 62/55/62
f 62/55/62 65/58/65 63/56/63
f 65/58/65 66/59/66 63/56/63
f 58/53/58 63/56/63 67/60/67
f 67/60/67 63/56/63 66/59/66
f 68/61/68 67/60/67 66/59/66
f 69/62/69 58/53/58 67/60/67
f 71/63/71 70/64/70 67/60/67
f 70/64/70 69/62/69 67/60/67
f 71/63/71 67/60/67 68/61/68
f 72/65/72 71/63/71 68/61/68
f 74/66/74 73/67/73 71/63/71
f 73/67/73 70/64/70 71/63/71
f 75/66/75 71/63/71 72/65/72
f 76/68/76 69/62/69 70/64/70
f 76/68/76 70/64/70 77/69/77
f 70/64/70 73/67/73 77/69/77
f 58/53/58 69/62/69 76/68/76
f 79/70/79 76/68/76 78/71/78
f 79/70/79 58/53/58 76/68/76
f 81/72/81 76/68/76 80/69/80
f 76/68/76 81/72/81 78/71/78
f 82/73/82 78/71/78 81/72/81
f 82/73/82 83/74/83 78/71/78
f 83/74/83 84/75/84 78/71/78
f 86/76/86 85/77/85 81/72/81
f 85/77/85 82/73/82 81/72/81
f 86/76/86 81/72/81 77/69/77
f 83/74/83 82/73/82 87/78/87
f 82/73/82 85/77/85 87/78/87
f 83/74/83 88/79/88 84/75/84
f 89/80/89 88/79/88 83/74/83
f 89/80/89 83/74/83 87/78/87
f 84/75/84 90/79/90 42/41/42
f 91/71/91 84/75/84 42/41/42
f 79/70/79 91/71/91 42/41/42
f 58/53/58 79/70/79 42/41/42
f 88/79/88 38/37/38 42/41/42
f 88/79/88 89/80/89 38/37/38
f 92/81/92 89/80/89 87/78/87
f 89/80/89 92/81/92 38/37/38
f 92/81/92 34/34/34 38/37/38
f 93/82/93 34/34/34 92/81/92
f 92/81/92 87/78/87 93/82/93
f 94/83/94 36/35/36 34/34/34
f 93/82/93 94/83/94 34/34/34
f 95/84/95 94/83/94 93/82/93
f 93/82/93 97/85/97 96/84/96
f 87/78/87 97/85/97 93/82/93
f 94/83/94 95/84/95 98/86/98
f 95/84/95 99/87/99 98/86/98
f 99/87/99 95/84/95 100/88/100
f 94/83/94 98/86/98 101/89/101
f 98/86/98 103/90/103 102/91/102
f 103/90/103 98/86/98 99/87/99
f 98/86/98 104/91/102 101/89/101
f 105/92/104 99/87/99 100/88/100
f 106/93/105 103/90/103 99/87/99
f 106/93/105 99/87/99 105/92/104
f 108/94/107 103/90/103 107/95/106
f 103/90/103 108/94/107 109/96/108
f 103/90/103 106/93/105 107/95/106
f 103/90/103 109/96/108 110/91/102
f 111/97/109 106/93/105 105/92/104
f 106/93/105 111/97/109 107/95/106
f 105/92/104 100/88/100 112/98/110
f 112/98/110 113/99/111 105/92/104
f 105/92/104 114/100/112 111/97/109
f 113/99/111 114/100/112 105/92/104
f 115/101/113 113/99/111 112/98/110
f 115/101/113 112/98/110 100/88/100
f 100/88/100 97/85/97 116/102/114
f 116/102/114 115/101/113 100/88/100
f 97/85/97 100/88/100 96/84/96
f 118/103/116 117/104/115 115/101/113
f 119/103/117 115/101/113 116/102/114
f 115/101/113 117/104/115 113/99/111
f 121/105/119 118/103/116 120/106/118
f 118/103/116 122/107/120 120/106/118
f 117/104/115 118/103/116 121/105/119
f 123/108/121 120/106/118 122/107/120
f 123/108/121 124/109/122 120/106/118
f 125/110/123 121/105/119 120/106/118
f 121/105/119 125/110/123 126/111/124
f 126/111/124 117/104/115 121/105/119
f 128/112/126 125/110/123 127/106/125
f 130/113/128 129/114/127 125/110/123
f 125/110/123 131/112/129 130/113/128
f 129/114/127 126/111/124 125/110/123
f 126/111/124 129/114/127 117/104/115
f 132/115/130 129/114/127 130/113/128
f 129/114/127 132/115/130 133/116/131
f 129/114/127 133/116/131 117/104/115
f 130/113/128 135/117/133 134/115/132
f 131/112/129 135/117/133 130/113/128
f 135/117/133 131/112/129 136/118/134
f 137/119/135 135/117/133 136/118/134
f 135/117/133 138/120/136 132/115/130
f 139/120/137 135/117/133 137/119/135
f 138/120/136 140/121/138 132/115/130
f 132/115/130 141/122/139 133/116/131
f 143/122/141 142/123/140 133/116/131
f 117/104/115 133/116/131 113/99/111
f 113/99/111 133/116/131 114/100/112
f 133/116/131 142/123/140 114/100/112
f 145/124/143 142/123/140 144/122/142
f 146/125/144 142/123/140 145/124/143
f 142/123/140 146/125/144 114/100/112
f 148/126/146 147/127/145 114/100/112
f 146/125/144 148/126/146 114/100/112
f 114/100/112 147/127/145 111/97/109
f 149/128/147 146/125/144 145/124/143
f 148/126/146 146/125/144 149/128/147
f 150/129/148 148/126/146 149/128/147
f 147/127/145 148/126/146 150/129/148
f 150/129/148 149/128/147 151/130/149
f 149/128/147 145/124/143 152/131/150
f 149/128/147 152/131/150 151/130/149
f 150/129/148 151/130/149 153/132/151
f 153/132/151 147/127/145 150/129/148
f 151/130/149 154/133/152 153/132/151
f 156/134/154 155/135/153 151/130/149
f 155/135/153 154/133/152 151/130/149
f 157/134/155 151/130/149 152/131/150
f 158/136/156 157/134/155 152/131/150
f 152/131/150 159/137/157 158/136/156
f 145/124/143 159/137/157 152/131/150
f 157/134/155 161/138/159 160/139/158
f 162/138/160 157/134/155 158/136/156
f 160/139/158 164/140/162 163/141/161
f 166/142/164 165/143/163 164/140/162
f 164/140/162 167/139/165 166/142/164
f 165/143/163 163/141/161 164/140/162
f 169/144/167 165/143/163 168/145/166
f 165/143/163 169/144/167 163/141/161
f 170/146/168 165/143/163 166/142/164
f 165/143/163 170/146/168 168/145/166
f 170/146/168 171/147/169 168/145/166
f 168/145/166 171/147/169 172/148/170
f 169/144/167 168/145/166 172/148/170
f 173/149/171 169/144/167 172/148/170
f 169/144/167 174/150/172 163/141/161
f 174/150/172 169/144/167 173/149/171
f 176/151/174 175/152/173 172/148/170
f 176/151/174 172/148/170 177/153/175
f 172/148/170 175/152/173 173/149/171
f 171/147/169 177/153/175 172/148/170
f 178/154/176 174/150/172 173/149/171
f 175/152/173 179/155/177 173/149/171
f 178/154/176 173/149/171 179/155/177
f 163/141/161 174/150/172 111/97/109
f 174/150/172 178/154/176 111/97/109
f 178/154/176 181/156/179 180/157/178
f 181/156/179 178/154/176 179/155/177
f 178/154/176 180/157/178 111/97/109
f 179/155/177 175/152/173 182/158/180
f 181/156/179 179/155/177 182/158/180
f 181/156/179 183/159/181 180/157/178
f 182/158/180 184/160/182 181/156/179
f 184/160/182 185/159/183 181/156/179
f 180/157/178 186/159/184 107/95/106
f 111/97/109 180/157/178 107/95/106
f 188/159/186 187/161/185 107/95/106
f 108/94/107 107/95/106 187/161/185
f 187/161/185 190/162/188 189/163/187
f 108/94/107 187/161/185 189/163/187
f 190/162/188 187/161/185 191/159/189
f 108/94/107 192/164/102 109/96/108
f 194/164/191 193/165/190 109/96/108
f 109/96/108 196/166/193 195/91/192
f 193/165/190 196/166/193 109/96/108
f 198/167/195 196/166/193 197/168/194
f 199/169/196 196/166/193 193/165/190
f 196/166/193 199/169/196 197/168/194
f 196/166/193 198/167/195 200/91/197
f 202/170/199 197/168/194 201/171/198
f 203/172/200 197/168/194 199/169/196
f 197/168/194 203/172/200 201/171/198
f 198/167/195 197/168/194 202/170/199
f 204/173/201 198/167/195 202/170/199
f 204/173/201 101/89/101 198/167/195
f 101/89/101 205/91/202 198/167/195
f 207/174/204 204/173/201 206/175/203
f 207/174/204 208/176/205 204/173/201
f 204/173/201 202/170/199 206/175/203
f 208/176/205 101/89/101 204/173/201
f 94/83/94 101/89/101 208/176/205
f 36/35/36 94/83/94 208/176/205
f 36/35/36 208/176/205 30/31/30
f 30/31/30 208/176/205 207/174/204
f 209/177/206 30/31/30 207/174/204
f 209/177/206 207/174/204 206/175/203
f 209/177/206 210/32/207 30/31/30
f 211/178/208 209/177/206 206/175/203
f 213/32/210 209/177/206 212/179/209
f 209/177/206 211/178/208 212/179/209
f 215/180/212 211/178/208 214/181/211
f 206/175/203 214/181/211 211/178/208
f 211/178/208 215/180/212 212/179/209
f 217/182/214 216/183/213 215/180/212
f 217/182/214 215/180/212 214/181/211
f 215/180/212 218/184/215 212/179/209
f 216/183/213 218/184/215 215/180/212
f 216/183/213 219/185/216 218/184/215
f 212/179/209 218/184/215 220/186/217
f 218/184/215 221/187/218 220/186/217
f 219/185/216 221/187/218 218/184/215
f 221/187/218 219/185/216 222/188/219
f 220/186/217 221/187/218 223/189/220
f 221/187/218 222/188/219 223/189/220
f 225/190/222 224/191/221 222/188/219
f 227/189/224 222/188/219 226/192/223
f 224/191/221 228/193/225 222/188/219
f 222/188/219 230/194/227 229/192/226
f 231/195/228 224/191/221 225/190/222
f 233/196/230 232/195/229 225/190/222
f 235/197/232 233/196/230 234/190/231
f 236/185/233 235/197/232 234/190/231
f 236/185/233 234/190/231 237/188/234
f 239/195/235 238/198/235 224/191/221
f 241/198/236 240/193/236 224/191/221
f 228/193/225 230/194/227 242/188/237
f 226/192/223 243/199/238 227/189/224
f 227/189/224 244/200/239 220/186/217
f 227/189/224 243/199/238 244/200/239
f 243/199/238 245/201/240 244/200/239
f 247/202/242 244/200/239 246/203/241
f 244/200/239 248/204/243 220/186/217
f 248/204/243 244/200/239 247/202/242
f 244/200/239 245/201/240 249/203/244
f 247/202/242 251/205/246 250/206/245
f 252/206/247 248/204/243 247/202/242
f 254/205/249 247/202/242 253/207/248
f 256/208/251 255/206/250 251/205/246
f 256/208/251 258/209/253 257/210/252
f 258/209/253 256/208/251 27/27/27
f 259/206/254 256/208/251 248/204/243
f 261/211/256 260/212/255 256/208/251
f 261/211/256 256/208/251 254/205/249
f 256/208/251 262/213/257 27/27/27
f 256/208/251 257/210/252 248/204/243
f 260/212/255 263/213/258 256/208/251
f 260/212/255 261/211/256 264/214/259
f 264/214/259 261/211/256 254/205/249
f 266/215/261 265/216/260 254/205/249
f 267/216/262 264/214/259 254/205/249
f 269/217/264 268/218/263 254/205/249
f 269/217/264 254/205/249 253/207/248
f 268/218/263 266/215/261 254/205/249
f 271/216/266 266/215/261 270/219/265
f 266/215/261 273/220/268 272/221/267
f 266/215/261 274/221/269 270/219/265
f 270/219/265 276/222/271 275/223/270
f 270/219/265 272/221/267 276/222/271
f 275/223/270 264/214/259 270/219/265
f 264/214/259 277/216/272 270/219/265
f 264/214/259 275/223/270 278/224/273
f 278/224/273 275/223/270 276/222/271
f 278/224/273 279/225/274 264/214/259
f 280/226/275 260/212/255 264/214/259
f 279/225/274 280/226/275 264/214/259
f 281/227/276 278/224/273 276/222/271
f 278/224/273 281/227/276 279/225/274
f 28/28/28 260/212/255 279/225/274
f 281/227/276 282/228/277 279/225/274
f 28/28/28 279/225/274 282/228/277
f 260/212/255 280/226/275 279/225/274
f 283/213/278 260/212/255 27/27/27
f 260/212/255 28/28/28 27/27/27
f 26/26/26 28/28/28 282/228/277
f 284/229/279 282/228/277 281/227/276
f 2/2/2 282/228/277 1/3/1
f 26/26/26 282/228/277 2/2/2
f 282/228/277 284/229/279 1/3/1
f 16/15/16 26/26/26 2/2/2
f 26/26/26 16/15/16 15/16/15
f 285/230/280 7/7/7 284/229/279
f 7/7/7 1/3/1 284/229/279
f 285/230/280 284/229/279 281/227/276
f 7/7/7 286/231/281 8/8/8
f 288/232/283 287/233/282 7/7/7
f 287/233/282 286/231/281 7/7/7
f 7/7/7 285/230/280 288/232/283
f 289/234/284 285/230/280 281/227/276
f 285/230/280 290/235/285 288/232/283
f 290/235/285 285/230/280 289/234/284
f 276/222/271 291/236/286 281/227/276
f 291/236/286 289/234/284 281/227/276
f 289/234/284 291/236/286 292/237/287
f 292/237/287 290/235/285 289/234/284
f 294/238/289 293/239/288 290/235/285
f 294/238/289 290/235/285 295/240/290
f 293/239/288 288/232/283 290/235/285
f 290/235/285 292/237/287 295/240/290
f 295/240/290 292/237/287 296/241/291
f 292/237/287 297/242/292 296/241/291
f 291/236/286 297/242/292 292/237/287
f 298/243/293 295/240/290 296/241/291
f 294/238/289 295/240/290 298/243/293
f 300/244/295 299/245/294 294/238/289
f 300/244/295 294/238/289 298/243/293
f 299/245/294 293/239/288 294/238/289
f 293/239/288 301/246/296 288/232/283
f 301/246/296 293/239/288 299/245/294
f 303/247/298 302/248/297 299/245/294
f 299/245/294 304/249/299 303/247/298
f 299/245/294 300/244/295 304/249/299
f 302/248/297 301/246/296 299/245/294
f 306/250/301 300/244/295 305/251/300
f 300/244/295 298/243/293 305/251/300
f 300/244/295 306/250/301 304/249/299
f 304/249/299 308/252/303 307/253/302
f 304/249/299 306/250/301 309/252/102
f 304/249/299 307/253/302 303/247/298
f 303/247/298 307/253/302 310/254/304
f 307/253/302 312/255/306 311/256/305
f 307/253/302 311/256/305 310/254/304
f 313/252/307 312/255/306 307/253/302
f 312/255/306 315/252/309 314/257/308
f 312/255/306 316/258/310 311/256/305
f 316/258/310 312/255/306 314/257/308
f 318/259/312 314/257/308 317/260/311
f 317/260/311 314/257/308 319/261/313
f 321/262/315 320/261/314 314/257/308
f 318/259/312 316/258/310 314/257/308
f 322/252/316 321/262/315 314/257/308
f 324/263/318 318/259/312 323/264/317
f 325/264/319 318/259/312 317/260/311
f 318/259/312 324/263/318 316/258/310
f 324/263/318 327/265/321 326/266/320
f 329/264/323 328/267/322 324/263/318
f 328/267/322 330/265/324 324/263/318
f 324/263/318 326/266/320 316/258/310
f 331/268/325 316/258/310 326/266/320
f 326/266/320 332/269/326 331/268/325
f 333/265/327 332/269/326 326/266/320
f 335/270/329 334/271/328 316/258/310
f 331/268/325 336/272/330 316/258/310
f 334/271/328 311/256/305 316/258/310
f 336/272/330 335/270/329 316/258/310
f 337/273/331 334/271/328 335/270/329
f 336/272/330 338/274/332 335/270/329
f 337/273/331 335/270/329 339/275/333
f 338/274/332 339/275/333 335/270/329
f 336/272/330 340/276/334 338/274/332
f 341/277/335 336/272/330 331/268/325
f 339/275/333 338/274/332 342/278/336
f 342/278/336 338/274/332 340/276/334
f 343/279/337 337/273/331 339/275/333
f 343/279/337 339/275/333 342/278/336
f 345/280/339 344/281/338 342/278/336
f 346/282/340 342/278/336 340/276/334
f 342/278/336 347/282/341 345/280/339
f 344/281/338 343/279/337 342/278/336
f 341/277/335 346/282/340 340/276/334
f 340/276/334 349/272/342 348/277/342
f 351/283/344 350/284/343 341/277/335
f 352/285/345 341/277/335 350/284/343
f 331/268/325 353/286/346 351/283/344
f 351/283/344 354/277/347 331/268/325
f 353/286/346 350/284/343 351/283/344
f 353/286/346 355/287/348 350/284/343
f 332/269/326 356/288/349 353/286/346
f 356/288/349 355/287/348 353/286/346
f 332/269/326 353/286/346 331/268/325
f 355/287/348 356/288/349 357/289/350
f 355/287/348 358/290/351 350/284/343
f 358/290/351 355/287/348 357/289/350
f 359/291/352 356/288/349 332/269/326
f 357/289/350 356/288/349 359/291/352
f 360/265/353 359/291/352 332/269/326
f 362/292/355 359/291/352 361/293/354
f 362/292/355 363/294/356 359/291/352
f 359/291/352 364/265/357 361/293/354
f 363/294/356 357/289/350 359/291/352
f 328/267/322 365/295/358 361/293/354
f 365/295/358 366/296/359 361/293/354
f 367/265/360 328/267/322 361/293/354
f 366/296/359 362/292/355 361/293/354
f 368/264/361 365/295/358 328/267/322
f 365/295/358 370/264/363 369/297/362
f 369/297/362 371/298/364 365/295/358
f 373/299/366 372/300/365 365/295/358
f 371/298/364 373/299/366 365/295/358
f 372/300/365 366/296/359 365/295/358
f 373/299/366 374/301/367 372/300/365
f 376/302/369 372/300/365 375/303/368
f 372/300/365 374/301/367 375/303/368
f 366/296/359 372/300/365 376/302/369
f 371/298/364 374/301/367 373/299/366
f 375/303/368 374/301/367 377/304/370
f 379/305/372 378/306/371 374/301/367
f 379/305/372 374/301/367 371/298/364
f 378/306/371 377/304/370 374/301/367
f 376/302/369 375/303/368 380/307/373
f 377/304/370 381/308/374 375/303/368
f 375/303/368 381/308/374 380/307/373
f 376/302/369 380/307/373 382/309/375
f 382/309/375 366/296/359 376/302/369
f 380/307/373 384/310/377 383/311/376
f 380/307/373 383/311/376 382/309/375
f 381/308/374 384/310/377 380/307/373
f 386/312/379 382/309/375 385/313/378
f 386/312/379 362/292/355 382/309/375
f 385/313/378 382/309/375 383/311/376
f 362/292/355 366/296/359 382/309/375
f 387/314/380 385/313/378 383/311/376
f 383/311/376 388/315/381 387/314/380
f 384/310/377 388/315/381 383/311/376
f 384/310/377 389/316/382 388/315/381
f 384/310/377 381/308/374 389/316/382
f 388/315/381 391/317/384 390/318/383
f 388/315/381 390/318/383 387/314/380
f 389/316/382 391/317/384 388/315/381
f 387/314/380 392/319/385 385/313/378
f 387/314/380 390/318/383 393/320/386
f 387/314/380 393/320/386 392/319/385
f 392/319/385 395/321/388 394/322/387
f 392/319/385 396/323/389 385/313/378
f 394/322/387 397/324/390 392/319/385
f 393/320/386 395/321/388 392/319/385
f 397/324/390 396/323/389 392/319/385
f 399/325/392 398/326/391 393/320/386
f 398/326/391 395/321/388 393/320/386
f 399/325/392 393/320/386 390/318/383
f 401/327/394 395/321/388 400/326/393
f 403/328/396 402/329/395 400/326/393
f 405/330/398 404/327/397 400/326/393
f 402/329/395 405/330/398 400/326/393
f 407/329/400 403/328/396 406/331/399
f 408/332/401 407/329/400 406/331/399
f 410/332/403 406/331/399 409/333/402
f 411/334/404 405/330/398 407/329/400
f 410/332/403 412/335/405 407/329/400
f 412/335/405 411/334/404 407/329/400
f 405/330/398 411/334/404 404/327/397
f 413/336/406 411/334/404 412/335/405
f 411/334/404 413/336/406 414/337/407
f 411/334/404 414/337/407 404/327/397
f 412/335/405 415/338/408 413/336/406
f 415/338/408 412/335/405 410/332/403
f 416/339/409 410/332/403 409/333/402
f 416/339/409 415/338/408 410/332/403
f 416/339/409 409/333/402 417/340/410
f 418/341/411 415/338/408 416/339/409
f 418/341/411 416/339/409 417/340/410
f 419/342/412 415/338/408 418/341/411
f 413/336/406 415/338/408 419/342/412
f 420/343/413 418/341/411 417/340/410
f 421/344/414 418/341/411 420/343/413
f 421/344/414 419/342/412 418/341/411
f 423/345/416 422/346/415 419/342/412
f 421/344/414 424/347/417 419/342/412
f 422/346/415 413/336/406 419/342/412
f 424/347/417 423/345/416 419/342/412
f 421/344/414 426/348/419 425/349/418
f 424/347/417 421/344/414 427/350/420
f 421/344/414 425/349/418 428/350/421
f 426/348/419 421/344/414 420/343/413
f 430/351/423 429/352/422 424/347/417
f 430/351/423 424/347/417 427/350/420
f 429/352/422 423/345/416 424/347/417
f 431/353/424 423/345/416 429/352/422
f 431/353/424 422/346/415 423/345/416
f 430/351/423 358/290/351 429/352/422
f 432/354/425 431/353/424 429/352/422
f 429/352/422 358/290/351 357/289/350
f 357/289/350 432/354/425 429/352/422
f 433/355/426 430/351/423 427/350/420
f 358/290/351 430/351/423 433/355/426
f 350/284/343 358/290/351 433/355/426
f 352/285/345 433/355/426 434/356/427
f 433/355/426 352/285/345 350/284/343
f 433/355/426 427/350/420 434/356/427
f 436/357/429 434/356/427 435/358/428
f 434/356/427 436/357/429 352/285/345
f 434/356/427 438/359/431 437/358/430
f 438/359/431 434/356/427 427/350/420
f 440/360/433 439/361/432 436/357/429
f 441/358/434 440/360/433 436/357/429
f 436/357/429 439/361/432 352/285/345
f 442/362/435 439/361/432 440/360/433
f 352/285/345 439/361/432 442/362/435
f 440/360/433 441/358/434 443/363/436
f 444/364/437 442/362/435 440/360/433
f 445/365/438 444/364/437 440/360/433
f 347/282/341 352/285/345 442/362/435
f 444/364/437 446/366/439 442/362/435
f 347/282/341 442/362/435 345/280/339
f 446/366/439 345/280/339 442/362/435
f 444/364/437 447/367/440 446/366/439
f 445/365/438 448/368/441 444/364/437
f 449/368/442 447/367/440 444/364/437
f 451/369/444 446/366/439 450/370/443
f 446/366/439 451/369/444 345/280/339
f 446/366/439 447/367/440 450/370/443
f 451/369/444 344/281/338 345/280/339
f 453/371/446 451/369/444 452/372/445
f 453/371/446 454/373/447 451/369/444
f 451/369/444 455/370/448 452/372/445
f 454/373/447 344/281/338 451/369/444
f 454/373/447 337/273/331 344/281/338
f 337/273/331 343/279/337 344/281/338
f 334/271/328 337/273/331 454/373/447
f 453/371/446 334/271/328 454/373/447
f 452/372/445 456/374/449 453/371/446
f 453/371/446 456/374/449 334/271/328
f 452/372/445 457/375/450 456/374/449
f 459/375/452 452/372/445 458/370/451
f 456/374/449 461/376/454 460/377/453
f 462/378/455 456/374/449 460/377/453
f 457/375/450 461/376/454 456/374/449
f 456/374/449 462/378/455 334/271/328
f 334/271/328 462/378/455 311/256/305
f 464/379/457 463/380/456 462/378/455
f 464/379/457 462/378/455 460/377/453
f 462/378/455 463/380/456 311/256/305
f 311/256/305 463/380/456 310/254/304
f 463/380/456 464/379/457 310/254/304
f 465/381/458 464/379/457 460/377/453
f 464/379/457 467/381/459 466/382/459
f 464/379/457 468/382/460 310/254/304
f 310/254/304 470/383/462 469/247/461
f 470/383/462 310/254/304 468/382/460
f 470/383/462 302/248/297 469/247/461
f 472/384/464 470/383/462 471/385/463
f 471/385/463 470/383/462 468/382/460
f 470/383/462 472/384/464 302/248/297
f 302/248/297 473/386/465 301/246/296
f 472/384/464 473/386/465 302/248/297
f 287/233/282 301/246/296 474/387/466
f 301/246/296 287/233/282 288/232/283
f 301/246/296 473/386/465 474/387/466
f 473/386/465 472/384/464 475/388/467
f 473/386/465 475/388/467 474/387/466
f 475/388/467 477/389/469 476/390/468
f 475/388/467 472/384/464 477/389/469
f 475/388/467 478/390/470 474/387/466
f 477/389/469 480/391/472 479/390/471
f 480/391/472 477/389/469 481/392/473
f 477/389/469 482/393/474 481/392/473
f 482/393/474 477/389/469 472/384/464
f 480/391/472 484/392/476 483/394/475
f 486/390/477 480/391/472 485/394/477
f 484/392/476 488/395/479 487/394/478
f 488/395/479 490/396/481 489/394/480
f 491/397/482 488/395/479 481/392/473
f 490/396/481 488/395/479 491/397/482
f 491/397/482 493/398/484 492/399/483
f 491/397/482 495/400/486 494/401/485
f 491/397/482 496/401/487 493/398/484
f 495/400/486 491/397/482 481/392/473
f 492/399/483 490/396/481 491/397/482
f 490/396/481 492/399/483 497/402/488
f 497/402/488 492/399/483 493/398/484
f 498/403/489 497/402/488 493/398/484
f 500/401/491 499/404/490 493/398/484
f 498/403/489 493/398/484 499/404/490
f 501/405/492 490/396/481 497/402/488
f 501/405/492 497/402/488 502/406/493
f 497/402/488 498/403/489 503/407/494
f 497/402/488 503/407/494 504/406/495
f 506/408/497 501/405/492 505/406/496
f 506/408/497 507/409/498 501/405/492
f 501/405/492 508/410/499 490/396/481
f 507/409/498 508/410/499 501/405/492
f 510/411/501 509/412/500 507/409/498
f 509/412/500 511/413/502 507/409/498
f 511/413/502 508/410/499 507/409/498
f 508/410/499 512/414/503 490/396/481
f 512/414/503 508/410/499 513/413/504
f 490/396/481 512/414/503 514/394/505
f 516/415/506 515/394/506 512/414/503
f 518/416/507 517/415/507 512/414/503
f 519/416/508 512/414/503 511/413/502
f 511/413/502 521/417/510 520/418/509
f 522/417/511 511/413/502 509/412/500
f 524/415/512 523/416/512 511/413/502
f 520/418/509 526/415/513 525/413/513
f 528/415/514 520/418/509 527/417/514
f 510/411/501 529/419/515 509/412/500
f 509/412/500 529/419/515 530/420/516
f 530/420/516 531/417/517 509/412/500
f 529/419/515 510/411/501 532/421/518
f 529/419/515 534/421/520 533/422/519
f 529/419/515 535/423/521 530/420/516
f 533/422/519 537/424/523 536/425/522
f 534/421/520 538/424/524 533/422/519
f 540/422/526 536/425/522 539/426/525
f 542/424/528 541/427/527 536/425/522
f 543/428/529 536/425/522 541/427/527
f 536/425/522 544/429/530 539/426/525
f 539/426/525 535/423/521 540/422/526
f 535/423/521 545/419/531 540/422/526
f 530/420/516 535/423/521 546/430/532
f 535/423/521 539/426/525 547/431/533
f 547/431/533 12/11/12 535/423/521
f 12/11/12 546/430/532 535/423/521
f 546/430/532 5/6/5 530/420/516
f 5/6/5 546/430/532 12/11/12
f 530/420/516 549/432/535 548/417/534
f 5/6/5 549/432/535 530/420/516
f 550/8/536 549/432/535 5/6/5
f 8/8/8 286/231/281 549/432/535
f 552/433/538 551/434/537 549/432/535
f 286/231/281 552/433/538 549/432/535
f 551/434/537 553/417/539 549/432/535
f 552/433/538 286/231/281 554/435/540
f 287/233/282 474/387/466 286/231/281
f 554/435/540 286/231/281 474/387/466
f 554/435/540 555/436/541 552/433/538
f 555/436/541 556/434/542 552/433/538
f 554/435/540 474/387/466 557/394/543
f 554/435/540 558/394/544 555/436/541
f 474/387/466 560/390/545 559/394/545
f 562/415/546 555/436/541 561/394/546
f 555/436/541 564/415/548 563/437/547
f 556/434/542 555/436/541 565/417/549
f 555/436/541 563/437/547 566/417/550
f 563/437/547 568/415/551 567/417/551
f 547/431/533 569/438/552 12/11/12
f 569/438/552 11/12/11 12/11/12
f 539/426/525 570/439/553 547/431/533
f 569/438/552 547/431/533 570/439/553
f 570/439/553 539/426/525 544/429/530
f 571/440/554 569/438/552 570/439/553
f 570/439/553 544/429/530 571/440/554
f 573/441/556 544/429/530 572/425/555
f 544/429/530 573/441/556 571/440/554
f 573/441/556 574/442/557 571/440/554
f 576/438/559 571/440/554 575/443/558
f 574/442/557 575/443/558 571/440/554
f 543/428/529 573/441/556 577/425/560
f 574/442/557 573/441/556 578/444/561
f 573/441/556 543/428/529 579/444/562
f 575/443/558 574/442/557 580/445/563
f 580/445/563 574/442/557 581/444/564
f 575/443/558 580/445/563 582/446/565
f 582/446/565 569/438/552 575/443/558
f 583/447/566 580/445/563 581/444/564
f 584/448/567 580/445/563 583/447/566
f 580/445/563 585/448/568 582/446/565
f 587/449/570 586/450/569 581/444/564
f 581/444/564 543/428/529 588/449/571
f 590/450/573 589/447/572 581/444/564
f 543/428/529 591/451/574 587/449/570
f 592/451/575 543/428/529 541/427/527
f 594/450/577 593/452/576 589/447/572
f 593/452/576 595/453/578 589/447/572
f 64/57/64 52/50/52 595/453/578
f 595/453/578 596/452/579 64/57/64
f 597/448/580 595/453/578 46/44/46
f 595/453/578 52/50/52 46/44/46
f 46/44/46 599/454/582 598/448/581
f 18/18/18 599/454/582 46/44/46
f 599/454/582 19/19/19 600/448/583
f 599/454/582 18/18/18 19/19/19
f 582/446/565 19/19/19 569/438/552
f 19/19/19 582/446/565 601/448/584
f 19/19/19 11/12/11 569/438/552
f 603/453/585 602/448/585 583/447/566
f 498/403/489 604/455/586 503/407/494
f 498/403/489 605/456/587 604/455/586
f 605/456/587 606/457/588 604/455/586
f 607/456/589 498/403/489 499/404/490
f 499/404/490 609/401/591 608/458/590
f 607/456/589 499/404/490 608/458/590
f 610/459/592 607/456/589 608/458/590
f 610/459/592 608/458/590 611/460/593
f 612/461/594 611/460/593 608/458/590
f 612/461/594 608/458/590 468/382/460
f 608/458/590 613/401/595 468/382/460
f 610/459/592 611/460/593 614/462/596
f 611/460/593 612/461/594 614/462/596
f 612/461/594 465/381/458 614/462/596
f 615/381/597 612/461/594 468/382/460
f 617/401/599 616/463/598 468/382/460
f 616/463/598 471/385/463 468/382/460
f 616/463/598 495/400/486 618/464/600
f 616/463/598 618/464/600 471/385/463
f 495/400/486 616/463/598 619/401/601
f 618/464/600 472/384/464 471/385/463
f 618/464/600 495/400/486 482/393/474
f 618/464/600 482/393/474 472/384/464
f 482/393/474 495/400/486 481/392/473
f 465/381/458 460/377/453 620/465/602
f 465/381/458 620/465/602 614/462/596
f 620/465/602 622/466/604 621/467/603
f 620/465/602 621/467/603 614/462/596
f 460/377/453 622/466/604 620/465/602
f 461/376/454 622/466/604 460/377/453
f 622/466/604 461/376/454 621/467/603
f 621/467/603 624/468/606 623/462/605
f 461/376/454 625/469/607 621/467/603
f 626/468/608 621/467/603 625/469/607
f 457/375/450 625/469/607 461/376/454
f 627/470/609 626/468/608 625/469/607
f 627/470/609 625/469/607 628/375/610
f 626/468/608 630/470/612 629/471/611
f 629/471/611 606/457/588 631/472/613
f 629/471/611 631/472/613 632/462/614
f 630/470/612 633/473/615 629/471/611
f 630/470/612 634/474/616 633/473/615
f 634/474/616 635/475/617 633/473/615
f 636/476/618 635/475/617 634/474/616
f 637/477/619 635/475/617 636/476/618
f 637/477/619 636/476/618 638/478/620
f 636/476/618 639/479/621 638/478/620
f 638/478/620 639/479/621 640/370/622
f 631/472/613 641/459/623 623/462/605
f 624/468/606 642/471/624 623/462/605
f 605/456/587 641/459/623 606/457/588
f 641/459/623 644/472/625 643/457/625
f 645/474/626 627/470/609 457/375/450
f 646/476/627 645/474/626 457/375/450
f 648/479/629 647/476/628 459/375/452
f 648/479/629 459/375/452 450/370/443
f 447/367/440 649/478/630 450/370/443
f 649/478/630 651/367/632 650/480/631
f 652/481/633 650/480/631 448/368/441
f 653/482/634 650/480/631 652/481/633
f 651/367/632 448/368/441 650/480/631
f 655/481/636 449/368/442 654/365/635
f 657/483/638 655/481/636 656/484/637
f 656/484/637 655/481/636 445/365/438
f 657/483/638 658/485/639 655/481/636
f 658/485/639 659/482/640 655/481/636
f 657/483/638 656/484/637 660/486/641
f 658/485/639 657/483/638 661/486/642
f 663/487/644 658/485/639 662/488/643
f 662/488/643 658/485/639 664/486/645
f 663/487/644 662/488/643 665/489/646
f 666/490/647 663/487/644 665/489/646
f 667/491/648 666/490/647 665/489/646
f 668/492/649 667/491/648 665/489/646
f 667/491/648 670/492/651 669/493/650
f 670/492/651 671/494/652 669/493/650
f 670/492/651 665/489/646 672/495/653
f 674/494/655 670/492/651 673/496/654
f 670/492/651 672/495/653 673/496/654
f 438/359/431 675/497/656 672/495/653
f 665/489/646 438/359/431 672/495/653
f 675/497/656 673/496/654 672/495/653
f 675/497/656 676/498/657 673/496/654
f 674/494/655 673/496/654 677/499/658
f 673/496/654 676/498/657 678/499/659
f 680/500/661 674/494/655 679/499/660
f 682/501/663 680/500/661 681/502/662
f 680/500/661 683/499/664 681/502/662
f 681/502/662 684/499/665 426/348/419
f 682/501/663 681/502/662 685/503/666
f 687/504/668 686/505/667 682/501/663
f 688/506/669 682/501/663 685/503/666
f 687/504/668 682/501/663 688/506/669
f 690/343/671 685/503/666 689/502/670
f 692/343/673 691/340/672 685/503/666
f 694/506/675 685/503/666 693/507/674
f 691/340/672 693/507/674 685/503/666
f 426/348/419 695/343/676 689/502/670
f 697/499/678 696/349/677 426/348/419
f 696/349/677 698/499/679 676/498/657
f 427/350/420 696/349/677 675/497/656
f 699/349/680 676/498/657 675/497/656
f 675/497/656 438/359/431 427/350/420
f 441/358/434 438/359/431 665/489/646
f 441/358/434 665/489/646 700/488/681
f 700/488/681 701/486/682 441/358/434
f 441/358/434 702/508/683 443/363/436
f 703/486/684 702/508/683 441/358/434
f 443/363/436 445/365/438 704/360/685
f 445/365/438 443/363/436 656/484/637
f 443/363/436 702/508/683 656/484/637
f 656/484/637 702/508/683 705/486/686
f 707/509/688 693/507/674 706/510/687
f 709/511/690 708/512/689 706/510/687
f 708/512/689 707/509/688 706/510/687
f 708/512/689 710/513/691 707/509/688
f 710/513/691 688/506/669 707/509/688
f 712/514/693 711/515/692 708/512/689
f 708/512/689 713/511/694 712/514/693
f 711/515/692 710/513/691 708/512/689
f 710/513/691 711/515/692 714/516/695
f 710/513/691 687/504/668 688/506/669
f 687/504/668 710/513/691 715/516/696
f 711/515/692 712/514/693 716/517/697
f 718/517/699 717/518/698 711/515/692
f 719/518/700 714/516/695 711/515/692
f 721/519/702 720/520/701 716/517/697
f 720/520/701 722/521/703 718/517/699
f 724/522/705 723/523/704 712/514/693
f 723/523/704 725/517/706 712/514/693
f 713/511/694 724/522/705 712/514/693
f 723/523/704 726/519/707 725/517/706
f 728/500/709 727/505/708 671/494/652
f 727/505/708 728/500/709 729/501/710
f 347/282/341 354/277/347 352/285/345
f 432/354/425 357/289/350 730/524/711
f 357/289/350 363/294/356 730/524/711
f 730/524/711 396/323/389 432/354/425
f 730/524/711 363/294/356 385/313/378
f 396/323/389 730/524/711 385/313/378
f 731/525/712 431/353/424 432/354/425
f 396/323/389 731/525/712 432/354/425
f 397/324/390 732/526/713 396/323/389
f 732/526/713 731/525/712 396/323/389
f 731/525/712 732/526/713 431/353/424
f 732/526/713 422/346/415 431/353/424
f 733/527/714 732/526/713 397/324/390
f 422/346/415 732/526/713 733/527/714
f 733/527/714 397/324/390 394/322/387
f 414/337/407 413/336/406 733/527/714
f 413/336/406 422/346/415 733/527/714
f 414/337/407 733/527/714 394/322/387
f 404/327/397 414/337/407 394/322/387
f 734/321/715 404/327/397 394/322/387
f 363/294/356 735/312/716 385/313/378
f 386/312/379 363/294/356 362/292/355
f 736/528/717 399/325/392 390/318/383
f 737/529/718 736/528/717 390/318/383
f 391/317/384 738/530/719 390/318/383
f 738/530/719 737/529/718 390/318/383
f 391/317/384 739/531/720 738/530/719
f 391/317/384 389/316/382 739/531/720
f 741/532/722 740/533/721 739/531/720
f 389/316/382 741/532/722 739/531/720
f 740/533/721 742/534/723 739/531/720
f 389/316/382 743/535/724 741/532/722
f 381/308/374 743/535/724 389/316/382
f 743/535/724 744/536/725 741/532/722
f 740/533/721 741/532/722 744/536/725
f 381/308/374 745/537/726 743/535/724
f 743/535/724 746/538/727 744/536/725
f 745/537/726 746/538/727 743/535/724
f 745/537/726 381/308/374 377/304/370
f 745/537/726 748/539/729 747/540/728
f 748/539/729 745/537/726 377/304/370
f 746/538/727 745/537/726 747/540/728
f 749/541/730 746/538/727 747/540/728
f 746/538/727 750/542/731 744/536/725
f 750/542/731 746/538/727 749/541/730
f 751/543/732 740/533/721 744/536/725
f 744/536/725 750/542/731 751/543/732
f 752/544/733 750/542/731 749/541/730
f 750/542/731 752/544/733 753/545/734
f 750/542/731 753/545/734 751/543/732
f 740/533/721 751/543/732 754/546/735
f 751/543/732 755/547/736 754/546/735
f 755/547/736 751/543/732 753/545/734
f 742/534/723 740/533/721 756/548/737
f 740/533/721 754/546/735 756/548/737
f 758/549/739 757/550/738 754/546/735
f 754/546/735 755/547/736 758/549/739
f 759/550/740 756/548/737 754/546/735
f 755/547/736 761/551/742 760/552/741
f 761/551/742 755/547/736 753/545/734
f 755/547/736 760/552/741 758/549/739
f 763/550/743 758/549/739 762/553/743
f 758/549/739 760/552/741 764/554/744
f 758/549/739 766/554/746 765/553/745
f 760/552/741 767/555/747 764/554/744
f 767/555/747 760/552/741 761/551/742
f 769/554/749 767/555/747 768/556/748
f 296/241/291 767/555/747 761/551/742
f 296/241/291 770/557/750 767/555/747
f 770/557/750 768/556/748 767/555/747
f 766/554/746 768/556/748 771/558/751
f 770/557/750 772/559/752 768/556/748
f 768/556/748 774/560/754 773/558/753
f 772/559/752 774/560/754 768/556/748
f 765/553/745 766/554/746 771/558/751
f 775/561/755 772/559/752 770/557/750
f 776/562/756 770/557/750 297/242/292
f 296/241/291 297/242/292 770/557/750
f 776/562/756 775/561/755 770/557/750
f 761/551/742 298/243/293 296/241/291
f 305/251/300 298/243/293 761/551/742
f 753/545/734 305/251/300 761/551/742
f 305/251/300 752/544/733 306/250/301
f 752/544/733 305/251/300 753/545/734
f 752/544/733 777/563/757 306/250/301
f 306/250/301 777/563/757 778/252/102
f 752/544/733 749/541/730 777/563/757
f 779/252/102 777/563/757 321/262/315
f 749/541/730 780/564/758 777/563/757
f 777/563/757 780/564/758 321/262/315
f 781/565/759 749/541/730 747/540/728
f 749/541/730 781/565/759 780/564/758
f 780/564/758 781/565/759 782/262/102
f 784/261/761 781/565/759 783/566/760
f 747/540/728 783/566/760 781/565/759
f 781/565/759 785/261/102 321/262/315
f 747/540/728 786/567/762 783/566/760
f 748/539/729 786/567/762 747/540/728
f 788/568/764 787/569/763 786/567/762
f 786/567/762 748/539/729 788/568/764
f 786/567/762 787/569/763 783/566/760
f 788/568/764 748/539/729 379/305/372
f 378/306/371 748/539/729 377/304/370
f 748/539/729 378/306/371 379/305/372
f 788/568/764 371/298/364 787/569/763
f 788/568/764 379/305/372 371/298/364
f 783/566/760 787/569/763 369/297/362
f 787/569/763 371/298/364 369/297/362
f 789/264/765 317/260/311 369/297/362
f 783/566/760 369/297/362 317/260/311
f 790/261/766 783/566/760 317/260/311
f 791/570/767 776/562/756 291/236/286
f 791/570/767 792/571/768 776/562/756
f 776/562/756 297/242/292 291/236/286
f 792/571/768 775/561/755 776/562/756
f 791/570/767 291/236/286 276/222/271
f 793/572/769 791/570/767 276/222/271
f 793/572/769 794/573/770 791/570/767
f 794/573/770 792/571/768 791/570/767
f 793/572/769 276/222/271 795/574/771
f 272/221/267 796/574/772 276/222/271
f 797/575/773 793/572/769 795/574/771
f 794/573/770 793/572/769 797/575/773
f 799/576/775 797/575/773 798/577/774
f 796/574/772 800/578/776 797/575/773
f 802/578/778 801/579/777 797/575/773
f 803/580/779 798/577/774 797/575/773
f 804/581/780 799/576/775 798/577/774
f 806/580/781 805/582/781 798/577/774
f 807/582/782 804/581/780 798/577/774
f 808/583/783 799/576/775 804/581/780
f 810/582/784 809/583/784 804/581/780
f 812/584/786 811/576/785 808/583/783
f 813/573/787 811/576/785 812/584/786
f 811/576/785 813/573/787 814/575/788
f 801/579/777 803/580/779 815/575/789
f 800/578/776 796/574/772 816/585/790
f 816/585/790 796/574/772 272/221/267
f 817/586/791 816/585/790 272/221/267
f 818/220/792 817/586/791 272/221/267
f 818/220/792 820/215/794 819/218/793
f 821/587/795 818/220/792 819/218/793
f 821/587/795 819/218/793 822/588/796
f 819/218/793 823/589/797 822/588/796
f 25/25/25 258/209/253 27/27/27
f 257/210/252 258/209/253 220/186/217
f 258/209/253 25/25/25 220/186/217
f 824/32/798 212/179/209 25/25/25
f 212/179/209 220/186/217 25/25/25
f 248/204/243 257/210/252 220/186/217
f 268/218/263 269/217/264 825/589/799
f 253/207/248 825/589/799 269/217/264
f 825/589/799 827/207/801 826/588/800
f 827/207/801 828/590/802 826/588/800
f 249/203/244 827/207/801 829/202/803
f 828/590/802 827/207/801 249/203/244
f 830/591/804 217/182/214 214/181/211
f 206/175/203 831/592/805 214/181/211
f 831/592/805 832/593/806 214/181/211
f 830/591/804 214/181/211 832/593/806
f 833/594/807 830/591/804 832/593/806
f 834/595/808 832/593/806 831/592/805
f 833/594/807 832/593/806 835/596/809
f 832/593/806 837/595/811 836/596/810
f 838/597/812 836/596/810 837/595/811
f 837/595/811 840/598/814 839/597/813
f 840/598/814 841/599/815 839/597/813
f 842/600/816 201/171/198 840/598/814
f 841/599/815 840/598/814 843/601/817
f 201/171/198 843/601/817 840/598/814
f 842/600/816 840/598/814 844/595/818
f 845/602/819 841/599/815 843/601/817
f 843/601/817 846/603/820 845/602/819
f 201/171/198 203/172/200 843/601/817
f 203/172/200 846/603/820 843/601/817
f 201/171/198 842/600/816 202/170/199
f 831/592/805 842/600/816 844/595/818
f 842/600/816 831/592/805 202/170/199
f 831/592/805 206/175/203 202/170/199
f 847/604/821 203/172/200 199/169/196
f 846/603/820 203/172/200 847/604/821
f 848/605/822 199/169/196 193/165/190
f 847/604/821 199/169/196 848/605/822
f 847/604/821 850/606/824 849/607/823
f 849/607/823 846/603/820 847/604/821
f 850/606/824 847/604/821 848/605/822
f 848/605/822 851/608/825 850/606/824
f 851/608/825 848/605/822 852/609/826
f 848/605/822 193/165/190 852/609/826
f 189/163/187 852/609/826 193/165/190
f 193/165/190 853/164/827 189/163/187
f 852/609/826 189/163/187 190/162/188
f 855/610/829 854/611/828 852/609/826
f 855/610/829 852/609/826 190/162/188
f 854/611/828 851/608/825 852/609/826
f 857/164/102 856/94/102 189/163/187
f 855/610/829 858/612/830 854/611/828
f 860/613/832 854/611/828 859/614/831
f 851/608/825 854/611/828 861/615/833
f 854/611/828 858/612/830 859/614/831
f 854/611/828 860/613/832 861/615/833
f 858/612/830 855/610/829 862/616/834
f 862/616/834 855/610/829 190/162/188
f 858/612/830 862/616/834 863/617/835
f 859/614/831 858/612/830 863/617/835
f 864/618/836 859/614/831 863/617/835
f 860/613/832 859/614/831 864/618/836
f 861/615/833 860/613/832 864/618/836
f 865/619/837 861/615/833 864/618/836
f 861/615/833 865/619/837 866/620/838
f 851/608/825 861/615/833 866/620/838
f 851/608/825 866/620/838 850/606/824
f 868/621/840 866/620/838 867/622/839
f 850/606/824 866/620/838 869/623/841
f 866/620/838 865/619/837 867/622/839
f 866/620/838 868/621/840 870/623/842
f 850/606/824 870/623/842 849/607/823
f 872/624/844 870/623/842 871/625/843
f 872/624/844 873/626/845 870/623/842
f 870/623/842 868/621/840 871/625/843
f 873/626/845 849/607/823 870/623/842
f 871/625/843 868/621/840 874/627/846
f 868/621/840 867/622/839 874/627/846
f 871/625/843 875/628/847 872/624/844
f 875/628/847 871/625/843 876/629/848
f 871/625/843 874/627/846 876/629/848
f 872/624/844 877/630/849 873/626/845
f 878/630/850 872/624/844 875/628/847
f 879/631/851 846/603/820 873/626/845
f 846/603/820 849/607/823 873/626/845
f 846/603/820 879/631/851 845/602/819
f 876/629/848 880/632/852 875/628/847
f 882/633/854 875/628/847 881/634/853
f 880/632/852 883/635/855 875/628/847
f 882/633/854 884/630/856 875/628/847
f 883/635/855 881/634/853 875/628/847
f 885/636/857 883/635/855 880/632/852
f 886/637/858 885/636/857 880/632/852
f 876/629/848 887/638/859 880/632/852
f 887/638/859 886/637/858 880/632/852
f 887/638/859 888/639/860 886/637/858
f 890/636/862 886/637/858 889/640/861
f 888/639/860 891/640/863 886/637/858
f 893/640/865 888/639/860 892/641/864
f 892/641/864 888/639/860 894/642/866
f 895/643/867 888/639/860 887/638/859
f 888/639/860 896/643/868 894/642/866
f 892/641/864 894/642/866 897/644/869
f 898/645/870 892/641/864 897/644/869
f 892/641/864 898/645/870 899/640/871
f 894/642/866 901/643/873 900/646/872
f 900/646/872 902/647/874 894/642/866
f 902/647/874 897/644/869 894/642/866
f 904/648/876 900/646/872 903/649/875
f 904/648/876 905/650/877 900/646/872
f 900/646/872 906/643/878 903/649/875
f 905/650/877 902/647/874 900/646/872
f 908/651/880 907/652/879 902/647/874
f 905/650/877 908/651/880 902/647/874
f 897/644/869 902/647/874 907/652/879
f 904/648/876 909/653/881 905/650/877
f 905/650/877 910/654/882 908/651/880
f 910/654/882 905/650/877 909/653/881
f 909/653/881 904/648/876 903/649/875
f 911/655/883 909/653/881 903/649/875
f 909/653/881 911/655/883 171/147/169
f 171/147/169 910/654/882 909/653/881
f 913/656/885 910/654/882 912/657/884
f 908/651/880 910/654/882 914/658/886
f 910/654/882 171/147/169 912/657/884
f 910/654/882 913/656/885 914/658/886
f 907/652/879 908/651/880 914/658/886
f 914/658/886 913/656/885 915/659/887
f 916/660/888 907/652/879 914/658/886
f 916/660/888 914/658/886 915/659/887
f 913/656/885 912/657/884 917/661/889
f 913/656/885 917/661/889 915/659/887
f 912/657/884 170/146/168 166/142/164
f 912/657/884 166/142/164 917/661/889
f 171/147/169 170/146/168 912/657/884
f 911/655/883 177/153/175 171/147/169
f 918/662/890 176/151/174 177/153/175
f 911/655/883 919/663/891 177/153/175
f 919/663/891 918/662/890 177/153/175
f 921/664/893 176/151/174 920/665/892
f 175/152/173 176/151/174 921/664/893
f 176/151/174 918/662/890 920/665/892
f 918/662/890 919/663/891 920/665/892
f 920/665/892 919/663/891 874/627/846
f 874/627/846 867/622/839 920/665/892
f 867/622/839 922/666/894 920/665/892
f 921/664/893 920/665/892 922/666/894
f 182/158/180 175/152/173 921/664/893
f 921/664/893 923/667/895 182/158/180
f 923/667/895 921/664/893 922/666/894
f 922/666/894 867/622/839 865/619/837
f 923/667/895 922/666/894 865/619/837
f 924/668/896 923/667/895 864/618/836
f 864/618/836 923/667/895 865/619/837
f 923/667/895 924/668/896 182/158/180
f 184/160/182 182/158/180 863/617/835
f 182/158/180 924/668/896 863/617/835
f 863/617/835 924/668/896 864/618/836
f 863/617/835 862/616/834 184/160/182
f 184/160/182 190/162/188 925/159/897
f 862/616/834 190/162/188 184/160/182
f 919/663/891 876/629/848 874/627/846
f 876/629/848 919/663/891 887/638/859
f 911/655/883 903/649/875 919/663/891
f 903/649/875 887/638/859 919/663/891
f 903/649/875 926/643/898 887/638/859
f 917/661/889 166/142/164 927/138/899
f 166/142/164 167/139/165 928/138/900
f 915/659/887 917/661/889 929/669/901
f 917/661/889 930/138/902 929/669/901
f 932/670/904 929/669/901 931/138/903
f 934/671/906 932/670/904 933/672/905
f 936/673/908 932/670/904 935/671/907
f 933/672/905 932/670/904 937/138/909
f 939/669/911 932/670/904 938/673/910
f 933/672/905 940/138/912 158/136/156
f 941/671/913 933/672/905 158/136/156
f 159/137/157 942/674/914 158/136/156
f 942/674/914 943/671/915 158/136/156
f 942/674/914 159/137/157 944/675/916
f 942/674/914 946/676/918 945/671/917
f 946/676/918 942/674/914 947/677/919
f 942/674/914 944/675/916 948/677/920
f 944/675/916 159/137/157 949/678/921
f 159/137/157 145/124/143 949/678/921
f 944/675/916 949/678/921 950/679/922
f 952/680/924 949/678/921 951/115/923
f 954/678/925 953/122/925 951/115/923
f 955/121/926 952/680/924 951/115/923
f 950/679/922 957/681/928 956/675/927
f 957/681/928 947/677/919 956/675/927
f 958/682/929 947/677/919 957/681/928
f 959/683/930 958/682/929 957/681/928
f 961/678/931 145/124/143 960/122/931
f 946/676/918 948/677/920 962/682/932
f 964/684/934 963/685/933 962/682/932
f 965/685/935 946/676/918 962/682/932
f 967/683/937 966/686/936 962/682/932
f 966/686/936 964/684/934 962/682/932
f 946/676/918 969/685/939 968/687/938
f 946/676/918 968/687/938 970/671/940
f 971/671/941 968/687/938 936/673/908
f 968/687/938 972/688/942 936/673/908
f 973/685/943 972/688/942 968/687/938
f 936/673/908 975/689/945 974/690/944
f 972/688/942 976/691/946 936/673/908
f 936/673/908 974/690/944 977/692/947
f 976/691/946 975/689/945 936/673/908
f 976/691/946 972/688/942 978/685/948
f 964/684/934 976/691/946 979/685/949
f 980/691/950 964/684/934 966/686/936
f 982/693/952 981/689/951 966/686/936
f 981/689/951 980/691/950 966/686/936
f 983/690/953 981/689/951 982/693/952
f 984/694/954 974/690/944 982/693/952
f 984/694/954 985/695/955 974/690/944
f 987/696/957 986/697/956 974/690/944
f 974/690/944 986/697/956 977/692/947
f 985/695/955 988/696/958 974/690/944
f 987/696/957 985/695/955 989/698/959
f 990/699/960 987/696/957 989/698/959
f 986/697/956 987/696/957 991/699/961
f 993/700/963 990/699/960 992/701/962
f 995/702/964 993/700/963 994/701/964
f 977/692/947 986/697/956 996/703/965
f 997/704/966 986/697/956 991/699/961
f 986/697/956 997/704/966 996/703/965
f 999/700/968 998/705/967 991/699/961
f 991/699/961 998/705/967 997/704/966
f 996/703/965 997/704/966 1000/706/969
f 998/705/967 1000/706/969 997/704/966
f 1000/706/969 1001/707/970 996/703/965
f 996/703/965 915/659/887 977/692/947
f 1002/707/971 915/659/887 996/703/965
f 1002/707/971 1000/706/969 998/705/967
f 998/705/967 1003/708/972 1002/707/971
f 1004/709/973 1003/708/972 998/705/967
f 1004/709/973 998/705/967 999/700/968
f 1005/702/974 1004/709/973 999/700/968
f 1006/710/975 1004/709/973 1005/702/974
f 1008/711/977 1005/702/974 1007/701/976
f 1010/712/979 1009/710/978 1005/702/974
f 1010/712/979 1005/702/974 1008/711/977
f 1011/713/980 1010/712/979 1008/711/977
f 1008/711/977 1012/714/981 1011/713/980
f 1013/715/982 1010/712/979 1011/713/980
f 1015/714/984 1014/716/983 1011/713/980
f 1011/713/980 1014/716/983 1016/717/985
f 1016/717/985 1013/715/982 1011/713/980
f 1013/715/982 1018/718/987 1017/719/986
f 1018/718/987 1013/715/982 1016/717/985
f 1019/720/988 1018/718/987 1016/717/985
f 1014/716/983 1020/721/989 1016/717/985
f 1021/720/990 1016/717/985 1020/721/989
f 1014/716/983 1022/722/991 1020/721/989
f 1024/723/993 1020/721/989 1023/724/992
f 1024/723/993 1021/720/990 1020/721/989
f 1020/721/989 1025/722/994 1023/724/992
f 1022/722/991 1027/725/995 1026/726/995
f 1023/724/992 1025/722/994 1028/726/996
f 1030/722/998 1014/716/983 1029/727/997
f 1014/716/983 1015/714/984 1031/727/999
f 1033/728/1000 1032/725/1000 1030/722/998
f 1017/719/986 1009/710/978 1034/712/1001
f 1009/710/978 1017/719/986 1035/729/1002
f 1036/709/1003 1009/710/978 1003/708/972
f 1037/730/1004 1009/710/978 1035/729/1002
f 1009/710/978 1038/730/1005 1003/708/972
f 916/660/888 1039/707/1006 1003/708/972
f 1003/708/972 1040/730/1007 916/660/888
f 1039/707/1006 916/660/888 915/659/887
f 1040/730/1007 1041/731/1008 916/660/888
f 916/660/888 1041/731/1008 907/652/879
f 1040/730/1007 1042/729/1009 1041/731/1008
f 1041/731/1008 1044/732/1011 1043/733/1010
f 1041/731/1008 1042/729/1009 1044/732/1011
f 1041/731/1008 1043/733/1010 907/652/879
f 1043/733/1010 897/644/869 907/652/879
f 1045/734/1012 897/644/869 1043/733/1010
f 1045/734/1012 1043/733/1010 1046/735/1013
f 1043/733/1010 1044/732/1011 1046/735/1013
f 1042/729/1009 1047/736/1014 1044/732/1011
f 1046/735/1013 1044/732/1011 1048/736/1015
f 1049/737/1016 1046/735/1013 1048/736/1015
f 1046/735/1013 1050/738/1017 1045/734/1012
f 1050/738/1017 1046/735/1013 1049/737/1016
f 897/644/869 1045/734/1012 898/645/870
f 1050/738/1017 898/645/870 1045/734/1012
f 898/645/870 1050/738/1017 1051/739/1018
f 1052/740/1019 1050/738/1017 1049/737/1016
f 898/645/870 1051/739/1018 1053/640/1020
f 1051/739/1018 1054/738/1021 890/636/862
f 1051/739/1018 890/636/862 1055/640/1022
f 1054/738/1021 1052/740/1019 890/636/862
f 915/659/887 939/669/911 977/692/947
f 977/692/947 939/669/911 1056/673/1023
f 167/139/165 155/135/153 156/134/154
f 1057/741/1024 167/139/165 163/141/161
f 1057/741/1024 154/133/152 155/135/153
f 155/135/153 1059/139/1025 1058/741/1025
f 147/127/145 1057/741/1024 111/97/109
f 154/133/152 1057/741/1024 147/127/145
f 1057/741/1024 163/141/161 111/97/109
f 153/132/151 154/133/152 147/127/145
f 1061/121/1027 139/120/137 1060/742/1026
f 1060/742/1026 139/120/137 137/119/135
f 1062/743/1028 1061/121/1027 1060/742/1026
f 1064/680/1030 1061/121/1027 1063/679/1029
f 1061/121/1027 1062/743/1028 1063/679/1029
f 1065/678/1031 1064/680/1030 1063/679/1029
f 136/118/134 1067/744/1033 1066/745/1032
f 1068/106/1034 1067/744/1033 136/118/134
f 1066/745/1032 75/66/75 72/65/72
f 1069/109/1035 75/66/75 1066/745/1032
f 1071/744/1036 1069/109/1035 1070/745/1036
f 1069/109/1035 1067/744/1033 1072/106/1037
f 128/112/126 1072/106/1037 1073/118/1038
f 124/109/122 123/108/121 1074/746/1039
f 122/107/120 1074/746/1039 123/108/121
f 74/66/74 124/109/122 1074/746/1039
f 73/67/73 74/66/74 1074/746/1039
f 73/67/73 1074/746/1039 77/69/77
f 77/69/77 1074/746/1039 116/102/114
f 1074/746/1039 122/107/120 116/102/114
f 122/107/120 1075/103/1040 116/102/114
f 1076/747/1041 86/76/86 116/102/114
f 97/85/97 1076/747/1041 116/102/114
f 86/76/86 77/69/77 116/102/114
f 86/76/86 1076/747/1041 85/77/85
f 87/78/87 1076/747/1041 97/85/97
f 1076/747/1041 87/78/87 85/77/85
f 1079/509/1042 1078/506/1042 1077/507/1042
f 1082/198/1043 1081/195/1043 1080/196/1043
f 1085/727/1044 1084/728/1044 1083/722/1044
f 1088/715/1045 1087/719/1045 1086/712/1045
f 1091/505/1046 1090/493/1046 1089/494/1046
f 1094/521/1047 1093/518/1047 1092/517/1047
f 1097/699/1048 1096/698/1048 1095/701/1048
f 1100/1/1051 1099/2/1050 1098/3/1049
f 1099/2/1050 1100/1/1051 1101/4/1052
f 1103/5/1054 1100/1/1051 1102/6/1053
f 1100/1/1051 1103/5/1054 1101/4/1052
f 1105/8/1056 1100/1/1051 1104/7/1055
f 1100/1/1051 1105/8/1056 1102/6/1053
f 1100/1/1051 1098/3/1049 1104/7/1055
f 1101/4/1052 1106/9/1057 1099/2/1050
f 1106/9/1057 1101/4/1052 1107/10/1058
f 1101/4/1052 1103/5/1054 1107/10/1058
f 1109/11/1060 1108/12/1059 1103/5/1054
f 1103/5/1054 1102/6/1053 1109/11/1060
f 1108/12/1059 1107/10/1058 1103/5/1054
f 1107/10/1058 1108/12/1059 1110/13/1061
f 1106/9/1057 1107/10/1058 1111/14/1062
f 1107/10/1058 1110/13/1061 1111/14/1062
f 1113/15/1064 1106/9/1057 1112/16/1063
f 1106/9/1057 1113/15/1064 1099/2/1050
f 1106/9/1057 1111/14/1062 1114/16/1065
f 1111/14/1062 1116/17/1067 1115/16/1066
f 1116/17/1067 1111/14/1062 1110/13/1061
f 1116/17/1067 1118/20/1069 1117/16/1068
f 1110/13/1061 1119/18/1070 1116/17/1067
f 1121/21/1072 1120/22/1071 1116/17/1067
f 1116/17/1067 1119/18/1070 1121/21/1072
f 1120/22/1071 1118/20/1069 1116/17/1067
f 1123/23/1074 1122/24/1073 1118/20/1069
f 1118/20/1069 1120/22/1071 1123/23/1074
f 1122/24/1073 1124/16/1075 1118/20/1069
f 1123/23/1074 1125/25/1076 1122/24/1073
f 1123/23/1074 1126/29/1077 1125/25/1076
f 1120/22/1071 1126/29/1077 1123/23/1074
f 1128/30/1079 1127/31/1078 1126/29/1077
f 1129/32/1080 1126/29/1077 1127/31/1078
f 1126/29/1077 1129/32/1080 1125/25/1076
f 1120/22/1071 1128/30/1079 1126/29/1077
f 1131/33/1082 1130/34/1081 1128/30/1079
f 1128/30/1079 1132/35/1083 1127/31/1078
f 1130/34/1081 1132/35/1083 1128/30/1079
f 1131/33/1082 1128/30/1079 1120/22/1071
f 1131/33/1082 1134/36/1085 1133/37/1084
f 1134/36/1085 1131/33/1082 1120/22/1071
f 1130/34/1081 1131/33/1082 1133/37/1084
f 1120/22/1071 1121/21/1072 1134/36/1085
f 1136/38/1087 1135/39/1086 1134/36/1085
f 1135/39/1086 1133/37/1084 1134/36/1085
f 1121/21/1072 1137/40/1088 1134/36/1085
f 1137/40/1088 1136/38/1087 1134/36/1085
f 1135/39/1086 1138/41/1089 1133/37/1084
f 1135/39/1086 1139/42/1090 1138/41/1089
f 1139/42/1090 1135/39/1086 1136/38/1087
f 1140/43/1091 1139/42/1090 1136/38/1087
f 1140/43/1091 1136/38/1087 1137/40/1088
f 1142/44/1093 1141/45/1092 1137/40/1088
f 1137/40/1088 1119/18/1070 1142/44/1093
f 1141/45/1092 1140/43/1091 1137/40/1088
f 1119/18/1070 1137/40/1088 1143/21/1094
f 1139/42/1090 1140/43/1091 1141/45/1092
f 1144/46/1095 1138/41/1089 1139/42/1090
f 1139/42/1090 1145/47/1096 1144/46/1095
f 1145/47/1096 1139/42/1090 1141/45/1092
f 1144/46/1095 1145/47/1096 1141/45/1092
f 1147/48/1098 1146/49/1097 1141/45/1092
f 1147/48/1098 1141/45/1092 1148/50/1099
f 1141/45/1092 1142/44/1093 1148/50/1099
f 1146/49/1097 1144/46/1095 1149/45/1100
f 1144/46/1095 1146/49/1097 1150/48/1101
f 1144/46/1095 1151/51/1102 1138/41/1089
f 1152/52/1103 1151/51/1102 1144/46/1095
f 1152/52/1103 1144/46/1095 1147/48/1098
f 1151/51/1102 1153/53/1104 1138/41/1089
f 1155/54/1106 1151/51/1102 1154/48/1105
f 1156/53/1107 1151/51/1102 1155/54/1106
f 1151/51/1102 1152/52/1103 1147/48/1098
f 1155/54/1106 1147/48/1098 1157/55/1108
f 1155/54/1106 1157/55/1108 1158/56/1109
f 1160/56/1110 1159/53/1110 1155/54/1106
f 1161/57/1111 1157/55/1108 1148/50/1099
f 1147/48/1098 1148/50/1099 1157/55/1108
f 1157/55/1108 1163/58/1113 1162/56/1112
f 1161/57/1111 1148/50/1099 1164/453/1114
f 1164/453/1114 1148/50/1099 1142/44/1093
f 1164/453/1114 1165/452/1115 1161/57/1111
f 1166/448/1116 1164/453/1114 1142/44/1093
f 1168/452/1118 1164/453/1114 1167/447/1117
f 1142/44/1093 1169/454/1119 1166/448/1116
f 1119/18/1070 1169/454/1119 1142/44/1093
f 1169/454/1119 1170/19/1120 1166/448/1116
f 1169/454/1119 1119/18/1070 1170/19/1120
f 1119/18/1070 1110/13/1061 1170/19/1120
f 1172/446/1122 1170/19/1120 1171/438/1121
f 1170/19/1120 1172/446/1122 1166/448/1116
f 1170/19/1120 1108/12/1059 1171/438/1121
f 1108/12/1059 1170/19/1120 1110/13/1061
f 1174/443/1124 1173/445/1123 1172/446/1122
f 1172/446/1122 1171/438/1121 1174/443/1124
f 1173/445/1123 1166/448/1116 1172/446/1122
f 1174/443/1124 1175/442/1125 1173/445/1123
f 1177/447/1127 1173/445/1123 1176/444/1126
f 1173/445/1123 1175/442/1125 1176/444/1126
f 1166/448/1116 1173/445/1123 1177/447/1127
f 1179/438/1129 1178/440/1128 1174/443/1124
f 1175/442/1125 1174/443/1124 1178/440/1128
f 1175/442/1125 1181/441/1131 1180/444/1130
f 1181/441/1131 1175/442/1125 1178/440/1128
f 1178/440/1128 1171/438/1121 1182/439/1132
f 1182/439/1132 1183/429/1133 1178/440/1128
f 1183/429/1133 1181/441/1131 1178/440/1128
f 1185/428/1135 1181/441/1131 1184/425/1134
f 1181/441/1131 1183/429/1133 1186/425/1136
f 1181/441/1131 1185/428/1135 1187/444/1137
f 1182/439/1132 1188/426/1138 1183/429/1133
f 1189/425/1139 1183/429/1133 1188/426/1138
f 1190/422/1140 1189/425/1139 1188/426/1138
f 1188/426/1138 1191/423/1141 1190/422/1140
f 1191/423/1141 1188/426/1138 1192/431/1142
f 1188/426/1138 1182/439/1132 1192/431/1142
f 1194/422/1144 1193/424/1143 1189/425/1139
f 1193/424/1143 1195/427/1145 1189/425/1139
f 1185/428/1135 1189/425/1139 1195/427/1145
f 1196/421/1146 1193/424/1143 1194/422/1144
f 1197/419/1147 1196/421/1146 1194/422/1144
f 1199/411/1149 1197/419/1147 1198/412/1148
f 1197/419/1147 1199/411/1149 1200/421/1150
f 1198/412/1148 1197/419/1147 1201/420/1151
f 1197/419/1147 1191/423/1141 1201/420/1151
f 1199/411/1149 1198/412/1148 1202/409/1152
f 1201/420/1151 1203/417/1153 1198/412/1148
f 1198/412/1148 1204/413/1154 1202/409/1152
f 1205/417/1155 1204/413/1154 1198/412/1148
f 1207/408/1157 1202/409/1152 1206/405/1156
f 1204/413/1154 1208/410/1158 1202/409/1152
f 1202/409/1152 1208/410/1158 1206/405/1156
f 1204/413/1154 1210/417/1160 1209/418/1159
f 1212/416/1162 1211/414/1161 1204/413/1154
f 1213/415/1163 1212/416/1162 1204/413/1154
f 1209/418/1159 1213/415/1163 1214/413/1164
f 1213/415/1163 1209/418/1159 1215/417/1165
f 1213/415/1163 1217/436/1167 1216/394/1166
f 1213/415/1163 1218/394/1168 1211/414/1161
f 1217/436/1167 1213/415/1163 1219/437/1169
f 1212/416/1162 1213/415/1163 1211/414/1161
f 1219/437/1169 1213/415/1163 1220/417/1170
f 1217/436/1167 1219/437/1169 1221/417/1171
f 1223/435/1173 1222/394/1172 1217/436/1167
f 1223/435/1173 1217/436/1167 1224/433/1174
f 1226/434/1176 1217/436/1167 1225/417/1175
f 1217/436/1167 1226/434/1176 1224/433/1174
f 1224/433/1174 1227/231/1177 1223/435/1173
f 1223/435/1173 1229/387/1179 1228/394/1178
f 1223/435/1173 1227/231/1177 1229/387/1179
f 1224/433/1174 1231/434/1181 1230/432/1180
f 1227/231/1177 1224/433/1174 1230/432/1180
f 1201/420/1151 1230/432/1180 1232/417/1182
f 1105/8/1056 1227/231/1177 1230/432/1180
f 1233/8/1183 1230/432/1180 1102/6/1053
f 1102/6/1053 1230/432/1180 1201/420/1151
f 1231/434/1181 1234/417/1184 1230/432/1180
f 1201/420/1151 1191/423/1141 1235/430/1185
f 1235/430/1185 1102/6/1053 1201/420/1151
f 1102/6/1053 1235/430/1185 1109/11/1060
f 1109/11/1060 1235/430/1185 1191/423/1141
f 1192/431/1142 1109/11/1060 1191/423/1141
f 1191/423/1141 1236/419/1186 1190/422/1140
f 1192/431/1142 1171/438/1121 1109/11/1060
f 1171/438/1121 1108/12/1059 1109/11/1060
f 1171/438/1121 1192/431/1142 1182/439/1132
f 1104/7/1055 1227/231/1177 1105/8/1056
f 1237/233/1187 1229/387/1179 1227/231/1177
f 1237/233/1187 1227/231/1177 1104/7/1055
f 1239/230/1189 1104/7/1055 1238/229/1188
f 1240/232/1190 1237/233/1187 1104/7/1055
f 1104/7/1055 1098/3/1049 1238/229/1188
f 1104/7/1055 1239/230/1189 1240/232/1190
f 1237/233/1187 1241/246/1191 1229/387/1179
f 1241/246/1191 1237/233/1187 1240/232/1190
f 1242/239/1192 1241/246/1191 1240/232/1190
f 1239/230/1189 1243/235/1193 1240/232/1190
f 1242/239/1192 1240/232/1190 1243/235/1193
f 1245/234/1195 1239/230/1189 1244/227/1194
f 1243/235/1193 1239/230/1189 1245/234/1195
f 1239/230/1189 1238/229/1188 1244/227/1194
f 1246/238/1196 1242/239/1192 1243/235/1193
f 1246/238/1196 1243/235/1193 1247/240/1197
f 1248/237/1198 1243/235/1193 1245/234/1195
f 1243/235/1193 1248/237/1198 1247/240/1197
f 1241/246/1191 1242/239/1192 1249/245/1199
f 1249/245/1199 1242/239/1192 1246/238/1196
f 1250/244/1200 1249/245/1199 1246/238/1196
f 1250/244/1200 1246/238/1196 1251/243/1201
f 1246/238/1196 1247/240/1197 1251/243/1201
f 1247/240/1197 1248/237/1198 1252/241/1202
f 1251/243/1201 1247/240/1197 1252/241/1202
f 1245/234/1195 1253/236/1203 1248/237/1198
f 1248/237/1198 1254/242/1204 1252/241/1202
f 1253/236/1203 1254/242/1204 1248/237/1198
f 1253/236/1203 1245/234/1195 1244/227/1194
f 1255/222/1205 1253/236/1203 1244/227/1194
f 1257/570/1207 1256/562/1206 1253/236/1203
f 1256/562/1206 1254/242/1204 1253/236/1203
f 1257/570/1207 1253/236/1203 1255/222/1205
f 1256/562/1206 1258/557/1208 1254/242/1204
f 1252/241/1202 1254/242/1204 1258/557/1208
f 1256/562/1206 1259/561/1209 1258/557/1208
f 1257/570/1207 1260/571/1210 1256/562/1206
f 1260/571/1210 1259/561/1209 1256/562/1206
f 1261/572/1211 1257/570/1207 1255/222/1205
f 1261/572/1211 1262/573/1212 1257/570/1207
f 1262/573/1212 1260/571/1210 1257/570/1207
f 1264/575/1214 1261/572/1211 1263/574/1213
f 1261/572/1211 1255/222/1205 1263/574/1213
f 1262/573/1212 1261/572/1211 1264/575/1214
f 1266/576/1216 1264/575/1214 1265/577/1215
f 1268/574/1218 1267/578/1217 1264/575/1214
f 1270/578/1219 1269/579/1219 1264/575/1214
f 1272/580/1221 1271/577/1220 1264/575/1214
f 1274/581/1223 1266/576/1216 1273/577/1222
f 1275/583/1224 1266/576/1216 1274/581/1223
f 1277/582/1226 1276/583/1225 1274/581/1223
f 1277/582/1226 1274/581/1223 1278/577/1227
f 1280/580/1228 1277/582/1226 1279/577/1228
f 1282/584/1230 1281/576/1229 1275/583/1224
f 1283/573/1231 1281/576/1229 1282/584/1230
f 1281/576/1229 1283/573/1231 1284/575/1232
f 1286/579/1233 1272/580/1221 1285/575/1233
f 1267/578/1217 1268/574/1218 1287/585/1234
f 1288/221/1235 1268/574/1218 1255/222/1205
f 1287/585/1234 1268/574/1218 1288/221/1235
f 1289/586/1236 1287/585/1234 1288/221/1235
f 1290/219/1237 1288/221/1235 1255/222/1205
f 1292/215/1239 1291/220/1238 1288/221/1235
f 1293/220/1240 1289/586/1236 1288/221/1235
f 1292/215/1239 1295/216/1242 1294/205/1241
f 1296/216/1243 1292/215/1239 1290/219/1237
f 1292/215/1239 1297/221/1244 1290/219/1237
f 1298/218/1245 1292/215/1239 1294/205/1241
f 1298/218/1245 1300/217/1247 1299/589/1246
f 1300/217/1247 1298/218/1245 1294/205/1241
f 1301/207/1248 1299/589/1246 1300/217/1247
f 1299/589/1246 1303/207/1250 1302/588/1249
f 1300/217/1247 1294/205/1241 1301/207/1248
f 1294/205/1241 1304/202/1251 1301/207/1248
f 1304/202/1251 1306/205/1253 1305/206/1252
f 1308/206/1255 1307/204/1254 1304/202/1251
f 1304/202/1251 1310/200/1257 1309/203/1256
f 1307/204/1254 1310/200/1257 1304/202/1251
f 1312/208/1259 1311/206/1258 1306/205/1253
f 1312/208/1259 1314/209/1261 1313/210/1260
f 1314/209/1261 1312/208/1259 1315/27/1262
f 1316/206/1263 1312/208/1259 1307/204/1254
f 1318/211/1265 1317/212/1264 1312/208/1259
f 1318/211/1265 1312/208/1259 1294/205/1241
f 1312/208/1259 1319/213/1266 1315/27/1262
f 1312/208/1259 1313/210/1260 1307/204/1254
f 1317/212/1264 1319/213/1266 1312/208/1259
f 1317/212/1264 1318/211/1265 1320/214/1267
f 1320/214/1267 1318/211/1265 1294/205/1241
f 1321/216/1268 1320/214/1267 1294/205/1241
f 1320/214/1267 1323/223/1270 1322/224/1269
f 1322/224/1269 1324/225/1271 1320/214/1267
f 1323/223/1270 1320/214/1267 1290/219/1237
f 1325/226/1272 1317/212/1264 1320/214/1267
f 1324/225/1271 1325/226/1272 1320/214/1267
f 1320/214/1267 1326/216/1273 1290/219/1237
f 1244/227/1194 1322/224/1269 1255/222/1205
f 1322/224/1269 1244/227/1194 1324/225/1271
f 1322/224/1269 1323/223/1270 1255/222/1205
f 1290/219/1237 1255/222/1205 1323/223/1270
f 1238/229/1188 1327/228/1274 1244/227/1194
f 1244/227/1194 1327/228/1274 1324/225/1271
f 1099/2/1050 1327/228/1274 1098/3/1049
f 1329/26/1276 1328/28/1275 1327/228/1274
f 1329/26/1276 1327/228/1274 1099/2/1050
f 1327/228/1274 1238/229/1188 1098/3/1049
f 1328/28/1275 1324/225/1271 1327/228/1274
f 1113/15/1064 1329/26/1276 1099/2/1050
f 1122/24/1073 1329/26/1276 1330/16/1075
f 1329/26/1276 1113/15/1064 1331/16/1075
f 1328/28/1275 1329/26/1276 1122/24/1073
f 1328/28/1275 1317/212/1264 1324/225/1271
f 1315/27/1262 1328/28/1275 1122/24/1073
f 1317/212/1264 1328/28/1275 1315/27/1262
f 1122/24/1073 1125/25/1076 1315/27/1262
f 1319/213/1266 1317/212/1264 1315/27/1262
f 1125/25/1076 1314/209/1261 1315/27/1262
f 1317/212/1264 1325/226/1272 1324/225/1271
f 1129/32/1080 1332/179/1277 1125/25/1076
f 1332/179/1277 1333/186/1278 1125/25/1076
f 1314/209/1261 1125/25/1076 1333/186/1278
f 1313/210/1260 1314/209/1261 1333/186/1278
f 1307/204/1254 1313/210/1260 1333/186/1278
f 1310/200/1257 1307/204/1254 1333/186/1278
f 1332/179/1277 1334/184/1279 1333/186/1278
f 1333/186/1278 1336/187/1281 1335/189/1280
f 1337/189/1282 1310/200/1257 1333/186/1278
f 1334/184/1279 1336/187/1281 1333/186/1278
f 1337/189/1282 1338/199/1283 1310/200/1257
f 1310/200/1257 1340/201/1285 1339/203/1284
f 1338/199/1283 1340/201/1285 1310/200/1257
f 1341/192/1286 1338/199/1283 1337/189/1282
f 1337/189/1282 1342/188/1287 1341/192/1286
f 1344/190/1289 1343/191/1288 1342/188/1287
f 1336/187/1281 1345/185/1290 1342/188/1287
f 1343/191/1288 1346/193/1291 1342/188/1287
f 1336/187/1281 1342/188/1287 1335/189/1280
f 1342/188/1287 1348/194/1292 1347/192/1292
f 1349/195/1293 1343/191/1288 1344/190/1289
f 1349/195/1293 1350/198/1294 1343/191/1288
f 1350/198/1294 1351/193/1295 1343/191/1288
f 1352/196/1296 1349/195/1293 1344/190/1289
f 1350/198/1294 1349/195/1293 1353/196/1297
f 1355/197/1299 1352/196/1296 1354/190/1298
f 1356/185/1300 1355/197/1299 1354/190/1298
f 1356/185/1300 1354/190/1298 1357/188/1301
f 1345/185/1290 1336/187/1281 1334/184/1279
f 1358/183/1302 1345/185/1290 1334/184/1279
f 1359/180/1303 1334/184/1279 1332/179/1277
f 1358/183/1302 1334/184/1279 1359/180/1303
f 1360/182/1304 1358/183/1302 1359/180/1303
f 1359/180/1303 1362/178/1306 1361/181/1305
f 1362/178/1306 1359/180/1303 1332/179/1277
f 1360/182/1304 1359/180/1303 1361/181/1305
f 1129/32/1080 1363/177/1307 1332/179/1277
f 1363/177/1307 1362/178/1306 1332/179/1277
f 1364/175/1308 1361/181/1305 1362/178/1306
f 1362/178/1306 1363/177/1307 1365/175/1309
f 1363/177/1307 1127/31/1078 1366/174/1310
f 1363/177/1307 1129/32/1080 1127/31/1078
f 1363/177/1307 1366/174/1310 1367/175/1311
f 1366/174/1310 1369/173/1313 1368/175/1312
f 1366/174/1310 1370/176/1314 1369/173/1313
f 1127/31/1078 1370/176/1314 1366/174/1310
f 1132/35/1083 1370/176/1314 1127/31/1078
f 1132/35/1083 1371/83/1315 1370/176/1314
f 1371/83/1315 1372/89/1316 1370/176/1314
f 1370/176/1314 1372/89/1316 1369/173/1313
f 1369/173/1313 1374/167/1318 1373/170/1317
f 1369/173/1313 1372/89/1316 1374/167/1318
f 1369/173/1313 1373/170/1317 1375/175/1319
f 1371/83/1315 1376/86/1320 1372/89/1316
f 1372/89/1316 1377/91/1321 1374/167/1318
f 1376/86/1320 1378/91/1075 1372/89/1316
f 1374/167/1318 1380/166/1323 1379/168/1322
f 1380/166/1323 1374/167/1318 1381/91/1324
f 1374/167/1318 1379/168/1322 1373/170/1317
f 1373/170/1317 1379/168/1322 1382/171/1325
f 1384/172/1327 1379/168/1322 1383/169/1326
f 1379/168/1322 1384/172/1327 1382/171/1325
f 1380/166/1323 1385/169/1328 1379/168/1322
f 1387/96/1330 1380/166/1323 1386/91/1329
f 1389/169/1332 1380/166/1323 1388/165/1331
f 1388/165/1331 1380/166/1323 1387/96/1330
f 1390/164/1333 1388/165/1331 1387/96/1330
f 1392/90/1335 1391/94/1334 1387/96/1330
f 1392/90/1335 1387/96/1330 1393/91/1075
f 1391/94/1334 1394/164/1075 1387/96/1330
f 1391/94/1334 1396/95/1337 1395/161/1336
f 1391/94/1334 1392/90/1335 1396/95/1337
f 1391/94/1334 1395/161/1336 1397/163/1338
f 1398/159/1339 1395/161/1336 1396/95/1337
f 1395/161/1336 1399/162/1340 1397/163/1338
f 1399/162/1340 1395/161/1336 1398/159/1339
f 1400/157/1341 1398/159/1339 1396/95/1337
f 1402/93/1343 1401/97/1342 1396/95/1337
f 1401/97/1342 1400/157/1341 1396/95/1337
f 1392/90/1335 1402/93/1343 1396/95/1337
f 1403/156/1344 1398/159/1339 1400/157/1341
f 1404/160/1345 1399/162/1340 1398/159/1339
f 1404/160/1345 1398/159/1339 1403/156/1344
f 1405/154/1346 1403/156/1344 1400/157/1341
f 1405/154/1346 1400/157/1341 1401/97/1342
f 1403/156/1344 1407/155/1348 1406/158/1347
f 1403/156/1344 1405/154/1346 1407/155/1348
f 1406/158/1347 1404/160/1345 1403/156/1344
f 1404/160/1345 1406/158/1347 1408/617/1349
f 1408/617/1349 1409/616/1350 1404/160/1345
f 1409/616/1350 1399/162/1340 1404/160/1345
f 1408/617/1349 1411/668/1352 1410/618/1351
f 1412/612/1353 1409/616/1350 1408/617/1349
f 1410/618/1351 1413/614/1354 1408/617/1349
f 1406/158/1347 1411/668/1352 1408/617/1349
f 1413/614/1354 1412/612/1353 1408/617/1349
f 1412/612/1353 1414/610/1355 1409/616/1350
f 1409/616/1350 1414/610/1355 1399/162/1340
f 1414/610/1355 1412/612/1353 1415/611/1356
f 1415/611/1356 1412/612/1353 1413/614/1354
f 1416/613/1357 1415/611/1356 1413/614/1354
f 1416/613/1357 1413/614/1354 1410/618/1351
f 1414/610/1355 1415/611/1356 1417/609/1358
f 1419/608/1360 1415/611/1356 1418/615/1359
f 1415/611/1356 1419/608/1360 1417/609/1358
f 1415/611/1356 1416/613/1357 1418/615/1359
f 1414/610/1355 1417/609/1358 1399/162/1340
f 1417/609/1358 1397/163/1338 1399/162/1340
f 1397/163/1338 1417/609/1358 1388/165/1331
f 1419/608/1360 1420/605/1361 1417/609/1358
f 1420/605/1361 1388/165/1331 1417/609/1358
f 1419/608/1360 1418/615/1359 1421/620/1362
f 1420/605/1361 1419/608/1360 1422/606/1363
f 1419/608/1360 1421/620/1362 1422/606/1363
f 1422/606/1363 1423/604/1364 1420/605/1361
f 1420/605/1361 1424/169/1365 1388/165/1331
f 1423/604/1364 1425/169/1366 1420/605/1361
f 1388/165/1331 1426/164/1367 1397/163/1338
f 1428/164/1075 1427/94/1075 1397/163/1338
f 1423/604/1364 1422/606/1363 1429/607/1368
f 1429/607/1368 1430/603/1369 1423/604/1364
f 1423/604/1364 1384/172/1327 1431/169/1370
f 1430/603/1369 1384/172/1327 1423/604/1364
f 1433/626/1372 1429/607/1368 1432/623/1371
f 1422/606/1363 1432/623/1371 1429/607/1368
f 1430/603/1369 1429/607/1368 1433/626/1372
f 1435/624/1374 1432/623/1371 1434/625/1373
f 1435/624/1374 1433/626/1372 1432/623/1371
f 1432/623/1371 1436/621/1375 1434/625/1373
f 1421/620/1362 1436/621/1375 1432/623/1371
f 1435/624/1374 1437/630/1376 1433/626/1372
f 1438/631/1377 1430/603/1369 1433/626/1372
f 1434/625/1373 1439/628/1378 1435/624/1374
f 1437/630/1376 1435/624/1374 1439/628/1378
f 1440/633/1379 1437/630/1376 1439/628/1378
f 1442/629/1381 1441/632/1380 1439/628/1378
f 1440/633/1379 1439/628/1378 1443/634/1382
f 1441/632/1380 1444/635/1383 1439/628/1378
f 1439/628/1378 1434/625/1373 1442/629/1381
f 1444/635/1383 1445/634/1384 1439/628/1378
f 1442/629/1381 1447/663/1386 1446/638/1385
f 1442/629/1381 1446/638/1385 1441/632/1380
f 1447/663/1386 1442/629/1381 1448/627/1387
f 1434/625/1373 1448/627/1387 1442/629/1381
f 1449/665/1388 1447/663/1386 1448/627/1387
f 1448/627/1387 1450/622/1389 1449/665/1388
f 1434/625/1373 1436/621/1375 1448/627/1387
f 1436/621/1375 1450/622/1389 1448/627/1387
f 1452/666/1391 1450/622/1389 1451/619/1390
f 1436/621/1375 1421/620/1362 1450/622/1389
f 1450/622/1389 1452/666/1391 1449/665/1388
f 1421/620/1362 1451/619/1390 1450/622/1389
f 1451/619/1390 1418/615/1359 1410/618/1351
f 1418/615/1359 1451/619/1390 1421/620/1362
f 1410/618/1351 1453/667/1392 1451/619/1390
f 1453/667/1392 1452/666/1391 1451/619/1390
f 1453/667/1392 1454/664/1393 1452/666/1391
f 1454/664/1393 1449/665/1388 1452/666/1391
f 1411/668/1352 1453/667/1392 1410/618/1351
f 1454/664/1393 1453/667/1392 1406/158/1347
f 1453/667/1392 1411/668/1352 1406/158/1347
f 1418/615/1359 1416/613/1357 1410/618/1351
f 1407/155/1348 1455/152/1394 1406/158/1347
f 1406/158/1347 1455/152/1394 1454/664/1393
f 1454/664/1393 1456/151/1395 1449/665/1388
f 1455/152/1394 1456/151/1395 1454/664/1393
f 1456/151/1395 1455/152/1394 1457/148/1396
f 1457/148/1396 1455/152/1394 1458/149/1397
f 1455/152/1394 1407/155/1348 1458/149/1397
f 1405/154/1346 1458/149/1397 1407/155/1348
f 1458/149/1397 1459/144/1398 1457/148/1396
f 1405/154/1346 1460/150/1399 1458/149/1397
f 1460/150/1399 1459/144/1398 1458/149/1397
f 1460/150/1399 1405/154/1346 1401/97/1342
f 1461/141/1400 1460/150/1399 1401/97/1342
f 1459/144/1398 1460/150/1399 1461/141/1400
f 1459/144/1398 1463/143/1402 1462/145/1401
f 1463/143/1402 1459/144/1398 1461/141/1400
f 1459/144/1398 1462/145/1401 1457/148/1396
f 1465/741/1404 1464/139/1403 1461/141/1400
f 1463/143/1402 1461/141/1400 1466/140/1405
f 1465/741/1404 1461/141/1400 1401/97/1342
f 1467/139/1406 1466/140/1405 1461/141/1400
f 1468/142/1407 1463/143/1402 1466/140/1405
f 1469/146/1408 1463/143/1402 1468/142/1407
f 1463/143/1402 1469/146/1408 1462/145/1401
f 1469/146/1408 1470/147/1409 1462/145/1401
f 1462/145/1401 1470/147/1409 1457/148/1396
f 1471/657/1410 1469/146/1408 1468/142/1407
f 1470/147/1409 1469/146/1408 1471/657/1410
f 1473/656/1412 1472/654/1411 1471/657/1410
f 1473/656/1412 1471/657/1410 1474/661/1413
f 1472/654/1411 1470/147/1409 1471/657/1410
f 1471/657/1410 1468/142/1407 1474/661/1413
f 1476/658/1415 1473/656/1412 1475/659/1414
f 1473/656/1412 1474/661/1413 1475/659/1414
f 1472/654/1411 1473/656/1412 1476/658/1415
f 1475/659/1414 1474/661/1413 1477/669/1416
f 1474/661/1413 1468/142/1407 1478/138/1417
f 1474/661/1413 1479/138/1418 1477/669/1416
f 1481/670/1420 1477/669/1416 1480/138/1419
f 1483/671/1422 1481/670/1420 1482/672/1421
f 1485/673/1424 1481/670/1420 1484/671/1423
f 1482/672/1421 1481/670/1420 1486/138/1425
f 1488/669/1427 1481/670/1420 1487/673/1426
f 1482/672/1421 1490/138/1429 1489/136/1428
f 1491/671/1430 1482/672/1421 1489/136/1428
f 1489/136/1428 1493/134/1432 1492/131/1431
f 1492/131/1431 1494/137/1433 1489/136/1428
f 1495/138/1434 1493/134/1432 1489/136/1428
f 1494/137/1433 1496/674/1435 1489/136/1428
f 1496/674/1435 1497/671/1436 1489/136/1428
f 1493/134/1432 1498/138/1437 1467/139/1406
f 1493/134/1432 1499/130/1438 1492/131/1431
f 1501/128/1440 1500/124/1439 1492/131/1431
f 1501/128/1440 1492/131/1431 1499/130/1438
f 1500/124/1439 1494/137/1433 1492/131/1431
f 1503/678/1442 1500/124/1439 1502/122/1441
f 1501/128/1440 1504/125/1443 1500/124/1439
f 1494/137/1433 1500/124/1439 1505/678/1444
f 1500/124/1439 1506/123/1445 1502/122/1441
f 1504/125/1443 1506/123/1445 1500/124/1439
f 1502/122/1441 1506/123/1445 1507/116/1446
f 1509/678/1448 1502/122/1441 1508/115/1447
f 1510/115/1449 1502/122/1441 1507/116/1446
f 1507/116/1446 1506/123/1445 1511/100/1450
f 1506/123/1445 1504/125/1443 1511/100/1450
f 1513/126/1452 1512/127/1451 1511/100/1450
f 1514/92/1453 1511/100/1450 1401/97/1342
f 1515/99/1454 1507/116/1446 1511/100/1450
f 1504/125/1443 1513/126/1452 1511/100/1450
f 1515/99/1454 1511/100/1450 1516/92/1455
f 1511/100/1450 1512/127/1451 1401/97/1342
f 1517/129/1456 1513/126/1452 1501/128/1440
f 1512/127/1451 1513/126/1452 1517/129/1456
f 1513/126/1452 1504/125/1443 1501/128/1440
f 1517/129/1456 1501/128/1440 1499/130/1438
f 1517/129/1456 1499/130/1438 1518/132/1457
f 1518/132/1457 1512/127/1451 1517/129/1456
f 1499/130/1438 1519/133/1458 1518/132/1457
f 1521/134/1460 1520/135/1459 1499/130/1438
f 1520/135/1459 1519/133/1458 1499/130/1438
f 1518/132/1457 1519/133/1458 1512/127/1451
f 1465/741/1404 1519/133/1458 1520/135/1459
f 1519/133/1458 1465/741/1404 1512/127/1451
f 1464/139/1403 1520/135/1459 1521/134/1460
f 1520/135/1459 1523/139/1461 1522/741/1461
f 1466/140/1405 1464/139/1403 1468/142/1407
f 1468/142/1407 1464/139/1403 1524/138/1462
f 1512/127/1451 1465/741/1404 1401/97/1342
f 1401/97/1342 1402/93/1343 1525/92/1463
f 1402/93/1343 1392/90/1335 1526/87/1464
f 1402/93/1343 1526/87/1464 1527/92/1465
f 1529/92/1467 1526/87/1464 1528/88/1466
f 1530/84/1468 1526/87/1464 1376/86/1320
f 1526/87/1464 1530/84/1468 1528/88/1466
f 1392/90/1335 1376/86/1320 1526/87/1464
f 1376/86/1320 1392/90/1335 1531/91/1075
f 1371/83/1315 1530/84/1468 1376/86/1320
f 1530/84/1468 1371/83/1315 1532/82/1469
f 1371/83/1315 1132/35/1083 1130/34/1081
f 1532/82/1469 1371/83/1315 1130/34/1081
f 1532/82/1469 1130/34/1081 1533/81/1470
f 1532/82/1469 1535/85/1472 1534/84/1471
f 1533/81/1470 1536/78/1473 1532/82/1469
f 1536/78/1473 1535/85/1472 1532/82/1469
f 1533/81/1470 1130/34/1081 1133/37/1084
f 1533/81/1470 1537/80/1474 1536/78/1473
f 1537/80/1474 1533/81/1470 1133/37/1084
f 1538/79/1475 1537/80/1474 1133/37/1084
f 1539/79/1476 1133/37/1084 1138/41/1089
f 1537/80/1474 1541/79/1478 1540/74/1477
f 1537/80/1474 1540/74/1477 1536/78/1473
f 1540/74/1477 1543/79/1480 1542/75/1479
f 1545/73/1482 1540/74/1477 1544/71/1481
f 1540/74/1477 1545/73/1482 1536/78/1473
f 1540/74/1477 1542/75/1479 1544/71/1481
f 1542/75/1479 1546/79/1483 1138/41/1089
f 1547/71/1484 1542/75/1479 1138/41/1089
f 1548/70/1485 1547/71/1484 1138/41/1089
f 1548/70/1485 1549/68/1486 1544/71/1481
f 1548/70/1485 1550/53/1487 1549/68/1486
f 1551/53/1488 1548/70/1485 1138/41/1089
f 1545/73/1482 1544/71/1481 1552/72/1489
f 1549/68/1486 1552/72/1489 1544/71/1481
f 1554/76/1491 1553/77/1490 1552/72/1489
f 1553/77/1490 1545/73/1482 1552/72/1489
f 1554/76/1491 1552/72/1489 1555/69/1492
f 1552/72/1489 1549/68/1486 1556/69/1493
f 1554/76/1491 1557/747/1494 1553/77/1490
f 1557/747/1494 1536/78/1473 1553/77/1490
f 1545/73/1482 1553/77/1490 1536/78/1473
f 1557/747/1494 1554/76/1491 1558/102/1495
f 1554/76/1491 1555/69/1492 1558/102/1495
f 1536/78/1473 1557/747/1494 1535/85/1472
f 1535/85/1472 1557/747/1494 1558/102/1495
f 1528/88/1466 1535/85/1472 1558/102/1495
f 1535/85/1472 1528/88/1466 1534/84/1471
f 1560/92/1497 1528/88/1466 1559/98/1496
f 1558/102/1495 1561/101/1498 1528/88/1466
f 1561/101/1498 1559/98/1496 1528/88/1466
f 1561/101/1498 1515/99/1454 1559/98/1496
f 1559/98/1496 1515/99/1454 1562/92/1499
f 1564/103/1501 1563/104/1500 1561/101/1498
f 1565/103/1502 1561/101/1498 1558/102/1495
f 1561/101/1498 1563/104/1500 1515/99/1454
f 1563/104/1500 1507/116/1446 1515/99/1454
f 1567/111/1504 1563/104/1500 1566/105/1503
f 1567/111/1504 1568/114/1505 1563/104/1500
f 1563/104/1500 1564/103/1501 1566/105/1503
f 1568/114/1505 1507/116/1446 1563/104/1500
f 1566/105/1503 1564/103/1501 1569/106/1506
f 1564/103/1501 1570/107/1507 1569/106/1506
f 1566/105/1503 1571/110/1508 1567/111/1504
f 1571/110/1508 1566/105/1503 1569/106/1506
f 1568/114/1505 1567/111/1504 1571/110/1508
f 1510/115/1449 1568/114/1505 1572/113/1509
f 1572/113/1509 1568/114/1505 1571/110/1508
f 1568/114/1505 1510/115/1449 1507/116/1446
f 1574/112/1511 1571/110/1508 1573/106/1510
f 1571/110/1508 1575/112/1512 1572/113/1509
f 1572/113/1509 1577/117/1514 1576/115/1513
f 1575/112/1512 1577/117/1514 1572/113/1509
f 1577/117/1514 1575/112/1512 1578/118/1515
f 1579/119/1516 1577/117/1514 1578/118/1515
f 1577/117/1514 1580/120/1517 1510/115/1449
f 1581/120/1518 1577/117/1514 1579/119/1516
f 1580/120/1517 1582/121/1519 1510/115/1449
f 1584/121/1521 1581/120/1518 1583/742/1520
f 1583/742/1520 1581/120/1518 1579/119/1516
f 1585/743/1522 1584/121/1521 1583/742/1520
f 1587/680/1524 1584/121/1521 1586/679/1523
f 1584/121/1521 1585/743/1522 1586/679/1523
f 1588/678/1525 1587/680/1524 1586/679/1523
f 1578/118/1515 1590/744/1527 1589/745/1526
f 1591/106/1528 1590/744/1527 1578/118/1515
f 1589/745/1526 1593/66/1530 1592/65/1529
f 1594/109/1531 1593/66/1530 1589/745/1526
f 1593/66/1530 1596/63/1533 1595/65/1532
f 1596/63/1533 1598/64/1535 1597/60/1534
f 1600/65/1537 1596/63/1533 1599/61/1536
f 1602/66/1539 1601/67/1538 1596/63/1533
f 1596/63/1533 1597/60/1534 1599/61/1536
f 1601/67/1538 1598/64/1535 1596/63/1533
f 1599/61/1536 1597/60/1534 1603/59/1540
f 1163/58/1113 1603/59/1540 1604/56/1541
f 1597/60/1534 1605/56/1542 1603/59/1540
f 1607/62/1544 1606/53/1543 1597/60/1534
f 1609/53/1545 1608/56/1545 1597/60/1534
f 1598/64/1535 1607/62/1544 1597/60/1534
f 1549/68/1486 1607/62/1544 1598/64/1535
f 1610/53/1546 1607/62/1544 1549/68/1486
f 1549/68/1486 1598/64/1535 1555/69/1492
f 1598/64/1535 1601/67/1538 1555/69/1492
f 1601/67/1538 1611/746/1547 1555/69/1492
f 1555/69/1492 1611/746/1547 1558/102/1495
f 1601/67/1538 1602/66/1539 1611/746/1547
f 1613/109/1549 1612/108/1548 1611/746/1547
f 1570/107/1507 1611/746/1547 1612/108/1548
f 1611/746/1547 1570/107/1507 1558/102/1495
f 1602/66/1539 1613/109/1549 1611/746/1547
f 1570/107/1507 1614/103/1550 1558/102/1495
f 1612/108/1548 1569/106/1506 1570/107/1507
f 1612/108/1548 1613/109/1549 1569/106/1506
f 1616/744/1551 1594/109/1531 1615/745/1551
f 1594/109/1531 1590/744/1527 1617/106/1552
f 1574/112/1511 1617/106/1552 1618/118/1553
f 1620/121/1555 1619/680/1554 1508/115/1447
f 1619/680/1554 1505/678/1444 1508/115/1447
f 1622/675/1557 1505/678/1444 1621/679/1556
f 1622/675/1557 1494/137/1433 1505/678/1444
f 1621/679/1556 1624/681/1559 1623/675/1558
f 1624/681/1559 1625/677/1560 1623/675/1558
f 1626/682/1561 1625/677/1560 1624/681/1559
f 1627/683/1562 1626/682/1561 1624/681/1559
f 1628/676/1563 1496/674/1435 1625/677/1560
f 1496/674/1435 1494/137/1433 1622/675/1557
f 1496/674/1435 1628/676/1563 1629/671/1564
f 1496/674/1435 1622/675/1557 1630/677/1565
f 1632/685/1567 1628/676/1563 1631/682/1566
f 1628/676/1563 1632/685/1567 1633/687/1568
f 1628/676/1563 1633/687/1568 1634/671/1569
f 1628/676/1563 1630/677/1565 1631/682/1566
f 1635/684/1570 1632/685/1567 1631/682/1566
f 1637/683/1572 1636/686/1571 1631/682/1566
f 1636/686/1571 1635/684/1570 1631/682/1566
f 1639/691/1574 1638/688/1573 1632/685/1567
f 1632/685/1567 1638/688/1573 1633/687/1568
f 1635/684/1570 1639/691/1574 1632/685/1567
f 1640/671/1575 1633/687/1568 1485/673/1424
f 1633/687/1568 1638/688/1573 1485/673/1424
f 1638/688/1573 1639/691/1574 1485/673/1424
f 1639/691/1574 1641/689/1576 1485/673/1424
f 1485/673/1424 1641/689/1576 1642/690/1577
f 1485/673/1424 1642/690/1577 1643/692/1578
f 1645/696/1580 1644/697/1579 1642/690/1577
f 1647/694/1582 1642/690/1577 1646/693/1581
f 1647/694/1582 1648/695/1583 1642/690/1577
f 1642/690/1577 1644/697/1579 1643/692/1578
f 1648/695/1583 1649/696/1584 1642/690/1577
f 1651/699/1586 1645/696/1580 1650/698/1585
f 1644/697/1579 1645/696/1580 1652/699/1587
f 1645/696/1580 1648/695/1583 1650/698/1585
f 1654/700/1589 1651/699/1586 1653/701/1588
f 1655/702/1590 1654/700/1589 1653/701/1588
f 1643/692/1578 1644/697/1579 1656/703/1591
f 1657/704/1592 1644/697/1579 1652/699/1587
f 1644/697/1579 1657/704/1592 1656/703/1591
f 1659/700/1594 1658/705/1593 1652/699/1587
f 1652/699/1587 1658/705/1593 1657/704/1592
f 1656/703/1591 1657/704/1592 1660/706/1595
f 1658/705/1593 1660/706/1595 1657/704/1592
f 1661/707/1596 1660/706/1595 1658/705/1593
f 1658/705/1593 1662/708/1597 1661/707/1596
f 1663/709/1598 1662/708/1597 1658/705/1593
f 1663/709/1598 1658/705/1593 1659/700/1594
f 1664/702/1599 1663/709/1598 1659/700/1594
f 1665/710/1600 1663/709/1598 1664/702/1599
f 1667/711/1602 1664/702/1599 1666/701/1601
f 1669/712/1604 1668/710/1603 1664/702/1599
f 1669/712/1604 1664/702/1599 1667/711/1602
f 1670/713/1605 1669/712/1604 1667/711/1602
f 1667/711/1602 1671/714/1606 1670/713/1605
f 1672/715/1607 1669/712/1604 1670/713/1605
f 1674/714/1609 1673/716/1608 1670/713/1605
f 1670/713/1605 1673/716/1608 1675/717/1610
f 1675/717/1610 1672/715/1607 1670/713/1605
f 1672/715/1607 1677/718/1612 1676/719/1611
f 1677/718/1612 1672/715/1607 1675/717/1610
f 1678/720/1613 1677/718/1612 1675/717/1610
f 1673/716/1608 1679/721/1614 1675/717/1610
f 1680/720/1615 1675/717/1610 1679/721/1614
f 1673/716/1608 1681/722/1616 1679/721/1614
f 1683/723/1618 1679/721/1614 1682/724/1617
f 1683/723/1618 1680/720/1615 1679/721/1614
f 1679/721/1614 1684/722/1619 1682/724/1617
f 1681/722/1616 1686/725/1621 1685/726/1620
f 1688/728/1623 1686/725/1621 1687/722/1622
f 1687/722/1622 1673/716/1608 1689/727/1624
f 1673/716/1608 1674/714/1609 1690/727/1625
f 1682/724/1617 1684/722/1619 1691/726/1626
f 1676/719/1611 1668/710/1603 1692/712/1627
f 1668/710/1603 1676/719/1611 1693/729/1628
f 1694/709/1629 1668/710/1603 1662/708/1597
f 1695/730/1630 1668/710/1603 1693/729/1628
f 1668/710/1603 1696/730/1631 1662/708/1597
f 1698/660/1633 1697/707/1632 1662/708/1597
f 1662/708/1597 1699/730/1634 1698/660/1633
f 1697/707/1632 1698/660/1633 1475/659/1414
f 1699/730/1634 1700/731/1635 1698/660/1633
f 1698/660/1633 1701/652/1636 1476/658/1415
f 1698/660/1633 1476/658/1415 1475/659/1414
f 1698/660/1633 1700/731/1635 1701/652/1636
f 1699/730/1634 1702/729/1637 1700/731/1635
f 1700/731/1635 1704/732/1639 1703/733/1638
f 1700/731/1635 1702/729/1637 1704/732/1639
f 1700/731/1635 1703/733/1638 1701/652/1636
f 1706/651/1641 1701/652/1636 1705/647/1640
f 1703/733/1638 1707/644/1642 1701/652/1636
f 1701/652/1636 1706/651/1641 1476/658/1415
f 1707/644/1642 1705/647/1640 1701/652/1636
f 1706/651/1641 1472/654/1411 1476/658/1415
f 1708/650/1643 1472/654/1411 1706/651/1641
f 1708/650/1643 1706/651/1641 1705/647/1640
f 1710/646/1645 1705/647/1640 1709/642/1644
f 1708/650/1643 1705/647/1640 1710/646/1645
f 1705/647/1640 1707/644/1642 1709/642/1644
f 1712/648/1647 1711/653/1646 1708/650/1643
f 1712/648/1647 1708/650/1643 1710/646/1645
f 1472/654/1411 1708/650/1643 1711/653/1646
f 1470/147/1409 1472/654/1411 1711/653/1646
f 1714/655/1649 1711/653/1646 1713/649/1648
f 1711/653/1646 1714/655/1649 1470/147/1409
f 1711/653/1646 1712/648/1647 1713/649/1648
f 1712/648/1647 1710/646/1645 1713/649/1648
f 1709/642/1644 1715/643/1650 1710/646/1645
f 1710/646/1645 1716/643/1651 1713/649/1648
f 1714/655/1649 1713/649/1648 1447/663/1386
f 1713/649/1648 1717/643/1652 1446/638/1385
f 1713/649/1648 1446/638/1385 1447/663/1386
f 1714/655/1649 1447/663/1386 1718/153/1653
f 1714/655/1649 1718/153/1653 1470/147/1409
f 1470/147/1409 1718/153/1653 1457/148/1396
f 1456/151/1395 1457/148/1396 1718/153/1653
f 1719/662/1654 1456/151/1395 1718/153/1653
f 1447/663/1386 1719/662/1654 1718/153/1653
f 1719/662/1654 1447/663/1386 1449/665/1388
f 1456/151/1395 1719/662/1654 1449/665/1388
f 1446/638/1385 1721/639/1656 1720/637/1655
f 1446/638/1385 1720/637/1655 1441/632/1380
f 1722/643/1657 1721/639/1656 1446/638/1385
f 1720/637/1655 1723/636/1658 1441/632/1380
f 1721/639/1656 1724/640/1659 1720/637/1655
f 1724/640/1659 1721/639/1656 1725/641/1660
f 1725/641/1660 1721/639/1656 1709/642/1644
f 1721/639/1656 1726/643/1661 1709/642/1644
f 1728/739/1663 1727/636/1662 1724/640/1659
f 1725/641/1660 1729/645/1664 1724/640/1659
f 1729/645/1664 1728/739/1663 1724/640/1659
f 1725/641/1660 1709/642/1644 1707/644/1642
f 1729/645/1664 1725/641/1660 1707/644/1642
f 1729/645/1664 1730/738/1665 1728/739/1663
f 1707/644/1642 1731/734/1666 1729/645/1664
f 1730/738/1665 1729/645/1664 1731/734/1666
f 1728/739/1663 1732/738/1667 1727/636/1662
f 1732/738/1667 1733/740/1668 1727/636/1662
f 1727/636/1662 1735/637/1669 1734/640/1669
f 1733/740/1668 1730/738/1665 1736/737/1670
f 1737/735/1671 1730/738/1665 1731/734/1666
f 1730/738/1665 1737/735/1671 1736/737/1670
f 1731/734/1666 1707/644/1642 1703/733/1638
f 1731/734/1666 1703/733/1638 1737/735/1671
f 1736/737/1670 1737/735/1671 1738/736/1672
f 1737/735/1671 1704/732/1639 1738/736/1672
f 1703/733/1638 1704/732/1639 1737/735/1671
f 1702/729/1637 1739/736/1673 1704/732/1639
f 1723/636/1658 1444/635/1383 1441/632/1380
f 1656/703/1591 1475/659/1414 1643/692/1578
f 1661/707/1596 1475/659/1414 1656/703/1591
f 1475/659/1414 1488/669/1427 1643/692/1578
f 1643/692/1578 1488/669/1427 1740/673/1674
f 1660/706/1595 1741/707/1675 1656/703/1591
f 1646/693/1581 1742/689/1676 1636/686/1571
f 1743/690/1677 1742/689/1676 1646/693/1581
f 1742/689/1676 1744/691/1678 1636/686/1571
f 1744/691/1678 1635/684/1570 1636/686/1571
f 1422/606/1363 1421/620/1362 1745/623/1679
f 1430/603/1369 1438/631/1377 1746/602/1680
f 1747/601/1681 1430/603/1369 1746/602/1680
f 1746/602/1680 1748/599/1682 1747/601/1681
f 1384/172/1327 1430/603/1369 1747/601/1681
f 1382/171/1325 1384/172/1327 1747/601/1681
f 1748/599/1682 1749/598/1683 1747/601/1681
f 1382/171/1325 1747/601/1681 1749/598/1683
f 1749/598/1683 1748/599/1682 1750/597/1684
f 1751/600/1685 1382/171/1325 1749/598/1683
f 1752/595/1686 1749/598/1683 1750/597/1684
f 1751/600/1685 1749/598/1683 1753/595/1687
f 1382/171/1325 1751/600/1685 1373/170/1317
f 1754/592/1688 1751/600/1685 1753/595/1687
f 1751/600/1685 1754/592/1688 1373/170/1317
f 1754/592/1688 1755/175/1689 1373/170/1317
f 1757/595/1691 1756/593/1690 1754/592/1688
f 1758/175/1692 1754/592/1688 1361/181/1305
f 1754/592/1688 1756/593/1690 1361/181/1305
f 1760/594/1694 1756/593/1690 1759/596/1693
f 1760/594/1694 1761/591/1695 1756/593/1690
f 1756/593/1690 1752/595/1686 1762/596/1696
f 1761/591/1695 1361/181/1305 1756/593/1690
f 1761/591/1695 1360/182/1304 1361/181/1305
f 1763/597/1697 1762/596/1696 1752/595/1686
f 1346/193/1291 1765/194/1698 1764/188/1698
f 1339/203/1284 1303/207/1250 1766/202/1699
f 1767/590/1700 1303/207/1250 1339/203/1284
f 1303/207/1250 1767/590/1700 1302/588/1249
f 1293/220/1240 1769/215/1702 1768/218/1701
f 1770/587/1703 1293/220/1240 1768/218/1701
f 1770/587/1703 1768/218/1701 1771/588/1704
f 1768/218/1701 1772/589/1705 1771/588/1704
f 1259/561/1209 1773/559/1706 1258/557/1208
f 1252/241/1202 1258/557/1208 1774/555/1707
f 1258/557/1208 1773/559/1706 1775/556/1708
f 1258/557/1208 1775/556/1708 1774/555/1707
f 1773/559/1706 1776/560/1709 1775/556/1708
f 1777/554/1710 1774/555/1707 1775/556/1708
f 1779/554/1712 1775/556/1708 1778/558/1711
f 1775/556/1708 1776/560/1709 1780/558/1713
f 1781/553/1714 1779/554/1712 1778/558/1711
f 1783/549/1716 1779/554/1712 1782/553/1715
f 1784/550/1717 1783/549/1716 1782/553/1715
f 1783/549/1716 1784/550/1717 1785/546/1718
f 1785/546/1718 1786/547/1719 1783/549/1716
f 1783/549/1716 1788/552/1721 1787/554/1720
f 1786/547/1719 1788/552/1721 1783/549/1716
f 1784/550/1717 1789/548/1722 1785/546/1718
f 1791/533/1724 1790/543/1723 1785/546/1718
f 1791/533/1724 1785/546/1718 1789/548/1722
f 1790/543/1723 1786/547/1719 1785/546/1718
f 1786/547/1719 1792/551/1725 1788/552/1721
f 1792/551/1725 1786/547/1719 1793/545/1726
f 1786/547/1719 1790/543/1723 1793/545/1726
f 1788/552/1721 1774/555/1707 1787/554/1720
f 1774/555/1707 1788/552/1721 1792/551/1725
f 1252/241/1202 1774/555/1707 1792/551/1725
f 1793/545/1726 1794/251/1727 1792/551/1725
f 1792/551/1725 1251/243/1201 1252/241/1202
f 1794/251/1727 1251/243/1201 1792/551/1725
f 1796/542/1729 1795/544/1728 1793/545/1726
f 1796/542/1729 1793/545/1726 1790/543/1723
f 1795/544/1728 1794/251/1727 1793/545/1726
f 1794/251/1727 1795/544/1728 1797/250/1730
f 1797/250/1730 1250/244/1200 1794/251/1727
f 1250/244/1200 1251/243/1201 1794/251/1727
f 1795/544/1728 1796/542/1729 1798/541/1731
f 1795/544/1728 1798/541/1731 1799/563/1732
f 1795/544/1728 1799/563/1732 1797/250/1730
f 1800/536/1733 1796/542/1729 1790/543/1723
f 1801/538/1734 1796/542/1729 1800/536/1733
f 1796/542/1729 1801/538/1734 1798/541/1731
f 1790/543/1723 1791/533/1724 1800/536/1733
f 1802/535/1735 1801/538/1734 1800/536/1733
f 1802/535/1735 1800/536/1733 1803/532/1736
f 1791/533/1724 1803/532/1736 1800/536/1733
f 1798/541/1731 1801/538/1734 1804/540/1737
f 1805/537/1738 1801/538/1734 1802/535/1735
f 1801/538/1734 1805/537/1738 1804/540/1737
f 1806/316/1739 1802/535/1735 1803/532/1736
f 1807/308/1740 1805/537/1738 1802/535/1735
f 1807/308/1740 1802/535/1735 1806/316/1739
f 1803/532/1736 1791/533/1724 1808/531/1741
f 1806/316/1739 1803/532/1736 1808/531/1741
f 1809/534/1742 1791/533/1724 1789/548/1722
f 1791/533/1724 1809/534/1742 1808/531/1741
f 1811/317/1744 1808/531/1741 1810/530/1743
f 1811/317/1744 1806/316/1739 1808/531/1741
f 1811/317/1744 1810/530/1743 1812/318/1745
f 1810/530/1743 1814/529/1747 1813/318/1746
f 1816/315/1749 1811/317/1744 1815/318/1748
f 1806/316/1739 1811/317/1744 1816/315/1749
f 1818/311/1751 1816/315/1749 1817/314/1750
f 1819/310/1752 1806/316/1739 1816/315/1749
f 1816/315/1749 1820/318/1753 1817/314/1750
f 1819/310/1752 1816/315/1749 1818/311/1751
f 1817/314/1750 1821/313/1754 1818/311/1751
f 1822/307/1755 1819/310/1752 1818/311/1751
f 1821/313/1754 1823/309/1756 1818/311/1751
f 1822/307/1755 1818/311/1751 1823/309/1756
f 1819/310/1752 1807/308/1740 1806/316/1739
f 1807/308/1740 1819/310/1752 1822/307/1755
f 1825/302/1758 1824/303/1757 1822/307/1755
f 1825/302/1758 1822/307/1755 1823/309/1756
f 1824/303/1757 1807/308/1740 1822/307/1755
f 1826/312/1759 1823/309/1756 1821/313/1754
f 1823/309/1756 1827/296/1760 1825/302/1758
f 1826/312/1759 1828/292/1761 1823/309/1756
f 1828/292/1761 1827/296/1760 1823/309/1756
f 1825/302/1758 1829/300/1762 1824/303/1757
f 1827/296/1760 1829/300/1762 1825/302/1758
f 1824/303/1757 1831/301/1764 1830/304/1763
f 1830/304/1763 1807/308/1740 1824/303/1757
f 1829/300/1762 1831/301/1764 1824/303/1757
f 1805/537/1738 1807/308/1740 1830/304/1763
f 1833/306/1766 1832/539/1765 1830/304/1763
f 1832/539/1765 1805/537/1738 1830/304/1763
f 1833/306/1766 1830/304/1763 1831/301/1764
f 1834/299/1767 1831/301/1764 1829/300/1762
f 1835/298/1768 1831/301/1764 1834/299/1767
f 1836/305/1769 1833/306/1766 1831/301/1764
f 1836/305/1769 1831/301/1764 1835/298/1768
f 1832/539/1765 1833/306/1766 1836/305/1769
f 1837/568/1770 1836/305/1769 1835/298/1768
f 1837/568/1770 1832/539/1765 1836/305/1769
f 1838/567/1771 1832/539/1765 1837/568/1770
f 1805/537/1738 1832/539/1765 1804/540/1737
f 1832/539/1765 1838/567/1771 1804/540/1737
f 1837/568/1770 1835/298/1768 1839/569/1772
f 1837/568/1770 1839/569/1772 1838/567/1771
f 1841/297/1774 1835/298/1768 1840/295/1773
f 1835/298/1768 1834/299/1767 1840/295/1773
f 1839/569/1772 1835/298/1768 1841/297/1774
f 1834/299/1767 1829/300/1762 1840/295/1773
f 1829/300/1762 1827/296/1760 1840/295/1773
f 1843/267/1776 1840/295/1773 1842/293/1775
f 1844/264/1777 1840/295/1773 1843/267/1776
f 1840/295/1773 1827/296/1760 1842/293/1775
f 1840/295/1773 1844/264/1777 1841/297/1774
f 1845/566/1778 1839/569/1772 1841/297/1774
f 1844/264/1777 1846/260/1779 1841/297/1774
f 1845/566/1778 1841/297/1774 1846/260/1779
f 1838/567/1771 1839/569/1772 1845/566/1778
f 1848/261/1781 1847/565/1780 1845/566/1778
f 1804/540/1737 1845/566/1778 1847/565/1780
f 1848/261/1781 1845/566/1778 1846/260/1779
f 1804/540/1737 1838/567/1771 1845/566/1778
f 1844/264/1777 1849/259/1782 1846/260/1779
f 1849/259/1782 1850/257/1783 1846/260/1779
f 1846/260/1779 1850/257/1783 1848/261/1781
f 1851/262/1784 1848/261/1781 1850/257/1783
f 1847/565/1780 1848/261/1781 1851/262/1784
f 1849/259/1782 1852/258/1785 1850/257/1783
f 1854/255/1787 1853/252/1786 1850/257/1783
f 1852/258/1785 1854/255/1787 1850/257/1783
f 1853/252/1786 1851/262/1784 1850/257/1783
f 1855/263/1788 1849/259/1782 1844/264/1777
f 1849/259/1782 1855/263/1788 1852/258/1785
f 1844/264/1777 1843/267/1776 1855/263/1788
f 1855/263/1788 1857/265/1790 1856/266/1789
f 1843/267/1776 1857/265/1790 1855/263/1788
f 1855/263/1788 1856/266/1789 1852/258/1785
f 1857/265/1790 1843/267/1776 1842/293/1775
f 1857/265/1790 1859/291/1792 1858/269/1791
f 1859/291/1792 1857/265/1790 1842/293/1775
f 1857/265/1790 1858/269/1791 1856/266/1789
f 1860/268/1793 1852/258/1785 1856/266/1789
f 1856/266/1789 1858/269/1791 1860/268/1793
f 1858/269/1791 1862/288/1795 1861/286/1794
f 1858/269/1791 1861/286/1794 1860/268/1793
f 1859/291/1792 1862/288/1795 1858/269/1791
f 1828/292/1761 1859/291/1792 1842/293/1775
f 1828/292/1761 1863/294/1796 1859/291/1792
f 1863/294/1796 1864/289/1797 1859/291/1792
f 1864/289/1797 1862/288/1795 1859/291/1792
f 1827/296/1760 1828/292/1761 1842/293/1775
f 1826/312/1759 1863/294/1796 1828/292/1761
f 1865/524/1798 1863/294/1796 1821/313/1754
f 1863/294/1796 1866/312/1799 1821/313/1754
f 1864/289/1797 1863/294/1796 1865/524/1798
f 1817/314/1750 1867/319/1800 1821/313/1754
f 1867/319/1800 1868/323/1801 1821/313/1754
f 1868/323/1801 1865/524/1798 1821/313/1754
f 1865/524/1798 1868/323/1801 1869/354/1802
f 1869/354/1802 1864/289/1797 1865/524/1798
f 1871/324/1804 1870/526/1803 1868/323/1801
f 1871/324/1804 1868/323/1801 1867/319/1800
f 1868/323/1801 1872/525/1805 1869/354/1802
f 1870/526/1803 1872/525/1805 1868/323/1801
f 1872/525/1805 1873/353/1806 1869/354/1802
f 1869/354/1802 1873/353/1806 1874/352/1807
f 1864/289/1797 1869/354/1802 1874/352/1807
f 1872/525/1805 1870/526/1803 1873/353/1806
f 1875/527/1808 1870/526/1803 1871/324/1804
f 1870/526/1803 1876/346/1809 1873/353/1806
f 1876/346/1809 1870/526/1803 1875/527/1808
f 1877/322/1810 1871/324/1804 1867/319/1800
f 1875/527/1808 1871/324/1804 1877/322/1810
f 1879/337/1812 1878/336/1811 1875/527/1808
f 1878/336/1811 1876/346/1809 1875/527/1808
f 1879/337/1812 1875/527/1808 1877/322/1810
f 1881/345/1814 1876/346/1809 1880/342/1813
f 1873/353/1806 1876/346/1809 1881/345/1814
f 1876/346/1809 1878/336/1811 1880/342/1813
f 1873/353/1806 1881/345/1814 1874/352/1807
f 1882/347/1815 1881/345/1814 1880/342/1813
f 1874/352/1807 1881/345/1814 1882/347/1815
f 1880/342/1813 1884/338/1817 1883/341/1816
f 1885/344/1818 1882/347/1815 1880/342/1813
f 1885/344/1818 1880/342/1813 1883/341/1816
f 1878/336/1811 1884/338/1817 1880/342/1813
f 1882/347/1815 1885/344/1818 1886/350/1819
f 1887/351/1820 1874/352/1807 1882/347/1815
f 1887/351/1820 1882/347/1815 1886/350/1819
f 1885/344/1818 1889/348/1822 1888/349/1821
f 1885/344/1818 1883/341/1816 1890/343/1823
f 1885/344/1818 1888/349/1821 1891/350/1824
f 1889/348/1822 1885/344/1818 1890/343/1823
f 1893/499/1826 1892/349/1825 1889/348/1822
f 1894/502/1827 1893/499/1826 1889/348/1822
f 1889/348/1822 1896/343/1829 1895/502/1828
f 1892/349/1825 1893/499/1826 1897/498/1830
f 1886/350/1819 1892/349/1825 1898/497/1831
f 1898/497/1831 1897/498/1830 1899/496/1832
f 1900/349/1833 1897/498/1830 1898/497/1831
f 1899/496/1832 1897/498/1830 1893/499/1826
f 1902/359/1835 1898/497/1831 1901/495/1834
f 1898/497/1831 1902/359/1835 1886/350/1819
f 1898/497/1831 1899/496/1832 1901/495/1834
f 1903/355/1836 1887/351/1820 1886/350/1819
f 1903/355/1836 1886/350/1819 1904/356/1837
f 1902/359/1835 1904/356/1837 1886/350/1819
f 1905/489/1838 1902/359/1835 1901/495/1834
f 1906/358/1839 1902/359/1835 1905/489/1838
f 1904/356/1837 1902/359/1835 1907/358/1840
f 1908/492/1841 1905/489/1838 1901/495/1834
f 1908/492/1841 1901/495/1834 1899/496/1832
f 1906/358/1839 1905/489/1838 1909/488/1842
f 1911/490/1844 1910/487/1843 1905/489/1838
f 1913/492/1846 1912/491/1845 1905/489/1838
f 1912/491/1845 1911/490/1844 1905/489/1838
f 1910/487/1843 1915/485/1848 1914/488/1847
f 1910/487/1843 1917/488/1849 1916/489/1849
f 1919/483/1851 1915/485/1848 1918/481/1850
f 1921/488/1853 1915/485/1848 1920/486/1852
f 1915/485/1848 1923/482/1854 1922/481/1854
f 1915/485/1848 1919/483/1851 1920/486/1852
f 1919/483/1851 1925/481/1856 1924/484/1855
f 1919/483/1851 1924/484/1855 1926/486/1857
f 1924/484/1855 1928/481/1859 1927/365/1858
f 1927/365/1858 1929/363/1860 1924/484/1855
f 1924/484/1855 1930/508/1861 1926/486/1857
f 1929/363/1860 1931/508/1862 1924/484/1855
f 1932/488/1863 1926/486/1857 1906/358/1839
f 1926/486/1857 1933/508/1864 1906/358/1839
f 1906/358/1839 1935/360/1866 1934/357/1865
f 1935/360/1866 1906/358/1839 1929/363/1860
f 1906/358/1839 1936/508/1867 1929/363/1860
f 1929/363/1860 1927/365/1858 1937/360/1868
f 1927/365/1858 1939/368/1870 1938/364/1869
f 1927/365/1858 1938/364/1869 1935/360/1866
f 1935/360/1866 1940/361/1871 1934/357/1865
f 1941/362/1872 1940/361/1871 1935/360/1866
f 1938/364/1869 1941/362/1872 1935/360/1866
f 1938/364/1869 1943/367/1874 1942/366/1873
f 1938/364/1869 1942/366/1873 1941/362/1872
f 1944/368/1875 1943/367/1874 1938/364/1869
f 1946/282/1877 1945/285/1876 1941/362/1872
f 1946/282/1877 1941/362/1872 1947/280/1878
f 1945/285/1876 1940/361/1871 1941/362/1872
f 1942/366/1873 1947/280/1878 1941/362/1872
f 1934/357/1865 1940/361/1871 1945/285/1876
f 1934/357/1865 1904/356/1837 1948/358/1879
f 1904/356/1837 1934/357/1865 1945/285/1876
f 1945/285/1876 1903/355/1836 1904/356/1837
f 1950/284/1881 1949/290/1880 1903/355/1836
f 1903/355/1836 1945/285/1876 1950/284/1881
f 1949/290/1880 1887/351/1820 1903/355/1836
f 1887/351/1820 1949/290/1880 1874/352/1807
f 1874/352/1807 1949/290/1880 1864/289/1797
f 1951/287/1882 1949/290/1880 1950/284/1881
f 1949/290/1880 1951/287/1882 1864/289/1797
f 1951/287/1882 1862/288/1795 1864/289/1797
f 1861/286/1794 1951/287/1882 1950/284/1881
f 1862/288/1795 1951/287/1882 1861/286/1794
f 1860/268/1793 1861/286/1794 1952/283/1883
f 1861/286/1794 1950/284/1881 1952/283/1883
f 1952/283/1883 1953/277/1884 1860/268/1793
f 1952/283/1883 1950/284/1881 1954/277/1885
f 1860/268/1793 1955/272/1886 1852/258/1785
f 1954/277/1885 1955/272/1886 1860/268/1793
f 1954/277/1885 1957/282/1888 1956/276/1887
f 1945/285/1876 1954/277/1885 1950/284/1881
f 1955/272/1886 1956/276/1887 1958/274/1889
f 1957/282/1888 1959/278/1890 1956/276/1887
f 1956/276/1887 1961/272/1891 1960/277/1891
f 1959/278/1890 1958/274/1889 1956/276/1887
f 1962/275/1892 1958/274/1889 1959/278/1890
f 1955/272/1886 1958/274/1889 1963/270/1893
f 1958/274/1889 1962/275/1892 1963/270/1893
f 1965/279/1895 1964/273/1894 1962/275/1892
f 1965/279/1895 1962/275/1892 1959/278/1890
f 1964/273/1894 1963/270/1893 1962/275/1892
f 1964/273/1894 1966/271/1896 1963/270/1893
f 1963/270/1893 1966/271/1896 1852/258/1785
f 1955/272/1886 1963/270/1893 1852/258/1785
f 1968/373/1898 1964/273/1894 1967/281/1897
f 1966/271/1896 1964/273/1894 1968/373/1898
f 1964/273/1894 1965/279/1895 1967/281/1897
f 1967/281/1897 1965/279/1895 1959/278/1890
f 1947/280/1878 1967/281/1897 1959/278/1890
f 1969/369/1899 1967/281/1897 1947/280/1878
f 1968/373/1898 1967/281/1897 1969/369/1899
f 1970/371/1900 1968/373/1898 1969/369/1899
f 1970/371/1900 1966/271/1896 1968/373/1898
f 1969/369/1899 1942/366/1873 1971/370/1901
f 1970/371/1900 1969/369/1899 1972/372/1902
f 1942/366/1873 1969/369/1899 1947/280/1878
f 1969/369/1899 1973/370/1903 1972/372/1902
f 1959/278/1890 1946/282/1877 1947/280/1878
f 1946/282/1877 1953/277/1884 1945/285/1876
f 1972/372/1902 1974/374/1904 1970/371/1900
f 1972/372/1902 1975/375/1905 1974/374/1904
f 1977/375/1907 1972/372/1902 1976/370/1906
f 1975/375/1905 1979/469/1909 1978/376/1908
f 1981/474/1911 1980/470/1910 1975/375/1905
f 1975/375/1905 1978/376/1908 1974/374/1904
f 1982/476/1912 1981/474/1911 1975/375/1905
f 1980/470/1910 1983/468/1913 1979/469/1909
f 1978/376/1908 1979/469/1909 1984/467/1914
f 1980/470/1910 1979/469/1909 1985/375/1915
f 1983/468/1913 1984/467/1914 1979/469/1909
f 1983/468/1913 1987/470/1917 1986/471/1916
f 1986/471/1916 1989/457/1919 1988/472/1918
f 1986/471/1916 1988/472/1918 1990/462/1920
f 1987/470/1917 1991/473/1921 1986/471/1916
f 1987/470/1917 1992/474/1922 1991/473/1921
f 1992/474/1922 1993/475/1923 1991/473/1921
f 1994/476/1924 1993/475/1923 1992/474/1922
f 1995/477/1925 1993/475/1923 1994/476/1924
f 1995/477/1925 1994/476/1924 1996/478/1926
f 1994/476/1924 1997/479/1927 1996/478/1926
f 1996/478/1926 1997/479/1927 1998/370/1928
f 1988/472/1918 2000/459/1930 1999/462/1929
f 2002/468/1932 2001/471/1931 1999/462/1929
f 1984/467/1914 2002/468/1932 1999/462/1929
f 2004/465/1934 2003/466/1933 1984/467/1914
f 2004/465/1934 1984/467/1914 2005/462/1935
f 2003/466/1933 1978/376/1908 1984/467/1914
f 2006/377/1936 2003/466/1933 2004/465/1934
f 1978/376/1908 2003/466/1933 2007/377/1937
f 2009/381/1939 2008/377/1938 2004/465/1934
f 2009/381/1939 2004/465/1934 2005/462/1935
f 2011/460/1941 2010/461/1940 2005/462/1935
f 2010/461/1940 2009/381/1939 2005/462/1935
f 2012/459/1942 2011/460/1941 2005/462/1935
f 2009/381/1939 2014/379/1944 2013/377/1943
f 2014/379/1944 2016/380/1946 2015/378/1945
f 2016/380/1946 2014/379/1944 2017/254/1947
f 2014/379/1944 2019/381/1948 2018/382/1948
f 2014/379/1944 2020/382/1949 2017/254/1947
f 2014/379/1944 2015/378/1945 2021/377/1950
f 2022/256/1951 2016/380/1946 2017/254/1947
f 2015/378/1945 2016/380/1946 2023/256/1952
f 2017/254/1947 2025/383/1954 2024/247/1953
f 2027/247/1956 2026/253/1955 2017/254/1947
f 2026/253/1955 2028/256/1957 2017/254/1947
f 2025/383/1954 2017/254/1947 2020/382/1949
f 2025/383/1954 2029/248/1958 2024/247/1953
f 2031/384/1960 2025/383/1954 2030/385/1959
f 2030/385/1959 2025/383/1954 2020/382/1949
f 2025/383/1954 2031/384/1960 2029/248/1958
f 2027/247/1956 2029/248/1958 1249/245/1199
f 2029/248/1958 2032/386/1961 1241/246/1191
f 2029/248/1958 1241/246/1191 1249/245/1199
f 2031/384/1960 2032/386/1961 2029/248/1958
f 1249/245/1199 2033/249/1962 2027/247/1956
f 2033/249/1962 2026/253/1955 2027/247/1956
f 1249/245/1199 1250/244/1200 2033/249/1962
f 2033/249/1962 1853/252/1786 2026/253/1955
f 2033/249/1962 1797/250/1730 1853/252/1786
f 1250/244/1200 1797/250/1730 2033/249/1962
f 1853/252/1786 1799/563/1732 1851/262/1784
f 1853/252/1786 1854/255/1787 2026/253/1955
f 1797/250/1730 1799/563/1732 1853/252/1786
f 1799/563/1732 2034/564/1963 1851/262/1784
f 1798/541/1731 2034/564/1963 1799/563/1732
f 1798/541/1731 1847/565/1780 2034/564/1963
f 2034/564/1963 1847/565/1780 2035/262/1075
f 1847/565/1780 1798/541/1731 1804/540/1737
f 2026/253/1955 1854/255/1787 2036/256/1964
f 1854/255/1787 1852/258/1785 2037/256/1965
f 1966/271/1896 2038/256/1966 1852/258/1785
f 1966/271/1896 2015/378/1945 2039/256/1967
f 1970/371/1900 1974/374/1904 1966/271/1896
f 1974/374/1904 2015/378/1945 1966/271/1896
f 2015/378/1945 1974/374/1904 2040/377/1968
f 1974/374/1904 1978/376/1908 2041/377/1969
f 2032/386/1961 2031/384/1960 2042/388/1970
f 2042/388/1970 2031/384/1960 2043/389/1971
f 2045/464/1973 2044/393/1972 2031/384/1960
f 2045/464/1973 2031/384/1960 2030/385/1959
f 2044/393/1972 2043/389/1971 2031/384/1960
f 2032/386/1961 2042/388/1970 1229/387/1179
f 1241/246/1191 2032/386/1961 1229/387/1179
f 1229/387/1179 2047/390/1974 2046/394/1974
f 2042/388/1970 2048/390/1975 1229/387/1179
f 2042/388/1970 2043/389/1971 2049/390/1976
f 2043/389/1971 2051/391/1978 2050/390/1977
f 2051/391/1978 2043/389/1971 2052/392/1979
f 2043/389/1971 2044/393/1972 2052/392/1979
f 2051/391/1978 2054/392/1981 2053/394/1980
f 2056/390/1982 2051/391/1978 2055/394/1982
f 2054/392/1981 2058/395/1984 2057/394/1983
f 2058/395/1984 2060/396/1986 2059/394/1985
f 2061/397/1987 2058/395/1984 2052/392/1979
f 2060/396/1986 2058/395/1984 2061/397/1987
f 2061/397/1987 2063/398/1989 2062/399/1988
f 2061/397/1987 2065/400/1991 2064/401/1990
f 2061/397/1987 2066/401/1992 2063/398/1989
f 2065/400/1991 2061/397/1987 2052/392/1979
f 2062/399/1988 2060/396/1986 2061/397/1987
f 2060/396/1986 2062/399/1988 2067/402/1993
f 2067/402/1993 2062/399/1988 2063/398/1989
f 2068/403/1994 2067/402/1993 2063/398/1989
f 2070/401/1996 2069/404/1995 2063/398/1989
f 2068/403/1994 2063/398/1989 2069/404/1995
f 1206/405/1156 2060/396/1986 2067/402/1993
f 1206/405/1156 2067/402/1993 2071/406/1997
f 2067/402/1993 2068/403/1994 2072/407/1998
f 2067/402/1993 2072/407/1998 2071/406/1997
f 2073/456/1999 2068/403/1994 2069/404/1995
f 2068/403/1994 2075/456/2001 2074/455/2000
f 2068/403/1994 2074/455/2000 2072/407/1998
f 2069/404/1995 2077/401/2003 2076/458/2002
f 2073/456/1999 2069/404/1995 2076/458/2002
f 2012/459/1942 2073/456/1999 2076/458/2002
f 2012/459/1942 2076/458/2002 2011/460/1941
f 2010/461/1940 2011/460/1941 2076/458/2002
f 2010/461/1940 2076/458/2002 2020/382/1949
f 2076/458/2002 2078/401/2004 2020/382/1949
f 2079/381/2005 2010/461/1940 2020/382/1949
f 2081/401/2007 2080/463/2006 2020/382/1949
f 2080/463/2006 2030/385/1959 2020/382/1949
f 2080/463/2006 2065/400/1991 2045/464/1973
f 2080/463/2006 2045/464/1973 2030/385/1959
f 2065/400/1991 2080/463/2006 2082/401/2008
f 2045/464/1973 2065/400/1991 2044/393/1972
f 2044/393/1972 2065/400/1991 2052/392/1979
f 2075/456/2001 1989/457/1919 2074/455/2000
f 2075/456/2001 2000/459/1930 1989/457/1919
f 2000/459/1930 2084/472/2009 2083/457/2009
f 1207/408/1157 1206/405/1156 2071/406/1997
f 1206/405/1156 1208/410/1158 2060/396/1986
f 2060/396/1986 1211/414/1161 2085/394/2010
f 1208/410/1158 1211/414/1161 2060/396/1986
f 1211/414/1161 1208/410/1158 2086/413/2011
f 2088/479/2013 2087/476/2012 1977/375/1907
f 2088/479/2013 1977/375/1907 2089/370/2014
f 1942/366/1873 1943/367/1874 2090/370/2015
f 1943/367/1874 2092/478/2017 2091/370/2016
f 2092/478/2017 2094/367/2019 2093/480/2018
f 2095/481/2020 2093/480/2018 1939/368/1870
f 2097/482/2021 2093/480/2018 2096/481/2021
f 2094/367/2019 1939/368/1870 2093/480/2018
f 2099/481/2022 1944/368/1875 2098/365/2022
f 1912/491/1845 1908/492/1841 2100/493/2023
f 1908/492/1841 2101/494/2024 2100/493/2023
f 2102/494/2025 1908/492/1841 1899/496/1832
f 2102/494/2025 1899/496/1832 1893/499/1826
f 2103/500/2026 2102/494/2025 1893/499/1826
f 2103/500/2026 1893/499/1826 1894/502/1827
f 2104/501/2027 2103/500/2026 1894/502/1827
f 2104/501/2027 1894/502/1827 2105/503/2028
f 2107/504/2030 2106/505/2029 2104/501/2027
f 2108/506/2031 2104/501/2027 2105/503/2028
f 2107/504/2030 2104/501/2027 2108/506/2031
f 2109/343/2032 2105/503/2028 1895/502/1828
f 2111/343/2034 2110/340/2033 2105/503/2028
f 2113/506/2036 2105/503/2028 2112/507/2035
f 2110/340/2033 2112/507/2035 2105/503/2028
f 2115/509/2038 2112/507/2035 2114/510/2037
f 2117/511/2040 2116/512/2039 2114/510/2037
f 2116/512/2039 2115/509/2038 2114/510/2037
f 2116/512/2039 2118/513/2041 2115/509/2038
f 2118/513/2041 2108/506/2031 2115/509/2038
f 2120/514/2043 2119/515/2042 2116/512/2039
f 2116/512/2039 2121/511/2044 2120/514/2043
f 2119/515/2042 2118/513/2041 2116/512/2039
f 2118/513/2041 2119/515/2042 2122/516/2045
f 2118/513/2041 2107/504/2030 2108/506/2031
f 2107/504/2030 2118/513/2041 2123/516/2046
f 2124/518/2047 2122/516/2045 2119/515/2042
f 2119/515/2042 2120/514/2043 2125/517/2048
f 2127/517/2050 2126/518/2049 2119/515/2042
f 2129/519/2052 2128/520/2051 2125/517/2048
f 2128/520/2051 2130/521/2053 2127/517/2050
f 2132/522/2055 2131/523/2054 2120/514/2043
f 2131/523/2054 2133/517/2056 2120/514/2043
f 2134/511/2057 2132/522/2055 2120/514/2043
f 2131/523/2054 2135/519/2058 2133/517/2056
f 2137/500/2060 2136/505/2059 2101/494/2024
f 2136/505/2059 2137/500/2060 2138/501/2061
f 1890/343/1823 1883/341/1816 2139/340/2062
f 1883/341/1816 2140/339/2063 2139/340/2062
f 2140/339/2063 2141/333/2064 2139/340/2062
f 1883/341/1816 1884/338/1817 2140/339/2063
f 2140/339/2063 2142/332/2065 2141/333/2064
f 2140/339/2063 1884/338/1817 2142/332/2065
f 2142/332/2065 2143/331/2066 2141/333/2064
f 2142/332/2065 2145/335/2068 2144/329/2067
f 1884/338/1817 2145/335/2068 2142/332/2065
f 2145/335/2068 1884/338/1817 1878/336/1811
f 1878/336/1811 2146/334/2069 2145/335/2068
f 2145/335/2068 2146/334/2069 2144/329/2067
f 2146/334/2069 2147/330/2070 2144/329/2067
f 2148/332/2071 2144/329/2067 2143/331/2066
f 2144/329/2067 2149/328/2072 2143/331/2066
f 2146/334/2069 1878/336/1811 1879/337/1812
f 2147/330/2070 2146/334/2069 2150/327/2073
f 2146/334/2069 1879/337/1812 2150/327/2073
f 2147/330/2070 2150/327/2073 2151/326/2074
f 2152/329/2075 2147/330/2070 2151/326/2074
f 2150/327/2073 1879/337/1812 1877/322/1810
f 2153/321/2076 2150/327/2073 1877/322/1810
f 1867/319/1800 2154/321/2077 1877/322/1810
f 2156/326/2079 2154/321/2077 2155/320/2078
f 2157/327/2080 2154/321/2077 2151/326/2074
f 2155/320/2078 2154/321/2077 1867/319/1800
f 2149/328/2072 2152/329/2075 2151/326/2074
f 1817/314/1750 2158/318/2081 2155/320/2078
f 2159/325/2082 2156/326/2079 2155/320/2078
f 1817/314/1750 2155/320/2078 1867/319/1800
f 2159/325/2082 2155/320/2078 2160/318/2083
f 2162/528/2085 2159/325/2082 2161/318/2084
f 1814/529/1747 2162/528/2085 2163/318/2086
f 2164/451/2087 1185/428/1135 1195/427/1145
f 1176/444/1126 1185/428/1135 2165/449/2088
f 1185/428/1135 2167/451/2090 2166/449/2089
f 2166/449/2089 2168/450/2091 1176/444/1126
f 2168/450/2091 1167/447/1117 1176/444/1126
f 2168/450/2091 1168/452/1118 1167/447/1117
f 2169/453/2092 1166/448/1116 1177/447/1127
f 2172/509/2093 2171/506/2093 2170/507/2093
f 2175/727/2094 2174/728/2094 2173/722/2094
f 2178/715/2095 2177/719/2095 2176/712/2095
f 2181/505/2096 2180/493/2096 2179/494/2096
f 2184/521/2097 2183/518/2097 2182/517/2097
f 2187/699/2098 2186/698/2098 2185/701/2098
f 2190/1/1051 2189/2/2100 2188/3/2099
f 2191/4/2101 2189/2/2100 2190/1/1051
f 2193/5/2102 2190/1/1051 2192/6/1053
f 2190/1/1051 2193/5/2102 2191/4/2101
f 2188/3/2099 2194/7/2103 2190/1/1051
f 2190/1/1051 2195/8/2104 2192/6/1053
f 2194/7/2103 2195/8/2104 2190/1/1051
f 2191/4/2101 2196/9/1057 2189/2/2100
f 2196/9/1057 2191/4/2101 2197/10/2105
f 2191/4/2101 2193/5/2102 2197/10/2105
f 2199/11/1060 2198/12/2106 2193/5/2102
f 2193/5/2102 2192/6/1053 2199/11/1060
f 2198/12/2106 2197/10/2105 2193/5/2102
f 2197/10/2105 2198/12/2106 2200/13/1061
f 2196/9/1057 2197/10/2105 2201/14/2107
f 2197/10/2105 2200/13/1061 2201/14/2107
f 2203/15/1064 2196/9/1057 2202/16/2108
f 2196/9/1057 2203/15/1064 2189/2/2100
f 2196/9/1057 2201/14/2107 2202/16/2108
f 2201/14/2107 2204/17/1067 2202/16/2108
f 2204/17/1067 2201/14/2107 2200/13/1061
f 2200/13/1061 2205/18/1070 2204/17/1067
f 2198/12/2106 2206/19/1120 2200/13/1061
f 2205/18/1070 2200/13/1061 2206/19/1120
f 2204/17/1067 2207/20/2109 2202/16/2108
f 2209/21/2111 2208/22/2110 2204/17/1067
f 2204/17/1067 2205/18/1070 2209/21/2111
f 2208/22/2110 2207/20/2109 2204/17/1067
f 2211/23/1074 2210/24/2112 2207/20/2109
f 2207/20/2109 2208/22/2110 2211/23/1074
f 2210/24/2112 2202/16/2108 2207/20/2109
f 2211/23/1074 2212/25/2113 2210/24/2112
f 2210/24/2112 2213/26/1276 2202/16/2108
f 2210/24/2112 2212/25/2113 2214/27/2114
f 2214/27/2114 2215/28/1275 2210/24/2112
f 2215/28/1275 2213/26/1276 2210/24/2112
f 2211/23/1074 2216/29/1077 2212/25/2113
f 2208/22/2110 2216/29/1077 2211/23/1074
f 2218/30/2115 2217/31/1078 2216/29/1077
f 2219/32/2116 2216/29/1077 2217/31/1078
f 2216/29/1077 2220/32/2117 2212/25/2113
f 2208/22/2110 2218/30/2115 2216/29/1077
f 2222/33/1082 2221/34/2118 2218/30/2115
f 2218/30/2115 2223/35/2119 2217/31/1078
f 2221/34/2118 2223/35/2119 2218/30/2115
f 2222/33/1082 2218/30/2115 2208/22/2110
f 2208/22/2110 2209/21/2111 2224/36/1085
f 2224/36/1085 2222/33/1082 2208/22/2110
f 2222/33/1082 2224/36/1085 2225/37/2120
f 2221/34/2118 2222/33/1082 2225/37/2120
f 2227/38/1087 2226/39/1086 2224/36/1085
f 2226/39/1086 2225/37/2120 2224/36/1085
f 2209/21/2111 2228/40/2121 2224/36/1085
f 2228/40/2121 2227/38/1087 2224/36/1085
f 2226/39/1086 2229/41/1089 2225/37/2120
f 2226/39/1086 2230/42/1090 2229/41/1089
f 2230/42/1090 2226/39/1086 2227/38/1087
f 2231/43/1091 2230/42/1090 2227/38/1087
f 2231/43/1091 2227/38/1087 2228/40/2121
f 2233/44/1093 2232/45/1092 2228/40/2121
f 2228/40/2121 2205/18/1070 2233/44/1093
f 2232/45/1092 2231/43/1091 2228/40/2121
f 2205/18/1070 2228/40/2121 2234/21/1094
f 2230/42/1090 2231/43/1091 2232/45/1092
f 2235/46/1095 2229/41/1089 2230/42/1090
f 2230/42/1090 2236/47/2122 2235/46/1095
f 2236/47/2122 2230/42/1090 2232/45/1092
f 2235/46/1095 2236/47/2122 2232/45/1092
f 2238/48/2123 2237/49/1097 2232/45/1092
f 2238/48/2123 2232/45/1092 2239/50/2124
f 2232/45/1092 2233/44/1093 2239/50/2124
f 2237/49/1097 2235/46/1095 2240/45/1100
f 2235/46/1095 2237/49/1097 2241/48/1101
f 2235/46/1095 2242/51/1102 2229/41/1089
f 2243/52/2125 2242/51/1102 2235/46/1095
f 2243/52/2125 2235/46/1095 2238/48/2123
f 2242/51/1102 2244/53/2126 2229/41/1089
f 2246/54/2127 2242/51/1102 2245/48/1105
f 2244/53/2126 2242/51/1102 2246/54/2127
f 2242/51/1102 2243/52/2125 2238/48/2123
f 2246/54/2127 2238/48/2123 2247/55/2128
f 2246/54/2127 2247/55/2128 2248/56/2129
f 2248/56/2129 2244/53/2126 2246/54/2127
f 2249/57/2130 2247/55/2128 2239/50/2124
f 2238/48/2123 2239/50/2124 2247/55/2128
f 2247/55/2128 2250/58/2131 2248/56/2129
f 2252/58/2133 2251/59/2132 2248/56/2129
f 2244/53/2126 2248/56/2129 2253/60/2134
f 2253/60/2134 2248/56/2129 2251/59/2132
f 2254/61/2135 2253/60/2134 2251/59/2132
f 2255/62/2136 2244/53/2126 2253/60/2134
f 2257/63/2138 2256/64/2137 2253/60/2134
f 2256/64/2137 2255/62/2136 2253/60/2134
f 2257/63/2138 2253/60/2134 2254/61/2135
f 2258/65/2139 2257/63/2138 2254/61/2135
f 2260/66/2141 2259/67/2140 2257/63/2138
f 2259/67/2140 2256/64/2137 2257/63/2138
f 2261/66/2142 2257/63/2138 2258/65/2139
f 2262/68/2143 2255/62/2136 2256/64/2137
f 2262/68/2143 2256/64/2137 2263/69/2144
f 2256/64/2137 2259/67/2140 2263/69/2144
f 2244/53/2126 2255/62/2136 2262/68/2143
f 2265/70/1485 2262/68/2143 2264/71/2145
f 2265/70/1485 2244/53/2126 2262/68/2143
f 2267/72/2147 2262/68/2143 2266/69/2146
f 2262/68/2143 2267/72/2147 2264/71/2145
f 2244/53/2126 2265/70/1485 2229/41/1089
f 2265/70/1485 2268/71/1484 2229/41/1089
f 2270/75/2148 2269/79/1483 2229/41/1089
f 2268/71/1484 2270/75/2148 2229/41/1089
f 2271/79/2149 2225/37/2120 2229/41/1089
f 2273/74/2151 2272/79/2150 2270/75/2148
f 2273/74/2151 2270/75/2148 2264/71/2145
f 2275/80/2153 2274/79/2152 2273/74/2151
f 2275/80/2153 2273/74/2151 2276/78/2154
f 2277/73/2155 2273/74/2151 2264/71/2145
f 2273/74/2151 2277/73/2155 2276/78/2154
f 2278/81/1470 2275/80/2153 2276/78/2154
f 2279/79/2156 2275/80/2153 2225/37/2120
f 2275/80/2153 2278/81/1470 2225/37/2120
f 2280/82/2157 2221/34/2118 2278/81/1470
f 2278/81/1470 2221/34/2118 2225/37/2120
f 2278/81/1470 2276/78/2154 2280/82/2157
f 2281/83/1315 2223/35/2119 2221/34/2118
f 2280/82/2157 2281/83/1315 2221/34/2118
f 2282/84/1468 2281/83/1315 2280/82/2157
f 2280/82/2157 2284/85/1472 2283/84/2158
f 2276/78/2154 2284/85/1472 2280/82/2157
f 2281/83/1315 2282/84/1468 2285/86/2159
f 2282/84/1468 2286/87/2160 2285/86/2159
f 2286/87/2160 2282/84/1468 2287/88/2161
f 2281/83/1315 2285/86/2159 2288/89/1316
f 2285/86/2159 2290/90/2163 2289/91/2162
f 2290/90/2163 2285/86/2159 2286/87/2160
f 2285/86/2159 2289/91/2162 2288/89/1316
f 2291/92/2164 2286/87/2160 2287/88/2161
f 2292/93/2165 2290/90/2163 2286/87/2160
f 2292/93/2165 2286/87/2160 2291/92/2164
f 2294/94/1334 2290/90/2163 2293/95/2166
f 2290/90/2163 2294/94/1334 2295/96/1330
f 2290/90/2163 2292/93/2165 2293/95/2166
f 2290/90/2163 2295/96/1330 2289/91/2162
f 2296/97/1342 2292/93/2165 2291/92/2164
f 2292/93/2165 2296/97/1342 2293/95/2166
f 2298/157/2168 2297/159/2167 2293/95/2166
f 2300/159/2169 2299/161/1336 2293/95/2166
f 2294/94/1334 2293/95/2166 2299/161/1336
f 2296/97/1342 2298/157/2168 2293/95/2166
f 2294/94/1334 2299/161/1336 2301/163/1338
f 2294/94/1334 2302/164/1075 2295/96/1330
f 2299/161/1336 2303/162/1340 2301/163/1338
f 2303/162/1340 2299/161/1336 2304/159/2170
f 2305/609/1358 2301/163/1338 2303/162/1340
f 2301/163/1338 2305/609/1358 2306/165/1331
f 2306/165/1331 2307/164/1367 2301/163/1338
f 2309/164/1075 2308/94/1075 2301/163/1338
f 2311/160/2172 2303/162/1340 2310/159/2171
f 2313/616/2174 2312/610/2173 2303/162/1340
f 2313/616/2174 2303/162/1340 2311/160/2172
f 2312/610/2173 2305/609/1358 2303/162/1340
f 2315/158/2176 2311/160/2172 2314/156/2175
f 2311/160/2172 2315/158/2176 2316/617/2177
f 2316/617/2177 2313/616/2174 2311/160/2172
f 2311/160/2172 2317/159/2178 2314/156/2175
f 2318/612/2179 2313/616/2174 2316/617/2177
f 2318/612/2179 2312/610/2173 2313/616/2174
f 2312/610/2173 2318/612/2179 2319/611/2180
f 2312/610/2173 2319/611/2180 2305/609/1358
f 2320/614/2181 2318/612/2179 2316/617/2177
f 2319/611/2180 2318/612/2179 2320/614/2181
f 2316/617/2177 2322/668/1352 2321/618/2182
f 2321/618/2182 2320/614/2181 2316/617/2177
f 2315/158/2176 2322/668/1352 2316/617/2177
f 2323/613/2183 2319/611/2180 2320/614/2181
f 2323/613/2183 2320/614/2181 2321/618/2182
f 2325/608/1360 2319/611/2180 2324/615/2184
f 2319/611/2180 2325/608/1360 2305/609/1358
f 2319/611/2180 2323/613/2183 2324/615/2184
f 2325/608/1360 2326/605/1361 2305/609/1358
f 2326/605/1361 2306/165/1331 2305/609/1358
f 2325/608/1360 2324/615/2184 2327/620/1362
f 2326/605/1361 2325/608/1360 2328/606/1363
f 2325/608/1360 2327/620/1362 2328/606/1363
f 2329/619/2185 2324/615/2184 2321/618/2182
f 2324/615/2184 2329/619/2185 2327/620/1362
f 2324/615/2184 2323/613/2183 2321/618/2182
f 2331/621/2187 2327/620/1362 2330/622/2186
f 2328/606/1363 2327/620/1362 2332/623/2188
f 2327/620/1362 2329/619/2185 2330/622/2186
f 2327/620/1362 2331/621/2187 2333/623/2189
f 2335/604/1364 2328/606/1363 2334/607/2190
f 2328/606/1363 2335/604/1364 2326/605/1361
f 2328/606/1363 2333/623/2189 2334/607/2190
f 2337/624/2192 2333/623/2189 2336/625/2191
f 2337/624/2192 2338/626/2193 2333/623/2189
f 2333/623/2189 2331/621/2187 2336/625/2191
f 2338/626/2193 2334/607/2190 2333/623/2189
f 2336/625/2191 2331/621/2187 2339/627/1387
f 2331/621/2187 2330/622/2186 2339/627/1387
f 2336/625/2191 2340/628/2194 2337/624/2192
f 2340/628/2194 2336/625/2191 2341/629/1381
f 2336/625/2191 2339/627/1387 2341/629/1381
f 2337/624/2192 2342/630/2195 2338/626/2193
f 2343/630/2196 2337/624/2192 2340/628/2194
f 2345/631/2198 2344/603/2197 2338/626/2193
f 2344/603/2197 2334/607/2190 2338/626/2193
f 2334/607/2190 2344/603/2197 2335/604/1364
f 2347/601/2200 2344/603/2197 2346/602/2199
f 2344/603/2197 2348/172/1327 2335/604/1364
f 2344/603/2197 2345/631/2198 2346/602/2199
f 2348/172/1327 2344/603/2197 2347/601/2200
f 2346/602/2199 2349/599/2201 2347/601/2200
f 2350/171/1325 2348/172/1327 2347/601/2200
f 2349/599/2201 2351/598/2202 2347/601/2200
f 2350/171/1325 2347/601/2200 2351/598/2202
f 2335/604/1364 2348/172/1327 2352/169/2203
f 2348/172/1327 2353/168/1322 2352/169/2203
f 2353/168/1322 2348/172/1327 2350/171/1325
f 2335/604/1364 2352/169/2203 2326/605/1361
f 2326/605/1361 2352/169/2203 2306/165/1331
f 2352/169/2203 2354/166/1323 2306/165/1331
f 2354/166/1323 2352/169/2203 2353/168/1322
f 2355/170/1317 2353/168/1322 2350/171/1325
f 2356/167/2204 2354/166/1323 2353/168/1322
f 2356/167/2204 2353/168/1322 2355/170/1317
f 2295/96/1330 2354/166/1323 2289/91/2162
f 2306/165/1331 2354/166/1323 2295/96/1330
f 2354/166/1323 2356/167/2204 2289/91/2162
f 2357/164/2205 2306/165/1331 2295/96/1330
f 2358/173/2206 2356/167/2204 2355/170/1317
f 2358/173/2206 2288/89/1316 2356/167/2204
f 2288/89/1316 2289/91/2162 2356/167/2204
f 2360/174/1310 2358/173/2206 2359/175/2207
f 2360/174/1310 2361/176/2208 2358/173/2206
f 2358/173/2206 2355/170/1317 2359/175/2207
f 2361/176/2208 2288/89/1316 2358/173/2206
f 2281/83/1315 2288/89/1316 2361/176/2208
f 2223/35/2119 2281/83/1315 2361/176/2208
f 2223/35/2119 2361/176/2208 2217/31/1078
f 2217/31/1078 2361/176/2208 2360/174/1310
f 2362/177/2209 2217/31/1078 2360/174/1310
f 2362/177/2209 2360/174/1310 2359/175/2207
f 2362/177/2209 2363/32/2210 2217/31/1078
f 2364/178/2211 2362/177/2209 2359/175/2207
f 2366/32/2212 2362/177/2209 2365/179/1277
f 2362/177/2209 2364/178/2211 2365/179/1277
f 2368/180/2214 2364/178/2211 2367/181/2213
f 2359/175/2207 2367/181/2213 2364/178/2211
f 2364/178/2211 2368/180/2214 2365/179/1277
f 2370/182/2216 2369/183/2215 2368/180/2214
f 2370/182/2216 2368/180/2214 2367/181/2213
f 2368/180/2214 2371/184/2217 2365/179/1277
f 2369/183/2215 2371/184/2217 2368/180/2214
f 2369/183/2215 2372/185/2218 2371/184/2217
f 2365/179/1277 2371/184/2217 2373/186/1278
f 2371/184/2217 2374/187/2219 2373/186/1278
f 2372/185/2218 2374/187/2219 2371/184/2217
f 2374/187/2219 2372/185/2218 2375/188/2220
f 2373/186/1278 2374/187/2219 2376/189/2221
f 2374/187/2219 2375/188/2220 2376/189/2221
f 2378/190/2223 2377/191/2222 2375/188/2220
f 2380/189/2225 2375/188/2220 2379/192/2224
f 2377/191/2222 2381/193/2226 2375/188/2220
f 2375/188/2220 2383/194/2228 2382/192/2227
f 2384/195/2229 2377/191/2222 2378/190/2223
f 2385/196/2230 2384/195/2229 2378/190/2223
f 2387/198/2231 2384/195/2229 2386/196/2231
f 2384/195/2229 2388/198/2232 2377/191/2222
f 2390/198/2233 2389/193/2233 2377/191/2222
f 2392/197/2235 2385/196/2230 2391/190/2234
f 2393/185/2236 2392/197/2235 2391/190/2234
f 2393/185/2236 2391/190/2234 2394/188/2237
f 2381/193/2226 2383/194/2228 2395/188/2238
f 2379/192/2224 2396/199/2239 2380/189/2225
f 2380/189/2225 2397/200/2240 2373/186/1278
f 2380/189/2225 2396/199/2239 2397/200/2240
f 2396/199/2239 2398/201/2241 2397/200/2240
f 2400/202/2243 2397/200/2240 2399/203/2242
f 2397/200/2240 2401/204/1254 2373/186/1278
f 2401/204/1254 2397/200/2240 2400/202/2243
f 2397/200/2240 2398/201/2241 2402/203/2244
f 2400/202/2243 2404/205/2245 2403/206/1252
f 2405/206/2246 2401/204/1254 2400/202/2243
f 2407/205/1241 2400/202/2243 2406/207/2247
f 2409/208/1259 2408/206/1258 2404/205/2245
f 2409/208/1259 2411/209/2249 2410/210/2248
f 2411/209/2249 2409/208/1259 2214/27/2114
f 2412/206/1263 2409/208/1259 2401/204/1254
f 2414/211/1265 2413/212/2250 2409/208/1259
f 2414/211/1265 2409/208/1259 2407/205/1241
f 2409/208/1259 2415/213/2251 2214/27/2114
f 2409/208/1259 2410/210/2248 2401/204/1254
f 2417/212/2252 2416/213/2252 2409/208/1259
f 2419/212/2254 2414/211/1265 2418/214/2253
f 2418/214/2253 2414/211/1265 2407/205/1241
f 2421/215/2255 2420/216/1242 2407/205/1241
f 2422/216/1268 2418/214/2253 2407/205/1241
f 2424/217/1247 2423/218/2256 2407/205/1241
f 2424/217/1247 2407/205/1241 2406/207/2247
f 2423/218/2256 2421/215/2255 2407/205/1241
f 2426/216/2257 2421/215/2255 2425/219/1237
f 2421/215/2255 2428/220/2259 2427/221/2258
f 2421/215/2255 2429/221/1244 2425/219/1237
f 2425/219/1237 2431/222/1205 2430/223/2260
f 2425/219/1237 2427/221/2258 2431/222/1205
f 2430/223/2260 2418/214/2253 2425/219/1237
f 2418/214/2253 2432/216/1273 2425/219/1237
f 2418/214/2253 2430/223/2260 2433/224/2261
f 2433/224/2261 2430/223/2260 2431/222/1205
f 2433/224/2261 2434/225/2262 2418/214/2253
f 2436/226/1272 2435/212/2263 2418/214/2253
f 2434/225/2262 2436/226/1272 2418/214/2253
f 2437/227/2264 2433/224/2261 2431/222/1205
f 2433/224/2261 2437/227/2264 2434/225/2262
f 2215/28/1275 2438/212/2265 2434/225/2262
f 2437/227/2264 2439/228/2266 2434/225/2262
f 2215/28/1275 2434/225/2262 2439/228/2266
f 2440/212/2267 2436/226/1272 2434/225/2262
f 2213/26/1276 2215/28/1275 2439/228/2266
f 2441/212/2268 2215/28/1275 2214/27/2114
f 2203/15/1064 2213/26/1276 2189/2/2100
f 2213/26/1276 2439/228/2266 2189/2/2100
f 2213/26/1276 2203/15/1064 2202/16/2108
f 2189/2/2100 2439/228/2266 2188/3/2099
f 2439/228/2266 2442/229/2269 2188/3/2099
f 2194/7/2103 2188/3/2099 2442/229/2269
f 2442/229/2269 2439/228/2266 2437/227/2264
f 2443/230/1189 2194/7/2103 2442/229/2269
f 2443/230/1189 2442/229/2269 2437/227/2264
f 2194/7/2103 2444/231/2270 2195/8/2104
f 2446/232/1190 2445/233/2271 2194/7/2103
f 2445/233/2271 2444/231/2270 2194/7/2103
f 2194/7/2103 2443/230/1189 2446/232/1190
f 2447/234/2272 2443/230/1189 2437/227/2264
f 2443/230/1189 2448/235/2273 2446/232/1190
f 2448/235/2273 2443/230/1189 2447/234/2272
f 2431/222/1205 2449/236/1203 2437/227/2264
f 2449/236/1203 2447/234/2272 2437/227/2264
f 2447/234/2272 2449/236/1203 2450/237/2274
f 2450/237/2274 2448/235/2273 2447/234/2272
f 2452/238/1196 2451/239/1192 2448/235/2273
f 2452/238/1196 2448/235/2273 2453/240/2275
f 2451/239/1192 2446/232/1190 2448/235/2273
f 2448/235/2273 2450/237/2274 2453/240/2275
f 2453/240/2275 2450/237/2274 2454/241/1202
f 2450/237/2274 2455/242/1204 2454/241/1202
f 2449/236/1203 2455/242/1204 2450/237/2274
f 2456/243/1201 2453/240/2275 2454/241/1202
f 2452/238/1196 2453/240/2275 2456/243/1201
f 2458/244/1200 2457/245/2276 2452/238/1196
f 2458/244/1200 2452/238/1196 2456/243/1201
f 2457/245/2276 2451/239/1192 2452/238/1196
f 2451/239/1192 2459/246/1191 2446/232/1190
f 2459/246/1191 2451/239/1192 2457/245/2276
f 2461/247/1956 2460/248/2277 2457/245/2276
f 2457/245/2276 2462/249/1962 2461/247/1956
f 2457/245/2276 2458/244/1200 2462/249/1962
f 2460/248/2277 2459/246/1191 2457/245/2276
f 2464/250/1730 2458/244/1200 2463/251/1727
f 2458/244/1200 2456/243/1201 2463/251/1727
f 2458/244/1200 2464/250/1730 2462/249/1962
f 2462/249/1962 2466/252/1786 2465/253/2278
f 2462/249/1962 2464/250/1730 2466/252/1786
f 2462/249/1962 2465/253/2278 2461/247/1956
f 2461/247/1956 2465/253/2278 2467/254/2279
f 2465/253/2278 2469/255/2281 2468/256/2280
f 2465/253/2278 2468/256/2280 2467/254/2279
f 2466/252/1786 2469/255/2281 2465/253/2278
f 2469/255/2281 2466/252/1786 2470/257/2282
f 2466/252/1786 2472/563/2283 2471/262/1784
f 2466/252/1786 2471/262/1784 2470/257/2282
f 2464/250/1730 2472/563/2283 2466/252/1786
f 2469/255/2281 2473/258/1785 2468/256/2280
f 2473/258/1785 2469/255/2281 2470/257/2282
f 2475/259/1782 2470/257/2282 2474/260/2284
f 2474/260/2284 2470/257/2282 2476/261/2285
f 2471/262/1784 2477/261/2286 2470/257/2282
f 2475/259/1782 2473/258/1785 2470/257/2282
f 2479/565/1780 2478/261/1075 2471/262/1784
f 2472/563/2283 2480/564/1963 2471/262/1784
f 2482/261/2287 2479/565/1780 2481/566/1778
f 2483/540/1737 2481/566/1778 2479/565/1780
f 2479/565/1780 2484/541/1731 2483/540/1737
f 2484/541/1731 2479/565/1780 2480/564/1963
f 2480/564/1963 2479/565/1780 2485/262/1075
f 2484/541/1731 2480/564/1963 2472/563/2283
f 2484/541/1731 2486/538/1734 2483/540/1737
f 2488/544/1728 2487/542/1729 2484/541/1731
f 2488/544/1728 2484/541/1731 2472/563/2283
f 2487/542/1729 2486/538/1734 2484/541/1731
f 2488/544/1728 2472/563/2283 2464/250/1730
f 2487/542/1729 2488/544/1728 2489/545/1726
f 2463/251/1727 2488/544/1728 2464/250/1730
f 2488/544/1728 2463/251/1727 2489/545/1726
f 2491/536/1733 2487/542/1729 2490/543/1723
f 2486/538/1734 2487/542/1729 2491/536/1733
f 2487/542/1729 2489/545/1726 2490/543/1723
f 2493/551/1725 2492/547/2288 2489/545/1726
f 2489/545/1726 2463/251/1727 2493/551/1725
f 2492/547/2288 2490/543/1723 2489/545/1726
f 2463/251/1727 2456/243/1201 2493/551/1725
f 2492/547/2288 2493/551/1725 2494/552/1721
f 2454/241/1202 2495/555/1707 2493/551/1725
f 2493/551/1725 2456/243/1201 2454/241/1202
f 2495/555/1707 2494/552/1721 2493/551/1725
f 2497/546/2290 2492/547/2288 2496/549/2289
f 2490/543/1723 2492/547/2288 2497/546/2290
f 2492/547/2288 2494/552/1721 2496/549/2289
f 2496/549/2289 2494/552/1721 2498/554/1720
f 2494/552/1721 2495/555/1707 2498/554/1720
f 2500/554/1710 2495/555/1707 2499/556/2291
f 2454/241/1202 2501/557/2292 2495/555/1707
f 2501/557/2292 2499/556/2291 2495/555/1707
f 2454/241/1202 2455/242/1204 2501/557/2292
f 2502/562/2293 2501/557/2292 2455/242/1204
f 2501/557/2292 2503/559/2294 2499/556/2291
f 2502/562/2293 2504/561/2295 2501/557/2292
f 2504/561/2295 2503/559/2294 2501/557/2292
f 2502/562/2293 2455/242/1204 2449/236/1203
f 2505/570/2296 2502/562/2293 2449/236/1203
f 2505/570/2296 2506/571/2297 2502/562/2293
f 2506/571/2297 2504/561/2295 2502/562/2293
f 2505/570/2296 2449/236/1203 2431/222/1205
f 2507/572/2298 2505/570/2296 2431/222/1205
f 2507/572/2298 2508/573/2299 2505/570/2296
f 2508/573/2299 2506/571/2297 2505/570/2296
f 2507/572/2298 2431/222/1205 2509/574/2300
f 2427/221/2258 2510/574/2301 2431/222/1205
f 2511/575/2302 2507/572/2298 2509/574/2300
f 2508/573/2299 2507/572/2298 2511/575/2302
f 2513/576/2304 2511/575/2302 2512/577/2303
f 2510/574/2301 2514/578/2305 2511/575/2302
f 2516/578/2307 2515/579/2306 2511/575/2302
f 2517/580/2308 2512/577/2303 2511/575/2302
f 2518/581/2309 2513/576/2304 2512/577/2303
f 2520/580/2310 2519/582/2310 2512/577/2303
f 2521/582/2311 2518/581/2309 2512/577/2303
f 2522/583/2312 2513/576/2304 2518/581/2309
f 2524/582/2313 2523/583/2313 2518/581/2309
f 2526/584/2315 2525/576/2314 2522/583/2312
f 2527/573/2316 2525/576/2314 2526/584/2315
f 2525/576/2314 2527/573/2316 2528/575/2317
f 2515/579/2306 2517/580/2308 2529/575/2318
f 2514/578/2305 2510/574/2301 2530/585/2319
f 2530/585/2319 2510/574/2301 2427/221/2258
f 2531/586/2320 2530/585/2319 2427/221/2258
f 2532/220/2321 2531/586/2320 2427/221/2258
f 2532/220/2321 2534/215/2323 2533/218/2322
f 2535/587/2324 2532/220/2321 2533/218/2322
f 2535/587/2324 2533/218/2322 2536/588/2325
f 2533/218/2322 2537/589/2326 2536/588/2325
f 2503/559/2294 2538/560/2327 2499/556/2291
f 2540/554/2329 2499/556/2291 2539/558/2328
f 2499/556/2291 2538/560/2327 2541/558/2330
f 2542/553/2331 2540/554/2329 2539/558/2328
f 2496/549/2289 2540/554/2329 2542/553/2331
f 2496/549/2289 2543/550/2332 2497/546/2290
f 2545/550/2333 2496/549/2289 2544/553/2333
f 2546/533/2334 2490/543/1723 2497/546/2290
f 2546/533/2334 2497/546/2290 2547/548/2335
f 2548/550/2336 2547/548/2335 2497/546/2290
f 2490/543/1723 2546/533/2334 2491/536/1733
f 2550/532/2338 2546/533/2334 2549/531/2337
f 2551/534/2339 2546/533/2334 2547/548/2335
f 2546/533/2334 2551/534/2339 2549/531/2337
f 2546/533/2334 2550/532/2338 2491/536/1733
f 2552/535/1735 2486/538/1734 2491/536/1733
f 2552/535/1735 2491/536/1733 2550/532/2338
f 2553/316/2340 2552/535/1735 2550/532/2338
f 2553/316/2340 2550/532/2338 2549/531/2337
f 2555/317/2342 2549/531/2337 2554/530/2341
f 2555/317/2342 2553/316/2340 2549/531/2337
f 2557/310/1752 2553/316/2340 2556/315/2343
f 2557/310/1752 2558/308/1740 2553/316/2340
f 2553/316/2340 2555/317/2342 2556/315/2343
f 2558/308/1740 2552/535/1735 2553/316/2340
f 2558/308/1740 2559/537/1738 2552/535/1735
f 2559/537/1738 2486/538/1734 2552/535/1735
f 2486/538/1734 2559/537/1738 2483/540/1737
f 2559/537/1738 2558/308/1740 2560/304/1763
f 2559/537/1738 2561/539/2344 2483/540/1737
f 2561/539/2344 2559/537/1738 2560/304/1763
f 2560/304/1763 2558/308/1740 2562/303/2345
f 2562/303/2345 2558/308/1740 2563/307/2346
f 2558/308/1740 2557/310/1752 2563/307/2346
f 2563/307/2346 2557/310/1752 2564/311/1751
f 2557/310/1752 2556/315/2343 2564/311/1751
f 2565/302/2347 2562/303/2345 2563/307/2346
f 2565/302/2347 2563/307/2346 2566/309/2348
f 2563/307/2346 2564/311/1751 2566/309/2348
f 2562/303/2345 2567/301/2349 2560/304/1763
f 2565/302/2347 2568/300/2350 2562/303/2345
f 2568/300/2350 2569/301/2351 2562/303/2345
f 2566/309/2348 2570/296/2352 2565/302/2347
f 2570/296/2352 2568/300/2350 2565/302/2347
f 2572/299/2354 2571/301/2353 2568/300/2350
f 2572/299/2354 2568/300/2350 2573/295/2355
f 2568/300/2350 2570/296/2352 2573/295/2355
f 2573/295/2355 2570/296/2352 2574/293/2356
f 2570/296/2352 2575/292/2357 2574/293/2356
f 2575/292/2357 2570/296/2352 2566/309/2348
f 2575/292/2357 2576/291/2358 2574/293/2356
f 2577/267/2359 2573/295/2355 2574/293/2356
f 2576/291/2358 2578/265/2360 2574/293/2356
f 2578/265/2360 2577/267/2359 2574/293/2356
f 2575/292/2357 2579/294/2361 2576/291/2358
f 2580/312/2362 2579/294/2361 2575/292/2357
f 2580/312/2362 2575/292/2357 2566/309/2348
f 2582/524/2364 2579/294/2361 2581/313/2363
f 2579/294/2361 2583/289/2365 2576/291/2358
f 2579/294/2361 2584/312/2366 2581/313/2363
f 2583/289/2365 2579/294/2361 2582/524/2364
f 2582/524/2364 2586/323/1801 2585/354/2367
f 2585/354/2367 2583/289/2365 2582/524/2364
f 2586/323/1801 2582/524/2364 2581/313/2363
f 2588/525/2369 2587/353/2368 2585/354/2367
f 2585/354/2367 2587/353/2368 2589/352/2370
f 2586/323/1801 2588/525/2369 2585/354/2367
f 2583/289/2365 2585/354/2367 2589/352/2370
f 2590/319/2371 2586/323/1801 2581/313/2363
f 2592/324/2373 2591/526/2372 2586/323/1801
f 2592/324/2373 2586/323/1801 2590/319/2371
f 2591/526/2372 2588/525/2369 2586/323/1801
f 2588/525/2369 2591/526/2372 2587/353/2368
f 2587/353/2368 2593/345/2374 2589/352/2370
f 2587/353/2368 2594/346/2375 2593/345/2374
f 2591/526/2372 2594/346/2375 2587/353/2368
f 2595/527/2376 2591/526/2372 2592/324/2373
f 2594/346/2375 2591/526/2372 2595/527/2376
f 2596/322/1810 2592/324/2373 2590/319/2371
f 2595/527/2376 2592/324/2373 2596/322/1810
f 2598/337/2378 2597/336/2377 2595/527/2376
f 2597/336/2377 2594/346/2375 2595/527/2376
f 2598/337/2378 2595/527/2376 2596/322/1810
f 2593/345/2374 2594/346/2375 2599/342/2379
f 2594/346/2375 2597/336/2377 2599/342/2379
f 2600/347/2380 2593/345/2374 2599/342/2379
f 2589/352/2370 2593/345/2374 2600/347/2380
f 2599/342/2379 2602/338/2382 2601/341/2381
f 2603/344/1818 2600/347/2380 2599/342/2379
f 2603/344/1818 2599/342/2379 2601/341/2381
f 2597/336/2377 2602/338/2382 2599/342/2379
f 2600/347/2380 2603/344/1818 2604/350/2383
f 2605/351/1820 2589/352/2370 2600/347/2380
f 2605/351/1820 2600/347/2380 2604/350/2383
f 2603/344/1818 2607/348/2384 2606/349/1821
f 2603/344/1818 2601/341/2381 2608/343/2385
f 2603/344/1818 2606/349/1821 2609/350/2386
f 2607/348/2384 2603/344/1818 2608/343/2385
f 2611/499/2388 2610/349/2387 2607/348/2384
f 2612/502/2389 2611/499/2388 2607/348/2384
f 2607/348/2384 2614/343/1829 2613/502/2390
f 2610/349/2387 2611/499/2388 2615/498/2391
f 2604/350/2383 2610/349/2387 2616/497/2392
f 2616/497/2392 2615/498/2391 2617/496/2393
f 2618/349/2394 2615/498/2391 2616/497/2392
f 2617/496/2393 2615/498/2391 2611/499/2388
f 2620/359/2395 2616/497/2392 2619/495/1834
f 2616/497/2392 2620/359/2395 2604/350/2383
f 2616/497/2392 2617/496/2393 2619/495/1834
f 2621/355/1836 2605/351/1820 2604/350/2383
f 2621/355/1836 2604/350/2383 2622/356/1837
f 2620/359/2395 2622/356/1837 2604/350/2383
f 2623/489/2396 2620/359/2395 2619/495/1834
f 2624/358/2397 2620/359/2395 2623/489/2396
f 2622/356/1837 2620/359/2395 2625/358/2398
f 2626/492/2399 2623/489/2396 2619/495/1834
f 2626/492/2399 2619/495/1834 2617/496/2393
f 2627/494/2400 2626/492/2399 2617/496/2393
f 2629/491/2402 2626/492/2399 2628/493/2401
f 2626/492/2399 2630/494/2403 2628/493/2401
f 2631/500/2404 2627/494/2400 2611/499/2388
f 2627/494/2400 2617/496/2393 2611/499/2388
f 2631/500/2404 2611/499/2388 2612/502/2389
f 2632/501/2405 2631/500/2404 2612/502/2389
f 2632/501/2405 2612/502/2389 2633/503/2406
f 2635/504/2408 2634/505/2407 2632/501/2405
f 2637/506/2410 2632/501/2405 2636/503/2409
f 2635/504/2408 2632/501/2405 2637/506/2410
f 2638/513/2411 2635/504/2408 2637/506/2410
f 2635/504/2408 2638/513/2411 2639/516/2412
f 2638/513/2411 2637/506/2410 2640/509/2413
f 2638/513/2411 2642/515/2415 2641/516/2414
f 2643/512/2416 2638/513/2411 2640/509/2413
f 2642/515/2415 2638/513/2411 2643/512/2416
f 2640/509/2413 2645/507/2418 2644/510/2417
f 2643/512/2416 2640/509/2413 2644/510/2417
f 2646/514/2419 2642/515/2415 2643/512/2416
f 2643/512/2416 2647/511/2420 2646/514/2419
f 2648/511/2421 2643/512/2416 2644/510/2417
f 2642/515/2415 2646/514/2419 2649/517/2422
f 2651/522/2424 2650/523/2423 2646/514/2419
f 2650/523/2423 2652/517/2425 2646/514/2419
f 2647/511/2420 2651/522/2424 2646/514/2419
f 2654/519/2427 2653/520/2426 2649/517/2422
f 2653/520/2426 2656/521/2429 2655/517/2428
f 2655/517/2428 2657/518/2430 2642/515/2415
f 2658/518/2431 2641/516/2414 2642/515/2415
f 2650/523/2423 2659/519/2432 2652/517/2425
f 2661/506/2433 2660/503/2433 2645/507/2418
f 2663/340/2435 2645/507/2418 2662/503/2434
f 2665/343/2436 2663/340/2435 2664/503/2436
f 2667/500/2438 2666/505/2437 2630/494/2403
f 2666/505/2437 2667/500/2438 2668/501/2439
f 2669/492/2440 2629/491/2402 2623/489/2396
f 2629/491/2402 2670/490/2441 2623/489/2396
f 2624/358/2397 2623/489/2396 2671/488/2442
f 2670/490/2441 2672/487/2443 2623/489/2396
f 2672/487/2443 2673/488/2444 2623/489/2396
f 2671/488/2442 2674/486/2445 2624/358/2397
f 2624/358/2397 2676/360/2447 2675/357/2446
f 2676/360/2447 2624/358/2397 2677/363/2448
f 2624/358/2397 2678/508/2449 2677/363/2448
f 2680/486/2450 2679/508/2450 2624/358/2397
f 2677/363/2448 2682/365/2452 2681/360/2451
f 2682/365/2452 2677/363/2448 2683/484/2453
f 2677/363/2448 2684/508/2454 2683/484/2453
f 2682/365/2452 2686/368/2456 2685/364/2455
f 2683/484/2453 2687/481/2457 2682/365/2452
f 2682/365/2452 2685/364/2455 2676/360/2447
f 2688/483/2458 2687/481/2457 2683/484/2453
f 2683/484/2453 2690/508/2459 2689/486/2459
f 2688/483/2458 2683/484/2453 2691/486/2460
f 2688/483/2458 2692/485/2461 2687/481/2457
f 2687/481/2457 2694/368/2463 2693/365/2462
f 2696/485/2464 2695/482/2464 2687/481/2457
f 2698/485/2465 2688/483/2458 2697/486/2465
f 2694/368/2463 2699/367/2466 2685/364/2455
f 2685/364/2455 2699/367/2466 2700/366/2467
f 2685/364/2455 2700/366/2467 2701/362/2468
f 2685/364/2455 2701/362/2468 2676/360/2447
f 2699/367/2466 2703/478/2470 2702/370/2469
f 2700/366/2467 2699/367/2466 2702/370/2469
f 2704/369/2471 2700/366/2467 2702/370/2469
f 2700/366/2467 2704/369/2471 2705/280/2472
f 2700/366/2467 2705/280/2472 2701/362/2468
f 2707/479/2473 2706/375/1907 2702/370/2469
f 2707/479/2473 2708/476/2474 2706/375/1907
f 2706/375/1907 2710/372/2475 2709/370/1906
f 2710/372/2475 2712/374/1904 2711/371/2476
f 2710/372/2475 2713/375/1905 2712/374/1904
f 2711/371/2476 2704/369/2471 2710/372/2475
f 2704/369/2471 2714/370/2477 2710/372/2475
f 2711/371/2476 2715/373/1898 2704/369/2471
f 2711/371/2476 2712/374/1904 2716/271/1896
f 2711/371/2476 2716/271/1896 2715/373/1898
f 2715/373/1898 2718/273/1894 2717/281/2478
f 2716/271/1896 2718/273/1894 2715/373/1898
f 2715/373/1898 2717/281/2478 2704/369/2471
f 2705/280/2472 2717/281/2478 2719/278/1890
f 2717/281/2478 2720/279/2479 2719/278/1890
f 2718/273/1894 2721/279/2480 2717/281/2478
f 2704/369/2471 2717/281/2478 2705/280/2472
f 2718/273/1894 2716/271/1896 2722/270/1893
f 2724/279/2481 2718/273/1894 2723/275/1892
f 2718/273/1894 2722/270/1893 2723/275/1892
f 2726/272/2483 2725/274/2482 2722/270/1893
f 2722/270/1893 2716/271/1896 2473/258/1785
f 2725/274/2482 2723/275/1892 2722/270/1893
f 2726/272/2483 2722/270/1893 2473/258/1785
f 2723/275/1892 2725/274/2482 2719/278/1890
f 2727/279/2484 2723/275/1892 2719/278/1890
f 2726/272/2483 2728/276/2485 2725/274/2482
f 2719/278/1890 2725/274/2482 2728/276/2485
f 2729/268/2486 2726/272/2483 2473/258/1785
f 2730/277/2487 2726/272/2483 2729/268/2486
f 2729/268/2486 2473/258/1785 2731/266/2488
f 2729/268/2486 2733/286/2490 2732/283/2489
f 2731/266/2488 2734/269/2491 2729/268/2486
f 2732/283/2489 2735/277/2492 2729/268/2486
f 2734/269/2491 2733/286/2490 2729/268/2486
f 2736/263/1788 2578/265/2360 2731/266/2488
f 2578/265/2360 2734/269/2491 2731/266/2488
f 2736/263/1788 2731/266/2488 2473/258/1785
f 2734/269/2491 2737/288/2493 2733/286/2490
f 2578/265/2360 2576/291/2358 2734/269/2491
f 2576/291/2358 2737/288/2493 2734/269/2491
f 2577/267/2359 2578/265/2360 2736/263/1788
f 2736/263/1788 2475/259/1782 2738/264/2494
f 2739/264/2495 2577/267/2359 2736/263/1788
f 2475/259/1782 2736/263/1788 2473/258/1785
f 2716/271/1896 2468/256/2280 2473/258/1785
f 2468/256/2280 2740/380/1946 2467/254/2279
f 2716/271/1896 2741/378/2496 2468/256/2280
f 2741/378/2496 2740/380/1946 2468/256/2280
f 2712/374/1904 2741/378/2496 2716/271/1896
f 2742/379/1944 2740/380/1946 2741/378/2496
f 2741/378/2496 2712/374/1904 2743/377/2497
f 2742/379/1944 2741/378/2496 2743/377/2497
f 2740/380/1946 2742/379/1944 2467/254/2279
f 2467/254/2279 2745/383/1954 2744/247/2498
f 2745/383/1954 2467/254/2279 2746/382/1949
f 2742/379/1944 2746/382/1949 2467/254/2279
f 2747/381/1939 2742/379/1944 2743/377/2497
f 2742/379/1944 2749/381/2499 2748/382/2499
f 2751/461/2501 2747/381/1939 2750/462/2500
f 2747/381/1939 2743/377/2497 2752/465/1934
f 2747/381/1939 2752/465/1934 2750/462/2500
f 2753/460/2502 2751/461/2501 2750/462/2500
f 2752/465/1934 2754/467/1914 2750/462/2500
f 2755/459/2503 2753/460/2502 2750/462/2500
f 2751/461/2501 2753/460/2502 2756/458/2504
f 2751/461/2501 2756/458/2504 2746/382/1949
f 2757/381/2505 2751/461/2501 2746/382/1949
f 2755/459/2503 2756/458/2504 2753/460/2502
f 2755/459/2503 2758/456/2506 2756/458/2504
f 2760/404/2508 2759/401/2507 2756/458/2504
f 2756/458/2504 2759/401/2507 2746/382/1949
f 2758/456/2506 2760/404/2508 2756/458/2504
f 2758/456/2506 2761/403/2509 2760/404/2508
f 2759/401/2507 2760/404/2508 2762/398/2510
f 2761/403/2509 2762/398/2510 2760/404/2508
f 2759/401/2507 2763/463/2511 2746/382/1949
f 2764/397/2512 2759/401/2507 2762/398/2510
f 2765/400/1991 2763/463/2511 2759/401/2507
f 2766/385/1959 2745/383/1954 2746/382/1949
f 2763/463/2511 2766/385/1959 2746/382/1949
f 2763/463/2511 2765/400/1991 2767/464/1973
f 2763/463/2511 2767/464/1973 2766/385/1959
f 2769/393/2514 2765/400/1991 2768/392/2513
f 2767/464/1973 2765/400/1991 2769/393/2514
f 2764/397/2512 2765/400/1991 2770/401/1990
f 2765/400/1991 2764/397/2512 2768/392/2513
f 2767/464/1973 2769/393/2514 2771/384/2515
f 2767/464/1973 2771/384/2515 2766/385/1959
f 2771/384/2515 2745/383/1954 2766/385/1959
f 2745/383/1954 2771/384/2515 2460/248/2277
f 2745/383/1954 2460/248/2277 2744/247/2498
f 2773/386/1961 2771/384/2515 2772/388/2516
f 2772/388/2516 2771/384/2515 2774/389/2517
f 2771/384/2515 2773/386/1961 2460/248/2277
f 2769/393/2514 2774/389/2517 2771/384/2515
f 2774/389/2517 2769/393/2514 2768/392/2513
f 2774/389/2517 2776/391/2519 2775/390/2518
f 2772/388/2516 2774/389/2517 2777/390/2520
f 2776/391/2519 2774/389/2517 2768/392/2513
f 2773/386/1961 2772/388/2516 2778/387/1179
f 2772/388/2516 2779/390/2521 2778/387/1179
f 2460/248/2277 2773/386/1961 2459/246/1191
f 2459/246/1191 2773/386/1961 2778/387/1179
f 2445/233/2271 2459/246/1191 2778/387/1179
f 2459/246/1191 2445/233/2271 2446/232/1190
f 2445/233/2271 2778/387/1179 2444/231/2270
f 2781/435/2522 2778/387/1179 2780/394/1178
f 2781/435/2522 2444/231/2270 2778/387/1179
f 2778/387/1179 2783/390/2523 2782/394/2523
f 2784/433/2524 2444/231/2270 2781/435/2522
f 2195/8/2104 2444/231/2270 2785/432/1180
f 2444/231/2270 2784/433/2524 2785/432/1180
f 2781/435/2522 2787/394/2526 2786/436/2525
f 2781/435/2522 2786/436/2525 2784/433/2524
f 2784/433/2524 2788/434/1181 2785/432/1180
f 2786/436/2525 2789/434/2527 2784/433/2524
f 2791/415/1163 2786/436/2525 2790/394/2528
f 2786/436/2525 2791/415/1163 2792/437/2529
f 2789/434/2527 2786/436/2525 2793/417/2530
f 2786/436/2525 2792/437/2529 2794/417/2531
f 2792/437/2529 2791/415/1163 2795/417/2532
f 2791/415/1163 2797/394/2533 2796/414/1161
f 2798/416/1162 2791/415/1163 2796/414/1161
f 2800/418/2535 2791/415/1163 2799/413/2534
f 2791/415/1163 2800/418/2535 2801/417/2536
f 2791/415/1163 2798/416/1162 2802/413/2537
f 2798/416/1162 2796/414/1161 2802/413/2537
f 2802/413/2537 2803/417/1160 2800/418/2535
f 2805/412/2539 2802/413/2537 2804/409/2538
f 2806/417/1155 2802/413/2537 2805/412/2539
f 2802/413/2537 2807/410/2540 2804/409/2538
f 2808/411/2541 2805/412/2539 2804/409/2538
f 2810/408/2543 2804/409/2538 2809/405/2542
f 2804/409/2538 2807/410/2540 2809/405/2542
f 2808/411/2541 2811/419/2544 2805/412/2539
f 2805/412/2539 2811/419/2544 2812/420/2545
f 2812/420/2545 2813/417/2546 2805/412/2539
f 2811/419/2544 2808/411/2541 2814/421/2547
f 2811/419/2544 2816/421/2549 2815/422/2548
f 2811/419/2544 2817/423/2550 2812/420/2545
f 2815/422/2548 2819/424/2552 2818/425/2551
f 2816/421/2549 2820/424/2553 2815/422/2548
f 2822/422/1140 2818/425/2551 2821/426/2554
f 2824/424/2556 2823/427/2555 2818/425/2551
f 2825/428/2557 2818/425/2551 2823/427/2555
f 2818/425/2551 2826/429/1133 2821/426/2554
f 2821/426/2554 2817/423/2550 2822/422/1140
f 2817/423/2550 2827/419/2558 2822/422/1140
f 2812/420/2545 2817/423/2550 2828/430/1185
f 2817/423/2550 2821/426/2554 2829/431/2559
f 2829/431/2559 2199/11/1060 2817/423/2550
f 2199/11/1060 2828/430/1185 2817/423/2550
f 2828/430/1185 2192/6/1053 2812/420/2545
f 2192/6/1053 2828/430/1185 2199/11/1060
f 2812/420/2545 2785/432/1180 2830/417/1182
f 2192/6/1053 2785/432/1180 2812/420/2545
f 2831/8/2560 2785/432/1180 2192/6/1053
f 2788/434/1181 2832/417/1184 2785/432/1180
f 2829/431/2559 2833/438/1121 2199/11/1060
f 2833/438/1121 2198/12/2106 2199/11/1060
f 2835/440/2562 2833/438/1121 2834/439/2561
f 2837/446/2563 2833/438/1121 2836/443/1124
f 2837/446/2563 2206/19/1120 2833/438/1121
f 2833/438/1121 2829/431/2559 2834/439/2561
f 2206/19/1120 2198/12/2106 2833/438/1121
f 2834/439/2561 2821/426/2554 2826/429/1133
f 2834/439/2561 2826/429/1133 2835/440/2562
f 2821/426/2554 2834/439/2561 2829/431/2559
f 2839/441/1131 2826/429/1133 2838/425/2564
f 2826/429/1133 2839/441/1131 2835/440/2562
f 2825/428/2557 2839/441/1131 2840/425/2565
f 2842/442/2567 2839/441/1131 2841/444/2566
f 2839/441/1131 2842/442/2567 2835/440/2562
f 2839/441/1131 2825/428/2557 2843/444/2568
f 2844/451/2569 2825/428/2557 2823/427/2555
f 2846/444/2571 2825/428/2557 2845/449/2570
f 2825/428/2557 2848/451/2573 2847/449/2572
f 2847/449/2572 2849/450/2574 2846/444/2571
f 2851/447/1127 2850/445/2575 2846/444/2571
f 2853/450/2577 2852/447/2576 2846/444/2571
f 2850/445/2575 2842/442/2567 2846/444/2571
f 2855/453/2578 2854/448/1116 2851/447/1127
f 2854/448/1116 2850/445/2575 2851/447/1127
f 2233/44/1093 2856/454/1119 2854/448/1116
f 2854/448/1116 2857/453/2579 2233/44/1093
f 2856/454/1119 2206/19/1120 2854/448/1116
f 2850/445/2575 2854/448/1116 2837/446/2563
f 2206/19/1120 2837/446/2563 2854/448/1116
f 2856/454/1119 2205/18/1070 2206/19/1120
f 2205/18/1070 2856/454/1119 2233/44/1093
f 2857/453/2579 2239/50/2124 2233/44/1093
f 2249/57/2130 2239/50/2124 2857/453/2579
f 2857/453/2579 2858/452/2580 2249/57/2130
f 2859/452/2581 2857/453/2579 2852/447/2576
f 2860/450/2582 2859/452/2581 2852/447/2576
f 2836/443/1124 2850/445/2575 2837/446/2563
f 2836/443/1124 2842/442/2567 2850/445/2575
f 2861/438/2583 2835/440/2562 2836/443/1124
f 2842/442/2567 2836/443/1124 2835/440/2562
f 2809/405/2542 2807/410/2540 2862/396/2584
f 2807/410/2540 2796/414/1161 2862/396/2584
f 2796/414/1161 2807/410/2540 2863/413/2011
f 2810/408/2543 2809/405/2542 2864/406/2585
f 2809/405/2542 2862/396/2584 2865/402/2586
f 2809/405/2542 2865/402/2586 2866/406/2587
f 2761/403/2509 2865/402/2586 2762/398/2510
f 2865/402/2586 2761/403/2509 2867/407/2588
f 2862/396/2584 2868/399/2589 2865/402/2586
f 2865/402/2586 2867/407/2588 2869/406/2590
f 2865/402/2586 2868/399/2589 2762/398/2510
f 2764/397/2512 2762/398/2510 2868/399/2589
f 2868/399/2589 2862/396/2584 2764/397/2512
f 2871/395/2592 2862/396/2584 2870/394/2591
f 2862/396/2584 2871/395/2592 2764/397/2512
f 2862/396/2584 2796/414/1161 2872/394/2593
f 2764/397/2512 2871/395/2592 2768/392/2513
f 2874/392/1981 2871/395/2592 2873/394/2594
f 2776/391/2519 2874/392/1981 2875/394/1980
f 2877/390/1982 2776/391/2519 2876/394/1982
f 2761/403/2509 2878/455/2595 2867/407/2588
f 2761/403/2509 2879/456/2596 2878/455/2595
f 2879/456/2596 2880/457/2597 2878/455/2595
f 2879/456/2596 2881/459/2598 2880/457/2597
f 2883/471/2600 2880/457/2597 2882/472/2599
f 2885/468/2602 2884/470/2601 2883/471/2600
f 2883/471/2600 2887/472/2603 2886/462/2603
f 2884/470/2601 2888/473/2604 2883/471/2600
f 2884/470/2601 2889/474/2605 2888/473/2604
f 2889/474/2605 2890/475/2606 2888/473/2604
f 2891/476/2607 2890/475/2606 2889/474/2605
f 2892/477/2608 2890/475/2606 2891/476/2607
f 2892/477/2608 2891/476/2607 2893/478/2609
f 2891/476/2607 2894/479/2610 2893/478/2609
f 2893/478/2609 2894/479/2610 2895/370/2611
f 2897/470/1910 2885/468/2602 2896/469/1909
f 2885/468/2602 2754/467/1914 2896/469/1909
f 2713/375/1905 2896/469/1909 2898/376/1908
f 2898/376/1908 2896/469/1909 2754/467/1914
f 2897/470/1910 2896/469/1909 2899/375/1915
f 2900/474/1911 2897/470/1910 2713/375/1905
f 2713/375/1905 2898/376/1908 2712/374/1904
f 2901/476/2612 2900/474/1911 2713/375/1905
f 2902/466/1933 2898/376/1908 2754/467/1914
f 2712/374/1904 2898/376/1908 2743/377/2497
f 2898/376/1908 2902/466/1933 2743/377/2497
f 2752/465/1934 2902/466/1933 2754/467/1914
f 2743/377/2497 2902/466/1933 2752/465/1934
f 2754/467/1914 2904/468/2614 2903/462/2613
f 2905/472/2615 2881/459/2598 2903/462/2613
f 2904/468/2614 2906/471/2616 2903/462/2613
f 2881/459/2598 2908/472/2617 2907/457/2617
f 2909/264/2618 2475/259/1782 2474/260/2284
f 2910/261/2619 2481/566/1778 2474/260/2284
f 2912/264/2620 2474/260/2284 2911/297/1774
f 2481/566/1778 2911/297/1774 2474/260/2284
f 2481/566/1778 2913/569/1772 2911/297/1774
f 2483/540/1737 2914/567/1771 2481/566/1778
f 2914/567/1771 2913/569/1772 2481/566/1778
f 2573/295/2355 2915/264/2621 2911/297/1774
f 2911/297/1774 2916/298/2622 2573/295/2355
f 2913/569/1772 2916/298/2622 2911/297/1774
f 2917/568/2623 2916/298/2622 2913/569/1772
f 2917/568/2623 2913/569/1772 2914/567/1771
f 2914/567/1771 2561/539/2344 2917/568/2623
f 2561/539/2344 2914/567/1771 2483/540/1737
f 2917/568/2623 2918/305/2624 2916/298/2622
f 2917/568/2623 2561/539/2344 2918/305/2624
f 2916/298/2622 2919/301/2625 2572/299/2354
f 2916/298/2622 2572/299/2354 2573/295/2355
f 2918/305/2624 2920/301/2626 2916/298/2622
f 2921/264/2627 2573/295/2355 2577/267/2359
f 2918/305/2624 2923/306/2629 2922/301/2628
f 2561/539/2344 2923/306/2629 2918/305/2624
f 2923/306/2629 2561/539/2344 2560/304/1763
f 2923/306/2629 2560/304/1763 2924/301/2630
f 2583/289/2365 2737/288/2493 2576/291/2358
f 2925/287/2631 2737/288/2493 2583/289/2365
f 2737/288/2493 2925/287/2631 2733/286/2490
f 2589/352/2370 2926/290/2632 2583/289/2365
f 2926/290/2632 2925/287/2631 2583/289/2365
f 2733/286/2490 2925/287/2631 2927/284/2633
f 2925/287/2631 2926/290/2632 2927/284/2633
f 2733/286/2490 2927/284/2633 2732/283/2489
f 2927/284/2633 2926/290/2632 2621/355/1836
f 2621/355/1836 2928/285/2634 2927/284/2633
f 2732/283/2489 2927/284/2633 2730/277/2487
f 2928/285/2634 2730/277/2487 2927/284/2633
f 2605/351/1820 2926/290/2632 2589/352/2370
f 2926/290/2632 2605/351/1820 2621/355/1836
f 2928/285/2634 2621/355/1836 2622/356/1837
f 2675/357/2446 2622/356/1837 2929/358/2635
f 2622/356/1837 2675/357/2446 2928/285/2634
f 2676/360/2447 2930/361/2636 2675/357/2446
f 2675/357/2446 2930/361/2636 2928/285/2634
f 2701/362/2468 2930/361/2636 2676/360/2447
f 2928/285/2634 2930/361/2636 2701/362/2468
f 2931/282/2637 2928/285/2634 2701/362/2468
f 2931/282/2637 2701/362/2468 2705/280/2472
f 2931/282/2637 2735/277/2492 2928/285/2634
f 2719/278/1890 2931/282/2637 2705/280/2472
f 2932/282/2638 2719/278/1890 2728/276/2485
f 2730/277/2487 2932/282/2638 2728/276/2485
f 2728/276/2485 2934/272/2639 2933/277/2639
f 2703/478/2470 2936/367/2641 2935/480/2640
f 2937/481/2642 2935/480/2640 2686/368/2456
f 2938/482/2643 2935/480/2640 2937/481/2642
f 2936/367/2641 2686/368/2456 2935/480/2640
f 2672/487/2443 2939/485/2644 2673/488/2444
f 2673/488/2444 2941/485/2645 2940/486/2645
f 2943/343/2646 2942/503/2646 2613/502/2390
f 2608/343/2385 2601/341/2381 2944/340/2647
f 2601/341/2381 2945/339/2648 2944/340/2647
f 2945/339/2648 2946/333/2649 2944/340/2647
f 2601/341/2381 2602/338/2382 2945/339/2648
f 2945/339/2648 2947/332/2650 2946/333/2649
f 2945/339/2648 2602/338/2382 2947/332/2650
f 2947/332/2650 2948/331/2651 2946/333/2649
f 2947/332/2650 2950/335/2653 2949/329/2652
f 2602/338/2382 2950/335/2653 2947/332/2650
f 2950/335/2653 2602/338/2382 2597/336/2377
f 2597/336/2377 2951/334/2654 2950/335/2653
f 2950/335/2653 2951/334/2654 2949/329/2652
f 2951/334/2654 2952/330/2655 2949/329/2652
f 2953/332/2656 2949/329/2652 2948/331/2651
f 2949/329/2652 2954/328/2657 2948/331/2651
f 2951/334/2654 2597/336/2377 2598/337/2378
f 2952/330/2655 2951/334/2654 2955/327/2658
f 2951/334/2654 2598/337/2378 2955/327/2658
f 2952/330/2655 2955/327/2658 2956/326/2659
f 2957/329/2660 2952/330/2655 2956/326/2659
f 2955/327/2658 2598/337/2378 2596/322/1810
f 2958/321/2661 2955/327/2658 2596/322/1810
f 2590/319/2371 2959/321/2662 2596/322/1810
f 2961/326/2664 2959/321/2662 2960/320/2663
f 2962/327/2665 2959/321/2662 2956/326/2659
f 2960/320/2663 2959/321/2662 2590/319/2371
f 2954/328/2657 2957/329/2660 2956/326/2659
f 2964/314/2667 2963/318/2666 2960/320/2663
f 2965/325/2668 2961/326/2664 2960/320/2663
f 2964/314/2667 2960/320/2663 2590/319/2371
f 2965/325/2668 2960/320/2663 2963/318/2666
f 2964/314/2667 2590/319/2371 2581/313/2363
f 2964/314/2667 2581/313/2363 2564/311/1751
f 2564/311/1751 2556/315/2343 2964/314/2667
f 2556/315/2343 2963/318/2666 2964/314/2667
f 2580/312/2362 2566/309/2348 2581/313/2363
f 2581/313/2363 2566/309/2348 2564/311/1751
f 2556/315/2343 2555/317/2342 2963/318/2666
f 2555/317/2342 2554/530/2341 2963/318/2666
f 2554/530/2341 2966/529/2669 2963/318/2666
f 2966/529/2669 2967/528/2670 2963/318/2666
f 2967/528/2670 2965/325/2668 2963/318/2666
f 2969/213/2671 2968/212/2671 2214/27/2114
f 2212/25/2113 2411/209/2249 2214/27/2114
f 2410/210/2248 2411/209/2249 2373/186/1278
f 2411/209/2249 2212/25/2113 2373/186/1278
f 2970/32/2672 2365/179/1277 2212/25/2113
f 2365/179/1277 2373/186/1278 2212/25/2113
f 2401/204/1254 2410/210/2248 2373/186/1278
f 2423/218/2256 2424/217/1247 2971/589/2673
f 2406/207/2247 2971/589/2673 2424/217/1247
f 2971/589/2673 2973/207/2675 2972/588/2674
f 2973/207/2675 2974/590/2676 2972/588/2674
f 2402/203/2244 2973/207/2675 2975/202/2677
f 2974/590/2676 2973/207/2675 2402/203/2244
f 2976/591/2678 2370/182/2216 2367/181/2213
f 2359/175/2207 2977/592/1688 2367/181/2213
f 2977/592/1688 2978/593/2679 2367/181/2213
f 2976/591/2678 2367/181/2213 2978/593/2679
f 2979/594/2680 2976/591/2678 2978/593/2679
f 2980/595/2681 2978/593/2679 2977/592/1688
f 2979/594/2680 2978/593/2679 2981/596/2682
f 2978/593/2679 2983/595/2684 2982/596/2683
f 2984/597/2685 2982/596/2683 2983/595/2684
f 2983/595/2684 2351/598/2202 2985/597/2686
f 2351/598/2202 2349/599/2201 2985/597/2686
f 2986/600/1685 2350/171/1325 2351/598/2202
f 2986/600/1685 2351/598/2202 2987/595/1687
f 2350/171/1325 2986/600/1685 2355/170/1317
f 2977/592/1688 2986/600/1685 2987/595/1687
f 2986/600/1685 2977/592/1688 2355/170/1317
f 2977/592/1688 2359/175/2207 2355/170/1317
f 2341/629/1381 2988/632/2687 2340/628/2194
f 2990/633/2689 2340/628/2194 2989/634/2688
f 2988/632/2687 2991/635/2690 2340/628/2194
f 2990/633/2689 2992/630/2691 2340/628/2194
f 2991/635/2690 2989/634/2688 2340/628/2194
f 2341/629/1381 2994/663/2693 2993/638/2692
f 2341/629/1381 2993/638/2692 2988/632/2687
f 2994/663/2693 2341/629/1381 2339/627/1387
f 2995/665/2694 2994/663/2693 2339/627/1387
f 2339/627/1387 2330/622/2186 2995/665/2694
f 2996/662/2695 2994/663/2693 2995/665/2694
f 2998/664/2697 2997/151/2696 2995/665/2694
f 2330/622/2186 2999/666/2698 2995/665/2694
f 2998/664/2697 2995/665/2694 2999/666/2698
f 2997/151/2696 2996/662/2695 2995/665/2694
f 2999/666/2698 2330/622/2186 2329/619/2185
f 3000/667/2699 2998/664/2697 2999/666/2698
f 3000/667/2699 2999/666/2698 2329/619/2185
f 2315/158/2176 3001/152/2700 2998/664/2697
f 2998/664/2697 3000/667/2699 2315/158/2176
f 3001/152/2700 2997/151/2696 2998/664/2697
f 2322/668/1352 3000/667/2699 2321/618/2182
f 2321/618/2182 3000/667/2699 2329/619/2185
f 3000/667/2699 2322/668/1352 2315/158/2176
f 3002/155/2701 3001/152/2700 2315/158/2176
f 2314/156/2175 3002/155/2701 2315/158/2176
f 2997/151/2696 3001/152/2700 3003/148/2702
f 3003/148/2702 3001/152/2700 3004/149/2703
f 3001/152/2700 3002/155/2701 3004/149/2703
f 2314/156/2175 3005/154/1346 3002/155/2701
f 3005/154/1346 3004/149/2703 3002/155/2701
f 3005/154/1346 2314/156/2175 2298/157/2168
f 2314/156/2175 3006/159/2704 2298/157/2168
f 3005/154/1346 3007/150/1399 3004/149/2703
f 3007/150/1399 3005/154/1346 2296/97/1342
f 3005/154/1346 2298/157/2168 2296/97/1342
f 3004/149/2703 3008/144/1398 3003/148/2702
f 3007/150/1399 3008/144/1398 3004/149/2703
f 3009/141/1400 3007/150/1399 2296/97/1342
f 3008/144/1398 3007/150/1399 3009/141/1400
f 2291/92/2164 3010/100/1450 2296/97/1342
f 3012/127/1451 3011/741/2705 2296/97/1342
f 3010/100/1450 3012/127/1451 2296/97/1342
f 3011/741/2705 3009/141/1400 2296/97/1342
f 2291/92/2164 2287/88/2161 3013/98/1496
f 3013/98/1496 3014/99/1454 2291/92/2164
f 3014/99/1454 3010/100/1450 2291/92/2164
f 3015/101/2706 3014/99/1454 3013/98/1496
f 3015/101/2706 3013/98/1496 2287/88/2161
f 2287/88/2161 2284/85/1472 3016/102/2707
f 3016/102/2707 3015/101/2706 2287/88/2161
f 2284/85/1472 2287/88/2161 2283/84/2158
f 3018/103/1501 3017/104/1500 3015/101/2706
f 3019/103/2708 3015/101/2706 3016/102/2707
f 3015/101/2706 3017/104/1500 3014/99/1454
f 3017/104/1500 3020/116/2709 3014/99/1454
f 3014/99/1454 3020/116/2709 3010/100/1450
f 3022/122/2711 3021/123/2710 3020/116/2709
f 3024/114/2712 3023/115/1449 3020/116/2709
f 3024/114/2712 3020/116/2709 3017/104/1500
f 3023/115/1449 3022/122/2711 3020/116/2709
f 3020/116/2709 3021/123/2710 3010/100/1450
f 3025/126/1452 3012/127/1451 3010/100/1450
f 3026/125/1443 3025/126/1452 3010/100/1450
f 3021/123/2710 3026/125/1443 3010/100/1450
f 3027/124/2713 3021/123/2710 3022/122/2711
f 3026/125/1443 3021/123/2710 3027/124/2713
f 3029/678/2715 3022/122/2711 3028/115/2714
f 3030/678/2716 3027/124/2713 3022/122/2711
f 3032/128/2718 3027/124/2713 3031/131/2717
f 3032/128/2718 3026/125/1443 3027/124/2713
f 3034/137/2720 3027/124/2713 3033/678/2719
f 3027/124/2713 3034/137/2720 3031/131/2717
f 3025/126/1452 3026/125/1443 3032/128/2718
f 3036/129/1456 3032/128/2718 3035/130/1438
f 3036/129/1456 3025/126/1452 3032/128/2718
f 3032/128/2718 3031/131/2717 3035/130/1438
f 3038/136/2722 3037/134/2721 3031/131/2717
f 3031/131/2717 3034/137/2720 3038/136/2722
f 3037/134/2721 3035/130/1438 3031/131/2717
f 3040/674/2724 3034/137/2720 3039/675/2723
f 3039/675/2723 3034/137/2720 3033/678/2719
f 3034/137/2720 3040/674/2724 3038/136/2722
f 3039/675/2723 3033/678/2719 3041/679/2725
f 3042/680/2726 3033/678/2719 3028/115/2714
f 3040/674/2724 3039/675/2723 3043/677/2727
f 3040/674/2724 3045/676/2729 3044/671/2728
f 3045/676/2729 3040/674/2724 3046/677/2730
f 3040/674/2724 3047/671/2731 3038/136/2722
f 3049/685/2733 3045/676/2729 3048/682/2732
f 3045/676/2729 3051/685/2735 3050/687/2734
f 3045/676/2729 3050/687/2734 3052/671/2736
f 3045/676/2729 3043/677/2727 3048/682/2732
f 3054/684/2738 3053/685/2737 3048/682/2732
f 3056/683/2740 3055/686/2739 3048/682/2732
f 3055/686/2739 3054/684/2738 3048/682/2732
f 3054/684/2738 3058/691/2742 3057/685/2741
f 3059/691/2743 3054/684/2738 3055/686/2739
f 3061/693/2745 3060/689/2744 3055/686/2739
f 3060/689/2744 3059/691/2743 3055/686/2739
f 3062/690/2746 3060/689/2744 3061/693/2745
f 3064/694/2748 3063/690/2747 3061/693/2745
f 3064/694/2748 3065/695/2749 3063/690/2747
f 3065/695/2749 3066/696/2750 3063/690/2747
f 3068/696/2752 3065/695/2749 3067/698/2751
f 3069/699/2753 3068/696/2752 3067/698/2751
f 3068/696/2752 3070/697/2754 3063/690/2747
f 3070/697/2754 3068/696/2752 3071/699/2755
f 3073/692/2756 3070/697/2754 3072/703/1591
f 3074/704/2757 3070/697/2754 3071/699/2755
f 3063/690/2747 3070/697/2754 3073/692/2756
f 3070/697/2754 3074/704/2757 3072/703/1591
f 3076/700/2759 3075/705/2758 3071/699/2755
f 3071/699/2755 3075/705/2758 3074/704/2757
f 3072/703/1591 3074/704/2757 3077/706/1595
f 3075/705/2758 3077/706/1595 3074/704/2757
f 3077/706/1595 3078/707/1675 3072/703/1591
f 3072/703/1591 3079/659/2760 3073/692/2756
f 3080/707/2761 3079/659/2760 3072/703/1591
f 3080/707/2761 3077/706/1595 3075/705/2758
f 3075/705/2758 3081/708/2762 3080/707/2761
f 3082/709/2763 3081/708/2762 3075/705/2758
f 3083/709/2764 3075/705/2758 3076/700/2759
f 3085/702/2766 3084/709/2765 3076/700/2759
f 3087/711/2768 3085/702/2766 3086/701/2767
f 3089/712/2770 3088/710/2769 3085/702/2766
f 3089/712/2770 3085/702/2766 3087/711/2768
f 3091/710/2771 3090/709/2771 3085/702/2766
f 3092/713/2772 3089/712/2770 3087/711/2768
f 3087/711/2768 3093/714/2773 3092/713/2772
f 3094/715/2774 3089/712/2770 3092/713/2772
f 3096/714/2776 3095/716/2775 3092/713/2772
f 3092/713/2772 3095/716/2775 3097/717/2777
f 3097/717/2777 3094/715/2774 3092/713/2772
f 3094/715/2774 3099/718/2779 3098/719/2778
f 3099/718/2779 3094/715/2774 3097/717/2777
f 3100/720/2780 3099/718/2779 3097/717/2777
f 3095/716/2775 3101/721/2781 3097/717/2777
f 3102/720/2782 3097/717/2777 3101/721/2781
f 3095/716/2775 3103/722/2783 3101/721/2781
f 3105/723/2785 3101/721/2781 3104/724/2784
f 3105/723/2785 3102/720/2782 3101/721/2781
f 3101/721/2781 3106/722/2786 3104/724/2784
f 3103/722/2783 3108/725/2788 3107/726/2787
f 3110/728/2790 3108/725/2788 3109/722/2789
f 3109/722/2789 3095/716/2775 3111/727/2791
f 3095/716/2775 3096/714/2776 3112/727/2792
f 3104/724/2784 3106/722/2786 3113/726/2793
f 3098/719/2778 3088/710/2769 3114/712/2794
f 3088/710/2769 3098/719/2778 3115/729/2795
f 3116/709/2796 3088/710/2769 3081/708/2762
f 3117/730/2797 3088/710/2769 3115/729/2795
f 3088/710/2769 3118/730/2798 3081/708/2762
f 3120/660/2800 3119/707/2799 3081/708/2762
f 3081/708/2762 3121/730/2801 3120/660/2800
f 3119/707/2799 3120/660/2800 3079/659/2760
f 3121/730/2801 3122/731/2802 3120/660/2800
f 3120/660/2800 3124/652/2804 3123/658/2803
f 3120/660/2800 3123/658/2803 3079/659/2760
f 3120/660/2800 3122/731/2802 3124/652/2804
f 3121/730/2801 3125/729/2805 3122/731/2802
f 3122/731/2802 3127/732/2807 3126/733/2806
f 3122/731/2802 3125/729/2805 3127/732/2807
f 3122/731/2802 3126/733/2806 3124/652/2804
f 3129/651/1641 3124/652/2804 3128/647/1640
f 3126/733/2806 3130/644/2808 3124/652/2804
f 3124/652/2804 3129/651/1641 3123/658/2803
f 3130/644/2808 3128/647/1640 3124/652/2804
f 3131/734/2809 3130/644/2808 3126/733/2806
f 3131/734/2809 3126/733/2806 3132/735/2810
f 3126/733/2806 3127/732/2807 3132/735/2810
f 3125/729/2805 3133/736/2811 3127/732/2807
f 3132/735/2810 3127/732/2807 3134/736/2812
f 3135/737/2813 3132/735/2810 3134/736/2812
f 3132/735/2810 3136/738/2814 3131/734/2809
f 3136/738/2814 3132/735/2810 3135/737/2813
f 3130/644/2808 3131/734/2809 3137/645/2815
f 3136/738/2814 3137/645/2815 3131/734/2809
f 3137/645/2815 3136/738/2814 3138/739/2816
f 3139/740/2817 3136/738/2814 3135/737/2813
f 3137/645/2815 3140/641/2818 3130/644/2808
f 3142/641/2820 3137/645/2815 3141/640/2819
f 3137/645/2815 3138/739/2816 3141/640/2819
f 3138/739/2816 3144/738/2822 3143/636/2821
f 3138/739/2816 3143/636/2821 3141/640/2819
f 3141/640/2819 3146/639/2824 3145/641/2823
f 3146/639/2824 3141/640/2819 3147/637/2825
f 2993/638/2692 3146/639/2824 3147/637/2825
f 3149/641/2827 3146/639/2824 3148/642/2826
f 3150/643/2828 3146/639/2824 2993/638/2692
f 3146/639/2824 3151/643/2829 3148/642/2826
f 3147/637/2825 3152/636/2830 2988/632/2687
f 3143/636/2821 3147/637/2825 3153/640/2831
f 2993/638/2692 3147/637/2825 2988/632/2687
f 3152/636/2830 2991/635/2690 2988/632/2687
f 3155/649/1648 3154/643/2832 2993/638/2692
f 3155/649/1648 2993/638/2692 2994/663/2693
f 3156/655/2833 3155/649/1648 2994/663/2693
f 3156/655/2833 2994/663/2693 3157/153/2834
f 2994/663/2693 2996/662/2695 3157/153/2834
f 3156/655/2833 3158/653/2835 3155/649/1648
f 3158/653/2835 3156/655/2833 3159/147/2836
f 3156/655/2833 3157/153/2834 3159/147/2836
f 2997/151/2696 3003/148/2702 3157/153/2834
f 2996/662/2695 2997/151/2696 3157/153/2834
f 3159/147/2836 3157/153/2834 3003/148/2702
f 3160/145/2837 3159/147/2836 3003/148/2702
f 3008/144/1398 3160/145/2837 3003/148/2702
f 3161/146/2838 3159/147/2836 3160/145/2837
f 3008/144/1398 3162/143/1402 3160/145/2837
f 3162/143/1402 3161/146/2838 3160/145/2837
f 3162/143/1402 3008/144/1398 3009/141/1400
f 3164/142/1407 3162/143/1402 3163/140/2839
f 3161/146/2838 3162/143/1402 3164/142/1407
f 3162/143/1402 3009/141/1400 3163/140/2839
f 3165/657/2840 3161/146/2838 3164/142/1407
f 3159/147/2836 3161/146/2838 3165/657/2840
f 3167/661/1413 3164/142/1407 3166/138/2841
f 3163/140/2839 3168/139/2842 3164/142/1407
f 3165/657/2840 3164/142/1407 3167/661/1413
f 3164/142/1407 3168/139/2842 3169/138/2843
f 3170/139/2844 3163/140/2839 3009/141/1400
f 3011/741/2705 3168/139/2842 3009/141/1400
f 3168/139/2842 3172/135/2846 3171/134/2845
f 3171/134/2845 3172/135/2846 3035/130/1438
f 3011/741/2705 3173/133/2847 3172/135/2846
f 3172/135/2846 3175/139/2848 3174/741/2848
f 3172/135/2846 3173/133/2847 3035/130/1438
f 3173/133/2847 3011/741/2705 3012/127/1451
f 3035/130/1438 3173/133/2847 3176/132/1457
f 3176/132/1457 3173/133/2847 3012/127/1451
f 3036/129/1456 3035/130/1438 3176/132/1457
f 3176/132/1457 3012/127/1451 3036/129/1456
f 3012/127/1451 3025/126/1452 3036/129/1456
f 3037/134/2721 3177/138/2849 3170/139/2844
f 3178/138/2850 3037/134/2721 3038/136/2722
f 3180/672/1421 3179/138/1429 3038/136/2722
f 3181/671/2851 3180/672/1421 3038/136/2722
f 3183/671/1422 3182/670/2852 3180/672/1421
f 3180/672/1421 3182/670/2852 3184/138/2853
f 3186/673/2854 3182/670/2852 3185/671/2854
f 3188/669/2856 3182/670/2852 3187/673/2855
f 3182/670/2852 3190/669/2857 3189/138/1419
f 3073/692/2756 3188/669/2856 3191/673/2858
f 3079/659/2760 3188/669/2856 3073/692/2756
f 3192/673/2859 3063/690/2747 3073/692/2756
f 3194/673/2861 3193/689/2860 3063/690/2747
f 3058/691/2742 3193/689/2860 3195/673/2862
f 3058/691/2742 3197/688/2864 3196/685/2863
f 3197/688/2864 3058/691/2742 3198/673/2865
f 3050/687/2734 3197/688/2864 3199/673/2866
f 3200/685/2867 3197/688/2864 3050/687/2734
f 3202/671/2868 3050/687/2734 3201/673/2868
f 3079/659/2760 3167/661/1413 3190/669/2857
f 3123/658/2803 3203/656/2869 3079/659/2760
f 3203/656/2869 3167/661/1413 3079/659/2760
f 3167/661/1413 3204/138/1418 3190/669/2857
f 3203/656/2869 3165/657/2840 3167/661/1413
f 3203/656/2869 3205/654/2870 3165/657/2840
f 3205/654/2870 3203/656/2869 3123/658/2803
f 3129/651/1641 3205/654/2870 3123/658/2803
f 3206/650/1643 3205/654/2870 3129/651/1641
f 3159/147/2836 3205/654/2870 3158/653/2835
f 3205/654/2870 3159/147/2836 3165/657/2840
f 3205/654/2870 3206/650/1643 3158/653/2835
f 3206/650/1643 3129/651/1641 3128/647/1640
f 3207/648/2871 3158/653/2835 3206/650/1643
f 3207/648/2871 3206/650/1643 3208/646/2872
f 3206/650/1643 3128/647/1640 3208/646/2872
f 3158/653/2835 3207/648/2871 3155/649/1648
f 3207/648/2871 3208/646/2872 3155/649/1648
f 3148/642/2826 3209/643/2873 3208/646/2872
f 3208/646/2872 3128/647/1640 3148/642/2826
f 3208/646/2872 3210/643/1651 3155/649/1648
f 3128/647/1640 3130/644/2808 3148/642/2826
f 3211/641/2874 3148/642/2826 3130/644/2808
f 3144/738/2822 3139/740/2817 3143/636/2821
f 3213/700/2876 3069/699/2753 3212/701/2875
f 3215/702/2877 3213/700/2876 3214/701/2877
f 3217/682/2879 3046/677/2730 3216/681/2878
f 3216/681/2878 3046/677/2730 3218/675/2880
f 3219/683/2881 3217/682/2879 3216/681/2878
f 3041/679/2725 3216/681/2878 3218/675/2880
f 3220/121/1555 3042/680/2726 3028/115/2714
f 3023/115/1449 3024/114/2712 3221/113/2882
f 3223/120/2883 3222/121/1519 3023/115/1449
f 3224/117/2884 3223/120/2883 3023/115/1449
f 3221/113/2882 3024/114/2712 3225/110/2885
f 3226/111/2886 3024/114/2712 3017/104/1500
f 3024/114/2712 3227/111/2887 3225/110/2885
f 3229/105/2889 3225/110/2885 3228/111/2888
f 3231/112/2890 3225/110/2885 3230/106/1510
f 3225/110/2885 3232/112/2891 3221/113/2882
f 3225/110/2885 3229/105/2889 3233/106/2892
f 3229/105/2889 3018/103/1501 3233/106/2892
f 3234/111/2893 3017/104/1500 3229/105/2889
f 3017/104/1500 3018/103/1501 3229/105/2889
f 3236/108/2895 3233/106/2892 3235/107/2894
f 3236/108/2895 3237/109/2896 3233/106/2892
f 3018/103/1501 3235/107/2894 3233/106/2892
f 3235/107/2894 3238/746/2897 3236/108/2895
f 3235/107/2894 3239/103/1550 3016/102/2707
f 3238/746/2897 3235/107/2894 3016/102/2707
f 3237/109/2896 3236/108/2895 3238/746/2897
f 2260/66/2141 3237/109/2896 3238/746/2897
f 2259/67/2140 3238/746/2897 2263/69/2144
f 2263/69/2144 3238/746/2897 3016/102/2707
f 2259/67/2140 2260/66/2141 3238/746/2897
f 3241/747/1494 3240/76/2898 3016/102/2707
f 2284/85/1472 3241/747/1494 3016/102/2707
f 3240/76/2898 2263/69/2144 3016/102/2707
f 3240/76/2898 2267/72/2147 2263/69/2144
f 3240/76/2898 3242/77/1490 2267/72/2147
f 3240/76/2898 3241/747/1494 3242/77/1490
f 2276/78/2154 3241/747/1494 2284/85/1472
f 3241/747/1494 2276/78/2154 3242/77/1490
f 3242/77/1490 2277/73/2155 2267/72/2147
f 2277/73/2155 3242/77/1490 2276/78/2154
f 2277/73/2155 2264/71/2145 2267/72/2147
f 3232/112/2891 3224/117/2884 3221/113/2882
f 3224/117/2884 3232/112/2891 3243/118/2899
f 3221/113/2882 3224/117/2884 3244/115/2900
f 3245/119/2901 3224/117/2884 3243/118/2899
f 3246/120/2902 3224/117/2884 3245/119/2901
f 3243/118/2899 3248/744/2904 3247/745/2903
f 3249/106/2905 3248/744/2904 3243/118/2899
f 3247/745/2903 2261/66/2142 2258/65/2139
f 3250/109/2906 2261/66/2142 3247/745/2903
f 3252/744/2907 3250/109/2906 3251/745/2907
f 3250/109/2906 3248/744/2904 3253/106/2908
f 3231/112/2890 3253/106/2908 3254/118/2909
f 3256/121/2911 3246/120/2902 3255/742/2910
f 3255/742/2910 3246/120/2902 3245/119/2901
f 3257/743/2912 3256/121/2911 3255/742/2910
f 3259/680/2914 3256/121/2911 3258/679/2913
f 3256/121/2911 3257/743/2912 3258/679/2913
f 3260/678/2915 3259/680/2914 3258/679/2913
f 3263/509/2916 3262/506/2916 3261/507/2916
f 3266/727/2917 3265/728/2917 3264/722/2917
f 3269/715/2918 3268/719/2918 3267/712/2918
f 3272/505/2919 3271/493/2919 3270/494/2919
f 3275/521/2920 3274/518/2920 3273/517/2920
f 3278/699/2921 3277/698/2921 3276/701/2921
