# Blender 4.4.3
# www.blender.org
mtllib cave_map_small.mtl
o cave_map_small.008
v -147.933228 -2.322215 -75.771751
v -147.934601 -2.267027 -74.018089
v -149.200104 -2.267027 -74.019058
v -149.198761 -2.322215 -75.772736
v -149.200104 0.939067 -74.019058
v -147.934601 0.939067 -74.018089
v -149.198944 0.939067 -75.533646
v -147.933441 0.939067 -75.532677
v -147.932281 -0.458233 -77.026962
v -149.197571 -1.331843 -77.323387
v -149.197998 -0.458233 -76.765419
v -147.932037 -1.331843 -77.322411
v -149.201904 -0.458232 -71.678055
v -147.936615 -1.331842 -71.385078
v -147.936401 -0.458232 -71.677086
v -149.202148 -1.331842 -71.386047
v -146.669067 -2.205453 -74.017105
v -146.667877 -2.205454 -75.531708
v -150.464478 -2.205454 -75.534630
v -146.669067 1.652286 -74.017105
v -146.667877 1.652286 -75.531708
v -150.464478 1.288988 -75.534630
v -146.666504 -1.331843 -77.321442
v -146.666718 -0.458233 -77.025986
v -150.463531 -0.458233 -76.766388
v -149.198120 0.415377 -76.612564
v -150.467377 -1.331842 -71.789238
v -150.467499 -0.458232 -71.636375
v -146.670441 0.415378 -72.227371
v -146.670166 -0.458232 -72.582451
v -147.936279 0.415378 -71.829941
v -149.198029 1.143313 -76.715294
v -147.932404 0.415377 -76.874100
v -147.932251 1.288988 -77.047272
v -149.198059 -1.919242 -76.706535
v -149.200867 0.822783 -73.032562
v -147.935760 1.288988 -72.503487
v -149.201813 0.415378 -71.830910
v -147.936462 -2.205453 -71.584000
v -146.666840 0.415377 -76.873116
v -146.667084 1.110833 -76.578529
v -150.463104 -1.331843 -77.324364
v -146.670227 -2.205453 -72.502518
v -146.670441 -1.331843 -72.227371
v -146.670227 1.288988 -72.502518
v -147.932526 -1.919242 -76.705566
v -149.201996 -2.205453 -71.584976
v -146.667023 -1.858506 -76.661621
v -150.466827 -2.205453 -72.505440
v -150.463318 -2.205454 -77.049225
v -193.923309 -2.341778 -75.263718
v -191.919525 -2.084862 -76.489914
v -191.919525 -2.341778 -75.263718
v -193.923309 -2.084862 -76.489914
v -191.919525 -2.515270 -73.064453
v -193.923309 -2.515270 -73.064453
v -193.923309 1.953794 -73.064453
v -193.923309 1.699197 -71.216354
v -191.919525 1.699197 -71.216354
v -191.919525 1.953794 -73.064453
v -193.923309 1.953794 -75.263718
v -191.919525 1.953794 -75.263718
v -193.923309 1.664718 -76.798820
v -191.919525 1.664718 -76.798820
v -193.923309 -1.764670 -70.465660
v -191.919525 -2.583066 -71.406219
v -191.919525 -1.764670 -70.465660
v -193.923309 -2.583066 -71.406219
v -193.923309 -0.525182 -70.243713
v -191.919525 -0.525182 -70.243713
v -193.923309 0.714306 -70.465660
v -191.919525 0.714306 -70.465660
v -193.923309 0.714305 -76.988800
v -191.919525 0.714305 -76.988800
v -193.923309 -0.525183 -77.210754
v -191.919525 -0.525183 -77.210754
v -193.923309 -1.764671 -77.862511
v -191.919525 -1.764671 -77.862511
v -185.908173 -2.286806 -74.945518
v -187.911957 -1.937556 -76.035759
v -187.911957 -2.214483 -74.945518
v -189.915741 -2.271412 -75.067101
v -189.915741 -2.211663 -76.400520
v -197.930908 -2.286806 -76.508369
v -195.927124 -2.560914 -75.067101
v -185.908173 -2.181468 -73.382652
v -187.911957 -2.188420 -73.382652
v -189.915741 -2.271411 -73.261070
v -195.927124 -2.560914 -73.261070
v -189.915741 -2.287776 -71.828941
v -195.927124 -2.560914 -71.455017
v -187.911957 1.236441 -71.819794
v -185.908173 0.850228 -72.239258
v -187.911957 1.997138 -73.382652
v -185.908173 1.185009 -73.382652
v -189.915741 1.510549 -71.455032
v -189.915741 2.271245 -73.261070
v -195.927124 0.963187 -73.261070
v -195.927124 1.510549 -71.455017
v -187.911957 1.997137 -74.945518
v -185.908173 1.185009 -74.945518
v -189.915741 2.271245 -75.067101
v -197.930908 0.689079 -74.945518
v -195.927124 0.963187 -75.067101
v -185.908173 1.003202 -76.218575
v -187.911957 1.236440 -76.508369
v -189.915741 1.510548 -76.873138
v -195.927124 0.719930 -76.450134
v -187.911957 -1.405994 -71.535889
v -185.908173 -2.286805 -71.819794
v -185.908173 -1.405994 -71.535889
v -187.911957 -2.286805 -71.819794
v -189.915741 -1.543047 -71.126945
v -197.930908 -1.405994 -71.535889
v -195.927124 -1.543047 -71.126945
v -187.911957 -0.525182 -72.169594
v -185.908173 -0.525182 -71.961197
v -189.915741 -0.525182 -71.736115
v -195.927124 -0.525182 -70.337265
v -187.911957 0.355630 -72.327324
v -185.908173 0.355630 -72.118919
v -189.915741 0.492684 -71.918381
v -195.927124 0.492684 -70.363602
v -185.908173 0.355629 -76.792282
v -187.911957 0.355629 -77.702042
v -189.915741 0.492683 -78.110992
v -197.930908 0.220123 -76.299919
v -195.927124 0.357177 -76.708878
v -185.908173 -0.525183 -77.598091
v -187.911957 -0.525183 -77.859779
v -189.915741 -0.525183 -78.293259
v -197.930908 -0.525183 -76.349220
v -195.927124 -0.525183 -76.782715
v -185.908173 -1.405995 -77.440361
v -187.911957 -1.405995 -76.792282
v -189.915741 -1.543048 -77.201225
v -197.930908 -1.405995 -76.191498
v -195.927124 -1.543048 -76.600433
v -185.908173 -2.286806 -76.508369
v -195.927124 -2.560914 -76.873138
v -184.593658 1.664211 -74.945518
v -184.593658 1.307273 -76.748703
v -184.593658 1.436393 -73.382652
v -184.593658 0.918837 -72.222755
v -184.593658 0.355630 -71.535889
v -184.593658 -0.525182 -71.726341
v -184.593658 -1.405994 -71.535889
v -184.593658 -2.112350 -72.248116
v -184.593658 -2.286805 -73.382652
v -184.593658 -2.286806 -74.945518
v -184.593658 -1.405995 -76.985329
v -184.593658 -2.174877 -76.311523
v -184.593658 -0.525183 -76.950012
v -184.593658 0.355629 -76.643898
v -176.923340 -2.341778 -75.263680
v -174.919556 -2.084862 -76.489891
v -174.919556 -2.341778 -75.263680
v -174.919556 -2.515270 -73.064423
v -176.923340 -2.515270 -73.064423
v -176.923340 -2.583066 -71.406189
v -176.923340 1.953794 -73.064423
v -176.923340 1.699197 -71.216316
v -174.919556 1.699197 -71.216316
v -174.919556 1.953794 -73.064423
v -176.923340 1.953794 -75.263680
v -174.919556 1.953794 -75.263680
v -176.923340 1.664718 -76.798790
v -174.919556 1.664718 -76.798790
v -176.923340 -1.764670 -70.465630
v -174.919556 -2.583066 -71.406189
v -174.919556 -1.764670 -70.465630
v -176.923340 -0.525182 -70.243675
v -174.919556 -0.525182 -70.243675
v -176.923340 0.714306 -70.465630
v -174.919556 0.714306 -70.465630
v -176.923340 0.714305 -76.988777
v -174.919556 0.714305 -76.988777
v -176.923340 -0.525183 -77.210724
v -174.919556 -0.525183 -77.210724
v -176.923340 -1.764671 -77.862488
v -174.919556 -1.764671 -77.862488
v -176.923340 -2.084862 -76.489891
v -168.908173 -2.286806 -74.945480
v -170.911957 -1.937556 -76.035721
v -168.908173 -2.286806 -76.508347
v -170.911957 -2.214483 -74.945480
v -172.915771 -2.271412 -75.067078
v -172.915771 -2.211663 -76.400497
v -180.930908 -2.286806 -74.945480
v -182.934692 -2.217960 -74.945480
v -178.927124 -2.560914 -75.067078
v -178.927124 -2.560914 -76.873108
v -168.908173 -2.181468 -73.382629
v -170.911957 -2.188420 -73.382629
v -172.915771 -2.271411 -73.261040
v -180.930908 -2.286805 -73.382629
v -183.295929 -2.272424 -73.382622
v -178.927124 -2.560914 -73.261040
v -172.915771 -2.287776 -71.828903
v -180.930908 -2.286805 -71.819771
v -170.911957 1.236441 -71.819771
v -168.908173 0.850228 -72.239220
v -170.911957 1.997138 -73.382629
v -168.908173 1.185009 -73.382629
v -172.915771 1.510549 -71.454994
v -172.915771 2.271245 -73.261040
v -182.934692 1.236441 -71.819771
v -180.930908 1.236441 -71.819771
v -182.934692 1.236441 -73.382622
v -180.930908 0.689079 -73.382629
v -178.927124 0.963187 -73.261040
v -178.927124 1.510549 -71.454994
v -170.911957 1.997137 -74.945480
v -168.908173 1.185009 -74.945480
v -172.915771 2.271245 -75.067078
v -182.934692 1.554904 -74.945480
v -180.930908 0.689079 -74.945480
v -178.927124 0.963187 -75.067078
v -168.908173 1.003202 -76.218552
v -170.911957 1.236440 -76.508347
v -172.915771 1.510548 -76.873108
v -180.930908 0.445822 -76.085342
v -182.934692 1.236440 -76.508331
v -178.927124 0.719930 -76.450104
v -170.911957 -1.405994 -71.535866
v -168.908173 -2.286805 -71.819771
v -168.908173 -1.405994 -71.535866
v -170.911957 -2.286805 -71.819771
v -172.915771 -1.543047 -71.126907
v -182.934692 -2.170445 -72.012344
v -180.930908 -1.405994 -71.535866
v -182.934692 -1.405994 -71.061920
v -178.927124 -1.543047 -71.126907
v -178.927124 -2.560914 -71.454994
v -170.911957 -0.525182 -72.169571
v -168.908173 -0.525182 -71.961159
v -172.915771 -0.525182 -71.736092
v -182.934692 -0.525182 -70.904182
v -180.930908 -0.525182 -70.770714
v -178.927124 -0.525182 -70.337227
v -170.911957 0.355630 -72.327309
v -168.908173 0.355630 -72.118896
v -172.915771 0.492684 -71.918358
v -182.934692 0.355630 -71.061920
v -180.930908 0.355630 -70.772514
v -178.927124 0.492684 -70.363571
v -168.908173 0.355629 -76.792259
v -170.911957 0.355629 -77.702011
v -172.915771 0.492683 -78.110962
v -182.934692 0.355629 -77.107529
v -180.930908 0.220123 -76.299896
v -178.927124 0.357177 -76.708847
v -168.908173 -0.525183 -77.598061
v -170.911957 -0.525183 -77.859749
v -172.915771 -0.525183 -78.293236
v -182.934692 -0.525183 -75.994560
v -180.930908 -0.525183 -76.349182
v -178.927124 -0.525183 -76.782677
v -168.908173 -1.405995 -77.440331
v -170.911957 -1.405995 -76.792259
v -172.915771 -1.543048 -77.201195
v -182.934692 -1.405995 -75.706131
v -180.930908 -1.405995 -76.191467
v -178.927124 -1.543048 -76.600410
v -182.934692 -2.138295 -75.878441
v -180.930908 -2.286806 -76.508347
v -184.630341 0.355630 -71.535866
v -184.630341 -0.525182 -71.726311
v -184.630341 -1.405994 -71.535866
v -184.630341 -0.525183 -76.949974
v -184.630341 -1.405995 -76.985291
v -184.630341 0.355629 -76.643875
v -184.630341 1.307273 -76.748665
v -184.630341 -2.286806 -74.945480
v -184.630341 -2.174877 -76.311485
v -184.630341 1.664211 -74.945480
v -184.630341 -2.286805 -73.382622
v -184.630341 1.436393 -73.382622
v -184.630341 -2.112350 -72.248093
v -184.630341 0.918837 -72.222725
v -167.593658 1.664211 -74.945480
v -167.593658 0.918837 -72.222733
v -167.593658 0.355630 -71.535866
v -167.593658 -0.525182 -71.726311
v -167.593658 -1.405994 -71.535866
v -167.593658 -0.525183 -76.949974
v -167.593658 0.355629 -76.643875
v -159.796295 -2.341778 -75.369911
v -157.792511 -2.341778 -75.373634
v -157.788422 -2.515270 -73.174370
v -159.792206 -2.515270 -73.170654
v -159.792206 1.953794 -73.170654
v -159.788757 1.699198 -71.322556
v -157.785004 1.699198 -71.326279
v -157.788422 1.953794 -73.174370
v -159.796295 1.953794 -75.369911
v -157.792511 1.953794 -75.373634
v -159.799133 1.664718 -76.905014
v -157.795349 1.664718 -76.908737
v -159.787384 -1.764670 -70.571869
v -157.785339 -2.583066 -71.516151
v -157.783600 -1.764670 -70.575592
v -159.789124 -2.583066 -71.512428
v -159.786957 -0.525182 -70.349915
v -157.783173 -0.525182 -70.353638
v -159.787384 0.714307 -70.571869
v -157.783600 0.714307 -70.575592
v -158.233490 0.471681 -77.098717
v -157.794769 -2.084862 -76.599838
v -159.798553 -2.084862 -76.596123
v -151.780548 -2.286806 -75.066597
v -151.783447 -2.286806 -76.629448
v -153.784332 -2.214483 -75.062874
v -155.788361 -2.271412 -75.180748
v -155.790833 -2.211663 -76.514153
v -163.803284 -2.286806 -75.044273
v -163.806152 -2.286806 -76.607124
v -165.807068 -2.217959 -75.040558
v -161.799713 -2.560914 -75.169579
v -151.777649 -2.181468 -73.503738
v -153.781433 -2.188420 -73.500015
v -155.785004 -2.271411 -73.374710
v -163.800354 -2.286805 -73.481415
v -166.165405 -2.272424 -73.477028
v -161.796356 -2.560914 -73.363556
v -155.782349 -2.287776 -71.942574
v -153.778534 1.236441 -71.937164
v -151.775513 0.850228 -72.360336
v -153.781433 1.997137 -73.500015
v -151.777649 1.185009 -73.503738
v -155.781647 1.510549 -71.568672
v -155.785004 2.271245 -73.374710
v -165.801270 1.236441 -71.914841
v -163.797455 1.236441 -71.918564
v -165.804169 1.236440 -73.477707
v -163.800354 0.689079 -73.481415
v -161.796356 0.963187 -73.363556
v -161.792999 1.510549 -71.557510
v -153.784332 1.997137 -75.062874
v -151.780548 1.185009 -75.066597
v -155.788361 2.271245 -75.180748
v -165.807068 1.554905 -75.040558
v -163.803284 0.689079 -75.044273
v -161.799713 0.963187 -75.169579
v -151.782898 1.003202 -76.339653
v -153.787231 1.236440 -76.625725
v -155.791718 1.510548 -76.986778
v -163.805389 0.445822 -76.184128
v -165.809967 1.236440 -76.603401
v -161.802277 0.719930 -76.552620
v -153.778015 -1.405994 -71.653259
v -151.774750 -2.286805 -71.940887
v -151.774231 -1.405994 -71.656982
v -153.778534 -2.286805 -71.937164
v -155.781036 -1.543047 -71.240578
v -165.801605 -2.170445 -72.107422
v -163.796936 -1.405994 -71.634659
v -165.799866 -1.405994 -71.156998
v -163.797455 -2.286805 -71.918564
v -161.792389 -1.543047 -71.229424
v -161.792999 -2.560914 -71.557510
v -153.779205 -0.525182 -72.286964
v -151.774994 -0.525182 -72.082275
v -155.782166 -0.525182 -71.849762
v -165.799561 -0.525182 -70.999275
v -163.795502 -0.525182 -70.869514
v -161.790924 -0.525182 -70.439743
v -153.779480 0.355630 -72.444695
v -151.775299 0.355630 -72.240005
v -155.782501 0.492684 -72.032028
v -165.799866 0.355630 -71.156998
v -163.795502 0.355630 -70.871307
v -161.790985 0.492684 -70.466087
v -151.783966 0.355629 -76.913353
v -153.789459 0.355629 -77.819405
v -155.794006 0.492683 -78.224625
v -165.811096 0.355629 -77.202591
v -163.805786 0.220123 -76.398682
v -161.802734 0.357177 -76.811348
v -151.785461 -0.525183 -77.719162
v -153.789764 -0.525183 -77.977135
v -155.794342 -0.525183 -78.406898
v -165.809021 -0.525183 -76.089638
v -163.805878 -0.525183 -76.447983
v -161.802887 -0.525183 -76.885185
v -151.785156 -1.405995 -77.561440
v -153.787781 -1.405995 -76.909630
v -155.792297 -1.543048 -77.314865
v -165.808472 -1.405995 -75.801186
v -163.805573 -1.405995 -76.290260
v -161.802551 -1.543048 -76.702919
v -153.786377 -1.937556 -76.153114
v -165.808807 -2.138295 -75.973495
v -161.803070 -2.560914 -76.975609
v -167.593628 -1.405994 -76.985291
v -167.593628 -2.174876 -76.311485
v -167.593628 1.307274 -76.748665
v -167.593628 -2.286806 -74.945496
v -167.593628 -2.286805 -73.382629
v -167.593628 1.436393 -73.382629
v -167.593628 -2.112350 -72.248070
v -150.463562 1.143314 -76.716240
v -150.465637 1.288988 -74.020020
v -150.466400 0.822784 -73.033539
v -150.467346 0.415379 -71.789238
v -150.465637 -2.250330 -74.020004
v -150.463654 0.415378 -76.613518
v -158.797607 0.759719 -77.096855
v -159.062347 -1.954482 -77.970558
v -159.431732 -1.859577 -77.969635
v -200.017700 -2.276385 -72.016068
v -199.988556 -2.222738 -73.769203
v -199.133881 -2.180324 -73.753708
v -199.163055 -2.233970 -72.000565
v -199.292603 1.019294 -73.759201
v -200.147247 0.976880 -73.774704
v -199.320129 1.020530 -72.245155
v -200.174774 0.978115 -72.260651
v -200.132751 -0.415143 -70.764511
v -199.240204 -1.244334 -70.452171
v -199.273346 -0.372943 -71.011436
v -200.094879 -1.286748 -70.467674
v -199.180878 -0.377091 -76.096954
v -199.987000 -1.291590 -76.402863
v -200.035553 -0.419506 -76.112457
v -199.132355 -1.249176 -76.387367
v -201.728455 -2.244884 -72.286263
v -201.700928 -2.246119 -73.800316
v -200.846283 -2.203703 -73.784805
v -200.873779 -2.202468 -72.270767
v -197.930908 -2.286807 -74.945503
v -197.930908 -2.286805 -73.382690
v -201.037231 1.646246 -73.791420
v -201.873871 1.241266 -73.806297
v -201.064728 1.647482 -72.277374
v -201.901398 1.242501 -72.292252
v -197.930908 0.689078 -73.382668
v -201.857819 -0.499265 -69.928703
v -200.949554 -1.329163 -70.483170
v -200.987396 -0.457558 -70.780014
v -201.804199 -1.371577 -70.498672
v -197.930908 0.355629 -70.772530
v -197.930908 -0.525183 -70.770744
v -199.313812 0.498779 -71.165741
v -201.798126 0.367961 -75.593895
v -200.943481 0.410375 -75.578392
v -201.752106 -0.504010 -75.745201
v -200.906677 -0.461182 -75.221939
v -200.081573 0.452465 -75.961159
v -199.351685 1.225327 -71.064285
v -200.173218 0.456578 -70.918816
v -200.219604 1.328566 -70.747200
v -200.054596 -1.873463 -71.083298
v -199.268921 0.902443 -74.745140
v -200.137024 1.324860 -75.289352
v -199.226929 0.494879 -75.945648
v -199.947388 -2.163274 -76.202522
v -199.092743 -2.120860 -76.187012
v -201.915192 1.036029 -70.966927
v -201.027863 0.414164 -70.934319
v -201.056976 1.107975 -71.229996
v -201.890656 0.372115 -70.501663
v -197.930908 1.236440 -71.819794
v -197.930908 0.445822 -76.085358
v -200.818756 -2.204939 -75.298859
v -201.687225 -2.065772 -75.048683
v -200.856995 -1.333317 -75.575401
v -201.711639 -1.375732 -75.590904
v -201.840546 1.069677 -75.174797
v -200.991699 1.282446 -75.304855
v -199.199951 -1.831049 -71.067787
v -200.911499 -1.855299 -71.141846
v -201.755951 -2.243648 -70.772209
v -197.930908 -2.286807 -71.819817
v -202.634796 1.591094 -72.332428
v -202.672424 1.277204 -70.744621
v -202.619507 1.402348 -74.005753
v -202.494049 -0.540570 -75.607010
v -202.447449 -1.412566 -75.790009
v -202.464233 -2.281718 -72.485374
v -202.543396 -1.408260 -70.510773
v -202.586029 -0.536441 -70.546486
v -202.623871 0.335163 -70.844528
v -203.960815 -2.298392 -71.147514
v -203.939789 -2.410014 -72.513077
v -203.917786 -2.409867 -74.075493
v -203.904572 -2.235580 -75.209717
v -203.952637 0.790806 -75.235947
v -203.977264 1.307432 -74.076553
v -204.002930 1.534742 -72.514229
v -204.022644 1.178200 -70.711510
v -203.905792 -1.530276 -75.921928
v -203.922546 -0.650878 -75.731781
v -203.933960 0.228556 -75.922440
v -204.005951 0.228073 -70.815971
v -203.996216 -0.651372 -70.509712
v -203.982605 -1.530791 -70.474159
v -202.533905 0.331127 -75.793015
v -202.493774 -2.169847 -71.162224
v -202.436707 -2.282952 -73.999443
v -202.573639 0.889145 -75.128548
v -202.425293 -2.111169 -75.098854
v -152.901978 -1.189728 -97.884491
v -153.208221 -1.687721 -98.656479
v -152.510864 -1.194116 -98.212372
v -153.511292 -1.490044 -98.293633
v -153.393524 -1.281814 -97.472260
v -153.925079 -1.587641 -97.798279
v -153.648132 -1.740531 -97.258072
v -154.136719 -2.049196 -97.544952
v -153.841064 -4.375535 -97.898857
v -153.314240 -3.868348 -97.534561
v -153.511292 -4.209649 -98.293633
v -152.923126 -3.872736 -97.862442
v -153.053894 -4.150721 -98.841217
v -152.380432 -3.856359 -98.317421
v -152.910217 -3.768092 -99.013222
v -152.207001 -3.475661 -98.463432
v -152.876953 -3.160648 -99.053062
v -152.162750 -2.868691 -98.501511
v -152.910217 -2.553205 -99.013222
v -152.197418 -2.260834 -98.473404
v -153.763641 -2.243264 -97.160423
v -154.230743 -2.553205 -97.432365
v -153.637054 -2.852151 -97.265594
v -154.119965 -3.160648 -97.565002
v -153.602356 -3.460008 -97.293686
v -154.086670 -3.768092 -97.604843
v -153.480469 -3.776558 -97.395363
v -153.981812 -4.083262 -97.730377
v -154.125092 -1.786505 -98.823174
v -154.409119 -2.538683 -99.747490
v -153.790253 -2.041476 -99.224014
v -154.738892 -2.182723 -99.352715
v -152.056793 -1.043335 -96.649414
v -152.419434 -0.886925 -97.398666
v -151.629425 -1.050959 -96.916748
v -151.992065 -0.894549 -97.666000
v -154.454865 -2.242222 -98.428398
v -155.068665 -2.538682 -98.957939
v -152.651550 -1.037006 -96.724716
v -152.853546 -1.334950 -97.125206
v -154.743988 -2.516479 -98.082298
v -155.398438 -2.538682 -98.563156
v -152.851440 -1.174813 -96.151733
v -153.280914 -1.327325 -96.857872
v -155.398438 -4.968456 -98.563156
v -154.482574 -4.237535 -98.395226
v -155.068665 -5.053037 -98.957939
v -154.454865 -4.671996 -98.428398
v -152.886475 -3.562032 -97.095268
v -153.316833 -3.756728 -96.825211
v -152.847534 -3.163423 -96.145821
v -152.518646 -3.367265 -96.350739
v -154.448212 -4.759290 -99.101929
v -154.738892 -4.968456 -99.352715
v -152.459106 -3.569656 -97.362602
v -152.092712 -3.472739 -96.616753
v -154.497345 -4.769860 -99.641869
v -152.034698 -3.779600 -97.627220
v -151.665314 -3.480362 -96.884094
v -153.731689 -4.360222 -99.294144
v -154.349213 -4.361012 -99.819206
v -153.524017 -4.064553 -99.542763
v -151.674103 -3.178522 -97.855339
v -151.406372 -2.877470 -97.048615
v -154.142426 -3.753569 -100.066765
v -153.702148 -3.457108 -99.329506
v -151.829407 -2.568241 -97.760742
v -151.526611 -2.267815 -96.975960
v -154.166077 -3.146126 -100.038452
v -153.735443 -2.849665 -99.289665
v -151.656128 -1.963821 -97.871666
v -151.628876 -1.658480 -96.914543
v -154.844543 -2.849665 -97.961906
v -155.458344 -3.146125 -98.491447
v -152.998169 -1.634053 -96.058014
v -153.367523 -1.933291 -96.801147
v -154.647156 -3.457108 -98.198196
v -155.286987 -3.753568 -98.696587
v -153.178741 -2.238343 -95.942513
v -153.493347 -2.538706 -96.735344
v -154.613892 -4.064553 -98.238037
v -155.253693 -4.361012 -98.736435
v -153.016113 -2.848754 -96.041687
v -153.385498 -3.147993 -96.784821
v -151.202789 -0.855061 -96.087990
v -151.166412 -2.119587 -96.105438
v -151.357819 -3.253994 -95.980934
v -152.655914 -2.700526 -95.171165
v -155.029053 -2.944242 -100.303818
v -155.409515 -2.698083 -99.848335
v -155.984039 -3.212122 -99.160568
v -156.128967 -4.815421 -98.987061
v -155.978668 -5.302552 -99.166969
v -154.979126 -4.815421 -100.363586
v -205.225006 -16.462711 -112.075386
v -205.414246 -16.415516 -112.632896
v -204.881042 -16.094852 -112.764107
v -204.787811 -16.155207 -112.176025
v -205.129883 -13.487704 -112.699257
v -205.777405 -14.061030 -112.482193
v -205.134766 -13.743490 -112.153282
v -205.619385 -14.066791 -111.998444
v -205.305176 -15.098619 -111.586876
v -204.777954 -15.438511 -111.621269
v -204.867401 -14.784941 -111.779747
v -205.175415 -15.741302 -111.533569
v -205.126678 -14.728491 -113.491112
v -205.794891 -15.718724 -113.429886
v -205.863373 -15.078274 -113.295563
v -205.080566 -15.372630 -113.618568
v -206.548676 -16.605518 -111.902252
v -206.775909 -16.616856 -112.301056
v -206.095612 -16.480499 -112.655846
v -205.975922 -16.492500 -112.173981
v -204.300751 -15.659138 -112.796822
v -203.447113 -15.573307 -112.927170
v -204.225922 -15.628689 -112.286797
v -203.372742 -15.629615 -112.416969
v -206.532593 -13.647461 -112.474503
v -207.171722 -14.050613 -112.136787
v -206.412903 -13.659459 -111.992645
v -206.944519 -14.039276 -111.737991
v -203.360596 -13.017232 -112.422577
v -203.435242 -13.014200 -112.932671
v -204.288483 -13.018766 -112.802498
v -204.213806 -13.021798 -112.292412
v -206.392395 -15.304724 -111.198357
v -205.703674 -15.835590 -111.433487
v -205.837341 -15.193834 -111.482430
v -206.379181 -15.950562 -111.389946
v -203.250031 -13.673564 -111.645256
v -204.163666 -13.675680 -111.927635
v -203.245544 -14.325594 -111.592377
v -204.159149 -14.327708 -111.874763
v -204.994049 -14.373985 -111.772911
v -203.537079 -14.313760 -113.584114
v -204.407532 -14.969472 -113.549599
v -204.412018 -14.317443 -113.602486
v -203.510956 -14.966663 -113.383812
v -207.341248 -14.705568 -112.649101
v -206.533875 -14.541639 -113.102043
v -207.265228 -15.348273 -112.730415
v -206.406860 -15.186013 -113.030136
v -205.946411 -14.437295 -113.205673
v -205.096039 -13.609486 -111.746552
v -205.420105 -14.456476 -111.594627
v -205.500977 -13.815575 -111.498253
v -205.172028 -13.562928 -113.034996
v -205.975067 -13.798296 -112.949486
v -205.204834 -13.851499 -113.452858
v -205.675171 -16.361042 -113.407425
v -206.722137 -14.182087 -111.398773
v -205.954254 -14.552174 -111.487938
v -206.268860 -14.065388 -111.685051
v -206.577087 -14.667441 -111.307808
v -205.925964 -16.246662 -111.798195
v -203.253845 -14.977103 -111.626892
v -204.151245 -15.631721 -111.776711
v -204.134674 -14.980548 -111.685448
v -204.156067 -13.132837 -111.894211
v -203.281433 -12.855193 -111.887199
v -204.338715 -13.364587 -113.133995
v -203.526520 -13.662341 -113.534035
v -204.401459 -13.666026 -113.552406
v -203.182587 -13.010232 -113.368996
v -203.505035 -15.387593 -113.329018
v -206.215271 -16.468498 -113.137703
v -206.983765 -16.492737 -112.621254
v -206.335968 -15.824761 -113.184166
v -207.143341 -15.988690 -112.731232
v -207.357758 -14.186306 -112.505363
v -206.611115 -13.902259 -112.973442
v -205.173248 -16.170326 -111.758202
v -204.768341 -15.866951 -111.848419
v -205.009430 -16.022217 -113.580864
v -206.321472 -16.594181 -111.503456
v -204.375244 -15.622627 -113.306999
v -203.313354 -15.716275 -112.008453
v -202.622101 -13.241875 -113.507393
v -202.404510 -12.963243 -112.030800
v -202.412781 -13.667173 -112.063499
v -202.402527 -14.971281 -111.949257
v -202.503021 -15.619048 -112.613625
v -202.631256 -15.484735 -113.494301
v -202.650757 -14.309359 -113.667122
v -207.187439 -13.919973 -111.552788
v -206.876617 -14.143528 -111.063194
v -207.445587 -14.096250 -111.958511
v -207.683167 -15.467965 -112.328835
v -207.715851 -16.105150 -112.361603
v -207.367676 -16.660942 -111.829399
v -206.877289 -16.547588 -111.058144
v -206.780029 -16.009609 -110.906479
v -206.804413 -15.403307 -110.946373
v -209.494324 -16.707150 -110.620628
v -209.121704 -16.668774 -110.092110
v -209.779541 -16.668774 -109.603539
v -210.152191 -16.707150 -110.132057
v -209.779541 -14.439499 -109.603539
v -209.121704 -14.439499 -110.092110
v -210.101410 -14.439499 -110.060005
v -209.443542 -14.439499 -110.548569
v -209.761047 -15.411077 -110.998909
v -210.481689 -16.018518 -110.599380
v -210.363129 -15.411077 -110.431221
v -209.823853 -16.018518 -111.087952
v -209.282104 -15.411077 -108.898018
v -208.562195 -16.018518 -109.298592
v -208.624237 -15.411077 -109.386589
v -209.220062 -16.018518 -108.810020
v -208.127808 -16.625961 -111.525711
v -207.805969 -16.625961 -111.069244
v -208.463837 -16.625961 -110.580681
v -208.785675 -16.625961 -111.037140
v -210.437408 -16.657166 -109.114975
v -211.095276 -16.581425 -108.626411
v -210.759247 -16.625961 -109.571434
v -211.417114 -16.631081 -109.082863
v -208.463837 -13.943579 -110.580681
v -207.805969 -14.196190 -111.069244
v -208.785675 -13.943579 -111.037140
v -208.127808 -14.196190 -111.525711
v -211.417114 -14.196190 -109.082863
v -211.095276 -14.196190 -108.626411
v -210.437408 -14.196190 -109.114975
v -210.759247 -14.196190 -109.571434
v -208.629608 -15.411077 -112.237373
v -209.165985 -16.018518 -111.576515
v -209.103180 -15.411077 -111.487473
v -208.508118 -16.018518 -112.065086
v -211.906647 -14.803633 -109.777199
v -210.988495 -14.803633 -109.896584
v -211.939148 -15.411077 -109.823265
v -211.020996 -15.411077 -109.942657
v -210.330658 -14.803633 -110.385155
v -210.682495 -15.411077 -108.040962
v -209.963379 -16.018518 -108.442665
v -209.930908 -15.411077 -108.396606
v -210.807953 -16.018518 -108.218948
v -207.425659 -14.803633 -110.529869
v -208.083527 -14.803633 -110.041298
v -207.393188 -15.411077 -110.483803
v -208.158997 -15.411077 -110.148308
v -208.656738 -14.803633 -109.432663
v -210.352478 -14.297482 -110.416115
v -209.728546 -14.803633 -110.952843
v -209.765381 -14.196190 -111.005028
v -209.569916 -14.520354 -109.306236
v -208.799835 -14.196190 -109.635651
v -209.314606 -14.803633 -108.944092
v -208.604492 -16.625961 -109.358543
v -208.409454 -14.340800 -111.925163
v -209.070740 -14.803633 -111.441414
v -209.008118 -14.320065 -111.352623
v -208.508118 -14.803633 -112.065086
v -209.025787 -16.384720 -111.377663
v -211.916504 -16.018518 -109.791115
v -211.081085 -16.625961 -110.027893
v -211.139557 -16.018518 -110.110817
v -211.010345 -14.297482 -109.927544
v -211.755127 -14.042194 -109.562263
v -210.227783 -14.520354 -108.817665
v -210.714966 -14.803633 -108.087021
v -209.963379 -14.803633 -108.442665
v -211.088501 -14.196190 -108.100945
v -210.841949 -16.410553 -108.267166
v -208.141998 -16.625961 -110.124214
v -207.540680 -16.499599 -110.692970
v -208.083527 -16.018518 -110.041298
v -207.425659 -16.018518 -110.529869
v -207.515015 -14.314964 -110.656578
v -208.141998 -14.196190 -110.124214
v -209.692749 -16.426952 -110.902046
v -210.350616 -16.426952 -110.413475
v -209.262329 -16.625961 -108.869972
v -208.449677 -16.625961 -111.982162
v -210.115570 -16.625961 -108.658516
v -211.674744 -16.709591 -109.448265
v -211.765106 -13.993852 -107.875076
v -212.390594 -16.484329 -108.713211
v -207.629883 -14.467119 -112.247536
v -206.874329 -14.800354 -111.057938
v -207.104767 -16.641594 -111.415771
v -207.562195 -16.554810 -112.135704
v -207.733643 -14.863582 -112.409790
v -199.537933 -15.687245 -113.527252
v -199.450104 -15.649693 -112.919624
v -200.160278 -15.653481 -112.813103
v -200.248108 -15.691035 -113.420731
v -200.149200 -13.261701 -112.818245
v -199.439026 -13.257912 -112.924767
v -200.224884 -13.258577 -113.343109
v -199.514709 -13.254787 -113.449638
v -199.594208 -14.294107 -113.965218
v -200.322174 -14.949010 -113.959679
v -200.291260 -14.298437 -113.767723
v -199.612000 -14.945221 -114.066200
v -200.037048 -14.308928 -112.004753
v -199.315308 -14.957466 -112.008690
v -199.326874 -14.305140 -112.111282
v -200.025482 -14.961254 -111.902168
v -198.105225 -15.593058 -113.657631
v -198.029572 -15.596180 -113.132767
v -198.739716 -15.599969 -113.026253
v -198.815430 -15.596847 -113.551109
v -200.870422 -15.644814 -112.706612
v -201.580200 -15.567339 -112.600266
v -200.945953 -15.608212 -113.231544
v -201.656128 -15.617492 -113.125008
v -198.726379 -12.722054 -113.032433
v -198.017456 -12.989289 -113.138374
v -198.802063 -12.718929 -113.557304
v -198.093140 -12.986165 -113.663231
v -201.644012 -13.005110 -113.130623
v -201.568298 -13.008232 -112.605766
v -200.858124 -13.004444 -112.712288
v -200.933838 -13.001321 -113.237144
v -198.217194 -14.284740 -114.478752
v -198.901825 -14.941432 -114.172722
v -198.884033 -14.290318 -114.071739
v -198.191650 -14.937643 -114.279251
v -201.762146 -13.652081 -113.927605
v -200.990784 -13.650819 -113.609627
v -201.772827 -14.303490 -113.979179
v -201.001434 -14.302227 -113.661201
v -200.280609 -13.647030 -113.716148
v -201.477295 -14.315686 -111.929771
v -200.755768 -14.964213 -111.935020
v -200.745087 -14.312806 -111.883453
v -201.509827 -14.966190 -112.133034
v -197.931061 -13.644703 -112.516762
v -198.641235 -13.648492 -112.410233
v -197.926453 -14.296741 -112.462387
v -198.661987 -14.299483 -112.531883
v -199.331482 -13.653102 -112.165657
v -200.283203 -13.103770 -113.752922
v -199.583527 -13.642699 -113.913643
v -199.589172 -12.990620 -113.975060
v -200.100311 -13.350484 -112.476196
v -199.362122 -12.999990 -112.400459
v -200.041656 -13.656891 -112.059128
v -199.328278 -15.608779 -112.076225
v -198.160095 -13.138582 -114.122223
v -198.873352 -13.638910 -114.020164
v -198.856232 -13.120701 -113.919197
v -198.185608 -13.634197 -114.282051
v -198.870697 -15.335689 -113.943230
v -201.770508 -14.955432 -113.940819
v -201.021606 -15.605088 -113.756416
v -201.032349 -14.952798 -113.853157
v -200.993408 -13.107558 -113.646393
v -201.722748 -12.836607 -113.682228
v -200.810486 -13.354273 -112.369682
v -201.481903 -13.663647 -111.984154
v -200.749695 -13.660769 -111.937828
v -201.768311 -13.011991 -112.166756
v -201.519775 -15.386469 -112.187584
v -198.664062 -15.603093 -112.501381
v -197.966553 -15.463181 -112.700401
v -198.647278 -14.951938 -112.407433
v -197.937103 -14.948149 -112.513962
v -197.949646 -13.119545 -112.663582
v -198.651947 -12.996202 -112.506981
v -199.583221 -15.384698 -113.851501
v -200.293396 -15.388487 -113.744972
v -200.038452 -15.612566 -111.969704
v -198.180939 -15.589933 -114.182503
v -200.794556 -15.614460 -112.181816
v -201.717102 -15.699226 -113.544991
v -202.489471 -12.695644 -112.619888
v -202.564911 -12.861178 -113.129631
v -202.656830 -13.657267 -113.730675
v -202.662872 -14.960712 -113.727882
v -202.577667 -15.616017 -113.123711
v -202.437408 -15.538878 -112.167946
v -202.401245 -14.319489 -111.962166
v -197.420013 -12.988599 -113.016594
v -197.440948 -13.644779 -113.045677
v -197.409210 -14.252365 -112.953239
v -197.875519 -15.464987 -114.006172
v -218.693268 -11.942168 -103.088623
v -218.487549 -12.587394 -103.841896
v -218.964905 -11.939287 -103.538696
v -218.164001 -12.396468 -103.481071
v -218.350220 -12.041356 -102.462791
v -217.783051 -12.495654 -102.943893
v -218.223541 -12.495179 -102.138161
v -217.656372 -12.949480 -102.619255
v -218.324982 -15.224957 -102.712418
v -218.141541 -14.939979 -102.569191
v -218.909729 -14.572505 -102.383888
v -218.556793 -15.059630 -103.219269
v -219.181366 -14.569624 -102.833961
v -218.922852 -14.997931 -103.849144
v -219.554047 -14.543631 -103.460373
v -218.971588 -14.621986 -104.081558
v -219.602783 -14.167687 -103.692787
v -218.888489 -14.026860 -104.184639
v -219.519684 -13.572559 -103.795860
v -218.750580 -13.432314 -104.196861
v -219.381805 -12.978014 -103.808090
v -218.216675 -12.989551 -101.957619
v -217.649506 -13.443851 -102.438721
v -218.423492 -13.583420 -102.024605
v -217.856354 -14.037720 -102.505707
v -218.633728 -14.177965 -102.087143
v -217.988770 -14.632266 -102.474281
v -218.777435 -14.485679 -102.200340
v -217.596832 -12.850768 -103.962166
v -217.421539 -13.748447 -104.806664
v -217.960358 -13.097523 -104.356346
v -217.046204 -13.402758 -104.431168
v -219.935760 -11.479829 -102.405258
v -219.324493 -11.487869 -102.699852
v -220.106720 -11.476948 -102.896187
v -219.596100 -11.484987 -103.149925
v -217.355804 -13.299910 -103.488220
v -216.788635 -13.754210 -103.969322
v -219.452759 -11.557920 -102.008957
v -219.135773 -11.937010 -102.206528
v -217.123749 -13.571001 -103.087914
v -216.472198 -13.757090 -103.550652
v -219.561432 -11.627787 -101.419434
v -218.864136 -11.939890 -101.756454
v -216.874207 -16.136436 -103.255943
v -217.204651 -16.216381 -103.664352
v -217.757812 -15.679256 -103.193512
v -219.540955 -14.118205 -101.995117
v -219.306122 -14.319239 -101.525841
v -220.071289 -13.574616 -101.450623
v -220.244781 -13.766224 -101.824150
v -217.764343 -15.848187 -103.873787
v -217.507141 -16.130676 -104.093285
v -219.746918 -14.115324 -102.542130
v -220.435852 -13.859176 -102.311295
v -217.706055 -15.934091 -104.424034
v -218.400208 -15.367636 -104.149483
v -219.878937 -14.310595 -102.991516
v -217.780579 -15.532434 -104.661690
v -218.550568 -15.076288 -104.449013
v -219.894562 -13.713387 -103.418930
v -220.606812 -13.856295 -102.802223
v -220.581787 -13.259772 -103.112854
v -217.878479 -14.935790 -104.997910
v -218.279114 -14.483007 -104.296524
v -219.877899 -13.119658 -103.292191
v -220.405090 -12.665807 -102.987930
v -217.755280 -14.341160 -105.041565
v -218.146698 -13.888460 -104.327942
v -219.847443 -12.523712 -103.516190
v -220.235565 -12.071719 -102.883644
v -217.082367 -13.898151 -102.919815
v -216.515198 -14.352451 -103.400917
v -219.556488 -12.080951 -101.228264
v -218.925293 -12.535251 -101.617035
v -217.372284 -14.491263 -103.096725
v -216.780151 -14.945790 -103.544800
v -219.557922 -12.676945 -100.989914
v -218.954346 -13.133433 -101.449028
v -217.504730 -15.085810 -103.065308
v -216.912598 -15.540337 -103.513382
v -219.937866 -13.270624 -101.263748
v -219.146301 -13.724924 -101.501732
v -217.659363 -15.254054 -103.211029
v -220.847473 -11.517275 -102.743416
v -220.891388 -11.905685 -102.961510
v -220.879181 -12.513129 -102.901024
v -220.845856 -13.607704 -102.735344
v -220.673431 -13.728018 -101.878845
v -220.543091 -13.120573 -101.231148
v -220.545349 -12.513129 -101.242348
v -216.170990 -13.993854 -104.327164
v -215.923248 -14.350781 -103.995239
v -215.817230 -15.346638 -103.853188
v -216.170990 -16.561523 -104.327156
v -216.504730 -16.561523 -104.774391
v -216.796448 -16.484333 -105.165298
v -217.566772 7.249741 0.140899
v -217.607666 6.552437 0.098541
v -217.489319 5.907117 0.222427
v -217.475922 5.261741 0.236725
v -217.737427 4.698238 -0.036072
v -195.808990 -15.569167 -113.641991
v -195.506836 -15.536389 -114.354424
v -194.927368 -15.542022 -113.974007
v -195.279938 -15.574819 -113.468735
v -194.901428 -13.312904 -113.980515
v -195.480865 -13.307271 -114.360939
v -195.205536 -13.308091 -113.544220
v -195.577942 -13.304569 -113.822609
v -195.965363 -14.269919 -113.209778
v -195.583282 -14.881311 -113.024055
v -195.464172 -14.275684 -113.186562
v -196.012787 -14.876550 -113.105377
v -194.442719 -14.291851 -114.652031
v -195.330505 -14.890875 -115.292183
v -195.342133 -14.282953 -115.190163
v -194.391174 -14.900177 -114.734367
v -196.891754 -15.476167 -113.913559
v -197.089844 -15.475213 -114.376396
v -196.264069 -15.485160 -114.491966
v -196.269135 -15.483272 -113.865463
v -194.511932 -15.533769 -113.468178
v -194.035828 -15.575951 -113.028961
v -194.833008 -15.497627 -113.057503
v -194.522858 -15.623547 -112.782051
v -196.232819 -12.802969 -114.499794
v -197.061584 -13.045613 -114.383492
v -196.169312 -12.802228 -113.992538
v -196.863464 -13.046568 -113.920647
v -194.546234 -12.959863 -112.761787
v -194.058777 -12.966590 -113.009117
v -194.395325 -13.073830 -113.419456
v -194.804749 -13.068029 -113.064598
v -196.568756 -14.262855 -113.195496
v -196.232727 -14.874232 -113.188370
v -196.230499 -14.267103 -113.302223
v -196.650604 -14.869894 -113.368416
v -195.281891 -13.614150 -112.390633
v -195.239258 -13.670074 -112.933365
v -195.325256 -14.277993 -112.370720
v -195.290466 -14.276869 -112.899757
v -195.424316 -13.668673 -113.190208
v -193.421875 -14.304260 -113.336441
v -193.813538 -14.904572 -113.936790
v -193.765137 -14.297759 -113.974373
v -193.606110 -14.966160 -113.245049
v -197.302734 -13.651886 -114.928635
v -196.317902 -13.663838 -115.096687
v -197.329773 -14.259190 -114.973572
v -196.310089 -14.271064 -114.975998
v -195.344879 -13.675281 -115.137611
v -195.441162 -13.162329 -113.204247
v -195.937439 -13.662917 -113.264648
v -195.954010 -13.055066 -113.206268
v -194.704315 -13.396888 -114.264450
v -195.380981 -13.066681 -114.899986
v -194.466339 -13.683966 -114.609772
v -195.255951 -15.498581 -115.070305
v -196.691803 -13.192002 -113.515190
v -196.225983 -13.659842 -113.361977
v -196.225159 -13.176580 -113.475128
v -196.636475 -13.655096 -113.371956
v -196.247803 -15.241012 -113.437584
v -195.285095 -14.942987 -112.393196
v -195.386261 -15.490545 -112.837288
v -195.458618 -14.882053 -112.781754
v -195.263031 -13.163552 -112.913445
v -195.059692 -12.784330 -112.500755
v -194.132446 -13.401748 -113.649635
v -193.476898 -13.639061 -113.306427
v -193.799408 -13.689773 -113.940331
v -193.568176 -12.970613 -112.927399
v -193.653839 -15.394318 -113.222191
v -196.304138 -15.486021 -114.946518
v -197.251678 -15.348072 -114.758293
v -196.332062 -14.878636 -115.093147
v -197.316864 -14.866685 -114.925087
v -197.242035 -13.163516 -114.801582
v -196.275848 -13.056423 -114.953621
v -195.933319 -15.286558 -113.318443
v -195.464172 -15.291674 -113.200554
v -194.438171 -15.506947 -114.675301
v -196.693665 -15.477120 -113.450722
v -194.014221 -15.509228 -113.767212
v -194.912292 -15.704049 -112.584724
v -193.663239 -12.813417 -112.270882
v -194.152191 -12.634814 -112.022255
v -194.762939 -14.277956 -111.717598
v -194.552856 -15.525304 -111.828110
v -193.285858 -15.495623 -112.470787
v -193.080048 -13.636742 -112.569344
v -197.645660 -12.741358 -113.551300
v -197.845581 -12.897504 -114.013680
v -197.996765 -13.253697 -114.356140
v -198.088348 -13.641662 -114.558418
v -198.071259 -14.249177 -114.500244
v -198.102509 -14.856461 -114.554878
v -198.017883 -15.343992 -114.342522
v -197.677368 -15.465942 -113.543343
v -197.503326 -15.389590 -113.139030
v -197.411743 -14.859788 -112.941032
v -189.463989 -15.569800 -106.477654
v -189.728790 -15.531426 -105.852707
v -190.316071 -15.531426 -106.138969
v -189.951782 -15.569800 -106.656868
v -190.316071 -13.302149 -106.138969
v -189.728790 -13.302149 -105.852707
v -190.001465 -13.302149 -106.586258
v -189.500092 -13.302149 -106.392456
v -189.274475 -14.273726 -106.924965
v -189.629669 -14.881170 -107.114807
v -189.745575 -14.273726 -106.950020
v -189.229858 -14.881170 -107.030251
v -190.802399 -14.273726 -105.447632
v -190.126373 -14.881170 -104.914398
v -190.082306 -14.273726 -105.018463
v -190.863037 -14.881170 -105.361397
v -188.405426 -15.488612 -106.027740
v -188.351776 -15.488612 -105.408264
v -189.105652 -15.488612 -105.539650
v -188.933411 -15.488612 -106.191956
v -190.754974 -15.519818 -106.619247
v -191.304382 -15.444074 -107.068245
v -190.363983 -15.488612 -107.006424
v -190.913391 -15.493731 -107.455429
v -189.105652 -12.806229 -105.539650
v -188.351776 -13.058839 -105.408264
v -189.025116 -12.806229 -106.082954
v -188.405426 -13.058839 -106.027740
v -190.913361 -13.058840 -107.455429
v -191.304382 -13.058839 -107.068245
v -190.754974 -13.058839 -106.619247
v -190.363983 -13.058839 -107.006424
v -188.489105 -14.273726 -106.993568
v -188.788147 -14.881170 -107.106224
v -188.812897 -14.273726 -106.969574
v -188.468842 -14.881170 -106.759750
v -190.318542 -13.666285 -108.044380
v -190.085419 -13.666284 -107.282234
v -190.279083 -14.273727 -108.083458
v -190.045959 -14.273726 -107.321312
v -189.777313 -13.666284 -106.904884
v -191.805939 -14.273726 -106.571655
v -191.330963 -14.881170 -106.048981
v -191.370392 -14.273726 -106.009903
v -191.653473 -14.881170 -106.722633
v -188.288391 -13.666284 -104.676247
v -189.200775 -13.666284 -104.897636
v -188.282959 -14.273726 -104.613731
v -189.181915 -14.273726 -105.025009
v -190.059235 -13.666284 -105.072937
v -189.756012 -13.160131 -106.935219
v -189.297546 -13.666284 -106.870491
v -189.271393 -13.058839 -106.932198
v -190.521027 -13.383003 -105.847641
v -189.957520 -13.058839 -105.312958
v -190.770660 -13.666284 -105.492767
v -190.138550 -15.488612 -105.162254
v -188.452393 -13.203448 -106.569855
v -188.816345 -13.666284 -106.727577
v -188.842041 -13.182714 -106.609947
v -188.468842 -13.666284 -106.759750
v -188.843475 -15.247370 -106.801064
v -190.306641 -14.881171 -108.056190
v -189.972931 -15.488613 -107.393608
v -189.901886 -14.881171 -107.463943
v -190.058899 -13.160131 -107.308495
v -190.502655 -12.904844 -107.862068
v -191.009674 -13.383003 -106.367065
v -191.766449 -13.666284 -106.610725
v -191.330963 -13.666284 -106.048981
v -191.791748 -13.058839 -107.002449
v -191.612152 -15.273201 -106.763527
v -189.192474 -15.488612 -105.056549
v -188.307556 -15.362251 -104.897614
v -189.200775 -14.881170 -104.897636
v -188.288391 -14.881170 -104.676247
v -188.303284 -13.177613 -104.848221
v -189.192474 -13.058839 -105.056549
v -189.322998 -15.289602 -106.810432
v -189.757812 -15.289602 -106.932632
v -190.821747 -15.488612 -105.420143
v -188.459106 -15.488612 -106.647217
v -191.146027 -15.488612 -106.232063
v -190.600342 -15.572243 -107.765373
v -191.888977 -12.920944 -107.672279
v -191.497925 -12.763833 -108.059456
v -190.996429 -14.273727 -108.556046
v -191.497925 -15.488613 -108.059456
v -191.888977 -15.488613 -107.672279
v -192.172852 -15.368301 -107.391205
v -187.819061 -13.008981 -106.851982
v -187.429260 -13.665274 -105.068718
v -187.443481 -14.272717 -105.133873
v -187.482513 -15.367291 -105.312370
v -187.567352 -15.487605 -105.700485
v -153.170410 0.267818 -85.770309
v -152.694336 0.343051 -85.434395
v -152.410767 0.660264 -85.917908
v -152.918640 0.319834 -86.183319
v -152.732971 2.868145 -85.818436
v -153.016510 2.550931 -85.334930
v -153.173218 2.572214 -86.046516
v -153.432495 2.518777 -85.623573
v -153.702423 1.524803 -85.951691
v -153.492798 0.959720 -86.383675
v -153.409790 1.576494 -86.273422
v -153.695770 0.916919 -86.035095
v -151.838898 2.022475 -85.517975
v -152.065216 1.042963 -84.903603
v -152.233185 1.638377 -84.932152
v -151.747528 1.415314 -85.473724
v -153.870667 0.236045 -84.625969
v -153.509003 0.235801 -84.201073
v -153.051819 0.333805 -84.733521
v -153.503113 0.314284 -85.183762
v -152.167694 0.774545 -86.581894
v -151.780548 0.850680 -87.296600
v -152.633301 0.804302 -86.808624
v -152.245941 0.799576 -87.523262
v -153.419067 2.991688 -84.617188
v -153.802490 2.643702 -84.031052
v -153.870361 2.972167 -85.067436
v -154.164154 2.643945 -84.455948
v -152.252441 3.234458 -87.525444
v -151.786926 3.235905 -87.298744
v -152.174286 3.235513 -86.584106
v -152.639801 3.234066 -86.810814
v -154.581299 1.440376 -85.203415
v -154.119568 0.893112 -85.689453
v -154.114685 1.498815 -85.575279
v -154.371429 0.838309 -85.085548
v -152.958893 2.624816 -87.869751
v -153.096954 2.520287 -86.935936
v -153.004272 2.017229 -87.892082
v -153.055969 1.914521 -86.985817
v -153.450806 2.182260 -86.223549
v -151.186615 2.022879 -87.006889
v -151.483765 1.415321 -86.248558
v -151.438416 2.022908 -86.226227
v -151.366516 1.414874 -87.094742
v -153.301727 2.041440 -83.571480
v -152.768036 2.162557 -84.122452
v -153.191864 1.439440 -83.571098
v -152.790680 1.556086 -84.254356
v -152.362976 2.236743 -84.934174
v -153.555420 2.680763 -86.216270
v -153.748260 2.129661 -85.895454
v -153.883606 2.727597 -85.901352
v -152.257599 2.911901 -85.721519
v -152.635742 2.824058 -85.035439
v -151.887512 2.629771 -85.541397
v -152.032043 0.437127 -84.968613
v -154.463226 2.500852 -84.837898
v -154.152313 2.102679 -85.503502
v -154.130737 2.585628 -85.394951
v -154.518188 2.042259 -85.000542
v -153.872803 0.538760 -85.509193
v -152.969879 1.409890 -87.875572
v -152.966919 0.703611 -87.082169
v -153.138947 1.297748 -87.096069
v -153.201569 3.018789 -86.928665
v -152.741760 3.386933 -87.763687
v -151.870209 2.912294 -86.436157
v -151.235229 2.630174 -87.030312
v -151.487030 2.630203 -86.249657
v -151.291260 3.237151 -87.385155
v -151.414642 1.022691 -87.118332
v -152.600494 0.353326 -84.283272
v -153.226105 0.360826 -83.841980
v -152.601685 0.958767 -84.175140
v -153.154968 0.837489 -83.656487
v -153.461151 2.525778 -83.655235
v -152.933197 2.760905 -84.177902
v -153.467346 0.525501 -85.935768
v -153.244965 0.571968 -86.309975
v -151.807037 0.807683 -85.502953
v -154.232361 0.236289 -85.050865
v -151.702271 0.807196 -86.355217
v -152.618347 0.719907 -87.704666
v -151.331177 3.374381 -88.007156
v -151.797119 3.530046 -88.234001
v -152.333557 3.282219 -88.495346
v -152.300598 2.626026 -88.479553
v -152.390137 2.018301 -88.523415
v -152.399048 1.410828 -88.527985
v -152.196930 0.881202 -88.429771
v -151.324341 0.806723 -88.004852
v -150.986725 0.928084 -87.840385
v -150.775879 1.415873 -87.737511
v -154.976013 2.513237 -84.144699
v -155.392883 2.271180 -84.637238
v -154.616638 2.352582 -83.719696
v -154.351135 1.993030 -83.405487
v -154.194824 1.603070 -83.220322
v -154.241821 0.996074 -83.275291
v -154.201050 0.388213 -83.226486
v -154.367676 -0.097289 -83.423004
v -154.629761 -0.215022 -83.732727
v -154.989990 -0.211474 -84.158531
v -155.304413 -0.131184 -84.530319
v -155.456970 0.400584 -84.711205
v -155.445740 1.007933 -84.698502
v -163.209137 -7.880045 -126.977516
v -163.811188 -7.841514 -127.008888
v -163.735596 -7.841503 -127.578087
v -163.137665 -7.880039 -127.455780
v -163.734985 -5.612225 -127.577965
v -163.810608 -5.612236 -127.008766
v -163.218597 -5.612366 -127.472328
v -163.290649 -5.612372 -126.981674
v -162.777924 -6.584085 -126.954994
v -162.608795 -7.191553 -127.347588
v -162.798859 -6.584057 -127.386475
v -162.676666 -7.191556 -126.949745
v -164.533447 -6.583584 -127.741287
v -164.714905 -7.191017 -127.055962
v -164.614502 -6.583601 -127.050697
v -164.633179 -7.191000 -127.761688
v -163.283173 -7.898551 -125.804909
v -163.774231 -7.899067 -125.643990
v -163.874359 -7.798728 -126.358345
v -163.274872 -7.798857 -126.423805
v -163.565399 -7.829895 -128.370056
v -163.395233 -7.754155 -129.162033
v -163.048981 -7.798831 -128.264420
v -162.878815 -7.803952 -129.056396
v -163.873505 -5.116345 -126.358223
v -163.777924 -5.286766 -125.643227
v -163.274048 -5.116473 -126.423683
v -163.286865 -5.286252 -125.804146
v -162.878174 -5.369061 -129.056259
v -163.394592 -5.368919 -129.161896
v -163.564789 -5.368917 -128.369919
v -163.048340 -5.369059 -128.264282
v -162.519409 -6.591599 -126.055412
v -162.566284 -7.191565 -126.501137
v -162.683014 -6.584095 -126.488335
v -162.703827 -7.244869 -125.994865
v -162.092804 -5.976717 -128.895615
v -162.680664 -5.976602 -128.189072
v -162.040833 -6.584176 -128.884979
v -162.628693 -6.584060 -128.178452
v -162.850800 -5.976600 -127.397102
v -164.057251 -6.583625 -129.297455
v -164.325867 -7.191041 -128.525604
v -164.377808 -6.583582 -128.536240
v -163.856049 -7.191123 -129.256287
v -164.357300 -5.940450 -125.453270
v -164.582184 -5.976249 -126.280907
v -164.405914 -6.593576 -125.437218
v -164.441833 -6.583723 -126.296280
v -164.561890 -5.976171 -127.047935
v -162.815674 -5.470458 -127.389915
v -162.830231 -5.976628 -126.957695
v -162.770599 -5.369202 -126.954567
v -164.071381 -5.692986 -127.646774
v -164.330505 -5.368789 -127.035851
v -164.481201 -5.976156 -127.730598
v -164.646759 -7.798479 -127.052437
v -162.856934 -5.441274 -125.945015
v -162.743347 -5.976640 -126.481705
v -162.859802 -5.493048 -126.468948
v -162.705658 -5.938717 -125.994492
v -162.827545 -7.557710 -126.472633
v -162.077362 -7.191608 -128.892456
v -162.532562 -7.798973 -128.158783
v -162.438599 -7.191555 -128.139557
v -162.645477 -5.470459 -128.181870
v -162.335754 -5.215211 -128.945312
v -163.901215 -5.692989 -128.438736
v -164.004974 -5.976197 -129.286758
v -164.325562 -5.976153 -128.525543
v -163.726746 -5.368813 -129.529877
v -163.801605 -7.583169 -129.245163
v -164.473846 -7.798602 -126.292885
v -164.179230 -7.763637 -125.511299
v -164.582581 -7.191134 -126.280960
v -164.355438 -7.246600 -125.453651
v -164.221710 -5.414927 -125.497787
v -164.473083 -5.368829 -126.292770
v -162.888519 -7.599934 -126.960793
v -162.819183 -7.599927 -127.390633
v -164.565521 -7.798462 -127.747841
v -162.792084 -7.898037 -125.965828
v -164.081848 -7.798550 -128.475693
v -162.465424 -7.882576 -128.971848
v -162.101288 -6.607622 -129.928131
v -162.093689 -7.307919 -129.926117
v -162.699127 -4.995502 -124.928413
v -163.328491 -5.184289 -124.732574
v -163.664185 -5.582565 -124.635139
v -163.772095 -6.658701 -124.602409
v -163.567841 -7.827848 -124.659523
v -163.219574 -7.942564 -124.759834
v -162.028809 -6.591814 -125.119354
v -162.147156 -5.943197 -125.086205
v -192.342102 -15.701191 -109.596436
v -192.880829 -15.650969 -109.225243
v -193.148865 -15.652624 -109.733749
v -192.560394 -15.702692 -110.028954
v -193.170288 -13.213875 -109.715195
v -192.902252 -13.212219 -109.206688
v -192.662354 -13.220860 -109.969887
v -192.437256 -13.219337 -109.527000
v -191.969208 -14.289231 -109.851105
v -192.046997 -14.956506 -110.283974
v -192.239960 -14.289411 -110.185097
v -191.872650 -14.955142 -109.918648
v -193.945984 -14.265950 -109.329628
v -193.695404 -14.927238 -108.662987
v -193.611572 -14.264089 -108.719688
v -194.038055 -14.929124 -109.285583
v -192.188538 -15.488613 -108.532310
v -192.541351 -15.488613 -108.152229
v -192.793427 -15.601714 -108.832359
v -192.334778 -15.608630 -109.135788
v -193.465729 -15.643122 -110.483971
v -193.783234 -15.563458 -111.233665
v -192.958160 -15.615971 -110.738396
v -193.274872 -15.624765 -111.488762
v -192.819183 -12.667283 -108.810043
v -192.541351 -13.058841 -108.152229
v -192.360504 -12.674200 -109.113457
v -192.188538 -13.058841 -108.532310
v -193.298248 -12.961082 -111.468498
v -193.806183 -12.954097 -111.213814
v -193.489380 -12.950899 -110.463493
v -192.981476 -12.957885 -110.718178
v -191.638489 -14.273727 -109.124893
v -191.798584 -14.952284 -109.489265
v -191.893890 -14.286413 -109.425026
v -191.771637 -14.881171 -108.981438
v -192.519806 -13.636228 -111.860970
v -192.613831 -13.627381 -110.904663
v -192.462708 -14.301454 -111.891724
v -192.556732 -14.292608 -110.935417
v -192.297028 -13.624186 -110.154335
v -194.445923 -14.274181 -110.897270
v -194.220001 -14.934175 -110.103539
v -194.277069 -14.268950 -110.072777
v -194.242035 -14.941425 -111.001640
v -192.958252 -13.666285 -107.703102
v -193.352905 -13.599977 -108.458664
v -192.993835 -14.273727 -107.664742
v -193.239563 -14.266119 -108.534851
v -193.570496 -13.600286 -108.746964
v -192.267456 -13.070947 -110.167397
v -192.021942 -13.623992 -109.813728
v -191.974609 -12.960285 -109.845299
v -193.500305 -13.297777 -109.549988
v -193.369568 -12.938931 -108.884346
v -193.900543 -13.602134 -109.350281
v -193.628479 -15.592693 -108.710114
v -191.879791 -13.203449 -108.864922
v -191.946045 -13.621194 -109.389351
v -192.039886 -13.090843 -109.326302
v -191.771637 -13.666285 -108.981438
v -191.994904 -15.349881 -109.360130
v -192.492645 -14.965484 -111.878845
v -192.450226 -15.622954 -110.993088
v -192.363800 -14.959702 -111.034302
v -192.584229 -13.074143 -110.917725
v -192.766266 -12.799952 -111.734703
v -193.817108 -13.300975 -110.300316
v -194.400482 -13.610365 -110.917915
v -194.231628 -13.605134 -110.093430
v -194.308533 -12.949929 -111.291832
v -194.184631 -15.371033 -111.031807
v -193.252106 -15.594796 -108.528946
v -192.832153 -15.362252 -107.838921
v -193.341248 -14.929018 -108.468773
v -192.958252 -14.881171 -107.703102
v -192.860291 -13.177614 -107.808609
v -193.275421 -12.936712 -108.508728
v -192.058105 -15.399054 -109.791588
v -192.249969 -15.400471 -110.183647
v -193.965546 -15.594563 -109.324089
v -191.835754 -15.488613 -108.912392
v -193.973969 -15.602001 -110.229027
v -192.867523 -15.716246 -111.693291
v -194.712280 -12.896342 -111.738960
v -193.298004 -13.208878 -112.457428
v -193.133636 -14.300445 -112.544266
v -193.068420 -14.965785 -112.579468
v -193.638611 -15.622356 -112.292259
v -194.126068 -15.615629 -112.044945
v -194.768097 -14.942327 -111.717087
v -194.673309 -13.614755 -111.761009
v -191.046753 -13.009991 -108.506195
v -192.179169 -13.277873 -107.384941
v -192.351013 -13.666284 -107.214775
v -192.303375 -14.273726 -107.261963
v -192.351013 -14.881170 -107.214775
v -191.156128 -15.411423 -108.397888
v -190.987549 -14.881171 -108.564819
v -191.072968 -13.666285 -108.480240
v -184.832336 -15.568790 -107.040955
v -184.550995 -15.530417 -106.456932
v -185.137360 -15.530417 -106.339844
v -185.329163 -15.568790 -106.950180
v -185.137360 -13.301140 -106.339844
v -184.550995 -13.301140 -106.456932
v -185.303009 -13.301140 -106.866974
v -184.793976 -13.301140 -106.961334
v -185.033691 -14.272717 -107.458969
v -185.498749 -14.880161 -107.489861
v -185.437744 -14.272717 -107.295670
v -185.081116 -14.880161 -107.557365
v -184.881348 -14.272717 -105.525108
v -184.128571 -14.880160 -105.580070
v -184.175446 -14.272717 -105.677307
v -184.849426 -14.880160 -105.423477
v -183.862091 -15.487605 -107.033539
v -183.575165 -15.487605 -106.604645
v -184.122101 -15.487605 -106.438690
v -184.348633 -15.487605 -106.933105
v -185.986908 -15.518808 -106.238876
v -186.723511 -15.443066 -105.956886
v -186.152557 -15.487605 -106.766006
v -186.834930 -15.492723 -106.467125
v -184.122101 -12.805220 -106.438698
v -183.575165 -13.057830 -106.604645
v -184.348633 -12.805220 -106.933105
v -183.862091 -13.057830 -107.033539
v -186.834930 -13.057830 -106.467125
v -186.723511 -13.057830 -105.956886
v -185.986908 -13.057830 -106.238876
v -186.152557 -13.057830 -106.766006
v -184.309448 -14.272717 -107.702225
v -184.616333 -14.880161 -107.517342
v -184.572144 -14.272717 -107.420891
v -184.201141 -14.880161 -107.540352
v -187.004364 -13.665274 -107.243256
v -186.270538 -13.665274 -107.141495
v -187.015594 -14.272717 -107.294746
v -186.287262 -14.272717 -107.194695
v -185.421021 -13.665274 -107.242470
v -186.580658 -14.272717 -105.302467
v -185.742950 -14.880160 -105.462494
v -185.726227 -14.272717 -105.409294
v -186.624084 -14.880160 -105.501427
v -183.236115 -13.665274 -106.097832
v -183.854401 -13.665274 -105.854462
v -183.207184 -14.272717 -106.054550
v -183.907532 -14.272717 -105.970375
v -184.199951 -13.665274 -105.728218
v -185.432251 -13.159122 -107.278214
v -185.009186 -13.665275 -107.408066
v -185.036987 -13.057831 -107.465736
v -185.029480 -13.381994 -105.996513
v -184.308014 -13.057830 -105.952522
v -184.898071 -13.665274 -105.578308
v -184.160492 -15.487605 -105.646309
v -184.113190 -13.202441 -107.408867
v -184.549286 -13.665275 -107.370995
v -184.505249 -13.181706 -107.274826
v -184.201141 -13.665275 -107.540352
v -184.517670 -15.246362 -107.301949
v -187.007751 -14.880160 -107.258820
v -186.318207 -15.487605 -107.293129
v -186.348267 -14.880161 -107.388885
v -186.281799 -13.159122 -107.177254
v -186.951904 -12.903833 -107.002998
v -185.879028 -13.381994 -105.895546
v -186.591919 -13.665274 -105.353958
v -185.742950 -13.665274 -105.462494
v -186.925018 -13.057830 -105.501602
v -186.635864 -15.272193 -105.555321
v -183.895569 -15.487605 -105.944275
v -183.338654 -15.361241 -106.251091
v -183.854401 -14.880160 -105.854462
v -183.236115 -14.880160 -106.097832
v -183.315765 -13.176604 -106.216896
v -183.895569 -13.057830 -105.944283
v -184.982178 -15.288594 -107.351936
v -185.431305 -15.288594 -107.275169
v -184.871185 -15.487605 -105.492706
v -184.149017 -15.487606 -107.462433
v -185.821259 -15.487605 -105.711754
v -186.924103 -15.571234 -106.875565
v -187.480560 -13.276863 -105.303703
v -187.567322 -12.919934 -105.700500
v -187.684174 -12.762823 -106.235138
v -187.811218 -13.665274 -106.816147
v -187.834076 -14.272717 -106.920860
v -187.836731 -14.880160 -106.932945
v -187.786316 -15.410412 -106.702438
v -187.684174 -15.487605 -106.235138
v -187.429230 -14.880160 -105.068733
v -183.304810 -12.977091 -107.691246
v -183.506470 -13.334019 -108.042061
v -183.032959 -12.819978 -107.218529
v -182.719391 -13.066136 -106.673134
v -182.737610 -13.722430 -106.704849
v -182.684387 -14.329870 -106.612259
v -182.678223 -14.937317 -106.601578
v -182.795410 -15.467566 -106.805367
v -183.032990 -15.544760 -107.218536
v -183.304810 -15.544761 -107.691246
v -183.502106 -15.424448 -108.034393
v -183.625946 -14.937318 -108.249809
v -183.625946 -13.722431 -108.249809
v -222.156403 -13.827818 -102.305984
v -222.159607 -13.789808 -101.714272
v -222.830658 -13.792881 -101.791031
v -222.720703 -13.830335 -102.378326
v -222.818268 -11.294135 -101.809814
v -222.147186 -11.291063 -101.733055
v -222.723114 -11.289336 -102.317322
v -222.144257 -11.286741 -102.244377
v -222.146759 -12.371497 -102.740654
v -222.619476 -13.053552 -102.903732
v -222.651123 -12.374451 -102.721878
v -222.149536 -13.051524 -102.835281
v -222.970764 -12.390573 -101.017204
v -222.161102 -13.068462 -100.830856
v -222.157166 -12.386761 -100.934555
v -222.992493 -13.072368 -100.914246
v -221.147797 -13.733768 -102.005211
v -221.066528 -13.737184 -101.546013
v -221.721313 -13.740623 -101.568405
v -221.706268 -13.736351 -102.066063
v -223.767944 -13.783625 -101.961884
v -224.443573 -13.685259 -101.622894
v -223.672607 -13.743849 -102.469658
v -224.535461 -13.736761 -102.130722
v -221.706390 -10.734001 -101.591003
v -221.053009 -11.013707 -101.566483
v -221.691376 -10.729728 -102.088661
v -221.134277 -11.010291 -102.025681
v -224.479645 -11.007570 -102.156349
v -224.388885 -11.011728 -101.648003
v -223.754272 -11.025172 -101.982620
v -223.659119 -11.020372 -102.490135
v -221.267700 -12.366705 -102.731384
v -221.685150 -13.050432 -102.659248
v -221.684723 -12.370398 -102.567284
v -221.222107 -13.081833 -102.690994
v -224.631592 -11.682108 -102.923218
v -223.594696 -11.697823 -102.846535
v -224.654694 -12.362551 -102.968132
v -223.588470 -12.378207 -102.892632
v -222.657349 -11.694066 -102.675781
v -224.300354 -12.378788 -100.983208
v -223.904572 -13.074848 -101.219765
v -223.910797 -12.394464 -101.173668
v -224.349670 -13.058029 -101.175041
v -220.960358 -11.698612 -101.018745
v -221.728943 -11.703065 -100.995697
v -220.955536 -12.379827 -100.967285
v -221.728790 -12.382933 -101.107246
v -222.153473 -11.705455 -100.991280
v -222.648071 -11.126407 -102.714462
v -222.143677 -11.691065 -102.694168
v -222.139954 -11.009701 -102.757744
v -222.880707 -11.387889 -101.478577
v -222.148804 -11.022664 -101.223778
v -222.957764 -11.709219 -101.073540
v -222.164093 -13.748763 -100.892891
v -221.206177 -11.169392 -102.426315
v -221.682831 -11.689960 -102.522171
v -221.683075 -11.148770 -102.429451
v -221.233673 -11.687124 -102.563187
v -221.693726 -13.462761 -102.439362
v -224.662231 -13.043707 -102.925934
v -223.577454 -13.739050 -102.977165
v -223.556793 -13.057307 -103.074486
v -223.585419 -11.130162 -102.885216
v -224.571411 -10.830592 -102.691872
v -223.818054 -11.391645 -101.649330
v -224.295563 -11.697505 -101.040916
v -223.897797 -11.713111 -101.230003
v -224.617706 -11.348092 -101.317459
v -224.368225 -13.497005 -101.224609
v -221.736328 -13.744897 -101.070747
v -220.998840 -13.598363 -101.168541
v -221.735687 -13.064804 -100.985458
v -220.967133 -13.060350 -101.008507
v -220.980225 -11.149926 -101.150337
v -221.722839 -11.021420 -101.091217
v -222.153046 -13.511086 -102.623589
v -222.660461 -13.513309 -102.693588
v -222.983368 -13.752605 -100.975777
v -221.229034 -13.730352 -102.464409
v -223.862915 -13.753449 -101.454636
v -224.609894 -13.821431 -102.536827
v -224.880005 -11.517754 -101.093475
v -224.980469 -11.160826 -101.408272
v -225.115875 -11.003714 -101.832428
v -225.272064 -11.249872 -102.321823
v -225.262970 -11.906164 -102.293381
v -225.289520 -12.513608 -102.376457
v -225.292542 -13.121052 -102.386040
v -225.234192 -13.651303 -102.203171
v -225.115875 -13.728495 -101.832428
v -224.980469 -13.728495 -101.408272
v -224.882202 -13.608183 -101.100349
v -224.820496 -13.121052 -100.907051
v -224.836975 -12.513608 -100.958740
v -224.820496 -11.906164 -100.907051
v -220.773346 -11.160347 -102.375099
v -220.673431 -11.003235 -101.878838
v -220.558228 -11.249393 -101.306267
v -220.564941 -11.905685 -101.339554
v -220.586182 -13.650824 -101.445084
v -220.773346 -13.728016 -102.375099
v -220.891388 -13.120572 -102.961494
v -168.608795 -8.211292 -119.839119
v -169.492798 -7.986520 -119.063164
v -169.631042 -8.204128 -119.502373
v -168.470551 -7.993684 -119.399910
v -169.878967 -8.364664 -120.285591
v -168.856720 -8.371830 -120.622337
v -168.854706 -4.797911 -120.551865
v -169.063019 -5.019827 -121.211723
v -170.085297 -5.012663 -120.874985
v -169.876923 -4.790746 -120.215111
v -168.606873 -4.776116 -119.771385
v -169.629120 -4.768951 -119.434631
v -168.434052 -4.992077 -119.231163
v -169.456299 -4.984912 -118.894417
v -169.149200 -7.797328 -121.532761
v -170.065826 -8.435316 -120.875130
v -170.171448 -7.790164 -121.196007
v -169.043549 -8.442480 -121.211876
v -169.173615 -6.808307 -121.591988
v -170.195892 -6.801142 -121.255234
v -169.148071 -5.814887 -121.493668
v -170.170319 -5.807722 -121.156914
v -168.413055 -5.750241 -119.178734
v -169.435333 -5.743076 -118.841980
v -168.388611 -6.739263 -119.119507
v -169.410858 -6.732098 -118.782761
v -168.315735 -7.724025 -118.907753
v -169.338013 -7.716860 -118.571007
v -172.733673 -8.141826 -118.604187
v -172.557556 -8.126337 -118.049561
v -171.711365 -8.091153 -118.939796
v -170.675446 -8.142640 -119.234291
v -166.600128 -8.184816 -120.624672
v -166.424042 -8.169328 -120.070045
v -165.577850 -8.136925 -120.960335
v -167.608795 -8.395651 -120.249100
v -172.909698 -8.073074 -119.157158
v -171.887451 -8.085798 -119.494011
v -170.878937 -8.160538 -119.875221
v -166.776215 -8.200303 -121.179298
v -165.569672 -8.197260 -121.576530
v -167.812286 -8.413548 -120.890022
v -173.085846 -8.172802 -119.713448
v -171.040314 -8.187819 -120.383713
v -166.952332 -8.215793 -121.733932
v -165.908295 -8.127995 -122.000496
v -168.015808 -8.431446 -121.530952
v -172.062012 -5.362420 -119.994637
v -173.037201 -5.659953 -119.515114
v -171.885590 -4.738601 -119.428009
v -172.908203 -5.380896 -119.104065
v -171.080750 -5.153995 -120.456505
v -170.876892 -4.527766 -119.803581
v -165.928467 -5.405409 -122.015121
v -166.950714 -5.398244 -121.678368
v -165.752350 -5.389921 -121.460487
v -166.774872 -5.820482 -121.132370
v -167.810730 -5.595317 -120.834450
v -168.013977 -5.175490 -121.466751
v -171.709473 -4.723113 -118.873375
v -172.732117 -5.365408 -118.549438
v -170.673401 -4.509868 -119.162651
v -165.576141 -5.119757 -120.900841
v -166.598785 -5.804994 -120.577751
v -167.607239 -5.577419 -120.193520
v -172.588745 -5.498183 -118.100517
v -171.533722 -5.315955 -118.330742
v -170.470245 -5.100301 -118.533730
v -166.470459 -5.988231 -120.177071
v -165.400177 -5.358945 -120.351234
v -167.451477 -5.758246 -119.706551
v -172.095184 -7.478394 -120.137054
v -173.117462 -7.471229 -119.800316
v -172.063599 -8.179968 -120.050194
v -171.119080 -7.599214 -120.621094
v -166.983917 -7.514219 -121.820793
v -166.015076 -7.526080 -122.325737
v -168.052307 -7.620708 -121.631340
v -172.023407 -6.767727 -119.898277
v -173.069153 -6.762628 -119.635490
v -171.049988 -6.779188 -120.388863
v -166.032410 -6.823256 -122.367821
v -167.069733 -6.817414 -122.078438
v -168.140839 -6.814545 -121.895531
v -172.005249 -6.061777 -119.828407
v -173.050995 -6.056677 -119.565620
v -171.028992 -5.963392 -120.308128
v -166.014252 -6.117306 -122.297951
v -167.069122 -6.113009 -122.063911
v -168.137421 -6.000295 -121.870125
v -172.524384 -6.010364 -117.907135
v -171.399628 -6.008513 -117.921028
v -170.331238 -5.902023 -118.110481
v -165.333069 -6.057393 -120.152473
v -166.446381 -6.166596 -120.104485
v -167.422516 -6.045776 -119.620445
v -172.434021 -6.706765 -117.635063
v -171.382263 -6.711336 -117.878944
v -170.311157 -6.714205 -118.061852
v -165.458862 -6.772810 -120.561340
v -166.441162 -6.762131 -120.098747
v -167.414581 -6.750670 -119.608162
v -172.452148 -7.412714 -117.704918
v -171.502930 -7.426302 -118.271660
v -170.434631 -7.539017 -118.465446
v -165.491760 -7.480055 -120.677597
v -166.459320 -7.468081 -120.168602
v -167.435577 -7.566465 -119.688896
v -171.588409 -7.858890 -118.548531
v -170.525177 -8.081644 -118.760147
v -165.472656 -8.063971 -120.627998
v -167.405304 -8.377751 -119.608170
v -164.972809 -6.717238 -122.392647
v -164.993378 -7.324295 -122.526588
v -164.313690 -6.715945 -120.470787
v -164.237762 -7.322812 -120.323418
v -164.255341 -7.929861 -120.448540
v -164.348328 -5.501982 -120.423988
v -164.704651 -7.930744 -121.758636
v -164.807312 -5.250449 -121.731544
v -164.948181 -5.626947 -122.188110
v -164.881500 -7.690018 -122.244911
v -173.429718 -4.920487 -118.151192
v -173.599640 -5.117570 -118.688156
v -173.724518 -7.966321 -119.131317
v -173.431488 -8.080127 -118.213524
v -173.209442 -7.356298 -117.503487
v -173.245758 -5.950779 -117.592262
v -161.245300 -7.891978 -121.875206
v -162.031982 -7.874551 -121.597664
v -162.291962 -7.875669 -122.364723
v -161.496582 -7.893095 -122.645576
v -162.376221 -5.648128 -122.339401
v -162.116241 -5.647011 -121.572350
v -161.696075 -5.630062 -122.579300
v -161.444794 -5.628945 -121.808922
v -160.842957 -6.581943 -122.017464
v -160.954926 -7.186506 -122.835548
v -161.191620 -6.586191 -122.753860
v -160.703644 -7.185389 -122.065163
v -162.689392 -6.427326 -121.033089
v -161.001068 -7.811472 -120.240242
v -161.513641 -7.829538 -120.063065
v -161.773621 -7.830655 -120.830116
v -161.086670 -7.812589 -121.072609
v -162.552368 -7.865186 -123.131645
v -162.914917 -7.890960 -123.914314
v -161.840515 -7.815939 -123.383751
v -162.276764 -7.924290 -124.112343
v -161.875031 -5.150361 -120.799660
v -161.605499 -5.401658 -120.035469
v -161.217743 -5.132295 -121.030815
v -161.119781 -5.383592 -120.202385
v -162.380035 -5.308650 -124.086510
v -163.016083 -5.328661 -123.889015
v -162.645386 -5.406125 -123.103691
v -161.959259 -5.388061 -123.345894
v -160.184357 -6.569368 -120.526939
v -160.452362 -7.184272 -121.294792
v -160.591675 -6.580826 -121.247078
v -160.366760 -7.183156 -120.462425
v -161.635254 -5.930744 -124.300407
v -161.529297 -5.982162 -123.494995
v -161.561768 -6.581261 -124.320625
v -161.442902 -6.587308 -123.524246
v -161.278015 -5.981044 -122.724617
v -163.570862 -6.659400 -123.726982
v -163.214874 -7.253642 -122.907990
v -163.281555 -6.648496 -122.886269
v -163.360748 -7.304132 -123.786598
v -162.094666 -6.029974 -119.868759
v -162.354645 -6.031091 -120.635811
v -162.115448 -6.638767 -119.860832
v -162.230072 -6.633826 -120.677162
v -161.264618 -5.474061 -122.730019
v -160.929321 -5.976796 -121.988213
v -160.894775 -5.367761 -122.001152
v -162.655457 -5.740685 -122.244621
v -162.558838 -5.421956 -121.422661
v -163.110809 -5.868511 -122.645882
v -160.620972 -5.512280 -120.376183
v -160.678040 -5.975679 -121.217827
v -160.810974 -5.496003 -121.172165
v -160.426117 -5.969216 -120.443489
v -160.679260 -7.558058 -121.215096
v -161.569275 -7.235205 -124.317459
v -161.278595 -7.797875 -123.579781
v -161.206207 -7.187624 -123.605927
v -161.515900 -5.475179 -123.500404
v -161.890106 -5.122203 -124.228119
v -162.915436 -5.741802 -123.011681
v -163.548889 -6.004845 -123.734291
v -163.260803 -6.039702 -122.894196
v -163.464233 -5.344387 -124.088593
v -163.294189 -7.723152 -123.805168
v -162.207031 -7.848720 -120.683197
v -161.875671 -7.718165 -119.940514
v -162.308716 -7.245031 -120.649612
v -162.048767 -7.243914 -119.882561
v -161.992828 -5.536671 -119.903992
v -162.298889 -5.420839 -120.655602
v -160.912537 -7.600861 -121.991692
v -161.163818 -7.601978 -122.762077
v -163.135437 -7.866243 -122.666039
v -160.439148 -7.793408 -120.436272
v -162.986969 -7.852070 -122.984367
v -161.895020 -7.992609 -124.222343
v -162.143280 -5.236845 -125.088387
v -161.992340 -7.243897 -125.128883
v -162.173676 -7.822140 -125.075706
v -162.583527 -7.922553 -124.957329
v -163.803925 -7.313676 -124.592224
v -163.855469 -6.008605 -124.579338
v -160.858856 -5.089158 -119.460304
v -160.045288 -5.314281 -119.733154
v -161.884888 -7.244257 -119.122261
v -159.836121 -7.181267 -119.800453
v -160.051971 -5.971274 -119.729958
v -162.908813 -7.861438 -121.886002
v -163.929474 -7.898786 -121.994133
v -163.704834 -7.898346 -121.339066
v -164.480042 -7.930302 -121.103584
v -164.582703 -5.250007 -121.076485
v -163.797791 -5.470466 -121.314522
v -164.022461 -5.470906 -121.969582
v -164.326233 -6.685533 -123.003166
v -164.218201 -7.292337 -122.762062
v -163.509064 -6.076915 -120.546593
v -164.284271 -6.108870 -120.311111
v -163.463165 -6.683840 -120.486610
v -164.213531 -5.615788 -122.544304
v -164.973389 -6.110223 -122.320412
v -164.264709 -6.078397 -122.749794
v -163.524475 -7.771719 -120.797798
v -163.462585 -7.290855 -120.558861
v -163.590149 -5.588748 -120.723495
v -164.154144 -7.899228 -122.649193
v -162.916687 -5.855672 -121.985153
v -162.705292 -5.971259 -121.213570
v -162.756287 -7.256205 -121.045372
v -162.682159 -7.856633 -121.105957
v -163.283295 -7.292626 -122.878487
v -163.203613 -6.604443 -122.869041
v -214.023132 -16.642708 -106.973602
v -213.636688 -16.604336 -106.455780
v -214.275665 -16.604336 -105.941208
v -214.662140 -16.642708 -106.459030
v -214.275665 -14.375057 -105.941208
v -213.636688 -14.375057 -106.455780
v -214.609436 -14.375057 -106.388443
v -213.970428 -14.375057 -106.903008
v -214.299744 -15.346636 -107.344238
v -215.003845 -15.954080 -106.916908
v -214.880890 -15.346636 -106.752151
v -214.364838 -15.954081 -107.431488
v -213.759796 -15.346636 -105.249954
v -213.056427 -15.954080 -105.678299
v -213.120789 -15.346636 -105.764519
v -213.695435 -15.954080 -105.163727
v -212.692444 -16.561523 -107.932144
v -212.358673 -16.561523 -107.484909
v -212.997681 -16.561523 -106.970345
v -213.331451 -16.561523 -107.417572
v -214.914673 -16.592728 -105.426636
v -215.553680 -16.516983 -104.912071
v -215.248444 -16.561523 -105.873871
v -215.887421 -16.566643 -105.359299
v -212.997681 -13.879137 -106.970345
v -212.358673 -14.131748 -107.484909
v -213.331451 -13.879138 -107.417572
v -212.692444 -14.131748 -107.932144
v -215.887421 -14.131747 -105.359299
v -215.553680 -14.131747 -104.912071
v -214.914673 -14.131747 -105.426636
v -215.248444 -14.131747 -105.873871
v -213.212799 -15.346637 -108.629425
v -213.725861 -15.954081 -107.946053
v -213.660736 -15.346637 -107.858810
v -213.086853 -15.954081 -108.460617
v -216.395142 -14.739192 -106.039597
v -215.486176 -14.739192 -106.192451
v -216.428833 -15.346636 -106.084740
v -215.519897 -15.346636 -106.237587
v -214.847198 -14.739192 -106.707016
v -215.125610 -15.346636 -104.338463
v -214.423096 -15.954080 -104.767929
v -214.389404 -15.346636 -104.722794
v -215.255737 -15.954080 -104.512848
v -211.964264 -14.739192 -106.956436
v -212.603271 -14.739192 -106.441864
v -211.930603 -15.346636 -106.911293
v -212.681519 -15.346636 -106.546715
v -213.154480 -14.739192 -105.809662
v -214.869843 -14.233039 -106.737350
v -214.266052 -14.739192 -107.299110
v -214.304230 -14.131747 -107.350243
v -214.058289 -14.455912 -105.649918
v -213.302917 -14.131747 -106.008545
v -213.793488 -14.739192 -105.295090
v -213.100311 -16.561523 -105.737038
v -212.984528 -14.276359 -108.323524
v -213.627045 -14.739193 -107.813667
v -213.562134 -14.255625 -107.726685
v -213.086853 -14.739193 -108.460617
v -213.580444 -16.320282 -107.751221
v -216.405334 -15.954080 -106.053238
v -215.582214 -16.561523 -106.321098
v -215.642853 -15.954080 -106.402344
v -215.508850 -14.233039 -106.222786
v -216.237976 -13.977752 -105.829010
v -214.697266 -14.455912 -105.135345
v -215.159271 -14.739192 -104.383591
v -214.423096 -14.739192 -104.767929
v -215.530945 -14.131747 -104.384201
v -215.291016 -16.346111 -104.560089
v -212.663910 -16.561523 -106.523109
v -212.083557 -16.435162 -107.116241
v -212.603271 -15.954080 -106.441864
v -211.964264 -15.954080 -106.956436
v -212.056946 -14.250522 -107.080589
v -212.663910 -14.131747 -106.523109
v -214.228912 -16.362514 -107.249344
v -214.867920 -16.362514 -106.734764
v -213.739288 -16.561523 -105.222473
v -213.026215 -16.561523 -108.379372
v -214.580902 -16.561523 -104.979408
v -216.154602 -16.645153 -105.717316
v -215.923187 -14.350780 -103.995277
v -216.504669 -13.836740 -104.774429
v -216.889801 -14.082899 -105.290436
v -216.867401 -14.739192 -105.260445
v -216.932770 -15.346636 -105.348038
v -216.940308 -15.954080 -105.358147
v -216.170929 -16.561523 -104.327194
v -215.928619 -16.441212 -104.002533
v -215.776520 -15.954080 -103.798721
v -215.776520 -14.739192 -103.798721
v -212.098877 -13.836741 -108.322319
v -212.483948 -14.082900 -108.838326
v -211.517395 -14.350780 -107.543167
v -211.370697 -14.739192 -107.346611
v -211.411377 -15.346637 -107.401108
v -211.370697 -15.954080 -107.346611
v -211.522797 -16.441212 -107.550423
v -211.765076 -16.561523 -107.875084
v -212.098877 -16.561523 -108.322319
v -212.534485 -15.954081 -108.906029
v -212.526947 -15.346637 -108.895927
v -212.461578 -14.739193 -108.808327
v -157.324707 -0.919012 -80.566048
v -156.275299 -0.696285 -81.216110
v -157.768188 -0.893711 -80.889534
v -156.790710 -0.587105 -81.569450
v -157.306244 -0.585889 -81.922920
v -158.404297 -1.138093 -80.948967
v -158.655182 -0.919012 -81.536507
v -157.817566 2.291751 -82.272720
v -157.301392 2.688847 -81.918739
v -158.211670 2.463695 -81.213020
v -158.655182 2.065383 -81.536507
v -156.785828 2.687631 -81.565269
v -157.768188 2.463695 -80.889534
v -156.270874 2.288104 -81.212311
v -157.324707 2.065383 -80.566048
v -157.821991 -0.692637 -82.276527
v -159.040314 -0.172913 -81.817413
v -158.268585 0.054516 -82.582520
v -159.085052 0.573186 -81.850060
v -158.319519 0.800735 -82.617241
v -158.735748 1.319284 -81.595276
v -157.912323 1.545875 -82.337883
v -156.178314 1.541786 -81.149040
v -157.244141 1.319284 -80.507278
v -155.904724 0.795041 -80.961655
v -157.007812 0.573186 -80.334923
v -155.957855 0.049067 -80.998283
v -157.052582 -0.172913 -80.367569
v -157.650970 -0.400494 -79.838348
v -158.551605 -1.429278 -78.827637
v -158.827942 -1.713235 -78.233398
v -158.566406 -1.388351 -79.632057
v -158.216644 -1.121292 -80.155807
v -157.737946 -1.146593 -79.887154
v -156.099609 -0.387004 -82.675240
v -155.789886 -0.316248 -82.353668
v -155.220123 -0.392479 -82.946777
v -155.510681 -0.155471 -83.358414
v -155.935822 -0.642655 -82.015495
v -156.383850 -0.361408 -82.399719
v -159.320923 -1.652541 -79.236938
v -159.331238 -1.754850 -78.302750
v -159.131775 -1.382145 -79.878426
v -158.695343 -1.365674 -80.424469
v -156.453583 -0.377391 -83.049660
v -155.801910 -0.350609 -83.770599
v -156.832825 -0.356836 -82.784737
v -159.803802 -1.754850 -78.313232
v -159.699280 -1.377718 -80.125992
v -159.174042 -1.146593 -80.693130
v -156.798248 -0.537146 -83.420197
v -156.062622 -0.236186 -84.139839
v -159.340240 1.126139 -79.245354
v -159.708771 0.547933 -78.311127
v -159.876556 0.801279 -79.361870
v -159.331238 0.920288 -78.302750
v -159.148590 1.562593 -79.890686
v -159.714813 1.288735 -80.137680
v -158.695343 2.116112 -80.424469
v -159.174042 1.837802 -80.693130
v -156.360992 2.210335 -83.099442
v -156.054535 1.985258 -84.130249
v -155.798584 1.883062 -83.767754
v -156.791870 1.934622 -83.413101
v -157.268799 2.206662 -83.158600
v -156.818695 2.601076 -82.772614
v -158.717102 1.233780 -78.863197
v -158.767731 0.674925 -78.306725
v -158.584534 1.556050 -79.644890
v -158.216644 2.116112 -80.155807
v -155.507446 2.038247 -83.355614
v -156.004669 2.213399 -82.722527
v -156.369720 2.596580 -82.387581
v -158.158325 0.900795 -78.733803
v -158.295166 0.674925 -78.296234
v -158.022858 1.269013 -79.400383
v -157.737946 1.837802 -79.887154
v -155.232849 1.974431 -82.966743
v -155.723846 1.937803 -82.283363
v -155.921875 2.193160 -82.003510
v -159.871338 -1.652049 -79.360664
v -160.013550 -1.147406 -78.317886
v -159.973267 -1.040024 -79.384468
v -159.561096 -0.706726 -80.066734
v -159.405518 -0.400494 -80.823029
v -156.941467 0.077955 -83.571861
v -156.144867 0.218008 -84.256645
v -157.360229 0.081439 -83.237045
v -157.282715 -0.628927 -83.170547
v -160.061218 -0.539963 -78.318947
v -159.777435 -0.431485 -79.339821
v -159.621307 -0.038414 -80.094131
v -159.453796 0.345604 -80.850136
v -157.056793 0.764224 -83.693993
v -156.173309 0.825548 -84.297447
v -157.401917 0.790964 -83.272797
v -159.889648 0.067481 -78.315140
v -159.722076 0.184319 -79.327286
v -159.568756 0.626703 -80.072525
v -159.261017 1.091703 -80.741928
v -157.016846 1.386469 -83.650642
v -156.143036 1.432893 -84.255104
v -157.353271 1.499235 -83.231064
v -158.064972 0.269776 -78.712959
v -158.003296 0.067481 -78.289764
v -157.912903 0.604973 -79.350967
v -157.650970 1.091703 -79.838348
v -155.020874 1.429202 -82.666176
v -155.664734 1.302143 -82.220406
v -155.843231 1.484047 -81.936089
v -158.007935 -0.338176 -78.700249
v -157.955597 -0.539963 -78.288696
v -157.850311 -0.061120 -79.322388
v -157.602661 0.345604 -79.811234
v -154.945648 0.821509 -82.559128
v -155.755554 0.668864 -82.317551
v -155.801300 0.774799 -81.900108
v -158.055237 -0.935390 -78.711548
v -158.209320 -1.147406 -78.294327
v -157.903046 -0.727889 -79.344215
v -155.166351 0.214789 -82.871162
v -155.671478 0.044913 -82.228508
v -155.850220 0.066123 -81.942093
v -158.228485 -1.311416 -78.727058
v -158.295166 -1.646886 -78.296234
v -158.003387 -1.396442 -79.386971
v -155.372070 1.614667 -84.612015
v -159.471252 0.550478 -77.032684
v -159.574646 0.094561 -77.205963
v -158.105377 0.094561 -77.209686
v -158.088409 -1.144927 -77.646545
v -157.931122 -1.852245 -77.972420
v -158.496765 -1.903364 -77.971489
v -159.801117 -1.764671 -77.968674
v -159.800507 -1.144927 -77.642815
v -159.758270 -0.525183 -77.316963
v -158.060699 -0.525183 -77.320694
v -161.362732 -8.437532 -115.175301
v -161.366028 -8.209950 -116.262413
v -160.813782 -8.412231 -115.176964
v -160.817078 -8.101987 -116.264076
v -160.075470 -8.101291 -116.218468
v -160.071167 -8.655918 -114.804512
v -159.523224 -8.436837 -115.133003
v -159.526520 -5.224862 -116.220131
v -160.075470 -4.826550 -116.218468
v -160.072174 -5.054132 -115.131340
v -159.523224 -5.452444 -115.133003
v -160.817078 -4.827245 -116.264076
v -160.813782 -5.054827 -115.176964
v -161.366028 -5.225556 -116.262413
v -161.362732 -5.453138 -115.175301
v -159.526520 -8.209256 -116.220131
v -159.046539 -7.690739 -115.134453
v -159.049835 -7.463157 -116.221565
v -158.991150 -6.944641 -115.134621
v -158.994446 -6.717059 -116.221733
v -159.423523 -6.198542 -115.133308
v -159.426788 -5.970961 -116.220428
v -161.465759 -5.971655 -116.262115
v -161.462463 -6.199236 -115.174995
v -161.758240 -6.717753 -116.261230
v -161.754944 -6.945335 -115.174110
v -161.702850 -7.463852 -116.261406
v -161.699524 -7.691433 -115.174278
v -161.525604 -7.919015 -114.394615
v -160.946533 -8.892629 -113.128395
v -161.191437 -9.064107 -112.630890
v -160.853180 -8.906887 -113.682838
v -160.881287 -8.639813 -114.319702
v -161.426544 -8.665113 -114.383095
v -160.609558 -7.901577 -117.518181
v -161.183807 -7.830647 -117.474350
v -161.292206 -8.206179 -118.370537
v -160.649231 -7.913849 -118.455559
v -161.237122 -8.156837 -117.113098
v -160.530304 -7.876051 -117.130913
v -160.391052 -9.171025 -112.899818
v -160.678955 -9.389056 -112.339821
v -160.217651 -8.900634 -113.546715
v -160.143311 -8.883501 -114.209023
v -160.170074 -7.892967 -117.628044
v -160.202942 -8.162580 -118.587067
v -160.015594 -7.872637 -117.196075
v -160.166504 -9.389015 -112.048759
v -159.579559 -8.896162 -113.410294
v -159.598053 -8.664419 -114.145638
v -159.739624 -8.053704 -117.739899
v -159.614258 -8.025199 -118.756660
v -160.369507 -6.392344 -112.895241
v -160.269714 -7.086241 -112.107346
v -159.829132 -6.717162 -112.668747
v -160.679138 -6.713920 -112.339897
v -160.196289 -5.955895 -113.546837
v -159.559662 -6.229709 -113.410713
v -160.143311 -5.401713 -114.209023
v -159.598053 -5.680025 -114.145638
v -160.210449 -5.305172 -117.721779
v -159.979431 -5.246620 -118.754639
v -160.374817 -5.370247 -118.638374
v -159.743500 -5.581924 -117.738152
v -159.511444 -5.310267 -117.259903
v -160.026794 -4.914694 -117.194664
v -160.921295 -6.400465 -113.122292
v -161.191559 -6.959323 -112.630943
v -160.830353 -5.962483 -113.682640
v -160.881287 -5.402409 -114.319702
v -160.628784 -5.170778 -118.459511
v -160.845551 -5.301794 -117.658470
v -160.541504 -4.918033 -117.129494
v -161.488525 -6.733491 -113.351585
v -161.704010 -6.959364 -112.922005
v -161.461578 -6.249566 -113.818069
v -161.426544 -5.680719 -114.383095
v -161.245148 -5.246808 -118.382164
v -161.262177 -5.576413 -117.453972
v -161.248322 -5.320992 -117.111687
v -159.834259 -9.170491 -112.670830
v -159.939087 -8.781553 -111.919594
v -159.730713 -8.558457 -112.629189
v -159.734406 -8.225181 -113.444374
v -159.334412 -7.918321 -114.114983
v -159.560699 -7.439012 -117.784622
v -159.443726 -7.458915 -118.805687
v -159.410217 -7.435722 -117.272720
v -159.500305 -8.145886 -117.261314
v -159.887421 -8.174106 -111.890236
v -159.929199 -7.949934 -112.710159
v -159.666168 -7.556865 -113.430870
v -159.279358 -7.172222 -114.108582
v -159.416260 -6.753071 -117.820671
v -159.809967 -6.698646 -118.805595
v -159.361206 -6.726306 -117.278923
v -160.073547 -7.566678 -111.995934
v -159.985321 -7.334135 -112.733147
v -159.724640 -6.891753 -113.444626
v -159.498993 -6.426123 -114.134117
v -159.465332 -6.130712 -117.807503
v -159.849518 -5.938732 -118.793381
v -159.415802 -6.017910 -117.272018
v -161.582855 -7.364519 -113.390533
v -162.020477 -7.566833 -113.101753
v -161.585938 -6.913615 -113.843285
v -161.525604 -6.426817 -114.394615
v -161.577942 -5.925118 -118.284737
v -161.336853 -6.211904 -117.435127
v -161.339630 -6.029902 -117.100121
v -161.640442 -7.972474 -113.414330
v -162.072174 -8.174281 -113.131111
v -161.656952 -7.579711 -113.857262
v -161.580627 -7.172916 -114.401009
v -161.700897 -6.683753 -118.249130
v -161.224670 -6.845440 -117.464073
v -161.388947 -6.739041 -117.093880
v -161.592194 -8.569685 -113.395187
v -161.796967 -8.781703 -112.974831
v -161.598236 -8.246476 -113.843575
v -161.367950 -7.445979 -118.347679
v -161.330139 -7.469151 -117.437752
v -161.334045 -7.447842 -117.100822
v -161.415131 -8.847947 -113.321358
v -161.703857 -9.281175 -112.921944
v -161.485901 -8.915021 -113.818596
v -161.365540 -5.264214 -119.294670
v -161.730835 -5.634270 -119.174904
v -159.886292 -6.574706 -119.784538
v -160.092651 -7.718894 -119.713776
v -160.736938 -7.811816 -119.496147
v -161.250641 -7.829880 -119.328453
v -161.628998 -7.722777 -119.205086
v -161.849487 -6.635086 -119.134682
v -161.939240 -6.030317 -119.106285
v -162.344604 -7.930768 -112.305183
v -162.282135 -8.538207 -112.269707
v -162.110962 -9.632768 -112.172501
v -161.136871 -8.381218 -108.369202
v -161.092407 -8.153534 -107.269684
v -161.789642 -8.355751 -108.301506
v -161.745178 -8.045403 -107.201996
v -162.397949 -8.045235 -107.134300
v -162.455872 -8.599997 -108.564354
v -163.095215 -8.380716 -108.166115
v -163.049927 -5.168638 -107.066895
v -162.397034 -4.770493 -107.134636
v -162.441498 -4.998176 -108.234154
v -163.094421 -5.396321 -108.166420
v -161.744263 -4.770660 -107.202332
v -161.788696 -4.998344 -108.301849
v -161.091583 -5.169140 -107.269981
v -161.136047 -5.396823 -108.369507
v -163.050781 -8.153032 -107.066589
v -163.661896 -7.634472 -108.107407
v -163.617432 -7.406788 -107.007881
v -163.727570 -6.888356 -108.100655
v -163.683105 -6.660673 -107.001129
v -163.213196 -6.142389 -108.154045
v -163.168732 -5.914706 -107.054527
v -160.973206 -5.915269 -107.282204
v -161.017670 -6.142952 -108.381729
v -160.625580 -6.661457 -107.318199
v -160.670044 -6.889140 -108.417725
v -160.691681 -7.407538 -107.311295
v -160.736145 -7.635222 -108.410812
v -160.972107 -7.862824 -109.178734
v -161.839081 -8.834539 -110.384216
v -161.648956 -9.006017 -110.903999
v -161.927887 -8.850514 -109.842690
v -161.741394 -8.583435 -109.176964
v -161.090546 -8.608894 -109.178398
v -161.714264 -7.845560 -105.883499
v -161.263885 -7.774059 -106.021576
v -161.039703 -7.851019 -105.290451
v -161.570038 -7.614283 -104.997032
v -161.214020 -8.100301 -106.393471
v -161.822937 -7.820047 -106.265816
v -162.407257 -9.113022 -110.578789
v -162.181213 -9.331050 -111.164665
v -162.505737 -8.844172 -109.884598
v -162.392303 -8.827656 -109.175514
v -162.232849 -7.836805 -105.719498
v -162.100830 -7.809696 -104.703331
v -162.432678 -7.816469 -106.137985
v -162.713501 -9.331092 -111.425346
v -163.085968 -8.839606 -109.926445
v -163.043091 -8.608414 -109.174103
v -162.740662 -7.997403 -105.554543
v -162.576477 -7.695518 -104.440163
v -162.359009 -6.334308 -110.573967
v -162.606659 -7.028298 -111.372993
v -162.982330 -6.659244 -110.775589
v -162.181396 -6.655911 -111.164742
v -162.524994 -5.899427 -109.881706
v -163.103973 -6.173147 -109.923439
v -162.391327 -5.345868 -109.175873
v -163.042236 -5.624019 -109.174416
v -162.180603 -5.249014 -105.629784
v -162.565460 -5.474068 -104.446426
v -162.098480 -5.576023 -104.704788
v -162.735474 -5.525622 -105.557022
v -163.029144 -5.253940 -106.013039
v -162.418610 -4.858530 -106.141060
v -161.939026 -6.342385 -110.416374
v -161.649109 -6.901233 -110.904060
v -161.948486 -5.906107 -109.839897
v -161.740479 -5.346028 -109.177299
v -161.567749 -5.420564 -104.998459
v -161.658630 -5.245086 -105.794876
v -161.808899 -4.862031 -106.268898
v -161.284973 -6.675320 -110.194298
v -161.116821 -6.901192 -110.643379
v -161.374634 -6.193281 -109.797997
v -161.089722 -5.624499 -109.178703
v -161.066864 -5.484122 -105.275604
v -161.170807 -5.519851 -106.051849
v -161.199982 -5.264459 -106.396538
v -162.976776 -9.112573 -110.773705
v -162.949829 -8.723666 -111.541069
v -163.082672 -8.500555 -110.809029
v -162.945099 -8.168648 -109.915398
v -163.357544 -7.862238 -109.173485
v -162.951660 -7.382651 -105.487831
v -162.727203 -7.241402 -104.356796
v -163.149658 -7.379362 -105.987671
v -163.043152 -8.089556 -106.009979
v -163.003540 -8.116227 -111.567390
v -162.879791 -7.892001 -110.740242
v -163.007111 -7.500321 -109.918884
v -163.423065 -7.116123 -109.173424
v -163.121887 -6.696661 -105.434059
v -162.780121 -6.633889 -104.327568
v -163.207520 -6.669931 -105.975578
v -162.810303 -7.508768 -111.472755
v -162.822510 -7.276193 -110.720726
v -162.953979 -6.835216 -109.913887
v -163.160675 -6.370088 -109.174080
v -163.063843 -6.074319 -105.453346
v -162.725922 -6.026515 -104.357590
v -163.142670 -5.961553 -105.989204
v -161.188354 -7.306332 -110.161095
v -160.788055 -7.508608 -110.482368
v -161.261536 -6.857349 -109.791115
v -160.971680 -6.370627 -109.178886
v -160.679382 -6.029151 -105.489944
v -161.082886 -6.155366 -106.079826
v -161.091980 -5.973397 -106.419151
v -161.129364 -7.914278 -110.140785
v -160.734283 -8.116049 -110.456039
v -161.196991 -7.523457 -109.787575
v -160.906219 -7.116742 -109.178955
v -160.541138 -6.636773 -105.566391
v -161.215393 -6.788865 -106.036987
v -161.033783 -6.682551 -106.431320
v -161.178558 -8.511497 -110.156944
v -161.020020 -8.723515 -110.595978
v -161.250427 -8.190214 -109.792473
v -160.942688 -7.243700 -105.344177
v -161.091095 -7.412611 -106.076241
v -161.098999 -7.391335 -106.417618
v -161.359741 -8.789787 -110.219925
v -161.116669 -9.223001 -110.643318
v -161.352600 -8.858743 -109.800713
v -160.699097 -5.292327 -104.800423
v -161.610748 -4.659013 -104.210083
v -162.299103 -7.256214 -103.763847
v -162.074371 -7.907661 -103.909302
v -161.616547 -8.003588 -104.205780
v -161.092651 -8.004936 -104.545082
v -160.472229 -7.260913 -104.947014
v -161.739105 -7.185380 -111.961266
v -162.119385 -7.542338 -112.177269
v -161.226654 -7.028225 -111.670204
v -160.635406 -7.274338 -111.334381
v -160.669708 -7.930633 -111.353882
v -160.569305 -8.538069 -111.296860
v -160.557678 -9.145511 -111.290276
v -161.226471 -9.753009 -111.670128
v -160.778564 -9.675781 -111.415741
v -161.738922 -9.753050 -111.961205
v -162.344513 -9.145656 -112.305138
v -158.359222 -6.306206 -102.478157
v -157.610657 -6.078624 -101.770538
v -158.812103 -6.280905 -101.969757
v -157.934906 -5.970660 -101.327606
v -158.259155 -5.970660 -100.884666
v -159.185608 -6.525287 -101.684898
v -159.460602 -6.306206 -101.083878
v -158.583405 -3.094230 -100.441727
v -158.259155 -2.695918 -100.884666
v -159.136353 -2.923499 -101.526810
v -159.460602 -3.321811 -101.083878
v -157.934906 -2.695918 -101.327606
v -158.812103 -2.923499 -101.969757
v -157.610657 -3.094230 -101.770538
v -158.487854 -3.321811 -102.412689
v -158.583405 -6.078624 -100.441727
v -159.742188 -5.560107 -100.699242
v -158.864960 -5.332526 -100.057091
v -159.774902 -4.814008 -100.654541
v -158.897705 -4.586427 -100.012390
v -159.519501 -4.067910 -101.003418
v -158.642303 -3.840329 -100.361267
v -157.551758 -3.840329 -101.851006
v -158.428955 -4.067910 -102.493156
v -157.378998 -4.586427 -102.087013
v -158.256165 -4.814008 -102.729164
v -157.411713 -5.332526 -102.042313
v -158.288910 -5.560107 -102.684464
v -158.956055 -5.787688 -103.007118
v -160.166992 -6.948571 -103.102150
v -160.599518 -7.158975 -103.626015
v -159.902924 -6.775957 -102.787193
v -159.340973 -6.508486 -102.485001
v -159.015228 -6.533787 -102.926849
v -157.022736 -5.812415 -100.648888
v -156.795319 -5.740789 -101.038429
v -156.099792 -5.816933 -100.599167
v -156.287811 -5.580880 -100.125916
v -157.028625 -6.066981 -101.413788
v -157.364960 -5.786890 -100.848167
v -160.642273 -7.288982 -102.684494
v -161.124146 -7.556542 -103.286179
v -160.264648 -6.769268 -102.363159
v -159.666687 -6.752868 -102.043159
v -157.281128 -5.803804 -100.196815
v -156.475830 -5.776976 -99.652672
v -157.713684 -5.783474 -100.362503
v -161.648102 -7.555195 -102.946854
v -160.627594 -6.764356 -101.937286
v -159.992432 -6.533787 -101.601303
v -157.531128 -5.964543 -99.751076
v -156.644409 -5.663411 -99.228310
v -160.650330 -3.878201 -102.670143
v -161.537811 -4.728878 -103.018730
v -161.117249 -4.275625 -102.266083
v -161.118439 -4.272903 -103.290405
v -160.270782 -3.824516 -102.347878
v -160.633148 -4.097889 -101.922844
v -159.666687 -3.271082 -102.043159
v -159.992432 -3.549392 -101.601303
v -157.182007 -3.216010 -100.166733
v -156.641296 -3.441947 -99.236076
v -156.475830 -3.543301 -99.652672
v -157.529449 -3.492762 -99.755585
v -158.055267 -3.221105 -99.886795
v -157.706116 -2.825532 -100.373039
v -160.178772 -3.889470 -103.084572
v -160.595032 -4.575426 -103.629341
v -159.909943 -3.831542 -102.770927
v -159.340973 -3.271082 -102.485001
v -156.287811 -3.387158 -100.125916
v -156.921906 -3.211936 -100.621803
v -157.357391 -2.828870 -100.858719
v -159.699127 -4.299583 -103.512466
v -160.071106 -4.576774 -103.968666
v -159.550659 -4.119059 -103.191833
v -159.015228 -3.549392 -102.926849
v -156.110291 -3.450071 -100.572762
v -156.749817 -3.486555 -101.119583
v -157.022095 -3.231135 -101.424988
v -161.117981 -7.287014 -102.266197
v -161.879303 -6.808980 -102.797211
v -161.204163 -6.535520 -102.188820
v -160.538208 -6.093482 -102.040459
v -160.149933 -5.787688 -101.387672
v -157.636353 -5.349851 -99.567009
v -156.697968 -5.209487 -99.093452
v -158.123871 -5.346560 -99.791267
v -158.062805 -6.056725 -99.876282
v -161.930908 -6.063229 -102.763924
v -161.034027 -5.789046 -102.339233
v -160.575684 -5.425118 -101.994667
v -160.182800 -5.041590 -101.343079
v -157.721313 -4.663908 -99.418480
v -156.716919 -4.602045 -99.045692
v -158.157074 -4.637144 -99.745033
v -161.739349 -5.318101 -102.888100
v -160.984924 -5.033306 -102.382378
v -160.540924 -4.760046 -102.033340
v -160.051605 -4.295491 -101.521042
v -157.693115 -4.041550 -99.469566
v -156.697968 -3.994601 -99.093452
v -158.120087 -3.928748 -99.796532
v -159.619690 -5.074369 -103.582291
v -159.748840 -5.323223 -104.177277
v -159.481537 -4.783194 -103.275238
v -158.956055 -4.295491 -103.007118
v -155.972809 -3.994601 -100.918854
v -156.706055 -4.122046 -101.196518
v -156.947174 -3.940045 -101.430008
v -159.571625 -5.820751 -103.624557
v -159.697235 -6.068974 -104.210564
v -159.442627 -5.449338 -103.322945
v -158.923187 -5.041590 -103.051704
v -155.923615 -4.602044 -101.042725
v -156.771362 -4.755582 -101.080498
v -156.913757 -4.649183 -101.476532
v -159.613342 -6.553693 -103.586990
v -159.979828 -6.813867 -104.027428
v -159.477417 -6.116063 -103.284027
v -156.065643 -5.209487 -100.685143
v -156.709290 -5.379293 -101.188988
v -156.950958 -5.357984 -101.424728
v -159.766266 -6.894832 -103.454117
v -160.076080 -7.426716 -103.964989
v -159.542603 -6.784530 -103.209244
v -155.739288 -2.855196 -99.453537
v -156.128967 -3.600535 -98.987076
v -156.088806 -4.207980 -99.035172
v -155.739288 -5.422864 -99.453537
v -155.409546 -5.422864 -99.848328
v -155.121307 -5.345674 -100.193398
v -154.986572 -4.207980 -100.354668
v -155.051178 -3.600536 -100.277321
v -162.215790 -4.959609 -103.818176
v -161.087189 -4.853211 -104.549141
v -160.469666 -5.769682 -104.948921
v -160.534821 -6.515134 -104.906616
v -160.712067 -7.858237 -104.791603
v -162.285980 -6.510629 -103.772469
v -162.182068 -5.765276 -103.839890
v -176.303192 -9.285422 -116.101746
v -175.524536 -8.695629 -116.711876
v -175.924408 -8.692852 -117.167343
v -176.904846 -9.614860 -116.393288
v -176.301208 -8.800747 -117.636742
v -176.938629 -5.741494 -117.251656
v -176.623840 -5.335968 -116.744804
v -177.420105 -5.841022 -116.124001
v -177.734894 -6.246549 -116.630859
v -176.223999 -5.338746 -116.289330
v -177.020264 -5.843801 -115.668526
v -175.739044 -5.749827 -115.885262
v -176.535339 -6.254881 -115.264458
v -177.097504 -9.305801 -117.015945
v -177.604065 -8.538576 -117.315193
v -176.807770 -8.033521 -117.935982
v -177.803802 -7.773482 -117.264885
v -177.007477 -7.268428 -117.885689
v -177.648193 -7.010857 -116.809868
v -176.851898 -6.505803 -117.430672
v -175.507080 -6.515146 -115.898781
v -176.303345 -7.020200 -115.277985
v -175.134644 -7.281440 -115.752373
v -175.930939 -7.786492 -115.131569
v -175.015656 -8.045972 -115.894608
v -175.811951 -8.551026 -115.273811
v -176.592010 -9.055294 -115.062477
v -175.897919 -9.314136 -115.649544
v -178.198639 -11.126657 -114.041801
v -178.223694 -10.492455 -114.976479
v -178.554779 -10.902062 -114.388237
v -177.861816 -10.448739 -114.757561
v -177.789856 -10.307634 -115.208046
v -177.388062 -10.318524 -114.839188
v -177.099487 -9.790476 -115.480949
v -176.694214 -9.819190 -115.028740
v -174.391907 -8.315053 -117.553459
v -174.184723 -8.217821 -117.136444
v -173.622223 -8.057595 -117.540985
v -173.921021 -8.014451 -118.001991
v -175.006500 -8.495249 -117.225273
v -178.730133 -10.774120 -115.250603
v -179.047089 -11.232274 -114.556282
v -178.192902 -10.298605 -115.578979
v -177.447144 -10.038210 -115.967949
v -174.646332 -8.323016 -118.024223
v -173.968048 -8.049384 -118.551262
v -175.296539 -8.511643 -117.765388
v -179.143311 -10.771057 -115.539513
v -179.478485 -11.229819 -114.802711
v -178.597046 -10.291328 -115.951836
v -174.857605 -8.520674 -118.513794
v -175.529358 -8.840281 -118.347115
v -179.006561 -7.929323 -114.737373
v -179.532776 -8.875384 -114.189606
v -179.390228 -8.260441 -115.042023
v -179.185425 -8.496185 -113.988953
v -178.619202 -7.281341 -115.168251
v -179.026520 -7.558984 -115.533699
v -178.049988 -6.470116 -115.579063
v -178.444397 -6.752317 -116.036133
v -175.176849 -5.379901 -117.841469
v -174.655273 -5.434386 -118.790291
v -174.483734 -5.532392 -118.353058
v -175.453064 -5.735855 -118.304008
v -176.144501 -5.637215 -117.817368
v -175.867310 -5.171343 -117.252144
v -178.572479 -7.940055 -114.491646
v -178.701172 -8.749224 -113.902122
v -178.169342 -7.290786 -114.855629
v -177.602386 -6.473091 -115.164803
v -174.351501 -5.338037 -117.832283
v -174.923401 -5.357507 -117.365700
v -175.516632 -5.156122 -116.762589
v -178.085876 -8.284440 -114.301399
v -178.233978 -8.751297 -113.758606
v -177.677094 -7.587415 -114.595970
v -177.101501 -6.761240 -114.793373
v -174.178040 -5.391550 -117.359245
v -174.692108 -5.675507 -116.878860
v -175.092499 -5.591568 -116.348709
v -179.716187 -10.608095 -114.673714
v -179.221527 -10.144765 -115.455330
v -178.626831 -9.604213 -115.758560
v -177.893768 -9.810856 -116.395149
v -178.232605 -9.044391 -116.580788
v -175.088287 -7.834191 -118.614883
v -174.145203 -7.937921 -118.995743
v -174.297943 -7.431669 -119.099915
v -175.819641 -8.041962 -118.313881
v -179.805603 -9.986573 -114.547905
v -179.147339 -9.522842 -115.244087
v -178.743317 -8.919233 -115.722153
v -178.420532 -8.279587 -116.507805
v -175.313995 -7.065921 -118.668304
v -174.455170 -6.749035 -119.097168
v -175.984375 -7.242382 -118.226997
v -179.678192 -9.366013 -114.355499
v -179.185394 -8.892706 -115.095604
v -178.806152 -8.238035 -115.572289
v -178.382935 -7.516282 -116.226173
v -175.498932 -6.366403 -118.683983
v -174.578400 -6.062686 -118.992104
v -176.078461 -6.440132 -118.041679
v -177.788513 -8.922802 -114.266228
v -177.903198 -9.373891 -113.810272
v -177.485138 -8.268346 -114.655029
v -176.877441 -7.526286 -114.832909
v -173.929291 -5.991687 -117.036850
v -174.434021 -6.385137 -116.731392
v -174.899048 -6.389015 -116.395172
v -177.663544 -9.578500 -114.383171
v -177.813782 -9.995413 -113.936089
v -177.330536 -8.951102 -114.741005
v -176.689545 -8.291089 -114.905876
v -173.744995 -6.671360 -116.958061
v -174.366180 -7.104377 -116.946495
v -174.734192 -7.188272 -116.481705
v -177.643005 -10.248500 -114.578125
v -178.022369 -10.615612 -114.153419
v -177.444305 -9.633728 -114.671188
v -173.731903 -7.369760 -117.394997
v -174.175781 -7.803985 -116.925652
v -174.752197 -7.987187 -116.519913
v -174.659210 -8.791110 -116.726784
v -175.101654 -8.809080 -116.270340
v -173.233917 -5.188744 -117.541481
v -173.725891 -5.542514 -119.092140
v -173.800812 -5.999460 -119.335426
v -173.780518 -6.702030 -119.284325
v -173.801605 -7.408235 -119.363213
v -173.601318 -8.095019 -118.746864
v -173.282990 -7.977597 -117.745583
v -173.212891 -6.652246 -117.501678
v -179.596680 -9.509506 -113.538429
v -178.786285 -8.977480 -113.301460
v -178.243408 -9.243984 -113.140205
v -178.267975 -9.935971 -113.144646
v -178.169891 -10.577975 -113.113106
v -178.152954 -11.218957 -113.105522
v -178.757782 -11.852100 -113.281410
v -178.349243 -11.775824 -113.161201
v -179.226044 -11.846199 -113.419609
v -179.567230 -11.714987 -113.520805
v -179.785706 -11.198378 -113.587372
v -179.735016 -10.558249 -113.575005
v -179.798431 -9.916682 -113.596306
v -181.112549 -13.125532 -110.436485
v -180.567291 -12.562932 -111.264748
v -180.074036 -12.567423 -110.888939
v -180.765045 -13.445827 -109.843925
v -179.567810 -12.676702 -110.536171
v -179.926636 -9.780094 -109.899040
v -180.467773 -9.389009 -110.189812
v -181.022980 -9.871376 -109.343903
v -180.481812 -10.262462 -109.053123
v -180.961060 -9.384519 -110.565620
v -181.516266 -9.866885 -109.719719
v -181.406433 -9.766623 -111.026474
v -181.961639 -10.248991 -110.180565
v -180.122986 -13.159068 -109.690254
v -179.784363 -12.438815 -109.204628
v -179.229126 -11.956449 -110.050545
v -179.824280 -11.715117 -109.007423
v -179.269104 -11.232750 -109.853333
v -180.302490 -10.987429 -109.144142
v -179.747314 -10.505061 -109.990044
v -181.406342 -10.489960 -111.254028
v -181.961548 -10.972327 -110.408119
v -181.579468 -11.211720 -111.613548
v -182.134644 -11.694085 -110.767647
v -181.439972 -11.936324 -111.734909
v -181.995148 -12.418691 -110.889000
v -182.138611 -12.902998 -110.084282
v -181.602783 -13.145597 -110.817696
v -182.774109 -14.875500 -108.403725
v -181.858002 -14.281010 -108.558830
v -182.342743 -14.668514 -108.094154
v -182.354095 -14.234460 -108.820656
v -181.880768 -14.103112 -108.872475
v -182.286774 -14.106894 -109.255417
v -181.667786 -13.607899 -109.590569
v -182.157990 -13.627965 -109.971786
v -179.638062 -12.070567 -112.388298
v -180.029358 -11.987331 -112.577850
v -179.730255 -11.831083 -113.192375
v -179.308807 -11.831949 -112.901619
v -179.947754 -12.112853 -111.813431
v -181.743561 -14.554952 -107.900421
v -182.041077 -14.987601 -107.594620
v -181.472595 -14.101119 -108.488388
v -181.145111 -13.849583 -109.266930
v -179.193207 -12.072025 -112.153603
v -178.797089 -11.809790 -112.897774
v -179.445801 -12.113781 -111.526939
v -181.398712 -14.558145 -107.465874
v -181.683563 -14.991256 -107.180527
v -181.062347 -14.100811 -108.103302
v -178.738007 -12.245522 -111.963860
v -178.747864 -12.543764 -111.171455
v -181.908447 -11.857189 -107.707214
v -182.283966 -12.755476 -107.014153
v -181.899872 -12.177011 -107.211151
v -182.577606 -12.391154 -107.350624
v -181.874786 -11.242050 -108.062286
v -181.469482 -11.511834 -107.670807
v -181.514709 -10.470215 -108.669304
v -181.018036 -10.744828 -108.296379
v -179.272766 -9.400109 -111.608856
v -178.488525 -9.430813 -112.214790
v -178.895538 -9.525837 -112.364464
v -178.835815 -9.718561 -111.348450
v -179.246704 -9.630942 -110.601738
v -179.761047 -9.242756 -110.872902
v -182.265930 -11.861361 -108.124260
v -182.792969 -12.625645 -107.853218
v -182.015808 -11.244379 -108.613167
v -181.970428 -10.465724 -109.095810
v -179.369904 -9.356398 -112.469719
v -179.721802 -9.385606 -111.842308
v -180.226837 -9.241753 -111.228813
v -182.581116 -12.181704 -108.606728
v -183.060852 -12.621988 -108.327721
v -182.529266 -11.518913 -108.975227
v -182.385162 -10.731358 -109.575890
v -179.808502 -9.411491 -112.619316
v -180.181152 -9.681229 -112.049492
v -180.644135 -9.627946 -111.669472
v -181.748566 -14.403304 -106.902199
v -181.480896 -13.964595 -107.385750
v -181.260254 -13.448363 -108.068108
v -180.678162 -13.641436 -108.844353
v -180.468323 -12.919455 -108.521065
v -178.617584 -11.620733 -111.734604
v -178.382904 -11.702440 -112.742836
v -178.269714 -11.241087 -112.593849
v -178.899475 -11.694709 -110.985634
v -181.851501 -13.814096 -106.784775
v -181.711212 -13.372797 -107.465233
v -181.292511 -12.799887 -107.954948
v -180.532104 -12.195756 -108.334389
v -178.539246 -10.922241 -111.508034
v -178.249298 -10.620957 -112.434425
v -178.940399 -11.006566 -110.800369
v -182.078705 -13.223193 -106.887543
v -181.864014 -12.774757 -107.426208
v -181.443817 -12.153677 -107.889000
v -180.825470 -11.469796 -108.362534
v -178.499359 -10.286643 -111.320999
v -178.323273 -9.998854 -112.303787
v -179.074982 -10.318558 -110.686798
v -182.739960 -12.793506 -108.753960
v -183.096313 -13.209307 -108.690315
v -182.480530 -12.162962 -109.165962
v -182.358185 -11.454694 -109.797005
v -180.126343 -9.961125 -112.853569
v -180.345886 -10.327638 -112.304131
v -180.641632 -10.315248 -111.883842
v -182.651459 -13.383167 -108.886078
v -183.204895 -13.798513 -108.850914
v -182.401459 -12.809298 -109.320641
v -182.294373 -12.178392 -109.983688
v -180.221954 -10.579681 -113.035912
v -180.168640 -10.978293 -112.383949
v -180.601044 -11.003121 -112.069260
v -182.506317 -13.962976 -108.929482
v -182.719666 -14.390050 -108.622528
v -182.456909 -13.457082 -109.195053
v -179.841949 -11.208189 -113.073235
v -180.213684 -11.614019 -112.576302
v -180.579498 -11.691525 -112.051315
v -180.482819 -12.518978 -112.209702
v -181.047607 -12.663230 -111.663605
v -179.252930 -9.137328 -113.438499
v -183.592896 -14.329872 -108.192200
v -151.457886 -0.619344 -91.889908
v -151.562683 -0.056140 -90.908714
v -151.075134 -0.059253 -90.825829
v -150.944275 -0.938426 -92.065819
v -150.483673 -0.650124 -91.718063
v -150.591461 -0.167143 -90.717087
v -150.483673 2.729121 -91.431618
v -150.956848 3.118784 -91.609879
v -150.849091 2.635803 -92.610855
v -150.375885 2.246140 -92.432602
v -151.444427 3.121898 -91.692764
v -151.336639 2.638917 -92.693741
v -151.946381 2.738461 -91.680290
v -151.838593 2.255480 -92.681267
v -150.033325 0.071238 -91.824715
v -150.141113 0.554219 -90.823738
v -149.957184 0.794990 -91.994987
v -150.064972 1.277971 -90.994011
v -150.314270 1.521509 -92.238907
v -150.422058 2.004489 -91.237930
v -152.061890 2.014961 -91.516716
v -151.954102 1.531980 -92.517693
v -152.348633 1.292554 -91.382248
v -152.240845 0.809573 -92.383224
v -152.326355 0.568174 -91.195244
v -152.218567 0.085193 -92.196228
v -151.913208 -0.398762 -92.709930
v -151.946381 -0.640784 -91.966736
v -151.838593 -1.123765 -92.967712
v -152.047394 -2.610447 -94.492249
v -151.449371 -2.227124 -94.235222
v -151.600616 -2.662411 -94.722183
v -151.643982 -1.860025 -93.466064
v -152.204407 -1.853114 -93.435432
v -151.350128 -1.102325 -92.890877
v -151.511322 0.552707 -89.395508
v -151.849762 0.624440 -89.502441
v -152.034210 0.765966 -88.808044
v -151.599945 0.701951 -88.830040
v -151.917633 0.126201 -89.995842
v -151.447235 0.395081 -89.984642
v -150.930969 -2.302519 -94.280807
v -151.090363 -2.726486 -94.834793
v -151.081329 -1.869015 -93.496300
v -150.871368 -1.342604 -92.749481
v -151.115723 0.559654 -89.288719
v -151.299896 0.805788 -88.471649
v -150.986328 0.395453 -89.907120
v -150.615387 -2.725636 -95.012863
v -150.516632 -1.879965 -93.526138
v -150.534851 0.127326 -89.763268
v -150.954773 0.712278 -94.498840
v -150.892273 -0.834757 -95.319679
v -150.461609 0.350691 -94.558640
v -151.296234 -0.429366 -95.224312
v -150.940002 1.341730 -93.938148
v -150.385254 1.035643 -94.013977
v -150.843872 2.036386 -93.266594
v -150.354340 1.763165 -93.171249
v -150.987854 3.095667 -89.798271
v -150.721069 3.073607 -88.816978
v -151.053497 2.974739 -88.947205
v -150.584076 2.802200 -89.716042
v -150.442413 2.879272 -90.443878
v -150.889496 3.266110 -90.617020
v -151.462036 0.710272 -94.392181
v -151.755066 -0.697797 -95.015335
v -151.495941 1.342052 -93.821587
v -151.333527 2.039544 -93.293800
v -151.401245 3.125846 -89.152901
v -151.385254 3.101040 -89.908722
v -151.350433 3.265812 -90.694565
v -151.987091 0.353483 -94.239052
v -152.230011 -0.698647 -94.837265
v -152.052917 1.036505 -93.664322
v -151.823303 1.772639 -93.252892
v -151.752777 3.064273 -89.302338
v -151.775635 2.812479 -90.045723
v -151.825226 2.878367 -90.676506
v -150.419189 -2.308826 -94.387192
v -150.444580 -2.062812 -95.168419
v -150.316467 -1.642539 -94.495491
v -150.591339 -1.145102 -93.621552
v -150.375885 -1.133105 -92.719040
v -150.118500 -0.410337 -92.610184
v -150.538879 0.999296 -89.239082
v -150.960114 0.916522 -88.341187
v -150.806061 1.357437 -88.388680
v -150.739136 0.403249 -89.140717
v -150.428528 0.816005 -89.919579
v -150.569061 -0.992356 -94.359161
v -150.469025 -0.418655 -93.726639
v -150.068787 0.313337 -92.790077
v -150.365051 1.664599 -89.362556
v -150.702209 1.947331 -88.500610
v -150.359039 1.504191 -90.081978
v -150.436646 -1.400278 -95.262924
v -150.612915 -0.320153 -94.438515
v -150.459076 0.307475 -93.825272
v -150.265686 1.038600 -92.983665
v -150.369232 2.268609 -89.520012
v -150.672028 2.537121 -88.647339
v -150.382324 2.191979 -90.259895
v -152.081757 -0.333454 -94.128693
v -152.483368 -1.361620 -94.650764
v -152.107269 0.329936 -93.736191
v -151.912598 1.049221 -93.075203
v -152.079742 2.535147 -89.312523
v -152.038055 2.195877 -89.972946
v -151.932617 2.190914 -90.520676
v -152.142303 -0.995692 -94.028755
v -152.461517 -1.403905 -94.503723
v -152.231812 -0.394047 -93.631439
v -151.962311 0.325548 -92.895309
v -152.242279 1.945171 -89.228340
v -152.283813 1.559500 -89.900337
v -152.235321 1.471949 -90.431374
v -152.027649 -1.631674 -94.138016
v -152.166534 -2.065895 -94.522820
v -152.241730 -1.121961 -93.532433
v -152.202271 1.311887 -89.013687
v -152.017914 0.975781 -89.644249
v -152.077667 0.827430 -90.220848
v -152.054169 -0.157802 -90.965759
v -151.868256 -1.937471 -94.132133
v -150.984741 3.018530 -87.838600
v -150.779083 2.630756 -87.738594
v -150.834198 2.023139 -87.765678
v -151.789825 0.805276 -88.231560
v -151.692230 -0.600144 -95.782852
v -152.121918 -0.749609 -95.513412
v -152.444397 -1.100824 -95.310219
v -152.637939 -1.485825 -95.187523
v -152.594849 -2.094105 -95.211937
v -152.159851 -3.316886 -95.478912
v -152.468353 -3.191059 -95.286469
v -151.732483 -3.324510 -95.746246
v -151.165710 -2.727110 -96.103340
v -151.241119 -1.510743 -96.061264
v -161.363678 -7.914721 -138.632538
v -162.167206 -8.287801 -137.355072
v -160.216370 -8.287801 -136.594040
v -159.412842 -7.914721 -137.871506
v -156.042603 -7.604021 -136.556763
v -155.339325 -6.453801 -136.282425
v -156.142883 -6.453800 -135.004959
v -156.846130 -7.604020 -135.279312
v -155.142426 -4.992879 -136.205612
v -155.945984 -4.992879 -134.928146
v -156.449280 -3.531957 -136.715408
v -157.252808 -3.531957 -135.437943
v -157.461975 -2.071037 -137.110474
v -158.265533 -2.071037 -135.833023
v -159.412842 -2.071038 -137.871506
v -160.216370 -2.232196 -136.594040
v -161.363678 -3.067043 -138.632538
v -162.167206 -3.258337 -137.355072
v -163.314514 -2.291764 -139.393570
v -164.118073 -2.291764 -138.116104
v -164.311493 -3.139441 -139.782486
v -165.115021 -3.139441 -138.505020
v -165.717102 -4.992879 -138.739883
v -164.913544 -4.992879 -140.017349
v -165.520203 -6.453801 -138.663086
v -164.716675 -6.453801 -139.940536
v -164.172668 -7.914721 -139.728333
v -164.118073 -7.914721 -138.116104
v -163.533936 -8.014353 -131.642853
v -162.604797 -7.874331 -132.555008
v -162.844666 -8.017729 -131.434021
v -162.581238 -8.200989 -133.690353
v -163.656769 -7.920650 -134.109940
v -162.675964 -8.228905 -134.689453
v -162.608917 -8.289213 -136.183609
v -164.559784 -7.914721 -136.944641
v -160.183807 -7.872110 -141.463272
v -159.516205 -7.716039 -141.206909
v -161.779633 -7.900035 -141.482361
v -159.788239 -7.713982 -140.705521
v -160.699707 -7.686855 -139.717300
v -163.290924 -7.900754 -140.728134
v -161.843811 -7.874331 -132.258133
v -162.155396 -8.014736 -131.225189
v -161.481903 -8.200989 -133.261520
v -160.937744 -8.228905 -134.011368
v -160.658081 -8.188873 -135.422592
v -158.850098 -7.716039 -140.951111
v -158.497620 -7.713982 -140.202026
v -158.961456 -7.686855 -139.039200
v -161.228180 -7.677466 -132.017975
v -161.466156 -8.014927 -131.016357
v -158.570038 -7.900754 -132.865982
v -157.585175 -7.699033 -139.846085
v -156.591156 -7.900754 -138.413193
v -161.340759 -7.310875 -130.978378
v -160.936249 -7.229254 -131.904099
v -160.145325 -7.041500 -132.740097
v -160.358917 -7.920650 -132.823425
v -158.251831 -6.577344 -132.741837
v -156.584564 -6.453800 -133.833496
v -157.287842 -7.604020 -134.107834
v -158.488220 -7.700909 -140.812149
v -158.397644 -7.225785 -140.777374
v -157.386993 -6.867857 -139.768784
v -156.272949 -6.577344 -138.289047
v -161.078796 -6.578165 -131.959702
v -161.674194 -6.606695 -131.079422
v -160.036682 -6.195511 -132.697723
v -158.071838 -5.261928 -132.671631
v -156.387695 -4.992879 -133.756683
v -158.420685 -6.578166 -140.800629
v -157.259460 -5.874611 -139.719025
v -156.092957 -5.261930 -138.218842
v -161.743561 -5.902589 -131.100464
v -160.913055 -5.931383 -131.895035
v -160.137573 -5.361721 -132.737076
v -158.866028 -3.948641 -133.203186
v -157.694519 -3.531957 -134.266479
v -158.139435 -5.931385 -140.692627
v -156.919250 -4.895689 -139.586319
v -156.889740 -3.948642 -138.231018
v -161.598633 -5.514688 -131.056564
v -161.489746 -5.241402 -132.138885
v -160.330536 -4.530826 -132.812347
v -159.174072 -2.636254 -133.323349
v -158.707245 -2.071037 -134.661545
v -158.257996 -5.241403 -140.738144
v -157.145782 -3.920162 -139.674683
v -157.197815 -2.636255 -138.351196
v -162.150024 -4.441331 -132.392441
v -162.154694 -5.198388 -131.225037
v -161.394257 -4.418455 -133.227310
v -160.918976 -2.611777 -134.004044
v -160.658081 -2.232196 -135.422592
v -158.918274 -5.378333 -140.991699
v -158.394684 -3.788233 -140.161880
v -158.942719 -2.611778 -139.031891
v -162.816132 -4.441331 -132.648224
v -162.843872 -4.926318 -131.433853
v -162.493561 -4.418455 -133.656143
v -162.657227 -2.611777 -134.682144
v -162.608917 -3.258337 -136.183609
v -159.584381 -5.378333 -141.247498
v -159.685333 -3.788233 -140.665359
v -160.680939 -2.611778 -139.709976
v -163.488068 -5.241402 -132.906265
v -163.508270 -5.421526 -131.635162
v -163.628418 -4.530825 -134.098862
v -164.388763 -2.636254 -135.357620
v -164.559784 -2.071037 -136.944641
v -160.256317 -5.241403 -141.505524
v -161.746307 -3.920163 -141.469360
v -162.519287 -3.065252 -140.427109
v -163.007233 -5.931383 -132.953033
v -163.970764 -5.901970 -131.775269
v -163.416962 -5.361721 -134.539871
v -164.712250 -3.948641 -135.483810
v -164.914154 -3.531957 -137.082886
v -160.837524 -5.931385 -141.728714
v -161.988708 -4.895689 -141.563919
v -163.594116 -3.948643 -140.846420
v -163.091492 -6.578165 -132.985916
v -164.040497 -6.606038 -131.796387
v -163.537964 -6.195512 -134.587082
v -164.893219 -5.261928 -135.554413
v -165.111053 -4.992879 -137.159698
v -161.025421 -6.578166 -141.800858
v -162.130768 -5.874611 -141.619339
v -163.775116 -5.261930 -140.917023
v -163.030426 -7.229254 -132.962082
v -163.971130 -7.310144 -131.775345
v -163.424713 -7.041500 -134.542908
v -164.722351 -6.577344 -135.487747
v -164.914154 -6.453801 -137.082886
v -160.753784 -7.225787 -141.682144
v -161.997803 -6.867857 -141.567459
v -163.604218 -6.577344 -140.850357
v -163.367523 -7.875578 -132.852539
v -164.409027 -7.900754 -135.365524
v -162.681549 -5.033197 -130.080048
v -162.267731 -5.528547 -129.971725
v -163.114990 -4.865791 -130.193436
v -163.629608 -5.153991 -130.327927
v -163.609161 -5.902758 -130.306091
v -163.690765 -6.602769 -130.343872
v -163.708984 -7.302986 -130.348618
v -163.523926 -7.917072 -130.297699
v -163.150421 -8.004965 -130.202484
v -162.657318 -8.006471 -130.073517
v -162.292999 -7.870272 -129.978226
v -162.205170 -5.976643 -129.770233
vn -0.0470 0.9818 0.1841
vn 0.0153 0.9997 -0.0205
vn -0.0251 0.9995 -0.0205
vn 0.0637 0.9783 0.1973
vn -0.1349 -0.9891 -0.0585
vn -0.0997 -0.9937 -0.0513
vn 0.2363 -0.9715 0.0170
vn 0.1838 -0.9824 -0.0318
vn 0.0681 -0.2741 0.9593
vn 0.0938 -0.3567 0.9295
vn 0.0328 0.1452 0.9889
vn -0.0116 0.2473 0.9689
vn -0.0156 -0.2451 -0.9694
vn -0.2952 -0.2427 -0.9241
vn -0.2818 -0.0406 -0.9586
vn 0.1013 -0.0053 -0.9948
vn -0.0526 0.9895 0.1348
vn -0.0423 0.9989 -0.0180
vn -0.0269 0.9988 0.0421
vn 0.0113 0.9999 -0.0126
vn 0.1257 -0.9871 -0.0989
vn 0.1086 -0.9687 0.2231
vn -0.0778 -0.9945 0.0700
vn -0.1007 -0.9844 -0.1441
vn 0.2385 -0.2733 0.9319
vn 0.1173 0.3744 0.9198
vn -0.0152 -0.0888 0.9959
vn -0.1997 -0.3948 0.8968
vn 0.1003 -0.0163 0.9948
vn 0.1374 -0.1079 -0.9846
vn 0.1425 0.3791 -0.9143
vn -0.0722 -0.0760 -0.9945
vn -0.1180 0.0137 -0.9929
vn -0.1254 -0.4170 -0.9002
vn 0.1075 -0.7395 0.6645
vn 0.0502 -0.0428 0.9978
vn -0.0392 -0.6775 0.7345
vn -0.0297 0.8338 0.5513
vn -0.0471 0.8441 0.5341
vn 0.0575 -0.9686 -0.2418
vn 0.1722 -0.9033 -0.3930
vn -0.0106 -0.6545 -0.7560
vn -0.2248 0.7133 -0.6638
vn 0.1465 0.7449 -0.6509
vn 0.0461 -0.7730 0.6327
vn 0.1398 -0.3021 0.9430
vn 0.0454 0.8738 0.4842
vn -0.2345 -0.0240 0.9718
vn -0.1747 0.7964 0.5789
vn 0.0830 -0.6214 0.7791
vn -0.1077 -0.9200 -0.3768
vn 0.0710 -0.5959 -0.7999
vn 0.0523 0.9415 -0.3330
vn -0.3538 -0.0025 -0.9353
vn -0.2654 0.8299 -0.4908
vn -0.0126 -0.7725 -0.6349
vn -0.0390 0.9900 0.1358
vn -0.0131 0.9927 0.1199
vn -0.0198 0.9679 0.2507
vn 0.0047 0.9628 0.2701
vn -0.0612 0.9966 0.0560
vn -0.0085 0.9985 0.0541
vn -0.1026 0.9334 -0.3440
vn 0.0093 0.9428 -0.3333
vn 0.1756 -0.9843 -0.0206
vn -0.0693 -0.8585 -0.5081
vn 0.0693 -0.8585 -0.5081
vn 0.0358 -0.9938 -0.1050
vn 0.2262 -0.9698 0.0908
vn 0.0416 -0.9914 0.1241
vn 0.2025 -0.7127 0.6716
vn -0.0154 -0.7207 0.6931
vn 0.1173 0.4542 -0.8832
vn -0.1517 0.4776 -0.8654
vn 0.0586 0.0520 -0.9969
vn -0.2546 -0.0414 -0.9661
vn 0.0231 -0.4268 -0.9040
vn -0.2334 -0.3335 -0.9134
vn 0.1072 -0.1991 0.9741
vn 0.1406 -0.2557 0.9565
vn 0.1537 -0.2734 0.9495
vn 0.1230 -0.2215 0.9674
vn 0.2450 0.3854 0.8896
vn -0.1538 0.4051 0.9012
vn 0.0342 0.9993 0.0115
vn 0.0539 0.9171 0.3949
vn 0.0112 0.9266 0.3760
vn -0.0018 0.9933 0.1156
vn -0.0545 0.9978 0.0389
vn -0.0916 0.9212 0.3782
vn -0.0038 0.9998 0.0171
vn -0.0295 0.6192 0.7847
vn 0.2622 0.5516 0.7918
vn 0.1119 0.9937 -0.0000
vn 0.0126 0.9996 -0.0254
vn -0.0160 0.9997 0.0170
vn -0.0608 0.9979 0.0206
vn 0.0447 0.9989 0.0111
vn 0.1119 0.9937 -0.0103
vn -0.1395 0.8032 -0.5792
vn -0.0549 0.8411 -0.5381
vn -0.1111 0.9266 -0.3593
vn 0.1719 0.8243 -0.5394
vn 0.1574 0.8628 -0.4805
vn -0.2334 -0.3004 -0.9248
vn -0.2421 -0.9494 -0.1999
vn 0.0382 -0.6642 -0.7466
vn -0.0995 -0.9844 -0.1449
vn -0.2765 -0.4760 -0.8349
vn -0.0106 -0.9801 -0.1982
vn 0.0388 -0.9934 -0.1082
vn -0.0179 -0.9918 0.1267
vn 0.2719 -0.9515 0.1441
vn 0.1953 -0.9348 -0.2966
vn -0.2302 -0.9545 0.1895
vn -0.0361 -0.9980 0.0518
vn -0.0106 -0.9801 0.1982
vn -0.0088 -0.9928 0.1191
vn 0.3040 -0.9488 0.0858
vn -0.1768 -0.8432 0.5076
vn -0.0290 -0.8461 0.5323
vn -0.0391 -0.8382 0.5440
vn 0.0912 -0.8612 0.5000
vn 0.2926 -0.7775 0.5567
vn -0.1063 -0.1616 -0.9811
vn -0.0129 -0.0132 -0.9998
vn -0.3175 0.1416 -0.9376
vn 0.2246 0.4214 -0.8786
vn -0.0691 0.4237 -0.9031
vn -0.0640 -0.3700 -0.9268
vn 0.1745 -0.2707 -0.9467
vn -0.3786 -0.3274 -0.8657
vn 0.1242 0.3099 -0.9426
vn 0.2156 0.3418 -0.9147
vn -0.0808 0.1320 -0.9879
vn 0.2533 -0.2003 -0.9464
vn -0.3697 0.1235 -0.9209
vn 0.1248 -0.4083 -0.9043
vn 0.1522 -0.3466 -0.9256
vn -0.2239 -0.5991 0.7687
vn -0.2718 -0.4881 0.8294
vn 0.0961 -0.4766 0.8739
vn 0.1826 -0.3796 0.9069
vn 0.2142 -0.3376 0.9166
vn -0.1666 -0.2153 0.9622
vn -0.2238 0.3086 0.9245
vn 0.1192 0.2929 0.9487
vn 0.1454 0.0084 0.9893
vn 0.2087 0.0467 0.9769
vn 0.0076 0.4507 0.8926
vn -0.0243 0.7701 0.6375
vn -0.0690 0.7173 0.6933
vn 0.0858 -0.0263 0.9960
vn 0.1724 -0.0023 0.9850
vn 0.3309 -0.9436 0.0117
vn 0.4200 -0.5249 0.7403
vn 0.1913 -0.9603 -0.2031
vn 0.0510 -0.8505 -0.5236
vn 0.2257 -0.2893 -0.9302
vn 0.1226 -0.0492 -0.9912
vn -0.0000 0.2843 -0.9587
vn -0.0811 0.9049 -0.4178
vn 0.0617 0.9936 -0.0943
vn -0.0000 0.9992 0.0409
vn -0.1338 0.9147 0.3813
vn -0.3414 0.3745 0.8621
vn -0.3341 -0.2773 0.9008
vn 0.0641 -0.2524 0.9655
vn 0.0047 0.9628 0.2700
vn -0.0154 -0.7207 0.6930
vn 0.1538 -0.2734 0.9495
vn 0.2450 0.3854 0.8897
vn 0.0922 0.9957 0.0059
vn 0.2662 0.5429 0.7965
vn -0.1017 0.7072 0.6997
vn -0.0055 0.9985 0.0546
vn 0.0830 0.9965 -0.0034
vn 0.0021 0.9993 -0.0369
vn 0.1608 0.8020 -0.5753
vn 0.0279 0.9159 -0.4004
vn 0.1469 -0.8996 -0.4113
vn -0.1000 -0.9900 -0.0996
vn 0.0404 -0.9788 -0.2006
vn -0.0899 -0.9859 0.1414
vn -0.2106 -0.9774 0.0180
vn -0.1342 -0.9855 0.1038
vn -0.1889 -0.7947 0.5768
vn -0.1094 -0.8648 0.4901
vn 0.0477 0.4575 -0.8879
vn 0.0982 0.4924 -0.8648
vn 0.1697 0.0700 -0.9830
vn 0.1476 0.3411 -0.9283
vn 0.2533 -0.2002 -0.9464
vn 0.1850 -0.4182 -0.8893
vn 0.1593 -0.4050 -0.9003
vn -0.1695 0.0355 0.9849
vn 0.0286 -0.3305 0.9434
vn -0.2304 0.4736 0.8501
vn 0.2037 0.0633 0.9770
vn -0.0243 0.7701 0.6374
vn -0.1999 0.0298 0.9794
vn 0.2240 -0.0706 0.9720
vn 0.1724 -0.0024 0.9850
vn 0.3130 -0.3981 -0.8623
vn 0.3785 0.0480 -0.9244
vn 0.2569 0.2993 -0.9189
vn -0.2489 0.0455 0.9675
vn -0.4543 0.2293 0.8608
vn 0.1163 -0.2229 0.9679
vn -0.1431 0.8613 0.4875
vn -0.1386 -0.5699 0.8099
vn -0.0345 0.9982 0.0483
vn -0.0796 -0.9967 0.0131
vn -0.0107 0.9970 -0.0762
vn -0.1126 -0.9551 -0.2740
vn 0.0895 0.9145 -0.3946
vn 0.1218 -0.8856 -0.4483
vn 0.1276 -0.9918 0.0098
vn 0.1551 -0.5756 0.8029
vn 0.0349 -0.9692 -0.2439
vn 0.0714 -0.8677 -0.4919
vn 0.2434 -0.3467 -0.9058
vn 0.2181 -0.0018 -0.9759
vn 0.1023 0.2924 -0.9508
vn -0.0072 0.9107 -0.4130
vn 0.0232 0.9959 -0.0869
vn -0.0148 0.9989 0.0440
vn -0.1218 0.8949 0.4294
vn -0.3673 0.3133 0.8757
vn -0.2673 -0.1262 0.9553
vn 0.1103 -0.2343 0.9659
vn -0.0387 0.9900 0.1359
vn -0.0129 0.9927 0.1199
vn -0.0257 0.9732 0.2285
vn 0.0187 0.9677 0.2515
vn -0.0611 0.9966 0.0561
vn -0.0084 0.9985 0.0542
vn -0.1032 0.9334 -0.3438
vn 0.0087 0.9428 -0.3333
vn 0.1755 -0.9843 -0.0210
vn -0.0703 -0.8585 -0.5080
vn 0.0684 -0.8585 -0.5082
vn 0.0357 -0.9938 -0.1051
vn 0.2264 -0.9698 0.0903
vn 0.0418 -0.9914 0.1240
vn 0.2087 -0.6763 0.7064
vn -0.0112 -0.7102 0.7039
vn 0.1156 0.4542 -0.8834
vn -0.1533 0.4776 -0.8651
vn 0.0568 0.0520 -0.9970
vn -0.2564 -0.0414 -0.9657
vn 0.0214 -0.4268 -0.9041
vn -0.2351 -0.3335 -0.9130
vn -0.2300 -0.7648 0.6018
vn 0.5881 -0.6631 0.4630
vn -0.5026 0.7723 0.3886
vn -0.3508 0.8343 0.4254
vn 0.0191 0.9998 0.0036
vn 0.1394 0.9284 0.3446
vn 0.0119 0.9266 0.3759
vn -0.0016 0.9933 0.1156
vn -0.0544 0.9978 0.0390
vn -0.0909 0.9212 0.3784
vn 0.0922 0.9957 0.0057
vn 0.2677 0.5429 0.7960
vn -0.0783 0.6977 0.7121
vn -0.0030 0.9985 0.0553
vn -0.0280 0.6192 0.7847
vn 0.0055 1.0000 -0.0083
vn -0.0608 0.9979 0.0207
vn 0.0830 0.9965 -0.0036
vn 0.0001 0.9994 -0.0347
vn 0.0447 0.9989 0.0110
vn -0.1484 0.7922 -0.5920
vn -0.0559 0.8411 -0.5379
vn -0.1117 0.9266 -0.3591
vn 0.1598 0.8020 -0.5756
vn 0.0149 0.9182 -0.3958
vn 0.1709 0.8243 -0.5397
vn -0.2351 -0.3004 -0.9244
vn -0.2425 -0.9494 -0.1994
vn -0.0659 -0.6790 -0.7311
vn -0.1885 -0.9692 -0.1585
vn -0.2780 -0.4760 -0.8344
vn -0.0110 -0.9801 -0.1982
vn 0.1293 -0.9039 -0.4076
vn -0.1043 -0.9897 -0.0981
vn 0.0400 -0.9788 -0.2007
vn -0.0896 -0.9859 0.1416
vn 0.2722 -0.9515 0.1436
vn 0.1947 -0.9348 -0.2970
vn -0.2299 -0.9545 0.1899
vn -0.1438 -0.9876 0.0633
vn -0.0103 -0.9801 0.1982
vn -0.2088 -0.9777 0.0218
vn -0.1341 -0.9855 0.1041
vn 0.3042 -0.9488 0.0852
vn -0.1759 -0.8432 0.5080
vn -0.1146 -0.8525 0.5101
vn -0.0328 -0.8362 0.5475
vn -0.1703 -0.7951 0.5820
vn -0.1085 -0.8648 0.4903
vn 0.2714 -0.7735 0.5728
vn -0.1081 -0.1616 -0.9809
vn -0.0180 0.0195 -0.9996
vn -0.3192 0.1416 -0.9370
vn 0.0179 0.4606 -0.8874
vn 0.0966 0.4924 -0.8650
vn 0.2230 0.4214 -0.8790
vn -0.0657 -0.3700 -0.9267
vn 0.2092 -0.3005 -0.9305
vn -0.3802 -0.3274 -0.8650
vn 0.1369 0.0696 -0.9881
vn 0.1459 0.3411 -0.9286
vn 0.1225 0.3099 -0.9428
vn -0.0826 0.1320 -0.9878
vn 0.2154 -0.2015 -0.9555
vn -0.3714 0.1235 -0.9202
vn 0.1564 -0.4219 -0.8931
vn 0.1577 -0.4050 -0.9006
vn 0.1231 -0.4083 -0.9045
vn -0.2734 -0.5815 0.7663
vn -0.2703 -0.4881 0.8299
vn 0.0845 -0.4857 0.8700
vn -0.6741 0.0451 0.7373
vn -0.1455 0.0413 0.9885
vn 0.0303 -0.3305 0.9433
vn 0.1899 -0.3530 0.9162
vn -0.1727 -0.2460 0.9538
vn -0.2221 0.3086 0.9249
vn 0.0992 0.2947 0.9504
vn -0.3016 -0.9505 0.0747
vn -0.0572 -0.7761 0.6280
vn -0.2028 0.4784 0.8544
vn 0.2055 0.0633 0.9766
vn 0.2085 0.0468 0.9769
vn 0.6260 0.4497 0.6371
vn 0.8600 0.3885 0.3308
vn 0.1076 0.4227 0.8999
vn -0.0232 0.7701 0.6375
vn -0.0706 0.7201 0.6902
vn -0.7710 -0.6344 0.0554
vn -0.1718 0.0302 0.9847
vn 0.2258 -0.0706 0.9716
vn 0.1734 -0.0030 0.9848
vn 0.8181 0.4899 0.3012
vn 0.8024 0.4717 0.3655
vn 0.3979 0.8435 0.3608
vn 0.0769 0.9486 0.3069
vn 0.0281 0.9824 -0.1846
vn 0.0210 0.9995 0.0216
vn -0.0131 0.9998 0.0178
vn -0.1680 0.9554 -0.2430
vn -0.0811 -0.9957 0.0449
vn 0.0187 -0.9909 0.1330
vn -0.2805 -0.9599 -0.0018
vn -0.2200 -0.9754 0.0130
vn -0.0770 -0.2878 -0.9546
vn -0.1717 -0.2361 -0.9564
vn -0.3302 0.1122 -0.9372
vn 0.0182 0.2494 -0.9682
vn 0.0927 -0.2256 0.9698
vn 0.3833 -0.2152 0.8982
vn 0.3479 -0.0203 0.9373
vn -0.0245 -0.0111 0.9996
vn -0.0715 0.9955 -0.0629
vn 0.0062 0.9997 0.0216
vn -0.0583 0.9962 0.0647
vn 0.0311 0.9911 -0.1297
vn -0.1061 -0.9900 0.0930
vn -0.0828 -0.9721 -0.2194
vn 0.0885 -0.9924 0.0852
vn -0.0419 -0.9904 -0.1317
vn -0.0014 -0.1379 -0.9904
vn -0.2945 -0.2883 -0.9111
vn -0.1400 0.3945 -0.9081
vn -0.0301 0.5402 -0.8410
vn -0.0124 0.0018 -0.9999
vn -0.0593 -0.4012 0.9141
vn -0.1694 0.1110 0.9793
vn 0.1169 -0.1064 0.9874
vn 0.1193 0.0324 0.9923
vn 0.1897 -0.4123 0.8911
vn -0.1041 -0.7738 -0.6248
vn -0.0658 -0.0672 -0.9956
vn 0.0960 -0.6623 -0.7431
vn 0.0118 0.8341 -0.5515
vn -0.1850 0.7904 -0.5840
vn -0.1946 -0.9668 0.1655
vn -0.2027 -0.8932 0.4013
vn 0.0644 -0.6813 0.7291
vn 0.2550 0.7094 0.6570
vn 0.0327 0.7458 0.6654
vn -0.1943 -0.7302 -0.6550
vn 0.0162 -0.8090 -0.5876
vn -0.1721 -0.3169 -0.9327
vn -0.0070 -0.4854 -0.8743
vn -0.0759 0.7637 -0.6410
vn -0.1311 0.8619 -0.4898
vn 0.2958 0.8452 0.4452
vn 0.4463 0.0337 0.8943
vn 0.0050 0.8769 0.4806
vn -0.1746 0.2897 0.9411
vn 0.1939 -0.7630 0.6167
vn 0.0724 -0.7772 0.6251
vn -0.1689 -0.6085 -0.7753
vn -0.1671 -0.9844 -0.0549
vn -0.0506 -0.9747 0.2179
vn 0.0790 -0.8171 0.5711
vn -0.0831 -0.3703 0.9252
vn -0.0060 0.0546 0.9985
vn -0.1694 0.2495 0.9534
vn -0.0980 0.8863 0.4527
vn -0.0788 0.9938 0.0787
vn -0.0632 0.9972 -0.0400
vn 0.0446 0.8989 -0.4359
vn 0.0599 0.4168 -0.9070
vn 0.3155 -0.2048 -0.9265
vn 0.1153 -0.1880 -0.9754
vn -0.0629 -0.3035 0.9508
vn -0.0875 -0.0106 0.9961
vn -0.1056 0.2916 0.9507
vn -0.0107 -0.1805 -0.9835
vn -0.0531 0.3431 -0.9378
vn -0.0124 -0.1207 -0.9926
vn -0.0848 0.8889 -0.4502
vn 0.0226 -0.5682 -0.8226
vn -0.0858 0.9954 -0.0416
vn 0.0428 -0.9990 -0.0121
vn -0.0899 0.9930 0.0765
vn 0.0416 -0.9601 0.2767
vn -0.1083 0.8861 0.4506
vn 0.0190 -0.8470 0.5312
vn 0.3105 -0.9307 0.1933
vn -0.1709 -0.6919 0.7015
vn -0.1406 -0.7191 0.6806
vn 0.2842 -0.9049 0.3169
vn 0.4181 -0.9027 -0.1016
vn 0.6350 -0.7670 -0.0923
vn 0.7373 -0.4213 -0.5282
vn 0.7032 -0.4248 -0.5701
vn 0.2109 0.7304 -0.6497
vn -0.0630 0.8678 -0.4929
vn 0.4046 0.5429 -0.7359
vn -0.2380 0.8443 -0.4801
vn -0.4182 0.8970 -0.1429
vn -0.2139 0.9312 -0.2951
vn -0.5186 0.8295 0.2076
vn -0.5459 0.8066 0.2266
vn -0.6192 0.2445 0.7462
vn -0.7344 0.3200 0.5985
vn -0.4740 0.0016 0.8805
vn -0.7386 -0.0344 0.6733
vn -0.4394 -0.2260 0.8694
vn -0.6511 -0.1826 0.7367
vn 0.7008 -0.0986 -0.7066
vn 0.5959 -0.0063 -0.8030
vn 0.7064 0.1878 -0.6824
vn 0.5534 0.1980 -0.8090
vn 0.7046 0.2246 -0.6731
vn 0.5465 0.2747 -0.7911
vn 0.3772 -0.9117 0.1629
vn -0.3074 -0.6239 0.7185
vn -0.2080 -0.5825 0.7858
vn 0.3538 -0.8885 0.2921
vn 0.0036 -0.9951 0.0989
vn 0.2724 -0.9620 0.0178
vn -0.6875 -0.6483 0.3271
vn -0.4654 -0.8065 0.3647
vn 0.6489 -0.7514 -0.1199
vn 0.5117 -0.8583 -0.0389
vn 0.3389 -0.9390 0.0587
vn 0.3796 -0.9220 0.0760
vn 0.6516 -0.6282 -0.4252
vn 0.6021 -0.7554 -0.2583
vn 0.7150 -0.6611 -0.2273
vn 0.6776 -0.7045 -0.2110
vn 0.1074 0.4357 -0.8937
vn 0.4351 0.4760 -0.7643
vn -0.3389 0.8678 -0.3635
vn 0.1460 0.7355 -0.6616
vn -0.2213 0.9410 -0.2561
vn 0.2942 0.8319 -0.4706
vn 0.5423 0.7276 -0.4201
vn 0.2127 0.9400 -0.2668
vn -0.4835 0.8732 -0.0614
vn -0.5378 0.8361 -0.1085
vn 0.0388 0.9420 -0.3335
vn -0.0103 0.9748 -0.2230
vn -0.6788 0.6785 0.2809
vn -0.4831 0.8327 0.2708
vn -0.4254 0.9045 -0.0308
vn -0.6013 0.7982 -0.0360
vn -0.5739 0.4556 0.6805
vn -0.6423 0.2618 0.7204
vn -0.8977 0.1728 0.4053
vn -0.9560 0.0768 0.2830
vn -0.5429 0.0848 0.8355
vn -0.6180 -0.1927 0.7621
vn -0.9004 -0.0190 0.4347
vn -0.9442 -0.1280 0.3035
vn -0.5792 -0.2425 0.7783
vn -0.5241 -0.1535 0.8377
vn -0.8868 -0.0685 0.4571
vn -0.9405 -0.1397 0.3096
vn 0.6352 0.0248 -0.7719
vn 0.6289 0.0960 -0.7715
vn 0.8739 -0.2839 -0.3946
vn 0.8551 -0.2256 -0.4667
vn 0.6063 0.2640 -0.7501
vn 0.4517 0.2145 -0.8660
vn 0.8867 -0.0646 -0.4578
vn 0.8930 0.0631 -0.4456
vn 0.5300 0.4441 -0.7224
vn 0.4356 -0.0941 -0.8952
vn 0.8081 0.3902 -0.4413
vn 0.8494 0.1716 -0.4991
vn 0.7577 -0.6296 -0.1720
vn 0.4684 -0.8771 -0.1065
vn 0.0822 -0.9637 0.2539
vn -0.6185 -0.6001 0.5073
vn -0.8132 -0.0392 0.5807
vn -0.8454 -0.0584 0.5309
vn -0.9020 0.1976 0.3839
vn -0.6102 0.7923 0.0027
vn -0.1934 0.9467 -0.2575
vn 0.0054 0.9398 -0.3416
vn 0.4360 0.7566 -0.4874
vn 0.8002 0.2032 -0.5642
vn 0.8668 -0.0218 -0.4981
vn 0.9347 -0.2063 -0.2895
vn -0.1031 -0.5645 0.8189
vn 0.3027 -0.8708 0.3874
vn 0.4803 -0.8770 -0.0124
vn 0.5598 -0.7566 -0.3379
vn 0.2911 -0.0192 -0.9565
vn 0.2274 -0.1288 -0.9652
vn 0.2244 -0.1134 -0.9679
vn 0.0218 0.5610 -0.8276
vn -0.3057 0.9059 -0.2932
vn -0.2251 0.9396 -0.2579
vn -0.6852 0.5256 0.5043
vn -0.6623 0.0824 0.7447
vn -0.5908 -0.0017 0.8068
vn -0.3622 -0.0387 0.9313
vn -0.3109 0.9138 -0.2612
vn -0.5502 0.8198 0.1585
vn -0.2763 0.9500 0.1456
vn -0.6404 0.7498 -0.1662
vn 0.5767 -0.8117 -0.0927
vn 0.5613 -0.8227 -0.0902
vn 0.0505 -0.9877 -0.1480
vn 0.1966 -0.9785 0.0625
vn -0.2161 -0.1173 -0.9693
vn -0.1556 -0.1564 -0.9753
vn -0.2744 0.1201 -0.9541
vn -0.2647 0.2405 -0.9339
vn 0.2524 -0.1013 0.9623
vn 0.3864 -0.1125 0.9155
vn 0.3451 -0.0156 0.9384
vn 0.1179 -0.0325 0.9925
vn -0.1909 0.9816 -0.0073
vn -0.0856 0.9938 0.0712
vn -0.0153 0.9823 0.1867
vn -0.1521 0.9704 -0.1877
vn -0.3880 0.9175 0.0872
vn -0.2893 0.9572 0.0062
vn 0.0261 0.9703 0.2405
vn -0.0179 0.9909 0.1333
vn 0.0479 -0.9764 0.2104
vn -0.0522 -0.9304 -0.3627
vn 0.3650 -0.9287 0.0648
vn -0.0813 -0.9770 -0.1974
vn 0.1490 -0.9887 0.0158
vn 0.2459 -0.9197 0.3061
vn 0.2125 -0.9676 0.1366
vn 0.2639 -0.9456 -0.1905
vn -0.4552 -0.1091 -0.8837
vn -0.2807 -0.1199 -0.9523
vn -0.2394 0.3724 -0.8967
vn -0.5286 0.2769 -0.8024
vn -0.0690 -0.1270 -0.9895
vn -0.0577 -0.0135 -0.9982
vn 0.0632 -0.0003 -0.9980
vn 0.0829 -0.1243 -0.9888
vn -0.2671 -0.0427 -0.9627
vn 0.0543 0.0496 0.9973
vn 0.0621 -0.0316 0.9976
vn -0.1625 0.1682 0.9723
vn 0.0985 0.2102 0.9727
vn 0.5671 -0.1593 0.8081
vn 0.5120 0.0726 0.8559
vn 0.3045 -0.0522 0.9511
vn 0.3803 -0.0075 0.9248
vn 0.3263 -0.1997 0.9239
vn 0.2347 -0.7635 -0.6016
vn -0.2329 -0.0492 -0.9713
vn 0.1121 -0.6521 -0.7498
vn -0.2970 0.6030 -0.7404
vn -0.5044 0.5689 -0.6496
vn 0.4633 -0.8169 0.3435
vn 0.2593 -0.9201 0.2937
vn 0.3917 -0.4645 0.7942
vn 0.0328 0.6949 0.7184
vn -0.2831 0.5698 0.7715
vn -0.4769 -0.6927 -0.5410
vn -0.1362 -0.6577 -0.7409
vn -0.2085 -0.2409 -0.9479
vn -0.4064 -0.2442 -0.8805
vn -0.5370 0.7517 -0.3828
vn -0.2873 0.7214 -0.6301
vn -0.1398 0.1768 -0.9743
vn -0.1576 0.9085 -0.3871
vn -0.0641 0.7015 -0.7098
vn 0.0345 -0.0852 -0.9958
vn 0.2672 -0.6521 -0.7095
vn 0.0348 -0.8810 -0.4718
vn 0.1950 -0.7400 0.6437
vn 0.1107 -0.5015 0.8581
vn 0.1462 -0.2575 0.9552
vn 0.1961 -0.7701 0.6070
vn -0.4529 0.6910 0.5633
vn 0.0593 0.6409 0.7654
vn 0.2630 0.7476 0.6099
vn 0.4668 0.0137 0.8843
vn 0.3148 0.7215 0.6167
vn 0.4811 0.1637 0.8613
vn 0.6685 -0.5442 0.5069
vn 0.2487 -0.6231 0.7416
vn 0.0731 -0.6104 0.7887
vn -0.0356 -0.8877 0.4589
vn -0.0126 -0.9994 -0.0338
vn -0.1772 -0.5987 -0.7811
vn -0.2221 -0.0892 -0.9709
vn -0.1803 -0.0660 -0.9814
vn -0.2214 0.1931 -0.9559
vn -0.1867 0.8030 -0.5660
vn -0.0474 0.9958 -0.0785
vn 0.0449 0.9834 0.1759
vn 0.1755 0.7472 0.6410
vn 0.2324 0.1807 0.9557
vn 0.2003 -0.0190 0.9796
vn 0.1955 -0.1791 0.9642
vn -0.5976 -0.5860 -0.5473
vn -0.0057 -0.9991 -0.0412
vn 0.3733 -0.8909 0.2589
vn 0.5224 -0.4995 0.6911
vn 0.4995 -0.1351 0.8557
vn 0.4276 0.0201 0.9038
vn 0.4157 0.2799 0.8654
vn 0.2509 0.8187 0.5166
vn 0.0446 0.9934 0.1055
vn -0.0852 0.9902 -0.1109
vn -0.3988 0.7196 -0.5685
vn -0.6123 0.1643 -0.7734
vn -0.5435 -0.1330 -0.8288
vn -0.6517 -0.1453 -0.7444
vn 0.1427 0.9526 0.2688
vn -0.0091 0.9989 -0.0463
vn -0.0480 0.9987 -0.0191
vn 0.2382 0.9471 0.2152
vn -0.1831 -0.9831 -0.0044
vn -0.1462 -0.9885 -0.0379
vn 0.2466 -0.9668 -0.0667
vn 0.0791 -0.9781 -0.1924
vn 0.6218 -0.1503 0.7687
vn 0.6281 -0.2065 0.7502
vn 0.6072 0.1062 0.7874
vn 0.5812 0.1707 0.7956
vn -0.5985 -0.1335 -0.7899
vn -0.7298 -0.1347 -0.6703
vn -0.7307 -0.0228 -0.6823
vn -0.5467 -0.0009 -0.8373
vn 0.0701 0.9971 0.0284
vn -0.0562 0.9983 0.0121
vn -0.0561 0.9913 -0.1191
vn 0.1029 0.9680 0.2288
vn 0.0523 0.9964 -0.0672
vn 0.0039 0.9991 0.0415
vn -0.0940 0.9797 -0.1771
vn -0.0191 0.9926 -0.1199
vn -0.0008 -0.9748 -0.2232
vn 0.2921 -0.9318 0.2155
vn -0.0640 -0.9961 -0.0615
vn 0.0862 -0.9803 0.1779
vn -0.1410 -0.9886 0.0534
vn -0.2678 -0.9427 -0.1987
vn -0.2552 -0.9668 -0.0104
vn -0.0491 -0.9840 0.1715
vn 0.5111 -0.0848 0.8553
vn 0.7055 -0.1554 0.6915
vn 0.6239 0.2557 0.7385
vn 0.4719 0.3104 0.8252
vn 0.5406 -0.1495 0.8279
vn 0.5381 -0.0122 0.8428
vn 0.3775 -0.0086 0.9260
vn 0.4028 -0.1699 0.8994
vn 0.6420 -0.0089 0.7667
vn -0.5630 0.0646 -0.8239
vn -0.4972 -0.0276 -0.8672
vn -0.3586 0.2195 -0.9073
vn -0.5656 0.2374 -0.7898
vn -0.6096 -0.1652 -0.7753
vn -0.5538 0.0179 -0.8325
vn -0.6300 -0.0441 -0.7754
vn -0.6572 0.0043 -0.7537
vn -0.6197 -0.2595 -0.7407
vn 0.4127 -0.7975 0.4402
vn 0.6197 -0.0245 0.7845
vn 0.3441 -0.7888 0.5093
vn 0.4367 0.6439 0.6283
vn 0.4328 0.6566 0.6177
vn -0.2352 -0.9076 -0.3479
vn -0.1089 -0.9012 -0.4194
vn -0.5134 -0.5227 -0.6806
vn -0.5344 0.6932 -0.4836
vn -0.3373 0.7137 -0.6139
vn 0.4155 -0.6805 0.6036
vn 0.5228 -0.5850 0.6201
vn 0.6535 -0.1672 0.7382
vn 0.5384 -0.2701 0.7982
vn 0.3745 0.7365 0.5633
vn 0.4350 0.7126 0.5504
vn 0.6102 0.2052 0.7653
vn 0.3455 0.9045 0.2499
vn 0.2119 0.7652 0.6080
vn 0.4597 -0.0542 0.8864
vn 0.2130 -0.6702 0.7110
vn 0.2034 -0.8649 0.4589
vn -0.3833 -0.7899 -0.4787
vn -0.4492 -0.5133 -0.7312
vn -0.6136 -0.3047 -0.7285
vn -0.5157 -0.7850 -0.3433
vn -0.1059 0.8363 -0.5379
vn -0.3928 0.6942 -0.6032
vn -0.5177 0.7840 -0.3426
vn -0.7517 0.0002 -0.6595
vn -0.3742 0.7543 -0.5394
vn -0.5289 0.1940 -0.8262
vn -0.4030 -0.6796 -0.6130
vn -0.4088 -0.6731 -0.6163
vn -0.5309 -0.6158 -0.5822
vn -0.2632 -0.9168 -0.3004
vn 0.0485 -0.9981 0.0382
vn 0.5847 -0.6411 0.4972
vn 0.7278 -0.0970 0.6789
vn 0.6466 -0.1071 0.7552
vn 0.6872 0.2394 0.6859
vn 0.4167 0.8124 0.4078
vn 0.0612 0.9975 0.0348
vn -0.1069 0.9870 -0.1196
vn -0.4394 0.7633 -0.4736
vn -0.6474 0.1847 -0.7395
vn -0.6721 0.0062 -0.7405
vn -0.6500 -0.2356 -0.7225
vn -0.0113 0.9424 0.3342
vn 0.0123 0.9989 -0.0445
vn -0.0444 0.9984 -0.0363
vn 0.1202 0.9368 0.3286
vn -0.1869 -0.9770 -0.1027
vn -0.1312 -0.9847 -0.1145
vn 0.2977 -0.9536 0.0447
vn 0.1942 -0.9687 -0.1545
vn 0.1935 -0.1344 0.9718
vn 0.2080 -0.1835 0.9607
vn 0.1641 0.0995 0.9814
vn 0.1379 0.1569 0.9779
vn -0.1568 -0.1197 -0.9803
vn -0.3432 -0.1204 -0.9315
vn -0.3377 -0.0201 -0.9410
vn -0.0807 0.0012 -0.9967
vn -0.1517 0.9828 0.1057
vn -0.0702 0.9975 -0.0110
vn -0.2471 0.9607 -0.1267
vn -0.0287 0.9591 0.2818
vn 0.0896 0.9953 -0.0372
vn -0.0210 0.9985 0.0513
vn 0.0012 0.9713 -0.2380
vn 0.0210 0.9934 -0.1130
vn 0.1164 -0.9681 -0.2221
vn 0.1744 -0.9245 0.3390
vn -0.0092 -0.9879 -0.1547
vn 0.0986 -0.9818 0.1621
vn -0.0423 -0.9990 -0.0172
vn -0.1658 -0.9319 -0.3225
vn -0.2158 -0.9694 -0.1169
vn -0.1462 -0.9791 0.1417
vn 0.3650 -0.1248 0.9226
vn 0.3141 -0.1406 0.9389
vn 0.1996 0.2397 0.9501
vn 0.5861 0.2850 0.7584
vn -0.0152 -0.1497 0.9886
vn -0.0221 -0.0100 0.9997
vn -0.1176 -0.0051 0.9931
vn -0.0838 -0.1450 0.9859
vn 0.2107 -0.0068 0.9775
vn 0.0428 0.0520 -0.9977
vn -0.0245 -0.0304 -0.9992
vn 0.1308 0.1888 -0.9733
vn 0.0240 0.2110 -0.9772
vn -0.4317 -0.1352 -0.8919
vn -0.3609 0.0263 -0.9322
vn -0.1992 -0.0501 -0.9787
vn -0.2321 0.0032 -0.9727
vn -0.2031 -0.2378 -0.9498
vn 0.1696 -0.8123 0.5580
vn 0.1833 -0.0250 0.9827
vn 0.0620 -0.8074 0.5868
vn 0.0886 0.5999 0.7952
vn 0.0834 0.6143 0.7847
vn -0.0346 -0.8837 -0.4669
vn 0.1310 -0.8966 -0.4231
vn -0.1334 -0.4931 -0.8597
vn -0.2604 0.6850 -0.6804
vn 0.0005 0.7062 -0.7080
vn 0.4122 -0.6848 0.6009
vn 0.1805 -0.5647 0.8053
vn 0.2391 -0.1496 0.9594
vn 0.7068 -0.1809 0.6839
vn -0.0734 0.8265 0.5582
vn 0.1375 0.6679 0.7314
vn 0.0653 0.1729 0.9828
vn 0.1423 0.9178 0.3707
vn -0.1213 0.7531 0.6466
vn -0.0210 -0.0422 0.9989
vn -0.1701 -0.6655 0.7268
vn 0.0621 -0.8950 0.4418
vn -0.1253 -0.7481 -0.6516
vn -0.0458 -0.4836 -0.8741
vn -0.0250 -0.2745 -0.9613
vn -0.2540 -0.6916 -0.6762
vn 0.1852 0.8237 -0.5359
vn 0.0344 0.6363 -0.7707
vn -0.3260 0.7805 -0.5334
vn -0.3666 0.0038 -0.9304
vn -0.3927 0.6847 -0.6139
vn -0.3810 0.1668 -0.9094
vn -0.3026 -0.5990 -0.7414
vn -0.0649 -0.6565 -0.7515
vn 0.4753 -0.5703 0.6700
vn 0.3104 -0.8946 0.3215
vn 0.0661 -0.9966 -0.0493
vn -0.4654 -0.6004 -0.6503
vn -0.5870 -0.0700 -0.8065
vn -0.5006 -0.0933 -0.8606
vn -0.5384 0.2004 -0.8185
vn -0.3830 0.7842 -0.4881
vn -0.1546 0.9875 -0.0312
vn -0.0132 0.9795 0.2012
vn 0.3671 0.6417 0.6734
vn 0.6852 0.1789 0.7061
vn 0.4142 -0.0752 0.9071
vn 0.7091 -0.1822 0.6812
vn -0.4909 -0.8521 0.1817
vn -0.2102 -0.6648 0.7169
vn -0.0064 -0.6255 0.7802
vn -0.4374 -0.8019 0.4069
vn -0.7508 -0.6603 -0.0136
vn -0.5445 -0.8203 -0.1750
vn -0.7883 -0.3702 -0.4915
vn -0.7038 -0.3793 -0.6007
vn -0.0371 0.7048 -0.7084
vn -0.3183 0.5194 -0.7931
vn 0.2053 0.8154 -0.5412
vn 0.4317 0.7960 -0.4244
vn 0.5863 0.7942 -0.1597
vn 0.4627 0.8454 -0.2668
vn 0.6746 0.7227 0.1501
vn 0.6890 0.6952 0.2048
vn 0.6022 0.1973 0.7736
vn 0.7295 0.2355 0.6422
vn 0.3801 0.0218 0.9247
vn 0.6222 -0.0629 0.7804
vn 0.3216 -0.1928 0.9270
vn 0.4529 -0.1971 0.8695
vn -0.6253 -0.0469 -0.7790
vn -0.6581 0.0064 -0.7529
vn -0.5429 0.2738 -0.7939
vn -0.5399 0.2262 -0.8108
vn -0.5138 0.3317 -0.7912
vn -0.4992 0.2678 -0.8241
vn -0.5236 -0.8143 0.2505
vn 0.0897 -0.5200 0.8494
vn 0.2669 -0.6072 0.7484
vn -0.4516 -0.8274 0.3340
vn -0.1714 -0.9730 0.1543
vn 0.1783 -0.7859 0.5921
vn -0.4169 -0.9073 -0.0543
vn 0.0922 -0.8215 0.5627
vn -0.5682 -0.8225 -0.0250
vn -0.7603 -0.6474 -0.0539
vn -0.4890 -0.8705 -0.0563
vn -0.5352 -0.8447 0.0001
vn -0.7412 -0.5631 -0.3654
vn -0.6605 -0.7097 -0.2450
vn -0.3744 -0.6505 -0.6609
vn -0.6144 -0.6329 -0.4710
vn -0.0328 0.4411 -0.8968
vn 0.3778 0.8570 -0.3505
vn -0.3422 0.4493 -0.8253
vn 0.0020 0.6688 -0.7434
vn 0.4908 0.8590 -0.1457
vn 0.0795 0.6824 -0.7267
vn 0.0634 0.7507 -0.6576
vn 0.2472 0.8798 -0.4059
vn 0.5641 0.8225 -0.0726
vn 0.6275 0.7647 -0.1468
vn 0.3639 0.8814 -0.3012
vn 0.4077 0.8843 -0.2276
vn 0.6882 0.6643 0.2916
vn 0.6285 0.7613 0.1593
vn 0.5921 0.8051 0.0345
vn 0.6608 0.6918 0.2910
vn 0.5973 0.4644 0.6539
vn 0.6831 0.2499 0.6862
vn 0.6727 0.1278 0.7288
vn 0.4520 0.0419 0.8910
vn 0.5553 0.1147 0.8237
vn 0.5443 -0.1890 0.8173
vn 0.5648 -0.0438 0.8241
vn 0.3752 -0.1790 0.9095
vn 0.5440 -0.2339 0.8058
vn 0.4554 -0.1314 0.8805
vn 0.5495 -0.1447 0.8228
vn 0.3100 -0.1622 0.9368
vn -0.6188 0.0341 -0.7848
vn -0.5404 0.1071 -0.8346
vn -0.2643 -0.3245 -0.9082
vn -0.5980 -0.1851 -0.7799
vn -0.5492 0.2700 -0.7908
vn -0.3967 0.1754 -0.9010
vn -0.2317 -0.0059 -0.9728
vn -0.5067 0.1103 -0.8551
vn -0.4445 0.4396 -0.7805
vn -0.4152 -0.1499 -0.8973
vn -0.0398 0.4341 -0.9000
vn -0.3754 0.2093 -0.9029
vn -0.4075 -0.5796 -0.7057
vn -0.1559 -0.9860 0.0584
vn -0.1644 -0.8510 0.4988
vn 0.1034 -0.6341 0.7663
vn 0.3722 -0.1011 0.9226
vn 0.2573 -0.0880 0.9623
vn 0.4927 0.1167 0.8624
vn 0.5331 0.6326 0.5618
vn 0.2344 0.9629 0.1337
vn -0.0031 0.9943 -0.1066
vn -0.1589 0.8435 -0.5131
vn -0.1804 0.2168 -0.9594
vn -0.2013 -0.0984 -0.9746
vn -0.3255 -0.0793 -0.9422
vn 0.3246 -0.5846 0.7436
vn -0.3092 -0.9224 0.2313
vn -0.3773 -0.8885 -0.2612
vn -0.6553 -0.5861 -0.4764
vn -0.5455 -0.1299 -0.8280
vn -0.4495 -0.0225 -0.8930
vn -0.5536 0.1648 -0.8163
vn -0.3379 0.7895 -0.5123
vn 0.1385 0.9503 -0.2788
vn 0.1643 0.9860 -0.0299
vn 0.5192 0.8009 0.2982
vn 0.7397 0.2266 0.6336
vn 0.6774 -0.0204 0.7353
vn 0.6028 -0.0555 0.7960
vn 0.1843 0.9469 -0.2633
vn -0.0310 0.9994 0.0184
vn 0.0223 0.9989 0.0423
vn 0.0875 0.9602 -0.2651
vn 0.0391 -0.9795 0.1975
vn 0.0408 -0.9825 0.1818
vn -0.2190 -0.9639 -0.1512
vn -0.2613 -0.9652 0.0116
vn 0.1983 -0.1545 -0.9679
vn 0.5097 -0.1902 -0.8391
vn 0.5849 0.1097 -0.8037
vn 0.2814 0.1599 -0.9462
vn -0.6113 -0.1179 0.7826
vn -0.1639 -0.1310 0.9777
vn -0.1630 0.0654 0.9845
vn -0.6441 0.0176 0.7648
vn -0.0212 0.9985 -0.0505
vn 0.0690 0.9975 0.0134
vn 0.0559 0.9866 0.1531
vn 0.1253 0.9688 -0.2138
vn -0.0114 0.9999 -0.0006
vn 0.1080 0.9826 0.1513
vn -0.1494 0.9671 0.2057
vn -0.0241 0.9854 0.1683
vn -0.1763 -0.9564 0.2328
vn -0.2030 -0.9468 -0.2498
vn 0.0893 -0.9849 0.1485
vn -0.0602 -0.9852 -0.1603
vn 0.1139 -0.9588 0.2601
vn -0.1331 -0.9157 0.3791
vn -0.0561 -0.9227 0.3815
vn 0.2261 -0.9544 0.1948
vn -0.2524 -0.1143 -0.9608
vn 0.0459 -0.1775 -0.9830
vn 0.3090 0.2480 -0.9182
vn -0.0920 0.2940 -0.9514
vn 0.9391 -0.1086 -0.3259
vn 0.9483 -0.0040 -0.3173
vn 0.9625 -0.0278 -0.2699
vn 0.9471 -0.1473 -0.2851
vn 0.5336 -0.0314 -0.8452
vn -0.9021 0.0377 0.4298
vn -0.8183 -0.0139 0.5746
vn -0.8585 0.2207 0.4629
vn -0.8616 0.2059 0.4639
vn 0.3123 -0.1967 0.9294
vn 0.2903 0.0412 0.9560
vn 0.0659 -0.0586 0.9961
vn 0.1088 0.0002 0.9941
vn -0.2576 -0.2385 0.9364
vn 0.0897 -0.9080 -0.4092
vn 0.2481 -0.0521 -0.9673
vn 0.2821 -0.7535 -0.5938
vn 0.2805 0.6382 -0.7170
vn 0.4896 0.7097 -0.5067
vn -0.3109 -0.8865 0.3427
vn -0.3017 -0.8620 0.4074
vn -0.5423 -0.4879 0.6840
vn -0.1489 0.7390 0.6571
vn -0.4813 0.6905 0.5399
vn -0.2168 -0.6986 -0.6819
vn 0.1700 -0.6943 -0.6993
vn 0.1802 -0.1716 -0.9685
vn -0.1842 -0.2612 -0.9476
vn -0.3035 0.8261 -0.4748
vn 0.1961 0.6708 -0.7152
vn 0.8522 0.1606 -0.4979
vn 0.2947 0.9466 -0.1309
vn 0.7040 0.7039 -0.0943
vn 0.9108 -0.0575 -0.4088
vn 0.7741 -0.6331 0.0032
vn 0.4671 -0.8838 0.0282
vn -0.4435 -0.7604 0.4744
vn -0.6995 -0.4841 0.5257
vn -0.8035 -0.3082 0.5094
vn -0.5026 -0.7632 0.4061
vn -0.5065 0.8386 0.2006
vn -0.6545 0.6497 0.3868
vn 0.1766 0.7866 0.5917
vn 0.1955 0.0352 0.9801
vn 0.2398 0.7071 0.6652
vn 0.2904 0.1734 0.9411
vn 0.2908 -0.6391 0.7120
vn -0.0352 -0.6546 0.7552
vn -0.7013 -0.6343 0.3253
vn -0.4258 -0.8976 0.1144
vn 0.0333 -0.9992 -0.0221
vn 0.6500 -0.5898 -0.4792
vn 0.8282 -0.0932 -0.5526
vn 0.8604 -0.0544 -0.5067
vn 0.8162 0.2098 -0.5384
vn 0.4770 0.7951 -0.3746
vn 0.0747 0.9938 -0.0822
vn -0.1218 0.9883 0.0918
vn -0.5104 0.7698 0.3834
vn -0.8071 0.1793 0.5626
vn -0.8476 -0.0333 0.5296
vn -0.8299 -0.1961 0.5223
vn -0.1363 0.9618 0.2375
vn 0.0407 0.9989 -0.0211
vn -0.0134 0.9987 -0.0495
vn -0.0710 0.9604 0.2695
vn -0.0763 -0.9741 -0.2128
vn -0.0915 -0.9802 -0.1754
vn 0.2214 -0.9598 0.1726
vn 0.2502 -0.9682 0.0024
vn -0.0358 -0.1921 0.9807
vn -0.4510 -0.2008 0.8696
vn -0.5061 0.1187 0.8543
vn -0.0536 0.1889 0.9805
vn 0.6081 -0.1324 -0.7828
vn 0.2617 -0.1430 -0.9545
vn 0.2823 0.0770 -0.9562
vn 0.6475 0.0232 -0.7617
vn 0.0178 0.9983 0.0556
vn -0.0517 0.9982 -0.0311
vn -0.0137 0.9901 -0.1398
vn -0.1173 0.9824 0.1457
vn 0.0801 0.9957 0.0467
vn -0.0556 0.9983 0.0175
vn 0.1603 0.9765 -0.1442
vn 0.0914 0.9943 -0.0554
vn 0.2335 -0.9607 -0.1501
vn 0.1368 -0.9508 0.2778
vn -0.0804 -0.9857 -0.1481
vn 0.0351 -0.9881 0.1496
vn -0.0890 -0.9889 -0.1191
vn 0.1147 -0.9439 -0.3095
vn -0.0072 -0.9644 -0.2642
vn -0.2230 -0.9737 -0.0474
vn -0.0595 -0.1502 0.9869
vn 0.0905 -0.2829 0.9549
vn -0.2277 0.2850 0.9311
vn -0.2067 0.3570 0.9109
vn -0.7825 -0.1391 0.6069
vn -0.7992 -0.0134 0.6010
vn -0.8808 -0.0087 0.4735
vn -0.8520 -0.1622 0.4978
vn -0.4635 -0.0090 0.8861
vn 0.7888 0.0519 -0.6125
vn 0.7670 -0.0268 -0.6411
vn 0.8362 0.2170 -0.5036
vn 0.7417 0.2368 -0.6276
vn -0.1086 -0.2294 -0.9673
vn -0.0736 0.0474 -0.9962
vn 0.2581 -0.0714 -0.9635
vn 0.2099 -0.0032 -0.9777
vn 0.3674 -0.2660 -0.8912
vn -0.1257 -0.8908 0.4367
vn -0.2127 -0.0398 0.9763
vn -0.2133 -0.7697 0.6017
vn -0.1460 0.6584 0.7384
vn -0.4387 0.6950 0.5697
vn 0.3090 -0.8930 -0.3271
vn 0.3398 -0.8866 -0.3138
vn 0.5303 -0.5030 -0.6824
vn 0.1908 0.7718 -0.6065
vn 0.4828 0.6758 -0.5569
vn 0.1664 -0.7005 0.6940
vn -0.1718 -0.6873 0.7057
vn -0.0808 -0.2913 0.9532
vn 0.0582 -0.3499 0.9350
vn 0.1648 0.8367 0.5223
vn -0.1545 0.7033 0.6939
vn -0.7130 0.1922 0.6743
vn -0.1927 0.9265 0.3231
vn -0.6223 0.7380 0.2611
vn -0.8290 -0.0419 0.5577
vn -0.7012 -0.6533 0.2855
vn -0.3956 -0.8930 0.2145
vn 0.4056 -0.7826 -0.4723
vn 0.6415 -0.5151 -0.5684
vn 0.6797 -0.3098 -0.6648
vn 0.3817 -0.7874 -0.4840
vn 0.5121 0.8400 -0.1795
vn 0.5854 0.6615 -0.4688
vn 0.0028 0.8062 -0.5917
vn 0.1075 0.0416 -0.9933
vn -0.0929 0.7216 -0.6860
vn -0.0815 0.2097 -0.9744
vn -0.1471 -0.6469 -0.7483
vn 0.2597 -0.6815 -0.6841
vn 0.5687 -0.6198 -0.5409
vn 0.2658 -0.9260 -0.2682
vn -0.0631 -0.9952 0.0742
vn -0.4108 -0.5972 0.6889
vn -0.5099 -0.0889 0.8556
vn -0.5928 -0.0942 0.7998
vn -0.5541 0.2246 0.8016
vn -0.3610 0.7755 0.5180
vn -0.0528 0.9971 0.0551
vn 0.0712 0.9887 -0.1321
vn 0.3742 0.7869 -0.4907
vn 0.6424 0.1935 -0.7416
vn 0.6725 -0.0001 -0.7401
vn 0.6565 -0.2230 -0.7206
vn 0.3199 -0.6149 0.7208
vn 0.0359 -0.9959 0.0828
vn -0.1026 -0.9233 -0.3701
vn -0.2276 -0.6217 -0.7495
vn -0.3613 -0.2198 -0.9062
vn -0.3646 -0.0020 -0.9312
vn -0.3756 0.1927 -0.9065
vn -0.2637 0.7784 -0.5697
vn -0.0846 0.9876 -0.1319
vn 0.0123 0.9974 0.0710
vn 0.1519 0.8012 0.5787
vn 0.2593 0.2468 0.9337
vn 0.1843 -0.1085 0.9769
vn 0.3280 -0.1036 0.9390
vn 0.0999 0.9787 0.1793
vn -0.2447 0.9560 0.1619
vn -0.3666 0.9135 0.1763
vn -0.1222 0.9430 0.3095
vn 0.3734 -0.8698 -0.3224
vn 0.1633 -0.9794 0.1190
vn 0.2387 -0.9333 -0.2681
vn -0.1188 -0.9901 0.0754
vn 0.7262 -0.0733 0.6836
vn 0.8120 0.2340 0.5346
vn 0.8374 -0.1064 0.5361
vn 0.7397 0.2621 0.6198
vn -0.8293 -0.1263 -0.5443
vn -0.8141 -0.0840 -0.5747
vn -0.7450 -0.2080 -0.6338
vn -0.8950 -0.0341 -0.4447
vn -0.1766 0.9615 0.2106
vn -0.2812 0.9589 0.0380
vn -0.0751 0.9972 0.0046
vn 0.1321 0.9835 0.1237
vn -0.0904 0.9875 0.1288
vn -0.1990 0.9749 -0.1003
vn -0.1798 0.9767 0.1173
vn -0.1164 0.9929 -0.0254
vn -0.1261 -0.9908 -0.0490
vn 0.1940 -0.9104 -0.3653
vn 0.2765 -0.9293 0.2449
vn 0.3192 -0.9447 -0.0749
vn 0.0543 -0.9879 -0.1455
vn -0.0622 -0.9683 -0.2418
vn -0.2271 -0.9373 -0.2643
vn 0.2618 -0.9589 -0.1094
vn 0.6129 -0.1037 0.7833
vn 0.6975 0.3194 0.6414
vn 0.6720 -0.1200 0.7308
vn 0.5629 0.3325 0.7567
vn 0.8794 -0.1279 0.4585
vn 0.9436 0.1089 0.3127
vn 0.9087 0.0012 0.4175
vn 0.9634 -0.0348 0.2658
vn 0.8117 0.0763 0.5790
vn -0.9227 0.0490 -0.3824
vn -0.9487 0.2036 -0.2419
vn -0.9261 -0.0285 -0.3762
vn -0.8821 0.2213 -0.4158
vn -0.4683 -0.2153 -0.8569
vn -0.8245 -0.1242 -0.5520
vn -0.6074 0.0234 -0.7940
vn -0.8111 -0.0793 -0.5795
vn -0.7592 -0.2936 -0.5809
vn 0.6176 -0.7329 0.2852
vn 0.7396 0.0394 0.6719
vn 0.5554 -0.7635 0.3295
vn 0.5669 0.6795 0.4658
vn 0.5219 0.6941 0.4959
vn -0.1995 -0.8980 -0.3923
vn -0.1898 -0.9584 -0.2132
vn -0.6371 -0.5280 -0.5614
vn -0.7207 0.6615 -0.2074
vn -0.8239 0.5591 -0.0929
vn 0.5077 -0.7473 0.4288
vn 0.7621 -0.1121 0.6376
vn 0.6837 -0.5592 0.4688
vn 0.6585 -0.2754 0.7004
vn 0.0926 0.7538 0.6506
vn 0.4866 0.7378 0.4678
vn 0.8731 0.2050 0.4423
vn 0.4559 0.8596 0.2307
vn 0.3126 0.9079 0.2792
vn 0.9477 0.0503 0.3152
vn 0.8146 -0.5789 0.0364
vn 0.4315 -0.8947 0.1156
vn -0.5516 -0.7692 -0.3227
vn -0.8458 -0.2774 -0.4557
vn -0.7929 -0.4998 -0.3484
vn -0.4984 -0.7795 -0.3794
vn -0.6865 0.6588 -0.3077
vn -0.5893 0.8078 -0.0147
vn -0.5035 0.7120 -0.4894
vn -0.4918 0.7049 -0.5111
vn -0.7177 -0.0678 -0.6930
vn -0.5893 0.1590 -0.7921
vn -0.1957 -0.6175 -0.7618
vn -0.5566 -0.7099 -0.4315
vn -0.7618 -0.6035 -0.2355
vn -0.4092 -0.9087 -0.0823
vn 0.0277 -0.9970 0.0724
vn 0.6059 -0.6235 0.4942
vn 0.8121 -0.1041 0.5742
vn 0.8720 -0.0856 0.4819
vn 0.8557 0.2086 0.4736
vn 0.5512 0.7984 0.2425
vn 0.0992 0.9936 -0.0535
vn -0.1766 0.9785 -0.1067
vn -0.6516 0.7241 -0.2261
vn -0.9275 0.2041 -0.3131
vn -0.9506 -0.0278 -0.3093
vn -0.9243 -0.1653 -0.3440
vn 0.2800 -0.9513 -0.1286
vn 0.4817 -0.5336 0.6951
vn 0.0909 -0.7995 -0.5938
vn -0.1181 -0.5858 -0.8018
vn -0.3666 -0.2024 -0.9081
vn -0.5012 -0.0138 -0.8652
vn -0.4819 0.2651 -0.8352
vn -0.3937 0.7979 -0.4565
vn -0.1715 0.9846 -0.0328
vn -0.1444 0.9725 0.1827
vn 0.1235 0.7432 0.6575
vn 0.3841 0.2204 0.8966
vn 0.4990 -0.0985 0.8610
vn 0.4648 -0.1289 0.8760
vn -0.2847 0.9552 -0.0810
vn 0.0418 0.9987 0.0278
vn 0.0428 0.9986 -0.0307
vn -0.3259 0.9454 0.0034
vn 0.1455 -0.9817 -0.1229
vn 0.1379 -0.9877 -0.0743
vn -0.0916 -0.9543 0.2846
vn 0.0864 -0.9605 0.2645
vn -0.9838 -0.1481 0.1013
vn -0.9777 -0.1940 -0.0811
vn -0.9798 0.1106 -0.1665
vn -0.9836 0.1797 0.0127
vn 0.9801 -0.1263 0.1530
vn 0.9901 -0.1327 -0.0456
vn 0.9993 -0.0187 -0.0335
vn 0.9757 -0.0010 0.2193
vn -0.0245 0.9914 0.1287
vn 0.0307 0.9995 0.0023
vn 0.1856 0.9823 0.0236
vn -0.2305 0.9731 0.0040
vn 0.0084 0.9961 0.0879
vn -0.0332 0.9990 -0.0312
vn 0.2350 0.9717 -0.0261
vn 0.1193 0.9922 -0.0376
vn 0.1928 -0.9580 0.2124
vn -0.3166 -0.9230 0.2186
vn 0.1548 -0.9830 -0.0990
vn -0.1595 -0.9842 0.0773
vn 0.0287 -0.9956 -0.0888
vn 0.3431 -0.9389 -0.0275
vn 0.1912 -0.9616 -0.1967
vn -0.0869 -0.9825 -0.1647
vn -0.9201 -0.1031 0.3779
vn -0.9540 -0.1684 0.2482
vn -0.9625 0.2600 0.0781
vn -0.9201 0.2824 0.2714
vn -0.9484 -0.1623 -0.2723
vn -0.9504 -0.0131 -0.3107
vn -0.9005 -0.0078 -0.4348
vn -0.9024 -0.1602 -0.4001
vn -0.9965 -0.0081 -0.0831
vn 0.9341 0.0623 0.3515
vn 0.9477 -0.0265 0.3180
vn 0.8764 0.2068 0.4350
vn 0.9179 0.2294 0.3239
vn 0.9019 -0.1830 -0.3913
vn 0.9362 0.0496 -0.3479
vn 0.9970 -0.0336 -0.0698
vn 0.9914 -0.0005 -0.1312
vn 0.9638 -0.2470 0.1001
vn -0.5758 -0.8170 0.0320
vn -0.9964 -0.0396 0.0748
vn -0.5685 -0.8221 -0.0300
vn -0.7753 0.6303 -0.0403
vn -0.7529 0.6382 -0.1610
vn 0.4297 -0.8943 0.1250
vn 0.3556 -0.8977 0.2603
vn 0.8533 -0.5034 0.1357
vn 0.7183 0.6946 -0.0394
vn 0.6813 0.7024 0.2059
vn -0.6223 -0.7067 0.3365
vn -0.7943 -0.6012 0.0871
vn -0.9769 -0.1711 0.1280
vn -0.9104 -0.2639 0.3186
vn -0.4156 0.8156 0.4026
vn -0.7384 0.6688 0.0869
vn -0.9553 0.1837 -0.2316
vn -0.4086 0.9101 -0.0695
vn -0.5677 0.7605 -0.3152
vn -0.9333 -0.0510 -0.3556
vn -0.6410 -0.6629 -0.3868
vn -0.4592 -0.8820 -0.1059
vn 0.6246 -0.7727 0.1131
vn 0.8283 -0.5008 0.2514
vn 0.9200 -0.2827 0.2715
vn 0.7540 -0.6551 -0.0479
vn 0.4510 0.8283 0.3325
vn 0.7458 0.6288 0.2200
vn 0.6357 0.7441 -0.2053
vn 0.9707 -0.0071 -0.2401
vn 0.6511 0.7116 -0.2639
vn 0.9128 0.1669 -0.3727
vn 0.6836 -0.6426 -0.3460
vn 0.7642 -0.6447 0.0202
vn 0.8134 -0.5817 0.0044
vn 0.0887 -0.9843 -0.1524
vn -0.4379 -0.8525 -0.2854
vn -0.7863 -0.5429 -0.2949
vn -0.9872 -0.1349 -0.0857
vn -0.9856 -0.0554 -0.1598
vn -0.9539 0.1415 -0.2645
vn -0.5689 0.7771 -0.2693
vn -0.1191 0.9816 -0.1492
vn 0.1495 0.9840 -0.0966
vn 0.6231 0.7794 -0.0656
vn 0.9874 0.1584 0.0053
vn 0.9963 -0.0610 0.0602
vn 0.9965 -0.0789 0.0289
vn -0.6750 -0.6045 0.4230
vn -0.1075 -0.9938 0.0285
vn 0.4026 -0.8977 -0.1790
vn 0.7954 -0.5209 -0.3097
vn 0.8921 -0.1477 -0.4271
vn 0.9047 0.0321 -0.4248
vn 0.8687 0.2096 -0.4488
vn 0.5532 0.7779 -0.2981
vn 0.1172 0.9905 -0.0715
vn -0.1139 0.9905 0.0766
vn -0.5899 0.7141 0.3768
vn -0.8447 0.1512 0.5135
vn -0.8635 -0.1138 0.4914
vn -0.8257 -0.1082 0.5536
vn -0.3776 0.9259 0.0124
vn 0.0612 0.9981 -0.0094
vn 0.0097 0.9967 -0.0803
vn -0.2581 0.9471 0.1907
vn 0.0282 -0.9822 -0.1856
vn 0.0521 -0.9886 -0.1412
vn 0.1940 -0.8885 0.4158
vn 0.2303 -0.9441 0.2360
vn -0.9072 -0.1563 0.3906
vn -0.8400 -0.2021 0.5035
vn -0.8986 0.1016 0.4268
vn -0.9424 0.1465 0.3007
vn 0.8902 -0.1135 -0.4412
vn 0.6895 -0.1152 -0.7150
vn 0.7065 -0.0092 -0.7076
vn 0.9249 0.0107 -0.3802
vn -0.0936 0.9952 -0.0294
vn -0.0718 0.9862 -0.1489
vn 0.0810 0.9843 -0.1569
vn -0.3480 0.9292 -0.1248
vn 0.0763 0.9951 0.0628
vn -0.0399 0.9991 -0.0131
vn 0.2190 0.9724 -0.0809
vn 0.1260 0.9919 -0.0141
vn 0.2790 -0.9542 0.1083
vn -0.2442 -0.9206 0.3047
vn 0.0110 -0.9723 -0.2333
vn -0.2192 -0.9754 0.0249
vn -0.0127 -0.9995 -0.0298
vn 0.2534 -0.9411 -0.2238
vn 0.0240 -0.9748 -0.2218
vn -0.1874 -0.9787 -0.0836
vn -0.7311 -0.1169 0.6722
vn -0.9039 -0.1640 0.3950
vn -0.9635 0.2239 0.1469
vn -0.8041 0.2932 0.5172
vn -0.9239 -0.1697 0.3429
vn -0.9381 -0.0230 0.3455
vn -0.9879 -0.0174 0.1539
vn -0.9693 -0.1647 0.1826
vn -0.8581 -0.0194 0.5132
vn 0.9549 0.0675 -0.2890
vn 0.9602 -0.0174 -0.2786
vn 0.9689 0.2072 -0.1354
vn 0.9198 0.2317 -0.3167
vn 0.7363 -0.2016 -0.6459
vn 0.7826 0.0500 -0.6205
vn 0.8675 -0.0488 -0.4950
vn 0.7780 -0.0056 -0.6283
vn 0.8336 -0.2253 -0.5043
vn -0.4379 -0.8203 0.3679
vn -0.9220 -0.0483 0.3841
vn -0.5972 -0.7766 0.2004
vn -0.7803 0.5888 0.2107
vn -0.7147 0.6329 0.2975
vn 0.4283 -0.8940 -0.1316
vn 0.4271 -0.9029 0.0488
vn 0.7790 -0.4970 -0.3822
vn 0.5104 0.6681 -0.5414
vn 0.6793 0.6994 -0.2223
vn -0.5512 -0.6955 0.4609
vn -0.7343 -0.6452 0.2109
vn -0.9522 -0.1585 0.2613
vn -0.7518 -0.2689 0.6021
vn -0.3504 0.8436 0.4069
vn -0.7865 0.6104 0.0940
vn -0.8959 0.1744 0.4086
vn -0.3152 0.9094 0.2714
vn -0.6533 0.7549 0.0571
vn -0.9699 -0.0580 0.2363
vn -0.7486 -0.6614 0.0462
vn -0.4117 -0.8806 0.2348
vn 0.5818 -0.7676 -0.2690
vn 0.8287 -0.4926 -0.2658
vn 0.9001 -0.2842 -0.3302
vn 0.5093 -0.7054 -0.4929
vn 0.5681 0.8228 0.0149
vn 0.7139 0.6612 -0.2305
vn 0.3024 0.8045 -0.5113
vn 0.6978 0.0158 -0.7161
vn 0.5160 0.6892 -0.5087
vn 0.7691 0.1687 -0.6165
vn 0.5187 -0.6079 -0.6012
vn 0.7029 -0.6605 -0.2639
vn -0.0725 0.9273 0.3673
vn 0.0102 0.9987 -0.0506
vn -0.0609 0.9981 -0.0131
vn 0.1047 0.9503 0.2931
vn -0.1523 -0.9858 -0.0706
vn -0.1143 -0.9894 -0.0892
vn 0.4161 -0.9010 -0.1226
vn 0.2469 -0.9523 -0.1794
vn 0.1255 -0.1515 0.9805
vn 0.2436 -0.2040 0.9482
vn 0.1588 0.1111 0.9810
vn 0.0412 0.1583 0.9865
vn -0.1720 -0.1310 -0.9763
vn -0.4899 -0.1396 -0.8605
vn -0.4824 -0.0212 -0.8757
vn -0.1134 -0.0035 -0.9935
vn 0.0827 0.9962 0.0283
vn -0.0841 0.9964 0.0102
vn -0.0614 0.9849 -0.1617
vn -0.0696 0.9606 0.2692
vn 0.0716 0.9965 -0.0432
vn -0.0323 0.9983 0.0481
vn -0.0561 0.9742 -0.2184
vn -0.0067 0.9938 -0.1111
vn 0.1700 -0.9473 -0.2715
vn 0.2694 -0.9295 0.2520
vn -0.1521 -0.9868 -0.0562
vn -0.0495 -0.9693 0.2408
vn -0.1405 -0.9901 0.0051
vn -0.1744 -0.9500 -0.2591
vn -0.2272 -0.9660 -0.1234
vn -0.0985 -0.9822 0.1598
vn 0.6241 -0.1207 0.7720
vn 0.3221 -0.1699 0.9313
vn 0.0431 0.2579 0.9652
vn 0.4683 0.3107 0.8271
vn 0.1631 -0.1328 0.9776
vn 0.1461 -0.0130 0.9892
vn -0.0075 -0.0082 0.9999
vn 0.0319 -0.1608 0.9865
vn 0.2481 -0.0088 0.9687
vn -0.1778 0.0544 -0.9826
vn -0.1023 -0.0256 -0.9944
vn 0.0286 0.2135 -0.9765
vn -0.2167 0.2262 -0.9497
vn -0.5539 -0.1462 -0.8197
vn -0.4921 0.0220 -0.8703
vn -0.3023 -0.0609 -0.9513
vn -0.4493 -0.0133 -0.8933
vn -0.2528 -0.2366 -0.9381
vn 0.2173 -0.8142 0.5384
vn 0.1159 -0.0346 0.9927
vn 0.0483 -0.7731 0.6325
vn 0.0015 0.6040 0.7970
vn 0.0942 0.6527 0.7517
vn -0.0170 -0.9037 -0.4278
vn 0.1275 -0.9059 -0.4038
vn -0.1478 -0.5122 -0.8460
vn -0.3738 0.6733 -0.6378
vn -0.0327 0.7048 -0.7086
vn 0.3796 -0.7277 0.5712
vn 0.1675 -0.6700 0.7232
vn 0.1642 -0.1643 0.9726
vn 0.5905 -0.2460 0.7686
vn 0.4728 0.8074 0.3528
vn 0.0851 0.6565 0.7495
vn 0.2697 0.1812 0.9457
vn 0.1923 0.9280 0.3191
vn 0.0234 0.7339 0.6789
vn 0.1261 -0.0547 0.9905
vn -0.0517 -0.6317 0.7735
vn -0.0101 -0.9011 0.4335
vn -0.1596 -0.7815 -0.6032
vn -0.1122 -0.5206 -0.8464
vn -0.2667 -0.2885 -0.9196
vn -0.2554 -0.7829 -0.5674
vn 0.1014 0.8434 -0.5277
vn -0.1529 0.6590 -0.7364
vn -0.4422 0.7878 -0.4288
vn -0.5745 0.0033 -0.8185
vn -0.3965 0.7029 -0.5905
vn -0.4932 0.1717 -0.8528
vn -0.3979 -0.6363 -0.6609
vn -0.1257 -0.6433 -0.7552
vn 0.6688 -0.5832 0.4610
vn 0.4904 -0.8373 0.2417
vn 0.3867 -0.8911 -0.2375
vn -0.3005 -0.5548 -0.7758
vn -0.4949 -0.0800 -0.8653
vn -0.4924 -0.0541 -0.8687
vn -0.5370 0.2298 -0.8117
vn -0.3964 0.8436 -0.3623
vn -0.2364 0.9676 0.0892
vn -0.1586 0.9488 0.2732
vn 0.1646 0.7632 0.6249
vn 0.4931 0.2549 0.8318
vn 0.6030 0.0274 0.7972
vn 0.7875 -0.1710 0.5921
vn -0.1798 0.9187 0.3517
vn 0.0226 0.9989 -0.0418
vn -0.0559 0.9976 -0.0409
vn -0.0013 0.9346 0.3557
vn -0.1118 -0.9797 -0.1664
vn -0.0616 -0.9843 -0.1653
vn 0.4104 -0.9074 0.0903
vn 0.3022 -0.9476 -0.1033
vn -0.1764 -0.1199 0.9770
vn -0.0705 -0.1645 0.9839
vn -0.1425 0.1050 0.9842
vn -0.2494 0.1480 0.9570
vn 0.1321 -0.1181 -0.9842
vn -0.1362 -0.1194 -0.9835
vn -0.1257 -0.0240 -0.9918
vn 0.1868 -0.0092 -0.9824
vn 0.0431 0.9958 0.0810
vn -0.0918 0.9955 -0.0223
vn -0.0915 0.9765 -0.1954
vn -0.1606 0.9514 0.2628
vn 0.1098 0.9938 0.0191
vn -0.0464 0.9981 0.0402
vn -0.0808 0.9688 -0.2342
vn 0.0092 0.9927 -0.1201
vn 0.2584 -0.9422 -0.2134
vn 0.1520 -0.9141 0.3759
vn -0.2817 -0.9514 -0.1246
vn -0.3125 -0.9195 0.2385
vn 0.0329 -0.9975 -0.0618
vn -0.1434 -0.9388 -0.3133
vn -0.1692 -0.8691 -0.4647
vn -0.1131 -0.9847 0.1327
vn 0.3452 -0.1541 0.9258
vn -0.0195 -0.1307 0.9912
vn -0.1108 0.2117 0.9710
vn 0.3906 0.2346 0.8902
vn 0.3437 -0.1210 0.9313
vn 0.3321 -0.0131 0.9431
vn -0.1260 0.0007 0.9920
vn -0.0904 -0.1373 0.9864
vn -0.0727 0.0004 0.9974
vn -0.2541 0.0090 -0.9671
vn -0.1244 -0.0302 -0.9918
vn 0.0826 0.1900 -0.9783
vn -0.3035 0.2018 -0.9312
vn -0.3160 -0.1146 -0.9418
vn -0.2485 0.0037 -0.9686
vn 0.0260 -0.0571 -0.9980
vn -0.0937 -0.0146 -0.9955
vn 0.0694 -0.2144 -0.9743
vn 0.0356 -0.8277 0.5600
vn -0.1892 -0.0232 0.9817
vn -0.1573 -0.7997 0.5795
vn -0.2367 0.5564 0.7965
vn -0.1424 0.5902 0.7946
vn 0.1073 -0.8698 -0.4816
vn 0.2473 -0.9118 -0.3278
vn 0.1209 -0.4739 -0.8722
vn -0.1122 0.6734 -0.7307
vn 0.1741 0.6998 -0.6928
vn 0.0550 -0.7153 0.6966
vn -0.0886 -0.5915 0.8014
vn -0.1445 -0.1300 0.9809
vn 0.4173 -0.1908 0.8885
vn 0.2394 0.8773 0.4160
vn -0.0978 0.6478 0.7555
vn 0.3901 0.1640 0.9060
vn 0.2705 0.8862 0.3762
vn -0.1146 0.7273 0.6767
vn -0.0540 -0.0351 0.9979
vn -0.1580 -0.6006 0.7837
vn 0.2055 -0.8886 0.4101
vn -0.1157 -0.7077 -0.6970
vn -0.1513 -0.4927 -0.8570
vn -0.2511 -0.4213 -0.8715
vn -0.2045 -0.6386 -0.7418
vn 0.2773 0.8696 -0.4085
vn -0.2375 0.6028 -0.7618
vn -0.2419 0.7688 -0.5919
vn -0.2133 -0.0040 -0.9770
vn -0.2348 0.6599 -0.7137
vn -0.2257 0.1297 -0.9655
vn -0.2784 -0.6147 -0.7380
vn 0.1578 -0.6234 -0.7658
vn -0.3305 -0.5248 -0.7845
vn -0.0520 -0.8041 -0.5922
vn 0.1189 -0.9914 0.0553
vn 0.5905 -0.5607 0.5804
vn 0.7148 -0.0542 0.6972
vn 0.6853 -0.0429 0.7270
vn 0.6288 0.1706 0.7586
vn 0.3947 0.7944 0.4617
vn 0.0156 0.9980 0.0608
vn -0.1664 0.9731 -0.1594
vn -0.3044 0.7480 -0.5898
vn -0.3588 0.2032 -0.9110
vn -0.0723 -0.0529 -0.9960
vn -0.2293 -0.1782 -0.9569
vn -0.0386 0.9515 -0.3053
vn -0.0610 0.9600 -0.2734
vn -0.1224 0.8729 -0.4722
vn -0.1654 0.8596 -0.4835
vn 0.0462 0.9847 -0.1682
vn -0.0280 0.9894 -0.1423
vn 0.2696 0.8739 0.4044
vn 0.1415 0.8830 0.4476
vn -0.1972 -0.9661 0.1666
vn 0.2818 -0.7237 0.6300
vn 0.1382 -0.7239 0.6759
vn 0.0206 -0.9734 0.2283
vn -0.3397 -0.9388 -0.0564
vn -0.1276 -0.9742 -0.1860
vn -0.4643 -0.6150 -0.6374
vn -0.2264 -0.6115 -0.7582
vn 0.2215 0.2407 0.9450
vn 0.4152 0.2678 0.8694
vn 0.2762 0.0165 0.9610
vn 0.4928 -0.0491 0.8688
vn 0.2829 -0.2469 0.9268
vn 0.4704 -0.1751 0.8649
vn -0.3854 -0.0796 -0.9193
vn -0.4169 -0.1197 -0.9010
vn -0.4091 -0.1072 -0.9062
vn -0.4049 -0.0700 -0.9117
vn -0.4640 0.4062 -0.7872
vn -0.1577 0.4230 -0.8923
vn -0.0209 0.9997 -0.0131
vn -0.2313 0.8558 -0.4627
vn -0.2101 0.7584 -0.6170
vn -0.0698 0.9676 -0.2425
vn 0.0539 0.9913 -0.1204
vn -0.0629 0.8208 -0.5677
vn -0.1359 0.9907 0.0059
vn -0.4524 0.6051 -0.6551
vn -0.1976 0.7140 -0.6717
vn -0.1276 0.9841 -0.1234
vn -0.0016 0.9985 -0.0552
vn -0.1770 0.6918 -0.7001
vn 0.0456 0.9989 -0.0101
vn 0.0070 0.9975 -0.0709
vn 0.0669 0.9940 -0.0870
vn -0.1203 0.9926 0.0160
vn -0.1479 0.9804 0.1299
vn -0.0678 0.9974 -0.0252
vn 0.3858 0.7702 0.5079
vn 0.2360 0.8103 0.5364
vn 0.2981 0.8475 0.4392
vn 0.0376 0.7444 0.6667
vn 0.0464 0.8017 0.5959
vn 0.0391 0.7834 0.6204
vn 0.4723 -0.2652 0.8406
vn 0.4173 -0.8740 0.2490
vn 0.3625 -0.4438 0.8195
vn 0.2466 -0.9302 0.2720
vn 0.4491 -0.4091 0.7943
vn 0.1166 -0.9321 0.3430
vn 0.0356 -0.8241 0.5653
vn 0.1315 -0.9794 0.1529
vn 0.0412 -0.9665 0.2533
vn 0.0385 -0.9596 -0.2788
vn -0.4289 -0.8945 -0.1260
vn -0.1697 -0.8859 0.4318
vn 0.1945 -0.8921 -0.4078
vn 0.0148 -0.9953 -0.0952
vn -0.0989 -0.9426 -0.3189
vn 0.1686 -0.9849 -0.0398
vn 0.1132 -0.9642 -0.2396
vn -0.4538 -0.8910 -0.0098
vn -0.0634 -0.6049 -0.7937
vn -0.2776 -0.6606 -0.6975
vn -0.2010 -0.6107 -0.7659
vn 0.0280 -0.6974 -0.7161
vn -0.1213 -0.6614 -0.7401
vn -0.5377 -0.5941 -0.5983
vn 0.3781 -0.1054 0.9197
vn 0.4342 -0.0192 0.9006
vn 0.5084 0.0718 0.8581
vn 0.2553 0.2834 0.9244
vn 0.2385 0.2522 0.9378
vn 0.1393 0.1959 0.9707
vn 0.3493 -0.2060 0.9141
vn 0.3173 -0.1517 0.9361
vn 0.5702 -0.1864 0.8001
vn 0.1801 0.0122 0.9836
vn 0.2074 0.1673 0.9638
vn 0.2213 0.1531 0.9631
vn 0.3658 0.0454 0.9296
vn 0.2626 -0.1160 0.9579
vn 0.5663 0.0491 0.8228
vn 0.1357 -0.2255 0.9647
vn 0.1891 -0.2462 0.9506
vn 0.2095 -0.2540 0.9443
vn -0.2093 -0.3192 -0.9243
vn -0.0910 -0.2779 -0.9563
vn -0.3665 -0.2758 -0.8886
vn -0.0685 0.0758 -0.9948
vn -0.3176 -0.1413 -0.9376
vn -0.4565 -0.1617 -0.8749
vn -0.2622 -0.1073 -0.9590
vn -0.1570 0.1983 -0.9675
vn -0.3922 0.1977 -0.8984
vn -0.0967 0.2617 -0.9603
vn -0.4433 0.0497 -0.8950
vn -0.4478 0.0402 -0.8932
vn -0.3794 0.2766 -0.8829
vn -0.2482 0.4932 -0.8338
vn -0.2002 0.4413 -0.8747
vn -0.1050 0.0274 -0.9941
vn -0.4575 -0.0153 -0.8891
vn -0.4429 0.0270 -0.8962
vn 0.2629 -0.2054 0.9427
vn 0.3765 -0.1627 0.9120
vn 0.2793 0.2813 0.9181
vn -0.0419 0.0740 -0.9964
vn -0.1042 0.0127 -0.9945
vn -0.1865 -0.0264 -0.9821
vn -0.1957 0.7308 -0.6539
vn -0.2375 -0.6295 -0.7398
vn -0.1377 0.9905 -0.0008
vn -0.1544 -0.9843 -0.0856
vn -0.1025 0.9604 0.2589
vn 0.0380 -0.9475 0.3175
vn 0.0935 0.7717 0.6291
vn 0.1624 -0.6398 0.7512
vn -0.2927 -0.8782 -0.3783
vn -0.2599 -0.2316 -0.9375
vn 0.0536 -0.9852 0.1628
vn 0.2294 -0.6700 0.7060
vn 0.3518 -0.2086 0.9125
vn 0.3931 -0.1297 0.9103
vn 0.4348 0.0983 0.8951
vn 0.4175 0.7092 0.5681
vn 0.1451 0.9761 0.1616
vn 0.0420 0.9934 -0.1066
vn -0.1685 0.8263 -0.5374
vn -0.2080 0.3440 -0.9157
vn -0.4635 0.1329 -0.8761
vn -0.4655 -0.1395 -0.8740
vn -0.3232 0.9447 0.0549
vn 0.0117 0.9998 0.0132
vn -0.0001 0.9996 -0.0294
vn -0.2987 0.9401 0.1643
vn 0.1079 -0.9761 -0.1888
vn 0.0965 -0.9863 -0.1339
vn -0.0086 -0.9661 0.2579
vn 0.1797 -0.9752 0.1291
vn -0.9147 -0.2100 0.3452
vn -0.8950 -0.2676 0.3569
vn -0.9427 0.0634 0.3274
vn -0.9450 0.1311 0.2995
vn -0.0690 0.9967 0.0436
vn -0.0276 0.9984 -0.0504
vn 0.1185 0.9921 -0.0418
vn -0.2920 0.9564 0.0005
vn 0.0116 0.9998 0.0174
vn -0.0849 0.9941 -0.0671
vn 0.1801 0.9757 -0.1245
vn 0.0617 0.9962 -0.0621
vn 0.2781 -0.9596 0.0437
vn -0.2775 -0.9441 0.1779
vn 0.1828 -0.9784 -0.0967
vn -0.1084 -0.9890 0.1009
vn 0.0134 -0.9791 -0.2030
vn 0.3087 -0.9098 -0.2774
vn 0.1519 -0.9419 -0.2995
vn -0.1390 -0.9799 -0.1434
vn -0.8989 -0.1430 0.4141
vn -0.9038 -0.2191 0.3677
vn -0.9395 0.2141 0.2674
vn -0.8876 0.2773 0.3679
vn -0.9296 -0.1591 0.3325
vn -0.9430 -0.0552 0.3281
vn -0.9730 -0.0584 0.2233
vn -0.9368 -0.2262 0.2668
vn -0.9274 -0.0603 0.3691
vn 0.9522 0.0878 -0.2925
vn 0.6848 0.0143 -0.7286
vn 0.8562 0.2730 0.4386
vn 0.9150 0.2389 -0.3252
vn 0.7805 -0.6251 0.0108
vn 0.1471 0.2602 0.9543
vn 0.9464 -0.1503 -0.2858
vn 0.9650 0.0851 -0.2479
vn 0.9260 -0.0032 -0.3775
vn 0.8681 0.0165 -0.4961
vn 0.3243 -0.6881 -0.6491
vn 0.0384 -0.2409 -0.9698
vn -0.5224 -0.8158 0.2480
vn -0.9372 -0.0774 0.3400
vn -0.5726 -0.8038 0.1611
vn -0.7434 0.6334 0.2150
vn -0.7311 0.6481 0.2131
vn 0.3475 -0.9297 -0.1221
vn 0.4430 -0.8961 0.0283
vn -0.0357 -0.9984 -0.0440
vn 0.3264 -0.9209 0.2131
vn -0.0027 0.9998 -0.0205
vn 0.1463 0.8644 -0.4811
vn -0.5688 -0.7391 0.3608
vn -0.7441 -0.6314 0.2183
vn -0.9298 -0.2271 0.2896
vn -0.8517 -0.3657 0.3754
vn -0.5509 0.7810 0.2941
vn -0.7043 0.6891 0.1709
vn -0.8894 0.1247 0.4399
vn -0.3405 0.9192 0.1977
vn -0.7040 0.6983 0.1291
vn -0.9303 -0.1079 0.3506
vn -0.7550 -0.6508 0.0795
vn -0.3832 -0.9236 0.0049
vn 0.6354 -0.7284 -0.2563
vn 0.8677 -0.3452 -0.3576
vn 0.9026 -0.2185 -0.3708
vn 0.6109 -0.7280 -0.3112
vn 0.4696 0.8793 0.0795
vn 0.7085 0.6527 -0.2685
vn 0.2068 0.9100 0.3593
vn 0.4194 0.8138 -0.4022
vn 0.8099 0.0486 -0.5845
vn 0.6265 0.7467 -0.2237
vn 0.9473 0.1964 -0.2531
vn 0.7259 -0.6098 -0.3182
vn 0.7718 -0.6004 -0.2094
vn 0.0681 0.1138 -0.9912
vn -0.7350 -0.5624 0.3787
vn 0.0435 -0.9942 0.0979
vn 0.4659 -0.8627 -0.1967
vn 0.7546 -0.5990 -0.2679
vn 0.9347 -0.1760 -0.3088
vn 0.9610 0.0301 -0.2750
vn 0.9240 0.2471 -0.2917
vn 0.6141 0.7676 -0.1836
vn 0.1285 0.9915 -0.0206
vn -0.0043 0.9925 0.1221
vn -0.5282 0.7468 0.4041
vn -0.8975 0.1562 0.4124
vn -0.9515 -0.1736 0.2541
vn -0.9140 -0.1949 0.3558
vn 0.0184 0.9992 0.0351
vn -0.0909 0.9913 -0.0955
vn -0.3269 -0.9450 0.0109
vn -0.2039 -0.9481 0.2439
vn 0.2935 -0.0835 0.9523
vn 0.2146 0.3543 0.9102
vn -0.4434 -0.2420 -0.8630
vn -0.3623 0.0289 -0.9316
vn 0.1045 -0.7586 0.6431
vn 0.2693 -0.3653 0.8911
vn 0.2345 0.7524 0.6156
vn -0.3046 0.7630 -0.5701
vn -0.3936 0.2378 -0.8880
vn -0.4323 -0.7290 -0.5307
vn 0.1530 0.9526 0.2629
vn -0.0107 0.9989 -0.0458
vn -0.0489 0.9987 -0.0176
vn 0.2468 0.9468 0.2064
vn -0.1841 -0.9829 0.0012
vn -0.1478 -0.9884 -0.0334
vn 0.2445 -0.9669 -0.0733
vn 0.0730 -0.9781 -0.1947
vn 0.6513 -0.1500 0.7439
vn 0.6569 -0.2061 0.7253
vn 0.6376 0.1062 0.7630
vn 0.6119 0.1706 0.7723
vn -0.6289 -0.1333 -0.7659
vn -0.7547 -0.1343 -0.6421
vn -0.7560 -0.0228 -0.6542
vn -0.5791 -0.0008 -0.8153
vn 0.0632 0.9977 0.0263
vn -0.0563 0.9983 0.0139
vn -0.0764 0.9916 -0.1047
vn 0.1116 0.9681 0.2244
vn 0.0501 0.9964 -0.0681
vn 0.0051 0.9992 0.0408
vn -0.1231 0.9789 -0.1630
vn -0.0397 0.9942 -0.0995
vn -0.0083 -0.9749 -0.2224
vn 0.3000 -0.9315 0.2055
vn -0.1024 -0.9894 -0.1032
vn 0.2044 -0.9743 0.0945
vn -0.1262 -0.9901 0.0612
vn -0.2756 -0.9424 -0.1894
vn -0.2415 -0.9703 -0.0149
vn -0.0432 -0.9841 0.1721
vn 0.6362 -0.0823 0.7671
vn 0.7314 -0.1548 0.6641
vn 0.6523 0.2554 0.7137
vn 0.6036 0.3050 0.7367
vn 0.5446 -0.1460 0.8259
vn 0.5397 -0.0136 0.8418
vn 0.4124 -0.0086 0.9109
vn 0.4370 -0.1699 0.8833
vn 0.6713 -0.0088 0.7411
vn -0.5364 0.0559 -0.8421
vn -0.5307 -0.0275 -0.8471
vn -0.3936 0.2200 -0.8926
vn -0.5635 0.2396 -0.7906
vn -0.5960 -0.2220 -0.7717
vn -0.5752 0.0536 -0.8162
vn -0.6597 -0.0440 -0.7502
vn -0.6852 0.0048 -0.7284
vn -0.6476 -0.2597 -0.7164
vn 0.4294 -0.7976 0.4237
vn 0.6498 -0.0244 0.7597
vn 0.3630 -0.7890 0.4957
vn 0.4611 0.6436 0.6109
vn 0.4570 0.6559 0.6008
vn -0.2495 -0.9071 -0.3390
vn -0.1244 -0.9015 -0.4145
vn -0.5397 -0.5224 -0.6601
vn -0.5524 0.6932 -0.4629
vn -0.3610 0.7137 -0.6002
vn 0.5749 -0.6439 0.5048
vn 0.5462 -0.5840 0.6005
vn 0.6817 -0.1668 0.7123
vn 0.6152 -0.2963 0.7306
vn 0.4464 0.7577 0.4760
vn 0.4564 0.7124 0.5331
vn 0.6036 0.2006 0.7716
vn 0.3191 0.9141 0.2503
vn 0.2347 0.7658 0.5988
vn 0.4942 -0.0541 0.8677
vn 0.2397 -0.6708 0.7019
vn 0.2050 -0.8811 0.4262
vn -0.4019 -0.7897 -0.4635
vn -0.4773 -0.5133 -0.7132
vn -0.5969 -0.2933 -0.7468
vn -0.4538 -0.7896 -0.4130
vn -0.1255 0.8369 -0.5328
vn -0.4129 0.6792 -0.6069
vn -0.5305 0.7834 -0.3238
vn -0.7763 0.0002 -0.6303
vn -0.4191 0.7558 -0.5031
vn -0.5702 0.1886 -0.7995
vn -0.5230 -0.6712 -0.5254
vn -0.4312 -0.6735 -0.6004
vn -0.3507 -0.6193 -0.7025
vn -0.1703 0.9821 -0.0805
vn -0.4644 0.8585 -0.2177
vn -0.4661 0.8352 -0.2917
vn -0.2318 0.9577 0.1703
vn -0.0239 0.9659 0.2578
vn -0.1991 0.9657 0.1665
vn -0.1684 0.9523 0.2546
vn 0.3496 0.7844 0.5123
vn 0.1546 0.9290 0.3363
vn 0.6409 -0.5843 0.4978
vn 0.2135 -0.9706 0.1112
vn 0.3953 -0.9186 0.0021
vn 0.7317 -0.5105 0.4516
vn -0.2170 -0.9438 -0.2493
vn -0.0225 -0.9224 -0.3857
vn -0.6304 -0.5339 -0.5635
vn -0.4948 -0.5319 -0.6872
vn 0.7606 0.3113 0.5697
vn 0.6277 0.2830 0.7252
vn 0.8316 -0.1911 0.5215
vn 0.6824 -0.2210 0.6967
vn 0.7737 -0.3343 0.5381
vn 0.7350 -0.3380 0.5878
vn -0.7148 -0.2726 -0.6440
vn -0.6454 -0.2393 -0.7254
vn -0.8058 -0.1324 -0.5772
vn -0.5882 -0.1120 -0.8009
vn -0.8094 0.2252 -0.5424
vn -0.6120 0.2423 -0.7528
vn -0.8423 0.1470 -0.5186
vn -0.6907 0.7189 -0.0783
vn -0.4384 0.6512 0.6194
vn -0.3252 0.9128 0.2472
vn -0.1007 0.8866 0.4514
vn -0.7404 0.6722 0.0054
vn -0.1159 0.9874 0.1082
vn -0.5655 0.8205 -0.0843
vn -0.2992 0.9309 0.2094
vn -0.0390 0.9992 0.0068
vn -0.5737 0.7827 -0.2414
vn -0.4143 0.8914 -0.1838
vn -0.1065 0.9910 0.0811
vn -0.5445 0.8214 0.1697
vn -0.0012 0.9829 0.1843
vn -0.1915 0.9552 0.2258
vn -0.0342 0.9847 0.1710
vn -0.0804 0.9716 0.2224
vn -0.1043 0.9682 0.2275
vn -0.1593 0.9819 -0.1022
vn -0.1651 0.9859 0.0282
vn -0.1883 0.9769 -0.1011
vn 0.6124 0.7560 0.2313
vn 0.5671 0.8230 0.0329
vn 0.6054 0.5416 0.5832
vn 0.5462 0.6757 0.4951
vn 0.1755 0.8850 0.4313
vn 0.3080 0.6842 0.6611
vn 0.2294 0.8358 0.4988
vn 0.4494 -0.8094 -0.3780
vn 0.8655 -0.4831 -0.1323
vn 0.9613 -0.2695 -0.0581
vn 0.1631 -0.9581 -0.2356
vn 0.4198 -0.8146 -0.4002
vn 0.9125 -0.3803 0.1505
vn 0.4100 -0.8653 -0.2883
vn 0.7756 -0.6041 0.1834
vn -0.1218 -0.8986 0.4215
vn 0.5076 -0.7157 0.4797
vn 0.0949 -0.9935 -0.0625
vn 0.3720 -0.6156 0.6947
vn 0.4765 -0.5281 0.7029
vn 0.0091 -0.9030 0.4295
vn 0.0577 -0.8348 -0.5476
vn -0.0928 -0.9264 -0.3649
vn 0.0559 -0.8259 -0.5611
vn 0.0792 -0.8327 -0.5480
vn 0.0417 -0.9985 -0.0354
vn -0.4415 -0.8925 0.0918
vn -0.4259 -0.8965 0.1221
vn -0.7189 -0.5302 -0.4496
vn -0.5819 -0.7332 -0.3518
vn -0.5552 -0.5317 -0.6396
vn -0.4710 -0.5375 -0.6995
vn -0.3644 -0.8536 -0.3723
vn -0.7562 -0.5013 -0.4205
vn -0.8156 -0.5407 -0.2062
vn 0.9795 0.1642 -0.1167
vn 0.9685 -0.0658 0.2402
vn 0.9246 -0.0267 0.3801
vn 0.9036 0.2295 0.3618
vn 0.6007 0.2793 0.7491
vn 0.5301 0.2199 0.8189
vn 0.5950 0.1562 0.7884
vn 0.9905 -0.1228 -0.0618
vn 0.9546 -0.1798 0.2374
vn 0.9789 0.0020 0.2046
vn 0.9557 -0.0919 0.2795
vn 0.6695 0.0400 0.7417
vn 0.5380 -0.0103 0.8429
vn 0.6822 -0.0081 0.7311
vn 0.9559 -0.2897 -0.0488
vn 0.9910 0.0124 0.1333
vn 0.9523 0.0483 0.3015
vn 0.8769 -0.1803 0.4455
vn 0.6365 -0.2881 0.7155
vn 0.5405 -0.2050 0.8160
vn 0.6959 -0.2381 0.6775
vn -0.9637 -0.1845 -0.1929
vn -0.9738 -0.2270 -0.0155
vn -0.8978 -0.1289 -0.4211
vn -0.7789 -0.1566 -0.6072
vn -0.5705 -0.3138 -0.7590
vn -0.7291 -0.0457 -0.6828
vn -0.9089 -0.1476 -0.3901
vn -0.9982 -0.0053 -0.0590
vn -0.9951 0.0977 0.0135
vn -0.9369 -0.0031 -0.3496
vn -0.7781 -0.0132 -0.6280
vn -0.5189 0.1506 -0.8415
vn -0.8020 0.1249 -0.5841
vn -0.9866 0.0447 -0.1568
vn -0.9510 0.2675 -0.1548
vn -0.9694 0.2166 0.1152
vn -0.9471 0.1198 -0.2976
vn -0.5645 0.2915 -0.7722
vn -0.7946 0.1206 -0.5950
vn -0.9620 0.0978 -0.2550
vn 0.5487 0.8180 0.1723
vn 0.0275 0.9602 0.2781
vn 0.4983 0.8503 0.1692
vn -0.1360 0.9689 0.2070
vn -0.0496 0.9499 0.3085
vn 0.0764 0.9625 0.2604
vn -0.5723 0.8028 0.1676
vn -0.3750 0.9135 0.1579
vn -0.8428 -0.5365 -0.0422
vn -0.2893 -0.9161 -0.2775
vn -0.2915 -0.9546 -0.0618
vn -0.8437 -0.5118 -0.1618
vn 0.2902 -0.9223 -0.2553
vn 0.3159 -0.9487 -0.0101
vn 0.8494 -0.5184 -0.0993
vn 0.8457 -0.5329 0.0279
vn -0.9486 0.3099 -0.0645
vn -0.9544 0.2582 0.1501
vn -0.9709 -0.1926 -0.1421
vn -0.9750 -0.2014 0.0942
vn -0.9412 -0.3212 -0.1049
vn -0.9507 -0.3087 -0.0277
vn 0.9691 -0.2408 0.0542
vn 0.9688 -0.2469 -0.0231
vn 0.9795 -0.1319 0.1521
vn 0.9892 -0.1123 -0.0945
vn 0.9604 0.2006 0.1932
vn 0.9695 0.2400 -0.0507
vn 0.9870 0.1476 0.0636
vn 0.6118 0.7187 0.3303
vn 0.1750 0.7683 0.6157
vn -0.1240 0.9160 0.3816
vn 0.0432 0.9598 0.2774
vn 0.4027 0.8464 0.3485
vn 0.0315 0.9919 0.1228
vn 0.5718 0.8050 0.1581
vn 0.0659 0.9391 0.3372
vn -0.0101 0.9945 -0.1047
vn 0.4190 0.9053 0.0691
vn 0.6611 0.7503 -0.0046
vn 0.0780 0.9959 0.0465
vn 0.3881 0.8169 0.4267
vn -0.0838 0.9869 0.1378
vn 0.0138 0.9138 0.4060
vn 0.0611 0.9218 0.3829
vn -0.0451 0.9779 0.2041
vn -0.1044 0.9706 0.2169
vn 0.1796 0.9767 -0.1172
vn 0.1438 0.9888 0.0405
vn 0.2383 0.9710 0.0171
vn -0.5948 0.7931 -0.1314
vn -0.6809 0.7323 0.0087
vn -0.8208 0.5552 0.1347
vn -0.7409 0.6706 0.0356
vn -0.4238 0.9054 0.0266
vn -0.6718 0.7098 0.2118
vn -0.4561 0.8477 0.2709
vn 0.0219 -0.8199 -0.5721
vn -0.7535 -0.3027 -0.5836
vn -0.6326 -0.5712 -0.5231
vn 0.0717 -0.8991 -0.4319
vn -0.0475 -0.7962 -0.6031
vn -0.8078 -0.3833 -0.4477
vn -0.1595 -0.8591 -0.4863
vn -0.7296 -0.5939 -0.3391
vn -0.2334 -0.9308 0.2812
vn -0.1349 -0.9882 -0.0722
vn -0.5887 -0.8083 0.0044
vn -0.7657 -0.5644 0.3085
vn -0.8064 -0.5002 0.3156
vn -0.2797 -0.8955 0.3461
vn 0.4053 -0.8498 -0.3371
vn 0.3737 -0.7607 -0.5308
vn 0.2949 -0.7330 -0.6130
vn 0.2673 -0.8294 -0.4905
vn -0.1785 -0.9839 0.0122
vn 0.3191 -0.9462 0.0529
vn 0.2220 -0.9196 0.3241
vn 0.7038 -0.7062 -0.0771
vn 0.8464 -0.5075 -0.1613
vn 0.7934 -0.4577 -0.4012
vn 0.7922 -0.5341 -0.2951
vn 0.4956 -0.8683 -0.0216
vn 0.8801 -0.4747 -0.0082
vn 0.7717 -0.5601 0.3013
vn -0.8550 0.2017 -0.4778
vn -0.9832 -0.0656 -0.1706
vn -0.9676 -0.0311 -0.2507
vn -0.9290 0.2287 -0.2908
vn -0.9653 0.2485 0.0798
vn -0.9745 0.0383 0.2211
vn -0.9426 0.1402 0.3030
vn -0.8692 -0.1570 -0.4689
vn -0.9672 -0.1865 -0.1728
vn -0.9038 0.0007 -0.4280
vn -0.9185 -0.0907 -0.3850
vn -0.9836 -0.0237 0.1790
vn -0.9483 -0.2126 0.2357
vn -0.9762 -0.0054 0.2170
vn -0.8660 -0.2968 -0.4024
vn -0.9474 -0.0013 -0.3201
vn -0.9421 0.0540 -0.3309
vn -0.9621 -0.1762 -0.2081
vn -0.9414 -0.2476 0.2290
vn -0.9606 -0.1738 0.2171
vn -0.9626 -0.2089 0.1724
vn 0.9354 -0.2116 0.2834
vn 0.8058 -0.3080 0.5058
vn 0.9901 -0.1301 -0.0531
vn 0.9862 -0.1576 -0.0498
vn 0.9217 -0.2720 -0.2766
vn 0.9908 -0.0362 -0.1301
vn 0.9803 -0.1333 0.1459
vn 0.8813 0.0056 0.4725
vn 0.7964 0.1405 0.5882
vn 0.9991 -0.0106 0.0406
vn 0.9979 -0.0140 -0.0629
vn 0.9348 0.1030 -0.3399
vn 0.9943 0.1051 -0.0179
vn 0.9304 0.0394 0.3645
vn 0.8654 0.3546 0.3541
vn 0.7345 0.3109 0.6033
vn 0.9847 0.1197 0.1267
vn 0.9334 0.2286 -0.2765
vn 0.9948 0.0880 -0.0513
vn 0.9574 0.0865 0.2755
vn -0.0072 -0.9973 -0.0737
vn -0.7446 -0.5737 -0.3412
vn 0.3207 -0.8919 0.3187
vn 0.6558 -0.6636 0.3600
vn 0.8604 -0.2156 0.4617
vn 0.8220 0.0586 0.5665
vn 0.7802 0.2314 0.5812
vn 0.3904 0.8559 0.3392
vn 0.0395 0.9931 0.1104
vn 0.0315 0.9953 -0.0912
vn -0.3377 0.8729 -0.3520
vn -0.7664 0.2474 -0.5929
vn -0.8165 -0.0094 -0.5772
vn -0.8817 -0.1015 -0.4608
vn -0.5365 0.8300 -0.1523
vn -0.0807 0.9584 -0.2737
vn -0.4931 0.8557 -0.1567
vn 0.0896 0.9721 -0.2166
vn -0.0180 0.9513 -0.3078
vn -0.0943 0.9631 -0.2523
vn 0.5151 0.8378 -0.1810
vn 0.3357 0.9269 -0.1676
vn 0.8145 -0.5800 0.0126
vn 0.2862 -0.9209 0.2646
vn 0.2617 -0.9639 0.0484
vn 0.8252 -0.5476 0.1389
vn -0.2192 -0.9379 0.2689
vn -0.2741 -0.9608 0.0405
vn -0.8121 -0.5675 0.1360
vn -0.8182 -0.5749 0.0008
vn 0.9348 0.3531 0.0385
vn 0.9312 0.2967 -0.2119
vn 0.9683 -0.2168 0.1242
vn 0.9617 -0.2281 -0.1522
vn 0.9262 -0.3673 0.0855
vn 0.9345 -0.3559 -0.0020
vn -0.9591 -0.2817 -0.0275
vn -0.9552 -0.2895 0.0618
vn -0.9791 -0.1550 -0.1316
vn -0.9802 -0.1307 0.1485
vn -0.9556 0.2325 -0.1812
vn -0.9554 0.2789 0.0973
vn -0.9550 0.1671 0.2452
vn -0.7022 0.7078 -0.0765
vn -0.2172 0.7420 -0.6342
vn 0.1116 0.9105 -0.3981
vn -0.0631 0.9607 -0.2705
vn -0.4484 0.8271 -0.3390
vn -0.0504 0.9943 -0.0938
vn -0.5067 0.8592 -0.0705
vn -0.1223 0.9413 -0.3145
vn -0.0281 0.9992 -0.0279
vn -0.4307 0.8933 0.1284
vn -0.6001 0.7971 -0.0671
vn 0.0427 0.9950 0.0906
vn -0.3921 0.8197 -0.4175
vn 0.0784 0.9847 -0.1558
vn -0.0412 0.9167 -0.3974
vn -0.0928 0.9276 -0.3619
vn 0.0186 0.9783 -0.2062
vn 0.0049 0.9717 -0.2363
vn -0.1838 0.9830 -0.0006
vn -0.0079 0.9973 0.0729
vn -0.2075 0.9782 -0.0084
vn 0.6065 0.7921 0.0685
vn 0.6926 0.7159 -0.0881
vn 0.7784 0.5835 -0.2315
vn 0.7020 0.7089 -0.0686
vn 0.3563 0.8995 -0.2530
vn 0.6707 0.6729 -0.3118
vn 0.4499 0.8333 -0.3212
vn 0.0002 -0.8360 0.5488
vn 0.8176 -0.3364 0.4672
vn 0.6321 -0.5387 0.5570
vn -0.0585 -0.8712 0.4874
vn 0.1485 -0.8007 0.5803
vn 0.8428 -0.3925 0.3683
vn 0.1829 -0.8695 0.4588
vn 0.7344 -0.6133 0.2908
vn 0.0850 -0.9057 -0.4154
vn 0.1163 -0.9662 0.2302
vn 0.7744 -0.6185 -0.1332
vn 0.6636 -0.6487 -0.3726
vn 0.7558 -0.5393 -0.3714
vn 0.2097 -0.9074 -0.3643
vn -0.3284 -0.8602 0.3902
vn -0.3253 -0.7651 0.5557
vn -0.2186 -0.7402 0.6359
vn -0.1878 -0.8373 0.5135
vn 0.1065 -0.9670 0.2313
vn -0.3259 -0.8957 -0.3026
vn -0.3020 -0.8986 -0.3184
vn -0.6588 -0.7503 0.0549
vn -0.8522 -0.5033 0.1431
vn -0.6439 -0.4628 0.6092
vn -0.7457 -0.5344 0.3979
vn -0.4243 -0.8658 0.2653
vn -0.8456 -0.5338 0.0036
vn -0.8007 -0.5502 -0.2372
vn 0.8964 0.1943 0.3984
vn 0.9977 -0.0592 0.0331
vn 0.9888 -0.0188 0.1481
vn 0.9269 0.2602 0.2706
vn 0.9103 0.2984 -0.2870
vn 0.8764 0.2368 -0.4193
vn 0.9056 0.1665 -0.3901
vn 0.9234 -0.1313 0.3606
vn 0.9820 -0.1863 0.0318
vn 0.9437 0.0021 0.3307
vn 0.9212 -0.1000 0.3759
vn 0.9708 0.0457 -0.2355
vn 0.8798 -0.0140 -0.4751
vn 0.9562 -0.0067 -0.2926
vn 0.8639 -0.3637 0.3485
vn 0.9847 0.0024 0.1741
vn 0.9718 0.0427 0.2318
vn 0.9574 -0.2126 0.1954
vn 0.9242 -0.3031 -0.2322
vn 0.8638 -0.2257 -0.4505
vn 0.9392 -0.2485 -0.2369
vn -0.9224 -0.2049 -0.3275
vn -0.8526 -0.2449 -0.4616
vn -0.9626 -0.1269 0.2396
vn -0.9340 -0.1711 0.3137
vn -0.8595 -0.3152 0.4024
vn -0.9502 -0.0586 0.3059
vn -0.9793 -0.1540 -0.1315
vn -0.8469 0.0050 -0.5317
vn -0.8674 0.1053 -0.4864
vn -0.9880 -0.0165 0.1533
vn -0.9293 -0.0051 0.3692
vn -0.8703 0.1250 0.4763
vn -0.9743 0.1478 0.1699
vn -0.9267 0.0437 -0.3733
vn -0.8482 0.3378 -0.4081
vn -0.7740 0.3235 -0.5443
vn -0.9925 0.1159 0.0390
vn -0.7872 0.3443 0.5117
vn -0.9821 0.1265 0.1397
vn -0.9558 0.0991 -0.2769
vn -0.1594 -0.7763 0.6099
vn -0.3553 -0.6343 0.6866
vn 0.2951 -0.8762 0.3811
vn 0.8095 -0.5548 -0.1919
vn 0.8691 -0.1158 -0.4808
vn 0.8569 -0.0693 -0.5107
vn 0.8190 0.2213 -0.5294
vn 0.4312 0.8369 -0.3373
vn -0.0472 0.9974 -0.0547
vn -0.1625 0.9858 0.0414
vn -0.5104 0.8278 0.2328
vn -0.8094 0.2843 0.5139
vn -0.9207 0.0101 0.3901
vn -0.7103 -0.2555 0.6559
vn -0.5222 0.7597 0.3874
vn -0.3315 0.9394 -0.0877
vn -0.3704 0.8753 0.3109
vn -0.1095 0.9666 -0.2319
vn -0.3244 0.9306 -0.1695
vn -0.2661 0.9591 -0.0965
vn 0.2322 0.7787 -0.5829
vn 0.1076 0.9285 -0.3555
vn 0.5484 -0.5592 -0.6218
vn 0.4300 -0.9011 -0.0555
vn 0.1941 -0.9573 -0.2144
vn 0.6596 -0.5092 -0.5528
vn 0.0622 -0.9213 0.3839
vn -0.1625 -0.9554 0.2465
vn -0.4341 -0.5244 0.7325
vn -0.4574 -0.5533 0.6961
vn 0.6557 0.3027 -0.6917
vn 0.4713 0.2491 -0.8461
vn 0.7325 -0.1878 -0.6544
vn 0.5258 -0.1943 -0.8281
vn 0.6728 -0.3163 -0.6688
vn 0.6418 -0.3028 -0.7046
vn -0.5502 -0.2291 0.8030
vn -0.5773 -0.2460 0.7786
vn -0.6560 -0.1324 0.7431
vn -0.5268 -0.1117 0.8426
vn -0.6769 0.1948 0.7098
vn -0.5595 0.1843 0.8081
vn -0.5125 0.1226 0.8499
vn -0.5496 0.7166 0.4294
vn -0.6199 0.7789 -0.0953
vn -0.2871 0.9180 -0.2734
vn -0.4165 0.8773 -0.2385
vn -0.6943 0.7185 0.0427
vn -0.2767 0.9458 -0.1703
vn -0.6099 0.7765 0.1581
vn -0.3631 0.9285 -0.0771
vn -0.0405 0.9992 0.0035
vn -0.4188 0.8698 0.2607
vn -0.4877 0.7931 0.3649
vn -0.2185 0.9679 -0.1244
vn -0.5736 0.8025 0.1643
vn -0.0622 0.9831 -0.1723
vn -0.3855 0.9110 -0.1466
vn -0.4920 0.8386 -0.2339
vn -0.3167 0.9054 -0.2827
vn -0.1873 0.9690 -0.1610
vn -0.1300 0.9819 0.1376
vn -0.3094 0.9492 -0.0579
vn -0.1607 0.9772 0.1387
vn 0.3802 0.7711 -0.5107
vn 0.1602 0.6744 -0.7208
vn 0.0804 0.4477 -0.8906
vn 0.3378 0.6863 -0.6441
vn 0.0654 0.8857 -0.4595
vn -0.0225 0.6709 -0.7412
vn 0.1280 0.8406 -0.5264
vn 0.3867 -0.9169 0.0991
vn 0.7772 -0.3610 -0.5154
vn 0.7534 -0.5326 -0.3857
vn 0.3570 -0.9007 0.2475
vn 0.4311 -0.8998 0.0671
vn 0.6687 -0.3831 -0.6372
vn 0.5336 -0.8330 0.1460
vn 0.7123 -0.5770 -0.3996
vn -0.2191 -0.8984 -0.3806
vn 0.1600 -0.9857 0.0534
vn 0.3815 -0.7171 -0.5832
vn 0.1928 -0.6169 -0.7631
vn 0.2989 -0.5155 -0.8031
vn -0.1246 -0.8882 -0.4422
vn 0.0982 -0.8361 0.5397
vn 0.0838 -0.8931 0.4419
vn 0.1955 -0.8727 0.4474
vn 0.2986 -0.8192 0.4896
vn 0.1788 -0.9832 0.0375
vn -0.4481 -0.8939 0.0120
vn -0.4617 -0.8868 -0.0217
vn -0.2473 -0.6740 0.6961
vn -0.5696 -0.5259 0.6316
vn -0.2329 -0.5493 0.8025
vn -0.2016 -0.5233 0.8279
vn -0.2102 -0.8090 0.5489
vn -0.6507 -0.5059 0.5663
vn -0.6869 -0.4972 0.5301
vn 0.7889 0.1735 -0.5896
vn 0.5009 -0.0503 -0.8640
vn 0.5949 -0.0245 -0.8034
vn 0.7697 0.2367 -0.5929
vn 0.4019 0.2838 -0.8706
vn 0.1968 0.2272 -0.9537
vn 0.3734 0.1588 -0.9140
vn 0.7882 -0.1402 -0.5993
vn 0.5207 -0.1503 -0.8404
vn 0.7476 -0.0016 -0.6641
vn 0.8571 -0.0827 -0.5084
vn 0.4716 0.0423 -0.8808
vn 0.2237 -0.0115 -0.9746
vn 0.4733 -0.0047 -0.8809
vn 0.7340 -0.2602 -0.6274
vn 0.6482 0.0013 -0.7615
vn 0.6912 0.0338 -0.7218
vn 0.7254 -0.1831 -0.6635
vn 0.4459 -0.2886 -0.8473
vn 0.2927 -0.1591 -0.9429
vn 0.5247 -0.2456 -0.8151
vn -0.8748 -0.1716 0.4530
vn -0.7975 -0.2695 0.5398
vn -0.6556 -0.1191 0.7456
vn -0.4630 -0.1552 0.8727
vn -0.4214 -0.3282 0.8454
vn -0.5445 -0.0481 0.8374
vn -0.6986 -0.1304 0.7035
vn -0.9576 0.0050 0.2881
vn -0.8583 0.1261 0.4973
vn -0.7218 -0.0127 0.6920
vn -0.4376 -0.0094 0.8991
vn -0.3601 0.1810 0.9152
vn -0.6401 0.1240 0.7582
vn -0.8525 0.0436 0.5209
vn -0.8925 0.2954 0.3409
vn -0.8482 0.2768 0.4516
vn -0.7825 0.1060 0.6135
vn -0.4563 0.2761 0.8459
vn -0.6300 0.1197 0.7673
vn -0.7998 0.0855 0.5942
vn -0.5897 0.7716 -0.2387
vn -0.5271 0.8109 -0.2543
vn -0.4117 0.8667 0.2817
vn -0.1835 0.9249 0.3331
vn -0.3366 0.9237 0.1831
vn -0.3999 0.8582 0.3219
vn 0.0297 0.7334 0.6791
vn 0.0543 0.8987 0.4353
vn 0.6330 -0.5200 0.5735
vn 0.4106 -0.9107 0.0446
vn 0.5644 -0.8175 -0.1144
vn 0.7415 -0.4682 0.4806
vn 0.0657 -0.8979 -0.4353
vn 0.2148 -0.8113 -0.5438
vn -0.3546 -0.5237 -0.7746
vn -0.2964 -0.4803 -0.8255
vn 0.5254 0.3297 0.7844
vn 0.4466 0.2363 0.8629
vn 0.7228 -0.1518 0.6742
vn 0.5632 -0.2231 0.7956
vn 0.7054 -0.2875 0.6479
vn 0.6438 -0.2880 0.7089
vn -0.5293 -0.2526 -0.8100
vn -0.4792 -0.2458 -0.8426
vn -0.6763 -0.1803 -0.7143
vn -0.4585 -0.0992 -0.8831
vn -0.7876 0.1318 -0.6020
vn -0.5568 0.2441 -0.7940
vn -0.4625 0.1310 -0.8769
vn -0.6351 0.6389 -0.4341
vn -0.5946 0.7049 0.3868
vn -0.4074 0.8523 0.3281
vn -0.3411 0.8292 0.4427
vn -0.4728 0.8671 0.1567
vn -0.3111 0.9093 0.2765
vn -0.5730 0.7831 -0.2417
vn -0.4782 0.8465 0.2339
vn -0.3126 0.9470 0.0738
vn -0.5948 0.7037 -0.3887
vn -0.5583 0.7272 -0.3993
vn -0.1997 0.9782 0.0570
vn -0.5725 0.8186 -0.0458
vn -0.1839 0.9461 0.2665
vn -0.4392 0.8203 0.3665
vn -0.3879 0.8532 0.3486
vn -0.3198 0.8776 0.3570
vn -0.3480 0.8848 0.3098
vn -0.3812 0.9240 -0.0307
vn -0.1358 0.9861 0.0959
vn -0.2928 0.9479 -0.1254
vn 0.3469 0.5690 0.7456
vn 0.4644 0.7416 0.4842
vn 0.1857 0.4572 0.8697
vn 0.2333 0.6480 0.7250
vn -0.1492 0.8158 0.5588
vn 0.1792 0.6384 0.7485
vn 0.0143 0.8494 0.5276
vn 0.5667 -0.6594 -0.4940
vn 0.9111 -0.3959 -0.1146
vn 0.9475 -0.2072 0.2436
vn 0.3237 -0.7319 -0.5997
vn 0.5871 -0.6605 -0.4680
vn 0.9056 -0.3302 0.2662
vn 0.5931 -0.7370 -0.3242
vn 0.8023 -0.5146 0.3025
vn 0.1135 -0.9535 0.2792
vn 0.3822 -0.7596 0.5263
vn 0.1317 -0.9913 0.0061
vn 0.5048 -0.5866 0.6333
vn 0.4797 -0.5429 0.6893
vn 0.1606 -0.9536 0.2548
vn 0.2145 -0.6061 -0.7659
vn 0.0454 -0.7435 -0.6671
vn 0.3128 -0.5616 -0.7660
vn 0.3524 -0.6597 -0.6638
vn 0.1822 -0.9828 0.0316
vn -0.1768 -0.9764 -0.1238
vn -0.1995 -0.9508 -0.2369
vn -0.3611 -0.4685 -0.8063
vn -0.3532 -0.6485 -0.6743
vn -0.0668 -0.2679 -0.9611
vn -0.1146 -0.3838 -0.9163
vn -0.1501 -0.8273 -0.5413
vn -0.4882 -0.6087 -0.6254
vn -0.5753 -0.5294 -0.6235
vn 0.9369 0.1347 0.3227
vn 0.7325 -0.1343 0.6674
vn 0.7082 -0.0118 0.7059
vn 0.6807 0.2963 0.6700
vn 0.3674 0.2190 0.9039
vn 0.4190 0.2112 0.8831
vn 0.3537 0.0815 0.9318
vn 0.9527 -0.0999 0.2871
vn 0.7736 -0.1741 0.6093
vn 0.8424 0.0367 0.5375
vn 0.8464 -0.0217 0.5321
vn 0.4504 0.1327 0.8829
vn 0.3523 -0.0105 0.9358
vn 0.4650 -0.0375 0.8845
vn 0.9384 -0.2863 0.1936
vn 0.8445 0.0096 0.5355
vn 0.8002 0.0586 0.5969
vn 0.7812 -0.1603 0.6033
vn 0.5577 -0.1870 0.8087
vn 0.4082 -0.1707 0.8968
vn 0.6075 -0.2263 0.7614
vn -0.7542 -0.2052 -0.6238
vn -0.8847 -0.1691 -0.4344
vn -0.4352 -0.0530 -0.8988
vn -0.3552 -0.0749 -0.9318
vn -0.4783 -0.3742 -0.7945
vn -0.4790 -0.1232 -0.8691
vn -0.6561 -0.1838 -0.7320
vn -0.8699 0.0196 -0.4929
vn -0.9258 0.1166 -0.3595
vn -0.5387 0.0100 -0.8424
vn -0.3273 0.0772 -0.9418
vn -0.4927 0.0795 -0.8666
vn -0.5876 0.1165 -0.8007
vn -0.8207 -0.0054 -0.5714
vn -0.7478 0.4751 -0.4637
vn -0.9245 0.3485 -0.1544
vn -0.6252 0.0992 -0.7741
vn -0.4456 0.2720 -0.8529
vn -0.6326 0.0786 -0.7705
vn -0.8285 0.0425 -0.5584
vn 0.3844 -0.8146 -0.4344
vn 0.6950 -0.6943 -0.1867
vn 0.0164 -0.9524 -0.3045
vn -0.6746 -0.5360 -0.5077
vn -0.9074 -0.2682 -0.3235
vn -0.9677 -0.1113 -0.2262
vn -0.9912 0.1057 -0.0797
vn -0.8223 0.5687 -0.0183
vn 0.2140 0.9476 0.2370
vn 0.2852 0.8308 0.4779
vn 0.6068 0.6701 0.4276
vn 0.9402 0.2134 0.2654
vn 0.8943 0.2839 0.3459
vn 0.9814 0.0245 0.1905
vn 0.2818 0.7847 0.5521
vn -0.2362 0.8771 0.4183
vn 0.2354 0.7975 0.5555
vn -0.3641 0.8933 0.2634
vn -0.2762 0.8684 0.4119
vn -0.2285 0.8708 0.4354
vn -0.6589 0.7518 0.0248
vn -0.4206 0.9039 0.0772
vn -0.5423 -0.5280 -0.6535
vn 0.0694 -0.8311 -0.5518
vn -0.0353 -0.9187 -0.3933
vn -0.5282 -0.4928 -0.6914
vn 0.5033 -0.8259 -0.2541
vn 0.3843 -0.9227 -0.0306
vn 0.8378 -0.4959 0.2283
vn 0.7171 -0.5632 0.4106
vn -0.8190 0.3417 -0.4610
vn -0.8782 0.2457 -0.4103
vn -0.7225 -0.1716 -0.6698
vn -0.8097 -0.2108 -0.5477
vn -0.6906 -0.3159 -0.6506
vn -0.6837 -0.2891 -0.6701
vn 0.7674 -0.3067 0.5631
vn 0.8764 -0.2535 0.4094
vn 0.7143 -0.2095 0.6677
vn 0.9169 -0.0978 0.3869
vn 0.6214 0.1348 0.7718
vn 0.8278 0.2700 0.4917
vn 0.9078 0.1500 0.3918
vn 0.4887 0.6485 0.5836
vn -0.2309 0.7279 0.6457
vn -0.4148 0.8218 0.3907
vn -0.3726 0.8027 0.4656
vn 0.0804 0.7438 0.6636
vn -0.2545 0.8773 0.4069
vn 0.3357 0.7910 0.5114
vn -0.1888 0.8579 0.4778
vn -0.0243 0.9783 0.2058
vn 0.4616 0.7141 0.5263
vn 0.3986 0.7524 0.5244
vn -0.0670 0.9776 0.1993
vn -0.0219 0.7284 0.6849
vn -0.3115 0.9317 0.1868
vn -0.3677 0.7985 0.4766
vn -0.4240 0.7818 0.4572
vn -0.3791 0.8598 0.3420
vn -0.2683 0.8937 0.3596
vn 0.0876 0.9587 0.2706
vn -0.1323 0.9860 0.1020
vn 0.0945 0.9451 0.3129
vn -0.6849 0.6925 -0.2265
vn -0.8852 0.4502 -0.1173
vn -0.8849 0.4567 -0.0916
vn -0.7242 0.6677 -0.1725
vn -0.5377 0.8274 0.1620
vn -0.7854 0.6155 -0.0660
vn -0.6778 0.7347 0.0273
vn 0.5863 -0.6048 -0.5389
vn -0.1108 -0.3992 -0.9102
vn -0.2201 -0.5260 -0.8215
vn 0.4717 -0.7663 -0.4362
vn 0.5909 -0.5949 -0.5449
vn -0.2628 -0.3405 -0.9028
vn 0.3210 -0.7276 -0.6063
vn -0.3594 -0.5375 -0.7628
vn -0.2644 -0.9600 -0.0924
vn 0.0265 -0.9807 -0.1937
vn -0.5906 -0.7354 -0.3322
vn -0.6840 -0.6056 -0.4067
vn -0.6734 -0.5319 -0.5134
vn -0.2369 -0.9532 -0.1881
vn 0.6810 -0.7122 -0.1703
vn 0.7466 -0.5575 -0.3630
vn 0.7606 -0.4869 -0.4295
vn 0.6232 -0.6384 -0.4516
vn 0.0190 -0.9935 -0.1124
vn 0.1539 -0.9792 0.1321
vn 0.1818 -0.9650 0.1891
vn 0.8073 -0.5745 0.1348
vn 0.8886 -0.4533 0.0696
vn 0.9404 -0.2437 -0.2371
vn 0.9174 -0.3957 0.0425
vn 0.4845 -0.8605 0.1572
vn 0.6520 -0.6485 0.3928
vn 0.5294 -0.5990 0.6008
vn -0.6320 0.1174 -0.7660
vn -0.8488 -0.1941 -0.4917
vn -0.7767 -0.0330 -0.6290
vn -0.7152 0.3058 -0.6284
vn -0.9240 0.2480 -0.2911
vn -0.9522 0.2016 -0.2297
vn -0.9448 0.0327 -0.3261
vn -0.5663 -0.1739 -0.8056
vn -0.8034 -0.2450 -0.5427
vn -0.6191 0.0198 -0.7850
vn -0.5880 -0.0358 -0.8081
vn -0.9221 0.1602 -0.3523
vn -0.9814 0.0039 -0.1919
vn -0.8958 0.0114 -0.4442
vn -0.5554 -0.2974 -0.7766
vn -0.7497 -0.0584 -0.6591
vn -0.6773 0.0436 -0.7344
vn -0.6527 -0.1842 -0.7349
vn -0.8744 -0.1736 -0.4530
vn -0.9601 -0.2010 -0.1946
vn -0.7722 -0.1873 -0.6072
vn 0.7564 -0.2218 0.6154
vn 0.6095 -0.3295 0.7211
vn 0.9690 -0.0207 0.2461
vn 0.9578 -0.0679 0.2795
vn 0.8717 -0.3652 0.3268
vn 0.8989 -0.1542 0.4103
vn 0.6721 -0.2592 0.6936
vn 0.5977 -0.0468 0.8004
vn 0.5137 0.0931 0.8529
vn 0.9204 0.0301 0.3897
vn 0.9638 0.0932 0.2500
vn 0.9154 0.0583 0.3983
vn 0.8405 0.0870 0.5348
vn 0.5417 -0.0471 0.8392
vn 0.5776 0.3575 0.7338
vn 0.3003 0.4052 0.8635
vn 0.8951 0.1053 0.4332
vn 0.9040 0.2712 0.3306
vn 0.8273 0.0784 0.5563
vn 0.5438 -0.0269 0.8388
vn 0.6153 0.7498 -0.2432
vn 0.5727 0.7533 -0.3235
vn 0.1624 0.8704 -0.4647
vn -0.0646 0.9013 -0.4284
vn 0.1716 0.8699 -0.4624
vn 0.1062 0.8696 -0.4822
vn -0.5136 0.7323 -0.4472
vn -0.3061 0.8645 -0.3987
vn -0.8787 -0.4622 0.1194
vn -0.3563 -0.8969 0.2618
vn -0.3966 -0.7732 0.4948
vn -0.8854 -0.4178 0.2035
vn 0.2989 -0.9144 0.2729
vn 0.2077 -0.7980 0.5657
vn 0.8458 -0.5109 0.1537
vn 0.8075 -0.4604 0.3687
vn -0.9473 0.2847 -0.1469
vn -0.9452 0.2207 -0.2406
vn -0.9887 -0.1376 0.0589
vn -0.9805 -0.1722 -0.0951
vn -0.9671 -0.2470 0.0605
vn -0.9703 -0.2371 0.0473
vn 0.9674 -0.2453 0.0633
vn 0.9562 -0.2035 0.2105
vn 0.9824 -0.1795 0.0520
vn 0.9587 -0.0730 0.2750
vn 0.9828 0.1586 -0.0943
vn 0.9614 0.2238 0.1602
vn 0.9890 0.1396 -0.0484
vn 0.5452 0.5017 -0.6716
vn 0.3054 0.5720 -0.7613
vn 0.0999 0.7805 -0.6171
vn -0.1079 0.8071 -0.5804
vn 0.6208 0.6484 -0.4407
vn 0.0755 0.8403 -0.5368
vn 0.6828 0.6401 -0.3523
vn 0.2818 0.7208 -0.6333
vn 0.1414 0.9648 -0.2216
vn 0.6250 0.7527 -0.2068
vn 0.5974 0.8014 -0.0287
vn 0.0687 0.9741 -0.2155
vn 0.3759 0.7565 -0.5352
vn -0.1102 0.9021 -0.4172
vn -0.0264 0.8399 -0.5421
vn -0.1080 0.8533 -0.5101
vn -0.0230 0.8453 -0.5338
vn 0.0183 0.8160 -0.5778
vn 0.2593 0.9403 -0.2205
vn -0.1631 0.9671 -0.1953
vn 0.3087 0.9064 -0.2884
vn -0.7337 0.6120 -0.2951
vn -0.6818 0.7285 -0.0662
vn -0.6569 0.5846 -0.4762
vn -0.7629 0.6051 -0.2277
vn -0.3723 0.8195 -0.4357
vn -0.6752 0.6800 -0.2858
vn -0.4060 0.8106 -0.4220
vn -0.0479 -0.5751 0.8167
vn -0.6489 -0.5725 0.5012
vn -0.8082 -0.1967 0.5551
vn 0.0672 -0.7465 0.6620
vn -0.0790 -0.6912 0.7183
vn -0.7841 -0.3747 0.4947
vn -0.2813 -0.6887 0.6682
vn -0.8157 -0.4500 0.3634
vn -0.2819 -0.9551 -0.0916
vn -0.6465 -0.7628 0.0164
vn -0.0782 -0.9916 0.1033
vn -0.8283 -0.5551 -0.0761
vn -0.8720 -0.4852 -0.0654
vn -0.3464 -0.9377 -0.0287
vn 0.3383 -0.5496 0.7639
vn 0.4471 -0.7849 0.4289
vn 0.3358 -0.6274 0.7026
vn 0.1677 -0.6588 0.7334
vn -0.1457 -0.9820 0.1199
vn 0.2836 -0.9587 -0.0223
vn 0.3111 -0.9501 -0.0233
vn 0.8046 -0.3639 0.4693
vn 0.7452 -0.5623 0.3585
vn 0.8904 -0.3612 0.2770
vn 0.7555 -0.4423 0.4833
vn 0.5148 -0.8151 0.2659
vn 0.8120 -0.5793 0.0717
vn 0.8447 -0.5308 -0.0693
vn -0.9241 0.1633 0.3454
vn -0.9955 -0.0899 -0.0283
vn -0.9972 0.0150 0.0728
vn -0.9639 0.2628 0.0420
vn -0.9265 0.2274 -0.2998
vn -0.9535 0.2330 -0.1911
vn -0.9596 0.1041 -0.2613
vn -0.8993 -0.1860 0.3959
vn -0.9887 -0.1480 -0.0237
vn -0.9683 0.1003 0.2288
vn -0.9718 -0.0113 0.2353
vn -0.9756 0.0507 -0.2135
vn -0.9701 0.0195 -0.2420
vn -0.9878 -0.0024 -0.1554
vn -0.9862 0.0535 0.1564
vn -0.9812 0.0773 0.1767
vn -0.9745 -0.1429 0.1730
vn -0.9704 -0.2098 -0.1197
vn -0.9798 -0.0919 -0.1778
vn -0.9872 -0.1552 -0.0363
vn 0.9881 -0.1441 0.0543
vn 0.9280 -0.3217 -0.1879
vn 0.9916 -0.1216 0.0441
vn 0.9911 -0.1236 0.0494
vn 0.9024 -0.3676 0.2246
vn 0.9224 -0.3412 0.1812
vn 0.9536 -0.3005 0.0212
vn 0.9938 0.0111 -0.1105
vn 0.8926 -0.0045 -0.4509
vn 0.9968 -0.0790 -0.0113
vn 0.9953 0.0063 0.0966
vn 0.9802 -0.1271 0.1515
vn 0.9990 -0.0017 0.0438
vn 0.9933 -0.1138 -0.0198
vn 0.9146 0.3270 -0.2378
vn 0.7664 0.2104 -0.6069
vn 0.9877 0.0552 -0.1459
vn 0.9461 0.2746 0.1720
vn 0.9197 0.3893 -0.0504
vn 0.9548 0.2004 -0.2196
vn 0.4592 0.8868 0.0526
vn 0.0334 0.9888 0.1456
vn -0.0586 0.9837 0.1703
vn 0.5160 0.7993 0.3080
vn -0.1049 0.9935 0.0449
vn -0.0917 0.9864 0.1367
vn -0.4737 0.8548 -0.2122
vn -0.6244 0.7791 -0.0557
vn -0.9438 0.3222 -0.0738
vn -0.8358 0.3578 -0.4163
vn -0.9587 -0.2728 -0.0804
vn -0.8495 -0.3134 -0.4244
vn -0.7957 -0.6030 -0.0563
vn -0.6861 -0.6426 -0.3411
vn -0.4765 -0.8789 -0.0198
vn -0.3488 -0.9214 -0.1714
vn 0.2548 -0.9637 0.0796
vn 0.0914 -0.9840 0.1530
vn -0.0096 -0.9982 -0.0591
vn 0.1611 -0.9857 -0.0504
vn 0.1180 -0.9818 0.1486
vn 0.0240 -0.9526 0.3032
vn 0.8424 -0.5033 0.1927
vn 0.5836 -0.5749 0.5736
vn 0.9891 -0.0725 0.1282
vn 0.7572 -0.0814 0.6481
vn 0.9323 0.3567 0.0594
vn 0.7351 0.2400 0.6340
vn 0.4819 0.8746 0.0528
vn -0.0027 0.9990 0.0451
vn 0.0325 0.9962 -0.0811
vn 0.7912 0.6030 0.1017
vn 0.1398 0.9825 -0.1235
vn 0.8264 0.4589 -0.3264
vn 0.1164 0.9923 -0.0433
vn 0.7153 0.6073 -0.3457
vn 0.0826 0.9966 -0.0056
vn 0.7153 0.6931 0.0893
vn 0.1510 0.7537 0.6396
vn -0.0401 0.9973 -0.0622
vn 0.1057 0.9755 0.1928
vn -0.1046 0.9934 -0.0477
vn -0.0631 0.9970 0.0442
vn 0.3798 0.7462 0.5468
vn -0.0634 0.9968 0.0490
vn -0.1056 0.9866 -0.1246
vn -0.0341 0.9785 -0.2036
vn -0.0729 0.9958 -0.0547
vn -0.0703 0.9966 -0.0429
vn -0.0106 0.9999 -0.0040
vn -0.0275 0.9994 0.0231
vn 0.0023 0.9949 0.1008
vn -0.6105 0.7635 -0.2104
vn -0.5233 0.7934 -0.3111
vn -0.2201 0.7519 -0.6215
vn -0.3149 0.6858 -0.6562
vn -0.5189 0.7793 -0.3514
vn -0.5101 0.7183 0.4732
vn -0.3720 0.9277 -0.0308
vn -0.5874 0.7610 0.2755
vn -0.8831 -0.0795 -0.4624
vn -0.8133 0.1862 -0.5512
vn -0.3465 0.1218 -0.9301
vn -0.3345 0.1666 -0.9276
vn -0.7461 0.3281 -0.5794
vn -0.9916 0.1266 -0.0262
vn -0.7603 0.0902 0.6433
vn -0.8695 0.1566 0.4684
vn -0.7258 -0.0056 -0.6879
vn -0.8576 -0.2165 -0.4666
vn -0.3229 0.0286 -0.9460
vn -0.2914 -0.1907 -0.9374
vn -0.7527 -0.2842 -0.5938
vn -0.9904 0.0603 -0.1247
vn -0.7656 0.1288 0.6303
vn -0.8664 -0.1564 0.4742
vn -0.8519 0.1618 -0.4981
vn -0.6747 -0.1430 -0.7241
vn -0.2801 -0.2037 -0.9381
vn -0.3121 -0.3194 -0.8948
vn -0.6390 -0.5997 -0.4817
vn -0.9199 0.1260 0.3714
vn -0.8237 -0.0647 0.5633
vn -0.8922 -0.3352 0.3027
vn -0.8046 -0.3625 -0.4703
vn -0.5440 -0.6726 -0.5017
vn -0.0453 -0.3628 -0.9308
vn -0.1825 -0.6318 -0.7534
vn -0.3049 -0.9068 -0.2911
vn -0.5545 -0.4414 0.7054
vn -0.7028 -0.4047 0.5851
vn -0.6279 -0.6679 0.3997
vn -0.2122 -0.9192 -0.3318
vn -0.3470 -0.8860 -0.3075
vn 0.1196 -0.7230 -0.6804
vn 0.2226 -0.7723 -0.5950
vn 0.2090 -0.9778 -0.0108
vn -0.1958 -0.7444 0.6384
vn -0.3222 -0.5648 0.7598
vn -0.2119 -0.8327 0.5115
vn 0.1973 -0.9614 -0.1917
vn 0.4421 -0.8940 -0.0723
vn 0.3507 -0.7627 -0.5435
vn 0.2749 -0.8878 -0.3692
vn -0.0365 -0.9931 0.1113
vn -0.3215 -0.7902 0.5218
vn -0.2939 -0.5561 0.7774
vn 0.0656 -0.9418 0.3296
vn 0.9968 -0.0635 -0.0491
vn 0.7174 -0.6756 0.1702
vn 0.7759 -0.1567 -0.6111
vn 0.5068 -0.7324 -0.4547
vn 0.3936 -0.9090 -0.1371
vn -0.0488 -0.6030 0.7962
vn 0.0183 -0.4637 0.8858
vn 0.0630 -0.8241 0.5630
vn 0.8991 -0.3562 0.2545
vn 0.9831 0.1090 0.1471
vn 0.8677 0.1369 -0.4779
vn 0.8918 -0.0969 -0.4420
vn 0.9597 -0.1920 -0.2054
vn 0.1718 -0.1209 0.9777
vn 0.3294 -0.3281 0.8853
vn 0.4386 -0.3768 0.8159
vn 0.9759 -0.0004 0.2180
vn 0.9796 -0.0057 0.2007
vn 0.8046 -0.0024 -0.5939
vn 0.8695 0.0010 -0.4940
vn 0.9668 -0.0061 -0.2553
vn 0.4134 0.0803 0.9070
vn 0.2726 -0.0059 0.9621
vn 0.5152 -0.0038 0.8571
vn 0.9554 0.2339 0.1805
vn 0.9695 -0.1589 0.1864
vn 0.8525 -0.1078 -0.5115
vn 0.8667 0.1256 -0.4828
vn 0.9540 0.2567 -0.1548
vn 0.3605 0.3909 0.8469
vn 0.3051 0.1337 0.9429
vn 0.5500 0.1776 0.8160
vt 0.647542 0.111030
vt 0.724613 0.175057
vt 0.644041 0.169120
vt 0.727149 0.115868
vt 0.349425 0.602746
vt 0.370881 0.538159
vt 0.427338 0.622381
vt 0.447231 0.565356
vt 0.509054 0.402678
vt 0.431436 0.378028
vt 0.453763 0.316189
vt 0.529757 0.344262
vt 0.296584 0.765046
vt 0.372067 0.794795
vt 0.350477 0.852100
vt 0.275845 0.824067
vt 0.565728 0.098579
vt 0.563047 0.161806
vt 0.811192 0.113972
vt 0.804501 0.179803
vt 0.515172 0.649194
vt 0.534935 0.591785
vt 0.292078 0.509455
vt 0.271109 0.572677
vt 0.585310 0.429619
vt 0.606619 0.370795
vt 0.334083 0.408680
vt 0.357848 0.350326
vt 0.409033 0.436625
vt 0.220496 0.738650
vt 0.199697 0.795774
vt 0.472745 0.765350
vt 0.455686 0.823080
vt 0.392388 0.738740
vt 0.390477 0.487155
vt 0.489145 0.459430
vt 0.470498 0.511496
vt 0.545915 0.298686
vt 0.470987 0.271410
vt 0.337334 0.647341
vt 0.418042 0.682736
vt 0.318117 0.705464
vt 0.331756 0.909836
vt 0.254734 0.881650
vt 0.548816 0.540298
vt 0.566100 0.490136
vt 0.620073 0.327184
vt 0.377315 0.287061
vt 0.400028 0.229070
vt 0.309666 0.457556
vt 0.257894 0.624160
vt 0.240838 0.680811
vt 0.169454 0.856287
vt 0.434786 0.881020
vt 0.416658 0.940591
vt 0.491269 0.708084
vt 0.650369 0.048434
vt 0.733072 0.053292
vt 0.717027 0.278128
vt 0.635592 0.271569
vt 0.570057 0.046765
vt 0.558802 0.225603
vt 0.801133 0.245386
vt 0.818218 0.050299
vt 0.459429 0.107196
vt 0.366370 0.123364
vt 0.358679 0.078590
vt 0.451029 0.062707
vt 0.383967 0.206273
vt 0.472285 0.191812
vt 0.388190 0.267863
vt 0.484471 0.253145
vt 0.411009 0.656650
vt 0.499951 0.722161
vt 0.408831 0.716589
vt 0.501820 0.660594
vt 0.413896 0.586178
vt 0.503481 0.586703
vt 0.414012 0.538319
vt 0.502913 0.534236
vt 0.409554 0.922261
vt 0.505859 0.920164
vt 0.511349 0.977706
vt 0.408353 0.980000
vt 0.407548 0.849756
vt 0.500809 0.849737
vt 0.407385 0.777450
vt 0.498506 0.779791
vt 0.405564 0.489906
vt 0.499367 0.482361
vt 0.400126 0.420233
vt 0.495876 0.411028
vt 0.399457 0.346108
vt 0.493052 0.339038
vt 0.493255 0.289290
vt 0.390318 0.303774
vt 0.088199 0.177515
vt 0.079728 0.123316
vt 0.176622 0.125826
vt 0.182075 0.164109
vt 0.275759 0.147113
vt 0.267980 0.100509
vt 0.553791 0.104221
vt 0.545811 0.040859
vt 0.640130 0.039716
vt 0.648549 0.094122
vt 0.098770 0.233201
vt 0.189931 0.218420
vt 0.284032 0.210470
vt 0.563800 0.167332
vt 0.657016 0.148446
vt 0.106373 0.289463
vt 0.199110 0.275244
vt 0.290637 0.260664
vt 0.575005 0.230322
vt 0.665409 0.202671
vt 0.687222 0.720998
vt 0.682666 0.652254
vt 0.784784 0.715702
vt 0.785038 0.660963
vt 0.591525 0.725098
vt 0.592405 0.653631
vt 0.222046 0.709977
vt 0.215541 0.641264
vt 0.305381 0.641817
vt 0.317716 0.711935
vt 0.683831 0.599628
vt 0.786016 0.594615
vt 0.593422 0.597758
vt 0.211212 0.579434
vt 0.305904 0.575124
vt 0.690041 0.530903
vt 0.786535 0.537623
vt 0.593874 0.527221
vt 0.209408 0.526463
vt 0.307798 0.519326
vt 0.702688 0.882355
vt 0.797093 0.866372
vt 0.803521 0.919864
vt 0.709706 0.935398
vt 0.605535 0.903308
vt 0.613333 0.953660
vt 0.311265 0.910608
vt 0.308768 0.972268
vt 0.211970 0.948960
vt 0.216243 0.895784
vt 0.699995 0.825182
vt 0.791804 0.809705
vt 0.606790 0.839943
vt 0.314799 0.844195
vt 0.220732 0.835571
vt 0.696289 0.773303
vt 0.787104 0.751953
vt 0.602920 0.781263
vt 0.315761 0.783758
vt 0.223004 0.779578
vt 0.784324 0.485995
vt 0.688821 0.464028
vt 0.596326 0.460068
vt 0.209459 0.500162
vt 0.307260 0.491583
vt 0.780811 0.422350
vt 0.688695 0.410841
vt 0.594481 0.405077
vt 0.209189 0.449141
vt 0.304460 0.435582
vt 0.785247 0.370025
vt 0.691236 0.346099
vt 0.591509 0.339224
vt 0.207463 0.392579
vt 0.300862 0.372096
vt 0.793300 0.308702
vt 0.693555 0.304494
vt 0.594287 0.291016
vt 0.206655 0.338021
vt 0.295205 0.314653
vt 0.852539 0.601263
vt 0.853710 0.535408
vt 0.847569 0.658337
vt 0.846117 0.710674
vt 0.851184 0.751639
vt 0.852758 0.805086
vt 0.857911 0.858482
vt 0.865500 0.906354
vt 0.037266 0.242511
vt 0.043841 0.281582
vt 0.028338 0.188074
vt 0.020000 0.140041
vt 0.855265 0.320735
vt 0.848184 0.373049
vt 0.845180 0.427858
vt 0.844424 0.482282
vt 0.735836 0.045977
vt 0.740708 0.078684
vt 0.765524 0.131836
vt 0.757288 0.184756
vt 0.129470 0.715391
vt 0.120940 0.662178
vt 0.108252 0.606188
vt 0.104763 0.551295
vt 0.118452 0.935135
vt 0.123587 0.879635
vt 0.127574 0.827852
vt 0.129834 0.774793
vt 0.110070 0.499599
vt 0.114838 0.440936
vt 0.114118 0.389634
vt 0.112729 0.347470
vt 0.049284 0.767957
vt 0.043415 0.823209
vt 0.043221 0.878789
vt 0.029925 0.446371
vt 0.024604 0.393364
vt 0.031457 0.493972
vt 0.033045 0.343167
vt 0.025520 0.549428
vt 0.818950 0.068227
vt 0.811989 0.020000
vt 0.030524 0.617574
vt 0.827034 0.122689
vt 0.041477 0.674471
vt 0.834452 0.163728
vt 0.048930 0.723897
vt 0.038792 0.929155
vt 0.452466 0.486133
vt 0.469653 0.340805
vt 0.497621 0.446695
vt 0.402845 0.455069
vt 0.494464 0.375033
vt 0.399791 0.383170
vt 0.446254 0.342573
vt 0.422856 0.344340
vt 0.485132 0.093968
vt 0.481869 0.157624
vt 0.590817 0.681873
vt 0.613435 0.618285
vt 0.666856 0.452161
vt 0.684654 0.393241
vt 0.551510 0.788898
vt 0.533268 0.847843
vt 0.633588 0.561390
vt 0.647412 0.512427
vt 0.703636 0.335220
vt 0.496690 0.956615
vt 0.513455 0.905984
vt 0.567197 0.737967
vt 0.487274 0.031006
vt 0.478635 0.211237
vt 0.702848 0.589306
vt 0.679464 0.657148
vt 0.653796 0.713806
vt 0.631287 0.766090
vt 0.618423 0.811297
vt 0.599730 0.869111
vt 0.581342 0.926882
vt 0.562353 0.980000
vt 0.411477 0.161782
vt 0.408936 0.209245
vt 0.414689 0.098742
vt 0.416632 0.043079
vt 0.771017 0.359308
vt 0.751784 0.415019
vt 0.734986 0.473297
vt 0.716393 0.531796
vt 0.393259 0.285088
vt 0.466377 0.371665
vt 0.452000 0.279731
vt 0.403111 0.370434
vt 0.317012 0.293170
vt 0.323636 0.377228
vt 0.261283 0.309978
vt 0.267867 0.398883
vt 0.935712 0.605488
vt 0.904481 0.703105
vt 0.940193 0.690236
vt 0.908812 0.607223
vt 0.841925 0.700543
vt 0.844513 0.604028
vt 0.751383 0.688424
vt 0.755857 0.600739
vt 0.729036 0.444099
vt 0.728115 0.349497
vt 0.683074 0.430905
vt 0.681023 0.339607
vt 0.626804 0.410348
vt 0.622601 0.323522
vt 0.569013 0.392124
vt 0.565014 0.308283
vt 0.211269 0.331576
vt 0.219887 0.420977
vt 0.153006 0.358538
vt 0.160536 0.447324
vt 0.095598 0.383220
vt 0.104125 0.472066
vt 0.061429 0.399478
vt 0.070120 0.486982
vt 0.409836 0.455134
vt 0.493929 0.554921
vt 0.480471 0.458982
vt 0.419193 0.544815
vt 0.388999 0.120316
vt 0.390058 0.200166
vt 0.460684 0.119743
vt 0.445409 0.198319
vt 0.334252 0.480244
vt 0.348507 0.566617
vt 0.324703 0.162412
vt 0.319972 0.212806
vt 0.270693 0.494733
vt 0.289160 0.571767
vt 0.260594 0.137149
vt 0.262870 0.219683
vt 0.974227 0.888836
vt 0.941923 0.770806
vt 0.903999 0.896844
vt 0.906116 0.791945
vt 0.913258 0.520273
vt 0.980000 0.531747
vt 0.968982 0.431362
vt 0.920351 0.430664
vt 0.835539 0.828574
vt 0.835330 0.877710
vt 0.848809 0.516336
vt 0.850904 0.433414
vt 0.785837 0.866742
vt 0.758993 0.774413
vt 0.782041 0.518914
vt 0.786834 0.431680
vt 0.731550 0.635712
vt 0.725098 0.536535
vt 0.684336 0.615918
vt 0.679445 0.519631
vt 0.670805 0.250824
vt 0.729202 0.167239
vt 0.656442 0.162386
vt 0.750505 0.258022
vt 0.621532 0.592499
vt 0.617747 0.504436
vt 0.610930 0.231649
vt 0.591950 0.145402
vt 0.565235 0.574388
vt 0.557440 0.484614
vt 0.553215 0.224813
vt 0.527406 0.129775
vt 0.231919 0.509173
vt 0.237843 0.598701
vt 0.211069 0.153433
vt 0.207624 0.242771
vt 0.163874 0.536985
vt 0.174112 0.623610
vt 0.149812 0.176575
vt 0.150417 0.264650
vt 0.106852 0.563826
vt 0.120042 0.652075
vt 0.088196 0.199151
vt 0.092156 0.288865
vt 0.082802 0.571160
vt 0.071729 0.691552
vt 0.035544 0.313608
vt 0.049840 0.211934
vt 0.241979 0.046509
vt 0.304565 0.030982
vt 0.374430 0.020244
vt 0.458282 0.024269
vt 0.529988 0.036897
vt 0.596474 0.051462
vt 0.659302 0.065447
vt 0.721011 0.069317
vt 0.805121 0.337300
vt 0.861823 0.340211
vt 0.925030 0.338803
vt 0.973398 0.339027
vt 0.074581 0.105550
vt 0.020000 0.124061
vt 0.132319 0.083530
vt 0.191802 0.061538
vt 0.502973 0.648873
vt 0.419939 0.643896
vt 0.349923 0.657486
vt 0.288888 0.676656
vt 0.240629 0.696483
vt 0.184047 0.724704
vt 0.131598 0.758195
vt 0.085452 0.777794
vt 0.903954 0.978315
vt 0.952837 0.980000
vt 0.840857 0.973669
vt 0.784568 0.968856
vt 0.744937 0.736960
vt 0.689186 0.714159
vt 0.632241 0.694790
vt 0.564414 0.678893
vt 0.887158 0.186574
vt 0.892569 0.121917
vt 0.212261 0.489686
vt 0.193580 0.548942
vt 0.253001 0.359850
vt 0.274653 0.307461
vt 0.141541 0.711097
vt 0.115433 0.771163
vt 0.298891 0.256020
vt 0.329906 0.186823
vt 0.226637 0.429498
vt 0.163007 0.652197
vt 0.152074 0.582695
vt 0.100920 0.807606
vt 0.885458 0.241524
vt 0.898357 0.056726
vt 0.096428 0.584906
vt 0.110330 0.531223
vt 0.125344 0.469701
vt 0.151290 0.398799
vt 0.167118 0.333381
vt 0.193457 0.273134
vt 0.222192 0.215934
vt 0.246006 0.159636
vt 0.980000 0.081834
vt 0.974894 0.136191
vt 0.970489 0.199045
vt 0.968532 0.246161
vt 0.037856 0.733870
vt 0.020000 0.786938
vt 0.063182 0.682137
vt 0.081743 0.627847
vt 0.355252 0.722102
vt 0.676309 0.274848
vt 0.963405 0.574514
vt 0.946294 0.489870
vt 0.903384 0.590878
vt 0.886379 0.498818
vt 0.826479 0.510248
vt 0.844208 0.602213
vt 0.782393 0.609023
vt 0.767396 0.523924
vt 0.428442 0.351674
vt 0.368871 0.341116
vt 0.361290 0.422646
vt 0.420414 0.437575
vt 0.318455 0.336395
vt 0.308857 0.414645
vt 0.262033 0.335393
vt 0.247755 0.411237
vt 0.656324 0.523045
vt 0.671423 0.425438
vt 0.586138 0.494718
vt 0.597820 0.406592
vt 0.536560 0.474562
vt 0.545623 0.389419
vt 0.469929 0.455950
vt 0.479345 0.368383
vt 0.214153 0.332454
vt 0.195862 0.415035
vt 0.156882 0.336461
vt 0.137343 0.417051
vt 0.106502 0.333329
vt 0.085137 0.420930
vt 0.079496 0.515974
vt 0.020000 0.424773
vt 0.023572 0.528965
vt 0.948566 0.889426
vt 0.893111 0.818728
vt 0.898331 0.889082
vt 0.934240 0.810813
vt 0.908151 0.753419
vt 0.961339 0.742211
vt 0.919277 0.674741
vt 0.980000 0.660115
vt 0.804483 0.374866
vt 0.846083 0.366362
vt 0.837038 0.296346
vt 0.786711 0.304241
vt 0.905389 0.419431
vt 0.845998 0.428552
vt 0.840842 0.831776
vt 0.846968 0.905662
vt 0.854503 0.764023
vt 0.860196 0.686278
vt 0.754869 0.384369
vt 0.737255 0.315490
vt 0.790375 0.439029
vt 0.791642 0.840270
vt 0.798221 0.913139
vt 0.800615 0.773504
vt 0.798281 0.694956
vt 0.705617 0.395357
vt 0.693347 0.322247
vt 0.731678 0.453870
vt 0.354057 0.663716
vt 0.393658 0.756568
vt 0.407978 0.682043
vt 0.343620 0.737535
vt 0.349071 0.591854
vt 0.406140 0.608761
vt 0.346821 0.505930
vt 0.405154 0.522005
vt 0.425019 0.203018
vt 0.488644 0.144596
vt 0.439290 0.140116
vt 0.482109 0.218471
vt 0.455819 0.279559
vt 0.395605 0.271932
vt 0.300559 0.652933
vt 0.287228 0.733736
vt 0.294448 0.580721
vt 0.292795 0.494712
vt 0.382341 0.131591
vt 0.368315 0.194890
vt 0.343448 0.267390
vt 0.236452 0.650056
vt 0.238455 0.723220
vt 0.234464 0.572573
vt 0.236636 0.486737
vt 0.329988 0.125392
vt 0.304549 0.194918
vt 0.282680 0.264605
vt 0.566052 0.839644
vt 0.583926 0.765229
vt 0.519106 0.818502
vt 0.539888 0.746346
vt 0.596075 0.694106
vt 0.551812 0.668635
vt 0.624946 0.615236
vt 0.569205 0.585304
vt 0.628298 0.260158
vt 0.672561 0.196636
vt 0.635356 0.186820
vt 0.677578 0.273789
vt 0.618278 0.328607
vt 0.672529 0.341551
vt 0.477757 0.798533
vt 0.498307 0.719234
vt 0.503899 0.647580
vt 0.515959 0.561121
vt 0.577421 0.243759
vt 0.587944 0.172651
vt 0.561678 0.313022
vt 0.432653 0.775135
vt 0.454002 0.699234
vt 0.456111 0.626569
vt 0.457129 0.542885
vt 0.533081 0.230173
vt 0.538122 0.158505
vt 0.507679 0.296178
vt 0.181605 0.662137
vt 0.184336 0.734716
vt 0.182657 0.585624
vt 0.186583 0.497066
vt 0.273550 0.114040
vt 0.247452 0.182602
vt 0.231331 0.254253
vt 0.130000 0.673423
vt 0.140003 0.746983
vt 0.131145 0.595371
vt 0.134448 0.505802
vt 0.228059 0.104101
vt 0.193157 0.170489
vt 0.177265 0.248387
vt 0.082675 0.686787
vt 0.091062 0.762361
vt 0.080980 0.608090
vt 0.174586 0.092938
vt 0.143368 0.162637
vt 0.122377 0.237593
vt 0.128521 0.081582
vt 0.112206 0.150954
vt 0.068249 0.224983
vt 0.043703 0.319128
vt 0.058310 0.697263
vt 0.054286 0.775461
vt 0.031413 0.624639
vt 0.388868 0.061570
vt 0.343724 0.059993
vt 0.440192 0.060512
vt 0.498457 0.073876
vt 0.544952 0.091968
vt 0.592085 0.106085
vt 0.638159 0.119381
vt 0.683158 0.130885
vt 0.686491 0.256189
vt 0.729518 0.249348
vt 0.777709 0.240192
vt 0.811564 0.231592
vt 0.206027 0.032443
vt 0.164115 0.021066
vt 0.253508 0.036295
vt 0.304518 0.051382
vt 0.325311 0.804398
vt 0.381977 0.824371
vt 0.271908 0.799204
vt 0.223883 0.801063
vt 0.182391 0.807404
vt 0.158066 0.814744
vt 0.133741 0.822084
vt 0.089065 0.834078
vt 0.047360 0.846661
vt 0.910516 0.970640
vt 0.945851 0.961729
vt 0.861586 0.975899
vt 0.818328 0.980000
vt 0.515353 0.890535
vt 0.470513 0.869789
vt 0.426192 0.846752
vt 0.557942 0.910574
vt 0.697542 0.317315
vt 0.768036 0.313096
vt 0.767980 0.363175
vt 0.670010 0.364255
vt 0.835070 0.313309
vt 0.837065 0.363349
vt 0.956379 0.314170
vt 0.955274 0.361355
vt 0.362660 0.930170
vt 0.365649 0.974451
vt 0.308663 0.921739
vt 0.294479 0.965471
vt 0.366056 0.885605
vt 0.323876 0.875575
vt 0.387740 0.828869
vt 0.343967 0.816758
vt 0.397690 0.776511
vt 0.361157 0.765311
vt 0.378639 0.711265
vt 0.419317 0.725067
vt 0.398786 0.650838
vt 0.439353 0.662896
vt 0.418140 0.588620
vt 0.452135 0.604196
vt 0.430955 0.555907
vt 0.465110 0.573526
vt 0.450975 0.499725
vt 0.491813 0.518958
vt 0.462115 0.457102
vt 0.512566 0.477556
vt 0.470137 0.390819
vt 0.538772 0.431160
vt 0.772713 0.074406
vt 0.801641 0.073124
vt 0.800214 0.120459
vt 0.769069 0.122372
vt 0.789450 0.176709
vt 0.738178 0.168534
vt 0.773704 0.221325
vt 0.706313 0.219902
vt 0.766621 0.267287
vt 0.694499 0.269504
vt 0.722159 0.457829
vt 0.793340 0.458086
vt 0.773170 0.505921
vt 0.807899 0.504830
vt 0.776868 0.411533
vt 0.685378 0.410693
vt 0.830862 0.072278
vt 0.833293 0.119254
vt 0.831747 0.175366
vt 0.833457 0.219094
vt 0.837054 0.267112
vt 0.838636 0.457864
vt 0.839388 0.504402
vt 0.837553 0.411321
vt 0.858457 0.070486
vt 0.860528 0.116966
vt 0.884402 0.165441
vt 0.922983 0.207966
vt 0.957240 0.264929
vt 0.871488 0.457116
vt 0.858103 0.503951
vt 0.918074 0.419522
vt 0.057156 0.754963
vt 0.075972 0.735377
vt 0.090558 0.786547
vt 0.108632 0.771866
vt 0.147242 0.810043
vt 0.116609 0.835553
vt 0.196259 0.850579
vt 0.160988 0.884882
vt 0.260100 0.896556
vt 0.231559 0.930832
vt 0.567530 0.919097
vt 0.571585 0.940438
vt 0.523058 0.958440
vt 0.515317 0.926982
vt 0.455081 0.980000
vt 0.446776 0.931344
vt 0.128072 0.746573
vt 0.095645 0.711212
vt 0.174192 0.781324
vt 0.227391 0.815453
vt 0.284123 0.858269
vt 0.564831 0.888143
vt 0.511486 0.887318
vt 0.443120 0.884135
vt 0.113295 0.686199
vt 0.149864 0.722571
vt 0.198054 0.749231
vt 0.254214 0.767787
vt 0.301965 0.799924
vt 0.561751 0.853215
vt 0.504147 0.849263
vt 0.445963 0.832558
vt 0.124337 0.667527
vt 0.171219 0.694118
vt 0.224426 0.716539
vt 0.285153 0.736477
vt 0.325506 0.751978
vt 0.561095 0.815237
vt 0.501185 0.808534
vt 0.439427 0.789139
vt 0.197013 0.650389
vt 0.138773 0.636042
vt 0.235990 0.667239
vt 0.295883 0.680460
vt 0.337290 0.696851
vt 0.576496 0.777006
vt 0.518649 0.762220
vt 0.462803 0.737787
vt 0.153729 0.600021
vt 0.207552 0.614923
vt 0.252818 0.617015
vt 0.316467 0.626841
vt 0.360209 0.637864
vt 0.588627 0.737451
vt 0.532414 0.714864
vt 0.476895 0.683687
vt 0.211670 0.562127
vt 0.159406 0.560000
vt 0.276138 0.568912
vt 0.345779 0.577766
vt 0.386169 0.578863
vt 0.596955 0.696348
vt 0.544173 0.640482
vt 0.494206 0.624199
vt 0.157523 0.531871
vt 0.214844 0.523576
vt 0.272043 0.527070
vt 0.340131 0.532895
vt 0.387883 0.538036
vt 0.570607 0.613049
vt 0.620252 0.651525
vt 0.512390 0.580911
vt 0.154484 0.502687
vt 0.213459 0.490319
vt 0.272611 0.486575
vt 0.341672 0.487440
vt 0.392890 0.491386
vt 0.640365 0.620198
vt 0.594383 0.581728
vt 0.537768 0.544855
vt 0.152290 0.474876
vt 0.210110 0.459608
vt 0.267277 0.448718
vt 0.337782 0.441581
vt 0.397136 0.440713
vt 0.664015 0.596221
vt 0.619326 0.552568
vt 0.564760 0.508948
vt 0.148813 0.444145
vt 0.197646 0.432122
vt 0.257955 0.410097
vt 0.328571 0.393980
vt 0.399492 0.387385
vt 0.647569 0.525752
vt 0.698521 0.577711
vt 0.596544 0.472442
vt 0.094705 0.609180
vt 0.079048 0.637120
vt 0.104680 0.584523
vt 0.107347 0.559066
vt 0.106474 0.537203
vt 0.101927 0.508610
vt 0.100730 0.479910
vt 0.096988 0.454613
vt 0.778922 0.022939
vt 0.798560 0.022260
vt 0.826016 0.021357
vt 0.850411 0.020000
vt 0.020000 0.720932
vt 0.036978 0.701983
vt 0.052402 0.682079
vt 0.068043 0.661119
vt 0.073546 0.649119
s 1
usemtl Cave_Material.020
f 1/1/1 3/2/2 2/3/3
f 1/1/1 4/4/4 3/2/2
f 5/5/5 7/6/6 6/7/7
f 7/6/6 8/8/8 6/7/7
f 9/9/9 11/10/10 10/11/11
f 10/11/11 12/12/12 9/9/9
f 13/13/13 15/14/14 14/15/15
f 14/15/15 16/16/16 13/13/13
f 18/17/17 2/3/3 17/18/18
f 18/17/17 1/1/1 2/3/3
f 3/2/2 4/4/4 19/19/19
f 19/19/19 406/20/20 3/2/2
f 6/7/7 8/8/8 20/21/21
f 8/8/8 21/22/22 20/21/21
f 22/23/23 5/5/5 403/24/24
f 22/23/23 7/6/6 5/5/5
f 24/25/25 9/9/9 12/12/12
f 12/12/12 23/26/26 24/25/25
f 407/27/27 25/28/28 26/29/29
f 26/29/29 25/28/28 11/10/10
f 28/30/30 13/13/13 16/16/16
f 16/16/16 27/31/31 28/30/30
f 29/32/32 30/33/33 31/34/34
f 31/34/34 30/33/33 15/14/14
f 32/35/35 26/29/29 33/36/36
f 33/36/36 34/37/37 32/35/35
f 33/36/36 26/29/29 11/10/10
f 11/10/10 9/9/9 33/36/36
f 46/38/38 12/12/12 35/39/39
f 10/11/11 35/39/39 12/12/12
f 36/40/40 37/41/41 31/34/34
f 31/34/34 38/42/42 36/40/40
f 38/42/42 31/34/34 15/14/14
f 15/14/14 13/13/13 38/42/42
f 14/15/15 39/43/43 16/16/16
f 16/16/16 39/43/43 47/44/44
f 41/45/45 34/37/37 33/36/36
f 33/36/36 40/46/46 41/45/45
f 40/46/46 33/36/36 9/9/9
f 9/9/9 24/25/25 40/46/46
f 48/47/47 23/26/26 12/12/12
f 12/12/12 46/38/38 48/47/47
f 42/48/48 50/49/49 35/39/39
f 35/39/39 10/11/11 42/48/48
f 25/28/28 42/48/48 11/10/10
f 11/10/10 42/48/48 10/11/11
f 32/35/35 402/50/50 407/27/27
f 407/27/27 26/29/29 32/35/35
f 404/51/51 38/42/42 405/52/52
f 404/51/51 36/40/40 38/42/42
f 405/52/52 38/42/42 13/13/13
f 13/13/13 28/30/30 405/52/52
f 16/16/16 47/44/44 27/31/31
f 27/31/31 47/44/44 49/53/53
f 44/54/54 43/55/55 14/15/15
f 14/15/15 43/55/55 39/43/43
f 30/33/33 44/54/54 15/14/14
f 15/14/14 44/54/54 14/15/15
f 37/41/41 45/56/56 29/32/32
f 29/32/32 31/34/34 37/41/41
f 1/1/1 46/57/38 4/4/4
f 46/57/38 35/58/39 4/4/4
f 47/59/44 39/60/43 2/3/3
f 2/3/3 3/2/2 47/59/44
f 36/40/40 5/5/5 6/7/7
f 6/7/7 37/41/41 36/40/40
f 32/35/35 8/8/8 7/6/6
f 8/8/8 32/35/35 34/37/37
f 18/17/17 48/61/47 1/1/1
f 48/61/47 46/57/38 1/1/1
f 43/62/55 17/18/18 2/3/3
f 2/3/3 39/60/43 43/62/55
f 49/63/53 47/59/44 3/2/2
f 3/2/2 406/20/20 49/63/53
f 35/58/39 19/19/19 4/4/4
f 19/19/19 35/58/39 50/64/49
f 37/41/41 6/7/7 45/56/56
f 6/7/7 20/21/21 45/56/56
f 8/8/8 34/37/37 41/45/45
f 41/45/45 21/22/22 8/8/8
f 402/50/50 7/6/6 22/23/23
f 402/50/50 32/35/35 7/6/6
f 404/51/51 403/24/24 36/40/40
f 403/24/24 5/5/5 36/40/40
f 51/65/57 53/66/58 52/67/59
f 52/67/59 54/68/60 51/65/57
f 55/69/61 53/66/58 56/70/62
f 53/66/58 51/65/57 56/70/62
f 66/71/63 55/69/61 68/72/64
f 55/69/61 56/70/62 68/72/64
f 57/73/65 59/74/66 58/75/67
f 57/73/65 60/76/68 59/74/66
f 61/77/69 60/76/68 57/73/65
f 61/77/69 62/78/70 60/76/68
f 63/79/71 62/78/70 61/77/69
f 63/79/71 64/80/72 62/78/70
f 65/81/73 67/82/74 66/83/63
f 66/83/63 68/84/64 65/81/73
f 69/85/75 70/86/76 67/82/74
f 67/82/74 65/81/73 69/85/75
f 71/87/77 72/88/78 70/86/76
f 70/86/76 69/85/75 71/87/77
f 58/75/67 59/74/66 72/88/78
f 72/88/78 71/87/77 58/75/67
f 63/79/71 73/89/79 64/80/72
f 64/80/72 73/89/79 74/90/80
f 73/89/79 75/91/81 74/90/80
f 74/90/80 75/91/81 76/92/82
f 75/91/81 77/93/83 76/92/82
f 76/92/82 77/93/83 78/94/84
f 52/95/59 78/94/84 54/96/60
f 78/94/84 77/93/83 54/96/60
f 79/97/85 139/98/86 80/99/87
f 80/99/87 81/100/88 79/97/85
f 81/100/88 80/99/87 82/101/89
f 80/99/87 83/102/90 82/101/89
f 82/101/89 83/102/90 53/66/58
f 83/102/90 52/67/59 53/66/58
f 85/103/91 140/104/92 84/105/93
f 84/105/93 431/106/94 85/103/91
f 51/65/57 54/68/60 85/103/91
f 85/103/91 54/68/60 140/104/92
f 86/107/95 79/97/85 87/108/96
f 79/97/85 81/100/88 87/108/96
f 87/108/96 81/100/88 88/109/97
f 81/100/88 82/101/89 88/109/97
f 88/109/97 82/101/89 53/66/58
f 53/66/58 55/69/61 88/109/97
f 89/110/98 85/103/91 431/106/94
f 431/106/94 432/111/99 89/110/98
f 51/65/57 89/110/98 56/70/62
f 51/65/57 85/103/91 89/110/98
f 110/112/100 86/107/95 112/113/101
f 86/107/95 87/108/96 112/113/101
f 112/113/101 87/108/96 88/109/97
f 88/109/97 90/114/102 112/113/101
f 90/114/102 88/109/97 55/69/61
f 55/69/61 66/71/63 90/114/102
f 91/115/103 89/110/98 474/116/104
f 89/110/98 432/111/99 474/116/104
f 56/70/62 91/115/103 68/72/64
f 56/70/62 89/110/98 91/115/103
f 92/117/105 94/118/106 93/119/107
f 94/118/106 95/120/108 93/119/107
f 96/121/109 97/122/110 92/117/105
f 97/122/110 94/118/106 92/117/105
f 60/76/68 96/121/109 59/74/66
f 60/76/68 97/122/110 96/121/109
f 463/123/111 437/124/112 98/125/113
f 98/125/113 99/126/114 463/123/111
f 99/126/114 98/125/113 57/73/65
f 57/73/65 58/75/67 99/126/114
f 100/127/115 95/120/108 94/118/106
f 100/127/115 101/128/116 95/120/108
f 97/122/110 102/129/117 100/127/115
f 100/127/115 94/118/106 97/122/110
f 62/78/70 97/122/110 60/76/68
f 62/78/70 102/129/117 97/122/110
f 437/124/112 103/130/118 98/125/113
f 103/130/118 104/131/119 98/125/113
f 98/125/113 104/131/119 61/77/69
f 61/77/69 57/73/65 98/125/113
f 100/127/115 106/132/120 105/133/121
f 105/133/121 101/128/116 100/127/115
f 102/129/117 107/134/122 106/132/120
f 106/132/120 100/127/115 102/129/117
f 62/78/70 64/80/72 107/134/122
f 107/134/122 102/129/117 62/78/70
f 103/130/118 464/135/123 104/131/119
f 464/135/123 108/136/124 104/131/119
f 104/131/119 108/136/124 61/77/69
f 108/136/124 63/79/71 61/77/69
f 109/137/125 111/138/126 110/139/100
f 110/139/100 112/140/101 109/137/125
f 113/141/127 109/137/125 112/140/101
f 112/140/101 90/142/102 113/141/127
f 67/82/74 113/141/127 90/142/102
f 90/142/102 66/83/63 67/82/74
f 115/143/128 91/144/103 474/145/104
f 474/145/104 114/146/129 115/143/128
f 65/81/73 68/84/64 91/144/103
f 91/144/103 115/143/128 65/81/73
f 116/147/130 117/148/131 111/138/126
f 111/138/126 109/137/125 116/147/130
f 118/149/132 116/147/130 109/137/125
f 109/137/125 113/141/127 118/149/132
f 70/86/76 118/149/132 113/141/127
f 113/141/127 67/82/74 70/86/76
f 119/150/133 115/143/128 114/146/129
f 114/146/129 443/151/134 119/150/133
f 69/85/75 65/81/73 115/143/128
f 115/143/128 119/150/133 69/85/75
f 120/152/135 121/153/136 117/148/131
f 117/148/131 116/147/130 120/152/135
f 120/152/135 116/147/130 118/149/132
f 118/149/132 122/154/137 120/152/135
f 122/154/137 118/149/132 70/86/76
f 70/86/76 72/88/78 122/154/137
f 123/155/138 119/150/133 442/156/139
f 442/156/139 119/150/133 443/151/134
f 71/87/77 69/85/75 123/155/138
f 123/155/138 69/85/75 119/150/133
f 93/119/107 121/153/136 120/152/135
f 120/152/135 92/117/105 93/119/107
f 92/117/105 120/152/135 122/154/137
f 122/154/137 96/121/109 92/117/105
f 96/121/109 122/154/137 72/88/78
f 72/88/78 59/74/66 96/121/109
f 442/156/139 463/123/111 123/155/138
f 99/126/114 123/155/138 463/123/111
f 123/155/138 99/126/114 71/87/77
f 58/75/67 71/87/77 99/126/114
f 124/157/140 105/133/121 125/158/141
f 106/132/120 125/158/141 105/133/121
f 125/158/141 106/132/120 126/159/142
f 107/134/122 126/159/142 106/132/120
f 126/159/142 107/134/122 74/90/80
f 64/80/72 74/90/80 107/134/122
f 464/135/123 127/160/143 128/161/144
f 128/161/144 108/136/124 464/135/123
f 108/136/124 128/161/144 73/89/79
f 73/89/79 63/79/71 108/136/124
f 129/162/145 124/157/140 130/163/146
f 125/158/141 130/163/146 124/157/140
f 126/159/142 131/164/147 125/158/141
f 125/158/141 131/164/147 130/163/146
f 74/90/80 76/92/82 126/159/142
f 126/159/142 76/92/82 131/164/147
f 127/160/143 132/165/148 133/166/149
f 133/166/149 128/161/144 127/160/143
f 128/161/144 133/166/149 75/91/81
f 75/91/81 73/89/79 128/161/144
f 134/167/150 129/162/145 135/168/151
f 130/163/146 135/168/151 129/162/145
f 131/164/147 136/169/152 135/168/151
f 135/168/151 130/163/146 131/164/147
f 76/92/82 78/94/84 136/169/152
f 136/169/152 131/164/147 76/92/82
f 133/166/149 132/165/148 137/170/153
f 137/170/153 138/171/154 133/166/149
f 75/91/81 133/166/149 138/171/154
f 138/171/154 77/93/83 75/91/81
f 139/172/86 134/167/150 80/173/87
f 135/168/151 80/173/87 134/167/150
f 80/173/87 135/168/151 136/169/152
f 136/169/152 83/174/90 80/173/87
f 83/174/90 136/169/152 52/95/59
f 136/169/152 78/94/84 52/95/59
f 138/171/154 137/170/153 84/175/93
f 84/175/93 140/176/92 138/171/154
f 138/171/154 140/176/92 54/96/60
f 54/96/60 77/93/83 138/171/154
f 105/133/121 141/177/155 101/128/116
f 141/177/155 105/133/121 142/178/156
f 101/128/116 143/179/157 95/120/108
f 101/128/116 141/177/155 143/179/157
f 93/119/107 95/120/108 143/179/157
f 143/179/157 144/180/158 93/119/107
f 93/119/107 144/180/158 145/181/159
f 145/181/159 121/153/136 93/119/107
f 121/153/136 145/181/159 117/148/131
f 145/181/159 146/182/160 117/148/131
f 117/148/131 146/182/160 111/138/126
f 146/182/160 147/183/161 111/138/126
f 111/138/126 147/183/161 148/184/162
f 148/184/162 110/139/100 111/138/126
f 149/185/163 86/107/95 148/186/162
f 148/186/162 86/107/95 110/112/100
f 150/187/164 79/97/85 149/185/163
f 149/185/163 79/97/85 86/107/95
f 150/187/164 152/188/165 79/97/85
f 152/188/165 139/98/86 79/97/85
f 134/167/150 152/189/165 151/190/166
f 134/167/150 139/172/86 152/189/165
f 129/162/145 151/190/166 153/191/167
f 129/162/145 134/167/150 151/190/166
f 124/157/140 153/191/167 154/192/168
f 124/157/140 129/162/145 153/191/167
f 105/133/121 154/192/168 142/178/156
f 105/133/121 124/157/140 154/192/168
f 155/65/57 157/66/58 156/67/59
f 156/67/59 182/68/169 155/65/57
f 158/69/61 157/66/58 159/70/62
f 157/66/58 155/65/57 159/70/62
f 170/71/63 158/69/61 160/72/64
f 158/69/61 159/70/62 160/72/64
f 161/73/65 163/74/66 162/75/67
f 161/73/65 164/76/68 163/74/66
f 165/77/69 164/76/68 161/73/65
f 165/77/69 166/78/70 164/76/68
f 167/79/71 166/78/70 165/77/69
f 167/79/71 168/80/170 166/78/70
f 169/81/73 171/82/74 170/83/63
f 170/83/63 160/84/64 169/81/73
f 172/85/75 173/86/76 171/82/74
f 171/82/74 169/81/73 172/85/75
f 174/87/77 175/88/78 173/86/76
f 173/86/76 172/85/75 174/87/77
f 162/75/67 163/74/66 175/88/78
f 175/88/78 174/87/77 162/75/67
f 167/79/71 176/89/79 168/80/170
f 168/80/170 176/89/79 177/90/80
f 176/89/79 178/91/171 177/90/80
f 177/90/80 178/91/171 179/92/82
f 178/91/171 180/93/172 179/92/82
f 179/92/82 180/93/172 181/94/84
f 156/95/59 181/94/84 182/96/169
f 181/94/84 180/93/172 182/96/169
f 183/97/85 185/98/86 184/99/87
f 184/99/87 186/100/88 183/97/85
f 186/100/88 184/99/87 187/101/89
f 184/99/87 188/102/90 187/101/89
f 187/101/89 188/102/90 157/66/58
f 188/102/90 156/67/59 157/66/58
f 189/106/173 266/105/174 265/193/175
f 265/193/175 190/194/176 189/106/173
f 191/103/91 192/104/92 266/105/174
f 266/105/174 189/106/173 191/103/91
f 155/65/57 182/68/169 191/103/91
f 191/103/91 182/68/169 192/104/92
f 193/107/95 183/97/85 194/108/96
f 183/97/85 186/100/88 194/108/96
f 194/108/96 186/100/88 195/109/97
f 186/100/88 187/101/89 195/109/97
f 195/109/97 187/101/89 157/66/58
f 157/66/58 158/69/61 195/109/97
f 196/111/177 189/106/173 190/194/176
f 190/194/176 197/195/178 196/111/177
f 198/110/98 191/103/91 189/106/173
f 189/106/173 196/111/177 198/110/98
f 155/65/57 198/110/98 159/70/62
f 155/65/57 191/103/91 198/110/98
f 226/112/100 193/107/95 228/113/101
f 193/107/95 194/108/96 228/113/101
f 228/113/101 194/108/96 195/109/97
f 195/109/97 199/114/102 228/113/101
f 199/114/102 195/109/97 158/69/61
f 158/69/61 170/71/63 199/114/102
f 200/116/179 196/111/177 230/196/180
f 196/111/177 197/195/178 230/196/180
f 234/115/103 198/110/98 200/116/179
f 198/110/98 196/111/177 200/116/179
f 159/70/62 234/115/103 160/72/64
f 159/70/62 198/110/98 234/115/103
f 201/117/105 203/118/106 202/119/107
f 203/118/106 204/120/108 202/119/107
f 205/121/109 206/122/110 201/117/105
f 206/122/110 203/118/106 201/117/105
f 164/76/68 205/121/109 163/74/66
f 164/76/68 206/122/110 205/121/109
f 207/197/181 209/198/182 208/123/183
f 209/198/182 210/124/184 208/123/183
f 208/123/183 210/124/184 211/125/113
f 211/125/113 212/126/114 208/123/183
f 212/126/114 211/125/113 161/73/65
f 161/73/65 162/75/67 212/126/114
f 213/127/115 204/120/108 203/118/106
f 213/127/115 214/128/116 204/120/108
f 206/122/110 215/129/117 213/127/115
f 213/127/115 203/118/106 206/122/110
f 166/78/70 206/122/110 164/76/68
f 166/78/70 215/129/117 206/122/110
f 209/198/182 216/199/185 210/124/184
f 216/199/185 217/130/186 210/124/184
f 210/124/184 217/130/186 211/125/113
f 217/130/186 218/131/119 211/125/113
f 211/125/113 218/131/119 165/77/69
f 165/77/69 161/73/65 211/125/113
f 213/127/115 220/132/120 219/133/121
f 219/133/121 214/128/116 213/127/115
f 215/129/117 221/134/122 220/132/120
f 220/132/120 213/127/115 215/129/117
f 166/78/70 168/80/170 221/134/122
f 221/134/122 215/129/117 166/78/70
f 216/199/185 223/200/187 222/135/188
f 222/135/188 217/130/186 216/199/185
f 217/130/186 222/135/188 218/131/119
f 222/135/188 224/136/124 218/131/119
f 218/131/119 224/136/124 165/77/69
f 224/136/124 167/79/71 165/77/69
f 225/137/125 227/138/126 226/139/100
f 226/139/100 228/140/101 225/137/125
f 229/141/127 225/137/125 228/140/101
f 228/140/101 199/142/102 229/141/127
f 171/82/74 229/141/127 199/142/102
f 199/142/102 170/83/63 171/82/74
f 230/201/180 232/202/189 231/146/190
f 231/146/190 200/145/179 230/201/180
f 233/143/128 234/144/103 200/145/179
f 200/145/179 231/146/190 233/143/128
f 169/81/73 160/84/64 234/144/103
f 234/144/103 233/143/128 169/81/73
f 235/147/130 236/148/131 227/138/126
f 227/138/126 225/137/125 235/147/130
f 237/149/132 235/147/130 225/137/125
f 225/137/125 229/141/127 237/149/132
f 173/86/76 237/149/132 229/141/127
f 229/141/127 171/82/74 173/86/76
f 232/202/189 238/203/191 231/146/190
f 239/151/192 231/146/190 238/203/191
f 240/150/133 233/143/128 231/146/190
f 231/146/190 239/151/192 240/150/133
f 172/85/75 169/81/73 233/143/128
f 233/143/128 240/150/133 172/85/75
f 241/152/135 242/153/193 236/148/131
f 236/148/131 235/147/130 241/152/135
f 241/152/135 235/147/130 237/149/132
f 237/149/132 243/154/137 241/152/135
f 243/154/137 237/149/132 173/86/76
f 173/86/76 175/88/78 243/154/137
f 238/203/191 244/204/194 239/151/192
f 245/156/195 239/151/192 244/204/194
f 246/155/138 240/150/133 245/156/195
f 245/156/195 240/150/133 239/151/192
f 174/87/77 172/85/75 246/155/138
f 246/155/138 172/85/75 240/150/133
f 202/119/107 242/153/193 241/152/135
f 241/152/135 201/117/105 202/119/107
f 201/117/105 241/152/135 243/154/137
f 243/154/137 205/121/109 201/117/105
f 205/121/109 243/154/137 175/88/78
f 175/88/78 163/74/66 205/121/109
f 244/204/194 207/197/181 245/156/195
f 208/123/183 245/156/195 207/197/181
f 245/156/195 208/123/183 246/155/138
f 212/126/114 246/155/138 208/123/183
f 246/155/138 212/126/114 174/87/77
f 162/75/67 174/87/77 212/126/114
f 247/157/140 219/133/121 248/158/141
f 220/132/120 248/158/141 219/133/121
f 248/158/141 220/132/120 249/159/142
f 221/134/122 249/159/142 220/132/120
f 249/159/142 221/134/122 177/90/80
f 168/80/170 177/90/80 221/134/122
f 222/135/188 223/200/187 250/205/196
f 250/205/196 251/160/197 222/135/188
f 222/135/188 251/160/197 252/161/144
f 252/161/144 224/136/124 222/135/188
f 224/136/124 252/161/144 176/89/79
f 176/89/79 167/79/71 224/136/124
f 253/162/145 247/157/140 254/163/146
f 248/158/141 254/163/146 247/157/140
f 249/159/142 255/164/147 248/158/141
f 248/158/141 255/164/147 254/163/146
f 177/90/80 179/92/82 249/159/142
f 249/159/142 179/92/82 255/164/147
f 251/160/197 250/205/196 256/206/198
f 256/206/198 257/165/199 251/160/197
f 251/160/197 257/165/199 258/166/149
f 258/166/149 252/161/144 251/160/197
f 252/161/144 258/166/149 178/91/171
f 178/91/171 176/89/79 252/161/144
f 259/167/150 253/162/145 260/168/200
f 254/163/146 260/168/200 253/162/145
f 255/164/147 261/169/152 260/168/200
f 260/168/200 254/163/146 255/164/147
f 179/92/82 181/94/84 261/169/152
f 261/169/152 255/164/147 179/92/82
f 257/165/199 256/206/198 262/207/201
f 262/207/201 263/170/202 257/165/199
f 258/166/149 257/165/199 263/170/202
f 263/170/202 264/171/203 258/166/149
f 178/91/171 258/166/149 264/171/203
f 264/171/203 180/93/172 178/91/171
f 185/172/86 259/167/150 184/173/87
f 260/168/200 184/173/87 259/167/150
f 184/173/87 260/168/200 261/169/152
f 261/169/152 188/174/90 184/173/87
f 188/174/90 261/169/152 156/95/59
f 261/169/152 181/94/84 156/95/59
f 263/170/202 262/207/201 265/208/175
f 265/208/175 266/175/174 263/170/202
f 264/171/203 263/170/202 266/175/174
f 266/175/174 192/176/92 264/171/203
f 264/171/203 192/176/92 182/96/169
f 182/96/169 180/93/172 264/171/203
f 267/209/204 244/204/194 238/203/191
f 238/203/191 268/210/205 267/209/204
f 268/210/205 238/203/191 232/202/189
f 232/202/189 269/211/206 268/210/205
f 270/212/207 271/213/208 256/206/198
f 256/206/198 271/213/208 262/207/201
f 272/214/209 270/212/207 250/205/196
f 250/205/196 270/212/207 256/206/198
f 271/213/208 275/215/210 265/208/175
f 265/208/175 262/207/201 271/213/208
f 273/216/211 272/214/209 223/200/187
f 223/200/187 272/214/209 250/205/196
f 190/194/176 265/193/175 274/217/212
f 265/193/175 275/218/210 274/217/212
f 276/219/213 273/216/211 223/200/187
f 223/200/187 216/199/185 276/219/213
f 197/195/178 190/194/176 274/217/212
f 274/217/212 277/220/214 197/195/178
f 276/219/213 209/198/182 278/221/215
f 276/219/213 216/199/185 209/198/182
f 230/196/180 197/195/178 279/222/216
f 197/195/178 277/220/214 279/222/216
f 280/223/217 278/221/215 209/198/182
f 209/198/182 207/197/181 280/223/217
f 232/202/189 230/201/180 279/224/216
f 279/224/216 269/211/206 232/202/189
f 280/223/217 207/197/181 244/204/194
f 244/204/194 267/209/204 280/223/217
f 219/133/121 281/177/218 214/128/116
f 281/177/218 219/133/121 397/178/219
f 214/128/116 400/179/220 204/120/108
f 214/128/116 281/177/218 400/179/220
f 202/119/107 204/120/108 400/179/220
f 400/179/220 282/180/221 202/119/107
f 202/119/107 282/180/221 283/181/222
f 283/181/222 242/153/193 202/119/107
f 242/153/193 283/181/222 236/148/131
f 283/181/222 284/182/223 236/148/131
f 236/148/131 284/182/223 227/138/126
f 284/182/223 285/183/224 227/138/126
f 227/138/126 285/183/224 401/184/225
f 401/184/225 226/139/100 227/138/126
f 399/185/226 193/107/95 401/186/225
f 401/186/225 193/107/95 226/112/100
f 398/187/227 183/97/85 399/185/226
f 399/185/226 183/97/85 193/107/95
f 398/187/227 396/188/228 183/97/85
f 396/188/228 185/98/86 183/97/85
f 259/167/150 396/189/228 395/190/229
f 259/167/150 185/172/86 396/189/228
f 253/162/145 395/190/229 286/191/230
f 253/162/145 259/167/150 395/190/229
f 247/157/140 286/191/230 287/192/231
f 247/157/140 253/162/145 286/191/230
f 219/133/121 287/192/231 397/178/219
f 219/133/121 247/157/140 287/192/231
f 288/65/232 289/66/233 309/67/234
f 309/67/234 310/68/235 288/65/232
f 290/69/236 289/66/233 291/70/237
f 289/66/233 288/65/232 291/70/237
f 301/71/238 290/69/236 303/72/239
f 290/69/236 291/70/237 303/72/239
f 292/73/240 294/74/241 293/75/242
f 292/73/240 295/76/243 294/74/241
f 296/77/244 295/76/243 292/73/240
f 296/77/244 297/78/245 295/76/243
f 298/79/246 297/78/245 296/77/244
f 298/79/246 299/80/247 297/78/245
f 300/81/248 302/82/249 301/83/238
f 301/83/238 303/84/239 300/81/248
f 304/85/250 305/86/251 302/82/249
f 302/82/249 300/81/248 304/85/250
f 306/87/252 307/88/253 305/86/251
f 305/86/251 304/85/250 306/87/252
f 293/75/242 294/74/241 307/88/253
f 307/88/253 306/87/252 293/75/242
f 298/79/246 2168/89/254 299/80/247
f 2168/89/254 408/225/255 299/80/247
f 309/95/234 2172/94/256 310/96/235
f 2172/94/256 2173/226/257 310/96/235
f 311/97/258 312/98/259 392/99/260
f 392/99/260 313/100/261 311/97/258
f 313/100/261 392/99/260 314/101/262
f 392/99/260 315/102/263 314/101/262
f 314/101/262 315/102/263 289/66/233
f 315/102/263 309/67/234 289/66/233
f 316/106/264 317/105/265 393/193/266
f 393/193/266 318/194/267 316/106/264
f 319/103/91 394/104/268 317/105/265
f 317/105/265 316/106/264 319/103/91
f 288/65/232 310/68/235 319/103/91
f 319/103/91 310/68/235 394/104/268
f 320/107/269 311/97/258 321/108/96
f 311/97/258 313/100/261 321/108/96
f 321/108/96 313/100/261 322/109/270
f 313/100/261 314/101/262 322/109/270
f 322/109/270 314/101/262 289/66/233
f 289/66/233 290/69/236 322/109/270
f 323/111/271 316/106/264 318/194/267
f 318/194/267 324/195/272 323/111/271
f 325/110/273 319/103/91 316/106/264
f 316/106/264 323/111/271 325/110/273
f 288/65/232 325/110/273 291/70/237
f 288/65/232 319/103/91 325/110/273
f 352/112/274 320/107/269 354/113/275
f 320/107/269 321/108/96 354/113/275
f 354/113/275 321/108/96 322/109/270
f 322/109/270 326/114/276 354/113/275
f 326/114/276 322/109/270 290/69/236
f 290/69/236 301/71/238 326/114/276
f 359/116/277 323/111/271 356/196/278
f 323/111/271 324/195/272 356/196/278
f 361/115/279 325/110/273 359/116/277
f 325/110/273 323/111/271 359/116/277
f 291/70/237 361/115/279 303/72/239
f 291/70/237 325/110/273 361/115/279
f 327/117/280 329/118/281 328/119/282
f 329/118/281 330/120/283 328/119/282
f 331/121/284 332/122/285 327/117/280
f 332/122/285 329/118/281 327/117/280
f 295/76/243 331/121/284 294/74/241
f 295/76/243 332/122/285 331/121/284
f 333/197/286 335/198/287 334/123/288
f 335/198/287 336/124/289 334/123/288
f 334/123/288 336/124/289 337/125/290
f 337/125/290 338/126/291 334/123/288
f 338/126/291 337/125/290 292/73/240
f 292/73/240 293/75/242 338/126/291
f 339/127/292 330/120/283 329/118/281
f 339/127/292 340/128/293 330/120/283
f 332/122/285 341/129/294 339/127/292
f 339/127/292 329/118/281 332/122/285
f 297/78/245 332/122/285 295/76/243
f 297/78/245 341/129/294 332/122/285
f 335/198/287 342/199/295 336/124/289
f 342/199/295 343/130/296 336/124/289
f 336/124/289 343/130/296 337/125/290
f 343/130/296 344/131/297 337/125/290
f 337/125/290 344/131/297 296/77/244
f 296/77/244 292/73/240 337/125/290
f 339/127/292 346/132/298 345/133/299
f 345/133/299 340/128/293 339/127/292
f 341/129/294 347/134/300 346/132/298
f 346/132/298 339/127/292 341/129/294
f 297/78/245 299/80/247 347/134/300
f 347/134/300 341/129/294 297/78/245
f 342/199/295 349/200/301 348/135/302
f 348/135/302 343/130/296 342/199/295
f 343/130/296 348/135/302 344/131/297
f 348/135/302 350/136/303 344/131/297
f 344/131/297 350/136/303 296/77/244
f 350/136/303 298/79/246 296/77/244
f 351/137/304 353/138/305 352/139/274
f 352/139/274 354/140/275 351/137/304
f 355/141/306 351/137/304 354/140/275
f 354/140/275 326/142/276 355/141/306
f 302/82/249 355/141/306 326/142/276
f 326/142/276 301/83/238 302/82/249
f 356/201/278 358/202/307 357/146/308
f 357/146/308 359/145/277 356/201/278
f 360/143/309 361/144/279 359/145/277
f 359/145/277 357/146/308 360/143/309
f 300/81/248 303/84/239 361/144/279
f 361/144/279 360/143/309 300/81/248
f 362/147/310 363/148/311 353/138/305
f 353/138/305 351/137/304 362/147/310
f 364/149/312 362/147/310 351/137/304
f 351/137/304 355/141/306 364/149/312
f 305/86/251 364/149/312 355/141/306
f 355/141/306 302/82/249 305/86/251
f 358/202/307 365/203/313 357/146/308
f 366/151/314 357/146/308 365/203/313
f 367/150/315 360/143/309 357/146/308
f 357/146/308 366/151/314 367/150/315
f 304/85/250 300/81/248 360/143/309
f 360/143/309 367/150/315 304/85/250
f 368/152/316 369/153/317 363/148/311
f 363/148/311 362/147/310 368/152/316
f 368/152/316 362/147/310 364/149/312
f 364/149/312 370/154/318 368/152/316
f 370/154/318 364/149/312 305/86/251
f 305/86/251 307/88/253 370/154/318
f 365/203/313 371/204/319 366/151/314
f 372/156/320 366/151/314 371/204/319
f 373/155/321 367/150/315 372/156/320
f 372/156/320 367/150/315 366/151/314
f 306/87/252 304/85/250 373/155/321
f 373/155/321 304/85/250 367/150/315
f 328/119/282 369/153/317 368/152/316
f 368/152/316 327/117/280 328/119/282
f 327/117/280 368/152/316 370/154/318
f 370/154/318 331/121/284 327/117/280
f 331/121/284 370/154/318 307/88/253
f 307/88/253 294/74/241 331/121/284
f 371/204/319 333/197/286 372/156/320
f 334/123/288 372/156/320 333/197/286
f 372/156/320 334/123/288 373/155/321
f 338/126/291 373/155/321 334/123/288
f 373/155/321 338/126/291 306/87/252
f 293/75/242 306/87/252 338/126/291
f 374/157/322 345/133/299 375/158/323
f 346/132/298 375/158/323 345/133/299
f 375/158/323 346/132/298 376/159/324
f 347/134/300 376/159/324 346/132/298
f 376/159/324 347/134/300 308/90/325
f 299/80/247 308/90/325 347/134/300
f 348/135/302 349/200/301 377/205/326
f 377/205/326 378/160/327 348/135/302
f 348/135/302 378/160/327 379/161/328
f 379/161/328 350/136/303 348/135/302
f 350/136/303 379/161/328 2168/89/254
f 2168/89/254 298/79/246 350/136/303
f 380/162/329 374/157/322 381/163/330
f 375/158/323 381/163/330 374/157/322
f 376/159/324 382/164/331 375/158/323
f 375/158/323 382/164/331 381/163/330
f 308/90/325 2170/227/332 376/159/324
f 376/159/324 2177/92/333 382/164/331
f 378/160/327 377/205/326 383/206/334
f 383/206/334 384/165/335 378/160/327
f 378/160/327 384/165/335 385/166/336
f 385/166/336 379/161/328 378/160/327
f 379/161/328 385/166/336 2176/91/337
f 2176/91/337 2169/228/338 379/161/328
f 386/167/339 380/162/329 387/168/340
f 381/163/330 387/168/340 380/162/329
f 382/164/331 388/169/341 387/168/340
f 387/168/340 381/163/330 382/164/331
f 2177/92/333 2171/229/342 388/169/341
f 388/169/341 382/164/331 2177/92/333
f 384/165/335 383/206/334 389/207/343
f 389/207/343 390/170/344 384/165/335
f 385/166/336 384/165/335 390/170/344
f 390/170/344 391/171/345 385/166/336
f 2176/91/337 385/166/336 391/171/345
f 2174/93/346 2175/230/347 391/171/345
f 312/172/259 386/167/339 392/173/260
f 387/168/340 392/173/260 386/167/339
f 392/173/260 387/168/340 388/169/341
f 388/169/341 315/174/263 392/173/260
f 315/174/263 388/169/341 309/95/234
f 388/169/341 2172/94/256 309/95/234
f 390/170/344 389/207/343 393/208/266
f 393/208/266 317/175/265 390/170/344
f 391/171/345 390/170/344 317/175/265
f 317/175/265 394/176/268 391/171/345
f 391/171/345 394/176/268 310/96/235
f 310/96/235 2174/93/346 391/171/345
f 283/209/222 371/204/319 365/203/313
f 365/203/313 284/210/223 283/209/222
f 284/210/223 365/203/313 358/202/307
f 358/202/307 285/211/224 284/210/223
f 286/212/230 395/213/229 383/206/334
f 383/206/334 395/213/229 389/207/343
f 287/214/231 286/212/230 377/205/326
f 377/205/326 286/212/230 383/206/334
f 395/213/229 396/215/228 393/208/266
f 393/208/266 389/207/343 395/213/229
f 397/216/219 287/214/231 349/200/301
f 349/200/301 287/214/231 377/205/326
f 318/194/267 393/193/266 398/217/227
f 393/193/266 396/218/228 398/217/227
f 281/219/218 397/216/219 349/200/301
f 349/200/301 342/199/295 281/219/218
f 324/195/272 318/194/267 398/217/227
f 398/217/227 399/220/226 324/195/272
f 281/219/218 335/198/287 400/221/220
f 281/219/218 342/199/295 335/198/287
f 356/196/278 324/195/272 401/222/225
f 324/195/272 399/220/226 401/222/225
f 282/223/221 400/221/220 335/198/287
f 335/198/287 333/197/286 282/223/221
f 358/202/307 356/201/278 401/224/225
f 401/224/225 285/211/224 358/202/307
f 282/223/221 333/197/286 371/204/319
f 371/204/319 283/209/222 282/223/221
f 345/133/299 22/177/23 340/128/293
f 22/177/23 345/133/299 402/178/50
f 340/128/293 403/179/24 330/120/283
f 340/128/293 22/177/23 403/179/24
f 328/119/282 330/120/283 403/179/24
f 403/179/24 404/180/51 328/119/282
f 328/119/282 404/180/51 405/181/52
f 405/181/52 369/153/317 328/119/282
f 369/153/317 405/181/52 363/148/311
f 405/181/52 28/182/30 363/148/311
f 363/148/311 28/182/30 353/138/305
f 28/182/30 27/183/31 353/138/305
f 353/138/305 27/183/31 49/184/53
f 49/184/53 352/139/274 353/138/305
f 406/185/20 320/107/269 49/186/53
f 49/186/53 320/107/269 352/112/274
f 19/187/19 311/97/258 406/185/20
f 406/185/20 311/97/258 320/107/269
f 19/187/19 50/188/49 311/97/258
f 50/188/49 312/98/259 311/97/258
f 386/167/339 50/189/49 42/190/48
f 386/167/339 312/172/259 50/189/49
f 380/162/329 42/190/48 25/191/28
f 380/162/329 386/167/339 42/190/48
f 374/157/322 25/191/28 407/192/27
f 374/157/322 380/162/329 25/191/28
f 345/133/299 407/192/27 402/178/50
f 345/133/299 374/157/322 407/192/27
f 391/171/345 2175/230/347 2176/91/337
f 388/169/341 2171/229/342 2172/94/256
f 379/161/328 2169/228/338 2168/89/254
f 376/159/324 2170/227/332 2177/92/333
f 409/231/348 410/232/349 310/96/235
f 299/80/247 408/225/255 308/90/325
f 310/96/235 2173/226/257 409/231/348
f 310/96/235 410/232/349 2174/93/346
f 411/1/350 413/2/351 412/3/352
f 411/1/350 414/4/353 413/2/351
f 415/5/354 417/6/355 416/7/356
f 417/6/355 418/8/357 416/7/356
f 419/9/358 421/10/359 420/11/360
f 420/11/360 422/12/361 419/9/358
f 423/13/362 425/14/363 424/15/364
f 424/15/364 426/16/365 423/13/362
f 427/233/366 429/18/367 428/234/368
f 427/233/366 430/17/369 429/18/367
f 430/17/369 412/3/352 429/18/367
f 430/17/369 411/1/350 412/3/352
f 413/2/351 414/4/353 432/19/99
f 432/19/99 431/20/94 413/2/351
f 433/21/370 435/22/371 434/235/372
f 435/22/371 436/236/373 434/235/372
f 416/7/356 418/8/357 433/21/370
f 418/8/357 435/22/371 433/21/370
f 437/23/112 415/5/354 103/24/118
f 437/23/112 417/6/355 415/5/354
f 438/237/374 440/25/375 439/26/376
f 439/26/376 441/238/377 438/237/374
f 440/25/375 419/9/358 422/12/361
f 422/12/361 439/26/376 440/25/375
f 442/27/139 443/28/134 444/29/378
f 444/29/378 443/28/134 421/10/359
f 132/30/148 423/13/362 426/16/365
f 426/16/365 137/31/153 132/30/148
f 445/239/379 447/240/380 446/32/381
f 446/32/381 447/240/380 448/33/382
f 446/32/381 448/33/382 449/34/383
f 449/34/383 448/33/382 425/14/363
f 450/35/384 444/29/378 451/36/385
f 451/36/385 452/37/386 450/35/384
f 451/36/385 444/29/378 421/10/359
f 421/10/359 419/9/358 451/36/385
f 453/38/387 422/12/361 471/39/388
f 420/11/360 471/39/388 422/12/361
f 454/40/389 455/41/390 449/34/383
f 449/34/383 456/42/391 454/40/389
f 456/42/391 449/34/383 425/14/363
f 425/14/363 423/13/362 456/42/391
f 424/15/364 457/43/392 426/16/365
f 426/16/365 457/43/392 458/44/393
f 459/241/394 461/45/395 460/46/396
f 460/46/396 462/242/397 459/241/394
f 462/242/397 460/46/396 440/25/375
f 440/25/375 438/237/374 462/242/397
f 473/243/398 441/238/377 472/47/399
f 439/26/376 472/47/399 441/238/377
f 461/45/395 452/37/386 451/36/385
f 451/36/385 460/46/396 461/45/395
f 460/46/396 451/36/385 419/9/358
f 419/9/358 440/25/375 460/46/396
f 472/47/399 439/26/376 422/12/361
f 422/12/361 453/38/387 472/47/399
f 114/48/129 474/49/104 471/39/388
f 471/39/388 420/11/360 114/48/129
f 443/28/134 114/48/129 421/10/359
f 421/10/359 114/48/129 420/11/360
f 450/35/384 463/50/111 442/27/139
f 442/27/139 444/29/378 450/35/384
f 464/51/123 456/42/391 127/52/143
f 464/51/123 454/40/389 456/42/391
f 127/52/143 456/42/391 423/13/362
f 423/13/362 132/30/148 127/52/143
f 426/16/365 458/44/393 137/31/153
f 137/31/153 458/44/393 84/53/93
f 465/55/400 467/54/401 466/244/402
f 468/245/403 466/244/402 467/54/401
f 447/240/380 468/245/403 448/33/382
f 448/33/382 468/245/403 467/54/401
f 469/246/404 445/239/379 446/32/381
f 446/32/381 470/56/405 469/246/404
f 467/54/401 465/55/400 424/15/364
f 424/15/364 465/55/400 457/43/392
f 448/33/382 467/54/401 425/14/363
f 425/14/363 467/54/401 424/15/364
f 455/41/390 470/56/405 446/32/381
f 446/32/381 449/34/383 455/41/390
f 411/1/350 453/57/387 414/4/353
f 453/57/387 471/58/388 414/4/353
f 458/59/393 457/60/392 412/3/352
f 412/3/352 413/2/351 458/59/393
f 454/40/389 415/5/354 416/7/356
f 416/7/356 455/41/390 454/40/389
f 450/35/384 418/8/357 417/6/355
f 418/8/357 450/35/384 452/37/386
f 427/233/366 473/247/398 472/61/399
f 472/61/399 430/17/369 427/233/366
f 466/248/402 428/234/368 429/18/367
f 429/18/367 465/62/400 466/248/402
f 430/17/369 472/61/399 411/1/350
f 472/61/399 453/57/387 411/1/350
f 465/62/400 429/18/367 412/3/352
f 412/3/352 457/60/392 465/62/400
f 84/63/93 458/59/393 413/2/351
f 413/2/351 431/20/94 84/63/93
f 471/58/388 432/19/99 414/4/353
f 432/19/99 471/58/388 474/64/104
f 470/56/405 433/21/370 469/246/404
f 433/21/370 434/235/372 469/246/404
f 435/22/371 461/45/395 436/236/373
f 436/236/373 461/45/395 459/241/394
f 455/41/390 416/7/356 470/56/405
f 416/7/356 433/21/370 470/56/405
f 418/8/357 452/37/386 461/45/395
f 461/45/395 435/22/371 418/8/357
f 463/50/111 417/6/355 437/23/112
f 463/50/111 450/35/384 417/6/355
f 464/51/123 103/24/118 454/40/389
f 103/24/118 415/5/354 454/40/389
f 459/241/394 476/249/406 475/250/407
f 475/250/407 436/236/373 459/241/394
f 434/235/372 436/236/373 475/250/407
f 475/250/407 477/251/408 434/235/372
f 469/246/404 434/235/372 477/251/408
f 477/251/408 501/252/409 469/246/404
f 469/246/404 501/252/409 445/239/379
f 501/252/409 498/253/410 445/239/379
f 447/240/380 445/239/379 498/253/410
f 498/253/410 478/254/411 447/240/380
f 468/245/403 447/240/380 478/254/411
f 478/254/411 479/255/412 468/245/403
f 479/255/412 502/256/413 466/244/402
f 466/244/402 468/245/403 479/255/412
f 500/257/414 428/234/368 466/248/402
f 466/248/402 502/258/413 500/257/414
f 500/257/414 480/259/415 428/234/368
f 480/259/415 427/233/366 428/234/368
f 480/259/415 499/260/416 427/233/366
f 499/260/416 473/247/398 427/233/366
f 441/238/377 499/261/416 481/262/417
f 441/238/377 473/243/398 499/261/416
f 438/237/374 481/262/417 482/263/418
f 438/237/374 441/238/377 481/262/417
f 462/242/397 482/263/418 483/264/419
f 462/242/397 438/237/374 482/263/418
f 459/241/394 483/264/419 476/249/406
f 459/241/394 462/242/397 483/264/419
f 498/209/410 494/204/420 493/203/421
f 493/203/421 478/210/411 498/209/410
f 478/210/411 493/203/421 492/202/422
f 492/202/422 479/211/412 478/210/411
f 482/212/418 481/213/417 496/206/423
f 496/206/423 481/213/417 497/207/424
f 483/214/419 482/212/418 495/205/425
f 495/205/425 482/212/418 496/206/423
f 481/213/417 499/215/416 484/208/426
f 484/208/426 497/207/424 481/213/417
f 476/216/406 483/214/419 491/200/427
f 491/200/427 483/214/419 495/205/425
f 485/194/428 484/193/426 480/217/415
f 484/193/426 499/218/416 480/217/415
f 475/219/407 476/216/406 491/200/427
f 491/200/427 490/199/429 475/219/407
f 486/195/430 485/194/428 480/217/415
f 480/217/415 500/220/414 486/195/430
f 475/219/407 489/198/431 477/221/408
f 475/219/407 490/199/429 489/198/431
f 487/196/432 486/195/430 502/222/413
f 486/195/430 500/220/414 502/222/413
f 501/223/409 477/221/408 489/198/431
f 489/198/431 488/197/433 501/223/409
f 492/202/422 487/201/432 502/224/413
f 502/224/413 479/211/412 492/202/422
f 501/223/409 488/197/433 494/204/420
f 494/204/420 498/209/410 501/223/409
f 503/265/434 504/266/435 505/267/436
f 504/266/435 503/265/434 506/268/437
f 503/265/434 507/269/438 508/270/439
f 503/265/434 508/270/439 506/268/437
f 508/270/439 509/271/440 510/272/441
f 509/271/440 508/270/439 507/269/438
f 529/273/442 511/274/443 530/275/444
f 511/274/443 529/273/442 512/276/445
f 511/274/443 512/276/445 513/277/446
f 513/277/446 512/276/445 514/278/447
f 513/277/446 514/278/447 515/279/448
f 515/279/448 514/278/447 516/280/449
f 515/281/448 516/282/449 517/283/450
f 518/284/451 517/283/450 516/282/449
f 517/283/450 518/284/451 519/285/452
f 520/286/453 519/285/452 518/284/451
f 521/287/454 520/286/453 522/288/455
f 520/286/453 521/287/454 519/285/452
f 505/267/436 504/266/435 522/288/455
f 504/266/435 521/287/454 522/288/455
f 510/272/441 509/271/440 523/289/456
f 510/272/441 523/289/456 524/290/457
f 524/290/457 523/289/456 525/291/458
f 524/290/457 525/291/458 526/292/459
f 526/292/459 525/291/458 527/293/460
f 526/292/459 527/293/460 528/294/461
f 528/294/461 527/293/460 529/295/442
f 528/294/461 529/295/442 530/296/444
f 531/297/462 532/298/463 533/299/464
f 532/298/463 531/297/462 534/300/465
f 504/266/435 506/268/437 531/297/462
f 504/266/435 531/297/462 533/299/464
f 535/301/466 536/302/467 537/303/468
f 537/303/468 536/302/467 538/304/469
f 536/302/467 503/265/434 538/304/469
f 538/304/469 503/265/434 505/267/436
f 531/297/462 539/305/470 540/306/471
f 531/297/462 540/306/471 534/300/465
f 506/268/437 508/270/439 539/305/470
f 506/268/437 539/305/470 531/297/462
f 541/307/472 536/302/467 535/301/466
f 536/302/467 541/307/472 542/308/473
f 542/308/473 503/265/434 536/302/467
f 503/265/434 542/308/473 507/269/438
f 543/309/474 540/306/471 539/305/470
f 540/306/471 543/309/474 544/310/475
f 510/272/441 543/309/474 508/270/439
f 543/309/474 539/305/470 508/270/439
f 545/311/476 546/312/477 541/307/472
f 541/307/472 546/312/477 542/308/473
f 546/312/477 507/269/438 542/308/473
f 507/269/438 546/312/477 509/271/440
f 547/313/478 548/314/479 549/315/480
f 549/315/480 548/314/479 550/316/481
f 548/314/479 511/274/443 550/316/481
f 511/274/443 548/314/479 530/275/444
f 551/317/482 552/318/483 553/319/484
f 551/317/482 553/319/484 554/320/485
f 529/273/442 551/317/482 512/276/445
f 551/317/482 529/273/442 552/318/483
f 549/315/480 555/321/486 556/322/487
f 555/321/486 549/315/480 550/316/481
f 550/316/481 513/277/446 555/321/486
f 513/277/446 550/316/481 511/274/443
f 557/323/488 551/317/482 558/324/489
f 551/317/482 554/320/485 558/324/489
f 514/278/447 512/276/445 551/317/482
f 514/278/447 551/317/482 557/323/488
f 556/322/487 555/321/486 559/325/490
f 562/326/491 559/325/490 555/321/486
f 555/321/486 513/277/446 562/326/491
f 562/326/491 513/277/446 515/279/448
f 560/327/492 557/323/488 558/324/489
f 560/327/492 558/324/489 561/328/493
f 514/278/447 560/327/492 516/280/449
f 560/327/492 514/278/447 557/323/488
f 559/329/490 562/330/491 563/331/494
f 564/332/495 563/331/494 562/330/491
f 562/330/491 515/281/448 564/332/495
f 564/332/495 515/281/448 517/283/450
f 565/333/496 561/334/493 566/335/497
f 561/334/493 565/333/496 560/336/492
f 518/284/451 560/336/492 565/333/496
f 560/336/492 518/284/451 516/282/449
f 563/331/494 564/332/495 567/337/498
f 568/338/499 567/337/498 564/332/495
f 564/332/495 517/283/450 568/338/499
f 519/285/452 568/338/499 517/283/450
f 569/339/500 566/335/497 570/340/501
f 566/335/497 569/339/500 565/333/496
f 520/286/453 565/333/496 569/339/500
f 565/333/496 520/286/453 518/284/451
f 567/337/498 568/338/499 571/341/502
f 572/342/503 571/341/502 568/338/499
f 572/342/503 519/285/452 521/287/454
f 519/285/452 572/342/503 568/338/499
f 573/343/504 570/340/501 574/344/505
f 570/340/501 573/343/504 569/339/500
f 522/288/455 569/339/500 573/343/504
f 569/339/500 522/288/455 520/286/453
f 571/341/502 572/342/503 532/298/463
f 533/299/464 532/298/463 572/342/503
f 504/266/435 533/299/464 521/287/454
f 533/299/464 572/342/503 521/287/454
f 538/304/469 574/344/505 537/303/468
f 574/344/505 538/304/469 573/343/504
f 505/267/436 573/343/504 538/304/469
f 573/343/504 505/267/436 522/288/455
f 544/310/475 543/309/474 575/345/506
f 544/310/475 575/345/506 576/346/507
f 543/309/474 510/272/441 524/290/457
f 543/309/474 524/290/457 575/345/506
f 546/312/477 545/311/476 577/347/508
f 546/312/477 577/347/508 578/348/509
f 509/271/440 546/312/477 578/348/509
f 509/271/440 578/348/509 523/289/456
f 576/346/507 575/345/506 579/349/510
f 576/346/507 579/349/510 580/350/511
f 575/345/506 524/290/457 526/292/459
f 575/345/506 526/292/459 579/349/510
f 578/348/509 577/347/508 581/351/512
f 578/348/509 581/351/512 582/352/513
f 523/289/456 578/348/509 582/352/513
f 523/289/456 582/352/513 525/291/458
f 580/350/511 579/349/510 583/353/514
f 580/350/511 583/353/514 584/354/515
f 579/349/510 526/292/459 528/294/461
f 579/349/510 528/294/461 583/353/514
f 582/352/513 581/351/512 585/355/516
f 582/352/513 585/355/516 586/356/517
f 525/291/458 582/352/513 586/356/517
f 525/291/458 586/356/517 527/293/460
f 584/354/515 548/357/479 547/358/478
f 584/354/515 583/353/514 548/357/479
f 583/353/514 528/294/461 530/296/444
f 583/353/514 530/296/444 548/357/479
f 552/359/483 586/356/517 553/360/484
f 586/356/517 585/355/516 553/360/484
f 527/293/460 586/356/517 552/359/483
f 527/293/460 552/359/483 529/295/442
f 3007/361/518 545/311/476 3006/362/519
f 541/307/472 3006/362/519 545/311/476
f 3006/362/519 535/301/466 3005/363/520
f 535/301/466 3006/362/519 541/307/472
f 3005/363/520 535/301/466 587/364/521
f 587/364/521 535/301/466 537/303/468
f 537/303/468 3014/365/522 587/364/521
f 3014/365/522 537/303/468 574/344/505
f 574/344/505 588/366/523 3014/365/522
f 588/366/523 574/344/505 570/340/501
f 570/340/501 3013/367/524 588/366/523
f 3013/367/524 570/340/501 566/335/497
f 566/335/497 589/368/525 3013/367/524
f 589/368/525 566/335/497 561/334/493
f 558/324/489 589/369/525 561/328/493
f 589/369/525 558/324/489 3012/370/526
f 554/320/485 3012/370/526 558/324/489
f 3012/370/526 554/320/485 3010/371/527
f 553/319/484 3010/371/527 554/320/485
f 3010/371/527 553/319/484 3011/372/528
f 585/355/516 590/373/529 3011/374/528
f 585/355/516 3011/374/528 553/360/484
f 581/351/512 3009/375/530 590/373/529
f 581/351/512 590/373/529 585/355/516
f 577/347/508 3008/376/531 3009/375/530
f 577/347/508 3009/375/530 581/351/512
f 545/311/476 3008/376/531 577/347/508
f 3008/376/531 545/311/476 3007/361/518
f 534/300/465 591/377/532 532/298/463
f 591/377/532 534/300/465 592/378/533
f 540/306/471 592/378/533 534/300/465
f 592/378/533 540/306/471 2586/379/534
f 540/306/471 593/380/535 2586/379/534
f 593/380/535 540/306/471 544/310/475
f 576/346/507 2587/381/536 593/380/535
f 593/380/535 544/310/475 576/346/507
f 2588/382/537 2587/381/536 580/350/511
f 2587/381/536 576/346/507 580/350/511
f 594/383/538 2588/382/537 584/354/515
f 2588/382/537 580/350/511 584/354/515
f 594/383/538 584/354/515 547/358/478
f 594/383/538 547/358/478 595/384/539
f 2589/385/540 595/386/539 549/315/480
f 595/386/539 547/313/478 549/315/480
f 2589/385/540 549/315/480 2590/387/541
f 2590/387/541 549/315/480 556/322/487
f 556/322/487 2591/388/542 2590/387/541
f 2591/388/542 556/322/487 559/325/490
f 2591/389/542 559/329/490 596/390/543
f 563/331/494 596/390/543 559/329/490
f 596/390/543 563/331/494 2592/391/544
f 567/337/498 2592/391/544 563/331/494
f 2592/391/544 567/337/498 2593/392/545
f 571/341/502 2593/392/545 567/337/498
f 2593/392/545 571/341/502 591/377/532
f 532/298/463 591/377/532 571/341/502
f 597/1/546 599/2/547 598/3/548
f 597/1/546 600/4/549 599/2/547
f 601/5/550 603/6/551 602/7/552
f 603/6/551 604/8/553 602/7/552
f 605/9/554 607/10/555 606/11/556
f 606/11/556 608/12/557 605/9/554
f 609/13/558 611/14/559 610/15/560
f 610/15/560 612/16/561 609/13/558
f 613/233/562 615/18/563 614/234/564
f 613/233/562 616/17/565 615/18/563
f 616/17/565 598/3/548 615/18/563
f 616/17/565 597/1/546 598/3/548
f 617/20/566 619/19/567 618/393/568
f 619/19/567 620/394/569 618/393/568
f 599/2/547 600/4/549 619/19/567
f 619/19/567 617/20/566 599/2/547
f 621/21/570 623/22/571 622/235/572
f 623/22/571 624/236/573 622/235/572
f 602/7/552 604/8/553 621/21/570
f 604/8/553 623/22/571 621/21/570
f 625/395/574 627/24/575 626/396/576
f 625/395/574 628/23/577 627/24/575
f 628/23/577 601/5/550 627/24/575
f 628/23/577 603/6/551 601/5/550
f 629/237/578 631/25/579 630/26/580
f 630/26/580 632/238/581 629/237/578
f 631/25/579 605/9/554 608/12/557
f 608/12/557 630/26/580 631/25/579
f 633/397/582 635/398/583 634/27/584
f 634/27/584 635/398/583 636/28/585
f 634/27/584 636/28/585 637/29/586
f 637/29/586 636/28/585 607/10/555
f 638/399/587 640/30/588 639/31/589
f 639/31/589 641/400/590 638/399/587
f 640/30/588 609/13/558 612/16/561
f 612/16/561 639/31/589 640/30/588
f 642/239/591 644/240/592 643/32/593
f 643/32/593 644/240/592 645/33/594
f 643/32/593 645/33/594 646/34/595
f 646/34/595 645/33/594 611/14/559
f 647/35/596 637/29/586 648/36/597
f 648/36/597 649/37/598 647/35/596
f 648/36/597 637/29/586 607/10/555
f 607/10/555 605/9/554 648/36/597
f 675/38/599 608/12/557 676/39/600
f 606/11/556 676/39/600 608/12/557
f 650/40/601 651/41/602 646/34/595
f 646/34/595 652/42/603 650/40/601
f 652/42/603 646/34/595 611/14/559
f 611/14/559 609/13/558 652/42/603
f 610/15/560 653/43/604 612/16/561
f 612/16/561 653/43/604 677/44/605
f 654/241/606 656/45/607 655/46/608
f 655/46/608 657/242/609 654/241/606
f 657/242/609 655/46/608 631/25/579
f 631/25/579 629/237/578 657/242/609
f 678/243/610 632/238/581 658/47/611
f 630/26/580 658/47/611 632/238/581
f 656/45/607 649/37/598 648/36/597
f 648/36/597 655/46/608 656/45/607
f 655/46/608 648/36/597 605/9/554
f 605/9/554 631/25/579 655/46/608
f 658/47/611 630/26/580 608/12/557
f 608/12/557 675/38/599 658/47/611
f 659/401/612 680/402/613 660/49/614
f 660/49/614 661/48/615 659/401/612
f 635/398/583 659/401/612 636/28/585
f 636/28/585 659/401/612 661/48/615
f 662/50/616 663/403/617 633/397/582
f 633/397/582 634/27/584 662/50/616
f 661/48/615 660/49/614 676/39/600
f 676/39/600 606/11/556 661/48/615
f 636/28/585 661/48/615 607/10/555
f 607/10/555 661/48/615 606/11/556
f 647/35/596 662/50/616 634/27/584
f 634/27/584 637/29/586 647/35/596
f 664/51/618 666/52/619 665/404/620
f 665/404/620 667/405/621 664/51/618
f 665/404/620 666/52/619 640/30/588
f 640/30/588 638/399/587 665/404/620
f 639/31/589 679/53/622 668/406/623
f 668/406/623 641/400/590 639/31/589
f 664/51/618 652/42/603 666/52/619
f 664/51/618 650/40/601 652/42/603
f 666/52/619 652/42/603 609/13/558
f 609/13/558 640/30/588 666/52/619
f 612/16/561 677/44/605 639/31/589
f 639/31/589 677/44/605 679/53/622
f 669/55/624 671/54/625 670/244/626
f 672/245/627 670/244/626 671/54/625
f 644/240/592 672/245/627 645/33/594
f 645/33/594 672/245/627 671/54/625
f 673/246/628 642/239/591 643/32/593
f 643/32/593 674/56/629 673/246/628
f 671/54/625 669/55/624 610/15/560
f 610/15/560 669/55/624 653/43/604
f 645/33/594 671/54/625 611/14/559
f 611/14/559 671/54/625 610/15/560
f 651/41/602 674/56/629 643/32/593
f 643/32/593 646/34/595 651/41/602
f 597/1/546 675/57/599 600/4/549
f 675/57/599 676/58/600 600/4/549
f 677/59/605 653/60/604 598/3/548
f 598/3/548 599/2/547 677/59/605
f 650/40/601 601/5/550 602/7/552
f 602/7/552 651/41/602 650/40/601
f 647/35/596 604/8/553 603/6/551
f 604/8/553 647/35/596 649/37/598
f 613/233/562 678/247/610 658/61/611
f 658/61/611 616/17/565 613/233/562
f 670/248/626 614/234/564 615/18/563
f 615/18/563 669/62/624 670/248/626
f 616/17/565 658/61/611 597/1/546
f 658/61/611 675/57/599 597/1/546
f 669/62/624 615/18/563 598/3/548
f 598/3/548 653/60/604 669/62/624
f 679/63/622 617/20/566 668/407/623
f 617/20/566 618/393/568 668/407/623
f 619/19/567 660/64/614 680/408/613
f 680/408/613 620/394/569 619/19/567
f 679/63/622 677/59/605 599/2/547
f 599/2/547 617/20/566 679/63/622
f 676/58/600 619/19/567 600/4/549
f 619/19/567 676/58/600 660/64/614
f 674/56/629 621/21/570 673/246/628
f 621/21/570 622/235/572 673/246/628
f 623/22/571 656/45/607 624/236/573
f 624/236/573 656/45/607 654/241/606
f 651/41/602 602/7/552 674/56/629
f 602/7/552 621/21/570 674/56/629
f 604/8/553 649/37/598 656/45/607
f 656/45/607 623/22/571 604/8/553
f 625/395/574 663/403/617 662/50/616
f 662/50/616 628/23/577 625/395/574
f 667/405/621 626/396/576 664/51/618
f 626/396/576 627/24/575 664/51/618
f 662/50/616 603/6/551 628/23/577
f 662/50/616 647/35/596 603/6/551
f 664/51/618 627/24/575 650/40/601
f 627/24/575 601/5/550 650/40/601
f 681/409/630 873/410/631 667/405/621
f 626/396/576 667/405/621 873/410/631
f 873/410/631 872/411/632 626/396/576
f 872/411/632 625/395/574 626/396/576
f 872/411/632 682/412/633 625/395/574
f 682/412/633 663/403/617 625/395/574
f 682/412/633 683/413/634 633/397/582
f 633/397/582 663/403/617 682/412/633
f 633/397/582 683/413/634 878/414/635
f 878/414/635 635/398/583 633/397/582
f 635/398/583 878/414/635 659/401/612
f 878/414/635 684/415/636 659/401/612
f 659/401/612 684/415/636 877/416/637
f 877/416/637 680/402/613 659/401/612
f 620/394/569 680/408/613 877/417/637
f 877/417/637 685/418/638 620/394/569
f 618/393/568 620/394/569 685/418/638
f 685/418/638 876/419/639 618/393/568
f 668/407/623 618/393/568 876/419/639
f 876/419/639 686/420/640 668/407/623
f 875/421/641 641/400/590 668/406/623
f 668/406/623 686/422/640 875/421/641
f 638/399/587 875/421/641 687/423/642
f 638/399/587 641/400/590 875/421/641
f 665/404/620 687/423/642 874/424/643
f 665/404/620 638/399/587 687/423/642
f 874/424/643 681/409/630 667/405/621
f 667/405/621 665/404/620 874/424/643
f 654/241/606 689/249/644 688/250/645
f 688/250/645 624/236/573 654/241/606
f 622/235/572 624/236/573 688/250/645
f 688/250/645 690/251/646 622/235/572
f 673/246/628 622/235/572 690/251/646
f 690/251/646 783/252/647 673/246/628
f 673/246/628 783/252/647 642/239/591
f 783/252/647 787/253/648 642/239/591
f 644/240/592 642/239/591 787/253/648
f 787/253/648 691/254/649 644/240/592
f 672/245/627 644/240/592 691/254/649
f 691/254/649 692/255/650 672/245/627
f 692/255/650 786/256/651 670/244/626
f 670/244/626 672/245/627 692/255/650
f 693/257/652 614/234/564 670/248/626
f 670/248/626 786/258/651 693/257/652
f 693/257/652 785/259/653 614/234/564
f 785/259/653 613/233/562 614/234/564
f 785/259/653 694/260/654 613/233/562
f 694/260/654 678/247/610 613/233/562
f 632/238/581 694/261/654 695/262/655
f 632/238/581 678/243/610 694/261/654
f 629/237/578 695/262/655 696/263/656
f 629/237/578 632/238/581 695/262/655
f 657/242/609 696/263/656 784/264/657
f 657/242/609 629/237/578 696/263/656
f 654/241/606 784/264/657 689/249/644
f 654/241/606 657/242/609 784/264/657
f 697/1/658 699/2/659 698/3/660
f 697/1/658 700/4/661 699/2/659
f 701/5/662 703/6/663 702/7/664
f 703/6/663 704/8/665 702/7/664
f 705/9/666 707/10/667 706/11/668
f 706/11/668 708/12/669 705/9/666
f 709/13/670 711/14/671 710/15/672
f 710/15/672 712/16/673 709/13/670
f 713/233/674 715/18/675 714/234/676
f 713/233/674 716/17/677 715/18/675
f 716/17/677 698/3/660 715/18/675
f 716/17/677 697/1/658 698/3/660
f 717/20/678 719/19/679 718/393/680
f 719/19/679 720/394/681 718/393/680
f 699/2/659 700/4/661 719/19/679
f 719/19/679 717/20/678 699/2/659
f 721/21/682 723/22/683 722/235/684
f 723/22/683 724/236/685 722/235/684
f 702/7/664 704/8/665 721/21/682
f 704/8/665 723/22/683 721/21/682
f 725/395/686 727/24/687 726/396/688
f 725/395/686 728/23/689 727/24/687
f 728/23/689 701/5/662 727/24/687
f 728/23/689 703/6/663 701/5/662
f 729/237/690 731/25/691 730/26/692
f 730/26/692 732/238/693 729/237/690
f 731/25/691 705/9/666 708/12/669
f 708/12/669 730/26/692 731/25/691
f 733/397/694 735/398/695 734/27/696
f 734/27/696 735/398/695 736/28/697
f 734/27/696 736/28/697 737/29/698
f 737/29/698 736/28/697 707/10/667
f 738/399/699 740/30/700 739/31/701
f 739/31/701 741/400/702 738/399/699
f 740/30/700 709/13/670 712/16/673
f 712/16/673 739/31/701 740/30/700
f 742/239/703 744/240/704 743/32/705
f 743/32/705 744/240/704 745/33/706
f 743/32/705 745/33/706 746/34/707
f 746/34/707 745/33/706 711/14/671
f 747/35/708 737/29/698 748/36/709
f 748/36/709 749/37/710 747/35/708
f 748/36/709 737/29/698 707/10/667
f 707/10/667 705/9/666 748/36/709
f 775/38/711 708/12/669 776/39/712
f 706/11/668 776/39/712 708/12/669
f 750/40/713 751/41/714 746/34/707
f 746/34/707 752/42/715 750/40/713
f 752/42/715 746/34/707 711/14/671
f 711/14/671 709/13/670 752/42/715
f 710/15/672 753/43/716 712/16/673
f 712/16/673 753/43/716 777/44/717
f 754/241/718 756/45/719 755/46/720
f 755/46/720 757/242/721 754/241/718
f 757/242/721 755/46/720 731/25/691
f 731/25/691 729/237/690 757/242/721
f 778/243/722 732/238/693 758/47/723
f 730/26/692 758/47/723 732/238/693
f 756/45/719 749/37/710 748/36/709
f 748/36/709 755/46/720 756/45/719
f 755/46/720 748/36/709 705/9/666
f 705/9/666 731/25/691 755/46/720
f 758/47/723 730/26/692 708/12/669
f 708/12/669 775/38/711 758/47/723
f 759/401/724 780/402/725 760/49/726
f 760/49/726 761/48/727 759/401/724
f 735/398/695 759/401/724 736/28/697
f 736/28/697 759/401/724 761/48/727
f 762/50/728 763/403/729 733/397/694
f 733/397/694 734/27/696 762/50/728
f 761/48/727 760/49/726 776/39/712
f 776/39/712 706/11/668 761/48/727
f 736/28/697 761/48/727 707/10/667
f 707/10/667 761/48/727 706/11/668
f 747/35/708 762/50/728 734/27/696
f 734/27/696 737/29/698 747/35/708
f 764/51/730 766/52/731 765/404/732
f 765/404/732 767/405/733 764/51/730
f 765/404/732 766/52/731 740/30/700
f 740/30/700 738/399/699 765/404/732
f 739/31/701 779/53/734 768/406/735
f 768/406/735 741/400/702 739/31/701
f 764/51/730 752/42/715 766/52/731
f 764/51/730 750/40/713 752/42/715
f 766/52/731 752/42/715 709/13/670
f 709/13/670 740/30/700 766/52/731
f 712/16/673 777/44/717 739/31/701
f 739/31/701 777/44/717 779/53/734
f 769/55/736 771/54/737 770/244/738
f 772/245/739 770/244/738 771/54/737
f 744/240/704 772/245/739 745/33/706
f 745/33/706 772/245/739 771/54/737
f 773/246/740 742/239/703 743/32/705
f 743/32/705 774/56/741 773/246/740
f 771/54/737 769/55/736 710/15/672
f 710/15/672 769/55/736 753/43/716
f 745/33/706 771/54/737 711/14/671
f 711/14/671 771/54/737 710/15/672
f 751/41/714 774/56/741 743/32/705
f 743/32/705 746/34/707 751/41/714
f 697/1/658 775/57/711 700/4/661
f 775/57/711 776/58/712 700/4/661
f 777/59/717 753/60/716 698/3/660
f 698/3/660 699/2/659 777/59/717
f 750/40/713 701/5/662 702/7/664
f 702/7/664 751/41/714 750/40/713
f 747/35/708 704/8/665 703/6/663
f 704/8/665 747/35/708 749/37/710
f 713/233/674 778/247/722 758/61/723
f 758/61/723 716/17/677 713/233/674
f 770/248/738 714/234/676 715/18/675
f 715/18/675 769/62/736 770/248/738
f 716/17/677 758/61/723 697/1/658
f 758/61/723 775/57/711 697/1/658
f 769/62/736 715/18/675 698/3/660
f 698/3/660 753/60/716 769/62/736
f 779/63/734 717/20/678 768/407/735
f 717/20/678 718/393/680 768/407/735
f 719/19/679 760/64/726 780/408/725
f 780/408/725 720/394/681 719/19/679
f 779/63/734 777/59/717 699/2/659
f 699/2/659 717/20/678 779/63/734
f 776/58/712 719/19/679 700/4/661
f 719/19/679 776/58/712 760/64/726
f 774/56/741 721/21/682 773/246/740
f 721/21/682 722/235/684 773/246/740
f 723/22/683 756/45/719 724/236/685
f 724/236/685 756/45/719 754/241/718
f 751/41/714 702/7/664 774/56/741
f 702/7/664 721/21/682 774/56/741
f 704/8/665 749/37/710 756/45/719
f 756/45/719 723/22/683 704/8/665
f 725/395/686 763/403/729 762/50/728
f 762/50/728 728/23/689 725/395/686
f 767/405/733 726/396/688 764/51/730
f 726/396/688 727/24/687 764/51/730
f 762/50/728 703/6/663 728/23/689
f 762/50/728 747/35/708 703/6/663
f 764/51/730 727/24/687 750/40/713
f 727/24/687 701/5/662 750/40/713
f 2031/409/742 781/410/743 767/405/733
f 726/396/688 767/405/733 781/410/743
f 781/410/743 2029/411/744 726/396/688
f 2029/411/744 725/395/686 726/396/688
f 2029/411/744 2030/412/745 725/395/686
f 2030/412/745 763/403/729 725/395/686
f 2030/412/745 2040/413/746 733/397/694
f 733/397/694 763/403/729 2030/412/745
f 733/397/694 2040/413/746 2039/414/747
f 2039/414/747 735/398/695 733/397/694
f 735/398/695 2039/414/747 759/401/724
f 2039/414/747 2038/415/748 759/401/724
f 759/401/724 2038/415/748 782/416/749
f 782/416/749 780/402/725 759/401/724
f 720/394/681 780/408/725 782/417/749
f 782/417/749 2037/418/750 720/394/681
f 718/393/680 720/394/681 2037/418/750
f 2037/418/750 2036/419/751 718/393/680
f 768/407/735 718/393/680 2036/419/751
f 2036/419/751 2035/420/752 768/407/735
f 2034/421/753 741/400/702 768/406/735
f 768/406/735 2035/422/752 2034/421/753
f 738/399/699 2034/421/753 2033/423/754
f 738/399/699 741/400/702 2034/421/753
f 765/404/732 2033/423/754 2032/424/755
f 765/404/732 738/399/699 2033/423/754
f 2032/424/755 2031/409/742 767/405/733
f 767/405/733 765/404/732 2032/424/755
f 754/241/718 783/249/647 690/250/646
f 690/250/646 724/236/685 754/241/718
f 722/235/684 724/236/685 690/250/646
f 690/250/646 688/251/645 722/235/684
f 773/246/740 722/235/684 688/251/645
f 688/251/645 689/252/644 773/246/740
f 773/246/740 689/252/644 742/239/703
f 689/252/644 784/253/657 742/239/703
f 744/240/704 742/239/703 784/253/657
f 784/253/657 696/254/656 744/240/704
f 772/245/739 744/240/704 696/254/656
f 696/254/656 695/255/655 772/245/739
f 695/255/655 694/256/654 770/244/738
f 770/244/738 772/245/739 695/255/655
f 785/257/653 714/234/676 770/248/738
f 770/248/738 694/258/654 785/257/653
f 785/257/653 693/259/652 714/234/676
f 693/259/652 713/233/674 714/234/676
f 693/259/652 786/260/651 713/233/674
f 786/260/651 778/247/722 713/233/674
f 732/238/693 786/261/651 692/262/650
f 732/238/693 778/243/722 786/261/651
f 729/237/690 692/262/650 691/263/649
f 729/237/690 732/238/693 692/262/650
f 757/242/721 691/263/649 787/264/648
f 757/242/721 729/237/690 691/263/649
f 754/241/718 787/264/648 783/249/647
f 754/241/718 757/242/721 787/264/648
f 788/1/756 790/2/757 789/3/758
f 788/1/756 791/4/759 790/2/757
f 792/5/760 794/6/761 793/7/762
f 794/6/761 795/8/763 793/7/762
f 796/9/764 798/10/765 797/11/766
f 797/11/766 799/12/767 796/9/764
f 800/13/768 802/14/769 801/15/770
f 801/15/770 803/16/771 800/13/768
f 804/233/772 806/18/773 805/234/774
f 804/233/772 807/17/775 806/18/773
f 807/17/775 789/3/758 806/18/773
f 807/17/775 788/1/756 789/3/758
f 808/20/776 810/19/777 809/393/778
f 810/19/777 811/394/779 809/393/778
f 790/2/757 791/4/759 810/19/777
f 810/19/777 808/20/776 790/2/757
f 812/21/780 814/22/781 813/235/782
f 814/22/781 815/236/783 813/235/782
f 793/7/762 795/8/763 812/21/780
f 795/8/763 814/22/781 812/21/780
f 816/395/784 818/24/785 817/396/786
f 816/395/784 819/23/787 818/24/785
f 819/23/787 792/5/760 818/24/785
f 819/23/787 794/6/761 792/5/760
f 820/237/788 822/25/789 821/26/790
f 821/26/790 823/238/791 820/237/788
f 822/25/789 796/9/764 799/12/767
f 799/12/767 821/26/790 822/25/789
f 824/397/792 826/398/793 825/27/794
f 825/27/794 826/398/793 827/28/795
f 825/27/794 827/28/795 828/29/796
f 828/29/796 827/28/795 798/10/765
f 829/399/797 831/30/798 830/31/799
f 830/31/799 832/400/800 829/399/797
f 831/30/798 800/13/768 803/16/771
f 803/16/771 830/31/799 831/30/798
f 833/239/801 835/240/802 834/32/803
f 834/32/803 835/240/802 836/33/804
f 834/32/803 836/33/804 837/34/805
f 837/34/805 836/33/804 802/14/769
f 838/35/806 828/29/796 839/36/807
f 839/36/807 840/37/808 838/35/806
f 839/36/807 828/29/796 798/10/765
f 798/10/765 796/9/764 839/36/807
f 866/38/809 799/12/767 867/39/810
f 797/11/766 867/39/810 799/12/767
f 841/40/811 842/41/812 837/34/805
f 837/34/805 843/42/813 841/40/811
f 843/42/813 837/34/805 802/14/769
f 802/14/769 800/13/768 843/42/813
f 801/15/770 844/43/814 803/16/771
f 803/16/771 844/43/814 868/44/815
f 845/241/816 847/45/817 846/46/818
f 846/46/818 848/242/819 845/241/816
f 848/242/819 846/46/818 822/25/789
f 822/25/789 820/237/788 848/242/819
f 869/243/820 823/238/791 849/47/821
f 821/26/790 849/47/821 823/238/791
f 847/45/817 840/37/808 839/36/807
f 839/36/807 846/46/818 847/45/817
f 846/46/818 839/36/807 796/9/764
f 796/9/764 822/25/789 846/46/818
f 849/47/821 821/26/790 799/12/767
f 799/12/767 866/38/809 849/47/821
f 850/401/822 871/402/823 851/49/824
f 851/49/824 852/48/825 850/401/822
f 826/398/793 850/401/822 827/28/795
f 827/28/795 850/401/822 852/48/825
f 853/50/826 854/403/827 824/397/792
f 824/397/792 825/27/794 853/50/826
f 852/48/825 851/49/824 867/39/810
f 867/39/810 797/11/766 852/48/825
f 827/28/795 852/48/825 798/10/765
f 798/10/765 852/48/825 797/11/766
f 838/35/806 853/50/826 825/27/794
f 825/27/794 828/29/796 838/35/806
f 855/51/828 857/52/829 856/404/830
f 856/404/830 858/405/831 855/51/828
f 856/404/830 857/52/829 831/30/798
f 831/30/798 829/399/797 856/404/830
f 830/31/799 870/53/832 859/406/833
f 859/406/833 832/400/800 830/31/799
f 855/51/828 843/42/813 857/52/829
f 855/51/828 841/40/811 843/42/813
f 857/52/829 843/42/813 800/13/768
f 800/13/768 831/30/798 857/52/829
f 803/16/771 868/44/815 830/31/799
f 830/31/799 868/44/815 870/53/832
f 860/55/834 862/54/835 861/244/836
f 863/245/837 861/244/836 862/54/835
f 835/240/802 863/245/837 836/33/804
f 836/33/804 863/245/837 862/54/835
f 864/246/838 833/239/801 834/32/803
f 834/32/803 865/56/839 864/246/838
f 862/54/835 860/55/834 801/15/770
f 801/15/770 860/55/834 844/43/814
f 836/33/804 862/54/835 802/14/769
f 802/14/769 862/54/835 801/15/770
f 842/41/812 865/56/839 834/32/803
f 834/32/803 837/34/805 842/41/812
f 788/1/756 866/57/809 791/4/759
f 866/57/809 867/58/810 791/4/759
f 868/59/815 844/60/814 789/3/758
f 789/3/758 790/2/757 868/59/815
f 841/40/811 792/5/760 793/7/762
f 793/7/762 842/41/812 841/40/811
f 838/35/806 795/8/763 794/6/761
f 795/8/763 838/35/806 840/37/808
f 804/233/772 869/247/820 849/61/821
f 849/61/821 807/17/775 804/233/772
f 861/248/836 805/234/774 806/18/773
f 806/18/773 860/62/834 861/248/836
f 807/17/775 849/61/821 788/1/756
f 849/61/821 866/57/809 788/1/756
f 860/62/834 806/18/773 789/3/758
f 789/3/758 844/60/814 860/62/834
f 870/63/832 808/20/776 859/407/833
f 808/20/776 809/393/778 859/407/833
f 810/19/777 851/64/824 871/408/823
f 871/408/823 811/394/779 810/19/777
f 870/63/832 868/59/815 790/2/757
f 790/2/757 808/20/776 870/63/832
f 867/58/810 810/19/777 791/4/759
f 810/19/777 867/58/810 851/64/824
f 865/56/839 812/21/780 864/246/838
f 812/21/780 813/235/782 864/246/838
f 814/22/781 847/45/817 815/236/783
f 815/236/783 847/45/817 845/241/816
f 842/41/812 793/7/762 865/56/839
f 793/7/762 812/21/780 865/56/839
f 795/8/763 840/37/808 847/45/817
f 847/45/817 814/22/781 795/8/763
f 816/395/784 854/403/827 853/50/826
f 853/50/826 819/23/787 816/395/784
f 858/405/831 817/396/786 855/51/828
f 817/396/786 818/24/785 855/51/828
f 853/50/826 794/6/761 819/23/787
f 853/50/826 838/35/806 794/6/761
f 855/51/828 818/24/785 841/40/811
f 818/24/785 792/5/760 841/40/811
f 682/409/633 872/410/632 858/405/831
f 817/396/786 858/405/831 872/410/632
f 872/410/632 873/411/631 817/396/786
f 873/411/631 816/395/784 817/396/786
f 873/411/631 681/412/630 816/395/784
f 681/412/630 854/403/827 816/395/784
f 681/412/630 874/413/643 824/397/792
f 824/397/792 854/403/827 681/412/630
f 824/397/792 874/413/643 687/414/642
f 687/414/642 826/398/793 824/397/792
f 826/398/793 687/414/642 850/401/822
f 687/414/642 875/415/641 850/401/822
f 850/401/822 875/415/641 686/416/640
f 686/416/640 871/402/823 850/401/822
f 811/394/779 871/408/823 686/417/640
f 686/417/640 876/418/639 811/394/779
f 809/393/778 811/394/779 876/418/639
f 876/418/639 685/419/638 809/393/778
f 859/407/833 809/393/778 685/419/638
f 685/419/638 877/420/637 859/407/833
f 684/421/636 832/400/800 859/406/833
f 859/406/833 877/422/637 684/421/636
f 829/399/797 684/421/636 878/423/635
f 829/399/797 832/400/800 684/421/636
f 856/404/830 878/423/635 683/424/634
f 856/404/830 829/399/797 878/423/635
f 683/424/634 682/409/633 858/405/831
f 858/405/831 856/404/830 683/424/634
f 845/241/816 1077/249/840 1076/250/841
f 1076/250/841 815/236/783 845/241/816
f 813/235/782 815/236/783 1076/250/841
f 1076/250/841 1075/251/842 813/235/782
f 864/246/838 813/235/782 1075/251/842
f 1075/251/842 879/252/843 864/246/838
f 864/246/838 879/252/843 833/239/801
f 879/252/843 880/253/844 833/239/801
f 835/240/802 833/239/801 880/253/844
f 880/253/844 881/254/845 835/240/802
f 863/245/837 835/240/802 881/254/845
f 881/254/845 1084/255/846 863/245/837
f 1084/255/846 1083/256/847 861/244/836
f 861/244/836 863/245/837 1084/255/846
f 1082/257/848 805/234/774 861/248/836
f 861/248/836 1083/258/847 1082/257/848
f 1082/257/848 882/259/849 805/234/774
f 882/259/849 804/233/772 805/234/774
f 882/259/849 1081/260/850 804/233/772
f 1081/260/850 869/247/820 804/233/772
f 823/238/791 1081/261/850 1080/262/851
f 823/238/791 869/243/820 1081/261/850
f 820/237/788 1080/262/851 1079/263/852
f 820/237/788 823/238/791 1080/262/851
f 848/242/819 1079/263/852 1078/264/853
f 848/242/819 820/237/788 1079/263/852
f 845/241/816 1078/264/853 1077/249/840
f 845/241/816 848/242/819 1078/264/853
f 883/265/854 885/267/855 884/266/856
f 884/266/856 886/268/857 883/265/854
f 883/265/854 888/270/858 887/269/859
f 883/265/854 886/268/857 888/270/858
f 888/270/858 890/272/860 889/271/861
f 889/271/861 887/269/859 888/270/858
f 910/273/862 892/275/863 891/274/864
f 891/274/864 893/276/865 910/273/862
f 891/274/864 894/277/866 893/276/865
f 894/277/866 895/278/867 893/276/865
f 894/277/866 896/279/868 895/278/867
f 896/279/868 897/280/869 895/278/867
f 896/281/868 898/283/870 897/282/869
f 899/284/871 897/282/869 898/283/870
f 898/283/870 900/285/872 899/284/871
f 901/286/873 899/284/871 900/285/872
f 902/287/874 903/288/875 901/286/873
f 901/286/873 900/285/872 902/287/874
f 885/267/855 903/288/875 884/266/856
f 884/266/856 903/288/875 902/287/874
f 890/272/860 904/289/876 889/271/861
f 890/272/860 905/290/877 904/289/876
f 905/290/877 906/291/878 904/289/876
f 905/290/877 907/292/879 906/291/878
f 907/292/879 908/293/880 906/291/878
f 907/292/879 909/294/881 908/293/880
f 909/294/881 910/295/862 908/293/880
f 909/294/881 892/296/863 910/295/862
f 911/297/882 913/299/883 912/298/884
f 912/298/884 914/300/885 911/297/882
f 884/266/856 911/297/882 886/268/857
f 884/266/856 913/299/883 911/297/882
f 915/301/886 917/303/887 916/302/888
f 917/303/887 918/304/889 916/302/888
f 916/302/888 918/304/889 883/265/854
f 918/304/889 885/267/855 883/265/854
f 911/297/882 920/306/890 919/305/891
f 911/297/882 914/300/885 920/306/890
f 886/268/857 919/305/891 888/270/858
f 886/268/857 911/297/882 919/305/891
f 921/307/892 915/301/886 916/302/888
f 916/302/888 922/308/893 921/307/892
f 922/308/893 916/302/888 883/265/854
f 883/265/854 887/269/859 922/308/893
f 923/309/894 919/305/891 920/306/890
f 920/306/890 924/310/895 923/309/894
f 890/272/860 888/270/858 923/309/894
f 923/309/894 888/270/858 919/305/891
f 925/311/896 921/307/892 926/312/897
f 921/307/892 922/308/893 926/312/897
f 926/312/897 922/308/893 887/269/859
f 887/269/859 889/271/861 926/312/897
f 927/313/898 928/315/899 966/314/900
f 928/315/899 929/316/901 966/314/900
f 966/314/900 929/316/901 891/274/864
f 891/274/864 892/275/863 966/314/900
f 930/317/902 932/319/903 931/318/904
f 930/317/902 933/320/905 932/319/903
f 910/273/862 893/276/865 930/317/902
f 930/317/902 931/318/904 910/273/862
f 928/315/899 935/322/906 934/321/907
f 934/321/907 929/316/901 928/315/899
f 929/316/901 934/321/907 894/277/866
f 894/277/866 891/274/864 929/316/901
f 936/323/908 937/324/909 930/317/902
f 930/317/902 937/324/909 933/320/905
f 895/278/867 930/317/902 893/276/865
f 895/278/867 936/323/908 930/317/902
f 935/322/906 938/325/910 934/321/907
f 939/326/911 934/321/907 938/325/910
f 934/321/907 939/326/911 894/277/866
f 939/326/911 896/279/868 894/277/866
f 940/327/912 937/324/909 936/323/908
f 940/327/912 944/328/913 937/324/909
f 895/278/867 897/280/869 940/327/912
f 940/327/912 936/323/908 895/278/867
f 938/329/910 941/331/914 939/330/911
f 942/332/915 939/330/911 941/331/914
f 939/330/911 942/332/915 896/281/868
f 942/332/915 898/283/870 896/281/868
f 943/333/916 945/335/917 944/334/913
f 944/334/913 940/336/912 943/333/916
f 899/284/871 943/333/916 940/336/912
f 940/336/912 897/282/869 899/284/871
f 941/331/914 946/337/918 942/332/915
f 947/338/919 942/332/915 946/337/918
f 942/332/915 947/338/919 898/283/870
f 900/285/872 898/283/870 947/338/919
f 948/339/920 949/340/921 945/335/917
f 945/335/917 943/333/916 948/339/920
f 901/286/873 948/339/920 943/333/916
f 943/333/916 899/284/871 901/286/873
f 946/337/918 950/341/922 947/338/919
f 951/342/923 947/338/919 950/341/922
f 951/342/923 902/287/874 900/285/872
f 900/285/872 947/338/919 951/342/923
f 952/343/924 953/344/925 949/340/921
f 949/340/921 948/339/920 952/343/924
f 903/288/875 952/343/924 948/339/920
f 948/339/920 901/286/873 903/288/875
f 950/341/922 912/298/884 951/342/923
f 913/299/883 951/342/923 912/298/884
f 884/266/856 902/287/874 913/299/883
f 913/299/883 902/287/874 951/342/923
f 918/304/889 917/303/887 953/344/925
f 953/344/925 952/343/924 918/304/889
f 885/267/855 918/304/889 952/343/924
f 952/343/924 903/288/875 885/267/855
f 924/310/895 954/345/926 923/309/894
f 924/310/895 955/346/927 954/345/926
f 923/309/894 905/290/877 890/272/860
f 923/309/894 954/345/926 905/290/877
f 926/312/897 956/347/928 925/311/896
f 926/312/897 957/348/929 956/347/928
f 889/271/861 957/348/929 926/312/897
f 889/271/861 904/289/876 957/348/929
f 955/346/927 958/349/930 954/345/926
f 955/346/927 959/350/931 958/349/930
f 954/345/926 907/292/879 905/290/877
f 954/345/926 958/349/930 907/292/879
f 957/348/929 960/351/932 956/347/928
f 957/348/929 961/352/933 960/351/932
f 904/289/876 961/352/933 957/348/929
f 904/289/876 906/291/878 961/352/933
f 959/350/931 962/353/934 958/349/930
f 959/350/931 963/354/935 962/353/934
f 958/349/930 909/294/881 907/292/879
f 958/349/930 962/353/934 909/294/881
f 961/352/933 964/355/936 960/351/932
f 961/352/933 965/356/937 964/355/936
f 906/291/878 965/356/937 961/352/933
f 906/291/878 908/293/880 965/356/937
f 963/354/935 927/358/898 966/357/900
f 963/354/935 966/357/900 962/353/934
f 962/353/934 892/296/863 909/294/881
f 962/353/934 966/357/900 892/296/863
f 931/359/904 932/360/903 965/356/937
f 965/356/937 932/360/903 964/355/936
f 908/293/880 931/359/904 965/356/937
f 908/293/880 910/295/862 931/359/904
f 1687/361/938 1686/362/939 925/311/896
f 921/307/892 925/311/896 1686/362/939
f 1686/362/939 1685/363/940 915/301/886
f 915/301/886 921/307/892 1686/362/939
f 1685/363/940 967/364/941 915/301/886
f 967/364/941 917/303/887 915/301/886
f 917/303/887 967/364/941 968/365/942
f 968/365/942 953/344/925 917/303/887
f 953/344/925 968/365/942 969/366/943
f 969/366/943 949/340/921 953/344/925
f 949/340/921 969/366/943 1691/367/944
f 1691/367/944 945/335/917 949/340/921
f 945/335/917 1691/367/944 970/368/945
f 970/368/945 944/334/913 945/335/917
f 937/324/909 944/328/913 970/369/945
f 970/369/945 1690/370/946 937/324/909
f 933/320/905 937/324/909 1690/370/946
f 1690/370/946 971/371/947 933/320/905
f 932/319/903 933/320/905 971/371/947
f 971/371/947 1689/372/948 932/319/903
f 964/355/936 1689/374/948 972/373/949
f 964/355/936 932/360/903 1689/374/948
f 960/351/932 972/373/949 973/375/950
f 960/351/932 964/355/936 972/373/949
f 956/347/928 973/375/950 1688/376/951
f 956/347/928 960/351/932 973/375/950
f 925/311/896 956/347/928 1688/376/951
f 1688/376/951 1687/361/938 925/311/896
f 914/300/885 912/298/884 2021/377/952
f 2021/377/952 2020/378/953 914/300/885
f 920/306/890 914/300/885 2020/378/953
f 2020/378/953 974/379/954 920/306/890
f 920/306/890 974/379/954 975/380/955
f 975/380/955 924/310/895 920/306/890
f 955/346/927 975/380/955 2028/381/956
f 975/380/955 955/346/927 924/310/895
f 976/382/957 959/350/931 2028/381/956
f 2028/381/956 959/350/931 955/346/927
f 2027/383/958 963/354/935 976/382/957
f 976/382/957 963/354/935 959/350/931
f 2027/383/958 927/358/898 963/354/935
f 2027/383/958 2026/384/959 927/358/898
f 977/385/960 928/315/899 2026/386/959
f 2026/386/959 928/315/899 927/313/898
f 977/385/960 978/387/961 928/315/899
f 978/387/961 935/322/906 928/315/899
f 935/322/906 978/387/961 979/388/962
f 979/388/962 938/325/910 935/322/906
f 979/389/962 2024/390/963 938/329/910
f 941/331/914 938/329/910 2024/390/963
f 2024/390/963 2023/391/964 941/331/914
f 946/337/918 941/331/914 2023/391/964
f 2023/391/964 2022/392/965 946/337/918
f 950/341/922 946/337/918 2022/392/965
f 2022/392/965 2021/377/952 950/341/922
f 912/298/884 950/341/922 2021/377/952
f 985/1/966 987/2/967 986/3/968
f 985/1/966 988/4/969 987/2/967
f 989/5/970 991/6/971 990/7/972
f 991/6/971 992/8/973 990/7/972
f 993/9/974 995/10/975 994/11/976
f 994/11/976 996/12/977 993/9/974
f 997/13/978 999/14/979 998/15/980
f 998/15/980 1000/16/981 997/13/978
f 1001/233/982 1003/18/983 1002/234/984
f 1001/233/982 1004/17/985 1003/18/983
f 1004/17/985 986/3/968 1003/18/983
f 1004/17/985 985/1/966 986/3/968
f 1005/20/986 1007/19/987 1006/393/988
f 1007/19/987 1008/394/989 1006/393/988
f 987/2/967 988/4/969 1007/19/987
f 1007/19/987 1005/20/986 987/2/967
f 1009/21/990 1011/22/991 1010/235/992
f 1011/22/991 1012/236/993 1010/235/992
f 990/7/972 992/8/973 1009/21/990
f 992/8/973 1011/22/991 1009/21/990
f 1013/395/994 1015/24/995 1014/396/996
f 1013/395/994 1016/23/997 1015/24/995
f 1016/23/997 989/5/970 1015/24/995
f 1016/23/997 991/6/971 989/5/970
f 1017/237/998 1019/25/999 1018/26/1000
f 1018/26/1000 1020/238/1001 1017/237/998
f 1019/25/999 993/9/974 996/12/977
f 996/12/977 1018/26/1000 1019/25/999
f 1021/397/1002 1023/398/1003 1022/27/1004
f 1022/27/1004 1023/398/1003 1024/28/1005
f 1022/27/1004 1024/28/1005 1025/29/1006
f 1025/29/1006 1024/28/1005 995/10/975
f 1026/399/1007 1028/30/1008 1027/31/1009
f 1027/31/1009 1029/400/1010 1026/399/1007
f 1028/30/1008 997/13/978 1000/16/981
f 1000/16/981 1027/31/1009 1028/30/1008
f 1030/239/1011 1032/240/1012 1031/32/1013
f 1031/32/1013 1032/240/1012 1033/33/1014
f 1031/32/1013 1033/33/1014 1034/34/1015
f 1034/34/1015 1033/33/1014 999/14/979
f 1035/35/1016 1025/29/1006 1036/36/1017
f 1036/36/1017 1037/37/1018 1035/35/1016
f 1036/36/1017 1025/29/1006 995/10/975
f 995/10/975 993/9/974 1036/36/1017
f 1063/38/1019 996/12/977 1064/39/1020
f 994/11/976 1064/39/1020 996/12/977
f 1038/40/1021 1039/41/1022 1034/34/1015
f 1034/34/1015 1040/42/1023 1038/40/1021
f 1040/42/1023 1034/34/1015 999/14/979
f 999/14/979 997/13/978 1040/42/1023
f 998/15/980 1041/43/1024 1000/16/981
f 1000/16/981 1041/43/1024 1065/44/1025
f 1042/241/1026 1044/45/1027 1043/46/1028
f 1043/46/1028 1045/242/1029 1042/241/1026
f 1045/242/1029 1043/46/1028 1019/25/999
f 1019/25/999 1017/237/998 1045/242/1029
f 1066/243/1030 1020/238/1001 1046/47/1031
f 1018/26/1000 1046/47/1031 1020/238/1001
f 1044/45/1027 1037/37/1018 1036/36/1017
f 1036/36/1017 1043/46/1028 1044/45/1027
f 1043/46/1028 1036/36/1017 993/9/974
f 993/9/974 1019/25/999 1043/46/1028
f 1046/47/1031 1018/26/1000 996/12/977
f 996/12/977 1063/38/1019 1046/47/1031
f 1047/401/1032 1068/402/1033 1048/49/1034
f 1048/49/1034 1049/48/1035 1047/401/1032
f 1023/398/1003 1047/401/1032 1024/28/1005
f 1024/28/1005 1047/401/1032 1049/48/1035
f 1050/50/1036 1051/403/1037 1021/397/1002
f 1021/397/1002 1022/27/1004 1050/50/1036
f 1049/48/1035 1048/49/1034 1064/39/1020
f 1064/39/1020 994/11/976 1049/48/1035
f 1024/28/1005 1049/48/1035 995/10/975
f 995/10/975 1049/48/1035 994/11/976
f 1035/35/1016 1050/50/1036 1022/27/1004
f 1022/27/1004 1025/29/1006 1035/35/1016
f 1052/51/1038 1054/52/1039 1053/404/1040
f 1053/404/1040 1055/405/1041 1052/51/1038
f 1053/404/1040 1054/52/1039 1028/30/1008
f 1028/30/1008 1026/399/1007 1053/404/1040
f 1027/31/1009 1067/53/1042 1056/406/1043
f 1056/406/1043 1029/400/1010 1027/31/1009
f 1052/51/1038 1040/42/1023 1054/52/1039
f 1052/51/1038 1038/40/1021 1040/42/1023
f 1054/52/1039 1040/42/1023 997/13/978
f 997/13/978 1028/30/1008 1054/52/1039
f 1000/16/981 1065/44/1025 1027/31/1009
f 1027/31/1009 1065/44/1025 1067/53/1042
f 1057/55/1044 1059/54/1045 1058/244/1046
f 1060/245/1047 1058/244/1046 1059/54/1045
f 1032/240/1012 1060/245/1047 1033/33/1014
f 1033/33/1014 1060/245/1047 1059/54/1045
f 1061/246/1048 1030/239/1011 1031/32/1013
f 1031/32/1013 1062/56/1049 1061/246/1048
f 1059/54/1045 1057/55/1044 998/15/980
f 998/15/980 1057/55/1044 1041/43/1024
f 1033/33/1014 1059/54/1045 999/14/979
f 999/14/979 1059/54/1045 998/15/980
f 1039/41/1022 1062/56/1049 1031/32/1013
f 1031/32/1013 1034/34/1015 1039/41/1022
f 985/1/966 1063/57/1019 988/4/969
f 1063/57/1019 1064/58/1020 988/4/969
f 1065/59/1025 1041/60/1024 986/3/968
f 986/3/968 987/2/967 1065/59/1025
f 1038/40/1021 989/5/970 990/7/972
f 990/7/972 1039/41/1022 1038/40/1021
f 1035/35/1016 992/8/973 991/6/971
f 992/8/973 1035/35/1016 1037/37/1018
f 1001/233/982 1066/247/1030 1046/61/1031
f 1046/61/1031 1004/17/985 1001/233/982
f 1058/248/1046 1002/234/984 1003/18/983
f 1003/18/983 1057/62/1044 1058/248/1046
f 1004/17/985 1046/61/1031 985/1/966
f 1046/61/1031 1063/57/1019 985/1/966
f 1057/62/1044 1003/18/983 986/3/968
f 986/3/968 1041/60/1024 1057/62/1044
f 1067/63/1042 1005/20/986 1056/407/1043
f 1005/20/986 1006/393/988 1056/407/1043
f 1007/19/987 1048/64/1034 1068/408/1033
f 1068/408/1033 1008/394/989 1007/19/987
f 1067/63/1042 1065/59/1025 987/2/967
f 987/2/967 1005/20/986 1067/63/1042
f 1064/58/1020 1007/19/987 988/4/969
f 1007/19/987 1064/58/1020 1048/64/1034
f 1062/56/1049 1009/21/990 1061/246/1048
f 1009/21/990 1010/235/992 1061/246/1048
f 1011/22/991 1044/45/1027 1012/236/993
f 1012/236/993 1044/45/1027 1042/241/1026
f 1039/41/1022 990/7/972 1062/56/1049
f 990/7/972 1009/21/990 1062/56/1049
f 992/8/973 1037/37/1018 1044/45/1027
f 1044/45/1027 1011/22/991 992/8/973
f 1013/395/994 1051/403/1037 1050/50/1036
f 1050/50/1036 1016/23/997 1013/395/994
f 1055/405/1041 1014/396/996 1052/51/1038
f 1014/396/996 1015/24/995 1052/51/1038
f 1050/50/1036 991/6/971 1016/23/997
f 1050/50/1036 1035/35/1016 991/6/971
f 1052/51/1038 1015/24/995 1038/40/1021
f 1015/24/995 989/5/970 1038/40/1021
f 1466/409/1050 1069/410/1051 1055/405/1041
f 1014/396/996 1055/405/1041 1069/410/1051
f 1069/410/1051 1070/411/1052 1014/396/996
f 1070/411/1052 1013/395/994 1014/396/996
f 1070/411/1052 1465/412/1053 1013/395/994
f 1465/412/1053 1051/403/1037 1013/395/994
f 1465/412/1053 1472/413/1054 1021/397/1002
f 1021/397/1002 1051/403/1037 1465/412/1053
f 1021/397/1002 1472/413/1054 1071/414/1055
f 1071/414/1055 1023/398/1003 1021/397/1002
f 1023/398/1003 1071/414/1055 1047/401/1032
f 1071/414/1055 1471/415/1056 1047/401/1032
f 1047/401/1032 1471/415/1056 1072/416/1057
f 1072/416/1057 1068/402/1033 1047/401/1032
f 1008/394/989 1068/408/1033 1072/417/1057
f 1072/417/1057 1470/418/1058 1008/394/989
f 1006/393/988 1008/394/989 1470/418/1058
f 1470/418/1058 1469/419/1059 1006/393/988
f 1056/407/1043 1006/393/988 1469/419/1059
f 1469/419/1059 1073/420/1060 1056/407/1043
f 1468/421/1061 1029/400/1010 1056/406/1043
f 1056/406/1043 1073/422/1060 1468/421/1061
f 1026/399/1007 1468/421/1061 1467/423/1062
f 1026/399/1007 1029/400/1010 1468/421/1061
f 1053/404/1040 1467/423/1062 1074/424/1063
f 1053/404/1040 1026/399/1007 1467/423/1062
f 1074/424/1063 1466/409/1050 1055/405/1041
f 1055/405/1041 1053/404/1040 1074/424/1063
f 1042/241/1026 879/249/843 1075/250/842
f 1075/250/842 1012/236/993 1042/241/1026
f 1010/235/992 1012/236/993 1075/250/842
f 1075/250/842 1076/251/841 1010/235/992
f 1061/246/1048 1010/235/992 1076/251/841
f 1076/251/841 1077/252/840 1061/246/1048
f 1061/246/1048 1077/252/840 1030/239/1011
f 1077/252/840 1078/253/853 1030/239/1011
f 1032/240/1012 1030/239/1011 1078/253/853
f 1078/253/853 1079/254/852 1032/240/1012
f 1060/245/1047 1032/240/1012 1079/254/852
f 1079/254/852 1080/255/851 1060/245/1047
f 1080/255/851 1081/256/850 1058/244/1046
f 1058/244/1046 1060/245/1047 1080/255/851
f 882/257/849 1002/234/984 1058/248/1046
f 1058/248/1046 1081/258/850 882/257/849
f 882/257/849 1082/259/848 1002/234/984
f 1082/259/848 1001/233/982 1002/234/984
f 1082/259/848 1083/260/847 1001/233/982
f 1083/260/847 1066/247/1030 1001/233/982
f 1020/238/1001 1083/261/847 1084/262/846
f 1020/238/1001 1066/243/1030 1083/261/847
f 1017/237/998 1084/262/846 881/263/845
f 1017/237/998 1020/238/1001 1084/262/846
f 1045/242/1029 881/263/845 880/264/844
f 1045/242/1029 1017/237/998 881/263/845
f 1042/241/1026 880/264/844 879/249/843
f 1042/241/1026 1045/242/1029 880/264/844
f 1085/1/1064 1087/2/1065 1086/3/1066
f 1085/1/1064 1088/4/1067 1087/2/1065
f 1089/5/1068 1091/6/1069 1090/7/1070
f 1091/6/1069 1092/8/1071 1090/7/1070
f 1093/9/1072 1095/10/1073 1094/11/1074
f 1094/11/1074 1096/12/1075 1093/9/1072
f 1097/13/1076 1099/14/1077 1098/15/1078
f 1098/15/1078 1100/16/1079 1097/13/1076
f 1101/233/1080 1103/18/1081 1102/234/1082
f 1101/233/1080 1104/17/1083 1103/18/1081
f 1104/17/1083 1086/3/1066 1103/18/1081
f 1104/17/1083 1085/1/1064 1086/3/1066
f 1105/20/1084 1107/19/1085 1106/393/1086
f 1107/19/1085 1108/394/1087 1106/393/1086
f 1087/2/1065 1088/4/1067 1107/19/1085
f 1107/19/1085 1105/20/1084 1087/2/1065
f 1109/21/1088 1111/22/1089 1110/235/1090
f 1111/22/1089 1112/236/1091 1110/235/1090
f 1090/7/1070 1092/8/1071 1109/21/1088
f 1092/8/1071 1111/22/1089 1109/21/1088
f 1113/395/1092 1115/24/1093 1114/396/1094
f 1113/395/1092 1116/23/1095 1115/24/1093
f 1116/23/1095 1089/5/1068 1115/24/1093
f 1116/23/1095 1091/6/1069 1089/5/1068
f 1117/237/1096 1119/25/1097 1118/26/1098
f 1118/26/1098 1120/238/1099 1117/237/1096
f 1119/25/1097 1093/9/1072 1096/12/1075
f 1096/12/1075 1118/26/1098 1119/25/1097
f 1121/397/1100 1123/398/1101 1122/27/1102
f 1122/27/1102 1123/398/1101 1124/28/1103
f 1122/27/1102 1124/28/1103 1125/29/1104
f 1125/29/1104 1124/28/1103 1095/10/1073
f 1126/399/1105 1128/30/1106 1127/31/1107
f 1127/31/1107 1129/400/1108 1126/399/1105
f 1128/30/1106 1097/13/1076 1100/16/1079
f 1100/16/1079 1127/31/1107 1128/30/1106
f 1130/239/1109 1132/240/1110 1131/32/1111
f 1131/32/1111 1132/240/1110 1133/33/1112
f 1131/32/1111 1133/33/1112 1134/34/1113
f 1134/34/1113 1133/33/1112 1099/14/1077
f 1135/35/1114 1125/29/1104 1136/36/1115
f 1136/36/1115 1137/37/1116 1135/35/1114
f 1136/36/1115 1125/29/1104 1095/10/1073
f 1095/10/1073 1093/9/1072 1136/36/1115
f 1163/38/1117 1096/12/1075 1164/39/1118
f 1094/11/1074 1164/39/1118 1096/12/1075
f 1138/40/1119 1139/41/1120 1134/34/1113
f 1134/34/1113 1140/42/1121 1138/40/1119
f 1140/42/1121 1134/34/1113 1099/14/1077
f 1099/14/1077 1097/13/1076 1140/42/1121
f 1098/15/1078 1141/43/1122 1100/16/1079
f 1100/16/1079 1141/43/1122 1165/44/1123
f 1142/241/1124 1144/45/1125 1143/46/1126
f 1143/46/1126 1145/242/1127 1142/241/1124
f 1145/242/1127 1143/46/1126 1119/25/1097
f 1119/25/1097 1117/237/1096 1145/242/1127
f 1166/243/1128 1120/238/1099 1146/47/1129
f 1118/26/1098 1146/47/1129 1120/238/1099
f 1144/45/1125 1137/37/1116 1136/36/1115
f 1136/36/1115 1143/46/1126 1144/45/1125
f 1143/46/1126 1136/36/1115 1093/9/1072
f 1093/9/1072 1119/25/1097 1143/46/1126
f 1146/47/1129 1118/26/1098 1096/12/1075
f 1096/12/1075 1163/38/1117 1146/47/1129
f 1147/401/1130 1168/402/1131 1148/49/1132
f 1148/49/1132 1149/48/1133 1147/401/1130
f 1123/398/1101 1147/401/1130 1124/28/1103
f 1124/28/1103 1147/401/1130 1149/48/1133
f 1150/50/1134 1151/403/1135 1121/397/1100
f 1121/397/1100 1122/27/1102 1150/50/1134
f 1149/48/1133 1148/49/1132 1164/39/1118
f 1164/39/1118 1094/11/1074 1149/48/1133
f 1124/28/1103 1149/48/1133 1095/10/1073
f 1095/10/1073 1149/48/1133 1094/11/1074
f 1135/35/1114 1150/50/1134 1122/27/1102
f 1122/27/1102 1125/29/1104 1135/35/1114
f 1152/51/1136 1154/52/1137 1153/404/1138
f 1153/404/1138 1155/405/1139 1152/51/1136
f 1153/404/1138 1154/52/1137 1128/30/1106
f 1128/30/1106 1126/399/1105 1153/404/1138
f 1127/31/1107 1167/53/1140 1156/406/1141
f 1156/406/1141 1129/400/1108 1127/31/1107
f 1152/51/1136 1140/42/1121 1154/52/1137
f 1152/51/1136 1138/40/1119 1140/42/1121
f 1154/52/1137 1140/42/1121 1097/13/1076
f 1097/13/1076 1128/30/1106 1154/52/1137
f 1100/16/1079 1165/44/1123 1127/31/1107
f 1127/31/1107 1165/44/1123 1167/53/1140
f 1157/55/1142 1159/54/1143 1158/244/1144
f 1160/245/1145 1158/244/1144 1159/54/1143
f 1132/240/1110 1160/245/1145 1133/33/1112
f 1133/33/1112 1160/245/1145 1159/54/1143
f 1161/246/1146 1130/239/1109 1131/32/1111
f 1131/32/1111 1162/56/1147 1161/246/1146
f 1159/54/1143 1157/55/1142 1098/15/1078
f 1098/15/1078 1157/55/1142 1141/43/1122
f 1133/33/1112 1159/54/1143 1099/14/1077
f 1099/14/1077 1159/54/1143 1098/15/1078
f 1139/41/1120 1162/56/1147 1131/32/1111
f 1131/32/1111 1134/34/1113 1139/41/1120
f 1085/1/1064 1163/57/1117 1088/4/1067
f 1163/57/1117 1164/58/1118 1088/4/1067
f 1165/59/1123 1141/60/1122 1086/3/1066
f 1086/3/1066 1087/2/1065 1165/59/1123
f 1138/40/1119 1089/5/1068 1090/7/1070
f 1090/7/1070 1139/41/1120 1138/40/1119
f 1135/35/1114 1092/8/1071 1091/6/1069
f 1092/8/1071 1135/35/1114 1137/37/1116
f 1101/233/1080 1166/247/1128 1146/61/1129
f 1146/61/1129 1104/17/1083 1101/233/1080
f 1158/248/1144 1102/234/1082 1103/18/1081
f 1103/18/1081 1157/62/1142 1158/248/1144
f 1104/17/1083 1146/61/1129 1085/1/1064
f 1146/61/1129 1163/57/1117 1085/1/1064
f 1157/62/1142 1103/18/1081 1086/3/1066
f 1086/3/1066 1141/60/1122 1157/62/1142
f 1167/63/1140 1105/20/1084 1156/407/1141
f 1105/20/1084 1106/393/1086 1156/407/1141
f 1107/19/1085 1148/64/1132 1168/408/1131
f 1168/408/1131 1108/394/1087 1107/19/1085
f 1167/63/1140 1165/59/1123 1087/2/1065
f 1087/2/1065 1105/20/1084 1167/63/1140
f 1164/58/1118 1107/19/1085 1088/4/1067
f 1107/19/1085 1164/58/1118 1148/64/1132
f 1162/56/1147 1109/21/1088 1161/246/1146
f 1109/21/1088 1110/235/1090 1161/246/1146
f 1111/22/1089 1144/45/1125 1112/236/1091
f 1112/236/1091 1144/45/1125 1142/241/1124
f 1139/41/1120 1090/7/1070 1162/56/1147
f 1090/7/1070 1109/21/1088 1162/56/1147
f 1092/8/1071 1137/37/1116 1144/45/1125
f 1144/45/1125 1111/22/1089 1092/8/1071
f 1113/395/1092 1151/403/1135 1150/50/1134
f 1150/50/1134 1116/23/1095 1113/395/1092
f 1155/405/1139 1114/396/1094 1152/51/1136
f 1114/396/1094 1115/24/1093 1152/51/1136
f 1150/50/1134 1091/6/1069 1116/23/1095
f 1150/50/1134 1135/35/1114 1091/6/1069
f 1152/51/1136 1115/24/1093 1138/40/1119
f 1115/24/1093 1089/5/1068 1138/40/1119
f 1474/409/1148 1169/410/1149 1155/405/1139
f 1114/396/1094 1155/405/1139 1169/410/1149
f 1169/410/1149 1170/411/1150 1114/396/1094
f 1170/411/1150 1113/395/1092 1114/396/1094
f 1170/411/1150 1473/412/1151 1113/395/1092
f 1473/412/1151 1151/403/1135 1113/395/1092
f 1473/412/1151 1480/413/1152 1121/397/1100
f 1121/397/1100 1151/403/1135 1473/412/1151
f 1121/397/1100 1480/413/1152 1171/414/1153
f 1171/414/1153 1123/398/1101 1121/397/1100
f 1123/398/1101 1171/414/1153 1147/401/1130
f 1171/414/1153 1479/415/1154 1147/401/1130
f 1147/401/1130 1479/415/1154 1478/416/1155
f 1478/416/1155 1168/402/1131 1147/401/1130
f 1108/394/1087 1168/408/1131 1478/417/1155
f 1478/417/1155 1172/418/1156 1108/394/1087
f 1106/393/1086 1108/394/1087 1172/418/1156
f 1172/418/1156 1173/419/1157 1106/393/1086
f 1156/407/1141 1106/393/1086 1173/419/1157
f 1173/419/1157 1174/420/1158 1156/407/1141
f 1477/421/1159 1129/400/1108 1156/406/1141
f 1156/406/1141 1174/422/1158 1477/421/1159
f 1126/399/1105 1477/421/1159 1476/423/1160
f 1126/399/1105 1129/400/1108 1477/421/1159
f 1153/404/1138 1476/423/1160 1475/424/1161
f 1153/404/1138 1126/399/1105 1476/423/1160
f 1475/424/1161 1474/409/1148 1155/405/1139
f 1155/405/1139 1153/404/1138 1475/424/1161
f 1142/241/1124 1175/249/1162 1567/250/1163
f 1567/250/1163 1112/236/1091 1142/241/1124
f 1110/235/1090 1112/236/1091 1567/250/1163
f 1567/250/1163 1566/251/1164 1110/235/1090
f 1161/246/1146 1110/235/1090 1566/251/1164
f 1566/251/1164 1565/252/1165 1161/246/1146
f 1161/246/1146 1565/252/1165 1130/239/1109
f 1565/252/1165 1176/253/1166 1130/239/1109
f 1132/240/1110 1130/239/1109 1176/253/1166
f 1176/253/1166 1177/254/1167 1132/240/1110
f 1160/245/1145 1132/240/1110 1177/254/1167
f 1177/254/1167 1573/255/1168 1160/245/1145
f 1573/255/1168 1178/256/1169 1158/244/1144
f 1158/244/1144 1160/245/1145 1573/255/1168
f 1179/257/1170 1102/234/1082 1158/248/1144
f 1158/248/1144 1178/258/1169 1179/257/1170
f 1179/257/1170 1572/259/1171 1102/234/1082
f 1572/259/1171 1101/233/1080 1102/234/1082
f 1572/259/1171 1571/260/1172 1101/233/1080
f 1571/260/1172 1166/247/1128 1101/233/1080
f 1120/238/1099 1571/261/1172 1570/262/1173
f 1120/238/1099 1166/243/1128 1571/261/1172
f 1117/237/1096 1570/262/1173 1569/263/1174
f 1117/237/1096 1120/238/1099 1570/262/1173
f 1145/242/1127 1569/263/1174 1568/264/1175
f 1145/242/1127 1117/237/1096 1569/263/1174
f 1142/241/1124 1568/264/1175 1175/249/1162
f 1142/241/1124 1145/242/1127 1568/264/1175
f 1180/1/1176 1181/3/1177 1182/2/1178
f 1180/1/1176 1182/2/1178 1183/4/1179
f 1184/5/1180 1185/7/1181 1186/6/1182
f 1186/6/1182 1185/7/1181 1187/8/1183
f 1188/9/1184 1189/11/1185 1190/10/1186
f 1189/11/1185 1188/9/1184 1191/12/1187
f 1192/13/1188 1193/15/1189 1194/14/1190
f 1193/15/1189 1192/13/1188 1195/16/1191
f 1196/233/1192 1197/234/1193 1198/18/1194
f 1196/233/1192 1198/18/1194 1199/17/1195
f 1199/17/1195 1198/18/1194 1181/3/1177
f 1199/17/1195 1181/3/1177 1180/1/1176
f 1200/20/1196 1201/393/1197 1202/19/1198
f 1202/19/1198 1201/393/1197 1203/394/1199
f 1182/2/1178 1202/19/1198 1183/4/1179
f 1202/19/1198 1182/2/1178 1200/20/1196
f 1204/21/1200 1205/235/1201 1206/22/1202
f 1206/22/1202 1205/235/1201 1207/236/1203
f 1185/7/1181 1204/21/1200 1187/8/1183
f 1187/8/1183 1204/21/1200 1206/22/1202
f 1208/395/1204 1209/396/1205 1210/24/1206
f 1208/395/1204 1210/24/1206 1211/23/1207
f 1211/23/1207 1210/24/1206 1184/5/1180
f 1211/23/1207 1184/5/1180 1186/6/1182
f 1212/237/1208 1213/26/1209 1214/25/1210
f 1213/26/1209 1212/237/1208 1215/238/1211
f 1214/25/1210 1191/12/1187 1188/9/1184
f 1191/12/1187 1214/25/1210 1213/26/1209
f 1216/397/1212 1217/27/1213 1218/398/1214
f 1217/27/1213 1219/28/1215 1218/398/1214
f 1217/27/1213 1220/29/1216 1219/28/1215
f 1220/29/1216 1190/10/1186 1219/28/1215
f 1221/399/1217 1222/31/1218 1223/30/1219
f 1222/31/1218 1221/399/1217 1224/400/1220
f 1223/30/1219 1195/16/1191 1192/13/1188
f 1195/16/1191 1223/30/1219 1222/31/1218
f 1225/239/1221 1226/32/1222 1227/240/1223
f 1226/32/1222 1228/33/1224 1227/240/1223
f 1226/32/1222 1229/34/1225 1228/33/1224
f 1229/34/1225 1194/14/1190 1228/33/1224
f 1230/35/1226 1231/36/1227 1220/29/1216
f 1231/36/1227 1230/35/1226 1232/37/1228
f 1231/36/1227 1190/10/1186 1220/29/1216
f 1190/10/1186 1231/36/1227 1188/9/1184
f 1258/38/1229 1259/39/1230 1191/12/1187
f 1189/11/1185 1191/12/1187 1259/39/1230
f 1233/40/1231 1229/34/1225 1234/41/1232
f 1229/34/1225 1233/40/1231 1235/42/1233
f 1235/42/1233 1194/14/1190 1229/34/1225
f 1194/14/1190 1235/42/1233 1192/13/1188
f 1193/15/1189 1195/16/1191 1236/43/1234
f 1195/16/1191 1260/44/1235 1236/43/1234
f 1237/241/1236 1238/46/1237 1239/45/1238
f 1238/46/1237 1237/241/1236 1240/242/1239
f 1240/242/1239 1214/25/1210 1238/46/1237
f 1214/25/1210 1240/242/1239 1212/237/1208
f 1261/243/1240 1241/47/1241 1215/238/1211
f 1213/26/1209 1215/238/1211 1241/47/1241
f 1239/45/1238 1231/36/1227 1232/37/1228
f 1231/36/1227 1239/45/1238 1238/46/1237
f 1238/46/1237 1188/9/1184 1231/36/1227
f 1188/9/1184 1238/46/1237 1214/25/1210
f 1241/47/1241 1191/12/1187 1213/26/1209
f 1191/12/1187 1241/47/1241 1258/38/1229
f 1242/401/1242 1243/49/1243 1263/402/1244
f 1243/49/1243 1242/401/1242 1244/48/1245
f 1218/398/1214 1219/28/1215 1242/401/1242
f 1219/28/1215 1244/48/1245 1242/401/1242
f 1245/50/1246 1216/397/1212 1246/403/1247
f 1216/397/1212 1245/50/1246 1217/27/1213
f 1244/48/1245 1259/39/1230 1243/49/1243
f 1259/39/1230 1244/48/1245 1189/11/1185
f 1219/28/1215 1190/10/1186 1244/48/1245
f 1190/10/1186 1189/11/1185 1244/48/1245
f 1230/35/1226 1217/27/1213 1245/50/1246
f 1217/27/1213 1230/35/1226 1220/29/1216
f 1247/51/1248 1248/404/1249 1249/52/1250
f 1248/404/1249 1247/51/1248 1250/405/1251
f 1248/404/1249 1223/30/1219 1249/52/1250
f 1223/30/1219 1248/404/1249 1221/399/1217
f 1222/31/1218 1251/406/1252 1262/53/1253
f 1251/406/1252 1222/31/1218 1224/400/1220
f 1247/51/1248 1249/52/1250 1235/42/1233
f 1247/51/1248 1235/42/1233 1233/40/1231
f 1249/52/1250 1192/13/1188 1235/42/1233
f 1192/13/1188 1249/52/1250 1223/30/1219
f 1195/16/1191 1222/31/1218 1260/44/1235
f 1222/31/1218 1262/53/1253 1260/44/1235
f 1252/55/1254 1253/244/1255 1254/54/1256
f 1255/245/1257 1254/54/1256 1253/244/1255
f 1227/240/1223 1228/33/1224 1255/245/1257
f 1228/33/1224 1254/54/1256 1255/245/1257
f 1256/246/1258 1226/32/1222 1225/239/1221
f 1226/32/1222 1256/246/1258 1257/56/1259
f 1254/54/1256 1193/15/1189 1252/55/1254
f 1193/15/1189 1236/43/1234 1252/55/1254
f 1228/33/1224 1194/14/1190 1254/54/1256
f 1194/14/1190 1193/15/1189 1254/54/1256
f 1234/41/1232 1226/32/1222 1257/56/1259
f 1226/32/1222 1234/41/1232 1229/34/1225
f 1180/1/1176 1183/4/1179 1258/57/1229
f 1258/57/1229 1183/4/1179 1259/58/1230
f 1260/59/1235 1181/3/1177 1236/60/1234
f 1181/3/1177 1260/59/1235 1182/2/1178
f 1233/40/1231 1185/7/1181 1184/5/1180
f 1185/7/1181 1233/40/1231 1234/41/1232
f 1230/35/1226 1186/6/1182 1187/8/1183
f 1187/8/1183 1232/37/1228 1230/35/1226
f 1196/233/1192 1241/61/1241 1261/247/1240
f 1241/61/1241 1196/233/1192 1199/17/1195
f 1253/248/1255 1198/18/1194 1197/234/1193
f 1198/18/1194 1253/248/1255 1252/62/1254
f 1199/17/1195 1180/1/1176 1241/61/1241
f 1241/61/1241 1180/1/1176 1258/57/1229
f 1252/62/1254 1181/3/1177 1198/18/1194
f 1181/3/1177 1252/62/1254 1236/60/1234
f 1262/63/1253 1251/407/1252 1200/20/1196
f 1200/20/1196 1251/407/1252 1201/393/1197
f 1202/19/1198 1263/408/1244 1243/64/1243
f 1263/408/1244 1202/19/1198 1203/394/1199
f 1262/63/1253 1182/2/1178 1260/59/1235
f 1182/2/1178 1262/63/1253 1200/20/1196
f 1259/58/1230 1183/4/1179 1202/19/1198
f 1202/19/1198 1243/64/1243 1259/58/1230
f 1257/56/1259 1256/246/1258 1204/21/1200
f 1204/21/1200 1256/246/1258 1205/235/1201
f 1206/22/1202 1207/236/1203 1239/45/1238
f 1207/236/1203 1237/241/1236 1239/45/1238
f 1234/41/1232 1257/56/1259 1185/7/1181
f 1185/7/1181 1257/56/1259 1204/21/1200
f 1187/8/1183 1239/45/1238 1232/37/1228
f 1239/45/1238 1187/8/1183 1206/22/1202
f 1208/395/1204 1245/50/1246 1246/403/1247
f 1245/50/1246 1208/395/1204 1211/23/1207
f 1250/405/1251 1247/51/1248 1209/396/1205
f 1209/396/1205 1247/51/1248 1210/24/1206
f 1245/50/1246 1211/23/1207 1186/6/1182
f 1245/50/1246 1186/6/1182 1230/35/1226
f 1247/51/1248 1233/40/1231 1210/24/1206
f 1210/24/1206 1233/40/1231 1184/5/1180
f 3001/409/1260 1250/405/1251 1264/410/1261
f 1209/396/1205 1264/410/1261 1250/405/1251
f 1264/410/1261 1209/396/1205 1265/411/1262
f 1265/411/1262 1209/396/1205 1208/395/1204
f 1265/411/1262 1208/395/1204 1266/412/1263
f 1266/412/1263 1208/395/1204 1246/403/1247
f 1266/412/1263 1216/397/1212 1267/413/1264
f 1216/397/1212 1266/412/1263 1246/403/1247
f 1216/397/1212 1268/414/1265 1267/413/1264
f 1268/414/1265 1216/397/1212 1218/398/1214
f 1218/398/1214 1242/401/1242 1268/414/1265
f 1268/414/1265 1242/401/1242 1269/415/1266
f 1242/401/1242 1270/416/1267 1269/415/1266
f 1270/416/1267 1242/401/1242 1263/402/1244
f 1203/394/1199 1270/417/1267 1263/408/1244
f 1270/417/1267 1203/394/1199 3004/418/1268
f 1201/393/1197 3004/418/1268 1203/394/1199
f 3004/418/1268 1201/393/1197 1271/419/1269
f 1251/407/1252 1271/419/1269 1201/393/1197
f 1271/419/1269 1251/407/1252 1272/420/1270
f 1273/421/1271 1251/406/1252 1224/400/1220
f 1251/406/1252 1273/421/1271 1272/422/1270
f 1221/399/1217 3003/423/1272 1273/421/1271
f 1221/399/1217 1273/421/1271 1224/400/1220
f 1248/404/1249 3002/424/1273 3003/423/1272
f 1248/404/1249 3003/423/1272 1221/399/1217
f 3002/424/1273 1250/405/1251 3001/409/1260
f 1250/405/1251 3002/424/1273 1248/404/1249
f 1237/241/1236 1274/250/1274 1275/249/1275
f 1274/250/1274 1237/241/1236 1207/236/1203
f 1205/235/1201 1274/250/1274 1207/236/1203
f 1274/250/1274 1205/235/1201 1276/251/1276
f 1256/246/1258 1276/251/1276 1205/235/1201
f 1276/251/1276 1256/246/1258 1277/252/1277
f 1256/246/1258 1225/239/1221 1277/252/1277
f 1277/252/1277 1225/239/1221 1278/253/1278
f 1227/240/1223 1278/253/1278 1225/239/1221
f 1278/253/1278 1227/240/1223 1279/254/1279
f 1255/245/1257 1279/254/1279 1227/240/1223
f 1279/254/1279 1255/245/1257 1280/255/1280
f 1280/255/1280 1253/244/1255 1281/256/1281
f 1253/244/1255 1280/255/1280 1255/245/1257
f 1282/257/1282 1253/248/1255 1197/234/1193
f 1253/248/1255 1282/257/1282 1281/258/1281
f 1282/257/1282 1197/234/1193 1283/259/1283
f 1283/259/1283 1197/234/1193 1196/233/1192
f 1283/259/1283 1196/233/1192 1284/260/1284
f 1284/260/1284 1196/233/1192 1261/247/1240
f 1215/238/1211 1285/262/1285 1284/261/1284
f 1215/238/1211 1284/261/1284 1261/243/1240
f 1212/237/1208 1286/263/1286 1285/262/1285
f 1212/237/1208 1285/262/1285 1215/238/1211
f 1240/242/1239 2167/264/1287 1286/263/1286
f 1240/242/1239 1286/263/1286 1212/237/1208
f 1237/241/1236 1275/249/1275 2167/264/1287
f 1237/241/1236 2167/264/1287 1240/242/1239
f 1287/1/1288 1289/2/1289 1288/3/1290
f 1287/1/1288 1290/4/1291 1289/2/1289
f 1291/5/1292 1293/6/1293 1292/7/1294
f 1293/6/1293 1294/8/1295 1292/7/1294
f 1295/9/1296 1297/10/1297 1296/11/1298
f 1296/11/1298 1298/12/1299 1295/9/1296
f 1299/13/1300 1301/14/1301 1300/15/1302
f 1300/15/1302 1302/16/1303 1299/13/1300
f 1303/233/1304 1305/18/1305 1304/234/1306
f 1303/233/1304 1306/17/1307 1305/18/1305
f 1306/17/1307 1288/3/1290 1305/18/1305
f 1306/17/1307 1287/1/1288 1288/3/1290
f 1307/20/1308 1309/19/1309 1308/393/1310
f 1309/19/1309 1310/394/1311 1308/393/1310
f 1289/2/1289 1290/4/1291 1309/19/1309
f 1309/19/1309 1307/20/1308 1289/2/1289
f 1311/21/1312 1313/22/1313 1312/235/1314
f 1313/22/1313 1314/236/1315 1312/235/1314
f 1292/7/1294 1294/8/1295 1311/21/1312
f 1294/8/1295 1313/22/1313 1311/21/1312
f 1315/395/1316 1317/24/1317 1316/396/1318
f 1315/395/1316 1318/23/1319 1317/24/1317
f 1318/23/1319 1291/5/1292 1317/24/1317
f 1318/23/1319 1293/6/1293 1291/5/1292
f 1319/237/1320 1321/25/1321 1320/26/1322
f 1320/26/1322 1322/238/1323 1319/237/1320
f 1321/25/1321 1295/9/1296 1298/12/1299
f 1298/12/1299 1320/26/1322 1321/25/1321
f 1323/397/1324 1325/398/1325 1324/27/1326
f 1324/27/1326 1325/398/1325 1326/28/1327
f 1324/27/1326 1326/28/1327 1327/29/1328
f 1327/29/1328 1326/28/1327 1297/10/1297
f 1328/399/1329 1330/30/1330 1329/31/1331
f 1329/31/1331 1331/400/1332 1328/399/1329
f 1330/30/1330 1299/13/1300 1302/16/1303
f 1302/16/1303 1329/31/1331 1330/30/1330
f 1332/239/1333 1334/240/1334 1333/32/1335
f 1333/32/1335 1334/240/1334 1335/33/1336
f 1333/32/1335 1335/33/1336 1336/34/1337
f 1336/34/1337 1335/33/1336 1301/14/1301
f 1337/35/1338 1327/29/1328 1338/36/1339
f 1338/36/1339 1339/37/1340 1337/35/1338
f 1338/36/1339 1327/29/1328 1297/10/1297
f 1297/10/1297 1295/9/1296 1338/36/1339
f 1365/38/1341 1298/12/1299 1366/39/1342
f 1296/11/1298 1366/39/1342 1298/12/1299
f 1340/40/1343 1341/41/1344 1336/34/1337
f 1336/34/1337 1342/42/1345 1340/40/1343
f 1342/42/1345 1336/34/1337 1301/14/1301
f 1301/14/1301 1299/13/1300 1342/42/1345
f 1300/15/1302 1343/43/1346 1302/16/1303
f 1302/16/1303 1343/43/1346 1367/44/1347
f 1344/241/1348 1346/45/1349 1345/46/1350
f 1345/46/1350 1347/242/1351 1344/241/1348
f 1347/242/1351 1345/46/1350 1321/25/1321
f 1321/25/1321 1319/237/1320 1347/242/1351
f 1368/243/1352 1322/238/1323 1348/47/1353
f 1320/26/1322 1348/47/1353 1322/238/1323
f 1346/45/1349 1339/37/1340 1338/36/1339
f 1338/36/1339 1345/46/1350 1346/45/1349
f 1345/46/1350 1338/36/1339 1295/9/1296
f 1295/9/1296 1321/25/1321 1345/46/1350
f 1348/47/1353 1320/26/1322 1298/12/1299
f 1298/12/1299 1365/38/1341 1348/47/1353
f 1349/401/1354 1370/402/1355 1350/49/1356
f 1350/49/1356 1351/48/1357 1349/401/1354
f 1325/398/1325 1349/401/1354 1326/28/1327
f 1326/28/1327 1349/401/1354 1351/48/1357
f 1352/50/1358 1353/403/1359 1323/397/1324
f 1323/397/1324 1324/27/1326 1352/50/1358
f 1351/48/1357 1350/49/1356 1366/39/1342
f 1366/39/1342 1296/11/1298 1351/48/1357
f 1326/28/1327 1351/48/1357 1297/10/1297
f 1297/10/1297 1351/48/1357 1296/11/1298
f 1337/35/1338 1352/50/1358 1324/27/1326
f 1324/27/1326 1327/29/1328 1337/35/1338
f 1354/51/1360 1356/52/1361 1355/404/1362
f 1355/404/1362 1357/405/1363 1354/51/1360
f 1355/404/1362 1356/52/1361 1330/30/1330
f 1330/30/1330 1328/399/1329 1355/404/1362
f 1329/31/1331 1369/53/1364 1358/406/1365
f 1358/406/1365 1331/400/1332 1329/31/1331
f 1354/51/1360 1342/42/1345 1356/52/1361
f 1354/51/1360 1340/40/1343 1342/42/1345
f 1356/52/1361 1342/42/1345 1299/13/1300
f 1299/13/1300 1330/30/1330 1356/52/1361
f 1302/16/1303 1367/44/1347 1329/31/1331
f 1329/31/1331 1367/44/1347 1369/53/1364
f 1359/55/1366 1361/54/1367 1360/244/1368
f 1362/245/1369 1360/244/1368 1361/54/1367
f 1334/240/1334 1362/245/1369 1335/33/1336
f 1335/33/1336 1362/245/1369 1361/54/1367
f 1363/246/1370 1332/239/1333 1333/32/1335
f 1333/32/1335 1364/56/1371 1363/246/1370
f 1361/54/1367 1359/55/1366 1300/15/1302
f 1300/15/1302 1359/55/1366 1343/43/1346
f 1335/33/1336 1361/54/1367 1301/14/1301
f 1301/14/1301 1361/54/1367 1300/15/1302
f 1341/41/1344 1364/56/1371 1333/32/1335
f 1333/32/1335 1336/34/1337 1341/41/1344
f 1287/1/1288 1365/57/1341 1290/4/1291
f 1365/57/1341 1366/58/1342 1290/4/1291
f 1367/59/1347 1343/60/1346 1288/3/1290
f 1288/3/1290 1289/2/1289 1367/59/1347
f 1340/40/1343 1291/5/1292 1292/7/1294
f 1292/7/1294 1341/41/1344 1340/40/1343
f 1337/35/1338 1294/8/1295 1293/6/1293
f 1294/8/1295 1337/35/1338 1339/37/1340
f 1303/233/1304 1368/247/1352 1348/61/1353
f 1348/61/1353 1306/17/1307 1303/233/1304
f 1360/248/1368 1304/234/1306 1305/18/1305
f 1305/18/1305 1359/62/1366 1360/248/1368
f 1306/17/1307 1348/61/1353 1287/1/1288
f 1348/61/1353 1365/57/1341 1287/1/1288
f 1359/62/1366 1305/18/1305 1288/3/1290
f 1288/3/1290 1343/60/1346 1359/62/1366
f 1369/63/1364 1307/20/1308 1358/407/1365
f 1307/20/1308 1308/393/1310 1358/407/1365
f 1309/19/1309 1350/64/1356 1370/408/1355
f 1370/408/1355 1310/394/1311 1309/19/1309
f 1369/63/1364 1367/59/1347 1289/2/1289
f 1289/2/1289 1307/20/1308 1369/63/1364
f 1366/58/1342 1309/19/1309 1290/4/1291
f 1309/19/1309 1366/58/1342 1350/64/1356
f 1364/56/1371 1311/21/1312 1363/246/1370
f 1311/21/1312 1312/235/1314 1363/246/1370
f 1313/22/1313 1346/45/1349 1314/236/1315
f 1314/236/1315 1346/45/1349 1344/241/1348
f 1341/41/1344 1292/7/1294 1364/56/1371
f 1292/7/1294 1311/21/1312 1364/56/1371
f 1294/8/1295 1339/37/1340 1346/45/1349
f 1346/45/1349 1313/22/1313 1294/8/1295
f 1315/395/1316 1353/403/1359 1352/50/1358
f 1352/50/1358 1318/23/1319 1315/395/1316
f 1357/405/1363 1316/396/1318 1354/51/1360
f 1316/396/1318 1317/24/1317 1354/51/1360
f 1352/50/1358 1293/6/1293 1318/23/1319
f 1352/50/1358 1337/35/1338 1293/6/1293
f 1354/51/1360 1317/24/1317 1340/40/1343
f 1317/24/1317 1291/5/1292 1340/40/1343
f 3158/409/1372 3157/410/1373 1357/405/1363
f 1316/396/1318 1357/405/1363 3157/410/1373
f 3157/410/1373 3155/411/1374 1316/396/1318
f 3155/411/1374 1315/395/1316 1316/396/1318
f 3155/411/1374 3156/412/1375 1315/395/1316
f 3156/412/1375 1353/403/1359 1315/395/1316
f 3156/412/1375 3166/413/1376 1323/397/1324
f 1323/397/1324 1353/403/1359 3156/412/1375
f 1323/397/1324 3166/413/1376 1371/414/1377
f 1371/414/1377 1325/398/1325 1323/397/1324
f 1325/398/1325 1371/414/1377 1349/401/1354
f 1371/414/1377 1372/415/1378 1349/401/1354
f 1349/401/1354 1372/415/1378 3165/416/1379
f 3165/416/1379 1370/402/1355 1349/401/1354
f 1310/394/1311 1370/408/1355 3165/417/1379
f 3165/417/1379 3164/418/1380 1310/394/1311
f 1308/393/1310 1310/394/1311 3164/418/1380
f 3164/418/1380 3163/419/1381 1308/393/1310
f 1358/407/1365 1308/393/1310 3163/419/1381
f 3163/419/1381 3162/420/1382 1358/407/1365
f 3161/421/1383 1331/400/1332 1358/406/1365
f 1358/406/1365 3162/422/1382 3161/421/1383
f 1328/399/1329 3161/421/1383 3160/423/1384
f 1328/399/1329 1331/400/1332 3161/421/1383
f 1355/404/1362 3160/423/1384 3159/424/1385
f 1355/404/1362 1328/399/1329 3160/423/1384
f 3159/424/1385 3158/409/1372 1357/405/1363
f 1357/405/1363 1355/404/1362 3159/424/1385
f 1344/241/1348 1899/249/1386 1373/250/1387
f 1373/250/1387 1314/236/1315 1344/241/1348
f 1312/235/1314 1314/236/1315 1373/250/1387
f 1373/250/1387 1374/251/1388 1312/235/1314
f 1363/246/1370 1312/235/1314 1374/251/1388
f 1374/251/1388 1375/252/1389 1363/246/1370
f 1363/246/1370 1375/252/1389 1332/239/1333
f 1375/252/1389 1904/253/1390 1332/239/1333
f 1334/240/1334 1332/239/1333 1904/253/1390
f 1904/253/1390 1376/254/1391 1334/240/1334
f 1362/245/1369 1334/240/1334 1376/254/1391
f 1376/254/1391 1903/255/1392 1362/245/1369
f 1903/255/1392 1377/256/1393 1360/244/1368
f 1360/244/1368 1362/245/1369 1903/255/1392
f 1378/257/1394 1304/234/1306 1360/248/1368
f 1360/248/1368 1377/258/1393 1378/257/1394
f 1378/257/1394 1902/259/1395 1304/234/1306
f 1902/259/1395 1303/233/1304 1304/234/1306
f 1902/259/1395 1901/260/1396 1303/233/1304
f 1901/260/1396 1368/247/1352 1303/233/1304
f 1322/238/1323 1901/261/1396 1900/262/1397
f 1322/238/1323 1368/243/1352 1901/261/1396
f 1319/237/1320 1900/262/1397 1379/263/1398
f 1319/237/1320 1322/238/1323 1900/262/1397
f 1347/242/1351 1379/263/1398 1380/264/1399
f 1347/242/1351 1319/237/1320 1379/263/1398
f 1344/241/1348 1380/264/1399 1899/249/1386
f 1344/241/1348 1347/242/1351 1380/264/1399
f 1381/1/1400 1383/2/1401 1382/3/1402
f 1381/1/1400 1384/4/1403 1383/2/1401
f 1385/5/1404 1387/6/1405 1386/7/1406
f 1387/6/1405 1388/8/1407 1386/7/1406
f 1389/9/1408 1391/10/1409 1390/11/1410
f 1390/11/1410 1392/12/1411 1389/9/1408
f 1393/13/1412 1395/14/1413 1394/15/1414
f 1394/15/1414 1396/16/1415 1393/13/1412
f 1397/233/1416 1399/18/1417 1398/234/1418
f 1397/233/1416 1400/17/1419 1399/18/1417
f 1400/17/1419 1382/3/1402 1399/18/1417
f 1400/17/1419 1381/1/1400 1382/3/1402
f 1401/20/1420 1403/19/1421 1402/393/1422
f 1403/19/1421 1404/394/1423 1402/393/1422
f 1383/2/1401 1384/4/1403 1403/19/1421
f 1403/19/1421 1401/20/1420 1383/2/1401
f 1405/21/1424 1407/22/1425 1406/235/1426
f 1407/22/1425 1408/236/1427 1406/235/1426
f 1386/7/1406 1388/8/1407 1405/21/1424
f 1388/8/1407 1407/22/1425 1405/21/1424
f 1409/395/1428 1411/24/1429 1410/396/1430
f 1409/395/1428 1412/23/1431 1411/24/1429
f 1412/23/1431 1385/5/1404 1411/24/1429
f 1412/23/1431 1387/6/1405 1385/5/1404
f 1413/237/1432 1415/25/1433 1414/26/1434
f 1414/26/1434 1416/238/1435 1413/237/1432
f 1415/25/1433 1389/9/1408 1392/12/1411
f 1392/12/1411 1414/26/1434 1415/25/1433
f 1417/397/1436 1419/398/1437 1418/27/1438
f 1418/27/1438 1419/398/1437 1420/28/1439
f 1418/27/1438 1420/28/1439 1421/29/1440
f 1421/29/1440 1420/28/1439 1391/10/1409
f 1422/399/1441 1424/30/1442 1423/31/1443
f 1423/31/1443 1425/400/1444 1422/399/1441
f 1424/30/1442 1393/13/1412 1396/16/1415
f 1396/16/1415 1423/31/1443 1424/30/1442
f 1426/239/1445 1428/240/1446 1427/32/1447
f 1427/32/1447 1428/240/1446 1429/33/1448
f 1427/32/1447 1429/33/1448 1430/34/1449
f 1430/34/1449 1429/33/1448 1395/14/1413
f 1431/35/1450 1421/29/1440 1432/36/1451
f 1432/36/1451 1433/37/1452 1431/35/1450
f 1432/36/1451 1421/29/1440 1391/10/1409
f 1391/10/1409 1389/9/1408 1432/36/1451
f 1459/38/1453 1392/12/1411 1460/39/1454
f 1390/11/1410 1460/39/1454 1392/12/1411
f 1434/40/1455 1435/41/1456 1430/34/1449
f 1430/34/1449 1436/42/1457 1434/40/1455
f 1436/42/1457 1430/34/1449 1395/14/1413
f 1395/14/1413 1393/13/1412 1436/42/1457
f 1394/15/1414 1437/43/1458 1396/16/1415
f 1396/16/1415 1437/43/1458 1461/44/1459
f 1438/241/1460 1440/45/1461 1439/46/1462
f 1439/46/1462 1441/242/1463 1438/241/1460
f 1441/242/1463 1439/46/1462 1415/25/1433
f 1415/25/1433 1413/237/1432 1441/242/1463
f 1462/243/1464 1416/238/1435 1442/47/1465
f 1414/26/1434 1442/47/1465 1416/238/1435
f 1440/45/1461 1433/37/1452 1432/36/1451
f 1432/36/1451 1439/46/1462 1440/45/1461
f 1439/46/1462 1432/36/1451 1389/9/1408
f 1389/9/1408 1415/25/1433 1439/46/1462
f 1442/47/1465 1414/26/1434 1392/12/1411
f 1392/12/1411 1459/38/1453 1442/47/1465
f 1443/401/1466 1464/402/1467 1444/49/1468
f 1444/49/1468 1445/48/1469 1443/401/1466
f 1419/398/1437 1443/401/1466 1420/28/1439
f 1420/28/1439 1443/401/1466 1445/48/1469
f 1446/50/1470 1447/403/1471 1417/397/1436
f 1417/397/1436 1418/27/1438 1446/50/1470
f 1445/48/1469 1444/49/1468 1460/39/1454
f 1460/39/1454 1390/11/1410 1445/48/1469
f 1420/28/1439 1445/48/1469 1391/10/1409
f 1391/10/1409 1445/48/1469 1390/11/1410
f 1431/35/1450 1446/50/1470 1418/27/1438
f 1418/27/1438 1421/29/1440 1431/35/1450
f 1448/51/1472 1450/52/1473 1449/404/1474
f 1449/404/1474 1451/405/1475 1448/51/1472
f 1449/404/1474 1450/52/1473 1424/30/1442
f 1424/30/1442 1422/399/1441 1449/404/1474
f 1423/31/1443 1463/53/1476 1452/406/1477
f 1452/406/1477 1425/400/1444 1423/31/1443
f 1448/51/1472 1436/42/1457 1450/52/1473
f 1448/51/1472 1434/40/1455 1436/42/1457
f 1450/52/1473 1436/42/1457 1393/13/1412
f 1393/13/1412 1424/30/1442 1450/52/1473
f 1396/16/1415 1461/44/1459 1423/31/1443
f 1423/31/1443 1461/44/1459 1463/53/1476
f 1453/55/1478 1455/54/1479 1454/244/1480
f 1456/245/1481 1454/244/1480 1455/54/1479
f 1428/240/1446 1456/245/1481 1429/33/1448
f 1429/33/1448 1456/245/1481 1455/54/1479
f 1457/246/1482 1426/239/1445 1427/32/1447
f 1427/32/1447 1458/56/1483 1457/246/1482
f 1455/54/1479 1453/55/1478 1394/15/1414
f 1394/15/1414 1453/55/1478 1437/43/1458
f 1429/33/1448 1455/54/1479 1395/14/1413
f 1395/14/1413 1455/54/1479 1394/15/1414
f 1435/41/1456 1458/56/1483 1427/32/1447
f 1427/32/1447 1430/34/1449 1435/41/1456
f 1381/1/1400 1459/57/1453 1384/4/1403
f 1459/57/1453 1460/58/1454 1384/4/1403
f 1461/59/1459 1437/60/1458 1382/3/1402
f 1382/3/1402 1383/2/1401 1461/59/1459
f 1434/40/1455 1385/5/1404 1386/7/1406
f 1386/7/1406 1435/41/1456 1434/40/1455
f 1431/35/1450 1388/8/1407 1387/6/1405
f 1388/8/1407 1431/35/1450 1433/37/1452
f 1397/233/1416 1462/247/1464 1442/61/1465
f 1442/61/1465 1400/17/1419 1397/233/1416
f 1454/248/1480 1398/234/1418 1399/18/1417
f 1399/18/1417 1453/62/1478 1454/248/1480
f 1400/17/1419 1442/61/1465 1381/1/1400
f 1442/61/1465 1459/57/1453 1381/1/1400
f 1453/62/1478 1399/18/1417 1382/3/1402
f 1382/3/1402 1437/60/1458 1453/62/1478
f 1463/63/1476 1401/20/1420 1452/407/1477
f 1401/20/1420 1402/393/1422 1452/407/1477
f 1403/19/1421 1444/64/1468 1464/408/1467
f 1464/408/1467 1404/394/1423 1403/19/1421
f 1463/63/1476 1461/59/1459 1383/2/1401
f 1383/2/1401 1401/20/1420 1463/63/1476
f 1460/58/1454 1403/19/1421 1384/4/1403
f 1403/19/1421 1460/58/1454 1444/64/1468
f 1458/56/1483 1405/21/1424 1457/246/1482
f 1405/21/1424 1406/235/1426 1457/246/1482
f 1407/22/1425 1440/45/1461 1408/236/1427
f 1408/236/1427 1440/45/1461 1438/241/1460
f 1435/41/1456 1386/7/1406 1458/56/1483
f 1386/7/1406 1405/21/1424 1458/56/1483
f 1388/8/1407 1433/37/1452 1440/45/1461
f 1440/45/1461 1407/22/1425 1388/8/1407
f 1409/395/1428 1447/403/1471 1446/50/1470
f 1446/50/1470 1412/23/1431 1409/395/1428
f 1451/405/1475 1410/396/1430 1448/51/1472
f 1410/396/1430 1411/24/1429 1448/51/1472
f 1446/50/1470 1387/6/1405 1412/23/1431
f 1446/50/1470 1431/35/1450 1387/6/1405
f 1448/51/1472 1411/24/1429 1434/40/1455
f 1411/24/1429 1385/5/1404 1434/40/1455
f 1465/409/1053 1070/410/1052 1451/405/1475
f 1410/396/1430 1451/405/1475 1070/410/1052
f 1070/410/1052 1069/411/1051 1410/396/1430
f 1069/411/1051 1409/395/1428 1410/396/1430
f 1069/411/1051 1466/412/1050 1409/395/1428
f 1466/412/1050 1447/403/1471 1409/395/1428
f 1466/412/1050 1074/413/1063 1417/397/1436
f 1417/397/1436 1447/403/1471 1466/412/1050
f 1417/397/1436 1074/413/1063 1467/414/1062
f 1467/414/1062 1419/398/1437 1417/397/1436
f 1419/398/1437 1467/414/1062 1443/401/1466
f 1467/414/1062 1468/415/1061 1443/401/1466
f 1443/401/1466 1468/415/1061 1073/416/1060
f 1073/416/1060 1464/402/1467 1443/401/1466
f 1404/394/1423 1464/408/1467 1073/417/1060
f 1073/417/1060 1469/418/1059 1404/394/1423
f 1402/393/1422 1404/394/1423 1469/418/1059
f 1469/418/1059 1470/419/1058 1402/393/1422
f 1452/407/1477 1402/393/1422 1470/419/1058
f 1470/419/1058 1072/420/1057 1452/407/1477
f 1471/421/1056 1425/400/1444 1452/406/1477
f 1452/406/1477 1072/422/1057 1471/421/1056
f 1422/399/1441 1471/421/1056 1071/423/1055
f 1422/399/1441 1425/400/1444 1471/421/1056
f 1449/404/1474 1071/423/1055 1472/424/1054
f 1449/404/1474 1422/399/1441 1071/423/1055
f 1472/424/1054 1465/409/1053 1451/405/1475
f 1451/405/1475 1449/404/1474 1472/424/1054
f 1438/241/1460 1473/249/1151 1170/250/1150
f 1170/250/1150 1408/236/1427 1438/241/1460
f 1406/235/1426 1408/236/1427 1170/250/1150
f 1170/250/1150 1169/251/1149 1406/235/1426
f 1457/246/1482 1406/235/1426 1169/251/1149
f 1169/251/1149 1474/252/1148 1457/246/1482
f 1457/246/1482 1474/252/1148 1426/239/1445
f 1474/252/1148 1475/253/1161 1426/239/1445
f 1428/240/1446 1426/239/1445 1475/253/1161
f 1475/253/1161 1476/254/1160 1428/240/1446
f 1456/245/1481 1428/240/1446 1476/254/1160
f 1476/254/1160 1477/255/1159 1456/245/1481
f 1477/255/1159 1174/256/1158 1454/244/1480
f 1454/244/1480 1456/245/1481 1477/255/1159
f 1173/257/1157 1398/234/1418 1454/248/1480
f 1454/248/1480 1174/258/1158 1173/257/1157
f 1173/257/1157 1172/259/1156 1398/234/1418
f 1172/259/1156 1397/233/1416 1398/234/1418
f 1172/259/1156 1478/260/1155 1397/233/1416
f 1478/260/1155 1462/247/1464 1397/233/1416
f 1416/238/1435 1478/261/1155 1479/262/1154
f 1416/238/1435 1462/243/1464 1478/261/1155
f 1413/237/1432 1479/262/1154 1171/263/1153
f 1413/237/1432 1416/238/1435 1479/262/1154
f 1441/242/1463 1171/263/1153 1480/264/1152
f 1441/242/1463 1413/237/1432 1171/263/1153
f 1438/241/1460 1480/264/1152 1473/249/1151
f 1438/241/1460 1441/242/1463 1480/264/1152
f 1481/1/1484 1483/2/1485 1482/3/1486
f 1481/1/1484 1484/4/1487 1483/2/1485
f 1485/5/1488 1487/6/1489 1486/7/1490
f 1487/6/1489 1488/8/1491 1486/7/1490
f 1489/9/1492 1491/10/1493 1490/11/1494
f 1490/11/1494 1492/12/1495 1489/9/1492
f 1493/13/1496 1495/14/1497 1494/15/1498
f 1494/15/1498 1496/16/1499 1493/13/1496
f 1497/233/1500 1499/18/1501 1498/234/1502
f 1497/233/1500 1500/17/1503 1499/18/1501
f 1500/17/1503 1482/3/1486 1499/18/1501
f 1500/17/1503 1481/1/1484 1482/3/1486
f 1501/20/1504 1503/19/1505 1502/393/1506
f 1503/19/1505 1504/394/1507 1502/393/1506
f 1483/2/1485 1484/4/1487 1503/19/1505
f 1503/19/1505 1501/20/1504 1483/2/1485
f 1505/21/1508 1507/22/1509 1506/235/1510
f 1507/22/1509 1508/236/1511 1506/235/1510
f 1486/7/1490 1488/8/1491 1505/21/1508
f 1488/8/1491 1507/22/1509 1505/21/1508
f 1509/395/1512 1511/24/1513 1510/396/1514
f 1509/395/1512 1512/23/1515 1511/24/1513
f 1512/23/1515 1485/5/1488 1511/24/1513
f 1512/23/1515 1487/6/1489 1485/5/1488
f 1513/237/1516 1515/25/1517 1514/26/1518
f 1514/26/1518 1516/238/1519 1513/237/1516
f 1515/25/1517 1489/9/1492 1492/12/1495
f 1492/12/1495 1514/26/1518 1515/25/1517
f 1517/397/1520 1519/398/1521 1518/27/1522
f 1518/27/1522 1519/398/1521 1520/28/1523
f 1518/27/1522 1520/28/1523 1521/29/1524
f 1521/29/1524 1520/28/1523 1491/10/1493
f 1522/399/1525 1524/30/1526 1523/31/1527
f 1523/31/1527 1525/400/1528 1522/399/1525
f 1524/30/1526 1493/13/1496 1496/16/1499
f 1496/16/1499 1523/31/1527 1524/30/1526
f 1526/239/1529 1528/240/1530 1527/32/1531
f 1527/32/1531 1528/240/1530 1529/33/1532
f 1527/32/1531 1529/33/1532 1530/34/1533
f 1530/34/1533 1529/33/1532 1495/14/1497
f 1531/35/1534 1521/29/1524 1532/36/1535
f 1532/36/1535 1533/37/1536 1531/35/1534
f 1532/36/1535 1521/29/1524 1491/10/1493
f 1491/10/1493 1489/9/1492 1532/36/1535
f 1559/38/1537 1492/12/1495 1560/39/1538
f 1490/11/1494 1560/39/1538 1492/12/1495
f 1534/40/1539 1535/41/1540 1530/34/1533
f 1530/34/1533 1536/42/1541 1534/40/1539
f 1536/42/1541 1530/34/1533 1495/14/1497
f 1495/14/1497 1493/13/1496 1536/42/1541
f 1494/15/1498 1537/43/1542 1496/16/1499
f 1496/16/1499 1537/43/1542 1561/44/1543
f 1538/241/1544 1540/45/1545 1539/46/1546
f 1539/46/1546 1541/242/1547 1538/241/1544
f 1541/242/1547 1539/46/1546 1515/25/1517
f 1515/25/1517 1513/237/1516 1541/242/1547
f 1562/243/1548 1516/238/1519 1542/47/1549
f 1514/26/1518 1542/47/1549 1516/238/1519
f 1540/45/1545 1533/37/1536 1532/36/1535
f 1532/36/1535 1539/46/1546 1540/45/1545
f 1539/46/1546 1532/36/1535 1489/9/1492
f 1489/9/1492 1515/25/1517 1539/46/1546
f 1542/47/1549 1514/26/1518 1492/12/1495
f 1492/12/1495 1559/38/1537 1542/47/1549
f 1543/401/1550 1564/402/1551 1544/49/1552
f 1544/49/1552 1545/48/1553 1543/401/1550
f 1519/398/1521 1543/401/1550 1520/28/1523
f 1520/28/1523 1543/401/1550 1545/48/1553
f 1546/50/1554 1547/403/1555 1517/397/1520
f 1517/397/1520 1518/27/1522 1546/50/1554
f 1545/48/1553 1544/49/1552 1560/39/1538
f 1560/39/1538 1490/11/1494 1545/48/1553
f 1520/28/1523 1545/48/1553 1491/10/1493
f 1491/10/1493 1545/48/1553 1490/11/1494
f 1531/35/1534 1546/50/1554 1518/27/1522
f 1518/27/1522 1521/29/1524 1531/35/1534
f 1548/51/1556 1550/52/1557 1549/404/1558
f 1549/404/1558 1551/405/1559 1548/51/1556
f 1549/404/1558 1550/52/1557 1524/30/1526
f 1524/30/1526 1522/399/1525 1549/404/1558
f 1523/31/1527 1563/53/1560 1552/406/1561
f 1552/406/1561 1525/400/1528 1523/31/1527
f 1548/51/1556 1536/42/1541 1550/52/1557
f 1548/51/1556 1534/40/1539 1536/42/1541
f 1550/52/1557 1536/42/1541 1493/13/1496
f 1493/13/1496 1524/30/1526 1550/52/1557
f 1496/16/1499 1561/44/1543 1523/31/1527
f 1523/31/1527 1561/44/1543 1563/53/1560
f 1553/55/1562 1555/54/1563 1554/244/1564
f 1556/245/1565 1554/244/1564 1555/54/1563
f 1528/240/1530 1556/245/1565 1529/33/1532
f 1529/33/1532 1556/245/1565 1555/54/1563
f 1557/246/1566 1526/239/1529 1527/32/1531
f 1527/32/1531 1558/56/1567 1557/246/1566
f 1555/54/1563 1553/55/1562 1494/15/1498
f 1494/15/1498 1553/55/1562 1537/43/1542
f 1529/33/1532 1555/54/1563 1495/14/1497
f 1495/14/1497 1555/54/1563 1494/15/1498
f 1535/41/1540 1558/56/1567 1527/32/1531
f 1527/32/1531 1530/34/1533 1535/41/1540
f 1481/1/1484 1559/57/1537 1484/4/1487
f 1559/57/1537 1560/58/1538 1484/4/1487
f 1561/59/1543 1537/60/1542 1482/3/1486
f 1482/3/1486 1483/2/1485 1561/59/1543
f 1534/40/1539 1485/5/1488 1486/7/1490
f 1486/7/1490 1535/41/1540 1534/40/1539
f 1531/35/1534 1488/8/1491 1487/6/1489
f 1488/8/1491 1531/35/1534 1533/37/1536
f 1497/233/1500 1562/247/1548 1542/61/1549
f 1542/61/1549 1500/17/1503 1497/233/1500
f 1554/248/1564 1498/234/1502 1499/18/1501
f 1499/18/1501 1553/62/1562 1554/248/1564
f 1500/17/1503 1542/61/1549 1481/1/1484
f 1542/61/1549 1559/57/1537 1481/1/1484
f 1553/62/1562 1499/18/1501 1482/3/1486
f 1482/3/1486 1537/60/1542 1553/62/1562
f 1563/63/1560 1501/20/1504 1552/407/1561
f 1501/20/1504 1502/393/1506 1552/407/1561
f 1503/19/1505 1544/64/1552 1564/408/1551
f 1564/408/1551 1504/394/1507 1503/19/1505
f 1563/63/1560 1561/59/1543 1483/2/1485
f 1483/2/1485 1501/20/1504 1563/63/1560
f 1560/58/1538 1503/19/1505 1484/4/1487
f 1503/19/1505 1560/58/1538 1544/64/1552
f 1558/56/1567 1505/21/1508 1557/246/1566
f 1505/21/1508 1506/235/1510 1557/246/1566
f 1507/22/1509 1540/45/1545 1508/236/1511
f 1508/236/1511 1540/45/1545 1538/241/1544
f 1535/41/1540 1486/7/1490 1558/56/1567
f 1486/7/1490 1505/21/1508 1558/56/1567
f 1488/8/1491 1533/37/1536 1540/45/1545
f 1540/45/1545 1507/22/1509 1488/8/1491
f 1509/395/1512 1547/403/1555 1546/50/1554
f 1546/50/1554 1512/23/1515 1509/395/1512
f 1551/405/1559 1510/396/1514 1548/51/1556
f 1510/396/1514 1511/24/1513 1548/51/1556
f 1546/50/1554 1487/6/1489 1512/23/1515
f 1546/50/1554 1531/35/1534 1487/6/1489
f 1548/51/1556 1511/24/1513 1534/40/1539
f 1511/24/1513 1485/5/1488 1534/40/1539
f 1565/409/1165 1566/410/1164 1551/405/1559
f 1510/396/1514 1551/405/1559 1566/410/1164
f 1566/410/1164 1567/411/1163 1510/396/1514
f 1567/411/1163 1509/395/1512 1510/396/1514
f 1567/411/1163 1175/412/1162 1509/395/1512
f 1175/412/1162 1547/403/1555 1509/395/1512
f 1175/412/1162 1568/413/1175 1517/397/1520
f 1517/397/1520 1547/403/1555 1175/412/1162
f 1517/397/1520 1568/413/1175 1569/414/1174
f 1569/414/1174 1519/398/1521 1517/397/1520
f 1519/398/1521 1569/414/1174 1543/401/1550
f 1569/414/1174 1570/415/1173 1543/401/1550
f 1543/401/1550 1570/415/1173 1571/416/1172
f 1571/416/1172 1564/402/1551 1543/401/1550
f 1504/394/1507 1564/408/1551 1571/417/1172
f 1571/417/1172 1572/418/1171 1504/394/1507
f 1502/393/1506 1504/394/1507 1572/418/1171
f 1572/418/1171 1179/419/1170 1502/393/1506
f 1552/407/1561 1502/393/1506 1179/419/1170
f 1179/419/1170 1178/420/1169 1552/407/1561
f 1573/421/1168 1525/400/1528 1552/406/1561
f 1552/406/1561 1178/422/1169 1573/421/1168
f 1522/399/1525 1573/421/1168 1177/423/1167
f 1522/399/1525 1525/400/1528 1573/421/1168
f 1549/404/1558 1177/423/1167 1176/424/1166
f 1549/404/1558 1522/399/1525 1177/423/1167
f 1176/424/1166 1565/409/1165 1551/405/1559
f 1551/405/1559 1549/404/1558 1176/424/1166
f 1538/241/1544 1575/249/1568 1574/250/1569
f 1574/250/1569 1508/236/1511 1538/241/1544
f 1506/235/1510 1508/236/1511 1574/250/1569
f 1574/250/1569 1576/251/1570 1506/235/1510
f 1557/246/1566 1506/235/1510 1576/251/1570
f 1576/251/1570 1577/252/1571 1557/246/1566
f 1557/246/1566 1577/252/1571 1526/239/1529
f 1577/252/1571 1578/253/1572 1526/239/1529
f 1528/240/1530 1526/239/1529 1578/253/1572
f 1578/253/1572 1579/254/1573 1528/240/1530
f 1556/245/1565 1528/240/1530 1579/254/1573
f 1579/254/1573 1580/255/1574 1556/245/1565
f 1580/255/1574 1581/256/1575 1554/244/1564
f 1554/244/1564 1556/245/1565 1580/255/1574
f 1582/257/1576 1498/234/1502 1554/248/1564
f 1554/248/1564 1581/258/1575 1582/257/1576
f 1582/257/1576 1583/259/1577 1498/234/1502
f 1583/259/1577 1497/233/1500 1498/234/1502
f 1583/259/1577 1584/260/1578 1497/233/1500
f 1584/260/1578 1562/247/1548 1497/233/1500
f 1516/238/1519 1584/261/1578 1585/262/1579
f 1516/238/1519 1562/243/1548 1584/261/1578
f 1513/237/1516 1585/262/1579 2875/263/1580
f 1513/237/1516 1516/238/1519 1585/262/1579
f 1541/242/1547 2875/263/1580 1586/264/1581
f 1541/242/1547 1513/237/1516 2875/263/1580
f 1538/241/1544 1586/264/1581 1575/249/1568
f 1538/241/1544 1541/242/1547 1586/264/1581
f 1587/1/1582 1589/2/1583 1588/3/1584
f 1587/1/1582 1590/4/1585 1589/2/1583
f 1591/5/1586 1593/6/1587 1592/7/1588
f 1593/6/1587 1594/8/1589 1592/7/1588
f 1595/9/1590 1597/10/1591 1596/11/1592
f 1596/11/1592 1598/12/1593 1595/9/1590
f 1599/13/1594 1601/14/1595 1600/15/1596
f 1600/15/1596 1602/16/1597 1599/13/1594
f 1603/233/1598 1605/18/1599 1604/234/1600
f 1603/233/1598 1606/17/1601 1605/18/1599
f 1606/17/1601 1588/3/1584 1605/18/1599
f 1606/17/1601 1587/1/1582 1588/3/1584
f 1607/20/1602 1609/19/1603 1608/393/1604
f 1609/19/1603 1610/394/1605 1608/393/1604
f 1589/2/1583 1590/4/1585 1609/19/1603
f 1609/19/1603 1607/20/1602 1589/2/1583
f 1611/21/1606 1613/22/1607 1612/235/1608
f 1613/22/1607 1614/236/1609 1612/235/1608
f 1592/7/1588 1594/8/1589 1611/21/1606
f 1594/8/1589 1613/22/1607 1611/21/1606
f 1615/395/1610 1617/24/1611 1616/396/1612
f 1615/395/1610 1618/23/1613 1617/24/1611
f 1618/23/1613 1591/5/1586 1617/24/1611
f 1618/23/1613 1593/6/1587 1591/5/1586
f 1619/237/1614 1621/25/1615 1620/26/1616
f 1620/26/1616 1622/238/1617 1619/237/1614
f 1621/25/1615 1595/9/1590 1598/12/1593
f 1598/12/1593 1620/26/1616 1621/25/1615
f 1623/397/1618 1625/398/1619 1624/27/1620
f 1624/27/1620 1625/398/1619 1626/28/1621
f 1624/27/1620 1626/28/1621 1627/29/1622
f 1627/29/1622 1626/28/1621 1597/10/1591
f 1628/399/1623 1630/30/1624 1629/31/1625
f 1629/31/1625 1631/400/1626 1628/399/1623
f 1630/30/1624 1599/13/1594 1602/16/1597
f 1602/16/1597 1629/31/1625 1630/30/1624
f 1632/239/1627 1634/240/1628 1633/32/1629
f 1633/32/1629 1634/240/1628 1635/33/1630
f 1633/32/1629 1635/33/1630 1636/34/1631
f 1636/34/1631 1635/33/1630 1601/14/1595
f 1637/35/1632 1627/29/1622 1638/36/1633
f 1638/36/1633 1639/37/1634 1637/35/1632
f 1638/36/1633 1627/29/1622 1597/10/1591
f 1597/10/1591 1595/9/1590 1638/36/1633
f 1665/38/1635 1598/12/1593 1666/39/1636
f 1596/11/1592 1666/39/1636 1598/12/1593
f 1640/40/1637 1641/41/1638 1636/34/1631
f 1636/34/1631 1642/42/1639 1640/40/1637
f 1642/42/1639 1636/34/1631 1601/14/1595
f 1601/14/1595 1599/13/1594 1642/42/1639
f 1600/15/1596 1643/43/1640 1602/16/1597
f 1602/16/1597 1643/43/1640 1667/44/1641
f 1644/241/1642 1646/45/1643 1645/46/1644
f 1645/46/1644 1647/242/1645 1644/241/1642
f 1647/242/1645 1645/46/1644 1621/25/1615
f 1621/25/1615 1619/237/1614 1647/242/1645
f 1668/243/1646 1622/238/1617 1648/47/1647
f 1620/26/1616 1648/47/1647 1622/238/1617
f 1646/45/1643 1639/37/1634 1638/36/1633
f 1638/36/1633 1645/46/1644 1646/45/1643
f 1645/46/1644 1638/36/1633 1595/9/1590
f 1595/9/1590 1621/25/1615 1645/46/1644
f 1648/47/1647 1620/26/1616 1598/12/1593
f 1598/12/1593 1665/38/1635 1648/47/1647
f 1649/401/1648 1670/402/1649 1650/49/1650
f 1650/49/1650 1651/48/1651 1649/401/1648
f 1625/398/1619 1649/401/1648 1626/28/1621
f 1626/28/1621 1649/401/1648 1651/48/1651
f 1652/50/1652 1653/403/1653 1623/397/1618
f 1623/397/1618 1624/27/1620 1652/50/1652
f 1651/48/1651 1650/49/1650 1666/39/1636
f 1666/39/1636 1596/11/1592 1651/48/1651
f 1626/28/1621 1651/48/1651 1597/10/1591
f 1597/10/1591 1651/48/1651 1596/11/1592
f 1637/35/1632 1652/50/1652 1624/27/1620
f 1624/27/1620 1627/29/1622 1637/35/1632
f 1654/51/1654 1656/52/1655 1655/404/1656
f 1655/404/1656 1657/405/1657 1654/51/1654
f 1655/404/1656 1656/52/1655 1630/30/1624
f 1630/30/1624 1628/399/1623 1655/404/1656
f 1629/31/1625 1669/53/1658 1658/406/1659
f 1658/406/1659 1631/400/1626 1629/31/1625
f 1654/51/1654 1642/42/1639 1656/52/1655
f 1654/51/1654 1640/40/1637 1642/42/1639
f 1656/52/1655 1642/42/1639 1599/13/1594
f 1599/13/1594 1630/30/1624 1656/52/1655
f 1602/16/1597 1667/44/1641 1629/31/1625
f 1629/31/1625 1667/44/1641 1669/53/1658
f 1659/55/1660 1661/54/1661 1660/244/1662
f 1662/245/1663 1660/244/1662 1661/54/1661
f 1634/240/1628 1662/245/1663 1635/33/1630
f 1635/33/1630 1662/245/1663 1661/54/1661
f 1663/246/1664 1632/239/1627 1633/32/1629
f 1633/32/1629 1664/56/1665 1663/246/1664
f 1661/54/1661 1659/55/1660 1600/15/1596
f 1600/15/1596 1659/55/1660 1643/43/1640
f 1635/33/1630 1661/54/1661 1601/14/1595
f 1601/14/1595 1661/54/1661 1600/15/1596
f 1641/41/1638 1664/56/1665 1633/32/1629
f 1633/32/1629 1636/34/1631 1641/41/1638
f 1587/1/1582 1665/57/1635 1590/4/1585
f 1665/57/1635 1666/58/1636 1590/4/1585
f 1667/59/1641 1643/60/1640 1588/3/1584
f 1588/3/1584 1589/2/1583 1667/59/1641
f 1640/40/1637 1591/5/1586 1592/7/1588
f 1592/7/1588 1641/41/1638 1640/40/1637
f 1637/35/1632 1594/8/1589 1593/6/1587
f 1594/8/1589 1637/35/1632 1639/37/1634
f 1603/233/1598 1668/247/1646 1648/61/1647
f 1648/61/1647 1606/17/1601 1603/233/1598
f 1660/248/1662 1604/234/1600 1605/18/1599
f 1605/18/1599 1659/62/1660 1660/248/1662
f 1606/17/1601 1648/61/1647 1587/1/1582
f 1648/61/1647 1665/57/1635 1587/1/1582
f 1659/62/1660 1605/18/1599 1588/3/1584
f 1588/3/1584 1643/60/1640 1659/62/1660
f 1669/63/1658 1607/20/1602 1658/407/1659
f 1607/20/1602 1608/393/1604 1658/407/1659
f 1609/19/1603 1650/64/1650 1670/408/1649
f 1670/408/1649 1610/394/1605 1609/19/1603
f 1669/63/1658 1667/59/1641 1589/2/1583
f 1589/2/1583 1607/20/1602 1669/63/1658
f 1666/58/1636 1609/19/1603 1590/4/1585
f 1609/19/1603 1666/58/1636 1650/64/1650
f 1664/56/1665 1611/21/1606 1663/246/1664
f 1611/21/1606 1612/235/1608 1663/246/1664
f 1613/22/1607 1646/45/1643 1614/236/1609
f 1614/236/1609 1646/45/1643 1644/241/1642
f 1641/41/1638 1592/7/1588 1664/56/1665
f 1592/7/1588 1611/21/1606 1664/56/1665
f 1594/8/1589 1639/37/1634 1646/45/1643
f 1646/45/1643 1613/22/1607 1594/8/1589
f 1615/395/1610 1653/403/1653 1652/50/1652
f 1652/50/1652 1618/23/1613 1615/395/1610
f 1657/405/1657 1616/396/1612 1654/51/1654
f 1616/396/1612 1617/24/1611 1654/51/1654
f 1652/50/1652 1593/6/1587 1618/23/1613
f 1652/50/1652 1637/35/1632 1593/6/1587
f 1654/51/1654 1617/24/1611 1640/40/1637
f 1617/24/1611 1591/5/1586 1640/40/1637
f 1671/409/1666 1672/410/1667 1657/405/1657
f 1616/396/1612 1657/405/1657 1672/410/1667
f 1672/410/1667 1673/411/1668 1616/396/1612
f 1673/411/1668 1615/395/1610 1616/396/1612
f 1673/411/1668 1674/412/1669 1615/395/1610
f 1674/412/1669 1653/403/1653 1615/395/1610
f 1674/412/1669 1675/413/1670 1623/397/1618
f 1623/397/1618 1653/403/1653 1674/412/1669
f 1623/397/1618 1675/413/1670 1676/414/1671
f 1676/414/1671 1625/398/1619 1623/397/1618
f 1625/398/1619 1676/414/1671 1649/401/1648
f 1676/414/1671 1677/415/1672 1649/401/1648
f 1649/401/1648 1677/415/1672 1678/416/1673
f 1678/416/1673 1670/402/1649 1649/401/1648
f 1610/394/1605 1670/408/1649 1678/417/1673
f 1678/417/1673 1679/418/1674 1610/394/1605
f 1608/393/1604 1610/394/1605 1679/418/1674
f 1679/418/1674 1680/419/1675 1608/393/1604
f 1658/407/1659 1608/393/1604 1680/419/1675
f 1680/419/1675 1681/420/1676 1658/407/1659
f 1682/421/1677 1631/400/1626 1658/406/1659
f 1658/406/1659 1681/422/1676 1682/421/1677
f 1628/399/1623 1682/421/1677 1683/423/1678
f 1628/399/1623 1631/400/1626 1682/421/1677
f 1655/404/1656 1683/423/1678 1684/424/1679
f 1655/404/1656 1628/399/1623 1683/423/1678
f 1684/424/1679 1671/409/1666 1657/405/1657
f 1657/405/1657 1655/404/1656 1684/424/1679
f 1644/241/1642 967/249/941 1685/250/940
f 1685/250/940 1614/236/1609 1644/241/1642
f 1612/235/1608 1614/236/1609 1685/250/940
f 1685/250/940 1686/251/939 1612/235/1608
f 1663/246/1664 1612/235/1608 1686/251/939
f 1686/251/939 1687/252/938 1663/246/1664
f 1663/246/1664 1687/252/938 1632/239/1627
f 1687/252/938 1688/253/951 1632/239/1627
f 1634/240/1628 1632/239/1627 1688/253/951
f 1688/253/951 973/254/950 1634/240/1628
f 1662/245/1663 1634/240/1628 973/254/950
f 973/254/950 972/255/949 1662/245/1663
f 972/255/949 1689/256/948 1660/244/1662
f 1660/244/1662 1662/245/1663 972/255/949
f 971/257/947 1604/234/1600 1660/248/1662
f 1660/248/1662 1689/258/948 971/257/947
f 971/257/947 1690/259/946 1604/234/1600
f 1690/259/946 1603/233/1598 1604/234/1600
f 1690/259/946 970/260/945 1603/233/1598
f 970/260/945 1668/247/1646 1603/233/1598
f 1622/238/1617 970/261/945 1691/262/944
f 1622/238/1617 1668/243/1646 970/261/945
f 1619/237/1614 1691/262/944 969/263/943
f 1619/237/1614 1622/238/1617 1691/262/944
f 1647/242/1645 969/263/943 968/264/942
f 1647/242/1645 1619/237/1614 969/263/943
f 1644/241/1642 968/264/942 967/249/941
f 1644/241/1642 1647/242/1645 968/264/942
f 1692/65/1680 1694/66/1681 1693/67/1682
f 1693/67/1682 1695/68/1683 1692/65/1680
f 1696/69/1684 1694/66/1681 1697/70/1685
f 1694/66/1681 1692/65/1680 1697/70/1685
f 1707/71/1686 1696/69/1684 1709/72/1687
f 1696/69/1684 1697/70/1685 1709/72/1687
f 1698/73/1688 1700/74/1689 1699/75/1690
f 1698/73/1688 1701/76/1691 1700/74/1689
f 1702/77/1692 1701/76/1691 1698/73/1688
f 1702/77/1692 1703/78/1693 1701/76/1691
f 1704/79/1694 1703/78/1693 1702/77/1692
f 1704/79/1694 1705/80/1695 1703/78/1693
f 1706/81/1696 1708/82/1697 1707/83/1686
f 1707/83/1686 1709/84/1687 1706/81/1696
f 1710/85/1698 1711/86/1699 1708/82/1697
f 1708/82/1697 1706/81/1696 1710/85/1698
f 1712/87/1700 1713/88/1701 1711/86/1699
f 1711/86/1699 1710/85/1698 1712/87/1700
f 1699/75/1690 1700/74/1689 1713/88/1701
f 1713/88/1701 1712/87/1700 1699/75/1690
f 1704/79/1694 1714/89/1702 1705/80/1695
f 1705/80/1695 1714/89/1702 1715/90/1703
f 1714/89/1702 1716/91/1704 1715/90/1703
f 1715/90/1703 1716/91/1704 1717/92/1705
f 1716/91/1704 1718/93/1706 1717/92/1705
f 1717/92/1705 1718/93/1706 1719/94/1707
f 1693/95/1682 1719/94/1707 1695/96/1683
f 1719/94/1707 1718/93/1706 1695/96/1683
f 1720/97/1708 1721/98/1709 1800/99/1710
f 1800/99/1710 1722/100/1711 1720/97/1708
f 1722/100/1711 1800/99/1710 1723/101/1712
f 1800/99/1710 1801/102/1713 1723/101/1712
f 1723/101/1712 1801/102/1713 1694/66/1681
f 1801/102/1713 1693/67/1682 1694/66/1681
f 1724/106/1714 1725/105/1715 1802/193/1716
f 1802/193/1716 1726/194/1717 1724/106/1714
f 1727/103/1718 1803/104/1719 1725/105/1715
f 1725/105/1715 1724/106/1714 1727/103/1718
f 1692/65/1680 1695/68/1683 1727/103/1718
f 1727/103/1718 1695/68/1683 1803/104/1719
f 1728/107/1720 1720/97/1708 1729/108/1721
f 1720/97/1708 1722/100/1711 1729/108/1721
f 1729/108/1721 1722/100/1711 1730/109/1722
f 1722/100/1711 1723/101/1712 1730/109/1722
f 1730/109/1722 1723/101/1712 1694/66/1681
f 1694/66/1681 1696/69/1684 1730/109/1722
f 1731/111/1723 1724/106/1714 1726/194/1717
f 1726/194/1717 1732/195/1724 1731/111/1723
f 1733/110/1725 1727/103/1718 1724/106/1714
f 1724/106/1714 1731/111/1723 1733/110/1725
f 1692/65/1680 1733/110/1725 1697/70/1685
f 1692/65/1680 1727/103/1718 1733/110/1725
f 1734/112/1726 1728/107/1720 1765/113/1727
f 1728/107/1720 1729/108/1721 1765/113/1727
f 1765/113/1727 1729/108/1721 1730/109/1722
f 1730/109/1722 1735/114/1728 1765/113/1727
f 1735/114/1728 1730/109/1722 1696/69/1684
f 1696/69/1684 1707/71/1686 1735/114/1728
f 1736/116/1729 1731/111/1723 1737/196/1730
f 1731/111/1723 1732/195/1724 1737/196/1730
f 1738/115/1731 1733/110/1725 1736/116/1729
f 1733/110/1725 1731/111/1723 1736/116/1729
f 1697/70/1685 1738/115/1731 1709/72/1687
f 1697/70/1685 1733/110/1725 1738/115/1731
f 1739/117/1732 1741/118/1733 1740/119/1734
f 1741/118/1733 1742/120/1735 1740/119/1734
f 1743/121/1736 1744/122/1737 1739/117/1732
f 1744/122/1737 1741/118/1733 1739/117/1732
f 1701/76/1691 1743/121/1736 1700/74/1689
f 1701/76/1691 1744/122/1737 1743/121/1736
f 1745/197/1738 1747/198/1739 1746/123/1740
f 1747/198/1739 1748/124/1741 1746/123/1740
f 1746/123/1740 1748/124/1741 1749/125/1742
f 1749/125/1742 1750/126/1743 1746/123/1740
f 1750/126/1743 1749/125/1742 1698/73/1688
f 1698/73/1688 1699/75/1690 1750/126/1743
f 1751/127/1744 1742/120/1735 1741/118/1733
f 1751/127/1744 1752/128/1745 1742/120/1735
f 1744/122/1737 1753/129/1746 1751/127/1744
f 1751/127/1744 1741/118/1733 1744/122/1737
f 1703/78/1693 1744/122/1737 1701/76/1691
f 1703/78/1693 1753/129/1746 1744/122/1737
f 1747/198/1739 1754/199/1747 1748/124/1741
f 1754/199/1747 1755/130/1748 1748/124/1741
f 1748/124/1741 1755/130/1748 1749/125/1742
f 1755/130/1748 1756/131/1749 1749/125/1742
f 1749/125/1742 1756/131/1749 1702/77/1692
f 1702/77/1692 1698/73/1688 1749/125/1742
f 1751/127/1744 1758/132/1750 1757/133/1751
f 1757/133/1751 1752/128/1745 1751/127/1744
f 1753/129/1746 1759/134/1752 1758/132/1750
f 1758/132/1750 1751/127/1744 1753/129/1746
f 1703/78/1693 1705/80/1695 1759/134/1752
f 1759/134/1752 1753/129/1746 1703/78/1693
f 1754/199/1747 1761/200/1753 1760/135/1754
f 1760/135/1754 1755/130/1748 1754/199/1747
f 1755/130/1748 1760/135/1754 1756/131/1749
f 1760/135/1754 1762/136/1755 1756/131/1749
f 1756/131/1749 1762/136/1755 1702/77/1692
f 1762/136/1755 1704/79/1694 1702/77/1692
f 1763/137/1756 1764/138/1757 1734/139/1726
f 1734/139/1726 1765/140/1727 1763/137/1756
f 1766/141/1758 1763/137/1756 1765/140/1727
f 1765/140/1727 1735/142/1728 1766/141/1758
f 1708/82/1697 1766/141/1758 1735/142/1728
f 1735/142/1728 1707/83/1686 1708/82/1697
f 1737/201/1730 1768/202/1759 1767/146/1760
f 1767/146/1760 1736/145/1729 1737/201/1730
f 1769/143/1761 1738/144/1731 1736/145/1729
f 1736/145/1729 1767/146/1760 1769/143/1761
f 1706/81/1696 1709/84/1687 1738/144/1731
f 1738/144/1731 1769/143/1761 1706/81/1696
f 1770/147/1762 1771/148/1763 1764/138/1757
f 1764/138/1757 1763/137/1756 1770/147/1762
f 1772/149/1764 1770/147/1762 1763/137/1756
f 1763/137/1756 1766/141/1758 1772/149/1764
f 1711/86/1699 1772/149/1764 1766/141/1758
f 1766/141/1758 1708/82/1697 1711/86/1699
f 1768/202/1759 1773/203/1765 1767/146/1760
f 1774/151/1766 1767/146/1760 1773/203/1765
f 1775/150/1767 1769/143/1761 1767/146/1760
f 1767/146/1760 1774/151/1766 1775/150/1767
f 1710/85/1698 1706/81/1696 1769/143/1761
f 1769/143/1761 1775/150/1767 1710/85/1698
f 1776/152/1768 1777/153/1769 1771/148/1763
f 1771/148/1763 1770/147/1762 1776/152/1768
f 1776/152/1768 1770/147/1762 1772/149/1764
f 1772/149/1764 1778/154/1770 1776/152/1768
f 1778/154/1770 1772/149/1764 1711/86/1699
f 1711/86/1699 1713/88/1701 1778/154/1770
f 1773/203/1765 1779/204/1771 1774/151/1766
f 1780/156/1772 1774/151/1766 1779/204/1771
f 1781/155/1773 1775/150/1767 1780/156/1772
f 1780/156/1772 1775/150/1767 1774/151/1766
f 1712/87/1700 1710/85/1698 1781/155/1773
f 1781/155/1773 1710/85/1698 1775/150/1767
f 1740/119/1734 1777/153/1769 1776/152/1768
f 1776/152/1768 1739/117/1732 1740/119/1734
f 1739/117/1732 1776/152/1768 1778/154/1770
f 1778/154/1770 1743/121/1736 1739/117/1732
f 1743/121/1736 1778/154/1770 1713/88/1701
f 1713/88/1701 1700/74/1689 1743/121/1736
f 1779/204/1771 1745/197/1738 1780/156/1772
f 1746/123/1740 1780/156/1772 1745/197/1738
f 1780/156/1772 1746/123/1740 1781/155/1773
f 1750/126/1743 1781/155/1773 1746/123/1740
f 1781/155/1773 1750/126/1743 1712/87/1700
f 1699/75/1690 1712/87/1700 1750/126/1743
f 1782/157/1774 1757/133/1751 1783/158/1775
f 1758/132/1750 1783/158/1775 1757/133/1751
f 1783/158/1775 1758/132/1750 1784/159/1776
f 1759/134/1752 1784/159/1776 1758/132/1750
f 1784/159/1776 1759/134/1752 1715/90/1703
f 1705/80/1695 1715/90/1703 1759/134/1752
f 1760/135/1754 1761/200/1753 1785/205/1777
f 1785/205/1777 1786/160/1778 1760/135/1754
f 1760/135/1754 1786/160/1778 1787/161/1779
f 1787/161/1779 1762/136/1755 1760/135/1754
f 1762/136/1755 1787/161/1779 1714/89/1702
f 1714/89/1702 1704/79/1694 1762/136/1755
f 1788/162/1780 1782/157/1774 1789/163/1781
f 1783/158/1775 1789/163/1781 1782/157/1774
f 1784/159/1776 1790/164/1782 1783/158/1775
f 1783/158/1775 1790/164/1782 1789/163/1781
f 1715/90/1703 1717/92/1705 1784/159/1776
f 1784/159/1776 1717/92/1705 1790/164/1782
f 1786/160/1778 1785/205/1777 1791/206/1783
f 1791/206/1783 1792/165/1784 1786/160/1778
f 1786/160/1778 1792/165/1784 1793/166/1785
f 1793/166/1785 1787/161/1779 1786/160/1778
f 1787/161/1779 1793/166/1785 1716/91/1704
f 1716/91/1704 1714/89/1702 1787/161/1779
f 1794/167/1786 1788/162/1780 1795/168/1787
f 1789/163/1781 1795/168/1787 1788/162/1780
f 1790/164/1782 1796/169/1788 1795/168/1787
f 1795/168/1787 1789/163/1781 1790/164/1782
f 1717/92/1705 1719/94/1707 1796/169/1788
f 1796/169/1788 1790/164/1782 1717/92/1705
f 1792/165/1784 1791/206/1783 1797/207/1789
f 1797/207/1789 1798/170/1790 1792/165/1784
f 1793/166/1785 1792/165/1784 1798/170/1790
f 1798/170/1790 1799/171/1791 1793/166/1785
f 1716/91/1704 1793/166/1785 1799/171/1791
f 1799/171/1791 1718/93/1706 1716/91/1704
f 1721/172/1709 1794/167/1786 1800/173/1710
f 1795/168/1787 1800/173/1710 1794/167/1786
f 1800/173/1710 1795/168/1787 1796/169/1788
f 1796/169/1788 1801/174/1713 1800/173/1710
f 1801/174/1713 1796/169/1788 1693/95/1682
f 1796/169/1788 1719/94/1707 1693/95/1682
f 1798/170/1790 1797/207/1789 1802/208/1716
f 1802/208/1716 1725/175/1715 1798/170/1790
f 1799/171/1791 1798/170/1790 1725/175/1715
f 1725/175/1715 1803/176/1719 1799/171/1791
f 1799/171/1791 1803/176/1719 1695/96/1683
f 1695/96/1683 1718/93/1706 1799/171/1791
f 1923/209/1792 1779/204/1771 1773/203/1765
f 1773/203/1765 1804/210/1793 1923/209/1792
f 1804/210/1793 1773/203/1765 1768/202/1759
f 1768/202/1759 1805/211/1794 1804/210/1793
f 1806/212/1795 1807/213/1796 1791/206/1783
f 1791/206/1783 1807/213/1796 1797/207/1789
f 1920/214/1797 1806/212/1795 1785/205/1777
f 1785/205/1777 1806/212/1795 1791/206/1783
f 1807/213/1796 1808/215/1798 1802/208/1716
f 1802/208/1716 1797/207/1789 1807/213/1796
f 1809/216/1799 1920/214/1797 1761/200/1753
f 1761/200/1753 1920/214/1797 1785/205/1777
f 1726/194/1717 1802/193/1716 1913/217/1800
f 1802/193/1716 1808/218/1798 1913/217/1800
f 1914/219/1801 1809/216/1799 1761/200/1753
f 1761/200/1753 1754/199/1747 1914/219/1801
f 1732/195/1724 1726/194/1717 1913/217/1800
f 1913/217/1800 1810/220/1802 1732/195/1724
f 1914/219/1801 1747/198/1739 1811/221/1803
f 1914/219/1801 1754/199/1747 1747/198/1739
f 1737/196/1730 1732/195/1724 1813/222/1804
f 1732/195/1724 1810/220/1802 1813/222/1804
f 1812/223/1805 1811/221/1803 1747/198/1739
f 1747/198/1739 1745/197/1738 1812/223/1805
f 1768/202/1759 1737/201/1730 1813/224/1804
f 1813/224/1804 1805/211/1794 1768/202/1759
f 1812/223/1805 1745/197/1738 1779/204/1771
f 1779/204/1771 1923/209/1792 1812/223/1805
f 1757/133/1751 1814/177/1806 1752/128/1745
f 1814/177/1806 1757/133/1751 2727/178/1807
f 1752/128/1745 1815/179/1808 1742/120/1735
f 1752/128/1745 1814/177/1806 1815/179/1808
f 1740/119/1734 1742/120/1735 1815/179/1808
f 1815/179/1808 2728/180/1809 1740/119/1734
f 1740/119/1734 2728/180/1809 2729/181/1810
f 2729/181/1810 1777/153/1769 1740/119/1734
f 1777/153/1769 2729/181/1810 1771/148/1763
f 2729/181/1810 2730/182/1811 1771/148/1763
f 1771/148/1763 2730/182/1811 1764/138/1757
f 2730/182/1811 2731/183/1812 1764/138/1757
f 1764/138/1757 2731/183/1812 1816/184/1813
f 1816/184/1813 1734/139/1726 1764/138/1757
f 2732/185/1814 1728/107/1720 1816/186/1813
f 1816/186/1813 1728/107/1720 1734/112/1726
f 1817/187/1815 1720/97/1708 2732/185/1814
f 2732/185/1814 1720/97/1708 1728/107/1720
f 1817/187/1815 2733/188/1816 1720/97/1708
f 2733/188/1816 1721/98/1709 1720/97/1708
f 1794/167/1786 2733/189/1816 1818/190/1817
f 1794/167/1786 1721/172/1709 2733/189/1816
f 1788/162/1780 1818/190/1817 2734/191/1818
f 1788/162/1780 1794/167/1786 1818/190/1817
f 1782/157/1774 2734/191/1818 1819/192/1819
f 1782/157/1774 1788/162/1780 2734/191/1818
f 1757/133/1751 1819/192/1819 2727/178/1807
f 1757/133/1751 1782/157/1774 1819/192/1819
f 1820/1/1820 1822/2/1821 1821/3/1822
f 1820/1/1820 1823/4/1823 1822/2/1821
f 1824/5/1824 1826/6/1825 1825/7/1826
f 1826/6/1825 1827/8/1827 1825/7/1826
f 1828/9/1828 1830/10/1829 1829/11/1830
f 1829/11/1830 1831/12/1831 1828/9/1828
f 1833/233/1832 1835/18/1833 1834/234/1834
f 1833/233/1832 1836/17/1835 1835/18/1833
f 1836/17/1835 1821/3/1822 1835/18/1833
f 1836/17/1835 1820/1/1820 1821/3/1822
f 1837/20/1836 1839/19/1837 1838/393/1838
f 1839/19/1837 1840/394/1839 1838/393/1838
f 1822/2/1821 1823/4/1823 1839/19/1837
f 1839/19/1837 1837/20/1836 1822/2/1821
f 1841/21/1840 1843/22/1841 1842/235/1842
f 1843/22/1841 1844/236/1843 1842/235/1842
f 1825/7/1826 1827/8/1827 1841/21/1840
f 1827/8/1827 1843/22/1841 1841/21/1840
f 1845/395/1844 1847/24/1845 1846/396/1846
f 1845/395/1844 1848/23/1847 1847/24/1845
f 1848/23/1847 1824/5/1824 1847/24/1845
f 1848/23/1847 1826/6/1825 1824/5/1824
f 1849/237/1848 1851/25/1849 1850/26/1850
f 1850/26/1850 1852/238/1851 1849/237/1848
f 1851/25/1849 1828/9/1828 1831/12/1831
f 1831/12/1831 1850/26/1850 1851/25/1849
f 1853/397/1852 1855/398/1853 1854/27/1854
f 1854/27/1854 1855/398/1853 1856/28/1855
f 1854/27/1854 1856/28/1855 1857/29/1856
f 1857/29/1856 1856/28/1855 1830/10/1829
f 1858/399/1857 1860/30/1858 1859/31/1859
f 1859/31/1859 1861/400/1860 1858/399/1857
f 1860/30/1858 1934/13/1861 1933/16/1862
f 1933/16/1862 1859/31/1859 1860/30/1858
f 1862/239/1863 1864/240/1864 1863/32/1865
f 1863/32/1865 1864/240/1864 1865/33/1866
f 1863/32/1865 1865/33/1866 1930/34/1867
f 1930/34/1867 1865/33/1866 1832/14/1868
f 1866/35/1869 1857/29/1856 1867/36/1870
f 1867/36/1870 1868/37/1871 1866/35/1869
f 1867/36/1870 1857/29/1856 1830/10/1829
f 1830/10/1829 1828/9/1828 1867/36/1870
f 1893/38/1872 1831/12/1831 1894/39/1873
f 1829/11/1830 1894/39/1873 1831/12/1831
f 1869/40/1874 1870/41/1875 1930/34/1867
f 1930/34/1867 1929/425/1876 1869/40/1874
f 1869/40/1874 1929/425/1876 1871/42/1877
f 1821/3/1822 1910/426/1878 1932/60/1879
f 1872/241/1880 1874/45/1881 1873/46/1882
f 1873/46/1882 1875/242/1883 1872/241/1880
f 1875/242/1883 1873/46/1882 1851/25/1849
f 1851/25/1849 1849/237/1848 1875/242/1883
f 1896/243/1884 1852/238/1851 1876/47/1885
f 1850/26/1850 1876/47/1885 1852/238/1851
f 1874/45/1881 1868/37/1871 1867/36/1870
f 1867/36/1870 1873/46/1882 1874/45/1881
f 1873/46/1882 1867/36/1870 1828/9/1828
f 1828/9/1828 1851/25/1849 1873/46/1882
f 1876/47/1885 1850/26/1850 1831/12/1831
f 1831/12/1831 1893/38/1872 1876/47/1885
f 1877/401/1886 1898/402/1887 1878/49/1888
f 1878/49/1888 1879/48/1889 1877/401/1886
f 1855/398/1853 1877/401/1886 1856/28/1855
f 1856/28/1855 1877/401/1886 1879/48/1889
f 1880/50/1890 1881/403/1891 1853/397/1852
f 1853/397/1852 1854/27/1854 1880/50/1890
f 1879/48/1889 1878/49/1888 1894/39/1873
f 1894/39/1873 1829/11/1830 1879/48/1889
f 1856/28/1855 1879/48/1889 1830/10/1829
f 1830/10/1829 1879/48/1889 1829/11/1830
f 1866/35/1869 1880/50/1890 1854/27/1854
f 1854/27/1854 1857/29/1856 1866/35/1869
f 1882/51/1892 1884/52/1893 1883/404/1894
f 1883/404/1894 1885/405/1895 1882/51/1892
f 1883/404/1894 1884/52/1893 1860/30/1858
f 1860/30/1858 1858/399/1857 1883/404/1894
f 1859/31/1859 1897/53/1896 1886/406/1897
f 1886/406/1897 1861/400/1860 1859/31/1859
f 1882/51/1892 1871/42/1877 1884/52/1893
f 1882/51/1892 1869/40/1874 1871/42/1877
f 1884/52/1893 1871/42/1877 1934/13/1861
f 1934/13/1861 1860/30/1858 1884/52/1893
f 1933/16/1862 1895/44/1898 1859/31/1859
f 1859/31/1859 1895/44/1898 1897/53/1896
f 1887/55/1899 1889/54/1900 1888/244/1901
f 1890/245/1902 1888/244/1901 1889/54/1900
f 1864/240/1864 1890/245/1902 1865/33/1866
f 1865/33/1866 1890/245/1902 1889/54/1900
f 1891/246/1903 1862/239/1863 1863/32/1865
f 1863/32/1865 1892/56/1904 1891/246/1903
f 1889/54/1900 1887/55/1899 1931/15/1905
f 1931/15/1905 1887/55/1899 1932/43/1879
f 1865/33/1866 1889/54/1900 1832/14/1868
f 1832/14/1868 1889/54/1900 1931/15/1905
f 1870/41/1875 1892/56/1904 1863/32/1865
f 1863/32/1865 1930/34/1867 1870/41/1875
f 1820/1/1820 1893/57/1872 1823/4/1823
f 1893/57/1872 1894/58/1873 1823/4/1823
f 1895/59/1898 1910/426/1878 1821/3/1822
f 1821/3/1822 1822/2/1821 1895/59/1898
f 1869/40/1874 1824/5/1824 1825/7/1826
f 1825/7/1826 1870/41/1875 1869/40/1874
f 1866/35/1869 1827/8/1827 1826/6/1825
f 1827/8/1827 1866/35/1869 1868/37/1871
f 1833/233/1832 1896/247/1884 1876/61/1885
f 1876/61/1885 1836/17/1835 1833/233/1832
f 1888/248/1901 1834/234/1834 1835/18/1833
f 1835/18/1833 1887/62/1899 1888/248/1901
f 1836/17/1835 1876/61/1885 1820/1/1820
f 1876/61/1885 1893/57/1872 1820/1/1820
f 1887/62/1899 1835/18/1833 1821/3/1822
f 1821/3/1822 1932/60/1879 1887/62/1899
f 1897/63/1896 1837/20/1836 1886/407/1897
f 1837/20/1836 1838/393/1838 1886/407/1897
f 1839/19/1837 1878/64/1888 1898/408/1887
f 1898/408/1887 1840/394/1839 1839/19/1837
f 1897/63/1896 1895/59/1898 1822/2/1821
f 1822/2/1821 1837/20/1836 1897/63/1896
f 1894/58/1873 1839/19/1837 1823/4/1823
f 1839/19/1837 1894/58/1873 1878/64/1888
f 1892/56/1904 1841/21/1840 1891/246/1903
f 1841/21/1840 1842/235/1842 1891/246/1903
f 1843/22/1841 1874/45/1881 1844/236/1843
f 1844/236/1843 1874/45/1881 1872/241/1880
f 1870/41/1875 1825/7/1826 1892/56/1904
f 1825/7/1826 1841/21/1840 1892/56/1904
f 1827/8/1827 1868/37/1871 1874/45/1881
f 1874/45/1881 1843/22/1841 1827/8/1827
f 1845/395/1844 1881/403/1891 1880/50/1890
f 1880/50/1890 1848/23/1847 1845/395/1844
f 1885/405/1895 1846/396/1846 1882/51/1892
f 1846/396/1846 1847/24/1845 1882/51/1892
f 1880/50/1890 1826/6/1825 1848/23/1847
f 1880/50/1890 1866/35/1869 1826/6/1825
f 1882/51/1892 1847/24/1845 1869/40/1874
f 1847/24/1845 1824/5/1824 1869/40/1874
f 1375/409/1389 1374/410/1388 1885/405/1895
f 1846/396/1846 1885/405/1895 1374/410/1388
f 1374/410/1388 1373/411/1387 1846/396/1846
f 1373/411/1387 1845/395/1844 1846/396/1846
f 1373/411/1387 1899/412/1386 1845/395/1844
f 1899/412/1386 1881/403/1891 1845/395/1844
f 1899/412/1386 1380/413/1399 1853/397/1852
f 1853/397/1852 1881/403/1891 1899/412/1386
f 1853/397/1852 1380/413/1399 1379/414/1398
f 1379/414/1398 1855/398/1853 1853/397/1852
f 1855/398/1853 1379/414/1398 1877/401/1886
f 1379/414/1398 1900/415/1397 1877/401/1886
f 1877/401/1886 1900/415/1397 1901/416/1396
f 1901/416/1396 1898/402/1887 1877/401/1886
f 1840/394/1839 1898/408/1887 1901/417/1396
f 1901/417/1396 1902/418/1395 1840/394/1839
f 1838/393/1838 1840/394/1839 1902/418/1395
f 1902/418/1395 1378/419/1394 1838/393/1838
f 1886/407/1897 1838/393/1838 1378/419/1394
f 1378/419/1394 1377/420/1393 1886/407/1897
f 1903/421/1392 1861/400/1860 1886/406/1897
f 1886/406/1897 1377/422/1393 1903/421/1392
f 1858/399/1857 1903/421/1392 1376/423/1391
f 1858/399/1857 1861/400/1860 1903/421/1392
f 1883/404/1894 1376/423/1391 1904/424/1390
f 1883/404/1894 1858/399/1857 1376/423/1391
f 1904/424/1390 1375/409/1389 1885/405/1895
f 1885/405/1895 1883/404/1894 1904/424/1390
f 1872/241/1880 1906/249/1906 1905/250/1907
f 1905/250/1907 1844/236/1843 1872/241/1880
f 1842/235/1842 1844/236/1843 1905/250/1907
f 1905/250/1907 2304/251/1908 1842/235/1842
f 1891/246/1903 1842/235/1842 2304/251/1908
f 2304/251/1908 2305/252/1909 1891/246/1903
f 1891/246/1903 2305/252/1909 1862/239/1863
f 2305/252/1909 2312/253/1910 1862/239/1863
f 1864/240/1864 1862/239/1863 2312/253/1910
f 2312/253/1910 2311/254/1911 1864/240/1864
f 1890/245/1902 1864/240/1864 2311/254/1911
f 2311/254/1911 1907/255/1912 1890/245/1902
f 1907/255/1912 2310/256/1913 1888/244/1901
f 1888/244/1901 1890/245/1902 1907/255/1912
f 2309/257/1914 1834/234/1834 1888/248/1901
f 1888/248/1901 2310/258/1913 2309/257/1914
f 2309/257/1914 2308/259/1915 1834/234/1834
f 2308/259/1915 1833/233/1832 1834/234/1834
f 2308/259/1915 2307/260/1916 1833/233/1832
f 2307/260/1916 1896/247/1884 1833/233/1832
f 1852/238/1851 2307/261/1916 1908/262/1917
f 1852/238/1851 1896/243/1884 2307/261/1916
f 1849/237/1848 1908/262/1917 2306/263/1918
f 1849/237/1848 1852/238/1851 1908/262/1917
f 1875/242/1883 2306/263/1918 1909/264/1919
f 1875/242/1883 1849/237/1848 2306/263/1918
f 1872/241/1880 1909/264/1919 1906/249/1906
f 1872/241/1880 1875/242/1883 1909/264/1919
f 1911/233/1920 1913/18/1800 1912/234/1921
f 1911/233/1920 1810/17/1802 1913/18/1800
f 1914/21/1801 1811/22/1803 1915/235/1922
f 1811/22/1803 1916/236/1923 1915/235/1922
f 1917/237/1924 1804/25/1793 1805/26/1794
f 1805/26/1794 1918/238/1925 1917/237/1924
f 1919/239/1926 1921/240/1927 1920/32/1797
f 1920/32/1797 1921/240/1927 1806/33/1795
f 1922/241/1928 1812/45/1805 1923/46/1792
f 1923/46/1792 1924/242/1929 1922/241/1928
f 1924/242/1929 1923/46/1792 1804/25/1793
f 1804/25/1793 1917/237/1924 1924/242/1929
f 1928/243/1930 1918/238/1925 1813/47/1804
f 1805/26/1794 1813/47/1804 1918/238/1925
f 1808/55/1798 1807/54/1796 1925/244/1931
f 1926/245/1932 1925/244/1931 1807/54/1796
f 1921/240/1927 1926/245/1932 1806/33/1795
f 1806/33/1795 1926/245/1932 1807/54/1796
f 1927/246/1933 1919/239/1926 1920/32/1797
f 1920/32/1797 1809/56/1799 1927/246/1933
f 1911/233/1920 1928/247/1930 1813/61/1804
f 1813/61/1804 1810/17/1802 1911/233/1920
f 1925/248/1931 1912/234/1921 1913/18/1800
f 1913/18/1800 1808/62/1798 1925/248/1931
f 1809/56/1799 1914/21/1801 1927/246/1933
f 1914/21/1801 1915/235/1922 1927/246/1933
f 1811/22/1803 1812/45/1805 1916/236/1923
f 1916/236/1923 1812/45/1805 1922/241/1928
f 1922/241/1928 1871/249/1877 1929/250/1876
f 1929/250/1876 1916/236/1923 1922/241/1928
f 1915/235/1922 1916/236/1923 1929/250/1876
f 1927/246/1933 1915/235/1922 1929/251/1876
f 1929/251/1876 1930/252/1867 1927/246/1933
f 1927/246/1933 1930/252/1867 1919/239/1926
f 1921/240/1927 1919/239/1926 1930/253/1867
f 1930/253/1867 1832/254/1868 1921/240/1927
f 1926/245/1932 1921/240/1927 1832/254/1868
f 1832/254/1868 1931/255/1905 1926/245/1932
f 1931/255/1905 1932/256/1879 1925/244/1931
f 1925/244/1931 1926/245/1932 1931/255/1905
f 1910/257/1878 1912/234/1921 1925/248/1931
f 1925/248/1931 1932/258/1879 1910/257/1878
f 1910/259/1878 1911/233/1920 1912/234/1921
f 1910/259/1878 1895/260/1898 1911/233/1920
f 1895/260/1898 1928/247/1930 1911/233/1920
f 1918/238/1925 1895/261/1898 1933/262/1862
f 1918/238/1925 1928/243/1930 1895/261/1898
f 1917/237/1924 1933/262/1862 1934/263/1861
f 1917/237/1924 1918/238/1925 1933/262/1862
f 1924/242/1929 1934/263/1861 1871/264/1877
f 1924/242/1929 1917/237/1924 1934/263/1861
f 1922/241/1928 1924/242/1929 1871/264/1877
f 1935/1/1934 1937/2/1935 1936/3/1936
f 1935/1/1934 1938/4/1937 1937/2/1935
f 1939/5/1938 1941/6/1939 1940/7/1940
f 1941/6/1939 1942/8/1941 1940/7/1940
f 1943/9/1942 1945/10/1943 1944/11/1944
f 1944/11/1944 1946/12/1945 1943/9/1942
f 1947/13/1946 1949/14/1947 1948/15/1948
f 1948/15/1948 1950/16/1949 1947/13/1946
f 1951/233/1950 1953/18/1951 1952/234/1952
f 1951/233/1950 1954/17/1953 1953/18/1951
f 1954/17/1953 1936/3/1936 1953/18/1951
f 1954/17/1953 1935/1/1934 1936/3/1936
f 1955/20/1954 1957/19/1955 1956/393/1956
f 1957/19/1955 1958/394/1957 1956/393/1956
f 1937/2/1935 1938/4/1937 1957/19/1955
f 1957/19/1955 1955/20/1954 1937/2/1935
f 1959/21/1958 1961/22/1959 1960/235/1960
f 1961/22/1959 1962/236/1961 1960/235/1960
f 1940/7/1940 1942/8/1941 1959/21/1958
f 1942/8/1941 1961/22/1959 1959/21/1958
f 1963/395/1962 1965/24/1963 1964/396/1964
f 1963/395/1962 1966/23/1965 1965/24/1963
f 1966/23/1965 1939/5/1938 1965/24/1963
f 1966/23/1965 1941/6/1939 1939/5/1938
f 1967/237/1966 1969/25/1967 1968/26/1968
f 1968/26/1968 1970/238/1969 1967/237/1966
f 1969/25/1967 1943/9/1942 1946/12/1945
f 1946/12/1945 1968/26/1968 1969/25/1967
f 1971/397/1970 1973/398/1971 1972/27/1972
f 1972/27/1972 1973/398/1971 1974/28/1973
f 1972/27/1972 1974/28/1973 1975/29/1974
f 1975/29/1974 1974/28/1973 1945/10/1943
f 1976/399/1975 1978/30/1976 1977/31/1977
f 1977/31/1977 1979/400/1978 1976/399/1975
f 1978/30/1976 1947/13/1946 1950/16/1949
f 1950/16/1949 1977/31/1977 1978/30/1976
f 1980/239/1979 1982/240/1980 1981/32/1981
f 1981/32/1981 1982/240/1980 1983/33/1982
f 1981/32/1981 1983/33/1982 1984/34/1983
f 1984/34/1983 1983/33/1982 1949/14/1947
f 1985/35/1984 1975/29/1974 1986/36/1985
f 1986/36/1985 1987/37/1986 1985/35/1984
f 1986/36/1985 1975/29/1974 1945/10/1943
f 1945/10/1943 1943/9/1942 1986/36/1985
f 2013/38/1987 1946/12/1945 2014/39/1988
f 1944/11/1944 2014/39/1988 1946/12/1945
f 1988/40/1989 1989/41/1990 1984/34/1983
f 1984/34/1983 1990/42/1991 1988/40/1989
f 1990/42/1991 1984/34/1983 1949/14/1947
f 1949/14/1947 1947/13/1946 1990/42/1991
f 1948/15/1948 1991/43/1992 1950/16/1949
f 1950/16/1949 1991/43/1992 2015/44/1993
f 1992/241/1994 1994/45/1995 1993/46/1996
f 1993/46/1996 1995/242/1997 1992/241/1994
f 1995/242/1997 1993/46/1996 1969/25/1967
f 1969/25/1967 1967/237/1966 1995/242/1997
f 2016/243/1998 1970/238/1969 1996/47/1999
f 1968/26/1968 1996/47/1999 1970/238/1969
f 1994/45/1995 1987/37/1986 1986/36/1985
f 1986/36/1985 1993/46/1996 1994/45/1995
f 1993/46/1996 1986/36/1985 1943/9/1942
f 1943/9/1942 1969/25/1967 1993/46/1996
f 1996/47/1999 1968/26/1968 1946/12/1945
f 1946/12/1945 2013/38/1987 1996/47/1999
f 1997/401/2000 2018/402/2001 1998/49/2002
f 1998/49/2002 1999/48/2003 1997/401/2000
f 1973/398/1971 1997/401/2000 1974/28/1973
f 1974/28/1973 1997/401/2000 1999/48/2003
f 2000/50/2004 2001/403/2005 1971/397/1970
f 1971/397/1970 1972/27/1972 2000/50/2004
f 1999/48/2003 1998/49/2002 2014/39/1988
f 2014/39/1988 1944/11/1944 1999/48/2003
f 1974/28/1973 1999/48/2003 1945/10/1943
f 1945/10/1943 1999/48/2003 1944/11/1944
f 1985/35/1984 2000/50/2004 1972/27/1972
f 1972/27/1972 1975/29/1974 1985/35/1984
f 2002/51/2006 2004/52/2007 2003/404/2008
f 2003/404/2008 2005/405/2009 2002/51/2006
f 2003/404/2008 2004/52/2007 1978/30/1976
f 1978/30/1976 1976/399/1975 2003/404/2008
f 1977/31/1977 2017/53/2010 2006/406/2011
f 2006/406/2011 1979/400/1978 1977/31/1977
f 2002/51/2006 1990/42/1991 2004/52/2007
f 2002/51/2006 1988/40/1989 1990/42/1991
f 2004/52/2007 1990/42/1991 1947/13/1946
f 1947/13/1946 1978/30/1976 2004/52/2007
f 1950/16/1949 2015/44/1993 1977/31/1977
f 1977/31/1977 2015/44/1993 2017/53/2010
f 2007/55/2012 2009/54/2013 2008/244/2014
f 2010/245/2015 2008/244/2014 2009/54/2013
f 1982/240/1980 2010/245/2015 1983/33/1982
f 1983/33/1982 2010/245/2015 2009/54/2013
f 2011/246/2016 1980/239/1979 1981/32/1981
f 1981/32/1981 2012/56/2017 2011/246/2016
f 2009/54/2013 2007/55/2012 1948/15/1948
f 1948/15/1948 2007/55/2012 1991/43/1992
f 1983/33/1982 2009/54/2013 1949/14/1947
f 1949/14/1947 2009/54/2013 1948/15/1948
f 1989/41/1990 2012/56/2017 1981/32/1981
f 1981/32/1981 1984/34/1983 1989/41/1990
f 1935/1/1934 2013/57/1987 1938/4/1937
f 2013/57/1987 2014/58/1988 1938/4/1937
f 2015/59/1993 1991/60/1992 1936/3/1936
f 1936/3/1936 1937/2/1935 2015/59/1993
f 1988/40/1989 1939/5/1938 1940/7/1940
f 1940/7/1940 1989/41/1990 1988/40/1989
f 1985/35/1984 1942/8/1941 1941/6/1939
f 1942/8/1941 1985/35/1984 1987/37/1986
f 1951/233/1950 2016/247/1998 1996/61/1999
f 1996/61/1999 1954/17/1953 1951/233/1950
f 2008/248/2014 1952/234/1952 1953/18/1951
f 1953/18/1951 2007/62/2012 2008/248/2014
f 1954/17/1953 1996/61/1999 1935/1/1934
f 1996/61/1999 2013/57/1987 1935/1/1934
f 2007/62/2012 1953/18/1951 1936/3/1936
f 1936/3/1936 1991/60/1992 2007/62/2012
f 2017/63/2010 1955/20/1954 2006/407/2011
f 1955/20/1954 1956/393/1956 2006/407/2011
f 1957/19/1955 1998/64/2002 2018/408/2001
f 2018/408/2001 1958/394/1957 1957/19/1955
f 2017/63/2010 2015/59/1993 1937/2/1935
f 1937/2/1935 1955/20/1954 2017/63/2010
f 2014/58/1988 1957/19/1955 1938/4/1937
f 1957/19/1955 2014/58/1988 1998/64/2002
f 2012/56/2017 1959/21/1958 2011/246/2016
f 1959/21/1958 1960/235/1960 2011/246/2016
f 1961/22/1959 1994/45/1995 1962/236/1961
f 1962/236/1961 1994/45/1995 1992/241/1994
f 1989/41/1990 1940/7/1940 2012/56/2017
f 1940/7/1940 1959/21/1958 2012/56/2017
f 1942/8/1941 1987/37/1986 1994/45/1995
f 1994/45/1995 1961/22/1959 1942/8/1941
f 1963/395/1962 2001/403/2005 2000/50/2004
f 2000/50/2004 1966/23/1965 1963/395/1962
f 2005/405/2009 1964/396/1964 2002/51/2006
f 1964/396/1964 1965/24/1963 2002/51/2006
f 2000/50/2004 1941/6/1939 1966/23/1965
f 2000/50/2004 1985/35/1984 1941/6/1939
f 2002/51/2006 1965/24/1963 1988/40/1989
f 1965/24/1963 1939/5/1938 1988/40/1989
f 2019/409/2018 974/410/954 2005/405/2009
f 1964/396/1964 2005/405/2009 974/410/954
f 974/410/954 2020/411/953 1964/396/1964
f 2020/411/953 1963/395/1962 1964/396/1964
f 2020/411/953 2021/412/952 1963/395/1962
f 2021/412/952 2001/403/2005 1963/395/1962
f 2021/412/952 2022/413/965 1971/397/1970
f 1971/397/1970 2001/403/2005 2021/412/952
f 1971/397/1970 2022/413/965 2023/414/964
f 2023/414/964 1973/398/1971 1971/397/1970
f 1973/398/1971 2023/414/964 1997/401/2000
f 2023/414/964 2024/415/963 1997/401/2000
f 1997/401/2000 2024/415/963 979/416/962
f 979/416/962 2018/402/2001 1997/401/2000
f 1958/394/1957 2018/408/2001 979/417/962
f 979/417/962 978/418/961 1958/394/1957
f 1956/393/1956 1958/394/1957 978/418/961
f 978/418/961 2025/419/2019 1956/393/1956
f 2006/407/2011 1956/393/1956 2025/419/2019
f 2025/419/2019 2026/420/959 2006/407/2011
f 2027/421/958 1979/400/1978 2006/406/2011
f 2006/406/2011 2026/422/959 2027/421/958
f 1976/399/1975 2027/421/958 976/423/957
f 1976/399/1975 1979/400/1978 2027/421/958
f 2003/404/2008 976/423/957 2028/424/956
f 2003/404/2008 1976/399/1975 976/423/957
f 2028/424/956 2019/409/2018 2005/405/2009
f 2005/405/2009 2003/404/2008 2028/424/956
f 1992/241/1994 2030/249/745 2029/250/744
f 2029/250/744 1962/236/1961 1992/241/1994
f 1960/235/1960 1962/236/1961 2029/250/744
f 2029/250/744 781/251/743 1960/235/1960
f 2011/246/2016 1960/235/1960 781/251/743
f 781/251/743 2031/252/742 2011/246/2016
f 2011/246/2016 2031/252/742 1980/239/1979
f 2031/252/742 2032/253/755 1980/239/1979
f 1982/240/1980 1980/239/1979 2032/253/755
f 2032/253/755 2033/254/754 1982/240/1980
f 2010/245/2015 1982/240/1980 2033/254/754
f 2033/254/754 2034/255/753 2010/245/2015
f 2034/255/753 2035/256/752 2008/244/2014
f 2008/244/2014 2010/245/2015 2034/255/753
f 2036/257/751 1952/234/1952 2008/248/2014
f 2008/248/2014 2035/258/752 2036/257/751
f 2036/257/751 2037/259/750 1952/234/1952
f 2037/259/750 1951/233/1950 1952/234/1952
f 2037/259/750 782/260/749 1951/233/1950
f 782/260/749 2016/247/1998 1951/233/1950
f 1970/238/1969 782/261/749 2038/262/748
f 1970/238/1969 2016/243/1998 782/261/749
f 1967/237/1966 2038/262/748 2039/263/747
f 1967/237/1966 1970/238/1969 2038/262/748
f 1995/242/1997 2039/263/747 2040/264/746
f 1995/242/1997 1967/237/1966 2039/263/747
f 1992/241/1994 2040/264/746 2030/249/745
f 1992/241/1994 1995/242/1997 2040/264/746
f 2041/427/2020 2042/428/2021 2043/429/2022
f 2043/429/2022 2042/428/2021 2044/430/2023
f 2043/429/2022 2045/431/2024 2046/432/2025
f 2045/431/2024 2043/429/2022 2044/430/2023
f 2046/432/2025 2045/431/2024 2047/433/2026
f 2047/433/2026 2045/431/2024 2056/434/2027
f 2048/435/2028 2049/436/2029 2050/437/2030
f 2048/435/2028 2050/437/2030 2051/438/2031
f 2049/436/2029 2052/439/2032 2053/440/2033
f 2049/436/2029 2053/440/2033 2050/437/2030
f 2052/439/2032 2054/441/2034 2055/442/2035
f 2052/439/2032 2055/442/2035 2053/440/2033
f 2047/443/2026 2056/444/2027 2057/445/2036
f 2058/446/2037 2057/445/2036 2056/444/2027
f 2057/445/2036 2058/446/2037 2059/447/2038
f 2060/448/2039 2059/447/2038 2058/446/2037
f 2059/447/2038 2060/448/2039 2061/449/2040
f 2062/450/2041 2061/449/2040 2060/448/2039
f 2061/449/2040 2062/450/2041 2051/438/2031
f 2048/435/2028 2051/438/2031 2062/450/2041
f 2055/442/2035 2054/441/2034 2063/451/2042
f 2055/442/2035 2063/451/2042 2064/452/2043
f 2064/452/2043 2063/451/2042 2065/453/2044
f 2064/452/2043 2065/453/2044 2066/454/2045
f 2066/454/2045 2065/453/2044 2067/455/2046
f 2066/454/2045 2067/455/2046 2068/456/2047
f 2069/457/2048 2068/456/2047 2041/458/2020
f 2069/457/2048 2041/458/2020 2074/459/2049
f 2165/460/2050 2070/461/2051 2071/462/2052
f 2070/461/2051 2165/460/2050 2164/463/2053
f 2164/463/2053 2072/464/2054 2070/461/2051
f 2072/464/2054 2164/463/2053 2166/465/2055
f 2166/465/2055 2073/466/2056 2072/464/2054
f 2073/466/2056 2166/465/2055 2074/467/2049
f 2074/467/2049 2041/427/2020 2073/466/2056
f 2073/466/2056 2041/427/2020 2043/429/2022
f 2075/468/2057 2076/469/2058 2077/470/2059
f 2075/468/2057 2077/470/2059 2078/471/2060
f 2079/472/2061 2076/469/2058 2080/473/2062
f 2076/469/2058 2075/468/2057 2080/473/2062
f 2042/428/2021 2079/472/2061 2044/430/2023
f 2079/472/2061 2080/473/2062 2044/430/2023
f 2071/462/2052 2081/474/2063 2082/475/2064
f 2081/474/2063 2071/462/2052 2070/461/2051
f 2070/461/2051 2083/476/2065 2081/474/2063
f 2083/476/2065 2070/461/2051 2072/464/2054
f 2072/464/2054 2084/477/2066 2083/476/2065
f 2084/477/2066 2072/464/2054 2073/466/2056
f 2073/466/2056 2046/432/2025 2084/477/2066
f 2046/432/2025 2073/466/2056 2043/429/2022
f 2085/478/2067 2075/468/2057 2078/471/2060
f 2085/478/2067 2078/471/2060 2086/479/2068
f 2080/473/2062 2075/468/2057 2087/480/2069
f 2075/468/2057 2085/478/2067 2087/480/2069
f 2044/430/2023 2080/473/2062 2045/431/2024
f 2080/473/2062 2087/480/2069 2045/431/2024
f 2082/475/2064 2121/481/2070 2088/482/2071
f 2121/481/2070 2082/475/2064 2081/474/2063
f 2081/474/2063 2089/483/2072 2121/481/2070
f 2089/483/2072 2081/474/2063 2083/476/2065
f 2083/476/2065 2090/484/2073 2089/483/2072
f 2090/484/2073 2083/476/2065 2084/477/2066
f 2084/477/2066 2046/432/2025 2090/484/2073
f 2047/433/2026 2090/484/2073 2046/432/2025
f 2091/485/2074 2085/478/2067 2086/479/2068
f 2091/485/2074 2086/479/2068 2092/486/2075
f 2087/480/2069 2085/478/2067 2129/487/2076
f 2085/478/2067 2091/485/2074 2129/487/2076
f 2045/431/2024 2087/480/2069 2056/434/2027
f 2087/480/2069 2129/487/2076 2056/434/2027
f 2093/488/2077 2094/489/2078 2095/490/2079
f 2094/489/2078 2093/488/2077 2096/491/2080
f 2097/492/2081 2093/488/2077 2098/493/2082
f 2093/488/2077 2095/490/2079 2098/493/2082
f 2099/494/2083 2097/492/2081 2100/495/2084
f 2097/492/2081 2098/493/2082 2100/495/2084
f 2051/438/2031 2050/437/2030 2099/494/2083
f 2051/438/2031 2099/494/2083 2100/495/2084
f 2101/496/2085 2102/497/2086 2103/498/2087
f 2102/497/2086 2101/496/2085 2104/499/2088
f 2101/496/2085 2105/500/2089 2104/499/2088
f 2105/500/2089 2101/496/2085 2106/501/2090
f 2106/501/2090 2048/435/2028 2105/500/2089
f 2048/435/2028 2106/501/2090 2049/436/2029
f 2093/488/2077 2107/502/2091 2108/503/2092
f 2093/488/2077 2108/503/2092 2096/491/2080
f 2109/504/2093 2107/502/2091 2097/492/2081
f 2107/502/2091 2093/488/2077 2097/492/2081
f 2110/505/2094 2109/504/2093 2099/494/2083
f 2109/504/2093 2097/492/2081 2099/494/2083
f 2050/437/2030 2053/440/2033 2110/505/2094
f 2050/437/2030 2110/505/2094 2099/494/2083
f 2111/506/2095 2101/496/2085 2103/498/2087
f 2101/496/2085 2111/506/2095 2112/507/2096
f 2112/507/2096 2106/501/2090 2101/496/2085
f 2106/501/2090 2112/507/2096 2113/508/2097
f 2113/508/2097 2049/436/2029 2106/501/2090
f 2049/436/2029 2113/508/2097 2052/439/2032
f 2107/502/2091 2114/509/2098 2115/510/2099
f 2107/502/2091 2115/510/2099 2108/503/2092
f 2116/511/2100 2114/509/2098 2109/504/2093
f 2114/509/2098 2107/502/2091 2109/504/2093
f 2117/512/2101 2116/511/2100 2110/505/2094
f 2116/511/2100 2109/504/2093 2110/505/2094
f 2053/440/2033 2055/442/2035 2117/512/2101
f 2053/440/2033 2117/512/2101 2110/505/2094
f 2118/513/2102 2112/507/2096 2111/506/2095
f 2112/507/2096 2118/513/2102 2119/514/2103
f 2119/514/2103 2113/508/2097 2112/507/2096
f 2113/508/2097 2119/514/2103 2120/515/2104
f 2120/515/2104 2052/439/2032 2113/508/2097
f 2052/439/2032 2120/515/2104 2054/441/2034
f 2088/516/2071 2121/517/2070 2122/518/2105
f 2123/519/2106 2122/518/2105 2121/517/2070
f 2121/517/2070 2089/520/2072 2123/519/2106
f 2124/521/2107 2123/519/2106 2089/520/2072
f 2089/520/2072 2090/522/2073 2124/521/2107
f 2125/523/2108 2124/521/2107 2090/522/2073
f 2090/522/2073 2047/443/2026 2125/523/2108
f 2057/445/2036 2125/523/2108 2047/443/2026
f 2126/524/2109 2092/525/2075 2127/526/2110
f 2092/525/2075 2126/524/2109 2091/527/2074
f 2128/528/2111 2091/527/2074 2126/524/2109
f 2091/527/2074 2128/528/2111 2129/529/2076
f 2058/446/2037 2129/529/2076 2128/528/2111
f 2129/529/2076 2058/446/2037 2056/444/2027
f 2122/518/2105 2123/519/2106 2130/530/2112
f 2131/531/2113 2130/530/2112 2123/519/2106
f 2123/519/2106 2124/521/2107 2131/531/2113
f 2132/532/2114 2131/531/2113 2124/521/2107
f 2124/521/2107 2125/523/2108 2132/532/2114
f 2133/533/2115 2132/532/2114 2125/523/2108
f 2125/523/2108 2057/445/2036 2133/533/2115
f 2059/447/2038 2133/533/2115 2057/445/2036
f 2134/534/2116 2127/526/2110 2135/535/2117
f 2127/526/2110 2134/534/2116 2126/524/2109
f 2134/534/2116 2136/536/2118 2128/528/2111
f 2134/534/2116 2128/528/2111 2126/524/2109
f 2060/448/2039 2128/528/2111 2136/536/2118
f 2128/528/2111 2060/448/2039 2058/446/2037
f 2130/530/2112 2131/531/2113 2137/537/2119
f 2138/538/2120 2137/537/2119 2131/531/2113
f 2131/531/2113 2132/532/2114 2138/538/2120
f 2139/539/2121 2138/538/2120 2132/532/2114
f 2132/532/2114 2133/533/2115 2139/539/2121
f 2140/540/2122 2139/539/2121 2133/533/2115
f 2133/533/2115 2059/447/2038 2140/540/2122
f 2061/449/2040 2140/540/2122 2059/447/2038
f 2141/541/2123 2135/535/2117 2142/542/2124
f 2135/535/2117 2141/541/2123 2134/534/2116
f 2141/541/2123 2143/543/2125 2136/536/2118
f 2141/541/2123 2136/536/2118 2134/534/2116
f 2143/543/2125 2060/448/2039 2136/536/2118
f 2060/448/2039 2143/543/2125 2062/450/2041
f 2137/537/2119 2138/538/2120 2094/489/2078
f 2095/490/2079 2094/489/2078 2138/538/2120
f 2138/538/2120 2139/539/2121 2095/490/2079
f 2098/493/2082 2095/490/2079 2139/539/2121
f 2139/539/2121 2140/540/2122 2098/493/2082
f 2100/495/2084 2098/493/2082 2140/540/2122
f 2140/540/2122 2061/449/2040 2100/495/2084
f 2051/438/2031 2100/495/2084 2061/449/2040
f 2104/499/2088 2142/542/2124 2102/497/2086
f 2142/542/2124 2104/499/2088 2141/541/2123
f 2104/499/2088 2105/500/2089 2143/543/2125
f 2104/499/2088 2143/543/2125 2141/541/2123
f 2105/500/2089 2062/450/2041 2143/543/2125
f 2062/450/2041 2105/500/2089 2048/435/2028
f 2115/510/2099 2114/509/2098 2144/544/2126
f 2115/510/2099 2144/544/2126 2145/545/2127
f 2114/509/2098 2146/546/2128 2144/544/2126
f 2114/509/2098 2116/511/2100 2146/546/2128
f 2116/511/2100 2147/547/2129 2146/546/2128
f 2116/511/2100 2117/512/2101 2147/547/2129
f 2117/512/2101 2055/442/2035 2064/452/2043
f 2117/512/2101 2064/452/2043 2147/547/2129
f 2119/514/2103 2118/513/2102 2148/548/2130
f 2119/514/2103 2148/548/2130 2149/549/2131
f 2119/514/2103 2150/550/2132 2120/515/2104
f 2150/550/2132 2119/514/2103 2149/549/2131
f 2120/515/2104 2063/451/2042 2054/441/2034
f 2063/451/2042 2120/515/2104 2150/550/2132
f 2145/545/2127 2144/544/2126 2151/551/2133
f 2145/545/2127 2151/551/2133 2152/552/2134
f 2144/544/2126 2153/553/2135 2151/551/2133
f 2144/544/2126 2146/546/2128 2153/553/2135
f 2146/546/2128 2147/547/2129 2154/554/2136
f 2146/546/2128 2154/554/2136 2153/553/2135
f 2147/547/2129 2064/452/2043 2066/454/2045
f 2147/547/2129 2066/454/2045 2154/554/2136
f 2149/549/2131 2148/548/2130 2155/555/2137
f 2149/549/2131 2155/555/2137 2156/556/2138
f 2149/549/2131 2157/557/2139 2150/550/2132
f 2157/557/2139 2149/549/2131 2156/556/2138
f 2150/550/2132 2065/453/2044 2063/451/2042
f 2065/453/2044 2150/550/2132 2157/557/2139
f 2152/552/2134 2151/551/2133 2158/558/2140
f 2152/552/2134 2158/558/2140 2159/559/2141
f 2151/551/2133 2153/553/2135 2160/560/2142
f 2151/551/2133 2160/560/2142 2158/558/2140
f 2153/553/2135 2154/554/2136 2069/457/2048
f 2153/553/2135 2069/457/2048 2160/560/2142
f 2154/554/2136 2066/454/2045 2068/456/2047
f 2154/554/2136 2068/456/2047 2069/457/2048
f 2156/556/2138 2155/555/2137 2161/561/2143
f 2156/556/2138 2161/561/2143 2162/562/2144
f 2156/556/2138 2163/563/2145 2157/557/2139
f 2163/563/2145 2156/556/2138 2162/562/2144
f 2157/557/2139 2067/455/2046 2065/453/2044
f 2067/455/2046 2157/557/2139 2163/563/2145
f 2162/562/2144 2161/561/2143 2077/564/2059
f 2162/562/2144 2077/564/2059 2076/565/2058
f 2076/565/2058 2163/563/2145 2162/562/2144
f 2163/563/2145 2076/565/2058 2079/566/2061
f 2163/563/2145 2079/566/2061 2067/455/2046
f 2067/455/2046 2079/566/2061 2042/567/2021
f 2068/456/2047 2067/455/2046 2042/567/2021
f 2068/456/2047 2042/567/2021 2041/458/2020
f 2159/559/2141 2158/558/2140 2164/568/2053
f 2159/559/2141 2164/568/2053 2165/569/2050
f 2158/558/2140 2160/560/2142 2166/570/2055
f 2158/558/2140 2166/570/2055 2164/568/2053
f 2160/560/2142 2069/457/2048 2074/459/2049
f 2160/560/2142 2074/459/2049 2166/570/2055
f 1276/571/1276 1277/572/1277 2111/506/2095
f 1277/572/1277 2118/513/2102 2111/506/2095
f 1274/573/1274 2111/506/2095 2103/498/2087
f 2111/506/2095 1274/573/1274 1276/571/1276
f 1274/573/1274 2102/497/2086 1275/574/1275
f 2102/497/2086 1274/573/1274 2103/498/2087
f 2102/497/2086 2167/575/1287 1275/574/1275
f 2167/575/1287 2102/497/2086 2142/542/2124
f 2142/542/2124 1286/576/1286 2167/575/1287
f 1286/576/1286 2142/542/2124 2135/535/2117
f 2135/535/2117 1285/577/1285 1286/576/1286
f 1285/577/1285 2135/535/2117 2127/526/2110
f 2127/526/2110 1284/578/1284 1285/577/1285
f 1284/578/1284 2127/526/2110 2092/525/2075
f 2086/479/2068 1284/579/1284 2092/486/2075
f 1284/579/1284 2086/479/2068 1283/580/1283
f 2078/471/2060 1283/580/1283 2086/479/2068
f 1283/580/1283 2078/471/2060 1282/581/1282
f 2078/471/2060 2077/470/2059 1281/582/1281
f 2078/471/2060 1281/582/1281 1282/581/1282
f 2161/561/2143 1280/583/1280 1281/584/1281
f 2161/561/2143 1281/584/1281 2077/564/2059
f 2155/555/2137 1279/585/1279 1280/583/1280
f 2155/555/2137 1280/583/1280 2161/561/2143
f 2148/548/2130 1278/586/1278 1279/585/1279
f 2148/548/2130 1279/585/1279 2155/555/2137
f 2118/513/2102 1277/572/1277 1278/586/1278
f 2118/513/2102 1278/586/1278 2148/548/2130
f 2094/489/2078 2096/491/2080 2168/587/254
f 2168/587/254 2169/588/338 2094/489/2078
f 2108/503/2092 2168/587/254 2096/491/2080
f 2168/587/254 2108/503/2092 408/589/255
f 2108/503/2092 308/590/325 408/589/255
f 308/590/325 2108/503/2092 2115/510/2099
f 308/590/325 2115/510/2099 2145/545/2127
f 308/590/325 2145/545/2127 2170/591/332
f 2170/591/332 2145/545/2127 2152/552/2134
f 2170/591/332 2152/552/2134 2177/592/333
f 2171/593/342 2152/552/2134 2159/559/2141
f 2171/593/342 2159/559/2141 2172/594/256
f 2172/594/256 2159/559/2141 2165/569/2050
f 2172/594/256 2165/569/2050 2173/595/257
f 409/596/348 2173/597/257 2071/462/2052
f 2173/597/257 2165/460/2050 2071/462/2052
f 410/598/349 2071/462/2052 2082/475/2064
f 2071/462/2052 410/598/349 409/596/348
f 410/598/349 2082/475/2064 2174/599/346
f 2174/599/346 2082/475/2064 2088/482/2071
f 2122/518/2105 2174/600/346 2088/516/2071
f 2174/600/346 2122/518/2105 2175/601/347
f 2130/530/2112 2175/601/347 2122/518/2105
f 2175/601/347 2130/530/2112 2176/602/337
f 2137/537/2119 2176/602/337 2130/530/2112
f 2176/602/337 2137/537/2119 2169/588/338
f 2094/489/2078 2169/588/338 2137/537/2119
f 2152/552/2134 2171/593/342 2177/592/333
f 2178/427/2146 2180/429/2147 2179/428/2148
f 2180/429/2147 2181/430/2149 2179/428/2148
f 2180/429/2147 2183/432/2150 2182/431/2151
f 2182/431/2151 2181/430/2149 2180/429/2147
f 2183/432/2150 2184/433/2152 2182/431/2151
f 2184/433/2152 2193/434/2153 2182/431/2151
f 2185/435/2154 2187/437/2155 2186/436/2156
f 2185/435/2154 2188/438/2157 2187/437/2155
f 2186/436/2156 2190/440/2158 2189/439/2159
f 2186/436/2156 2187/437/2155 2190/440/2158
f 2189/439/2159 2192/442/2160 2191/441/2161
f 2189/439/2159 2190/440/2158 2192/442/2160
f 2184/443/2152 2194/445/2162 2193/444/2153
f 2195/446/2163 2193/444/2153 2194/445/2162
f 2194/445/2162 2196/447/2164 2195/446/2163
f 2197/448/2165 2195/446/2163 2196/447/2164
f 2196/447/2164 2198/449/2166 2197/448/2165
f 2199/450/2167 2197/448/2165 2198/449/2166
f 2198/449/2166 2188/438/2157 2199/450/2167
f 2185/435/2154 2199/450/2167 2188/438/2157
f 2192/442/2160 2200/451/2168 2191/441/2161
f 2192/442/2160 2201/452/2169 2200/451/2168
f 2201/452/2169 2202/453/2170 2200/451/2168
f 2201/452/2169 2203/454/2171 2202/453/2170
f 2203/454/2171 2204/455/2172 2202/453/2170
f 2203/454/2171 2205/456/2173 2204/455/2172
f 2206/457/2174 2178/458/2146 2205/456/2173
f 2206/457/2174 2211/459/2175 2178/458/2146
f 2302/460/2176 2208/462/2177 2207/461/2178
f 2207/461/2178 2301/463/2179 2302/460/2176
f 2301/463/2179 2207/461/2178 2209/464/2180
f 2209/464/2180 2303/465/2181 2301/463/2179
f 2303/465/2181 2209/464/2180 2210/466/2182
f 2210/466/2182 2211/467/2175 2303/465/2181
f 2211/467/2175 2210/466/2182 2178/427/2146
f 2210/466/2182 2180/429/2147 2178/427/2146
f 2212/468/2183 2214/470/2184 2213/469/2185
f 2212/468/2183 2215/471/2186 2214/470/2184
f 2216/472/2187 2217/473/2188 2213/469/2185
f 2213/469/2185 2217/473/2188 2212/468/2183
f 2179/428/2148 2181/430/2149 2216/472/2187
f 2216/472/2187 2181/430/2149 2217/473/2188
f 2208/462/2177 2219/475/2189 2218/474/2190
f 2218/474/2190 2207/461/2178 2208/462/2177
f 2207/461/2178 2218/474/2190 2220/476/2191
f 2220/476/2191 2209/464/2180 2207/461/2178
f 2209/464/2180 2220/476/2191 2221/477/2192
f 2221/477/2192 2210/466/2182 2209/464/2180
f 2210/466/2182 2221/477/2192 2183/432/2150
f 2183/432/2150 2180/429/2147 2210/466/2182
f 2222/478/2193 2215/471/2186 2212/468/2183
f 2222/478/2193 2223/479/2194 2215/471/2186
f 2217/473/2188 2224/480/2195 2212/468/2183
f 2212/468/2183 2224/480/2195 2222/478/2193
f 2181/430/2149 2182/431/2151 2217/473/2188
f 2217/473/2188 2182/431/2151 2224/480/2195
f 2219/475/2189 2225/482/2196 2258/481/2197
f 2258/481/2197 2218/474/2190 2219/475/2189
f 2218/474/2190 2258/481/2197 2226/483/2198
f 2226/483/2198 2220/476/2191 2218/474/2190
f 2220/476/2191 2226/483/2198 2227/484/2199
f 2227/484/2199 2221/477/2192 2220/476/2191
f 2221/477/2192 2227/484/2199 2183/432/2150
f 2184/433/2152 2183/432/2150 2227/484/2199
f 2228/485/2200 2223/479/2194 2222/478/2193
f 2228/485/2200 2229/486/2201 2223/479/2194
f 2224/480/2195 2266/487/2202 2222/478/2193
f 2222/478/2193 2266/487/2202 2228/485/2200
f 2182/431/2151 2193/434/2153 2224/480/2195
f 2224/480/2195 2193/434/2153 2266/487/2202
f 2230/488/2203 2232/490/2204 2231/489/2205
f 2231/489/2205 2233/491/2206 2230/488/2203
f 2234/492/2207 2235/493/2208 2230/488/2203
f 2230/488/2203 2235/493/2208 2232/490/2204
f 2236/494/2209 2237/495/2210 2234/492/2207
f 2234/492/2207 2237/495/2210 2235/493/2208
f 2188/438/2157 2236/494/2209 2187/437/2155
f 2188/438/2157 2237/495/2210 2236/494/2209
f 2238/496/2211 2240/498/2212 2239/497/2213
f 2239/497/2213 2241/499/2214 2238/496/2211
f 2238/496/2211 2241/499/2214 2242/500/2215
f 2242/500/2215 2243/501/2216 2238/496/2211
f 2243/501/2216 2242/500/2215 2185/435/2154
f 2185/435/2154 2186/436/2156 2243/501/2216
f 2230/488/2203 2245/503/2217 2244/502/2218
f 2230/488/2203 2233/491/2206 2245/503/2217
f 2246/504/2219 2234/492/2207 2244/502/2218
f 2244/502/2218 2234/492/2207 2230/488/2203
f 2247/505/2220 2236/494/2209 2246/504/2219
f 2246/504/2219 2236/494/2209 2234/492/2207
f 2187/437/2155 2247/505/2220 2190/440/2158
f 2187/437/2155 2236/494/2209 2247/505/2220
f 2248/506/2221 2240/498/2212 2238/496/2211
f 2238/496/2211 2249/507/2222 2248/506/2221
f 2249/507/2222 2238/496/2211 2243/501/2216
f 2243/501/2216 2250/508/2223 2249/507/2222
f 2250/508/2223 2243/501/2216 2186/436/2156
f 2186/436/2156 2189/439/2159 2250/508/2223
f 2244/502/2218 2252/510/2224 2251/509/2225
f 2244/502/2218 2245/503/2217 2252/510/2224
f 2253/511/2226 2246/504/2219 2251/509/2225
f 2251/509/2225 2246/504/2219 2244/502/2218
f 2254/512/2227 2247/505/2220 2253/511/2226
f 2253/511/2226 2247/505/2220 2246/504/2219
f 2190/440/2158 2254/512/2227 2192/442/2160
f 2190/440/2158 2247/505/2220 2254/512/2227
f 2255/513/2228 2248/506/2221 2249/507/2222
f 2249/507/2222 2256/514/2229 2255/513/2228
f 2256/514/2229 2249/507/2222 2250/508/2223
f 2250/508/2223 2257/515/2230 2256/514/2229
f 2257/515/2230 2250/508/2223 2189/439/2159
f 2189/439/2159 2191/441/2161 2257/515/2230
f 2225/516/2196 2259/518/2231 2258/517/2197
f 2260/519/2232 2258/517/2197 2259/518/2231
f 2258/517/2197 2260/519/2232 2226/520/2198
f 2261/521/2233 2226/520/2198 2260/519/2232
f 2226/520/2198 2261/521/2233 2227/522/2199
f 2262/523/2234 2227/522/2199 2261/521/2233
f 2227/522/2199 2262/523/2234 2184/443/2152
f 2194/445/2162 2184/443/2152 2262/523/2234
f 2263/524/2235 2264/526/2236 2229/525/2201
f 2229/525/2201 2228/527/2200 2263/524/2235
f 2265/528/2237 2263/524/2235 2228/527/2200
f 2228/527/2200 2266/529/2202 2265/528/2237
f 2195/446/2163 2265/528/2237 2266/529/2202
f 2266/529/2202 2193/444/2153 2195/446/2163
f 2259/518/2231 2267/530/2238 2260/519/2232
f 2268/531/2239 2260/519/2232 2267/530/2238
f 2260/519/2232 2268/531/2239 2261/521/2233
f 2269/532/2240 2261/521/2233 2268/531/2239
f 2261/521/2233 2269/532/2240 2262/523/2234
f 2270/533/2241 2262/523/2234 2269/532/2240
f 2262/523/2234 2270/533/2241 2194/445/2162
f 2196/447/2164 2194/445/2162 2270/533/2241
f 2271/534/2242 2272/535/2243 2264/526/2236
f 2264/526/2236 2263/524/2235 2271/534/2242
f 2271/534/2242 2265/528/2237 2273/536/2244
f 2271/534/2242 2263/524/2235 2265/528/2237
f 2197/448/2165 2273/536/2244 2265/528/2237
f 2265/528/2237 2195/446/2163 2197/448/2165
f 2267/530/2238 2274/537/2245 2268/531/2239
f 2275/538/2246 2268/531/2239 2274/537/2245
f 2268/531/2239 2275/538/2246 2269/532/2240
f 2276/539/2247 2269/532/2240 2275/538/2246
f 2269/532/2240 2276/539/2247 2270/533/2241
f 2277/540/2248 2270/533/2241 2276/539/2247
f 2270/533/2241 2277/540/2248 2196/447/2164
f 2198/449/2166 2196/447/2164 2277/540/2248
f 2278/541/2249 2279/542/2250 2272/535/2243
f 2272/535/2243 2271/534/2242 2278/541/2249
f 2278/541/2249 2273/536/2244 2280/543/2251
f 2278/541/2249 2271/534/2242 2273/536/2244
f 2280/543/2251 2273/536/2244 2197/448/2165
f 2197/448/2165 2199/450/2167 2280/543/2251
f 2274/537/2245 2231/489/2205 2275/538/2246
f 2232/490/2204 2275/538/2246 2231/489/2205
f 2275/538/2246 2232/490/2204 2276/539/2247
f 2235/493/2208 2276/539/2247 2232/490/2204
f 2276/539/2247 2235/493/2208 2277/540/2248
f 2237/495/2210 2277/540/2248 2235/493/2208
f 2277/540/2248 2237/495/2210 2198/449/2166
f 2188/438/2157 2198/449/2166 2237/495/2210
f 2241/499/2214 2239/497/2213 2279/542/2250
f 2279/542/2250 2278/541/2249 2241/499/2214
f 2241/499/2214 2280/543/2251 2242/500/2215
f 2241/499/2214 2278/541/2249 2280/543/2251
f 2242/500/2215 2280/543/2251 2199/450/2167
f 2199/450/2167 2185/435/2154 2242/500/2215
f 2252/510/2224 2281/544/2252 2251/509/2225
f 2252/510/2224 2282/545/2253 2281/544/2252
f 2251/509/2225 2281/544/2252 2283/546/2254
f 2251/509/2225 2283/546/2254 2253/511/2226
f 2253/511/2226 2283/546/2254 2284/547/2255
f 2253/511/2226 2284/547/2255 2254/512/2227
f 2254/512/2227 2201/452/2169 2192/442/2160
f 2254/512/2227 2284/547/2255 2201/452/2169
f 2256/514/2229 2285/548/2256 2255/513/2228
f 2256/514/2229 2286/549/2257 2285/548/2256
f 2256/514/2229 2257/515/2230 2287/550/2258
f 2287/550/2258 2286/549/2257 2256/514/2229
f 2257/515/2230 2191/441/2161 2200/451/2168
f 2200/451/2168 2287/550/2258 2257/515/2230
f 2282/545/2253 2288/551/2259 2281/544/2252
f 2282/545/2253 2289/552/2260 2288/551/2259
f 2281/544/2252 2288/551/2259 2290/553/2261
f 2281/544/2252 2290/553/2261 2283/546/2254
f 2283/546/2254 2291/554/2262 2284/547/2255
f 2283/546/2254 2290/553/2261 2291/554/2262
f 2284/547/2255 2203/454/2171 2201/452/2169
f 2284/547/2255 2291/554/2262 2203/454/2171
f 2286/549/2257 2292/555/2263 2285/548/2256
f 2286/549/2257 2293/556/2264 2292/555/2263
f 2286/549/2257 2287/550/2258 2294/557/2265
f 2294/557/2265 2293/556/2264 2286/549/2257
f 2287/550/2258 2200/451/2168 2202/453/2170
f 2202/453/2170 2294/557/2265 2287/550/2258
f 2289/552/2260 2295/558/2266 2288/551/2259
f 2289/552/2260 2296/559/2267 2295/558/2266
f 2288/551/2259 2297/560/2268 2290/553/2261
f 2288/551/2259 2295/558/2266 2297/560/2268
f 2290/553/2261 2206/457/2174 2291/554/2262
f 2290/553/2261 2297/560/2268 2206/457/2174
f 2291/554/2262 2205/456/2173 2203/454/2171
f 2291/554/2262 2206/457/2174 2205/456/2173
f 2293/556/2264 2298/561/2269 2292/555/2263
f 2293/556/2264 2299/562/2270 2298/561/2269
f 2293/556/2264 2294/557/2265 2300/563/2271
f 2300/563/2271 2299/562/2270 2293/556/2264
f 2294/557/2265 2202/453/2170 2204/455/2172
f 2204/455/2172 2300/563/2271 2294/557/2265
f 2299/562/2270 2214/564/2184 2298/561/2269
f 2299/562/2270 2213/565/2185 2214/564/2184
f 2213/565/2185 2299/562/2270 2300/563/2271
f 2300/563/2271 2216/566/2187 2213/565/2185
f 2300/563/2271 2204/455/2172 2216/566/2187
f 2204/455/2172 2179/567/2148 2216/566/2187
f 2205/456/2173 2179/567/2148 2204/455/2172
f 2205/456/2173 2178/458/2146 2179/567/2148
f 2296/559/2267 2301/568/2179 2295/558/2266
f 2296/559/2267 2302/569/2176 2301/568/2179
f 2295/558/2266 2303/570/2181 2297/560/2268
f 2295/558/2266 2301/568/2179 2303/570/2181
f 2297/560/2268 2211/459/2175 2206/457/2174
f 2297/560/2268 2303/570/2181 2211/459/2175
f 2304/571/1908 2248/506/2221 2305/572/1909
f 2305/572/1909 2248/506/2221 2255/513/2228
f 1905/573/1907 2240/498/2212 2248/506/2221
f 2248/506/2221 2304/571/1908 1905/573/1907
f 1905/573/1907 1906/574/1906 2239/497/2213
f 2239/497/2213 2240/498/2212 1905/573/1907
f 2239/497/2213 1906/574/1906 1909/575/1919
f 1909/575/1919 2279/542/2250 2239/497/2213
f 2279/542/2250 1909/575/1919 2306/576/1918
f 2306/576/1918 2272/535/2243 2279/542/2250
f 2272/535/2243 2306/576/1918 1908/577/1917
f 1908/577/1917 2264/526/2236 2272/535/2243
f 2264/526/2236 1908/577/1917 2307/578/1916
f 2307/578/1916 2229/525/2201 2264/526/2236
f 2223/479/2194 2229/486/2201 2307/579/1916
f 2307/579/1916 2308/580/1915 2223/479/2194
f 2215/471/2186 2223/479/2194 2308/580/1915
f 2308/580/1915 2309/581/1914 2215/471/2186
f 2215/471/2186 2310/582/1913 2214/470/2184
f 2215/471/2186 2309/581/1914 2310/582/1913
f 2298/561/2269 2310/584/1913 1907/583/1912
f 2298/561/2269 2214/564/2184 2310/584/1913
f 2292/555/2263 1907/583/1912 2311/585/1911
f 2292/555/2263 2298/561/2269 1907/583/1912
f 2285/548/2256 2311/585/1911 2312/586/1910
f 2285/548/2256 2292/555/2263 2311/585/1911
f 2255/513/2228 2312/586/1910 2305/572/1909
f 2255/513/2228 2285/548/2256 2312/586/1910
f 2231/489/2205 2451/587/2272 2233/491/2206
f 2451/587/2272 2231/489/2205 2452/588/2273
f 2245/503/2217 2233/491/2206 2451/587/2272
f 2451/587/2272 2449/589/2274 2245/503/2217
f 2245/503/2217 2449/589/2274 2450/590/2275
f 2450/590/2275 2252/510/2224 2245/503/2217
f 2450/590/2275 2282/545/2253 2252/510/2224
f 2450/590/2275 2313/591/2276 2282/545/2253
f 2313/591/2276 2289/552/2260 2282/545/2253
f 2313/591/2276 2314/593/2277 2289/552/2260
f 2314/593/2277 2296/559/2267 2289/552/2260
f 2314/593/2277 2459/594/2278 2296/559/2267
f 2459/594/2278 2302/569/2176 2296/559/2267
f 2459/594/2278 2315/595/2279 2302/569/2176
f 2458/596/2280 2208/462/2177 2315/597/2279
f 2315/597/2279 2208/462/2177 2302/460/2176
f 2456/598/2281 2219/475/2189 2208/462/2177
f 2208/462/2177 2458/596/2280 2456/598/2281
f 2456/598/2281 2457/599/2282 2219/475/2189
f 2457/599/2282 2225/482/2196 2219/475/2189
f 2457/603/2282 2455/600/2283 2225/516/2196
f 2259/518/2231 2225/516/2196 2455/600/2283
f 2455/600/2283 2454/601/2284 2259/518/2231
f 2267/530/2238 2259/518/2231 2454/601/2284
f 2454/601/2284 2453/602/2285 2267/530/2238
f 2274/537/2245 2267/530/2238 2453/602/2285
f 2453/602/2285 2452/588/2273 2274/537/2245
f 2231/489/2205 2274/537/2245 2452/588/2273
f 2316/427/2286 2318/429/2287 2317/428/2288
f 2318/429/2287 2319/430/2289 2317/428/2288
f 2318/429/2287 2321/432/2290 2320/431/2291
f 2320/431/2291 2319/430/2289 2318/429/2287
f 2321/432/2290 2322/433/2292 2320/431/2291
f 2322/433/2292 2331/434/2293 2320/431/2291
f 2323/435/2294 2325/437/2295 2324/436/2296
f 2323/435/2294 2326/438/2297 2325/437/2295
f 2324/436/2296 2328/440/2298 2327/439/2299
f 2324/436/2296 2325/437/2295 2328/440/2298
f 2327/439/2299 2330/442/2300 2329/441/2301
f 2327/439/2299 2328/440/2298 2330/442/2300
f 2322/443/2292 2332/445/2302 2331/444/2293
f 2333/446/2303 2331/444/2293 2332/445/2302
f 2332/445/2302 2334/447/2304 2333/446/2303
f 2335/448/2305 2333/446/2303 2334/447/2304
f 2334/447/2304 2336/449/2306 2335/448/2305
f 2337/450/2307 2335/448/2305 2336/449/2306
f 2336/449/2306 2326/438/2297 2337/450/2307
f 2323/435/2294 2337/450/2307 2326/438/2297
f 2330/442/2300 2338/451/2308 2329/441/2301
f 2330/442/2300 2339/452/2309 2338/451/2308
f 2339/452/2309 2340/453/2310 2338/451/2308
f 2339/452/2309 2341/454/2311 2340/453/2310
f 2341/454/2311 2342/455/2312 2340/453/2310
f 2341/454/2311 2343/456/2313 2342/455/2312
f 2344/457/2314 2316/458/2286 2343/456/2313
f 2344/457/2314 2349/459/2315 2316/458/2286
f 2440/460/2316 2346/462/2317 2345/461/2318
f 2345/461/2318 2439/463/2319 2440/460/2316
f 2439/463/2319 2345/461/2318 2347/464/2320
f 2347/464/2320 2441/465/2321 2439/463/2319
f 2441/465/2321 2347/464/2320 2348/466/2322
f 2348/466/2322 2349/467/2315 2441/465/2321
f 2349/467/2315 2348/466/2322 2316/427/2286
f 2348/466/2322 2318/429/2287 2316/427/2286
f 2350/468/2323 2352/470/2324 2351/469/2325
f 2350/468/2323 2353/471/2326 2352/470/2324
f 2354/472/2327 2355/473/2328 2351/469/2325
f 2351/469/2325 2355/473/2328 2350/468/2323
f 2317/428/2288 2319/430/2289 2354/472/2327
f 2354/472/2327 2319/430/2289 2355/473/2328
f 2346/462/2317 2357/475/2329 2356/474/2330
f 2356/474/2330 2345/461/2318 2346/462/2317
f 2345/461/2318 2356/474/2330 2358/476/2331
f 2358/476/2331 2347/464/2320 2345/461/2318
f 2347/464/2320 2358/476/2331 2359/477/2332
f 2359/477/2332 2348/466/2322 2347/464/2320
f 2348/466/2322 2359/477/2332 2321/432/2290
f 2321/432/2290 2318/429/2287 2348/466/2322
f 2360/478/2333 2353/471/2326 2350/468/2323
f 2360/478/2333 2361/479/2334 2353/471/2326
f 2355/473/2328 2362/480/2335 2350/468/2323
f 2350/468/2323 2362/480/2335 2360/478/2333
f 2319/430/2289 2320/431/2291 2355/473/2328
f 2355/473/2328 2320/431/2291 2362/480/2335
f 2357/475/2329 2363/482/2336 2396/481/2337
f 2396/481/2337 2356/474/2330 2357/475/2329
f 2356/474/2330 2396/481/2337 2364/483/2338
f 2364/483/2338 2358/476/2331 2356/474/2330
f 2358/476/2331 2364/483/2338 2365/484/2339
f 2365/484/2339 2359/477/2332 2358/476/2331
f 2359/477/2332 2365/484/2339 2321/432/2290
f 2322/433/2292 2321/432/2290 2365/484/2339
f 2366/485/2340 2361/479/2334 2360/478/2333
f 2366/485/2340 2367/486/2341 2361/479/2334
f 2362/480/2335 2404/487/2342 2360/478/2333
f 2360/478/2333 2404/487/2342 2366/485/2340
f 2320/431/2291 2331/434/2293 2362/480/2335
f 2362/480/2335 2331/434/2293 2404/487/2342
f 2368/488/2343 2370/490/2344 2369/489/2345
f 2369/489/2345 2371/491/2346 2368/488/2343
f 2372/492/2347 2373/493/2348 2368/488/2343
f 2368/488/2343 2373/493/2348 2370/490/2344
f 2374/494/2349 2375/495/2350 2372/492/2347
f 2372/492/2347 2375/495/2350 2373/493/2348
f 2326/438/2297 2374/494/2349 2325/437/2295
f 2326/438/2297 2375/495/2350 2374/494/2349
f 2376/496/2351 2378/498/2352 2377/497/2353
f 2377/497/2353 2379/499/2354 2376/496/2351
f 2376/496/2351 2379/499/2354 2380/500/2355
f 2380/500/2355 2381/501/2356 2376/496/2351
f 2381/501/2356 2380/500/2355 2323/435/2294
f 2323/435/2294 2324/436/2296 2381/501/2356
f 2368/488/2343 2383/503/2357 2382/502/2358
f 2368/488/2343 2371/491/2346 2383/503/2357
f 2384/504/2359 2372/492/2347 2382/502/2358
f 2382/502/2358 2372/492/2347 2368/488/2343
f 2385/505/2360 2374/494/2349 2384/504/2359
f 2384/504/2359 2374/494/2349 2372/492/2347
f 2325/437/2295 2385/505/2360 2328/440/2298
f 2325/437/2295 2374/494/2349 2385/505/2360
f 2386/506/2361 2378/498/2352 2376/496/2351
f 2376/496/2351 2387/507/2362 2386/506/2361
f 2387/507/2362 2376/496/2351 2381/501/2356
f 2381/501/2356 2388/508/2363 2387/507/2362
f 2388/508/2363 2381/501/2356 2324/436/2296
f 2324/436/2296 2327/439/2299 2388/508/2363
f 2382/502/2358 2390/510/2364 2389/509/2365
f 2382/502/2358 2383/503/2357 2390/510/2364
f 2391/511/2366 2384/504/2359 2389/509/2365
f 2389/509/2365 2384/504/2359 2382/502/2358
f 2392/512/2367 2385/505/2360 2391/511/2366
f 2391/511/2366 2385/505/2360 2384/504/2359
f 2328/440/2298 2392/512/2367 2330/442/2300
f 2328/440/2298 2385/505/2360 2392/512/2367
f 2393/513/2368 2386/506/2361 2387/507/2362
f 2387/507/2362 2394/514/2369 2393/513/2368
f 2394/514/2369 2387/507/2362 2388/508/2363
f 2388/508/2363 2395/515/2370 2394/514/2369
f 2395/515/2370 2388/508/2363 2327/439/2299
f 2327/439/2299 2329/441/2301 2395/515/2370
f 2363/516/2336 2397/518/2371 2396/517/2337
f 2398/519/2372 2396/517/2337 2397/518/2371
f 2396/517/2337 2398/519/2372 2364/520/2338
f 2399/521/2373 2364/520/2338 2398/519/2372
f 2364/520/2338 2399/521/2373 2365/522/2339
f 2400/523/2374 2365/522/2339 2399/521/2373
f 2365/522/2339 2400/523/2374 2322/443/2292
f 2332/445/2302 2322/443/2292 2400/523/2374
f 2401/524/2375 2402/526/2376 2367/525/2341
f 2367/525/2341 2366/527/2340 2401/524/2375
f 2403/528/2377 2401/524/2375 2366/527/2340
f 2366/527/2340 2404/529/2342 2403/528/2377
f 2333/446/2303 2403/528/2377 2404/529/2342
f 2404/529/2342 2331/444/2293 2333/446/2303
f 2397/518/2371 2405/530/2378 2398/519/2372
f 2406/531/2379 2398/519/2372 2405/530/2378
f 2398/519/2372 2406/531/2379 2399/521/2373
f 2407/532/2380 2399/521/2373 2406/531/2379
f 2399/521/2373 2407/532/2380 2400/523/2374
f 2408/533/2381 2400/523/2374 2407/532/2380
f 2400/523/2374 2408/533/2381 2332/445/2302
f 2334/447/2304 2332/445/2302 2408/533/2381
f 2409/534/2382 2410/535/2383 2402/526/2376
f 2402/526/2376 2401/524/2375 2409/534/2382
f 2409/534/2382 2403/528/2377 2411/536/2384
f 2409/534/2382 2401/524/2375 2403/528/2377
f 2335/448/2305 2411/536/2384 2403/528/2377
f 2403/528/2377 2333/446/2303 2335/448/2305
f 2405/530/2378 2412/537/2385 2406/531/2379
f 2413/538/2386 2406/531/2379 2412/537/2385
f 2406/531/2379 2413/538/2386 2407/532/2380
f 2414/539/2387 2407/532/2380 2413/538/2386
f 2407/532/2380 2414/539/2387 2408/533/2381
f 2415/540/2388 2408/533/2381 2414/539/2387
f 2408/533/2381 2415/540/2388 2334/447/2304
f 2336/449/2306 2334/447/2304 2415/540/2388
f 2416/541/2389 2417/542/2390 2410/535/2383
f 2410/535/2383 2409/534/2382 2416/541/2389
f 2416/541/2389 2411/536/2384 2418/543/2391
f 2416/541/2389 2409/534/2382 2411/536/2384
f 2418/543/2391 2411/536/2384 2335/448/2305
f 2335/448/2305 2337/450/2307 2418/543/2391
f 2412/537/2385 2369/489/2345 2413/538/2386
f 2370/490/2344 2413/538/2386 2369/489/2345
f 2413/538/2386 2370/490/2344 2414/539/2387
f 2373/493/2348 2414/539/2387 2370/490/2344
f 2414/539/2387 2373/493/2348 2415/540/2388
f 2375/495/2350 2415/540/2388 2373/493/2348
f 2415/540/2388 2375/495/2350 2336/449/2306
f 2326/438/2297 2336/449/2306 2375/495/2350
f 2379/499/2354 2377/497/2353 2417/542/2390
f 2417/542/2390 2416/541/2389 2379/499/2354
f 2379/499/2354 2418/543/2391 2380/500/2355
f 2379/499/2354 2416/541/2389 2418/543/2391
f 2380/500/2355 2418/543/2391 2337/450/2307
f 2337/450/2307 2323/435/2294 2380/500/2355
f 2390/510/2364 2419/544/2392 2389/509/2365
f 2390/510/2364 2420/545/2393 2419/544/2392
f 2389/509/2365 2419/544/2392 2421/546/2394
f 2389/509/2365 2421/546/2394 2391/511/2366
f 2391/511/2366 2421/546/2394 2422/547/2395
f 2391/511/2366 2422/547/2395 2392/512/2367
f 2392/512/2367 2339/452/2309 2330/442/2300
f 2392/512/2367 2422/547/2395 2339/452/2309
f 2394/514/2369 2423/548/2396 2393/513/2368
f 2394/514/2369 2424/549/2397 2423/548/2396
f 2394/514/2369 2395/515/2370 2425/550/2398
f 2425/550/2398 2424/549/2397 2394/514/2369
f 2395/515/2370 2329/441/2301 2338/451/2308
f 2338/451/2308 2425/550/2398 2395/515/2370
f 2420/545/2393 2426/551/2399 2419/544/2392
f 2420/545/2393 2427/552/2400 2426/551/2399
f 2419/544/2392 2426/551/2399 2428/553/2401
f 2419/544/2392 2428/553/2401 2421/546/2394
f 2421/546/2394 2429/554/2402 2422/547/2395
f 2421/546/2394 2428/553/2401 2429/554/2402
f 2422/547/2395 2341/454/2311 2339/452/2309
f 2422/547/2395 2429/554/2402 2341/454/2311
f 2424/549/2397 2430/555/2403 2423/548/2396
f 2424/549/2397 2431/556/2404 2430/555/2403
f 2424/549/2397 2425/550/2398 2432/557/2405
f 2432/557/2405 2431/556/2404 2424/549/2397
f 2425/550/2398 2338/451/2308 2340/453/2310
f 2340/453/2310 2432/557/2405 2425/550/2398
f 2427/552/2400 2433/558/2406 2426/551/2399
f 2427/552/2400 2434/559/2407 2433/558/2406
f 2426/551/2399 2435/560/2408 2428/553/2401
f 2426/551/2399 2433/558/2406 2435/560/2408
f 2428/553/2401 2344/457/2314 2429/554/2402
f 2428/553/2401 2435/560/2408 2344/457/2314
f 2429/554/2402 2343/456/2313 2341/454/2311
f 2429/554/2402 2344/457/2314 2343/456/2313
f 2431/556/2404 2436/561/2409 2430/555/2403
f 2431/556/2404 2437/562/2410 2436/561/2409
f 2431/556/2404 2432/557/2405 2438/563/2411
f 2438/563/2411 2437/562/2410 2431/556/2404
f 2432/557/2405 2340/453/2310 2342/455/2312
f 2342/455/2312 2438/563/2411 2432/557/2405
f 2437/562/2410 2352/564/2324 2436/561/2409
f 2437/562/2410 2351/565/2325 2352/564/2324
f 2351/565/2325 2437/562/2410 2438/563/2411
f 2438/563/2411 2354/566/2327 2351/565/2325
f 2438/563/2411 2342/455/2312 2354/566/2327
f 2342/455/2312 2317/567/2288 2354/566/2327
f 2343/456/2313 2317/567/2288 2342/455/2312
f 2343/456/2313 2316/458/2286 2317/567/2288
f 2434/559/2407 2439/568/2319 2433/558/2406
f 2434/559/2407 2440/569/2316 2439/568/2319
f 2433/558/2406 2441/570/2321 2435/560/2408
f 2433/558/2406 2439/568/2319 2441/570/2321
f 2435/560/2408 2349/459/2315 2344/457/2314
f 2435/560/2408 2441/570/2321 2349/459/2315
f 2595/571/2412 2386/506/2361 2442/572/2413
f 2442/572/2413 2386/506/2361 2393/513/2368
f 2443/573/2414 2378/498/2352 2386/506/2361
f 2386/506/2361 2595/571/2412 2443/573/2414
f 2443/573/2414 2594/574/2415 2377/497/2353
f 2377/497/2353 2378/498/2352 2443/573/2414
f 2377/497/2353 2594/574/2415 2600/575/2416
f 2600/575/2416 2417/542/2390 2377/497/2353
f 2417/542/2390 2600/575/2416 2599/576/2417
f 2599/576/2417 2410/535/2383 2417/542/2390
f 2410/535/2383 2599/576/2417 2444/577/2418
f 2444/577/2418 2402/526/2376 2410/535/2383
f 2402/526/2376 2444/577/2418 2445/578/2419
f 2445/578/2419 2367/525/2341 2402/526/2376
f 2361/479/2334 2367/486/2341 2445/579/2419
f 2445/579/2419 2446/580/2420 2361/479/2334
f 2353/471/2326 2361/479/2334 2446/580/2420
f 2446/580/2420 2447/581/2421 2353/471/2326
f 2353/471/2326 2598/582/2422 2352/470/2324
f 2353/471/2326 2447/581/2421 2598/582/2422
f 2436/561/2409 2598/584/2422 2448/583/2423
f 2436/561/2409 2352/564/2324 2598/584/2422
f 2430/555/2403 2448/583/2423 2597/585/2424
f 2430/555/2403 2436/561/2409 2448/583/2423
f 2423/548/2396 2597/585/2424 2596/586/2425
f 2423/548/2396 2430/555/2403 2597/585/2424
f 2393/513/2368 2596/586/2425 2442/572/2413
f 2393/513/2368 2423/548/2396 2596/586/2425
f 2369/489/2345 2449/587/2274 2371/491/2346
f 2449/587/2274 2369/489/2345 2450/588/2275
f 2383/503/2357 2371/491/2346 2449/587/2274
f 2449/587/2274 2451/589/2272 2383/503/2357
f 2383/503/2357 2451/589/2272 2452/590/2273
f 2452/590/2273 2390/510/2364 2383/503/2357
f 2452/590/2273 2420/545/2393 2390/510/2364
f 2452/590/2273 2453/591/2285 2420/545/2393
f 2453/591/2285 2427/552/2400 2420/545/2393
f 2453/591/2285 2454/593/2284 2427/552/2400
f 2454/593/2284 2434/559/2407 2427/552/2400
f 2454/593/2284 2455/594/2283 2434/559/2407
f 2455/594/2283 2440/569/2316 2434/559/2407
f 2455/594/2283 2457/595/2282 2440/569/2316
f 2456/596/2281 2346/462/2317 2457/597/2282
f 2457/597/2282 2346/462/2317 2440/460/2316
f 2458/598/2280 2357/475/2329 2346/462/2317
f 2346/462/2317 2456/596/2281 2458/598/2280
f 2458/598/2280 2315/599/2279 2357/475/2329
f 2315/599/2279 2363/482/2336 2357/475/2329
f 2315/603/2279 2459/600/2278 2363/516/2336
f 2397/518/2371 2363/516/2336 2459/600/2278
f 2459/600/2278 2314/601/2277 2397/518/2371
f 2405/530/2378 2397/518/2371 2314/601/2277
f 2314/601/2277 2313/602/2276 2405/530/2378
f 2412/537/2385 2405/530/2378 2313/602/2276
f 2313/602/2276 2450/588/2275 2412/537/2385
f 2369/489/2345 2412/537/2385 2450/588/2275
f 2460/427/2426 2462/429/2427 2461/428/2428
f 2462/429/2427 2463/430/2429 2461/428/2428
f 2462/429/2427 2465/432/2430 2464/431/2431
f 2464/431/2431 2463/430/2429 2462/429/2427
f 2465/432/2430 2466/433/2432 2464/431/2431
f 2466/433/2432 2475/434/2433 2464/431/2431
f 2467/435/2434 2469/437/2435 2468/436/2436
f 2467/435/2434 2470/438/2437 2469/437/2435
f 2468/436/2436 2472/440/2438 2471/439/2439
f 2468/436/2436 2469/437/2435 2472/440/2438
f 2471/439/2439 2474/442/2440 2473/441/2441
f 2471/439/2439 2472/440/2438 2474/442/2440
f 2466/443/2432 2476/445/2442 2475/444/2433
f 2477/446/2443 2475/444/2433 2476/445/2442
f 2476/445/2442 2478/447/2444 2477/446/2443
f 2479/448/2445 2477/446/2443 2478/447/2444
f 2478/447/2444 2480/449/2446 2479/448/2445
f 2481/450/2447 2479/448/2445 2480/449/2446
f 2480/449/2446 2470/438/2437 2481/450/2447
f 2467/435/2434 2481/450/2447 2470/438/2437
f 2474/442/2440 2482/451/2448 2473/441/2441
f 2474/442/2440 2483/452/2449 2482/451/2448
f 2483/452/2449 2484/453/2450 2482/451/2448
f 2483/452/2449 2485/454/2451 2484/453/2450
f 2485/454/2451 2486/455/2452 2484/453/2450
f 2485/454/2451 2487/456/2453 2486/455/2452
f 2488/457/2454 2460/458/2426 2487/456/2453
f 2488/457/2454 2493/459/2455 2460/458/2426
f 2584/460/2456 2490/462/2457 2489/461/2458
f 2489/461/2458 2583/463/2459 2584/460/2456
f 2583/463/2459 2489/461/2458 2491/464/2460
f 2491/464/2460 2585/465/2461 2583/463/2459
f 2585/465/2461 2491/464/2460 2492/466/2462
f 2492/466/2462 2493/467/2455 2585/465/2461
f 2493/467/2455 2492/466/2462 2460/427/2426
f 2492/466/2462 2462/429/2427 2460/427/2426
f 2494/468/2463 2496/470/2464 2495/469/2465
f 2494/468/2463 2497/471/2466 2496/470/2464
f 2498/472/2467 2499/473/2468 2495/469/2465
f 2495/469/2465 2499/473/2468 2494/468/2463
f 2461/428/2428 2463/430/2429 2498/472/2467
f 2498/472/2467 2463/430/2429 2499/473/2468
f 2490/462/2457 2501/475/2469 2500/474/2470
f 2500/474/2470 2489/461/2458 2490/462/2457
f 2489/461/2458 2500/474/2470 2502/476/2471
f 2502/476/2471 2491/464/2460 2489/461/2458
f 2491/464/2460 2502/476/2471 2503/477/2472
f 2503/477/2472 2492/466/2462 2491/464/2460
f 2492/466/2462 2503/477/2472 2465/432/2430
f 2465/432/2430 2462/429/2427 2492/466/2462
f 2504/478/2473 2497/471/2466 2494/468/2463
f 2504/478/2473 2505/479/2474 2497/471/2466
f 2499/473/2468 2506/480/2475 2494/468/2463
f 2494/468/2463 2506/480/2475 2504/478/2473
f 2463/430/2429 2464/431/2431 2499/473/2468
f 2499/473/2468 2464/431/2431 2506/480/2475
f 2501/475/2469 2507/482/2476 2540/481/2477
f 2540/481/2477 2500/474/2470 2501/475/2469
f 2500/474/2470 2540/481/2477 2508/483/2478
f 2508/483/2478 2502/476/2471 2500/474/2470
f 2502/476/2471 2508/483/2478 2509/484/2479
f 2509/484/2479 2503/477/2472 2502/476/2471
f 2503/477/2472 2509/484/2479 2465/432/2430
f 2466/433/2432 2465/432/2430 2509/484/2479
f 2510/485/2480 2505/479/2474 2504/478/2473
f 2510/485/2480 2511/486/2481 2505/479/2474
f 2506/480/2475 2548/487/2482 2504/478/2473
f 2504/478/2473 2548/487/2482 2510/485/2480
f 2464/431/2431 2475/434/2433 2506/480/2475
f 2506/480/2475 2475/434/2433 2548/487/2482
f 2512/488/2483 2514/490/2484 2513/489/2485
f 2513/489/2485 2515/491/2486 2512/488/2483
f 2516/492/2487 2517/493/2488 2512/488/2483
f 2512/488/2483 2517/493/2488 2514/490/2484
f 2518/494/2489 2519/495/2490 2516/492/2487
f 2516/492/2487 2519/495/2490 2517/493/2488
f 2470/438/2437 2518/494/2489 2469/437/2435
f 2470/438/2437 2519/495/2490 2518/494/2489
f 2520/496/2491 2522/498/2492 2521/497/2493
f 2521/497/2493 2523/499/2494 2520/496/2491
f 2520/496/2491 2523/499/2494 2524/500/2495
f 2524/500/2495 2525/501/2496 2520/496/2491
f 2525/501/2496 2524/500/2495 2467/435/2434
f 2467/435/2434 2468/436/2436 2525/501/2496
f 2512/488/2483 2527/503/2497 2526/502/2498
f 2512/488/2483 2515/491/2486 2527/503/2497
f 2528/504/2499 2516/492/2487 2526/502/2498
f 2526/502/2498 2516/492/2487 2512/488/2483
f 2529/505/2500 2518/494/2489 2528/504/2499
f 2528/504/2499 2518/494/2489 2516/492/2487
f 2469/437/2435 2529/505/2500 2472/440/2438
f 2469/437/2435 2518/494/2489 2529/505/2500
f 2530/506/2501 2522/498/2492 2520/496/2491
f 2520/496/2491 2531/507/2502 2530/506/2501
f 2531/507/2502 2520/496/2491 2525/501/2496
f 2525/501/2496 2532/508/2503 2531/507/2502
f 2532/508/2503 2525/501/2496 2468/436/2436
f 2468/436/2436 2471/439/2439 2532/508/2503
f 2526/502/2498 2534/510/2504 2533/509/2505
f 2526/502/2498 2527/503/2497 2534/510/2504
f 2535/511/2506 2528/504/2499 2533/509/2505
f 2533/509/2505 2528/504/2499 2526/502/2498
f 2536/512/2507 2529/505/2500 2535/511/2506
f 2535/511/2506 2529/505/2500 2528/504/2499
f 2472/440/2438 2536/512/2507 2474/442/2440
f 2472/440/2438 2529/505/2500 2536/512/2507
f 2537/513/2508 2530/506/2501 2531/507/2502
f 2531/507/2502 2538/514/2509 2537/513/2508
f 2538/514/2509 2531/507/2502 2532/508/2503
f 2532/508/2503 2539/515/2510 2538/514/2509
f 2539/515/2510 2532/508/2503 2471/439/2439
f 2471/439/2439 2473/441/2441 2539/515/2510
f 2507/516/2476 2541/518/2511 2540/517/2477
f 2542/519/2512 2540/517/2477 2541/518/2511
f 2540/517/2477 2542/519/2512 2508/520/2478
f 2543/521/2513 2508/520/2478 2542/519/2512
f 2508/520/2478 2543/521/2513 2509/522/2479
f 2544/523/2514 2509/522/2479 2543/521/2513
f 2509/522/2479 2544/523/2514 2466/443/2432
f 2476/445/2442 2466/443/2432 2544/523/2514
f 2545/524/2515 2546/526/2516 2511/525/2481
f 2511/525/2481 2510/527/2480 2545/524/2515
f 2547/528/2517 2545/524/2515 2510/527/2480
f 2510/527/2480 2548/529/2482 2547/528/2517
f 2477/446/2443 2547/528/2517 2548/529/2482
f 2548/529/2482 2475/444/2433 2477/446/2443
f 2541/518/2511 2549/530/2518 2542/519/2512
f 2550/531/2519 2542/519/2512 2549/530/2518
f 2542/519/2512 2550/531/2519 2543/521/2513
f 2551/532/2520 2543/521/2513 2550/531/2519
f 2543/521/2513 2551/532/2520 2544/523/2514
f 2552/533/2521 2544/523/2514 2551/532/2520
f 2544/523/2514 2552/533/2521 2476/445/2442
f 2478/447/2444 2476/445/2442 2552/533/2521
f 2553/534/2522 2554/535/2523 2546/526/2516
f 2546/526/2516 2545/524/2515 2553/534/2522
f 2553/534/2522 2547/528/2517 2555/536/2524
f 2553/534/2522 2545/524/2515 2547/528/2517
f 2479/448/2445 2555/536/2524 2547/528/2517
f 2547/528/2517 2477/446/2443 2479/448/2445
f 2549/530/2518 2556/537/2525 2550/531/2519
f 2557/538/2526 2550/531/2519 2556/537/2525
f 2550/531/2519 2557/538/2526 2551/532/2520
f 2558/539/2527 2551/532/2520 2557/538/2526
f 2551/532/2520 2558/539/2527 2552/533/2521
f 2559/540/2528 2552/533/2521 2558/539/2527
f 2552/533/2521 2559/540/2528 2478/447/2444
f 2480/449/2446 2478/447/2444 2559/540/2528
f 2560/541/2529 2561/542/2530 2554/535/2523
f 2554/535/2523 2553/534/2522 2560/541/2529
f 2560/541/2529 2555/536/2524 2562/543/2531
f 2560/541/2529 2553/534/2522 2555/536/2524
f 2562/543/2531 2555/536/2524 2479/448/2445
f 2479/448/2445 2481/450/2447 2562/543/2531
f 2556/537/2525 2513/489/2485 2557/538/2526
f 2514/490/2484 2557/538/2526 2513/489/2485
f 2557/538/2526 2514/490/2484 2558/539/2527
f 2517/493/2488 2558/539/2527 2514/490/2484
f 2558/539/2527 2517/493/2488 2559/540/2528
f 2519/495/2490 2559/540/2528 2517/493/2488
f 2559/540/2528 2519/495/2490 2480/449/2446
f 2470/438/2437 2480/449/2446 2519/495/2490
f 2523/499/2494 2521/497/2493 2561/542/2530
f 2561/542/2530 2560/541/2529 2523/499/2494
f 2523/499/2494 2562/543/2531 2524/500/2495
f 2523/499/2494 2560/541/2529 2562/543/2531
f 2524/500/2495 2562/543/2531 2481/450/2447
f 2481/450/2447 2467/435/2434 2524/500/2495
f 2534/510/2504 2563/544/2532 2533/509/2505
f 2534/510/2504 2564/545/2533 2563/544/2532
f 2533/509/2505 2563/544/2532 2565/546/2534
f 2533/509/2505 2565/546/2534 2535/511/2506
f 2535/511/2506 2565/546/2534 2566/547/2535
f 2535/511/2506 2566/547/2535 2536/512/2507
f 2536/512/2507 2483/452/2449 2474/442/2440
f 2536/512/2507 2566/547/2535 2483/452/2449
f 2538/514/2509 2567/548/2536 2537/513/2508
f 2538/514/2509 2568/549/2537 2567/548/2536
f 2538/514/2509 2539/515/2510 2569/550/2538
f 2569/550/2538 2568/549/2537 2538/514/2509
f 2539/515/2510 2473/441/2441 2482/451/2448
f 2482/451/2448 2569/550/2538 2539/515/2510
f 2564/545/2533 2570/551/2539 2563/544/2532
f 2564/545/2533 2571/552/2540 2570/551/2539
f 2563/544/2532 2570/551/2539 2572/553/2541
f 2563/544/2532 2572/553/2541 2565/546/2534
f 2565/546/2534 2573/554/2542 2566/547/2535
f 2565/546/2534 2572/553/2541 2573/554/2542
f 2566/547/2535 2485/454/2451 2483/452/2449
f 2566/547/2535 2573/554/2542 2485/454/2451
f 2568/549/2537 2574/555/2543 2567/548/2536
f 2568/549/2537 2575/556/2544 2574/555/2543
f 2568/549/2537 2569/550/2538 2576/557/2545
f 2576/557/2545 2575/556/2544 2568/549/2537
f 2569/550/2538 2482/451/2448 2484/453/2450
f 2484/453/2450 2576/557/2545 2569/550/2538
f 2571/552/2540 2577/558/2546 2570/551/2539
f 2571/552/2540 2578/559/2547 2577/558/2546
f 2570/551/2539 2579/560/2548 2572/553/2541
f 2570/551/2539 2577/558/2546 2579/560/2548
f 2572/553/2541 2488/457/2454 2573/554/2542
f 2572/553/2541 2579/560/2548 2488/457/2454
f 2573/554/2542 2487/456/2453 2485/454/2451
f 2573/554/2542 2488/457/2454 2487/456/2453
f 2575/556/2544 2580/561/2549 2574/555/2543
f 2575/556/2544 2581/562/2550 2580/561/2549
f 2575/556/2544 2576/557/2545 2582/563/2551
f 2582/563/2551 2581/562/2550 2575/556/2544
f 2576/557/2545 2484/453/2450 2486/455/2452
f 2486/455/2452 2582/563/2551 2576/557/2545
f 2581/562/2550 2496/564/2464 2580/561/2549
f 2581/562/2550 2495/565/2465 2496/564/2464
f 2495/565/2465 2581/562/2550 2582/563/2551
f 2582/563/2551 2498/566/2467 2495/565/2465
f 2582/563/2551 2486/455/2452 2498/566/2467
f 2486/455/2452 2461/567/2428 2498/566/2467
f 2487/456/2453 2461/567/2428 2486/455/2452
f 2487/456/2453 2460/458/2426 2461/567/2428
f 2578/559/2547 2583/568/2459 2577/558/2546
f 2578/559/2547 2584/569/2456 2583/568/2459
f 2577/558/2546 2585/570/2461 2579/560/2548
f 2577/558/2546 2583/568/2459 2585/570/2461
f 2579/560/2548 2493/459/2455 2488/457/2454
f 2579/560/2548 2585/570/2461 2493/459/2455
f 592/571/533 2530/506/2501 591/572/532
f 591/572/532 2530/506/2501 2537/513/2508
f 2586/573/534 2522/498/2492 2530/506/2501
f 2530/506/2501 592/571/533 2586/573/534
f 2586/573/534 593/574/535 2521/497/2493
f 2521/497/2493 2522/498/2492 2586/573/534
f 2521/497/2493 593/574/535 2587/575/536
f 2587/575/536 2561/542/2530 2521/497/2493
f 2561/542/2530 2587/575/536 2588/576/537
f 2588/576/537 2554/535/2523 2561/542/2530
f 2554/535/2523 2588/576/537 594/577/538
f 594/577/538 2546/526/2516 2554/535/2523
f 2546/526/2516 594/577/538 595/578/539
f 595/578/539 2511/525/2481 2546/526/2516
f 2505/479/2474 2511/486/2481 595/579/539
f 595/579/539 2589/580/540 2505/479/2474
f 2497/471/2466 2505/479/2474 2589/580/540
f 2589/580/540 2590/581/541 2497/471/2466
f 2497/471/2466 2591/582/542 2496/470/2464
f 2497/471/2466 2590/581/541 2591/582/542
f 2580/561/2549 2591/584/542 596/583/543
f 2580/561/2549 2496/564/2464 2591/584/542
f 2574/555/2543 596/583/543 2592/585/544
f 2574/555/2543 2580/561/2549 596/583/543
f 2567/548/2536 2592/585/544 2593/586/545
f 2567/548/2536 2574/555/2543 2592/585/544
f 2537/513/2508 2593/586/545 591/572/532
f 2537/513/2508 2567/548/2536 2593/586/545
f 2513/489/2485 2443/587/2414 2515/491/2486
f 2443/587/2414 2513/489/2485 2594/588/2415
f 2527/503/2497 2515/491/2486 2443/587/2414
f 2443/587/2414 2595/589/2412 2527/503/2497
f 2527/503/2497 2595/589/2412 2442/590/2413
f 2442/590/2413 2534/510/2504 2527/503/2497
f 2442/590/2413 2564/545/2533 2534/510/2504
f 2442/590/2413 2596/591/2425 2564/545/2533
f 2596/591/2425 2571/552/2540 2564/545/2533
f 2596/591/2425 2597/593/2424 2571/552/2540
f 2597/593/2424 2578/559/2547 2571/552/2540
f 2597/593/2424 2448/594/2423 2578/559/2547
f 2448/594/2423 2584/569/2456 2578/559/2547
f 2448/594/2423 2598/595/2422 2584/569/2456
f 2447/596/2421 2490/462/2457 2598/597/2422
f 2598/597/2422 2490/462/2457 2584/460/2456
f 2446/598/2420 2501/475/2469 2490/462/2457
f 2490/462/2457 2447/596/2421 2446/598/2420
f 2446/598/2420 2445/599/2419 2501/475/2469
f 2445/599/2419 2507/482/2476 2501/475/2469
f 2445/603/2419 2444/600/2418 2507/516/2476
f 2541/518/2511 2507/516/2476 2444/600/2418
f 2444/600/2418 2599/601/2417 2541/518/2511
f 2549/530/2518 2541/518/2511 2599/601/2417
f 2599/601/2417 2600/602/2416 2549/530/2518
f 2556/537/2525 2549/530/2518 2600/602/2416
f 2600/602/2416 2594/588/2415 2556/537/2525
f 2513/489/2485 2556/537/2525 2594/588/2415
f 2628/427/2552 2726/428/2553 2601/429/2554
f 2601/429/2554 2726/428/2553 2602/430/2555
f 2601/429/2554 2603/431/2556 2604/432/2557
f 2603/431/2556 2601/429/2554 2602/430/2555
f 2604/432/2557 2603/431/2556 2614/433/2558
f 2614/433/2558 2603/431/2556 2605/434/2559
f 2606/435/2560 2607/436/2561 2608/437/2562
f 2606/435/2560 2608/437/2562 2609/438/2563
f 2607/436/2561 2610/439/2564 2611/440/2565
f 2607/436/2561 2611/440/2565 2608/437/2562
f 2610/439/2564 2612/441/2566 2613/442/2567
f 2610/439/2564 2613/442/2567 2611/440/2565
f 2614/443/2558 2605/444/2559 2615/445/2568
f 2616/446/2569 2615/445/2568 2605/444/2559
f 2615/445/2568 2616/446/2569 2617/447/2570
f 2618/448/2571 2617/447/2570 2616/446/2569
f 2617/447/2570 2618/448/2571 2619/449/2572
f 2620/450/2573 2619/449/2572 2618/448/2571
f 2619/449/2572 2620/450/2573 2609/438/2563
f 2606/435/2560 2609/438/2563 2620/450/2573
f 2613/442/2567 2612/441/2566 2621/451/2574
f 2613/442/2567 2621/451/2574 2622/452/2575
f 2622/452/2575 2621/451/2574 2623/453/2576
f 2622/452/2575 2623/453/2576 2624/454/2577
f 2624/454/2577 2623/453/2576 2625/455/2578
f 2624/454/2577 2625/455/2578 2626/456/2579
f 2627/457/2580 2626/456/2579 2628/458/2552
f 2627/457/2580 2628/458/2552 2636/459/2581
f 2629/460/2582 2630/461/2583 2631/462/2584
f 2630/461/2583 2629/460/2582 2632/463/2585
f 2632/463/2585 2633/464/2586 2630/461/2583
f 2633/464/2586 2632/463/2585 2634/465/2587
f 2634/465/2587 2635/466/2588 2633/464/2586
f 2635/466/2588 2634/465/2587 2636/467/2581
f 2636/467/2581 2628/427/2552 2635/466/2588
f 2635/466/2588 2628/427/2552 2601/429/2554
f 2637/468/2589 2638/469/2590 2639/470/2591
f 2637/468/2589 2639/470/2591 2640/471/2592
f 2725/472/2593 2638/469/2590 2641/473/2594
f 2638/469/2590 2637/468/2589 2641/473/2594
f 2726/428/2553 2725/472/2593 2602/430/2555
f 2725/472/2593 2641/473/2594 2602/430/2555
f 2631/462/2584 2642/474/2595 2643/475/2596
f 2642/474/2595 2631/462/2584 2630/461/2583
f 2630/461/2583 2644/476/2597 2642/474/2595
f 2644/476/2597 2630/461/2583 2633/464/2586
f 2633/464/2586 2645/477/2598 2644/476/2597
f 2645/477/2598 2633/464/2586 2635/466/2588
f 2635/466/2588 2604/432/2557 2645/477/2598
f 2604/432/2557 2635/466/2588 2601/429/2554
f 2646/478/2599 2637/468/2589 2640/471/2592
f 2646/478/2599 2640/471/2592 2647/479/2600
f 2641/473/2594 2637/468/2589 2648/480/2601
f 2637/468/2589 2646/478/2599 2648/480/2601
f 2602/430/2555 2641/473/2594 2603/431/2556
f 2641/473/2594 2648/480/2601 2603/431/2556
f 2643/475/2596 2649/481/2602 2650/482/2603
f 2649/481/2602 2643/475/2596 2642/474/2595
f 2642/474/2595 2651/483/2604 2649/481/2602
f 2651/483/2604 2642/474/2595 2644/476/2597
f 2644/476/2597 2685/484/2605 2651/483/2604
f 2685/484/2605 2644/476/2597 2645/477/2598
f 2645/477/2598 2604/432/2557 2685/484/2605
f 2614/433/2558 2685/484/2605 2604/432/2557
f 2652/485/2606 2646/478/2599 2647/479/2600
f 2652/485/2606 2647/479/2600 2688/486/2607
f 2648/480/2601 2646/478/2599 2653/487/2608
f 2646/478/2599 2652/485/2606 2653/487/2608
f 2603/431/2556 2648/480/2601 2605/434/2559
f 2648/480/2601 2653/487/2608 2605/434/2559
f 2654/488/2609 2655/489/2610 2656/490/2611
f 2655/489/2610 2654/488/2609 2657/491/2612
f 2658/492/2613 2654/488/2609 2659/493/2614
f 2654/488/2609 2656/490/2611 2659/493/2614
f 2660/494/2615 2658/492/2613 2661/495/2616
f 2658/492/2613 2659/493/2614 2661/495/2616
f 2609/438/2563 2608/437/2562 2660/494/2615
f 2609/438/2563 2660/494/2615 2661/495/2616
f 2662/496/2617 2663/497/2618 2664/498/2619
f 2663/497/2618 2662/496/2617 2665/499/2620
f 2662/496/2617 2666/500/2621 2665/499/2620
f 2666/500/2621 2662/496/2617 2667/501/2622
f 2667/501/2622 2606/435/2560 2666/500/2621
f 2606/435/2560 2667/501/2622 2607/436/2561
f 2654/488/2609 2668/502/2623 2669/503/2624
f 2654/488/2609 2669/503/2624 2657/491/2612
f 2670/504/2625 2668/502/2623 2658/492/2613
f 2668/502/2623 2654/488/2609 2658/492/2613
f 2671/505/2626 2670/504/2625 2660/494/2615
f 2670/504/2625 2658/492/2613 2660/494/2615
f 2608/437/2562 2611/440/2565 2671/505/2626
f 2608/437/2562 2671/505/2626 2660/494/2615
f 2672/506/2627 2662/496/2617 2664/498/2619
f 2662/496/2617 2672/506/2627 2673/507/2628
f 2673/507/2628 2667/501/2622 2662/496/2617
f 2667/501/2622 2673/507/2628 2674/508/2629
f 2674/508/2629 2607/436/2561 2667/501/2622
f 2607/436/2561 2674/508/2629 2610/439/2564
f 2668/502/2623 2675/509/2630 2676/510/2631
f 2668/502/2623 2676/510/2631 2669/503/2624
f 2677/511/2632 2675/509/2630 2670/504/2625
f 2675/509/2630 2668/502/2623 2670/504/2625
f 2678/512/2633 2677/511/2632 2671/505/2626
f 2677/511/2632 2670/504/2625 2671/505/2626
f 2611/440/2565 2613/442/2567 2678/512/2633
f 2611/440/2565 2678/512/2633 2671/505/2626
f 2679/513/2634 2673/507/2628 2672/506/2627
f 2673/507/2628 2679/513/2634 2680/514/2635
f 2680/514/2635 2674/508/2629 2673/507/2628
f 2674/508/2629 2680/514/2635 2681/515/2636
f 2681/515/2636 2610/439/2564 2674/508/2629
f 2610/439/2564 2681/515/2636 2612/441/2566
f 2650/516/2603 2649/517/2602 2682/518/2637
f 2683/519/2638 2682/518/2637 2649/517/2602
f 2649/517/2602 2651/520/2604 2683/519/2638
f 2684/521/2639 2683/519/2638 2651/520/2604
f 2651/520/2604 2685/522/2605 2684/521/2639
f 2686/523/2640 2684/521/2639 2685/522/2605
f 2685/522/2605 2614/443/2558 2686/523/2640
f 2615/445/2568 2686/523/2640 2614/443/2558
f 2687/524/2641 2688/525/2607 2689/526/2642
f 2688/525/2607 2687/524/2641 2652/527/2606
f 2690/528/2643 2652/527/2606 2687/524/2641
f 2652/527/2606 2690/528/2643 2653/529/2608
f 2616/446/2569 2653/529/2608 2690/528/2643
f 2653/529/2608 2616/446/2569 2605/444/2559
f 2682/518/2637 2683/519/2638 2691/530/2644
f 2692/531/2645 2691/530/2644 2683/519/2638
f 2683/519/2638 2684/521/2639 2692/531/2645
f 2693/532/2646 2692/531/2645 2684/521/2639
f 2684/521/2639 2686/523/2640 2693/532/2646
f 2694/533/2647 2693/532/2646 2686/523/2640
f 2686/523/2640 2615/445/2568 2694/533/2647
f 2617/447/2570 2694/533/2647 2615/445/2568
f 2695/534/2648 2689/526/2642 2696/535/2649
f 2689/526/2642 2695/534/2648 2687/524/2641
f 2695/534/2648 2697/536/2650 2690/528/2643
f 2695/534/2648 2690/528/2643 2687/524/2641
f 2618/448/2571 2690/528/2643 2697/536/2650
f 2690/528/2643 2618/448/2571 2616/446/2569
f 2691/530/2644 2692/531/2645 2698/537/2651
f 2699/538/2652 2698/537/2651 2692/531/2645
f 2692/531/2645 2693/532/2646 2699/538/2652
f 2700/539/2653 2699/538/2652 2693/532/2646
f 2693/532/2646 2694/533/2647 2700/539/2653
f 2701/540/2654 2700/539/2653 2694/533/2647
f 2694/533/2647 2617/447/2570 2701/540/2654
f 2619/449/2572 2701/540/2654 2617/447/2570
f 2702/541/2655 2696/535/2649 2703/542/2656
f 2696/535/2649 2702/541/2655 2695/534/2648
f 2702/541/2655 2704/543/2657 2697/536/2650
f 2702/541/2655 2697/536/2650 2695/534/2648
f 2704/543/2657 2618/448/2571 2697/536/2650
f 2618/448/2571 2704/543/2657 2620/450/2573
f 2698/537/2651 2699/538/2652 2655/489/2610
f 2656/490/2611 2655/489/2610 2699/538/2652
f 2699/538/2652 2700/539/2653 2656/490/2611
f 2659/493/2614 2656/490/2611 2700/539/2653
f 2700/539/2653 2701/540/2654 2659/493/2614
f 2661/495/2616 2659/493/2614 2701/540/2654
f 2701/540/2654 2619/449/2572 2661/495/2616
f 2609/438/2563 2661/495/2616 2619/449/2572
f 2665/499/2620 2703/542/2656 2663/497/2618
f 2703/542/2656 2665/499/2620 2702/541/2655
f 2665/499/2620 2666/500/2621 2704/543/2657
f 2665/499/2620 2704/543/2657 2702/541/2655
f 2666/500/2621 2620/450/2573 2704/543/2657
f 2620/450/2573 2666/500/2621 2606/435/2560
f 2676/510/2631 2675/509/2630 2705/544/2658
f 2676/510/2631 2705/544/2658 2706/545/2659
f 2675/509/2630 2707/546/2660 2705/544/2658
f 2675/509/2630 2677/511/2632 2707/546/2660
f 2677/511/2632 2708/547/2661 2707/546/2660
f 2677/511/2632 2678/512/2633 2708/547/2661
f 2678/512/2633 2613/442/2567 2622/452/2575
f 2678/512/2633 2622/452/2575 2708/547/2661
f 2680/514/2635 2679/513/2634 2709/548/2662
f 2680/514/2635 2709/548/2662 2710/549/2663
f 2680/514/2635 2711/550/2664 2681/515/2636
f 2711/550/2664 2680/514/2635 2710/549/2663
f 2681/515/2636 2621/451/2574 2612/441/2566
f 2621/451/2574 2681/515/2636 2711/550/2664
f 2706/545/2659 2705/544/2658 2712/551/2665
f 2706/545/2659 2712/551/2665 2713/552/2666
f 2705/544/2658 2714/553/2667 2712/551/2665
f 2705/544/2658 2707/546/2660 2714/553/2667
f 2707/546/2660 2708/547/2661 2715/554/2668
f 2707/546/2660 2715/554/2668 2714/553/2667
f 2708/547/2661 2622/452/2575 2624/454/2577
f 2708/547/2661 2624/454/2577 2715/554/2668
f 2710/549/2663 2709/548/2662 2716/555/2669
f 2710/549/2663 2716/555/2669 2717/556/2670
f 2710/549/2663 2718/557/2671 2711/550/2664
f 2718/557/2671 2710/549/2663 2717/556/2670
f 2711/550/2664 2623/453/2576 2621/451/2574
f 2623/453/2576 2711/550/2664 2718/557/2671
f 2713/552/2666 2712/551/2665 2719/558/2672
f 2713/552/2666 2719/558/2672 2720/559/2673
f 2712/551/2665 2714/553/2667 2721/560/2674
f 2712/551/2665 2721/560/2674 2719/558/2672
f 2714/553/2667 2715/554/2668 2627/457/2580
f 2714/553/2667 2627/457/2580 2721/560/2674
f 2715/554/2668 2624/454/2577 2626/456/2579
f 2715/554/2668 2626/456/2579 2627/457/2580
f 2717/556/2670 2716/555/2669 2722/561/2675
f 2717/556/2670 2722/561/2675 2723/562/2676
f 2717/556/2670 2724/563/2677 2718/557/2671
f 2724/563/2677 2717/556/2670 2723/562/2676
f 2718/557/2671 2625/455/2578 2623/453/2576
f 2625/455/2578 2718/557/2671 2724/563/2677
f 2723/562/2676 2722/561/2675 2639/564/2591
f 2723/562/2676 2639/564/2591 2638/565/2590
f 2638/565/2590 2724/563/2677 2723/562/2676
f 2724/563/2677 2638/565/2590 2725/566/2593
f 2724/563/2677 2725/566/2593 2625/455/2578
f 2625/455/2578 2725/566/2593 2726/567/2553
f 2626/456/2579 2625/455/2578 2726/567/2553
f 2626/456/2579 2726/567/2553 2628/458/2552
f 2720/559/2673 2719/558/2672 2632/568/2585
f 2720/559/2673 2632/568/2585 2629/569/2582
f 2719/558/2672 2721/560/2674 2634/570/2587
f 2719/558/2672 2634/570/2587 2632/568/2585
f 2721/560/2674 2627/457/2580 2636/459/2581
f 2721/560/2674 2636/459/2581 2634/570/2587
f 1814/571/1806 2727/572/1807 2672/506/2627
f 2727/572/1807 2679/513/2634 2672/506/2627
f 1815/573/1808 2672/506/2627 2664/498/2619
f 2672/506/2627 1815/573/1808 1814/571/1806
f 1815/573/1808 2663/497/2618 2728/574/1809
f 2663/497/2618 1815/573/1808 2664/498/2619
f 2663/497/2618 2729/575/1810 2728/574/1809
f 2729/575/1810 2663/497/2618 2703/542/2656
f 2703/542/2656 2730/576/1811 2729/575/1810
f 2730/576/1811 2703/542/2656 2696/535/2649
f 2696/535/2649 2731/577/1812 2730/576/1811
f 2731/577/1812 2696/535/2649 2689/526/2642
f 2689/526/2642 1816/578/1813 2731/577/1812
f 1816/578/1813 2689/526/2642 2688/525/2607
f 2647/479/2600 1816/579/1813 2688/486/2607
f 1816/579/1813 2647/479/2600 2732/580/1814
f 2640/471/2592 2732/580/1814 2647/479/2600
f 2732/580/1814 2640/471/2592 1817/581/1815
f 2640/471/2592 2639/470/2591 2733/582/1816
f 2640/471/2592 2733/582/1816 1817/581/1815
f 2722/561/2675 1818/583/1817 2733/584/1816
f 2722/561/2675 2733/584/1816 2639/564/2591
f 2716/555/2669 2734/585/1818 1818/583/1817
f 2716/555/2669 1818/583/1817 2722/561/2675
f 2709/548/2662 1819/586/1819 2734/585/1818
f 2709/548/2662 2734/585/1818 2716/555/2669
f 2679/513/2634 2727/572/1807 1819/586/1819
f 2679/513/2634 1819/586/1819 2709/548/2662
f 2655/489/2610 2657/491/2612 2874/587/2678
f 2874/587/2678 2735/588/2679 2655/489/2610
f 2669/503/2624 2874/587/2678 2657/491/2612
f 2874/587/2678 2669/503/2624 2736/589/2680
f 2669/503/2624 2737/590/2681 2736/589/2680
f 2737/590/2681 2669/503/2624 2676/510/2631
f 2737/590/2681 2676/510/2631 2706/545/2659
f 2737/590/2681 2706/545/2659 2738/591/2682
f 2738/591/2682 2706/545/2659 2713/552/2666
f 2738/591/2682 2713/552/2666 2739/593/2683
f 2739/593/2683 2713/552/2666 2720/559/2673
f 2739/593/2683 2720/559/2673 2740/594/2684
f 2740/594/2684 2720/559/2673 2629/569/2582
f 2740/594/2684 2629/569/2582 2742/595/2685
f 2741/596/2686 2742/597/2685 2631/462/2584
f 2742/597/2685 2629/460/2582 2631/462/2584
f 2743/598/2687 2631/462/2584 2643/475/2596
f 2631/462/2584 2743/598/2687 2741/596/2686
f 2743/598/2687 2643/475/2596 2744/599/2688
f 2744/599/2688 2643/475/2596 2650/482/2603
f 2744/603/2688 2650/516/2603 2745/600/2689
f 2682/518/2637 2745/600/2689 2650/516/2603
f 2745/600/2689 2682/518/2637 2746/601/2690
f 2691/530/2644 2746/601/2690 2682/518/2637
f 2746/601/2690 2691/530/2644 2747/602/2691
f 2698/537/2651 2747/602/2691 2691/530/2644
f 2747/602/2691 2698/537/2651 2735/588/2679
f 2655/489/2610 2735/588/2679 2698/537/2651
f 2775/427/2692 2748/429/2693 2873/428/2694
f 2748/429/2693 2749/430/2695 2873/428/2694
f 2748/429/2693 2751/432/2696 2750/431/2697
f 2750/431/2697 2749/430/2695 2748/429/2693
f 2751/432/2696 2761/433/2698 2750/431/2697
f 2761/433/2698 2752/434/2699 2750/431/2697
f 2753/435/2700 2755/437/2701 2754/436/2702
f 2753/435/2700 2756/438/2703 2755/437/2701
f 2754/436/2702 2758/440/2704 2757/439/2705
f 2754/436/2702 2755/437/2701 2758/440/2704
f 2757/439/2705 2760/442/2706 2759/441/2707
f 2757/439/2705 2758/440/2704 2760/442/2706
f 2761/443/2698 2762/445/2708 2752/444/2699
f 2763/446/2709 2752/444/2699 2762/445/2708
f 2762/445/2708 2764/447/2710 2763/446/2709
f 2765/448/2711 2763/446/2709 2764/447/2710
f 2764/447/2710 2766/449/2712 2765/448/2711
f 2767/450/2713 2765/448/2711 2766/449/2712
f 2766/449/2712 2756/438/2703 2767/450/2713
f 2753/435/2700 2767/450/2713 2756/438/2703
f 2760/442/2706 2768/451/2714 2759/441/2707
f 2760/442/2706 2769/452/2715 2768/451/2714
f 2769/452/2715 2770/453/2716 2768/451/2714
f 2769/452/2715 2771/454/2717 2770/453/2716
f 2771/454/2717 2772/455/2718 2770/453/2716
f 2771/454/2717 2773/456/2719 2772/455/2718
f 2774/457/2720 2775/458/2692 2773/456/2719
f 2774/457/2720 2783/459/2721 2775/458/2692
f 2776/460/2722 2778/462/2723 2777/461/2724
f 2777/461/2724 2779/463/2725 2776/460/2722
f 2779/463/2725 2777/461/2724 2780/464/2726
f 2780/464/2726 2781/465/2727 2779/463/2725
f 2781/465/2727 2780/464/2726 2782/466/2728
f 2782/466/2728 2783/467/2721 2781/465/2727
f 2783/467/2721 2782/466/2728 2775/427/2692
f 2782/466/2728 2748/429/2693 2775/427/2692
f 2784/468/2729 2786/470/2730 2785/469/2731
f 2784/468/2729 2787/471/2732 2786/470/2730
f 2872/472/2733 2788/473/2734 2785/469/2731
f 2785/469/2731 2788/473/2734 2784/468/2729
f 2873/428/2694 2749/430/2695 2872/472/2733
f 2872/472/2733 2749/430/2695 2788/473/2734
f 2778/462/2723 2790/475/2735 2789/474/2736
f 2789/474/2736 2777/461/2724 2778/462/2723
f 2777/461/2724 2789/474/2736 2791/476/2737
f 2791/476/2737 2780/464/2726 2777/461/2724
f 2780/464/2726 2791/476/2737 2792/477/2738
f 2792/477/2738 2782/466/2728 2780/464/2726
f 2782/466/2728 2792/477/2738 2751/432/2696
f 2751/432/2696 2748/429/2693 2782/466/2728
f 2793/478/2739 2787/471/2732 2784/468/2729
f 2793/478/2739 2794/479/2740 2787/471/2732
f 2788/473/2734 2795/480/2741 2784/468/2729
f 2784/468/2729 2795/480/2741 2793/478/2739
f 2749/430/2695 2750/431/2697 2788/473/2734
f 2788/473/2734 2750/431/2697 2795/480/2741
f 2790/475/2735 2797/482/2742 2796/481/2743
f 2796/481/2743 2789/474/2736 2790/475/2735
f 2789/474/2736 2796/481/2743 2798/483/2744
f 2798/483/2744 2791/476/2737 2789/474/2736
f 2791/476/2737 2798/483/2744 2832/484/2745
f 2832/484/2745 2792/477/2738 2791/476/2737
f 2792/477/2738 2832/484/2745 2751/432/2696
f 2761/433/2698 2751/432/2696 2832/484/2745
f 2799/485/2746 2794/479/2740 2793/478/2739
f 2799/485/2746 2835/486/2747 2794/479/2740
f 2795/480/2741 2800/487/2748 2793/478/2739
f 2793/478/2739 2800/487/2748 2799/485/2746
f 2750/431/2697 2752/434/2699 2795/480/2741
f 2795/480/2741 2752/434/2699 2800/487/2748
f 2801/488/2749 2803/490/2750 2802/489/2751
f 2802/489/2751 2804/491/2752 2801/488/2749
f 2805/492/2753 2806/493/2754 2801/488/2749
f 2801/488/2749 2806/493/2754 2803/490/2750
f 2807/494/2755 2808/495/2756 2805/492/2753
f 2805/492/2753 2808/495/2756 2806/493/2754
f 2756/438/2703 2807/494/2755 2755/437/2701
f 2756/438/2703 2808/495/2756 2807/494/2755
f 2809/496/2757 2811/498/2758 2810/497/2759
f 2810/497/2759 2812/499/2760 2809/496/2757
f 2809/496/2757 2812/499/2760 2813/500/2761
f 2813/500/2761 2814/501/2762 2809/496/2757
f 2814/501/2762 2813/500/2761 2753/435/2700
f 2753/435/2700 2754/436/2702 2814/501/2762
f 2801/488/2749 2816/503/2763 2815/502/2764
f 2801/488/2749 2804/491/2752 2816/503/2763
f 2817/504/2765 2805/492/2753 2815/502/2764
f 2815/502/2764 2805/492/2753 2801/488/2749
f 2818/505/2766 2807/494/2755 2817/504/2765
f 2817/504/2765 2807/494/2755 2805/492/2753
f 2755/437/2701 2818/505/2766 2758/440/2704
f 2755/437/2701 2807/494/2755 2818/505/2766
f 2819/506/2767 2811/498/2758 2809/496/2757
f 2809/496/2757 2820/507/2768 2819/506/2767
f 2820/507/2768 2809/496/2757 2814/501/2762
f 2814/501/2762 2821/508/2769 2820/507/2768
f 2821/508/2769 2814/501/2762 2754/436/2702
f 2754/436/2702 2757/439/2705 2821/508/2769
f 2815/502/2764 2823/510/2770 2822/509/2771
f 2815/502/2764 2816/503/2763 2823/510/2770
f 2824/511/2772 2817/504/2765 2822/509/2771
f 2822/509/2771 2817/504/2765 2815/502/2764
f 2825/512/2773 2818/505/2766 2824/511/2772
f 2824/511/2772 2818/505/2766 2817/504/2765
f 2758/440/2704 2825/512/2773 2760/442/2706
f 2758/440/2704 2818/505/2766 2825/512/2773
f 2826/513/2774 2819/506/2767 2820/507/2768
f 2820/507/2768 2827/514/2775 2826/513/2774
f 2827/514/2775 2820/507/2768 2821/508/2769
f 2821/508/2769 2828/515/2776 2827/514/2775
f 2828/515/2776 2821/508/2769 2757/439/2705
f 2757/439/2705 2759/441/2707 2828/515/2776
f 2797/516/2742 2829/518/2777 2796/517/2743
f 2830/519/2778 2796/517/2743 2829/518/2777
f 2796/517/2743 2830/519/2778 2798/520/2744
f 2831/521/2779 2798/520/2744 2830/519/2778
f 2798/520/2744 2831/521/2779 2832/522/2745
f 2833/523/2780 2832/522/2745 2831/521/2779
f 2832/522/2745 2833/523/2780 2761/443/2698
f 2762/445/2708 2761/443/2698 2833/523/2780
f 2834/524/2781 2836/526/2782 2835/525/2747
f 2835/525/2747 2799/527/2746 2834/524/2781
f 2837/528/2783 2834/524/2781 2799/527/2746
f 2799/527/2746 2800/529/2748 2837/528/2783
f 2763/446/2709 2837/528/2783 2800/529/2748
f 2800/529/2748 2752/444/2699 2763/446/2709
f 2829/518/2777 2838/530/2784 2830/519/2778
f 2839/531/2785 2830/519/2778 2838/530/2784
f 2830/519/2778 2839/531/2785 2831/521/2779
f 2840/532/2786 2831/521/2779 2839/531/2785
f 2831/521/2779 2840/532/2786 2833/523/2780
f 2841/533/2787 2833/523/2780 2840/532/2786
f 2833/523/2780 2841/533/2787 2762/445/2708
f 2764/447/2710 2762/445/2708 2841/533/2787
f 2842/534/2788 2843/535/2789 2836/526/2782
f 2836/526/2782 2834/524/2781 2842/534/2788
f 2842/534/2788 2837/528/2783 2844/536/2790
f 2842/534/2788 2834/524/2781 2837/528/2783
f 2765/448/2711 2844/536/2790 2837/528/2783
f 2837/528/2783 2763/446/2709 2765/448/2711
f 2838/530/2784 2845/537/2791 2839/531/2785
f 2846/538/2792 2839/531/2785 2845/537/2791
f 2839/531/2785 2846/538/2792 2840/532/2786
f 2847/539/2793 2840/532/2786 2846/538/2792
f 2840/532/2786 2847/539/2793 2841/533/2787
f 2848/540/2794 2841/533/2787 2847/539/2793
f 2841/533/2787 2848/540/2794 2764/447/2710
f 2766/449/2712 2764/447/2710 2848/540/2794
f 2849/541/2795 2850/542/2796 2843/535/2789
f 2843/535/2789 2842/534/2788 2849/541/2795
f 2849/541/2795 2844/536/2790 2851/543/2797
f 2849/541/2795 2842/534/2788 2844/536/2790
f 2851/543/2797 2844/536/2790 2765/448/2711
f 2765/448/2711 2767/450/2713 2851/543/2797
f 2845/537/2791 2802/489/2751 2846/538/2792
f 2803/490/2750 2846/538/2792 2802/489/2751
f 2846/538/2792 2803/490/2750 2847/539/2793
f 2806/493/2754 2847/539/2793 2803/490/2750
f 2847/539/2793 2806/493/2754 2848/540/2794
f 2808/495/2756 2848/540/2794 2806/493/2754
f 2848/540/2794 2808/495/2756 2766/449/2712
f 2756/438/2703 2766/449/2712 2808/495/2756
f 2812/499/2760 2810/497/2759 2850/542/2796
f 2850/542/2796 2849/541/2795 2812/499/2760
f 2812/499/2760 2851/543/2797 2813/500/2761
f 2812/499/2760 2849/541/2795 2851/543/2797
f 2813/500/2761 2851/543/2797 2767/450/2713
f 2767/450/2713 2753/435/2700 2813/500/2761
f 2823/510/2770 2852/544/2798 2822/509/2771
f 2823/510/2770 2853/545/2799 2852/544/2798
f 2822/509/2771 2852/544/2798 2854/546/2800
f 2822/509/2771 2854/546/2800 2824/511/2772
f 2824/511/2772 2854/546/2800 2855/547/2801
f 2824/511/2772 2855/547/2801 2825/512/2773
f 2825/512/2773 2769/452/2715 2760/442/2706
f 2825/512/2773 2855/547/2801 2769/452/2715
f 2827/514/2775 2856/548/2802 2826/513/2774
f 2827/514/2775 2857/549/2803 2856/548/2802
f 2827/514/2775 2828/515/2776 2858/550/2804
f 2858/550/2804 2857/549/2803 2827/514/2775
f 2828/515/2776 2759/441/2707 2768/451/2714
f 2768/451/2714 2858/550/2804 2828/515/2776
f 2853/545/2799 2859/551/2805 2852/544/2798
f 2853/545/2799 2860/552/2806 2859/551/2805
f 2852/544/2798 2859/551/2805 2861/553/2807
f 2852/544/2798 2861/553/2807 2854/546/2800
f 2854/546/2800 2862/554/2808 2855/547/2801
f 2854/546/2800 2861/553/2807 2862/554/2808
f 2855/547/2801 2771/454/2717 2769/452/2715
f 2855/547/2801 2862/554/2808 2771/454/2717
f 2857/549/2803 2863/555/2809 2856/548/2802
f 2857/549/2803 2864/556/2810 2863/555/2809
f 2857/549/2803 2858/550/2804 2865/557/2811
f 2865/557/2811 2864/556/2810 2857/549/2803
f 2858/550/2804 2768/451/2714 2770/453/2716
f 2770/453/2716 2865/557/2811 2858/550/2804
f 2860/552/2806 2866/558/2812 2859/551/2805
f 2860/552/2806 2867/559/2813 2866/558/2812
f 2859/551/2805 2868/560/2814 2861/553/2807
f 2859/551/2805 2866/558/2812 2868/560/2814
f 2861/553/2807 2774/457/2720 2862/554/2808
f 2861/553/2807 2868/560/2814 2774/457/2720
f 2862/554/2808 2773/456/2719 2771/454/2717
f 2862/554/2808 2774/457/2720 2773/456/2719
f 2864/556/2810 2869/561/2815 2863/555/2809
f 2864/556/2810 2870/562/2816 2869/561/2815
f 2864/556/2810 2865/557/2811 2871/563/2817
f 2871/563/2817 2870/562/2816 2864/556/2810
f 2865/557/2811 2770/453/2716 2772/455/2718
f 2772/455/2718 2871/563/2817 2865/557/2811
f 2870/562/2816 2786/564/2730 2869/561/2815
f 2870/562/2816 2785/565/2731 2786/564/2730
f 2785/565/2731 2870/562/2816 2871/563/2817
f 2871/563/2817 2872/566/2733 2785/565/2731
f 2871/563/2817 2772/455/2718 2872/566/2733
f 2772/455/2718 2873/567/2694 2872/566/2733
f 2773/456/2719 2873/567/2694 2772/455/2718
f 2773/456/2719 2775/458/2692 2873/567/2694
f 2867/559/2813 2779/568/2725 2866/558/2812
f 2867/559/2813 2776/569/2722 2779/568/2725
f 2866/558/2812 2781/570/2727 2868/560/2814
f 2866/558/2812 2779/568/2725 2781/570/2727
f 2868/560/2814 2783/459/2721 2774/457/2720
f 2868/560/2814 2781/570/2727 2783/459/2721
f 2874/571/2678 2819/506/2767 2735/572/2679
f 2735/572/2679 2819/506/2767 2826/513/2774
f 2736/573/2680 2811/498/2758 2819/506/2767
f 2819/506/2767 2874/571/2678 2736/573/2680
f 2736/573/2680 2737/574/2681 2810/497/2759
f 2810/497/2759 2811/498/2758 2736/573/2680
f 2810/497/2759 2737/574/2681 2738/575/2682
f 2738/575/2682 2850/542/2796 2810/497/2759
f 2850/542/2796 2738/575/2682 2739/576/2683
f 2739/576/2683 2843/535/2789 2850/542/2796
f 2843/535/2789 2739/576/2683 2740/577/2684
f 2740/577/2684 2836/526/2782 2843/535/2789
f 2836/526/2782 2740/577/2684 2742/578/2685
f 2742/578/2685 2835/525/2747 2836/526/2782
f 2794/479/2740 2835/486/2747 2742/579/2685
f 2742/579/2685 2741/580/2686 2794/479/2740
f 2787/471/2732 2794/479/2740 2741/580/2686
f 2741/580/2686 2743/581/2687 2787/471/2732
f 2787/471/2732 2744/582/2688 2786/470/2730
f 2787/471/2732 2743/581/2687 2744/582/2688
f 2869/561/2815 2744/584/2688 2745/583/2689
f 2869/561/2815 2786/564/2730 2744/584/2688
f 2863/555/2809 2745/583/2689 2746/585/2690
f 2863/555/2809 2869/561/2815 2745/583/2689
f 2856/548/2802 2746/585/2690 2747/586/2691
f 2856/548/2802 2863/555/2809 2746/585/2690
f 2826/513/2774 2747/586/2691 2735/572/2679
f 2826/513/2774 2856/548/2802 2747/586/2691
f 2802/489/2751 1576/587/1570 2804/491/2752
f 1576/587/1570 2802/489/2751 1577/588/1571
f 2816/503/2763 2804/491/2752 1576/587/1570
f 1576/587/1570 1574/589/1569 2816/503/2763
f 2816/503/2763 1574/589/1569 1575/590/1568
f 1575/590/1568 2823/510/2770 2816/503/2763
f 1575/590/1568 2853/545/2799 2823/510/2770
f 1575/590/1568 1586/591/1581 2853/545/2799
f 1586/591/1581 2860/552/2806 2853/545/2799
f 1586/591/1581 2875/593/1580 2860/552/2806
f 2875/593/1580 2867/559/2813 2860/552/2806
f 2875/593/1580 1585/594/1579 2867/559/2813
f 1585/594/1579 2776/569/2722 2867/559/2813
f 1585/594/1579 1584/595/1578 2776/569/2722
f 1583/596/1577 2778/462/2723 1584/597/1578
f 1584/597/1578 2778/462/2723 2776/460/2722
f 1582/598/1576 2790/475/2735 2778/462/2723
f 2778/462/2723 1583/596/1577 1582/598/1576
f 1582/598/1576 1581/599/1575 2790/475/2735
f 1581/599/1575 2797/482/2742 2790/475/2735
f 1581/603/1575 1580/600/1574 2797/516/2742
f 2829/518/2777 2797/516/2742 1580/600/1574
f 1580/600/1574 1579/601/1573 2829/518/2777
f 2838/530/2784 2829/518/2777 1579/601/1573
f 1579/601/1573 1578/602/1572 2838/530/2784
f 2845/537/2791 2838/530/2784 1578/602/1572
f 1578/602/1572 1577/588/1571 2845/537/2791
f 2802/489/2751 2845/537/2791 1577/588/1571
f 2903/427/2818 2999/428/2819 2876/429/2820
f 2876/429/2820 2999/428/2819 2877/430/2821
f 2876/429/2820 2878/431/2822 2879/432/2823
f 2878/431/2822 2876/429/2820 2877/430/2821
f 2879/432/2823 2878/431/2822 2880/433/2824
f 2880/433/2824 2878/431/2822 2881/434/2825
f 2882/435/2826 2883/436/2827 2884/437/2828
f 2882/435/2826 2884/437/2828 2885/438/2829
f 2883/436/2827 2886/439/2830 2887/440/2831
f 2883/436/2827 2887/440/2831 2884/437/2828
f 2886/439/2830 2888/441/2832 2889/442/2833
f 2886/439/2830 2889/442/2833 2887/440/2831
f 2880/443/2824 2881/444/2825 2890/445/2834
f 2891/446/2835 2890/445/2834 2881/444/2825
f 2890/445/2834 2891/446/2835 2892/447/2836
f 2893/448/2837 2892/447/2836 2891/446/2835
f 2892/447/2836 2893/448/2837 2894/449/2838
f 2895/450/2839 2894/449/2838 2893/448/2837
f 2894/449/2838 2895/450/2839 2885/438/2829
f 2882/435/2826 2885/438/2829 2895/450/2839
f 2889/442/2833 2888/441/2832 2896/451/2840
f 2889/442/2833 2896/451/2840 2897/452/2841
f 2897/452/2841 2896/451/2840 2898/453/2842
f 2897/452/2841 2898/453/2842 2899/454/2843
f 2899/454/2843 2898/453/2842 2900/455/2844
f 2899/454/2843 2900/455/2844 2901/456/2845
f 2902/457/2846 2901/456/2845 2903/458/2818
f 2902/457/2846 2903/458/2818 2904/459/2847
f 2905/460/2848 2906/461/2849 2907/462/2850
f 2906/461/2849 2905/460/2848 3000/463/2851
f 3000/463/2851 2908/464/2852 2906/461/2849
f 2908/464/2852 3000/463/2851 2909/465/2853
f 2909/465/2853 2910/466/2854 2908/464/2852
f 2910/466/2854 2909/465/2853 2904/467/2847
f 2904/467/2847 2903/427/2818 2910/466/2854
f 2910/466/2854 2903/427/2818 2876/429/2820
f 2911/468/2855 2912/469/2856 2913/470/2857
f 2911/468/2855 2913/470/2857 2914/471/2858
f 2915/472/2859 2912/469/2856 2916/473/2860
f 2912/469/2856 2911/468/2855 2916/473/2860
f 2999/428/2819 2915/472/2859 2877/430/2821
f 2915/472/2859 2916/473/2860 2877/430/2821
f 2907/462/2850 2917/474/2861 2918/475/2862
f 2917/474/2861 2907/462/2850 2906/461/2849
f 2906/461/2849 2919/476/2863 2917/474/2861
f 2919/476/2863 2906/461/2849 2908/464/2852
f 2908/464/2852 2920/477/2864 2919/476/2863
f 2920/477/2864 2908/464/2852 2910/466/2854
f 2910/466/2854 2879/432/2823 2920/477/2864
f 2879/432/2823 2910/466/2854 2876/429/2820
f 2921/478/2865 2911/468/2855 2914/471/2858
f 2921/478/2865 2914/471/2858 2922/479/2866
f 2916/473/2860 2911/468/2855 2923/480/2867
f 2911/468/2855 2921/478/2865 2923/480/2867
f 2877/430/2821 2916/473/2860 2878/431/2822
f 2916/473/2860 2923/480/2867 2878/431/2822
f 2918/475/2862 2955/481/2868 2924/482/2869
f 2955/481/2868 2918/475/2862 2917/474/2861
f 2917/474/2861 2925/483/2870 2955/481/2868
f 2925/483/2870 2917/474/2861 2919/476/2863
f 2919/476/2863 2959/484/2871 2925/483/2870
f 2959/484/2871 2919/476/2863 2920/477/2864
f 2920/477/2864 2879/432/2823 2959/484/2871
f 2880/433/2824 2959/484/2871 2879/432/2823
f 2964/485/2872 2921/478/2865 2922/479/2866
f 2964/485/2872 2922/479/2866 2962/486/2873
f 2923/480/2867 2921/478/2865 2926/487/2874
f 2921/478/2865 2964/485/2872 2926/487/2874
f 2878/431/2822 2923/480/2867 2881/434/2825
f 2923/480/2867 2926/487/2874 2881/434/2825
f 2927/488/2875 2928/489/2876 2929/490/2877
f 2928/489/2876 2927/488/2875 2930/491/2878
f 2931/492/2879 2927/488/2875 2932/493/2880
f 2927/488/2875 2929/490/2877 2932/493/2880
f 2933/494/2881 2931/492/2879 2934/495/2882
f 2931/492/2879 2932/493/2880 2934/495/2882
f 2885/438/2829 2884/437/2828 2933/494/2881
f 2885/438/2829 2933/494/2881 2934/495/2882
f 2935/496/2883 2936/497/2884 2937/498/2885
f 2936/497/2884 2935/496/2883 2938/499/2886
f 2935/496/2883 2939/500/2887 2938/499/2886
f 2939/500/2887 2935/496/2883 2940/501/2888
f 2940/501/2888 2882/435/2826 2939/500/2887
f 2882/435/2826 2940/501/2888 2883/436/2827
f 2927/488/2875 2941/502/2889 2942/503/2890
f 2927/488/2875 2942/503/2890 2930/491/2878
f 2943/504/2891 2941/502/2889 2931/492/2879
f 2941/502/2889 2927/488/2875 2931/492/2879
f 2944/505/2892 2943/504/2891 2933/494/2881
f 2943/504/2891 2931/492/2879 2933/494/2881
f 2884/437/2828 2887/440/2831 2944/505/2892
f 2884/437/2828 2944/505/2892 2933/494/2881
f 2945/506/2893 2935/496/2883 2937/498/2885
f 2935/496/2883 2945/506/2893 2946/507/2894
f 2946/507/2894 2940/501/2888 2935/496/2883
f 2940/501/2888 2946/507/2894 2947/508/2895
f 2947/508/2895 2883/436/2827 2940/501/2888
f 2883/436/2827 2947/508/2895 2886/439/2830
f 2941/502/2889 2948/509/2896 2949/510/2897
f 2941/502/2889 2949/510/2897 2942/503/2890
f 2950/511/2898 2948/509/2896 2943/504/2891
f 2948/509/2896 2941/502/2889 2943/504/2891
f 2951/512/2899 2950/511/2898 2944/505/2892
f 2950/511/2898 2943/504/2891 2944/505/2892
f 2887/440/2831 2889/442/2833 2951/512/2899
f 2887/440/2831 2951/512/2899 2944/505/2892
f 2952/513/2900 2946/507/2894 2945/506/2893
f 2946/507/2894 2952/513/2900 2953/514/2901
f 2953/514/2901 2947/508/2895 2946/507/2894
f 2947/508/2895 2953/514/2901 2954/515/2902
f 2954/515/2902 2886/439/2830 2947/508/2895
f 2886/439/2830 2954/515/2902 2888/441/2832
f 2924/516/2869 2955/517/2868 2956/518/2903
f 2957/519/2904 2956/518/2903 2955/517/2868
f 2955/517/2868 2925/520/2870 2957/519/2904
f 2958/521/2905 2957/519/2904 2925/520/2870
f 2925/520/2870 2959/522/2871 2958/521/2905
f 2960/523/2906 2958/521/2905 2959/522/2871
f 2959/522/2871 2880/443/2824 2960/523/2906
f 2890/445/2834 2960/523/2906 2880/443/2824
f 2961/524/2907 2962/525/2873 2963/526/2908
f 2962/525/2873 2961/524/2907 2964/527/2872
f 2965/528/2909 2964/527/2872 2961/524/2907
f 2964/527/2872 2965/528/2909 2926/529/2874
f 2891/446/2835 2926/529/2874 2965/528/2909
f 2926/529/2874 2891/446/2835 2881/444/2825
f 2956/518/2903 2957/519/2904 2972/530/2910
f 2966/531/2911 2972/530/2910 2957/519/2904
f 2957/519/2904 2958/521/2905 2966/531/2911
f 2967/532/2912 2966/531/2911 2958/521/2905
f 2958/521/2905 2960/523/2906 2967/532/2912
f 2968/533/2913 2967/532/2912 2960/523/2906
f 2960/523/2906 2890/445/2834 2968/533/2913
f 2892/447/2836 2968/533/2913 2890/445/2834
f 2969/534/2914 2963/526/2908 2970/535/2915
f 2963/526/2908 2969/534/2914 2961/524/2907
f 2969/534/2914 2971/536/2916 2965/528/2909
f 2969/534/2914 2965/528/2909 2961/524/2907
f 2893/448/2837 2965/528/2909 2971/536/2916
f 2965/528/2909 2893/448/2837 2891/446/2835
f 2973/538/2917 2972/537/2910 2966/531/2911
f 2966/531/2911 2967/532/2912 2973/538/2917
f 2974/539/2918 2973/538/2917 2967/532/2912
f 2967/532/2912 2968/533/2913 2974/539/2918
f 2975/540/2919 2974/539/2918 2968/533/2913
f 2968/533/2913 2892/447/2836 2975/540/2919
f 2894/449/2838 2975/540/2919 2892/447/2836
f 2976/541/2920 2970/535/2915 2977/542/2921
f 2970/535/2915 2976/541/2920 2969/534/2914
f 2976/541/2920 2978/543/2922 2971/536/2916
f 2976/541/2920 2971/536/2916 2969/534/2914
f 2978/543/2922 2893/448/2837 2971/536/2916
f 2893/448/2837 2978/543/2922 2895/450/2839
f 2972/537/2910 2973/538/2917 2928/489/2876
f 2929/490/2877 2928/489/2876 2973/538/2917
f 2973/538/2917 2974/539/2918 2929/490/2877
f 2932/493/2880 2929/490/2877 2974/539/2918
f 2974/539/2918 2975/540/2919 2932/493/2880
f 2934/495/2882 2932/493/2880 2975/540/2919
f 2975/540/2919 2894/449/2838 2934/495/2882
f 2885/438/2829 2934/495/2882 2894/449/2838
f 2938/499/2886 2977/542/2921 2936/497/2884
f 2977/542/2921 2938/499/2886 2976/541/2920
f 2938/499/2886 2939/500/2887 2978/543/2922
f 2938/499/2886 2978/543/2922 2976/541/2920
f 2939/500/2887 2895/450/2839 2978/543/2922
f 2895/450/2839 2939/500/2887 2882/435/2826
f 2949/510/2897 2948/509/2896 2979/544/2923
f 2949/510/2897 2979/544/2923 2980/545/2924
f 2948/509/2896 2981/546/2925 2979/544/2923
f 2948/509/2896 2950/511/2898 2981/546/2925
f 2950/511/2898 2982/547/2926 2981/546/2925
f 2950/511/2898 2951/512/2899 2982/547/2926
f 2951/512/2899 2889/442/2833 2897/452/2841
f 2951/512/2899 2897/452/2841 2982/547/2926
f 2953/514/2901 2952/513/2900 2983/548/2927
f 2953/514/2901 2983/548/2927 2984/549/2928
f 2953/514/2901 2985/550/2929 2954/515/2902
f 2985/550/2929 2953/514/2901 2984/549/2928
f 2954/515/2902 2896/451/2840 2888/441/2832
f 2896/451/2840 2954/515/2902 2985/550/2929
f 2980/545/2924 2979/544/2923 2986/551/2930
f 2980/545/2924 2986/551/2930 2987/552/2931
f 2979/544/2923 2988/553/2932 2986/551/2930
f 2979/544/2923 2981/546/2925 2988/553/2932
f 2981/546/2925 2982/547/2926 2989/554/2933
f 2981/546/2925 2989/554/2933 2988/553/2932
f 2982/547/2926 2897/452/2841 2899/454/2843
f 2982/547/2926 2899/454/2843 2989/554/2933
f 2984/549/2928 2983/548/2927 2990/555/2934
f 2984/549/2928 2990/555/2934 2991/556/2935
f 2984/549/2928 2992/557/2936 2985/550/2929
f 2992/557/2936 2984/549/2928 2991/556/2935
f 2985/550/2929 2898/453/2842 2896/451/2840
f 2898/453/2842 2985/550/2929 2992/557/2936
f 2987/552/2931 2986/551/2930 2993/558/2937
f 2987/552/2931 2993/558/2937 2994/559/2938
f 2986/551/2930 2988/553/2932 2995/560/2939
f 2986/551/2930 2995/560/2939 2993/558/2937
f 2988/553/2932 2989/554/2933 2902/457/2846
f 2988/553/2932 2902/457/2846 2995/560/2939
f 2989/554/2933 2899/454/2843 2901/456/2845
f 2989/554/2933 2901/456/2845 2902/457/2846
f 2991/556/2935 2990/555/2934 2996/561/2940
f 2991/556/2935 2996/561/2940 2997/562/2941
f 2991/556/2935 2998/563/2942 2992/557/2936
f 2998/563/2942 2991/556/2935 2997/562/2941
f 2992/557/2936 2900/455/2844 2898/453/2842
f 2900/455/2844 2992/557/2936 2998/563/2942
f 2997/562/2941 2996/561/2940 2913/564/2857
f 2997/562/2941 2913/564/2857 2912/565/2856
f 2912/565/2856 2998/563/2942 2997/562/2941
f 2998/563/2942 2912/565/2856 2915/566/2859
f 2998/563/2942 2915/566/2859 2900/455/2844
f 2900/455/2844 2915/566/2859 2999/567/2819
f 2901/456/2845 2900/455/2844 2999/567/2819
f 2901/456/2845 2999/567/2819 2903/458/2818
f 2994/559/2938 2993/558/2937 3000/568/2851
f 2994/559/2938 3000/568/2851 2905/569/2848
f 2993/558/2937 2995/560/2939 2909/570/2853
f 2993/558/2937 2909/570/2853 3000/568/2851
f 2995/560/2939 2902/457/2846 2904/459/2847
f 2995/560/2939 2904/459/2847 2909/570/2853
f 1265/571/1262 1266/572/1263 2945/506/2893
f 1266/572/1263 2952/513/2900 2945/506/2893
f 1264/573/1261 2945/506/2893 2937/498/2885
f 2945/506/2893 1264/573/1261 1265/571/1262
f 1264/573/1261 2936/497/2884 3001/574/1260
f 2936/497/2884 1264/573/1261 2937/498/2885
f 2936/497/2884 3002/575/1273 3001/574/1260
f 3002/575/1273 2936/497/2884 2977/542/2921
f 2977/542/2921 3003/576/1272 3002/575/1273
f 3003/576/1272 2977/542/2921 2970/535/2915
f 2970/535/2915 1273/577/1271 3003/576/1272
f 1273/577/1271 2970/535/2915 2963/526/2908
f 2963/526/2908 1272/578/1270 1273/577/1271
f 1272/578/1270 2963/526/2908 2962/525/2873
f 2922/479/2866 1272/579/1270 2962/486/2873
f 1272/579/1270 2922/479/2866 1271/580/1269
f 2914/471/2858 1271/580/1269 2922/479/2866
f 1271/580/1269 2914/471/2858 3004/581/1268
f 2914/471/2858 2913/470/2857 1270/582/1267
f 2914/471/2858 1270/582/1267 3004/581/1268
f 2996/561/2940 1269/583/1266 1270/584/1267
f 2996/561/2940 1270/584/1267 2913/564/2857
f 2990/555/2934 1268/585/1265 1269/583/1266
f 2990/555/2934 1269/583/1266 2996/561/2940
f 2983/548/2927 1267/586/1264 1268/585/1265
f 2983/548/2927 1268/585/1265 2990/555/2934
f 2952/513/2900 1266/572/1263 1267/586/1264
f 2952/513/2900 1267/586/1264 2983/548/2927
f 2928/489/2876 2930/491/2878 3005/587/520
f 3005/587/520 587/588/521 2928/489/2876
f 2942/503/2890 3005/587/520 2930/491/2878
f 3005/587/520 2942/503/2890 3006/589/519
f 2942/503/2890 3007/590/518 3006/589/519
f 3007/590/518 2942/503/2890 2949/510/2897
f 3007/590/518 2949/510/2897 2980/545/2924
f 3007/590/518 2980/545/2924 3008/591/531
f 3008/591/531 2980/545/2924 2987/552/2931
f 3008/591/531 2987/552/2931 3009/593/530
f 3009/593/530 2987/552/2931 2994/559/2938
f 3009/593/530 2994/559/2938 590/594/529
f 590/594/529 2994/559/2938 2905/569/2848
f 590/594/529 2905/569/2848 3011/595/528
f 3010/596/527 3011/597/528 2907/462/2850
f 3011/597/528 2905/460/2848 2907/462/2850
f 3012/598/526 2907/462/2850 2918/475/2862
f 2907/462/2850 3012/598/526 3010/596/527
f 3012/598/526 2918/475/2862 589/599/525
f 589/599/525 2918/475/2862 2924/482/2869
f 589/603/525 2924/516/2869 3013/600/524
f 2956/518/2903 3013/600/524 2924/516/2869
f 3013/600/524 2956/518/2903 588/601/523
f 2972/530/2910 588/601/523 2956/518/2903
f 588/601/523 2972/530/2910 3014/602/522
f 3014/602/522 2972/537/2910 587/588/521
f 2928/489/2876 587/588/521 2972/537/2910
f 3042/604/2943 3016/605/2944 3015/606/2945
f 3015/606/2945 3041/607/2946 3042/604/2943
f 3016/605/2944 3017/608/2947 3015/606/2945
f 3017/608/2947 3018/609/2948 3015/606/2945
f 3022/610/2949 3018/609/2948 3017/608/2947
f 3022/610/2949 3019/611/2950 3018/609/2948
f 3020/612/2951 3019/613/2950 3021/614/2952
f 3021/614/2952 3019/613/2950 3022/615/2949
f 3023/616/2953 3020/612/2951 3024/617/2954
f 3024/617/2954 3020/612/2951 3021/614/2952
f 3025/618/2955 3023/616/2953 3026/619/2956
f 3026/619/2956 3023/616/2953 3024/617/2954
f 3027/620/2957 3025/618/2955 3028/621/2958
f 3028/621/2958 3025/618/2955 3026/619/2956
f 3027/620/2957 3030/622/2959 3029/623/2960
f 3027/620/2957 3028/621/2958 3030/622/2959
f 3029/623/2960 3032/624/2961 3031/625/2962
f 3029/623/2960 3030/622/2959 3032/624/2961
f 3031/625/2962 3034/626/2963 3033/627/2964
f 3031/625/2962 3032/624/2961 3034/626/2963
f 3033/627/2964 3036/628/2965 3035/629/2966
f 3033/627/2964 3034/626/2963 3036/628/2965
f 3035/629/2966 3036/628/2965 3037/630/2967
f 3037/630/2967 3038/631/2968 3035/629/2966
f 3038/631/2968 3037/630/2967 3039/632/2969
f 3039/632/2969 3040/633/2970 3038/631/2968
f 3039/632/2969 3042/634/2943 3041/635/2946
f 3041/635/2946 3040/633/2970 3039/632/2969
f 3043/636/2971 3045/637/2972 3044/638/2973
f 3044/638/2973 3153/639/2974 3043/636/2971
f 3153/639/2974 3044/638/2973 3046/640/2975
f 3046/640/2975 3047/641/2976 3153/639/2974
f 3047/641/2976 3046/640/2975 3048/642/2977
f 3048/642/2977 3154/643/2978 3047/641/2976
f 3154/643/2978 3048/642/2977 3049/644/2979
f 3049/644/2979 3050/645/2980 3154/643/2978
f 3042/604/2943 3050/645/2980 3049/644/2979
f 3049/644/2979 3016/605/2944 3042/604/2943
f 3053/646/2981 3054/647/2982 3051/648/2983
f 3051/648/2983 3054/647/2982 3052/649/2984
f 3055/650/2985 3053/646/2981 3056/651/2986
f 3053/646/2981 3055/650/2985 3054/647/2982
f 3015/606/2945 3056/651/2986 3041/607/2946
f 3015/606/2945 3055/650/2985 3056/651/2986
f 3045/637/2972 3058/652/2987 3057/653/2988
f 3057/653/2988 3044/638/2973 3045/637/2972
f 3044/638/2973 3057/653/2988 3059/654/2989
f 3059/654/2989 3046/640/2975 3044/638/2973
f 3046/640/2975 3059/654/2989 3060/655/2990
f 3060/655/2990 3048/642/2977 3046/640/2975
f 3048/642/2977 3060/655/2990 3061/656/2991
f 3061/656/2991 3049/644/2979 3048/642/2977
f 3049/644/2979 3061/656/2991 3016/605/2944
f 3061/656/2991 3017/608/2947 3016/605/2944
f 3063/657/2992 3052/649/2984 3054/647/2982
f 3063/657/2992 3062/658/2993 3052/649/2984
f 3064/659/2994 3063/657/2992 3054/647/2982
f 3054/647/2982 3055/650/2985 3064/659/2994
f 3018/609/2948 3055/650/2985 3015/606/2945
f 3018/609/2948 3064/659/2994 3055/650/2985
f 3058/652/2987 3066/660/2995 3065/661/2996
f 3065/661/2996 3057/653/2988 3058/652/2987
f 3057/653/2988 3065/661/2996 3059/654/2989
f 3065/661/2996 3073/662/2997 3059/654/2989
f 3059/654/2989 3073/662/2997 3060/655/2990
f 3073/662/2997 3067/663/2998 3060/655/2990
f 3061/656/2991 3060/655/2990 3067/663/2998
f 3067/663/2998 3076/664/2999 3061/656/2991
f 3076/664/2999 3017/608/2947 3061/656/2991
f 3076/664/2999 3022/610/2949 3017/608/2947
f 3063/657/2992 3068/665/3000 3077/666/3001
f 3077/666/3001 3062/658/2993 3063/657/2992
f 3064/659/2994 3069/667/3002 3068/665/3000
f 3068/665/3000 3063/657/2992 3064/659/2994
f 3018/609/2948 3019/611/2950 3069/667/3002
f 3069/667/3002 3064/659/2994 3018/609/2948
f 3066/668/2995 3070/669/3003 3065/670/2996
f 3071/671/3004 3065/670/2996 3070/669/3003
f 3072/672/3005 3073/673/2997 3065/670/2996
f 3065/670/2996 3071/671/3004 3072/672/3005
f 3074/674/3006 3067/675/2998 3072/672/3005
f 3072/672/3005 3067/675/2998 3073/673/2997
f 3075/676/3007 3076/677/2999 3074/674/3006
f 3074/674/3006 3076/677/2999 3067/675/2998
f 3021/614/2952 3022/615/2949 3075/676/3007
f 3075/676/3007 3022/615/2949 3076/677/2999
f 3078/678/3008 3077/679/3001 3068/680/3000
f 3068/680/3000 3079/681/3009 3078/678/3008
f 3069/682/3002 3080/683/3010 3079/681/3009
f 3079/681/3009 3068/680/3000 3069/682/3002
f 3080/683/3010 3069/682/3002 3019/613/2950
f 3019/613/2950 3020/612/2951 3080/683/3010
f 3081/684/3011 3071/671/3004 3082/685/3012
f 3082/685/3012 3071/671/3004 3070/669/3003
f 3071/671/3004 3081/684/3011 3072/672/3005
f 3083/686/3013 3072/672/3005 3081/684/3011
f 3084/687/3014 3074/674/3006 3083/686/3013
f 3083/686/3013 3074/674/3006 3072/672/3005
f 3085/688/3015 3075/676/3007 3084/687/3014
f 3084/687/3014 3075/676/3007 3074/674/3006
f 3024/617/2954 3021/614/2952 3085/688/3015
f 3085/688/3015 3021/614/2952 3075/676/3007
f 3086/689/3016 3078/678/3008 3079/681/3009
f 3079/681/3009 3087/690/3017 3086/689/3016
f 3087/690/3017 3079/681/3009 3080/683/3010
f 3080/683/3010 3088/691/3018 3087/690/3017
f 3088/691/3018 3080/683/3010 3020/612/2951
f 3020/612/2951 3023/616/2953 3088/691/3018
f 3082/685/3012 3089/692/3019 3081/684/3011
f 3090/693/3020 3081/684/3011 3089/692/3019
f 3081/684/3011 3090/693/3020 3083/686/3013
f 3091/694/3021 3083/686/3013 3090/693/3020
f 3083/686/3013 3091/694/3021 3084/687/3014
f 3091/694/3021 3092/695/3022 3084/687/3014
f 3093/696/3023 3085/688/3015 3092/695/3022
f 3092/695/3022 3085/688/3015 3084/687/3014
f 3026/619/2956 3024/617/2954 3093/696/3023
f 3093/696/3023 3024/617/2954 3085/688/3015
f 3094/697/3024 3086/689/3016 3087/690/3017
f 3087/690/3017 3095/698/3025 3094/697/3024
f 3088/691/3018 3095/698/3025 3087/690/3017
f 3095/698/3025 3088/691/3018 3096/699/3026
f 3023/616/2953 3025/618/2955 3096/699/3026
f 3096/699/3026 3088/691/3018 3023/616/2953
f 3089/692/3019 3097/700/3027 3090/693/3020
f 3098/701/3028 3090/693/3020 3097/700/3027
f 3090/693/3020 3098/701/3028 3091/694/3021
f 3099/702/3029 3091/694/3021 3098/701/3028
f 3091/694/3021 3099/702/3029 3092/695/3022
f 3100/703/3030 3092/695/3022 3099/702/3029
f 3101/704/3031 3093/696/3023 3100/703/3030
f 3100/703/3030 3093/696/3023 3092/695/3022
f 3028/621/2958 3026/619/2956 3101/704/3031
f 3101/704/3031 3026/619/2956 3093/696/3023
f 3102/705/3032 3094/697/3024 3095/698/3025
f 3095/698/3025 3103/706/3033 3102/705/3032
f 3103/706/3033 3095/698/3025 3096/699/3026
f 3096/699/3026 3104/707/3034 3103/706/3033
f 3104/707/3034 3096/699/3026 3025/618/2955
f 3025/618/2955 3027/620/2957 3104/707/3034
f 3105/708/3035 3098/701/3028 3097/700/3027
f 3097/700/3027 3106/709/3036 3105/708/3035
f 3107/710/3037 3099/702/3029 3098/701/3028
f 3098/701/3028 3105/708/3035 3107/710/3037
f 3108/711/3038 3100/703/3030 3099/702/3029
f 3099/702/3029 3107/710/3037 3108/711/3038
f 3109/712/3039 3101/704/3031 3100/703/3030
f 3100/703/3030 3108/711/3038 3109/712/3039
f 3028/621/2958 3109/712/3039 3030/622/2959
f 3028/621/2958 3101/704/3031 3109/712/3039
f 3110/713/3040 3102/705/3032 3111/714/3041
f 3102/705/3032 3103/706/3033 3111/714/3041
f 3111/714/3041 3103/706/3033 3112/715/3042
f 3103/706/3033 3104/707/3034 3112/715/3042
f 3112/715/3042 3104/707/3034 3029/623/2960
f 3104/707/3034 3027/620/2957 3029/623/2960
f 3105/708/3035 3114/716/3043 3113/717/3044
f 3105/708/3035 3106/709/3036 3114/716/3043
f 3107/710/3037 3113/717/3044 3115/718/3045
f 3107/710/3037 3105/708/3035 3113/717/3044
f 3108/711/3038 3115/718/3045 3116/719/3046
f 3108/711/3038 3107/710/3037 3115/718/3045
f 3109/712/3039 3116/719/3046 3117/720/3047
f 3109/712/3039 3108/711/3038 3116/719/3046
f 3030/622/2959 3117/720/3047 3032/624/2961
f 3030/622/2959 3109/712/3039 3117/720/3047
f 3118/721/3048 3110/713/3040 3111/714/3041
f 3111/714/3041 3119/722/3049 3118/721/3048
f 3119/722/3049 3111/714/3041 3112/715/3042
f 3112/715/3042 3120/723/3050 3119/722/3049
f 3120/723/3050 3112/715/3042 3029/623/2960
f 3029/623/2960 3031/625/2962 3120/723/3050
f 3121/724/3051 3113/717/3044 3122/725/3052
f 3113/717/3044 3114/716/3043 3122/725/3052
f 3123/726/3053 3115/718/3045 3121/724/3051
f 3121/724/3051 3115/718/3045 3113/717/3044
f 3116/719/3046 3123/726/3053 3124/727/3054
f 3123/726/3053 3116/719/3046 3115/718/3045
f 3117/720/3047 3124/727/3054 3125/728/3055
f 3117/720/3047 3116/719/3046 3124/727/3054
f 3032/624/2961 3125/728/3055 3034/626/2963
f 3032/624/2961 3117/720/3047 3125/728/3055
f 3126/729/3056 3118/721/3048 3119/722/3049
f 3119/722/3049 3127/730/3057 3126/729/3056
f 3127/730/3057 3119/722/3049 3120/723/3050
f 3120/723/3050 3128/731/3058 3127/730/3057
f 3128/731/3058 3120/723/3050 3031/625/2962
f 3031/625/2962 3033/627/2964 3128/731/3058
f 3122/725/3052 3130/732/3059 3129/733/3060
f 3129/733/3060 3121/724/3051 3122/725/3052
f 3121/724/3051 3129/733/3060 3131/734/3061
f 3131/734/3061 3123/726/3053 3121/724/3051
f 3123/726/3053 3131/734/3061 3132/735/3062
f 3132/735/3062 3124/727/3054 3123/726/3053
f 3124/727/3054 3132/735/3062 3133/736/3063
f 3133/736/3063 3125/728/3055 3124/727/3054
f 3125/728/3055 3133/736/3063 3036/628/2965
f 3036/628/2965 3034/626/2963 3125/728/3055
f 3135/737/3064 3134/738/3065 3126/729/3056
f 3126/729/3056 3127/730/3057 3135/737/3064
f 3135/737/3064 3127/730/3057 3136/739/3066
f 3127/730/3057 3128/731/3058 3136/739/3066
f 3136/739/3066 3128/731/3058 3033/627/2964
f 3033/627/2964 3035/629/2966 3136/739/3066
f 3130/732/3059 3138/740/3067 3137/741/3068
f 3137/741/3068 3129/733/3060 3130/732/3059
f 3129/733/3060 3137/741/3068 3139/742/3069
f 3139/742/3069 3131/734/3061 3129/733/3060
f 3131/734/3061 3139/742/3069 3140/743/3070
f 3140/743/3070 3132/735/3062 3131/734/3061
f 3132/735/3062 3140/743/3070 3141/744/3071
f 3141/744/3071 3133/736/3063 3132/735/3062
f 3133/736/3063 3141/744/3071 3037/630/2967
f 3037/630/2967 3036/628/2965 3133/736/3063
f 3142/745/3072 3134/738/3065 3143/746/3073
f 3135/737/3064 3143/746/3073 3134/738/3065
f 3143/746/3073 3135/737/3064 3144/747/3074
f 3136/739/3066 3144/747/3074 3135/737/3064
f 3035/629/2966 3038/631/2968 3136/739/3066
f 3136/739/3066 3038/631/2968 3144/747/3074
f 3138/740/3067 3146/748/3075 3145/749/3076
f 3145/749/3076 3137/741/3068 3138/740/3067
f 3137/741/3068 3145/749/3076 3147/750/3077
f 3147/750/3077 3139/742/3069 3137/741/3068
f 3139/742/3069 3147/750/3077 3148/751/3078
f 3148/751/3078 3140/743/3070 3139/742/3069
f 3140/743/3070 3148/751/3078 3149/752/3079
f 3149/752/3079 3141/744/3071 3140/743/3070
f 3037/630/2967 3141/744/3071 3149/752/3079
f 3149/752/3079 3039/632/2969 3037/630/2967
f 3150/753/3080 3142/745/3072 3151/754/3081
f 3143/746/3073 3151/754/3081 3142/745/3072
f 3144/747/3074 3152/755/3082 3143/746/3073
f 3143/746/3073 3152/755/3082 3151/754/3081
f 3038/631/2968 3040/633/2970 3144/747/3074
f 3144/747/3074 3040/633/2970 3152/755/3082
f 3146/748/3075 3043/756/2971 3153/757/2974
f 3153/757/2974 3145/749/3076 3146/748/3075
f 3047/758/2976 3147/750/3077 3145/749/3076
f 3145/749/3076 3153/757/2974 3047/758/2976
f 3147/750/3077 3047/758/2976 3154/759/2978
f 3154/759/2978 3148/751/3078 3147/750/3077
f 3148/751/3078 3154/759/2978 3050/760/2980
f 3050/760/2980 3149/752/3079 3148/751/3078
f 3149/752/3079 3050/760/2980 3042/634/2943
f 3042/634/2943 3039/632/2969 3149/752/3079
f 3151/754/3081 3053/761/2981 3150/753/3080
f 3150/753/3080 3053/761/2981 3051/762/2983
f 3152/755/3082 3056/763/2986 3151/754/3081
f 3151/754/3081 3056/763/2986 3053/761/2981
f 3040/633/2970 3041/635/2946 3152/755/3082
f 3152/755/3082 3041/635/2946 3056/763/2986
f 3155/764/1374 3106/709/3036 3097/700/3027
f 3097/700/3027 3156/765/1375 3155/764/1374
f 3114/716/3043 3106/709/3036 3155/764/1374
f 3155/764/1374 3157/766/1373 3114/716/3043
f 3122/725/3052 3114/716/3043 3158/767/1372
f 3114/716/3043 3157/766/1373 3158/767/1372
f 3158/767/1372 3130/732/3059 3122/725/3052
f 3158/767/1372 3159/768/1385 3130/732/3059
f 3159/768/1385 3138/740/3067 3130/732/3059
f 3159/768/1385 3160/769/1384 3138/740/3067
f 3160/769/1384 3146/748/3075 3138/740/3067
f 3160/769/1384 3161/770/1383 3146/748/3075
f 3146/748/3075 3161/770/1383 3162/771/1382
f 3162/771/1382 3043/756/2971 3146/748/3075
f 3045/637/2972 3162/772/1382 3163/773/1381
f 3162/772/1382 3045/637/2972 3043/636/2971
f 3163/773/1381 3164/774/1380 3045/637/2972
f 3164/774/1380 3058/652/2987 3045/637/2972
f 3164/774/1380 3165/775/1379 3058/652/2987
f 3165/775/1379 3066/660/2995 3058/652/2987
f 3070/669/3003 3165/776/1379 1372/777/1378
f 3070/669/3003 3066/668/2995 3165/776/1379
f 3082/685/3012 1372/777/1378 1371/778/1377
f 3082/685/3012 3070/669/3003 1372/777/1378
f 3089/692/3019 1371/778/1377 3166/779/1376
f 3089/692/3019 3082/685/3012 1371/778/1377
f 3097/700/3027 3166/779/1376 3156/780/1375
f 3097/700/3027 3089/692/3019 3166/779/1376
l 980 981
l 981 982
l 982 983
l 983 984
