# Blender 4.4.3
# www.blender.org
mtllib cave_map_small.mtl
o cave_map_small.015
v 75.095665 -2.084849 91.282204
v 73.267418 -2.305207 90.638557
v 71.734367 -0.525167 90.656685
v 75.834892 -2.249380 90.667274
v 71.651764 -1.144910 90.812508
v 76.763176 -1.653848 90.711891
v 77.115601 0.492696 89.681282
v 75.775513 -2.322201 87.193642
v 74.021835 -2.267014 87.193642
v 74.021835 -2.267015 85.928108
v 75.775513 -2.322201 85.928108
v 74.021835 0.939080 85.928108
v 74.021835 0.939080 87.193642
v 75.536430 0.939080 85.928108
v 75.536430 0.939080 87.193642
v 77.030716 -0.458219 87.193642
v 77.326172 -1.331831 85.928108
v 76.768196 -0.458219 85.928108
v 77.326172 -1.331831 87.193642
v 71.680840 -0.458219 85.928108
v 71.388832 -1.331831 87.193642
v 71.680840 -0.458219 87.193642
v 71.388832 -1.331831 85.928108
v 75.536430 -2.205440 89.724709
v 74.021835 -2.205440 89.724709
v 74.021835 -2.205440 88.459175
v 75.536430 -2.205440 88.459175
v 74.021835 -2.250319 84.662575
v 74.021835 -2.141387 83.397072
v 75.536430 -2.205441 84.662575
v 75.536430 -2.212803 83.397072
v 74.021835 1.652300 88.459175
v 74.021835 1.289002 89.724709
v 75.536430 1.652300 88.459175
v 75.536430 1.289002 89.724709
v 75.536430 1.289001 83.397072
v 74.021835 1.289001 83.397072
v 74.021835 1.289001 84.662575
v 75.536430 1.289001 84.662575
v 77.326172 -1.331830 88.459175
v 77.030716 -0.458219 88.459175
v 77.326172 -1.331830 89.724709
v 77.840317 0.415390 83.397072
v 76.615341 0.415390 84.662575
v 77.993172 -0.458220 83.397072
v 76.768196 -0.458220 84.662575
v 76.615341 0.415390 85.928108
v 72.079239 -0.458220 83.397072
v 71.791031 -1.331831 84.662575
v 71.638176 -0.458220 84.662575
v 72.669846 -1.331831 83.397072
v 72.232101 0.415391 89.724709
v 72.232101 0.415391 88.459175
v 72.079239 -0.458219 89.724709
v 72.587173 -0.458219 88.459175
v 71.833694 0.415391 87.193642
v 76.718071 1.143326 85.928108
v 76.877853 0.415391 87.193642
v 77.051025 1.289002 87.193642
v 76.709312 -1.919228 87.193642
v 73.035339 0.822797 85.928108
v 72.507240 1.289002 87.193642
v 71.833694 0.415390 85.928108
v 71.587761 -2.205440 87.193642
v 76.877853 0.415391 88.459175
v 76.583252 1.110846 88.459175
v 77.150101 -0.210471 90.076698
v 77.886520 -1.331831 83.397072
v 77.051025 -2.205441 84.662575
v 77.326172 -1.331831 84.662575
v 76.718071 1.143326 84.662575
v 77.127144 1.510474 83.397072
v 73.035339 0.822796 84.662575
v 72.232101 0.415390 83.397072
v 71.791031 0.415390 84.662575
v 72.866554 1.289001 82.937813
v 72.829819 -1.895642 83.397072
v 72.507240 -2.205440 88.459175
v 72.232101 -1.331830 88.459175
v 72.232101 -1.331830 89.724709
v 72.652550 1.118184 89.724709
v 72.507240 1.289002 88.459175
v 76.709312 -1.919229 85.928108
v 71.587761 -2.205441 85.928108
v 76.666351 -1.858492 88.459175
v 77.051025 -2.205440 89.724709
v 72.773323 -2.023709 89.724709
v 72.507240 -2.205441 84.662575
v 76.748863 -2.325715 83.397072
v 76.996590 0.415390 82.093513
v 77.293243 -0.458220 82.093513
v 75.350647 -2.205441 82.093513
v 73.836060 -2.205441 82.093513
v 72.046318 -1.331831 82.093513
v 75.075821 1.316459 90.385872
v 76.108109 1.131059 90.232307
v 73.096954 1.346176 90.763283
v 71.090485 0.357190 91.023079
v 71.771461 -1.764656 90.791481
v 76.513527 -1.016782 90.619301
v 75.468742 -2.341770 38.398724
v 75.468742 -2.341770 40.402523
v 73.269478 -2.515262 40.402523
v 73.269478 -2.515262 38.398724
v 71.611252 -2.583058 40.402523
v 73.269478 1.953801 38.398724
v 71.421379 1.699204 38.398724
v 71.421379 1.699204 40.402523
v 73.269478 1.953801 40.402523
v 75.468742 1.953801 38.398724
v 75.468742 1.953801 40.402523
v 77.003845 1.664726 38.398724
v 77.003845 1.664726 40.402523
v 70.670692 -1.764663 38.398724
v 70.670692 -1.764663 40.402523
v 71.611252 -2.583058 38.398724
v 70.448730 -0.525175 38.398724
v 70.448730 -0.525175 40.402523
v 70.670692 0.714313 38.398724
v 70.670692 0.714313 40.402523
v 77.193825 0.714313 38.398724
v 77.238724 0.691796 40.805737
v 77.415779 -0.525175 38.398724
v 77.457748 -0.544103 40.779110
v 77.459961 -1.764663 38.398724
v 77.586258 -1.764663 40.402523
v 76.694946 -2.084854 40.402523
v 76.694946 -2.084854 38.398724
v 75.150543 -2.286798 46.413876
v 76.240784 -1.937548 44.410091
v 75.150543 -2.214475 44.410091
v 75.272133 -2.271404 42.406307
v 76.605545 -2.211655 42.406307
v 75.272125 -2.560906 36.394939
v 73.587685 -2.181459 46.413876
v 73.587685 -2.188411 44.410091
v 73.466095 -2.271404 42.406307
v 73.466095 -2.560906 36.394939
v 72.024826 -2.286798 46.413876
v 72.024826 -2.286798 44.410091
v 71.660049 -2.560906 36.394939
v 72.024826 1.236448 44.410091
v 72.444275 0.850236 46.413876
v 73.587685 1.997144 44.410091
v 73.587685 1.185017 46.413876
v 71.660049 1.510555 42.406307
v 73.466095 2.271253 42.406307
v 72.024826 1.236448 34.391125
v 73.466095 0.963195 36.394939
v 71.660049 1.510556 36.394939
v 75.150543 1.997144 44.410091
v 75.150543 1.185017 46.413876
v 75.272133 2.271253 42.406307
v 75.272125 0.963195 36.394939
v 76.423607 1.003209 46.413876
v 76.655167 0.719938 36.394939
v 71.740921 -1.405987 44.410091
v 71.740921 -1.405987 46.413876
v 71.331970 -1.543040 42.406307
v 72.033958 -2.287769 42.406307
v 71.740921 -1.405987 34.391125
v 71.331970 -1.543040 36.394939
v 72.374626 -0.525175 44.410091
v 72.166222 -0.525174 46.413876
v 71.941147 -0.525175 42.406307
v 70.975769 -0.525175 34.391125
v 70.542290 -0.525175 36.394939
v 72.532356 0.355636 44.410091
v 72.323944 0.355637 46.413876
v 72.123413 0.492691 42.406307
v 70.568626 0.492691 36.394939
v 76.965363 0.329897 46.132259
v 76.913902 0.357185 36.394939
v 77.457893 -0.569754 45.948299
v 76.554245 -0.525175 34.391125
v 76.987740 -0.525175 36.394939
v 77.645386 -1.405987 46.413876
v 76.956505 -1.570191 44.008724
v 77.454918 -1.691186 42.801388
v 76.396530 -1.405987 34.391125
v 76.805466 -1.543040 36.394939
v 76.713394 -2.286798 46.413876
v 77.078163 -2.560906 36.394939
v 75.150543 1.664220 47.728374
v 76.953728 1.307282 47.728405
v 73.587685 1.436401 47.728374
v 72.427780 0.918845 47.728374
v 71.740921 0.355637 47.728374
v 71.931366 -0.525174 47.728374
v 71.740921 -1.405986 47.728374
v 72.453148 -2.112341 47.728374
v 73.587685 -2.286798 47.728374
v 75.150543 -2.286798 47.728374
v 76.516541 -2.174867 47.728405
v 77.190346 -1.405986 47.728405
v 77.155037 -0.525174 47.728405
v 76.848930 0.355637 47.728405
v 75.468712 -2.341769 55.398724
v 75.468712 -2.341769 57.402508
v 76.694916 -2.084853 55.398724
v 73.269447 -2.515261 57.402508
v 73.269447 -2.515261 55.398724
v 71.611221 -2.583057 57.402508
v 73.269447 1.953802 55.398724
v 71.421349 1.699205 55.398724
v 71.421349 1.699205 57.402508
v 73.269447 1.953802 57.402508
v 75.468712 1.953802 55.398724
v 75.468712 1.953802 57.402508
v 77.003815 1.664727 55.398724
v 77.003815 1.664727 57.402508
v 70.670654 -1.764662 55.398724
v 70.670654 -1.764662 57.402508
v 71.611221 -2.583057 55.398724
v 70.448700 -0.525174 55.398724
v 70.448708 -0.525174 57.402508
v 70.670654 0.714314 55.398724
v 70.670654 0.714314 57.402508
v 77.193794 0.714314 55.398724
v 77.193794 0.714314 57.402508
v 77.415749 -0.525174 55.398724
v 77.415749 -0.525174 57.402508
v 78.067513 -1.764662 55.398724
v 78.067513 -1.764662 57.402508
v 76.694916 -2.084853 57.402508
v 75.150513 -2.286796 63.413876
v 76.713364 -2.286796 63.413876
v 75.150513 -2.214473 61.410091
v 75.272102 -2.271402 59.406307
v 75.150513 -2.286797 51.391155
v 76.713364 -2.286797 51.391155
v 75.150513 -2.217950 49.387341
v 75.272102 -2.560905 53.394939
v 77.078133 -2.560905 53.394939
v 73.587654 -2.181458 63.413876
v 73.587654 -2.188410 61.410091
v 73.466064 -2.271402 59.406307
v 73.587654 -2.286797 51.391155
v 73.587654 -2.272416 49.026119
v 73.466064 -2.560905 53.394939
v 72.033936 -2.287767 59.406307
v 72.024796 1.236450 61.410091
v 72.444244 0.850237 63.413876
v 73.587654 1.997146 61.410091
v 73.587654 1.185019 63.413876
v 71.660027 1.510557 59.406307
v 73.466064 2.271255 59.406307
v 72.024796 1.236449 49.387341
v 72.024796 1.236449 51.391125
v 73.587654 1.236449 49.387341
v 73.587654 0.689088 51.391155
v 73.466064 0.963196 53.394939
v 71.660027 1.510557 53.394909
v 75.150513 1.997146 61.410091
v 75.150513 1.185019 63.413876
v 75.272102 2.271255 59.406307
v 75.150513 1.554913 49.387341
v 75.150513 0.689088 51.391155
v 75.272102 0.963196 53.394939
v 76.423576 1.003211 63.413876
v 76.713364 1.236450 61.410091
v 77.078133 1.510558 59.406307
v 76.290367 0.445831 51.391155
v 76.713364 1.236449 49.387341
v 76.655136 0.719939 53.394939
v 71.740891 -1.405985 61.410091
v 72.024796 -2.286796 63.413876
v 71.740891 -1.405985 63.413876
v 72.024796 -2.286797 61.410091
v 71.331940 -1.543038 59.406307
v 72.217377 -2.170437 49.387341
v 71.740891 -1.405986 51.391125
v 71.266945 -1.405986 49.387341
v 72.024796 -2.286797 51.391125
v 71.331940 -1.543039 53.394909
v 71.660027 -2.560905 53.394909
v 72.374596 -0.525173 61.410091
v 72.166183 -0.525173 63.413876
v 71.941116 -0.525174 59.406307
v 71.109207 -0.525174 49.387341
v 70.975739 -0.525174 51.391125
v 70.542259 -0.525174 53.394909
v 72.532326 0.355638 61.410091
v 72.323914 0.355638 63.413876
v 72.123383 0.492692 59.406307
v 71.266945 0.355637 49.387341
v 70.977539 0.355637 51.391125
v 70.568596 0.492692 53.394909
v 76.997284 0.355638 63.413876
v 77.907043 0.355638 61.410091
v 78.315987 0.492692 59.406307
v 77.312553 0.355637 49.387341
v 76.504921 0.220132 51.391155
v 76.913872 0.357186 53.394939
v 77.803085 -0.525173 63.413876
v 78.064774 -0.525173 61.410091
v 78.498260 -0.525174 59.406307
v 76.199593 -0.525174 49.387341
v 76.554214 -0.525174 51.391155
v 76.987709 -0.525174 53.394939
v 77.645355 -1.405985 63.413876
v 76.997284 -1.405985 61.410091
v 77.406219 -1.543038 59.406307
v 75.911148 -1.405986 49.387341
v 76.396500 -1.405986 51.391155
v 76.805435 -1.543039 53.394939
v 76.240753 -1.937546 61.410091
v 76.605515 -2.211653 59.406307
v 76.083458 -2.138286 49.387341
v 71.740891 0.355637 47.691708
v 71.931335 -0.525174 47.691708
v 71.740891 -1.405986 47.691708
v 77.155006 -0.525174 47.691708
v 77.190323 -1.405986 47.691708
v 76.848900 0.355637 47.691708
v 76.516510 -2.174867 47.691708
v 76.953697 1.307282 47.691708
v 75.150513 -2.286798 47.691708
v 75.150513 1.664220 47.691708
v 73.587654 -2.286798 47.691708
v 73.587654 1.436401 47.691708
v 72.453117 -2.112341 47.691708
v 72.427750 0.918845 47.691708
v 75.150513 1.664221 64.728401
v 76.953697 1.307283 64.728401
v 73.587654 1.436402 64.728401
v 72.427750 0.918846 64.728401
v 71.931335 -0.525173 64.728401
v 71.740891 -1.405985 64.728401
v 72.453117 -2.112340 64.728401
v 76.516510 -2.174866 64.728401
v 77.362831 -0.036358 44.265636
v 77.505852 -0.934649 44.181637
v 74.927795 -2.322206 30.799421
v 73.174118 -2.267020 30.799421
v 73.174118 -2.267020 29.533873
v 74.927795 -2.322207 29.533873
v 73.174118 0.939074 29.533873
v 73.174118 0.939074 30.799421
v 74.688713 0.939074 29.533873
v 74.688713 0.939074 30.799421
v 76.182999 -0.458225 30.799421
v 76.478455 -1.331836 29.533873
v 75.920479 -0.458225 29.533873
v 76.478455 -1.331836 30.799421
v 70.833122 -0.458225 29.533873
v 70.541115 -1.331836 30.799421
v 70.833122 -0.458225 30.799421
v 70.541115 -1.331836 29.533873
v 74.688713 -2.205445 33.330486
v 73.174118 -2.205445 33.330486
v 73.174118 -2.205446 32.064938
v 74.688713 -2.205446 32.064938
v 73.174118 -2.250324 28.268339
v 73.174118 -2.141392 27.002821
v 74.688713 -2.205446 28.268339
v 74.688713 -2.212808 27.002821
v 73.174118 1.652295 32.064938
v 73.174118 1.288996 33.330486
v 74.688713 1.652295 32.064938
v 74.688713 1.288996 33.330486
v 74.688713 1.288996 27.002821
v 73.174118 1.288996 27.002821
v 73.174118 1.288996 28.268339
v 74.688713 1.288996 28.268339
v 77.050117 -0.458225 33.330486
v 76.478455 -1.331836 32.064938
v 76.182999 -0.458225 32.064938
v 76.478455 -1.331836 33.330486
v 76.992607 0.415385 27.002821
v 75.767624 0.415385 28.268339
v 77.145462 -0.458225 27.002821
v 75.920479 -0.458225 28.268339
v 75.767624 0.415385 29.533873
v 71.231529 -0.458225 27.002821
v 70.943314 -1.331836 28.268339
v 70.790459 -0.458225 28.268339
v 71.822128 -1.331836 27.002821
v 71.384384 0.415386 33.330486
v 71.384384 0.415385 32.064938
v 71.231529 -0.458225 33.330486
v 71.739464 -0.458225 32.064938
v 70.985977 0.415385 30.799421
v 75.870354 1.143321 29.533873
v 76.030136 0.415385 30.799421
v 76.203308 1.288996 30.799421
v 72.187630 0.822791 29.533873
v 71.659523 1.288996 30.799421
v 70.985977 0.415385 29.533873
v 70.740044 -2.205446 30.799421
v 76.014160 1.081023 33.330486
v 76.030136 0.415385 32.064938
v 75.735535 1.110841 32.064938
v 76.478455 0.415386 33.330486
v 75.818634 -1.858498 32.064938
v 77.038811 -1.331836 27.002821
v 76.203308 -2.205446 28.268339
v 76.478455 -1.331836 28.268339
v 75.870354 1.143321 28.268339
v 76.279427 1.510470 27.002821
v 72.187630 0.822791 28.268339
v 71.384384 0.415385 27.002821
v 70.943314 0.415385 28.268339
v 72.018837 1.288996 26.543562
v 71.982101 -1.895647 27.002821
v 71.659523 -2.205446 32.064938
v 71.925606 -2.023714 33.330486
v 71.384384 -1.331836 32.064938
v 71.384384 -1.331836 33.330486
v 71.804840 1.118178 33.330486
v 71.659523 1.288996 32.064938
v 75.861603 -1.919234 30.799421
v 75.861603 -1.919234 29.533873
v 70.740044 -2.205446 29.533873
v 76.203308 -2.205445 33.330486
v 71.659523 -2.205446 28.268339
v 75.901146 -2.325720 27.002821
v 72.954224 1.436400 25.703520
v 76.320091 1.307281 25.737257
v 76.215294 0.355636 25.736204
v 76.521385 -0.525176 25.739286
v 75.427971 -2.174871 25.729490
v 74.516983 -2.286799 25.719191
v 72.954224 -2.286799 25.703520
v 71.819740 -2.112343 25.692183
v 71.107559 -1.405988 25.685026
v 75.150566 0.689087 34.391155
v 76.290428 0.445830 34.391155
v 73.587723 0.689087 34.391155
v 70.977600 0.355636 34.391155
v 72.024849 -2.286798 34.391155
v 73.587723 -2.286798 34.391155
v 75.150566 -2.286798 34.391155
v 76.713417 -2.286798 34.391155
v 76.504967 0.220131 34.391155
v 72.789505 -2.341772 1.088379
v 72.780731 -2.341772 -0.915375
v 74.979973 -2.515264 -0.925018
v 74.988747 -2.515264 1.078766
v 74.988747 1.953800 1.078766
v 76.836830 1.699203 1.070663
v 76.828049 1.699203 -0.933105
v 74.979973 1.953800 -0.925018
v 72.789505 1.953800 1.088379
v 72.780731 1.953800 -0.915375
v 71.254410 1.664724 1.095108
v 71.245636 1.664724 -0.908661
v 77.587509 -1.764665 1.067383
v 76.638184 -2.583061 -0.932281
v 77.578735 -1.764665 -0.936401
v 76.646957 -2.583061 1.071503
v 77.809464 -0.525177 1.066406
v 77.800690 -0.525177 -0.937363
v 77.587509 0.714312 1.067383
v 77.578735 0.714312 -0.936401
v 70.658585 1.316452 -0.877273
v 69.742432 -0.525177 -2.905884
v 72.968559 -2.271406 -2.920013
v 73.125244 -2.286799 5.094528
v 72.201080 -2.138288 7.102386
v 71.562408 -2.286799 5.101379
v 73.134026 -2.217952 7.098312
v 72.994888 -2.560908 3.091293
v 71.188873 -2.560908 3.099212
v 74.774582 -2.271406 -2.927917
v 74.688095 -2.286799 5.087692
v 74.698448 -2.272418 7.452682
v 74.800903 -2.560908 3.083389
v 76.250938 -2.286799 5.080841
v 76.067139 -2.170439 7.085464
v 76.606926 -2.560908 3.075485
v 76.580605 1.510554 -2.935837
v 74.774582 2.271251 -2.927917
v 76.259712 1.236446 7.084625
v 76.250938 1.236446 5.080841
v 74.696869 1.236446 7.091461
v 74.688095 0.689085 5.087692
v 74.800903 0.963193 3.083389
v 76.606926 1.510554 3.075485
v 72.968559 2.271251 -2.920013
v 73.134026 1.554911 7.098312
v 73.125244 0.689085 5.094528
v 72.994888 0.963193 3.091293
v 71.162544 1.510554 -2.912094
v 71.985405 0.445828 5.099517
v 71.571182 1.236446 7.105148
v 76.908691 -1.543042 -2.937256
v 76.206696 -2.287771 -2.934189
v 76.534836 -1.405989 5.079605
v 77.017555 -1.405989 7.081298
v 76.935013 -1.543042 3.074035
v 76.299515 -0.525177 -2.934601
v 77.175278 -0.525176 7.080612
v 77.299980 -0.525177 5.076248
v 77.724686 -0.525177 3.070587
v 76.117249 0.492689 -2.933807
v 77.017555 0.355636 7.081298
v 77.298180 0.355635 5.076263
v 77.698341 0.492689 3.070694
v 70.972000 0.355636 7.107772
v 71.770851 0.220129 5.100463
v 72.084953 -0.525176 7.102905
v 71.721558 -0.525177 5.100692
v 71.279297 -0.525177 3.098800
v 70.960281 -1.653855 -2.569122
v 72.373390 -1.405989 7.101638
v 71.879272 -1.405989 5.099990
v 71.461563 -1.543042 3.098007
v 71.635155 -2.211657 -2.914184
v 76.386032 0.355636 8.700377
v 71.990463 -2.112344 8.656356
v 74.687721 -2.286799 8.683349
v 74.687721 1.664218 8.683349
v 76.053665 -2.174869 8.697051
v 70.746140 1.307281 1.238037
v 70.929047 -2.249387 -1.640274
v 70.833633 -2.212128 -0.366257
v 70.490181 1.131052 -1.907257
v 63.017075 -2.341771 0.300491
v 61.014530 -2.341771 0.348389
v 63.039230 -2.084855 1.226791
v 60.974792 -2.515263 -1.312958
v 62.977341 -2.515263 -1.360855
v 62.947380 -2.583060 -2.613495
v 62.977341 1.953800 -1.360855
v 62.943947 1.699204 -2.756927
v 60.941402 1.699204 -2.709030
v 60.974792 1.953800 -1.312958
v 63.017075 1.953800 0.300491
v 61.014530 1.953800 0.348389
v 63.044811 1.664725 1.460129
v 61.042263 1.664725 1.508026
v 62.930389 -1.764664 -3.324020
v 60.944832 -2.583060 -2.565613
v 60.927841 -1.764664 -3.276123
v 62.926376 -0.525176 -3.491684
v 60.923828 -0.525176 -3.443786
v 62.930389 0.714313 -3.324020
v 60.927841 0.714313 -3.276123
v 63.048244 0.714313 1.603638
v 61.045696 0.714313 1.651535
v 63.052254 -0.525176 1.771316
v 61.049706 -0.525176 1.819214
v 63.064030 -1.764664 2.263656
v 61.061481 -1.764664 2.311554
v 61.036682 -2.084855 1.274689
v 55.001133 -2.286799 0.251694
v 57.023376 -1.937549 1.027389
v 57.003681 -2.214476 0.203812
v 59.008430 -2.271405 0.247757
v 67.016418 -2.286799 -0.035675
v 67.044662 -2.286799 1.144928
v 69.018974 -2.217953 -0.083572
v 65.016068 -2.560907 0.104080
v 65.048706 -2.560907 1.468384
v 54.972897 -2.181462 -0.928894
v 56.975441 -2.188413 -0.976791
v 58.975800 -2.271405 -1.116531
v 66.988182 -2.286799 -1.216278
v 69.351730 -2.272418 -1.272797
v 64.983444 -2.560907 -1.260223
v 56.947208 -2.286799 -2.157394
v 56.947208 1.236447 -2.157394
v 54.952240 0.850234 -1.792648
v 56.975441 1.997144 -0.976791
v 54.972897 1.185016 -0.928894
v 58.943161 1.510555 -2.480850
v 58.975800 2.271252 -1.116531
v 68.962502 1.236447 -2.444763
v 66.959946 1.236447 -2.396866
v 68.990738 1.236447 -1.264160
v 66.988182 0.689086 -1.216278
v 64.983444 0.963194 -1.260223
v 64.950806 1.510555 -2.624527
v 57.003681 1.997144 0.203812
v 55.001133 1.185016 0.251694
v 59.008430 2.271252 0.247757
v 69.018974 1.554911 -0.083572
v 67.016418 0.689086 -0.035675
v 65.016068 0.963194 0.104080
v 55.024132 1.003209 1.213394
v 57.031914 1.236447 1.384415
v 59.041061 1.510555 1.612060
v 67.037018 0.445829 0.825394
v 69.047211 1.236447 1.097046
v 65.041061 0.719937 1.148834
v 56.942078 -1.405988 -2.371856
v 54.944656 -2.286799 -2.109497
v 54.939529 -1.405988 -2.323974
v 58.937241 -1.543042 -2.728683
v 58.949924 -2.287771 -2.198395
v 68.965981 -2.170439 -2.299301
v 66.954819 -1.405988 -2.611328
v 68.948807 -1.405988 -3.017257
v 66.959946 -2.286799 -2.396866
v 64.944885 -1.543042 -2.872360
v 64.950806 -2.560907 -2.624527
v 56.953526 -0.525176 -1.893143
v 54.947216 -0.525176 -2.002685
v 58.948246 -0.525176 -2.268509
v 68.945961 -0.525176 -3.136398
v 66.940994 -0.525176 -3.189331
v 64.930618 -0.525176 -3.468902
v 56.956375 0.355636 -1.774002
v 54.950062 0.355636 -1.883530
v 58.951538 0.492690 -2.130813
v 68.948807 0.355636 -3.017257
v 66.941025 0.355636 -3.187973
v 64.931091 0.492690 -3.449005
v 55.034496 0.355636 1.646774
v 57.053482 0.355636 2.286133
v 59.063423 0.492690 2.547149
v 69.058037 0.355636 1.549667
v 67.040894 0.220130 0.987472
v 65.045731 0.357184 1.344299
v 55.049057 -0.525176 2.255493
v 57.056332 -0.525176 2.405273
v 59.066715 -0.525176 2.684829
v 69.037926 -0.525176 0.708923
v 67.041779 -0.525176 1.024704
v 65.047066 -0.525176 1.400070
v 55.046207 -1.405988 2.136337
v 57.037045 -1.405988 1.598877
v 59.046989 -1.543042 1.859894
v 69.032715 -1.405988 0.491028
v 67.038933 -1.405988 0.905563
v 65.043777 -1.543042 1.262375
v 55.029369 -2.286799 1.432312
v 59.032513 -2.211656 1.255051
v 69.035828 -2.138288 0.621201
v 69.924683 0.492688 -2.906692
v 70.749771 -0.525176 1.390121
v 70.750412 -1.405988 1.416809
v 71.611862 0.719936 3.097336
v 70.738235 -2.174870 0.907791
v 53.687424 1.664218 0.283127
v 53.720001 1.307281 1.645264
v 53.638687 -2.112344 -1.754516
v 53.687424 -2.286799 0.283127
v 53.718109 0.355636 1.566116
v 46.016769 -2.341771 0.568924
v 44.024376 -2.084856 1.518326
v 44.013783 -2.341771 0.591827
v 46.027367 -2.084856 1.495422
v 43.994774 -2.515264 -1.069885
v 45.997761 -2.515264 -1.092789
v 45.997761 1.953799 -1.092789
v 45.981796 1.699202 -2.489181
v 43.978806 1.699202 -2.466263
v 43.994774 1.953799 -1.069885
v 46.016769 1.953799 0.568924
v 44.013783 1.953799 0.591827
v 46.030037 1.664724 1.728821
v 44.027046 1.664724 1.751739
v 45.975307 -1.764665 -3.056381
v 43.980446 -2.583060 -2.322799
v 43.972317 -1.764665 -3.033478
v 45.983433 -2.583060 -2.345703
v 45.973389 -0.525177 -3.224090
v 43.970398 -0.525177 -3.201172
v 45.975307 0.714311 -3.056381
v 43.972317 0.714311 -3.033478
v 46.031673 0.714311 1.872360
v 44.028690 0.714311 1.895264
v 46.033592 -0.525177 2.040069
v 44.030605 -0.525177 2.062973
v 46.039227 -1.764665 2.532516
v 44.036236 -1.764665 2.555435
v 38.002056 -2.286800 0.420135
v 38.015560 -2.286800 1.600983
v 40.005047 -2.214477 0.397232
v 42.009090 -2.271406 0.466186
v 50.019997 -2.286800 0.282684
v 50.033501 -2.286800 1.463547
v 52.022991 -2.217953 0.259766
v 48.018059 -2.560908 0.397461
v 37.988552 -2.181462 -0.760727
v 39.991539 -2.188413 -0.783630
v 41.993484 -2.271406 -0.898407
v 50.006493 -2.286800 -0.898178
v 52.370560 -2.272419 -0.925217
v 48.002453 -2.560908 -0.967133
v 37.975044 -2.286800 -1.941589
v 41.981110 -2.287771 -1.980499
v 49.992985 -2.286800 -2.079040
v 51.997643 -2.170440 -1.956451
v 47.986847 -2.560908 -2.331741
v 39.978035 1.236446 -1.964493
v 37.978672 0.850233 -1.624664
v 39.991539 1.997143 -0.783630
v 37.988552 1.185015 -0.760727
v 41.977879 1.510553 -2.263031
v 41.993484 2.271251 -0.898407
v 51.995983 1.236446 -2.101944
v 49.992985 1.236446 -2.079040
v 52.009487 1.236446 -0.921081
v 50.006493 0.689085 -0.898178
v 48.002453 0.963193 -0.967133
v 47.986847 1.510554 -2.331741
v 40.005047 1.997143 0.397232
v 38.002056 1.185015 0.420135
v 42.009090 2.271251 0.466186
v 52.022991 1.554910 0.259766
v 50.019997 0.689085 0.282684
v 48.018059 0.963193 0.397461
v 38.013058 1.003208 1.382034
v 40.018551 1.236446 1.578079
v 42.024696 1.510554 1.830780
v 50.029846 0.445828 1.143936
v 52.036495 1.236446 1.440628
v 48.030010 0.719936 1.442459
v 39.975582 -1.405989 -2.179016
v 37.972591 -1.405989 -2.156097
v 39.978035 -2.286800 -1.964493
v 41.975044 -1.543042 -2.510910
v 49.990532 -1.405989 -2.293548
v 51.989429 -1.405989 -2.674560
v 47.984009 -1.543042 -2.579635
v 39.981060 -0.525177 -1.700195
v 37.976269 -0.525177 -1.834762
v 41.980309 -0.525177 -2.050644
v 51.988071 -0.525177 -2.793731
v 49.983921 -0.525177 -2.871689
v 47.977184 -0.525177 -3.176315
v 39.982422 0.355635 -1.581024
v 37.977631 0.355635 -1.715591
v 41.981884 0.492689 -1.912918
v 51.989429 0.355635 -2.674560
v 49.983936 0.355635 -2.870331
v 47.977413 0.492689 -3.156402
v 38.018017 0.355635 1.815506
v 40.028866 0.355635 2.479995
v 42.035397 0.492689 2.766083
v 52.041672 0.355635 1.893371
v 50.031704 0.220129 1.306045
v 48.032249 0.357183 1.637955
v 38.024979 -0.525177 2.424362
v 40.030228 -0.525177 2.599167
v 42.036972 -0.525177 2.903793
v 52.032059 -0.525177 1.052444
v 50.032127 -0.525177 1.343307
v 48.032883 -0.525177 1.693741
v 38.023617 -1.405989 2.305191
v 40.021004 -1.405989 1.792602
v 42.027534 -1.543042 2.078674
v 52.029564 -1.405989 0.834503
v 50.030762 -1.405989 1.224121
v 48.031307 -1.543042 1.556015
v 40.014469 -1.937550 1.220993
v 42.020615 -2.211657 1.473694
v 52.031052 -2.138289 0.964691
v 48.033665 -2.560908 1.762070
v 53.625816 0.355635 -2.292541
v 53.629261 -0.525177 -2.148697
v 53.625816 -1.405989 -2.292541
v 53.723633 -0.525177 1.797333
v 53.724277 -1.405989 1.823974
v 53.712101 -2.174870 1.315002
v 53.659184 -2.286800 -0.897507
v 53.659184 1.436399 -0.897507
v 53.638229 0.918843 -1.773682
v 36.748722 1.436399 0.578369
v 36.769234 0.918842 1.454590
v 36.685604 -0.525177 -2.116501
v 36.696903 -2.174870 -1.634155
v 36.748722 -2.286800 0.578369
v 36.781387 -1.405989 1.973434
v 36.768799 -2.112344 1.435409
v 36.778023 -0.525177 1.829605
v 27.391422 -2.341771 -0.624237
v 29.393997 -2.341771 -0.671143
v 29.432903 -2.515263 0.990234
v 27.430328 -2.515263 1.037140
v 27.459660 -2.583060 2.289779
v 27.430328 1.953800 1.037140
v 27.463024 1.699204 2.433227
v 29.465595 1.699204 2.386337
v 29.432903 1.953800 0.990234
v 27.391422 1.953800 -0.624237
v 29.393997 1.953800 -0.671143
v 27.364269 1.664725 -1.783890
v 29.366840 1.664725 -1.830780
v 27.476307 -1.764664 3.000305
v 29.462238 -2.583060 2.242889
v 29.478874 -1.764664 2.953415
v 27.480232 -0.525176 3.167984
v 29.482800 -0.525176 3.121078
v 27.476307 0.714313 3.000305
v 29.478874 0.714313 2.953415
v 27.360909 0.714313 -1.927399
v 29.363480 0.714313 -1.974304
v 27.356983 -0.525176 -2.095077
v 29.359554 -0.525176 -2.141983
v 27.345451 -1.764664 -2.587417
v 29.348026 -1.764664 -2.634323
v 29.372307 -2.084855 -1.597443
v 27.369732 -2.084855 -1.550552
v 35.407345 -2.286799 -0.571442
v 33.404770 -2.214476 -0.524551
v 31.400047 -2.271405 -0.569504
v 31.376461 -2.211656 -1.576797
v 23.391907 -2.286799 -0.290070
v 21.372833 -2.138288 -0.947952
v 21.389343 -2.217953 -0.243179
v 25.392326 -2.560907 -0.428818
v 25.360382 -2.560907 -1.793136
v 35.434990 -2.181462 0.609161
v 33.432415 -2.188413 0.656052
v 31.431995 -2.271405 0.794815
v 23.419556 -2.286799 0.890533
v 21.055984 -2.272418 0.945892
v 25.424278 -2.560907 0.935501
v 33.460064 -2.286799 1.836670
v 25.456230 -2.560907 2.299820
v 33.460064 1.236447 1.836670
v 35.455219 0.850234 1.472916
v 33.432415 1.997144 0.656052
v 35.434990 1.185016 0.609161
v 31.463947 1.510555 2.159118
v 31.431995 2.271252 0.794815
v 21.444626 1.236447 2.118057
v 23.447205 1.236447 2.071151
v 21.416985 1.236447 0.937439
v 23.419556 0.689086 0.890533
v 25.424278 0.963194 0.935501
v 25.456230 1.510555 2.299820
v 33.404770 1.997144 -0.524551
v 35.407345 1.185016 -0.571442
v 31.400047 2.271252 -0.569504
v 21.389343 1.554911 -0.243179
v 23.391907 0.689086 -0.290070
v 25.392326 0.963194 -0.428818
v 35.384823 1.003209 -1.533142
v 33.377121 1.236447 -1.705154
v 31.368095 1.510555 -1.933823
v 23.371742 0.445829 -1.151153
v 21.361694 1.236447 -1.423797
v 25.367859 0.719937 -1.473602
v 33.465088 -1.405988 2.051147
v 35.462639 -2.286799 1.789780
v 35.467659 -1.405988 2.004257
v 31.469749 -1.543042 2.406967
v 31.457333 -2.287771 1.876678
v 21.441223 -2.170439 1.972580
v 23.452225 -1.405988 2.285629
v 21.458038 -1.405988 2.690552
v 23.447205 -2.286799 2.071151
v 25.462036 -1.543042 2.547653
v 33.453876 -0.525176 1.572433
v 35.460136 -0.525176 1.682983
v 31.458969 -0.525176 1.946792
v 21.460831 -0.525176 2.809692
v 23.465759 -0.525176 2.863632
v 25.475998 -0.525176 3.144195
v 33.451084 0.355636 1.453277
v 35.457348 0.355636 1.563827
v 31.455750 0.492690 1.809097
v 21.458038 0.355636 2.690552
v 23.465729 0.355636 2.862274
v 25.475533 0.492690 3.124298
v 35.374676 0.355636 -1.966537
v 33.356003 0.355636 -2.606888
v 31.346199 0.492690 -2.868927
v 21.351089 0.355636 -1.876434
v 23.367943 0.220130 -1.313232
v 25.363289 0.357184 -1.669052
v 35.360420 -0.525176 -2.575256
v 33.353214 -0.525176 -2.726043
v 31.342976 -0.525176 -3.006607
v 21.370781 -0.525176 -1.035675
v 23.367073 -0.525176 -1.350464
v 25.361977 -0.525176 -1.724823
v 35.363209 -1.405988 -2.456100
v 33.372097 -1.405988 -1.919632
v 31.362293 -1.543042 -2.181671
v 21.375877 -1.405988 -0.817779
v 23.369865 -1.405988 -1.231323
v 25.365204 -1.543042 -1.587143
v 35.379696 -2.286799 -1.752060
v 33.385483 -1.937549 -1.348144
v 23.364258 -2.286799 -1.470688
v 19.822670 0.355636 -1.486496
v 19.820351 1.307281 -1.565658
v 19.860207 1.664218 -0.203491
v 19.894753 -2.286799 0.977127
v 19.920380 0.918844 1.853332
v 36.721066 1.664218 -0.602219
v 36.689167 1.307281 -1.964371
v 36.781380 0.355636 1.973495
v 36.721066 -2.286799 -0.602219
v 36.684982 -1.405988 -2.143112
v 36.691021 0.355636 -1.885208
v 19.860222 -2.286799 -0.203522
v 19.894760 1.436400 0.977112
v 19.931366 -0.525176 2.228332
v 19.935577 -1.405988 2.372177
v 19.815117 -1.405988 -1.744415
v 19.815903 -0.525176 -1.717758
v 16.237823 -2.329256 1.163986
v 16.227234 -2.328945 0.052017
v 17.975159 -2.352707 0.041367
v 17.985733 -2.353017 1.153320
v 16.382469 1.153839 0.053116
v 18.157104 1.491854 1.154541
v 18.146530 1.492165 0.042572
v 16.393044 1.153528 1.165085
v 16.331932 -0.588347 2.898208
v 18.037048 -1.482688 2.467560
v 18.073792 -0.611931 2.250915
v 16.289131 -1.458927 2.478225
v 16.331161 0.283509 -1.261124
v 18.079079 0.259748 -1.271789
v 16.291283 -0.587156 -1.373627
v 18.042755 -0.611021 -1.011383
v 19.935577 0.355635 2.372177
v 19.919830 -2.112344 1.834167
v 19.830025 -2.174870 -1.235428
v 16.393066 0.945977 2.138122
v 18.111526 0.258797 2.138977
v 18.140373 0.951992 1.922897
v 16.366737 0.282465 2.478775
v 18.009041 -2.007457 1.982986
v 16.226585 -2.147565 -0.864532
v 18.001472 -1.481644 -1.272339
v 16.253548 -1.457883 -1.261673
v 16.365318 0.983871 -0.952225
v 18.119812 1.130387 -1.069519
v 16.248398 -2.329566 2.275955
v 17.964577 -2.352396 -1.070602
v 14.898888 1.161188 1.038040
v 14.895355 0.933934 1.962860
v 14.878258 1.112972 0.150436
v 14.847603 0.575112 -0.115417
v 14.745277 0.069604 -0.228012
v 14.780624 -0.566636 -0.444656
v 14.740524 -1.437295 -0.291977
v 14.714226 -2.135680 -0.320602
v 14.714218 -2.308357 0.338486
v 14.720634 -2.308668 1.330704
v 14.777405 -1.438377 2.488403
v 14.738976 -2.198295 2.008758
v 14.815979 -0.567673 2.463562
v 14.852722 0.303083 2.246032
v 75.783218 -2.341767 72.642937
v 75.776062 -2.341766 74.646706
v 73.576813 -2.515258 74.638847
v 73.583969 -2.515259 72.635078
v 73.583969 1.953805 72.635078
v 71.735886 1.699208 72.628487
v 71.728722 1.699209 74.632240
v 73.576813 1.953806 74.638847
v 75.783218 1.953805 72.642937
v 75.776062 1.953806 74.646706
v 77.318314 1.664729 72.648415
v 77.311157 1.664730 74.652184
v 70.985199 -1.764660 72.625786
v 71.918594 -2.583055 74.632927
v 70.978043 -1.764659 74.629570
v 71.925751 -2.583055 72.629143
v 70.763245 -0.525172 72.624992
v 70.756088 -0.525171 74.628777
v 70.985199 0.714318 72.625786
v 70.978043 0.714318 74.629570
v 77.508293 0.714318 72.649086
v 77.501137 0.714318 74.652870
v 77.730247 -0.525172 72.649879
v 77.723091 -0.525171 74.653664
v 78.381996 -1.764660 72.652214
v 78.374840 -1.764659 74.655998
v 77.002258 -2.084850 74.651085
v 77.009415 -2.084851 72.647301
v 75.436394 -2.286794 80.656898
v 76.533783 -1.937544 78.657021
v 76.999237 -2.286794 80.662468
v 75.443550 -2.214471 78.653114
v 75.572296 -2.271400 76.649788
v 75.479340 -2.286795 68.634239
v 76.419434 -2.138284 66.633781
v 77.042183 -2.286795 68.639809
v 75.486496 -2.217948 66.630455
v 75.593765 -2.560903 70.638435
v 77.399788 -2.560903 70.644905
v 73.873550 -2.181456 80.651299
v 73.880707 -2.188408 78.647545
v 73.766273 -2.271400 76.643318
v 73.916489 -2.286795 68.628654
v 73.924934 -2.272414 66.263664
v 73.787743 -2.560903 70.631996
v 72.334152 -2.287765 76.638206
v 72.553375 -2.170435 66.619972
v 71.981712 -2.560903 70.625542
v 72.317856 1.236452 78.641945
v 72.730148 0.850239 80.647240
v 73.880707 1.997149 78.647545
v 73.873550 1.185021 80.651299
v 71.960243 1.510560 76.636879
v 73.766273 2.271257 76.643318
v 72.360794 1.236451 66.619286
v 72.353638 1.236451 68.623070
v 73.923645 1.236451 66.624886
v 73.916489 0.689090 68.628654
v 73.787743 0.963198 70.631996
v 71.981712 1.510559 70.625542
v 75.443550 1.997149 78.653114
v 75.436394 1.185021 80.656898
v 75.572296 2.271257 76.649788
v 75.486496 1.554916 66.630455
v 75.479340 0.689090 68.634239
v 75.593765 0.963198 70.638435
v 76.709450 1.003214 80.661446
v 77.006393 1.236452 78.658699
v 77.378319 1.510560 76.656227
v 76.619186 0.445833 68.638313
v 77.049339 1.236451 66.636055
v 76.976799 0.719941 70.643394
v 72.033951 -1.405983 78.640938
v 72.310699 -2.286794 80.645729
v 72.026794 -1.405983 80.644722
v 72.317856 -2.286794 78.641945
v 71.632156 -1.543036 76.635719
v 72.069740 -1.405984 68.622047
v 71.602951 -1.405984 66.616600
v 72.353638 -2.286795 68.623070
v 71.653625 -1.543037 70.624382
v 72.667648 -0.525171 78.643196
v 72.452095 -0.525171 80.646233
v 72.241333 -0.525171 76.637886
v 71.445229 -0.525172 66.616020
v 71.304596 -0.525172 68.619331
v 70.863953 -0.525172 70.621559
v 72.825386 0.355641 78.643776
v 72.609818 0.355641 80.646812
v 72.423599 0.492695 76.638527
v 71.602951 0.355640 66.616600
v 71.306389 0.355640 68.619331
v 70.890297 0.492694 70.621651
v 77.283142 0.355641 80.663506
v 78.200066 0.355641 78.662971
v 78.616165 0.492695 76.660652
v 77.648521 0.355640 66.638176
v 76.833740 0.220134 68.639076
v 77.235527 0.357188 70.644310
v 78.088951 -0.525171 80.666374
v 78.357796 -0.525171 78.663521
v 78.798431 -0.525171 76.661293
v 76.535568 -0.525172 66.634193
v 76.883034 -0.525172 68.639244
v 77.309364 -0.525172 70.644585
v 77.931229 -1.405983 80.665810
v 77.290306 -1.405983 78.659706
v 77.706406 -1.543036 76.657402
v 76.247131 -1.405984 66.633171
v 76.725319 -1.405984 68.638695
v 77.127098 -1.543037 70.643929
v 76.905708 -2.211651 76.654533
v 71.740898 0.355639 64.728401
v 77.155014 -0.525172 64.728401
v 77.190331 -1.405984 64.728401
v 76.848907 0.355639 64.728401
v 75.150513 -2.286795 64.728401
v 73.587654 -2.286795 64.728401
v 75.350647 1.713274 82.093544
v 77.098152 1.359255 82.093544
v 73.836060 1.487319 82.093544
v 72.711983 0.973994 82.093544
v 72.046318 0.415390 82.093544
v 72.230881 -0.458220 82.093544
v 72.736549 -2.032412 82.093544
v 77.327454 -1.331831 82.093544
v 76.674477 -2.094427 82.093544
v 74.706596 -2.341770 16.373808
v 75.593506 -2.084855 18.394789
v 74.667130 -2.341769 18.376524
v 75.632973 -2.084855 16.392057
v 73.005623 -2.515263 18.343794
v 73.045090 -2.515263 16.341063
v 73.045090 1.953800 16.341063
v 71.648888 1.699203 16.313551
v 71.609421 1.699203 18.316282
v 73.005623 1.953800 18.343794
v 74.706596 1.953800 16.373808
v 74.667130 1.953800 18.376524
v 75.866341 1.664725 16.396666
v 75.826874 1.664725 18.399382
v 71.081757 -1.764664 16.302382
v 71.752869 -2.583059 18.319120
v 71.042290 -1.764664 18.305098
v 71.792328 -2.583059 16.316374
v 70.914078 -0.525176 16.299086
v 70.874611 -0.525176 18.301802
v 71.081757 0.714312 16.302382
v 71.042290 0.714312 18.305098
v 76.009865 0.714312 16.399488
v 75.970398 0.714312 18.402220
v 76.177544 -0.525176 16.402800
v 76.138084 -0.525176 18.405516
v 76.669937 -1.764664 16.412504
v 76.630470 -1.764664 18.415220
v 74.308350 -2.286798 24.380003
v 75.489052 -2.286798 24.403273
v 74.347809 -2.214475 22.377272
v 74.479126 -2.271405 20.376341
v 74.545120 -2.286799 12.363601
v 75.725838 -2.286799 12.386870
v 74.584587 -2.217952 10.360869
v 74.597519 -2.560907 14.368148
v 73.127640 -2.181460 24.356733
v 73.167099 -2.188411 22.354002
v 73.114708 -2.271405 20.349455
v 73.364418 -2.286799 12.340331
v 73.410995 -2.272418 9.976577
v 73.233093 -2.560907 14.341262
v 71.946922 -2.286798 24.333464
v 72.032753 -2.287770 20.328123
v 72.183708 -2.286799 12.317077
v 72.368660 -2.170439 10.317214
v 71.868668 -2.560907 14.314376
v 71.986389 1.236448 22.330732
v 72.263809 0.850235 24.339705
v 73.167099 1.997145 22.354002
v 73.127640 1.185017 24.356733
v 71.750275 1.510555 20.322554
v 73.114708 2.271252 20.349455
v 72.223167 1.236447 10.314345
v 72.183708 1.236447 12.317077
v 73.403885 1.236447 10.337600
v 73.364418 0.689086 12.340331
v 73.233093 0.963194 14.341262
v 71.868668 1.510555 14.314376
v 74.347809 1.997145 22.377272
v 74.308350 1.185017 24.380003
v 74.479126 2.271252 20.376341
v 74.584587 1.554911 10.360869
v 74.545120 0.689086 12.363601
v 74.597519 0.963194 14.368148
v 75.270119 1.003210 24.398954
v 75.528519 1.236448 22.400541
v 75.843559 1.510556 20.403227
v 75.406265 0.445829 12.380569
v 75.765297 1.236447 10.384139
v 75.642380 0.719937 14.388747
v 71.771904 -1.405987 22.326506
v 71.732437 -1.405987 24.329237
v 71.986389 -2.286798 22.330732
v 71.502411 -1.543040 20.317701
v 71.969223 -1.405988 12.312850
v 71.650627 -1.405988 10.303069
v 71.620804 -1.543041 14.309493
v 72.250656 -0.525175 22.335936
v 72.053741 -0.525175 24.335569
v 71.962631 -0.525175 20.326765
v 71.531464 -0.525176 10.300704
v 71.391167 -0.525176 12.301467
v 71.024216 -0.525176 14.297729
v 72.369820 0.355637 22.338285
v 72.172905 0.355637 24.337919
v 72.100334 0.492691 20.329481
v 71.650627 0.355636 10.303069
v 71.392525 0.355636 12.301482
v 71.044113 0.492690 14.298125
v 75.703545 0.355637 24.407499
v 76.430321 0.355637 22.418303
v 76.778732 0.492691 20.421659
v 76.217972 0.355636 10.393050
v 75.568359 0.220130 12.383773
v 75.837845 0.357184 14.392592
v 76.312317 -0.525175 24.419493
v 76.549477 -0.525175 22.420652
v 76.916435 -0.525175 20.424376
v 75.377151 -0.525176 10.376494
v 75.605598 -0.525176 12.384505
v 75.893631 -0.525176 14.393691
v 76.193153 -1.405987 24.417128
v 75.743004 -1.405987 22.404768
v 76.091423 -1.543040 20.408125
v 75.159241 -1.405988 10.372191
v 75.486443 -1.405988 12.382155
v 75.755928 -1.543041 14.390975
v 75.171463 -1.937548 22.393507
v 75.486504 -2.211656 20.396208
v 75.289413 -2.138288 10.374770
v 75.961945 -2.560907 14.395034
v 71.278267 0.355636 8.649199
v 71.468719 -0.525176 8.651092
v 71.278275 -1.405988 8.649199
v 76.692108 -0.525177 8.703460
v 76.727432 -1.405989 8.703795
v 76.490814 1.307280 8.701400
v 73.124939 -2.286800 8.667708
v 73.124962 1.436400 8.667708
v 71.965111 0.918843 8.656081
v 74.516983 1.664218 25.719160
v 71.794380 0.918843 25.691908
v 71.107552 0.355636 25.685026
v 71.297981 -0.525176 25.686903
v 76.556702 -1.405988 25.739622
v 145.356262 7.698706 15.200407
v 145.335098 7.738016 14.523344
v 144.707870 7.761244 14.876295
v 144.829102 7.718278 15.506117
v 144.824585 10.206099 14.767088
v 145.451813 10.182871 14.414137
v 144.931015 10.205336 15.309431
v 145.471832 10.185266 14.997282
v 145.440720 9.122100 15.620192
v 144.974121 8.472718 16.027647
v 144.966705 9.139184 15.798094
v 145.412811 8.456383 15.763700
v 144.609207 9.141746 13.976423
v 145.334351 8.446989 13.477736
v 145.370010 9.113636 13.560408
v 144.556885 8.475708 13.901625
v 146.610901 7.743033 14.794523
v 146.799469 7.733656 14.235151
v 146.046371 7.759110 14.197767
v 145.980118 7.764510 14.792875
v 144.241302 8.116536 15.195251
v 143.396667 7.921807 15.408232
v 144.375702 8.147137 15.669828
v 143.527740 7.871608 15.884184
v 146.186813 10.700890 14.066360
v 146.926697 10.398396 14.116117
v 146.120560 10.706287 14.661467
v 146.738113 10.407772 14.675505
v 143.628448 10.304646 15.842878
v 143.495331 10.305227 15.367765
v 144.343094 10.575643 15.153502
v 144.476212 10.575062 15.628614
v 146.380493 9.090021 15.607130
v 145.933624 8.437073 15.466337
v 145.990570 9.142218 15.440977
v 146.419861 8.420297 15.425764
v 143.805817 9.696782 16.575895
v 144.545898 9.967667 15.977369
v 143.794113 9.089743 16.634138
v 144.534210 9.360626 16.035612
v 144.987762 9.805446 15.713606
v 143.274353 9.092010 14.779005
v 144.071655 8.755553 14.484632
v 144.083344 9.362593 14.426374
v 143.301132 8.484802 14.974562
v 147.117722 9.721131 13.484892
v 146.220078 9.751288 13.405271
v 147.104950 9.054001 13.458189
v 146.172745 9.086368 13.574552
v 145.403839 9.780063 13.589506
v 145.021484 10.360493 15.725584
v 145.470490 9.788042 15.531584
v 145.504593 10.454501 15.568495
v 144.751022 10.117922 14.417814
v 145.444534 10.447312 13.819075
v 144.651749 9.807853 14.001417
v 145.305176 7.781119 13.584089
v 146.565521 10.257383 15.172102
v 146.036575 9.776696 15.375105
v 146.055054 10.297125 15.091230
v 146.483475 9.752667 15.366255
v 145.943329 8.033108 15.225035
v 143.759613 8.482802 16.610991
v 144.508820 8.146555 16.144941
v 144.558121 8.753432 16.220945
v 144.575867 10.473394 16.000990
v 143.774628 10.457915 16.339262
v 144.242981 10.252103 14.849546
v 143.312927 9.698932 14.816648
v 144.121902 9.969515 14.464033
v 143.253769 10.318031 15.071638
v 143.298981 8.093007 15.031401
v 146.112640 7.753714 13.602644
v 146.961548 7.864510 13.767851
v 146.156464 8.418917 13.464781
v 147.054108 8.388762 13.544401
v 147.090958 10.259660 13.616241
v 146.239838 10.418452 13.483625
v 145.383270 8.007477 15.546202
v 144.909393 8.025100 15.826765
v 144.539062 7.809423 14.002623
v 146.422318 7.752409 15.353910
v 144.109467 8.148297 14.719603
v 143.631042 7.792691 16.265837
v 142.284973 10.443834 15.053373
v 142.378738 10.689599 15.601530
v 142.459961 10.532146 16.076460
v 142.555725 8.571515 16.636274
v 142.459656 7.964477 16.074644
v 142.378418 7.964818 15.599623
v 142.272461 8.572707 14.980131
v 147.463867 10.494985 15.104856
v 147.284592 10.111441 15.582258
v 147.688477 10.656650 14.477461
v 147.925247 10.374409 13.774504
v 147.876358 9.655366 13.848188
v 147.860016 8.320671 13.772322
v 147.545807 7.668375 14.610929
v 147.329422 7.679018 15.230650
v 147.178650 7.818688 15.674604
v 147.105545 8.357776 15.933165
v 147.163712 9.022664 15.827879
v 147.169128 9.690145 15.873640
v 147.738953 7.743732 14.065475
v 147.886917 8.987097 13.756559
v 117.477402 -7.104410 19.227842
v 117.705643 -7.048017 19.974470
v 116.986023 -7.038647 20.127485
v 116.935677 -7.094037 19.494978
v 116.970360 -4.598098 20.165937
v 117.689987 -4.607467 20.012892
v 116.926651 -4.609653 19.620237
v 117.411606 -4.615322 19.546690
v 117.317741 -5.694004 18.803480
v 116.886093 -6.351974 18.948133
v 116.897926 -5.682706 19.159651
v 117.286568 -6.361016 18.687849
v 117.044746 -5.643890 20.992643
v 118.185028 -6.322479 20.796171
v 118.127090 -5.658982 20.716749
v 117.057442 -6.306674 21.087385
v 118.281235 -7.244977 18.926695
v 118.798218 -7.228130 19.232435
v 118.407822 -7.017157 19.511564
v 117.996803 -7.023815 19.049299
v 116.315613 -7.021656 20.066725
v 115.569443 -6.936931 19.864744
v 116.302597 -6.999183 19.527311
v 115.805328 -7.004668 19.342039
v 118.388977 -4.080560 19.557829
v 118.889168 -4.474510 19.217344
v 118.001610 -4.084393 19.233900
v 118.372177 -4.491355 18.911604
v 115.788223 -4.339017 19.384031
v 115.552689 -4.325644 19.905897
v 116.190308 -4.326006 20.133741
v 116.285530 -4.339137 19.569227
v 117.520668 -5.894431 18.442472
v 117.519043 -6.365213 18.584806
v 117.592941 -5.699143 18.673689
v 117.693054 -6.576477 18.561644
v 116.150757 -5.024373 18.579741
v 116.548920 -5.015341 19.145750
v 116.178795 -5.690733 18.516584
v 116.567703 -5.681701 19.079115
v 116.868446 -5.016921 19.195921
v 115.259140 -5.638515 20.554289
v 116.062859 -6.301701 20.933775
v 116.048981 -5.635364 21.001234
v 115.355247 -6.308742 20.340300
v 119.477341 -5.143009 19.582396
v 118.852753 -5.017592 19.925764
v 119.506783 -5.829712 19.617033
v 118.766205 -5.683503 19.839354
v 118.094727 -4.994762 20.680174
v 116.891548 -4.463192 19.196928
v 117.331802 -5.027957 18.868361
v 117.306770 -4.364119 18.817183
v 116.999397 -4.679088 20.519972
v 117.966667 -4.333243 20.483320
v 117.036064 -4.980046 20.948042
v 117.977585 -6.987908 20.685408
v 117.914337 -4.669981 18.644941
v 117.629120 -5.033585 18.724745
v 117.703659 -4.503134 18.811247
v 117.738533 -5.199667 18.554090
v 117.696182 -6.763757 18.753599
v 116.166481 -6.354804 18.542860
v 116.603104 -7.014219 18.954237
v 116.624969 -6.351635 18.863630
v 116.555122 -4.462127 19.116728
v 116.034508 -4.184473 18.838606
v 116.130569 -4.672338 20.495832
v 115.278641 -4.974853 20.512083
v 116.054321 -4.971678 20.954710
v 115.090843 -4.316338 20.154860
v 115.382874 -6.739338 20.278425
v 118.741348 -7.013335 19.814375
v 119.229118 -7.071040 19.483686
v 118.861282 -6.347616 19.904829
v 119.431870 -6.519820 19.589949
v 119.352112 -4.593884 19.494490
v 118.724289 -4.353289 19.856276
v 117.363426 -6.803979 18.900328
v 116.906761 -6.794410 19.163359
v 117.055969 -6.973204 21.005217
v 117.764236 -7.261824 18.620955
v 116.112152 -6.972920 20.656355
v 115.994415 -7.101325 18.922926
v 115.180756 -6.927144 18.528135
v 114.975433 -6.999961 18.982939
v 118.870758 -4.707150 18.171629
v 119.857513 -4.771893 18.866636
v 119.869385 -6.201900 18.916014
v 84.017540 -1.248986 39.641918
v 84.508347 -1.115300 39.987377
v 84.073288 -1.209802 40.464397
v 83.564293 -1.246927 40.043438
v 84.067398 1.175604 40.458843
v 84.507050 1.174579 39.985973
v 83.627708 1.179004 40.095181
v 84.077774 1.177073 39.681927
v 83.657478 0.139918 39.385372
v 83.112312 -0.506587 39.669415
v 83.272690 0.142146 39.801876
v 83.575752 -0.509578 39.328197
v 84.749565 0.130727 41.023342
v 85.149643 -0.465043 40.407864
v 85.173790 0.131108 40.459332
v 84.835938 -0.519914 41.094952
v 84.535873 -1.123062 38.698818
v 85.024429 -1.124261 38.750957
v 84.955063 -1.071560 39.482891
v 84.407539 -1.073387 39.271542
v 83.606346 -1.199051 41.039150
v 83.054573 -1.118259 41.632442
v 83.220284 -1.163079 40.668926
v 82.668777 -1.168811 41.262508
v 84.940742 1.610800 39.476543
v 85.018593 1.450562 38.749767
v 84.393219 1.608972 39.265209
v 84.530037 1.451761 38.697659
v 82.660690 1.436595 41.253948
v 83.046654 1.434012 41.624050
v 83.598175 1.434267 41.030499
v 83.212212 1.436850 40.660381
v 83.771255 0.166219 38.616985
v 83.757317 -0.468109 39.020351
v 83.860878 0.139685 39.060162
v 83.957108 -0.477940 38.636959
v 82.075623 0.790541 40.693081
v 82.939293 0.788708 40.398861
v 82.038681 0.140819 40.657879
v 82.902359 0.138986 40.363659
v 83.315460 0.791789 39.837063
v 83.545715 0.130735 42.103039
v 84.172699 -0.519483 41.582043
v 84.209633 0.130238 41.617260
v 83.397232 -0.518240 41.960842
v 85.597359 0.805439 38.811642
v 85.592316 0.752913 39.728329
v 85.648125 0.161612 38.817196
v 85.467201 0.145046 39.680218
v 85.128448 0.781342 40.426510
v 83.284302 1.333620 39.811138
v 83.698784 0.789648 39.413906
v 83.647682 1.439916 39.377010
v 84.353996 1.086873 40.695904
v 84.935524 1.432433 40.289165
v 84.703583 0.781056 40.985119
v 85.101189 -1.072486 40.376095
v 84.102844 1.299568 38.652126
v 83.912895 0.747307 39.080044
v 84.016808 1.231226 39.120007
v 83.954193 0.809472 38.636364
v 83.997795 -0.833511 39.113293
v 82.067879 -0.509345 40.686077
v 82.834328 -1.160496 40.298824
v 82.762192 -0.510045 40.229458
v 82.911438 1.330480 40.371990
v 82.254822 1.604088 40.864697
v 83.850639 1.085721 41.272701
v 83.504745 0.780978 42.063534
v 84.168663 0.780481 41.577755
v 83.140915 1.431949 42.121761
v 83.357765 -0.937453 41.923122
v 85.502579 -1.069733 39.694225
v 85.426857 -0.991344 38.793835
v 85.598801 -0.461963 39.731197
v 85.600281 -0.481973 38.812237
v 85.460564 1.323613 38.796947
v 85.489609 1.360018 39.688503
v 83.751945 -0.947629 39.453457
v 83.292465 -0.945009 39.818539
v 84.779793 -1.169454 41.048717
v 84.047318 -1.121863 38.646709
v 83.992203 -1.168244 41.409161
v 82.360077 -1.250753 40.966503
v 82.706169 1.198287 42.582241
v 82.393333 1.581944 42.237347
v 81.441650 0.139757 41.187893
v 81.617859 -1.078564 41.382061
v 81.984802 -1.163202 41.786617
v 82.404266 -1.165537 42.249111
v 82.897369 -0.518314 42.792889
v 82.843666 0.131952 42.733761
v 82.892197 0.781650 42.787319
v 84.963158 -1.123695 37.888943
v 83.741638 0.810386 37.805752
v 80.451500 -1.278486 42.729534
v 80.700157 -1.237463 43.379772
v 80.073845 -1.237112 43.501003
v 79.921516 -1.278179 42.822918
v 80.075905 1.194261 43.504223
v 80.702217 1.193909 43.382992
v 79.944374 1.194939 42.918621
v 80.487488 1.194626 42.821438
v 80.274742 0.135677 42.266003
v 79.787491 -0.526426 42.224361
v 79.836510 0.135835 42.440960
v 80.232292 -0.526693 42.155605
v 80.278297 0.133557 44.407940
v 81.074043 -0.529504 44.356930
v 81.033203 0.133145 44.249538
v 80.303093 -0.529085 44.519955
v 81.516876 -1.163885 42.394131
v 81.907936 -1.166220 42.874065
v 81.409035 -1.191074 43.225155
v 81.069611 -1.190353 42.645138
v 79.167313 -1.363783 43.682720
v 78.315582 -1.328978 43.741726
v 79.077866 -1.327598 42.989208
v 78.300018 -1.386457 43.140697
v 81.411926 1.734481 43.229580
v 81.898285 1.433708 42.862545
v 81.072502 1.735201 42.649563
v 81.507233 1.436043 42.382595
v 78.297272 1.324184 43.149670
v 78.312889 1.326382 43.750515
v 79.265099 1.509101 43.564037
v 79.249481 1.506903 42.963192
v 80.902351 0.139720 41.640087
v 80.669174 -0.526991 41.960751
v 80.736046 0.135379 42.074886
v 81.052368 -0.511144 41.824108
v 78.274200 0.644604 42.233471
v 79.013405 0.883818 42.505428
v 78.273308 -0.031854 42.170589
v 79.004623 0.146103 42.431973
v 79.850349 0.798277 42.500957
v 78.334290 -0.023269 44.516659
v 79.290161 -0.516368 44.442287
v 79.291046 0.160090 44.505169
v 78.328888 -0.700362 44.280132
v 82.362801 0.780967 43.432568
v 81.812088 0.795607 43.913555
v 82.404678 0.130749 43.483868
v 81.731857 0.133265 43.776592
v 81.012100 0.795728 44.193737
v 79.841888 1.350360 42.461956
v 80.296974 0.798116 42.323574
v 80.272987 1.460709 42.260235
v 80.161499 1.105635 43.885509
v 80.917168 1.458558 43.944897
v 80.265587 0.796137 44.349712
v 81.045280 -1.191921 44.282284
v 81.165581 1.283350 41.963284
v 80.770958 0.797818 42.134441
v 80.837502 1.325083 42.248058
v 81.047539 0.788821 41.818356
v 80.816650 -0.926704 42.212826
v 78.275101 -0.707935 42.210659
v 78.988426 -1.329300 42.295528
v 78.971931 -0.592067 42.172955
v 79.237411 1.392425 42.494061
v 78.280693 1.493311 42.519192
v 79.275635 1.149658 43.954205
v 78.332031 0.652745 44.458279
v 79.288788 0.836104 44.446758
v 78.029182 1.328557 44.253109
v 78.327682 -1.137024 44.215221
v 81.748459 -1.191795 43.805202
v 82.229797 -1.032934 43.269115
v 81.810776 -0.529414 43.911572
v 82.367622 -0.518997 43.438335
v 82.252304 1.304506 43.297009
v 81.751083 1.458249 43.809200
v 80.319366 -0.972445 42.383724
v 79.840683 -0.972162 42.462276
v 80.285255 -1.191506 44.442181
v 81.125816 -1.161550 41.914196
v 79.256729 -1.324192 44.376568
v 78.287613 -1.475620 42.659420
v 77.293953 0.867177 44.256069
v 76.660316 1.182316 43.943783
v 76.891602 1.385167 43.369534
v 77.098763 1.015919 42.486797
v 77.699860 0.519505 42.326275
v 77.789238 -0.016242 42.314068
v 77.571663 -1.008927 42.541439
v 77.201248 -1.656375 43.374264
v 77.463509 -0.515330 44.302410
v 77.286148 0.427036 44.282223
v 81.973206 1.752394 41.774151
v 81.490280 1.491691 41.241619
v 82.708298 -1.038495 42.584362
v 81.439026 -0.510179 41.178661
v 81.521194 0.789282 41.275646
v 111.833855 -7.082041 18.088453
v 112.027260 -7.056028 17.431135
v 112.595009 -7.055287 17.682646
v 112.308762 -7.081207 18.308638
v 112.579346 -4.614739 17.721083
v 112.011597 -4.615479 17.469572
v 112.331894 -4.600842 18.262312
v 111.844330 -4.601664 18.037870
v 111.686127 -5.651687 18.581785
v 112.050568 -6.313087 18.874632
v 112.137466 -5.653195 18.685728
v 111.657761 -6.314003 18.682173
v 112.968643 -5.699872 16.867781
v 112.313477 -6.368165 16.454405
v 112.276962 -5.700490 16.574446
v 113.020622 -6.367564 16.752958
v 111.040298 -6.999299 17.504881
v 111.116440 -7.011540 16.973738
v 111.687317 -7.012236 17.160719
v 111.513786 -6.998765 17.710814
v 113.367477 -7.039827 18.104856
v 114.139496 -6.954155 18.528181
v 113.119797 -6.991768 18.646620
v 113.892387 -6.994623 19.068541
v 111.668480 -4.075642 17.206984
v 111.099373 -4.351497 17.015638
v 111.494942 -4.062170 17.757078
v 111.023224 -4.339255 17.546782
v 113.875282 -4.328975 19.110548
v 114.122742 -4.342872 18.569304
v 113.350189 -4.345622 18.147291
v 113.102730 -4.331726 18.688520
v 110.913048 -5.650192 18.353910
v 111.304459 -6.317834 18.371336
v 111.334045 -5.655452 18.274488
v 110.946053 -6.319823 18.142973
v 113.503136 -4.972847 19.923338
v 112.930725 -4.986836 19.063597
v 113.482430 -5.636456 19.967497
v 112.910019 -5.650445 19.107725
v 112.158173 -4.989588 18.641569
v 114.448654 -5.690718 17.854170
v 113.727463 -6.361124 17.318708
v 113.748169 -5.697515 17.274549
v 114.356430 -6.350309 18.054747
v 111.193619 -5.030972 16.377546
v 111.879578 -5.033122 16.542128
v 111.205566 -5.697218 16.313459
v 111.843163 -5.694974 16.660612
v 112.255814 -5.034085 16.642271
v 112.137833 -4.434524 18.687010
v 111.698738 -4.988070 18.534895
v 111.675346 -4.321480 18.610365
v 112.741089 -4.712307 17.367170
v 112.177162 -4.362928 16.905470
v 112.939407 -5.033460 16.932875
v 112.295776 -7.031361 16.518568
v 110.957611 -4.486856 18.009092
v 111.347290 -4.991801 18.229460
v 111.377647 -4.465024 18.130796
v 110.937515 -4.989800 18.163923
v 111.382629 -6.724609 18.125380
v 113.504120 -6.302445 19.918913
v 112.872345 -6.977872 19.187864
v 112.823120 -6.310337 19.296644
v 112.910385 -4.431775 19.109037
v 113.614304 -4.145789 19.681639
v 113.513641 -4.709558 17.789183
v 114.419418 -5.024303 17.919279
v 113.718925 -5.031101 17.339659
v 114.591835 -4.352474 18.309614
v 114.333046 -6.778027 18.105146
v 111.860855 -7.025708 16.610624
v 111.178322 -6.883294 16.538084
v 111.888107 -6.363143 16.521162
v 111.202148 -6.360994 16.356596
v 111.169044 -4.492594 16.533415
v 111.843788 -4.365664 16.652525
v 111.728760 -6.766769 18.443678
v 112.154221 -6.765887 18.647169
v 112.992386 -7.030750 16.813566
v 110.964149 -6.987058 18.036009
v 113.614716 -7.019563 17.564161
v 113.694847 -7.069449 19.500441
v 115.229805 -4.301869 18.423567
v 114.956314 -4.016952 19.029936
v 114.721893 -4.175580 19.549055
v 114.549591 -4.556407 19.930235
v 114.448814 -4.975751 20.152876
v 114.481773 -5.642393 20.078825
v 114.457344 -6.305774 20.131941
v 114.568100 -6.845165 19.885710
v 114.739929 -6.986588 19.504774
v 115.278587 -6.352406 18.312284
v 115.269012 -5.687093 18.334547
v 115.218605 -5.019463 18.447233
v 110.654907 -4.246559 16.929502
v 110.713875 -4.520070 16.325148
v 110.716301 -5.226769 16.345198
v 110.731255 -5.882715 16.229872
v 110.721092 -7.105698 16.416349
v 110.678726 -7.182611 16.868269
v 110.592712 -7.040605 17.766783
v 110.566017 -6.512439 18.014250
v 110.555389 -5.203353 18.041563
v 108.814590 -7.263357 16.669783
v 108.513107 -7.212383 17.279478
v 108.054329 -7.214921 16.916227
v 108.432739 -7.265619 16.356276
v 108.034843 -4.812793 16.966322
v 108.493622 -4.810254 17.329573
v 108.361374 -4.820867 16.483473
v 108.753708 -4.818567 16.803755
v 109.018814 -5.873679 16.263136
v 108.761032 -6.531860 15.877411
v 108.635422 -5.874342 16.068937
v 109.074860 -6.529844 16.146910
v 107.538635 -5.847224 17.690809
v 108.055275 -6.497254 18.208189
v 108.100113 -5.844315 18.120481
v 107.480995 -6.500209 17.770247
v 109.853043 -7.175075 17.122953
v 109.803818 -7.167911 17.641981
v 109.062531 -7.164445 17.622801
v 109.244415 -7.172592 17.080076
v 107.445465 -7.206994 16.343626
v 106.836044 -7.129957 15.772461
v 107.771729 -7.181443 15.861466
v 107.163010 -7.191538 15.288483
v 109.039078 -4.274076 17.683073
v 109.782570 -4.549738 17.696577
v 109.220963 -4.282223 17.140348
v 109.831802 -4.556902 17.177565
v 107.141724 -4.567852 15.343200
v 106.815193 -4.559778 15.826064
v 107.423950 -4.555198 16.398924
v 107.750481 -4.563272 15.916060
v 109.919182 -5.877159 16.341063
v 109.454025 -6.527675 16.452406
v 109.413239 -5.871542 16.571928
v 109.905914 -6.528996 16.523298
v 107.643730 -5.234676 14.595061
v 107.988396 -5.223566 15.558455
v 107.681992 -5.890034 14.532683
v 108.026657 -5.878924 15.496078
v 108.597160 -5.218986 16.131330
v 106.407005 -5.858508 16.418058
v 106.958946 -6.506934 17.069151
v 106.920685 -5.851577 17.131544
v 106.539642 -6.516199 16.216124
v 109.729706 -5.195816 18.296232
v 108.831673 -5.191192 18.305052
v 109.730049 -5.849636 18.334974
v 108.879623 -5.847645 18.164183
v 108.121048 -5.190610 18.081053
v 108.614883 -4.674136 16.109953
v 108.987251 -5.218297 16.329847
v 109.011673 -4.564704 16.283384
v 107.822868 -4.894658 17.279005
v 108.231400 -4.539765 17.860868
v 107.566284 -5.193496 17.655729
v 108.094749 -7.152890 18.125486
v 109.876152 -4.718995 16.720121
v 109.389572 -5.216177 16.640348
v 109.349960 -4.693531 16.756788
v 109.895287 -5.219912 16.550596
v 109.377991 -6.918722 16.680616
v 107.664314 -6.544008 14.553024
v 108.098259 -7.189516 15.378601
v 108.152267 -6.536441 15.304535
v 108.006119 -4.678716 15.537078
v 107.483322 -4.410395 14.839538
v 107.214111 -4.899238 16.706144
v 106.434647 -5.204780 16.382978
v 106.948318 -5.197849 17.096464
v 106.345207 -4.555282 15.986480
v 106.577560 -6.939481 16.156324
v 108.880646 -7.156301 18.165510
v 109.762131 -7.025844 18.072660
v 108.842293 -6.500277 18.277754
v 109.740326 -6.504901 18.268934
v 109.739098 -4.671246 18.163145
v 108.859406 -4.538128 18.220121
v 108.972504 -6.966559 16.351881
v 108.631607 -6.968674 16.064878
v 107.529190 -7.155814 17.693174
v 109.902275 -7.182239 16.603941
v 107.118660 -7.165295 16.827177
v 107.425087 -7.282600 14.900177
v 105.907669 -4.793529 15.648650
v 106.472046 -4.253697 14.818999
v 106.850952 -4.528258 14.256347
v 106.916748 -6.545745 14.141190
v 106.780602 -7.113631 14.337448
v 106.169342 -7.181676 15.240616
v 105.931244 -7.046174 15.593842
v 105.778183 -6.517592 15.824844
v 105.812660 -5.864034 15.779647
v 105.767555 -5.208507 15.852141
v 110.607048 -4.408689 17.445005
v 110.573631 -4.787974 17.822187
v 110.566696 -5.858768 17.964659
v 110.629494 -7.175447 17.387297
v 110.737671 -6.537420 16.204527
v 133.117126 0.279881 8.167205
v 132.709686 0.240037 9.406295
v 131.840149 0.346361 8.022811
v 131.555832 0.306350 5.780777
v 131.327774 0.277753 6.769546
v 130.713501 0.276699 6.300369
v 132.681000 0.481311 6.891143
v 132.227936 0.310756 5.676544
v 132.609055 0.264074 7.788528
v 131.972794 0.331229 7.316009
v 132.225494 0.367442 7.504898
v 134.184677 0.562444 7.424438
v 130.304138 0.257098 6.749252
v 130.379013 0.488098 7.328079
v 134.105042 0.535922 6.838302
v 130.477951 0.124432 8.007659
v 132.061768 3.799649 9.519530
v 131.249939 3.312993 8.804656
v 131.445206 3.300941 9.422576
v 131.736511 3.917105 8.098449
v 133.247467 4.321023 8.022124
v 132.645844 3.813983 9.428435
v 133.097198 3.735232 9.252776
v 133.886887 3.265884 8.615096
v 133.110504 3.407963 6.557326
v 132.187286 3.412344 5.693573
v 132.570816 3.962745 6.977188
v 132.816559 3.159639 5.595077
v 131.100739 2.959356 6.653701
v 131.511444 3.693066 5.799376
v 130.843475 3.373510 5.901869
v 131.287415 3.055060 6.858718
v 132.477875 4.330131 7.770141
v 131.753311 3.103034 7.206619
v 130.428009 2.953737 8.029815
v 130.505127 2.724591 8.567031
v 134.053528 3.419790 6.856170
v 133.973175 3.433009 6.270263
v 132.161667 3.940362 7.527052
v 134.006104 3.724844 7.494873
v 134.485840 2.862881 8.243529
v 130.333878 3.329185 7.389328
v 130.236069 3.344028 6.667998
v 134.637665 2.044517 8.216201
v 134.708740 1.272901 8.192016
v 134.262955 0.664975 8.011077
v 133.125748 2.667528 5.545410
v 133.256378 2.650521 6.108581
v 133.251312 1.899219 5.523284
v 133.270157 1.879089 6.103820
v 133.972366 2.663980 6.159042
v 134.022980 1.886485 6.422912
v 133.193359 1.125608 5.529602
v 133.354004 0.339761 6.000518
v 132.899628 0.345184 5.572464
v 133.283936 1.107656 6.099029
v 133.999924 1.121114 6.149490
v 134.028305 0.347281 6.251129
v 130.232834 2.575222 6.538009
v 130.490997 1.819873 6.135482
v 130.252777 1.803800 6.584701
v 130.672333 2.590981 6.316009
v 130.731522 2.598338 5.916564
v 130.673828 1.824734 5.922836
v 130.229874 1.037066 6.303863
v 130.504730 1.048445 6.130264
v 130.751755 1.055050 5.908081
v 130.960785 0.461334 5.873611
v 130.680878 1.740099 9.507766
v 131.145416 2.515677 9.744063
v 130.744629 2.515055 9.435363
v 131.348923 1.750177 9.623748
v 130.417206 1.744351 9.168624
v 130.388992 2.289673 9.035811
v 131.290695 0.976977 9.630202
v 130.939209 0.982277 9.158111
v 131.541534 0.211364 9.588454
v 131.304840 0.227286 8.783782
v 130.568878 0.215235 8.690810
v 130.421448 0.974384 9.093734
v 131.398087 3.423063 5.082411
v 132.577957 3.383712 4.883346
v 132.581787 2.587446 4.888793
v 132.725906 1.858638 4.869995
v 132.775604 1.124329 4.867187
v 132.573120 0.469014 4.906402
v 132.101257 0.347853 4.987060
v 131.556000 0.316095 5.079452
v 130.874329 1.013597 5.189315
v 130.903427 1.752494 5.178787
v 130.799622 2.483651 5.190734
v 129.555634 2.894429 8.349746
v 129.438263 2.443543 6.939590
v 129.465820 1.709837 6.841278
v 129.536575 0.330429 7.009246
v 129.630081 0.231122 7.523605
v 129.731354 0.224370 8.111678
v 129.797073 0.365049 8.537993
v 129.632751 1.687267 8.506881
v 132.146957 1.760517 9.863570
v 132.160736 0.989085 9.858794
v 132.133179 2.531950 9.868361
v 132.106140 3.305562 9.776488
v 132.151428 0.323473 9.699630
v 132.126801 0.159187 9.496947
v 132.733673 0.440133 9.609191
v 132.744812 1.003421 9.767715
v 132.731033 1.774854 9.772491
v 132.448456 2.497282 9.892760
v 132.690216 3.319899 9.685409
v 134.606689 1.102522 7.373886
v 134.584381 2.644521 7.421768
v 134.595520 1.873523 7.397827
v 134.524536 1.116038 6.774826
v 134.510757 1.887471 6.779602
v 134.496979 2.658903 6.784393
v 132.715500 2.595893 9.884765
v 132.589600 2.089610 9.865081
v 134.733078 2.290495 7.777481
v 134.129959 0.537367 9.033263
v 133.201340 1.177951 10.100997
v 96.153679 -3.132619 19.536848
v 96.458176 -2.949764 18.380583
v 96.822411 -3.132159 18.691740
v 95.789444 -2.950226 19.225691
v 97.476082 -3.254150 19.250013
v 96.807350 -3.254610 20.095106
v 96.813515 -0.063540 20.098326
v 97.362663 -0.243744 20.567366
v 98.031395 -0.243284 19.722258
v 97.482254 -0.063081 19.253218
v 96.159607 -0.065430 19.539930
v 96.828339 -0.064970 18.694807
v 95.702774 -0.273159 19.149946
v 96.371506 -0.272698 18.304838
v 97.581085 -2.716422 20.755476
v 97.969032 -3.301134 19.670988
v 98.249817 -2.715963 19.910398
v 97.300293 -3.301594 20.516081
v 97.648788 -1.831194 20.812727
v 98.317520 -1.830733 19.967634
v 97.584503 -0.946346 20.757261
v 98.253242 -0.945886 19.912169
v 95.644974 -0.951950 19.101011
v 96.313705 -0.951490 18.255934
v 95.577271 -1.837179 19.043776
v 96.246002 -1.836719 18.198683
v 95.381767 -2.722777 18.877424
v 96.050507 -2.722316 18.032316
v 98.923294 -3.091253 16.237272
v 98.458611 -3.092596 15.840453
v 98.254662 -3.040072 17.082426
v 97.549698 -3.081285 17.896620
v 94.910896 -3.094014 21.307875
v 94.446213 -3.095357 20.911055
v 94.384895 -3.155261 22.004271
v 95.543098 -3.289382 20.431715
v 99.388123 -3.014696 16.634153
v 98.719383 -3.020120 17.479261
v 98.086685 -3.079735 18.355177
v 95.558952 -3.091968 22.028440
v 94.547928 -3.196903 22.643934
v 96.080093 -3.287829 20.890257
v 99.852669 -3.088568 17.030897
v 98.512482 -3.090189 18.718779
v 95.897476 -3.090774 22.525846
v 94.998543 -3.121596 23.010069
v 96.617081 -3.286278 21.348814
v 99.188797 -0.573306 17.878523
v 99.732285 -0.848976 16.926649
v 98.725159 -0.031485 17.482252
v 99.392776 -0.610912 16.636580
v 98.628899 -0.377731 18.816435
v 98.092957 0.163882 18.358427
v 95.039307 -0.577943 23.077040
v 95.902344 -0.575052 22.528364
v 94.712341 -0.576978 22.541136
v 95.563675 -0.650348 22.030882
v 96.085419 -0.530916 20.893019
v 96.622704 -0.379111 21.351744
v 98.260475 -0.032827 17.085432
v 98.928085 -0.612254 16.239759
v 97.555969 0.162331 17.899870
v 94.385429 -0.338230 22.005293
v 94.915451 -0.737552 21.310225
v 95.547966 -0.773049 20.434217
v 98.549316 -0.743165 15.916396
v 97.794739 -0.577334 16.688078
v 97.017929 -0.382385 17.440763
v 94.575752 -1.143800 21.020414
v 94.058418 -0.575047 21.469297
v 95.136406 -0.947932 20.082884
v 99.269562 -2.459854 17.948713
v 99.938301 -2.459394 17.103621
v 99.183937 -3.089029 17.875990
v 98.722237 -2.557824 18.897535
v 95.960190 -2.461626 22.616819
v 95.197487 -2.551400 23.336180
v 96.716042 -2.559205 21.432844
v 99.082359 -1.831468 17.788450
v 99.813057 -1.830829 16.996260
v 98.542519 -1.831556 18.743605
v 95.230606 -1.893834 23.390516
v 96.127144 -1.832111 22.860975
v 96.952240 -1.831735 21.634062
v 99.036674 -1.202673 17.749022
v 99.767380 -1.202033 16.956846
v 98.489723 -1.104920 18.698057
v 95.197731 -1.236074 23.336668
v 96.127968 -1.203182 22.861036
v 96.945816 -1.104965 21.628111
v 98.377846 -1.206048 15.770263
v 97.438606 -1.207289 16.384382
v 96.648468 -1.110240 17.125746
v 93.932938 -1.232341 21.263578
v 94.511650 -1.305142 20.965773
v 95.058983 -1.207171 20.016935
v 98.137039 -1.835670 15.565032
v 97.390495 -1.836356 16.343702
v 96.592873 -1.837188 17.078733
v 94.165657 -1.890691 21.644987
v 94.495964 -1.837359 20.952726
v 95.035805 -1.837271 19.997557
v 98.182716 -2.464465 15.604461
v 97.706680 -2.464369 16.614103
v 96.916161 -2.563042 17.355268
v 94.225883 -2.548532 21.743650
v 94.541641 -2.466154 20.992140
v 95.088593 -2.563907 20.043104
v 97.930885 -2.843273 16.805799
v 97.153313 -3.039768 17.558088
v 94.189728 -3.095203 21.684355
v 95.006111 -3.290933 19.973143
v 93.268761 -0.790734 21.991682
v 94.146744 -0.503461 23.554213
v 100.321587 -1.830325 16.501493
v 99.826683 -3.089608 16.079679
v 91.014732 -3.273919 24.643888
v 90.663734 -3.231272 24.019239
v 91.375084 -3.231310 23.631697
v 91.726082 -3.273956 24.256330
v 91.375534 -0.817728 23.632551
v 90.664185 -0.817690 24.020109
v 91.678688 -0.818679 24.172071
v 90.967346 -0.818641 24.559629
v 91.266235 -1.871482 25.091505
v 92.036598 -2.529369 24.808973
v 91.925041 -1.871355 24.610456
v 91.325249 -2.529331 25.196531
v 90.906769 -1.868159 22.798292
v 90.136856 -2.525601 23.081587
v 90.195419 -1.868122 23.185850
v 90.848198 -2.525639 22.694029
v 89.544205 -3.185794 25.333876
v 89.241051 -3.184843 24.794355
v 89.952393 -3.184881 24.406813
v 90.255554 -3.185832 24.946333
v 92.086433 -3.218778 23.244139
v 92.797791 -3.136811 22.856611
v 92.389595 -3.185945 23.783659
v 93.100937 -3.191524 23.396101
v 89.952942 -0.280732 24.407866
v 89.241539 -0.554190 24.795317
v 90.256096 -0.281684 24.947371
v 89.544701 -0.555141 25.334837
v 93.101433 -0.555330 23.397062
v 92.798279 -0.554378 22.857542
v 92.086929 -0.554341 23.245100
v 92.390091 -0.555292 23.784620
v 90.017105 -1.871951 26.175489
v 90.613907 -2.529293 25.584074
v 90.554886 -1.871444 25.479078
v 89.902557 -2.529255 25.971632
v 93.562447 -1.214440 24.217497
v 92.605911 -1.213633 24.168699
v 93.592918 -1.872200 24.271696
v 92.636383 -1.871392 24.222898
v 91.894569 -1.213595 24.556242
v 92.409210 -1.868485 22.165083
v 91.640053 -2.525929 22.449751
v 91.609581 -1.868170 22.395536
v 92.527298 -2.526519 22.375242
v 88.883194 -1.210729 24.157545
v 89.594536 -1.210767 23.770002
v 88.852470 -1.868296 24.102858
v 89.665489 -1.868653 23.896254
v 90.226143 -1.210554 23.240538
v 91.915230 -0.665662 24.593046
v 91.235764 -1.213722 25.037321
v 91.270546 -0.556168 25.099226
v 91.178062 -0.904647 23.281126
v 90.361076 -0.553314 23.480711
v 90.937492 -1.210592 22.852980
v 90.176544 -3.183389 23.152205
v 89.809967 -0.712539 25.806913
v 90.524414 -1.213685 25.424879
v 90.465546 -0.689954 25.320112
v 89.902802 -1.213929 25.972105
v 90.481758 -2.925355 25.348906
v 93.571449 -2.529796 24.233473
v 92.692749 -3.186896 24.323164
v 92.747948 -2.529406 24.421431
v 92.626579 -0.665700 24.205473
v 93.419861 -0.389601 23.963758
v 91.889412 -0.904685 22.893583
v 92.439926 -1.210917 22.219770
v 91.640297 -1.210603 22.450224
v 92.825180 -0.553666 22.305387
v 92.559242 -2.951062 22.432066
v 89.649239 -3.183929 23.867292
v 88.991173 -3.047249 24.349684
v 89.594292 -2.526093 23.769514
v 88.882942 -2.526055 24.157072
v 88.967445 -0.681924 24.307524
v 89.649734 -0.553276 23.868254
v 91.201698 -2.971143 24.976622
v 91.913048 -2.971180 24.589079
v 90.887894 -3.183427 22.764662
v 89.847359 -3.186746 25.873396
v 91.783279 -3.184043 22.704618
v 93.343605 -3.277287 23.827955
v 93.493828 -0.405005 22.392241
v 93.797012 -0.235854 22.931807
v 94.126274 -1.213949 23.517744
v 94.185532 -1.871799 23.623198
v 94.192253 -2.551018 23.635115
v 94.061447 -3.103164 23.402311
v 93.796463 -3.185905 22.930738
v 93.493309 -3.184954 22.391218
v 93.273254 -3.054005 21.999601
v 93.135201 -2.526166 21.753950
v 93.172264 -1.868619 21.819914
v 93.135445 -1.210839 21.754423
v 88.230782 -1.210580 24.426558
v 88.267601 -1.868359 24.492079
v 88.368591 -3.053745 24.671766
v 88.891800 -3.185645 25.602873
v 89.156784 -3.102904 26.074476
v 89.280869 -1.871539 26.295332
v 85.205574 -1.209187 35.577511
v 84.559525 -1.166950 35.533794
v 84.589447 -1.166628 34.723278
v 85.235489 -1.208866 34.766964
v 84.584084 1.195730 34.722210
v 84.554169 1.195408 35.532726
v 85.141983 1.194371 34.759914
v 85.112061 1.194049 35.570446
v 85.664803 0.163131 35.608120
v 85.805016 -0.480517 34.805264
v 85.598030 0.163689 34.791058
v 85.775093 -0.480839 35.615780
v 83.724121 0.168252 34.664364
v 83.588104 -0.475513 35.467922
v 83.694206 0.167930 35.474911
v 83.618027 -0.475191 34.657406
v 85.057472 -1.123583 37.192532
v 84.499580 -1.122225 37.154827
v 84.529495 -1.121903 36.344311
v 85.087395 -1.123261 36.382015
v 84.619339 -1.154004 33.912762
v 84.649078 -1.073418 33.102200
v 85.177155 -1.122295 33.950466
v 85.207085 -1.127398 33.139950
v 84.523056 1.720611 36.342999
v 84.493744 1.452598 37.153652
v 85.080948 1.719252 36.380718
v 85.051636 1.451239 37.191372
v 85.201241 1.452849 33.138760
v 84.643341 1.454208 33.101040
v 84.613426 1.453886 33.911556
v 85.171318 1.452527 33.949276
v 85.924362 0.161710 37.250759
v 85.745178 -0.481161 36.426296
v 85.634880 0.162809 36.418652
v 85.715256 -0.481483 37.236813
v 86.051323 0.807077 33.196423
v 85.570190 0.807854 33.976452
v 86.109085 0.163234 33.200527
v 85.627953 0.164011 33.980541
v 85.540268 0.807532 34.786968
v 83.930717 0.168538 33.053265
v 83.796097 -0.475230 33.856884
v 83.738335 0.168613 33.852810
v 84.149719 -0.475697 33.068279
v 83.835960 0.810498 37.109371
v 83.865875 0.810820 36.298855
v 83.781113 0.166929 37.105846
v 83.998131 0.166795 36.307980
v 83.749046 0.811499 35.478405
v 85.576889 1.343807 34.789272
v 85.607040 0.806974 35.604015
v 85.669365 1.450524 35.608044
v 84.220909 1.110934 34.697689
v 83.995682 1.454601 35.494884
v 83.778969 0.811821 34.667889
v 83.662834 -1.119397 35.473171
v 85.540199 1.296808 37.224438
v 85.577118 0.806652 36.414532
v 85.467445 1.319351 36.406979
v 85.712334 0.805928 37.236217
v 85.503014 -0.868632 36.410030
v 86.071266 -0.480376 33.198177
v 85.735046 -1.123654 33.988186
v 85.834938 -0.480195 33.994747
v 85.606812 1.344129 33.978756
v 85.786804 1.614611 33.178295
v 84.250832 1.111256 33.887173
v 83.985565 0.812106 33.056759
v 83.793175 0.812181 33.856319
v 84.228661 1.455361 32.778164
v 84.209587 -0.891276 33.072430
v 83.971603 -1.120544 36.306591
v 84.039391 -0.987199 37.123669
v 83.868797 -0.476592 36.299450
v 83.838875 -0.476914 37.109966
v 83.989655 1.327962 37.119595
v 83.965767 1.454278 36.305401
v 85.548859 -0.913101 35.600613
v 85.578781 -0.912779 34.790096
v 83.692757 -1.119075 34.662655
v 85.615364 -1.124942 37.230251
v 84.061363 -1.119578 33.875027
v 85.653870 -1.211684 33.170177
v 84.605400 1.600832 32.261501
v 85.771362 0.808164 32.340557
v 83.950867 -0.474806 32.217892
v 84.017395 0.168734 32.222179
v 84.956619 1.763746 37.887569
v 85.600891 1.501325 37.931210
v 84.399101 1.598613 37.849941
v 83.985909 1.221386 37.822124
v 83.811096 0.166515 37.810619
v 83.744568 -0.477025 37.806332
v 83.999985 -0.993856 37.823757
v 84.405266 -1.122337 37.851192
v 85.450600 -1.043084 37.921825
v 85.689850 -0.481763 37.937832
v 85.675789 0.161973 37.936687
v 85.565056 0.805945 37.929028
v 87.263283 -1.902812 28.522581
v 86.724655 -1.660824 29.495695
v 86.651894 -1.874411 28.272932
v 86.113068 -1.544825 29.246031
v 85.501740 -1.543235 28.996382
v 86.202927 -2.132038 27.730803
v 85.429306 -1.898041 27.773664
v 84.883507 1.506498 28.745359
v 85.493874 1.926998 28.994780
v 86.032501 1.685011 28.021650
v 85.422134 1.264511 27.772215
v 86.105202 1.925408 29.244429
v 86.643829 1.683421 28.271299
v 86.717484 1.501729 29.494261
v 87.256111 1.259741 28.521116
v 84.890678 -1.656054 28.746794
v 84.896652 -1.106023 27.556517
v 84.358025 -0.864036 28.529661
v 84.833160 -0.315224 27.530958
v 84.294533 -0.073237 28.504103
v 85.312866 0.474162 27.727217
v 84.774246 0.716149 28.700346
v 86.830330 0.710801 29.539976
v 87.368958 0.468814 28.566832
v 87.157860 -0.080684 29.673353
v 87.696487 -0.322671 28.700209
v 87.097954 -0.871162 29.648512
v 87.636581 -1.113149 28.675383
v 87.832207 -1.354408 27.899015
v 87.793358 -2.353126 26.621321
v 88.211304 -2.538611 26.251127
v 87.479355 -2.368966 27.116468
v 87.154686 -2.116427 27.537626
v 87.729576 -2.144768 27.843748
v 85.447594 -1.332153 30.402403
v 85.917145 -1.257425 30.495451
v 85.668846 -1.337899 31.283308
v 85.123688 -1.086432 31.252897
v 86.157257 -1.603519 30.197111
v 85.552383 -1.305169 30.019957
v 87.420677 -2.653662 26.143614
v 87.901459 -2.889542 25.732542
v 86.999832 -2.361311 26.691771
v 86.580444 -2.373868 27.231642
v 84.904068 -1.321672 30.299543
v 84.579567 -1.292911 31.222685
v 84.947472 -1.300011 29.842741
v 87.591675 -2.888613 25.214140
v 86.518280 -2.355578 26.265593
v 86.005096 -2.140179 26.925428
v 84.369972 -1.490675 30.202681
v 84.090958 -1.171380 31.195463
v 87.404861 0.354775 26.130217
v 87.654434 -0.395637 25.319288
v 87.044022 0.003960 25.661482
v 87.902000 0.006759 25.733625
v 86.982208 0.826907 26.683058
v 86.501701 0.531345 26.257750
v 86.572083 1.315770 27.229948
v 85.997925 1.022375 26.923964
v 84.896042 1.420560 30.400526
v 84.094559 1.182676 31.194868
v 84.574196 1.074107 31.221617
v 84.369194 1.128651 30.201674
v 84.348808 1.416831 29.667921
v 84.953484 1.834478 29.845137
v 87.775009 0.345112 26.604597
v 88.211731 -0.259817 26.251951
v 87.460609 0.818889 27.106779
v 87.146904 1.314240 27.536055
v 85.118416 1.238248 31.251844
v 85.443138 1.423512 30.504057
v 85.558411 1.829400 30.022352
v 88.157234 -0.016341 27.088194
v 88.521515 -0.260746 26.770384
v 87.936737 0.507192 27.528715
v 87.722404 1.017786 27.842314
v 85.632767 1.170330 31.280485
v 86.009048 1.131137 30.512007
v 86.163582 1.401585 30.199583
v 87.047089 -2.652204 25.665052
v 87.454300 -2.230538 24.984251
v 86.977318 -1.989409 25.577162
v 86.634850 -1.629342 26.370207
v 85.725365 -1.348801 26.777052
v 84.147202 -0.838735 30.160490
v 83.934677 -0.689983 31.186613
v 84.234940 -0.835203 29.634077
v 84.342529 -1.588032 29.665449
v 87.423157 -1.572781 24.932188
v 87.110863 -1.330889 25.747328
v 86.582993 -0.905680 26.325911
v 85.665565 -0.558008 26.745817
v 83.966972 -0.111399 30.126326
v 83.878258 -0.046143 31.183256
v 84.175652 -0.083291 29.616880
v 87.535767 -0.915455 25.120665
v 87.148643 -0.664267 25.795683
v 86.626671 -0.185662 26.366392
v 85.895294 0.232015 26.868727
v 84.026588 0.547960 30.136686
v 83.931755 0.597429 31.186018
v 84.238083 0.667230 29.635313
v 88.220367 -0.699686 27.169218
v 88.712715 -0.918983 27.090315
v 88.031075 -0.211929 27.610243
v 87.828621 0.226869 27.898283
v 86.032349 0.592326 31.302900
v 86.103004 0.457479 30.529631
v 86.272629 0.650082 30.231367
v 88.258858 -1.357995 27.218626
v 88.743858 -1.576740 27.142408
v 88.085075 -0.933193 27.656248
v 87.888428 -0.563924 27.929533
v 86.176353 -0.051727 31.311155
v 85.965347 -0.213530 30.504484
v 86.332283 -0.101537 30.248701
v 88.226089 -2.004503 27.177610
v 88.577423 -2.233904 26.863829
v 88.041130 -1.654999 27.615721
v 85.766319 -0.694433 31.288542
v 86.097282 -0.874800 30.529524
v 86.269455 -0.852487 30.230131
v 88.107674 -2.305491 27.024351
v 88.521042 -2.774509 26.769453
v 87.956665 -2.378658 27.539549
v 85.162910 1.765965 32.299160
v 85.807190 1.503545 32.342815
v 84.192200 1.223605 32.233715
v 83.947937 0.812605 32.217297
v 84.206268 -0.991637 32.235317
v 84.611565 -1.120117 32.262753
v 85.169456 -1.121476 32.300488
v 85.656906 -1.040864 32.333431
v 85.896149 -0.479544 32.349422
v 85.882103 0.164192 32.348293
v 88.589180 -0.404745 25.064421
v 88.364105 -0.790476 24.663862
v 88.892349 -0.235595 25.603971
v 89.242081 -0.503202 26.226347
v 89.221626 -1.213689 26.189924
v 89.287605 -2.529224 26.307295
v 88.588661 -3.184692 25.063398
v 88.230537 -2.525906 24.426085
v 102.984818 -4.492025 14.793563
v 102.233818 -3.975103 15.017776
v 101.909088 -3.981008 14.434157
v 102.906479 -4.843453 14.283202
v 101.558899 -4.095448 13.860229
v 102.262474 -1.095265 13.592711
v 102.681107 -0.688940 14.140624
v 103.441597 -0.998399 14.085418
v 103.276482 -1.426943 13.477889
v 103.005836 -0.683035 14.724227
v 103.510880 -0.985333 14.729018
v 103.236664 -1.077549 15.343535
v 103.484322 -1.387743 15.408660
v 102.609894 -4.541750 13.631942
v 102.677742 -3.773040 13.121657
v 101.452805 -3.350531 13.286559
v 102.850281 -2.996108 12.989165
v 101.595924 -2.601081 13.160781
v 103.084366 -2.207566 13.428527
v 102.027588 -1.846384 13.553573
v 103.119766 -1.826523 15.516433
v 103.317383 -2.163619 15.593123
v 103.116898 -2.573422 15.894286
v 103.174774 -2.934908 16.003584
v 102.908234 -3.324064 15.902267
v 102.988258 -3.714477 16.006193
v 103.708290 -4.248181 15.375960
v 103.163712 -4.506721 15.380080
v 105.279297 -6.385074 15.057648
v 104.739090 -5.752336 14.280654
v 105.371735 -6.169843 14.512160
v 104.562950 -5.695280 14.733199
v 104.233795 -5.556376 14.415328
v 104.113434 -5.551778 15.020751
v 103.483467 -5.015148 14.717147
v 103.409752 -5.027371 15.394103
v 100.774773 -3.343725 15.408690
v 101.101715 -3.266364 15.774779
v 100.531982 -3.115098 16.159239
v 100.138855 -2.882885 15.748046
v 101.309433 -3.510906 15.064391
v 105.007469 -6.056955 13.666656
v 105.691605 -6.522053 13.995514
v 104.354004 -5.562938 13.807174
v 103.491470 -5.284496 14.044295
v 100.410667 -3.340088 14.974730
v 99.685059 -3.084976 15.422164
v 100.871040 -3.513386 14.447448
v 105.184883 -6.068582 13.119231
v 105.909523 -6.534086 13.470047
v 104.474014 -5.571347 13.196563
v 100.017845 -3.505555 14.576644
v 100.399940 -3.793792 13.992797
v 105.508820 -3.149173 13.988265
v 106.288795 -4.120256 14.022826
v 105.656204 -3.501757 13.438079
v 106.109879 -3.721075 14.460921
v 104.918922 -2.484259 13.938048
v 105.049568 -2.783742 13.321425
v 104.185455 -1.647736 14.045043
v 104.251015 -1.952989 13.361373
v 100.707230 -0.714251 14.510039
v 99.637634 -0.742719 14.640227
v 99.998642 -0.840161 14.981185
v 100.363861 -1.021630 14.060775
v 101.196388 -0.942839 13.720305
v 101.596931 -0.539585 14.237105
v 105.288338 -3.145543 14.514831
v 105.756035 -3.966255 14.883697
v 104.724709 -2.477874 14.532210
v 104.053215 -1.633205 14.722625
v 100.446823 -0.678222 15.314971
v 101.076157 -0.705106 14.944945
v 101.903061 -0.537361 14.788985
v 104.994858 -3.482375 15.022536
v 105.446991 -3.954554 15.349792
v 104.466980 -2.764691 15.103683
v 103.854301 -1.909396 15.394103
v 100.840469 -0.736712 15.671645
v 101.451752 -1.000155 15.490081
v 102.114784 -0.936178 15.375991
v 106.178574 -5.902726 13.422973
v 105.292839 -5.429303 13.153121
v 104.604965 -4.867019 13.359496
v 103.612411 -5.069950 13.364364
v 103.778687 -4.298132 12.984618
v 99.985344 -2.889753 14.307311
v 99.318764 -2.975344 15.072799
v 99.261024 -2.520587 14.879302
v 100.512482 -3.080968 13.718078
v 106.320671 -5.267948 13.483153
v 105.347527 -4.788727 13.405944
v 104.716171 -4.169474 13.327163
v 103.970787 -3.520226 12.932616
v 99.995102 -2.201951 14.061141
v 99.303284 -1.910620 14.722579
v 100.772980 -2.367999 13.686248
v 106.319359 -4.627740 13.759627
v 105.459656 -4.143521 13.523406
v 104.849358 -3.472689 13.429183
v 104.096283 -2.735001 13.221908
v 100.028610 -1.576455 13.870055
v 99.431580 -1.299641 14.639464
v 100.972527 -1.655263 13.681228
v 104.819756 -4.140195 15.047301
v 105.145210 -4.583287 15.530425
v 104.278648 -3.456584 15.173217
v 103.651520 -2.686129 15.500808
v 101.075760 -1.280289 16.045774
v 101.536552 -1.637792 15.679793
v 102.002121 -1.647848 15.537414
v 104.664276 -4.774701 15.039321
v 105.003113 -5.218066 15.470229
v 104.105896 -4.151688 15.192519
v 103.459419 -3.464035 15.552825
v 101.102058 -1.889449 16.261122
v 101.322350 -2.275646 15.665664
v 101.864342 -2.360204 15.653823
v 104.552505 -5.400145 14.931289
v 105.058121 -5.860305 15.112777
v 104.251740 -4.850871 15.142928
v 100.694695 -2.503713 16.105558
v 101.291977 -2.901344 15.864058
v 101.849541 -3.073012 15.626449
v 101.630440 -3.786764 15.620223
v 102.533096 -4.077733 15.611068
v 99.831833 -0.431115 16.082335
v 100.175987 -0.799672 16.376448
v 99.367455 -0.269787 15.685714
v 98.830818 -0.526202 15.227614
v 98.860664 -1.205619 15.253554
v 98.768433 -1.834813 15.175185
v 98.756714 -2.463773 15.165618
v 98.956001 -3.012204 15.336120
v 99.362000 -3.090951 15.682876
v 100.377007 -2.459092 16.549208
v 100.164261 -2.964067 16.367872
v 100.379440 -1.201232 16.550459
v 106.146896 -4.414918 15.298324
v 106.495888 -7.189749 14.757706
v 106.904076 -5.891020 14.165709
v 106.834793 -5.234897 14.273971
v 138.670990 6.502776 15.125776
v 139.687775 7.065109 15.332548
v 139.517670 7.060219 15.933577
v 138.468689 6.182183 15.587157
v 139.374969 6.950535 16.538221
v 138.617035 9.847303 16.438322
v 138.686005 10.238811 15.823957
v 137.925461 9.756832 15.396376
v 137.735611 9.365349 15.998213
v 138.856110 10.243699 15.222944
v 138.208466 9.761684 14.831327
v 139.127380 9.861973 14.635237
v 138.584610 9.379903 14.303022
v 138.337189 6.468440 16.328672
v 138.013275 7.188475 16.695478
v 139.037766 7.670481 17.035154
v 137.810242 7.912207 16.683638
v 138.831116 8.394179 17.070829
v 137.858673 8.640247 16.169722
v 138.775620 9.122223 16.572477
v 139.347763 9.138669 14.551039
v 138.810501 8.656563 14.269239
v 139.627884 8.417082 14.255766
v 139.135757 7.934927 14.037016
v 139.800201 7.692397 14.341398
v 139.281677 7.210217 14.162901
v 138.456329 6.726031 14.132353
v 138.847534 6.483108 14.525602
v 137.216919 4.754321 13.210021
v 137.187256 5.348100 14.234511
v 136.866547 4.961091 13.580642
v 137.544373 5.394768 14.002669
v 137.610626 5.525761 14.499770
v 138.008087 5.522208 14.104232
v 138.287750 6.020672 14.815108
v 138.689438 6.000899 14.327987
v 141.145081 7.676928 15.683485
v 141.153152 7.750948 15.251371
v 141.893005 7.897704 15.207304
v 141.904968 8.009339 15.704954
v 140.462936 7.514832 15.711912
v 136.685715 5.074015 14.524901
v 136.379623 4.641940 13.754912
v 137.211914 5.527524 14.897582
v 137.939224 5.778661 15.343947
v 141.116821 7.681232 16.185438
v 142.028030 7.928491 16.162397
v 140.359283 7.513442 16.389936
v 136.278000 5.070655 14.832152
v 135.954620 4.638155 14.014876
v 136.812088 5.527599 15.297469
v 141.137848 7.522234 16.671873
v 140.401184 7.243580 16.955366
v 136.449768 7.772218 13.933119
v 135.932358 6.874421 13.322294
v 136.067444 7.452212 14.260740
v 136.278366 7.238851 13.107939
v 136.829819 8.386976 14.413557
v 136.424149 8.116966 14.807142
v 137.389618 9.158422 14.875593
v 136.995438 8.883510 15.370466
v 140.539200 10.217169 16.421095
v 141.491806 10.191232 16.799223
v 141.453903 10.096382 16.371031
v 140.482773 9.921060 16.924940
v 139.565079 9.996077 16.817335
v 139.625595 10.384662 16.235365
v 136.877289 7.768177 13.674055
v 136.750626 7.004361 13.026808
v 137.273605 8.384826 14.081221
v 137.832550 9.163170 14.431211
v 141.341125 10.251924 15.909925
v 140.564301 10.225203 15.916273
v 139.787231 10.386042 15.667433
v 137.352234 7.447913 13.479719
v 137.209381 7.008063 12.881147
v 137.755386 8.110424 13.810255
v 138.324203 8.897753 14.037321
v 141.288696 10.194637 15.454924
v 140.665039 9.939363 15.321760
v 140.049973 10.000206 15.113508
v 135.729858 5.226240 13.862319
v 136.208725 5.664282 14.733123
v 136.792114 6.180203 15.079177
v 137.499329 5.986541 15.801101
v 137.173187 6.708428 15.991423
v 140.965912 8.117196 16.898039
v 142.063980 8.035126 16.599562
v 141.968018 8.474542 16.777494
v 140.109222 7.932033 17.120893
v 135.650116 5.815557 13.717193
v 136.290070 6.256236 14.498229
v 136.685410 6.828726 15.031385
v 136.997849 7.432211 15.900908
v 140.777283 8.781622 17.087339
v 141.819214 9.063692 16.882246
v 139.877777 8.620266 17.030546
v 135.783234 6.406592 13.504454
v 136.260895 6.854396 14.329435
v 136.632538 7.475061 14.860060
v 137.045609 8.158385 15.586561
v 140.610168 9.385803 17.222853
v 141.655746 9.653650 16.890974
v 139.714920 9.308352 16.946608
v 137.499542 6.836023 13.580915
v 137.526154 6.420659 12.951002
v 137.935699 7.466302 13.884993
v 138.535309 8.174354 14.091963
v 141.375534 9.669067 15.056181
v 140.736374 9.323275 15.134199
v 140.258545 9.312932 15.036421
v 137.615692 6.246268 13.694137
v 137.605927 5.831341 13.096129
v 138.079117 6.819876 13.988386
v 138.710632 7.450570 14.182478
v 141.512650 9.080559 14.874922
v 140.896927 8.707544 15.239836
v 140.454041 8.625056 15.005751
v 137.649155 5.666343 13.855361
v 137.393066 5.239664 13.334167
v 137.961914 6.172159 13.913085
v 141.723679 8.487985 15.177626
v 141.066925 8.103160 15.097197
v 140.445038 7.936636 15.032103
v 140.615265 7.247604 15.133589
v 139.885300 6.965205 14.735151
v 142.520203 10.174962 16.428648
v 142.555878 9.786403 16.637129
v 142.545883 9.179001 16.578825
v 142.518646 8.084540 16.419477
v 142.307419 8.042308 15.184538
v 142.274338 9.180142 14.991301
v 142.290344 9.787520 15.084761
v 136.055649 7.016373 12.981001
v 136.515076 7.191036 12.791670
v 137.030792 6.177503 12.644134
v 137.130539 5.496094 12.641646
v 135.521347 6.182416 13.235106
v 135.058594 2.439877 11.136748
v 135.405533 3.109714 11.635756
v 135.943115 3.094389 11.283355
v 135.505066 2.060208 10.663360
v 136.490143 2.962631 10.951705
v 136.229477 6.181143 10.378081
v 135.657104 6.626027 10.653929
v 135.302933 6.045338 10.139037
v 135.875305 5.600454 9.863173
v 135.119507 6.641351 11.006330
v 134.765350 6.060663 10.491439
v 134.616714 6.227117 11.435302
v 134.262558 5.646428 10.920394
v 136.135971 2.381942 10.436797
v 136.537628 3.173263 9.987380
v 136.891800 3.753952 10.502273
v 136.526733 3.976345 9.808394
v 136.880890 4.557033 10.323302
v 136.038147 4.793043 9.942565
v 136.392303 5.373731 10.457473
v 134.584229 5.425273 11.642730
v 134.230057 4.844584 11.127822
v 134.362946 4.628810 11.973907
v 134.008789 4.048121 11.458999
v 134.482376 3.822635 12.081740
v 134.128204 3.241947 11.566833
v 134.154663 2.664871 11.020019
v 134.523224 2.427916 11.494018
v 133.959351 0.941207 9.970428
v 134.554276 1.524047 9.662246
v 134.193207 1.135550 9.377578
v 134.116013 1.565678 10.168777
v 134.627808 1.700691 9.987517
v 134.145203 1.692482 10.350463
v 134.620651 1.856291 10.685134
v 133.933258 1.838279 11.152068
v 135.940857 3.854808 12.394607
v 135.538483 3.941845 12.598845
v 135.679642 4.135234 13.021514
v 136.143463 4.383804 12.781295
v 135.877960 3.642804 11.922942
v 135.267883 1.271274 9.038497
v 134.712677 0.832127 8.836913
v 135.112823 1.707130 9.623336
v 135.232056 1.832860 10.226836
v 136.402100 3.854217 12.142028
v 136.604050 4.166704 12.644271
v 136.406525 3.635177 11.635055
v 135.461456 1.271483 8.873031
v 135.264496 0.843982 8.356521
v 135.600037 1.711900 9.258040
v 136.863770 3.672545 11.932891
v 136.948898 3.329319 11.406203
v 134.547821 3.950779 9.094832
v 134.489792 3.065821 8.525664
v 134.968643 3.634957 8.748885
v 134.023529 3.417221 8.929626
v 134.818878 4.566002 9.367156
v 135.304398 4.300694 8.996276
v 134.977570 5.341626 9.747436
v 135.521942 5.023568 9.411300
v 136.437271 6.673472 11.574110
v 137.028259 6.677761 11.924850
v 136.620773 6.573646 12.110884
v 136.898071 6.334932 11.321241
v 136.733887 6.383650 10.786268
v 136.190643 6.824756 11.043699
v 134.171371 3.942686 9.470153
v 133.630219 3.169554 9.420699
v 134.373734 4.559283 9.762511
v 134.465698 5.359380 10.131621
v 136.159897 6.747693 12.257444
v 135.972382 6.687802 11.825605
v 135.682831 6.835640 11.377424
v 133.835175 3.618468 9.877013
v 133.171280 3.158999 9.916793
v 133.969101 4.280444 10.182174
v 133.986313 5.076829 10.563842
v 135.723160 6.685370 12.446058
v 135.504883 6.371411 12.076384
v 135.210480 6.416286 11.787428
v 135.105392 1.432960 8.293593
v 135.333206 1.848949 8.813323
v 135.416229 2.363349 9.264663
v 135.781815 1.801253 9.921889
v 136.030792 2.599800 9.611907
v 137.022369 4.331102 11.698897
v 137.019226 4.283884 12.452300
v 137.154282 4.771366 12.291518
v 137.019470 4.088612 11.129272
v 134.970459 2.034820 8.364440
v 135.098953 2.439047 8.904540
v 135.409943 3.012217 9.184463
v 135.995331 3.403070 9.444350
v 137.141312 5.067225 11.469298
v 137.205460 5.425345 12.127913
v 137.005875 4.852300 10.961226
v 134.793945 2.605565 8.325942
v 134.961227 3.036394 8.898849
v 135.278320 3.657865 9.159728
v 135.702057 4.215281 9.470305
v 137.216400 5.737086 11.280227
v 137.163376 6.080492 12.001418
v 136.890137 5.617803 10.860381
v 133.685074 3.003642 10.311019
v 133.050308 2.565463 10.210738
v 133.971878 3.635691 10.320540
v 133.980438 4.274993 10.762435
v 135.381165 6.102837 12.710540
v 135.300003 5.689851 12.338378
v 135.182236 5.654334 11.982787
v 133.747345 2.413912 10.387053
v 133.166473 1.977381 10.248366
v 134.012558 2.989020 10.425963
v 134.015900 3.471723 10.930007
v 135.255676 5.449790 12.903731
v 135.448471 5.004707 12.410720
v 135.195496 4.890953 12.151000
v 133.868500 1.834612 10.411666
v 133.575333 1.396031 9.969573
v 133.994156 2.341591 10.333053
v 135.600250 4.790850 12.909850
v 135.367462 4.334789 12.604781
v 135.229813 4.118548 12.171798
v 135.363220 3.352187 12.269851
v 134.877380 3.008605 12.008925
v 135.718369 6.617275 13.134581
v 137.051697 6.913292 12.596418
v 137.150269 4.814946 12.670516
v 136.959259 4.221033 12.777236
v 136.556793 4.135794 12.939467
v 136.094955 4.137297 13.120284
v 135.539932 4.820188 13.301009
v 135.757858 4.273291 13.245009
v 135.586914 5.501119 13.246017
v 133.726685 3.282405 9.032958
v 133.246033 3.110981 9.505324
v 132.898636 2.743590 9.847625
v 132.973755 2.611310 10.177169
v 133.195587 1.916654 10.060958
v 133.729340 0.494774 9.514159
v 133.427719 0.609133 9.866942
v 134.539230 0.717942 8.435454
v 126.764107 -0.898371 9.190902
v 127.660736 -0.335772 8.789748
v 127.385635 -0.340262 8.210448
v 126.253822 -1.218666 8.719726
v 127.135101 -0.449541 7.622238
v 126.456161 2.447066 7.868530
v 126.640640 2.838152 8.480697
v 125.725204 2.355784 8.888671
v 125.540726 1.964699 8.276504
v 126.915741 2.842642 9.059997
v 126.000305 2.360275 9.467971
v 127.281448 2.460537 9.606429
v 126.366013 1.978169 10.014403
v 126.219666 -0.931908 8.030211
v 125.811043 -0.211655 7.588729
v 126.726479 0.270712 7.180770
v 125.613541 0.512043 7.591842
v 126.528976 0.994411 7.183868
v 125.660477 1.239732 8.109694
v 126.575920 1.722099 7.701721
v 127.501160 1.737200 9.650100
v 126.585724 1.254833 10.058074
v 127.817474 1.015441 9.897201
v 126.902046 0.533074 10.305175
v 127.959457 0.290836 9.777160
v 127.044014 -0.191531 10.185134
v 126.241585 -0.675837 10.177794
v 127.044968 -0.918438 9.768111
v 124.638885 -2.681546 10.691268
v 124.888855 -2.038063 9.772811
v 124.365219 -2.467146 10.216949
v 125.214310 -1.968938 10.126250
v 125.416145 -1.832568 9.715224
v 125.741455 -1.814680 10.230071
v 125.848671 -1.380738 9.598876
v 126.129524 -1.400805 10.176085
v 129.007233 0.276466 8.175689
v 129.134796 0.350185 8.609420
v 129.803360 0.497000 8.442504
v 129.443710 0.260531 7.946334
v 128.323853 0.038433 8.246291
v 124.415100 -2.370504 9.308608
v 123.876022 -2.847013 9.861434
v 125.089996 -1.852583 9.197845
v 125.629166 -1.622422 8.999404
v 128.869431 0.184587 7.676300
v 129.472733 0.359249 7.405120
v 128.147949 -0.034142 7.727584
v 124.056168 -2.394040 8.867293
v 123.486572 -2.870182 9.454543
v 124.763138 -1.874600 8.678176
v 128.725403 0.122463 7.180404
v 127.992950 -0.156081 7.104751
v 124.112549 0.697463 9.716079
v 123.370178 -0.317072 10.042876
v 123.774200 0.315198 9.269225
v 123.699966 0.111381 10.374480
v 124.664207 1.391122 9.448302
v 124.319450 1.063035 8.933272
v 124.986450 1.756946 9.264342
v 124.714737 1.482332 8.682113
v 128.264496 2.817151 7.606567
v 129.004120 2.791592 6.952697
v 129.089813 2.696439 7.395507
v 128.074036 2.521386 7.114105
v 127.255508 2.596217 7.304809
v 127.425835 2.984403 7.885635
v 124.504623 0.711805 10.123275
v 124.176529 -0.139196 10.644881
v 125.055222 1.410101 9.926848
v 125.317169 1.761436 9.814803
v 129.118256 2.851644 7.893096
v 128.427414 2.824835 8.108718
v 127.686600 2.985408 8.432891
v 124.952179 0.367258 10.495040
v 124.631104 -0.118395 10.965194
v 125.492363 1.119856 10.368743
v 125.706894 1.495802 10.333449
v 129.198532 2.794034 8.367110
v 128.563828 2.538590 8.619033
v 128.037811 2.599215 8.946563
v 123.228996 -2.205581 9.491591
v 123.978912 -1.720406 8.922210
v 124.710632 -1.129449 8.858474
v 125.304230 -1.414275 8.438186
v 125.029442 -0.692294 8.160293
v 128.509933 0.717563 7.001815
v 129.586945 0.635416 7.023681
v 129.470444 1.074943 6.903686
v 127.687912 0.532451 7.021728
v 123.128662 -1.535831 9.582778
v 124.028458 -1.040758 9.159865
v 124.608307 -0.396057 8.852279
v 124.837860 0.031404 8.189956
v 128.289932 1.382097 6.865234
v 129.321625 1.664150 6.862503
v 127.501770 1.220595 7.028152
v 123.239273 -0.856428 9.822585
v 123.976624 -0.358942 9.293014
v 124.532227 0.339779 8.977462
v 124.812866 0.757365 8.496886
v 128.103989 1.986354 6.776718
v 129.123932 2.254093 6.812881
v 127.368179 1.908603 7.144668
v 125.112877 -0.325001 10.470977
v 124.966301 -0.777397 11.039504
v 125.680511 0.392711 10.381988
v 125.925186 0.772466 10.348235
v 129.386612 2.268195 8.744216
v 128.797882 1.922380 8.847930
v 128.245239 1.911912 8.985229
v 125.244095 -0.993361 10.423141
v 125.066635 -1.447148 10.948318
v 125.912224 -0.333443 10.481292
v 126.116760 0.048768 10.318572
v 129.558685 1.679577 8.887450
v 128.910812 1.306744 8.695006
v 128.431473 1.224039 8.979156
v 125.299286 -1.654182 10.298354
v 124.877045 -2.130165 10.652862
v 125.667679 -1.074010 10.375503
v 129.661484 1.087239 8.521285
v 129.101288 0.702279 8.789870
v 128.417969 0.535635 8.953551
v 128.554916 -0.153305 8.817809
v 127.960403 -0.436070 9.360152
v 129.496613 3.331336 7.980285
v 129.437012 3.528199 7.482147
v 129.394531 3.238132 6.906920
v 129.502045 0.974964 6.829299
v 129.811630 0.951417 8.803710
v 129.601471 2.421470 8.568267
v 123.972839 -0.521290 11.158568
v 124.295250 -0.913339 11.401397
v 124.479538 -1.346146 11.546309
v 124.401672 -2.036594 11.510573
v 124.434067 -2.722955 11.553847
v 123.876740 -3.431183 11.174514
v 124.209663 -3.282658 11.409133
v 122.856583 -2.781450 10.423354
v 122.889542 -2.092665 10.426909
v 120.754898 -4.938167 13.859466
v 121.287552 -4.325406 13.002395
v 121.837021 -4.309573 13.411361
v 121.155426 -5.273774 14.493697
v 122.394485 -4.413216 13.797164
v 122.173332 -1.110655 14.437560
v 121.594345 -0.685711 14.114058
v 121.055565 -1.206996 14.988860
v 121.634552 -1.631941 15.312377
v 121.044876 -0.701544 13.705077
v 120.506096 -1.222828 14.579894
v 120.524933 -1.158152 13.210631
v 119.986145 -1.679437 14.085448
v 121.855705 -4.934500 14.671981
v 122.277557 -4.095112 15.187224
v 122.816345 -3.573827 14.312407
v 122.277725 -3.267874 15.388595
v 122.816505 -2.746589 14.513778
v 121.789658 -2.454704 15.226577
v 122.328438 -1.933420 14.351745
v 120.480400 -1.986669 12.976241
v 119.941620 -2.507953 13.851073
v 120.242920 -2.820744 12.598235
v 119.704132 -3.342029 13.473052
v 120.353661 -3.644786 12.479415
v 119.814880 -4.166071 13.354232
v 119.513412 -4.680517 14.405684
v 120.207306 -4.981997 13.445067
v 119.007195 -6.829737 16.956144
v 119.837326 -6.161253 16.550611
v 119.438469 -6.576683 17.335691
v 119.452698 -6.122726 16.276258
v 119.976471 -5.989315 15.680907
v 119.486069 -6.012361 15.313415
v 120.216110 -5.459451 14.734282
v 119.668518 -5.503281 14.319884
v 122.690918 -3.653900 11.939361
v 122.295105 -3.584929 11.658996
v 122.754662 -3.442306 10.852355
v 123.184525 -3.168198 11.235991
v 122.004478 -3.828793 12.403106
v 120.309967 -6.456354 16.827314
v 119.909904 -6.923431 17.598921
v 120.469284 -5.968234 16.049376
v 120.783691 -5.714055 15.090819
v 123.143723 -3.631306 12.278701
v 123.646408 -3.372310 11.526870
v 122.523537 -3.810050 12.790359
v 120.763062 -6.442724 17.164518
v 120.357262 -6.910541 17.931883
v 120.964317 -5.949007 16.418745
v 123.602905 -3.795332 12.572036
v 123.063690 -4.097450 13.118697
v 120.122459 -3.379986 17.432371
v 120.096664 -4.364852 18.359068
v 120.585571 -3.727715 17.694136
v 119.711662 -3.963099 18.172956
v 120.269745 -2.707968 16.689604
v 120.784256 -2.996728 16.998411
v 120.525673 -1.861075 15.837935
v 121.095764 -2.153224 16.187193
v 122.986977 -0.743140 12.736159
v 123.867172 -0.776998 12.321029
v 123.480881 -0.900504 12.006179
v 123.415176 -1.060342 13.099959
v 122.842331 -0.959850 13.718795
v 122.293076 -0.537087 13.416686
v 119.674057 -3.401863 17.096449
v 119.282494 -4.247510 17.787321
v 119.778099 -2.729389 16.321913
v 119.976204 -1.876908 15.428969
v 123.021957 -0.740605 11.706710
v 122.530243 -0.751783 12.397307
v 121.773994 -0.555745 13.029433
v 119.236404 -3.784556 16.685560
v 118.835136 -4.260399 17.454359
v 119.309525 -3.061088 15.895446
v 119.447365 -2.200721 14.960265
v 122.604233 -0.822395 11.378829
v 122.046616 -1.092895 12.083007
v 121.285088 -1.015841 12.557021
v 120.510803 -6.232617 18.210020
v 120.802170 -5.762809 17.357618
v 120.794800 -5.209726 16.472471
v 121.316925 -5.455784 15.546798
v 121.527306 -4.622488 15.904632
v 123.741974 -3.109790 12.841369
v 124.039139 -3.235079 11.849807
v 124.132973 -2.729091 12.042098
v 123.101974 -3.308956 13.338744
v 120.510941 -5.559114 18.373976
v 120.595467 -5.094203 17.368711
v 120.798744 -4.468378 16.654371
v 121.527473 -3.795252 16.106016
v 123.840111 -2.346439 13.099486
v 124.133102 -2.055588 12.206054
v 123.098839 -2.522485 13.527770
v 120.303482 -4.891592 18.383406
v 120.504189 -4.414085 17.467009
v 120.704651 -3.733366 16.762266
v 121.250870 -2.975988 16.101393
v 123.742714 -1.659412 13.195952
v 124.042938 -1.384686 12.302779
v 122.991287 -1.740154 13.638778
v 119.206390 -4.485033 16.492872
v 118.603867 -4.940565 17.118361
v 119.261581 -3.799040 15.682326
v 119.402832 -3.029237 14.725875
v 122.317421 -1.434404 11.018477
v 122.016541 -1.798400 11.889434
v 121.245468 -1.802982 12.336318
v 119.204559 -5.159126 16.327421
v 118.603729 -5.614068 16.954420
v 119.255280 -4.538025 15.499434
v 119.402672 -3.856475 14.524505
v 122.245338 -2.109981 10.800979
v 122.179893 -2.495918 11.839065
v 121.248268 -2.589156 12.147124
v 119.288177 -5.818723 16.227751
v 118.888916 -6.279350 17.002836
v 119.349762 -5.274828 15.391219
v 122.628380 -2.772444 10.922225
v 122.117302 -3.189248 11.624175
v 121.356186 -3.371925 12.036269
v 121.506516 -4.153690 11.956908
v 120.746086 -4.460712 12.570251
v 123.526329 -0.360008 10.833419
v 122.995132 -0.658331 10.460860
v 124.295288 -0.913335 11.401473
v 124.401703 -2.036591 11.510634
v 124.434097 -2.722953 11.553908
v 124.209709 -3.282654 11.409194
v 123.424347 -3.447956 10.850341
v 123.031792 -3.375139 10.566466
v 123.000900 -1.400972 10.486663
v 119.336380 -4.512300 18.493132
v 118.516281 -5.124114 17.934584
v 118.299706 -5.571673 17.795286
v 118.332977 -6.258033 17.838346
v 118.254227 -6.948483 17.802839
v 118.774658 -7.617043 18.187620
v 118.445457 -7.492888 17.952772
v 119.234390 -7.600250 18.510054
v 119.639038 -7.498092 18.791380
v 119.857048 -6.889925 18.927107
v 119.802094 -5.516785 18.849134
v 132.487839 -1.040545 1.320801
v 132.573898 -0.529922 2.347381
v 131.969742 -0.535979 2.391556
v 131.862335 -1.363223 1.078461
v 131.368820 -0.658573 2.451538
v 131.279236 2.562761 2.014358
v 131.871429 2.998754 1.911850
v 131.782883 2.577357 0.873154
v 131.190674 2.141365 0.975677
v 132.475586 3.004811 1.867676
v 132.387054 2.583415 0.828979
v 133.091705 2.580933 1.881851
v 133.003174 2.159537 0.843170
v 131.280273 -1.079969 1.412842
v 130.733246 -0.279896 1.341904
v 130.821777 0.141501 2.380600
v 130.649872 0.524826 1.237076
v 130.738403 0.946223 2.275757
v 131.103333 1.334931 1.092987
v 131.191879 1.756327 2.131683
v 133.223862 1.776700 1.983124
v 133.135315 1.355304 0.944443
v 133.568176 0.974594 2.068878
v 133.479630 0.553198 1.030197
v 133.529602 0.168650 2.182632
v 133.441055 -0.252747 1.143936
v 133.089722 -0.763204 0.257141
v 133.092758 -1.061797 1.280334
v 132.222534 -2.735706 -1.944076
v 131.807724 -2.141215 -1.116028
v 131.645950 -2.528720 -1.957580
v 132.289185 -2.094666 -1.159195
v 132.218735 -1.963318 -0.372787
v 132.939728 -1.967100 -0.412643
v 132.403564 -1.468105 0.484634
v 133.008423 -1.488171 0.443665
v 132.152954 0.040039 4.064056
v 132.580185 0.046294 4.054733
v 132.525513 0.451241 4.535125
v 132.129547 0.190745 4.632247
v 132.391006 -0.132540 3.290420
v 131.246979 -2.415157 -1.010925
v 131.093170 -2.847807 -1.841766
v 131.494690 -1.961325 -0.332062
v 131.808990 -1.709788 0.589951
v 131.651443 -0.031718 4.127914
v 131.648514 0.263895 4.779037
v 131.819901 -0.134579 3.331665
v 130.672699 -2.418352 -0.972168
v 130.526108 -2.851462 -1.803497
v 130.767899 -1.961018 -0.290527
v 131.167145 -0.209458 4.191314
v 131.256439 -0.435255 3.413482
v 131.104691 0.282605 -1.668594
v 130.539062 -0.615683 -2.360565
v 130.559570 -0.037218 -1.557052
v 130.975754 -0.251361 -2.479980
v 131.452011 0.897744 -1.028808
v 130.837753 0.627960 -0.920990
v 131.676483 1.669580 -0.240692
v 131.083191 1.394966 -0.127289
v 131.531418 2.978131 3.838882
v 131.311203 2.656556 4.454147
v 131.542603 3.091329 4.371841
v 131.097473 2.458488 3.828140
v 131.183670 2.625616 2.997207
v 131.743484 3.058326 2.897461
v 131.674194 0.278433 -1.705078
v 131.553574 -0.485851 -2.459717
v 132.076111 0.895415 -1.069351
v 132.280380 1.674070 -0.287704
v 132.052841 3.136880 4.387222
v 132.102432 2.787421 3.809540
v 132.314606 3.060448 2.856216
v 132.271957 -0.041910 -1.668701
v 132.120636 -0.482195 -2.497986
v 132.709793 0.620881 -1.042572
v 132.894852 1.408436 -0.268311
v 132.491943 2.858428 4.405654
v 132.601562 2.480268 3.717254
v 132.897034 2.631965 2.873443
v 130.247772 -2.263510 -1.931427
v 130.539444 -1.824802 -1.110123
v 130.910339 -1.308569 -0.460037
v 131.196762 -1.501641 0.584686
v 130.876389 -0.779661 0.429428
v 130.945694 0.452000 4.116088
v 131.426483 0.339237 4.782318
v 131.245377 0.924315 4.741638
v 131.135162 0.330290 3.316757
v 130.163879 -1.674304 -2.072479
v 130.717087 -1.233003 -1.269729
v 130.798874 -0.660093 -0.613907
v 130.787048 -0.055962 0.256180
v 130.761276 1.190750 4.027542
v 131.186371 1.549285 4.648086
v 131.059509 1.095483 3.216812
v 130.343124 -1.083401 -2.231292
v 130.747849 -0.634963 -1.420624
v 131.028870 -0.013882 -0.775330
v 131.001892 0.669999 0.059250
v 130.798401 1.862938 3.931427
v 131.211136 2.173526 4.584365
v 131.098785 1.860727 3.108627
v 132.397064 -0.653712 -1.524628
v 132.497498 -1.069512 -2.376693
v 132.861053 -0.023168 -0.893738
v 133.032959 0.685100 -0.098862
v 132.843018 2.180829 4.553665
v 132.906586 1.816848 3.754272
v 133.019638 1.867789 2.969864
v 132.483246 -1.243373 -1.383514
v 132.581390 -1.658719 -2.235641
v 132.959946 -0.669503 -0.740677
v 133.122284 -0.038599 0.074402
v 132.974167 1.592211 4.688552
v 132.885040 1.076526 3.859756
v 133.095627 1.102898 3.069748
v 132.460052 -1.823182 -1.237076
v 132.303619 -2.250256 -2.070190
v 133.033844 -1.317288 -0.578735
v 132.747925 0.823369 4.381011
v 132.735367 0.438153 3.989639
v 133.056000 0.337213 3.178024
v 132.969757 -0.429151 3.289749
v 133.181305 -0.640400 2.319031
v 131.933685 3.644930 4.990219
v 131.015396 2.967602 5.150558
v 131.152756 0.438623 5.146667
v 131.146286 -0.680183 -2.940826
v 130.656631 -0.926341 -2.891739
v 131.570679 -0.837296 -2.983383
v 131.885651 -1.194223 -3.014953
v 132.072174 -1.582634 -3.033661
v 132.020462 -2.190078 -3.028473
v 132.082428 -2.577341 -2.992676
v 131.571701 -3.370189 -2.826828
v 132.207443 -3.308200 -2.830002
v 131.081161 -3.391893 -2.731323
v 130.655548 -3.318659 -2.691498
v 130.592377 -2.797521 -2.885299
v 130.601959 -2.190078 -2.886261
v 130.685089 -1.582634 -2.894592
vn -0.0178 0.9603 -0.2783
vn -0.1841 0.9818 -0.0469
vn 0.0205 0.9997 0.0153
vn 0.0205 0.9995 -0.0251
vn -0.1973 0.9783 0.0639
vn 0.0584 -0.9891 -0.1349
vn 0.0512 -0.9937 -0.0997
vn -0.0168 -0.9715 0.2363
vn 0.0319 -0.9824 0.1838
vn -0.9592 -0.2740 0.0689
vn -0.9294 -0.3567 0.0945
vn -0.9888 0.1452 0.0335
vn -0.9689 0.2473 -0.0109
vn 0.9693 -0.2451 -0.0163
vn 0.9239 -0.2427 -0.2959
vn 0.9584 -0.0406 -0.2826
vn 0.9949 -0.0053 0.1006
vn -0.0160 0.9995 0.0280
vn 0.0180 0.9989 -0.0424
vn 0.0311 0.9993 0.0217
vn -0.1348 0.9895 -0.0524
vn 0.0207 0.9973 0.0706
vn -0.0217 0.9998 -0.0021
vn 0.1042 0.9945 0.0075
vn 0.0469 0.9986 0.0226
vn 0.0990 -0.9871 0.1256
vn -0.2231 -0.9687 0.1087
vn 0.0461 -0.9939 -0.1003
vn -0.2739 -0.9350 -0.2251
vn -0.0129 -0.9904 -0.1374
vn 0.1843 -0.9780 -0.0975
vn 0.1028 -0.9838 -0.1472
vn -0.0604 -0.9892 -0.1335
vn -0.9319 0.2871 0.2219
vn -0.9818 -0.1842 -0.0470
vn -0.9675 0.2400 -0.0794
vn -0.9403 -0.2973 -0.1658
vn -0.9562 -0.2666 -0.1207
vn -0.9911 -0.0244 -0.1308
vn -0.9318 -0.0150 -0.3628
vn -0.8997 -0.3004 -0.3167
vn -0.9947 -0.0163 0.1011
vn 0.9763 0.0997 0.1923
vn 0.9783 -0.0500 0.2009
vn 0.8495 0.3537 0.3915
vn 0.9124 0.4026 0.0737
vn 0.8601 -0.4646 0.2107
vn 0.9211 0.1085 0.3738
vn 0.9944 -0.0760 -0.0729
vn 0.9928 0.0137 -0.1187
vn 0.9001 -0.4170 -0.1261
vn -0.6645 -0.7395 0.1080
vn -0.9978 -0.0428 0.0510
vn -0.7345 -0.6775 -0.0387
vn -0.5513 0.8338 -0.0292
vn -0.5342 0.8441 -0.0467
vn 0.2418 -0.9686 0.0573
vn 0.3931 -0.9033 0.1719
vn 0.7560 -0.6545 -0.0112
vn 0.6637 0.7133 -0.2253
vn 0.6510 0.7449 0.1460
vn -0.6912 -0.4738 0.5456
vn -0.6346 -0.7726 -0.0203
vn -0.9602 -0.2669 0.0822
vn -0.5545 0.5856 0.5914
vn -0.6599 0.7352 -0.1546
vn -0.4842 0.8738 0.0458
vn -0.9469 0.3201 -0.0292
vn -0.2897 0.9527 0.0923
vn -0.5506 0.8037 -0.2257
vn -0.9567 -0.0937 -0.2757
vn -0.6165 -0.7094 -0.3417
vn -0.4263 -0.8959 -0.1250
vn 0.3867 -0.9212 -0.0439
vn 0.7722 -0.6246 0.1168
vn 0.8769 -0.4801 0.0224
vn 0.4600 -0.8841 -0.0818
vn 0.3582 0.8973 0.2581
vn 0.5685 0.8189 0.0789
vn 0.4906 0.8299 -0.2657
vn 0.9351 -0.0025 -0.3544
vn 0.4756 0.8755 0.0852
vn 0.8997 0.3597 0.2475
vn 0.6202 -0.7736 -0.1297
vn 0.6349 -0.7725 -0.0131
vn 0.5396 -0.8299 0.1420
vn 0.1993 -0.9774 0.0707
vn -0.0301 -0.9989 0.0353
vn -0.6845 -0.6764 0.2721
vn -0.9484 -0.1705 0.2672
vn -0.9750 -0.2141 0.0589
vn -0.9275 0.3730 -0.0263
vn -0.3810 0.9245 -0.0146
vn -0.0321 0.9990 -0.0317
vn 0.0966 0.9947 -0.0365
vn 0.4432 0.8882 -0.1210
vn 0.9484 0.3040 -0.0904
vn 0.9961 -0.0549 0.0688
vn 0.9572 -0.2831 0.0605
vn -0.0574 -0.7493 0.6598
vn -0.0475 -0.9569 0.2865
vn 0.2742 -0.7845 0.5563
vn 0.4152 -0.3681 0.8319
vn 0.7565 0.2124 0.6186
vn 0.6254 0.1441 0.7669
vn 0.5805 0.6624 0.4736
vn 0.0306 0.9899 0.1385
vn 0.0218 0.9991 -0.0355
vn -0.1843 0.9304 -0.3168
vn -0.8547 0.5062 -0.1146
vn -0.1358 0.9900 -0.0390
vn -0.1199 0.9927 -0.0131
vn -0.2871 0.9579 0.0054
vn -0.3427 0.9395 0.0029
vn -0.0560 0.9966 -0.0612
vn -0.0541 0.9985 -0.0085
vn 0.3440 0.9334 -0.1026
vn 0.3333 0.9428 0.0093
vn 0.0206 -0.9843 0.1756
vn 0.5081 -0.8585 -0.0693
vn 0.5081 -0.8585 0.0693
vn 0.1050 -0.9938 0.0358
vn -0.0908 -0.9698 0.2262
vn -0.1541 -0.9880 0.0072
vn -0.6716 -0.7127 0.2025
vn -0.6615 -0.7439 -0.0950
vn 0.8832 0.4542 0.1173
vn 0.8654 0.4776 -0.1517
vn 0.9969 0.0520 0.0586
vn 0.9661 -0.0414 -0.2546
vn 0.9040 -0.4268 0.0231
vn 0.9134 -0.3335 -0.2334
vn -0.9730 -0.2014 0.1125
vn -0.9645 -0.2556 0.0668
vn -0.9887 -0.0843 0.1238
vn -0.9937 -0.0848 0.0732
vn -0.8361 0.5215 0.1700
vn -0.8536 0.5209 -0.0022
vn -0.0115 0.9993 0.0342
vn -0.3949 0.9171 0.0539
vn -0.3249 0.9457 -0.0005
vn -0.1156 0.9933 -0.0018
vn -0.0389 0.9978 -0.0545
vn -0.2992 0.9517 -0.0689
vn -0.0171 0.9998 -0.0038
vn -0.7847 0.6192 -0.0295
vn -0.7872 0.5783 0.2143
vn -0.0000 0.9944 0.1061
vn 0.0254 0.9996 0.0126
vn -0.0170 0.9997 -0.0160
vn -0.0206 0.9979 -0.0608
vn -0.0111 0.9989 0.0447
vn 0.0145 0.9932 0.1157
vn 0.5792 0.8032 -0.1395
vn 0.5381 0.8411 -0.0549
vn 0.3593 0.9266 -0.1111
vn 0.5394 0.8243 0.1719
vn 0.5382 0.8218 0.1871
vn 0.9248 -0.3004 -0.2334
vn 0.1999 -0.9494 -0.2421
vn 0.7466 -0.6642 0.0382
vn 0.1449 -0.9844 -0.0995
vn 0.8349 -0.4760 -0.2765
vn 0.1982 -0.9801 -0.0106
vn 0.1592 -0.9747 0.1570
vn -0.1007 -0.9849 -0.1407
vn -0.1441 -0.9515 0.2719
vn 0.2966 -0.9348 0.1953
vn -0.2201 -0.9498 -0.2222
vn -0.0518 -0.9980 -0.0361
vn -0.2659 -0.9640 0.0040
vn -0.1065 -0.9784 -0.1771
vn -0.0858 -0.9488 0.3040
vn -0.2744 -0.9209 -0.2770
vn -0.5787 -0.8154 0.0115
vn -0.3687 -0.8839 0.2878
vn -0.1960 -0.9770 -0.0839
vn -0.5204 -0.8502 -0.0791
vn -0.5567 -0.7775 0.2926
vn 0.9811 -0.1616 -0.1063
vn 0.9998 -0.0132 -0.0129
vn 0.9376 0.1416 -0.3175
vn 0.8786 0.4214 0.2246
vn 0.8606 0.5086 0.0248
vn 0.9268 -0.3700 -0.0640
vn 0.9467 -0.2707 0.1745
vn 0.8657 -0.3274 -0.3786
vn 0.9426 0.3099 0.1242
vn 0.9404 0.3005 0.1591
vn 0.9879 0.1320 -0.0808
vn 0.9464 -0.2002 0.2533
vn 0.9209 0.1235 -0.3697
vn 0.9043 -0.4083 0.1248
vn 0.8802 -0.4105 0.2383
vn -0.8596 -0.4987 -0.1109
vn -0.5763 -0.1337 -0.8062
vn -0.2765 -0.4372 -0.8558
vn -0.9674 -0.1889 -0.1689
vn -0.6631 -0.0299 -0.7479
vn -0.3698 -0.3275 0.8695
vn -0.9251 -0.3726 0.0738
vn -0.9166 -0.3375 0.2142
vn -0.9657 -0.2592 -0.0172
vn -0.4673 0.0252 0.8838
vn -0.4272 0.4027 -0.8095
vn -0.5278 0.8115 -0.2508
vn -0.9985 -0.0023 -0.0547
vn -0.9769 0.0467 0.2087
vn -0.9682 0.2436 -0.0567
vn -0.5172 0.3575 0.7776
vn -0.4089 0.8767 -0.2532
vn -0.5068 0.8600 0.0593
vn -0.9992 -0.0375 0.0099
vn -0.9895 -0.0033 0.1443
vn -0.0117 -0.9436 0.3309
vn -0.7403 -0.5249 0.4200
vn 0.2031 -0.9603 0.1913
vn 0.5236 -0.8505 0.0510
vn 0.9302 -0.2893 0.2257
vn 0.9912 -0.0492 0.1226
vn 0.9587 0.2843 -0.0000
vn 0.4178 0.9049 -0.0811
vn 0.0943 0.9936 0.0617
vn -0.0409 0.9992 -0.0000
vn -0.3813 0.9147 -0.1338
vn -0.9199 0.2990 -0.2539
vn -0.9680 -0.2154 -0.1290
vn -0.9664 -0.2398 0.0922
vn -0.2507 0.9679 -0.0198
vn -0.2701 0.9628 0.0047
vn -0.1241 -0.9914 0.0416
vn -0.6930 -0.7207 -0.0154
vn -0.9741 -0.1991 0.1072
vn -0.9565 -0.2557 0.1406
vn -0.9495 -0.2734 0.1538
vn -0.9674 -0.2215 0.1230
vn -0.8897 0.3854 0.2450
vn -0.9012 0.4051 -0.1538
vn -0.3760 0.9266 0.0112
vn -0.3782 0.9212 -0.0916
vn -0.0059 0.9957 0.0922
vn -0.7965 0.5429 0.2662
vn -0.6997 0.7072 -0.1017
vn -0.0546 0.9985 -0.0055
vn 0.0034 0.9965 0.0830
vn 0.0369 0.9993 0.0021
vn 0.5753 0.8020 0.1608
vn 0.4004 0.9159 0.0279
vn 0.4113 -0.8996 0.1469
vn 0.0996 -0.9900 -0.1000
vn 0.2006 -0.9788 0.0404
vn -0.1414 -0.9859 -0.0899
vn -0.1895 -0.9545 -0.2302
vn -0.1982 -0.9801 -0.0106
vn -0.0180 -0.9774 -0.2106
vn -0.1038 -0.9855 -0.1342
vn -0.5076 -0.8432 -0.1768
vn -0.5323 -0.8461 -0.0290
vn -0.5440 -0.8382 -0.0391
vn -0.5768 -0.7947 -0.1889
vn -0.4901 -0.8648 -0.1094
vn 0.8879 0.4575 0.0477
vn 0.8648 0.4924 0.0982
vn 0.9830 0.0700 0.1697
vn 0.9283 0.3411 0.1476
vn 0.9880 0.1320 -0.0808
vn 0.9209 0.1236 -0.3697
vn 0.8893 -0.4182 0.1850
vn 0.9003 -0.4050 0.1593
vn -0.7687 -0.5991 -0.2238
vn -0.8294 -0.4881 -0.2718
vn -0.8739 -0.4766 0.0961
vn -0.9849 0.0355 -0.1695
vn -0.9434 -0.3306 0.0286
vn -0.9622 -0.2153 -0.1666
vn -0.9245 0.3086 -0.2238
vn -0.9487 0.2929 0.1192
vn -0.8501 0.4736 -0.2304
vn -0.9770 0.0633 0.2037
vn -0.8926 0.4507 0.0076
vn -0.6374 0.7701 -0.0243
vn -0.6933 0.7173 -0.0690
vn -0.9794 0.0298 -0.1999
vn -0.9720 -0.0706 0.2240
vn -0.9850 -0.0023 0.1724
vn 0.8623 -0.3981 0.3130
vn 0.9244 0.0480 0.3785
vn 0.9189 0.2993 0.2569
vn -0.9675 0.0455 -0.2489
vn -0.8608 0.2293 -0.4543
vn -0.9679 -0.2229 0.1163
vn -0.4875 0.8613 -0.1431
vn -0.8099 -0.5699 -0.1386
vn -0.0483 0.9982 -0.0345
vn -0.0131 -0.9967 -0.0796
vn 0.0762 0.9970 -0.0107
vn 0.2740 -0.9551 -0.1126
vn 0.3946 0.9145 0.0895
vn 0.4483 -0.8856 0.1218
vn -0.0029 -0.9917 0.1283
vn -0.7846 -0.5848 0.2060
vn 0.2488 -0.9683 0.0203
vn 0.5016 -0.8642 0.0403
vn 0.9226 -0.3409 0.1807
vn 0.9881 -0.0003 0.1540
vn 0.9572 0.2873 0.0353
vn 0.4238 0.9051 -0.0350
vn 0.0905 0.9958 0.0167
vn -0.0425 0.9990 -0.0106
vn -0.4192 0.9036 -0.0882
vn -0.8956 0.3202 -0.3088
vn -0.9706 -0.1308 -0.2021
vn -0.9606 -0.2278 0.1595
vn -0.0352 0.9966 0.0746
vn 0.0808 0.9965 0.0208
vn 0.1037 0.9943 -0.0249
vn 0.0484 0.9988 -0.0079
vn 0.0622 -0.9170 -0.3941
vn -0.1049 -0.9354 -0.3376
vn -0.0136 -0.9923 -0.1228
vn 0.1009 -0.9862 -0.1316
vn -0.9938 -0.1064 0.0307
vn -0.9317 -0.2733 0.2392
vn -0.9197 0.3744 0.1180
vn -0.9017 0.4177 0.1112
vn -0.9549 -0.2660 -0.1319
vn -0.9889 -0.0267 -0.1463
vn 0.9823 0.0959 0.1606
vn 0.9136 0.4045 0.0422
vn 0.9071 -0.4086 0.1005
vn 0.9614 0.0652 0.2673
vn -0.5514 0.8338 -0.0292
vn -0.5236 -0.8463 -0.0981
vn -0.6327 -0.7730 0.0466
vn -0.9429 -0.3021 0.1406
vn -0.8662 -0.4871 0.1112
vn -0.5045 0.8004 0.3237
vn -0.9403 0.3387 -0.0334
vn -0.3199 0.9398 0.1204
vn -0.4167 -0.9017 -0.1154
vn 0.8732 -0.4874 -0.0003
vn 0.4479 -0.8912 -0.0719
vn 0.5678 0.8223 0.0367
vn 0.5417 0.8389 -0.0525
vn 0.9096 0.4149 0.0207
vn 0.5504 -0.8213 -0.1499
vn 0.5351 -0.8163 0.2174
vn 0.2084 -0.9731 0.0984
vn -0.0463 -0.9975 0.0538
vn -0.6710 -0.6244 0.3998
vn -0.8616 -0.1489 0.4853
vn -0.9264 -0.1725 0.3346
vn -0.8490 0.4682 0.2449
vn -0.3311 0.9414 0.0644
vn -0.0543 0.9982 -0.0274
vn 0.0988 0.9945 -0.0346
vn 0.4879 0.8723 -0.0324
vn 0.9489 0.3042 0.0841
vn 0.9706 -0.0513 0.2350
vn 0.9511 -0.2553 0.1739
vn 0.0662 0.9970 0.0408
vn 0.0528 0.9982 0.0268
vn 0.1310 0.9693 0.2082
vn 0.2740 0.9176 -0.2880
vn 0.0563 0.9966 0.0610
vn 0.0542 0.9985 0.0083
vn -0.3435 0.9334 0.1041
vn -0.3334 0.9428 -0.0078
vn -0.0214 -0.9843 -0.1755
vn -0.5078 -0.8585 0.0715
vn -0.5084 -0.8585 -0.0671
vn -0.1052 -0.9938 -0.0354
vn 0.0898 -0.9698 -0.2266
vn 0.1239 -0.9914 -0.0422
vn 0.3596 -0.9090 -0.2108
vn 0.3533 -0.9352 0.0237
vn -0.8837 0.4542 -0.1134
vn -0.8647 0.4776 0.1555
vn -0.9972 0.0520 -0.0542
vn -0.9650 -0.0414 0.2589
vn -0.9041 -0.4268 -0.0191
vn -0.9124 -0.3335 0.2374
vn 0.2675 -0.9361 -0.2282
vn 0.2688 -0.9618 0.0522
vn 0.0086 0.9994 -0.0321
vn 0.0110 0.9995 0.0312
vn 0.2518 0.9673 -0.0307
vn 0.0055 0.9957 -0.0922
vn 0.7953 0.5429 -0.2697
vn 0.7103 0.7003 0.0706
vn 0.0544 0.9985 0.0071
vn 0.0079 0.9999 -0.0062
vn 0.7430 0.6589 -0.1177
vn -0.0010 0.9939 0.1105
vn -0.0038 0.9965 -0.0830
vn -0.0274 0.9996 0.0071
vn 0.0109 0.9989 -0.0447
vn -0.3799 0.8612 0.3377
vn -0.5760 0.8020 -0.1583
vn -0.3895 0.9209 0.0135
vn -0.5402 0.8243 -0.1695
vn -0.7837 -0.5155 0.3466
vn -0.2383 -0.9666 0.0947
vn -0.3891 -0.9207 0.0307
vn -0.0476 -0.9862 0.1588
vn -0.2008 -0.9788 -0.0395
vn 0.1418 -0.9859 0.0893
vn 0.1429 -0.9515 -0.2725
vn -0.2974 -0.9348 -0.1940
vn 0.1620 -0.9862 -0.0341
vn 0.0183 -0.9897 0.1419
vn 0.1044 -0.9855 0.1338
vn 0.0845 -0.9488 -0.3044
vn 0.5065 -0.8616 0.0322
vn 0.5562 -0.8249 0.1005
vn 0.4866 -0.8678 0.1011
vn 0.5839 -0.6853 -0.4353
vn -0.8179 0.1448 0.5569
vn -0.8855 0.4642 0.0189
vn -0.8652 0.4924 -0.0944
vn -0.8796 0.4214 -0.2208
vn -0.8876 -0.1778 0.4249
vn -0.9904 0.0337 -0.1339
vn -0.9290 0.3411 -0.1436
vn -0.9432 0.3099 -0.1201
vn -0.9632 0.1157 0.2425
vn -0.9206 -0.3574 -0.1571
vn -0.9010 -0.4050 -0.1554
vn -0.9048 -0.4083 -0.1209
vn 0.3189 -0.9273 0.1961
vn 0.9854 0.0660 0.1572
vn 0.9451 -0.3251 -0.0325
vn 0.8615 0.4694 0.1934
vn 0.9761 0.0633 -0.2080
vn 0.9692 -0.0311 -0.2444
vn 0.6323 0.2775 -0.7233
vn 0.9825 0.0300 0.1840
vn 0.9710 -0.0706 -0.2282
vn 0.9697 -0.0439 -0.2404
vn 0.7258 0.1677 -0.6672
vn 0.4920 0.8245 0.2794
vn -0.9520 -0.1449 -0.2697
vn -0.9309 -0.0848 -0.3553
vn -0.8857 0.2875 -0.3646
vn 0.9927 0.1115 0.0463
vn 0.9668 0.2425 0.0805
vn 0.9278 -0.3160 -0.1981
vn 0.4781 0.8780 -0.0250
vn 0.5171 -0.8348 -0.1887
vn 0.0794 0.9968 -0.0029
vn 0.2145 -0.9714 -0.1020
vn -0.0470 0.9988 -0.0151
vn -0.0238 -0.9968 0.0761
vn -0.4602 0.8766 -0.1408
vn -0.7513 -0.6320 -0.1902
vn 0.5296 -0.6922 0.4902
vn 0.0328 0.9831 -0.1800
vn 0.0095 0.9866 -0.1631
vn 0.0139 0.9489 -0.3153
vn -0.0188 0.9430 -0.3322
vn 0.0597 0.9953 -0.0765
vn 0.0061 0.9973 -0.0732
vn 0.1054 0.9122 0.3959
vn 0.0007 0.9200 0.3919
vn -0.1683 -0.9848 0.0436
vn 0.0768 -0.8142 0.5755
vn -0.0492 -0.8142 0.5785
vn -0.0285 -0.9912 0.1292
vn -0.2274 -0.9672 -0.1127
vn -0.0419 -0.9873 -0.1535
vn -0.2065 -0.6830 -0.7006
vn -0.0011 -0.6825 -0.7309
vn -0.0670 0.3805 0.9223
vn 0.1440 0.4037 0.9035
vn -0.0217 0.0406 0.9989
vn 0.2289 -0.0358 0.9728
vn 0.0021 -0.3435 0.9391
vn 0.2072 -0.2664 0.9413
vn -0.1062 -0.1522 -0.9826
vn -0.1359 -0.1972 -0.9709
vn -0.1419 -0.2126 -0.9668
vn -0.1179 -0.1708 -0.9782
vn -0.2237 0.4098 -0.8843
vn 0.1038 0.4272 -0.8982
vn -0.0358 0.9994 -0.0029
vn -0.0611 0.8918 -0.4483
vn -0.0207 0.8787 -0.4768
vn -0.0015 0.9886 -0.1507
vn 0.0549 0.9973 -0.0478
vn 0.0774 0.8913 -0.4467
vn -0.0929 0.9957 -0.0039
vn -0.2365 0.5791 -0.7802
vn 0.0489 0.6934 -0.7189
vn -0.0212 0.9968 -0.0772
vn 0.0062 0.9998 -0.0183
vn 0.0129 0.6498 -0.7600
vn -0.0079 0.9996 0.0275
vn 0.0146 0.9996 -0.0244
vn 0.0575 0.9980 -0.0248
vn -0.0846 0.9964 0.0056
vn -0.0423 0.9961 0.0771
vn -0.0433 0.9990 -0.0110
vn 0.1334 0.7955 0.5911
vn 0.0617 0.8226 0.5653
vn 0.1160 0.8981 0.4241
vn -0.1280 0.7793 0.6135
vn -0.0522 0.8879 0.4570
vn -0.1340 0.8038 0.5796
vn 0.2105 -0.2995 0.9306
vn 0.2439 -0.9370 0.2501
vn -0.0048 -0.6013 0.7990
vn 0.1041 -0.9769 0.1867
vn 0.2280 -0.4521 0.8623
vn 0.0163 -0.9683 0.2493
vn -0.1293 -0.8593 0.4948
vn 0.0750 -0.9923 0.0990
vn -0.0264 -0.9735 0.2271
vn 0.0878 -0.9781 -0.1885
vn -0.2733 -0.9453 -0.1784
vn -0.1919 -0.9255 0.3266
vn 0.2196 -0.9426 -0.2514
vn 0.0379 -0.9966 -0.0738
vn 0.0044 -0.9683 -0.2498
vn 0.0897 -0.9944 -0.0563
vn 0.1312 -0.9814 -0.1403
vn -0.3070 -0.9459 -0.1048
vn 0.1460 -0.7731 -0.6173
vn 0.0193 -0.7881 -0.6152
vn 0.0196 -0.7696 -0.6383
vn 0.2596 -0.8285 -0.4961
vn 0.0878 -0.8041 -0.5880
vn -0.2832 -0.7290 -0.6232
vn 0.1040 -0.1328 0.9857
vn 0.0346 -0.0111 0.9993
vn 0.2639 0.1191 0.9572
vn 0.0022 0.3967 0.9180
vn -0.0577 0.4005 0.9145
vn -0.1540 0.3391 0.9281
vn 0.0742 -0.2969 0.9520
vn -0.1112 -0.2114 0.9710
vn 0.3313 -0.2651 0.9055
vn -0.0887 0.0565 0.9945
vn -0.0910 0.2787 0.9561
vn -0.0742 0.2535 0.9645
vn 0.0865 0.1074 0.9904
vn -0.1744 -0.1546 0.9725
vn 0.3214 0.0983 0.9418
vn -0.0976 -0.3635 0.9264
vn -0.1008 -0.3420 0.9343
vn -0.0784 -0.3447 0.9354
vn 0.1642 -0.5020 -0.8491
vn 0.1966 -0.4191 -0.8864
vn -0.0969 -0.4077 -0.9080
vn 0.3869 0.1753 -0.9053
vn -0.0427 -0.2676 -0.9626
vn -0.1910 -0.2722 -0.9431
vn 0.1118 -0.1879 -0.9758
vn 0.1490 0.2683 -0.9517
vn -0.1207 0.2578 -0.9586
vn 0.1725 0.4029 -0.8989
vn -0.1791 0.0488 -0.9826
vn -0.1829 0.0359 -0.9825
vn -0.0316 0.3791 -0.9248
vn 0.0070 0.6765 -0.7364
vn 0.0391 0.6196 -0.7839
vn 0.1454 0.0242 -0.9891
vn -0.1945 -0.0555 -0.9793
vn -0.1570 -0.0014 -0.9876
vn 0.3365 0.1917 0.9219
vn -0.1225 -0.9923 -0.0188
vn -0.1204 -0.5681 -0.8141
vn -0.0390 -0.9488 0.3135
vn -0.0708 -0.8014 0.5939
vn -0.2105 -0.3020 0.9298
vn -0.1929 0.0004 0.9812
vn -0.1031 0.2484 0.9631
vn -0.0104 0.8709 0.4914
vn -0.0230 0.9937 0.1093
vn 0.0169 0.9981 -0.0590
vn 0.1211 0.8515 -0.5102
vn 0.3084 0.2545 -0.9166
vn 0.2274 -0.0934 -0.9693
vn -0.0758 -0.1848 -0.9798
vn 0.0350 0.9831 -0.1796
vn 0.0115 0.9866 -0.1630
vn 0.0178 0.9489 -0.3151
vn -0.0146 0.9430 -0.3324
vn 0.0606 0.9953 -0.0757
vn 0.0070 0.9973 -0.0732
vn 0.1005 0.9122 0.3972
vn -0.0042 0.9200 0.3918
vn -0.1688 -0.9848 0.0415
vn 0.0696 -0.8142 0.5764
vn -0.0564 -0.8142 0.5779
vn -0.0301 -0.9912 0.1289
vn -0.2260 -0.9672 -0.1156
vn -0.0400 -0.9873 -0.1540
vn -0.1978 -0.6830 -0.7031
vn 0.0081 -0.6825 -0.7309
vn -0.0785 0.3805 0.9214
vn 0.1327 0.4037 0.9052
vn -0.0342 0.0406 0.9986
vn 0.2168 -0.0358 0.9756
vn -0.0096 -0.3435 0.9391
vn 0.1955 -0.2664 0.9438
vn -0.0940 -0.1522 -0.9839
vn -0.1238 -0.1972 -0.9725
vn -0.1298 -0.2126 -0.9685
vn -0.1057 -0.1708 -0.9796
vn -0.2126 0.4098 -0.8870
vn 0.1150 0.4272 -0.8968
vn -0.0298 0.9995 -0.0094
vn -0.0260 0.8926 -0.4501
vn -0.0147 0.8787 -0.4771
vn 0.0004 0.9886 -0.1507
vn 0.0555 0.9973 -0.0471
vn 0.0830 0.8913 -0.4457
vn -0.0929 0.9957 -0.0050
vn -0.2267 0.5791 -0.7831
vn 0.0816 0.6893 -0.7199
vn 0.0060 0.9973 -0.0729
vn 0.0064 0.9998 -0.0183
vn 0.0224 0.6498 -0.7597
vn -0.0132 0.9997 0.0200
vn 0.0149 0.9996 -0.0242
vn 0.0578 0.9980 -0.0241
vn -0.0846 0.9964 0.0045
vn -0.0034 0.9988 0.0481
vn -0.0432 0.9990 -0.0115
vn 0.1062 0.7954 0.5967
vn 0.0546 0.8226 0.5661
vn 0.1107 0.8981 0.4255
vn -0.1356 0.7793 0.6118
vn -0.0253 0.8806 0.4732
vn -0.1412 0.8038 0.5779
vn 0.1989 -0.2995 0.9331
vn 0.2408 -0.9370 0.2531
vn -0.0715 -0.5506 0.8317
vn 0.0258 -0.9799 0.1980
vn 0.2173 -0.4521 0.8651
vn 0.0132 -0.9683 0.2495
vn -0.1395 -0.8709 0.4712
vn 0.0855 -0.9878 0.1298
vn -0.0293 -0.9735 0.2268
vn 0.0902 -0.9781 -0.1874
vn -0.2710 -0.9453 -0.1818
vn -0.1959 -0.9255 0.3242
vn 0.2227 -0.9426 -0.2487
vn 0.0628 -0.9913 -0.1159
vn 0.0075 -0.9683 -0.2498
vn 0.2074 -0.9781 -0.0184
vn 0.1329 -0.9814 -0.1387
vn -0.3057 -0.9459 -0.1087
vn 0.1536 -0.7731 -0.6154
vn 0.0942 -0.8115 -0.5767
vn 0.0276 -0.7696 -0.6380
vn 0.1807 -0.7490 -0.6375
vn 0.0951 -0.8041 -0.5868
vn -0.2754 -0.7290 -0.6267
vn 0.0917 -0.1328 0.9869
vn 0.0009 -0.0022 1.0000
vn 0.2519 0.1191 0.9604
vn -0.0390 0.3889 0.9205
vn -0.0691 0.4005 0.9137
vn -0.1656 0.3391 0.9261
vn 0.0623 -0.2969 0.9529
vn -0.1224 -0.2478 0.9611
vn 0.3200 -0.2651 0.9096
vn -0.1379 0.0549 0.9889
vn -0.1029 0.2787 0.9548
vn -0.0862 0.2534 0.9635
vn 0.0741 0.1074 0.9914
vn -0.0977 -0.1566 0.9828
vn 0.3096 0.0983 0.9458
vn -0.1529 -0.3418 0.9273
vn -0.1124 -0.3420 0.9330
vn -0.0900 -0.3447 0.9344
vn 0.1291 -0.4740 -0.8710
vn 0.2077 -0.4192 -0.8838
vn -0.0855 -0.4077 -0.9091
vn 0.1385 0.0455 -0.9893
vn -0.0307 -0.2676 -0.9630
vn -0.1792 -0.2722 -0.9454
vn 0.1556 -0.1946 -0.9685
vn 0.1609 0.2683 -0.9498
vn -0.1087 0.2578 -0.9601
vn 0.1938 0.4015 -0.8951
vn -0.1668 0.0488 -0.9848
vn -0.1706 0.0359 -0.9847
vn -0.0069 0.3839 -0.9233
vn 0.0161 0.6765 -0.7362
vn 0.0489 0.6196 -0.7834
vn 0.1677 0.0241 -0.9855
vn -0.1822 -0.0554 -0.9817
vn -0.1446 -0.0014 -0.9895
vn 0.0204 -0.9586 -0.2841
vn 0.0237 -0.7758 -0.6305
vn 0.0054 -0.9988 0.0491
vn -0.0049 -0.5940 0.8045
vn -0.0635 -0.1448 0.9874
vn -0.1920 -0.2088 0.9589
vn -0.1255 0.2923 0.9481
vn -0.0300 0.8756 0.4822
vn -0.0245 0.9977 0.0639
vn 0.0208 0.9933 -0.1140
vn 0.0340 0.8728 -0.4869
vn 0.1501 0.2769 -0.9491
vn 0.1660 -0.0945 -0.9816
vn 0.0281 -0.2573 -0.9659
vn -0.0329 0.9831 0.1800
vn -0.0095 0.9866 0.1631
vn -0.0140 0.9489 0.3153
vn 0.0186 0.9430 0.3322
vn -0.0597 0.9953 0.0765
vn -0.0061 0.9973 0.0732
vn -0.1052 0.9122 -0.3960
vn -0.0005 0.9200 -0.3919
vn 0.1683 -0.9848 -0.0435
vn -0.0765 -0.8142 -0.5755
vn 0.0495 -0.8142 -0.5785
vn 0.0286 -0.9912 -0.1292
vn 0.2274 -0.9672 0.1129
vn 0.0418 -0.9873 0.1535
vn 0.2062 -0.6830 0.7007
vn 0.0007 -0.6825 0.7309
vn 0.0675 0.3805 -0.9223
vn -0.1436 0.4037 -0.9036
vn 0.0222 0.0406 -0.9989
vn -0.2285 -0.0358 -0.9729
vn -0.0016 -0.3435 -0.9391
vn -0.2068 -0.2664 -0.9414
vn 0.1057 -0.1522 0.9827
vn 0.1355 -0.1972 0.9710
vn 0.1414 -0.2126 0.9669
vn 0.1174 -0.1708 0.9783
vn 0.2232 0.4098 0.8844
vn -0.1043 0.4272 0.8981
vn 0.0358 0.9994 0.0029
vn 0.0609 0.8918 0.4484
vn 0.0204 0.8787 0.4769
vn 0.0014 0.9886 0.1507
vn -0.0549 0.9973 0.0478
vn -0.0776 0.8913 0.4466
vn 0.0929 0.9957 0.0039
vn 0.2361 0.5791 0.7804
vn -0.0754 0.6915 0.7184
vn -0.0058 0.9973 0.0732
vn -0.0062 0.9998 0.0183
vn -0.0133 0.6498 0.7599
vn 0.0079 0.9996 -0.0275
vn -0.0146 0.9996 0.0244
vn -0.0575 0.9980 0.0248
vn 0.0846 0.9964 -0.0056
vn 0.0010 0.9988 -0.0483
vn 0.0433 0.9990 0.0110
vn -0.1331 0.7955 -0.5912
vn -0.0614 0.8226 -0.5654
vn -0.1158 0.8981 -0.4242
vn 0.1283 0.7793 -0.6134
vn 0.0161 0.8816 -0.4717
vn 0.1343 0.8038 -0.5796
vn -0.2100 -0.2995 -0.9307
vn -0.2438 -0.9370 -0.2502
vn 0.0052 -0.6013 -0.7990
vn -0.1040 -0.9769 -0.1867
vn -0.2276 -0.4521 -0.8624
vn -0.0162 -0.9683 -0.2494
vn 0.1364 -0.8717 -0.4706
vn -0.0931 -0.9869 -0.1316
vn 0.0265 -0.9735 -0.2271
vn -0.0879 -0.9781 0.1884
vn 0.2732 -0.9453 0.1785
vn 0.1920 -0.9255 -0.3265
vn -0.2197 -0.9426 0.2513
vn -0.0380 -0.9966 0.0738
vn -0.0045 -0.9683 0.2498
vn -0.2100 -0.9774 0.0234
vn -0.1313 -0.9814 0.1403
vn 0.3069 -0.9459 0.1050
vn -0.1463 -0.7731 0.6172
vn -0.0196 -0.7881 0.6152
vn -0.0200 -0.7696 0.6382
vn -0.1650 -0.7464 0.6447
vn -0.0881 -0.8041 0.5879
vn 0.2829 -0.7289 0.6234
vn -0.1035 -0.1328 -0.9857
vn -0.0342 -0.0111 -0.9994
vn -0.2634 0.1191 -0.9573
vn 0.0240 0.3875 -0.9216
vn 0.0581 0.4005 -0.9144
vn 0.1545 0.3391 -0.9280
vn -0.0737 -0.2969 -0.9521
vn 0.1117 -0.2114 -0.9710
vn -0.3308 -0.2651 -0.9057
vn 0.1252 0.0563 -0.9905
vn 0.0915 0.2787 -0.9560
vn 0.0747 0.2534 -0.9645
vn -0.0860 0.1074 -0.9905
vn 0.1749 -0.1547 -0.9724
vn -0.3209 0.0983 -0.9420
vn 0.1374 -0.3430 -0.9292
vn 0.1012 -0.3420 -0.9342
vn 0.0788 -0.3447 -0.9354
vn -0.1646 -0.5020 0.8491
vn -0.1971 -0.4192 0.8863
vn 0.0964 -0.4077 0.9080
vn -0.1092 0.0403 0.9932
vn 0.0422 -0.2676 0.9626
vn 0.1905 -0.2722 0.9432
vn -0.1123 -0.1879 0.9757
vn -0.1495 0.2683 0.9517
vn 0.1202 0.2578 0.9587
vn -0.1890 0.3995 0.8970
vn 0.1786 0.0488 0.9827
vn 0.1824 0.0359 0.9826
vn 0.0311 0.3791 0.9248
vn -0.0073 0.6765 0.7364
vn -0.0395 0.6196 0.7839
vn -0.1648 0.0240 0.9860
vn 0.1940 -0.0555 0.9794
vn 0.1565 -0.0014 0.9877
vn 0.1618 -0.2954 -0.9416
vn 0.1722 0.0021 -0.9851
vn 0.0892 0.2436 -0.9658
vn 0.0713 -0.0635 0.9954
vn -0.0937 0.2082 0.9736
vn 0.1723 -0.0919 0.9807
vn -0.0763 0.8317 0.5499
vn 0.0562 -0.5798 0.8128
vn -0.0442 0.9977 0.0517
vn 0.0158 -0.9991 0.0386
vn -0.0145 0.9937 -0.1109
vn -0.0689 -0.9396 -0.3353
vn 0.0421 0.8651 -0.4998
vn 0.0317 -0.8028 -0.5955
vn -0.0102 0.9992 -0.0391
vn 0.0073 0.9999 0.0154
vn 0.0241 0.9944 0.1031
vn -0.0200 0.9796 -0.1999
vn 0.1066 -0.9904 0.0880
vn 0.1147 -0.9867 0.1153
vn 0.0562 -0.9510 -0.3039
vn 0.0579 -0.9884 -0.1402
vn -0.0221 -0.0781 -0.9967
vn -0.1531 -0.1945 -0.9689
vn -0.1011 0.3109 -0.9451
vn -0.0086 0.3879 -0.9217
vn 0.2781 -0.2655 0.9231
vn 0.2119 0.0167 0.9771
vn 0.0694 0.0166 0.9975
vn 0.0806 -0.0121 0.9967
vn -0.0140 -0.7681 -0.6402
vn 0.0075 -0.6486 -0.7611
vn -0.0406 -0.2016 -0.9786
vn -0.0339 -0.4064 -0.9131
vn -0.0264 0.7716 -0.6355
vn -0.0546 0.8190 -0.5712
vn 0.1139 0.8006 0.5883
vn 0.1794 0.0033 0.9838
vn 0.1997 0.7564 0.6228
vn 0.2311 0.2660 0.9359
vn 0.2445 -0.7122 0.6581
vn 0.1844 -0.6915 0.6985
vn 0.0794 -0.7768 -0.6248
vn 0.0216 -0.9956 -0.0907
vn 0.2454 -0.8920 0.3796
vn 0.5352 -0.3484 0.7695
vn 0.5353 -0.2510 0.8065
vn 0.5270 -0.0777 0.8463
vn 0.4631 0.1015 0.8805
vn 0.2628 0.6461 0.7166
vn 0.0439 0.9937 0.1036
vn 0.0042 0.9964 -0.0853
vn 0.0545 0.8413 -0.5378
vn 0.0948 0.3441 -0.9341
vn 0.2298 -0.1788 -0.9567
vn 0.1300 -0.3381 -0.9321
vn -0.1357 0.9900 -0.0395
vn -0.1198 0.9927 -0.0135
vn -0.2507 0.9679 -0.0207
vn -0.2701 0.9628 0.0038
vn -0.0558 0.9966 -0.0614
vn -0.0541 0.9985 -0.0087
vn 0.3443 0.9334 -0.1013
vn 0.3333 0.9428 0.0105
vn 0.0200 -0.9843 0.1756
vn 0.5084 -0.8585 -0.0675
vn 0.5079 -0.8585 0.0711
vn 0.1049 -0.9938 0.0362
vn -0.0916 -0.9698 0.2259
vn -0.1243 -0.9914 0.0412
vn -0.6723 -0.7127 0.2001
vn -0.6930 -0.7207 -0.0178
vn 0.8827 0.4542 0.1204
vn 0.8659 0.4776 -0.1486
vn 0.9967 0.0520 0.0622
vn 0.9671 -0.0414 -0.2512
vn 0.9040 -0.4268 0.0263
vn 0.9142 -0.3335 -0.2301
vn -0.9745 -0.1991 0.1037
vn -0.9570 -0.2557 0.1372
vn -0.9501 -0.2734 0.1504
vn -0.9678 -0.2215 0.1195
vn -0.8905 0.3854 0.2418
vn -0.9007 0.4051 -0.1570
vn -0.0109 0.9999 0.0050
vn -0.4001 0.9163 0.0173
vn -0.3760 0.9266 0.0099
vn -0.1156 0.9933 -0.0022
vn -0.0387 0.9978 -0.0547
vn -0.3779 0.9212 -0.0930
vn -0.0062 0.9957 0.0922
vn -0.7975 0.5429 0.2634
vn -0.7355 0.6768 -0.0307
vn -0.0567 0.9984 0.0015
vn -0.0171 0.9998 -0.0039
vn -0.7845 0.6192 -0.0323
vn 0.0239 0.9996 -0.0170
vn -0.0169 0.9997 -0.0161
vn -0.0204 0.9979 -0.0609
vn 0.0031 0.9965 0.0831
vn 0.0302 0.9995 -0.0037
vn -0.0113 0.9989 0.0447
vn 0.5733 0.8067 -0.1435
vn 0.5382 0.8411 -0.0529
vn 0.3597 0.9266 -0.1098
vn 0.5747 0.8020 0.1629
vn 0.3843 0.9232 -0.0085
vn 0.5388 0.8243 0.1738
vn 0.9256 -0.3004 -0.2301
vn 0.2008 -0.9494 -0.2414
vn 0.7530 -0.6563 0.0474
vn 0.1445 -0.9855 -0.0886
vn 0.8359 -0.4760 -0.2735
vn 0.1982 -0.9801 -0.0099
vn 0.3957 -0.9129 0.1003
vn 0.0977 -0.9885 -0.1158
vn 0.2005 -0.9788 0.0411
vn -0.1411 -0.9859 -0.0904
vn -0.1450 -0.9515 0.2714
vn 0.2959 -0.9348 0.1963
vn -0.1887 -0.9545 -0.2309
vn -0.0545 -0.9979 -0.0350
vn -0.1982 -0.9801 -0.0113
vn -0.0291 -0.9783 -0.2052
vn -0.1033 -0.9855 -0.1346
vn -0.0869 -0.9488 0.3037
vn -0.5070 -0.8432 -0.1786
vn -0.5403 -0.8394 -0.0595
vn -0.5439 -0.8382 -0.0410
vn -0.5927 -0.7948 -0.1304
vn -0.4897 -0.8648 -0.1112
vn -0.5577 -0.7775 0.2906
vn 0.9815 -0.1616 -0.1028
vn 0.9997 -0.0139 -0.0183
vn 0.9388 0.1416 -0.3141
vn 0.8841 0.4656 -0.0403
vn 0.8645 0.4924 0.1012
vn 0.8778 0.4214 0.2278
vn 0.9271 -0.3700 -0.0607
vn 0.9466 -0.2766 0.1658
vn 0.8671 -0.3274 -0.3755
vn 0.9948 0.0698 0.0743
vn 0.9278 0.3411 0.1509
vn 0.9422 0.3099 0.1276
vn 0.9882 0.1320 -0.0772
vn 0.9506 -0.2009 0.2366
vn 0.9222 0.1235 -0.3664
vn 0.8973 -0.4299 0.1002
vn 0.8997 -0.4050 0.1626
vn 0.9038 -0.4083 0.1280
vn -0.7629 -0.5976 -0.2467
vn -0.8284 -0.4881 -0.2748
vn -0.8742 -0.4766 0.0930
vn -0.9942 0.0509 -0.0948
vn -0.9434 -0.3306 0.0252
vn -0.9174 -0.3375 0.2109
vn -0.9601 -0.2069 -0.1882
vn -0.9237 0.3087 -0.2271
vn -0.9491 0.2929 0.1158
vn -0.8599 0.4883 -0.1488
vn -0.9777 0.0633 0.2002
vn -0.9776 0.0467 0.2053
vn -0.8914 0.4521 -0.0319
vn -0.6374 0.7701 -0.0266
vn -0.6931 0.7173 -0.0715
vn -0.9926 0.0311 -0.1172
vn -0.9728 -0.0706 0.2205
vn -0.9856 -0.0024 0.1689
vn -0.1784 0.9831 -0.0406
vn -0.1625 0.9866 -0.0166
vn -0.3144 0.9489 -0.0276
vn -0.3327 0.9430 0.0043
vn -0.0738 0.9953 -0.0629
vn -0.0729 0.9973 -0.0093
vn 0.4002 0.9122 -0.0880
vn 0.3915 0.9200 0.0164
vn 0.0362 -0.9848 0.1700
vn 0.5783 -0.8142 -0.0516
vn 0.5758 -0.8142 0.0744
vn 0.1279 -0.9912 0.0341
vn -0.1225 -0.9672 0.2223
vn -0.1552 -0.9873 0.0352
vn -0.7089 -0.6830 0.1758
vn -0.7302 -0.6825 -0.0308
vn 0.9185 0.3805 0.1072
vn 0.9089 0.4037 -0.1045
vn 0.9970 0.0406 0.0652
vn 0.9818 -0.0358 -0.1863
vn 0.9383 -0.3435 0.0388
vn 0.9495 -0.2664 -0.1660
vn -0.9863 -0.1522 0.0633
vn -0.9759 -0.1972 0.0935
vn -0.9721 -0.2126 0.0996
vn -0.9824 -0.1708 0.0751
vn -0.8932 0.4098 0.1849
vn -0.8928 0.4272 -0.1429
vn -0.0041 0.9992 0.0386
vn -0.4411 0.8954 0.0606
vn -0.4773 0.8787 -0.0001
vn -0.1507 0.9886 -0.0051
vn -0.0454 0.9973 -0.0569
vn -0.4429 0.8913 -0.0968
vn -0.0079 0.9957 0.0927
vn -0.7898 0.5791 0.2022
vn -0.6701 0.7230 -0.1679
vn -0.0725 0.9973 -0.0086
vn -0.0180 0.9998 -0.0070
vn -0.7587 0.6499 -0.0461
vn 0.0283 0.9995 0.0149
vn -0.0237 0.9996 -0.0157
vn -0.0223 0.9980 -0.0586
vn 0.0019 0.9964 0.0847
vn 0.0363 0.9993 -0.0090
vn -0.0128 0.9990 0.0428
vn 0.5609 0.8276 -0.0226
vn 0.5675 0.8226 -0.0370
vn 0.4288 0.8981 -0.0974
vn 0.6073 0.7793 0.1546
vn 0.4369 0.8987 -0.0385
vn 0.5733 0.8038 0.1591
vn 0.9389 -0.2995 -0.1697
vn 0.2605 -0.9370 -0.2328
vn 0.7544 -0.6406 0.1433
vn 0.1847 -0.9788 -0.0889
vn 0.8714 -0.4521 -0.1902
vn 0.2498 -0.9683 -0.0054
vn 0.4320 -0.8987 0.0756
vn 0.1247 -0.9865 -0.1059
vn 0.2257 -0.9735 0.0363
vn -0.1845 -0.9781 -0.0960
vn -0.1901 -0.9453 0.2652
vn 0.3179 -0.9255 0.2059
vn -0.2416 -0.9426 -0.2304
vn -0.0669 -0.9970 -0.0390
vn -0.2494 -0.9683 -0.0152
vn -0.0105 -0.9782 -0.2075
vn -0.1345 -0.9814 -0.1372
vn -0.1181 -0.9459 0.3021
vn -0.6103 -0.7731 -0.1727
vn -0.5560 -0.8273 0.0807
vn -0.6368 -0.7696 -0.0474
vn -0.5873 -0.7622 -0.2721
vn -0.5836 -0.8041 -0.1134
vn -0.6350 -0.7289 0.2558
vn 0.9893 -0.1328 -0.0609
vn 0.9808 0.0037 0.1949
vn 0.9678 0.1191 -0.2219
vn 0.9035 0.4063 -0.1367
vn 0.9111 0.4005 0.0975
vn 0.9205 0.3391 0.1943
vn 0.9544 -0.2969 -0.0326
vn 0.9257 -0.2035 0.3190
vn 0.9191 -0.2651 -0.2915
vn 0.9965 0.0608 -0.0576
vn 0.9512 0.2787 0.1326
vn 0.9603 0.2534 0.1162
vn 0.9933 0.1074 -0.0432
vn 0.9163 -0.1478 0.3722
vn 0.9550 0.0983 -0.2800
vn 0.9281 -0.3716 -0.0214
vn 0.9290 -0.3420 0.1414
vn 0.9311 -0.3447 0.1191
vn -0.8543 -0.5196 0.0158
vn -0.8770 -0.4192 -0.2351
vn -0.9113 -0.4077 0.0572
vn -0.9509 0.0357 -0.3074
vn -0.9635 -0.2677 0.0007
vn -0.9505 -0.2722 0.1497
vn -0.9725 -0.2085 0.1041
vn -0.9443 0.2683 -0.1904
vn -0.9630 0.2578 0.0788
vn -0.8669 0.3881 -0.3127
vn -0.9895 0.0488 0.1361
vn -0.9895 0.0359 0.1399
vn -0.8814 0.4347 0.1847
vn -0.7354 0.6765 -0.0391
vn -0.7815 0.6196 -0.0733
vn -0.9580 0.0229 -0.2860
vn -0.9869 -0.0555 0.1516
vn -0.9935 -0.0014 0.1138
vn -0.1875 0.9388 -0.2889
vn 0.0164 0.9992 0.0374
vn 0.3347 0.9420 -0.0243
vn 0.1952 0.9020 -0.3851
vn -0.2383 -0.9552 0.1757
vn 0.2466 -0.9630 -0.1086
vn -0.2099 -0.9613 0.1783
vn 0.2090 -0.9740 0.0875
vn -0.3387 -0.1616 -0.9269
vn -0.3899 0.1481 -0.9089
vn -0.4480 -0.2067 -0.8698
vn -0.4794 0.1558 -0.8636
vn 0.5506 -0.1060 0.8280
vn 0.2455 0.0102 0.9693
vn 0.2407 -0.0987 0.9656
vn 0.6193 0.0075 0.7851
vn 0.0992 0.9934 -0.0585
vn 0.0193 0.9880 0.1534
vn -0.0279 0.9996 0.0106
vn -0.0738 0.9713 -0.2260
vn 0.2097 0.9771 -0.0365
vn -0.0390 0.9680 0.2479
vn 0.0872 0.9926 -0.0847
vn -0.0440 0.9891 0.1408
vn 0.1619 -0.9623 0.2186
vn -0.1075 -0.9884 0.1075
vn 0.1074 -0.9497 -0.2942
vn -0.0925 -0.9761 -0.1966
vn 0.1029 -0.9944 0.0233
vn -0.0269 -0.9977 0.0614
vn 0.0094 -0.9546 0.2977
vn -0.1943 -0.9768 -0.0902
vn 0.3144 -0.1510 -0.9372
vn -0.2518 0.3015 -0.9196
vn -0.0285 -0.1408 -0.9896
vn 0.2961 0.2713 -0.9158
vn -0.2952 -0.1512 -0.9434
vn -0.5754 0.0121 -0.8178
vn -0.3149 -0.0077 -0.9491
vn -0.5517 -0.1268 -0.8244
vn -0.4347 -0.0300 -0.9001
vn 0.2886 0.0876 0.9534
vn 0.6320 0.1577 0.7588
vn 0.5426 -0.0432 0.8389
vn 0.2594 0.2098 0.9427
vn -0.2267 -0.0972 0.9691
vn 0.1073 -0.0055 0.9942
vn -0.1627 0.0668 0.9844
vn 0.0564 0.0340 0.9978
vn 0.3518 -0.1995 0.9146
vn -0.3092 -0.7984 -0.5167
vn -0.3665 -0.0837 -0.9266
vn -0.2747 -0.8226 -0.4978
vn -0.4110 0.5755 -0.7070
vn -0.1774 0.6562 -0.7334
vn 0.2054 -0.8872 0.4132
vn 0.3030 -0.8902 0.3401
vn 0.4669 -0.4505 0.7610
vn 0.1984 0.6885 0.6976
vn 0.5583 0.6794 0.4761
vn 0.1735 -0.7737 -0.6094
vn -0.1350 -0.2812 -0.9501
vn -0.0603 -0.7307 -0.6801
vn 0.2602 -0.2989 -0.9181
vn 0.3626 0.7781 -0.5129
vn -0.1187 0.6791 -0.7244
vn -0.2282 0.2096 -0.9508
vn -0.4228 0.6603 -0.6207
vn -0.0968 0.9157 -0.3899
vn -0.4620 -0.1025 -0.8809
vn -0.4213 -0.6859 -0.5934
vn -0.0309 -0.8575 -0.5136
vn 0.3194 -0.7404 0.5914
vn 0.2956 -0.2521 0.9215
vn 0.4511 -0.5579 0.6966
vn -0.0268 -0.7583 0.6513
vn 0.1264 0.6854 0.7172
vn 0.5531 0.7456 0.3717
vn -0.1022 0.7680 0.6323
vn -0.1184 0.7469 0.6543
vn -0.0617 0.0468 0.9970
vn -0.1431 0.2314 0.9623
vn -0.1284 -0.6323 0.7640
vn 0.1012 -0.6038 0.7907
vn 0.2272 -0.7575 0.6121
vn -0.0223 -0.9340 0.3565
vn -0.0446 -0.9717 -0.2322
vn -0.1692 -0.6951 -0.6987
vn -0.2258 -0.3043 -0.9254
vn -0.1298 -0.1761 -0.9758
vn -0.2243 0.0317 -0.9740
vn -0.1264 0.6405 -0.7574
vn -0.0353 0.9821 -0.1852
vn 0.0365 0.9973 0.0632
vn 0.0247 0.7668 0.6414
vn 0.0789 0.2403 0.9675
vn 0.0374 0.0527 0.9979
vn 0.1278 -0.1483 0.9806
vn 0.2952 -0.9004 -0.3196
vn 0.3546 -0.6732 -0.6489
vn 0.3607 -0.9261 0.1109
vn 0.1121 -0.5177 0.8482
vn -0.0701 -0.0098 0.9975
vn -0.1609 0.0409 0.9861
vn -0.3277 0.3106 0.8923
vn -0.3106 0.8433 0.4387
vn -0.1918 0.9814 0.0081
vn -0.0982 0.9731 -0.2082
vn 0.1142 0.7657 -0.6329
vn 0.2384 0.1450 -0.9603
vn 0.0651 -0.0945 -0.9934
vn 0.2818 -0.1590 -0.9462
vn 0.0735 0.9494 0.3054
vn 0.0249 0.9975 -0.0669
vn -0.0337 0.9980 -0.0527
vn 0.1439 0.9589 0.2444
vn -0.1926 -0.9758 -0.1035
vn -0.1751 -0.9806 -0.0876
vn 0.2592 -0.9658 0.0101
vn 0.1675 -0.9723 -0.1629
vn 0.5237 -0.1454 0.8394
vn 0.2129 -0.1827 0.9598
vn 0.1537 0.0995 0.9831
vn 0.4614 0.1480 0.8748
vn -0.1296 -0.1056 -0.9859
vn -0.5562 -0.1137 -0.8232
vn -0.5552 0.0627 -0.8293
vn -0.0866 0.0228 -0.9960
vn 0.3247 0.8695 -0.3721
vn 0.0749 0.9822 -0.1721
vn 0.0854 0.8837 -0.4601
vn 0.3111 0.9488 0.0548
vn 0.1002 0.9946 -0.0264
vn 0.0013 1.0000 -0.0097
vn 0.1044 0.9684 -0.2264
vn 0.0772 0.9908 -0.1111
vn -0.1033 -0.9788 -0.1771
vn 0.2253 -0.9561 0.1871
vn -0.2515 -0.9335 0.2556
vn -0.1037 -0.8642 0.4923
vn -0.1429 -0.9882 -0.0552
vn -0.0354 -0.9335 -0.3568
vn -0.1120 -0.9670 -0.2290
vn -0.1888 -0.9795 0.0705
vn 0.9095 -0.1276 0.3956
vn 0.8244 -0.2117 0.5250
vn 0.5056 0.2415 0.8283
vn 0.7892 0.3434 0.5092
vn -0.5243 -0.1416 0.8397
vn -0.5461 -0.0275 0.8373
vn -0.5301 -0.0334 0.8473
vn -0.5227 -0.1558 0.8382
vn 0.2103 -0.0358 0.9770
vn 0.4895 0.0666 -0.8695
vn 0.2737 -0.0075 -0.9618
vn 0.3829 0.2215 -0.8968
vn 0.4328 0.2403 -0.8689
vn -0.7194 -0.1245 -0.6834
vn -0.6689 0.0225 -0.7430
vn -0.5761 -0.0649 -0.8148
vn -0.5781 0.0134 -0.8158
vn -0.4641 -0.2213 -0.8577
vn 0.1922 -0.9077 0.3729
vn 0.4922 -0.0535 0.8688
vn 0.1847 -0.7632 0.6192
vn 0.3250 0.6129 0.7203
vn 0.0085 0.6964 0.7176
vn -0.0477 -0.8842 -0.4646
vn -0.0720 -0.8739 -0.4807
vn -0.1124 -0.4806 -0.8697
vn -0.3398 0.7273 -0.5963
vn -0.0325 0.6783 -0.7341
vn 0.3356 -0.5981 0.7278
vn 0.2021 -0.6666 0.7175
vn 0.5445 -0.1987 0.8149
vn 0.7285 -0.2298 0.6453
vn 0.7797 0.6196 -0.0902
vn 0.7098 0.5900 0.3847
vn -0.4153 0.1563 0.8962
vn -0.0476 0.9308 0.3625
vn -0.4762 0.7512 0.4571
vn -0.4800 -0.0458 0.8761
vn -0.4999 -0.6982 0.5125
vn -0.3131 -0.8908 0.3293
vn 0.0912 -0.7738 -0.6268
vn 0.2187 -0.4798 -0.8497
vn 0.3824 -0.2769 -0.8815
vn 0.1738 -0.7828 -0.5975
vn 0.3352 0.8026 -0.4935
vn 0.3587 0.6489 -0.6710
vn -0.3806 0.7959 -0.4708
vn -0.6600 0.0277 -0.7508
vn -0.3663 0.6352 -0.6800
vn -0.6222 0.1763 -0.7627
vn -0.5966 -0.6532 -0.4663
vn -0.4379 -0.6622 -0.6081
vn 0.3496 -0.6489 -0.6758
vn 0.2537 -0.9106 -0.3262
vn -0.0178 -0.9979 0.0624
vn -0.2128 -0.5918 0.7775
vn -0.3052 -0.1223 0.9444
vn -0.3613 -0.0869 0.9284
vn -0.3126 0.1939 0.9299
vn -0.1422 0.8070 0.5731
vn 0.0027 0.9973 0.0730
vn 0.0474 0.9841 -0.1709
vn 0.1659 0.7745 -0.6105
vn 0.2887 0.2087 -0.9344
vn 0.3395 -0.0054 -0.9406
vn 0.3321 -0.1827 -0.9254
vn 0.7341 -0.5828 0.3484
vn 0.4919 -0.8537 0.1709
vn 0.1919 -0.9388 -0.2862
vn -0.6753 -0.4579 -0.5782
vn -0.7829 -0.0641 -0.6189
vn -0.7923 -0.0096 -0.6101
vn -0.7849 0.2593 -0.5627
vn -0.4618 0.8326 -0.3059
vn -0.1241 0.9917 0.0331
vn 0.0037 0.9775 0.2110
vn 0.3671 0.8170 0.4448
vn 0.7702 0.2350 0.5929
vn 0.7617 -0.0285 0.6473
vn 0.8813 -0.1326 0.4536
vn 0.0799 0.9494 0.3037
vn -0.0628 0.9979 -0.0157
vn -0.1483 0.9881 0.0403
vn 0.3082 0.9332 0.1846
vn -0.1995 -0.9784 0.0535
vn -0.1715 -0.9852 0.0025
vn 0.2140 -0.9638 -0.1591
vn 0.0540 -0.9683 -0.2437
vn 0.7731 -0.1378 0.6191
vn 0.7752 -0.1931 0.6015
vn 0.7453 0.1048 0.6584
vn 0.7033 0.1887 0.6854
vn -0.7850 -0.1030 -0.6108
vn -0.8576 -0.0329 -0.5133
vn -0.8615 0.0658 -0.5034
vn -0.7911 -0.0010 -0.6117
vn 0.0905 0.9937 -0.0666
vn -0.0434 0.9987 0.0264
vn -0.1615 0.9862 -0.0358
vn 0.1201 0.9820 0.1456
vn 0.0442 0.9958 -0.0800
vn 0.0254 0.9989 0.0392
vn -0.1513 0.9732 -0.1732
vn -0.0535 0.9933 -0.1027
vn -0.1009 -0.9603 -0.2600
vn 0.3609 -0.9293 -0.0786
vn -0.1302 -0.9905 -0.0434
vn 0.1999 -0.9797 0.0118
vn -0.1362 -0.9865 0.0909
vn -0.3324 -0.9315 -0.1475
vn -0.2488 -0.9685 0.0098
vn -0.0276 -0.9796 0.1990
vn 0.9925 -0.1061 -0.0613
vn 0.9672 -0.1597 0.1975
vn 0.8688 0.2725 0.4134
vn 0.9517 0.2982 0.0726
vn 0.5177 -0.1205 0.8470
vn 0.5051 -0.0077 0.8630
vn 0.6110 -0.0031 0.7917
vn 0.6309 -0.1486 0.7615
vn 0.7888 -0.0041 0.6147
vn -0.6436 0.0447 -0.7640
vn -0.6469 -0.0316 -0.7619
vn -0.5216 0.1935 -0.8309
vn -0.6608 0.2128 -0.7198
vn -0.9902 -0.1376 -0.0242
vn -0.9969 0.0162 -0.0769
vn -0.9416 -0.0313 -0.3351
vn -0.9601 -0.0065 -0.2796
vn -0.7681 -0.2482 -0.5902
vn 0.5342 -0.7667 0.3562
vn 0.7639 -0.0377 0.6442
vn 0.3181 -0.8362 0.4468
vn 0.5184 0.6089 0.6004
vn 0.5461 0.6193 0.5641
vn -0.3153 -0.8935 -0.3197
vn -0.1798 -0.9101 -0.3733
vn -0.6665 -0.5030 -0.5502
vn -0.6429 0.7123 -0.2815
vn -0.5550 0.6977 -0.4530
vn 0.7085 -0.6998 -0.0908
vn 0.7145 -0.6363 0.2910
vn 0.9316 -0.1624 0.3252
vn 0.9728 -0.2176 -0.0791
vn 0.5827 0.8011 -0.1372
vn 0.6524 0.6904 0.3127
vn 0.5735 0.1925 0.7963
vn 0.2967 0.9327 0.2048
vn 0.3183 0.7736 0.5479
vn 0.6833 -0.0377 0.7291
vn 0.3631 -0.6881 0.6283
vn 0.1674 -0.9102 0.3788
vn -0.4982 -0.7569 -0.4229
vn -0.5841 -0.4903 -0.6469
vn -0.6934 -0.2703 -0.6679
vn -0.5045 -0.7800 -0.3702
vn -0.2069 0.8255 -0.5251
vn -0.4906 0.6538 -0.5760
vn -0.7011 0.7000 -0.1361
vn -0.9693 0.0142 -0.2453
vn -0.6804 0.7324 -0.0234
vn -0.9835 0.1655 -0.0726
vn -0.7393 -0.6653 -0.1043
vn -0.7213 -0.6212 -0.3065
vn -0.5351 -0.6430 -0.5480
vn -0.2467 -0.9327 -0.2631
vn 0.0811 -0.9948 0.0617
vn 0.6477 -0.5828 0.4908
vn 0.7653 -0.0980 0.6362
vn 0.6675 -0.0971 0.7382
vn 0.6930 0.2492 0.6765
vn 0.4547 0.7693 0.4487
vn 0.0506 0.9970 0.0578
vn -0.1288 0.9894 -0.0666
vn -0.4941 0.7914 -0.3600
vn -0.7633 0.1896 -0.6176
vn -0.7732 -0.0044 -0.6341
vn -0.7445 -0.2296 -0.6269
vn 0.8006 -0.5979 -0.0383
vn 0.4099 -0.9118 -0.0252
vn -0.0410 -0.9992 -0.0010
vn -0.8052 -0.5927 0.0185
vn -0.9947 -0.0889 -0.0525
vn -0.9780 -0.1047 -0.1803
vn -0.9695 0.2229 -0.1022
vn -0.6050 0.7910 -0.0908
vn -0.0847 0.9963 -0.0136
vn 0.1658 0.9861 -0.0050
vn 0.6772 0.7356 -0.0194
vn 0.9795 0.2005 -0.0179
vn 0.9997 -0.0170 -0.0176
vn 0.9761 -0.2098 -0.0566
vn 0.0052 0.9527 0.3040
vn -0.0616 0.9976 -0.0322
vn -0.0411 0.9989 -0.0241
vn 0.0303 0.9480 0.3168
vn -0.2050 -0.9756 -0.0788
vn -0.1795 -0.9809 -0.0748
vn 0.2972 -0.9541 -0.0372
vn 0.2095 -0.9623 -0.1735
vn 0.3517 -0.1585 0.9226
vn 0.1761 -0.2067 0.9624
vn 0.0594 0.1006 0.9931
vn 0.2574 0.1789 0.9496
vn -0.1528 -0.1300 -0.9797
vn -0.3796 -0.1381 -0.9148
vn -0.3737 -0.0186 -0.9274
vn -0.0937 -0.0017 -0.9956
vn 0.0576 0.9971 0.0506
vn -0.0873 0.9959 0.0227
vn -0.1114 0.9900 -0.0865
vn -0.0047 0.9722 0.2341
vn -0.0183 0.9994 -0.0292
vn -0.1368 0.9893 0.0508
vn -0.1009 0.9658 -0.2388
vn -0.1827 0.9742 -0.1324
vn 0.0336 -0.9768 -0.2115
vn 0.2333 -0.9471 0.2203
vn -0.2076 -0.9775 -0.0384
vn 0.1071 -0.9828 0.1506
vn 0.1108 -0.9935 -0.0257
vn -0.0816 -0.9514 -0.2970
vn 0.0028 -0.9954 -0.0957
vn -0.0887 -0.9872 0.1328
vn 0.7894 -0.1116 0.6037
vn 0.6811 -0.1803 0.7096
vn 0.4232 0.3034 0.8537
vn 0.6150 0.3501 0.7065
vn -0.0393 -0.1453 0.9886
vn -0.0266 -0.0109 0.9996
vn -0.2048 0.0364 0.9781
vn -0.1240 -0.1677 0.9780
vn 0.1888 -0.0138 0.9819
vn 0.1164 0.0755 -0.9903
vn -0.0281 -0.0269 -0.9992
vn 0.0772 0.1191 -0.9899
vn 0.0812 0.2407 -0.9672
vn -0.7168 -0.2272 -0.6592
vn -0.6757 0.0564 -0.7350
vn -0.4621 -0.0504 -0.8854
vn -0.4831 0.0041 -0.8756
vn -0.2336 -0.2520 -0.9391
vn 0.1537 -0.8236 0.5459
vn 0.3328 -0.0428 0.9420
vn 0.1419 -0.8032 0.5785
vn 0.1613 0.6416 0.7499
vn -0.0189 0.6496 0.7601
vn -0.0300 -0.9004 -0.4340
vn 0.1161 -0.8933 -0.4342
vn -0.1407 -0.5054 -0.8513
vn -0.2815 0.6948 -0.6618
vn -0.0818 0.6907 -0.7185
vn 0.6204 -0.6692 0.4090
vn 0.3463 -0.6804 0.6458
vn 0.5515 -0.1927 0.8116
vn 0.7309 -0.2839 0.6206
vn 0.5186 0.7959 0.3124
vn 0.3523 0.7194 0.5986
vn 0.1606 0.1731 0.9717
vn -0.0527 0.9139 0.4024
vn -0.1563 0.7270 0.6686
vn -0.0235 -0.0659 0.9976
vn -0.0921 -0.7003 0.7078
vn 0.1224 -0.8976 0.4235
vn -0.0568 -0.7830 -0.6194
vn -0.0052 -0.5359 -0.8443
vn 0.0478 -0.2369 -0.9704
vn 0.0228 -0.7847 -0.6195
vn 0.0842 0.7347 -0.6731
vn 0.0617 0.6007 -0.7971
vn -0.4888 0.7436 -0.4562
vn -0.6095 0.0063 -0.7927
vn -0.5318 0.7346 -0.4215
vn -0.6901 0.1803 -0.7009
vn -0.6434 -0.6373 -0.4241
vn -0.3352 -0.6544 -0.6778
vn 0.2782 0.9244 -0.2610
vn -0.0295 0.9995 0.0104
vn 0.0495 0.9983 0.0314
vn 0.0892 0.9434 -0.3193
vn 0.0745 -0.9800 0.1847
vn 0.0327 -0.9854 0.1669
vn -0.4034 -0.9000 -0.1653
vn -0.3254 -0.9455 -0.0114
vn 0.4706 -0.1354 -0.8719
vn 0.3497 -0.1864 -0.9181
vn 0.4359 0.1234 -0.8915
vn 0.5449 0.1701 -0.8211
vn -0.4219 -0.1460 0.8948
vn -0.1044 -0.1486 0.9834
vn -0.1209 -0.0353 0.9920
vn -0.4871 -0.0172 0.8732
vn -0.1736 0.9740 -0.1455
vn 0.0849 0.9959 0.0325
vn -0.2215 0.9692 0.1071
vn 0.2215 0.9583 -0.1806
vn -0.0828 0.9960 -0.0343
vn 0.0483 0.9977 -0.0474
vn -0.1076 0.9808 0.1627
vn -0.0756 0.9957 0.0542
vn -0.3059 -0.9451 0.1153
vn -0.0534 -0.9296 -0.3647
vn 0.1225 -0.9828 0.1385
vn 0.3345 -0.9325 -0.1360
vn 0.0149 -0.9986 0.0502
vn -0.0664 -0.9375 0.3417
vn 0.0982 -0.9732 0.2077
vn 0.1784 -0.9838 -0.0201
vn 0.3492 -0.1237 -0.9289
vn 0.2909 -0.1481 -0.9452
vn 0.5275 0.2737 -0.8042
vn 0.3145 0.3199 -0.8937
vn 0.5074 -0.1550 -0.8476
vn 0.5183 0.0026 -0.8552
vn 0.6727 0.0072 -0.7399
vn 0.6415 -0.1500 -0.7523
vn 0.3565 0.0079 -0.9343
vn -0.5656 0.0480 0.8233
vn -0.5758 -0.0432 0.8165
vn -0.6723 0.1955 0.7140
vn -0.5242 0.2189 0.8230
vn -0.1843 -0.1420 0.9725
vn -0.2723 -0.0078 0.9622
vn -0.2973 -0.0766 0.9517
vn -0.1614 -0.0218 0.9866
vn -0.3351 -0.2529 0.9076
vn 0.1257 -0.8156 -0.5648
vn 0.4858 -0.0205 -0.8738
vn 0.3481 -0.7699 -0.5349
vn 0.4642 0.6077 -0.6444
vn 0.3628 0.6499 -0.6678
vn -0.2463 -0.8929 0.3768
vn -0.3492 -0.9051 0.2428
vn -0.3674 -0.5127 0.7760
vn -0.0656 0.6749 0.7350
vn -0.3920 0.7055 0.5904
vn 0.3655 -0.6642 -0.6521
vn 0.3069 -0.6669 -0.6790
vn 0.4344 -0.1473 -0.8886
vn 0.2903 -0.2117 -0.9332
vn 0.0354 0.7407 -0.6709
vn 0.3589 0.6604 -0.6596
vn 0.4469 0.2059 -0.8706
vn 0.0841 0.9076 -0.4113
vn 0.4616 0.7565 -0.4634
vn 0.6098 -0.0381 -0.7917
vn 0.5581 -0.6636 -0.4982
vn 0.1802 -0.8809 -0.4376
vn -0.2814 -0.7753 0.5654
vn -0.4731 -0.5076 0.7201
vn -0.4900 -0.3134 0.8135
vn -0.1083 -0.7147 0.6910
vn -0.4489 0.8303 0.3303
vn -0.4151 0.6700 0.6154
vn 0.1127 0.7805 0.6149
vn -0.0071 -0.0119 0.9999
vn -0.2810 0.6885 0.6686
vn -0.3107 0.1301 0.9416
vn -0.1593 -0.6693 0.7257
vn -0.3463 -0.6484 0.6780
vn 0.1819 -0.5685 -0.8023
vn 0.1061 -0.9332 -0.3433
vn 0.0684 -0.9924 0.1023
vn 0.1039 -0.5194 0.8482
vn 0.1215 -0.0987 0.9877
vn -0.0136 -0.0923 0.9956
vn -0.0417 0.2019 0.9785
vn -0.1406 0.7442 0.6530
vn -0.1808 0.9799 0.0843
vn -0.1848 0.9693 -0.1619
vn -0.0931 0.8138 -0.5737
vn -0.0431 0.2593 -0.9648
vn 0.2027 -0.0119 -0.9792
vn 0.0192 -0.1456 -0.9892
vn -0.2509 0.9476 0.1977
vn 0.0512 0.9980 -0.0369
vn -0.0062 0.9980 -0.0628
vn -0.1545 0.9506 0.2693
vn -0.0568 -0.9851 -0.1621
vn -0.0165 -0.9901 -0.1397
vn 0.2453 -0.9455 0.2139
vn 0.2686 -0.9617 0.0544
vn -0.5451 -0.1735 0.8203
vn -0.5600 -0.2191 0.7990
vn -0.6502 0.0948 0.7538
vn -0.6359 0.1488 0.7573
vn 0.6365 -0.1082 -0.7637
vn 0.3487 -0.1134 -0.9304
vn 0.3592 -0.0009 -0.9333
vn 0.6896 0.0185 -0.7239
vn 0.0609 0.9957 0.0696
vn -0.0622 0.9961 -0.0632
vn -0.0230 0.9829 -0.1826
vn -0.1348 0.9783 0.1576
vn 0.0995 0.9949 0.0173
vn -0.0450 0.9990 0.0054
vn 0.1506 0.9749 -0.1638
vn 0.1033 0.9917 -0.0767
vn 0.2293 -0.9653 -0.1250
vn 0.0648 -0.9333 0.3533
vn -0.1060 -0.9784 -0.1772
vn 0.0509 -0.9718 0.2301
vn -0.1196 -0.9878 -0.0996
vn 0.1340 -0.9454 -0.2971
vn -0.0473 -0.9777 -0.2047
vn -0.2067 -0.9783 0.0125
vn 0.2508 -0.1025 0.9626
vn -0.1485 -0.1801 0.9724
vn -0.3351 0.2656 0.9040
vn 0.1305 0.2609 0.9565
vn -0.7228 -0.1549 0.6735
vn -0.7373 -0.0323 0.6748
vn -0.8338 -0.0258 0.5515
vn -0.8042 -0.1776 0.5673
vn -0.5748 -0.0298 0.8178
vn 0.7601 0.0698 -0.6460
vn 0.7638 -0.0085 -0.6454
vn 0.8247 0.2166 -0.5224
vn 0.6892 0.2462 -0.6814
vn -0.1692 -0.1641 -0.9718
vn -0.1195 0.0648 -0.9907
vn 0.1945 -0.0219 -0.9807
vn 0.1287 0.0204 -0.9915
vn 0.4746 -0.2365 -0.8478
vn -0.2517 -0.8202 0.5137
vn -0.5612 -0.0571 0.8257
vn -0.3625 -0.7983 0.4810
vn -0.5206 0.6199 0.5870
vn -0.5269 0.6420 0.5570
vn 0.3292 -0.9013 -0.2817
vn 0.4113 -0.8759 -0.2521
vn 0.5570 -0.5001 -0.6631
vn 0.2522 0.6769 -0.6915
vn 0.5244 0.7044 -0.4784
vn 0.2526 -0.6287 0.7355
vn -0.1867 -0.6682 0.7202
vn -0.2495 -0.1893 0.9497
vn 0.2144 -0.2564 0.9425
vn 0.2222 0.7838 0.5799
vn -0.2132 0.7140 0.6669
vn -0.6715 0.1813 0.7185
vn -0.1928 0.9166 0.3504
vn -0.5755 0.7493 0.3277
vn -0.7892 -0.0686 0.6103
vn -0.6586 -0.6608 0.3598
vn -0.3835 -0.8818 0.2744
vn 0.4204 -0.7745 -0.4727
vn 0.6481 -0.4935 -0.5800
vn 0.6603 -0.2714 -0.7002
vn 0.3355 -0.7930 -0.5085
vn 0.5184 0.8229 -0.2327
vn 0.5444 0.6714 -0.5027
vn -0.0632 0.7375 -0.6724
vn 0.0176 0.0184 -0.9997
vn -0.1446 0.6942 -0.7052
vn -0.1361 0.1759 -0.9750
vn -0.2280 -0.5984 -0.7681
vn 0.2320 -0.6354 -0.7365
vn 0.3193 -0.5994 -0.7340
vn 0.0251 -0.8609 -0.5081
vn -0.4580 -0.8658 -0.2018
vn -0.6156 -0.5361 0.5776
vn -0.5998 -0.1091 0.7927
vn -0.6036 -0.0724 0.7940
vn -0.5355 0.2085 0.8184
vn -0.1344 0.8142 0.5648
vn 0.2359 0.9540 0.1851
vn 0.3617 0.9304 0.0587
vn 0.5597 0.7709 -0.3040
vn 0.6836 0.2523 -0.6849
vn 0.6539 0.0366 -0.7557
vn 0.4971 -0.1211 -0.8592
vn -0.4144 0.9093 -0.0372
vn -0.2032 0.7740 -0.5996
vn -0.1665 0.9850 0.0443
vn -0.1757 0.9239 -0.3400
vn 0.1678 0.9641 -0.2057
vn 0.4076 0.7042 -0.5813
vn -0.0756 0.9506 -0.3009
vn -0.0301 0.9984 0.0484
vn 0.1238 0.9916 0.0374
vn 0.5947 0.7481 0.2946
vn -0.0056 0.9992 0.0403
vn 0.3190 0.8291 0.4591
vn -0.0828 0.9961 0.0313
vn -0.4363 0.8445 0.3107
vn -0.0565 0.9984 -0.0032
vn -0.3521 0.8367 0.4196
vn 0.0089 0.9906 0.1367
vn -0.1424 0.9898 -0.0090
vn -0.0141 0.9947 0.1023
vn -0.3924 0.8184 0.4198
vn -0.5708 0.8187 0.0628
vn -0.5399 0.8417 0.0082
vn 0.2439 0.9437 0.2233
vn 0.0580 0.9901 0.1276
vn -0.5643 0.8190 0.1039
vn 0.0454 0.9971 0.0605
vn 0.1454 0.8233 -0.5487
vn -0.5977 0.7288 0.3341
vn 0.2697 -0.7456 -0.6093
vn 0.5761 -0.5838 -0.5722
vn 0.6454 -0.7173 -0.2627
vn 0.5830 -0.8029 0.1246
vn -0.3551 -0.9348 0.0085
vn -0.5117 -0.6044 -0.6107
vn -0.2014 -0.7296 -0.6535
vn -0.3550 -0.8089 -0.4687
vn -0.2640 -0.7593 0.5948
vn 0.1601 -0.8793 0.4486
vn -0.2121 -0.9771 0.0144
vn -0.6661 -0.7272 0.1658
vn 0.3262 -0.9441 0.0470
vn 0.7282 -0.6842 -0.0400
vn 0.0785 -0.9969 -0.0029
vn 0.2310 -0.9729 0.0093
vn 0.2042 -0.9612 0.1855
vn 0.4231 -0.8875 0.1824
vn 0.3538 -0.7668 -0.5356
vn 0.0301 -0.9511 -0.3074
vn -0.6124 -0.7588 0.2216
vn -0.3566 -0.7090 0.6084
vn 0.6381 -0.6252 0.4494
vn -0.6472 -0.7528 0.1201
vn -0.7317 -0.6369 -0.2429
vn -0.2448 -0.9482 -0.2026
vn 0.0017 -0.7635 0.6458
vn -0.5061 0.7551 0.4168
vn -0.8805 -0.2932 0.3726
vn -0.9307 -0.0259 0.3650
vn -0.5947 -0.3000 0.7459
vn -0.7944 0.0476 0.6055
vn -0.4640 0.0148 0.8857
vn -0.5379 0.0134 0.8429
vn -0.9089 0.0961 0.4058
vn -0.6988 -0.1360 0.7023
vn -0.5109 -0.0766 0.8562
vn 0.4880 -0.1299 0.8631
vn 0.6284 -0.1050 0.7708
vn 0.7989 -0.0841 0.5956
vn 0.7480 -0.4078 0.5237
vn 0.9772 -0.1209 0.1746
vn 0.8741 -0.0192 0.4854
vn 0.6115 0.2046 0.7643
vn 0.5364 0.1645 0.8278
vn 0.8622 0.2056 0.4630
vn 0.5444 0.2340 -0.8055
vn 0.7113 -0.4096 -0.5712
vn 0.3430 -0.1854 -0.9209
vn 0.2687 0.1419 -0.9527
vn 0.6569 0.0267 -0.7535
vn 0.6349 -0.3668 -0.6799
vn 0.5805 0.0908 -0.8092
vn 0.4751 0.3695 -0.7986
vn 0.2518 0.2787 -0.9268
vn 0.7663 -0.4737 0.4341
vn 0.5243 -0.7968 0.3005
vn 0.0778 -0.9807 0.1795
vn -0.6471 -0.6770 0.3506
vn -0.9371 -0.1887 0.2935
vn -0.9835 -0.1808 -0.0110
vn -0.9666 0.2119 0.1441
vn -0.6633 0.7293 0.1678
vn -0.1486 0.9767 -0.1547
vn 0.1506 0.9867 -0.0619
vn 0.6638 0.6993 0.2651
vn 0.9039 0.2002 0.3780
vn 0.9264 0.0141 0.3763
vn 0.9395 -0.0669 0.3361
vn 0.2084 -0.7032 -0.6798
vn -0.0080 -0.4976 -0.8673
vn 0.2991 -0.7236 -0.6221
vn 0.3803 -0.6881 0.6179
vn 0.1599 -0.4027 0.9013
vn 0.2346 -0.2396 0.9421
vn 0.8461 -0.1677 0.5059
vn 0.5107 0.1969 0.8369
vn 0.2290 0.8445 0.4840
vn 0.2251 0.9656 -0.1305
vn 0.6504 0.7592 -0.0252
vn 0.5749 0.4435 -0.6876
vn -0.3275 0.6075 -0.7237
vn -0.1307 0.0551 -0.9899
vn 0.0684 0.0074 -0.9976
vn 0.0347 0.1076 -0.9936
vn 0.1400 -0.0500 -0.9889
vn 0.1725 -0.2881 -0.9419
vn -0.0838 0.5218 -0.8489
vn -0.1562 0.5023 -0.8505
vn -0.0189 0.1686 -0.9855
vn 0.4272 0.3861 -0.8176
vn 0.8649 0.0105 -0.5019
vn 0.3582 -0.3599 -0.8615
vn 0.2249 0.1520 -0.9624
vn 0.0099 -0.0331 -0.9994
vn 0.3623 -0.3506 -0.8636
vn 0.8634 0.3390 -0.3736
vn -0.4606 -0.2099 -0.8624
vn -0.0575 -0.6902 -0.7213
vn 0.4872 -0.8715 -0.0559
vn -0.9372 0.3360 0.0937
vn -0.9462 -0.3001 0.1210
vn -0.9989 -0.0409 0.0210
vn -0.9904 0.0062 0.1381
vn -0.6998 0.5148 0.4952
vn -0.8765 0.2574 0.4069
vn -0.8588 -0.0185 0.5120
vn -0.9089 -0.1882 0.3721
vn 0.2159 -0.9727 0.0849
vn 0.5197 -0.7805 -0.3475
vn 0.1575 0.9696 0.1870
vn 0.1594 0.9756 0.1511
vn 0.3089 0.9101 0.2762
vn 0.3516 0.8989 0.2615
vn 0.0262 0.9918 0.1250
vn 0.0704 0.9951 0.0697
vn -0.4287 0.8825 -0.1934
vn -0.3484 0.8918 -0.2886
vn 0.0386 -0.9841 -0.1735
vn -0.5551 -0.7561 -0.3468
vn -0.4617 -0.7581 -0.4606
vn -0.1089 -0.9845 -0.1377
vn 0.3045 -0.9493 -0.0788
vn 0.1979 -0.9761 0.0900
vn 0.7145 -0.6379 0.2873
vn 0.5899 -0.6371 0.4961
vn -0.6905 0.2947 -0.6606
vn -0.8124 0.3193 -0.4879
vn -0.7572 0.0401 -0.6520
vn -0.8925 -0.0308 -0.4500
vn -0.7431 -0.2641 -0.6148
vn -0.8685 -0.1889 -0.4582
vn 0.8262 -0.1151 0.5515
vn 0.8395 -0.1568 0.5202
vn 0.8390 -0.1503 0.5229
vn 0.8370 -0.1125 0.5356
vn 0.8202 0.4125 0.3965
vn 0.6179 0.4310 0.6575
vn 0.0326 0.9988 -0.0366
vn 0.4342 0.8595 0.2699
vn 0.4684 0.8076 0.3582
vn 0.1546 0.9799 0.1264
vn -0.0005 0.9956 0.0939
vn 0.3377 0.8496 0.4051
vn 0.0542 0.9974 -0.0471
vn 0.7679 0.5747 0.2831
vn 0.3752 0.7642 0.5246
vn 0.0015 0.9948 0.1023
vn 0.0111 0.9997 0.0199
vn 0.5431 0.6820 0.4898
vn -0.0249 0.9992 -0.0312
vn 0.0111 0.9993 0.0352
vn -0.0261 0.9967 0.0765
vn 0.0451 0.9980 -0.0433
vn -0.0507 0.9982 -0.0317
vn 0.0463 0.9986 -0.0254
vn -0.5522 0.7880 -0.2724
vn -0.4882 0.8107 -0.3232
vn -0.4658 0.8607 -0.2054
vn -0.4685 0.6985 -0.5410
vn -0.2982 0.8343 -0.4638
vn -0.4051 0.8136 -0.4170
vn -0.8583 -0.2735 -0.4342
vn -0.4404 -0.8973 0.0311
vn -0.6695 -0.5108 -0.5393
vn -0.2802 -0.9579 -0.0621
vn -0.8121 -0.4261 -0.3987
vn -0.2517 -0.9495 -0.1875
vn -0.2833 -0.8396 -0.4634
vn -0.1470 -0.9852 -0.0881
vn -0.3377 -0.8639 -0.3736
vn 0.0484 -0.9973 0.0550
vn 0.3374 -0.9378 -0.0815
vn -0.2277 -0.8921 -0.3903
vn 0.0576 -0.9085 0.4140
vn 0.0483 -0.9935 0.1031
vn 0.2405 -0.9488 0.2047
vn -0.0782 -0.9921 0.0978
vn 0.2253 -0.8925 0.3908
vn 0.4650 -0.8847 -0.0335
vn 0.4512 -0.6681 0.5917
vn 0.5448 -0.6986 0.4638
vn 0.5533 -0.6675 0.4983
vn 0.1652 -0.7290 0.6643
vn 0.4849 -0.6238 0.6130
vn 0.7456 -0.6349 0.2024
vn -0.8253 -0.1007 -0.5556
vn -0.7897 -0.0000 -0.6134
vn -0.8998 0.0980 -0.4253
vn -0.4851 0.3117 -0.8170
vn -0.6863 0.3099 -0.6580
vn -0.7242 0.2515 -0.6421
vn -0.7946 -0.2196 -0.5660
vn -0.6901 -0.1503 -0.7080
vn -0.9187 -0.1958 -0.3431
vn -0.3978 0.0293 -0.9170
vn -0.6659 0.1973 -0.7195
vn -0.7822 0.1971 -0.5911
vn -0.8171 0.0766 -0.5715
vn -0.6444 -0.1116 -0.7565
vn -0.9269 0.0760 -0.3675
vn -0.3587 -0.2044 -0.9108
vn -0.6420 -0.2532 -0.7237
vn -0.7649 -0.2730 -0.5834
vn 0.5931 -0.3834 0.7080
vn 0.5826 -0.3336 0.7411
vn 0.7821 -0.3268 0.5306
vn 0.4392 0.0565 0.8966
vn 0.7496 -0.1613 0.6419
vn 0.8580 -0.2061 0.4706
vn 0.6772 -0.1450 0.7214
vn 0.6550 0.2103 0.7258
vn 0.8209 0.2077 0.5319
vn 0.5130 0.2783 0.8120
vn 0.8886 0.0319 0.4575
vn 0.8695 0.0240 0.4934
vn 0.7534 0.2956 0.5873
vn 0.6395 0.5497 0.5374
vn 0.6321 0.4927 0.5982
vn 0.5515 0.0117 0.8341
vn 0.8997 -0.0323 0.4353
vn 0.8635 0.0039 0.5044
vn -0.5114 -0.0518 -0.8578
vn -0.5105 -0.0746 -0.8566
vn -0.4891 0.2230 -0.8432
vn 0.3718 0.0326 0.9278
vn 0.3806 0.1841 0.9062
vn 0.5319 -0.1840 0.8266
vn 0.3261 0.7673 0.5521
vn 0.3773 -0.6441 0.6654
vn 0.1073 0.9873 0.1169
vn 0.1839 -0.9424 0.2793
vn -0.0151 0.9980 -0.0609
vn -0.0378 -0.9985 -0.0390
vn -0.2873 0.8345 -0.4702
vn -0.3829 -0.6918 -0.6122
vn 0.0542 -0.9985 0.0036
vn 0.6572 -0.5649 0.4990
vn -0.2996 -0.9168 -0.2641
vn -0.5385 -0.7062 -0.4597
vn -0.6236 -0.2445 -0.7425
vn -0.5730 -0.0577 -0.8175
vn -0.6923 0.2794 -0.6653
vn -0.4272 0.8328 -0.3520
vn -0.2210 0.9746 0.0355
vn -0.0056 0.9982 0.0591
vn 0.3421 0.7944 0.5020
vn 0.5582 0.2328 0.7964
vn 0.6214 -0.1266 0.7732
vn 0.7348 -0.1398 0.6638
vn -0.0971 0.9539 -0.2840
vn 0.0022 0.9988 0.0481
vn 0.0467 0.9986 0.0230
vn -0.2078 0.9490 -0.2372
vn 0.1874 -0.9822 0.0151
vn 0.1451 -0.9885 0.0429
vn -0.2665 -0.9620 0.0595
vn -0.1204 -0.9761 0.1808
vn -0.5133 -0.1546 -0.8442
vn -0.5230 -0.2108 -0.8259
vn -0.4922 0.1094 -0.8636
vn -0.4639 0.1745 -0.8686
vn 0.4832 -0.1370 0.8647
vn 0.6466 -0.1390 0.7500
vn 0.6456 -0.0235 0.7633
vn 0.4174 -0.0000 0.9087
vn -0.0567 0.9977 -0.0382
vn 0.0603 0.9982 -0.0050
vn 0.0554 0.9918 0.1153
vn -0.0627 0.9692 -0.2383
vn -0.0640 0.9956 0.0685
vn 0.0003 0.9992 -0.0412
vn 0.0895 0.9800 0.1776
vn 0.0201 0.9944 0.1037
vn -0.0360 -0.9746 0.2211
vn -0.2642 -0.9337 -0.2418
vn 0.0831 -0.9897 0.1164
vn -0.1865 -0.9745 -0.1244
vn 0.1426 -0.9878 -0.0621
vn 0.2424 -0.9454 0.2177
vn 0.2383 -0.9702 0.0442
vn 0.0813 -0.9817 -0.1723
vn -0.4962 -0.0886 -0.8637
vn -0.6178 -0.1606 -0.7697
vn -0.5173 0.2645 -0.8139
vn -0.4626 0.3169 -0.8280
vn -0.3901 -0.1448 -0.9093
vn -0.3823 -0.0134 -0.9240
vn -0.2261 -0.0082 -0.9741
vn -0.2552 -0.1708 -0.9517
vn -0.5351 -0.0086 -0.8448
vn 0.3649 0.0517 0.9296
vn 0.3609 -0.0307 0.9321
vn 0.2028 0.2182 0.9546
vn 0.4140 0.2434 0.8772
vn 0.4451 -0.2296 0.8655
vn 0.4147 0.0577 0.9081
vn 0.5223 -0.0507 0.8513
vn 0.5555 0.0033 0.8315
vn 0.5185 -0.2657 0.8128
vn -0.3562 -0.7954 -0.4903
vn -0.5086 -0.0270 -0.8606
vn -0.2735 -0.7830 -0.5586
vn -0.3391 0.6523 -0.6779
vn -0.3317 0.6668 -0.6673
vn 0.1705 -0.9112 0.3750
vn 0.0403 -0.8973 0.4396
vn 0.4123 -0.5291 0.7417
vn 0.4771 0.6896 0.5447
vn 0.2384 0.7119 0.6606
vn -0.4862 -0.6431 -0.5917
vn -0.4298 -0.6022 -0.6728
vn -0.5530 -0.1720 -0.8152
vn -0.4783 -0.2996 -0.8255
vn -0.3608 0.7592 -0.5416
vn -0.3573 0.7182 -0.5970
vn -0.4584 0.2004 -0.8659
vn -0.2732 0.9170 -0.2906
vn -0.1133 0.7632 -0.6361
vn -0.3157 -0.0529 -0.9474
vn -0.0891 -0.6724 -0.7348
vn -0.1220 -0.8797 -0.4597
vn 0.3146 -0.7956 0.5178
vn 0.3349 -0.5169 0.7878
vn 0.4518 -0.3043 0.8386
vn 0.3740 -0.7960 0.4760
vn 0.0121 0.8356 0.5493
vn 0.2881 0.6874 0.6667
vn 0.4779 0.7876 0.3889
vn 0.6711 0.0018 0.7414
vn 0.3248 0.7602 0.5626
vn 0.4126 0.1884 0.8912
vn 0.4272 -0.6728 0.6041
vn 0.3220 -0.6804 0.6583
vn -0.6310 -0.6060 -0.4844
vn -0.1466 -0.9880 0.0484
vn 0.0657 -0.9061 0.4180
vn 0.3989 -0.6085 0.6860
vn 0.4750 -0.2587 0.8411
vn 0.5130 0.0354 0.8577
vn 0.5014 0.1893 0.8442
vn 0.3946 0.7860 0.4759
vn 0.2274 0.9738 0.0014
vn 0.2290 0.9523 -0.2016
vn -0.0531 0.8346 -0.5483
vn -0.4910 0.2524 -0.8338
vn -0.5115 -0.0602 -0.8572
vn -0.6598 -0.1057 -0.7440
vn -0.3085 0.9493 -0.0601
vn 0.0464 0.9986 0.0238
vn 0.0501 0.9984 -0.0267
vn -0.3276 0.9432 0.0550
vn 0.1232 -0.9810 -0.1499
vn 0.1257 -0.9873 -0.0969
vn -0.1103 -0.9626 0.2473
vn 0.1028 -0.9758 0.1928
vn -0.9894 -0.1450 0.0053
vn -0.9800 -0.1977 0.0214
vn -0.9947 0.1012 -0.0191
vn -0.9858 0.1621 -0.0441
vn 0.9919 -0.1240 0.0269
vn 0.9804 -0.1253 -0.1521
vn 0.9893 -0.0194 -0.1448
vn 0.9951 0.0027 0.0988
vn -0.0627 0.9975 0.0325
vn 0.0303 0.9981 -0.0546
vn 0.1383 0.9903 0.0121
vn -0.2521 0.9654 -0.0665
vn 0.0227 0.9958 0.0886
vn -0.0342 0.9991 -0.0236
vn 0.2162 0.9762 0.0150
vn 0.1091 0.9933 0.0379
vn 0.1799 -0.9730 0.1445
vn -0.3619 -0.9273 0.0957
vn 0.1512 -0.9884 -0.0109
vn -0.2189 -0.9709 0.0973
vn 0.0345 -0.9887 -0.1458
vn 0.3333 -0.9384 -0.0915
vn 0.1755 -0.9671 -0.1839
vn -0.1099 -0.9817 -0.1552
vn -0.9962 -0.0842 -0.0213
vn -0.9814 -0.1500 0.1202
vn -0.9690 0.2459 0.0232
vn -0.9564 0.2910 -0.0267
vn -0.9820 -0.1376 -0.1296
vn -0.9894 -0.0151 -0.1443
vn -0.9576 -0.0103 -0.2878
vn -0.9541 -0.1615 -0.2522
vn -0.9997 -0.0106 0.0220
vn 0.9875 0.0518 0.1490
vn 0.9876 -0.0251 0.1548
vn 0.9333 0.2094 0.2917
vn 0.9689 0.2294 0.0929
vn 0.9761 -0.2100 0.0568
vn 0.9933 0.0556 0.1016
vn 0.9990 -0.0429 -0.0089
vn 0.9991 0.0065 -0.0417
vn 0.9688 -0.2471 -0.0199
vn -0.5927 -0.8039 0.0491
vn -0.9996 -0.0270 -0.0060
vn -0.6011 -0.7976 -0.0507
vn -0.7798 0.6237 -0.0535
vn -0.7693 0.6368 -0.0514
vn 0.4372 -0.8986 0.0367
vn 0.3925 -0.9007 0.1864
vn 0.8605 -0.5088 0.0251
vn 0.7150 0.6895 -0.1157
vn 0.6932 0.7100 0.1242
vn -0.7706 -0.6279 0.1089
vn -0.8197 -0.5725 0.0197
vn -0.9857 -0.1608 0.0494
vn -0.9594 -0.2815 -0.0142
vn -0.6532 0.7566 0.0293
vn -0.7205 0.6935 -0.0029
vn -0.9814 0.1857 -0.0489
vn -0.4026 0.9117 0.0822
vn -0.6087 0.7618 -0.2217
vn -0.9791 -0.0521 -0.1966
vn -0.6877 -0.6677 -0.2852
vn -0.4552 -0.8811 -0.1284
vn 0.6349 -0.7726 -0.0013
vn 0.8591 -0.5001 0.1087
vn 0.9593 -0.2799 0.0388
vn 0.6198 -0.7810 -0.0766
vn 0.4910 0.8304 0.2634
vn 0.7388 0.6680 0.0889
vn 0.5933 0.7810 -0.1948
vn 0.9846 0.0035 -0.1749
vn 0.6678 0.7443 0.0118
vn 0.9794 0.1788 0.0942
vn 0.7520 -0.6570 -0.0542
vn 0.7430 -0.6655 0.0708
vn 0.7787 -0.6225 0.0783
vn 0.3659 -0.9207 0.1353
vn -0.0750 -0.9939 0.0813
vn -0.7545 -0.6319 0.1770
vn -0.9847 -0.1146 0.1312
vn -0.9959 -0.0903 0.0109
vn -0.9700 0.2365 0.0566
vn -0.6028 0.7962 0.0524
vn -0.0721 0.9973 0.0127
vn 0.1371 0.9868 -0.0867
vn 0.6516 0.7476 -0.1284
vn 0.9771 0.1952 -0.0850
vn 0.9995 -0.0290 -0.0120
vn 0.9821 -0.1874 -0.0177
vn -0.3881 0.8184 -0.4238
vn 0.0635 0.9535 -0.2946
vn -0.3472 0.8466 -0.4035
vn 0.1898 0.9706 -0.1483
vn 0.1390 0.9469 -0.2900
vn 0.0415 0.9585 -0.2820
vn 0.5449 0.8316 0.1075
vn 0.3796 0.9248 0.0238
vn 0.6992 -0.5651 0.4379
vn 0.1226 -0.9107 0.3944
vn 0.2088 -0.9604 0.1844
vn 0.6436 -0.5280 0.5540
vn -0.3324 -0.9344 0.1280
vn -0.2667 -0.9574 -0.1105
vn -0.7725 -0.5573 -0.3044
vn -0.7094 -0.5634 -0.4234
vn 0.7855 0.3408 0.5166
vn 0.9101 0.2845 0.3014
vn 0.7680 -0.2038 0.6071
vn 0.9051 -0.2148 0.3669
vn 0.7544 -0.3471 0.5572
vn 0.8058 -0.3370 0.4869
vn -0.8096 -0.2682 -0.5222
vn -0.8519 -0.2779 -0.4440
vn -0.7736 -0.1503 -0.6155
vn -0.9162 -0.1253 -0.3805
vn -0.7298 0.2170 -0.6483
vn -0.8714 0.2636 -0.4137
vn -0.8285 0.1608 -0.5363
vn -0.3634 0.6674 -0.6500
vn 0.0167 0.7838 -0.6208
vn 0.2722 0.9291 -0.2504
vn 0.1029 0.9577 -0.2686
vn -0.2387 0.8385 -0.4898
vn 0.0333 0.9901 -0.1361
vn -0.4293 0.7906 -0.4367
vn 0.0641 0.9139 -0.4008
vn -0.0103 0.9993 -0.0370
vn -0.3739 0.8882 -0.2671
vn -0.4850 0.7762 -0.4030
vn 0.0193 0.9890 -0.1468
vn -0.1224 0.8168 -0.5638
vn 0.1466 0.9837 -0.1039
vn 0.0832 0.9378 -0.3371
vn 0.1243 0.9197 -0.3724
vn 0.1122 0.9842 -0.1370
vn 0.1363 0.9769 -0.1645
vn -0.1701 0.9809 -0.0943
vn -0.0566 0.9817 -0.1818
vn -0.1806 0.9762 -0.1204
vn 0.5029 0.8043 0.3164
vn 0.6541 0.7089 0.2638
vn 0.7624 0.5853 0.2762
vn 0.6080 0.6980 0.3783
vn 0.4577 0.8863 -0.0714
vn 0.7230 0.6840 -0.0969
vn 0.5474 0.8355 -0.0469
vn -0.3006 -0.8120 0.5003
vn 0.4474 -0.3191 0.8355
vn 0.3944 -0.5346 0.7474
vn -0.2976 -0.8932 0.3371
vn -0.2289 -0.8133 0.5349
vn 0.4311 -0.4205 0.7983
vn -0.0594 -0.8581 0.5101
vn 0.4883 -0.5809 0.6513
vn 0.2893 -0.8944 -0.3410
vn 0.0031 -0.9994 0.0346
vn 0.6446 -0.7529 0.1332
vn 0.7851 -0.6190 -0.0226
vn 0.8445 -0.5322 0.0598
vn 0.3669 -0.9045 -0.2175
vn -0.4549 -0.8813 0.1276
vn -0.6144 -0.7315 0.2957
vn -0.5683 -0.7298 0.3800
vn -0.4163 -0.8329 0.3647
vn 0.0594 -0.9953 0.0768
vn -0.1473 -0.8804 -0.4507
vn -0.1135 -0.8879 -0.4458
vn -0.6208 -0.7117 -0.3286
vn -0.8604 -0.4643 -0.2102
vn -0.9061 -0.4231 -0.0047
vn -0.8313 -0.5554 -0.0225
vn -0.5644 -0.8226 -0.0687
vn -0.7305 -0.4946 -0.4708
vn -0.5743 -0.5309 -0.6231
vn 0.6749 0.1819 0.7151
vn 0.8405 -0.0582 0.5387
vn 0.7124 -0.0297 0.7012
vn 0.6156 0.2484 0.7479
vn 0.9446 0.2872 0.1588
vn 0.9735 0.2282 0.0173
vn 0.9774 0.1648 0.1323
vn 0.7168 -0.1079 0.6889
vn 0.8272 -0.1670 0.5365
vn 0.5812 -0.0031 0.8138
vn 0.5633 -0.0871 0.8217
vn 0.9731 0.0437 0.2263
vn 0.9999 -0.0125 0.0007
vn 0.9697 -0.0039 0.2442
vn 0.6920 -0.3363 0.6388
vn 0.7535 -0.0046 0.6575
vn 0.6609 0.0565 0.7483
vn 0.6663 -0.1969 0.7192
vn 0.9347 -0.2868 0.2098
vn 0.9821 -0.1783 0.0612
vn 0.9273 -0.2418 0.2857
vn -0.7428 -0.2035 -0.6378
vn -0.5666 -0.2225 -0.7934
vn -0.9181 -0.1162 -0.3788
vn -0.8961 -0.1776 -0.4068
vn -0.9274 -0.3375 -0.1613
vn -0.9499 -0.0531 -0.3080
vn -0.7725 -0.1475 -0.6177
vn -0.6164 0.0031 -0.7874
vn -0.5703 0.1122 -0.8137
vn -0.8741 -0.0011 -0.4857
vn -0.9193 -0.0192 -0.3931
vn -0.9861 0.1624 -0.0363
vn -0.9024 0.1282 -0.4113
vn -0.6079 0.0392 -0.7930
vn -0.6652 0.3349 -0.6673
vn -0.5123 0.3067 -0.8022
vn -0.8176 0.1139 -0.5645
vn -0.9491 0.2845 -0.1350
vn -0.9002 0.1171 -0.4195
vn -0.6820 0.0902 -0.7258
vn 0.3699 0.6603 -0.6536
vn 0.5798 0.7422 -0.3361
vn 0.3562 0.7177 -0.5983
vn 0.4515 0.8828 -0.1298
vn 0.5901 0.7863 -0.1831
vn 0.4308 0.8503 -0.3024
vn 0.5109 0.7232 0.4648
vn 0.3760 0.9056 0.1960
vn -0.0136 -0.4769 0.8789
vn -0.4810 -0.8091 0.3375
vn -0.2134 -0.8913 0.4000
vn -0.1603 -0.4882 0.8579
vn -0.6192 -0.7676 -0.1656
vn -0.3490 -0.9286 -0.1264
vn -0.4580 -0.4615 -0.7598
vn -0.4216 -0.6282 -0.6539
vn 0.2505 0.3215 0.9132
vn 0.3204 0.3210 0.8912
vn 0.0434 -0.1747 0.9837
vn 0.2204 -0.1811 0.9585
vn 0.0222 -0.2836 0.9587
vn 0.0438 -0.2661 0.9629
vn -0.0791 -0.3047 -0.9491
vn -0.3681 -0.2599 -0.8927
vn -0.1625 -0.2832 -0.9452
vn -0.1736 -0.0930 -0.9804
vn 0.3977 -0.0382 -0.9167
vn 0.0234 0.2000 -0.9795
vn -0.3679 0.1285 -0.9209
vn 0.4714 0.5464 -0.6923
vn 0.7171 0.6951 -0.0505
vn 0.5629 0.8149 0.1383
vn 0.5219 0.8528 0.0168
vn 0.4772 0.8278 -0.2950
vn 0.4151 0.9096 0.0155
vn 0.1753 0.8053 -0.5663
vn 0.6318 0.7565 -0.1687
vn 0.2545 0.9363 -0.2421
vn -0.0120 0.7332 -0.6799
vn -0.0523 0.7305 -0.6809
vn 0.0955 0.9891 -0.1119
vn 0.4035 0.7128 -0.5737
vn 0.3924 0.9089 -0.1410
vn 0.5498 0.8336 0.0522
vn 0.5738 0.8186 0.0250
vn 0.4800 0.8739 0.0767
vn 0.5183 0.8534 0.0548
vn 0.1285 0.9264 -0.3539
vn 0.0551 0.9690 -0.2408
vn 0.1449 0.9079 -0.3933
vn -0.0158 0.7244 0.6892
vn 0.2178 0.5468 0.8084
vn 0.4436 0.4214 0.7910
vn 0.3709 0.6202 0.6912
vn 0.5590 0.8257 0.0753
vn 0.5184 0.7163 0.4671
vn 0.5634 0.7799 0.2726
vn -0.7462 -0.6636 -0.0528
vn -0.5789 -0.2301 0.7822
vn -0.7072 -0.5150 0.4844
vn -0.6221 -0.7398 -0.2565
vn -0.7469 -0.6645 -0.0227
vn -0.5227 -0.3630 0.7713
vn -0.6719 -0.7329 0.1071
vn -0.3745 -0.5617 0.7377
vn 0.1572 -0.9661 0.2047
vn -0.1086 -0.9802 0.1657
vn 0.2843 -0.7266 0.6254
vn 0.3135 -0.6229 0.7167
vn 0.2116 -0.5388 0.8154
vn 0.0748 -0.9541 0.2899
vn -0.5001 -0.6727 -0.5453
vn -0.6681 -0.5976 -0.4433
vn -0.7357 -0.5509 -0.3942
vn -0.7522 -0.5957 -0.2816
vn -0.0820 -0.9936 0.0778
vn -0.0103 -0.9854 -0.1700
vn -0.0276 -0.9668 -0.2539
vn -0.1854 -0.5568 -0.8097
vn -0.2482 -0.3850 -0.8889
vn -0.5918 -0.2478 -0.7671
vn -0.5907 -0.3067 -0.7464
vn -0.3164 -0.8858 -0.3394
vn -0.3281 -0.6609 -0.6749
vn -0.0963 -0.5941 -0.7986
vn -0.4918 0.1081 0.8640
vn -0.1190 -0.1771 0.9770
vn -0.0698 -0.0417 0.9967
vn 0.0106 0.2592 0.9658
vn 0.7242 0.2716 0.6339
vn 0.6018 0.2763 0.7493
vn 0.5960 0.1046 0.7961
vn -0.5602 -0.1738 0.8099
vn -0.1913 -0.2242 0.9556
vn -0.3054 0.0056 0.9522
vn -0.2112 -0.0776 0.9744
vn 0.6277 0.1681 0.7601
vn 0.6794 0.0429 0.7326
vn 0.4339 -0.0817 0.8972
vn -0.5448 -0.2973 0.7841
vn -0.3090 -0.0255 0.9507
vn -0.2267 0.0287 0.9735
vn -0.1256 -0.2150 0.9685
vn 0.5052 -0.1771 0.8446
vn 0.6813 -0.2029 0.7033
vn 0.2298 -0.1896 0.9546
vn 0.2063 -0.1239 -0.9706
vn 0.4480 -0.2488 -0.8587
vn -0.3186 0.0241 -0.9476
vn -0.5255 -0.0360 -0.8501
vn -0.5749 -0.4011 -0.7132
vn -0.5191 -0.1381 -0.8435
vn -0.1216 -0.2215 -0.9676
vn 0.2949 0.0045 -0.9555
vn 0.6268 0.1407 -0.7663
vn -0.3323 0.0326 -0.9426
vn -0.6082 0.0669 -0.7910
vn -0.6138 0.0710 -0.7863
vn -0.4450 0.0944 -0.8906
vn 0.0539 -0.0438 -0.9976
vn 0.2090 0.3707 -0.9049
vn 0.6615 0.3539 -0.6612
vn -0.2943 0.1261 -0.9473
vn -0.5930 0.2957 -0.7489
vn -0.4163 0.0519 -0.9077
vn 0.0216 0.0105 -0.9997
vn -0.6872 0.6720 0.2758
vn -0.6402 0.7672 -0.0390
vn -0.5241 0.7762 0.3505
vn -0.3924 0.8926 -0.2221
vn -0.5573 0.8076 -0.1930
vn -0.4855 0.8726 -0.0536
vn -0.1065 0.7222 -0.6834
vn -0.2423 0.8792 -0.4103
vn 0.4963 -0.4919 -0.7153
vn 0.6355 -0.7720 0.0151
vn 0.4208 -0.8914 -0.1685
vn 0.6740 -0.4489 -0.5866
vn 0.4343 -0.7618 0.4807
vn 0.2132 -0.9171 0.3369
vn -0.0095 -0.4936 0.8696
vn -0.1235 -0.6070 0.7850
vn 0.3300 0.3188 -0.8885
vn 0.1269 0.2995 -0.9456
vn 0.5646 -0.1693 -0.8078
vn 0.3025 -0.2029 -0.9313
vn 0.5981 -0.3060 -0.7407
vn 0.4596 -0.2705 -0.8459
vn -0.3303 -0.3112 0.8911
vn -0.2792 -0.2398 0.9298
vn -0.3954 -0.2393 0.8868
vn -0.1149 -0.0323 0.9929
vn -0.5714 0.1107 0.8132
vn -0.3061 0.3133 0.8990
vn -0.4018 0.1210 0.9077
vn -0.8207 0.5249 0.2259
vn -0.7390 0.6228 -0.2568
vn -0.3494 0.8210 -0.4516
vn -0.4033 0.8700 -0.2837
vn -0.5592 0.8284 -0.0323
vn -0.3112 0.9192 -0.2411
vn -0.5258 0.7874 0.3217
vn -0.6197 0.7544 -0.2165
vn -0.2807 0.9591 0.0360
vn -0.2665 0.7536 0.6009
vn -0.2652 0.7498 0.6062
vn -0.2008 0.9795 0.0148
vn -0.6500 0.7246 0.2291
vn -0.3629 0.9126 -0.1886
vn -0.4124 0.8404 -0.3516
vn -0.4326 0.8421 -0.3221
vn -0.3164 0.8960 -0.3114
vn -0.3579 0.8775 -0.3193
vn -0.2506 0.9537 0.1660
vn -0.2323 0.9724 0.0219
vn -0.3031 0.9291 0.2119
vn 0.4204 0.7368 -0.5295
vn 0.3862 0.5984 -0.7020
vn 0.2412 0.4846 -0.8408
vn 0.2162 0.6707 -0.7095
vn -0.3815 0.8310 -0.4048
vn -0.3673 0.6361 -0.6786
vn -0.3259 0.7805 -0.5335
vn 0.5653 -0.6917 0.4495
vn 0.9535 -0.2102 -0.2158
vn 0.8574 -0.5064 -0.0920
vn 0.2515 -0.7583 0.6015
vn 0.5854 -0.6903 0.4253
vn 0.9102 -0.3330 -0.2463
vn 0.6044 -0.7408 0.2931
vn 0.7865 -0.5315 -0.3145
vn -0.0256 -0.9622 -0.2711
vn 0.1315 -0.9900 -0.0513
vn -0.0236 -0.7753 -0.6311
vn 0.0715 -0.6200 -0.7813
vn 0.2222 -0.5332 -0.8163
vn 0.0783 -0.9542 -0.2888
vn -0.0812 -0.9341 0.3477
vn 0.2108 -0.6597 0.7214
vn 0.3157 -0.6122 0.7250
vn 0.4094 -0.6484 0.6419
vn 0.1398 -0.9857 -0.0936
vn -0.0781 -0.9849 0.1546
vn -0.1030 -0.9680 0.2287
vn -0.5103 -0.6685 0.5410
vn -0.4658 -0.4223 0.7776
vn -0.1005 -0.2990 0.9489
vn -0.0759 -0.3616 0.9292
vn 0.1906 -0.8347 0.5167
vn -0.0415 -0.6424 0.7653
vn -0.3005 -0.6052 0.7372
vn 0.9132 0.0822 -0.3991
vn 0.7769 -0.1564 -0.6099
vn 0.7602 -0.0310 -0.6490
vn 0.6678 0.2828 -0.6885
vn -0.2519 0.2436 -0.9366
vn -0.2531 0.2276 -0.9403
vn -0.0864 0.0927 -0.9919
vn 0.9195 -0.1112 -0.3770
vn 0.8131 -0.1975 -0.5475
vn 0.8767 0.0263 -0.4803
vn 0.8281 -0.0558 -0.5577
vn -0.1387 0.1547 -0.9782
vn -0.2959 0.0088 -0.9552
vn 0.0646 -0.0747 -0.9951
vn 0.8345 -0.3661 -0.4118
vn 0.8758 0.0027 -0.4827
vn 0.8377 0.0542 -0.5434
vn 0.7799 -0.1916 -0.5958
vn 0.0098 -0.1695 -0.9855
vn -0.2383 -0.1578 -0.9583
vn 0.2552 -0.1834 -0.9493
vn -0.8174 -0.1253 0.5623
vn -0.8521 -0.1243 0.5084
vn -0.4643 0.0078 0.8857
vn -0.2237 -0.0602 0.9728
vn 0.0988 -0.3976 0.9122
vn 0.0122 -0.1289 0.9916
vn -0.3590 -0.2361 0.9030
vn -0.8588 -0.0102 0.5122
vn -0.9019 0.1424 0.4079
vn -0.4493 0.0168 0.8932
vn -0.1000 0.0667 0.9927
vn 0.1187 0.0725 0.9903
vn -0.0799 0.0703 0.9943
vn -0.5444 -0.0507 0.8373
vn -0.7777 0.3398 0.5290
vn -0.9220 0.3152 0.2249
vn -0.4840 0.1162 0.8673
vn 0.1094 0.2549 0.9608
vn -0.0779 0.0542 0.9955
vn -0.5279 0.0085 0.8493
vn 0.6826 -0.7240 0.0997
vn 0.7176 -0.6786 -0.1567
vn 0.5275 -0.8443 0.0945
vn -0.5075 -0.7695 0.3878
vn -0.7365 -0.5451 0.4005
vn -0.8910 -0.3549 0.2832
vn -0.9936 0.0460 0.1030
vn -0.7773 0.6285 -0.0289
vn -0.4444 0.8726 0.2025
vn -0.5511 0.8333 0.0430
vn 0.3996 0.8946 -0.2002
vn 0.8684 0.4085 -0.2812
vn 0.8628 0.1554 -0.4810
vn 0.9382 -0.1412 -0.3159
vn 0.1660 0.5960 -0.7857
vn 0.0718 0.5988 -0.7977
vn -0.3462 0.6808 -0.6455
vn -0.4632 0.7171 -0.5207
vn -0.3373 0.6697 -0.6616
vn -0.3381 0.7517 -0.5663
vn -0.7453 0.6280 -0.2239
vn -0.5898 0.7385 -0.3266
vn -0.4214 -0.4440 0.7908
vn 0.0706 -0.8154 0.5746
vn 0.1840 -0.6355 0.7498
vn -0.4307 -0.3827 0.8173
vn 0.4699 -0.8656 0.1727
vn 0.5824 -0.6499 0.4883
vn 0.7539 -0.5531 -0.3547
vn 0.9014 -0.4277 -0.0671
vn -0.8453 0.3282 0.4217
vn -0.9327 0.2227 0.2837
vn -0.6671 -0.1095 0.7369
vn -0.8130 -0.1825 0.5529
vn -0.6194 -0.2558 0.7422
vn -0.6152 -0.2225 0.7563
vn 0.7564 -0.2990 -0.5818
vn 0.9136 -0.2361 -0.3311
vn 0.6770 -0.2304 -0.6990
vn 0.9491 -0.0717 -0.3067
vn 0.5104 0.0768 -0.8565
vn 0.8396 0.2431 -0.4859
vn 0.9465 0.0259 -0.3217
vn 0.6162 0.5640 -0.5498
vn -0.4536 0.6391 -0.6211
vn -0.4330 0.7584 -0.4871
vn -0.5842 0.6658 -0.4642
vn -0.2108 0.6754 -0.7067
vn -0.2485 0.9192 -0.3055
vn 0.1204 0.8668 -0.4839
vn -0.2403 0.8823 -0.4047
vn -0.2246 0.8327 -0.5061
vn 0.4374 0.6645 -0.6059
vn 0.2916 0.6882 -0.6644
vn -0.0549 0.9895 -0.1336
vn -0.1896 0.5591 -0.8072
vn -0.3786 0.7820 -0.4951
vn -0.4036 0.7095 -0.5777
vn -0.3847 0.8113 -0.4403
vn -0.2283 0.8957 -0.3815
vn -0.1441 0.9505 -0.2754
vn -0.0424 0.8533 -0.5196
vn 0.0045 0.9641 -0.2655
vn -0.0078 0.8391 -0.5439
vn -0.9093 0.4134 -0.0488
vn -0.6346 0.6330 0.4435
vn -0.9430 0.3264 0.0644
vn -0.6171 0.7868 0.0135
vn -0.5710 0.6840 -0.4539
vn -0.8534 0.4908 -0.1755
vn -0.6755 0.6714 -0.3049
vn 0.4606 -0.5406 0.7040
vn -0.1372 -0.4851 0.8636
vn -0.3290 -0.1879 0.9254
vn 0.5256 -0.6242 0.5779
vn 0.4458 -0.5020 0.7411
vn -0.3080 -0.2661 0.9134
vn 0.3454 -0.5320 0.7731
vn -0.2867 -0.4091 0.8663
vn -0.2767 -0.9601 0.0414
vn -0.6440 -0.7085 0.2887
vn 0.0836 -0.9527 0.2922
vn -0.7606 -0.5669 0.3164
vn -0.6882 -0.5042 0.5218
vn -0.2513 -0.9361 0.2461
vn 0.6990 -0.5122 0.4991
vn 0.4862 -0.8580 0.1659
vn 0.6888 -0.4206 0.5905
vn 0.6338 -0.4758 0.6099
vn 0.1140 -0.9603 0.2547
vn 0.1602 -0.9812 -0.1071
vn 0.1843 -0.9732 -0.1378
vn 0.7836 -0.5903 -0.1935
vn 0.7245 -0.6743 -0.1426
vn 0.9470 -0.2049 0.2473
vn 0.9485 -0.3004 0.1009
vn 0.5316 -0.8470 -0.0080
vn 0.7448 -0.6131 -0.2633
vn 0.5323 -0.6125 -0.5844
vn -0.5849 -0.1168 0.8026
vn -0.8300 -0.2524 0.4974
vn -0.7522 -0.0194 0.6586
vn -0.7136 0.3331 0.6163
vn -0.9800 0.1986 -0.0153
vn -0.9841 0.1774 0.0024
vn -0.9934 0.0942 0.0649
vn -0.6568 -0.2367 0.7160
vn -0.7934 -0.2192 0.5679
vn -0.5258 0.0081 0.8506
vn -0.5234 0.0109 0.8520
vn -0.9862 0.1288 0.1039
vn -0.9988 0.0008 -0.0496
vn -0.9651 -0.0012 0.2618
vn -0.5963 -0.2867 0.7498
vn -0.6720 -0.0960 0.7343
vn -0.6385 0.0455 0.7683
vn -0.6091 -0.1470 0.7794
vn -0.9233 -0.1833 0.3374
vn -0.9794 -0.2016 -0.0136
vn -0.7417 -0.1730 0.6480
vn 0.4129 -0.2957 -0.8614
vn 0.3676 -0.2414 -0.8981
vn 0.9679 -0.0992 -0.2310
vn 0.9910 -0.0757 -0.1109
vn 0.9351 -0.3264 -0.1378
vn 0.9824 -0.1323 -0.1318
vn 0.7362 -0.2517 -0.6282
vn 0.0679 -0.0115 -0.9976
vn 0.7140 0.3535 -0.6043
vn 0.7780 0.0035 -0.6282
vn 0.9914 0.0938 -0.0917
vn 0.9572 0.0180 -0.2888
vn 0.9136 0.1088 -0.3917
vn 0.5244 -0.0608 -0.8493
vn 0.0406 0.2904 -0.9561
vn 0.0060 0.1946 -0.9809
vn 0.5476 -0.0093 -0.8367
vn 0.9598 0.2254 -0.1673
vn 0.9078 0.0525 -0.4161
vn 0.5503 0.0105 -0.8349
vn -0.5023 0.7812 -0.3708
vn -0.5836 0.7623 -0.2798
vn -0.4606 0.8750 0.1491
vn -0.3468 0.8988 0.2682
vn -0.4307 0.8963 0.1056
vn -0.4630 0.8656 0.1908
vn -0.1463 0.7631 0.6295
vn -0.1561 0.8752 0.4578
vn 0.5598 -0.5316 0.6357
vn 0.3847 -0.9174 0.1014
vn 0.5618 -0.8267 0.0301
vn 0.5985 -0.4935 0.6310
vn 0.1011 -0.9272 -0.3607
vn 0.3497 -0.8299 -0.4347
vn -0.2831 -0.5737 -0.7686
vn -0.0764 -0.5091 -0.8573
vn 0.3184 0.3529 0.8798
vn 0.2141 0.2752 0.9373
vn 0.5480 -0.1732 0.8183
vn 0.4068 -0.2137 0.8881
vn 0.5343 -0.3220 0.7815
vn 0.5553 -0.2942 0.7779
vn -0.4323 -0.3158 -0.8446
vn -0.2556 -0.2634 -0.9302
vn -0.5429 -0.2159 -0.8115
vn -0.2242 -0.1009 -0.9693
vn -0.6742 0.1477 -0.7236
vn -0.3466 0.2779 -0.8959
vn -0.3818 0.1904 -0.9044
vn -0.6051 0.5896 -0.5350
vn -0.6791 0.7117 0.1794
vn -0.4958 0.8482 0.1863
vn -0.4833 0.8180 0.3120
vn -0.5637 0.8154 -0.1316
vn -0.4661 0.8653 0.1841
vn -0.4843 0.7377 -0.4704
vn -0.5809 0.8038 0.1279
vn -0.2303 0.9646 -0.1284
vn -0.3998 0.7423 -0.5377
vn 0.8097 0.3360 -0.4810
vn 0.0455 0.9912 -0.1242
vn -0.6645 0.7325 -0.1479
vn -0.3525 0.9234 0.1521
vn -0.5402 0.8143 0.2123
vn -0.4978 0.8383 0.2224
vn -0.4401 0.8649 0.2414
vn -0.4317 0.8715 0.2327
vn -0.2584 0.9648 -0.0481
vn 0.2282 0.9445 0.2363
vn -0.3401 0.9384 -0.0608
vn 0.0720 0.5548 0.8289
vn 0.2802 0.7343 0.6183
vn -0.1410 0.4681 0.8723
vn 0.0919 0.6560 0.7492
vn -0.2581 0.7629 0.5927
vn 0.9129 0.3890 0.1234
vn -0.1860 0.7241 0.6642
vn 0.6865 -0.6603 -0.3044
vn 0.8363 -0.4991 0.2271
vn 0.8117 -0.2283 0.5376
vn 0.4975 -0.7449 -0.4445
vn 0.6772 -0.6841 -0.2710
vn 0.8243 -0.3640 0.4335
vn 0.6316 -0.7625 -0.1402
vn 0.6931 -0.5275 0.4912
vn 0.0140 -0.9676 0.2522
vn 0.3669 -0.5703 0.7350
vn 0.4792 -0.8768 -0.0402
vn 0.2217 -0.6429 0.7331
vn 0.3613 -0.5402 0.7600
vn 0.1311 -0.9537 0.2706
vn 0.4681 -0.5975 -0.6511
vn 0.2542 -0.6920 -0.6756
vn 0.5218 -0.5870 -0.6190
vn 0.5097 -0.6888 -0.5155
vn 0.4435 -0.8899 -0.1063
vn -0.1012 -0.9796 -0.1733
vn -0.1407 -0.9697 -0.1997
vn -0.0799 -0.3848 -0.9195
vn -0.1194 -0.5555 -0.8229
vn 0.2080 -0.2701 -0.9401
vn 0.1474 -0.4039 -0.9029
vn 0.0724 -0.8314 -0.5509
vn -0.1984 -0.6547 -0.7294
vn -0.4591 -0.6108 -0.6451
vn 0.7846 0.1089 0.6104
vn 0.4499 -0.1560 0.8793
vn 0.5526 0.0085 0.8334
vn 0.5952 0.3286 0.7333
vn -0.0092 0.2418 0.9703
vn 0.6767 0.2663 0.6864
vn 0.0757 0.1191 0.9900
vn 0.8250 -0.1589 0.5423
vn 0.5090 -0.2025 0.8366
vn 0.7514 0.0397 0.6587
vn 0.7838 0.0026 0.6210
vn 0.0523 0.1532 0.9868
vn 0.0682 0.0706 0.9952
vn 0.2182 -0.0026 0.9759
vn 0.8044 -0.2727 0.5278
vn 0.6191 -0.0201 0.7851
vn 0.6801 0.0723 0.7295
vn 0.7038 -0.1422 0.6961
vn 0.2126 -0.1896 0.9586
vn -0.0763 -0.1553 0.9849
vn 0.4311 -0.2053 0.8786
vn -0.4767 -0.1444 -0.8671
vn -0.7242 -0.2357 -0.6480
vn -0.1315 -0.0602 -0.9895
vn -0.1383 -0.0861 -0.9866
vn -0.3258 -0.3494 -0.8785
vn -0.1253 -0.1462 -0.9813
vn -0.4998 -0.2511 -0.8290
vn -0.5843 0.0353 -0.8108
vn -0.8425 0.1424 -0.5195
vn -0.3267 0.0256 -0.9448
vn -0.2295 -0.0001 -0.9733
vn -0.5363 -0.0329 -0.8434
vn -0.2559 0.0970 -0.9618
vn -0.6540 -0.0345 -0.7557
vn -0.5126 0.3423 -0.7875
vn -0.8436 0.3405 -0.4153
vn -0.2109 0.1651 -0.9635
vn 0.3859 0.2621 -0.8845
vn -0.3022 0.0797 -0.9499
vn -0.6790 0.0230 -0.7337
vn 0.4797 -0.8065 -0.3456
vn 0.8673 -0.4765 0.1438
vn -0.3336 -0.8470 -0.4139
vn -0.2527 -0.4902 -0.8342
vn -0.6248 -0.0879 -0.7758
vn -0.8230 0.1036 -0.5585
vn -0.9208 0.2509 -0.2987
vn -0.7237 0.6570 0.2112
vn -0.4562 0.8403 -0.2928
vn 0.2923 0.8200 0.4921
vn 0.5281 0.7088 0.4675
vn 0.8128 0.2120 0.5426
vn 0.7507 0.2472 0.6126
vn 0.8657 0.0693 0.4957
vn 0.2754 0.7800 0.5619
vn -0.2693 0.8637 0.4260
vn 0.1965 0.7657 0.6124
vn -0.3822 0.8814 0.2776
vn -0.3061 0.8520 0.4248
vn -0.2642 0.8605 0.4356
vn -0.6783 0.7338 0.0388
vn -0.5004 0.8562 0.1285
vn -0.5530 -0.5224 -0.6491
vn 0.0620 -0.8443 -0.5323
vn -0.0189 -0.9208 -0.3895
vn -0.5645 -0.4880 -0.6657
vn 0.5051 -0.8314 -0.2317
vn 0.4081 -0.9125 -0.0281
vn 0.8408 -0.4927 0.2243
vn 0.7294 -0.5602 0.3926
vn -0.8250 0.3553 -0.4395
vn -0.9019 0.2693 -0.3376
vn -0.7471 -0.1480 -0.6480
vn -0.8359 -0.1906 -0.5148
vn -0.7238 -0.2971 -0.6228
vn -0.7069 -0.2684 -0.6545
vn 0.7802 -0.3169 0.5393
vn 0.8828 -0.2814 0.3760
vn 0.7228 -0.2206 0.6548
vn 0.9152 -0.1302 0.3814
vn 0.6388 0.1253 0.7591
vn 0.8342 0.2392 0.4969
vn 0.9299 0.1471 0.3370
vn 0.4709 0.7023 0.5339
vn 0.1247 0.7340 0.6676
vn -0.2211 0.8627 0.4548
vn -0.0646 0.9012 0.4286
vn 0.3478 0.8195 0.4556
vn -0.1603 0.9562 0.2448
vn 0.4783 0.8019 0.3580
vn -0.1795 0.8772 0.4453
vn -0.1927 0.9506 0.2435
vn 0.2990 0.7923 0.5319
vn 0.2587 0.7844 0.5638
vn -0.0778 0.9969 0.0118
vn -0.0553 0.6923 0.7195
vn -0.3709 0.9106 0.1824
vn -0.0723 0.8537 0.5158
vn -0.0897 0.8623 0.4985
vn -0.2370 0.9229 0.3035
vn -0.2649 0.8976 0.3525
vn -0.0327 0.9282 0.3706
vn -0.0095 0.9882 0.1531
vn -0.0768 0.9220 0.3796
vn -0.6984 0.7155 -0.0158
vn -0.7874 0.6094 0.0932
vn -0.8690 0.4852 0.0970
vn -0.7520 0.6468 -0.1269
vn -0.5824 0.8099 -0.0704
vn -0.7683 0.6133 -0.1832
vn -0.5173 0.8553 0.0292
vn 0.1816 -0.7360 -0.6522
vn -0.7279 -0.2957 -0.6186
vn -0.5287 -0.4893 -0.6936
vn 0.2326 -0.7500 -0.6192
vn 0.2464 -0.7277 -0.6401
vn -0.6060 -0.3934 -0.6914
vn 0.1958 -0.7889 -0.5825
vn -0.4596 -0.5482 -0.6987
vn -0.2248 -0.9696 -0.0969
vn 0.0481 -0.9948 -0.0894
vn -0.4798 -0.8022 -0.3553
vn -0.5859 -0.5961 -0.5490
vn -0.6290 -0.5290 -0.5697
vn -0.2114 -0.9619 -0.1733
vn 0.5856 -0.6897 -0.4260
vn 0.5842 -0.6731 -0.4534
vn 0.6121 -0.6314 -0.4761
vn 0.5534 -0.7330 -0.3956
vn 0.0596 -0.9914 -0.1162
vn 0.1335 -0.9709 0.1987
vn 0.1901 -0.9532 0.2350
vn 0.7912 -0.5800 -0.1937
vn 0.9241 -0.3812 -0.0277
vn 0.9259 -0.3320 -0.1804
vn 0.8940 -0.4477 0.0159
vn 0.5413 -0.8061 0.2391
vn 0.5910 -0.6100 0.5278
vn 0.5035 -0.5861 0.6348
vn -0.8754 0.1929 -0.4432
vn -0.9738 -0.0809 -0.2124
vn -0.9173 0.0005 -0.3981
vn -0.7651 0.3097 -0.5646
vn -0.7954 0.3182 -0.5159
vn -0.8891 0.2240 -0.3992
vn -0.8423 0.1920 -0.5037
vn -0.8346 -0.1014 -0.5414
vn -0.9565 -0.1710 -0.2363
vn -0.8427 0.0509 -0.5360
vn -0.6750 -0.0058 -0.7378
vn -0.7884 0.1043 -0.6062
vn -0.9346 -0.0208 -0.3552
vn -0.7946 0.0594 -0.6042
vn -0.8283 -0.2209 -0.5148
vn -0.9510 0.0014 -0.3091
vn -0.8844 0.0614 -0.4627
vn -0.7633 -0.1552 -0.6271
vn -0.7273 -0.2156 -0.6516
vn -0.8773 -0.1655 -0.4505
vn -0.6873 -0.1362 -0.7135
vn 0.9512 -0.1358 0.2770
vn 0.8902 -0.2839 0.3563
vn 0.9962 -0.0517 0.0707
vn 0.9667 -0.1262 0.2227
vn 0.7569 -0.3783 0.5330
vn 0.7802 -0.0950 0.6183
vn 0.5470 -0.2566 0.7969
vn 0.9180 -0.0177 0.3962
vn 0.8415 0.0915 0.5325
vn 0.9904 0.0355 0.1336
vn 0.9746 0.0188 0.2232
vn 0.8258 0.0635 0.5603
vn 0.7353 0.0232 0.6774
vn 0.4029 -0.1233 0.9069
vn 0.8737 0.2852 0.3940
vn 0.7693 0.2151 0.6016
vn 0.9722 0.1274 0.1966
vn 0.8407 0.2948 0.4542
vn 0.6733 0.0233 0.7390
vn 0.4044 -0.0516 0.9131
vn -0.7643 -0.5861 -0.2689
vn -0.8808 -0.1487 -0.4495
vn -0.9153 -0.0113 -0.4027
vn -0.8548 0.2300 -0.4652
vn -0.5204 0.7794 -0.3488
vn -0.5919 0.7689 -0.2416
vn -0.0980 0.8865 -0.4521
vn -0.5458 0.7836 -0.2967
vn 0.0950 0.9239 -0.3706
vn -0.0700 0.8584 -0.5082
vn -0.1146 0.8990 -0.4227
vn 0.5117 0.7568 -0.4067
vn 0.3138 0.8907 -0.3290
vn 0.8476 -0.5144 0.1303
vn 0.3263 -0.8298 0.4528
vn 0.3024 -0.9292 0.2123
vn 0.8525 -0.4796 0.2081
vn -0.2299 -0.8385 0.4941
vn -0.2979 -0.9357 0.1889
vn -0.8018 -0.4916 0.3397
vn -0.8349 -0.5447 0.0786
vn 0.9399 0.3202 -0.1185
vn 0.9412 0.2527 -0.2242
vn 0.9822 -0.1726 0.0737
vn 0.9775 -0.1889 -0.0935
vn 0.9571 -0.2838 0.0575
vn 0.9591 -0.2733 0.0732
vn -0.9623 -0.2720 0.0047
vn -0.9459 -0.2447 0.2129
vn -0.9796 -0.1781 -0.0933
vn -0.9659 -0.1213 0.2289
vn -0.9695 0.1514 -0.1928
vn -0.9657 0.2347 0.1107
vn -0.9837 0.1292 0.1252
vn -0.6716 0.6744 -0.3069
vn -0.5672 0.7403 -0.3609
vn -0.1280 0.8603 -0.4934
vn -0.2137 0.9046 -0.3688
vn -0.5164 0.8437 -0.1466
vn -0.0616 0.9531 -0.2963
vn -0.6558 0.7545 -0.0270
vn -0.1860 0.8685 -0.4595
vn -0.1483 0.9431 -0.2977
vn -0.7288 0.6630 -0.1711
vn -0.4543 0.7269 -0.5150
vn -0.2798 0.9125 -0.2985
vn -0.4038 0.7536 -0.5187
vn 0.1783 0.9330 -0.3125
vn -0.2697 0.8539 -0.4451
vn -0.2535 0.8632 -0.4366
vn -0.0412 0.9230 -0.3825
vn -0.0411 0.8844 -0.4649
vn -0.2705 0.9165 -0.2949
vn 0.1068 0.9400 -0.3239
vn -0.2421 0.9282 -0.2826
vn 0.5788 0.7444 -0.3330
vn 0.5419 0.6643 -0.5148
vn 0.6947 0.4431 -0.5667
vn 0.6279 0.6588 -0.4144
vn 0.4870 0.7899 -0.3726
vn 0.6516 0.6990 -0.2946
vn 0.3876 0.8845 -0.2596
vn 0.2762 -0.7546 0.5953
vn 0.9511 -0.3075 0.0283
vn 0.8354 -0.4739 0.2783
vn 0.2272 -0.7668 0.6003
vn 0.2256 -0.7424 0.6309
vn 0.8994 -0.4070 0.1594
vn 0.2556 -0.7526 0.6069
vn 0.8058 -0.5188 0.2855
vn 0.3804 -0.9214 0.0791
vn 0.5361 -0.7838 0.3135
vn 0.9037 -0.3786 0.2002
vn 0.8841 -0.4659 -0.0363
vn 0.8733 -0.4802 0.0827
vn 0.2833 -0.9589 -0.0126
vn -0.1581 -0.7334 0.6611
vn -0.1211 -0.7061 0.6977
vn -0.1446 -0.6663 0.7315
vn -0.1376 -0.7261 0.6737
vn -0.1836 -0.8255 0.5337
vn -0.4017 -0.9098 0.1042
vn -0.2979 -0.9431 -0.1478
vn -0.4796 -0.5967 0.6434
vn -0.6890 -0.4017 0.6033
vn -0.6711 -0.3701 0.6424
vn -0.7255 -0.4595 0.5123
vn -0.7723 -0.5419 0.3314
vn -0.7911 -0.6073 -0.0729
vn -0.8089 -0.5380 -0.2372
vn 0.9721 0.2271 -0.0579
vn 0.9364 -0.1119 -0.3326
vn 0.9735 -0.0458 -0.2240
vn 0.9549 0.2772 -0.1061
vn 0.9470 0.2576 -0.1918
vn 0.9741 0.2233 0.0345
vn 0.9852 0.1542 -0.0754
vn 0.9939 -0.1035 0.0390
vn 0.9362 -0.2056 -0.2849
vn 0.9963 -0.0760 -0.0393
vn 0.9894 -0.0604 0.1319
vn 0.9908 0.0552 -0.1238
vn 0.9997 -0.0155 -0.0206
vn 0.9997 0.0242 0.0104
vn 0.9631 -0.2590 0.0735
vn 0.9639 -0.0474 -0.2621
vn 0.9868 -0.0550 -0.1525
vn 0.9842 -0.1681 0.0552
vn 0.9729 -0.2250 -0.0537
vn 0.9863 -0.1183 0.1150
vn 0.9785 -0.1600 0.1298
vn -0.9230 -0.1196 0.3658
vn -0.9017 -0.2555 0.3488
vn -0.8927 -0.0604 0.4466
vn -0.9478 -0.1212 0.2949
vn -0.9312 -0.3203 -0.1742
vn -0.9748 -0.2156 -0.0574
vn -0.9481 -0.2178 -0.2317
vn -0.9628 0.0046 0.2702
vn -0.9684 0.1516 0.1979
vn -0.9223 -0.0090 0.3863
vn -0.9617 0.0200 0.2732
vn -0.9265 -0.0165 -0.3759
vn -0.9778 0.1109 -0.1779
vn -0.9437 -0.0552 -0.3260
vn -0.8994 0.3626 0.2443
vn -0.9500 0.2984 0.0922
vn -0.9470 0.1025 0.3043
vn -0.9338 0.3240 -0.1521
vn -0.9073 0.2527 -0.3361
vn -0.9127 0.0480 -0.4058
vn 0.0558 -0.7790 0.6245
vn 0.7675 -0.3939 0.5057
vn -0.5237 -0.7152 0.4629
vn -0.5604 -0.4497 0.6955
vn -0.7888 -0.0902 0.6080
vn -0.9230 0.0699 0.3784
vn -0.9777 -0.0813 0.1935
vn -0.6281 0.5841 -0.5141
vn -0.1200 0.7184 -0.6852
vn -0.1085 0.8027 -0.5864
vn 0.6056 0.7209 -0.3371
vn 0.9722 0.1497 0.1802
vn 0.9097 -0.0054 0.4151
vn 0.8651 -0.0645 0.4974
vn -0.0749 0.9901 0.1190
vt 0.493255 0.289290
vt 0.493052 0.339038
vt 0.390318 0.303774
vt 0.647542 0.111030
vt 0.724613 0.175057
vt 0.644041 0.169120
vt 0.727149 0.115868
vt 0.349425 0.602746
vt 0.370881 0.538159
vt 0.427338 0.622381
vt 0.447231 0.565356
vt 0.509054 0.402678
vt 0.431436 0.378028
vt 0.453763 0.316189
vt 0.529757 0.344262
vt 0.296584 0.765046
vt 0.372067 0.794795
vt 0.350477 0.852100
vt 0.275845 0.824067
vt 0.485132 0.093968
vt 0.563047 0.161806
vt 0.481869 0.157624
vt 0.565728 0.098579
vt 0.804501 0.179803
vt 0.811192 0.113972
vt 0.887158 0.186574
vt 0.892569 0.121917
vt 0.515172 0.649194
vt 0.534935 0.591785
vt 0.590817 0.681873
vt 0.613435 0.618285
vt 0.212261 0.489686
vt 0.271109 0.572677
vt 0.193580 0.548942
vt 0.292078 0.509455
vt 0.666856 0.452161
vt 0.585310 0.429619
vt 0.606619 0.370795
vt 0.684654 0.393241
vt 0.253001 0.359850
vt 0.274653 0.307461
vt 0.334083 0.408680
vt 0.357848 0.350326
vt 0.409033 0.436625
vt 0.141541 0.711097
vt 0.220496 0.738650
vt 0.199697 0.795774
vt 0.115433 0.771163
vt 0.551510 0.788898
vt 0.533268 0.847843
vt 0.472745 0.765350
vt 0.455686 0.823080
vt 0.392388 0.738740
vt 0.390477 0.487155
vt 0.489145 0.459430
vt 0.470498 0.511496
vt 0.545915 0.298686
vt 0.470987 0.271410
vt 0.337334 0.647341
vt 0.418042 0.682736
vt 0.318117 0.705464
vt 0.331756 0.909836
vt 0.254734 0.881650
vt 0.633588 0.561390
vt 0.548816 0.540298
vt 0.566100 0.490136
vt 0.647412 0.512427
vt 0.703636 0.335220
vt 0.620073 0.327184
vt 0.298891 0.256020
vt 0.329906 0.186823
vt 0.400028 0.229070
vt 0.377315 0.287061
vt 0.309666 0.457556
vt 0.226637 0.429498
vt 0.257894 0.624160
vt 0.240838 0.680811
vt 0.163007 0.652197
vt 0.152074 0.582695
vt 0.169454 0.856287
vt 0.100920 0.807606
vt 0.416658 0.940591
vt 0.434786 0.881020
vt 0.496690 0.956615
vt 0.513455 0.905984
vt 0.567197 0.737967
vt 0.491269 0.708084
vt 0.650369 0.048434
vt 0.733072 0.053292
vt 0.717027 0.278128
vt 0.635592 0.271569
vt 0.487274 0.031006
vt 0.570057 0.046765
vt 0.478635 0.211237
vt 0.558802 0.225603
vt 0.801133 0.245386
vt 0.885458 0.241524
vt 0.818218 0.050299
vt 0.898357 0.056726
vt 0.096428 0.584906
vt 0.110330 0.531223
vt 0.125344 0.469701
vt 0.151290 0.398799
vt 0.167118 0.333381
vt 0.193457 0.273134
vt 0.222192 0.215934
vt 0.246006 0.159636
vt 0.980000 0.081834
vt 0.974894 0.136191
vt 0.970489 0.199045
vt 0.968532 0.246161
vt 0.037856 0.733870
vt 0.020000 0.786938
vt 0.063182 0.682137
vt 0.081743 0.627847
vt 0.702848 0.589306
vt 0.679464 0.657148
vt 0.653796 0.713806
vt 0.631287 0.766090
vt 0.618423 0.811297
vt 0.599730 0.869111
vt 0.581342 0.926882
vt 0.562353 0.980000
vt 0.411477 0.161782
vt 0.408936 0.209245
vt 0.414689 0.098742
vt 0.416632 0.043079
vt 0.771017 0.359308
vt 0.751784 0.415019
vt 0.459429 0.107196
vt 0.366370 0.123364
vt 0.358679 0.078590
vt 0.451029 0.062707
vt 0.383967 0.206273
vt 0.472285 0.191812
vt 0.388190 0.267863
vt 0.484471 0.253145
vt 0.411009 0.656650
vt 0.499951 0.722161
vt 0.408831 0.716589
vt 0.501820 0.660594
vt 0.413896 0.586178
vt 0.503481 0.586703
vt 0.414012 0.538319
vt 0.502913 0.534236
vt 0.409554 0.922261
vt 0.505859 0.920164
vt 0.511349 0.977706
vt 0.408353 0.980000
vt 0.407548 0.849756
vt 0.500809 0.849737
vt 0.407385 0.777450
vt 0.498506 0.779791
vt 0.405564 0.489906
vt 0.499367 0.482361
vt 0.400126 0.420233
vt 0.495876 0.411028
vt 0.399457 0.346108
vt 0.088199 0.177515
vt 0.079728 0.123316
vt 0.176622 0.125826
vt 0.182075 0.164109
vt 0.275759 0.147113
vt 0.267980 0.100509
vt 0.553791 0.104221
vt 0.545811 0.040859
vt 0.640130 0.039716
vt 0.648549 0.094122
vt 0.098770 0.233201
vt 0.189931 0.218420
vt 0.284032 0.210470
vt 0.563800 0.167332
vt 0.657016 0.148446
vt 0.106373 0.289463
vt 0.199110 0.275244
vt 0.290637 0.260664
vt 0.575005 0.230322
vt 0.665409 0.202671
vt 0.687222 0.720998
vt 0.682666 0.652254
vt 0.784784 0.715702
vt 0.785038 0.660963
vt 0.591525 0.725098
vt 0.592405 0.653631
vt 0.222046 0.709977
vt 0.215541 0.641264
vt 0.305381 0.641817
vt 0.317716 0.711935
vt 0.683831 0.599628
vt 0.786016 0.594615
vt 0.593422 0.597758
vt 0.211212 0.579434
vt 0.305904 0.575124
vt 0.690041 0.530903
vt 0.786535 0.537623
vt 0.593874 0.527221
vt 0.641958 0.529062
vt 0.209408 0.526463
vt 0.307798 0.519326
vt 0.702688 0.882355
vt 0.797093 0.866372
vt 0.803521 0.919864
vt 0.709706 0.935398
vt 0.605535 0.903308
vt 0.613333 0.953660
vt 0.311265 0.910608
vt 0.308768 0.972268
vt 0.211970 0.948960
vt 0.216243 0.895784
vt 0.699995 0.825182
vt 0.791804 0.809705
vt 0.606790 0.839943
vt 0.314799 0.844195
vt 0.220732 0.835571
vt 0.696289 0.773303
vt 0.787104 0.751953
vt 0.602920 0.781263
vt 0.315761 0.783758
vt 0.223004 0.779578
vt 0.784324 0.485995
vt 0.688821 0.464028
vt 0.689431 0.497465
vt 0.688758 0.437434
vt 0.688695 0.410841
vt 0.596326 0.460068
vt 0.595100 0.493644
vt 0.209459 0.500162
vt 0.307260 0.491583
vt 0.780811 0.422350
vt 0.595404 0.432572
vt 0.689965 0.378470
vt 0.691236 0.346099
vt 0.209189 0.449141
vt 0.304460 0.435582
vt 0.785247 0.370025
vt 0.592995 0.372151
vt 0.594481 0.405077
vt 0.693555 0.304494
vt 0.641373 0.342662
vt 0.591509 0.339224
vt 0.207463 0.392579
vt 0.300862 0.372096
vt 0.793300 0.308702
vt 0.594287 0.291016
vt 0.206655 0.338021
vt 0.295205 0.314653
vt 0.852539 0.601263
vt 0.853710 0.535408
vt 0.847569 0.658337
vt 0.846117 0.710674
vt 0.851184 0.751639
vt 0.852758 0.805086
vt 0.857911 0.858482
vt 0.865500 0.906354
vt 0.037266 0.242511
vt 0.043841 0.281582
vt 0.028338 0.188074
vt 0.020000 0.140041
vt 0.855265 0.320735
vt 0.848184 0.373049
vt 0.845180 0.427858
vt 0.844424 0.482282
vt 0.735836 0.045977
vt 0.740708 0.078684
vt 0.765524 0.131836
vt 0.757288 0.184756
vt 0.129470 0.715391
vt 0.120940 0.662178
vt 0.108252 0.606188
vt 0.104763 0.551295
vt 0.118452 0.935135
vt 0.123587 0.879635
vt 0.127574 0.827852
vt 0.129834 0.774793
vt 0.110070 0.499599
vt 0.114838 0.440936
vt 0.114118 0.389634
vt 0.112729 0.347470
vt 0.049284 0.767957
vt 0.043415 0.823209
vt 0.043221 0.878789
vt 0.029925 0.446371
vt 0.024604 0.393364
vt 0.031457 0.493972
vt 0.033045 0.343167
vt 0.025520 0.549428
vt 0.818950 0.068227
vt 0.811989 0.020000
vt 0.030524 0.617574
vt 0.827034 0.122689
vt 0.041477 0.674471
vt 0.834452 0.163728
vt 0.048930 0.723897
vt 0.038792 0.929155
vt 0.734986 0.473297
vt 0.716393 0.531796
vt 0.497892 0.105270
vt 0.403700 0.112293
vt 0.400408 0.066983
vt 0.493867 0.060174
vt 0.413134 0.196521
vt 0.502441 0.190736
vt 0.411335 0.258231
vt 0.508592 0.252965
vt 0.526761 0.660178
vt 0.608896 0.734044
vt 0.518752 0.719619
vt 0.616756 0.672952
vt 0.536501 0.590323
vt 0.625609 0.599575
vt 0.541281 0.542703
vt 0.630156 0.547302
vt 0.499430 0.924383
vt 0.595482 0.931681
vt 0.595338 0.989483
vt 0.492608 0.981730
vt 0.504499 0.852028
vt 0.597318 0.861097
vt 0.511383 0.780050
vt 0.601842 0.791259
vt 0.537591 0.493697
vt 0.631682 0.495328
vt 0.644413 0.302581
vt 0.589959 0.329518
vt 0.540555 0.306965
vt 0.311206 0.127099
vt 0.308005 0.079958
vt 0.687385 0.110687
vt 0.684308 0.055720
vt 0.778948 0.071277
vt 0.780610 0.104303
vt 0.592094 0.111504
vt 0.590327 0.047666
vt 0.313266 0.190960
vt 0.690518 0.165578
vt 0.800129 0.159621
vt 0.595906 0.175290
vt 0.314948 0.241559
vt 0.693588 0.220362
vt 0.786775 0.211486
vt 0.600919 0.239073
vt 0.699747 0.745890
vt 0.707587 0.674850
vt 0.240838 0.691205
vt 0.237534 0.637413
vt 0.333500 0.694837
vt 0.333722 0.625818
vt 0.423081 0.635123
vt 0.428524 0.706109
vt 0.714044 0.619342
vt 0.230362 0.580453
vt 0.335439 0.563860
vt 0.430101 0.568798
vt 0.721368 0.549184
vt 0.232238 0.525482
vt 0.338806 0.510965
vt 0.437423 0.513450
vt 0.696326 0.924617
vt 0.699180 0.975490
vt 0.208459 0.908829
vt 0.218977 0.854093
vt 0.309619 0.879194
vt 0.300185 0.931701
vt 0.402745 0.903208
vt 0.394251 0.964331
vt 0.703749 0.861676
vt 0.227991 0.802946
vt 0.319954 0.819705
vt 0.412734 0.837455
vt 0.705615 0.802898
vt 0.235412 0.750359
vt 0.327672 0.764201
vt 0.419580 0.777399
vt 0.656350 0.492144
vt 0.242558 0.474549
vt 0.341420 0.484794
vt 0.439591 0.485786
vt 0.253019 0.416630
vt 0.346122 0.433990
vt 0.442261 0.429779
vt 0.538968 0.423825
vt 0.257303 0.365502
vt 0.349916 0.377528
vt 0.444867 0.366245
vt 0.545525 0.349988
vt 0.542246 0.386907
vt 0.729658 0.277811
vt 0.708874 0.372752
vt 0.260029 0.323403
vt 0.354429 0.323152
vt 0.444835 0.308524
vt 0.155911 0.735706
vt 0.144686 0.790123
vt 0.139077 0.845420
vt 0.167981 0.413764
vt 0.167851 0.360491
vt 0.164868 0.461288
vt 0.181144 0.311356
vt 0.153555 0.515902
vt 0.859499 0.101520
vt 0.857270 0.052844
vt 0.151895 0.584211
vt 0.862238 0.156511
vt 0.157251 0.641904
vt 0.865621 0.198077
vt 0.159853 0.691821
vt 0.129761 0.895115
vt 0.727542 0.483549
vt 0.112068 0.392690
vt 0.227985 0.346009
vt 0.179351 0.430894
vt 0.160303 0.307038
vt 0.277758 0.261524
vt 0.200935 0.216878
vt 0.575019 0.421301
vt 0.595117 0.516738
vt 0.523472 0.542571
vt 0.486109 0.452971
vt 0.628184 0.618107
vt 0.565879 0.638719
vt 0.293319 0.599431
vt 0.359825 0.681974
vt 0.306318 0.739254
vt 0.238151 0.657878
vt 0.422200 0.763515
vt 0.379058 0.822845
vt 0.735140 0.404946
vt 0.818549 0.407431
vt 0.750408 0.503963
vt 0.826010 0.508885
vt 0.761249 0.603459
vt 0.828476 0.619138
vt 0.411027 0.493817
vt 0.466736 0.580054
vt 0.414539 0.622871
vt 0.355296 0.540417
vt 0.181144 0.709543
vt 0.266925 0.780602
vt 0.506618 0.663413
vt 0.463143 0.707863
vt 0.342593 0.869152
vt 0.980000 0.526659
vt 0.902464 0.521800
vt 0.966310 0.418565
vt 0.898726 0.415130
vt 0.660214 0.410329
vt 0.674564 0.506449
vt 0.897625 0.640200
vt 0.969548 0.655283
vt 0.691092 0.593754
vt 0.044674 0.356923
vt 0.104768 0.275075
vt 0.235803 0.463537
vt 0.295113 0.384054
vt 0.150663 0.187924
vt 0.385274 0.322704
vt 0.368197 0.412960
vt 0.465245 0.361415
vt 0.561692 0.335718
vt 0.653272 0.324624
vt 0.729164 0.317820
vt 0.817134 0.320403
vt 0.898196 0.325528
vt 0.969635 0.330346
vt 0.145751 0.509333
vt 0.195723 0.537867
vt 0.079318 0.471793
vt 0.020000 0.439949
vt 0.123766 0.639555
vt 0.179558 0.590345
vt 0.235266 0.531985
vt 0.299492 0.472052
vt 0.588884 0.131426
vt 0.627449 0.093072
vt 0.696331 0.147042
vt 0.580778 0.165962
vt 0.621623 0.302120
vt 0.549948 0.268684
vt 0.565254 0.217354
vt 0.693611 0.263763
vt 0.892463 0.315958
vt 0.879393 0.362397
vt 0.793442 0.326354
vt 0.825200 0.387260
vt 0.805455 0.203509
vt 0.923002 0.213267
vt 0.907734 0.264514
vt 0.894018 0.155991
vt 0.723698 0.197977
vt 0.759044 0.262508
vt 0.744994 0.236652
vt 0.666013 0.054718
vt 0.725245 0.043089
vt 0.776634 0.060108
vt 0.782611 0.419679
vt 0.730653 0.403333
vt 0.827775 0.076062
vt 0.677381 0.386988
vt 0.626047 0.371607
vt 0.880577 0.091787
vt 0.317394 0.762115
vt 0.275807 0.729810
vt 0.285008 0.669838
vt 0.366240 0.640942
vt 0.425342 0.709602
vt 0.397894 0.810945
vt 0.353733 0.774243
vt 0.454782 0.795367
vt 0.564685 0.642774
vt 0.490579 0.620239
vt 0.558912 0.516771
vt 0.613981 0.559580
vt 0.397300 0.464603
vt 0.469924 0.430397
vt 0.512926 0.473705
vt 0.398859 0.499163
vt 0.428559 0.642915
vt 0.409118 0.552023
vt 0.220905 0.620267
vt 0.256130 0.566617
vt 0.579549 0.731170
vt 0.603133 0.708043
vt 0.426647 0.616996
vt 0.545266 0.749290
vt 0.519502 0.787816
vt 0.286653 0.506849
vt 0.310508 0.452962
vt 0.550517 0.929747
vt 0.568759 0.950538
vt 0.486388 0.970266
vt 0.658140 0.591540
vt 0.710953 0.623519
vt 0.639358 0.647751
vt 0.692340 0.675588
vt 0.639473 0.714002
vt 0.672208 0.752882
vt 0.762568 0.649971
vt 0.818656 0.668881
vt 0.787481 0.728925
vt 0.740430 0.703937
vt 0.720049 0.773061
vt 0.758858 0.804757
vt 0.331499 0.402151
vt 0.335198 0.347581
vt 0.378826 0.343687
vt 0.385004 0.407414
vt 0.437073 0.388352
vt 0.421859 0.335430
vt 0.317479 0.232123
vt 0.371030 0.288841
vt 0.334617 0.291120
vt 0.366248 0.230555
vt 0.418913 0.279756
vt 0.422801 0.234677
vt 0.171723 0.752150
vt 0.207814 0.715778
vt 0.227668 0.752578
vt 0.211988 0.804075
vt 0.144856 0.712494
vt 0.175002 0.668721
vt 0.183150 0.843438
vt 0.174374 0.903493
vt 0.134001 0.802899
vt 0.092208 0.861214
vt 0.054391 0.798399
vt 0.102460 0.754320
vt 0.522017 0.395639
vt 0.565454 0.437960
vt 0.607872 0.474838
vt 0.650525 0.509953
vt 0.689617 0.537255
vt 0.739253 0.565000
vt 0.787152 0.590706
vt 0.833598 0.606943
vt 0.980000 0.235832
vt 0.968049 0.273696
vt 0.952985 0.324829
vt 0.940046 0.370064
vt 0.481262 0.275029
vt 0.482984 0.225206
vt 0.483140 0.320501
vt 0.495988 0.359779
vt 0.156663 0.577239
vt 0.181936 0.526187
vt 0.209872 0.477692
vt 0.238513 0.425984
vt 0.254830 0.383902
vt 0.259429 0.341097
vt 0.256254 0.295543
vt 0.244759 0.247241
vt 0.749458 0.486918
vt 0.704988 0.473046
vt 0.654193 0.457258
vt 0.615279 0.446785
vt 0.020000 0.728791
vt 0.062578 0.705212
vt 0.098761 0.665850
vt 0.134581 0.621324
vt 0.271720 0.858939
vt 0.254431 0.898783
vt 0.288612 0.822316
vt 0.305379 0.787291
vt 0.235434 0.936078
vt 0.225914 0.953666
vt 0.291218 0.980000
vt 0.297935 0.959805
vt 0.347171 0.975900
vt 0.309366 0.926673
vt 0.371628 0.946186
vt 0.384401 0.899842
vt 0.378015 0.923014
vt 0.323173 0.885289
vt 0.334204 0.845180
vt 0.367542 0.850238
vt 0.359303 0.872511
vt 0.346695 0.804742
vt 0.399387 0.833121
vt 0.400880 0.855297
vt 0.624598 0.883865
vt 0.647797 0.926160
vt 0.578445 0.813055
vt 0.510096 0.838647
vt 0.600223 0.848581
vt 0.514641 0.863085
vt 0.519187 0.887524
vt 0.712495 0.869036
vt 0.672337 0.839715
vt 0.643862 0.806589
vt 0.614736 0.779023
vt 0.430399 0.852105
vt 0.428906 0.829930
vt 0.392641 0.877569
vt 0.489552 0.868219
vt 0.963405 0.574514
vt 0.903384 0.590878
vt 0.946294 0.489870
vt 0.886379 0.498818
vt 0.844208 0.602213
vt 0.826479 0.510248
vt 0.782393 0.609023
vt 0.767396 0.523924
vt 0.428442 0.351674
vt 0.361290 0.422646
vt 0.368871 0.341116
vt 0.420414 0.437575
vt 0.308857 0.414645
vt 0.318455 0.336395
vt 0.247755 0.411237
vt 0.262033 0.335393
vt 0.656324 0.523045
vt 0.586138 0.494718
vt 0.671423 0.425438
vt 0.597820 0.406592
vt 0.536560 0.474562
vt 0.545623 0.389419
vt 0.469929 0.455950
vt 0.479345 0.368383
vt 0.214153 0.332454
vt 0.195862 0.415035
vt 0.156882 0.336461
vt 0.137343 0.417051
vt 0.106502 0.333329
vt 0.085137 0.420930
vt 0.079496 0.515974
vt 0.020000 0.424773
vt 0.023572 0.528965
vt 0.948566 0.889426
vt 0.898331 0.889082
vt 0.893111 0.818728
vt 0.934240 0.810813
vt 0.908151 0.753419
vt 0.961339 0.742211
vt 0.919277 0.674741
vt 0.980000 0.660115
vt 0.804483 0.374866
vt 0.837038 0.296346
vt 0.846083 0.366362
vt 0.786711 0.304241
vt 0.905389 0.419431
vt 0.845998 0.428552
vt 0.846968 0.905662
vt 0.840842 0.831776
vt 0.854503 0.764023
vt 0.860196 0.686278
vt 0.754869 0.384369
vt 0.737255 0.315490
vt 0.790375 0.439029
vt 0.798221 0.913139
vt 0.791642 0.840270
vt 0.800615 0.773504
vt 0.798281 0.694956
vt 0.705617 0.395357
vt 0.693347 0.322247
vt 0.731678 0.453870
vt 0.354057 0.663716
vt 0.407978 0.682043
vt 0.393658 0.756568
vt 0.343620 0.737535
vt 0.349071 0.591854
vt 0.406140 0.608761
vt 0.346821 0.505930
vt 0.405154 0.522005
vt 0.425019 0.203018
vt 0.439290 0.140116
vt 0.488644 0.144596
vt 0.482109 0.218471
vt 0.455819 0.279559
vt 0.395605 0.271932
vt 0.287228 0.733736
vt 0.300559 0.652933
vt 0.294448 0.580721
vt 0.292795 0.494712
vt 0.382341 0.131591
vt 0.368315 0.194890
vt 0.343448 0.267390
vt 0.238455 0.723220
vt 0.236452 0.650056
vt 0.234464 0.572573
vt 0.236636 0.486737
vt 0.329988 0.125392
vt 0.304549 0.194918
vt 0.282680 0.264605
vt 0.566052 0.839644
vt 0.519106 0.818502
vt 0.583926 0.765229
vt 0.539888 0.746346
vt 0.596075 0.694106
vt 0.551812 0.668635
vt 0.624946 0.615236
vt 0.569205 0.585304
vt 0.628298 0.260158
vt 0.635356 0.186820
vt 0.672561 0.196636
vt 0.677578 0.273789
vt 0.618278 0.328607
vt 0.672529 0.341551
vt 0.477757 0.798533
vt 0.498307 0.719234
vt 0.503899 0.647580
vt 0.515959 0.561121
vt 0.577421 0.243759
vt 0.587944 0.172651
vt 0.561678 0.313022
vt 0.432653 0.775135
vt 0.454002 0.699234
vt 0.456111 0.626569
vt 0.457129 0.542885
vt 0.533081 0.230173
vt 0.538122 0.158505
vt 0.507679 0.296178
vt 0.181605 0.662137
vt 0.184336 0.734716
vt 0.182657 0.585624
vt 0.186583 0.497066
vt 0.273550 0.114040
vt 0.247452 0.182602
vt 0.231331 0.254253
vt 0.130000 0.673423
vt 0.140003 0.746983
vt 0.131145 0.595371
vt 0.134448 0.505802
vt 0.228059 0.104101
vt 0.193157 0.170489
vt 0.177265 0.248387
vt 0.082675 0.686787
vt 0.091062 0.762361
vt 0.080980 0.608090
vt 0.174586 0.092938
vt 0.143368 0.162637
vt 0.122377 0.237593
vt 0.128521 0.081582
vt 0.112206 0.150954
vt 0.068249 0.224983
vt 0.043703 0.319128
vt 0.058310 0.697263
vt 0.054286 0.775461
vt 0.031413 0.624639
vt 0.388868 0.061570
vt 0.343724 0.059993
vt 0.440192 0.060512
vt 0.498457 0.073876
vt 0.544952 0.091968
vt 0.592085 0.106085
vt 0.638159 0.119381
vt 0.683158 0.130885
vt 0.686491 0.256189
vt 0.729518 0.249348
vt 0.777709 0.240192
vt 0.811564 0.231592
vt 0.164115 0.021066
vt 0.206027 0.032443
vt 0.253508 0.036295
vt 0.304518 0.051382
vt 0.325311 0.804398
vt 0.381977 0.824371
vt 0.271908 0.799204
vt 0.223883 0.801063
vt 0.182391 0.807404
vt 0.133741 0.822084
vt 0.089065 0.834078
vt 0.047360 0.846661
vt 0.910516 0.970640
vt 0.945851 0.961729
vt 0.861586 0.975899
vt 0.818328 0.980000
vt 0.557942 0.910574
vt 0.515353 0.890535
vt 0.470513 0.869789
vt 0.426192 0.846752
vt 0.542281 0.339131
s 1
usemtl Cave_Material.020
f 1/1/1 4/2/1 2/3/1
f 8/4/2 10/5/3 9/6/4
f 8/4/2 11/7/5 10/5/3
f 12/8/6 14/9/7 13/10/8
f 14/9/7 15/11/9 13/10/8
f 16/12/10 18/13/11 17/14/12
f 17/14/12 19/15/13 16/12/10
f 20/16/14 22/17/15 21/18/16
f 21/18/16 23/19/17 20/16/14
f 24/20/18 26/21/19 25/22/20
f 24/20/18 27/23/21 26/21/19
f 27/23/21 9/6/4 26/21/19
f 27/23/21 8/4/2 9/6/4
f 28/24/22 30/25/23 29/26/24
f 30/25/23 31/27/25 29/26/24
f 10/5/3 11/7/5 30/25/23
f 30/25/23 28/24/22 10/5/3
f 32/28/26 34/29/27 33/30/28
f 34/29/27 35/31/29 33/30/28
f 13/10/8 15/11/9 32/28/26
f 15/11/9 34/29/27 32/28/26
f 36/32/30 38/33/31 37/34/32
f 36/32/30 39/35/33 38/33/31
f 39/35/33 12/8/6 38/33/31
f 39/35/33 14/9/7 12/8/6
f 100/36/34 41/37/35 40/38/36
f 40/38/36 42/39/37 100/36/34
f 41/37/35 16/12/10 19/15/13
f 19/15/13 40/38/36 41/37/35
f 43/40/38 45/41/39 44/42/40
f 44/42/40 45/41/39 46/43/41
f 44/42/40 46/43/41 47/44/42
f 47/44/42 46/43/41 18/13/11
f 48/45/43 50/46/44 49/47/45
f 49/47/45 51/48/46 48/45/43
f 50/46/44 20/16/14 23/19/17
f 23/19/17 49/47/45 50/46/44
f 52/49/47 54/50/48 53/51/49
f 53/51/49 54/50/48 55/52/50
f 53/51/49 55/52/50 56/53/51
f 56/53/51 55/52/50 22/17/15
f 57/54/52 47/44/42 58/55/53
f 58/55/53 59/56/54 57/54/52
f 58/55/53 47/44/42 18/13/11
f 18/13/11 16/12/10 58/55/53
f 60/57/55 19/15/13 83/58/56
f 17/14/12 83/58/56 19/15/13
f 61/59/57 62/60/58 56/53/51
f 56/53/51 63/61/59 61/59/57
f 63/61/59 56/53/51 22/17/15
f 22/17/15 20/16/14 63/61/59
f 21/18/16 64/62/60 23/19/17
f 23/19/17 64/62/60 84/63/61
f 7/64/62 66/65/63 65/66/64
f 65/66/64 67/67/65 7/64/62
f 67/67/65 65/66/64 41/37/35
f 41/37/35 100/36/34 67/67/65
f 86/68/66 42/39/37 85/69/67
f 40/38/36 85/69/67 42/39/37
f 66/65/63 59/56/54 58/55/53
f 58/55/53 65/66/64 66/65/63
f 65/66/64 58/55/53 16/12/10
f 16/12/10 41/37/35 65/66/64
f 85/69/67 40/38/36 19/15/13
f 19/15/13 60/57/55 85/69/67
f 68/70/68 89/71/69 69/72/70
f 69/72/70 70/73/71 68/70/68
f 45/41/39 68/70/68 46/43/41
f 46/43/41 68/70/68 70/73/71
f 71/74/72 72/75/73 43/40/38
f 43/40/38 44/42/40 71/74/72
f 70/73/71 69/72/70 83/58/56
f 83/58/56 17/14/12 70/73/71
f 46/43/41 70/73/71 18/13/11
f 18/13/11 70/73/71 17/14/12
f 57/54/52 71/74/72 44/42/40
f 44/42/40 47/44/42 57/54/52
f 73/76/74 75/77/75 74/78/76
f 74/78/76 76/79/77 73/76/74
f 74/78/76 75/77/75 50/46/44
f 50/46/44 48/45/43 74/78/76
f 49/47/45 88/80/78 77/81/79
f 77/81/79 51/48/46 49/47/45
f 73/76/74 63/61/59 75/77/75
f 73/76/74 61/59/57 63/61/59
f 75/77/75 63/61/59 20/16/14
f 20/16/14 50/46/44 75/77/75
f 23/19/17 84/63/61 49/47/45
f 49/47/45 84/63/61 88/80/78
f 78/82/80 79/83/81 87/84/82
f 80/85/83 87/84/82 79/83/81
f 54/50/48 80/85/83 55/52/50
f 55/52/50 80/85/83 79/83/81
f 81/86/84 52/49/47 53/51/49
f 53/51/49 82/87/85 81/86/84
f 79/83/81 78/82/80 21/18/16
f 21/18/16 78/82/80 64/62/60
f 55/52/50 79/83/81 22/17/15
f 22/17/15 79/83/81 21/18/16
f 62/60/58 82/87/85 53/51/49
f 53/51/49 56/53/51 62/60/58
f 8/4/2 60/88/55 11/7/5
f 60/88/55 83/89/56 11/7/5
f 84/90/61 64/91/60 9/6/4
f 9/6/4 10/5/3 84/90/61
f 61/59/57 12/8/6 13/10/8
f 13/10/8 62/60/58 61/59/57
f 57/54/52 15/11/9 14/9/7
f 15/11/9 57/54/52 59/56/54
f 24/20/18 86/92/66 85/93/67
f 85/93/67 27/23/21 24/20/18
f 87/94/82 25/22/20 26/21/19
f 26/21/19 78/95/80 87/94/82
f 27/23/21 85/93/67 8/4/2
f 85/93/67 60/88/55 8/4/2
f 78/95/80 26/21/19 9/6/4
f 9/6/4 64/91/60 78/95/80
f 88/96/78 28/24/22 77/97/79
f 28/24/22 29/26/24 77/97/79
f 30/25/23 69/98/70 89/99/69
f 89/99/69 31/27/25 30/25/23
f 88/96/78 84/90/61 10/5/3
f 10/5/3 28/24/22 88/96/78
f 83/89/56 30/25/23 11/7/5
f 30/25/23 83/89/56 69/98/70
f 82/87/85 32/28/26 81/86/84
f 32/28/26 33/30/28 81/86/84
f 34/29/27 66/65/63 35/31/29
f 35/31/29 66/65/63 7/64/62
f 62/60/58 13/10/8 82/87/85
f 13/10/8 32/28/26 82/87/85
f 15/11/9 59/56/54 66/65/63
f 66/65/63 34/29/27 15/11/9
f 36/32/30 72/75/73 71/74/72
f 71/74/72 39/35/33 36/32/30
f 76/79/77 37/34/32 73/76/74
f 37/34/32 38/33/31 73/76/74
f 71/74/72 14/9/7 39/35/33
f 71/74/72 57/54/52 14/9/7
f 73/76/74 38/33/31 61/59/57
f 38/33/31 12/8/6 61/59/57
f 1065/100/86 1064/101/87 76/79/77
f 37/34/32 76/79/77 1064/101/87
f 1064/101/87 1062/102/88 37/34/32
f 1062/102/88 36/32/30 37/34/32
f 1062/102/88 1063/103/89 36/32/30
f 1063/103/89 72/75/73 36/32/30
f 1063/103/89 90/104/90 43/40/38
f 43/40/38 72/75/73 1063/103/89
f 43/40/38 90/104/90 91/105/91
f 91/105/91 45/41/39 43/40/38
f 45/41/39 91/105/91 68/70/68
f 91/105/91 1069/106/92 68/70/68
f 68/70/68 1069/106/92 1070/107/93
f 1070/107/93 89/71/69 68/70/68
f 31/27/25 89/99/69 1070/108/93
f 1070/108/93 92/109/94 31/27/25
f 29/26/24 31/27/25 92/109/94
f 92/109/94 93/110/95 29/26/24
f 77/97/79 29/26/24 93/110/95
f 93/110/95 1068/111/96 77/97/79
f 94/112/97 51/48/46 77/81/79
f 77/81/79 1068/113/96 94/112/97
f 48/45/43 94/112/97 1067/114/98
f 48/45/43 51/48/46 94/112/97
f 74/78/76 1067/114/98 1066/115/99
f 74/78/76 48/45/43 1067/114/98
f 1066/115/99 1065/100/86 76/79/77
f 76/79/77 74/78/76 1066/115/99
f 7/64/62 96/116/100 95/117/101
f 95/117/101 35/31/29 7/64/62
f 33/30/28 35/31/29 95/117/101
f 95/117/101 97/118/102 33/30/28
f 81/86/84 33/30/28 97/118/102
f 81/86/84 97/119/102 52/49/47
f 97/119/102 98/120/103 52/49/47
f 54/50/48 52/49/47 98/120/103
f 98/120/103 3/121/104 54/50/48
f 80/85/83 54/50/48 3/121/104
f 3/121/104 5/122/105 80/85/83
f 5/122/105 99/123/106 87/84/82
f 87/84/82 80/85/83 5/122/105
f 2/124/107 25/22/20 87/94/82
f 87/94/82 99/125/106 2/124/107
f 2/124/107 1/126/108 25/22/20
f 1/126/108 24/20/18 25/22/20
f 1/126/108 4/127/109 24/20/18
f 4/127/109 86/92/66 24/20/18
f 42/39/37 4/128/109 6/129/110
f 42/39/37 86/68/66 4/128/109
f 100/36/34 42/39/37 6/129/110
f 101/130/111 102/131/112 127/132/113
f 127/132/113 128/133/114 101/130/111
f 103/134/115 102/131/112 104/135/116
f 102/131/112 101/130/111 104/135/116
f 105/136/117 103/134/115 116/137/118
f 103/134/115 104/135/116 116/137/118
f 106/138/119 108/139/120 107/140/121
f 106/138/119 109/141/122 108/139/120
f 110/142/123 109/141/122 106/138/119
f 110/142/123 111/143/124 109/141/122
f 112/144/125 111/143/124 110/142/123
f 112/144/125 113/145/126 111/143/124
f 114/146/127 115/147/128 105/148/117
f 105/148/117 116/149/118 114/146/127
f 117/150/129 118/151/130 115/147/128
f 115/147/128 114/146/127 117/150/129
f 119/152/131 120/153/132 118/151/130
f 118/151/130 117/150/129 119/152/131
f 107/140/121 108/139/120 120/153/132
f 120/153/132 119/152/131 107/140/121
f 112/144/125 121/154/133 113/145/126
f 113/145/126 121/154/133 122/155/134
f 121/154/133 123/156/135 122/155/134
f 122/155/134 123/156/135 124/157/136
f 123/156/135 125/158/137 124/157/136
f 124/157/136 125/158/137 126/2/138
f 127/1/113 126/2/138 128/3/114
f 126/2/138 125/158/137 128/3/114
f 129/159/139 182/160/140 130/161/141
f 130/161/141 131/162/142 129/159/139
f 131/162/142 130/161/141 132/163/143
f 130/161/141 133/164/144 132/163/143
f 132/163/143 133/164/144 102/131/112
f 133/164/144 127/132/113 102/131/112
f 134/165/145 183/166/146 434/167/147
f 434/167/147 433/168/148 134/165/145
f 101/130/111 128/133/114 134/165/145
f 134/165/145 128/133/114 183/166/146
f 135/169/149 129/159/139 136/170/150
f 129/159/139 131/162/142 136/170/150
f 136/170/150 131/162/142 137/171/151
f 131/162/142 132/163/143 137/171/151
f 137/171/151 132/163/143 102/131/112
f 102/131/112 103/134/115 137/171/151
f 138/172/152 134/165/145 433/168/148
f 433/168/148 432/173/153 138/172/152
f 101/130/111 138/172/152 104/135/116
f 101/130/111 134/165/145 138/172/152
f 139/174/154 135/169/149 140/175/155
f 135/169/149 136/170/150 140/175/155
f 140/175/155 136/170/150 137/171/151
f 137/171/151 160/176/156 140/175/155
f 160/176/156 137/171/151 103/134/115
f 103/134/115 105/136/117 160/176/156
f 141/177/157 138/172/152 431/178/158
f 138/172/152 432/173/153 431/178/158
f 104/135/116 141/177/157 116/137/118
f 104/135/116 138/172/152 141/177/157
f 142/179/159 144/180/160 143/181/161
f 144/180/160 145/182/162 143/181/161
f 146/183/163 147/184/164 142/179/159
f 147/184/164 144/180/160 142/179/159
f 109/141/122 146/183/163 108/139/120
f 109/141/122 147/184/164 146/183/163
f 148/185/165 429/186/166 149/187/167
f 149/187/167 150/188/168 148/185/165
f 150/188/168 149/187/167 106/138/119
f 106/138/119 107/140/121 150/188/168
f 151/189/169 145/182/162 144/180/160
f 151/189/169 152/190/170 145/182/162
f 147/184/164 153/191/171 151/189/169
f 151/189/169 144/180/160 147/184/164
f 111/143/124 147/184/164 109/141/122
f 111/143/124 153/191/171 147/184/164
f 429/186/166 427/192/172 149/187/167
f 427/192/172 154/193/173 149/187/167
f 149/187/167 154/193/173 110/142/123
f 110/142/123 106/138/119 149/187/167
f 151/189/169 1571/194/174 155/195/175
f 155/195/175 152/190/170 151/189/169
f 1573/196/176 1572/197/177 153/191/171
f 1571/194/174 151/189/169 153/191/171
f 111/143/124 113/145/126 1573/196/176
f 1573/196/176 153/191/171 111/143/124
f 427/192/172 428/198/178 154/193/173
f 428/198/178 156/199/179 154/193/173
f 154/193/173 156/199/179 110/142/123
f 156/199/179 112/144/125 110/142/123
f 157/200/180 158/201/181 139/202/154
f 139/202/154 140/203/155 157/200/180
f 159/204/182 157/200/180 140/203/155
f 140/203/155 160/205/156 159/204/182
f 115/147/128 159/204/182 160/205/156
f 160/205/156 105/148/117 115/147/128
f 162/206/183 141/207/157 431/208/158
f 431/208/158 161/209/184 162/206/183
f 114/146/127 116/149/118 141/207/157
f 141/207/157 162/206/183 114/146/127
f 163/210/185 164/211/186 158/201/181
f 158/201/181 157/200/180 163/210/185
f 165/212/187 163/210/185 157/200/180
f 157/200/180 159/204/182 165/212/187
f 118/151/130 165/212/187 159/204/182
f 159/204/182 115/147/128 118/151/130
f 167/213/188 162/206/183 161/209/184
f 161/209/184 166/214/189 167/213/188
f 117/150/129 114/146/127 162/206/183
f 162/206/183 167/213/188 117/150/129
f 168/215/190 169/216/191 164/211/186
f 164/211/186 163/210/185 168/215/190
f 168/215/190 163/210/185 165/212/187
f 165/212/187 170/217/192 168/215/190
f 170/217/192 165/212/187 118/151/130
f 118/151/130 120/153/132 170/217/192
f 171/218/193 167/213/188 430/219/194
f 430/219/194 167/213/188 166/214/189
f 119/152/131 117/150/129 171/218/193
f 171/218/193 117/150/129 167/213/188
f 143/181/161 169/216/191 168/215/190
f 168/215/190 142/179/159 143/181/161
f 142/179/159 168/215/190 170/217/192
f 170/217/192 146/183/163 142/179/159
f 146/183/163 170/217/192 120/153/132
f 120/153/132 108/139/120 146/183/163
f 430/219/194 148/185/165 171/218/193
f 150/188/168 171/218/193 148/185/165
f 171/218/193 150/188/168 119/152/131
f 107/140/121 119/152/131 150/188/168
f 172/220/195 155/195/175 1579/221/196
f 1571/194/174 1570/222/197 155/195/175
f 172/220/195 332/223/198 1578/224/199
f 1574/225/200 1573/226/176 122/155/134
f 113/145/126 122/155/134 1573/196/176
f 428/198/178 435/227/201 173/228/202
f 173/228/202 156/199/179 428/198/178
f 156/199/179 173/228/202 121/154/133
f 121/154/133 112/144/125 156/199/179
f 174/229/203 172/220/195 1578/224/199
f 1579/221/196 332/223/198 172/220/195
f 1574/225/200 124/157/136 1575/230/204
f 174/229/203 333/231/205 178/232/206
f 122/155/134 124/157/136 1574/225/200
f 435/227/201 175/233/207 176/234/208
f 176/234/208 173/228/202 435/227/201
f 173/228/202 176/234/208 123/156/135
f 123/156/135 121/154/133 173/228/202
f 177/235/209 174/229/203 178/232/206
f 1578/224/199 333/231/205 174/229/203
f 124/157/136 1576/236/210 1575/237/204
f 130/238/141 1577/239/211 179/240/212
f 124/157/136 126/2/138 179/240/212
f 179/240/212 1576/236/210 124/157/136
f 176/234/208 175/233/207 180/241/213
f 180/241/213 181/242/214 176/234/208
f 123/156/135 176/234/208 181/242/214
f 181/242/214 125/158/137 123/156/135
f 182/243/140 177/235/209 130/238/141
f 178/232/206 130/238/141 177/235/209
f 178/232/206 1577/239/211 130/238/141
f 179/240/212 133/244/144 130/238/141
f 133/244/144 179/240/212 127/1/113
f 179/240/212 126/2/138 127/1/113
f 181/242/214 180/241/213 434/245/147
f 434/245/147 183/246/146 181/242/214
f 181/242/214 183/246/146 128/3/114
f 128/3/114 125/158/137 181/242/214
f 155/195/175 184/247/215 152/190/170
f 184/247/215 155/195/175 185/248/216
f 152/190/170 186/249/217 145/182/162
f 152/190/170 184/247/215 186/249/217
f 143/181/161 145/182/162 186/249/217
f 186/249/217 187/250/218 143/181/161
f 143/181/161 187/250/218 188/251/219
f 188/251/219 169/216/191 143/181/161
f 169/216/191 188/251/219 164/211/186
f 188/251/219 189/252/220 164/211/186
f 164/211/186 189/252/220 158/201/181
f 189/252/220 190/253/221 158/201/181
f 158/201/181 190/253/221 191/254/222
f 191/254/222 139/202/154 158/201/181
f 192/255/223 135/169/149 191/256/222
f 191/256/222 135/169/149 139/174/154
f 193/257/224 129/159/139 192/255/223
f 192/255/223 129/159/139 135/169/149
f 193/257/224 194/258/225 129/159/139
f 194/258/225 182/160/140 129/159/139
f 177/235/209 194/259/225 195/260/226
f 177/235/209 182/243/140 194/259/225
f 174/229/203 195/260/226 196/261/227
f 174/229/203 177/235/209 195/260/226
f 172/220/195 196/261/227 197/262/228
f 172/220/195 174/229/203 196/261/227
f 155/195/175 197/262/228 185/248/216
f 155/195/175 172/220/195 197/262/228
f 198/130/111 199/131/112 225/132/229
f 225/132/229 200/133/230 198/130/111
f 201/134/115 199/131/112 202/135/116
f 199/131/112 198/130/111 202/135/116
f 203/136/117 201/134/115 214/137/118
f 201/134/115 202/135/116 214/137/118
f 204/138/119 206/139/120 205/140/121
f 204/138/119 207/141/122 206/139/120
f 208/142/123 207/141/122 204/138/119
f 208/142/123 209/143/231 207/141/122
f 210/144/125 209/143/231 208/142/123
f 210/144/125 211/145/232 209/143/231
f 212/146/127 213/147/128 203/148/117
f 203/148/117 214/149/118 212/146/127
f 215/150/129 216/151/130 213/147/128
f 213/147/128 212/146/127 215/150/129
f 217/152/131 218/153/132 216/151/130
f 216/151/130 215/150/129 217/152/131
f 205/140/121 206/139/120 218/153/132
f 218/153/132 217/152/131 205/140/121
f 210/144/125 219/154/233 211/145/232
f 211/145/232 219/154/233 220/155/234
f 219/154/233 221/156/235 220/155/234
f 220/155/234 221/156/235 222/157/236
f 221/156/235 223/158/237 222/157/236
f 222/157/236 223/158/237 224/2/238
f 225/1/229 224/2/238 200/3/230
f 224/2/238 223/158/237 200/3/230
f 226/159/139 227/160/140 307/161/239
f 307/161/239 228/162/142 226/159/139
f 228/162/142 307/161/239 229/163/143
f 307/161/239 308/164/240 229/163/143
f 229/163/143 308/164/240 199/131/112
f 308/164/240 225/132/229 199/131/112
f 230/168/241 231/167/242 309/263/243
f 309/263/243 232/264/244 230/168/241
f 233/165/145 234/166/146 231/167/242
f 231/167/242 230/168/241 233/165/145
f 198/130/111 200/133/230 233/165/145
f 233/165/145 200/133/230 234/166/146
f 235/169/149 226/159/139 236/170/150
f 226/159/139 228/162/142 236/170/150
f 236/170/150 228/162/142 237/171/151
f 228/162/142 229/163/143 237/171/151
f 237/171/151 229/163/143 199/131/112
f 199/131/112 201/134/115 237/171/151
f 238/173/245 230/168/241 232/264/244
f 232/264/244 239/265/246 238/173/245
f 240/172/152 233/165/145 230/168/241
f 230/168/241 238/173/245 240/172/152
f 198/130/111 240/172/152 202/135/116
f 198/130/111 233/165/145 240/172/152
f 267/174/154 235/169/149 269/175/155
f 235/169/149 236/170/150 269/175/155
f 269/175/155 236/170/150 237/171/151
f 237/171/151 241/176/156 269/175/155
f 241/176/156 237/171/151 201/134/115
f 201/134/115 203/136/117 241/176/156
f 274/178/247 238/173/245 271/266/248
f 238/173/245 239/265/246 271/266/248
f 276/177/157 240/172/152 274/178/247
f 240/172/152 238/173/245 274/178/247
f 202/135/116 276/177/157 214/137/118
f 202/135/116 240/172/152 276/177/157
f 242/179/159 244/180/160 243/181/161
f 244/180/160 245/182/162 243/181/161
f 246/183/163 247/184/164 242/179/159
f 247/184/164 244/180/160 242/179/159
f 207/141/122 246/183/163 206/139/120
f 207/141/122 247/184/164 246/183/163
f 248/267/249 250/268/250 249/185/251
f 250/268/250 251/186/252 249/185/251
f 249/185/251 251/186/252 252/187/167
f 252/187/167 253/188/168 249/185/251
f 253/188/168 252/187/167 204/138/119
f 204/138/119 205/140/121 253/188/168
f 254/189/253 245/182/162 244/180/160
f 254/189/253 255/190/170 245/182/162
f 247/184/164 256/191/254 254/189/253
f 254/189/253 244/180/160 247/184/164
f 209/143/231 247/184/164 207/141/122
f 209/143/231 256/191/254 247/184/164
f 250/268/250 257/269/255 251/186/252
f 257/269/255 258/192/256 251/186/252
f 251/186/252 258/192/256 252/187/167
f 258/192/256 259/193/173 252/187/167
f 252/187/167 259/193/173 208/142/123
f 208/142/123 204/138/119 252/187/167
f 254/189/253 261/194/257 260/195/258
f 260/195/258 255/190/170 254/189/253
f 256/191/254 262/196/259 261/194/257
f 261/194/257 254/189/253 256/191/254
f 209/143/231 211/145/232 262/196/259
f 262/196/259 256/191/254 209/143/231
f 257/269/255 264/270/260 263/198/261
f 263/198/261 258/192/256 257/269/255
f 258/192/256 263/198/261 259/193/173
f 263/198/261 265/199/179 259/193/173
f 259/193/173 265/199/179 208/142/123
f 265/199/179 210/144/125 208/142/123
f 266/200/180 268/201/181 267/202/154
f 267/202/154 269/203/155 266/200/180
f 270/204/182 266/200/180 269/203/155
f 269/203/155 241/205/156 270/204/182
f 213/147/128 270/204/182 241/205/156
f 241/205/156 203/148/117 213/147/128
f 271/271/248 273/272/262 272/209/263
f 272/209/263 274/208/247 271/271/248
f 275/206/183 276/207/157 274/208/247
f 274/208/247 272/209/263 275/206/183
f 212/146/127 214/149/118 276/207/157
f 276/207/157 275/206/183 212/146/127
f 277/210/185 278/211/186 268/201/181
f 268/201/181 266/200/180 277/210/185
f 279/212/187 277/210/185 266/200/180
f 266/200/180 270/204/182 279/212/187
f 216/151/130 279/212/187 270/204/182
f 270/204/182 213/147/128 216/151/130
f 273/272/262 280/273/264 272/209/263
f 281/214/265 272/209/263 280/273/264
f 282/213/188 275/206/183 272/209/263
f 272/209/263 281/214/265 282/213/188
f 215/150/129 212/146/127 275/206/183
f 275/206/183 282/213/188 215/150/129
f 283/215/266 284/216/191 278/211/186
f 278/211/186 277/210/185 283/215/266
f 283/215/266 277/210/185 279/212/187
f 279/212/187 285/217/267 283/215/266
f 285/217/267 279/212/187 216/151/130
f 216/151/130 218/153/132 285/217/267
f 280/273/264 286/274/268 281/214/265
f 287/219/269 281/214/265 286/274/268
f 288/218/193 282/213/188 287/219/269
f 287/219/269 282/213/188 281/214/265
f 217/152/131 215/150/129 288/218/193
f 288/218/193 215/150/129 282/213/188
f 243/181/161 284/216/191 283/215/266
f 283/215/266 242/179/159 243/181/161
f 242/179/159 283/215/266 285/217/267
f 285/217/267 246/183/163 242/179/159
f 246/183/163 285/217/267 218/153/132
f 218/153/132 206/139/120 246/183/163
f 286/274/268 248/267/249 287/219/269
f 249/185/251 287/219/269 248/267/249
f 287/219/269 249/185/251 288/218/193
f 253/188/168 288/218/193 249/185/251
f 288/218/193 253/188/168 217/152/131
f 205/140/121 217/152/131 253/188/168
f 289/220/270 260/195/258 290/221/271
f 261/194/257 290/221/271 260/195/258
f 290/221/271 261/194/257 291/225/272
f 262/196/259 291/225/272 261/194/257
f 291/225/272 262/196/259 220/155/234
f 211/145/232 220/155/234 262/196/259
f 263/198/261 264/270/260 292/275/273
f 292/275/273 293/227/274 263/198/261
f 263/198/261 293/227/274 294/228/202
f 294/228/202 265/199/179 263/198/261
f 265/199/179 294/228/202 219/154/233
f 219/154/233 210/144/125 265/199/179
f 295/229/275 289/220/270 296/224/276
f 290/221/271 296/224/276 289/220/270
f 291/225/272 297/237/277 290/221/271
f 290/221/271 297/237/277 296/224/276
f 220/155/234 222/157/236 291/225/272
f 291/225/272 222/157/236 297/237/277
f 293/227/274 292/275/273 298/276/278
f 298/276/278 299/233/279 293/227/274
f 293/227/274 299/233/279 300/234/208
f 300/234/208 294/228/202 293/227/274
f 294/228/202 300/234/208 221/156/235
f 221/156/235 219/154/233 294/228/202
f 301/235/280 295/229/275 302/232/281
f 296/224/276 302/232/281 295/229/275
f 297/237/277 303/240/282 302/232/281
f 302/232/281 296/224/276 297/237/277
f 222/157/236 224/2/238 303/240/282
f 303/240/282 297/237/277 222/157/236
f 299/233/279 298/276/278 304/277/283
f 304/277/283 305/241/284 299/233/279
f 300/234/208 299/233/279 305/241/284
f 305/241/284 306/242/285 300/234/208
f 221/156/235 300/234/208 306/242/285
f 306/242/285 223/158/237 221/156/235
f 227/243/140 301/235/280 307/238/239
f 302/232/281 307/238/239 301/235/280
f 307/238/239 302/232/281 303/240/282
f 303/240/282 308/244/240 307/238/239
f 308/244/240 303/240/282 225/1/229
f 303/240/282 224/2/238 225/1/229
f 305/241/284 304/277/283 309/278/243
f 309/278/243 231/245/242 305/241/284
f 306/242/285 305/241/284 231/245/242
f 231/245/242 234/246/146 306/242/285
f 306/242/285 234/246/146 200/3/230
f 200/3/230 223/158/237 306/242/285
f 310/279/286 286/274/268 280/273/264
f 280/273/264 311/280/287 310/279/286
f 311/280/287 280/273/264 273/272/262
f 273/272/262 312/281/288 311/280/287
f 313/282/289 314/283/290 298/276/278
f 298/276/278 314/283/290 304/277/283
f 315/284/291 313/282/289 292/275/273
f 292/275/273 313/282/289 298/276/278
f 314/283/290 316/285/292 309/278/243
f 309/278/243 304/277/283 314/283/290
f 317/286/293 315/284/291 264/270/260
f 264/270/260 315/284/291 292/275/273
f 232/264/244 309/263/243 318/287/294
f 309/263/243 316/288/292 318/287/294
f 319/289/295 317/286/293 264/270/260
f 264/270/260 257/269/255 319/289/295
f 239/265/246 232/264/244 318/287/294
f 318/287/294 320/290/296 239/265/246
f 319/289/295 250/268/250 321/291/297
f 319/289/295 257/269/255 250/268/250
f 271/266/248 239/265/246 322/292/298
f 239/265/246 320/290/296 322/292/298
f 323/293/299 321/291/297 250/268/250
f 250/268/250 248/267/249 323/293/299
f 273/272/262 271/271/248 322/294/298
f 322/294/298 312/281/288 273/272/262
f 323/293/299 248/267/249 286/274/268
f 286/274/268 310/279/286 323/293/299
f 260/195/258 324/247/300 255/190/170
f 324/247/300 260/195/258 325/248/301
f 255/190/170 326/249/302 245/182/162
f 255/190/170 324/247/300 326/249/302
f 243/181/161 245/182/162 326/249/302
f 326/249/302 327/250/303 243/181/161
f 243/181/161 327/250/303 1056/251/304
f 1056/251/304 284/216/191 243/181/161
f 284/216/191 1056/251/304 278/211/186
f 1056/251/304 328/252/305 278/211/186
f 278/211/186 328/252/305 268/201/181
f 328/252/305 329/253/306 268/201/181
f 268/201/181 329/253/306 330/254/307
f 330/254/307 267/202/154 268/201/181
f 1061/255/308 235/169/149 330/256/307
f 330/256/307 235/169/149 267/174/154
f 1060/257/309 226/159/139 1061/255/308
f 1061/255/308 226/159/139 235/169/149
f 1060/257/309 331/258/310 226/159/139
f 331/258/310 227/160/140 226/159/139
f 301/235/280 331/259/310 1058/260/311
f 301/235/280 227/243/140 331/259/310
f 295/229/275 1058/260/311 1057/261/312
f 295/229/275 301/235/280 1058/260/311
f 289/220/270 1057/261/312 1059/262/313
f 289/220/270 295/229/275 1057/261/312
f 260/195/258 1059/262/313 325/248/301
f 260/195/258 289/220/270 1059/262/313
f 155/195/175 1570/222/197 1579/221/196
f 153/191/171 1572/197/177 1571/194/174
f 334/4/2 336/5/3 335/6/4
f 334/4/2 337/7/5 336/5/3
f 338/8/6 340/9/7 339/10/8
f 340/9/7 341/11/9 339/10/8
f 342/12/10 344/13/11 343/14/12
f 343/14/12 345/15/13 342/12/10
f 346/16/14 348/17/15 347/18/16
f 347/18/16 349/19/17 346/16/14
f 350/20/314 352/21/19 351/22/315
f 350/20/314 353/23/21 352/21/19
f 353/23/21 335/6/4 352/21/19
f 353/23/21 334/4/2 335/6/4
f 354/24/22 356/25/23 355/26/316
f 356/25/23 357/27/317 355/26/316
f 336/5/3 337/7/5 356/25/23
f 356/25/23 354/24/22 336/5/3
f 358/28/26 360/29/27 359/30/318
f 360/29/27 361/31/319 359/30/318
f 339/10/8 341/11/9 358/28/26
f 341/11/9 360/29/27 358/28/26
f 362/32/320 364/33/31 363/34/321
f 362/32/320 365/35/33 364/33/31
f 365/35/33 338/8/6 364/33/31
f 365/35/33 340/9/7 338/8/6
f 366/36/322 368/37/323 367/38/324
f 367/38/324 369/39/325 366/36/322
f 368/37/323 342/12/10 345/15/13
f 345/15/13 367/38/324 368/37/323
f 370/40/326 372/41/327 371/42/40
f 371/42/40 372/41/327 373/43/41
f 371/42/40 373/43/41 374/44/42
f 374/44/42 373/43/41 344/13/11
f 375/45/328 377/46/44 376/47/45
f 376/47/45 378/48/329 375/45/328
f 377/46/44 346/16/14 349/19/17
f 349/19/17 376/47/45 377/46/44
f 379/49/330 381/50/331 380/51/49
f 380/51/49 381/50/331 382/52/50
f 380/51/49 382/52/50 383/53/51
f 383/53/51 382/52/50 348/17/15
f 384/54/52 374/44/42 385/55/53
f 385/55/53 386/56/54 384/54/52
f 385/55/53 374/44/42 344/13/11
f 344/13/11 342/12/10 385/55/53
f 412/57/332 345/15/13 413/58/56
f 343/14/12 413/58/56 345/15/13
f 387/59/57 388/60/58 383/53/51
f 383/53/51 389/61/59 387/59/57
f 389/61/59 383/53/51 348/17/15
f 348/17/15 346/16/14 389/61/59
f 347/18/16 390/62/60 349/19/17
f 349/19/17 390/62/60 414/63/61
f 391/64/333 393/65/334 392/66/335
f 392/66/335 394/67/336 391/64/333
f 394/67/336 392/66/335 368/37/323
f 368/37/323 366/36/322 394/67/336
f 415/68/337 369/39/325 395/69/67
f 367/38/324 395/69/67 369/39/325
f 393/65/334 386/56/54 385/55/53
f 385/55/53 392/66/335 393/65/334
f 392/66/335 385/55/53 342/12/10
f 342/12/10 368/37/323 392/66/335
f 395/69/67 367/38/324 345/15/13
f 345/15/13 412/57/332 395/69/67
f 396/70/338 417/71/339 397/72/70
f 397/72/70 398/73/71 396/70/338
f 372/41/327 396/70/338 373/43/41
f 373/43/41 396/70/338 398/73/71
f 399/74/72 400/75/340 370/40/326
f 370/40/326 371/42/40 399/74/72
f 398/73/71 397/72/70 413/58/56
f 413/58/56 343/14/12 398/73/71
f 373/43/41 398/73/71 344/13/11
f 344/13/11 398/73/71 343/14/12
f 384/54/52 399/74/72 371/42/40
f 371/42/40 374/44/42 384/54/52
f 401/76/74 403/77/75 402/78/341
f 402/78/341 404/79/342 401/76/74
f 402/78/341 403/77/75 377/46/44
f 377/46/44 375/45/328 402/78/341
f 376/47/45 416/80/78 405/81/343
f 405/81/343 378/48/329 376/47/45
f 401/76/74 389/61/59 403/77/75
f 401/76/74 387/59/57 389/61/59
f 403/77/75 389/61/59 346/16/14
f 346/16/14 377/46/44 403/77/75
f 349/19/17 414/63/61 376/47/45
f 376/47/45 414/63/61 416/80/78
f 406/82/80 408/83/81 407/84/344
f 409/85/345 407/84/344 408/83/81
f 381/50/331 409/85/345 382/52/50
f 382/52/50 409/85/345 408/83/81
f 410/86/346 379/49/330 380/51/49
f 380/51/49 411/87/85 410/86/346
f 408/83/81 406/82/80 347/18/16
f 347/18/16 406/82/80 390/62/60
f 382/52/50 408/83/81 348/17/15
f 348/17/15 408/83/81 347/18/16
f 388/60/58 411/87/85 380/51/49
f 380/51/49 383/53/51 388/60/58
f 334/4/2 412/88/332 337/7/5
f 412/88/332 413/89/56 337/7/5
f 414/90/61 390/91/60 335/6/4
f 335/6/4 336/5/3 414/90/61
f 387/59/57 338/8/6 339/10/8
f 339/10/8 388/60/58 387/59/57
f 384/54/52 341/11/9 340/9/7
f 341/11/9 384/54/52 386/56/54
f 350/20/314 415/92/337 395/93/67
f 395/93/67 353/23/21 350/20/314
f 407/94/344 351/22/315 352/21/19
f 352/21/19 406/95/80 407/94/344
f 353/23/21 395/93/67 334/4/2
f 395/93/67 412/88/332 334/4/2
f 406/95/80 352/21/19 335/6/4
f 335/6/4 390/91/60 406/95/80
f 416/96/78 354/24/22 405/97/343
f 354/24/22 355/26/316 405/97/343
f 356/25/23 397/98/70 417/99/339
f 417/99/339 357/27/317 356/25/23
f 416/96/78 414/90/61 336/5/3
f 336/5/3 354/24/22 416/96/78
f 413/89/56 356/25/23 337/7/5
f 356/25/23 413/89/56 397/98/70
f 411/87/85 358/28/26 410/86/346
f 358/28/26 359/30/318 410/86/346
f 360/29/27 393/65/334 361/31/319
f 361/31/319 393/65/334 391/64/333
f 388/60/58 339/10/8 411/87/85
f 339/10/8 358/28/26 411/87/85
f 341/11/9 386/56/54 393/65/334
f 393/65/334 360/29/27 341/11/9
f 362/32/320 400/75/340 399/74/72
f 399/74/72 365/35/33 362/32/320
f 404/79/342 363/34/321 401/76/74
f 363/34/321 364/33/31 401/76/74
f 399/74/72 340/9/7 365/35/33
f 399/74/72 384/54/52 340/9/7
f 401/76/74 364/33/31 387/59/57
f 364/33/31 338/8/6 387/59/57
f 1193/100/347 418/101/348 404/79/342
f 363/34/321 404/79/342 418/101/348
f 418/101/348 1192/102/349 363/34/321
f 1192/102/349 362/32/320 363/34/321
f 1192/102/349 419/103/350 362/32/320
f 419/103/350 400/75/340 362/32/320
f 419/103/350 420/104/351 370/40/326
f 370/40/326 400/75/340 419/103/350
f 370/40/326 420/104/351 421/105/352
f 421/105/352 372/41/327 370/40/326
f 372/41/327 421/105/352 396/70/338
f 421/105/352 1196/106/353 396/70/338
f 396/70/338 1196/106/353 422/107/354
f 422/107/354 417/71/339 396/70/338
f 357/27/317 417/99/339 422/108/354
f 422/108/354 423/109/355 357/27/317
f 355/26/316 357/27/317 423/109/355
f 423/109/355 424/110/356 355/26/316
f 405/97/343 355/26/316 424/110/356
f 424/110/356 425/111/357 405/97/343
f 426/112/358 378/48/329 405/81/343
f 405/81/343 425/113/357 426/112/358
f 375/45/328 426/112/358 1195/114/359
f 375/45/328 378/48/329 426/112/358
f 402/78/341 1195/114/359 1194/115/360
f 402/78/341 375/45/328 1195/114/359
f 1194/115/360 1193/100/347 404/79/342
f 404/79/342 402/78/341 1194/115/360
f 391/64/333 428/116/178 427/117/172
f 427/117/172 361/31/319 391/64/333
f 359/30/318 361/31/319 427/117/172
f 427/117/172 429/118/166 359/30/318
f 410/86/346 359/30/318 429/118/166
f 429/118/166 148/119/165 410/86/346
f 410/86/346 148/119/165 379/49/330
f 148/119/165 430/120/194 379/49/330
f 381/50/331 379/49/330 430/120/194
f 430/120/194 166/121/189 381/50/331
f 409/85/345 381/50/331 166/121/189
f 166/121/189 161/122/184 409/85/345
f 161/122/184 431/123/158 407/84/344
f 407/84/344 409/85/345 161/122/184
f 432/124/153 351/22/315 407/94/344
f 407/94/344 431/125/158 432/124/153
f 432/124/153 433/126/148 351/22/315
f 433/126/148 350/20/314 351/22/315
f 433/126/148 434/127/147 350/20/314
f 434/127/147 415/92/337 350/20/314
f 369/39/325 434/128/147 180/129/213
f 369/39/325 415/68/337 434/128/147
f 366/36/322 180/129/213 175/295/207
f 366/36/322 369/39/325 180/129/213
f 394/67/336 175/295/207 435/296/201
f 394/67/336 366/36/322 175/295/207
f 391/64/333 435/296/201 428/116/178
f 391/64/333 394/67/336 435/296/201
f 436/297/361 437/298/362 516/299/363
f 516/299/363 635/300/364 436/297/361
f 438/301/365 437/298/362 439/302/366
f 437/298/362 436/297/361 439/302/366
f 449/303/367 438/301/365 451/304/368
f 438/301/365 439/302/366 451/304/368
f 440/305/369 442/306/370 441/307/371
f 440/305/369 443/308/372 442/306/370
f 444/309/373 443/308/372 440/305/369
f 444/309/373 445/310/374 443/308/372
f 446/311/375 445/310/374 444/309/373
f 446/311/375 447/312/376 445/310/374
f 448/313/377 450/314/378 449/315/367
f 449/315/367 451/316/368 448/313/377
f 452/317/379 453/318/380 450/314/378
f 450/314/378 448/313/377 452/317/379
f 454/319/381 455/320/382 453/318/380
f 453/318/380 452/317/379 454/319/381
f 441/307/371 442/306/370 455/320/382
f 455/320/382 454/319/381 441/307/371
f 446/311/375 515/321/383 447/312/376
f 447/312/376 515/321/383 456/322/384
f 516/323/363 517/324/385 635/325/364
f 458/326/386 509/327/387 437/298/362
f 509/327/387 516/299/363 437/298/362
f 459/328/388 461/329/389 460/330/390
f 460/330/390 462/331/391 459/328/388
f 463/332/392 464/333/393 461/329/389
f 461/329/389 459/328/388 463/332/392
f 436/297/361 635/300/364 463/332/392
f 463/332/392 635/300/364 464/333/393
f 465/334/394 458/326/386 437/298/362
f 437/298/362 438/301/365 465/334/394
f 466/335/395 459/328/388 462/331/391
f 462/331/391 467/336/396 466/335/395
f 468/337/397 463/332/392 459/328/388
f 459/328/388 466/335/395 468/337/397
f 436/297/361 468/337/397 439/302/366
f 436/297/361 463/332/392 468/337/397
f 488/338/398 465/334/394 438/301/365
f 438/301/365 449/303/367 488/338/398
f 469/339/399 466/335/395 470/340/400
f 466/335/395 467/336/396 470/340/400
f 471/341/401 468/337/397 469/339/399
f 468/337/397 466/335/395 469/339/399
f 439/302/366 471/341/401 451/304/368
f 439/302/366 468/337/397 471/341/401
f 443/308/372 472/342/402 442/306/370
f 443/308/372 473/343/403 472/342/402
f 474/344/404 476/345/405 475/346/406
f 476/345/405 477/347/407 475/346/406
f 475/346/406 477/347/407 478/348/408
f 478/348/408 479/349/409 475/346/406
f 479/349/409 478/348/408 440/305/369
f 440/305/369 441/307/371 479/349/409
f 445/310/374 473/343/403 443/308/372
f 445/310/374 480/350/410 473/343/403
f 476/345/405 481/351/411 477/347/407
f 481/351/411 482/352/412 477/347/407
f 477/347/407 482/352/412 478/348/408
f 482/352/412 483/353/413 478/348/408
f 478/348/408 483/353/413 444/309/373
f 444/309/373 440/305/369 478/348/408
f 445/310/374 447/312/376 484/354/414
f 484/354/414 480/350/410 445/310/374
f 481/351/411 486/355/415 485/356/416
f 485/356/416 482/352/412 481/351/411
f 482/352/412 485/356/416 483/353/413
f 485/356/416 634/357/417 483/353/413
f 483/353/413 634/357/417 444/309/373
f 634/357/417 446/311/375 444/309/373
f 450/314/378 487/358/418 488/359/398
f 488/359/398 449/315/367 450/314/378
f 470/360/400 490/361/419 489/362/420
f 489/362/420 469/363/399 470/360/400
f 491/364/421 471/365/401 469/363/399
f 469/363/399 489/362/420 491/364/421
f 448/313/377 451/316/368 471/365/401
f 471/365/401 491/364/421 448/313/377
f 453/318/380 492/366/422 487/358/418
f 487/358/418 450/314/378 453/318/380
f 490/361/419 493/367/423 489/362/420
f 494/368/424 489/362/420 493/367/423
f 495/369/425 491/364/421 489/362/420
f 489/362/420 494/368/424 495/369/425
f 452/317/379 448/313/377 491/364/421
f 491/364/421 495/369/425 452/317/379
f 496/370/426 492/366/422 453/318/380
f 453/318/380 455/320/382 496/370/426
f 493/367/423 497/371/427 494/368/424
f 498/372/428 494/368/424 497/371/427
f 499/373/429 495/369/425 498/372/428
f 498/372/428 495/369/425 494/368/424
f 454/319/381 452/317/379 499/373/429
f 499/373/429 452/317/379 495/369/425
f 472/342/402 496/370/426 455/320/382
f 455/320/382 442/306/370 472/342/402
f 497/371/427 474/344/404 498/372/428
f 475/346/406 498/372/428 474/344/404
f 498/372/428 475/346/406 499/373/429
f 479/349/409 499/373/429 475/346/406
f 499/373/429 479/349/409 454/319/381
f 441/307/371 454/319/381 479/349/409
f 518/374/430 484/354/414 456/322/384
f 447/312/376 456/322/384 484/354/414
f 485/356/416 486/355/415 500/375/431
f 500/375/431 501/376/432 485/356/416
f 485/356/416 501/376/432 634/377/417
f 515/321/383 446/311/375 634/357/417
f 501/376/432 500/375/431 502/378/433
f 502/378/433 503/379/434 501/376/432
f 501/376/432 503/379/434 504/380/435
f 504/380/435 634/377/417 501/376/432
f 634/377/417 504/380/435 632/381/436
f 503/379/434 502/378/433 506/382/437
f 506/382/437 507/383/438 503/379/434
f 504/380/435 503/379/434 507/383/438
f 507/383/438 508/384/439 504/380/435
f 632/381/436 504/380/435 508/384/439
f 508/384/439 633/385/440 632/386/436
f 509/387/387 505/388/441 516/323/363
f 507/383/438 506/382/437 460/389/390
f 460/389/390 461/390/389 507/383/438
f 508/384/439 507/383/438 461/390/389
f 461/390/389 464/391/393 508/384/439
f 508/384/439 464/391/393 635/325/364
f 635/325/364 633/385/440 508/384/439
f 510/392/442 497/371/427 493/367/423
f 493/367/423 1186/393/443 510/392/442
f 1186/393/443 493/367/423 490/361/419
f 490/361/419 1187/394/444 1186/393/443
f 1184/395/445 1185/396/446 502/378/433
f 502/378/433 1185/396/446 506/382/437
f 1183/397/447 1184/395/445 500/375/431
f 500/375/431 1184/395/445 502/378/433
f 1185/396/446 511/398/448 460/389/390
f 460/389/390 506/382/437 1185/396/446
f 1191/399/449 1183/397/447 486/355/415
f 486/355/415 1183/397/447 500/375/431
f 462/331/391 460/330/390 1189/400/450
f 460/330/390 511/401/448 1189/400/450
f 1190/402/451 1191/399/449 486/355/415
f 486/355/415 481/351/411 1190/402/451
f 467/336/396 462/331/391 1189/400/450
f 1189/400/450 512/403/452 467/336/396
f 1190/402/451 476/345/405 513/404/453
f 1190/402/451 481/351/411 476/345/405
f 470/340/400 467/336/396 514/405/454
f 467/336/396 512/403/452 514/405/454
f 1188/406/455 513/404/453 476/345/405
f 476/345/405 474/344/404 1188/406/455
f 490/361/419 470/360/400 514/407/454
f 514/407/454 1187/394/444 490/361/419
f 1188/406/455 474/344/404 497/371/427
f 497/371/427 510/392/442 1188/406/455
f 631/408/456 484/354/414 518/374/430
f 519/130/457 520/131/458 546/132/459
f 546/132/459 521/133/460 519/130/457
f 522/134/461 520/131/458 523/135/462
f 520/131/458 519/130/457 523/135/462
f 534/136/463 522/134/461 524/137/464
f 522/134/461 523/135/462 524/137/464
f 525/138/465 527/139/466 526/140/467
f 525/138/465 528/141/468 527/139/466
f 529/142/469 528/141/468 525/138/465
f 529/142/469 530/143/470 528/141/468
f 531/144/471 530/143/470 529/142/469
f 531/144/471 532/145/472 530/143/470
f 533/146/473 535/147/474 534/148/463
f 534/148/463 524/149/464 533/146/473
f 536/150/475 537/151/476 535/147/474
f 535/147/474 533/146/473 536/150/475
f 538/152/477 539/153/478 537/151/476
f 537/151/476 536/150/475 538/152/477
f 526/140/467 527/139/466 539/153/478
f 539/153/478 538/152/477 526/140/467
f 531/144/471 540/154/479 532/145/472
f 532/145/472 540/154/479 541/155/480
f 540/154/479 542/156/481 541/155/480
f 541/155/480 542/156/481 543/157/482
f 542/156/481 544/158/483 543/157/482
f 543/157/482 544/158/483 545/2/484
f 546/1/459 545/2/484 521/3/460
f 545/2/484 544/158/483 521/3/460
f 547/159/485 628/160/486 548/161/487
f 548/161/487 549/162/488 547/159/485
f 549/162/488 548/161/487 550/163/489
f 548/161/487 629/164/490 550/163/489
f 550/163/489 629/164/490 520/131/458
f 629/164/490 546/132/459 520/131/458
f 551/168/491 552/167/492 630/263/493
f 630/263/493 553/264/494 551/168/491
f 554/165/495 555/166/496 552/167/492
f 552/167/492 551/168/491 554/165/495
f 519/130/457 521/133/460 554/165/495
f 554/165/495 521/133/460 555/166/496
f 556/169/497 547/159/485 557/170/498
f 547/159/485 549/162/488 557/170/498
f 557/170/498 549/162/488 558/171/499
f 549/162/488 550/163/489 558/171/499
f 558/171/499 550/163/489 520/131/458
f 520/131/458 522/134/461 558/171/499
f 559/173/500 551/168/491 553/264/494
f 553/264/494 560/265/501 559/173/500
f 561/172/502 554/165/495 551/168/491
f 551/168/491 559/173/500 561/172/502
f 519/130/457 561/172/502 523/135/462
f 519/130/457 554/165/495 561/172/502
f 588/174/503 556/169/497 562/175/504
f 556/169/497 557/170/498 562/175/504
f 562/175/504 557/170/498 558/171/499
f 558/171/499 591/176/505 562/175/504
f 591/176/505 558/171/499 522/134/461
f 522/134/461 534/136/463 591/176/505
f 595/178/506 559/173/500 592/266/507
f 559/173/500 560/265/501 592/266/507
f 597/177/508 561/172/502 595/178/506
f 561/172/502 559/173/500 595/178/506
f 523/135/462 597/177/508 524/137/464
f 523/135/462 561/172/502 597/177/508
f 563/179/509 565/180/510 564/181/511
f 565/180/510 566/182/512 564/181/511
f 567/183/513 568/184/514 563/179/509
f 568/184/514 565/180/510 563/179/509
f 528/141/468 567/183/513 527/139/466
f 528/141/468 568/184/514 567/183/513
f 569/267/515 571/268/516 570/185/517
f 571/268/516 572/186/518 570/185/517
f 570/185/517 572/186/518 573/187/519
f 573/187/519 574/188/520 570/185/517
f 574/188/520 573/187/519 525/138/465
f 525/138/465 526/140/467 574/188/520
f 575/189/521 566/182/512 565/180/510
f 575/189/521 576/190/522 566/182/512
f 568/184/514 577/191/523 575/189/521
f 575/189/521 565/180/510 568/184/514
f 530/143/470 568/184/514 528/141/468
f 530/143/470 577/191/523 568/184/514
f 571/268/516 578/269/524 572/186/518
f 578/269/524 579/192/525 572/186/518
f 572/186/518 579/192/525 573/187/519
f 579/192/525 580/193/526 573/187/519
f 573/187/519 580/193/526 529/142/469
f 529/142/469 525/138/465 573/187/519
f 575/189/521 582/194/527 581/195/528
f 581/195/528 576/190/522 575/189/521
f 577/191/523 583/196/529 582/194/527
f 582/194/527 575/189/521 577/191/523
f 530/143/470 532/145/472 583/196/529
f 583/196/529 577/191/523 530/143/470
f 578/269/524 585/270/530 584/198/531
f 584/198/531 579/192/525 578/269/524
f 579/192/525 584/198/531 580/193/526
f 584/198/531 586/199/532 580/193/526
f 580/193/526 586/199/532 529/142/469
f 586/199/532 531/144/471 529/142/469
f 587/200/533 589/201/534 588/202/503
f 588/202/503 562/203/504 587/200/533
f 590/204/535 587/200/533 562/203/504
f 562/203/504 591/205/505 590/204/535
f 535/147/474 590/204/535 591/205/505
f 591/205/505 534/148/463 535/147/474
f 592/271/507 594/272/536 593/209/537
f 593/209/537 595/208/506 592/271/507
f 596/206/538 597/207/508 595/208/506
f 595/208/506 593/209/537 596/206/538
f 533/146/473 524/149/464 597/207/508
f 597/207/508 596/206/538 533/146/473
f 598/210/539 599/211/540 589/201/534
f 589/201/534 587/200/533 598/210/539
f 600/212/541 598/210/539 587/200/533
f 587/200/533 590/204/535 600/212/541
f 537/151/476 600/212/541 590/204/535
f 590/204/535 535/147/474 537/151/476
f 594/272/536 601/273/542 593/209/537
f 602/214/543 593/209/537 601/273/542
f 603/213/544 596/206/538 593/209/537
f 593/209/537 602/214/543 603/213/544
f 536/150/475 533/146/473 596/206/538
f 596/206/538 603/213/544 536/150/475
f 604/215/545 605/216/546 599/211/540
f 599/211/540 598/210/539 604/215/545
f 604/215/545 598/210/539 600/212/541
f 600/212/541 606/217/547 604/215/545
f 606/217/547 600/212/541 537/151/476
f 537/151/476 539/153/478 606/217/547
f 601/273/542 607/274/548 602/214/543
f 608/219/549 602/214/543 607/274/548
f 609/218/550 603/213/544 608/219/549
f 608/219/549 603/213/544 602/214/543
f 538/152/477 536/150/475 609/218/550
f 609/218/550 536/150/475 603/213/544
f 564/181/511 605/216/546 604/215/545
f 604/215/545 563/179/509 564/181/511
f 563/179/509 604/215/545 606/217/547
f 606/217/547 567/183/513 563/179/509
f 567/183/513 606/217/547 539/153/478
f 539/153/478 527/139/466 567/183/513
f 607/274/548 569/267/515 608/219/549
f 570/185/517 608/219/549 569/267/515
f 608/219/549 570/185/517 609/218/550
f 574/188/520 609/218/550 570/185/517
f 609/218/550 574/188/520 538/152/477
f 526/140/467 538/152/477 574/188/520
f 610/220/551 581/195/528 611/221/552
f 582/194/527 611/221/552 581/195/528
f 611/221/552 582/194/527 612/225/553
f 583/196/529 612/225/553 582/194/527
f 612/225/553 583/196/529 541/155/480
f 532/145/472 541/155/480 583/196/529
f 584/198/531 585/270/530 613/275/554
f 613/275/554 614/227/555 584/198/531
f 584/198/531 614/227/555 615/228/556
f 615/228/556 586/199/532 584/198/531
f 586/199/532 615/228/556 540/154/479
f 540/154/479 531/144/471 586/199/532
f 616/229/557 610/220/551 617/224/558
f 611/221/552 617/224/558 610/220/551
f 612/225/553 618/237/559 611/221/552
f 611/221/552 618/237/559 617/224/558
f 541/155/480 543/157/482 612/225/553
f 612/225/553 543/157/482 618/237/559
f 614/227/555 613/275/554 619/276/560
f 619/276/560 620/233/561 614/227/555
f 614/227/555 620/233/561 621/234/562
f 621/234/562 615/228/556 614/227/555
f 615/228/556 621/234/562 542/156/481
f 542/156/481 540/154/479 615/228/556
f 622/235/563 616/229/557 623/232/564
f 617/224/558 623/232/564 616/229/557
f 618/237/559 624/240/565 623/232/564
f 623/232/564 617/224/558 618/237/559
f 543/157/482 545/2/484 624/240/565
f 624/240/565 618/237/559 543/157/482
f 620/233/561 619/276/560 625/277/566
f 625/277/566 626/241/567 620/233/561
f 621/234/562 620/233/561 626/241/567
f 626/241/567 627/242/568 621/234/562
f 542/156/481 621/234/562 627/242/568
f 627/242/568 544/158/483 542/156/481
f 628/243/486 622/235/563 548/238/487
f 623/232/564 548/238/487 622/235/563
f 548/238/487 623/232/564 624/240/565
f 624/240/565 629/244/490 548/238/487
f 629/244/490 624/240/565 546/1/459
f 624/240/565 545/2/484 546/1/459
f 626/241/567 625/277/566 630/278/493
f 630/278/493 552/245/492 626/241/567
f 627/242/568 626/241/567 552/245/492
f 552/245/492 555/246/496 627/242/568
f 627/242/568 555/246/496 521/3/460
f 521/3/460 544/158/483 627/242/568
f 631/279/456 607/274/548 601/273/542
f 601/273/542 457/280/569 631/279/456
f 457/280/569 601/273/542 594/272/536
f 594/272/536 505/281/441 457/280/569
f 632/282/436 633/283/440 619/276/560
f 619/276/560 633/283/440 625/277/566
f 634/284/417 632/282/436 613/275/554
f 613/275/554 632/282/436 619/276/560
f 633/283/440 635/285/364 630/278/493
f 630/278/493 625/277/566 633/283/440
f 515/286/383 634/284/417 585/270/530
f 585/270/530 634/284/417 613/275/554
f 553/264/494 630/263/493 517/287/385
f 630/263/493 635/288/364 517/287/385
f 456/289/384 515/286/383 585/270/530
f 585/270/530 578/269/524 456/289/384
f 560/265/501 553/264/494 517/287/385
f 517/287/385 516/290/363 560/265/501
f 456/289/384 571/268/516 518/291/430
f 456/289/384 578/269/524 571/268/516
f 592/266/507 560/265/501 505/292/441
f 560/265/501 516/290/363 505/292/441
f 571/268/516 569/267/515 518/293/430
f 594/272/536 592/271/507 505/294/441
f 518/293/430 569/267/515 607/274/548
f 607/274/548 631/279/456 518/293/430
f 581/195/528 636/247/570 576/190/522
f 636/247/570 581/195/528 637/248/571
f 576/190/522 760/249/572 566/182/512
f 576/190/522 636/247/570 760/249/572
f 564/181/511 566/182/512 760/249/572
f 760/249/572 761/250/573 564/181/511
f 564/181/511 761/250/573 753/251/574
f 753/251/574 605/216/546 564/181/511
f 605/216/546 753/251/574 599/211/540
f 753/251/574 754/252/575 599/211/540
f 599/211/540 754/252/575 589/201/534
f 754/252/575 755/253/576 589/201/534
f 589/201/534 755/253/576 638/254/577
f 638/254/577 588/202/503 589/201/534
f 759/255/578 556/169/497 638/256/577
f 638/256/577 556/169/497 588/174/503
f 639/257/579 547/159/485 759/255/578
f 759/255/578 547/159/485 556/169/497
f 639/257/579 758/258/580 547/159/485
f 758/258/580 628/160/486 547/159/485
f 622/235/563 758/259/580 757/260/581
f 622/235/563 628/243/486 758/259/580
f 616/229/557 757/260/581 756/261/582
f 616/229/557 622/235/563 757/260/581
f 610/220/551 756/261/582 640/262/583
f 610/220/551 616/229/557 756/261/582
f 581/195/528 640/262/583 637/248/571
f 581/195/528 610/220/551 640/262/583
f 641/130/584 643/131/585 642/132/586
f 642/132/586 644/133/587 641/130/584
f 645/134/588 643/131/585 646/135/589
f 643/131/585 641/130/584 646/135/589
f 656/136/590 645/134/588 658/137/591
f 645/134/588 646/135/589 658/137/591
f 647/138/592 649/139/593 648/140/594
f 647/138/592 650/141/595 649/139/593
f 651/142/596 650/141/595 647/138/592
f 651/142/596 652/143/597 650/141/595
f 653/144/598 652/143/597 651/142/596
f 653/144/598 654/145/599 652/143/597
f 655/146/600 657/147/601 656/148/590
f 656/148/590 658/149/591 655/146/600
f 659/150/602 660/151/603 657/147/601
f 657/147/601 655/146/600 659/150/602
f 661/152/604 662/153/605 660/151/603
f 660/151/603 659/150/602 661/152/604
f 648/140/594 649/139/593 662/153/605
f 662/153/605 661/152/604 648/140/594
f 653/144/598 663/154/606 654/145/599
f 654/145/599 663/154/606 664/155/607
f 663/154/606 665/156/608 664/155/607
f 664/155/607 665/156/608 666/157/609
f 665/156/608 667/158/610 666/157/609
f 666/157/609 667/158/610 668/2/611
f 642/1/586 668/2/611 644/3/587
f 668/2/611 667/158/610 644/3/587
f 669/159/612 670/160/613 749/161/614
f 749/161/614 671/162/615 669/159/612
f 671/162/615 749/161/614 672/163/616
f 749/161/614 750/164/617 672/163/616
f 672/163/616 750/164/617 643/131/585
f 750/164/617 642/132/586 643/131/585
f 673/168/618 674/167/619 751/263/620
f 751/263/620 675/264/621 673/168/618
f 676/165/622 752/166/623 674/167/619
f 674/167/619 673/168/618 676/165/622
f 641/130/584 644/133/587 676/165/622
f 676/165/622 644/133/587 752/166/623
f 677/169/624 669/159/612 678/170/625
f 669/159/612 671/162/615 678/170/625
f 678/170/625 671/162/615 679/171/626
f 671/162/615 672/163/616 679/171/626
f 679/171/626 672/163/616 643/131/585
f 643/131/585 645/134/588 679/171/626
f 680/173/627 673/168/618 675/264/621
f 675/264/621 681/265/628 680/173/627
f 682/172/629 676/165/622 673/168/618
f 673/168/618 680/173/627 682/172/629
f 641/130/584 682/172/629 646/135/589
f 641/130/584 676/165/622 682/172/629
f 683/174/630 677/169/624 714/175/631
f 677/169/624 678/170/625 714/175/631
f 714/175/631 678/170/625 679/171/626
f 679/171/626 684/176/632 714/175/631
f 684/176/632 679/171/626 645/134/588
f 645/134/588 656/136/590 684/176/632
f 685/178/633 680/173/627 686/266/634
f 680/173/627 681/265/628 686/266/634
f 687/177/635 682/172/629 685/178/633
f 682/172/629 680/173/627 685/178/633
f 646/135/589 687/177/635 658/137/591
f 646/135/589 682/172/629 687/177/635
f 688/179/636 690/180/637 689/181/638
f 690/180/637 691/182/639 689/181/638
f 692/183/640 693/184/641 688/179/636
f 693/184/641 690/180/637 688/179/636
f 650/141/595 692/183/640 649/139/593
f 650/141/595 693/184/641 692/183/640
f 694/267/642 696/268/643 695/185/644
f 696/268/643 697/186/645 695/185/644
f 695/185/644 697/186/645 698/187/646
f 698/187/646 699/188/647 695/185/644
f 699/188/647 698/187/646 647/138/592
f 647/138/592 648/140/594 699/188/647
f 700/189/648 691/182/639 690/180/637
f 700/189/648 701/190/649 691/182/639
f 693/184/641 702/191/650 700/189/648
f 700/189/648 690/180/637 693/184/641
f 652/143/597 693/184/641 650/141/595
f 652/143/597 702/191/650 693/184/641
f 696/268/643 703/269/651 697/186/645
f 703/269/651 704/192/652 697/186/645
f 697/186/645 704/192/652 698/187/646
f 704/192/652 705/193/653 698/187/646
f 698/187/646 705/193/653 651/142/596
f 651/142/596 647/138/592 698/187/646
f 700/189/648 707/194/654 706/195/655
f 706/195/655 701/190/649 700/189/648
f 702/191/650 708/196/656 707/194/654
f 707/194/654 700/189/648 702/191/650
f 652/143/597 654/145/599 708/196/656
f 708/196/656 702/191/650 652/143/597
f 703/269/651 710/270/657 709/198/658
f 709/198/658 704/192/652 703/269/651
f 704/192/652 709/198/658 705/193/653
f 709/198/658 711/199/659 705/193/653
f 705/193/653 711/199/659 651/142/596
f 711/199/659 653/144/598 651/142/596
f 712/200/660 713/201/661 683/202/630
f 683/202/630 714/203/631 712/200/660
f 715/204/662 712/200/660 714/203/631
f 714/203/631 684/205/632 715/204/662
f 657/147/601 715/204/662 684/205/632
f 684/205/632 656/148/590 657/147/601
f 686/271/634 717/272/663 716/209/664
f 716/209/664 685/208/633 686/271/634
f 718/206/665 687/207/635 685/208/633
f 685/208/633 716/209/664 718/206/665
f 655/146/600 658/149/591 687/207/635
f 687/207/635 718/206/665 655/146/600
f 719/210/666 720/211/667 713/201/661
f 713/201/661 712/200/660 719/210/666
f 721/212/668 719/210/666 712/200/660
f 712/200/660 715/204/662 721/212/668
f 660/151/603 721/212/668 715/204/662
f 715/204/662 657/147/601 660/151/603
f 717/272/663 722/273/669 716/209/664
f 723/214/670 716/209/664 722/273/669
f 724/213/671 718/206/665 716/209/664
f 716/209/664 723/214/670 724/213/671
f 659/150/602 655/146/600 718/206/665
f 718/206/665 724/213/671 659/150/602
f 725/215/672 726/216/673 720/211/667
f 720/211/667 719/210/666 725/215/672
f 725/215/672 719/210/666 721/212/668
f 721/212/668 727/217/674 725/215/672
f 727/217/674 721/212/668 660/151/603
f 660/151/603 662/153/605 727/217/674
f 722/273/669 728/274/675 723/214/670
f 729/219/676 723/214/670 728/274/675
f 730/218/677 724/213/671 729/219/676
f 729/219/676 724/213/671 723/214/670
f 661/152/604 659/150/602 730/218/677
f 730/218/677 659/150/602 724/213/671
f 689/181/638 726/216/673 725/215/672
f 725/215/672 688/179/636 689/181/638
f 688/179/636 725/215/672 727/217/674
f 727/217/674 692/183/640 688/179/636
f 692/183/640 727/217/674 662/153/605
f 662/153/605 649/139/593 692/183/640
f 728/274/675 694/267/642 729/219/676
f 695/185/644 729/219/676 694/267/642
f 729/219/676 695/185/644 730/218/677
f 699/188/647 730/218/677 695/185/644
f 730/218/677 699/188/647 661/152/604
f 648/140/594 661/152/604 699/188/647
f 731/220/678 706/195/655 732/221/679
f 707/194/654 732/221/679 706/195/655
f 732/221/679 707/194/654 733/225/680
f 708/196/656 733/225/680 707/194/654
f 733/225/680 708/196/656 664/155/607
f 654/145/599 664/155/607 708/196/656
f 709/198/658 710/270/657 734/275/681
f 734/275/681 735/227/682 709/198/658
f 709/198/658 735/227/682 736/228/683
f 736/228/683 711/199/659 709/198/658
f 711/199/659 736/228/683 663/154/606
f 663/154/606 653/144/598 711/199/659
f 737/229/684 731/220/678 738/224/685
f 732/221/679 738/224/685 731/220/678
f 733/225/680 739/237/686 732/221/679
f 732/221/679 739/237/686 738/224/685
f 664/155/607 666/157/609 733/225/680
f 733/225/680 666/157/609 739/237/686
f 735/227/682 734/275/681 740/276/687
f 740/276/687 741/233/688 735/227/682
f 735/227/682 741/233/688 742/234/689
f 742/234/689 736/228/683 735/227/682
f 736/228/683 742/234/689 665/156/608
f 665/156/608 663/154/606 736/228/683
f 743/235/690 737/229/684 744/232/691
f 738/224/685 744/232/691 737/229/684
f 739/237/686 745/240/692 744/232/691
f 744/232/691 738/224/685 739/237/686
f 666/157/609 668/2/611 745/240/692
f 745/240/692 739/237/686 666/157/609
f 741/233/688 740/276/687 746/277/693
f 746/277/693 747/241/694 741/233/688
f 742/234/689 741/233/688 747/241/694
f 747/241/694 748/242/695 742/234/689
f 665/156/608 742/234/689 748/242/695
f 748/242/695 667/158/610 665/156/608
f 670/243/613 743/235/690 749/238/614
f 744/232/691 749/238/614 743/235/690
f 749/238/614 744/232/691 745/240/692
f 745/240/692 750/244/617 749/238/614
f 750/244/617 745/240/692 642/1/586
f 745/240/692 668/2/611 642/1/586
f 747/241/694 746/277/693 751/278/620
f 751/278/620 674/245/619 747/241/694
f 748/242/695 747/241/694 674/245/619
f 674/245/619 752/246/623 748/242/695
f 748/242/695 752/246/623 644/3/587
f 644/3/587 667/158/610 748/242/695
f 753/279/574 728/274/675 722/273/669
f 722/273/669 754/280/575 753/279/574
f 754/280/575 722/273/669 717/272/663
f 717/272/663 755/281/576 754/280/575
f 756/282/582 757/283/581 740/276/687
f 740/276/687 757/283/581 746/277/693
f 640/284/583 756/282/582 734/275/681
f 734/275/681 756/282/582 740/276/687
f 757/283/581 758/285/580 751/278/620
f 751/278/620 746/277/693 757/283/581
f 637/286/571 640/284/583 710/270/657
f 710/270/657 640/284/583 734/275/681
f 675/264/621 751/263/620 639/287/579
f 751/263/620 758/288/580 639/287/579
f 636/289/570 637/286/571 710/270/657
f 710/270/657 703/269/651 636/289/570
f 681/265/628 675/264/621 639/287/579
f 639/287/579 759/290/578 681/265/628
f 636/289/570 696/268/643 760/291/572
f 636/289/570 703/269/651 696/268/643
f 686/266/634 681/265/628 638/292/577
f 681/265/628 759/290/578 638/292/577
f 761/293/573 760/291/572 696/268/643
f 696/268/643 694/267/642 761/293/573
f 717/272/663 686/271/634 638/294/577
f 638/294/577 755/281/576 717/272/663
f 761/293/573 694/267/642 728/274/675
f 728/274/675 753/279/574 761/293/573
f 706/195/655 762/247/696 701/190/649
f 762/247/696 706/195/655 763/248/697
f 701/190/649 887/249/698 691/182/639
f 701/190/649 762/247/696 887/249/698
f 689/181/638 691/182/639 887/249/698
f 887/249/698 888/250/699 689/181/638
f 689/181/638 888/250/699 892/251/700
f 892/251/700 726/216/673 689/181/638
f 726/216/673 892/251/700 720/211/667
f 892/251/700 764/252/701 720/211/667
f 720/211/667 764/252/701 713/201/661
f 764/252/701 891/253/702 713/201/661
f 713/201/661 891/253/702 765/254/703
f 765/254/703 683/202/630 713/201/661
f 890/255/704 677/169/624 765/256/703
f 765/256/703 677/169/624 683/174/630
f 766/257/705 669/159/612 890/255/704
f 890/255/704 669/159/612 677/169/624
f 766/257/705 768/258/706 669/159/612
f 768/258/706 670/160/613 669/159/612
f 743/235/690 768/259/706 767/260/707
f 743/235/690 670/243/613 768/259/706
f 737/229/684 767/260/707 769/261/708
f 737/229/684 743/235/690 767/260/707
f 731/220/678 769/261/708 889/262/709
f 731/220/678 737/229/684 769/261/708
f 706/195/655 889/262/709 763/248/697
f 706/195/655 731/220/678 889/262/709
f 770/130/710 771/131/711 796/132/712
f 796/132/712 797/133/713 770/130/710
f 772/134/714 771/131/711 773/135/715
f 771/131/711 770/130/710 773/135/715
f 784/136/716 772/134/714 774/137/717
f 772/134/714 773/135/715 774/137/717
f 775/138/718 777/139/719 776/140/720
f 775/138/718 778/141/721 777/139/719
f 779/142/722 778/141/721 775/138/718
f 779/142/722 780/143/723 778/141/721
f 781/144/724 780/143/723 779/142/722
f 781/144/724 782/145/725 780/143/723
f 783/146/726 785/147/727 784/148/716
f 784/148/716 774/149/717 783/146/726
f 786/150/728 787/151/729 785/147/727
f 785/147/727 783/146/726 786/150/728
f 788/152/730 789/153/731 787/151/729
f 787/151/729 786/150/728 788/152/730
f 776/140/720 777/139/719 789/153/731
f 789/153/731 788/152/730 776/140/720
f 781/144/724 790/154/732 782/145/725
f 782/145/725 790/154/732 791/155/733
f 790/154/732 792/156/734 791/155/733
f 791/155/733 792/156/734 793/157/735
f 792/156/734 794/158/736 793/157/735
f 793/157/735 794/158/736 795/2/737
f 796/1/712 795/2/737 797/3/713
f 795/2/737 794/158/736 797/3/713
f 798/159/738 879/160/739 880/161/740
f 880/161/740 799/162/741 798/159/738
f 799/162/741 880/161/740 800/163/742
f 880/161/740 801/164/743 800/163/742
f 800/163/742 801/164/743 771/131/711
f 801/164/743 796/132/712 771/131/711
f 802/168/744 881/167/745 803/263/746
f 803/263/746 804/264/747 802/168/744
f 805/165/748 806/166/749 881/167/745
f 881/167/745 802/168/744 805/165/748
f 770/130/710 797/133/713 805/165/748
f 805/165/748 797/133/713 806/166/749
f 807/169/750 798/159/738 808/170/751
f 798/159/738 799/162/741 808/170/751
f 808/170/751 799/162/741 809/171/752
f 799/162/741 800/163/742 809/171/752
f 809/171/752 800/163/742 771/131/711
f 771/131/711 772/134/714 809/171/752
f 810/173/753 802/168/744 804/264/747
f 804/264/747 811/265/754 810/173/753
f 812/172/755 805/165/748 802/168/744
f 802/168/744 810/173/753 812/172/755
f 770/130/710 812/172/755 773/135/715
f 770/130/710 805/165/748 812/172/755
f 840/174/756 807/169/750 813/175/757
f 807/169/750 808/170/751 813/175/757
f 813/175/757 808/170/751 809/171/752
f 809/171/752 843/176/758 813/175/757
f 843/176/758 809/171/752 772/134/714
f 772/134/714 784/136/716 843/176/758
f 847/178/759 810/173/753 844/266/760
f 810/173/753 811/265/754 844/266/760
f 814/177/761 812/172/755 847/178/759
f 812/172/755 810/173/753 847/178/759
f 773/135/715 814/177/761 774/137/717
f 773/135/715 812/172/755 814/177/761
f 815/179/762 817/180/763 816/181/764
f 817/180/763 818/182/765 816/181/764
f 819/183/766 820/184/767 815/179/762
f 820/184/767 817/180/763 815/179/762
f 778/141/721 819/183/766 777/139/719
f 778/141/721 820/184/767 819/183/766
f 821/267/768 823/268/769 822/185/770
f 823/268/769 824/186/771 822/185/770
f 822/185/770 824/186/771 825/187/772
f 825/187/772 826/188/773 822/185/770
f 826/188/773 825/187/772 775/138/718
f 775/138/718 776/140/720 826/188/773
f 827/189/774 818/182/765 817/180/763
f 827/189/774 828/190/775 818/182/765
f 820/184/767 829/191/776 827/189/774
f 827/189/774 817/180/763 820/184/767
f 780/143/723 820/184/767 778/141/721
f 780/143/723 829/191/776 820/184/767
f 823/268/769 830/269/777 824/186/771
f 830/269/777 831/192/778 824/186/771
f 824/186/771 831/192/778 825/187/772
f 831/192/778 832/193/779 825/187/772
f 825/187/772 832/193/779 779/142/722
f 779/142/722 775/138/718 825/187/772
f 827/189/774 834/194/780 833/195/781
f 833/195/781 828/190/775 827/189/774
f 829/191/776 835/196/782 834/194/780
f 834/194/780 827/189/774 829/191/776
f 780/143/723 782/145/725 835/196/782
f 835/196/782 829/191/776 780/143/723
f 830/269/777 837/270/783 836/198/784
f 836/198/784 831/192/778 830/269/777
f 831/192/778 836/198/784 832/193/779
f 836/198/784 838/199/785 832/193/779
f 832/193/779 838/199/785 779/142/722
f 838/199/785 781/144/724 779/142/722
f 839/200/786 841/201/787 840/202/756
f 840/202/756 813/203/757 839/200/786
f 842/204/788 839/200/786 813/203/757
f 813/203/757 843/205/758 842/204/788
f 785/147/727 842/204/788 843/205/758
f 843/205/758 784/148/716 785/147/727
f 844/271/760 846/272/789 845/209/790
f 845/209/790 847/208/759 844/271/760
f 848/206/791 814/207/761 847/208/759
f 847/208/759 845/209/790 848/206/791
f 783/146/726 774/149/717 814/207/761
f 814/207/761 848/206/791 783/146/726
f 849/210/792 850/211/793 841/201/787
f 841/201/787 839/200/786 849/210/792
f 851/212/794 849/210/792 839/200/786
f 839/200/786 842/204/788 851/212/794
f 787/151/729 851/212/794 842/204/788
f 842/204/788 785/147/727 787/151/729
f 846/272/789 852/273/795 845/209/790
f 853/214/796 845/209/790 852/273/795
f 854/213/797 848/206/791 845/209/790
f 845/209/790 853/214/796 854/213/797
f 786/150/728 783/146/726 848/206/791
f 848/206/791 854/213/797 786/150/728
f 855/215/798 856/216/799 850/211/793
f 850/211/793 849/210/792 855/215/798
f 855/215/798 849/210/792 851/212/794
f 851/212/794 857/217/800 855/215/798
f 857/217/800 851/212/794 787/151/729
f 787/151/729 789/153/731 857/217/800
f 852/273/795 858/274/801 853/214/796
f 859/219/802 853/214/796 858/274/801
f 860/218/803 854/213/797 859/219/802
f 859/219/802 854/213/797 853/214/796
f 788/152/730 786/150/728 860/218/803
f 860/218/803 786/150/728 854/213/797
f 816/181/764 856/216/799 855/215/798
f 855/215/798 815/179/762 816/181/764
f 815/179/762 855/215/798 857/217/800
f 857/217/800 819/183/766 815/179/762
f 819/183/766 857/217/800 789/153/731
f 789/153/731 777/139/719 819/183/766
f 858/274/801 821/267/768 859/219/802
f 822/185/770 859/219/802 821/267/768
f 859/219/802 822/185/770 860/218/803
f 826/188/773 860/218/803 822/185/770
f 860/218/803 826/188/773 788/152/730
f 776/140/720 788/152/730 826/188/773
f 861/220/804 833/195/781 862/221/805
f 834/194/780 862/221/805 833/195/781
f 862/221/805 834/194/780 863/225/806
f 835/196/782 863/225/806 834/194/780
f 863/225/806 835/196/782 791/155/733
f 782/145/725 791/155/733 835/196/782
f 836/198/784 837/270/783 864/275/807
f 864/275/807 865/227/808 836/198/784
f 836/198/784 865/227/808 866/228/809
f 866/228/809 838/199/785 836/198/784
f 838/199/785 866/228/809 790/154/732
f 790/154/732 781/144/724 838/199/785
f 867/229/810 861/220/804 868/224/811
f 862/221/805 868/224/811 861/220/804
f 863/225/806 869/237/812 862/221/805
f 862/221/805 869/237/812 868/224/811
f 791/155/733 793/157/735 863/225/806
f 863/225/806 793/157/735 869/237/812
f 865/227/808 864/275/807 870/276/813
f 870/276/813 871/233/814 865/227/808
f 865/227/808 871/233/814 872/234/815
f 872/234/815 866/228/809 865/227/808
f 866/228/809 872/234/815 792/156/734
f 792/156/734 790/154/732 866/228/809
f 873/235/816 867/229/810 874/232/817
f 868/224/811 874/232/817 867/229/810
f 869/237/812 875/240/818 874/232/817
f 874/232/817 868/224/811 869/237/812
f 793/157/735 795/2/737 875/240/818
f 875/240/818 869/237/812 793/157/735
f 871/233/814 870/276/813 876/277/819
f 876/277/819 877/241/820 871/233/814
f 872/234/815 871/233/814 877/241/820
f 877/241/820 878/242/821 872/234/815
f 792/156/734 872/234/815 878/242/821
f 878/242/821 794/158/736 792/156/734
f 879/243/739 873/235/816 880/238/740
f 874/232/817 880/238/740 873/235/816
f 880/238/740 874/232/817 875/240/818
f 875/240/818 801/244/743 880/238/740
f 801/244/743 875/240/818 796/1/712
f 875/240/818 795/2/737 796/1/712
f 877/241/820 876/277/819 803/278/746
f 803/278/746 881/245/745 877/241/820
f 878/242/821 877/241/820 881/245/745
f 881/245/745 806/246/749 878/242/821
f 878/242/821 806/246/749 797/3/713
f 797/3/713 794/158/736 878/242/821
f 915/279/822 858/274/801 852/273/795
f 852/273/795 895/280/823 915/279/822
f 895/280/823 852/273/795 846/272/789
f 846/272/789 896/281/824 895/280/823
f 898/282/825 897/283/826 870/276/813
f 870/276/813 897/283/826 876/277/819
f 882/284/827 898/282/825 864/275/807
f 864/275/807 898/282/825 870/276/813
f 897/283/826 917/285/828 803/278/746
f 803/278/746 876/277/819 897/283/826
f 883/286/829 882/284/827 837/270/783
f 837/270/783 882/284/827 864/275/807
f 804/264/747 803/263/746 893/287/830
f 803/263/746 917/288/828 893/287/830
f 884/289/831 883/286/829 837/270/783
f 837/270/783 830/269/777 884/289/831
f 811/265/754 804/264/747 893/287/830
f 893/287/830 885/290/832 811/265/754
f 884/289/831 823/268/769 894/291/833
f 884/289/831 830/269/777 823/268/769
f 844/266/760 811/265/754 916/292/834
f 811/265/754 885/290/832 916/292/834
f 886/293/835 894/291/833 823/268/769
f 823/268/769 821/267/768 886/293/835
f 846/272/789 844/271/760 916/294/834
f 916/294/834 896/281/824 846/272/789
f 886/293/835 821/267/768 858/274/801
f 858/274/801 915/279/822 886/293/835
f 833/195/781 887/247/698 828/190/775
f 887/247/698 833/195/781 888/248/699
f 828/190/775 762/249/696 818/182/765
f 828/190/775 887/247/698 762/249/696
f 816/181/764 818/182/765 762/249/696
f 762/249/696 763/250/697 816/181/764
f 816/181/764 763/250/697 889/251/709
f 889/251/709 856/216/799 816/181/764
f 856/216/799 889/251/709 850/211/793
f 889/251/709 769/252/708 850/211/793
f 850/211/793 769/252/708 841/201/787
f 769/252/708 767/253/707 841/201/787
f 841/201/787 767/253/707 768/254/706
f 768/254/706 840/202/756 841/201/787
f 766/255/705 807/169/750 768/256/706
f 768/256/706 807/169/750 840/174/756
f 890/257/704 798/159/738 766/255/705
f 766/255/705 798/159/738 807/169/750
f 890/257/704 765/258/703 798/159/738
f 765/258/703 879/160/739 798/159/738
f 873/235/816 765/259/703 891/260/702
f 873/235/816 879/243/739 765/259/703
f 867/229/810 891/260/702 764/261/701
f 867/229/810 873/235/816 891/260/702
f 861/220/804 764/261/701 892/262/700
f 861/220/804 867/229/810 764/261/701
f 833/195/781 892/262/700 888/248/699
f 833/195/781 861/220/804 892/262/700
f 899/409/836 901/410/837 900/411/838
f 899/409/836 902/412/839 901/410/837
f 902/412/839 893/413/830 901/410/837
f 902/412/839 885/414/832 893/413/830
f 903/415/840 905/416/841 904/417/842
f 904/417/842 906/418/843 903/415/840
f 884/419/831 894/420/833 905/416/841
f 894/420/833 904/417/842 905/416/841
f 907/421/844 909/422/845 908/423/846
f 908/423/846 910/424/847 907/421/844
f 909/422/845 895/425/823 896/426/824
f 896/426/824 908/423/846 909/422/845
f 911/427/848 913/428/849 912/429/850
f 912/429/850 913/428/849 914/430/851
f 912/429/850 914/430/851 882/431/827
f 882/431/827 914/430/851 898/432/825
f 918/433/852 920/434/853 919/435/854
f 919/435/854 921/436/855 918/433/852
f 921/436/855 919/435/854 909/422/845
f 909/422/845 907/421/844 921/436/855
f 928/437/856 910/424/847 922/438/857
f 908/423/846 922/438/857 910/424/847
f 920/434/853 886/439/835 915/440/822
f 915/440/822 919/435/854 920/434/853
f 919/435/854 915/440/822 895/425/823
f 895/425/823 909/422/845 919/435/854
f 922/438/857 908/423/846 896/426/824
f 896/426/824 916/441/834 922/438/857
f 929/442/858 924/443/859 923/444/860
f 925/445/861 923/444/860 924/443/859
f 913/428/849 925/445/861 914/430/851
f 914/430/851 925/445/861 924/443/859
f 926/446/862 911/427/848 912/429/850
f 912/429/850 927/447/863 926/446/862
f 924/443/859 929/442/858 897/448/826
f 897/448/826 929/442/858 917/449/828
f 914/430/851 924/443/859 898/432/825
f 898/432/825 924/443/859 897/448/826
f 883/450/829 927/447/863 912/429/850
f 912/429/850 882/431/827 883/450/829
f 899/409/836 928/451/856 922/452/857
f 922/452/857 902/412/839 899/409/836
f 923/453/860 900/411/838 901/410/837
f 901/410/837 929/454/858 923/453/860
f 902/412/839 922/452/857 885/414/832
f 922/452/857 916/455/834 885/414/832
f 929/454/858 901/410/837 893/413/830
f 893/413/830 917/456/828 929/454/858
f 926/446/862 927/447/863 905/416/841
f 905/416/841 903/415/840 926/446/862
f 904/417/842 920/434/853 906/418/843
f 906/418/843 920/434/853 918/433/852
f 883/450/829 884/419/831 927/447/863
f 884/419/831 905/416/841 927/447/863
f 894/420/833 886/439/835 920/434/853
f 920/434/853 904/417/842 894/420/833
f 918/433/852 931/457/864 930/458/865
f 930/458/865 906/418/843 918/433/852
f 903/415/840 906/418/843 930/458/865
f 930/458/865 932/459/866 903/415/840
f 926/446/862 903/415/840 932/459/866
f 932/459/866 933/460/867 926/446/862
f 926/446/862 933/460/867 911/427/848
f 933/460/867 934/461/868 911/427/848
f 913/428/849 911/427/848 934/461/868
f 934/461/868 935/462/869 913/428/849
f 913/428/849 935/462/869 925/445/861
f 935/462/869 936/463/870 925/445/861
f 936/463/870 937/464/871 923/444/860
f 923/444/860 925/445/861 936/463/870
f 938/465/872 900/411/838 923/453/860
f 923/453/860 937/466/871 938/465/872
f 938/465/872 939/467/873 900/411/838
f 939/467/873 899/409/836 900/411/838
f 939/467/873 941/468/874 899/409/836
f 941/468/874 928/451/856 899/409/836
f 910/424/847 941/469/874 940/470/875
f 910/424/847 928/437/856 941/469/874
f 907/421/844 940/470/875 942/471/876
f 907/421/844 910/424/847 940/470/875
f 921/436/855 942/471/876 943/472/877
f 921/436/855 907/421/844 942/471/876
f 918/433/852 943/472/877 931/457/864
f 918/433/852 921/436/855 943/472/877
f 944/130/878 945/131/879 970/132/880
f 970/132/880 971/133/881 944/130/878
f 946/134/882 945/131/879 947/135/883
f 945/131/879 944/130/878 947/135/883
f 957/136/884 946/134/882 959/137/885
f 946/134/882 947/135/883 959/137/885
f 948/138/886 950/139/887 949/140/888
f 948/138/886 951/141/889 950/139/887
f 952/142/890 951/141/889 948/138/886
f 952/142/890 953/143/891 951/141/889
f 954/144/892 953/143/891 952/142/890
f 954/144/892 955/145/893 953/143/891
f 956/146/894 958/147/895 957/148/884
f 957/148/884 959/149/885 956/146/894
f 960/150/896 961/151/897 958/147/895
f 958/147/895 956/146/894 960/150/896
f 962/152/898 963/153/899 961/151/897
f 961/151/897 960/150/896 962/152/898
f 949/140/888 950/139/887 963/153/899
f 963/153/899 962/152/898 949/140/888
f 954/144/892 964/154/900 955/145/893
f 955/145/893 964/154/900 965/155/901
f 964/154/900 966/156/902 965/155/901
f 965/155/901 966/156/902 967/157/903
f 966/156/902 968/158/904 967/157/903
f 967/157/903 968/158/904 969/2/905
f 970/1/880 969/2/905 971/3/881
f 969/2/905 968/158/904 971/3/881
f 972/159/906 974/160/907 973/161/908
f 973/161/908 975/162/909 972/159/906
f 975/162/909 973/161/908 976/163/910
f 973/161/908 1055/164/911 976/163/910
f 976/163/910 1055/164/911 945/131/879
f 1055/164/911 970/132/880 945/131/879
f 977/168/912 979/167/913 978/263/914
f 978/263/914 980/264/915 977/168/912
f 981/165/916 982/166/917 979/167/913
f 979/167/913 977/168/912 981/165/916
f 944/130/878 971/133/881 981/165/916
f 981/165/916 971/133/881 982/166/917
f 983/169/918 972/159/906 984/170/919
f 972/159/906 975/162/909 984/170/919
f 984/170/919 975/162/909 985/171/920
f 975/162/909 976/163/910 985/171/920
f 985/171/920 976/163/910 945/131/879
f 945/131/879 946/134/882 985/171/920
f 986/173/921 977/168/912 980/264/915
f 980/264/915 987/265/922 986/173/921
f 988/172/923 981/165/916 977/168/912
f 977/168/912 986/173/921 988/172/923
f 944/130/878 988/172/923 947/135/883
f 944/130/878 981/165/916 988/172/923
f 1017/174/924 983/169/918 1019/175/925
f 983/169/918 984/170/919 1019/175/925
f 1019/175/925 984/170/919 985/171/920
f 985/171/920 989/176/926 1019/175/925
f 989/176/926 985/171/920 946/134/882
f 946/134/882 957/136/884 989/176/926
f 1023/178/927 986/173/921 990/266/928
f 986/173/921 987/265/922 990/266/928
f 991/177/929 988/172/923 1023/178/927
f 988/172/923 986/173/921 1023/178/927
f 947/135/883 991/177/929 959/137/885
f 947/135/883 988/172/923 991/177/929
f 992/179/930 994/180/931 993/181/932
f 994/180/931 995/182/933 993/181/932
f 996/183/934 997/184/935 992/179/930
f 997/184/935 994/180/931 992/179/930
f 951/141/889 996/183/934 950/139/887
f 951/141/889 997/184/935 996/183/934
f 998/267/936 1000/268/937 999/185/938
f 1000/268/937 1001/186/939 999/185/938
f 999/185/938 1001/186/939 1002/187/940
f 1002/187/940 1003/188/941 999/185/938
f 1003/188/941 1002/187/940 948/138/886
f 948/138/886 949/140/888 1003/188/941
f 1004/189/942 995/182/933 994/180/931
f 1004/189/942 1005/190/943 995/182/933
f 997/184/935 1006/191/944 1004/189/942
f 1004/189/942 994/180/931 997/184/935
f 953/143/891 997/184/935 951/141/889
f 953/143/891 1006/191/944 997/184/935
f 1000/268/937 1007/269/945 1001/186/939
f 1007/269/945 1008/192/946 1001/186/939
f 1001/186/939 1008/192/946 1002/187/940
f 1008/192/946 1009/193/947 1002/187/940
f 1002/187/940 1009/193/947 952/142/890
f 952/142/890 948/138/886 1002/187/940
f 1004/189/942 1011/194/948 1010/195/949
f 1010/195/949 1005/190/943 1004/189/942
f 1006/191/944 1012/196/950 1011/194/948
f 1011/194/948 1004/189/942 1006/191/944
f 953/143/891 955/145/893 1012/196/950
f 1012/196/950 1006/191/944 953/143/891
f 1007/269/945 1014/270/951 1013/198/952
f 1013/198/952 1008/192/946 1007/269/945
f 1008/192/946 1013/198/952 1009/193/947
f 1013/198/952 1015/199/953 1009/193/947
f 1009/193/947 1015/199/953 952/142/890
f 1015/199/953 954/144/892 952/142/890
f 1016/200/954 1018/201/955 1017/202/924
f 1017/202/924 1019/203/925 1016/200/954
f 1020/204/956 1016/200/954 1019/203/925
f 1019/203/925 989/205/926 1020/204/956
f 958/147/895 1020/204/956 989/205/926
f 989/205/926 957/148/884 958/147/895
f 990/271/928 1022/272/957 1021/209/958
f 1021/209/958 1023/208/927 990/271/928
f 1024/206/959 991/207/929 1023/208/927
f 1023/208/927 1021/209/958 1024/206/959
f 956/146/894 959/149/885 991/207/929
f 991/207/929 1024/206/959 956/146/894
f 1025/210/960 1026/211/961 1018/201/955
f 1018/201/955 1016/200/954 1025/210/960
f 1027/212/962 1025/210/960 1016/200/954
f 1016/200/954 1020/204/956 1027/212/962
f 961/151/897 1027/212/962 1020/204/956
f 1020/204/956 958/147/895 961/151/897
f 1022/272/957 1028/273/963 1021/209/958
f 1029/214/964 1021/209/958 1028/273/963
f 1030/213/965 1024/206/959 1021/209/958
f 1021/209/958 1029/214/964 1030/213/965
f 960/150/896 956/146/894 1024/206/959
f 1024/206/959 1030/213/965 960/150/896
f 1031/215/966 1032/216/967 1026/211/961
f 1026/211/961 1025/210/960 1031/215/966
f 1031/215/966 1025/210/960 1027/212/962
f 1027/212/962 1033/217/968 1031/215/966
f 1033/217/968 1027/212/962 961/151/897
f 961/151/897 963/153/899 1033/217/968
f 1028/273/963 1034/274/969 1029/214/964
f 1035/219/970 1029/214/964 1034/274/969
f 1036/218/971 1030/213/965 1035/219/970
f 1035/219/970 1030/213/965 1029/214/964
f 962/152/898 960/150/896 1036/218/971
f 1036/218/971 960/150/896 1030/213/965
f 993/181/932 1032/216/967 1031/215/966
f 1031/215/966 992/179/930 993/181/932
f 992/179/930 1031/215/966 1033/217/968
f 1033/217/968 996/183/934 992/179/930
f 996/183/934 1033/217/968 963/153/899
f 963/153/899 950/139/887 996/183/934
f 1034/274/969 998/267/936 1035/219/970
f 999/185/938 1035/219/970 998/267/936
f 1035/219/970 999/185/938 1036/218/971
f 1003/188/941 1036/218/971 999/185/938
f 1036/218/971 1003/188/941 962/152/898
f 949/140/888 962/152/898 1003/188/941
f 1037/220/972 1010/195/949 1038/221/973
f 1011/194/948 1038/221/973 1010/195/949
f 1038/221/973 1011/194/948 1039/225/974
f 1012/196/950 1039/225/974 1011/194/948
f 1039/225/974 1012/196/950 965/155/901
f 955/145/893 965/155/901 1012/196/950
f 1013/198/952 1014/270/951 1040/275/975
f 1040/275/975 1041/227/976 1013/198/952
f 1013/198/952 1041/227/976 1042/228/977
f 1042/228/977 1015/199/953 1013/198/952
f 1015/199/953 1042/228/977 964/154/900
f 964/154/900 954/144/892 1015/199/953
f 1043/229/978 1037/220/972 1044/224/979
f 1038/221/973 1044/224/979 1037/220/972
f 1039/225/974 1045/237/980 1038/221/973
f 1038/221/973 1045/237/980 1044/224/979
f 965/155/901 967/157/903 1039/225/974
f 1039/225/974 967/157/903 1045/237/980
f 1041/227/976 1040/275/975 1046/276/981
f 1046/276/981 1047/233/982 1041/227/976
f 1041/227/976 1047/233/982 1048/234/983
f 1048/234/983 1042/228/977 1041/227/976
f 1042/228/977 1048/234/983 966/156/902
f 966/156/902 964/154/900 1042/228/977
f 1049/235/984 1043/229/978 1050/232/985
f 1044/224/979 1050/232/985 1043/229/978
f 1045/237/980 1051/240/986 1050/232/985
f 1050/232/985 1044/224/979 1045/237/980
f 967/157/903 969/2/905 1051/240/986
f 1051/240/986 1045/237/980 967/157/903
f 1047/233/982 1046/276/981 1052/277/987
f 1052/277/987 1053/241/988 1047/233/982
f 1048/234/983 1047/233/982 1053/241/988
f 1053/241/988 1054/242/989 1048/234/983
f 966/156/902 1048/234/983 1054/242/989
f 1054/242/989 968/158/904 966/156/902
f 974/243/907 1049/235/984 973/238/908
f 1050/232/985 973/238/908 1049/235/984
f 973/238/908 1050/232/985 1051/240/986
f 1051/240/986 1055/244/911 973/238/908
f 1055/244/911 1051/240/986 970/1/880
f 1051/240/986 969/2/905 970/1/880
f 1053/241/988 1052/277/987 978/278/914
f 978/278/914 979/245/913 1053/241/988
f 1054/242/989 1053/241/988 979/245/913
f 979/245/913 982/246/917 1054/242/989
f 1054/242/989 982/246/917 971/3/881
f 971/3/881 968/158/904 1054/242/989
f 1056/279/304 1034/274/969 1028/273/963
f 1028/273/963 328/280/305 1056/279/304
f 328/280/305 1028/273/963 1022/272/957
f 1022/272/957 329/281/306 328/280/305
f 1057/282/312 1058/283/311 1046/276/981
f 1046/276/981 1058/283/311 1052/277/987
f 1059/284/313 1057/282/312 1040/275/975
f 1040/275/975 1057/282/312 1046/276/981
f 1058/283/311 331/285/310 978/278/914
f 978/278/914 1052/277/987 1058/283/311
f 325/286/301 1059/284/313 1014/270/951
f 1014/270/951 1059/284/313 1040/275/975
f 980/264/915 978/263/914 1060/287/309
f 978/263/914 331/288/310 1060/287/309
f 324/289/300 325/286/301 1014/270/951
f 1014/270/951 1007/269/945 324/289/300
f 987/265/922 980/264/915 1060/287/309
f 1060/287/309 1061/290/308 987/265/922
f 324/289/300 1000/268/937 326/291/302
f 324/289/300 1007/269/945 1000/268/937
f 990/266/928 987/265/922 330/292/307
f 987/265/922 1061/290/308 330/292/307
f 327/293/303 326/291/302 1000/268/937
f 1000/268/937 998/267/936 327/293/303
f 1022/272/957 990/271/928 330/294/307
f 330/294/307 329/281/306 1022/272/957
f 327/293/303 998/267/936 1034/274/969
f 1034/274/969 1056/279/304 327/293/303
f 1010/195/949 1062/247/88 1005/190/943
f 1062/247/88 1010/195/949 1063/248/89
f 1005/190/943 1064/249/87 995/182/933
f 1005/190/943 1062/247/88 1064/249/87
f 993/181/932 995/182/933 1064/249/87
f 1064/249/87 1065/250/86 993/181/932
f 993/181/932 1065/250/86 1066/251/99
f 1066/251/99 1032/216/967 993/181/932
f 1032/216/967 1066/251/99 1026/211/961
f 1066/251/99 1067/252/98 1026/211/961
f 1026/211/961 1067/252/98 1018/201/955
f 1067/252/98 94/253/97 1018/201/955
f 1018/201/955 94/253/97 1068/254/96
f 1068/254/96 1017/202/924 1018/201/955
f 93/255/95 983/169/918 1068/256/96
f 1068/256/96 983/169/918 1017/174/924
f 92/257/94 972/159/906 93/255/95
f 93/255/95 972/159/906 983/169/918
f 92/257/94 1070/258/93 972/159/906
f 1070/258/93 974/160/907 972/159/906
f 1049/235/984 1070/259/93 1069/260/92
f 1049/235/984 974/243/907 1070/259/93
f 1043/229/978 1069/260/92 91/261/91
f 1043/229/978 1049/235/984 1069/260/92
f 1037/220/972 91/261/91 90/262/90
f 1037/220/972 1043/229/978 91/261/91
f 1010/195/949 90/262/90 1063/248/89
f 1010/195/949 1037/220/972 90/262/90
f 1071/130/990 1073/131/991 1072/132/992
f 1072/132/992 1074/133/993 1071/130/990
f 1075/134/994 1073/131/991 1076/135/995
f 1073/131/991 1071/130/990 1076/135/995
f 1086/136/996 1075/134/994 1088/137/997
f 1075/134/994 1076/135/995 1088/137/997
f 1077/138/998 1079/139/999 1078/140/1000
f 1077/138/998 1080/141/1001 1079/139/999
f 1081/142/1002 1080/141/1001 1077/138/998
f 1081/142/1002 1082/143/1003 1080/141/1001
f 1083/144/1004 1082/143/1003 1081/142/1002
f 1083/144/1004 1084/145/1005 1082/143/1003
f 1085/146/1006 1087/147/1007 1086/148/996
f 1086/148/996 1088/149/997 1085/146/1006
f 1089/150/1008 1090/151/1009 1087/147/1007
f 1087/147/1007 1085/146/1006 1089/150/1008
f 1091/152/1010 1092/153/1011 1090/151/1009
f 1090/151/1009 1089/150/1008 1091/152/1010
f 1078/140/1000 1079/139/999 1092/153/1011
f 1092/153/1011 1091/152/1010 1078/140/1000
f 1083/144/1004 1093/154/1012 1084/145/1005
f 1084/145/1005 1093/154/1012 1094/155/1013
f 1093/154/1012 1095/156/1014 1094/155/1013
f 1094/155/1013 1095/156/1014 1096/157/1015
f 1095/156/1014 1097/158/1016 1096/157/1015
f 1096/157/1015 1097/158/1016 1098/2/1017
f 1072/1/992 1098/2/1017 1074/3/993
f 1098/2/1017 1097/158/1016 1074/3/993
f 1099/159/1018 1100/160/1019 1179/161/1020
f 1179/161/1020 1101/162/1021 1099/159/1018
f 1101/162/1021 1179/161/1020 1102/163/1022
f 1179/161/1020 1180/164/1023 1102/163/1022
f 1102/163/1022 1180/164/1023 1073/131/991
f 1180/164/1023 1072/132/992 1073/131/991
f 1103/168/1024 1104/167/1025 1181/263/1026
f 1181/263/1026 1105/264/1027 1103/168/1024
f 1106/165/1028 1182/166/1029 1104/167/1025
f 1104/167/1025 1103/168/1024 1106/165/1028
f 1071/130/990 1074/133/993 1106/165/1028
f 1106/165/1028 1074/133/993 1182/166/1029
f 1107/169/1030 1099/159/1018 1108/170/1031
f 1099/159/1018 1101/162/1021 1108/170/1031
f 1108/170/1031 1101/162/1021 1109/171/1032
f 1101/162/1021 1102/163/1022 1109/171/1032
f 1109/171/1032 1102/163/1022 1073/131/991
f 1073/131/991 1075/134/994 1109/171/1032
f 1110/173/1033 1103/168/1024 1105/264/1027
f 1105/264/1027 1111/265/1034 1110/173/1033
f 1112/172/1035 1106/165/1028 1103/168/1024
f 1103/168/1024 1110/173/1033 1112/172/1035
f 1071/130/990 1112/172/1035 1076/135/995
f 1071/130/990 1106/165/1028 1112/172/1035
f 1113/174/1036 1107/169/1030 1144/175/1037
f 1107/169/1030 1108/170/1031 1144/175/1037
f 1144/175/1037 1108/170/1031 1109/171/1032
f 1109/171/1032 1114/176/1038 1144/175/1037
f 1114/176/1038 1109/171/1032 1075/134/994
f 1075/134/994 1086/136/996 1114/176/1038
f 1115/178/1039 1110/173/1033 1116/266/1040
f 1110/173/1033 1111/265/1034 1116/266/1040
f 1117/177/1041 1112/172/1035 1115/178/1039
f 1112/172/1035 1110/173/1033 1115/178/1039
f 1076/135/995 1117/177/1041 1088/137/997
f 1076/135/995 1112/172/1035 1117/177/1041
f 1118/179/1042 1120/180/1043 1119/181/1044
f 1120/180/1043 1121/182/1045 1119/181/1044
f 1122/183/1046 1123/184/1047 1118/179/1042
f 1123/184/1047 1120/180/1043 1118/179/1042
f 1080/141/1001 1122/183/1046 1079/139/999
f 1080/141/1001 1123/184/1047 1122/183/1046
f 1124/267/1048 1126/268/1049 1125/185/1050
f 1126/268/1049 1127/186/1051 1125/185/1050
f 1125/185/1050 1127/186/1051 1128/187/1052
f 1128/187/1052 1129/188/1053 1125/185/1050
f 1129/188/1053 1128/187/1052 1077/138/998
f 1077/138/998 1078/140/1000 1129/188/1053
f 1130/189/1054 1121/182/1045 1120/180/1043
f 1130/189/1054 1131/190/1055 1121/182/1045
f 1123/184/1047 1132/191/1056 1130/189/1054
f 1130/189/1054 1120/180/1043 1123/184/1047
f 1082/143/1003 1123/184/1047 1080/141/1001
f 1082/143/1003 1132/191/1056 1123/184/1047
f 1126/268/1049 1133/269/1057 1127/186/1051
f 1133/269/1057 1134/192/1058 1127/186/1051
f 1127/186/1051 1134/192/1058 1128/187/1052
f 1134/192/1058 1135/193/1059 1128/187/1052
f 1128/187/1052 1135/193/1059 1081/142/1002
f 1081/142/1002 1077/138/998 1128/187/1052
f 1130/189/1054 1137/194/1060 1136/195/1061
f 1136/195/1061 1131/190/1055 1130/189/1054
f 1132/191/1056 1138/196/1062 1137/194/1060
f 1137/194/1060 1130/189/1054 1132/191/1056
f 1082/143/1003 1084/145/1005 1138/196/1062
f 1138/196/1062 1132/191/1056 1082/143/1003
f 1133/269/1057 1140/270/1063 1139/198/1064
f 1139/198/1064 1134/192/1058 1133/269/1057
f 1134/192/1058 1139/198/1064 1135/193/1059
f 1139/198/1064 1141/199/1065 1135/193/1059
f 1135/193/1059 1141/199/1065 1081/142/1002
f 1141/199/1065 1083/144/1004 1081/142/1002
f 1142/200/1066 1143/201/1067 1113/202/1036
f 1113/202/1036 1144/203/1037 1142/200/1066
f 1145/204/1068 1142/200/1066 1144/203/1037
f 1144/203/1037 1114/205/1038 1145/204/1068
f 1087/147/1007 1145/204/1068 1114/205/1038
f 1114/205/1038 1086/148/996 1087/147/1007
f 1116/271/1040 1147/272/1069 1146/209/1070
f 1146/209/1070 1115/208/1039 1116/271/1040
f 1148/206/1071 1117/207/1041 1115/208/1039
f 1115/208/1039 1146/209/1070 1148/206/1071
f 1085/146/1006 1088/149/997 1117/207/1041
f 1117/207/1041 1148/206/1071 1085/146/1006
f 1149/210/1072 1150/211/1073 1143/201/1067
f 1143/201/1067 1142/200/1066 1149/210/1072
f 1151/212/1074 1149/210/1072 1142/200/1066
f 1142/200/1066 1145/204/1068 1151/212/1074
f 1090/151/1009 1151/212/1074 1145/204/1068
f 1145/204/1068 1087/147/1007 1090/151/1009
f 1147/272/1069 1152/273/1075 1146/209/1070
f 1153/214/1076 1146/209/1070 1152/273/1075
f 1154/213/1077 1148/206/1071 1146/209/1070
f 1146/209/1070 1153/214/1076 1154/213/1077
f 1089/150/1008 1085/146/1006 1148/206/1071
f 1148/206/1071 1154/213/1077 1089/150/1008
f 1155/215/1078 1156/216/1079 1150/211/1073
f 1150/211/1073 1149/210/1072 1155/215/1078
f 1155/215/1078 1149/210/1072 1151/212/1074
f 1151/212/1074 1157/217/1080 1155/215/1078
f 1157/217/1080 1151/212/1074 1090/151/1009
f 1090/151/1009 1092/153/1011 1157/217/1080
f 1152/273/1075 1158/274/1081 1153/214/1076
f 1159/219/1082 1153/214/1076 1158/274/1081
f 1160/218/1083 1154/213/1077 1159/219/1082
f 1159/219/1082 1154/213/1077 1153/214/1076
f 1091/152/1010 1089/150/1008 1160/218/1083
f 1160/218/1083 1089/150/1008 1154/213/1077
f 1119/181/1044 1156/216/1079 1155/215/1078
f 1155/215/1078 1118/179/1042 1119/181/1044
f 1118/179/1042 1155/215/1078 1157/217/1080
f 1157/217/1080 1122/183/1046 1118/179/1042
f 1122/183/1046 1157/217/1080 1092/153/1011
f 1092/153/1011 1079/139/999 1122/183/1046
f 1158/274/1081 1124/267/1048 1159/219/1082
f 1125/185/1050 1159/219/1082 1124/267/1048
f 1159/219/1082 1125/185/1050 1160/218/1083
f 1129/188/1053 1160/218/1083 1125/185/1050
f 1160/218/1083 1129/188/1053 1091/152/1010
f 1078/140/1000 1091/152/1010 1129/188/1053
f 1161/220/1084 1136/195/1061 1162/221/1085
f 1137/194/1060 1162/221/1085 1136/195/1061
f 1162/221/1085 1137/194/1060 1163/225/1086
f 1138/196/1062 1163/225/1086 1137/194/1060
f 1163/225/1086 1138/196/1062 1094/155/1013
f 1084/145/1005 1094/155/1013 1138/196/1062
f 1139/198/1064 1140/270/1063 1164/275/1087
f 1164/275/1087 1165/227/1088 1139/198/1064
f 1139/198/1064 1165/227/1088 1166/228/1089
f 1166/228/1089 1141/199/1065 1139/198/1064
f 1141/199/1065 1166/228/1089 1093/154/1012
f 1093/154/1012 1083/144/1004 1141/199/1065
f 1167/229/1090 1161/220/1084 1168/224/1091
f 1162/221/1085 1168/224/1091 1161/220/1084
f 1163/225/1086 1169/237/1092 1162/221/1085
f 1162/221/1085 1169/237/1092 1168/224/1091
f 1094/155/1013 1096/157/1015 1163/225/1086
f 1163/225/1086 1096/157/1015 1169/237/1092
f 1165/227/1088 1164/275/1087 1170/276/1093
f 1170/276/1093 1171/233/1094 1165/227/1088
f 1165/227/1088 1171/233/1094 1172/234/1095
f 1172/234/1095 1166/228/1089 1165/227/1088
f 1166/228/1089 1172/234/1095 1095/156/1014
f 1095/156/1014 1093/154/1012 1166/228/1089
f 1173/235/1096 1167/229/1090 1174/232/1097
f 1168/224/1091 1174/232/1097 1167/229/1090
f 1169/237/1092 1175/240/1098 1174/232/1097
f 1174/232/1097 1168/224/1091 1169/237/1092
f 1096/157/1015 1098/2/1017 1175/240/1098
f 1175/240/1098 1169/237/1092 1096/157/1015
f 1171/233/1094 1170/276/1093 1176/277/1099
f 1176/277/1099 1177/241/1100 1171/233/1094
f 1172/234/1095 1171/233/1094 1177/241/1100
f 1177/241/1100 1178/242/1101 1172/234/1095
f 1095/156/1014 1172/234/1095 1178/242/1101
f 1178/242/1101 1097/158/1016 1095/156/1014
f 1100/243/1019 1173/235/1096 1179/238/1020
f 1174/232/1097 1179/238/1020 1173/235/1096
f 1179/238/1020 1174/232/1097 1175/240/1098
f 1175/240/1098 1180/244/1023 1179/238/1020
f 1180/244/1023 1175/240/1098 1072/1/992
f 1175/240/1098 1098/2/1017 1072/1/992
f 1177/241/1100 1176/277/1099 1181/278/1026
f 1181/278/1026 1104/245/1025 1177/241/1100
f 1178/242/1101 1177/241/1100 1104/245/1025
f 1104/245/1025 1182/246/1029 1178/242/1101
f 1178/242/1101 1182/246/1029 1074/3/993
f 1074/3/993 1097/158/1016 1178/242/1101
f 1183/279/447 1158/274/1081 1152/273/1075
f 1152/273/1075 1184/280/445 1183/279/447
f 1184/280/445 1152/273/1075 1147/272/1069
f 1147/272/1069 1185/281/446 1184/280/445
f 1186/282/443 1187/283/444 1170/276/1093
f 1170/276/1093 1187/283/444 1176/277/1099
f 510/284/442 1186/282/443 1164/275/1087
f 1164/275/1087 1186/282/443 1170/276/1093
f 1187/283/444 514/285/454 1181/278/1026
f 1181/278/1026 1176/277/1099 1187/283/444
f 1188/286/455 510/284/442 1140/270/1063
f 1140/270/1063 510/284/442 1164/275/1087
f 1105/264/1027 1181/263/1026 512/287/452
f 1181/263/1026 514/288/454 512/287/452
f 513/289/453 1188/286/455 1140/270/1063
f 1140/270/1063 1133/269/1057 513/289/453
f 1111/265/1034 1105/264/1027 512/287/452
f 512/287/452 1189/290/450 1111/265/1034
f 513/289/453 1126/268/1049 1190/291/451
f 513/289/453 1133/269/1057 1126/268/1049
f 1116/266/1040 1111/265/1034 511/292/448
f 1111/265/1034 1189/290/450 511/292/448
f 1191/293/449 1190/291/451 1126/268/1049
f 1126/268/1049 1124/267/1048 1191/293/449
f 1147/272/1069 1116/271/1040 511/294/448
f 511/294/448 1185/281/446 1147/272/1069
f 1191/293/449 1124/267/1048 1158/274/1081
f 1158/274/1081 1183/279/447 1191/293/449
f 1136/195/1061 1192/247/349 1131/190/1055
f 1192/247/349 1136/195/1061 419/248/350
f 1131/190/1055 418/249/348 1121/182/1045
f 1131/190/1055 1192/247/349 418/249/348
f 1119/181/1044 1121/182/1045 418/249/348
f 418/249/348 1193/250/347 1119/181/1044
f 1119/181/1044 1193/250/347 1194/251/360
f 1194/251/360 1156/216/1079 1119/181/1044
f 1156/216/1079 1194/251/360 1150/211/1073
f 1194/251/360 1195/252/359 1150/211/1073
f 1150/211/1073 1195/252/359 1143/201/1067
f 1195/252/359 426/253/358 1143/201/1067
f 1143/201/1067 426/253/358 425/254/357
f 425/254/357 1113/202/1036 1143/201/1067
f 424/255/356 1107/169/1030 425/256/357
f 425/256/357 1107/169/1030 1113/174/1036
f 423/257/355 1099/159/1018 424/255/356
f 424/255/356 1099/159/1018 1107/169/1030
f 423/257/355 422/258/354 1099/159/1018
f 422/258/354 1100/160/1019 1099/159/1018
f 1173/235/1096 422/259/354 1196/260/353
f 1173/235/1096 1100/243/1019 422/259/354
f 1167/229/1090 1196/260/353 421/261/352
f 1167/229/1090 1173/235/1096 1196/260/353
f 1161/220/1084 421/261/352 420/262/351
f 1161/220/1084 1167/229/1090 421/261/352
f 1136/195/1061 420/262/351 419/248/350
f 1136/195/1061 1161/220/1084 420/262/351
f 1197/4/1102 1198/6/1103 1199/5/1104
f 1197/4/1102 1199/5/1104 1200/7/1105
f 1201/8/1106 1202/10/1107 1203/9/1108
f 1203/9/1108 1202/10/1107 1204/11/1109
f 1205/12/1110 1206/14/1111 1207/13/1112
f 1206/14/1111 1205/12/1110 1208/15/1113
f 1209/16/1114 1210/18/1115 1211/17/1116
f 1210/18/1115 1209/16/1114 1212/19/1117
f 1213/20/1118 1214/22/1119 1215/21/1120
f 1213/20/1118 1215/21/1120 1216/23/1121
f 1216/23/1121 1215/21/1120 1198/6/1103
f 1216/23/1121 1198/6/1103 1197/4/1102
f 1217/24/1122 1218/26/1123 1219/25/1124
f 1219/25/1124 1218/26/1123 1220/27/1125
f 1199/5/1104 1219/25/1124 1200/7/1105
f 1219/25/1124 1199/5/1104 1217/24/1122
f 1221/28/1126 1222/30/1127 1223/29/1128
f 1223/29/1128 1222/30/1127 1224/31/1129
f 1202/10/1107 1221/28/1126 1204/11/1109
f 1204/11/1109 1221/28/1126 1223/29/1128
f 1225/32/1130 1226/34/1131 1227/33/1132
f 1225/32/1130 1227/33/1132 1228/35/1133
f 1228/35/1133 1227/33/1132 1201/8/1106
f 1228/35/1133 1201/8/1106 1203/9/1108
f 1229/36/1134 1230/38/1135 1231/37/1136
f 1230/38/1135 1229/36/1134 1232/39/1137
f 1231/37/1136 1208/15/1113 1205/12/1110
f 1208/15/1113 1231/37/1136 1230/38/1135
f 1233/40/1138 1234/42/1139 1235/41/1140
f 1234/42/1139 1236/43/1141 1235/41/1140
f 1234/42/1139 1237/44/1142 1236/43/1141
f 1237/44/1142 1207/13/1112 1236/43/1141
f 1238/45/1143 1239/47/1144 1240/46/1145
f 1239/47/1144 1238/45/1143 1241/48/1146
f 1240/46/1145 1212/19/1117 1209/16/1114
f 1212/19/1117 1240/46/1145 1239/47/1144
f 1242/49/1147 1243/51/1148 1244/50/1149
f 1243/51/1148 1245/52/1150 1244/50/1149
f 1243/51/1148 1246/53/1151 1245/52/1150
f 1246/53/1151 1211/17/1116 1245/52/1150
f 1247/54/1152 1248/55/1153 1237/44/1142
f 1248/55/1153 1247/54/1152 1249/56/1154
f 1248/55/1153 1207/13/1112 1237/44/1142
f 1207/13/1112 1248/55/1153 1205/12/1110
f 1275/57/1155 1276/58/1156 1208/15/1113
f 1206/14/1111 1208/15/1113 1276/58/1156
f 1250/59/1157 1246/53/1151 1251/60/1158
f 1246/53/1151 1250/59/1157 1252/61/1159
f 1252/61/1159 1211/17/1116 1246/53/1151
f 1211/17/1116 1252/61/1159 1209/16/1114
f 1210/18/1115 1212/19/1117 1253/62/1160
f 1212/19/1117 1277/63/1161 1253/62/1160
f 1254/64/1162 1255/66/1163 1256/65/1164
f 1255/66/1163 1254/64/1162 1257/67/1165
f 1257/67/1165 1231/37/1136 1255/66/1163
f 1231/37/1136 1257/67/1165 1229/36/1134
f 1278/68/1166 1258/69/1167 1232/39/1137
f 1230/38/1135 1232/39/1137 1258/69/1167
f 1256/65/1164 1248/55/1153 1249/56/1154
f 1248/55/1153 1256/65/1164 1255/66/1163
f 1255/66/1163 1205/12/1110 1248/55/1153
f 1205/12/1110 1255/66/1163 1231/37/1136
f 1258/69/1167 1208/15/1113 1230/38/1135
f 1208/15/1113 1258/69/1167 1275/57/1155
f 1259/70/1168 1260/72/1169 1280/71/1170
f 1260/72/1169 1259/70/1168 1261/73/1171
f 1235/41/1140 1236/43/1141 1259/70/1168
f 1236/43/1141 1261/73/1171 1259/70/1168
f 1262/74/1172 1233/40/1138 1263/75/1173
f 1233/40/1138 1262/74/1172 1234/42/1139
f 1261/73/1171 1276/58/1156 1260/72/1169
f 1276/58/1156 1261/73/1171 1206/14/1111
f 1236/43/1141 1207/13/1112 1261/73/1171
f 1207/13/1112 1206/14/1111 1261/73/1171
f 1247/54/1152 1234/42/1139 1262/74/1172
f 1234/42/1139 1247/54/1152 1237/44/1142
f 1264/76/1174 1265/78/1175 1266/77/1176
f 1265/78/1175 1264/76/1174 1267/79/1177
f 1265/78/1175 1240/46/1145 1266/77/1176
f 1240/46/1145 1265/78/1175 1238/45/1143
f 1239/47/1144 1268/81/1178 1279/80/1179
f 1268/81/1178 1239/47/1144 1241/48/1146
f 1264/76/1174 1266/77/1176 1252/61/1159
f 1264/76/1174 1252/61/1159 1250/59/1157
f 1266/77/1176 1209/16/1114 1252/61/1159
f 1209/16/1114 1266/77/1176 1240/46/1145
f 1212/19/1117 1239/47/1144 1277/63/1161
f 1239/47/1144 1279/80/1179 1277/63/1161
f 1269/82/1180 1270/84/1181 1271/83/1182
f 1272/85/1183 1271/83/1182 1270/84/1181
f 1244/50/1149 1245/52/1150 1272/85/1183
f 1245/52/1150 1271/83/1182 1272/85/1183
f 1273/86/1184 1243/51/1148 1242/49/1147
f 1243/51/1148 1273/86/1184 1274/87/1185
f 1271/83/1182 1210/18/1115 1269/82/1180
f 1210/18/1115 1253/62/1160 1269/82/1180
f 1245/52/1150 1211/17/1116 1271/83/1182
f 1211/17/1116 1210/18/1115 1271/83/1182
f 1251/60/1158 1243/51/1148 1274/87/1185
f 1243/51/1148 1251/60/1158 1246/53/1151
f 1197/4/1102 1200/7/1105 1275/88/1155
f 1275/88/1155 1200/7/1105 1276/89/1156
f 1277/90/1161 1198/6/1103 1253/91/1160
f 1198/6/1103 1277/90/1161 1199/5/1104
f 1250/59/1157 1202/10/1107 1201/8/1106
f 1202/10/1107 1250/59/1157 1251/60/1158
f 1247/54/1152 1203/9/1108 1204/11/1109
f 1204/11/1109 1249/56/1154 1247/54/1152
f 1213/20/1118 1258/93/1167 1278/92/1166
f 1258/93/1167 1213/20/1118 1216/23/1121
f 1270/94/1181 1215/21/1120 1214/22/1119
f 1215/21/1120 1270/94/1181 1269/95/1180
f 1216/23/1121 1197/4/1102 1258/93/1167
f 1258/93/1167 1197/4/1102 1275/88/1155
f 1269/95/1180 1198/6/1103 1215/21/1120
f 1198/6/1103 1269/95/1180 1253/91/1160
f 1279/96/1179 1268/97/1178 1217/24/1122
f 1217/24/1122 1268/97/1178 1218/26/1123
f 1219/25/1124 1280/99/1170 1260/98/1169
f 1280/99/1170 1219/25/1124 1220/27/1125
f 1279/96/1179 1199/5/1104 1277/90/1161
f 1199/5/1104 1279/96/1179 1217/24/1122
f 1276/89/1156 1200/7/1105 1219/25/1124
f 1219/25/1124 1260/98/1169 1276/89/1156
f 1274/87/1185 1273/86/1184 1221/28/1126
f 1221/28/1126 1273/86/1184 1222/30/1127
f 1223/29/1128 1224/31/1129 1256/65/1164
f 1224/31/1129 1254/64/1162 1256/65/1164
f 1251/60/1158 1274/87/1185 1202/10/1107
f 1202/10/1107 1274/87/1185 1221/28/1126
f 1204/11/1109 1256/65/1164 1249/56/1154
f 1256/65/1164 1204/11/1109 1223/29/1128
f 1225/32/1130 1262/74/1172 1263/75/1173
f 1262/74/1172 1225/32/1130 1228/35/1133
f 1267/79/1177 1264/76/1174 1226/34/1131
f 1226/34/1131 1264/76/1174 1227/33/1132
f 1262/74/1172 1228/35/1133 1203/9/1108
f 1262/74/1172 1203/9/1108 1247/54/1152
f 1264/76/1174 1250/59/1157 1227/33/1132
f 1227/33/1132 1250/59/1157 1201/8/1106
f 1281/100/1186 1267/79/1177 1282/101/1187
f 1226/34/1131 1282/101/1187 1267/79/1177
f 1282/101/1187 1226/34/1131 1283/102/1188
f 1283/102/1188 1226/34/1131 1225/32/1130
f 1283/102/1188 1225/32/1130 2640/103/1189
f 2640/103/1189 1225/32/1130 1263/75/1173
f 2640/103/1189 1233/40/1138 2641/104/1190
f 1233/40/1138 2640/103/1189 1263/75/1173
f 1233/40/1138 2642/105/1191 2641/104/1190
f 2642/105/1191 1233/40/1138 1235/41/1140
f 1235/41/1140 1259/70/1168 2642/105/1191
f 2642/105/1191 1259/70/1168 1284/106/1192
f 1259/70/1168 2643/107/1193 1284/106/1192
f 2643/107/1193 1259/70/1168 1280/71/1170
f 1220/27/1125 2643/108/1193 1280/99/1170
f 2643/108/1193 1220/27/1125 1285/109/1194
f 1218/26/1123 1285/109/1194 1220/27/1125
f 1285/109/1194 1218/26/1123 1286/110/1195
f 1268/97/1178 1286/110/1195 1218/26/1123
f 1286/110/1195 1268/97/1178 2644/111/1196
f 1287/112/1197 1268/81/1178 1241/48/1146
f 1268/81/1178 1287/112/1197 2644/113/1196
f 1238/45/1143 2645/114/1198 1287/112/1197
f 1238/45/1143 1287/112/1197 1241/48/1146
f 1265/78/1175 2646/115/1199 2645/114/1198
f 1265/78/1175 2645/114/1198 1238/45/1143
f 2646/115/1199 1267/79/1177 1281/100/1186
f 1267/79/1177 2646/115/1199 1265/78/1175
f 1254/64/1162 1288/117/1200 1289/116/1201
f 1288/117/1200 1254/64/1162 1224/31/1129
f 1222/30/1127 1288/117/1200 1224/31/1129
f 1288/117/1200 1222/30/1127 1290/118/1202
f 1273/86/1184 1290/118/1202 1222/30/1127
f 1290/118/1202 1273/86/1184 1291/119/1203
f 1273/86/1184 1242/49/1147 1291/119/1203
f 1291/119/1203 1242/49/1147 1292/120/1204
f 1244/50/1149 1292/120/1204 1242/49/1147
f 1292/120/1204 1244/50/1149 1301/121/1205
f 1272/85/1183 1301/121/1205 1244/50/1149
f 1301/121/1205 1272/85/1183 1293/122/1206
f 1293/122/1206 1270/84/1181 1300/123/1207
f 1270/84/1181 1293/122/1206 1272/85/1183
f 1294/124/1208 1270/94/1181 1214/22/1119
f 1270/94/1181 1294/124/1208 1300/125/1207
f 1294/124/1208 1214/22/1119 1295/126/1209
f 1295/126/1209 1214/22/1119 1213/20/1118
f 1295/126/1209 1213/20/1118 1296/127/1210
f 1296/127/1210 1213/20/1118 1278/92/1166
f 1232/39/1137 1297/129/1211 1296/128/1210
f 1232/39/1137 1296/128/1210 1278/68/1166
f 1229/36/1134 1298/295/1212 1297/129/1211
f 1229/36/1134 1297/129/1211 1232/39/1137
f 1257/67/1165 1299/296/1213 1298/295/1212
f 1257/67/1165 1298/295/1212 1229/36/1134
f 1254/64/1162 1289/116/1201 1299/296/1213
f 1254/64/1162 1299/296/1213 1257/67/1165
f 1302/4/1214 1304/5/1215 1303/6/1216
f 1302/4/1214 1305/7/1217 1304/5/1215
f 1306/8/1218 1308/9/1219 1307/10/1220
f 1308/9/1219 1309/11/1221 1307/10/1220
f 1310/12/1222 1312/13/1223 1311/14/1224
f 1311/14/1224 1313/15/1225 1310/12/1222
f 1314/16/1226 1316/17/1227 1315/18/1228
f 1315/18/1228 1317/19/1229 1314/16/1226
f 1318/20/1230 1320/21/1231 1319/22/1232
f 1318/20/1230 1321/23/1233 1320/21/1231
f 1321/23/1233 1303/6/1216 1320/21/1231
f 1321/23/1233 1302/4/1214 1303/6/1216
f 1322/24/1234 1324/25/1235 1323/26/1236
f 1324/25/1235 1325/27/1237 1323/26/1236
f 1304/5/1215 1305/7/1217 1324/25/1235
f 1324/25/1235 1322/24/1234 1304/5/1215
f 1326/28/1238 1328/29/1239 1327/30/1240
f 1328/29/1239 1329/31/1241 1327/30/1240
f 1307/10/1220 1309/11/1221 1326/28/1238
f 1309/11/1221 1328/29/1239 1326/28/1238
f 1330/32/1242 1332/33/1243 1331/34/1244
f 1330/32/1242 1333/35/1245 1332/33/1243
f 1333/35/1245 1306/8/1218 1332/33/1243
f 1333/35/1245 1308/9/1219 1306/8/1218
f 1334/36/1246 1336/37/1247 1335/38/1248
f 1335/38/1248 1337/39/1249 1334/36/1246
f 1336/37/1247 1310/12/1222 1313/15/1225
f 1313/15/1225 1335/38/1248 1336/37/1247
f 1338/40/1250 1340/41/1251 1339/42/1252
f 1339/42/1252 1340/41/1251 1341/43/1253
f 1339/42/1252 1341/43/1253 1342/44/1254
f 1342/44/1254 1341/43/1253 1312/13/1223
f 1343/45/1255 1345/46/1256 1344/47/1257
f 1344/47/1257 1346/48/1258 1343/45/1255
f 1345/46/1256 1314/16/1226 1317/19/1229
f 1317/19/1229 1344/47/1257 1345/46/1256
f 1347/49/1259 1349/50/1260 1348/51/1261
f 1348/51/1261 1349/50/1260 1350/52/1262
f 1348/51/1261 1350/52/1262 1351/53/1263
f 1351/53/1263 1350/52/1262 1316/17/1227
f 1352/54/1264 1342/44/1254 1353/55/1265
f 1353/55/1265 1354/56/1266 1352/54/1264
f 1353/55/1265 1342/44/1254 1312/13/1223
f 1312/13/1223 1310/12/1222 1353/55/1265
f 1380/57/1267 1313/15/1225 1381/58/1268
f 1311/14/1224 1381/58/1268 1313/15/1225
f 1355/59/1269 1356/60/1270 1351/53/1263
f 1351/53/1263 1357/61/1271 1355/59/1269
f 1357/61/1271 1351/53/1263 1316/17/1227
f 1316/17/1227 1314/16/1226 1357/61/1271
f 1315/18/1228 1358/62/1272 1317/19/1229
f 1317/19/1229 1358/62/1272 1382/63/1273
f 1359/64/1274 1361/65/1275 1360/66/1276
f 1360/66/1276 1362/67/1277 1359/64/1274
f 1362/67/1277 1360/66/1276 1336/37/1247
f 1336/37/1247 1334/36/1246 1362/67/1277
f 1383/68/1278 1337/39/1249 1363/69/1279
f 1335/38/1248 1363/69/1279 1337/39/1249
f 1361/65/1275 1354/56/1266 1353/55/1265
f 1353/55/1265 1360/66/1276 1361/65/1275
f 1360/66/1276 1353/55/1265 1310/12/1222
f 1310/12/1222 1336/37/1247 1360/66/1276
f 1363/69/1279 1335/38/1248 1313/15/1225
f 1313/15/1225 1380/57/1267 1363/69/1279
f 1364/70/1280 1385/71/1281 1365/72/1282
f 1365/72/1282 1366/73/1283 1364/70/1280
f 1340/41/1251 1364/70/1280 1341/43/1253
f 1341/43/1253 1364/70/1280 1366/73/1283
f 1367/74/1284 1368/75/1285 1338/40/1250
f 1338/40/1250 1339/42/1252 1367/74/1284
f 1366/73/1283 1365/72/1282 1381/58/1268
f 1381/58/1268 1311/14/1224 1366/73/1283
f 1341/43/1253 1366/73/1283 1312/13/1223
f 1312/13/1223 1366/73/1283 1311/14/1224
f 1352/54/1264 1367/74/1284 1339/42/1252
f 1339/42/1252 1342/44/1254 1352/54/1264
f 1369/76/1286 1371/77/1287 1370/78/1288
f 1370/78/1288 1372/79/1289 1369/76/1286
f 1370/78/1288 1371/77/1287 1345/46/1256
f 1345/46/1256 1343/45/1255 1370/78/1288
f 1344/47/1257 1384/80/1290 1373/81/1291
f 1373/81/1291 1346/48/1258 1344/47/1257
f 1369/76/1286 1357/61/1271 1371/77/1287
f 1369/76/1286 1355/59/1269 1357/61/1271
f 1371/77/1287 1357/61/1271 1314/16/1226
f 1314/16/1226 1345/46/1256 1371/77/1287
f 1317/19/1229 1382/63/1273 1344/47/1257
f 1344/47/1257 1382/63/1273 1384/80/1290
f 1374/82/1292 1376/83/1293 1375/84/1294
f 1377/85/1295 1375/84/1294 1376/83/1293
f 1349/50/1260 1377/85/1295 1350/52/1262
f 1350/52/1262 1377/85/1295 1376/83/1293
f 1378/86/1296 1347/49/1259 1348/51/1261
f 1348/51/1261 1379/87/1297 1378/86/1296
f 1376/83/1293 1374/82/1292 1315/18/1228
f 1315/18/1228 1374/82/1292 1358/62/1272
f 1350/52/1262 1376/83/1293 1316/17/1227
f 1316/17/1227 1376/83/1293 1315/18/1228
f 1356/60/1270 1379/87/1297 1348/51/1261
f 1348/51/1261 1351/53/1263 1356/60/1270
f 1302/4/1214 1380/88/1267 1305/7/1217
f 1380/88/1267 1381/89/1268 1305/7/1217
f 1382/90/1273 1358/91/1272 1303/6/1216
f 1303/6/1216 1304/5/1215 1382/90/1273
f 1355/59/1269 1306/8/1218 1307/10/1220
f 1307/10/1220 1356/60/1270 1355/59/1269
f 1352/54/1264 1309/11/1221 1308/9/1219
f 1309/11/1221 1352/54/1264 1354/56/1266
f 1318/20/1230 1383/92/1278 1363/93/1279
f 1363/93/1279 1321/23/1233 1318/20/1230
f 1375/94/1294 1319/22/1232 1320/21/1231
f 1320/21/1231 1374/95/1292 1375/94/1294
f 1321/23/1233 1363/93/1279 1302/4/1214
f 1363/93/1279 1380/88/1267 1302/4/1214
f 1374/95/1292 1320/21/1231 1303/6/1216
f 1303/6/1216 1358/91/1272 1374/95/1292
f 1384/96/1290 1322/24/1234 1373/97/1291
f 1322/24/1234 1323/26/1236 1373/97/1291
f 1324/25/1235 1365/98/1282 1385/99/1281
f 1385/99/1281 1325/27/1237 1324/25/1235
f 1384/96/1290 1382/90/1273 1304/5/1215
f 1304/5/1215 1322/24/1234 1384/96/1290
f 1381/89/1268 1324/25/1235 1305/7/1217
f 1324/25/1235 1381/89/1268 1365/98/1282
f 1379/87/1297 1326/28/1238 1378/86/1296
f 1326/28/1238 1327/30/1240 1378/86/1296
f 1328/29/1239 1361/65/1275 1329/31/1241
f 1329/31/1241 1361/65/1275 1359/64/1274
f 1356/60/1270 1307/10/1220 1379/87/1297
f 1307/10/1220 1326/28/1238 1379/87/1297
f 1309/11/1221 1354/56/1266 1361/65/1275
f 1361/65/1275 1328/29/1239 1309/11/1221
f 1330/32/1242 1368/75/1285 1367/74/1284
f 1367/74/1284 1333/35/1245 1330/32/1242
f 1372/79/1289 1331/34/1244 1369/76/1286
f 1331/34/1244 1332/33/1243 1369/76/1286
f 1367/74/1284 1308/9/1219 1333/35/1245
f 1367/74/1284 1352/54/1264 1308/9/1219
f 1369/76/1286 1332/33/1243 1355/59/1269
f 1332/33/1243 1306/8/1218 1355/59/1269
f 1672/100/1298 1671/101/1299 1372/79/1289
f 1331/34/1244 1372/79/1289 1671/101/1299
f 1671/101/1299 1670/102/1300 1331/34/1244
f 1670/102/1300 1330/32/1242 1331/34/1244
f 1670/102/1300 1669/103/1301 1330/32/1242
f 1669/103/1301 1368/75/1285 1330/32/1242
f 1669/103/1301 1680/104/1302 1338/40/1250
f 1338/40/1250 1368/75/1285 1669/103/1301
f 1338/40/1250 1680/104/1302 1679/105/1303
f 1679/105/1303 1340/41/1251 1338/40/1250
f 1340/41/1251 1679/105/1303 1364/70/1280
f 1679/105/1303 1678/106/1304 1364/70/1280
f 1364/70/1280 1678/106/1304 1386/107/1305
f 1386/107/1305 1385/71/1281 1364/70/1280
f 1325/27/1237 1385/99/1281 1386/108/1305
f 1386/108/1305 1387/109/1306 1325/27/1237
f 1323/26/1236 1325/27/1237 1387/109/1306
f 1387/109/1306 1677/110/1307 1323/26/1236
f 1373/97/1291 1323/26/1236 1677/110/1307
f 1677/110/1307 1676/111/1308 1373/97/1291
f 1675/112/1309 1346/48/1258 1373/81/1291
f 1373/81/1291 1676/113/1308 1675/112/1309
f 1343/45/1255 1675/112/1309 1674/114/1310
f 1343/45/1255 1346/48/1258 1675/112/1309
f 1370/78/1288 1674/114/1310 1673/115/1311
f 1370/78/1288 1343/45/1255 1674/114/1310
f 1673/115/1311 1672/100/1298 1372/79/1289
f 1372/79/1289 1370/78/1288 1673/115/1311
f 1359/64/1274 3072/116/1312 1388/117/1313
f 1388/117/1313 1329/31/1241 1359/64/1274
f 1327/30/1240 1329/31/1241 1388/117/1313
f 1388/117/1313 3071/118/1314 1327/30/1240
f 1378/86/1296 1327/30/1240 3071/118/1314
f 3071/118/1314 1389/119/1315 1378/86/1296
f 1378/86/1296 1389/119/1315 1347/49/1259
f 1389/119/1315 3081/120/1316 1347/49/1259
f 1349/50/1260 1347/49/1259 3081/120/1316
f 3081/120/1316 1390/121/1317 1349/50/1260
f 1377/85/1295 1349/50/1260 1390/121/1317
f 1390/121/1317 3080/122/1318 1377/85/1295
f 3080/122/1318 3079/123/1319 1375/84/1294
f 1375/84/1294 1377/85/1295 3080/122/1318
f 3078/124/1320 1319/22/1232 1375/94/1294
f 1375/94/1294 3079/125/1319 3078/124/1320
f 3078/124/1320 3076/126/1321 1319/22/1232
f 3076/126/1321 1318/20/1230 1319/22/1232
f 3076/126/1321 3077/127/1322 1318/20/1230
f 3077/127/1322 1383/92/1278 1318/20/1230
f 1337/39/1249 3077/128/1322 3075/129/1323
f 1337/39/1249 1383/68/1278 3077/128/1322
f 1334/36/1246 3075/129/1323 3074/295/1324
f 1334/36/1246 1337/39/1249 3075/129/1323
f 1362/67/1277 3074/295/1324 3073/296/1325
f 1362/67/1277 1334/36/1246 3074/295/1324
f 1359/64/1274 3073/296/1325 3072/116/1312
f 1359/64/1274 1362/67/1277 3073/296/1325
f 1391/4/1326 1393/5/1327 1392/6/1328
f 1391/4/1326 1394/7/1329 1393/5/1327
f 1395/8/1330 1397/9/1331 1396/10/1332
f 1397/9/1331 1398/11/1333 1396/10/1332
f 1399/12/1334 1401/13/1335 1400/14/1336
f 1400/14/1336 1402/15/1337 1399/12/1334
f 1403/16/1338 1405/17/1339 1404/18/1340
f 1404/18/1340 1406/19/1341 1403/16/1338
f 1407/20/1342 1409/21/1343 1408/22/1344
f 1407/20/1342 1410/23/1345 1409/21/1343
f 1410/23/1345 1392/6/1328 1409/21/1343
f 1410/23/1345 1391/4/1326 1392/6/1328
f 1411/24/1346 1413/25/1347 1412/26/1348
f 1413/25/1347 1414/27/1349 1412/26/1348
f 1393/5/1327 1394/7/1329 1413/25/1347
f 1413/25/1347 1411/24/1346 1393/5/1327
f 1415/28/1350 1417/29/1351 1416/30/1352
f 1417/29/1351 1418/31/1353 1416/30/1352
f 1396/10/1332 1398/11/1333 1415/28/1350
f 1398/11/1333 1417/29/1351 1415/28/1350
f 1419/32/1354 1421/33/1355 1420/34/1356
f 1419/32/1354 1422/35/1357 1421/33/1355
f 1422/35/1357 1395/8/1330 1421/33/1355
f 1422/35/1357 1397/9/1331 1395/8/1330
f 1423/36/1358 1425/37/1359 1424/38/1360
f 1424/38/1360 1426/39/1361 1423/36/1358
f 1425/37/1359 1399/12/1334 1402/15/1337
f 1402/15/1337 1424/38/1360 1425/37/1359
f 1427/40/1362 1429/41/1363 1428/42/1364
f 1428/42/1364 1429/41/1363 1430/43/1365
f 1428/42/1364 1430/43/1365 1431/44/1366
f 1431/44/1366 1430/43/1365 1401/13/1335
f 1432/45/1367 1434/46/1368 1433/47/1369
f 1433/47/1369 1435/48/1370 1432/45/1367
f 1434/46/1368 1403/16/1338 1406/19/1341
f 1406/19/1341 1433/47/1369 1434/46/1368
f 1436/49/1371 1438/50/1372 1437/51/1373
f 1437/51/1373 1438/50/1372 1439/52/1374
f 1437/51/1373 1439/52/1374 1440/53/1375
f 1440/53/1375 1439/52/1374 1405/17/1339
f 1441/54/1376 1431/44/1366 1442/55/1377
f 1442/55/1377 1443/56/1378 1441/54/1376
f 1442/55/1377 1431/44/1366 1401/13/1335
f 1401/13/1335 1399/12/1334 1442/55/1377
f 1469/57/1379 1402/15/1337 1470/58/1380
f 1400/14/1336 1470/58/1380 1402/15/1337
f 1444/59/1381 1445/60/1382 1440/53/1375
f 1440/53/1375 1446/61/1383 1444/59/1381
f 1446/61/1383 1440/53/1375 1405/17/1339
f 1405/17/1339 1403/16/1338 1446/61/1383
f 1404/18/1340 1447/62/1384 1406/19/1341
f 1406/19/1341 1447/62/1384 1471/63/1385
f 1448/64/1386 1450/65/1387 1449/66/1388
f 1449/66/1388 1451/67/1389 1448/64/1386
f 1451/67/1389 1449/66/1388 1425/37/1359
f 1425/37/1359 1423/36/1358 1451/67/1389
f 1472/68/1390 1426/39/1361 1452/69/1391
f 1424/38/1360 1452/69/1391 1426/39/1361
f 1450/65/1387 1443/56/1378 1442/55/1377
f 1442/55/1377 1449/66/1388 1450/65/1387
f 1449/66/1388 1442/55/1377 1399/12/1334
f 1399/12/1334 1425/37/1359 1449/66/1388
f 1452/69/1391 1424/38/1360 1402/15/1337
f 1402/15/1337 1469/57/1379 1452/69/1391
f 1453/70/1392 1474/71/1393 1454/72/1394
f 1454/72/1394 1455/73/1395 1453/70/1392
f 1429/41/1363 1453/70/1392 1430/43/1365
f 1430/43/1365 1453/70/1392 1455/73/1395
f 1456/74/1396 1457/75/1397 1427/40/1362
f 1427/40/1362 1428/42/1364 1456/74/1396
f 1455/73/1395 1454/72/1394 1470/58/1380
f 1470/58/1380 1400/14/1336 1455/73/1395
f 1430/43/1365 1455/73/1395 1401/13/1335
f 1401/13/1335 1455/73/1395 1400/14/1336
f 1441/54/1376 1456/74/1396 1428/42/1364
f 1428/42/1364 1431/44/1366 1441/54/1376
f 1458/76/1398 1460/77/1399 1459/78/1400
f 1459/78/1400 1461/79/1401 1458/76/1398
f 1459/78/1400 1460/77/1399 1434/46/1368
f 1434/46/1368 1432/45/1367 1459/78/1400
f 1433/47/1369 1473/80/1402 1462/81/1403
f 1462/81/1403 1435/48/1370 1433/47/1369
f 1458/76/1398 1446/61/1383 1460/77/1399
f 1458/76/1398 1444/59/1381 1446/61/1383
f 1460/77/1399 1446/61/1383 1403/16/1338
f 1403/16/1338 1434/46/1368 1460/77/1399
f 1406/19/1341 1471/63/1385 1433/47/1369
f 1433/47/1369 1471/63/1385 1473/80/1402
f 1463/82/1404 1465/83/1405 1464/84/1406
f 1466/85/1407 1464/84/1406 1465/83/1405
f 1438/50/1372 1466/85/1407 1439/52/1374
f 1439/52/1374 1466/85/1407 1465/83/1405
f 1467/86/1408 1436/49/1371 1437/51/1373
f 1437/51/1373 1468/87/1409 1467/86/1408
f 1465/83/1405 1463/82/1404 1404/18/1340
f 1404/18/1340 1463/82/1404 1447/62/1384
f 1439/52/1374 1465/83/1405 1405/17/1339
f 1405/17/1339 1465/83/1405 1404/18/1340
f 1445/60/1382 1468/87/1409 1437/51/1373
f 1437/51/1373 1440/53/1375 1445/60/1382
f 1391/4/1326 1469/88/1379 1394/7/1329
f 1469/88/1379 1470/89/1380 1394/7/1329
f 1471/90/1385 1447/91/1384 1392/6/1328
f 1392/6/1328 1393/5/1327 1471/90/1385
f 1444/59/1381 1395/8/1330 1396/10/1332
f 1396/10/1332 1445/60/1382 1444/59/1381
f 1441/54/1376 1398/11/1333 1397/9/1331
f 1398/11/1333 1441/54/1376 1443/56/1378
f 1407/20/1342 1472/92/1390 1452/93/1391
f 1452/93/1391 1410/23/1345 1407/20/1342
f 1464/94/1406 1408/22/1344 1409/21/1343
f 1409/21/1343 1463/95/1404 1464/94/1406
f 1410/23/1345 1452/93/1391 1391/4/1326
f 1452/93/1391 1469/88/1379 1391/4/1326
f 1463/95/1404 1409/21/1343 1392/6/1328
f 1392/6/1328 1447/91/1384 1463/95/1404
f 1473/96/1402 1411/24/1346 1462/97/1403
f 1411/24/1346 1412/26/1348 1462/97/1403
f 1413/25/1347 1454/98/1394 1474/99/1393
f 1474/99/1393 1414/27/1349 1413/25/1347
f 1473/96/1402 1471/90/1385 1393/5/1327
f 1393/5/1327 1411/24/1346 1473/96/1402
f 1470/89/1380 1413/25/1347 1394/7/1329
f 1413/25/1347 1470/89/1380 1454/98/1394
f 1468/87/1409 1415/28/1350 1467/86/1408
f 1415/28/1350 1416/30/1352 1467/86/1408
f 1417/29/1351 1450/65/1387 1418/31/1353
f 1418/31/1353 1450/65/1387 1448/64/1386
f 1445/60/1382 1396/10/1332 1468/87/1409
f 1396/10/1332 1415/28/1350 1468/87/1409
f 1398/11/1333 1443/56/1378 1450/65/1387
f 1450/65/1387 1417/29/1351 1398/11/1333
f 1419/32/1354 1457/75/1397 1456/74/1396
f 1456/74/1396 1422/35/1357 1419/32/1354
f 1461/79/1401 1420/34/1356 1458/76/1398
f 1420/34/1356 1421/33/1355 1458/76/1398
f 1456/74/1396 1397/9/1331 1422/35/1357
f 1456/74/1396 1441/54/1376 1397/9/1331
f 1458/76/1398 1421/33/1355 1444/59/1381
f 1421/33/1355 1395/8/1330 1444/59/1381
f 1475/100/1410 1476/101/1411 1461/79/1401
f 1420/34/1356 1461/79/1401 1476/101/1411
f 1476/101/1411 1580/102/1412 1420/34/1356
f 1580/102/1412 1419/32/1354 1420/34/1356
f 1580/102/1412 1581/103/1413 1419/32/1354
f 1581/103/1413 1457/75/1397 1419/32/1354
f 1581/103/1413 1584/104/1414 1427/40/1362
f 1427/40/1362 1457/75/1397 1581/103/1413
f 1427/40/1362 1584/104/1414 1477/105/1415
f 1477/105/1415 1429/41/1363 1427/40/1362
f 1429/41/1363 1477/105/1415 1453/70/1392
f 1477/105/1415 1583/106/1416 1453/70/1392
f 1453/70/1392 1583/106/1416 1478/107/1417
f 1478/107/1417 1474/71/1393 1453/70/1392
f 1414/27/1349 1474/99/1393 1478/108/1417
f 1478/108/1417 1479/109/1418 1414/27/1349
f 1412/26/1348 1414/27/1349 1479/109/1418
f 1479/109/1418 1480/110/1419 1412/26/1348
f 1462/97/1403 1412/26/1348 1480/110/1419
f 1480/110/1419 1582/111/1420 1462/97/1403
f 1481/112/1421 1435/48/1370 1462/81/1403
f 1462/81/1403 1582/113/1420 1481/112/1421
f 1432/45/1367 1481/112/1421 1482/114/1422
f 1432/45/1367 1435/48/1370 1481/112/1421
f 1459/78/1400 1482/114/1422 1483/115/1423
f 1459/78/1400 1432/45/1367 1482/114/1422
f 1483/115/1423 1475/100/1410 1461/79/1401
f 1461/79/1401 1459/78/1400 1483/115/1423
f 1448/64/1386 2219/116/1424 2218/117/1425
f 2218/117/1425 1418/31/1353 1448/64/1386
f 1416/30/1352 1418/31/1353 2218/117/1425
f 2218/117/1425 2216/118/1426 1416/30/1352
f 1467/86/1408 1416/30/1352 2216/118/1426
f 2216/118/1426 2217/119/1427 1467/86/1408
f 1467/86/1408 2217/119/1427 1436/49/1371
f 2217/119/1427 2227/120/1428 1436/49/1371
f 1438/50/1372 1436/49/1371 2227/120/1428
f 2227/120/1428 2226/121/1429 1438/50/1372
f 1466/85/1407 1438/50/1372 2226/121/1429
f 2226/121/1429 2225/122/1430 1466/85/1407
f 2225/122/1430 2224/123/1431 1464/84/1406
f 1464/84/1406 1466/85/1407 2225/122/1430
f 1484/124/1432 1408/22/1344 1464/94/1406
f 1464/94/1406 2224/125/1431 1484/124/1432
f 1484/124/1432 2223/126/1433 1408/22/1344
f 2223/126/1433 1407/20/1342 1408/22/1344
f 2223/126/1433 2222/127/1434 1407/20/1342
f 2222/127/1434 1472/92/1390 1407/20/1342
f 1426/39/1361 2222/128/1434 2221/129/1435
f 1426/39/1361 1472/68/1390 2222/128/1434
f 1423/36/1358 2221/129/1435 2220/295/1436
f 1423/36/1358 1426/39/1361 2221/129/1435
f 1451/67/1389 2220/295/1436 1485/296/1437
f 1451/67/1389 1423/36/1358 2220/295/1436
f 1448/64/1386 1485/296/1437 2219/116/1424
f 1448/64/1386 1451/67/1389 1485/296/1437
f 1486/4/1438 1488/5/1439 1487/6/1440
f 1486/4/1438 1489/7/1441 1488/5/1439
f 1490/8/1442 1492/9/1443 1491/10/1444
f 1492/9/1443 1493/11/1445 1491/10/1444
f 1494/12/1446 1496/13/1447 1495/14/1448
f 1495/14/1448 1497/15/1449 1494/12/1446
f 1498/16/1450 1500/17/1451 1499/18/1452
f 1499/18/1452 1501/19/1453 1498/16/1450
f 1502/20/1454 1504/21/1455 1503/22/1456
f 1502/20/1454 1505/23/1457 1504/21/1455
f 1505/23/1457 1487/6/1440 1504/21/1455
f 1505/23/1457 1486/4/1438 1487/6/1440
f 1506/24/1458 1508/25/1459 1507/26/1460
f 1508/25/1459 1509/27/1461 1507/26/1460
f 1488/5/1439 1489/7/1441 1508/25/1459
f 1508/25/1459 1506/24/1458 1488/5/1439
f 1510/28/1462 1512/29/1463 1511/30/1464
f 1512/29/1463 1513/31/1465 1511/30/1464
f 1491/10/1444 1493/11/1445 1510/28/1462
f 1493/11/1445 1512/29/1463 1510/28/1462
f 1514/32/1466 1516/33/1467 1515/34/1468
f 1514/32/1466 1517/35/1469 1516/33/1467
f 1517/35/1469 1490/8/1442 1516/33/1467
f 1517/35/1469 1492/9/1443 1490/8/1442
f 1518/36/1470 1520/37/1471 1519/38/1472
f 1519/38/1472 1521/39/1473 1518/36/1470
f 1520/37/1471 1494/12/1446 1497/15/1449
f 1497/15/1449 1519/38/1472 1520/37/1471
f 1522/40/1474 1524/41/1475 1523/42/1476
f 1523/42/1476 1524/41/1475 1525/43/1477
f 1523/42/1476 1525/43/1477 1526/44/1478
f 1526/44/1478 1525/43/1477 1496/13/1447
f 1527/45/1479 1529/46/1480 1528/47/1481
f 1528/47/1481 1530/48/1482 1527/45/1479
f 1529/46/1480 1498/16/1450 1501/19/1453
f 1501/19/1453 1528/47/1481 1529/46/1480
f 1531/49/1483 1533/50/1484 1532/51/1485
f 1532/51/1485 1533/50/1484 1534/52/1486
f 1532/51/1485 1534/52/1486 1535/53/1487
f 1535/53/1487 1534/52/1486 1500/17/1451
f 1536/54/1488 1526/44/1478 1537/55/1489
f 1537/55/1489 1538/56/1490 1536/54/1488
f 1537/55/1489 1526/44/1478 1496/13/1447
f 1496/13/1447 1494/12/1446 1537/55/1489
f 1564/57/1491 1497/15/1449 1565/58/1492
f 1495/14/1448 1565/58/1492 1497/15/1449
f 1539/59/1493 1540/60/1494 1535/53/1487
f 1535/53/1487 1541/61/1495 1539/59/1493
f 1541/61/1495 1535/53/1487 1500/17/1451
f 1500/17/1451 1498/16/1450 1541/61/1495
f 1499/18/1452 1542/62/1496 1501/19/1453
f 1501/19/1453 1542/62/1496 1566/63/1497
f 1543/64/1498 1545/65/1499 1544/66/1500
f 1544/66/1500 1546/67/1501 1543/64/1498
f 1546/67/1501 1544/66/1500 1520/37/1471
f 1520/37/1471 1518/36/1470 1546/67/1501
f 1567/68/1502 1521/39/1473 1547/69/1503
f 1519/38/1472 1547/69/1503 1521/39/1473
f 1545/65/1499 1538/56/1490 1537/55/1489
f 1537/55/1489 1544/66/1500 1545/65/1499
f 1544/66/1500 1537/55/1489 1494/12/1446
f 1494/12/1446 1520/37/1471 1544/66/1500
f 1547/69/1503 1519/38/1472 1497/15/1449
f 1497/15/1449 1564/57/1491 1547/69/1503
f 1548/70/1504 1569/71/1505 1549/72/1506
f 1549/72/1506 1550/73/1507 1548/70/1504
f 1524/41/1475 1548/70/1504 1525/43/1477
f 1525/43/1477 1548/70/1504 1550/73/1507
f 1551/74/1508 1552/75/1509 1522/40/1474
f 1522/40/1474 1523/42/1476 1551/74/1508
f 1550/73/1507 1549/72/1506 1565/58/1492
f 1565/58/1492 1495/14/1448 1550/73/1507
f 1525/43/1477 1550/73/1507 1496/13/1447
f 1496/13/1447 1550/73/1507 1495/14/1448
f 1536/54/1488 1551/74/1508 1523/42/1476
f 1523/42/1476 1526/44/1478 1536/54/1488
f 1553/76/1510 1555/77/1511 1554/78/1512
f 1554/78/1512 1556/79/1513 1553/76/1510
f 1554/78/1512 1555/77/1511 1529/46/1480
f 1529/46/1480 1527/45/1479 1554/78/1512
f 1528/47/1481 1568/80/1514 1557/81/1515
f 1557/81/1515 1530/48/1482 1528/47/1481
f 1553/76/1510 1541/61/1495 1555/77/1511
f 1553/76/1510 1539/59/1493 1541/61/1495
f 1555/77/1511 1541/61/1495 1498/16/1450
f 1498/16/1450 1529/46/1480 1555/77/1511
f 1501/19/1453 1566/63/1497 1528/47/1481
f 1528/47/1481 1566/63/1497 1568/80/1514
f 1558/82/1516 1560/83/1517 1559/84/1518
f 1561/85/1519 1559/84/1518 1560/83/1517
f 1533/50/1484 1561/85/1519 1534/52/1486
f 1534/52/1486 1561/85/1519 1560/83/1517
f 1562/86/1520 1531/49/1483 1532/51/1485
f 1532/51/1485 1563/87/1521 1562/86/1520
f 1560/83/1517 1558/82/1516 1499/18/1452
f 1499/18/1452 1558/82/1516 1542/62/1496
f 1534/52/1486 1560/83/1517 1500/17/1451
f 1500/17/1451 1560/83/1517 1499/18/1452
f 1540/60/1494 1563/87/1521 1532/51/1485
f 1532/51/1485 1535/53/1487 1540/60/1494
f 1486/4/1438 1564/88/1491 1489/7/1441
f 1564/88/1491 1565/89/1492 1489/7/1441
f 1566/90/1497 1542/91/1496 1487/6/1440
f 1487/6/1440 1488/5/1439 1566/90/1497
f 1539/59/1493 1490/8/1442 1491/10/1444
f 1491/10/1444 1540/60/1494 1539/59/1493
f 1536/54/1488 1493/11/1445 1492/9/1443
f 1493/11/1445 1536/54/1488 1538/56/1490
f 1502/20/1454 1567/92/1502 1547/93/1503
f 1547/93/1503 1505/23/1457 1502/20/1454
f 1559/94/1518 1503/22/1456 1504/21/1455
f 1504/21/1455 1558/95/1516 1559/94/1518
f 1505/23/1457 1547/93/1503 1486/4/1438
f 1547/93/1503 1564/88/1491 1486/4/1438
f 1558/95/1516 1504/21/1455 1487/6/1440
f 1487/6/1440 1542/91/1496 1558/95/1516
f 1568/96/1514 1506/24/1458 1557/97/1515
f 1506/24/1458 1507/26/1460 1557/97/1515
f 1508/25/1459 1549/98/1506 1569/99/1505
f 1569/99/1505 1509/27/1461 1508/25/1459
f 1568/96/1514 1566/90/1497 1488/5/1439
f 1488/5/1439 1506/24/1458 1568/96/1514
f 1565/89/1492 1508/25/1459 1489/7/1441
f 1508/25/1459 1565/89/1492 1549/98/1506
f 1563/87/1521 1510/28/1462 1562/86/1520
f 1510/28/1462 1511/30/1464 1562/86/1520
f 1512/29/1463 1545/65/1499 1513/31/1465
f 1513/31/1465 1545/65/1499 1543/64/1498
f 1540/60/1494 1491/10/1444 1563/87/1521
f 1491/10/1444 1510/28/1462 1563/87/1521
f 1493/11/1445 1538/56/1490 1545/65/1499
f 1545/65/1499 1512/29/1463 1493/11/1445
f 1514/32/1466 1552/75/1509 1551/74/1508
f 1551/74/1508 1517/35/1469 1514/32/1466
f 1556/79/1513 1515/34/1468 1553/76/1510
f 1515/34/1468 1516/33/1467 1553/76/1510
f 1551/74/1508 1492/9/1443 1517/35/1469
f 1551/74/1508 1536/54/1488 1492/9/1443
f 1553/76/1510 1516/33/1467 1539/59/1493
f 1516/33/1467 1490/8/1442 1539/59/1493
f 1570/100/197 1571/101/174 1556/79/1513
f 1515/34/1468 1556/79/1513 1571/101/174
f 1571/101/174 1572/102/177 1515/34/1468
f 1572/102/177 1514/32/1466 1515/34/1468
f 1572/102/177 1573/103/176 1514/32/1466
f 1573/103/176 1552/75/1509 1514/32/1466
f 1573/103/176 1574/104/200 1522/40/1474
f 1522/40/1474 1552/75/1509 1573/103/176
f 1522/40/1474 1574/104/200 1575/105/204
f 1575/105/204 1524/41/1475 1522/40/1474
f 1524/41/1475 1575/105/204 1548/70/1504
f 1575/105/204 1576/106/210 1548/70/1504
f 1548/70/1504 1576/106/210 179/107/212
f 179/107/212 1569/71/1505 1548/70/1504
f 1509/27/1461 1569/99/1505 179/108/212
f 179/108/212 1577/109/211 1509/27/1461
f 1507/26/1460 1509/27/1461 1577/109/211
f 1557/97/1515 1507/26/1460 1577/110/211
f 1577/110/211 178/111/206 1557/97/1515
f 333/112/205 1530/48/1482 1557/81/1515
f 1557/81/1515 178/113/206 333/112/205
f 1527/45/1479 333/112/205 1578/114/199
f 1527/45/1479 1530/48/1482 333/112/205
f 1554/78/1512 1578/114/199 1579/115/196
f 1554/78/1512 1527/45/1479 1578/114/199
f 1579/115/196 1570/100/197 1556/79/1513
f 1556/79/1513 1554/78/1512 1579/115/196
f 1543/64/1498 1581/116/1413 1580/117/1412
f 1580/117/1412 1513/31/1465 1543/64/1498
f 1511/30/1464 1513/31/1465 1580/117/1412
f 1580/117/1412 1476/118/1411 1511/30/1464
f 1562/86/1520 1511/30/1464 1476/118/1411
f 1476/118/1411 1475/119/1410 1562/86/1520
f 1562/86/1520 1475/119/1410 1531/49/1483
f 1475/119/1410 1483/120/1423 1531/49/1483
f 1533/50/1484 1531/49/1483 1483/120/1423
f 1483/120/1423 1482/121/1422 1533/50/1484
f 1561/85/1519 1533/50/1484 1482/121/1422
f 1482/121/1422 1481/122/1421 1561/85/1519
f 1481/122/1421 1582/123/1420 1559/84/1518
f 1559/84/1518 1561/85/1519 1481/122/1421
f 1480/124/1419 1503/22/1456 1559/94/1518
f 1559/94/1518 1582/125/1420 1480/124/1419
f 1480/124/1419 1479/126/1418 1503/22/1456
f 1479/126/1418 1502/20/1454 1503/22/1456
f 1479/126/1418 1478/127/1417 1502/20/1454
f 1478/127/1417 1567/92/1502 1502/20/1454
f 1521/39/1473 1478/128/1417 1583/129/1416
f 1521/39/1473 1567/68/1502 1478/128/1417
f 1518/36/1470 1583/129/1416 1477/295/1415
f 1518/36/1470 1521/39/1473 1583/129/1416
f 1546/67/1501 1477/295/1415 1584/296/1414
f 1546/67/1501 1518/36/1470 1477/295/1415
f 1543/64/1498 1584/296/1414 1581/116/1413
f 1543/64/1498 1546/67/1501 1584/296/1414
f 1585/4/1522 1587/5/1523 1586/6/1524
f 1585/4/1522 1588/7/1525 1587/5/1523
f 1589/8/1526 1591/9/1527 1590/10/1528
f 1591/9/1527 1592/11/1529 1590/10/1528
f 1593/12/1530 1595/13/1531 1594/14/1532
f 1594/14/1532 1596/15/1533 1593/12/1530
f 1597/16/1534 1599/17/1535 1598/18/1536
f 1598/18/1536 1600/19/1537 1597/16/1534
f 1601/20/1538 1603/21/1539 1602/22/1540
f 1601/20/1538 1604/23/1541 1603/21/1539
f 1604/23/1541 1586/6/1524 1603/21/1539
f 1604/23/1541 1585/4/1522 1586/6/1524
f 1605/24/1542 1607/25/1543 1606/26/1544
f 1607/25/1543 1608/27/1545 1606/26/1544
f 1587/5/1523 1588/7/1525 1607/25/1543
f 1607/25/1543 1605/24/1542 1587/5/1523
f 1609/28/1546 1611/29/1547 1610/30/1548
f 1611/29/1547 1612/31/1549 1610/30/1548
f 1590/10/1528 1592/11/1529 1609/28/1546
f 1592/11/1529 1611/29/1547 1609/28/1546
f 1613/32/1550 1615/33/1551 1614/34/1552
f 1613/32/1550 1616/35/1553 1615/33/1551
f 1616/35/1553 1589/8/1526 1615/33/1551
f 1616/35/1553 1591/9/1527 1589/8/1526
f 1617/36/1554 1619/37/1555 1618/38/1556
f 1618/38/1556 1620/39/1557 1617/36/1554
f 1619/37/1555 1593/12/1530 1596/15/1533
f 1596/15/1533 1618/38/1556 1619/37/1555
f 1621/40/1558 1623/41/1559 1622/42/1560
f 1622/42/1560 1623/41/1559 1624/43/1561
f 1622/42/1560 1624/43/1561 1625/44/1562
f 1625/44/1562 1624/43/1561 1595/13/1531
f 1626/45/1563 1628/46/1564 1627/47/1565
f 1627/47/1565 1629/48/1566 1626/45/1563
f 1628/46/1564 1597/16/1534 1600/19/1537
f 1600/19/1537 1627/47/1565 1628/46/1564
f 1630/49/1567 1632/50/1568 1631/51/1569
f 1631/51/1569 1632/50/1568 1633/52/1570
f 1631/51/1569 1633/52/1570 1634/53/1571
f 1634/53/1571 1633/52/1570 1599/17/1535
f 1635/54/1572 1625/44/1562 1636/55/1573
f 1636/55/1573 1637/56/1574 1635/54/1572
f 1636/55/1573 1625/44/1562 1595/13/1531
f 1595/13/1531 1593/12/1530 1636/55/1573
f 1663/57/1575 1596/15/1533 1664/58/1576
f 1594/14/1532 1664/58/1576 1596/15/1533
f 1638/59/1577 1639/60/1578 1634/53/1571
f 1634/53/1571 1640/61/1579 1638/59/1577
f 1640/61/1579 1634/53/1571 1599/17/1535
f 1599/17/1535 1597/16/1534 1640/61/1579
f 1598/18/1536 1641/62/1580 1600/19/1537
f 1600/19/1537 1641/62/1580 1665/63/1581
f 1642/64/1582 1644/65/1583 1643/66/1584
f 1643/66/1584 1645/67/1585 1642/64/1582
f 1645/67/1585 1643/66/1584 1619/37/1555
f 1619/37/1555 1617/36/1554 1645/67/1585
f 1666/68/1586 1620/39/1557 1646/69/1587
f 1618/38/1556 1646/69/1587 1620/39/1557
f 1644/65/1583 1637/56/1574 1636/55/1573
f 1636/55/1573 1643/66/1584 1644/65/1583
f 1643/66/1584 1636/55/1573 1593/12/1530
f 1593/12/1530 1619/37/1555 1643/66/1584
f 1646/69/1587 1618/38/1556 1596/15/1533
f 1596/15/1533 1663/57/1575 1646/69/1587
f 1647/70/1588 1668/71/1589 1648/72/1590
f 1648/72/1590 1649/73/1591 1647/70/1588
f 1623/41/1559 1647/70/1588 1624/43/1561
f 1624/43/1561 1647/70/1588 1649/73/1591
f 1650/74/1592 1651/75/1593 1621/40/1558
f 1621/40/1558 1622/42/1560 1650/74/1592
f 1649/73/1591 1648/72/1590 1664/58/1576
f 1664/58/1576 1594/14/1532 1649/73/1591
f 1624/43/1561 1649/73/1591 1595/13/1531
f 1595/13/1531 1649/73/1591 1594/14/1532
f 1635/54/1572 1650/74/1592 1622/42/1560
f 1622/42/1560 1625/44/1562 1635/54/1572
f 1652/76/1594 1654/77/1595 1653/78/1596
f 1653/78/1596 1655/79/1597 1652/76/1594
f 1653/78/1596 1654/77/1595 1628/46/1564
f 1628/46/1564 1626/45/1563 1653/78/1596
f 1627/47/1565 1667/80/1598 1656/81/1599
f 1656/81/1599 1629/48/1566 1627/47/1565
f 1652/76/1594 1640/61/1579 1654/77/1595
f 1652/76/1594 1638/59/1577 1640/61/1579
f 1654/77/1595 1640/61/1579 1597/16/1534
f 1597/16/1534 1628/46/1564 1654/77/1595
f 1600/19/1537 1665/63/1581 1627/47/1565
f 1627/47/1565 1665/63/1581 1667/80/1598
f 1657/82/1600 1659/83/1601 1658/84/1602
f 1660/85/1603 1658/84/1602 1659/83/1601
f 1632/50/1568 1660/85/1603 1633/52/1570
f 1633/52/1570 1660/85/1603 1659/83/1601
f 1661/86/1604 1630/49/1567 1631/51/1569
f 1631/51/1569 1662/87/1605 1661/86/1604
f 1659/83/1601 1657/82/1600 1598/18/1536
f 1598/18/1536 1657/82/1600 1641/62/1580
f 1633/52/1570 1659/83/1601 1599/17/1535
f 1599/17/1535 1659/83/1601 1598/18/1536
f 1639/60/1578 1662/87/1605 1631/51/1569
f 1631/51/1569 1634/53/1571 1639/60/1578
f 1585/4/1522 1663/88/1575 1588/7/1525
f 1663/88/1575 1664/89/1576 1588/7/1525
f 1665/90/1581 1641/91/1580 1586/6/1524
f 1586/6/1524 1587/5/1523 1665/90/1581
f 1638/59/1577 1589/8/1526 1590/10/1528
f 1590/10/1528 1639/60/1578 1638/59/1577
f 1635/54/1572 1592/11/1529 1591/9/1527
f 1592/11/1529 1635/54/1572 1637/56/1574
f 1601/20/1538 1666/92/1586 1646/93/1587
f 1646/93/1587 1604/23/1541 1601/20/1538
f 1658/94/1602 1602/22/1540 1603/21/1539
f 1603/21/1539 1657/95/1600 1658/94/1602
f 1604/23/1541 1646/93/1587 1585/4/1522
f 1646/93/1587 1663/88/1575 1585/4/1522
f 1657/95/1600 1603/21/1539 1586/6/1524
f 1586/6/1524 1641/91/1580 1657/95/1600
f 1667/96/1598 1605/24/1542 1656/97/1599
f 1605/24/1542 1606/26/1544 1656/97/1599
f 1607/25/1543 1648/98/1590 1668/99/1589
f 1668/99/1589 1608/27/1545 1607/25/1543
f 1667/96/1598 1665/90/1581 1587/5/1523
f 1587/5/1523 1605/24/1542 1667/96/1598
f 1664/89/1576 1607/25/1543 1588/7/1525
f 1607/25/1543 1664/89/1576 1648/98/1590
f 1662/87/1605 1609/28/1546 1661/86/1604
f 1609/28/1546 1610/30/1548 1661/86/1604
f 1611/29/1547 1644/65/1583 1612/31/1549
f 1612/31/1549 1644/65/1583 1642/64/1582
f 1639/60/1578 1590/10/1528 1662/87/1605
f 1590/10/1528 1609/28/1546 1662/87/1605
f 1592/11/1529 1637/56/1574 1644/65/1583
f 1644/65/1583 1611/29/1547 1592/11/1529
f 1613/32/1550 1651/75/1593 1650/74/1592
f 1650/74/1592 1616/35/1553 1613/32/1550
f 1655/79/1597 1614/34/1552 1652/76/1594
f 1614/34/1552 1615/33/1551 1652/76/1594
f 1650/74/1592 1591/9/1527 1616/35/1553
f 1650/74/1592 1635/54/1572 1591/9/1527
f 1652/76/1594 1615/33/1551 1638/59/1577
f 1615/33/1551 1589/8/1526 1638/59/1577
f 1669/100/1301 1670/101/1300 1655/79/1597
f 1614/34/1552 1655/79/1597 1670/101/1300
f 1670/101/1300 1671/102/1299 1614/34/1552
f 1671/102/1299 1613/32/1550 1614/34/1552
f 1671/102/1299 1672/103/1298 1613/32/1550
f 1672/103/1298 1651/75/1593 1613/32/1550
f 1672/103/1298 1673/104/1311 1621/40/1558
f 1621/40/1558 1651/75/1593 1672/103/1298
f 1621/40/1558 1673/104/1311 1674/105/1310
f 1674/105/1310 1623/41/1559 1621/40/1558
f 1623/41/1559 1674/105/1310 1647/70/1588
f 1674/105/1310 1675/106/1309 1647/70/1588
f 1647/70/1588 1675/106/1309 1676/107/1308
f 1676/107/1308 1668/71/1589 1647/70/1588
f 1608/27/1545 1668/99/1589 1676/108/1308
f 1676/108/1308 1677/109/1307 1608/27/1545
f 1606/26/1544 1608/27/1545 1677/109/1307
f 1677/109/1307 1387/110/1306 1606/26/1544
f 1656/97/1599 1606/26/1544 1387/110/1306
f 1387/110/1306 1386/111/1305 1656/97/1599
f 1678/112/1304 1629/48/1566 1656/81/1599
f 1656/81/1599 1386/113/1305 1678/112/1304
f 1626/45/1563 1678/112/1304 1679/114/1303
f 1626/45/1563 1629/48/1566 1678/112/1304
f 1653/78/1596 1679/114/1303 1680/115/1302
f 1653/78/1596 1626/45/1563 1679/114/1303
f 1680/115/1302 1669/100/1301 1655/79/1597
f 1655/79/1597 1653/78/1596 1680/115/1302
f 1642/64/1582 1785/116/1606 1784/117/1607
f 1784/117/1607 1612/31/1549 1642/64/1582
f 1610/30/1548 1612/31/1549 1784/117/1607
f 1784/117/1607 1681/118/1608 1610/30/1548
f 1661/86/1604 1610/30/1548 1681/118/1608
f 1681/118/1608 1682/119/1609 1661/86/1604
f 1661/86/1604 1682/119/1609 1630/49/1567
f 1682/119/1609 1683/120/1610 1630/49/1567
f 1632/50/1568 1630/49/1567 1683/120/1610
f 1683/120/1610 1684/121/1611 1632/50/1568
f 1660/85/1603 1632/50/1568 1684/121/1611
f 1684/121/1611 1788/122/1612 1660/85/1603
f 1788/122/1612 1685/123/1613 1658/84/1602
f 1658/84/1602 1660/85/1603 1788/122/1612
f 1686/124/1614 1602/22/1540 1658/94/1602
f 1658/94/1602 1685/125/1613 1686/124/1614
f 1686/124/1614 1787/126/1615 1602/22/1540
f 1787/126/1615 1601/20/1538 1602/22/1540
f 1787/126/1615 1687/127/1616 1601/20/1538
f 1687/127/1616 1666/92/1586 1601/20/1538
f 1620/39/1557 1687/128/1616 1688/129/1617
f 1620/39/1557 1666/68/1586 1687/128/1616
f 1617/36/1554 1688/129/1617 1786/295/1618
f 1617/36/1554 1620/39/1557 1688/129/1617
f 1645/67/1585 1786/295/1618 1689/296/1619
f 1645/67/1585 1617/36/1554 1786/295/1618
f 1642/64/1582 1689/296/1619 1785/116/1606
f 1642/64/1582 1645/67/1585 1689/296/1619
f 1690/4/1620 1692/5/1621 1691/6/1622
f 1690/4/1620 1693/7/1623 1692/5/1621
f 1694/8/1624 1696/9/1625 1695/10/1626
f 1696/9/1625 1697/11/1627 1695/10/1626
f 1698/12/1628 1700/13/1629 1699/14/1630
f 1699/14/1630 1701/15/1631 1698/12/1628
f 1702/16/1632 1704/17/1633 1703/18/1634
f 1703/18/1634 1705/19/1635 1702/16/1632
f 1706/20/1636 1708/21/1637 1707/22/1638
f 1706/20/1636 1709/23/1639 1708/21/1637
f 1709/23/1639 1691/6/1622 1708/21/1637
f 1709/23/1639 1690/4/1620 1691/6/1622
f 1710/24/1640 1712/25/1641 1711/26/1642
f 1712/25/1641 1713/27/1643 1711/26/1642
f 1692/5/1621 1693/7/1623 1712/25/1641
f 1712/25/1641 1710/24/1640 1692/5/1621
f 1714/28/1644 1716/29/1645 1715/30/1646
f 1716/29/1645 1717/31/1647 1715/30/1646
f 1695/10/1626 1697/11/1627 1714/28/1644
f 1697/11/1627 1716/29/1645 1714/28/1644
f 1718/32/1648 1720/33/1649 1719/34/1650
f 1718/32/1648 1721/35/1651 1720/33/1649
f 1721/35/1651 1694/8/1624 1720/33/1649
f 1721/35/1651 1696/9/1625 1694/8/1624
f 1722/36/1652 1724/37/1653 1723/38/1654
f 1723/38/1654 1725/39/1655 1722/36/1652
f 1724/37/1653 1698/12/1628 1701/15/1631
f 1701/15/1631 1723/38/1654 1724/37/1653
f 1726/40/1656 1728/41/1657 1727/42/1658
f 1727/42/1658 1728/41/1657 1729/43/1659
f 1727/42/1658 1729/43/1659 1730/44/1660
f 1730/44/1660 1729/43/1659 1700/13/1629
f 1731/45/1661 1733/46/1662 1732/47/1663
f 1732/47/1663 1734/48/1664 1731/45/1661
f 1733/46/1662 1702/16/1632 1705/19/1635
f 1705/19/1635 1732/47/1663 1733/46/1662
f 1735/49/1665 1737/50/1666 1736/51/1667
f 1736/51/1667 1737/50/1666 1738/52/1668
f 1736/51/1667 1738/52/1668 1739/53/1669
f 1739/53/1669 1738/52/1668 1704/17/1633
f 1740/54/1670 1730/44/1660 1741/55/1671
f 1741/55/1671 1742/56/1672 1740/54/1670
f 1741/55/1671 1730/44/1660 1700/13/1629
f 1700/13/1629 1698/12/1628 1741/55/1671
f 1768/57/1673 1701/15/1631 1769/58/1674
f 1699/14/1630 1769/58/1674 1701/15/1631
f 1743/59/1675 1744/60/1676 1739/53/1669
f 1739/53/1669 1745/61/1677 1743/59/1675
f 1745/61/1677 1739/53/1669 1704/17/1633
f 1704/17/1633 1702/16/1632 1745/61/1677
f 1703/18/1634 1746/62/1678 1705/19/1635
f 1705/19/1635 1746/62/1678 1770/63/1679
f 1747/64/1680 1749/65/1681 1748/66/1682
f 1748/66/1682 1750/67/1683 1747/64/1680
f 1750/67/1683 1748/66/1682 1724/37/1653
f 1724/37/1653 1722/36/1652 1750/67/1683
f 1771/68/1684 1725/39/1655 1751/69/1685
f 1723/38/1654 1751/69/1685 1725/39/1655
f 1749/65/1681 1742/56/1672 1741/55/1671
f 1741/55/1671 1748/66/1682 1749/65/1681
f 1748/66/1682 1741/55/1671 1698/12/1628
f 1698/12/1628 1724/37/1653 1748/66/1682
f 1751/69/1685 1723/38/1654 1701/15/1631
f 1701/15/1631 1768/57/1673 1751/69/1685
f 1752/70/1686 1773/71/1687 1753/72/1688
f 1753/72/1688 1754/73/1689 1752/70/1686
f 1728/41/1657 1752/70/1686 1729/43/1659
f 1729/43/1659 1752/70/1686 1754/73/1689
f 1755/74/1690 1756/75/1691 1726/40/1656
f 1726/40/1656 1727/42/1658 1755/74/1690
f 1754/73/1689 1753/72/1688 1769/58/1674
f 1769/58/1674 1699/14/1630 1754/73/1689
f 1729/43/1659 1754/73/1689 1700/13/1629
f 1700/13/1629 1754/73/1689 1699/14/1630
f 1740/54/1670 1755/74/1690 1727/42/1658
f 1727/42/1658 1730/44/1660 1740/54/1670
f 1757/76/1692 1759/77/1693 1758/78/1694
f 1758/78/1694 1760/79/1695 1757/76/1692
f 1758/78/1694 1759/77/1693 1733/46/1662
f 1733/46/1662 1731/45/1661 1758/78/1694
f 1732/47/1663 1772/80/1696 1761/81/1697
f 1761/81/1697 1734/48/1664 1732/47/1663
f 1757/76/1692 1745/61/1677 1759/77/1693
f 1757/76/1692 1743/59/1675 1745/61/1677
f 1759/77/1693 1745/61/1677 1702/16/1632
f 1702/16/1632 1733/46/1662 1759/77/1693
f 1705/19/1635 1770/63/1679 1732/47/1663
f 1732/47/1663 1770/63/1679 1772/80/1696
f 1762/82/1698 1764/83/1699 1763/84/1700
f 1765/85/1701 1763/84/1700 1764/83/1699
f 1737/50/1666 1765/85/1701 1738/52/1668
f 1738/52/1668 1765/85/1701 1764/83/1699
f 1766/86/1702 1735/49/1665 1736/51/1667
f 1736/51/1667 1767/87/1703 1766/86/1702
f 1764/83/1699 1762/82/1698 1703/18/1634
f 1703/18/1634 1762/82/1698 1746/62/1678
f 1738/52/1668 1764/83/1699 1704/17/1633
f 1704/17/1633 1764/83/1699 1703/18/1634
f 1744/60/1676 1767/87/1703 1736/51/1667
f 1736/51/1667 1739/53/1669 1744/60/1676
f 1690/4/1620 1768/88/1673 1693/7/1623
f 1768/88/1673 1769/89/1674 1693/7/1623
f 1770/90/1679 1746/91/1678 1691/6/1622
f 1691/6/1622 1692/5/1621 1770/90/1679
f 1743/59/1675 1694/8/1624 1695/10/1626
f 1695/10/1626 1744/60/1676 1743/59/1675
f 1740/54/1670 1697/11/1627 1696/9/1625
f 1697/11/1627 1740/54/1670 1742/56/1672
f 1706/20/1636 1771/92/1684 1751/93/1685
f 1751/93/1685 1709/23/1639 1706/20/1636
f 1763/94/1700 1707/22/1638 1708/21/1637
f 1708/21/1637 1762/95/1698 1763/94/1700
f 1709/23/1639 1751/93/1685 1690/4/1620
f 1751/93/1685 1768/88/1673 1690/4/1620
f 1762/95/1698 1708/21/1637 1691/6/1622
f 1691/6/1622 1746/91/1678 1762/95/1698
f 1772/96/1696 1710/24/1640 1761/97/1697
f 1710/24/1640 1711/26/1642 1761/97/1697
f 1712/25/1641 1753/98/1688 1773/99/1687
f 1773/99/1687 1713/27/1643 1712/25/1641
f 1772/96/1696 1770/90/1679 1692/5/1621
f 1692/5/1621 1710/24/1640 1772/96/1696
f 1769/89/1674 1712/25/1641 1693/7/1623
f 1712/25/1641 1769/89/1674 1753/98/1688
f 1767/87/1703 1714/28/1644 1766/86/1702
f 1714/28/1644 1715/30/1646 1766/86/1702
f 1716/29/1645 1749/65/1681 1717/31/1647
f 1717/31/1647 1749/65/1681 1747/64/1680
f 1744/60/1676 1695/10/1626 1767/87/1703
f 1695/10/1626 1714/28/1644 1767/87/1703
f 1697/11/1627 1742/56/1672 1749/65/1681
f 1749/65/1681 1716/29/1645 1697/11/1627
f 1718/32/1648 1756/75/1691 1755/74/1690
f 1755/74/1690 1721/35/1651 1718/32/1648
f 1760/79/1695 1719/34/1650 1757/76/1692
f 1719/34/1650 1720/33/1649 1757/76/1692
f 1755/74/1690 1696/9/1625 1721/35/1651
f 1755/74/1690 1740/54/1670 1696/9/1625
f 1757/76/1692 1720/33/1649 1743/59/1675
f 1720/33/1649 1694/8/1624 1743/59/1675
f 1774/100/1704 2510/101/1705 1760/79/1695
f 1719/34/1650 1760/79/1695 2510/101/1705
f 2510/101/1705 1775/102/1706 1719/34/1650
f 1775/102/1706 1718/32/1648 1719/34/1650
f 1775/102/1706 1776/103/1707 1718/32/1648
f 1776/103/1707 1756/75/1691 1718/32/1648
f 1776/103/1707 2513/104/1708 1726/40/1656
f 1726/40/1656 1756/75/1691 1776/103/1707
f 1726/40/1656 2513/104/1708 2512/105/1709
f 2512/105/1709 1728/41/1657 1726/40/1656
f 1728/41/1657 2512/105/1709 1752/70/1686
f 2512/105/1709 1777/106/1710 1752/70/1686
f 1752/70/1686 1777/106/1710 1778/107/1711
f 1778/107/1711 1773/71/1687 1752/70/1686
f 1713/27/1643 1773/99/1687 1778/108/1711
f 1778/108/1711 2511/109/1712 1713/27/1643
f 1711/26/1642 1713/27/1643 2511/109/1712
f 2511/109/1712 1779/110/1713 1711/26/1642
f 1761/97/1697 1711/26/1642 1779/110/1713
f 1779/110/1713 1780/111/1714 1761/97/1697
f 1781/112/1715 1734/48/1664 1761/81/1697
f 1761/81/1697 1780/113/1714 1781/112/1715
f 1731/45/1661 1781/112/1715 1782/114/1716
f 1731/45/1661 1734/48/1664 1781/112/1715
f 1758/78/1694 1782/114/1716 1783/115/1717
f 1758/78/1694 1731/45/1661 1782/114/1716
f 1783/115/1717 1774/100/1704 1760/79/1695
f 1760/79/1695 1758/78/1694 1783/115/1717
f 1747/64/1680 1682/116/1609 1681/117/1608
f 1681/117/1608 1717/31/1647 1747/64/1680
f 1715/30/1646 1717/31/1647 1681/117/1608
f 1681/117/1608 1784/118/1607 1715/30/1646
f 1766/86/1702 1715/30/1646 1784/118/1607
f 1784/118/1607 1785/119/1606 1766/86/1702
f 1766/86/1702 1785/119/1606 1735/49/1665
f 1785/119/1606 1689/120/1619 1735/49/1665
f 1737/50/1666 1735/49/1665 1689/120/1619
f 1689/120/1619 1786/121/1618 1737/50/1666
f 1765/85/1701 1737/50/1666 1786/121/1618
f 1786/121/1618 1688/122/1617 1765/85/1701
f 1688/122/1617 1687/123/1616 1763/84/1700
f 1763/84/1700 1765/85/1701 1688/122/1617
f 1787/124/1615 1707/22/1638 1763/94/1700
f 1763/94/1700 1687/125/1616 1787/124/1615
f 1787/124/1615 1686/126/1614 1707/22/1638
f 1686/126/1614 1706/20/1636 1707/22/1638
f 1686/126/1614 1685/127/1613 1706/20/1636
f 1685/127/1613 1771/92/1684 1706/20/1636
f 1725/39/1655 1685/128/1613 1788/129/1612
f 1725/39/1655 1771/68/1684 1685/128/1613
f 1722/36/1652 1788/129/1612 1684/295/1611
f 1722/36/1652 1725/39/1655 1788/129/1612
f 1750/67/1683 1684/295/1611 1683/296/1610
f 1750/67/1683 1722/36/1652 1684/295/1611
f 1747/64/1680 1683/296/1610 1682/116/1609
f 1747/64/1680 1750/67/1683 1683/296/1610
f 2792/473/1718 1908/474/1719 1789/475/1720
f 1789/475/1720 1790/476/1721 2792/473/1718
f 1866/477/1722 1865/478/1723 1893/479/1724
f 1893/479/1724 1791/480/1725 1866/477/1722
f 1792/481/1726 1856/482/1727 1793/483/1728
f 1793/483/1728 1856/482/1727 1794/484/1729
f 1795/485/1730 1843/486/1731 1796/487/1732
f 1795/485/1730 1842/488/1733 1843/486/1731
f 1797/489/1734 1893/479/1724 1790/476/1721
f 1790/476/1721 1789/475/1720 1797/489/1734
f 1796/487/1732 1792/481/1726 1793/483/1728
f 1793/483/1728 1798/490/1735 1796/487/1732
f 1797/489/1734 1791/480/1725 1893/479/1724
f 1791/480/1725 1797/489/1734 1799/491/1736
f 2794/492/1737 1834/493/1738 1789/475/1720
f 1789/475/1720 1834/493/1738 1800/494/1739
f 1793/483/1728 1794/484/1729 1801/495/1740
f 1801/495/1740 1802/496/1741 1793/483/1728
f 1800/494/1739 1797/489/1734 1789/475/1720
f 1797/489/1734 1800/494/1739 1803/497/1742
f 1793/483/1728 1802/496/1741 1804/498/1743
f 1804/498/1743 1798/490/1735 1793/483/1728
f 1799/491/1736 1797/489/1734 1795/485/1730
f 1803/497/1742 1795/485/1730 1797/489/1734
f 1866/477/1722 1791/480/1725 1804/498/1743
f 1804/498/1743 1867/499/1744 1866/477/1722
f 1803/497/1742 1846/500/1745 1842/488/1733
f 1842/488/1733 1795/485/1730 1803/497/1742
f 1791/480/1725 1799/491/1736 1798/490/1735
f 1798/490/1735 1804/498/1743 1791/480/1725
f 1798/490/1735 1799/491/1736 1795/485/1730
f 1795/485/1730 1796/487/1732 1798/490/1735
f 1805/501/1746 1807/502/1747 1806/503/1748
f 1806/503/1748 1808/504/1749 1805/501/1746
f 1809/505/1750 1811/506/1751 1810/507/1752
f 1809/505/1750 1812/508/1753 1811/506/1751
f 1813/509/1754 1815/510/1755 1814/511/1756
f 1814/511/1756 1816/512/1757 1813/509/1754
f 1817/513/1758 1819/514/1759 1818/515/1760
f 1818/515/1760 1820/516/1761 1817/513/1758
f 1805/501/1746 1821/517/1762 1809/505/1750
f 1809/505/1750 1810/507/1752 1805/501/1746
f 1822/518/1763 1820/516/1761 1818/515/1760
f 1818/515/1760 1814/511/1756 1822/518/1763
f 1806/503/1748 1824/519/1764 1823/520/1765
f 1823/520/1765 1808/504/1749 1806/503/1748
f 1825/521/1766 1815/510/1755 1813/509/1754
f 1813/509/1754 1826/522/1767 1825/521/1766
f 1825/521/1766 1821/517/1762 1815/510/1755
f 1815/510/1755 1821/517/1762 1827/523/1768
f 1828/524/1769 1829/525/1770 1809/505/1750
f 1809/505/1750 1829/525/1770 1812/508/1753
f 1817/513/1758 1820/516/1761 1830/526/1771
f 1830/526/1771 1831/527/1772 1817/513/1758
f 1825/521/1766 1828/524/1769 1821/517/1762
f 1828/524/1769 1809/505/1750 1821/517/1762
f 1830/526/1771 1820/516/1761 1822/518/1763
f 1823/520/1765 1830/526/1771 1822/518/1763
f 1822/518/1763 1814/511/1756 1815/510/1755
f 1815/510/1755 1827/523/1768 1822/518/1763
f 1808/504/1749 1827/523/1768 1821/517/1762
f 1821/517/1762 1805/501/1746 1808/504/1749
f 1833/528/1773 1834/529/1738 2794/530/1737
f 1835/531/1774 1837/532/1775 1836/533/1776
f 1836/533/1776 1837/532/1775 1838/534/1777
f 1836/533/1776 1838/534/1777 1839/535/1778
f 1839/535/1778 1838/534/1777 1840/536/1779
f 1841/537/1780 1843/538/1731 1842/539/1733
f 1842/539/1733 1844/540/1781 1841/537/1780
f 1837/532/1775 1841/537/1780 1838/534/1777
f 1838/534/1777 1841/537/1780 1844/540/1781
f 1816/512/1757 1835/531/1774 1836/533/1776
f 1836/533/1776 1813/509/1754 1816/512/1757
f 1844/540/1781 1842/539/1733 1845/541/1782
f 1845/541/1782 1842/539/1733 1846/542/1745
f 1838/534/1777 1844/540/1781 1840/536/1779
f 1840/536/1779 1844/540/1781 1845/541/1782
f 1826/522/1767 1813/509/1754 1836/533/1776
f 1836/533/1776 1839/535/1778 1826/522/1767
f 1847/543/1783 1849/544/1784 1848/545/1785
f 1848/545/1785 1850/546/1786 1847/543/1783
f 1848/545/1785 1851/547/1787 1850/546/1786
f 1851/547/1787 1848/545/1785 1852/548/1788
f 1801/549/1740 1854/550/1789 1853/551/1790
f 1854/550/1789 1801/549/1740 1794/552/1729
f 1853/551/1790 1848/545/1785 1849/544/1784
f 1848/545/1785 1853/551/1790 1854/550/1789
f 1831/527/1772 1847/543/1783 1850/546/1786
f 1850/546/1786 1817/513/1758 1831/527/1772
f 1794/552/1729 1855/553/1791 1854/550/1789
f 1855/553/1791 1794/552/1729 1856/554/1727
f 1848/545/1785 1854/550/1789 1852/548/1788
f 1852/548/1788 1854/550/1789 1855/553/1791
f 1817/513/1758 1850/546/1786 1819/514/1759
f 1850/546/1786 1851/547/1787 1819/514/1759
f 1857/555/1792 1859/556/1793 1858/557/1794
f 1858/557/1794 1860/558/1795 1857/555/1792
f 1859/556/1793 1857/555/1792 1861/559/1796
f 1861/559/1796 1862/560/1797 1859/556/1793
f 1863/561/1798 1865/562/1723 1864/563/1799
f 1864/563/1799 1865/562/1723 1866/564/1722
f 1864/563/1799 1857/555/1792 1860/558/1795
f 1860/558/1795 1863/561/1798 1864/563/1799
f 1807/502/1747 1858/557/1794 1859/556/1793
f 1859/556/1793 1806/503/1748 1807/502/1747
f 1867/565/1744 1868/566/1800 1864/563/1799
f 1864/563/1799 1866/564/1722 1867/565/1744
f 1864/563/1799 1861/559/1796 1857/555/1792
f 1861/559/1796 1864/563/1799 1868/566/1800
f 1862/560/1797 1824/519/1764 1806/503/1748
f 1806/503/1748 1859/556/1793 1862/560/1797
f 1818/515/1760 1819/514/1759 3209/567/1801
f 3209/567/1801 1869/568/1802 1818/515/1760
f 1814/511/1756 1818/515/1760 1869/568/1802
f 1869/568/1802 3208/569/1803 1814/511/1756
f 1816/512/1757 1814/511/1756 3208/569/1803
f 3208/569/1803 1870/570/1804 1816/512/1757
f 1870/570/1804 1835/531/1774 1816/512/1757
f 1870/570/1804 1871/571/1805 1835/531/1774
f 1837/532/1775 1835/531/1774 1871/571/1805
f 1871/571/1805 1872/572/1806 1837/532/1775
f 1837/532/1775 1872/572/1806 1841/537/1780
f 1872/572/1806 1873/573/1807 1841/537/1780
f 1841/537/1780 1873/573/1807 1874/574/1808
f 1874/574/1808 1843/538/1731 1841/537/1780
f 1874/575/1808 1875/576/1809 1843/486/1731
f 1875/576/1809 1796/487/1732 1843/486/1731
f 1875/576/1809 1876/577/1810 1796/487/1732
f 1876/577/1810 1792/481/1726 1796/487/1732
f 1876/577/1810 3210/578/1811 1792/481/1726
f 3210/578/1811 1856/482/1727 1792/481/1726
f 1877/579/1812 1855/553/1791 1856/554/1727
f 1856/554/1727 3210/580/1811 1877/579/1812
f 1852/548/1788 1877/579/1812 1878/581/1813
f 1852/548/1788 1855/553/1791 1877/579/1812
f 1851/547/1787 1878/581/1813 1879/582/1814
f 1851/547/1787 1852/548/1788 1878/581/1813
f 1819/514/1759 1879/582/1814 3209/567/1801
f 1819/514/1759 1851/547/1787 1879/582/1814
f 1824/519/1764 1880/583/1815 2921/584/1816
f 2921/584/1816 1823/520/1765 1824/519/1764
f 1823/520/1765 2921/584/1816 2922/585/1817
f 2922/585/1817 1830/526/1771 1823/520/1765
f 2922/585/1817 2923/586/1818 1831/527/1772
f 1831/527/1772 1830/526/1771 2922/585/1817
f 1831/527/1772 2923/586/1818 1881/587/1819
f 1881/587/1819 1847/543/1783 1831/527/1772
f 1847/543/1783 1881/587/1819 1882/588/1820
f 1882/588/1820 1849/544/1784 1847/543/1783
f 1853/551/1790 1849/544/1784 1882/588/1820
f 1882/588/1820 2924/589/1821 1853/551/1790
f 1853/551/1790 2924/589/1821 1883/590/1822
f 1883/590/1822 1801/549/1740 1853/551/1790
f 1801/495/1740 1883/591/1822 1802/496/1741
f 1883/591/1822 1884/592/1823 1802/496/1741
f 1802/496/1741 1884/592/1823 1804/498/1743
f 1884/592/1823 1885/593/1824 1804/498/1743
f 1804/498/1743 1885/593/1824 1886/594/1825
f 1886/594/1825 1867/499/1744 1804/498/1743
f 1868/566/1800 1886/595/1825 2925/596/1826
f 1886/595/1825 1868/566/1800 1867/565/1744
f 1861/559/1796 2925/596/1826 1887/597/1827
f 1861/559/1796 1868/566/1800 2925/596/1826
f 1862/560/1797 1887/597/1827 2926/598/1828
f 1862/560/1797 1861/559/1796 1887/597/1827
f 1824/519/1764 1862/560/1797 1880/583/1815
f 1880/583/1815 1862/560/1797 2926/598/1828
f 1888/599/1829 1889/600/1830 1860/558/1795
f 1860/558/1795 1889/600/1830 1863/561/1798
f 1890/601/1831 1860/558/1795 1858/557/1794
f 1890/601/1831 1888/599/1829 1860/558/1795
f 1891/602/1832 1890/601/1831 1807/502/1747
f 1807/502/1747 1890/601/1831 1858/557/1794
f 1889/600/1830 1865/562/1723 1863/561/1798
f 1889/600/1830 1892/603/1833 1865/562/1723
f 1893/604/1724 1865/562/1723 1892/603/1833
f 1790/605/1721 1894/606/1834 2792/607/1718
f 1895/608/1835 2793/609/1836 2792/607/1718
f 2792/607/1718 1894/606/1834 1895/608/1835
f 2791/610/1837 1909/611/1838 1896/612/1839
f 2793/609/1836 1895/608/1835 1896/612/1839
f 1897/613/1840 1905/614/1841 1906/615/1842
f 1906/615/1842 2791/610/1837 1896/612/1839
f 1811/506/1751 1897/613/1840 1898/616/1843
f 1897/613/1840 2788/617/1844 2789/618/1845
f 1898/616/1843 1810/507/1752 1811/506/1751
f 1822/518/1763 1808/504/1749 1823/520/1765
f 1822/518/1763 1827/523/1768 1808/504/1749
f 1893/604/1724 1894/606/1834 1790/605/1721
f 1893/604/1724 1892/603/1833 1894/606/1834
f 1889/600/1830 1895/608/1835 1894/606/1834
f 1894/606/1834 1892/603/1833 1889/600/1830
f 1888/599/1829 1896/612/1839 1895/608/1835
f 1895/608/1835 1889/600/1830 1888/599/1829
f 1890/601/1831 1897/613/1840 1896/612/1839
f 1896/612/1839 1888/599/1829 1890/601/1831
f 1891/602/1832 1898/616/1843 1897/613/1840
f 1897/613/1840 1890/601/1831 1891/602/1832
f 1807/502/1747 1805/501/1746 1891/602/1832
f 1899/619/1846 1800/620/1739 1834/529/1738
f 1834/529/1738 1833/528/1773 1899/619/1846
f 1828/524/1769 1900/621/1847 1829/525/1770
f 1829/525/1770 1900/621/1847 1907/622/1848
f 1900/621/1847 1901/623/1849 1907/622/1848
f 1907/624/1848 1901/623/1849 1832/625/1850
f 1832/625/1850 1901/623/1849 1833/528/1773
f 1901/623/1849 1899/619/1846 1833/528/1773
f 1845/541/1782 1846/542/1745 1803/626/1742
f 1803/626/1742 1902/627/1851 1845/541/1782
f 1840/536/1779 1902/627/1851 1903/628/1852
f 1902/627/1851 1840/536/1779 1845/541/1782
f 1904/629/1853 1839/535/1778 1840/536/1779
f 1840/536/1779 1903/628/1852 1904/629/1853
f 1826/522/1767 1904/629/1853 1825/521/1766
f 1904/629/1853 1826/522/1767 1839/535/1778
f 1902/627/1851 1803/626/1742 1800/620/1739
f 1800/620/1739 1899/619/1846 1902/627/1851
f 1903/628/1852 1899/619/1846 1901/623/1849
f 1903/628/1852 1902/627/1851 1899/619/1846
f 1904/629/1853 1901/623/1849 1900/621/1847
f 1904/629/1853 1903/628/1852 1901/623/1849
f 1825/521/1766 1900/621/1847 1828/524/1769
f 1825/521/1766 1904/629/1853 1900/621/1847
f 1810/507/1752 1891/602/1832 1805/501/1746
f 1810/507/1752 1898/616/1843 1891/602/1832
f 2787/630/1854 2788/617/1844 1812/631/1753
f 1812/631/1753 2788/617/1844 1811/506/1751
f 1905/614/1841 2789/618/1845 2790/632/1855
f 1905/614/1841 2790/632/1855 1906/615/1842
f 1906/615/1842 2790/632/1855 2791/610/1837
f 1907/624/1848 1832/625/1850 1829/633/1770
f 1789/475/1720 1908/474/1719 2794/492/1737
f 1896/612/1839 1909/611/1838 2793/609/1836
f 1910/130/1856 1912/131/1857 1911/132/1858
f 1911/132/1858 1913/133/1859 1910/130/1856
f 1914/134/1860 1912/131/1857 1915/135/1861
f 1912/131/1857 1910/130/1856 1915/135/1861
f 1925/136/1862 1914/134/1860 1927/137/1863
f 1914/134/1860 1915/135/1861 1927/137/1863
f 1916/138/1864 1918/139/1865 1917/140/1866
f 1916/138/1864 1919/141/1867 1918/139/1865
f 1920/142/1868 1919/141/1867 1916/138/1864
f 1920/142/1868 1921/143/1869 1919/141/1867
f 1922/144/1870 1921/143/1869 1920/142/1868
f 1922/144/1870 1923/145/1871 1921/143/1869
f 1924/146/1872 1926/147/1873 1925/148/1862
f 1925/148/1862 1927/149/1863 1924/146/1872
f 1928/150/1874 1929/151/1875 1926/147/1873
f 1926/147/1873 1924/146/1872 1928/150/1874
f 1930/152/1876 1931/153/1877 1929/151/1875
f 1929/151/1875 1928/150/1874 1930/152/1876
f 1917/140/1866 1918/139/1865 1931/153/1877
f 1931/153/1877 1930/152/1876 1917/140/1866
f 1922/144/1870 1932/154/1878 1923/145/1871
f 1923/145/1871 1932/154/1878 1933/155/1879
f 1932/154/1878 1934/156/1880 1933/155/1879
f 1933/155/1879 1934/156/1880 1935/157/1881
f 1934/156/1880 1936/158/1882 1935/157/1881
f 1935/157/1881 1936/158/1882 1937/2/1883
f 1911/1/1858 1937/2/1883 1913/3/1859
f 1937/2/1883 1936/158/1882 1913/3/1859
f 1938/159/1884 1939/160/1885 2018/161/1886
f 2018/161/1886 1940/162/1887 1938/159/1884
f 1940/162/1887 2018/161/1886 1941/163/1888
f 2018/161/1886 2019/164/1889 1941/163/1888
f 1941/163/1888 2019/164/1889 1912/131/1857
f 2019/164/1889 1911/132/1858 1912/131/1857
f 1942/168/1890 1943/167/1891 2020/263/1892
f 2020/263/1892 1944/264/1893 1942/168/1890
f 1945/165/1894 2021/166/1895 1943/167/1891
f 1943/167/1891 1942/168/1890 1945/165/1894
f 1910/130/1856 1913/133/1859 1945/165/1894
f 1945/165/1894 1913/133/1859 2021/166/1895
f 1946/169/1896 1938/159/1884 1947/170/1897
f 1938/159/1884 1940/162/1887 1947/170/1897
f 1947/170/1897 1940/162/1887 1948/171/1898
f 1940/162/1887 1941/163/1888 1948/171/1898
f 1948/171/1898 1941/163/1888 1912/131/1857
f 1912/131/1857 1914/134/1860 1948/171/1898
f 1949/173/1899 1942/168/1890 1944/264/1893
f 1944/264/1893 1950/265/1900 1949/173/1899
f 1951/172/1901 1945/165/1894 1942/168/1890
f 1942/168/1890 1949/173/1899 1951/172/1901
f 1910/130/1856 1951/172/1901 1915/135/1861
f 1910/130/1856 1945/165/1894 1951/172/1901
f 1952/174/1902 1946/169/1896 1983/175/1903
f 1946/169/1896 1947/170/1897 1983/175/1903
f 1983/175/1903 1947/170/1897 1948/171/1898
f 1948/171/1898 1953/176/1904 1983/175/1903
f 1953/176/1904 1948/171/1898 1914/134/1860
f 1914/134/1860 1925/136/1862 1953/176/1904
f 1954/178/1905 1949/173/1899 1955/266/1906
f 1949/173/1899 1950/265/1900 1955/266/1906
f 1956/177/1907 1951/172/1901 1954/178/1905
f 1951/172/1901 1949/173/1899 1954/178/1905
f 1915/135/1861 1956/177/1907 1927/137/1863
f 1915/135/1861 1951/172/1901 1956/177/1907
f 1957/179/1908 1959/180/1909 1958/181/1910
f 1959/180/1909 1960/182/1911 1958/181/1910
f 1961/183/1912 1962/184/1913 1957/179/1908
f 1962/184/1913 1959/180/1909 1957/179/1908
f 1919/141/1867 1961/183/1912 1918/139/1865
f 1919/141/1867 1962/184/1913 1961/183/1912
f 1963/267/1914 1965/268/1915 1964/185/1916
f 1965/268/1915 1966/186/1917 1964/185/1916
f 1964/185/1916 1966/186/1917 1967/187/1918
f 1967/187/1918 1968/188/1919 1964/185/1916
f 1968/188/1919 1967/187/1918 1916/138/1864
f 1916/138/1864 1917/140/1866 1968/188/1919
f 1969/189/1920 1960/182/1911 1959/180/1909
f 1969/189/1920 1970/190/1921 1960/182/1911
f 1962/184/1913 1971/191/1922 1969/189/1920
f 1969/189/1920 1959/180/1909 1962/184/1913
f 1921/143/1869 1962/184/1913 1919/141/1867
f 1921/143/1869 1971/191/1922 1962/184/1913
f 1965/268/1915 1972/269/1923 1966/186/1917
f 1972/269/1923 1973/192/1924 1966/186/1917
f 1966/186/1917 1973/192/1924 1967/187/1918
f 1973/192/1924 1974/193/1925 1967/187/1918
f 1967/187/1918 1974/193/1925 1920/142/1868
f 1920/142/1868 1916/138/1864 1967/187/1918
f 1969/189/1920 1976/194/1926 1975/195/1927
f 1975/195/1927 1970/190/1921 1969/189/1920
f 1971/191/1922 1977/196/1928 1976/194/1926
f 1976/194/1926 1969/189/1920 1971/191/1922
f 1921/143/1869 1923/145/1871 1977/196/1928
f 1977/196/1928 1971/191/1922 1921/143/1869
f 1972/269/1923 1979/270/1929 1978/198/1930
f 1978/198/1930 1973/192/1924 1972/269/1923
f 1973/192/1924 1978/198/1930 1974/193/1925
f 1978/198/1930 1980/199/1931 1974/193/1925
f 1974/193/1925 1980/199/1931 1920/142/1868
f 1980/199/1931 1922/144/1870 1920/142/1868
f 1981/200/1932 1982/201/1933 1952/202/1902
f 1952/202/1902 1983/203/1903 1981/200/1932
f 1984/204/1934 1981/200/1932 1983/203/1903
f 1983/203/1903 1953/205/1904 1984/204/1934
f 1926/147/1873 1984/204/1934 1953/205/1904
f 1953/205/1904 1925/148/1862 1926/147/1873
f 1955/271/1906 1986/272/1935 1985/209/1936
f 1985/209/1936 1954/208/1905 1955/271/1906
f 1987/206/1937 1956/207/1907 1954/208/1905
f 1954/208/1905 1985/209/1936 1987/206/1937
f 1924/146/1872 1927/149/1863 1956/207/1907
f 1956/207/1907 1987/206/1937 1924/146/1872
f 1988/210/1938 1989/211/1939 1982/201/1933
f 1982/201/1933 1981/200/1932 1988/210/1938
f 1990/212/1940 1988/210/1938 1981/200/1932
f 1981/200/1932 1984/204/1934 1990/212/1940
f 1929/151/1875 1990/212/1940 1984/204/1934
f 1984/204/1934 1926/147/1873 1929/151/1875
f 1986/272/1935 1991/273/1941 1985/209/1936
f 1992/214/1942 1985/209/1936 1991/273/1941
f 1993/213/1943 1987/206/1937 1985/209/1936
f 1985/209/1936 1992/214/1942 1993/213/1943
f 1928/150/1874 1924/146/1872 1987/206/1937
f 1987/206/1937 1993/213/1943 1928/150/1874
f 1994/215/1944 1995/216/1945 1989/211/1939
f 1989/211/1939 1988/210/1938 1994/215/1944
f 1994/215/1944 1988/210/1938 1990/212/1940
f 1990/212/1940 1996/217/1946 1994/215/1944
f 1996/217/1946 1990/212/1940 1929/151/1875
f 1929/151/1875 1931/153/1877 1996/217/1946
f 1991/273/1941 1997/274/1947 1992/214/1942
f 1998/219/1948 1992/214/1942 1997/274/1947
f 1999/218/1949 1993/213/1943 1998/219/1948
f 1998/219/1948 1993/213/1943 1992/214/1942
f 1930/152/1876 1928/150/1874 1999/218/1949
f 1999/218/1949 1928/150/1874 1993/213/1943
f 1958/181/1910 1995/216/1945 1994/215/1944
f 1994/215/1944 1957/179/1908 1958/181/1910
f 1957/179/1908 1994/215/1944 1996/217/1946
f 1996/217/1946 1961/183/1912 1957/179/1908
f 1961/183/1912 1996/217/1946 1931/153/1877
f 1931/153/1877 1918/139/1865 1961/183/1912
f 1997/274/1947 1963/267/1914 1998/219/1948
f 1964/185/1916 1998/219/1948 1963/267/1914
f 1998/219/1948 1964/185/1916 1999/218/1949
f 1968/188/1919 1999/218/1949 1964/185/1916
f 1999/218/1949 1968/188/1919 1930/152/1876
f 1917/140/1866 1930/152/1876 1968/188/1919
f 2000/220/1950 1975/195/1927 2001/221/1951
f 1976/194/1926 2001/221/1951 1975/195/1927
f 2001/221/1951 1976/194/1926 2002/225/1952
f 1977/196/1928 2002/225/1952 1976/194/1926
f 2002/225/1952 1977/196/1928 1933/155/1879
f 1923/145/1871 1933/155/1879 1977/196/1928
f 1978/198/1930 1979/270/1929 2003/275/1953
f 2003/275/1953 2004/227/1954 1978/198/1930
f 1978/198/1930 2004/227/1954 2005/228/1955
f 2005/228/1955 1980/199/1931 1978/198/1930
f 1980/199/1931 2005/228/1955 1932/154/1878
f 1932/154/1878 1922/144/1870 1980/199/1931
f 2006/229/1956 2000/220/1950 2007/224/1957
f 2001/221/1951 2007/224/1957 2000/220/1950
f 2002/225/1952 2008/237/1958 2001/221/1951
f 2001/221/1951 2008/237/1958 2007/224/1957
f 1933/155/1879 1935/157/1881 2002/225/1952
f 2002/225/1952 1935/157/1881 2008/237/1958
f 2004/227/1954 2003/275/1953 2009/276/1959
f 2009/276/1959 2010/233/1960 2004/227/1954
f 2004/227/1954 2010/233/1960 2011/234/1961
f 2011/234/1961 2005/228/1955 2004/227/1954
f 2005/228/1955 2011/234/1961 1934/156/1880
f 1934/156/1880 1932/154/1878 2005/228/1955
f 2012/235/1962 2006/229/1956 2013/232/1963
f 2007/224/1957 2013/232/1963 2006/229/1956
f 2008/237/1958 2014/240/1964 2013/232/1963
f 2013/232/1963 2007/224/1957 2008/237/1958
f 1935/157/1881 1937/2/1883 2014/240/1964
f 2014/240/1964 2008/237/1958 1935/157/1881
f 2010/233/1960 2009/276/1959 2015/277/1965
f 2015/277/1965 2016/241/1966 2010/233/1960
f 2011/234/1961 2010/233/1960 2016/241/1966
f 2016/241/1966 2017/242/1967 2011/234/1961
f 1934/156/1880 2011/234/1961 2017/242/1967
f 2017/242/1967 1936/158/1882 1934/156/1880
f 1939/243/1885 2012/235/1962 2018/238/1886
f 2013/232/1963 2018/238/1886 2012/235/1962
f 2018/238/1886 2013/232/1963 2014/240/1964
f 2014/240/1964 2019/244/1889 2018/238/1886
f 2019/244/1889 2014/240/1964 1911/1/1858
f 2014/240/1964 1937/2/1883 1911/1/1858
f 2016/241/1966 2015/277/1965 2020/278/1892
f 2020/278/1892 1943/245/1891 2016/241/1966
f 2017/242/1967 2016/241/1966 1943/245/1891
f 1943/245/1891 2021/246/1895 2017/242/1967
f 2017/242/1967 2021/246/1895 1913/3/1859
f 1913/3/1859 1936/158/1882 2017/242/1967
f 2112/279/1968 1997/274/1947 1991/273/1941
f 1991/273/1941 2113/280/1969 2112/279/1968
f 2113/280/1969 1991/273/1941 1986/272/1935
f 1986/272/1935 2114/281/1970 2113/280/1969
f 2120/282/1971 2119/283/1972 2009/276/1959
f 2009/276/1959 2119/283/1972 2015/277/1965
f 2121/284/1973 2120/282/1971 2003/275/1953
f 2003/275/1953 2120/282/1971 2009/276/1959
f 2119/283/1972 2118/285/1974 2020/278/1892
f 2020/278/1892 2015/277/1965 2119/283/1972
f 2022/286/1975 2121/284/1973 1979/270/1929
f 1979/270/1929 2121/284/1973 2003/275/1953
f 1944/264/1893 2020/263/1892 2117/287/1976
f 2020/263/1892 2118/288/1974 2117/287/1976
f 2110/289/1977 2022/286/1975 1979/270/1929
f 1979/270/1929 1972/269/1923 2110/289/1977
f 1950/265/1900 1944/264/1893 2117/287/1976
f 2117/287/1976 2116/290/1978 1950/265/1900
f 2110/289/1977 1965/268/1915 2111/291/1979
f 2110/289/1977 1972/269/1923 1965/268/1915
f 1955/266/1906 1950/265/1900 2115/292/1980
f 1950/265/1900 2116/290/1978 2115/292/1980
f 2023/293/1981 2111/291/1979 1965/268/1915
f 1965/268/1915 1963/267/1914 2023/293/1981
f 1986/272/1935 1955/271/1906 2115/294/1980
f 2115/294/1980 2114/281/1970 1986/272/1935
f 2023/293/1981 1963/267/1914 1997/274/1947
f 1997/274/1947 2112/279/1968 2023/293/1981
f 1975/195/1927 2500/247/1982 1970/190/1921
f 2500/247/1982 1975/195/1927 2501/248/1983
f 1970/190/1921 2498/249/1984 1960/182/1911
f 1970/190/1921 2500/247/1982 2498/249/1984
f 1958/181/1910 1960/182/1911 2498/249/1984
f 2498/249/1984 2499/250/1985 1958/181/1910
f 1958/181/1910 2499/250/1985 2509/251/1986
f 2509/251/1986 1995/216/1945 1958/181/1910
f 1995/216/1945 2509/251/1986 1989/211/1939
f 2509/251/1986 2024/252/1987 1989/211/1939
f 1989/211/1939 2024/252/1987 1982/201/1933
f 2024/252/1987 2507/253/1988 1982/201/1933
f 1982/201/1933 2507/253/1988 2508/254/1989
f 2508/254/1989 1952/202/1902 1982/201/1933
f 2025/255/1990 1946/169/1896 2508/256/1989
f 2508/256/1989 1946/169/1896 1952/174/1902
f 2506/257/1991 1938/159/1884 2025/255/1990
f 2025/255/1990 1938/159/1884 1946/169/1896
f 2506/257/1991 2505/258/1992 1938/159/1884
f 2505/258/1992 1939/160/1885 1938/159/1884
f 2012/235/1962 2505/259/1992 2504/260/1993
f 2012/235/1962 1939/243/1885 2505/259/1992
f 2006/229/1956 2504/260/1993 2503/261/1994
f 2006/229/1956 2012/235/1962 2504/260/1993
f 2000/220/1950 2503/261/1994 2502/262/1995
f 2000/220/1950 2006/229/1956 2503/261/1994
f 1975/195/1927 2502/262/1995 2501/248/1983
f 1975/195/1927 2000/220/1950 2502/262/1995
f 2026/4/1996 2028/5/1997 2027/6/1998
f 2026/4/1996 2029/7/1999 2028/5/1997
f 2030/8/2000 2032/9/2001 2031/10/2002
f 2032/9/2001 2033/11/2003 2031/10/2002
f 2034/12/2004 2036/13/2005 2035/14/2006
f 2035/14/2006 2037/15/2007 2034/12/2004
f 2038/16/2008 2040/17/2009 2039/18/2010
f 2039/18/2010 2041/19/2011 2038/16/2008
f 2042/20/2012 2044/21/2013 2043/22/2014
f 2042/20/2012 2045/23/2015 2044/21/2013
f 2045/23/2015 2027/6/1998 2044/21/2013
f 2045/23/2015 2026/4/1996 2027/6/1998
f 2046/24/2016 2048/25/2017 2047/26/2018
f 2048/25/2017 2049/27/2019 2047/26/2018
f 2028/5/1997 2029/7/1999 2048/25/2017
f 2048/25/2017 2046/24/2016 2028/5/1997
f 2050/28/2020 2052/29/2021 2051/30/2022
f 2052/29/2021 2053/31/2023 2051/30/2022
f 2031/10/2002 2033/11/2003 2050/28/2020
f 2033/11/2003 2052/29/2021 2050/28/2020
f 2054/32/2024 2056/33/2025 2055/34/2026
f 2054/32/2024 2057/35/2027 2056/33/2025
f 2057/35/2027 2030/8/2000 2056/33/2025
f 2057/35/2027 2032/9/2001 2030/8/2000
f 2058/36/2028 2060/37/2029 2059/38/2030
f 2059/38/2030 2061/39/2031 2058/36/2028
f 2060/37/2029 2034/12/2004 2037/15/2007
f 2037/15/2007 2059/38/2030 2060/37/2029
f 2062/40/2032 2064/41/2033 2063/42/2034
f 2063/42/2034 2064/41/2033 2065/43/2035
f 2063/42/2034 2065/43/2035 2066/44/2036
f 2066/44/2036 2065/43/2035 2036/13/2005
f 2067/45/2037 2069/46/2038 2068/47/2039
f 2068/47/2039 2070/48/2040 2067/45/2037
f 2069/46/2038 2038/16/2008 2041/19/2011
f 2041/19/2011 2068/47/2039 2069/46/2038
f 2071/49/2041 2073/50/2042 2072/51/2043
f 2072/51/2043 2073/50/2042 2074/52/2044
f 2072/51/2043 2074/52/2044 2075/53/2045
f 2075/53/2045 2074/52/2044 2040/17/2009
f 2076/54/2046 2066/44/2036 2077/55/2047
f 2077/55/2047 2078/56/2048 2076/54/2046
f 2077/55/2047 2066/44/2036 2036/13/2005
f 2036/13/2005 2034/12/2004 2077/55/2047
f 2104/57/2049 2037/15/2007 2105/58/2050
f 2035/14/2006 2105/58/2050 2037/15/2007
f 2079/59/2051 2080/60/2052 2075/53/2045
f 2075/53/2045 2081/61/2053 2079/59/2051
f 2081/61/2053 2075/53/2045 2040/17/2009
f 2040/17/2009 2038/16/2008 2081/61/2053
f 2039/18/2010 2082/62/2054 2041/19/2011
f 2041/19/2011 2082/62/2054 2106/63/2055
f 2083/64/2056 2085/65/2057 2084/66/2058
f 2084/66/2058 2086/67/2059 2083/64/2056
f 2086/67/2059 2084/66/2058 2060/37/2029
f 2060/37/2029 2058/36/2028 2086/67/2059
f 2107/68/2060 2061/39/2031 2087/69/2061
f 2059/38/2030 2087/69/2061 2061/39/2031
f 2085/65/2057 2078/56/2048 2077/55/2047
f 2077/55/2047 2084/66/2058 2085/65/2057
f 2084/66/2058 2077/55/2047 2034/12/2004
f 2034/12/2004 2060/37/2029 2084/66/2058
f 2087/69/2061 2059/38/2030 2037/15/2007
f 2037/15/2007 2104/57/2049 2087/69/2061
f 2088/70/2062 2109/71/2063 2089/72/2064
f 2089/72/2064 2090/73/2065 2088/70/2062
f 2064/41/2033 2088/70/2062 2065/43/2035
f 2065/43/2035 2088/70/2062 2090/73/2065
f 2091/74/2066 2092/75/2067 2062/40/2032
f 2062/40/2032 2063/42/2034 2091/74/2066
f 2090/73/2065 2089/72/2064 2105/58/2050
f 2105/58/2050 2035/14/2006 2090/73/2065
f 2065/43/2035 2090/73/2065 2036/13/2005
f 2036/13/2005 2090/73/2065 2035/14/2006
f 2076/54/2046 2091/74/2066 2063/42/2034
f 2063/42/2034 2066/44/2036 2076/54/2046
f 2093/76/2068 2095/77/2069 2094/78/2070
f 2094/78/2070 2096/79/2071 2093/76/2068
f 2094/78/2070 2095/77/2069 2069/46/2038
f 2069/46/2038 2067/45/2037 2094/78/2070
f 2068/47/2039 2108/80/2072 2097/81/2073
f 2097/81/2073 2070/48/2040 2068/47/2039
f 2093/76/2068 2081/61/2053 2095/77/2069
f 2093/76/2068 2079/59/2051 2081/61/2053
f 2095/77/2069 2081/61/2053 2038/16/2008
f 2038/16/2008 2069/46/2038 2095/77/2069
f 2041/19/2011 2106/63/2055 2068/47/2039
f 2068/47/2039 2106/63/2055 2108/80/2072
f 2098/82/2074 2100/83/2075 2099/84/2076
f 2101/85/2077 2099/84/2076 2100/83/2075
f 2073/50/2042 2101/85/2077 2074/52/2044
f 2074/52/2044 2101/85/2077 2100/83/2075
f 2102/86/2078 2071/49/2041 2072/51/2043
f 2072/51/2043 2103/87/2079 2102/86/2078
f 2100/83/2075 2098/82/2074 2039/18/2010
f 2039/18/2010 2098/82/2074 2082/62/2054
f 2074/52/2044 2100/83/2075 2040/17/2009
f 2040/17/2009 2100/83/2075 2039/18/2010
f 2080/60/2052 2103/87/2079 2072/51/2043
f 2072/51/2043 2075/53/2045 2080/60/2052
f 2026/4/1996 2104/88/2049 2029/7/1999
f 2104/88/2049 2105/89/2050 2029/7/1999
f 2106/90/2055 2082/91/2054 2027/6/1998
f 2027/6/1998 2028/5/1997 2106/90/2055
f 2079/59/2051 2030/8/2000 2031/10/2002
f 2031/10/2002 2080/60/2052 2079/59/2051
f 2076/54/2046 2033/11/2003 2032/9/2001
f 2033/11/2003 2076/54/2046 2078/56/2048
f 2042/20/2012 2107/92/2060 2087/93/2061
f 2087/93/2061 2045/23/2015 2042/20/2012
f 2099/94/2076 2043/22/2014 2044/21/2013
f 2044/21/2013 2098/95/2074 2099/94/2076
f 2045/23/2015 2087/93/2061 2026/4/1996
f 2087/93/2061 2104/88/2049 2026/4/1996
f 2098/95/2074 2044/21/2013 2027/6/1998
f 2027/6/1998 2082/91/2054 2098/95/2074
f 2108/96/2072 2046/24/2016 2097/97/2073
f 2046/24/2016 2047/26/2018 2097/97/2073
f 2048/25/2017 2089/98/2064 2109/99/2063
f 2109/99/2063 2049/27/2019 2048/25/2017
f 2108/96/2072 2106/90/2055 2028/5/1997
f 2028/5/1997 2046/24/2016 2108/96/2072
f 2105/89/2050 2048/25/2017 2029/7/1999
f 2048/25/2017 2105/89/2050 2089/98/2064
f 2103/87/2079 2050/28/2020 2102/86/2078
f 2050/28/2020 2051/30/2022 2102/86/2078
f 2052/29/2021 2085/65/2057 2053/31/2023
f 2053/31/2023 2085/65/2057 2083/64/2056
f 2080/60/2052 2031/10/2002 2103/87/2079
f 2031/10/2002 2050/28/2020 2103/87/2079
f 2033/11/2003 2078/56/2048 2085/65/2057
f 2085/65/2057 2052/29/2021 2033/11/2003
f 2054/32/2024 2092/75/2067 2091/74/2066
f 2091/74/2066 2057/35/2027 2054/32/2024
f 2096/79/2071 2055/34/2026 2093/76/2068
f 2055/34/2026 2056/33/2025 2093/76/2068
f 2091/74/2066 2032/9/2001 2057/35/2027
f 2091/74/2066 2076/54/2046 2032/9/2001
f 2093/76/2068 2056/33/2025 2079/59/2051
f 2056/33/2025 2030/8/2000 2079/59/2051
f 2022/100/1975 2110/101/1977 2096/79/2071
f 2055/34/2026 2096/79/2071 2110/101/1977
f 2110/101/1977 2111/102/1979 2055/34/2026
f 2111/102/1979 2054/32/2024 2055/34/2026
f 2111/102/1979 2023/103/1981 2054/32/2024
f 2023/103/1981 2092/75/2067 2054/32/2024
f 2023/103/1981 2112/104/1968 2062/40/2032
f 2062/40/2032 2092/75/2067 2023/103/1981
f 2062/40/2032 2112/104/1968 2113/105/1969
f 2113/105/1969 2064/41/2033 2062/40/2032
f 2064/41/2033 2113/105/1969 2088/70/2062
f 2113/105/1969 2114/106/1970 2088/70/2062
f 2088/70/2062 2114/106/1970 2115/107/1980
f 2115/107/1980 2109/71/2063 2088/70/2062
f 2049/27/2019 2109/99/2063 2115/108/1980
f 2115/108/1980 2116/109/1978 2049/27/2019
f 2047/26/2018 2049/27/2019 2116/109/1978
f 2116/109/1978 2117/110/1976 2047/26/2018
f 2097/97/2073 2047/26/2018 2117/110/1976
f 2117/110/1976 2118/111/1974 2097/97/2073
f 2119/112/1972 2070/48/2040 2097/81/2073
f 2097/81/2073 2118/113/1974 2119/112/1972
f 2067/45/2037 2119/112/1972 2120/114/1971
f 2067/45/2037 2070/48/2040 2119/112/1972
f 2094/78/2070 2120/114/1971 2121/115/1973
f 2094/78/2070 2067/45/2037 2120/114/1971
f 2121/115/1973 2022/100/1975 2096/79/2071
f 2096/79/2071 2094/78/2070 2121/115/1973
f 2083/64/2056 2367/116/2080 2366/117/2081
f 2366/117/2081 2053/31/2023 2083/64/2056
f 2051/30/2022 2053/31/2023 2366/117/2081
f 2366/117/2081 2364/118/2082 2051/30/2022
f 2102/86/2078 2051/30/2022 2364/118/2082
f 2364/118/2082 2365/119/2083 2102/86/2078
f 2102/86/2078 2365/119/2083 2071/49/2041
f 2365/119/2083 2122/120/2084 2071/49/2041
f 2073/50/2042 2071/49/2041 2122/120/2084
f 2122/120/2084 2123/121/2085 2073/50/2042
f 2101/85/2077 2073/50/2042 2123/121/2085
f 2123/121/2085 2371/122/2086 2101/85/2077
f 2371/122/2086 2124/123/2087 2099/84/2076
f 2099/84/2076 2101/85/2077 2371/122/2086
f 2370/124/2088 2043/22/2014 2099/94/2076
f 2099/94/2076 2124/125/2087 2370/124/2088
f 2370/124/2088 2125/126/2089 2043/22/2014
f 2125/126/2089 2042/20/2012 2043/22/2014
f 2125/126/2089 2126/127/2090 2042/20/2012
f 2126/127/2090 2107/92/2060 2042/20/2012
f 2061/39/2031 2126/128/2090 2369/129/2091
f 2061/39/2031 2107/68/2060 2126/128/2090
f 2058/36/2028 2369/129/2091 2127/295/2092
f 2058/36/2028 2061/39/2031 2369/129/2091
f 2086/67/2059 2127/295/2092 2368/296/2093
f 2086/67/2059 2058/36/2028 2127/295/2092
f 2083/64/2056 2368/296/2093 2367/116/2080
f 2083/64/2056 2086/67/2059 2368/296/2093
f 2128/4/2094 2130/5/2095 2129/6/2096
f 2128/4/2094 2131/7/2097 2130/5/2095
f 2132/8/2098 2134/9/2099 2133/10/2100
f 2134/9/2099 2135/11/2101 2133/10/2100
f 2136/12/2102 2138/13/2103 2137/14/2104
f 2137/14/2104 2139/15/2105 2136/12/2102
f 2140/16/2106 2142/17/2107 2141/18/2108
f 2141/18/2108 2143/19/2109 2140/16/2106
f 2144/20/2110 2146/21/2111 2145/22/2112
f 2144/20/2110 2147/23/2113 2146/21/2111
f 2147/23/2113 2129/6/2096 2146/21/2111
f 2147/23/2113 2128/4/2094 2129/6/2096
f 2148/24/2114 2150/25/2115 2149/26/2116
f 2150/25/2115 2151/27/2117 2149/26/2116
f 2130/5/2095 2131/7/2097 2150/25/2115
f 2150/25/2115 2148/24/2114 2130/5/2095
f 2152/28/2118 2154/29/2119 2153/30/2120
f 2154/29/2119 2155/31/2121 2153/30/2120
f 2133/10/2100 2135/11/2101 2152/28/2118
f 2135/11/2101 2154/29/2119 2152/28/2118
f 2156/32/2122 2158/33/2123 2157/34/2124
f 2156/32/2122 2159/35/2125 2158/33/2123
f 2159/35/2125 2132/8/2098 2158/33/2123
f 2159/35/2125 2134/9/2099 2132/8/2098
f 2160/36/2126 2162/37/2127 2161/38/2128
f 2161/38/2128 2163/39/2129 2160/36/2126
f 2162/37/2127 2136/12/2102 2139/15/2105
f 2139/15/2105 2161/38/2128 2162/37/2127
f 2164/40/2130 2166/41/2131 2165/42/2132
f 2165/42/2132 2166/41/2131 2167/43/2133
f 2165/42/2132 2167/43/2133 2168/44/2134
f 2168/44/2134 2167/43/2133 2138/13/2103
f 2169/45/2135 2171/46/2136 2170/47/2137
f 2170/47/2137 2172/48/2138 2169/45/2135
f 2171/46/2136 2140/16/2106 2143/19/2109
f 2143/19/2109 2170/47/2137 2171/46/2136
f 2173/49/2139 2175/50/2140 2174/51/2141
f 2174/51/2141 2175/50/2140 2176/52/2142
f 2174/51/2141 2176/52/2142 2177/53/2143
f 2177/53/2143 2176/52/2142 2142/17/2107
f 2178/54/2144 2168/44/2134 2179/55/2145
f 2179/55/2145 2180/56/2146 2178/54/2144
f 2179/55/2145 2168/44/2134 2138/13/2103
f 2138/13/2103 2136/12/2102 2179/55/2145
f 2206/57/2147 2139/15/2105 2207/58/2148
f 2137/14/2104 2207/58/2148 2139/15/2105
f 2181/59/2149 2182/60/2150 2177/53/2143
f 2177/53/2143 2183/61/2151 2181/59/2149
f 2183/61/2151 2177/53/2143 2142/17/2107
f 2142/17/2107 2140/16/2106 2183/61/2151
f 2141/18/2108 2184/62/2152 2143/19/2109
f 2143/19/2109 2184/62/2152 2208/63/2153
f 2185/64/2154 2187/65/2155 2186/66/2156
f 2186/66/2156 2188/67/2157 2185/64/2154
f 2188/67/2157 2186/66/2156 2162/37/2127
f 2162/37/2127 2160/36/2126 2188/67/2157
f 2209/68/2158 2163/39/2129 2189/69/2159
f 2161/38/2128 2189/69/2159 2163/39/2129
f 2187/65/2155 2180/56/2146 2179/55/2145
f 2179/55/2145 2186/66/2156 2187/65/2155
f 2186/66/2156 2179/55/2145 2136/12/2102
f 2136/12/2102 2162/37/2127 2186/66/2156
f 2189/69/2159 2161/38/2128 2139/15/2105
f 2139/15/2105 2206/57/2147 2189/69/2159
f 2190/70/2160 2211/71/2161 2191/72/2162
f 2191/72/2162 2192/73/2163 2190/70/2160
f 2166/41/2131 2190/70/2160 2167/43/2133
f 2167/43/2133 2190/70/2160 2192/73/2163
f 2193/74/2164 2194/75/2165 2164/40/2130
f 2164/40/2130 2165/42/2132 2193/74/2164
f 2192/73/2163 2191/72/2162 2207/58/2148
f 2207/58/2148 2137/14/2104 2192/73/2163
f 2167/43/2133 2192/73/2163 2138/13/2103
f 2138/13/2103 2192/73/2163 2137/14/2104
f 2178/54/2144 2193/74/2164 2165/42/2132
f 2165/42/2132 2168/44/2134 2178/54/2144
f 2195/76/2166 2197/77/2167 2196/78/2168
f 2196/78/2168 2198/79/2169 2195/76/2166
f 2196/78/2168 2197/77/2167 2171/46/2136
f 2171/46/2136 2169/45/2135 2196/78/2168
f 2170/47/2137 2210/80/2170 2199/81/2171
f 2199/81/2171 2172/48/2138 2170/47/2137
f 2195/76/2166 2183/61/2151 2197/77/2167
f 2195/76/2166 2181/59/2149 2183/61/2151
f 2197/77/2167 2183/61/2151 2140/16/2106
f 2140/16/2106 2171/46/2136 2197/77/2167
f 2143/19/2109 2208/63/2153 2170/47/2137
f 2170/47/2137 2208/63/2153 2210/80/2170
f 2200/82/2172 2202/83/2173 2201/84/2174
f 2203/85/2175 2201/84/2174 2202/83/2173
f 2175/50/2140 2203/85/2175 2176/52/2142
f 2176/52/2142 2203/85/2175 2202/83/2173
f 2204/86/2176 2173/49/2139 2174/51/2141
f 2174/51/2141 2205/87/2177 2204/86/2176
f 2202/83/2173 2200/82/2172 2141/18/2108
f 2141/18/2108 2200/82/2172 2184/62/2152
f 2176/52/2142 2202/83/2173 2142/17/2107
f 2142/17/2107 2202/83/2173 2141/18/2108
f 2182/60/2150 2205/87/2177 2174/51/2141
f 2174/51/2141 2177/53/2143 2182/60/2150
f 2128/4/2094 2206/88/2147 2131/7/2097
f 2206/88/2147 2207/89/2148 2131/7/2097
f 2208/90/2153 2184/91/2152 2129/6/2096
f 2129/6/2096 2130/5/2095 2208/90/2153
f 2181/59/2149 2132/8/2098 2133/10/2100
f 2133/10/2100 2182/60/2150 2181/59/2149
f 2178/54/2144 2135/11/2101 2134/9/2099
f 2135/11/2101 2178/54/2144 2180/56/2146
f 2144/20/2110 2209/92/2158 2189/93/2159
f 2189/93/2159 2147/23/2113 2144/20/2110
f 2201/94/2174 2145/22/2112 2146/21/2111
f 2146/21/2111 2200/95/2172 2201/94/2174
f 2147/23/2113 2189/93/2159 2128/4/2094
f 2189/93/2159 2206/88/2147 2128/4/2094
f 2200/95/2172 2146/21/2111 2129/6/2096
f 2129/6/2096 2184/91/2152 2200/95/2172
f 2210/96/2170 2148/24/2114 2199/97/2171
f 2148/24/2114 2149/26/2116 2199/97/2171
f 2150/25/2115 2191/98/2162 2211/99/2161
f 2211/99/2161 2151/27/2117 2150/25/2115
f 2210/96/2170 2208/90/2153 2130/5/2095
f 2130/5/2095 2148/24/2114 2210/96/2170
f 2207/89/2148 2150/25/2115 2131/7/2097
f 2150/25/2115 2207/89/2148 2191/98/2162
f 2205/87/2177 2152/28/2118 2204/86/2176
f 2152/28/2118 2153/30/2120 2204/86/2176
f 2154/29/2119 2187/65/2155 2155/31/2121
f 2155/31/2121 2187/65/2155 2185/64/2154
f 2182/60/2150 2133/10/2100 2205/87/2177
f 2133/10/2100 2152/28/2118 2205/87/2177
f 2135/11/2101 2180/56/2146 2187/65/2155
f 2187/65/2155 2154/29/2119 2135/11/2101
f 2156/32/2122 2194/75/2165 2193/74/2164
f 2193/74/2164 2159/35/2125 2156/32/2122
f 2198/79/2169 2157/34/2124 2195/76/2166
f 2157/34/2124 2158/33/2123 2195/76/2166
f 2193/74/2164 2134/9/2099 2159/35/2125
f 2193/74/2164 2178/54/2144 2134/9/2099
f 2195/76/2166 2158/33/2123 2181/59/2149
f 2158/33/2123 2132/8/2098 2181/59/2149
f 2356/100/2178 2212/101/2179 2198/79/2169
f 2157/34/2124 2198/79/2169 2212/101/2179
f 2212/101/2179 2354/102/2180 2157/34/2124
f 2354/102/2180 2156/32/2122 2157/34/2124
f 2354/102/2180 2355/103/2181 2156/32/2122
f 2355/103/2181 2194/75/2165 2156/32/2122
f 2355/103/2181 2213/104/2182 2164/40/2130
f 2164/40/2130 2194/75/2165 2355/103/2181
f 2164/40/2130 2213/104/2182 2363/105/2183
f 2363/105/2183 2166/41/2131 2164/40/2130
f 2166/41/2131 2363/105/2183 2190/70/2160
f 2363/105/2183 2362/106/2184 2190/70/2160
f 2190/70/2160 2362/106/2184 2361/107/2185
f 2361/107/2185 2211/71/2161 2190/70/2160
f 2151/27/2117 2211/99/2161 2361/108/2185
f 2361/108/2185 2360/109/2186 2151/27/2117
f 2149/26/2116 2151/27/2117 2360/109/2186
f 2360/109/2186 2359/110/2187 2149/26/2116
f 2199/97/2171 2149/26/2116 2359/110/2187
f 2359/110/2187 2358/111/2188 2199/97/2171
f 2214/112/2189 2172/48/2138 2199/81/2171
f 2199/81/2171 2358/113/2188 2214/112/2189
f 2169/45/2135 2214/112/2189 2215/114/2190
f 2169/45/2135 2172/48/2138 2214/112/2189
f 2196/78/2168 2215/114/2190 2357/115/2191
f 2196/78/2168 2169/45/2135 2215/114/2190
f 2357/115/2191 2356/100/2178 2198/79/2169
f 2198/79/2169 2196/78/2168 2357/115/2191
f 2185/64/2154 2217/116/1427 2216/117/1426
f 2216/117/1426 2155/31/2121 2185/64/2154
f 2153/30/2120 2155/31/2121 2216/117/1426
f 2216/117/1426 2218/118/1425 2153/30/2120
f 2204/86/2176 2153/30/2120 2218/118/1425
f 2218/118/1425 2219/119/1424 2204/86/2176
f 2204/86/2176 2219/119/1424 2173/49/2139
f 2219/119/1424 1485/120/1437 2173/49/2139
f 2175/50/2140 2173/49/2139 1485/120/1437
f 1485/120/1437 2220/121/1436 2175/50/2140
f 2203/85/2175 2175/50/2140 2220/121/1436
f 2220/121/1436 2221/122/1435 2203/85/2175
f 2221/122/1435 2222/123/1434 2201/84/2174
f 2201/84/2174 2203/85/2175 2221/122/1435
f 2223/124/1433 2145/22/2112 2201/94/2174
f 2201/94/2174 2222/125/1434 2223/124/1433
f 2223/124/1433 1484/126/1432 2145/22/2112
f 1484/126/1432 2144/20/2110 2145/22/2112
f 1484/126/1432 2224/127/1431 2144/20/2110
f 2224/127/1431 2209/92/2158 2144/20/2110
f 2163/39/2129 2224/128/1431 2225/129/1430
f 2163/39/2129 2209/68/2158 2224/128/1431
f 2160/36/2126 2225/129/1430 2226/295/1429
f 2160/36/2126 2163/39/2129 2225/129/1430
f 2188/67/2157 2226/295/1429 2227/296/1428
f 2188/67/2157 2160/36/2126 2226/295/1429
f 2185/64/2154 2227/296/1428 2217/116/1427
f 2185/64/2154 2188/67/2157 2227/296/1428
f 2228/634/2192 2230/635/2193 2229/636/2194
f 2230/635/2193 2231/637/2195 2229/636/2194
f 2230/635/2193 2233/638/2196 2232/639/2197
f 2232/639/2197 2231/637/2195 2230/635/2193
f 2233/638/2196 2234/640/2198 2232/639/2197
f 2234/640/2198 2243/641/2199 2232/639/2197
f 2235/642/2200 2237/643/2201 2236/644/2202
f 2235/642/2200 2238/645/2203 2237/643/2201
f 2236/644/2202 2240/646/2204 2239/647/2205
f 2236/644/2202 2237/643/2201 2240/646/2204
f 2239/647/2205 2242/648/2206 2241/649/2207
f 2239/647/2205 2240/646/2204 2242/648/2206
f 2234/650/2198 2244/651/2208 2243/652/2199
f 2245/653/2209 2243/652/2199 2244/651/2208
f 2244/651/2208 2246/654/2210 2245/653/2209
f 2247/655/2211 2245/653/2209 2246/654/2210
f 2246/654/2210 2248/656/2212 2247/655/2211
f 2249/657/2213 2247/655/2211 2248/656/2212
f 2248/656/2212 2238/645/2203 2249/657/2213
f 2235/642/2200 2249/657/2213 2238/645/2203
f 2242/648/2206 2250/658/2214 2241/649/2207
f 2242/648/2206 2251/659/2215 2250/658/2214
f 2251/659/2215 2252/660/2216 2250/658/2214
f 2251/659/2215 2253/661/2217 2252/660/2216
f 2253/661/2217 2254/662/2218 2252/660/2216
f 2253/661/2217 2255/663/2219 2254/662/2218
f 2256/664/2220 2228/665/2192 2255/663/2219
f 2256/664/2220 2261/666/2221 2228/665/2192
f 2352/667/2222 2258/668/2223 2257/669/2224
f 2257/669/2224 2351/670/2225 2352/667/2222
f 2351/670/2225 2257/669/2224 2259/671/2226
f 2259/671/2226 2353/672/2227 2351/670/2225
f 2353/672/2227 2259/671/2226 2260/673/2228
f 2260/673/2228 2261/674/2221 2353/672/2227
f 2261/674/2221 2260/673/2228 2228/634/2192
f 2260/673/2228 2230/635/2193 2228/634/2192
f 2262/675/2229 2264/676/2230 2263/677/2231
f 2262/675/2229 2265/678/2232 2264/676/2230
f 2266/679/2233 2267/680/2234 2263/677/2231
f 2263/677/2231 2267/680/2234 2262/675/2229
f 2229/636/2194 2231/637/2195 2266/679/2233
f 2266/679/2233 2231/637/2195 2267/680/2234
f 2258/668/2223 2269/681/2235 2268/682/2236
f 2268/682/2236 2257/669/2224 2258/668/2223
f 2257/669/2224 2268/682/2236 2270/683/2237
f 2270/683/2237 2259/671/2226 2257/669/2224
f 2259/671/2226 2270/683/2237 2271/684/2238
f 2271/684/2238 2260/673/2228 2259/671/2226
f 2260/673/2228 2271/684/2238 2233/638/2196
f 2233/638/2196 2230/635/2193 2260/673/2228
f 2272/685/2239 2265/678/2232 2262/675/2229
f 2272/685/2239 2273/686/2240 2265/678/2232
f 2267/680/2234 2274/687/2241 2262/675/2229
f 2262/675/2229 2274/687/2241 2272/685/2239
f 2231/637/2195 2232/639/2197 2267/680/2234
f 2267/680/2234 2232/639/2197 2274/687/2241
f 2269/681/2235 2275/688/2242 2308/689/2243
f 2308/689/2243 2268/682/2236 2269/681/2235
f 2268/682/2236 2308/689/2243 2276/690/2244
f 2276/690/2244 2270/683/2237 2268/682/2236
f 2270/683/2237 2276/690/2244 2277/691/2245
f 2277/691/2245 2271/684/2238 2270/683/2237
f 2271/684/2238 2277/691/2245 2233/638/2196
f 2234/640/2198 2233/638/2196 2277/691/2245
f 2278/692/2246 2273/686/2240 2272/685/2239
f 2278/692/2246 2279/693/2247 2273/686/2240
f 2274/687/2241 2316/694/2248 2272/685/2239
f 2272/685/2239 2316/694/2248 2278/692/2246
f 2232/639/2197 2243/641/2199 2274/687/2241
f 2274/687/2241 2243/641/2199 2316/694/2248
f 2280/695/2249 2282/696/2250 2281/697/2251
f 2281/697/2251 2283/698/2252 2280/695/2249
f 2284/699/2253 2285/700/2254 2280/695/2249
f 2280/695/2249 2285/700/2254 2282/696/2250
f 2286/701/2255 2287/702/2256 2284/699/2253
f 2284/699/2253 2287/702/2256 2285/700/2254
f 2238/645/2203 2286/701/2255 2237/643/2201
f 2238/645/2203 2287/702/2256 2286/701/2255
f 2288/703/2257 2290/704/2258 2289/705/2259
f 2289/705/2259 2291/706/2260 2288/703/2257
f 2288/703/2257 2291/706/2260 2292/707/2261
f 2292/707/2261 2293/708/2262 2288/703/2257
f 2293/708/2262 2292/707/2261 2235/642/2200
f 2235/642/2200 2236/644/2202 2293/708/2262
f 2280/695/2249 2295/709/2263 2294/710/2264
f 2280/695/2249 2283/698/2252 2295/709/2263
f 2296/711/2265 2284/699/2253 2294/710/2264
f 2294/710/2264 2284/699/2253 2280/695/2249
f 2297/712/2266 2286/701/2255 2296/711/2265
f 2296/711/2265 2286/701/2255 2284/699/2253
f 2237/643/2201 2297/712/2266 2240/646/2204
f 2237/643/2201 2286/701/2255 2297/712/2266
f 2298/713/2267 2290/704/2258 2288/703/2257
f 2288/703/2257 2299/714/2268 2298/713/2267
f 2299/714/2268 2288/703/2257 2293/708/2262
f 2293/708/2262 2300/715/2269 2299/714/2268
f 2300/715/2269 2293/708/2262 2236/644/2202
f 2236/644/2202 2239/647/2205 2300/715/2269
f 2294/710/2264 2302/716/2270 2301/717/2271
f 2294/710/2264 2295/709/2263 2302/716/2270
f 2303/718/2272 2296/711/2265 2301/717/2271
f 2301/717/2271 2296/711/2265 2294/710/2264
f 2304/719/2273 2297/712/2266 2303/718/2272
f 2303/718/2272 2297/712/2266 2296/711/2265
f 2240/646/2204 2304/719/2273 2242/648/2206
f 2240/646/2204 2297/712/2266 2304/719/2273
f 2305/720/2274 2298/713/2267 2299/714/2268
f 2299/714/2268 2306/721/2275 2305/720/2274
f 2306/721/2275 2299/714/2268 2300/715/2269
f 2300/715/2269 2307/722/2276 2306/721/2275
f 2307/722/2276 2300/715/2269 2239/647/2205
f 2239/647/2205 2241/649/2207 2307/722/2276
f 2275/723/2242 2309/724/2277 2308/725/2243
f 2310/726/2278 2308/725/2243 2309/724/2277
f 2308/725/2243 2310/726/2278 2276/727/2244
f 2311/728/2279 2276/727/2244 2310/726/2278
f 2276/727/2244 2311/728/2279 2277/729/2245
f 2312/730/2280 2277/729/2245 2311/728/2279
f 2277/729/2245 2312/730/2280 2234/650/2198
f 2244/651/2208 2234/650/2198 2312/730/2280
f 2313/731/2281 2314/732/2282 2279/733/2247
f 2279/733/2247 2278/734/2246 2313/731/2281
f 2315/735/2283 2313/731/2281 2278/734/2246
f 2278/734/2246 2316/736/2248 2315/735/2283
f 2245/653/2209 2315/735/2283 2316/736/2248
f 2316/736/2248 2243/652/2199 2245/653/2209
f 2309/724/2277 2317/737/2284 2310/726/2278
f 2318/738/2285 2310/726/2278 2317/737/2284
f 2310/726/2278 2318/738/2285 2311/728/2279
f 2319/739/2286 2311/728/2279 2318/738/2285
f 2311/728/2279 2319/739/2286 2312/730/2280
f 2320/740/2287 2312/730/2280 2319/739/2286
f 2312/730/2280 2320/740/2287 2244/651/2208
f 2246/654/2210 2244/651/2208 2320/740/2287
f 2321/741/2288 2322/742/2289 2314/732/2282
f 2314/732/2282 2313/731/2281 2321/741/2288
f 2321/741/2288 2315/735/2283 2323/743/2290
f 2321/741/2288 2313/731/2281 2315/735/2283
f 2247/655/2211 2323/743/2290 2315/735/2283
f 2315/735/2283 2245/653/2209 2247/655/2211
f 2317/737/2284 2324/744/2291 2318/738/2285
f 2325/745/2292 2318/738/2285 2324/744/2291
f 2318/738/2285 2325/745/2292 2319/739/2286
f 2326/746/2293 2319/739/2286 2325/745/2292
f 2319/739/2286 2326/746/2293 2320/740/2287
f 2327/747/2294 2320/740/2287 2326/746/2293
f 2320/740/2287 2327/747/2294 2246/654/2210
f 2248/656/2212 2246/654/2210 2327/747/2294
f 2328/748/2295 2329/749/2296 2322/742/2289
f 2322/742/2289 2321/741/2288 2328/748/2295
f 2328/748/2295 2323/743/2290 2330/750/2297
f 2328/748/2295 2321/741/2288 2323/743/2290
f 2330/750/2297 2323/743/2290 2247/655/2211
f 2247/655/2211 2249/657/2213 2330/750/2297
f 2324/744/2291 2281/697/2251 2325/745/2292
f 2282/696/2250 2325/745/2292 2281/697/2251
f 2325/745/2292 2282/696/2250 2326/746/2293
f 2285/700/2254 2326/746/2293 2282/696/2250
f 2326/746/2293 2285/700/2254 2327/747/2294
f 2287/702/2256 2327/747/2294 2285/700/2254
f 2327/747/2294 2287/702/2256 2248/656/2212
f 2238/645/2203 2248/656/2212 2287/702/2256
f 2291/706/2260 2289/705/2259 2329/749/2296
f 2329/749/2296 2328/748/2295 2291/706/2260
f 2291/706/2260 2330/750/2297 2292/707/2261
f 2291/706/2260 2328/748/2295 2330/750/2297
f 2292/707/2261 2330/750/2297 2249/657/2213
f 2249/657/2213 2235/642/2200 2292/707/2261
f 2302/716/2270 2331/751/2298 2301/717/2271
f 2302/716/2270 2332/752/2299 2331/751/2298
f 2301/717/2271 2331/751/2298 2333/753/2300
f 2301/717/2271 2333/753/2300 2303/718/2272
f 2303/718/2272 2333/753/2300 2334/754/2301
f 2303/718/2272 2334/754/2301 2304/719/2273
f 2304/719/2273 2251/659/2215 2242/648/2206
f 2304/719/2273 2334/754/2301 2251/659/2215
f 2306/721/2275 2335/755/2302 2305/720/2274
f 2306/721/2275 2336/756/2303 2335/755/2302
f 2306/721/2275 2307/722/2276 2337/757/2304
f 2337/757/2304 2336/756/2303 2306/721/2275
f 2307/722/2276 2241/649/2207 2250/658/2214
f 2250/658/2214 2337/757/2304 2307/722/2276
f 2332/752/2299 2338/758/2305 2331/751/2298
f 2332/752/2299 2339/759/2306 2338/758/2305
f 2331/751/2298 2338/758/2305 2340/760/2307
f 2331/751/2298 2340/760/2307 2333/753/2300
f 2333/753/2300 2341/761/2308 2334/754/2301
f 2333/753/2300 2340/760/2307 2341/761/2308
f 2334/754/2301 2253/661/2217 2251/659/2215
f 2334/754/2301 2341/761/2308 2253/661/2217
f 2336/756/2303 2342/762/2309 2335/755/2302
f 2336/756/2303 2343/763/2310 2342/762/2309
f 2336/756/2303 2337/757/2304 2344/764/2311
f 2344/764/2311 2343/763/2310 2336/756/2303
f 2337/757/2304 2250/658/2214 2252/660/2216
f 2252/660/2216 2344/764/2311 2337/757/2304
f 2339/759/2306 2345/765/2312 2338/758/2305
f 2339/759/2306 2346/766/2313 2345/765/2312
f 2338/758/2305 2347/767/2314 2340/760/2307
f 2338/758/2305 2345/765/2312 2347/767/2314
f 2340/760/2307 2256/664/2220 2341/761/2308
f 2340/760/2307 2347/767/2314 2256/664/2220
f 2341/761/2308 2255/663/2219 2253/661/2217
f 2341/761/2308 2256/664/2220 2255/663/2219
f 2343/763/2310 2348/768/2315 2342/762/2309
f 2343/763/2310 2349/769/2316 2348/768/2315
f 2343/763/2310 2344/764/2311 2350/770/2317
f 2350/770/2317 2349/769/2316 2343/763/2310
f 2344/764/2311 2252/660/2216 2254/662/2218
f 2254/662/2218 2350/770/2317 2344/764/2311
f 2349/769/2316 2264/771/2230 2348/768/2315
f 2349/769/2316 2263/772/2231 2264/771/2230
f 2263/772/2231 2349/769/2316 2350/770/2317
f 2350/770/2317 2266/773/2233 2263/772/2231
f 2350/770/2317 2254/662/2218 2266/773/2233
f 2254/662/2218 2229/774/2194 2266/773/2233
f 2255/663/2219 2229/774/2194 2254/662/2218
f 2255/663/2219 2228/665/2192 2229/774/2194
f 2346/766/2313 2351/775/2225 2345/765/2312
f 2346/766/2313 2352/776/2222 2351/775/2225
f 2345/765/2312 2353/777/2227 2347/767/2314
f 2345/765/2312 2351/775/2225 2353/777/2227
f 2347/767/2314 2261/666/2221 2256/664/2220
f 2347/767/2314 2353/777/2227 2261/666/2221
f 2354/778/2180 2298/713/2267 2355/779/2181
f 2355/779/2181 2298/713/2267 2305/720/2274
f 2212/780/2179 2290/704/2258 2298/713/2267
f 2298/713/2267 2354/778/2180 2212/780/2179
f 2212/780/2179 2356/781/2178 2289/705/2259
f 2289/705/2259 2290/704/2258 2212/780/2179
f 2289/705/2259 2356/781/2178 2357/782/2191
f 2357/782/2191 2329/749/2296 2289/705/2259
f 2329/749/2296 2357/782/2191 2215/783/2190
f 2215/783/2190 2322/742/2289 2329/749/2296
f 2322/742/2289 2215/783/2190 2214/784/2189
f 2214/784/2189 2314/732/2282 2322/742/2289
f 2314/732/2282 2214/784/2189 2358/785/2188
f 2358/785/2188 2279/733/2247 2314/732/2282
f 2273/686/2240 2279/693/2247 2358/786/2188
f 2358/786/2188 2359/787/2187 2273/686/2240
f 2265/678/2232 2273/686/2240 2359/787/2187
f 2359/787/2187 2360/788/2186 2265/678/2232
f 2265/678/2232 2361/789/2185 2264/676/2230
f 2265/678/2232 2360/788/2186 2361/789/2185
f 2348/768/2315 2361/790/2185 2362/791/2184
f 2348/768/2315 2264/771/2230 2361/790/2185
f 2342/762/2309 2362/791/2184 2363/792/2183
f 2342/762/2309 2348/768/2315 2362/791/2184
f 2335/755/2302 2363/792/2183 2213/793/2182
f 2335/755/2302 2342/762/2309 2363/792/2183
f 2305/720/2274 2213/793/2182 2355/779/2181
f 2305/720/2274 2335/755/2302 2213/793/2182
f 2281/697/2251 2364/794/2082 2283/698/2252
f 2364/794/2082 2281/697/2251 2365/795/2083
f 2295/709/2263 2283/698/2252 2364/794/2082
f 2364/794/2082 2366/796/2081 2295/709/2263
f 2295/709/2263 2366/796/2081 2367/797/2080
f 2367/797/2080 2302/716/2270 2295/709/2263
f 2367/797/2080 2332/752/2299 2302/716/2270
f 2367/797/2080 2368/798/2093 2332/752/2299
f 2368/798/2093 2339/759/2306 2332/752/2299
f 2368/798/2093 2127/799/2092 2339/759/2306
f 2127/799/2092 2346/766/2313 2339/759/2306
f 2127/799/2092 2369/800/2091 2346/766/2313
f 2369/800/2091 2352/776/2222 2346/766/2313
f 2369/800/2091 2126/801/2090 2352/776/2222
f 2125/802/2089 2258/668/2223 2126/803/2090
f 2126/803/2090 2258/668/2223 2352/667/2222
f 2370/804/2088 2269/681/2235 2258/668/2223
f 2258/668/2223 2125/802/2089 2370/804/2088
f 2370/804/2088 2124/805/2087 2269/681/2235
f 2124/805/2087 2275/688/2242 2269/681/2235
f 2124/806/2087 2371/807/2086 2275/723/2242
f 2309/724/2277 2275/723/2242 2371/807/2086
f 2371/807/2086 2123/808/2085 2309/724/2277
f 2317/737/2284 2309/724/2277 2123/808/2085
f 2123/808/2085 2122/809/2084 2317/737/2284
f 2324/744/2291 2317/737/2284 2122/809/2084
f 2122/809/2084 2365/795/2083 2324/744/2291
f 2281/697/2251 2324/744/2291 2365/795/2083
f 2399/634/2318 2372/635/2319 2497/636/2320
f 2372/635/2319 2373/637/2321 2497/636/2320
f 2372/635/2319 2375/638/2322 2374/639/2323
f 2374/639/2323 2373/637/2321 2372/635/2319
f 2375/638/2322 2385/640/2324 2374/639/2323
f 2385/640/2324 2376/641/2325 2374/639/2323
f 2377/642/2326 2379/643/2327 2378/644/2328
f 2377/642/2326 2380/645/2329 2379/643/2327
f 2378/644/2328 2382/646/2330 2381/647/2331
f 2378/644/2328 2379/643/2327 2382/646/2330
f 2381/647/2331 2384/648/2332 2383/649/2333
f 2381/647/2331 2382/646/2330 2384/648/2332
f 2385/650/2324 2386/651/2334 2376/652/2325
f 2387/653/2335 2376/652/2325 2386/651/2334
f 2386/651/2334 2388/654/2336 2387/653/2335
f 2389/655/2337 2387/653/2335 2388/654/2336
f 2388/654/2336 2390/656/2338 2389/655/2337
f 2391/657/2339 2389/655/2337 2390/656/2338
f 2390/656/2338 2380/645/2329 2391/657/2339
f 2377/642/2326 2391/657/2339 2380/645/2329
f 2384/648/2332 2392/658/2340 2383/649/2333
f 2384/648/2332 2393/659/2341 2392/658/2340
f 2393/659/2341 2394/660/2342 2392/658/2340
f 2393/659/2341 2395/661/2343 2394/660/2342
f 2395/661/2343 2396/662/2344 2394/660/2342
f 2395/661/2343 2397/663/2345 2396/662/2344
f 2398/664/2346 2399/665/2318 2397/663/2345
f 2398/664/2346 2407/666/2347 2399/665/2318
f 2400/667/2348 2402/668/2349 2401/669/2350
f 2401/669/2350 2403/670/2351 2400/667/2348
f 2403/670/2351 2401/669/2350 2404/671/2352
f 2404/671/2352 2405/672/2353 2403/670/2351
f 2405/672/2353 2404/671/2352 2406/673/2354
f 2406/673/2354 2407/674/2347 2405/672/2353
f 2407/674/2347 2406/673/2354 2399/634/2318
f 2406/673/2354 2372/635/2319 2399/634/2318
f 2408/675/2355 2410/676/2356 2409/677/2357
f 2408/675/2355 2411/678/2358 2410/676/2356
f 2496/679/2359 2412/680/2360 2409/677/2357
f 2409/677/2357 2412/680/2360 2408/675/2355
f 2497/636/2320 2373/637/2321 2496/679/2359
f 2496/679/2359 2373/637/2321 2412/680/2360
f 2402/668/2349 2414/681/2361 2413/682/2362
f 2413/682/2362 2401/669/2350 2402/668/2349
f 2401/669/2350 2413/682/2362 2415/683/2363
f 2415/683/2363 2404/671/2352 2401/669/2350
f 2404/671/2352 2415/683/2363 2416/684/2364
f 2416/684/2364 2406/673/2354 2404/671/2352
f 2406/673/2354 2416/684/2364 2375/638/2322
f 2375/638/2322 2372/635/2319 2406/673/2354
f 2417/685/2365 2411/678/2358 2408/675/2355
f 2417/685/2365 2418/686/2366 2411/678/2358
f 2412/680/2360 2419/687/2367 2408/675/2355
f 2408/675/2355 2419/687/2367 2417/685/2365
f 2373/637/2321 2374/639/2323 2412/680/2360
f 2412/680/2360 2374/639/2323 2419/687/2367
f 2414/681/2361 2421/688/2368 2420/689/2369
f 2420/689/2369 2413/682/2362 2414/681/2361
f 2413/682/2362 2420/689/2369 2422/690/2370
f 2422/690/2370 2415/683/2363 2413/682/2362
f 2415/683/2363 2422/690/2370 2456/691/2371
f 2456/691/2371 2416/684/2364 2415/683/2363
f 2416/684/2364 2456/691/2371 2375/638/2322
f 2385/640/2324 2375/638/2322 2456/691/2371
f 2423/692/2372 2418/686/2366 2417/685/2365
f 2423/692/2372 2459/693/2373 2418/686/2366
f 2419/687/2367 2424/694/2374 2417/685/2365
f 2417/685/2365 2424/694/2374 2423/692/2372
f 2374/639/2323 2376/641/2325 2419/687/2367
f 2419/687/2367 2376/641/2325 2424/694/2374
f 2425/695/2375 2427/696/2376 2426/697/2377
f 2426/697/2377 2428/698/2378 2425/695/2375
f 2429/699/2379 2430/700/2380 2425/695/2375
f 2425/695/2375 2430/700/2380 2427/696/2376
f 2431/701/2381 2432/702/2382 2429/699/2379
f 2429/699/2379 2432/702/2382 2430/700/2380
f 2380/645/2329 2431/701/2381 2379/643/2327
f 2380/645/2329 2432/702/2382 2431/701/2381
f 2433/703/2383 2435/704/2384 2434/705/2385
f 2434/705/2385 2436/706/2386 2433/703/2383
f 2433/703/2383 2436/706/2386 2437/707/2387
f 2437/707/2387 2438/708/2388 2433/703/2383
f 2438/708/2388 2437/707/2387 2377/642/2326
f 2377/642/2326 2378/644/2328 2438/708/2388
f 2425/695/2375 2440/709/2389 2439/710/2390
f 2425/695/2375 2428/698/2378 2440/709/2389
f 2441/711/2391 2429/699/2379 2439/710/2390
f 2439/710/2390 2429/699/2379 2425/695/2375
f 2442/712/2392 2431/701/2381 2441/711/2391
f 2441/711/2391 2431/701/2381 2429/699/2379
f 2379/643/2327 2442/712/2392 2382/646/2330
f 2379/643/2327 2431/701/2381 2442/712/2392
f 2443/713/2393 2435/704/2384 2433/703/2383
f 2433/703/2383 2444/714/2394 2443/713/2393
f 2444/714/2394 2433/703/2383 2438/708/2388
f 2438/708/2388 2445/715/2395 2444/714/2394
f 2445/715/2395 2438/708/2388 2378/644/2328
f 2378/644/2328 2381/647/2331 2445/715/2395
f 2439/710/2390 2447/716/2396 2446/717/2397
f 2439/710/2390 2440/709/2389 2447/716/2396
f 2448/718/2398 2441/711/2391 2446/717/2397
f 2446/717/2397 2441/711/2391 2439/710/2390
f 2449/719/2399 2442/712/2392 2448/718/2398
f 2448/718/2398 2442/712/2392 2441/711/2391
f 2382/646/2330 2449/719/2399 2384/648/2332
f 2382/646/2330 2442/712/2392 2449/719/2399
f 2450/720/2400 2443/713/2393 2444/714/2394
f 2444/714/2394 2451/721/2401 2450/720/2400
f 2451/721/2401 2444/714/2394 2445/715/2395
f 2445/715/2395 2452/722/2402 2451/721/2401
f 2452/722/2402 2445/715/2395 2381/647/2331
f 2381/647/2331 2383/649/2333 2452/722/2402
f 2421/723/2368 2453/724/2403 2420/725/2369
f 2454/726/2404 2420/725/2369 2453/724/2403
f 2420/725/2369 2454/726/2404 2422/727/2370
f 2455/728/2405 2422/727/2370 2454/726/2404
f 2422/727/2370 2455/728/2405 2456/729/2371
f 2457/730/2406 2456/729/2371 2455/728/2405
f 2456/729/2371 2457/730/2406 2385/650/2324
f 2386/651/2334 2385/650/2324 2457/730/2406
f 2458/731/2407 2460/732/2408 2459/733/2373
f 2459/733/2373 2423/734/2372 2458/731/2407
f 2461/735/2409 2458/731/2407 2423/734/2372
f 2423/734/2372 2424/736/2374 2461/735/2409
f 2387/653/2335 2461/735/2409 2424/736/2374
f 2424/736/2374 2376/652/2325 2387/653/2335
f 2453/724/2403 2462/737/2410 2454/726/2404
f 2463/738/2411 2454/726/2404 2462/737/2410
f 2454/726/2404 2463/738/2411 2455/728/2405
f 2464/739/2412 2455/728/2405 2463/738/2411
f 2455/728/2405 2464/739/2412 2457/730/2406
f 2465/740/2413 2457/730/2406 2464/739/2412
f 2457/730/2406 2465/740/2413 2386/651/2334
f 2388/654/2336 2386/651/2334 2465/740/2413
f 2466/741/2414 2467/742/2415 2460/732/2408
f 2460/732/2408 2458/731/2407 2466/741/2414
f 2466/741/2414 2461/735/2409 2468/743/2416
f 2466/741/2414 2458/731/2407 2461/735/2409
f 2389/655/2337 2468/743/2416 2461/735/2409
f 2461/735/2409 2387/653/2335 2389/655/2337
f 2462/737/2410 2469/744/2417 2463/738/2411
f 2470/745/2418 2463/738/2411 2469/744/2417
f 2463/738/2411 2470/745/2418 2464/739/2412
f 2471/746/2419 2464/739/2412 2470/745/2418
f 2464/739/2412 2471/746/2419 2465/740/2413
f 2472/747/2420 2465/740/2413 2471/746/2419
f 2465/740/2413 2472/747/2420 2388/654/2336
f 2390/656/2338 2388/654/2336 2472/747/2420
f 2473/748/2421 2474/749/2422 2467/742/2415
f 2467/742/2415 2466/741/2414 2473/748/2421
f 2473/748/2421 2468/743/2416 2475/750/2423
f 2473/748/2421 2466/741/2414 2468/743/2416
f 2475/750/2423 2468/743/2416 2389/655/2337
f 2389/655/2337 2391/657/2339 2475/750/2423
f 2469/744/2417 2426/697/2377 2470/745/2418
f 2427/696/2376 2470/745/2418 2426/697/2377
f 2470/745/2418 2427/696/2376 2471/746/2419
f 2430/700/2380 2471/746/2419 2427/696/2376
f 2471/746/2419 2430/700/2380 2472/747/2420
f 2432/702/2382 2472/747/2420 2430/700/2380
f 2472/747/2420 2432/702/2382 2390/656/2338
f 2380/645/2329 2390/656/2338 2432/702/2382
f 2436/706/2386 2434/705/2385 2474/749/2422
f 2474/749/2422 2473/748/2421 2436/706/2386
f 2436/706/2386 2475/750/2423 2437/707/2387
f 2436/706/2386 2473/748/2421 2475/750/2423
f 2437/707/2387 2475/750/2423 2391/657/2339
f 2391/657/2339 2377/642/2326 2437/707/2387
f 2447/716/2396 2476/751/2424 2446/717/2397
f 2447/716/2396 2477/752/2425 2476/751/2424
f 2446/717/2397 2476/751/2424 2478/753/2426
f 2446/717/2397 2478/753/2426 2448/718/2398
f 2448/718/2398 2478/753/2426 2479/754/2427
f 2448/718/2398 2479/754/2427 2449/719/2399
f 2449/719/2399 2393/659/2341 2384/648/2332
f 2449/719/2399 2479/754/2427 2393/659/2341
f 2451/721/2401 2480/755/2428 2450/720/2400
f 2451/721/2401 2481/756/2429 2480/755/2428
f 2451/721/2401 2452/722/2402 2482/757/2430
f 2482/757/2430 2481/756/2429 2451/721/2401
f 2452/722/2402 2383/649/2333 2392/658/2340
f 2392/658/2340 2482/757/2430 2452/722/2402
f 2477/752/2425 2483/758/2431 2476/751/2424
f 2477/752/2425 2484/759/2432 2483/758/2431
f 2476/751/2424 2483/758/2431 2485/760/2433
f 2476/751/2424 2485/760/2433 2478/753/2426
f 2478/753/2426 2486/761/2434 2479/754/2427
f 2478/753/2426 2485/760/2433 2486/761/2434
f 2479/754/2427 2395/661/2343 2393/659/2341
f 2479/754/2427 2486/761/2434 2395/661/2343
f 2481/756/2429 2487/762/2435 2480/755/2428
f 2481/756/2429 2488/763/2436 2487/762/2435
f 2481/756/2429 2482/757/2430 2489/764/2437
f 2489/764/2437 2488/763/2436 2481/756/2429
f 2482/757/2430 2392/658/2340 2394/660/2342
f 2394/660/2342 2489/764/2437 2482/757/2430
f 2484/759/2432 2490/765/2438 2483/758/2431
f 2484/759/2432 2491/766/2439 2490/765/2438
f 2483/758/2431 2492/767/2440 2485/760/2433
f 2483/758/2431 2490/765/2438 2492/767/2440
f 2485/760/2433 2398/664/2346 2486/761/2434
f 2485/760/2433 2492/767/2440 2398/664/2346
f 2486/761/2434 2397/663/2345 2395/661/2343
f 2486/761/2434 2398/664/2346 2397/663/2345
f 2488/763/2436 2493/768/2441 2487/762/2435
f 2488/763/2436 2494/769/2442 2493/768/2441
f 2488/763/2436 2489/764/2437 2495/770/2443
f 2495/770/2443 2494/769/2442 2488/763/2436
f 2489/764/2437 2394/660/2342 2396/662/2344
f 2396/662/2344 2495/770/2443 2489/764/2437
f 2494/769/2442 2410/771/2356 2493/768/2441
f 2494/769/2442 2409/772/2357 2410/771/2356
f 2409/772/2357 2494/769/2442 2495/770/2443
f 2495/770/2443 2496/773/2359 2409/772/2357
f 2495/770/2443 2396/662/2344 2496/773/2359
f 2396/662/2344 2497/774/2320 2496/773/2359
f 2397/663/2345 2497/774/2320 2396/662/2344
f 2397/663/2345 2399/665/2318 2497/774/2320
f 2491/766/2439 2403/775/2351 2490/765/2438
f 2491/766/2439 2400/776/2348 2403/775/2351
f 2490/765/2438 2405/777/2353 2492/767/2440
f 2490/765/2438 2403/775/2351 2405/777/2353
f 2492/767/2440 2407/666/2347 2398/664/2346
f 2492/767/2440 2405/777/2353 2407/666/2347
f 2498/778/1984 2443/713/2393 2499/779/1985
f 2499/779/1985 2443/713/2393 2450/720/2400
f 2500/780/1982 2435/704/2384 2443/713/2393
f 2443/713/2393 2498/778/1984 2500/780/1982
f 2500/780/1982 2501/781/1983 2434/705/2385
f 2434/705/2385 2435/704/2384 2500/780/1982
f 2434/705/2385 2501/781/1983 2502/782/1995
f 2502/782/1995 2474/749/2422 2434/705/2385
f 2474/749/2422 2502/782/1995 2503/783/1994
f 2503/783/1994 2467/742/2415 2474/749/2422
f 2467/742/2415 2503/783/1994 2504/784/1993
f 2504/784/1993 2460/732/2408 2467/742/2415
f 2460/732/2408 2504/784/1993 2505/785/1992
f 2505/785/1992 2459/733/2373 2460/732/2408
f 2418/686/2366 2459/693/2373 2505/786/1992
f 2505/786/1992 2506/787/1991 2418/686/2366
f 2411/678/2358 2418/686/2366 2506/787/1991
f 2506/787/1991 2025/788/1990 2411/678/2358
f 2411/678/2358 2508/789/1989 2410/676/2356
f 2411/678/2358 2025/788/1990 2508/789/1989
f 2493/768/2441 2508/790/1989 2507/791/1988
f 2493/768/2441 2410/771/2356 2508/790/1989
f 2487/762/2435 2507/791/1988 2024/792/1987
f 2487/762/2435 2493/768/2441 2507/791/1988
f 2480/755/2428 2024/792/1987 2509/793/1986
f 2480/755/2428 2487/762/2435 2024/792/1987
f 2450/720/2400 2509/793/1986 2499/779/1985
f 2450/720/2400 2480/755/2428 2509/793/1986
f 2426/697/2377 1775/794/1706 2428/698/2378
f 1775/794/1706 2426/697/2377 1776/795/1707
f 2440/709/2389 2428/698/2378 1775/794/1706
f 1775/794/1706 2510/796/1705 2440/709/2389
f 2440/709/2389 2510/796/1705 1774/797/1704
f 1774/797/1704 2447/716/2396 2440/709/2389
f 1774/797/1704 2477/752/2425 2447/716/2396
f 1774/797/1704 1783/798/1717 2477/752/2425
f 1783/798/1717 2484/759/2432 2477/752/2425
f 1783/798/1717 1782/799/1716 2484/759/2432
f 1782/799/1716 2491/766/2439 2484/759/2432
f 1782/799/1716 1781/800/1715 2491/766/2439
f 1781/800/1715 2400/776/2348 2491/766/2439
f 1781/800/1715 1780/801/1714 2400/776/2348
f 1779/802/1713 2402/668/2349 1780/803/1714
f 1780/803/1714 2402/668/2349 2400/667/2348
f 2511/804/1712 2414/681/2361 2402/668/2349
f 2402/668/2349 1779/802/1713 2511/804/1712
f 2511/804/1712 1778/805/1711 2414/681/2361
f 1778/805/1711 2421/688/2368 2414/681/2361
f 1778/806/1711 1777/807/1710 2421/723/2368
f 2453/724/2403 2421/723/2368 1777/807/1710
f 1777/807/1710 2512/808/1709 2453/724/2403
f 2462/737/2410 2453/724/2403 2512/808/1709
f 2512/808/1709 2513/809/1708 2462/737/2410
f 2469/744/2417 2462/737/2410 2513/809/1708
f 2513/809/1708 1776/795/1707 2469/744/2417
f 2426/697/2377 2469/744/2417 1776/795/1707
f 2541/634/2444 2514/635/2445 2639/636/2446
f 2514/635/2445 2515/637/2447 2639/636/2446
f 2514/635/2445 2517/638/2448 2516/639/2449
f 2516/639/2449 2515/637/2447 2514/635/2445
f 2517/638/2448 2527/640/2450 2516/639/2449
f 2527/640/2450 2518/641/2451 2516/639/2449
f 2519/642/2452 2521/643/2453 2520/644/2454
f 2519/642/2452 2522/645/2455 2521/643/2453
f 2520/644/2454 2524/646/2456 2523/647/2457
f 2520/644/2454 2521/643/2453 2524/646/2456
f 2523/647/2457 2526/648/2458 2525/649/2459
f 2523/647/2457 2524/646/2456 2526/648/2458
f 2527/650/2450 2528/651/2460 2518/652/2451
f 2529/653/2461 2518/652/2451 2528/651/2460
f 2528/651/2460 2530/654/2462 2529/653/2461
f 2531/655/2463 2529/653/2461 2530/654/2462
f 2530/654/2462 2532/656/2464 2531/655/2463
f 2533/657/2465 2531/655/2463 2532/656/2464
f 2532/656/2464 2522/645/2455 2533/657/2465
f 2519/642/2452 2533/657/2465 2522/645/2455
f 2526/648/2458 2534/658/2466 2525/649/2459
f 2526/648/2458 2535/659/2467 2534/658/2466
f 2535/659/2467 2536/660/2468 2534/658/2466
f 2535/659/2467 2537/661/2469 2536/660/2468
f 2537/661/2469 2538/662/2470 2536/660/2468
f 2537/661/2469 2539/663/2471 2538/662/2470
f 2540/664/2472 2541/665/2444 2539/663/2471
f 2540/664/2472 2549/666/2473 2541/665/2444
f 2542/667/2474 2544/668/2475 2543/669/2476
f 2543/669/2476 2545/670/2477 2542/667/2474
f 2545/670/2477 2543/669/2476 2546/671/2478
f 2546/671/2478 2547/672/2479 2545/670/2477
f 2547/672/2479 2546/671/2478 2548/673/2480
f 2548/673/2480 2549/674/2473 2547/672/2479
f 2549/674/2473 2548/673/2480 2541/634/2444
f 2548/673/2480 2514/635/2445 2541/634/2444
f 2550/675/2481 2552/676/2482 2551/677/2483
f 2550/675/2481 2553/678/2484 2552/676/2482
f 2638/679/2485 2554/680/2486 2551/677/2483
f 2551/677/2483 2554/680/2486 2550/675/2481
f 2639/636/2446 2515/637/2447 2638/679/2485
f 2638/679/2485 2515/637/2447 2554/680/2486
f 2544/668/2475 2556/681/2487 2555/682/2488
f 2555/682/2488 2543/669/2476 2544/668/2475
f 2543/669/2476 2555/682/2488 2557/683/2489
f 2557/683/2489 2546/671/2478 2543/669/2476
f 2546/671/2478 2557/683/2489 2558/684/2490
f 2558/684/2490 2548/673/2480 2546/671/2478
f 2548/673/2480 2558/684/2490 2517/638/2448
f 2517/638/2448 2514/635/2445 2548/673/2480
f 2559/685/2491 2553/678/2484 2550/675/2481
f 2559/685/2491 2560/686/2492 2553/678/2484
f 2554/680/2486 2561/687/2493 2550/675/2481
f 2550/675/2481 2561/687/2493 2559/685/2491
f 2515/637/2447 2516/639/2449 2554/680/2486
f 2554/680/2486 2516/639/2449 2561/687/2493
f 2556/681/2487 2563/688/2494 2562/689/2495
f 2562/689/2495 2555/682/2488 2556/681/2487
f 2555/682/2488 2562/689/2495 2564/690/2496
f 2564/690/2496 2557/683/2489 2555/682/2488
f 2557/683/2489 2564/690/2496 2598/691/2497
f 2598/691/2497 2558/684/2490 2557/683/2489
f 2558/684/2490 2598/691/2497 2517/638/2448
f 2527/640/2450 2517/638/2448 2598/691/2497
f 2565/692/2498 2560/686/2492 2559/685/2491
f 2565/692/2498 2601/693/2499 2560/686/2492
f 2561/687/2493 2566/694/2500 2559/685/2491
f 2559/685/2491 2566/694/2500 2565/692/2498
f 2516/639/2449 2518/641/2451 2561/687/2493
f 2561/687/2493 2518/641/2451 2566/694/2500
f 2567/695/2501 2569/696/2502 2568/697/2503
f 2568/697/2503 2570/698/2504 2567/695/2501
f 2571/699/2505 2572/700/2506 2567/695/2501
f 2567/695/2501 2572/700/2506 2569/696/2502
f 2573/701/2507 2574/702/2508 2571/699/2505
f 2571/699/2505 2574/702/2508 2572/700/2506
f 2522/645/2455 2573/701/2507 2521/643/2453
f 2522/645/2455 2574/702/2508 2573/701/2507
f 2575/703/2509 2577/704/2510 2576/705/2511
f 2576/705/2511 2578/706/2512 2575/703/2509
f 2575/703/2509 2578/706/2512 2579/707/2513
f 2579/707/2513 2580/708/2514 2575/703/2509
f 2580/708/2514 2579/707/2513 2519/642/2452
f 2519/642/2452 2520/644/2454 2580/708/2514
f 2567/695/2501 2582/709/2515 2581/710/2516
f 2567/695/2501 2570/698/2504 2582/709/2515
f 2583/711/2517 2571/699/2505 2581/710/2516
f 2581/710/2516 2571/699/2505 2567/695/2501
f 2584/712/2518 2573/701/2507 2583/711/2517
f 2583/711/2517 2573/701/2507 2571/699/2505
f 2521/643/2453 2584/712/2518 2524/646/2456
f 2521/643/2453 2573/701/2507 2584/712/2518
f 2585/713/2519 2577/704/2510 2575/703/2509
f 2575/703/2509 2586/714/2520 2585/713/2519
f 2586/714/2520 2575/703/2509 2580/708/2514
f 2580/708/2514 2587/715/2521 2586/714/2520
f 2587/715/2521 2580/708/2514 2520/644/2454
f 2520/644/2454 2523/647/2457 2587/715/2521
f 2581/710/2516 2589/716/2522 2588/717/2523
f 2581/710/2516 2582/709/2515 2589/716/2522
f 2590/718/2524 2583/711/2517 2588/717/2523
f 2588/717/2523 2583/711/2517 2581/710/2516
f 2591/719/2525 2584/712/2518 2590/718/2524
f 2590/718/2524 2584/712/2518 2583/711/2517
f 2524/646/2456 2591/719/2525 2526/648/2458
f 2524/646/2456 2584/712/2518 2591/719/2525
f 2592/720/2526 2585/713/2519 2586/714/2520
f 2586/714/2520 2593/721/2527 2592/720/2526
f 2593/721/2527 2586/714/2520 2587/715/2521
f 2587/715/2521 2594/722/2528 2593/721/2527
f 2594/722/2528 2587/715/2521 2523/647/2457
f 2523/647/2457 2525/649/2459 2594/722/2528
f 2563/723/2494 2595/724/2529 2562/725/2495
f 2596/726/2530 2562/725/2495 2595/724/2529
f 2562/725/2495 2596/726/2530 2564/727/2496
f 2597/728/2531 2564/727/2496 2596/726/2530
f 2564/727/2496 2597/728/2531 2598/729/2497
f 2599/730/2532 2598/729/2497 2597/728/2531
f 2598/729/2497 2599/730/2532 2527/650/2450
f 2528/651/2460 2527/650/2450 2599/730/2532
f 2600/731/2533 2602/732/2534 2601/733/2499
f 2601/733/2499 2565/734/2498 2600/731/2533
f 2603/735/2535 2600/731/2533 2565/734/2498
f 2565/734/2498 2566/736/2500 2603/735/2535
f 2529/653/2461 2603/735/2535 2566/736/2500
f 2566/736/2500 2518/652/2451 2529/653/2461
f 2595/724/2529 2604/737/2536 2596/726/2530
f 2605/738/2537 2596/726/2530 2604/737/2536
f 2596/726/2530 2605/738/2537 2597/728/2531
f 2606/739/2538 2597/728/2531 2605/738/2537
f 2597/728/2531 2606/739/2538 2599/730/2532
f 2607/740/2539 2599/730/2532 2606/739/2538
f 2599/730/2532 2607/740/2539 2528/651/2460
f 2530/654/2462 2528/651/2460 2607/740/2539
f 2608/741/2540 2609/742/2541 2602/732/2534
f 2602/732/2534 2600/731/2533 2608/741/2540
f 2608/741/2540 2603/735/2535 2610/743/2542
f 2608/741/2540 2600/731/2533 2603/735/2535
f 2531/655/2463 2610/743/2542 2603/735/2535
f 2603/735/2535 2529/653/2461 2531/655/2463
f 2604/737/2536 2611/744/2543 2605/738/2537
f 2612/745/2544 2605/738/2537 2611/744/2543
f 2605/738/2537 2612/745/2544 2606/739/2538
f 2613/746/2545 2606/739/2538 2612/745/2544
f 2606/739/2538 2613/746/2545 2607/740/2539
f 2614/747/2546 2607/740/2539 2613/746/2545
f 2607/740/2539 2614/747/2546 2530/654/2462
f 2532/656/2464 2530/654/2462 2614/747/2546
f 2615/748/2547 2616/749/2548 2609/742/2541
f 2609/742/2541 2608/741/2540 2615/748/2547
f 2615/748/2547 2610/743/2542 2617/750/2549
f 2615/748/2547 2608/741/2540 2610/743/2542
f 2617/750/2549 2610/743/2542 2531/655/2463
f 2531/655/2463 2533/657/2465 2617/750/2549
f 2611/744/2543 2568/697/2503 2612/745/2544
f 2569/696/2502 2612/745/2544 2568/697/2503
f 2612/745/2544 2569/696/2502 2613/746/2545
f 2572/700/2506 2613/746/2545 2569/696/2502
f 2613/746/2545 2572/700/2506 2614/747/2546
f 2574/702/2508 2614/747/2546 2572/700/2506
f 2614/747/2546 2574/702/2508 2532/656/2464
f 2522/645/2455 2532/656/2464 2574/702/2508
f 2578/706/2512 2576/705/2511 2616/749/2548
f 2616/749/2548 2615/748/2547 2578/706/2512
f 2578/706/2512 2617/750/2549 2579/707/2513
f 2578/706/2512 2615/748/2547 2617/750/2549
f 2579/707/2513 2617/750/2549 2533/657/2465
f 2533/657/2465 2519/642/2452 2579/707/2513
f 2589/716/2522 2618/751/2550 2588/717/2523
f 2589/716/2522 2619/752/2551 2618/751/2550
f 2588/717/2523 2618/751/2550 2620/753/2552
f 2588/717/2523 2620/753/2552 2590/718/2524
f 2590/718/2524 2620/753/2552 2621/754/2553
f 2590/718/2524 2621/754/2553 2591/719/2525
f 2591/719/2525 2535/659/2467 2526/648/2458
f 2591/719/2525 2621/754/2553 2535/659/2467
f 2593/721/2527 2622/755/2554 2592/720/2526
f 2593/721/2527 2623/756/2555 2622/755/2554
f 2593/721/2527 2594/722/2528 2624/757/2556
f 2624/757/2556 2623/756/2555 2593/721/2527
f 2594/722/2528 2525/649/2459 2534/658/2466
f 2534/658/2466 2624/757/2556 2594/722/2528
f 2619/752/2551 2625/758/2557 2618/751/2550
f 2619/752/2551 2626/759/2558 2625/758/2557
f 2618/751/2550 2625/758/2557 2627/760/2559
f 2618/751/2550 2627/760/2559 2620/753/2552
f 2620/753/2552 2628/761/2560 2621/754/2553
f 2620/753/2552 2627/760/2559 2628/761/2560
f 2621/754/2553 2537/661/2469 2535/659/2467
f 2621/754/2553 2628/761/2560 2537/661/2469
f 2623/756/2555 2629/762/2561 2622/755/2554
f 2623/756/2555 2630/763/2562 2629/762/2561
f 2623/756/2555 2624/757/2556 2631/764/2563
f 2631/764/2563 2630/763/2562 2623/756/2555
f 2624/757/2556 2534/658/2466 2536/660/2468
f 2536/660/2468 2631/764/2563 2624/757/2556
f 2626/759/2558 2632/765/2564 2625/758/2557
f 2626/759/2558 2633/766/2565 2632/765/2564
f 2625/758/2557 2634/767/2566 2627/760/2559
f 2625/758/2557 2632/765/2564 2634/767/2566
f 2627/760/2559 2540/664/2472 2628/761/2560
f 2627/760/2559 2634/767/2566 2540/664/2472
f 2628/761/2560 2539/663/2471 2537/661/2469
f 2628/761/2560 2540/664/2472 2539/663/2471
f 2630/763/2562 2635/768/2567 2629/762/2561
f 2630/763/2562 2636/769/2568 2635/768/2567
f 2630/763/2562 2631/764/2563 2637/770/2569
f 2637/770/2569 2636/769/2568 2630/763/2562
f 2631/764/2563 2536/660/2468 2538/662/2470
f 2538/662/2470 2637/770/2569 2631/764/2563
f 2636/769/2568 2552/771/2482 2635/768/2567
f 2636/769/2568 2551/772/2483 2552/771/2482
f 2551/772/2483 2636/769/2568 2637/770/2569
f 2637/770/2569 2638/773/2485 2551/772/2483
f 2637/770/2569 2538/662/2470 2638/773/2485
f 2538/662/2470 2639/774/2446 2638/773/2485
f 2539/663/2471 2639/774/2446 2538/662/2470
f 2539/663/2471 2541/665/2444 2639/774/2446
f 2633/766/2565 2545/775/2477 2632/765/2564
f 2633/766/2565 2542/776/2474 2545/775/2477
f 2632/765/2564 2547/777/2479 2634/767/2566
f 2632/765/2564 2545/775/2477 2547/777/2479
f 2634/767/2566 2549/666/2473 2540/664/2472
f 2634/767/2566 2547/777/2479 2549/666/2473
f 1282/778/1187 2585/713/2519 1281/779/1186
f 1281/779/1186 2585/713/2519 2592/720/2526
f 1283/780/1188 2577/704/2510 2585/713/2519
f 2585/713/2519 1282/778/1187 1283/780/1188
f 1283/780/1188 2640/781/1189 2576/705/2511
f 2576/705/2511 2577/704/2510 1283/780/1188
f 2576/705/2511 2640/781/1189 2641/782/1190
f 2641/782/1190 2616/749/2548 2576/705/2511
f 2616/749/2548 2641/782/1190 2642/783/1191
f 2642/783/1191 2609/742/2541 2616/749/2548
f 2609/742/2541 2642/783/1191 1284/784/1192
f 1284/784/1192 2602/732/2534 2609/742/2541
f 2602/732/2534 1284/784/1192 2643/785/1193
f 2643/785/1193 2601/733/2499 2602/732/2534
f 2560/686/2492 2601/693/2499 2643/786/1193
f 2643/786/1193 1285/787/1194 2560/686/2492
f 2553/678/2484 2560/686/2492 1285/787/1194
f 1285/787/1194 1286/788/1195 2553/678/2484
f 2553/678/2484 2644/789/1196 2552/676/2482
f 2553/678/2484 1286/788/1195 2644/789/1196
f 2635/768/2567 2644/790/1196 1287/791/1197
f 2635/768/2567 2552/771/2482 2644/790/1196
f 2629/762/2561 1287/791/1197 2645/792/1198
f 2629/762/2561 2635/768/2567 1287/791/1197
f 2622/755/2554 2645/792/1198 2646/793/1199
f 2622/755/2554 2629/762/2561 2645/792/1198
f 2592/720/2526 2646/793/1199 1281/779/1186
f 2592/720/2526 2622/755/2554 2646/793/1199
f 2568/697/2503 2647/794/2570 2570/698/2504
f 2647/794/2570 2568/697/2503 2778/795/2571
f 2582/709/2515 2570/698/2504 2647/794/2570
f 2647/794/2570 2648/796/2572 2582/709/2515
f 2582/709/2515 2648/796/2572 2779/797/2573
f 2779/797/2573 2589/716/2522 2582/709/2515
f 2779/797/2573 2619/752/2551 2589/716/2522
f 2779/797/2573 2649/798/2574 2619/752/2551
f 2649/798/2574 2626/759/2558 2619/752/2551
f 2649/798/2574 2650/799/2575 2626/759/2558
f 2650/799/2575 2633/766/2565 2626/759/2558
f 2650/799/2575 2780/800/2576 2633/766/2565
f 2780/800/2576 2542/776/2474 2633/766/2565
f 2780/800/2576 2781/801/2577 2542/776/2474
f 2782/802/2578 2544/668/2475 2781/803/2577
f 2781/803/2577 2544/668/2475 2542/667/2474
f 2783/804/2579 2556/681/2487 2544/668/2475
f 2544/668/2475 2782/802/2578 2783/804/2579
f 2783/804/2579 2785/805/2580 2556/681/2487
f 2785/805/2580 2563/688/2494 2556/681/2487
f 2785/806/2580 2784/807/2581 2563/723/2494
f 2595/724/2529 2563/723/2494 2784/807/2581
f 2784/807/2581 2786/808/2582 2595/724/2529
f 2604/737/2536 2595/724/2529 2786/808/2582
f 2786/808/2582 2651/809/2583 2604/737/2536
f 2611/744/2543 2604/737/2536 2651/809/2583
f 2651/809/2583 2778/795/2571 2611/744/2543
f 2568/697/2503 2611/744/2543 2778/795/2571
f 2679/634/2584 2777/636/2585 2652/635/2586
f 2652/635/2586 2777/636/2585 2653/637/2587
f 2652/635/2586 2654/639/2588 2655/638/2589
f 2654/639/2588 2652/635/2586 2653/637/2587
f 2655/638/2589 2654/639/2588 2665/640/2590
f 2665/640/2590 2654/639/2588 2656/641/2591
f 2657/642/2592 2658/644/2593 2659/643/2594
f 2657/642/2592 2659/643/2594 2660/645/2595
f 2658/644/2593 2661/647/2596 2662/646/2597
f 2658/644/2593 2662/646/2597 2659/643/2594
f 2661/647/2596 2663/649/2598 2664/648/2599
f 2661/647/2596 2664/648/2599 2662/646/2597
f 2665/650/2590 2656/652/2591 2666/651/2600
f 2667/653/2601 2666/651/2600 2656/652/2591
f 2666/651/2600 2667/653/2601 2668/654/2602
f 2669/655/2603 2668/654/2602 2667/653/2601
f 2668/654/2602 2669/655/2603 2670/656/2604
f 2671/657/2605 2670/656/2604 2669/655/2603
f 2670/656/2604 2671/657/2605 2660/645/2595
f 2657/642/2592 2660/645/2595 2671/657/2605
f 2664/648/2599 2663/649/2598 2672/658/2606
f 2664/648/2599 2672/658/2606 2673/659/2607
f 2673/659/2607 2672/658/2606 2674/660/2608
f 2673/659/2607 2674/660/2608 2675/661/2609
f 2675/661/2609 2674/660/2608 2676/662/2610
f 2675/661/2609 2676/662/2610 2677/663/2611
f 2678/664/2612 2677/663/2611 2679/665/2584
f 2678/664/2612 2679/665/2584 2687/666/2613
f 2680/667/2614 2681/669/2615 2682/668/2616
f 2681/669/2615 2680/667/2614 2683/670/2617
f 2683/670/2617 2684/671/2618 2681/669/2615
f 2684/671/2618 2683/670/2617 2685/672/2619
f 2685/672/2619 2686/673/2620 2684/671/2618
f 2686/673/2620 2685/672/2619 2687/674/2613
f 2687/674/2613 2679/634/2584 2686/673/2620
f 2686/673/2620 2679/634/2584 2652/635/2586
f 2688/675/2621 2689/677/2622 2690/676/2623
f 2688/675/2621 2690/676/2623 2691/678/2624
f 2776/679/2625 2689/677/2622 2692/680/2626
f 2689/677/2622 2688/675/2621 2692/680/2626
f 2777/636/2585 2776/679/2625 2653/637/2587
f 2776/679/2625 2692/680/2626 2653/637/2587
f 2682/668/2616 2693/682/2627 2694/681/2628
f 2693/682/2627 2682/668/2616 2681/669/2615
f 2681/669/2615 2695/683/2629 2693/682/2627
f 2695/683/2629 2681/669/2615 2684/671/2618
f 2684/671/2618 2696/684/2630 2695/683/2629
f 2696/684/2630 2684/671/2618 2686/673/2620
f 2686/673/2620 2655/638/2589 2696/684/2630
f 2655/638/2589 2686/673/2620 2652/635/2586
f 2697/685/2631 2688/675/2621 2691/678/2624
f 2697/685/2631 2691/678/2624 2698/686/2632
f 2692/680/2626 2688/675/2621 2699/687/2633
f 2688/675/2621 2697/685/2631 2699/687/2633
f 2653/637/2587 2692/680/2626 2654/639/2588
f 2692/680/2626 2699/687/2633 2654/639/2588
f 2694/681/2628 2700/689/2634 2701/688/2635
f 2700/689/2634 2694/681/2628 2693/682/2627
f 2693/682/2627 2702/690/2636 2700/689/2634
f 2702/690/2636 2693/682/2627 2695/683/2629
f 2695/683/2629 2736/691/2637 2702/690/2636
f 2736/691/2637 2695/683/2629 2696/684/2630
f 2696/684/2630 2655/638/2589 2736/691/2637
f 2665/640/2590 2736/691/2637 2655/638/2589
f 2703/692/2638 2697/685/2631 2698/686/2632
f 2703/692/2638 2698/686/2632 2739/693/2639
f 2699/687/2633 2697/685/2631 2704/694/2640
f 2697/685/2631 2703/692/2638 2704/694/2640
f 2654/639/2588 2699/687/2633 2656/641/2591
f 2699/687/2633 2704/694/2640 2656/641/2591
f 2705/695/2641 2706/697/2642 2707/696/2643
f 2706/697/2642 2705/695/2641 2708/698/2644
f 2709/699/2645 2705/695/2641 2710/700/2646
f 2705/695/2641 2707/696/2643 2710/700/2646
f 2711/701/2647 2709/699/2645 2712/702/2648
f 2709/699/2645 2710/700/2646 2712/702/2648
f 2660/645/2595 2659/643/2594 2711/701/2647
f 2660/645/2595 2711/701/2647 2712/702/2648
f 2713/703/2649 2714/705/2650 2715/704/2651
f 2714/705/2650 2713/703/2649 2716/706/2652
f 2713/703/2649 2717/707/2653 2716/706/2652
f 2717/707/2653 2713/703/2649 2718/708/2654
f 2718/708/2654 2657/642/2592 2717/707/2653
f 2657/642/2592 2718/708/2654 2658/644/2593
f 2705/695/2641 2719/710/2655 2720/709/2656
f 2705/695/2641 2720/709/2656 2708/698/2644
f 2721/711/2657 2719/710/2655 2709/699/2645
f 2719/710/2655 2705/695/2641 2709/699/2645
f 2722/712/2658 2721/711/2657 2711/701/2647
f 2721/711/2657 2709/699/2645 2711/701/2647
f 2659/643/2594 2662/646/2597 2722/712/2658
f 2659/643/2594 2722/712/2658 2711/701/2647
f 2723/713/2659 2713/703/2649 2715/704/2651
f 2713/703/2649 2723/713/2659 2724/714/2660
f 2724/714/2660 2718/708/2654 2713/703/2649
f 2718/708/2654 2724/714/2660 2725/715/2661
f 2725/715/2661 2658/644/2593 2718/708/2654
f 2658/644/2593 2725/715/2661 2661/647/2596
f 2719/710/2655 2726/717/2662 2727/716/2663
f 2719/710/2655 2727/716/2663 2720/709/2656
f 2728/718/2664 2726/717/2662 2721/711/2657
f 2726/717/2662 2719/710/2655 2721/711/2657
f 2729/719/2665 2728/718/2664 2722/712/2658
f 2728/718/2664 2721/711/2657 2722/712/2658
f 2662/646/2597 2664/648/2599 2729/719/2665
f 2662/646/2597 2729/719/2665 2722/712/2658
f 2730/720/2666 2724/714/2660 2723/713/2659
f 2724/714/2660 2730/720/2666 2731/721/2667
f 2731/721/2667 2725/715/2661 2724/714/2660
f 2725/715/2661 2731/721/2667 2732/722/2668
f 2732/722/2668 2661/647/2596 2725/715/2661
f 2661/647/2596 2732/722/2668 2663/649/2598
f 2701/723/2635 2700/725/2634 2733/724/2669
f 2734/726/2670 2733/724/2669 2700/725/2634
f 2700/725/2634 2702/727/2636 2734/726/2670
f 2735/728/2671 2734/726/2670 2702/727/2636
f 2702/727/2636 2736/729/2637 2735/728/2671
f 2737/730/2672 2735/728/2671 2736/729/2637
f 2736/729/2637 2665/650/2590 2737/730/2672
f 2666/651/2600 2737/730/2672 2665/650/2590
f 2738/731/2673 2739/733/2639 2740/732/2674
f 2739/733/2639 2738/731/2673 2703/734/2638
f 2741/735/2675 2703/734/2638 2738/731/2673
f 2703/734/2638 2741/735/2675 2704/736/2640
f 2667/653/2601 2704/736/2640 2741/735/2675
f 2704/736/2640 2667/653/2601 2656/652/2591
f 2733/724/2669 2734/726/2670 2742/737/2676
f 2743/738/2677 2742/737/2676 2734/726/2670
f 2734/726/2670 2735/728/2671 2743/738/2677
f 2744/739/2678 2743/738/2677 2735/728/2671
f 2735/728/2671 2737/730/2672 2744/739/2678
f 2745/740/2679 2744/739/2678 2737/730/2672
f 2737/730/2672 2666/651/2600 2745/740/2679
f 2668/654/2602 2745/740/2679 2666/651/2600
f 2746/741/2680 2740/732/2674 2747/742/2681
f 2740/732/2674 2746/741/2680 2738/731/2673
f 2746/741/2680 2748/743/2682 2741/735/2675
f 2746/741/2680 2741/735/2675 2738/731/2673
f 2669/655/2603 2741/735/2675 2748/743/2682
f 2741/735/2675 2669/655/2603 2667/653/2601
f 2742/737/2676 2743/738/2677 2749/744/2683
f 2750/745/2684 2749/744/2683 2743/738/2677
f 2743/738/2677 2744/739/2678 2750/745/2684
f 2751/746/2685 2750/745/2684 2744/739/2678
f 2744/739/2678 2745/740/2679 2751/746/2685
f 2752/747/2686 2751/746/2685 2745/740/2679
f 2745/740/2679 2668/654/2602 2752/747/2686
f 2670/656/2604 2752/747/2686 2668/654/2602
f 2753/748/2687 2747/742/2681 2754/749/2688
f 2747/742/2681 2753/748/2687 2746/741/2680
f 2753/748/2687 2755/750/2689 2748/743/2682
f 2753/748/2687 2748/743/2682 2746/741/2680
f 2755/750/2689 2669/655/2603 2748/743/2682
f 2669/655/2603 2755/750/2689 2671/657/2605
f 2749/744/2683 2750/745/2684 2706/697/2642
f 2707/696/2643 2706/697/2642 2750/745/2684
f 2750/745/2684 2751/746/2685 2707/696/2643
f 2710/700/2646 2707/696/2643 2751/746/2685
f 2751/746/2685 2752/747/2686 2710/700/2646
f 2712/702/2648 2710/700/2646 2752/747/2686
f 2752/747/2686 2670/656/2604 2712/702/2648
f 2660/645/2595 2712/702/2648 2670/656/2604
f 2716/706/2652 2754/749/2688 2714/705/2650
f 2754/749/2688 2716/706/2652 2753/748/2687
f 2716/706/2652 2717/707/2653 2755/750/2689
f 2716/706/2652 2755/750/2689 2753/748/2687
f 2717/707/2653 2671/657/2605 2755/750/2689
f 2671/657/2605 2717/707/2653 2657/642/2592
f 2727/716/2663 2726/717/2662 2756/751/2690
f 2727/716/2663 2756/751/2690 2757/752/2691
f 2726/717/2662 2758/753/2692 2756/751/2690
f 2726/717/2662 2728/718/2664 2758/753/2692
f 2728/718/2664 2759/754/2693 2758/753/2692
f 2728/718/2664 2729/719/2665 2759/754/2693
f 2729/719/2665 2664/648/2599 2673/659/2607
f 2729/719/2665 2673/659/2607 2759/754/2693
f 2731/721/2667 2730/720/2666 2760/755/2694
f 2731/721/2667 2760/755/2694 2761/756/2695
f 2731/721/2667 2762/757/2696 2732/722/2668
f 2762/757/2696 2731/721/2667 2761/756/2695
f 2732/722/2668 2672/658/2606 2663/649/2598
f 2672/658/2606 2732/722/2668 2762/757/2696
f 2757/752/2691 2756/751/2690 2763/758/2697
f 2757/752/2691 2763/758/2697 2764/759/2698
f 2756/751/2690 2765/760/2699 2763/758/2697
f 2756/751/2690 2758/753/2692 2765/760/2699
f 2758/753/2692 2759/754/2693 2766/761/2700
f 2758/753/2692 2766/761/2700 2765/760/2699
f 2759/754/2693 2673/659/2607 2675/661/2609
f 2759/754/2693 2675/661/2609 2766/761/2700
f 2761/756/2695 2760/755/2694 2767/762/2701
f 2761/756/2695 2767/762/2701 2768/763/2702
f 2761/756/2695 2769/764/2703 2762/757/2696
f 2769/764/2703 2761/756/2695 2768/763/2702
f 2762/757/2696 2674/660/2608 2672/658/2606
f 2674/660/2608 2762/757/2696 2769/764/2703
f 2764/759/2698 2763/758/2697 2770/765/2704
f 2764/759/2698 2770/765/2704 2771/766/2705
f 2763/758/2697 2765/760/2699 2772/767/2706
f 2763/758/2697 2772/767/2706 2770/765/2704
f 2765/760/2699 2766/761/2700 2678/664/2612
f 2765/760/2699 2678/664/2612 2772/767/2706
f 2766/761/2700 2675/661/2609 2677/663/2611
f 2766/761/2700 2677/663/2611 2678/664/2612
f 2768/763/2702 2767/762/2701 2773/768/2707
f 2768/763/2702 2773/768/2707 2774/769/2708
f 2768/763/2702 2775/770/2709 2769/764/2703
f 2775/770/2709 2768/763/2702 2774/769/2708
f 2769/764/2703 2676/662/2610 2674/660/2608
f 2676/662/2610 2769/764/2703 2775/770/2709
f 2774/769/2708 2773/768/2707 2690/771/2623
f 2774/769/2708 2690/771/2623 2689/772/2622
f 2689/772/2622 2775/770/2709 2774/769/2708
f 2775/770/2709 2689/772/2622 2776/773/2625
f 2775/770/2709 2776/773/2625 2676/662/2610
f 2676/662/2610 2776/773/2625 2777/774/2585
f 2677/663/2611 2676/662/2610 2777/774/2585
f 2677/663/2611 2777/774/2585 2679/665/2584
f 2771/766/2705 2770/765/2704 2683/775/2617
f 2771/766/2705 2683/775/2617 2680/776/2614
f 2770/765/2704 2772/767/2706 2685/777/2619
f 2770/765/2704 2685/777/2619 2683/775/2617
f 2772/767/2706 2678/664/2612 2687/666/2613
f 2772/767/2706 2687/666/2613 2685/777/2619
f 2647/778/2570 2778/779/2571 2723/713/2659
f 2778/779/2571 2730/720/2666 2723/713/2659
f 2648/780/2572 2723/713/2659 2715/704/2651
f 2723/713/2659 2648/780/2572 2647/778/2570
f 2648/780/2572 2714/705/2650 2779/781/2573
f 2714/705/2650 2648/780/2572 2715/704/2651
f 2714/705/2650 2649/782/2574 2779/781/2573
f 2649/782/2574 2714/705/2650 2754/749/2688
f 2754/749/2688 2650/783/2575 2649/782/2574
f 2650/783/2575 2754/749/2688 2747/742/2681
f 2747/742/2681 2780/784/2576 2650/783/2575
f 2780/784/2576 2747/742/2681 2740/732/2674
f 2740/732/2674 2781/785/2577 2780/784/2576
f 2781/785/2577 2740/732/2674 2739/733/2639
f 2698/686/2632 2781/786/2577 2739/693/2639
f 2781/786/2577 2698/686/2632 2782/787/2578
f 2691/678/2624 2782/787/2578 2698/686/2632
f 2782/787/2578 2691/678/2624 2783/788/2579
f 2691/678/2624 2690/676/2623 2785/789/2580
f 2691/678/2624 2785/789/2580 2783/788/2579
f 2773/768/2707 2784/791/2581 2785/790/2580
f 2773/768/2707 2785/790/2580 2690/771/2623
f 2767/762/2701 2786/792/2582 2784/791/2581
f 2767/762/2701 2784/791/2581 2773/768/2707
f 2760/755/2694 2651/793/2583 2786/792/2582
f 2760/755/2694 2786/792/2582 2767/762/2701
f 2730/720/2666 2778/779/2571 2651/793/2583
f 2730/720/2666 2651/793/2583 2760/755/2694
f 2706/697/2642 2708/698/2644 2787/794/1854
f 2787/794/1854 1812/795/1753 2706/697/2642
f 2720/709/2656 2787/794/1854 2708/698/2644
f 2787/794/1854 2720/709/2656 2788/796/1844
f 2720/709/2656 2789/797/1845 2788/796/1844
f 2789/797/1845 2720/709/2656 2727/716/2663
f 2789/797/1845 2727/716/2663 2757/752/2691
f 2789/797/1845 2757/752/2691 2790/798/1855
f 2790/798/1855 2757/752/2691 2764/759/2698
f 2790/798/1855 2764/759/2698 2791/799/1837
f 2791/799/1837 2764/759/2698 2771/766/2705
f 2791/799/1837 2771/766/2705 1909/800/1838
f 1909/800/1838 2771/766/2705 2680/776/2614
f 1909/800/1838 2680/776/2614 2793/801/1836
f 2792/802/1718 2793/803/1836 2682/668/2616
f 2793/803/1836 2680/667/2614 2682/668/2616
f 1908/804/1719 2682/668/2616 2694/681/2628
f 2682/668/2616 1908/804/1719 2792/802/1718
f 1908/804/1719 2694/681/2628 2794/805/1737
f 2794/805/1737 2694/681/2628 2701/688/2635
f 2794/806/1737 2701/723/2635 1833/807/1773
f 2733/724/2669 1833/807/1773 2701/723/2635
f 1833/807/1773 2733/724/2669 1832/808/1850
f 2742/737/2676 1832/808/1850 2733/724/2669
f 1832/808/1850 2742/737/2676 1829/809/1770
f 2749/744/2683 1829/809/1770 2742/737/2676
f 1829/809/1770 2749/744/2683 1812/795/1753
f 2706/697/2642 1812/795/1753 2749/744/2683
f 2822/634/2710 2920/636/2711 2795/635/2712
f 2795/635/2712 2920/636/2711 2796/637/2713
f 2795/635/2712 2797/639/2714 2798/638/2715
f 2797/639/2714 2795/635/2712 2796/637/2713
f 2798/638/2715 2797/639/2714 2808/640/2716
f 2808/640/2716 2797/639/2714 2799/641/2717
f 2800/642/2718 2801/644/2719 2802/643/2720
f 2800/642/2718 2802/643/2720 2803/645/2721
f 2801/644/2719 2804/647/2722 2805/646/2723
f 2801/644/2719 2805/646/2723 2802/643/2720
f 2804/647/2722 2806/649/2724 2807/648/2725
f 2804/647/2722 2807/648/2725 2805/646/2723
f 2808/650/2716 2799/652/2717 2809/651/2726
f 2810/653/2727 2809/651/2726 2799/652/2717
f 2809/651/2726 2810/653/2727 2811/654/2728
f 2812/655/2729 2811/654/2728 2810/653/2727
f 2811/654/2728 2812/655/2729 2813/656/2730
f 2814/657/2731 2813/656/2730 2812/655/2729
f 2813/656/2730 2814/657/2731 2803/645/2721
f 2800/642/2718 2803/645/2721 2814/657/2731
f 2807/648/2725 2806/649/2724 2815/658/2732
f 2807/648/2725 2815/658/2732 2816/659/2733
f 2816/659/2733 2815/658/2732 2817/660/2734
f 2816/659/2733 2817/660/2734 2818/661/2735
f 2818/661/2735 2817/660/2734 2819/662/2736
f 2818/661/2735 2819/662/2736 2820/663/2737
f 2821/664/2738 2820/663/2737 2822/665/2710
f 2821/664/2738 2822/665/2710 2830/666/2739
f 2823/667/2740 2824/669/2741 2825/668/2742
f 2824/669/2741 2823/667/2740 2826/670/2743
f 2826/670/2743 2827/671/2744 2824/669/2741
f 2827/671/2744 2826/670/2743 2828/672/2745
f 2828/672/2745 2829/673/2746 2827/671/2744
f 2829/673/2746 2828/672/2745 2830/674/2739
f 2830/674/2739 2822/634/2710 2829/673/2746
f 2829/673/2746 2822/634/2710 2795/635/2712
f 2831/675/2747 2832/677/2748 2833/676/2749
f 2831/675/2747 2833/676/2749 2834/678/2750
f 2919/679/2751 2832/677/2748 2835/680/2752
f 2832/677/2748 2831/675/2747 2835/680/2752
f 2920/636/2711 2919/679/2751 2796/637/2713
f 2919/679/2751 2835/680/2752 2796/637/2713
f 2825/668/2742 2836/682/2753 2837/681/2754
f 2836/682/2753 2825/668/2742 2824/669/2741
f 2824/669/2741 2838/683/2755 2836/682/2753
f 2838/683/2755 2824/669/2741 2827/671/2744
f 2827/671/2744 2839/684/2756 2838/683/2755
f 2839/684/2756 2827/671/2744 2829/673/2746
f 2829/673/2746 2798/638/2715 2839/684/2756
f 2798/638/2715 2829/673/2746 2795/635/2712
f 2840/685/2757 2831/675/2747 2834/678/2750
f 2840/685/2757 2834/678/2750 2841/686/2758
f 2835/680/2752 2831/675/2747 2842/687/2759
f 2831/675/2747 2840/685/2757 2842/687/2759
f 2796/637/2713 2835/680/2752 2797/639/2714
f 2835/680/2752 2842/687/2759 2797/639/2714
f 2837/681/2754 2843/689/2760 2844/688/2761
f 2843/689/2760 2837/681/2754 2836/682/2753
f 2836/682/2753 2845/690/2762 2843/689/2760
f 2845/690/2762 2836/682/2753 2838/683/2755
f 2838/683/2755 2879/691/2763 2845/690/2762
f 2879/691/2763 2838/683/2755 2839/684/2756
f 2839/684/2756 2798/638/2715 2879/691/2763
f 2808/640/2716 2879/691/2763 2798/638/2715
f 2846/692/2764 2840/685/2757 2841/686/2758
f 2846/692/2764 2841/686/2758 2882/693/2765
f 2842/687/2759 2840/685/2757 2847/694/2766
f 2840/685/2757 2846/692/2764 2847/694/2766
f 2797/639/2714 2842/687/2759 2799/641/2717
f 2842/687/2759 2847/694/2766 2799/641/2717
f 2848/695/2767 2849/697/2768 2850/696/2769
f 2849/697/2768 2848/695/2767 2851/698/2770
f 2852/699/2771 2848/695/2767 2853/700/2772
f 2848/695/2767 2850/696/2769 2853/700/2772
f 2854/701/2773 2852/699/2771 2855/702/2774
f 2852/699/2771 2853/700/2772 2855/702/2774
f 2803/645/2721 2802/643/2720 2854/701/2773
f 2803/645/2721 2854/701/2773 2855/702/2774
f 2856/703/2775 2857/705/2776 2858/704/2777
f 2857/705/2776 2856/703/2775 2859/706/2778
f 2856/703/2775 2860/707/2779 2859/706/2778
f 2860/707/2779 2856/703/2775 2861/708/2780
f 2861/708/2780 2800/642/2718 2860/707/2779
f 2800/642/2718 2861/708/2780 2801/644/2719
f 2848/695/2767 2862/710/2781 2863/709/2782
f 2848/695/2767 2863/709/2782 2851/698/2770
f 2864/711/2783 2862/710/2781 2852/699/2771
f 2862/710/2781 2848/695/2767 2852/699/2771
f 2865/712/2784 2864/711/2783 2854/701/2773
f 2864/711/2783 2852/699/2771 2854/701/2773
f 2802/643/2720 2805/646/2723 2865/712/2784
f 2802/643/2720 2865/712/2784 2854/701/2773
f 2866/713/2785 2856/703/2775 2858/704/2777
f 2856/703/2775 2866/713/2785 2867/714/2786
f 2867/714/2786 2861/708/2780 2856/703/2775
f 2861/708/2780 2867/714/2786 2868/715/2787
f 2868/715/2787 2801/644/2719 2861/708/2780
f 2801/644/2719 2868/715/2787 2804/647/2722
f 2862/710/2781 2869/717/2788 2870/716/2789
f 2862/710/2781 2870/716/2789 2863/709/2782
f 2871/718/2790 2869/717/2788 2864/711/2783
f 2869/717/2788 2862/710/2781 2864/711/2783
f 2872/719/2791 2871/718/2790 2865/712/2784
f 2871/718/2790 2864/711/2783 2865/712/2784
f 2805/646/2723 2807/648/2725 2872/719/2791
f 2805/646/2723 2872/719/2791 2865/712/2784
f 2873/720/2792 2867/714/2786 2866/713/2785
f 2867/714/2786 2873/720/2792 2874/721/2793
f 2874/721/2793 2868/715/2787 2867/714/2786
f 2868/715/2787 2874/721/2793 2875/722/2794
f 2875/722/2794 2804/647/2722 2868/715/2787
f 2804/647/2722 2875/722/2794 2806/649/2724
f 2844/723/2761 2843/725/2760 2876/724/2795
f 2877/726/2796 2876/724/2795 2843/725/2760
f 2843/725/2760 2845/727/2762 2877/726/2796
f 2878/728/2797 2877/726/2796 2845/727/2762
f 2845/727/2762 2879/729/2763 2878/728/2797
f 2880/730/2798 2878/728/2797 2879/729/2763
f 2879/729/2763 2808/650/2716 2880/730/2798
f 2809/651/2726 2880/730/2798 2808/650/2716
f 2881/731/2799 2882/733/2765 2883/732/2800
f 2882/733/2765 2881/731/2799 2846/734/2764
f 2884/735/2801 2846/734/2764 2881/731/2799
f 2846/734/2764 2884/735/2801 2847/736/2766
f 2810/653/2727 2847/736/2766 2884/735/2801
f 2847/736/2766 2810/653/2727 2799/652/2717
f 2876/724/2795 2877/726/2796 2885/737/2802
f 2886/738/2803 2885/737/2802 2877/726/2796
f 2877/726/2796 2878/728/2797 2886/738/2803
f 2887/739/2804 2886/738/2803 2878/728/2797
f 2878/728/2797 2880/730/2798 2887/739/2804
f 2888/740/2805 2887/739/2804 2880/730/2798
f 2880/730/2798 2809/651/2726 2888/740/2805
f 2811/654/2728 2888/740/2805 2809/651/2726
f 2889/741/2806 2883/732/2800 2890/742/2807
f 2883/732/2800 2889/741/2806 2881/731/2799
f 2889/741/2806 2891/743/2808 2884/735/2801
f 2889/741/2806 2884/735/2801 2881/731/2799
f 2812/655/2729 2884/735/2801 2891/743/2808
f 2884/735/2801 2812/655/2729 2810/653/2727
f 2885/737/2802 2886/738/2803 2892/744/2809
f 2893/745/2810 2892/744/2809 2886/738/2803
f 2886/738/2803 2887/739/2804 2893/745/2810
f 2894/746/2811 2893/745/2810 2887/739/2804
f 2887/739/2804 2888/740/2805 2894/746/2811
f 2895/747/2812 2894/746/2811 2888/740/2805
f 2888/740/2805 2811/654/2728 2895/747/2812
f 2813/656/2730 2895/747/2812 2811/654/2728
f 2896/748/2813 2890/742/2807 2897/749/2814
f 2890/742/2807 2896/748/2813 2889/741/2806
f 2896/748/2813 2898/750/2815 2891/743/2808
f 2896/748/2813 2891/743/2808 2889/741/2806
f 2898/750/2815 2812/655/2729 2891/743/2808
f 2812/655/2729 2898/750/2815 2814/657/2731
f 2892/744/2809 2893/745/2810 2849/697/2768
f 2850/696/2769 2849/697/2768 2893/745/2810
f 2893/745/2810 2894/746/2811 2850/696/2769
f 2853/700/2772 2850/696/2769 2894/746/2811
f 2894/746/2811 2895/747/2812 2853/700/2772
f 2855/702/2774 2853/700/2772 2895/747/2812
f 2895/747/2812 2813/656/2730 2855/702/2774
f 2803/645/2721 2855/702/2774 2813/656/2730
f 2859/706/2778 2897/749/2814 2857/705/2776
f 2897/749/2814 2859/706/2778 2896/748/2813
f 2859/706/2778 2860/707/2779 2898/750/2815
f 2859/706/2778 2898/750/2815 2896/748/2813
f 2860/707/2779 2814/657/2731 2898/750/2815
f 2814/657/2731 2860/707/2779 2800/642/2718
f 2870/716/2789 2869/717/2788 2899/751/2816
f 2870/716/2789 2899/751/2816 2900/752/2817
f 2869/717/2788 2901/753/2818 2899/751/2816
f 2869/717/2788 2871/718/2790 2901/753/2818
f 2871/718/2790 2902/754/2819 2901/753/2818
f 2871/718/2790 2872/719/2791 2902/754/2819
f 2872/719/2791 2807/648/2725 2816/659/2733
f 2872/719/2791 2816/659/2733 2902/754/2819
f 2874/721/2793 2873/720/2792 2903/755/2820
f 2874/721/2793 2903/755/2820 2904/756/2821
f 2874/721/2793 2905/757/2822 2875/722/2794
f 2905/757/2822 2874/721/2793 2904/756/2821
f 2875/722/2794 2815/658/2732 2806/649/2724
f 2815/658/2732 2875/722/2794 2905/757/2822
f 2900/752/2817 2899/751/2816 2906/758/2823
f 2900/752/2817 2906/758/2823 2907/759/2824
f 2899/751/2816 2908/760/2825 2906/758/2823
f 2899/751/2816 2901/753/2818 2908/760/2825
f 2901/753/2818 2902/754/2819 2909/761/2826
f 2901/753/2818 2909/761/2826 2908/760/2825
f 2902/754/2819 2816/659/2733 2818/661/2735
f 2902/754/2819 2818/661/2735 2909/761/2826
f 2904/756/2821 2903/755/2820 2910/762/2827
f 2904/756/2821 2910/762/2827 2911/763/2828
f 2904/756/2821 2912/764/2829 2905/757/2822
f 2912/764/2829 2904/756/2821 2911/763/2828
f 2905/757/2822 2817/660/2734 2815/658/2732
f 2817/660/2734 2905/757/2822 2912/764/2829
f 2907/759/2824 2906/758/2823 2913/765/2830
f 2907/759/2824 2913/765/2830 2914/766/2831
f 2906/758/2823 2908/760/2825 2915/767/2832
f 2906/758/2823 2915/767/2832 2913/765/2830
f 2908/760/2825 2909/761/2826 2821/664/2738
f 2908/760/2825 2821/664/2738 2915/767/2832
f 2909/761/2826 2818/661/2735 2820/663/2737
f 2909/761/2826 2820/663/2737 2821/664/2738
f 2911/763/2828 2910/762/2827 2916/768/2833
f 2911/763/2828 2916/768/2833 2917/769/2834
f 2911/763/2828 2918/770/2835 2912/764/2829
f 2918/770/2835 2911/763/2828 2917/769/2834
f 2912/764/2829 2819/662/2736 2817/660/2734
f 2819/662/2736 2912/764/2829 2918/770/2835
f 2917/769/2834 2916/768/2833 2833/771/2749
f 2917/769/2834 2833/771/2749 2832/772/2748
f 2832/772/2748 2918/770/2835 2917/769/2834
f 2918/770/2835 2832/772/2748 2919/773/2751
f 2918/770/2835 2919/773/2751 2819/662/2736
f 2819/662/2736 2919/773/2751 2920/774/2711
f 2820/663/2737 2819/662/2736 2920/774/2711
f 2820/663/2737 2920/774/2711 2822/665/2710
f 2914/766/2831 2913/765/2830 2826/775/2743
f 2914/766/2831 2826/775/2743 2823/776/2740
f 2913/765/2830 2915/767/2832 2828/777/2745
f 2913/765/2830 2828/777/2745 2826/775/2743
f 2915/767/2832 2821/664/2738 2830/666/2739
f 2915/767/2832 2830/666/2739 2828/777/2745
f 2921/778/1816 1880/779/1815 2866/713/2785
f 1880/779/1815 2873/720/2792 2866/713/2785
f 2922/780/1817 2866/713/2785 2858/704/2777
f 2866/713/2785 2922/780/1817 2921/778/1816
f 2922/780/1817 2857/705/2776 2923/781/1818
f 2857/705/2776 2922/780/1817 2858/704/2777
f 2857/705/2776 1881/782/1819 2923/781/1818
f 1881/782/1819 2857/705/2776 2897/749/2814
f 2897/749/2814 1882/783/1820 1881/782/1819
f 1882/783/1820 2897/749/2814 2890/742/2807
f 2890/742/2807 2924/784/1821 1882/783/1820
f 2924/784/1821 2890/742/2807 2883/732/2800
f 2883/732/2800 1883/785/1822 2924/784/1821
f 1883/785/1822 2883/732/2800 2882/733/2765
f 2841/686/2758 1883/786/1822 2882/693/2765
f 1883/786/1822 2841/686/2758 1884/787/1823
f 2834/678/2750 1884/787/1823 2841/686/2758
f 1884/787/1823 2834/678/2750 1885/788/1824
f 2834/678/2750 2833/676/2749 1886/789/1825
f 2834/678/2750 1886/789/1825 1885/788/1824
f 2916/768/2833 2925/791/1826 1886/790/1825
f 2916/768/2833 1886/790/1825 2833/771/2749
f 2910/762/2827 1887/792/1827 2925/791/1826
f 2910/762/2827 2925/791/1826 2916/768/2833
f 2903/755/2820 2926/793/1828 1887/792/1827
f 2903/755/2820 1887/792/1827 2910/762/2827
f 2873/720/2792 1880/779/1815 2926/793/1828
f 2873/720/2792 2926/793/1828 2903/755/2820
f 2849/697/2768 2851/698/2770 3062/794/2836
f 3062/794/2836 3063/795/2837 2849/697/2768
f 2863/709/2782 3062/794/2836 2851/698/2770
f 3062/794/2836 2863/709/2782 2927/796/2838
f 2863/709/2782 2928/797/2839 2927/796/2838
f 2928/797/2839 2863/709/2782 2870/716/2789
f 2928/797/2839 2870/716/2789 2900/752/2817
f 2928/797/2839 2900/752/2817 2929/798/2840
f 2929/798/2840 2900/752/2817 2907/759/2824
f 2929/798/2840 2907/759/2824 2930/799/2841
f 2930/799/2841 2907/759/2824 2914/766/2831
f 2930/799/2841 2914/766/2831 2931/800/2842
f 2931/800/2842 2914/766/2831 2823/776/2740
f 2931/800/2842 2823/776/2740 2933/801/2843
f 2932/802/2844 2933/803/2843 2825/668/2742
f 2933/803/2843 2823/667/2740 2825/668/2742
f 3068/804/2845 2825/668/2742 2837/681/2754
f 2825/668/2742 3068/804/2845 2932/802/2844
f 3068/804/2845 2837/681/2754 3069/805/2846
f 3069/805/2846 2837/681/2754 2844/688/2761
f 3069/806/2846 2844/723/2761 2934/807/2847
f 2876/724/2795 2934/807/2847 2844/723/2761
f 2934/807/2847 2876/724/2795 2935/808/2848
f 2885/737/2802 2935/808/2848 2876/724/2795
f 2935/808/2848 2885/737/2802 3070/809/2849
f 2892/744/2809 3070/809/2849 2885/737/2802
f 3070/809/2849 2892/744/2809 3063/795/2837
f 2849/697/2768 3063/795/2837 2892/744/2809
f 2963/634/2850 2936/635/2851 3061/636/2852
f 2936/635/2851 2937/637/2853 3061/636/2852
f 2936/635/2851 2939/638/2854 2938/639/2855
f 2938/639/2855 2937/637/2853 2936/635/2851
f 2939/638/2854 2949/640/2856 2938/639/2855
f 2949/640/2856 2940/641/2857 2938/639/2855
f 2941/642/2858 2943/643/2859 2942/644/2860
f 2941/642/2858 2944/645/2861 2943/643/2859
f 2942/644/2860 2946/646/2862 2945/647/2863
f 2942/644/2860 2943/643/2859 2946/646/2862
f 2945/647/2863 2948/648/2864 2947/649/2865
f 2945/647/2863 2946/646/2862 2948/648/2864
f 2949/650/2856 2950/651/2866 2940/652/2857
f 2951/653/2867 2940/652/2857 2950/651/2866
f 2950/651/2866 2952/654/2868 2951/653/2867
f 2953/655/2869 2951/653/2867 2952/654/2868
f 2952/654/2868 2954/656/2870 2953/655/2869
f 2955/657/2871 2953/655/2869 2954/656/2870
f 2954/656/2870 2944/645/2861 2955/657/2871
f 2941/642/2858 2955/657/2871 2944/645/2861
f 2948/648/2864 2956/658/2872 2947/649/2865
f 2948/648/2864 2957/659/2873 2956/658/2872
f 2957/659/2873 2958/660/2874 2956/658/2872
f 2957/659/2873 2959/661/2875 2958/660/2874
f 2959/661/2875 2960/662/2876 2958/660/2874
f 2959/661/2875 2961/663/2877 2960/662/2876
f 2962/664/2878 2963/665/2850 2961/663/2877
f 2962/664/2878 2971/666/2879 2963/665/2850
f 2964/667/2880 2966/668/2881 2965/669/2882
f 2965/669/2882 2967/670/2883 2964/667/2880
f 2967/670/2883 2965/669/2882 2968/671/2884
f 2968/671/2884 2969/672/2885 2967/670/2883
f 2969/672/2885 2968/671/2884 2970/673/2886
f 2970/673/2886 2971/674/2879 2969/672/2885
f 2971/674/2879 2970/673/2886 2963/634/2850
f 2970/673/2886 2936/635/2851 2963/634/2850
f 2972/675/2887 2974/676/2888 2973/677/2889
f 2972/675/2887 2975/678/2890 2974/676/2888
f 3060/679/2891 2976/680/2892 2973/677/2889
f 2973/677/2889 2976/680/2892 2972/675/2887
f 3061/636/2852 2937/637/2853 3060/679/2891
f 3060/679/2891 2937/637/2853 2976/680/2892
f 2966/668/2881 2978/681/2893 2977/682/2894
f 2977/682/2894 2965/669/2882 2966/668/2881
f 2965/669/2882 2977/682/2894 2979/683/2895
f 2979/683/2895 2968/671/2884 2965/669/2882
f 2968/671/2884 2979/683/2895 2980/684/2896
f 2980/684/2896 2970/673/2886 2968/671/2884
f 2970/673/2886 2980/684/2896 2939/638/2854
f 2939/638/2854 2936/635/2851 2970/673/2886
f 2981/685/2897 2975/678/2890 2972/675/2887
f 2981/685/2897 2982/686/2898 2975/678/2890
f 2976/680/2892 2983/687/2899 2972/675/2887
f 2972/675/2887 2983/687/2899 2981/685/2897
f 2937/637/2853 2938/639/2855 2976/680/2892
f 2976/680/2892 2938/639/2855 2983/687/2899
f 2978/681/2893 2985/688/2900 2984/689/2901
f 2984/689/2901 2977/682/2894 2978/681/2893
f 2977/682/2894 2984/689/2901 2986/690/2902
f 2986/690/2902 2979/683/2895 2977/682/2894
f 2979/683/2895 2986/690/2902 3020/691/2903
f 3020/691/2903 2980/684/2896 2979/683/2895
f 2980/684/2896 3020/691/2903 2939/638/2854
f 2949/640/2856 2939/638/2854 3020/691/2903
f 2987/692/2904 2982/686/2898 2981/685/2897
f 2987/692/2904 3023/693/2905 2982/686/2898
f 2983/687/2899 2988/694/2906 2981/685/2897
f 2981/685/2897 2988/694/2906 2987/692/2904
f 2938/639/2855 2940/641/2857 2983/687/2899
f 2983/687/2899 2940/641/2857 2988/694/2906
f 2989/695/2907 2991/696/2908 2990/697/2909
f 2990/697/2909 2992/698/2910 2989/695/2907
f 2993/699/2911 2994/700/2912 2989/695/2907
f 2989/695/2907 2994/700/2912 2991/696/2908
f 2995/701/2913 2996/702/2914 2993/699/2911
f 2993/699/2911 2996/702/2914 2994/700/2912
f 2944/645/2861 2995/701/2913 2943/643/2859
f 2944/645/2861 2996/702/2914 2995/701/2913
f 2997/703/2915 2999/704/2916 2998/705/2917
f 2998/705/2917 3000/706/2918 2997/703/2915
f 2997/703/2915 3000/706/2918 3001/707/2919
f 3001/707/2919 3002/708/2920 2997/703/2915
f 3002/708/2920 3001/707/2919 2941/642/2858
f 2941/642/2858 2942/644/2860 3002/708/2920
f 2989/695/2907 3004/709/2921 3003/710/2922
f 2989/695/2907 2992/698/2910 3004/709/2921
f 3005/711/2923 2993/699/2911 3003/710/2922
f 3003/710/2922 2993/699/2911 2989/695/2907
f 3006/712/2924 2995/701/2913 3005/711/2923
f 3005/711/2923 2995/701/2913 2993/699/2911
f 2943/643/2859 3006/712/2924 2946/646/2862
f 2943/643/2859 2995/701/2913 3006/712/2924
f 3007/713/2925 2999/704/2916 2997/703/2915
f 2997/703/2915 3008/714/2926 3007/713/2925
f 3008/714/2926 2997/703/2915 3002/708/2920
f 3002/708/2920 3009/715/2927 3008/714/2926
f 3009/715/2927 3002/708/2920 2942/644/2860
f 2942/644/2860 2945/647/2863 3009/715/2927
f 3003/710/2922 3011/716/2928 3010/717/2929
f 3003/710/2922 3004/709/2921 3011/716/2928
f 3012/718/2930 3005/711/2923 3010/717/2929
f 3010/717/2929 3005/711/2923 3003/710/2922
f 3013/719/2931 3006/712/2924 3012/718/2930
f 3012/718/2930 3006/712/2924 3005/711/2923
f 2946/646/2862 3013/719/2931 2948/648/2864
f 2946/646/2862 3006/712/2924 3013/719/2931
f 3014/720/2932 3007/713/2925 3008/714/2926
f 3008/714/2926 3015/721/2933 3014/720/2932
f 3015/721/2933 3008/714/2926 3009/715/2927
f 3009/715/2927 3016/722/2934 3015/721/2933
f 3016/722/2934 3009/715/2927 2945/647/2863
f 2945/647/2863 2947/649/2865 3016/722/2934
f 2985/723/2900 3017/724/2935 2984/725/2901
f 3018/726/2936 2984/725/2901 3017/724/2935
f 2984/725/2901 3018/726/2936 2986/727/2902
f 3019/728/2937 2986/727/2902 3018/726/2936
f 2986/727/2902 3019/728/2937 3020/729/2903
f 3021/730/2938 3020/729/2903 3019/728/2937
f 3020/729/2903 3021/730/2938 2949/650/2856
f 2950/651/2866 2949/650/2856 3021/730/2938
f 3022/731/2939 3024/732/2940 3023/733/2905
f 3023/733/2905 2987/734/2904 3022/731/2939
f 3025/735/2941 3022/731/2939 2987/734/2904
f 2987/734/2904 2988/736/2906 3025/735/2941
f 2951/653/2867 3025/735/2941 2988/736/2906
f 2988/736/2906 2940/652/2857 2951/653/2867
f 3017/724/2935 3026/737/2942 3018/726/2936
f 3027/738/2943 3018/726/2936 3026/737/2942
f 3018/726/2936 3027/738/2943 3019/728/2937
f 3028/739/2944 3019/728/2937 3027/738/2943
f 3019/728/2937 3028/739/2944 3021/730/2938
f 3029/740/2945 3021/730/2938 3028/739/2944
f 3021/730/2938 3029/740/2945 2950/651/2866
f 2952/654/2868 2950/651/2866 3029/740/2945
f 3030/741/2946 3031/742/2947 3024/732/2940
f 3024/732/2940 3022/731/2939 3030/741/2946
f 3030/741/2946 3025/735/2941 3032/743/2948
f 3030/741/2946 3022/731/2939 3025/735/2941
f 2953/655/2869 3032/743/2948 3025/735/2941
f 3025/735/2941 2951/653/2867 2953/655/2869
f 3026/737/2942 3033/744/2949 3027/738/2943
f 3034/745/2950 3027/738/2943 3033/744/2949
f 3027/738/2943 3034/745/2950 3028/739/2944
f 3035/746/2951 3028/739/2944 3034/745/2950
f 3028/739/2944 3035/746/2951 3029/740/2945
f 3036/747/2952 3029/740/2945 3035/746/2951
f 3029/740/2945 3036/747/2952 2952/654/2868
f 2954/656/2870 2952/654/2868 3036/747/2952
f 3037/748/2953 3038/749/2954 3031/742/2947
f 3031/742/2947 3030/741/2946 3037/748/2953
f 3037/748/2953 3032/743/2948 3039/750/2955
f 3037/748/2953 3030/741/2946 3032/743/2948
f 3039/750/2955 3032/743/2948 2953/655/2869
f 2953/655/2869 2955/657/2871 3039/750/2955
f 3033/744/2949 2990/697/2909 3034/745/2950
f 2991/696/2908 3034/745/2950 2990/697/2909
f 3034/745/2950 2991/696/2908 3035/746/2951
f 2994/700/2912 3035/746/2951 2991/696/2908
f 3035/746/2951 2994/700/2912 3036/747/2952
f 2996/702/2914 3036/747/2952 2994/700/2912
f 3036/747/2952 2996/702/2914 2954/656/2870
f 2944/645/2861 2954/656/2870 2996/702/2914
f 3000/706/2918 2998/705/2917 3038/749/2954
f 3038/749/2954 3037/748/2953 3000/706/2918
f 3000/706/2918 3039/750/2955 3001/707/2919
f 3000/706/2918 3037/748/2953 3039/750/2955
f 3001/707/2919 3039/750/2955 2955/657/2871
f 2955/657/2871 2941/642/2858 3001/707/2919
f 3011/716/2928 3040/751/2956 3010/717/2929
f 3011/716/2928 3041/752/2957 3040/751/2956
f 3010/717/2929 3040/751/2956 3042/753/2958
f 3010/717/2929 3042/753/2958 3012/718/2930
f 3012/718/2930 3042/753/2958 3043/754/2959
f 3012/718/2930 3043/754/2959 3013/719/2931
f 3013/719/2931 2957/659/2873 2948/648/2864
f 3013/719/2931 3043/754/2959 2957/659/2873
f 3015/721/2933 3044/755/2960 3014/720/2932
f 3015/721/2933 3045/756/2961 3044/755/2960
f 3015/721/2933 3016/722/2934 3046/757/2962
f 3046/757/2962 3045/756/2961 3015/721/2933
f 3016/722/2934 2947/649/2865 2956/658/2872
f 2956/658/2872 3046/757/2962 3016/722/2934
f 3041/752/2957 3047/758/2963 3040/751/2956
f 3041/752/2957 3048/759/2964 3047/758/2963
f 3040/751/2956 3047/758/2963 3049/760/2965
f 3040/751/2956 3049/760/2965 3042/753/2958
f 3042/753/2958 3050/761/2966 3043/754/2959
f 3042/753/2958 3049/760/2965 3050/761/2966
f 3043/754/2959 2959/661/2875 2957/659/2873
f 3043/754/2959 3050/761/2966 2959/661/2875
f 3045/756/2961 3051/762/2967 3044/755/2960
f 3045/756/2961 3052/763/2968 3051/762/2967
f 3045/756/2961 3046/757/2962 3053/764/2969
f 3053/764/2969 3052/763/2968 3045/756/2961
f 3046/757/2962 2956/658/2872 2958/660/2874
f 2958/660/2874 3053/764/2969 3046/757/2962
f 3048/759/2964 3054/765/2970 3047/758/2963
f 3048/759/2964 3055/766/2971 3054/765/2970
f 3047/758/2963 3056/767/2972 3049/760/2965
f 3047/758/2963 3054/765/2970 3056/767/2972
f 3049/760/2965 2962/664/2878 3050/761/2966
f 3049/760/2965 3056/767/2972 2962/664/2878
f 3050/761/2966 2961/663/2877 2959/661/2875
f 3050/761/2966 2962/664/2878 2961/663/2877
f 3052/763/2968 3057/768/2973 3051/762/2967
f 3052/763/2968 3058/769/2974 3057/768/2973
f 3052/763/2968 3053/764/2969 3059/770/2975
f 3059/770/2975 3058/769/2974 3052/763/2968
f 3053/764/2969 2958/660/2874 2960/662/2876
f 2960/662/2876 3059/770/2975 3053/764/2969
f 3058/769/2974 2974/771/2888 3057/768/2973
f 3058/769/2974 2973/772/2889 2974/771/2888
f 2973/772/2889 3058/769/2974 3059/770/2975
f 3059/770/2975 3060/773/2891 2973/772/2889
f 3059/770/2975 2960/662/2876 3060/773/2891
f 2960/662/2876 3061/774/2852 3060/773/2891
f 2961/663/2877 3061/774/2852 2960/662/2876
f 2961/663/2877 2963/665/2850 3061/774/2852
f 3055/766/2971 2967/775/2883 3054/765/2970
f 3055/766/2971 2964/776/2880 2967/775/2883
f 3054/765/2970 2969/777/2885 3056/767/2972
f 3054/765/2970 2967/775/2883 2969/777/2885
f 3056/767/2972 2971/666/2879 2962/664/2878
f 3056/767/2972 2969/777/2885 2971/666/2879
f 3062/778/2836 3007/713/2925 3063/779/2837
f 3063/779/2837 3007/713/2925 3014/720/2932
f 2927/780/2838 2999/704/2916 3007/713/2925
f 3007/713/2925 3062/778/2836 2927/780/2838
f 2927/780/2838 3064/781/2976 2998/705/2917
f 2998/705/2917 2999/704/2916 2927/780/2838
f 2998/705/2917 3064/781/2976 2929/782/2977
f 2929/782/2977 3038/749/2954 2998/705/2917
f 3038/749/2954 2929/782/2977 3065/783/2978
f 3065/783/2978 3031/742/2947 3038/749/2954
f 3031/742/2947 3065/783/2978 3066/784/2979
f 3066/784/2979 3024/732/2940 3031/742/2947
f 3024/732/2940 3066/784/2979 3067/785/2980
f 3067/785/2980 3023/733/2905 3024/732/2940
f 2982/686/2898 3023/693/2905 3067/786/2980
f 3067/786/2980 2932/787/2844 2982/686/2898
f 2975/678/2890 2982/686/2898 2932/787/2844
f 2932/787/2844 3068/788/2845 2975/678/2890
f 2975/678/2890 3069/789/2846 2974/676/2888
f 2975/678/2890 3068/788/2845 3069/789/2846
f 3057/768/2973 3069/790/2846 2934/791/2847
f 3057/768/2973 2974/771/2888 3069/790/2846
f 3051/762/2967 2934/791/2847 2935/792/2848
f 3051/762/2967 3057/768/2973 2934/791/2847
f 3044/755/2960 2935/792/2848 3070/793/2849
f 3044/755/2960 3051/762/2967 2935/792/2848
f 3014/720/2932 3070/793/2849 3063/779/2837
f 3014/720/2932 3044/755/2960 3070/793/2849
f 2990/697/2909 3071/794/1314 2992/698/2910
f 3071/794/1314 2990/697/2909 1389/795/1315
f 3004/709/2921 2992/698/2910 3071/794/1314
f 3071/794/1314 1388/796/1313 3004/709/2921
f 3004/709/2921 1388/796/1313 3072/797/1312
f 3072/797/1312 3011/716/2928 3004/709/2921
f 3072/797/1312 3041/752/2957 3011/716/2928
f 3072/797/1312 3073/798/1325 3041/752/2957
f 3073/798/1325 3048/759/2964 3041/752/2957
f 3073/798/1325 3074/799/1324 3048/759/2964
f 3074/799/1324 3055/766/2971 3048/759/2964
f 3074/799/1324 3075/800/1323 3055/766/2971
f 3075/800/1323 2964/776/2880 3055/766/2971
f 3075/800/1323 3077/801/1322 2964/776/2880
f 3076/802/1321 2966/668/2881 3077/803/1322
f 3077/803/1322 2966/668/2881 2964/667/2880
f 3078/804/1320 2978/681/2893 2966/668/2881
f 2966/668/2881 3076/802/1321 3078/804/1320
f 3078/804/1320 3079/805/1319 2978/681/2893
f 3079/805/1319 2985/688/2900 2978/681/2893
f 3079/806/1319 3080/807/1318 2985/723/2900
f 3017/724/2935 2985/723/2900 3080/807/1318
f 3080/807/1318 1390/808/1317 3017/724/2935
f 3026/737/2942 3017/724/2935 1390/808/1317
f 1390/808/1317 3081/809/1316 3026/737/2942
f 3033/744/2949 3026/737/2942 3081/809/1316
f 3081/809/1316 1389/795/1315 3033/744/2949
f 2990/697/2909 3033/744/2949 1389/795/1315
f 3109/634/2981 3082/635/2982 3207/636/2983
f 3082/635/2982 3083/637/2984 3207/636/2983
f 3082/635/2982 3085/638/2985 3084/639/2986
f 3084/639/2986 3083/637/2984 3082/635/2982
f 3085/638/2985 3095/640/2987 3084/639/2986
f 3095/640/2987 3086/641/2988 3084/639/2986
f 3087/642/2989 3089/643/2990 3088/644/2991
f 3087/642/2989 3090/645/2992 3089/643/2990
f 3088/644/2991 3092/646/2993 3091/647/2994
f 3088/644/2991 3089/643/2990 3092/646/2993
f 3091/647/2994 3094/648/2995 3093/649/2996
f 3091/647/2994 3092/646/2993 3094/648/2995
f 3095/650/2987 3096/651/2997 3086/652/2988
f 3097/653/2998 3086/652/2988 3096/651/2997
f 3096/651/2997 3098/654/2999 3097/653/2998
f 3099/655/3000 3097/653/2998 3098/654/2999
f 3098/654/2999 3100/656/3001 3099/655/3000
f 3101/657/3002 3099/655/3000 3100/656/3001
f 3100/656/3001 3090/645/2992 3101/657/3002
f 3087/642/2989 3101/657/3002 3090/645/2992
f 3094/648/2995 3102/658/3003 3093/649/2996
f 3094/648/2995 3103/659/3004 3102/658/3003
f 3103/659/3004 3104/660/3005 3102/658/3003
f 3103/659/3004 3105/661/3006 3104/660/3005
f 3105/661/3006 3106/662/3007 3104/660/3005
f 3105/661/3006 3107/663/3008 3106/662/3007
f 3108/664/3009 3109/665/2981 3107/663/3008
f 3108/664/3009 3117/666/3010 3109/665/2981
f 3110/667/3011 3112/668/3012 3111/669/3013
f 3111/669/3013 3113/670/3014 3110/667/3011
f 3113/670/3014 3111/669/3013 3114/671/3015
f 3114/671/3015 3115/672/3016 3113/670/3014
f 3115/672/3016 3114/671/3015 3116/673/3017
f 3116/673/3017 3117/674/3010 3115/672/3016
f 3117/674/3010 3116/673/3017 3109/634/2981
f 3116/673/3017 3082/635/2982 3109/634/2981
f 3118/675/3018 3120/676/3019 3119/677/3020
f 3118/675/3018 3121/678/3021 3120/676/3019
f 3206/679/3022 3122/680/3023 3119/677/3020
f 3119/677/3020 3122/680/3023 3118/675/3018
f 3207/636/2983 3083/637/2984 3206/679/3022
f 3206/679/3022 3083/637/2984 3122/680/3023
f 3112/668/3012 3124/681/3024 3123/682/3025
f 3123/682/3025 3111/669/3013 3112/668/3012
f 3111/669/3013 3123/682/3025 3125/683/3026
f 3125/683/3026 3114/671/3015 3111/669/3013
f 3114/671/3015 3125/683/3026 3126/684/3027
f 3126/684/3027 3116/673/3017 3114/671/3015
f 3116/673/3017 3126/684/3027 3085/638/2985
f 3085/638/2985 3082/635/2982 3116/673/3017
f 3127/685/3028 3121/678/3021 3118/675/3018
f 3127/685/3028 3128/686/3029 3121/678/3021
f 3122/680/3023 3129/687/3030 3118/675/3018
f 3118/675/3018 3129/687/3030 3127/685/3028
f 3083/637/2984 3084/639/2986 3122/680/3023
f 3122/680/3023 3084/639/2986 3129/687/3030
f 3124/681/3024 3131/688/3031 3130/689/3032
f 3130/689/3032 3123/682/3025 3124/681/3024
f 3123/682/3025 3130/689/3032 3132/690/3033
f 3132/690/3033 3125/683/3026 3123/682/3025
f 3125/683/3026 3132/690/3033 3166/691/3034
f 3166/691/3034 3126/684/3027 3125/683/3026
f 3126/684/3027 3166/691/3034 3085/638/2985
f 3095/640/2987 3085/638/2985 3166/691/3034
f 3133/692/3035 3128/686/3029 3127/685/3028
f 3133/692/3035 3169/693/3036 3128/686/3029
f 3129/687/3030 3134/694/3037 3127/685/3028
f 3127/685/3028 3134/694/3037 3133/692/3035
f 3084/639/2986 3086/641/2988 3129/687/3030
f 3129/687/3030 3086/641/2988 3134/694/3037
f 3135/695/3038 3137/696/3039 3136/697/3040
f 3136/697/3040 3138/698/3041 3135/695/3038
f 3139/699/3042 3140/700/3043 3135/695/3038
f 3135/695/3038 3140/700/3043 3137/696/3039
f 3141/701/3044 3142/702/3045 3139/699/3042
f 3139/699/3042 3142/702/3045 3140/700/3043
f 3090/645/2992 3141/701/3044 3089/643/2990
f 3090/645/2992 3142/702/3045 3141/701/3044
f 3143/703/3046 3145/704/3047 3144/705/3048
f 3144/705/3048 3146/706/3049 3143/703/3046
f 3143/703/3046 3146/706/3049 3147/707/3050
f 3147/707/3050 3148/708/3051 3143/703/3046
f 3148/708/3051 3147/707/3050 3087/642/2989
f 3087/642/2989 3088/644/2991 3148/708/3051
f 3135/695/3038 3150/709/3052 3149/710/3053
f 3135/695/3038 3138/698/3041 3150/709/3052
f 3151/711/3054 3139/699/3042 3149/710/3053
f 3149/710/3053 3139/699/3042 3135/695/3038
f 3152/712/3055 3141/701/3044 3151/711/3054
f 3151/711/3054 3141/701/3044 3139/699/3042
f 3089/643/2990 3152/712/3055 3092/646/2993
f 3089/643/2990 3141/701/3044 3152/712/3055
f 3153/713/3056 3145/704/3047 3143/703/3046
f 3143/703/3046 3154/714/3057 3153/713/3056
f 3154/714/3057 3143/703/3046 3148/708/3051
f 3148/708/3051 3155/715/3058 3154/714/3057
f 3155/715/3058 3148/708/3051 3088/644/2991
f 3088/644/2991 3091/647/2994 3155/715/3058
f 3149/710/3053 3157/716/3059 3156/717/3060
f 3149/710/3053 3150/709/3052 3157/716/3059
f 3158/718/3061 3151/711/3054 3156/717/3060
f 3156/717/3060 3151/711/3054 3149/710/3053
f 3159/719/3062 3152/712/3055 3158/718/3061
f 3158/718/3061 3152/712/3055 3151/711/3054
f 3092/646/2993 3159/719/3062 3094/648/2995
f 3092/646/2993 3152/712/3055 3159/719/3062
f 3160/720/3063 3153/713/3056 3154/714/3057
f 3154/714/3057 3161/721/3064 3160/720/3063
f 3161/721/3064 3154/714/3057 3155/715/3058
f 3155/715/3058 3162/722/3065 3161/721/3064
f 3162/722/3065 3155/715/3058 3091/647/2994
f 3091/647/2994 3093/649/2996 3162/722/3065
f 3131/723/3031 3163/724/3066 3130/725/3032
f 3164/726/3067 3130/725/3032 3163/724/3066
f 3130/725/3032 3164/726/3067 3132/727/3033
f 3165/728/3068 3132/727/3033 3164/726/3067
f 3132/727/3033 3165/728/3068 3166/729/3034
f 3167/730/3069 3166/729/3034 3165/728/3068
f 3166/729/3034 3167/730/3069 3095/650/2987
f 3096/651/2997 3095/650/2987 3167/730/3069
f 3168/731/3070 3170/732/3071 3169/733/3036
f 3169/733/3036 3133/734/3035 3168/731/3070
f 3171/735/3072 3168/731/3070 3133/734/3035
f 3133/734/3035 3134/736/3037 3171/735/3072
f 3097/653/2998 3171/735/3072 3134/736/3037
f 3134/736/3037 3086/652/2988 3097/653/2998
f 3163/724/3066 3172/737/3073 3164/726/3067
f 3173/738/3074 3164/726/3067 3172/737/3073
f 3164/726/3067 3173/738/3074 3165/728/3068
f 3174/739/3075 3165/728/3068 3173/738/3074
f 3165/728/3068 3174/739/3075 3167/730/3069
f 3175/740/3076 3167/730/3069 3174/739/3075
f 3167/730/3069 3175/740/3076 3096/651/2997
f 3098/654/2999 3096/651/2997 3175/740/3076
f 3176/741/3077 3177/742/3078 3170/732/3071
f 3170/732/3071 3168/731/3070 3176/741/3077
f 3176/741/3077 3171/735/3072 3178/743/3079
f 3176/741/3077 3168/731/3070 3171/735/3072
f 3099/655/3000 3178/743/3079 3171/735/3072
f 3171/735/3072 3097/653/2998 3099/655/3000
f 3172/737/3073 3179/744/3080 3173/738/3074
f 3180/745/3081 3173/738/3074 3179/744/3080
f 3173/738/3074 3180/745/3081 3174/739/3075
f 3181/746/3082 3174/739/3075 3180/745/3081
f 3174/739/3075 3181/746/3082 3175/740/3076
f 3182/747/3083 3175/740/3076 3181/746/3082
f 3175/740/3076 3182/747/3083 3098/654/2999
f 3100/656/3001 3098/654/2999 3182/747/3083
f 3183/748/3084 3184/749/3085 3177/742/3078
f 3177/742/3078 3176/741/3077 3183/748/3084
f 3183/748/3084 3178/743/3079 3185/750/3086
f 3183/748/3084 3176/741/3077 3178/743/3079
f 3185/750/3086 3178/743/3079 3099/655/3000
f 3099/655/3000 3101/657/3002 3185/750/3086
f 3179/744/3080 3136/697/3040 3180/745/3081
f 3137/696/3039 3180/745/3081 3136/697/3040
f 3180/745/3081 3137/696/3039 3181/746/3082
f 3140/700/3043 3181/746/3082 3137/696/3039
f 3181/746/3082 3140/700/3043 3182/747/3083
f 3142/702/3045 3182/747/3083 3140/700/3043
f 3182/747/3083 3142/702/3045 3100/656/3001
f 3090/645/2992 3100/656/3001 3142/702/3045
f 3146/706/3049 3144/705/3048 3184/749/3085
f 3184/749/3085 3183/748/3084 3146/706/3049
f 3146/706/3049 3185/750/3086 3147/707/3050
f 3146/706/3049 3183/748/3084 3185/750/3086
f 3147/707/3050 3185/750/3086 3101/657/3002
f 3101/657/3002 3087/642/2989 3147/707/3050
f 3157/716/3059 3186/751/3087 3156/717/3060
f 3157/716/3059 3187/752/3088 3186/751/3087
f 3156/717/3060 3186/751/3087 3188/753/3089
f 3156/717/3060 3188/753/3089 3158/718/3061
f 3158/718/3061 3188/753/3089 3189/754/3090
f 3158/718/3061 3189/754/3090 3159/719/3062
f 3159/719/3062 3103/659/3004 3094/648/2995
f 3159/719/3062 3189/754/3090 3103/659/3004
f 3161/721/3064 3190/755/3091 3160/720/3063
f 3161/721/3064 3191/756/3092 3190/755/3091
f 3161/721/3064 3162/722/3065 3192/757/3093
f 3192/757/3093 3191/756/3092 3161/721/3064
f 3162/722/3065 3093/649/2996 3102/658/3003
f 3102/658/3003 3192/757/3093 3162/722/3065
f 3187/752/3088 3193/758/3094 3186/751/3087
f 3187/752/3088 3194/759/3095 3193/758/3094
f 3186/751/3087 3193/758/3094 3195/760/3096
f 3186/751/3087 3195/760/3096 3188/753/3089
f 3188/753/3089 3196/761/3097 3189/754/3090
f 3188/753/3089 3195/760/3096 3196/761/3097
f 3189/754/3090 3105/661/3006 3103/659/3004
f 3189/754/3090 3196/761/3097 3105/661/3006
f 3191/756/3092 3197/762/3098 3190/755/3091
f 3191/756/3092 3198/763/3099 3197/762/3098
f 3191/756/3092 3192/757/3093 3199/764/3100
f 3199/764/3100 3198/763/3099 3191/756/3092
f 3192/757/3093 3102/658/3003 3104/660/3005
f 3104/660/3005 3199/764/3100 3192/757/3093
f 3194/759/3095 3200/765/3101 3193/758/3094
f 3194/759/3095 3201/766/3102 3200/765/3101
f 3193/758/3094 3202/767/3103 3195/760/3096
f 3193/758/3094 3200/765/3101 3202/767/3103
f 3195/760/3096 3108/664/3009 3196/761/3097
f 3195/760/3096 3202/767/3103 3108/664/3009
f 3196/761/3097 3107/663/3008 3105/661/3006
f 3196/761/3097 3108/664/3009 3107/663/3008
f 3198/763/3099 3203/768/3104 3197/762/3098
f 3198/763/3099 3204/769/3105 3203/768/3104
f 3198/763/3099 3199/764/3100 3205/770/3106
f 3205/770/3106 3204/769/3105 3198/763/3099
f 3199/764/3100 3104/660/3005 3106/662/3007
f 3106/662/3007 3205/770/3106 3199/764/3100
f 3204/769/3105 3120/771/3019 3203/768/3104
f 3204/769/3105 3119/772/3020 3120/771/3019
f 3119/772/3020 3204/769/3105 3205/770/3106
f 3205/770/3106 3206/773/3022 3119/772/3020
f 3205/770/3106 3106/662/3007 3206/773/3022
f 3106/662/3007 3207/774/2983 3206/773/3022
f 3107/663/3008 3207/774/2983 3106/662/3007
f 3107/663/3008 3109/665/2981 3207/774/2983
f 3201/766/3102 3113/775/3014 3200/765/3101
f 3201/766/3102 3110/776/3011 3113/775/3014
f 3200/765/3101 3115/777/3016 3202/767/3103
f 3200/765/3101 3113/775/3014 3115/777/3016
f 3202/767/3103 3117/666/3010 3108/664/3009
f 3202/767/3103 3115/777/3016 3117/666/3010
f 3208/778/1803 3153/713/3056 1870/779/1804
f 1870/779/1804 3153/713/3056 3160/720/3063
f 1869/780/1802 3145/704/3047 3153/713/3056
f 3153/713/3056 3208/778/1803 1869/780/1802
f 1869/780/1802 3209/781/1801 3144/705/3048
f 3144/705/3048 3145/704/3047 1869/780/1802
f 3144/705/3048 3209/781/1801 1879/782/1814
f 1879/782/1814 3184/749/3085 3144/705/3048
f 3184/749/3085 1879/782/1814 1878/783/1813
f 1878/783/1813 3177/742/3078 3184/749/3085
f 3177/742/3078 1878/783/1813 1877/784/1812
f 1877/784/1812 3170/732/3071 3177/742/3078
f 3170/732/3071 1877/784/1812 3210/785/1811
f 3210/785/1811 3169/733/3036 3170/732/3071
f 3128/686/3029 3169/693/3036 3210/786/1811
f 3210/786/1811 1876/787/1810 3128/686/3029
f 3121/678/3021 3128/686/3029 1876/787/1810
f 1876/787/1810 1875/788/1809 3121/678/3021
f 3121/678/3021 1874/789/1808 3120/676/3019
f 3121/678/3021 1875/788/1809 1874/789/1808
f 3203/768/3104 1874/790/1808 1873/791/1807
f 3203/768/3104 3120/771/3019 1874/790/1808
f 3197/762/3098 1873/791/1807 1872/792/1806
f 3197/762/3098 3203/768/3104 1873/791/1807
f 3190/755/3091 1872/792/1806 1871/793/1805
f 3190/755/3091 3197/762/3098 1872/792/1806
f 3160/720/3063 1871/793/1805 1870/779/1804
f 3160/720/3063 3190/755/3091 1871/793/1805
f 3136/697/3040 3211/794/3107 3138/698/3041
f 3211/794/3107 3136/697/3040 3212/795/3108
f 3150/709/3052 3138/698/3041 3211/794/3107
f 3211/794/3107 3213/796/3109 3150/709/3052
f 3150/709/3052 3213/796/3109 3214/797/3110
f 3214/797/3110 3157/716/3059 3150/709/3052
f 3214/797/3110 3187/752/3088 3157/716/3059
f 3214/797/3110 3215/798/3111 3187/752/3088
f 3215/798/3111 3194/759/3095 3187/752/3088
f 3215/798/3111 3216/799/3112 3194/759/3095
f 3216/799/3112 3201/766/3102 3194/759/3095
f 3216/799/3112 3217/800/3113 3201/766/3102
f 3217/800/3113 3110/776/3011 3201/766/3102
f 3217/800/3113 3219/801/3114 3110/776/3011
f 3218/802/3115 3112/668/3012 3219/803/3114
f 3219/803/3114 3112/668/3012 3110/667/3011
f 3220/804/3116 3124/681/3024 3112/668/3012
f 3112/668/3012 3218/802/3115 3220/804/3116
f 3220/804/3116 3221/805/3117 3124/681/3024
f 3221/805/3117 3131/688/3031 3124/681/3024
f 3221/806/3117 3222/807/3118 3131/723/3031
f 3163/724/3066 3131/723/3031 3222/807/3118
f 3222/807/3118 3223/808/3119 3163/724/3066
f 3172/737/3073 3163/724/3066 3223/808/3119
f 3223/808/3119 3224/809/3120 3172/737/3073
f 3179/744/3080 3172/737/3073 3224/809/3120
f 3224/809/3120 3212/795/3108 3179/744/3080
f 3136/697/3040 3179/744/3080 3212/795/3108
f 1/1/3121 6/810/110 4/2/109
f 1906/615/1842 1896/612/1839 1897/613/1840
f 2788/617/1844 1897/613/1840 1811/506/1751
f 1897/613/1840 2789/618/1845 1905/614/1841
