# Blender 4.4.3
# www.blender.org
mtllib cave_map_large.mtl
o cave_map_large.011
v -213.631577 -3.126046 -65.765099
v -223.480225 -2.561761 -65.415596
v -222.423325 -2.561761 -67.183441
v -223.832809 -1.922246 -69.335518
v -223.877472 0.445250 -67.115303
v -223.848633 5.209764 -66.903725
v -223.833557 7.446942 -66.670143
v -222.423325 9.011957 -67.183441
v -220.249420 9.466279 -69.437309
v -217.499008 8.836738 -67.358192
v -215.324448 9.466278 -69.577217
v -212.574677 9.134564 -67.532944
v -207.650345 9.466279 -67.707695
v -205.497833 6.459269 -67.787285
v -205.184952 6.459269 -69.861046
v -203.927155 3.452258 -67.856728
v -203.614258 3.452258 -69.930489
v -205.009048 -1.922246 -67.808891
v -204.163773 0.445250 -67.846268
v -211.967026 -2.561761 -69.614830
v -212.574677 -3.329669 -67.532944
v -217.499008 -3.329669 -67.358192
v -216.891357 -2.561761 -69.440079
v -206.150909 6.459269 -66.030563
v -208.707260 9.466279 -65.939842
v -223.336929 9.466279 -65.197533
v -223.409897 3.452258 -65.184486
v -223.265686 0.445250 -65.414406
v -215.780365 -2.561762 -85.031563
v -203.992050 -1.922247 -85.323769
v -203.146774 0.445249 -85.361145
v -204.480835 6.459267 -85.302162
v -205.698059 9.466277 -85.248352
v -210.856033 9.466277 -85.206314
v -220.704697 9.011955 -84.856812
v -223.158646 3.452258 -84.757179
v -222.960068 0.445249 -84.766586
v -203.984573 0.445249 -81.454399
v -216.665695 -1.860590 -89.038536
v -214.487015 -1.612137 -89.108452
v -222.448502 -2.531537 -88.303856
v -214.657547 -2.148580 -88.555862
v -215.660492 -2.092746 -86.779167
v -222.637955 -2.533013 -86.535988
v -221.314453 -2.561762 -82.635712
v -212.313187 -1.612137 -89.178215
v -209.199631 -2.148580 -88.730446
v -210.404724 -2.092747 -86.958138
v -222.870819 -2.561762 -84.779938
v -205.374802 -2.117813 -88.852936
v -204.540512 -2.533014 -87.550987
v -223.232513 0.445249 -82.554787
v -223.431076 3.452258 -82.545380
v -211.132187 -1.588052 -89.216118
v -210.836578 -0.831701 -89.225609
v -204.975769 -0.407005 -88.867645
v -204.082382 0.190956 -87.569862
v -222.823853 7.267185 -82.574165
v -222.551407 7.267185 -84.785957
v -210.928497 0.199251 -89.233070
v -204.718994 1.637389 -88.877113
v -203.823273 2.898472 -87.580536
v -221.314453 9.011955 -82.635712
v -216.390137 8.836736 -82.810463
v -210.010635 1.228868 -89.262527
v -204.034012 3.652306 -88.902359
v -204.822876 5.601608 -87.152649
v -215.780411 8.178570 -85.031555
v -211.465820 9.134562 -82.985214
v -210.397568 2.327254 -89.250107
v -204.490112 5.660226 -88.885551
v -205.266373 8.302891 -87.134377
v -206.541489 9.466277 -83.159966
v -212.552338 2.109275 -89.180954
v -208.764374 5.931778 -88.744370
v -210.348053 8.353269 -86.960068
v -204.793701 6.459268 -83.228401
v -214.726166 2.109275 -89.111191
v -214.222305 5.931778 -88.569786
v -215.603790 8.353269 -86.781097
v -203.223007 3.452257 -83.297844
v -202.910141 3.452257 -85.371605
v -216.919022 2.327255 -89.040817
v -222.392197 5.660227 -88.306038
v -221.162216 7.419889 -86.591812
v -204.304916 -1.922247 -83.250008
v -203.459656 0.445249 -83.287384
v -218.815750 1.228868 -88.979950
v -222.801697 3.652306 -88.290207
v -223.004242 5.601608 -86.519936
v -219.428925 0.199251 -88.960274
v -223.041733 1.637389 -88.280930
v -223.222885 2.898473 -86.510361
v -210.856018 -2.561762 -85.206314
v -216.106567 -2.777352 -83.223610
v -218.525787 -0.831701 -88.978844
v -222.817078 -0.407005 -88.289612
v -223.016464 0.190957 -86.519402
v -216.119064 -2.703941 -63.049702
v -217.224182 -2.954583 -63.445583
v -218.412552 -3.332578 -65.372276
v -213.344223 -2.703941 -63.148170
v -212.836533 -3.208444 -63.601288
v -212.126938 -1.132173 -63.175201
v -206.661987 -2.533012 -63.533245
v -209.050171 -0.388320 -63.301357
v -209.700821 -2.514864 -63.341129
v -205.858719 0.190959 -63.561749
v -204.621078 0.445250 -65.872925
v -205.466354 -1.922246 -65.835548
v -209.537003 1.191403 -63.252735
v -205.404434 2.898476 -63.577869
v -204.450134 3.452258 -66.103592
v -214.224991 -0.629579 -63.152946
v -210.095215 2.685780 -63.221378
v -207.607086 5.601612 -63.786865
v -210.437866 4.850345 -63.251308
v -208.384689 8.302895 -63.759270
v -213.122940 5.081637 -63.156025
v -212.789200 8.353275 -63.602966
v -213.488220 9.134564 -65.547028
v -215.087646 5.312555 -63.040546
v -217.176849 8.353275 -63.447262
v -218.627930 8.013209 -65.652092
v -213.172501 3.318846 -63.234417
v -217.286194 4.514423 -62.975075
v -221.547638 8.302895 -63.292156
v -217.600006 2.887239 -63.025684
v -222.364151 5.601612 -63.263180
v -223.211319 6.459269 -65.193893
v -217.252274 1.239349 -63.005058
v -222.820969 2.898476 -63.246967
v -217.040970 -1.092198 -63.025864
v -222.389648 0.190959 -63.262276
v -221.598785 -2.447166 -63.290340
v -204.410507 -2.561762 -81.442719
v -203.984558 6.459268 -81.454399
v -222.620743 6.459268 -80.853897
v -222.620728 0.445249 -80.853905
v -208.062134 -2.843904 -81.342430
v -204.952377 -2.561762 -79.697769
v -203.267197 0.445249 -79.743965
v -203.030548 3.452257 -79.750450
v -203.754166 7.267185 -79.730614
v -204.952377 9.011956 -79.697769
v -209.158844 8.836737 -79.582191
v -206.564560 9.466278 -77.613426
v -214.083878 9.134563 -79.446800
v -214.738785 9.466278 -77.368782
v -219.008926 9.466278 -79.311424
v -221.565628 6.459268 -79.241142
v -222.220566 6.459268 -77.163116
v -223.280930 3.452258 -79.194099
v -223.569504 3.452258 -77.126167
v -222.592316 -1.922247 -79.212921
v -223.082367 0.445249 -79.199532
v -216.413284 -2.561762 -77.263924
v -209.158844 -3.329670 -79.582191
v -211.488907 -2.561762 -77.438675
v -222.371399 -2.561762 -80.867867
v -222.819321 3.452257 -80.844482
v -217.447083 8.863485 -81.042618
v -212.522736 9.134563 -81.217369
v -207.598450 9.466278 -81.392120
v -203.747955 3.452257 -81.460884
v -203.977203 1.307433 -74.076576
v -213.153473 -3.126046 -73.588936
v -218.077805 -2.910940 -73.414185
v -223.434158 -2.436507 -74.492332
v -223.436829 -2.261587 -77.188858
v -223.490067 0.764583 -77.214729
v -223.503525 1.507961 -74.493042
v -223.782730 3.452258 -74.924644
v -223.193863 7.098110 -74.517212
v -221.945206 9.011956 -75.007286
v -219.663879 9.466278 -77.233398
v -217.020889 8.836737 -75.182037
v -212.096558 9.134563 -75.356789
v -207.172241 9.466278 -75.531540
v -205.180954 6.459268 -75.606682
v -204.868088 6.459268 -77.680443
v -203.610260 3.452257 -75.676125
v -203.297394 3.452257 -77.749893
v -203.904480 -2.235580 -75.209709
v -203.952560 0.790806 -75.235977
v -203.534027 0.445249 -77.739426
v -204.379303 -1.922247 -77.702057
v -212.096558 -3.329670 -75.356789
v -217.020905 -3.329670 -75.182037
v -213.153473 9.134563 -73.588936
v -223.497513 1.151113 -72.690453
v -203.917725 -2.409865 -74.075516
v -208.443069 -2.398890 -73.642792
v -204.696182 -1.922246 -69.882660
v -203.850891 0.445250 -69.920029
v -203.400696 3.452258 -71.978203
v -204.124329 7.267186 -71.956963
v -205.322540 9.011956 -71.921806
v -207.042740 9.466278 -69.789581
v -209.749939 8.836737 -71.795609
v -211.967056 9.466278 -69.614830
v -214.674927 9.134563 -71.655701
v -219.599930 9.466278 -71.515800
v -222.360245 6.459269 -71.444382
v -223.535370 6.843683 -69.439224
v -223.618958 3.452259 -71.400063
v -223.905380 3.452259 -69.331581
v -223.183304 -1.922246 -71.414001
v -223.420395 0.445250 -71.405960
v -223.706848 0.445250 -69.337471
v -214.674927 -3.329669 -71.655701
v -209.749939 -2.484915 -71.795609
v -223.160019 3.452258 -73.143745
v -222.976501 5.594865 -73.524193
v -218.507812 9.466278 -73.276924
v -208.657806 8.863485 -73.556740
v -204.782822 9.466278 -73.667709
v -204.451553 6.459267 -73.677429
v -204.120255 3.452258 -73.687157
v -221.383179 9.466278 -80.895096
v -205.259247 7.962773 -81.437920
v -205.426605 8.412130 -77.725197
v -221.198257 7.988239 -73.253212
v -215.382584 3.010866 -63.194420
v -212.635529 1.328833 -63.292290
v -214.961823 0.612023 -63.124851
v -211.488922 9.466278 -77.438675
v -223.071350 7.834355 -68.046196
v -223.766907 5.154245 -68.278908
v -223.216660 5.688217 -66.505173
v -223.191193 5.315712 -68.897911
v -223.433517 5.611634 -69.304214
v -223.635651 5.668387 -69.151573
v -223.179581 5.520620 -74.922127
v -223.076111 5.553343 -74.434669
v -223.361282 6.932490 -73.318001
v -223.341141 7.034178 -76.040550
v -222.865387 5.563677 -76.050652
v -223.927521 -1.058255 -65.399719
v -222.951782 -2.561761 -66.299522
v -208.321091 -2.625958 -67.683891
v -208.017273 -2.242003 -68.724831
v -220.362076 -2.242003 -69.387794
v -219.657349 -2.561761 -68.311760
v -219.961166 -2.945714 -67.270821
v -223.399078 -1.058255 -66.283646
v -223.571564 0.445250 -66.264854
v -223.557159 2.827507 -66.159065
v -223.337784 1.948754 -65.299446
v -223.629272 4.331011 -66.044098
v -223.585236 8.456611 -65.933838
v -222.880127 9.239118 -66.190483
v -220.417969 9.151508 -66.277863
v -206.900650 7.962774 -66.869133
v -208.178802 9.466279 -66.823769
v -207.429092 7.962774 -65.985207
v -204.974014 4.955764 -66.945442
v -205.622467 6.459269 -66.914490
v -213.103134 -3.227858 -66.649017
v -215.565292 -3.227858 -66.561638
v -223.128067 -2.242003 -68.259483
v -223.437515 -0.738498 -68.236916
v -223.170364 -1.058255 -67.148827
v -223.863052 2.827507 -67.009514
v -223.532639 5.448991 -66.704445
v -223.128448 8.229450 -66.926796
v -222.041489 8.456611 -68.053726
v -219.961166 8.924348 -67.270821
v -221.336380 9.239118 -68.310379
v -217.786942 9.466278 -69.507263
v -218.873901 9.239118 -68.380333
v -215.036850 8.985651 -67.445564
v -216.411743 9.151508 -68.467705
v -210.112518 9.300421 -67.620323
v -206.372177 7.962774 -67.753052
v -206.068359 7.962774 -68.793999
v -204.712479 4.955764 -67.822006
v -204.556046 4.955764 -68.858887
v -205.341400 6.459269 -68.824165
v -204.399612 4.955764 -69.895767
v -204.045456 1.948754 -67.851494
v -203.770691 3.452258 -68.893608
v -204.586411 -0.738498 -67.827583
v -214.429199 -2.561761 -69.527451
v -212.270859 -2.945714 -68.573883
v -214.733017 -2.945714 -68.486511
v -215.036850 -3.329669 -67.445564
v -217.195190 -2.945714 -68.399132
v -205.089432 7.962772 -85.275253
v -208.394943 9.466277 -85.224083
v -223.059341 1.948753 -84.761879
v -215.576355 -1.736363 -89.073494
v -218.868225 -2.340058 -88.421173
v -219.872406 -2.196063 -88.657173
v -215.661865 -2.004585 -88.786629
v -214.572510 -1.880359 -88.821594
v -219.369690 -2.312142 -87.532822
v -219.577911 -2.312881 -86.645767
v -222.543228 -2.532275 -87.419922
v -215.159027 -2.120663 -87.667511
v -219.637863 -2.547387 -85.771965
v -215.720428 -2.327255 -85.905357
v -213.400101 -1.612137 -89.143333
v -211.843628 -1.880359 -88.905495
v -211.928604 -2.148580 -88.643150
v -210.756714 -1.880359 -88.940376
v -209.802185 -2.120663 -87.844292
v -212.531143 -2.120663 -87.756996
v -213.032593 -2.092747 -86.868652
v -207.301468 -2.945715 -82.231514
v -207.270401 -2.133197 -88.792152
v -206.980804 -2.312881 -87.268112
v -207.872940 -2.105280 -87.905998
v -204.957657 -2.325414 -88.201965
v -204.266266 -2.227630 -86.437378
v -210.984375 -1.209876 -89.220863
v -207.670197 -0.619353 -89.036263
v -204.529068 -0.108024 -88.218750
v -203.614594 0.318102 -86.465500
v -207.212219 -2.625959 -83.136162
v -206.907333 -2.242004 -84.246712
v -218.852295 -2.945715 -82.723091
v -210.882523 -0.316225 -89.229340
v -207.716156 -0.103877 -89.040001
v -204.847382 0.615192 -88.872383
v -207.446487 0.918320 -89.048286
v -204.400681 0.914173 -88.223488
v -203.952820 1.544714 -87.575195
v -204.271118 2.267931 -88.228828
v -203.485016 1.671860 -86.470840
v -223.025909 4.955763 -81.699638
v -222.722290 6.863227 -81.714027
v -210.469574 0.714059 -89.247795
v -206.987579 1.433128 -89.063019
v -204.376480 2.644847 -88.889732
v -205.813217 2.440587 -89.097672
v -203.928635 3.275389 -88.241447
v -204.428436 4.626957 -88.027504
v -204.323074 4.250041 -87.366592
v -204.651855 6.030438 -86.227409
v -210.204117 1.778061 -89.256317
v -205.905334 2.989780 -89.094261
v -204.262054 4.656266 -88.893959
v -206.133362 3.993740 -89.086449
v -204.656494 5.630918 -88.019096
v -205.044632 6.952250 -87.143509
v -204.878250 6.981558 -88.009964
v -204.873596 7.381078 -86.218269
v -205.482208 8.884583 -86.191360
v -211.474960 2.218265 -89.215530
v -210.658676 4.020527 -88.948433
v -209.581268 4.129516 -88.983009
v -205.747391 5.796002 -88.839203
v -209.556213 7.142523 -87.852219
v -206.915527 7.006748 -87.936684
v -207.710052 8.328080 -87.049896
v -210.602036 8.909775 -86.083191
v -207.964050 8.884583 -86.173019
v -203.603775 4.955763 -82.376122
v -204.389130 6.459268 -82.341400
v -213.639267 2.109275 -89.146072
v -211.745590 4.020527 -88.913551
v -211.493347 5.931778 -88.657074
v -214.474472 4.020527 -88.829651
v -212.285156 7.142523 -87.764923
v -212.975906 8.353269 -86.870583
v -214.913040 7.142523 -87.675438
v -213.229919 8.909775 -85.993706
v -204.357727 -2.242005 -82.346367
v -204.144745 -0.738499 -82.352203
v -203.722107 0.445249 -82.370888
v -204.197540 -1.058256 -81.448563
v -215.822601 2.218265 -89.076004
v -215.570908 4.129516 -88.794464
v -218.580109 5.796003 -88.430389
v -219.928604 3.993741 -88.660484
v -219.270859 7.006748 -87.536049
v -218.382996 7.886580 -86.686455
v -222.050079 6.540058 -87.441406
v -220.933456 8.215922 -85.724312
v -222.092651 -2.561762 -83.707825
v -222.821945 -1.058256 -83.673698
v -222.525421 -1.058256 -82.588310
v -217.867386 1.778061 -89.010384
v -221.389450 2.440587 -88.614296
v -220.441086 2.989780 -88.644722
v -222.596939 4.656267 -88.298119
v -222.902985 4.626957 -87.405075
v -222.698212 5.630919 -87.412987
v -222.787186 6.510749 -86.536476
v -222.558411 7.306782 -85.668976
v -223.331787 1.948753 -82.550079
v -223.127472 5.359722 -82.559769
v -219.122330 0.714059 -88.970108
v -221.996429 0.918320 -88.595215
v -221.689835 1.433128 -88.605057
v -222.921707 2.644848 -88.285568
v -223.132309 2.267931 -87.395645
v -223.012283 3.275389 -87.400284
v -223.113556 4.250041 -86.515144
v -223.081421 4.526932 -85.638557
v -223.190750 3.175365 -85.633766
v -222.991241 5.359722 -83.665672
v -222.572723 8.139570 -82.591064
v -222.687622 7.267185 -83.680061
v -218.852295 8.924346 -82.723091
v -218.977341 -0.316225 -88.969559
v -221.263687 -0.619353 -88.613144
v -221.715271 -0.103877 -88.603859
v -222.929398 0.615193 -88.285271
v -223.119675 1.544714 -86.514885
v -223.029083 0.914173 -87.400169
v -222.916763 -0.108024 -87.404510
v -223.091476 1.671861 -85.638474
v -222.988266 0.318103 -85.642998
v -218.547440 8.595263 -83.833633
v -203.569412 -0.738499 -85.342461
v -213.927963 8.985649 -82.897842
v -216.085281 8.507653 -83.921013
v -209.003647 9.300419 -83.072594
v -205.402313 7.962773 -83.201492
v -211.722687 -1.600094 -89.197166
v -210.166214 -1.868316 -88.959328
v -208.237030 -1.852932 -89.018639
v -208.089233 -1.474757 -89.023384
v -205.175308 -1.262410 -88.860291
v -204.311447 -1.171029 -87.560417
v -204.758133 -1.470009 -88.209320
v -204.037201 -0.865645 -86.446815
v -204.008362 4.955763 -83.263123
v -203.851913 4.955763 -84.300003
v -217.595734 -1.346146 -89.008690
v -222.632797 -1.469271 -88.296738
v -220.802444 -1.681619 -88.627327
v -222.827209 -1.171029 -86.527695
v -222.727509 -1.470009 -87.412804
v -203.341324 1.948753 -83.292618
v -203.066574 3.452257 -84.334724
v -203.882294 -0.738499 -83.268700
v -211.160919 -2.945715 -84.095764
v -217.476562 -2.415431 -63.001522
v -218.030304 -2.628514 -63.189396
v -216.672806 -2.917024 -63.237568
v -217.818359 -2.965892 -64.408928
v -214.731659 -2.703941 -63.098934
v -214.478973 -2.917024 -63.315418
v -213.091553 -2.917024 -63.364658
v -215.030350 -3.208444 -63.523434
v -212.735748 -1.918056 -63.153912
v -209.749252 -2.870727 -63.567265
v -209.375504 -1.451592 -63.321243
v -207.455643 -0.059513 -63.421482
v -205.043732 -0.738498 -65.854240
v -205.265579 0.318104 -64.716629
v -205.419876 -0.865644 -64.705338
v -209.293610 0.401541 -63.277046
v -205.631577 1.544717 -63.569813
v -207.471893 2.084108 -63.405231
v -207.699036 0.730349 -63.397167
v -204.535614 1.948754 -65.988258
v -205.071945 3.175367 -64.836746
v -205.157425 1.671863 -64.721413
v -211.880997 0.280912 -63.202839
v -209.816116 1.938592 -63.237057
v -212.160110 1.028101 -63.187164
v -207.751007 2.831296 -63.389553
v -208.852341 4.182864 -63.494049
v -206.505753 4.250044 -63.682369
v -205.229630 4.526935 -64.967247
v -210.266556 3.768063 -63.236340
v -209.023651 5.265147 -63.509014
v -207.995895 6.952253 -63.773067
v -209.412460 6.615788 -63.495213
v -211.780396 4.965991 -63.203667
v -210.586929 8.328085 -63.681118
v -211.614700 6.640979 -63.417065
v -212.957245 6.756625 -63.369423
v -210.936462 8.718730 -64.653145
v -213.138702 8.743920 -64.574997
v -214.105286 5.197096 -63.098286
v -213.939606 6.872083 -63.311684
v -214.983017 8.353275 -63.525112
v -216.133408 6.872083 -63.233829
v -215.332535 8.743920 -64.497147
v -216.058090 8.573887 -65.599564
v -217.902390 8.183242 -64.549675
v -216.186905 4.913489 -63.007812
v -215.231476 3.916634 -63.007236
v -214.126709 4.315700 -63.291386
v -217.232697 6.473017 -63.201096
v -219.362228 8.328085 -63.369709
v -219.418091 6.447827 -63.123543
v -220.087769 8.158051 -64.472130
v -216.491486 2.949053 -63.100834
v -217.441895 3.793008 -63.158665
v -219.826340 5.097186 -63.109055
v -219.980591 4.113081 -63.064972
v -221.955902 6.952253 -63.277668
v -222.889526 7.381082 -64.228966
v -223.297806 6.030441 -64.214478
v -217.427826 1.813423 -63.084385
v -220.209015 2.761513 -63.056866
v -220.036621 1.687696 -63.126015
v -222.592545 4.250044 -63.255077
v -218.800354 -0.768632 -62.951023
v -218.877975 0.632369 -62.955208
v -219.437851 0.901453 -62.972942
v -220.272385 0.325518 -62.998142
v -222.605301 1.544717 -63.254620
v -220.413483 -0.779919 -63.001091
v -221.994217 -1.171026 -63.276306
v -219.411469 -2.582237 -63.367962
v -220.218231 -2.372864 -63.061287
v -220.005661 -2.691736 -64.331306
v -210.914688 -1.823518 -63.221569
v -211.522522 -2.609402 -63.244648
v -211.269852 -2.822485 -63.461136
v -208.182571 -2.484769 -63.427113
v -205.821518 -2.227629 -64.691078
v -210.589035 -0.760246 -63.215740
v -206.260376 -1.171026 -63.547497
v -207.857254 -1.421497 -63.407227
v -215.172028 -1.666760 -63.101322
v -213.784607 -1.666760 -63.150558
v -213.176804 -0.880876 -63.125648
v -211.637604 -0.508950 -63.227154
v -212.905426 2.323839 -63.198650
v -211.630508 3.002313 -63.381798
v -211.801819 4.084595 -63.396763
v -213.145950 4.200241 -63.276417
v -216.279495 1.788800 -63.183491
v -215.634506 -0.860888 -63.019909
v -215.739334 -0.115499 -63.003651
v -217.149109 -0.084119 -63.152172
v -217.005936 -1.788224 -63.032139
v -216.485306 -2.761618 -79.953156
v -205.853775 -2.702833 -80.538109
v -218.338089 -2.625959 -79.329865
v -219.502792 -2.242005 -78.238419
v -207.861359 -2.561762 -78.578125
v -206.696335 -2.945715 -79.649879
v -203.389252 3.452257 -80.605667
v -208.378647 9.151507 -80.487152
v -210.841171 9.300420 -80.419456
v -210.060577 9.300420 -81.304741
v -213.303299 9.134563 -80.332085
v -215.765823 9.300420 -80.264397
v -214.984894 8.999025 -81.129990
v -219.506363 7.661377 -80.141884
v -218.228012 9.164881 -80.177025
v -219.909225 9.164881 -80.955238
v -222.950836 1.948753 -80.022011
v -223.050125 3.452257 -80.019295
v -222.720032 1.948753 -80.849197
v -222.481857 -2.242004 -80.040390
v -222.929108 -0.738499 -80.024521
v -222.851547 0.445249 -80.026718
v -222.818665 -1.058256 -80.851990
v -210.756683 -2.676085 -79.982445
v -208.610489 -3.086787 -80.462303
v -204.109787 -1.058256 -79.720871
v -203.148880 1.948753 -79.747208
v -203.392365 5.359722 -79.740532
v -204.353271 8.139570 -79.714195
v -206.696335 8.924347 -79.649879
v -205.518845 9.239117 -78.662201
v -211.621368 8.985650 -79.514496
v -207.861694 9.151507 -78.597801
v -209.026749 9.466278 -77.526047
v -211.948822 9.151507 -78.475487
v -216.546402 9.300420 -79.379112
v -214.411331 9.300420 -78.407791
v -220.287277 7.962773 -79.276283
v -220.614731 7.962773 -78.237267
v -223.215225 4.955763 -79.195793
v -222.766281 4.955763 -78.178177
v -221.893082 6.459268 -78.202126
v -222.910583 4.955763 -77.144218
v -223.181641 1.948753 -79.196815
v -223.425217 3.452258 -78.160133
v -222.727753 -0.738499 -79.209251
v -213.951096 -2.561762 -77.351295
v -214.766281 -2.748140 -78.578033
v -212.853973 -2.701401 -78.416084
v -211.396896 -2.676084 -78.636307
v -210.323868 -2.945715 -78.510429
v -220.011505 -2.824234 -74.210739
v -204.113113 -0.738499 -76.683861
v -203.956665 -0.738499 -77.720741
v -204.535736 -1.922247 -76.665176
v -207.842972 -2.693447 -75.507736
v -219.483078 -2.945715 -75.094658
v -223.377563 2.534900 -74.078903
v -212.625031 9.134563 -74.472862
v -210.162857 9.300420 -74.560234
v -204.005920 0.228073 -70.815987
v -212.625031 -3.227859 -74.472862
v -215.087173 -3.227859 -74.385490
v -215.615631 -2.984976 -73.501564
v -217.549347 -3.086787 -74.298111
v -220.539963 -2.702832 -73.326813
v -223.449127 -1.556203 -77.900963
v -223.433899 -2.436071 -76.054649
v -223.499313 1.280957 -76.055336
v -223.683456 2.534901 -74.929344
v -223.481171 4.486439 -74.923386
v -223.219330 8.055034 -74.744347
v -222.078659 8.282194 -75.857399
v -219.483078 8.924347 -75.094658
v -220.804550 9.239117 -76.120338
v -214.558731 8.985650 -75.269417
v -209.634399 9.300420 -75.444160
v -205.894073 7.962773 -75.576897
v -205.633133 7.962773 -76.616661
v -204.395615 4.955763 -75.641411
v -204.239182 4.955763 -76.678291
v -205.024521 6.459268 -76.643562
v -204.082733 4.955763 -77.715172
v -203.728592 2.372804 -75.670898
v -203.572144 1.948753 -76.707779
v -203.453842 3.452257 -76.713013
v -203.415710 1.948753 -77.744659
v -203.933899 0.228556 -75.922447
v -203.690475 0.445249 -76.702545
v -214.558746 -3.329670 -75.269409
v -206.561523 -2.419686 -72.757156
v -203.939743 -2.410014 -72.513084
v -218.929108 -2.625958 -71.534851
v -207.224319 -2.386976 -71.845345
v -203.760468 3.452258 -72.832680
v -203.926117 4.955763 -72.827812
v -204.285904 4.955763 -73.682289
v -204.287918 6.863227 -72.817200
v -204.453568 8.366732 -72.812340
v -204.617188 7.962773 -73.672569
v -205.052689 9.239117 -72.794762
v -206.741364 9.151507 -72.746124
v -206.195297 9.164881 -73.626694
v -209.203873 8.850111 -72.676170
v -211.666367 8.999025 -72.606224
v -220.434021 7.962774 -72.360649
v -219.053864 9.466278 -72.396362
v -219.853043 8.727259 -73.265068
v -223.109985 4.523562 -72.467300
v -222.668365 6.027067 -72.484291
v -222.880508 4.523561 -73.339142
v -223.127182 1.910228 -71.944473
v -223.389481 3.452258 -72.271904
v -209.096497 -2.386381 -72.719200
v -206.002991 -2.436518 -73.734795
v -204.273529 -0.345115 -69.901344
v -203.960770 -2.298392 -71.147530
v -203.996170 -0.664768 -70.509750
v -203.982574 -1.530791 -70.474159
v -204.022598 1.178199 -70.711517
v -203.519012 2.372804 -71.974724
v -203.762512 5.359723 -71.967583
v -204.723419 8.139570 -71.939384
v -205.263260 8.366732 -70.882103
v -207.287415 8.924347 -71.865562
v -205.933838 9.239117 -70.862549
v -209.504913 9.466278 -69.702202
v -208.395996 9.239117 -70.775169
v -212.212433 8.985650 -71.725655
v -210.858490 9.151507 -70.705215
v -217.137436 9.300420 -71.585747
v -220.980087 7.962774 -71.480087
v -221.567657 8.154981 -70.477509
v -223.000626 4.955764 -71.421913
v -223.143845 4.955764 -70.387672
v -222.947800 6.651476 -70.441803
v -223.484467 6.227659 -69.371719
v -223.519684 1.948754 -71.403008
v -223.662888 1.948754 -70.368767
v -223.762177 3.452259 -70.365822
v -223.806122 1.948754 -69.334526
v -223.065796 -0.738498 -71.416481
v -223.563629 0.445250 -70.371712
v -212.212433 -2.711094 -71.725655
v -204.621902 7.211020 -81.446159
v -205.147339 7.435699 -77.702820
v -222.087372 6.791552 -73.388702
v -214.276459 3.072679 -63.160496
v -213.432098 0.349627 -63.137508
v -214.596237 0.122567 -63.156174
v -213.804886 1.101773 -63.069984
v -214.009247 1.999336 -63.043850
v -215.175690 1.850613 -63.042828
v -213.113861 9.466278 -77.403725
v -210.323883 9.151507 -78.510429
v -223.017197 4.955763 -76.043449
v -222.953720 7.066144 -75.287529
v -220.942215 7.962773 -77.198257
v -220.057251 -2.645197 -81.377533
v -208.777847 -2.625958 -66.690933
v -209.306320 -2.524146 -65.807007
v -220.417938 -2.947169 -66.277855
v -204.429977 -0.738498 -68.864464
v -204.852615 -1.922246 -68.845772
v -223.529984 5.834517 -66.048805
v -223.310608 4.955764 -65.189186
v -224.032486 6.953106 -65.917961
v -223.784195 7.962774 -65.181656
v -220.982452 8.739743 -65.424812
v -218.063477 8.424973 -66.505142
v -215.601303 8.573887 -66.592522
v -213.031464 9.134564 -66.539986
v -210.569290 9.300421 -66.627357
v -211.097748 9.300421 -65.743439
v -205.235504 4.955764 -66.068871
v -204.306961 1.948754 -66.974930
v -204.188644 3.452258 -66.980164
v -205.237717 -1.922246 -66.822227
v -204.815079 -0.738498 -66.840912
v -204.392441 0.445250 -66.859596
v -216.022064 -3.229312 -65.568687
v -217.955780 -3.331123 -66.365234
v -220.946396 -2.947169 -65.393936
v -223.352234 -0.738498 -69.348007
v -223.792145 0.445250 -68.226387
v -223.891418 1.948754 -68.223442
v -223.877014 4.331012 -68.117653
v -223.807770 5.182005 -67.591316
v -223.903976 7.640649 -67.345734
v -221.892410 8.154982 -69.438271
v -213.645752 9.466278 -69.596024
v -214.733032 9.151508 -68.486511
v -212.270874 9.300421 -68.573883
v -209.808701 9.300421 -68.661263
v -207.346558 9.466279 -68.748634
v -205.764572 7.962774 -69.834938
v -203.889008 1.948754 -68.888374
v -203.732590 1.948754 -69.925262
v -204.007324 0.445250 -68.883148
v -207.713440 -2.242003 -69.765778
v -213.318176 -2.561762 -85.118935
v -206.016129 -2.242005 -85.303841
v -203.028458 1.948753 -85.366379
v -203.695480 4.955762 -85.336884
v -213.318222 8.822423 -85.118935
v -218.242554 8.595263 -84.944183
v -221.962952 8.139570 -84.812157
v -222.855026 5.359722 -84.771568
v -222.685730 -1.058256 -84.779594
v -213.258255 -2.327255 -85.992737
v -210.630386 -2.327255 -86.082222
v -205.582840 -2.702833 -81.410576
v -219.496872 -2.702833 -81.836586
v -207.206451 -2.547387 -86.392204
v -221.842926 -2.561762 -81.751785
v -203.725845 -0.738499 -84.305580
v -204.148483 -1.922247 -84.286888
v -219.325592 -2.561762 -84.905746
v -218.547409 -2.561762 -83.833633
v -222.290176 -1.058256 -81.735916
v -203.366699 3.175364 -86.476074
v -222.926605 0.445249 -81.704346
v -223.025909 1.948753 -81.699638
v -223.125198 3.452258 -81.694931
v -222.720047 4.955763 -80.849190
v -222.543579 8.366732 -81.722504
v -203.866501 4.526932 -86.262131
v -222.818665 7.962773 -80.851990
v -221.842926 9.239117 -81.751793
v -219.380768 9.151507 -81.839165
v -216.918610 8.850111 -81.926544
v -214.456436 8.999025 -82.013916
v -211.994263 9.134563 -82.101288
v -209.532089 9.300419 -82.188667
v -205.663849 7.962773 -82.324928
v -207.069962 9.466277 -82.276039
v -205.896622 8.714525 -81.429688
v -203.866257 4.955763 -81.457642
v -203.603806 1.948753 -82.374130
v -203.485474 3.452257 -82.379364
v -215.692108 8.265920 -85.906326
v -203.866257 1.948753 -81.457642
v -211.460220 -2.676084 -83.223610
v -218.471313 7.799229 -85.811684
v -216.485291 -2.761619 -81.573708
v -222.777832 6.434396 -85.652946
v -223.096268 0.445249 -83.660690
v -223.195572 1.948753 -83.655983
v -223.294861 3.452258 -83.651276
v -222.267838 8.139570 -83.701607
v -221.009567 9.011955 -83.746262
v -222.713913 -1.185402 -85.655998
v -213.623077 9.151506 -84.008385
v -222.524673 -2.547387 -85.664291
v -211.160919 9.300419 -84.095764
v -208.699829 9.300419 -84.113533
v -205.245880 7.962773 -84.238373
v -205.854492 9.466277 -84.211464
v -204.637268 6.459268 -84.265282
v -203.184891 1.948753 -84.329498
v -203.303192 0.445249 -84.324265
v -213.783401 -2.726718 -84.311386
v -214.944977 -2.752034 -84.309509
v -215.427887 -3.167245 -64.605339
v -213.234055 -3.167245 -64.683189
v -210.146790 -2.829529 -64.649162
v -206.879013 6.030441 -64.908714
v -208.545975 8.884587 -64.849556
v -207.267792 7.381082 -64.894913
v -222.442276 8.884587 -64.244843
v -223.546265 4.526935 -64.205666
v -223.774673 3.175367 -64.197556
v -223.597885 1.671863 -64.315407
v -223.382217 0.318104 -64.323059
v -222.539505 -2.547386 -64.352966
v -222.934952 -1.185401 -64.338936
v -204.681458 -2.561762 -80.570244
v -223.464630 -0.676904 -77.710739
v -207.235321 -2.242004 -77.589622
v -204.468475 -1.058256 -80.576088
v -203.625870 0.445249 -80.599182
v -203.507584 1.948753 -80.602425
v -203.507568 4.955763 -80.602425
v -203.869370 6.863227 -80.592506
v -204.506729 7.614979 -80.584267
v -205.105820 8.487364 -80.567848
v -207.039612 8.399755 -80.514725
v -222.950821 4.955763 -80.023994
v -222.415771 6.459268 -80.038628
v -204.665833 -2.242005 -78.699913
v -203.823242 -0.738499 -78.723015
v -203.400620 0.445249 -78.741699
v -203.282288 1.948753 -78.746925
v -203.163986 3.452257 -78.750175
v -203.949326 4.955763 -78.715446
v -204.311127 6.863227 -78.705528
v -204.590378 7.839657 -78.727905
v -205.189499 8.712043 -78.711479
v -205.755951 8.939203 -77.675911
v -217.201340 9.466278 -77.301094
v -216.873871 9.300420 -78.340103
v -219.336411 9.466278 -78.272408
v -223.297653 1.948753 -78.100365
v -223.441956 1.948753 -77.066399
v -223.480072 0.202501 -77.901276
v -219.958511 -2.561762 -77.138107
v -205.286942 -2.482079 -74.831657
v -207.539154 -2.242004 -76.548683
v -219.179245 -2.758344 -76.135605
v -222.766449 2.379244 -72.517456
v -223.471390 3.452259 -74.034187
v -222.838562 5.574103 -73.984604
v -223.168884 6.263677 -73.421097
v -222.845856 7.543174 -73.867302
v -221.571747 8.500098 -74.130249
v -219.109573 8.412488 -74.217621
v -217.764359 9.151507 -74.229485
v -215.302200 9.300420 -74.316856
v -215.830643 9.300420 -73.432930
v -210.905640 8.999025 -73.572838
v -206.636856 7.661377 -74.589500
v -207.915024 9.164881 -74.544136
v -204.196564 6.459267 -74.671921
v -204.981903 7.962773 -74.637199
v -203.983582 2.372804 -74.676407
v -203.865265 3.452257 -74.681641
v -204.238586 2.372804 -73.683685
v -223.576843 2.534901 -76.030113
v -223.676117 3.452258 -76.025406
v -218.342010 9.239117 -76.188034
v -215.879852 9.151507 -76.275414
v -214.254913 9.151507 -76.310356
v -211.792740 9.300420 -76.397728
v -209.330566 9.300420 -76.485107
v -206.868408 9.466278 -76.572479
v -211.792740 -2.945715 -76.397728
v -214.254929 -2.945716 -76.310356
v -216.717087 -2.945716 -76.222977
v -218.838516 -2.945714 -72.447571
v -223.209000 -0.738498 -70.382248
v -223.508041 -1.922246 -70.374763
v -220.037323 -2.242003 -70.427040
v -208.349884 -2.353095 -70.710075
v -203.922501 -0.650878 -75.731773
v -204.002884 1.534742 -72.514229
v -203.878799 2.372804 -72.829208
v -213.914200 9.134563 -72.622322
v -216.376694 9.300420 -72.552368
v -223.436295 -2.325145 -73.126831
v -223.465363 -0.678364 -72.488823
v -223.480774 0.201074 -72.795006
v -213.914200 -3.227859 -72.622322
v -211.451691 -2.554065 -72.692268
v -210.798279 -2.500149 -73.615868
v -203.625793 2.372805 -70.950874
v -203.507477 3.452258 -70.954346
v -204.292816 4.955764 -70.919624
v -204.654633 6.863228 -70.909004
v -212.537201 9.151507 -70.686409
v -214.999695 9.300420 -70.616463
v -217.462189 9.300420 -70.546509
v -219.924698 9.466278 -70.476555
v -215.783157 -2.945714 -70.547890
v -213.320969 -2.945714 -70.635262
v -210.858475 -2.537325 -70.705223
v -223.754883 7.339020 -68.730270
v -222.111908 8.650317 -68.729317
v -223.479050 5.234978 -68.588409
v -223.836151 4.303252 -68.805244
v -223.124741 6.567579 -66.598694
v -223.213989 6.073743 -65.849533
v -223.056274 5.492049 -69.034584
v -223.548309 4.383985 -69.114746
v -223.372040 4.531946 -69.326096
v -222.896881 6.035452 -70.374298
v -223.014938 5.463672 -69.109261
v -223.585510 6.256036 -69.295395
v -223.534607 5.640011 -69.227890
v -223.429428 4.502800 -74.679649
v -222.975571 7.015301 -73.925926
v -222.970825 6.011473 -76.595093
v -222.279755 7.460365 -73.285606
v -223.118057 4.502800 -73.789207
v -223.127853 5.536981 -74.678398
v -222.780853 6.746724 -76.601837
v -223.022491 5.542148 -75.486389
v -223.324066 4.507967 -75.487640
v -221.502502 8.250229 -76.636971
v -222.789490 6.298928 -76.054245
v -217.227081 -2.965345 -72.974564
v -221.260696 7.377163 -72.874680
v -205.694550 8.450988 -77.146286
v -209.356491 -2.514654 -74.071289
v -204.241241 5.707515 -74.177101
v -221.162506 7.812075 -80.496941
v -216.009659 0.875819 -63.126209
v -215.857269 3.262330 -63.055817
v -212.531860 1.675970 -63.233891
v -210.756683 -2.676085 -81.603027
v -205.142868 7.586896 -81.885544
v -218.962845 -2.278422 -63.022236
v -219.282455 -2.441413 -63.025723
v -220.471527 -0.155545 -63.071613
v -220.464859 -1.453962 -63.001835
v -218.781967 -1.442187 -62.949574
v -219.918564 0.723844 -62.987667
v -218.902313 -0.095662 -62.955036
v -212.621811 -2.701401 -83.517982
v -203.905731 -1.530276 -75.921936
v -223.449875 -1.557725 -72.453362
vn 0.4531 0.8800 0.1426
vn 0.9369 0.3485 -0.0274
vn 0.9292 0.1282 0.3466
vn 0.9964 -0.0788 -0.0320
vn 0.9995 0.0262 -0.0199
vn 0.9493 0.1186 -0.2910
vn 0.9639 0.0355 -0.2638
vn 0.9115 -0.4091 -0.0413
vn 0.9687 -0.0012 -0.2484
vn 0.6822 -0.7212 0.1201
vn 0.8156 -0.5679 0.1111
vn 0.9522 0.1003 -0.2886
vn 0.9932 -0.0856 -0.0784
vn 0.9645 -0.0240 0.2630
vn 0.7131 -0.4728 0.5176
vn 0.8716 -0.4101 0.2684
vn 0.5329 -0.8140 -0.2311
vn 0.9087 -0.1039 -0.4043
vn -0.0381 -0.9373 -0.3464
vn -0.1286 -0.8571 -0.4988
vn -0.1765 -0.9646 -0.1958
vn -0.0374 -0.9979 -0.0529
vn 0.0723 -0.9956 -0.0601
vn 0.1397 -0.9881 0.0643
vn 0.1302 -0.9778 -0.1640
vn 0.0481 -0.9588 -0.2798
vn -0.4002 -0.8966 -0.1895
vn -0.3601 -0.9077 -0.2153
vn 0.0705 -0.9968 0.0374
vn 0.0681 -0.9974 0.0256
vn -0.2770 -0.9243 -0.2624
vn -0.7154 -0.5688 -0.4058
vn -0.7259 -0.6074 -0.3226
vn -0.7820 -0.5283 -0.3308
vn -0.7499 -0.4627 -0.4728
vn -0.8611 -0.4269 -0.2760
vn -0.8085 -0.5172 -0.2807
vn -0.8525 -0.5005 -0.1508
vn -0.8775 -0.4417 -0.1868
vn -0.8106 -0.5032 -0.2994
vn -0.9286 -0.1796 -0.3248
vn -0.9652 0.0562 -0.2555
vn -0.9423 0.0280 -0.3337
vn -0.9583 -0.1925 -0.2112
vn -0.9731 0.0758 -0.2175
vn -0.9406 -0.1911 -0.2806
vn -0.9246 0.1732 -0.3392
vn -0.9211 0.3255 -0.2135
vn -0.9165 0.2940 -0.2712
vn -0.9620 0.1973 -0.1887
vn -0.9277 0.3284 -0.1772
vn -0.9576 0.1837 -0.2219
vn -0.6706 0.7326 -0.1162
vn -0.6455 0.7485 -0.1521
vn -0.1635 0.9768 -0.1384
vn -0.1416 0.9898 -0.0161
vn -0.0536 0.9977 -0.0409
vn -0.0708 0.9852 -0.1558
vn -0.0245 0.9974 -0.0681
vn 0.0689 0.9832 -0.1690
vn -0.0177 0.9974 -0.0692
vn 0.0561 0.9981 0.0273
vn 0.1526 0.9849 0.0812
vn 0.5852 0.7315 0.3499
vn 0.8779 0.4780 0.0287
vn 0.9931 -0.0473 0.1077
vn 0.9756 0.2021 -0.0860
vn 0.9668 0.2034 -0.1544
vn 0.9814 0.1767 0.0754
vn 0.9991 0.0302 0.0284
vn 0.9846 -0.1291 0.1179
vn 0.9978 -0.0627 0.0221
vn 0.9150 -0.3544 0.1927
vn 0.7739 -0.4091 0.4835
vn 0.2653 -0.9631 0.0440
vn 0.4779 -0.8633 0.1622
vn 0.5708 -0.7155 0.4028
vn 0.4246 -0.8748 0.2332
vn 0.5803 -0.7964 0.1704
vn 0.8905 -0.4446 0.0964
vn -0.0115 -0.9985 -0.0532
vn -0.0240 -0.9553 -0.2945
vn -0.0254 -0.9657 -0.2585
vn -0.0006 -0.9998 -0.0223
vn 0.0110 -0.9984 0.0555
vn 0.0246 -0.9883 -0.1503
vn 0.0259 -0.9775 -0.2092
vn -0.0000 -1.0000 0.0024
vn -0.3372 -0.9383 -0.0768
vn -0.3829 -0.9170 -0.1118
vn 0.0313 -0.9971 -0.0699
vn 0.0010 -0.9996 0.0283
vn -0.8239 -0.5182 -0.2296
vn -0.7979 -0.4555 -0.3949
vn -0.8798 -0.4565 -0.1327
vn -0.8821 -0.3599 -0.3039
vn -0.8818 -0.4580 -0.1125
vn -0.8802 -0.4524 -0.1432
vn -0.9859 0.0771 -0.1487
vn -0.9739 -0.1932 -0.1194
vn -0.9910 0.1257 -0.0457
vn -0.9694 -0.1971 -0.1463
vn -0.9429 0.3179 -0.0989
vn -0.9352 0.3108 0.1696
vn -0.9564 0.2406 -0.1657
vn -0.9663 0.2237 -0.1273
vn -0.6405 0.7610 -0.1033
vn -0.6133 0.7843 -0.0935
vn -0.1289 0.9824 0.1352
vn -0.1778 0.9778 0.1107
vn -0.0759 0.9932 0.0880
vn -0.0665 0.9423 0.3282
vn 0.0124 0.9370 0.3492
vn 0.0653 0.9803 0.1865
vn 0.0042 0.9928 0.1195
vn 0.0842 0.9266 0.3664
vn 0.0898 0.9929 0.0778
vn 0.0929 0.9873 0.1287
vn 0.1247 0.9440 0.3056
vn 0.1579 0.9602 0.2303
vn 0.5106 0.6597 0.5514
vn -0.0369 0.9602 0.2767
vn 0.0457 0.5094 0.8593
vn 0.0118 0.4701 0.8825
vn -0.0403 0.7760 0.6295
vn -0.0167 0.4052 0.9141
vn -0.0249 0.9939 0.1070
vn -0.0577 0.9977 -0.0366
vn -0.0590 0.9908 0.1220
vn 0.0148 0.9786 0.2053
vn -0.0255 0.9906 0.1347
vn 0.0003 1.0000 0.0082
vn -0.0182 0.9660 0.2580
vn 0.0064 0.9214 0.3885
vn 0.0222 0.7135 0.7003
vn 0.0117 0.9269 0.3751
vn 0.0161 0.6940 0.7198
vn 0.0305 0.9906 0.1330
vn -0.0051 0.9994 -0.0350
vn -0.0011 0.9995 -0.0321
vn -0.0200 0.9334 0.3582
vn -0.0242 0.9987 -0.0450
vn -0.0248 0.9673 0.2523
vn 0.0090 0.9655 0.2603
vn 0.0227 0.9680 0.2498
vn 0.0478 0.9617 0.2698
vn 0.0051 0.9204 0.3910
vn 0.0135 0.6804 0.7327
vn 0.0015 0.3656 0.9308
vn 0.0217 0.3748 0.9269
vn 0.0994 0.9656 0.2401
vn 0.0384 0.9957 0.0839
vn -0.3029 0.5855 0.7520
vn -0.1086 0.9859 -0.1276
vn 0.0042 0.9993 0.0374
vn -0.5800 0.7753 0.2499
vn 0.3628 0.9317 -0.0193
vn 0.8360 0.4779 -0.2697
vn 0.9310 0.3355 0.1439
vn 0.9969 0.0708 0.0340
vn 0.9501 0.0992 0.2959
vn 0.9178 0.2298 -0.3239
vn 0.9391 0.0631 -0.3378
vn -0.0249 0.0162 0.9996
vn -0.0163 0.0189 0.9997
vn -0.0601 0.0392 0.9974
vn -0.4764 0.1199 0.8710
vn -0.9199 0.1572 0.3593
vn -0.8221 0.1685 0.5438
vn -0.5144 0.0906 0.8528
vn -0.8944 0.1475 0.4222
vn -0.9322 0.2442 0.2673
vn -0.7139 0.7002 -0.0128
vn -0.9364 0.3359 0.1015
vn 0.9947 -0.0308 -0.0978
vn 0.9410 -0.0000 -0.3384
vn 0.9870 -0.1573 -0.0339
vn 0.9583 -0.1099 -0.2638
vn 0.9848 -0.0516 -0.1661
vn 0.9972 -0.0660 -0.0362
vn 0.9781 -0.2081 0.0110
vn 0.8423 -0.5031 0.1935
vn 0.8761 -0.4815 0.0267
vn 0.1995 -0.8378 -0.5082
vn 0.8342 -0.3376 -0.4360
vn -0.0033 0.0130 0.9999
vn -0.0166 0.0055 0.9998
vn -0.0608 0.0123 0.9981
vn -0.5088 0.0687 0.8581
vn -0.5180 0.1006 0.8494
vn -0.8489 0.0961 0.5197
vn -0.8908 0.0870 0.4459
vn -0.9414 -0.0489 0.3338
vn -0.9245 0.0820 0.3724
vn -0.9731 0.2027 0.1093
vn -0.9906 0.0783 0.1119
vn 0.0404 -0.9880 0.1492
vn -0.0308 -0.9995 -0.0033
vn -0.0816 -0.9924 0.0924
vn -0.0253 -0.9663 0.2560
vn 0.0529 -0.9978 -0.0401
vn 0.0624 -0.9974 0.0373
vn 0.0591 -0.9973 0.0429
vn 0.0589 -0.9974 -0.0404
vn -0.4060 -0.8881 -0.2157
vn -0.3570 -0.9127 -0.1988
vn 0.0686 -0.9968 0.0410
vn -0.0275 0.0330 0.9991
vn -0.0199 0.0463 0.9987
vn -0.0851 0.1134 0.9899
vn -0.6044 0.2242 0.7645
vn -0.9889 -0.0171 0.1479
vn -0.8860 0.1985 0.4190
vn -0.7656 -0.0692 0.6395
vn -0.9529 -0.2794 -0.1183
vn -0.9718 -0.1988 0.1272
vn -0.8794 -0.4620 0.1152
vn -0.8241 -0.4062 0.3949
vn -0.9551 -0.2787 0.1004
vn -0.9082 -0.3676 0.2004
vn 0.0669 -0.9973 0.0313
vn -0.7120 -0.6075 0.3521
vn -0.7188 -0.6130 0.3279
vn -0.7729 -0.5275 0.3525
vn -0.8470 -0.4916 -0.2024
vn -0.8686 -0.4049 0.2858
vn -0.9597 -0.2759 0.0537
vn -0.9952 -0.0784 0.0592
vn -0.8783 -0.4735 0.0666
vn -0.8783 -0.4616 0.1245
vn -0.9982 -0.0001 0.0598
vn -0.9587 0.0747 -0.2743
vn -0.9952 0.0784 0.0589
vn 0.0203 -0.0810 0.9965
vn -0.0000 -0.0111 0.9999
vn -0.0639 -0.0196 0.9978
vn -0.7805 -0.1822 0.5980
vn -0.6800 -0.3619 0.6377
vn -0.9636 -0.1869 -0.1914
vn -0.9863 -0.1621 0.0301
vn -0.5648 -0.6390 0.5221
vn -0.9530 -0.2704 0.1365
vn -0.9243 -0.3779 0.0537
vn -0.9257 -0.3736 -0.0598
vn -0.9780 -0.1388 -0.1557
vn -0.9744 0.0759 -0.2118
vn -0.9615 -0.0002 -0.2748
vn -0.9775 0.2093 0.0278
vn -0.9627 0.2336 -0.1362
vn -0.9786 0.1380 -0.1527
vn -0.9572 0.2021 -0.2071
vn -0.9235 0.3266 -0.2011
vn -0.9420 0.1995 -0.2698
vn -0.7067 0.7072 -0.0211
vn -0.7345 0.6523 0.1873
vn -0.0562 0.9979 0.0320
vn 0.0339 -0.0754 0.9966
vn 0.0405 -0.0843 0.9956
vn 0.0400 -0.1526 0.9875
vn -0.0287 -0.0755 0.9967
vn 0.0357 -0.1543 0.9874
vn 0.0189 -0.3801 0.9247
vn -0.0037 -0.3955 0.9184
vn 0.0109 -0.5889 0.8082
vn -0.7032 -0.5246 0.4799
vn 0.0080 -0.5740 0.8188
vn 0.0170 -0.7249 0.6886
vn 0.0170 -0.7111 0.7029
vn 0.0143 -0.8424 0.5387
vn -0.5665 -0.7530 0.3347
vn 0.0070 -0.8474 0.5310
vn 0.5481 0.7714 0.3234
vn 0.0692 0.9900 -0.1228
vn 0.7548 0.6552 -0.0321
vn 0.9985 0.0356 0.0415
vn 0.9584 0.2663 -0.1032
vn 0.0281 -0.0710 0.9971
vn 0.0323 -0.0749 0.9967
vn 0.0312 -0.1441 0.9891
vn 0.0295 -0.3704 0.9284
vn 0.0330 -0.3740 0.9268
vn 0.0268 -0.5828 0.8122
vn 0.0234 -0.7256 0.6877
vn 0.1326 -0.8887 0.4389
vn 0.1423 -0.9582 0.2483
vn 0.0462 -0.9778 0.2044
vn 0.2552 -0.9573 0.1360
vn 0.9686 0.2056 -0.1397
vn 0.9852 0.1213 0.1214
vn 0.9904 0.0650 0.1220
vn 0.9984 -0.0423 0.0364
vn 0.9915 -0.0453 0.1221
vn 0.9805 -0.1552 0.1208
vn 0.8995 -0.4081 0.1561
vn 0.9416 -0.3093 0.1329
vn 0.0411 -0.0818 0.9958
vn 0.0246 -0.0729 0.9970
vn 0.0266 -0.1491 0.9885
vn 0.0417 -0.3749 0.9261
vn 0.5365 -0.3955 0.7455
vn 0.0991 -0.6746 0.7315
vn 0.1680 -0.9402 0.2965
vn 0.2378 -0.7857 0.5712
vn 0.0358 -0.9418 0.3344
vn 0.1491 -0.9771 0.1516
vn -0.1444 -0.9263 0.3480
vn 0.1457 -0.9313 0.3339
vn 0.2164 -0.9745 0.0594
vn 0.7592 -0.6225 0.1902
vn 0.6786 -0.6987 0.2267
vn 0.1137 -0.9436 0.3108
vn -0.0979 -0.9882 0.1177
vn 0.0270 -0.9897 -0.1404
vn 0.1576 -0.9818 0.1060
vn 0.6870 -0.0950 0.7204
vn 0.1411 -0.0772 0.9870
vn 0.1068 -0.0769 0.9913
vn 0.0770 -0.0959 0.9924
vn 0.6276 -0.1243 0.7685
vn 0.9573 -0.1333 0.2564
vn 0.4294 -0.7212 0.5435
vn 0.8814 -0.3223 0.3455
vn 0.9793 -0.1705 0.1089
vn 0.8233 -0.4880 0.2901
vn 0.8207 -0.5604 0.1112
vn -0.5101 -0.8473 0.1479
vn -0.5528 -0.8014 -0.2283
vn 0.0300 -0.9973 -0.0664
vn 0.0014 -0.9798 0.2000
vn -0.8984 -0.4041 -0.1721
vn -0.9003 -0.4134 -0.1358
vn 0.1020 0.0230 0.9945
vn 0.0754 -0.0258 0.9968
vn 0.2188 -0.0109 0.9757
vn 0.7136 -0.0857 0.6953
vn 0.7776 0.0049 0.6287
vn 0.9931 -0.0200 0.1158
vn 0.9924 -0.0799 0.0940
vn 0.9875 -0.1571 0.0077
vn 0.9727 -0.2210 -0.0710
vn 0.9912 -0.1191 -0.0584
vn -0.9331 0.3309 -0.1408
vn -0.9677 0.2057 -0.1460
vn -0.6977 0.7160 0.0231
vn -0.6241 0.7747 -0.1018
vn -0.1340 0.9857 0.1020
vn 0.0784 0.0653 0.9948
vn 0.0834 0.0548 0.9950
vn 0.1667 0.0867 0.9822
vn 0.7764 0.0897 0.6239
vn 0.9983 -0.0175 0.0559
vn 0.9971 0.0760 0.0024
vn 0.9938 0.0922 0.0615
vn 0.9973 0.0658 0.0325
vn 0.9994 -0.0074 -0.0343
vn 0.9962 0.0710 -0.0502
vn -0.1438 0.9488 0.2813
vn 0.0855 0.9767 -0.1969
vn -0.0179 0.9994 0.0280
vn 0.0340 0.9849 0.1695
vn 0.0568 0.9836 0.1713
vn 0.0864 0.9940 0.0670
vn 0.7604 0.1115 0.6398
vn 0.7275 0.1271 0.6742
vn 0.1368 0.0953 0.9860
vn 0.0684 0.0667 0.9954
vn 0.9930 0.1181 0.0001
vn 0.9900 0.1377 -0.0303
vn 0.9900 0.1228 0.0700
vn 0.9845 0.1532 0.0851
vn 0.9919 0.1221 0.0347
vn 0.9905 0.1281 -0.0504
vn 0.9939 0.1039 -0.0369
vn -0.0199 -0.0526 -0.9984
vn -0.0343 0.0223 -0.9992
vn -0.0353 0.0006 -0.9994
vn -0.0208 0.3700 -0.9288
vn 0.0214 0.2692 -0.9628
vn -0.0420 0.1937 -0.9802
vn 0.0851 0.6710 -0.7366
vn 0.1313 0.9398 -0.3155
vn 0.0922 0.9497 -0.2994
vn 0.3280 0.6342 -0.7001
vn 0.0940 0.9638 -0.2493
vn 0.1263 0.9874 -0.0953
vn -0.0372 0.3764 -0.9257
vn -0.0330 0.3684 -0.9291
vn -0.0129 -0.0024 -0.9999
vn -0.0267 0.6573 -0.7531
vn -0.0703 0.9096 -0.4096
vn 0.0140 0.9106 -0.4131
vn 0.0331 0.9992 -0.0232
vn -0.0391 -0.0079 -0.9992
vn -0.0117 -0.0750 -0.9971
vn -0.0376 0.0221 -0.9990
vn -0.0514 0.0409 -0.9978
vn -0.0315 0.0202 -0.9993
vn -0.0642 0.3842 -0.9210
vn -0.0513 0.6416 -0.7653
vn -0.0642 0.3381 -0.9389
vn -0.0553 0.2732 -0.9604
vn -0.0600 0.5846 -0.8091
vn -0.0541 0.9969 0.0578
vn -0.1220 0.9853 0.1192
vn -0.3827 0.6920 -0.6121
vn -0.6565 0.7372 -0.1601
vn -0.0598 0.0171 -0.9981
vn -0.0634 0.0365 -0.9973
vn -0.0398 -0.0512 -0.9979
vn -0.5557 0.1026 -0.8250
vn -0.5052 0.1401 -0.8516
vn -0.0842 0.0099 -0.9964
vn -0.0735 0.0260 -0.9970
vn -0.8966 0.1294 -0.4236
vn -0.8974 0.2113 -0.3872
vn -0.0513 0.0085 -0.9986
vn -0.0531 0.0144 -0.9985
vn -0.0277 0.0165 -0.9995
vn -0.6588 -0.1938 -0.7270
vn -0.5842 0.0798 -0.8077
vn -0.0793 0.0003 -0.9968
vn -0.0811 0.0069 -0.9967
vn -0.8824 -0.1383 -0.4497
vn -0.9175 0.0594 -0.3932
vn -0.0194 -0.0373 -0.9991
vn -0.0485 0.0029 -0.9988
vn -0.0113 -0.0328 -0.9994
vn -0.1216 -0.0869 -0.9888
vn -0.0733 -0.0717 -0.9947
vn -0.7119 -0.3988 -0.5781
vn -0.4109 -0.2406 -0.8794
vn -0.7639 -0.4308 -0.4805
vn -0.3823 -0.3234 -0.8656
vn 0.0094 -0.0494 -0.9987
vn -0.0661 -0.0470 -0.9967
vn -0.1062 -0.0326 -0.9938
vn -0.0603 -0.0323 -0.9977
vn -0.0319 -0.0189 -0.9993
vn -0.0156 0.0782 -0.9968
vn -0.4056 -0.5535 -0.7274
vn -0.5167 -0.1401 -0.8446
vn -0.1076 -0.0848 -0.9906
vn -0.3993 -0.8321 -0.3849
vn -0.7926 -0.4395 -0.4227
vn -0.0464 0.0092 -0.9989
vn -0.0408 0.0395 -0.9984
vn -0.0314 0.0608 -0.9977
vn -0.0372 -0.6221 -0.7820
vn -0.0350 -0.6167 -0.7864
vn -0.0413 -0.1272 -0.9910
vn 0.0945 -0.9865 -0.1336
vn 0.0492 -0.9736 -0.2229
vn -0.0007 -0.9074 -0.4202
vn -0.0449 0.0396 -0.9982
vn -0.0538 -0.1429 -0.9883
vn -0.0276 -0.6289 -0.7770
vn -0.0598 -0.1292 -0.9898
vn 0.1025 -0.9776 -0.1837
vn 0.2118 -0.9758 0.0537
vn -0.0184 -0.9300 -0.3671
vn 0.0490 0.0571 -0.9972
vn -0.0257 -0.0632 -0.9977
vn -0.0965 -0.0307 -0.9949
vn 0.0610 -0.7496 -0.6591
vn -0.0098 -0.1211 -0.9926
vn -0.0123 -0.7964 -0.6047
vn -0.0820 -0.9673 -0.2400
vn -0.1509 -0.9864 -0.0657
vn -0.3042 -0.8536 -0.4229
vn 0.1155 -0.9903 0.0767
vn -0.0802 -0.0533 -0.9954
vn -0.0444 0.0054 -0.9990
vn -0.0230 0.1987 -0.9798
vn 0.0368 0.0479 -0.9982
vn 0.0353 -0.0241 -0.9991
vn 0.3989 -0.1003 -0.9115
vn 0.3752 -0.1233 -0.9187
vn 0.1559 -0.5930 -0.7900
vn 0.7514 -0.1253 -0.6478
vn -0.0249 -0.0339 -0.9991
vn -0.0823 -0.1113 -0.9904
vn 0.0033 0.0144 -0.9999
vn 0.0273 0.0661 -0.9974
vn -0.0384 -0.0304 -0.9988
vn -0.0395 -0.0409 -0.9984
vn 0.0463 0.0298 -0.9985
vn 0.4448 0.0139 -0.8955
vn 0.4013 -0.0733 -0.9130
vn 0.9470 -0.1382 -0.2899
vn 0.9986 -0.0175 0.0501
vn 0.4601 0.1098 -0.8810
vn 0.4309 0.0665 -0.8999
vn 0.0340 -0.1465 -0.9886
vn 0.9648 0.1179 -0.2349
vn 0.9971 0.0555 0.0514
vn 0.4653 0.1403 -0.8740
vn 0.1979 -0.0426 -0.9793
vn 0.7271 0.2205 -0.6501
vn 0.7442 0.6637 -0.0759
vn -0.5372 0.8361 -0.1111
vn -0.8496 0.4795 0.2196
vn -0.9470 0.3201 0.0262
vn -0.8869 0.2739 0.3720
vn -0.9197 0.0732 0.3857
vn -0.9936 -0.0825 0.0767
vn -0.9222 -0.0000 0.3868
vn -0.9693 -0.1830 -0.1639
vn -0.9447 -0.1289 0.3015
vn -0.9161 -0.3945 -0.0717
vn -0.8228 -0.5660 0.0506
vn -0.7217 -0.5587 0.4086
vn -0.6420 -0.7057 0.2998
vn -0.0598 -0.9978 -0.0286
vn -0.2327 -0.8333 -0.5014
vn -0.2234 -0.9690 -0.1056
vn 0.0484 -0.9227 0.3824
vn -0.0426 -0.9986 0.0299
vn 0.0003 -1.0000 0.0002
vn 0.0015 -0.9866 -0.1631
vn -0.0633 -0.9903 -0.1233
vn 0.3794 -0.8622 0.3357
vn 0.3409 -0.7489 0.5683
vn -0.0023 -0.9865 0.1639
vn -0.0683 -0.9968 -0.0410
vn 0.1525 -0.4676 -0.8707
vn 0.7443 -0.4564 -0.4875
vn 0.6778 -0.5653 0.4702
vn 0.9578 -0.1504 0.2448
vn 0.6830 -0.7107 -0.1685
vn 0.9244 -0.3790 -0.0434
vn 0.9993 0.0001 -0.0362
vn 0.9612 0.0628 0.2685
vn 0.9972 0.0660 -0.0365
vn 0.9790 0.0111 0.2034
vn 0.9771 0.0410 0.2088
vn 0.9630 0.0002 0.2694
vn 0.9984 0.0504 -0.0273
vn 0.9408 0.1475 0.3052
vn 0.9783 0.1412 0.1515
vn 0.9737 0.0541 0.2212
vn 0.6261 0.7755 0.0806
vn 0.6483 0.7382 -0.1865
vn 0.0483 0.9977 -0.0474
vn -0.0054 0.9992 -0.0406
vn -0.0212 0.8974 0.4407
vn 0.2420 0.9560 0.1661
vn 0.0608 0.9528 0.2976
vn -0.1313 0.9909 0.0292
vn -0.6729 0.7096 -0.2090
vn -0.6612 0.7428 -0.1055
vn -0.9341 0.3314 -0.1326
vn -0.9102 0.4138 -0.0159
vn -0.9556 0.2566 0.1448
vn -0.9699 0.2064 -0.1291
vn -0.9883 0.0774 -0.1317
vn -0.9707 -0.1971 -0.1377
vn -0.9717 -0.1976 -0.1296
vn -0.8895 -0.3174 -0.3286
vn -0.8896 -0.3311 -0.3146
vn -0.8256 -0.2004 -0.5275
vn -0.8339 -0.3901 -0.3905
vn -0.7943 -0.5012 -0.3434
vn -0.8043 -0.3908 -0.4476
vn -0.8690 -0.2670 -0.4166
vn -0.2650 -0.9632 -0.0453
vn 0.0263 -0.9616 0.2734
vn -0.4563 -0.8860 -0.0824
vn -0.6474 -0.6311 -0.4272
vn -0.0124 -0.9983 -0.0569
vn -0.0258 -0.9884 0.1497
vn -0.0250 -0.9763 0.2148
vn 0.0095 -0.9981 0.0606
vn 0.0083 -0.9570 0.2901
vn 0.0024 -0.9977 0.0684
vn 0.3235 -0.9416 0.0933
vn 0.3813 -0.9166 0.1202
vn -0.0319 -0.9971 0.0691
vn -0.0007 -0.9997 -0.0237
vn 0.7433 -0.6265 0.2343
vn 0.6616 -0.5506 0.5090
vn 0.8566 -0.5121 -0.0629
vn 0.7604 -0.4031 0.5092
vn 0.9004 -0.4184 0.1194
vn 0.8021 -0.5467 0.2403
vn 0.9927 0.0001 0.1204
vn 0.9810 -0.1571 0.1135
vn 0.9945 0.0264 0.1013
vn 0.9905 -0.1062 0.0868
vn 0.9132 0.0488 0.4046
vn 0.6976 0.7140 0.0604
vn 0.2362 0.9314 0.2769
vn 0.0880 0.9948 0.0516
vn 0.0933 0.9897 -0.1082
vn 0.0483 0.9985 -0.0261
vn 0.1700 0.8267 0.5363
vn 0.0319 0.9597 -0.2791
vn -0.0326 0.9993 0.0168
vn -0.0978 0.9852 -0.1405
vn -0.1242 0.9213 -0.3685
vn -0.1794 0.9639 -0.1970
vn 0.4600 -0.0645 -0.8856
vn 0.9970 0.0094 -0.0763
vn 0.9557 -0.0159 -0.2940
vn 0.9907 -0.0961 -0.0961
vn 0.9410 -0.0582 -0.3335
vn 0.9594 -0.2798 0.0341
vn 0.9335 -0.2552 -0.2521
vn 0.9406 -0.1010 -0.3242
vn 0.8859 -0.2680 -0.3787
vn 0.9972 -0.0713 -0.0220
vn 0.9101 -0.4044 0.0898
vn 0.6935 -0.3992 -0.5998
vn 0.9999 -0.0163 0.0042
vn 0.8151 0.2491 -0.5231
vn 0.4548 -0.3582 -0.8154
vn 0.0510 -0.9987 0.0035
vn 0.2425 -0.8489 0.4697
vn 0.2171 -0.9753 0.0412
vn -0.0469 -0.9129 -0.4055
vn 0.0391 -0.9985 -0.0377
vn 0.0023 -1.0000 0.0014
vn 0.0026 -0.9862 0.1653
vn 0.0640 -0.9915 0.1135
vn -0.3892 -0.8715 -0.2984
vn -0.3602 -0.7814 -0.5095
vn 0.0072 -0.9891 -0.1468
vn 0.0683 -0.9972 0.0304
vn -0.0604 -0.9942 -0.0888
vn -0.4422 -0.8740 0.2015
vn 0.1653 -0.8421 0.5133
vn -0.7725 -0.4820 -0.4135
vn -0.9913 -0.1095 0.0733
vn -0.9633 -0.1053 -0.2470
vn -0.9687 -0.0005 -0.2484
vn -0.8196 -0.5091 0.2630
vn -0.8422 -0.4469 0.3016
vn -0.2821 -0.4954 0.8216
vn -0.9972 -0.0003 0.0747
vn -0.9753 0.0392 -0.2173
vn -0.9912 -0.0845 0.1021
vn -0.9819 -0.1204 -0.1463
vn -0.9720 0.0922 -0.2160
vn -0.5620 0.7512 -0.3461
vn -0.6871 0.1950 -0.6999
vn -0.2025 0.9444 -0.2590
vn -0.0570 0.9976 0.0400
vn -0.2713 0.9242 0.2687
vn -0.0857 0.9946 0.0577
vn -0.1360 0.9652 -0.2236
vn -0.0698 0.9547 -0.2893
vn -0.1098 0.9751 -0.1926
vn -0.1271 0.9856 -0.1118
vn 0.0215 0.9838 -0.1780
vn 0.0741 0.9938 -0.0829
vn 0.0525 0.9977 -0.0438
vn 0.0799 0.9804 -0.1803
vn 0.1041 0.9915 -0.0781
vn 0.9990 0.0302 0.0339
vn 0.9922 0.0982 0.0764
vn 0.9839 -0.1512 0.0953
vn 0.9068 -0.0672 0.4163
vn 0.3327 -0.9309 0.1510
vn 0.6975 -0.4753 0.5363
vn 0.9411 -0.3104 0.1338
vn -0.0256 -0.9532 -0.3011
vn -0.0254 -0.9645 -0.2630
vn 0.0244 -0.9768 -0.2127
vn 0.0001 -1.0000 0.0029
vn -0.3744 -0.9188 -0.1248
vn -0.8550 -0.4522 -0.2539
vn -0.7806 -0.5036 -0.3703
vn -0.8806 -0.4571 -0.1251
vn -0.8958 -0.4209 -0.1431
vn -0.9835 0.0797 -0.1621
vn -0.9871 0.0772 -0.1402
vn -0.9689 0.2059 -0.1374
vn -0.9599 0.2135 -0.1819
vn -0.5789 0.7988 0.1638
vn -0.1147 0.9776 0.1765
vn -0.1370 0.9478 0.2878
vn -0.0815 0.9941 0.0715
vn -0.0623 0.9413 0.3317
vn 0.0877 0.9925 0.0850
vn 0.0588 0.9344 0.3513
vn 0.0536 0.9842 0.1688
vn 0.0547 0.9730 0.2240
vn 0.0706 0.9794 0.1890
vn 0.1070 0.9939 -0.0261
vn 0.1270 0.9887 0.0799
vn -0.9966 -0.0809 -0.0142
vn -0.9569 0.2775 0.0852
vn -0.9463 0.0916 0.3100
vn -0.9928 -0.0726 0.0948
vn -0.9216 -0.0003 0.3881
vn -0.9750 -0.1843 -0.1238
vn -0.9345 -0.1421 0.3265
vn -0.9917 -0.1275 0.0145
vn -0.9440 -0.2785 -0.1769
vn -0.7777 -0.5326 -0.3339
vn -0.9377 -0.3392 -0.0750
vn -0.4877 -0.8194 0.3012
vn -0.9940 -0.1095 -0.0066
vn 0.0073 -0.9920 0.1258
vn 0.0308 -0.9995 0.0039
vn 0.0893 -0.9923 -0.0854
vn 0.0424 -0.9980 0.0471
vn -0.0535 -0.9979 0.0378
vn -0.0642 -0.9967 -0.0505
vn -0.0608 -0.9969 -0.0503
vn -0.0591 -0.9973 0.0436
vn 0.3578 -0.9111 0.2048
vn 0.3468 -0.9130 0.2151
vn -0.0664 -0.9967 -0.0469
vn -0.0682 -0.9970 -0.0376
vn 0.6463 -0.6858 -0.3347
vn 0.8583 -0.5107 -0.0495
vn 0.6614 -0.5963 0.4550
vn 0.9670 -0.2237 0.1221
vn 0.9882 -0.1433 -0.0535
vn 0.8158 -0.5226 0.2476
vn 0.9290 -0.3644 0.0651
vn 0.9986 -0.0054 -0.0524
vn 0.8976 0.0146 0.4405
vn 0.9612 0.1404 0.2374
vn 0.9754 -0.1377 0.1723
vn 0.9359 0.0993 0.3379
vn 0.9612 -0.0160 0.2752
vn 0.9897 0.1138 0.0868
vn 0.9979 0.0388 -0.0524
vn 0.9784 -0.0415 -0.2024
vn 0.0521 0.9928 0.1075
vn -0.0979 0.9947 0.0321
vn -0.1699 0.9853 -0.0187
vn -0.0030 0.9907 -0.1361
vn -0.0354 0.9992 0.0169
vn 0.0063 0.9997 -0.0219
vn -0.8626 0.0291 -0.5050
vn -0.9668 0.2205 0.1289
vn -0.9744 0.2203 -0.0444
vn -0.9777 -0.1834 -0.1020
vn -0.8979 -0.3196 -0.3028
vn -0.8290 -0.2349 -0.5076
vn -0.4405 -0.8779 -0.1877
vn -0.7652 -0.4809 -0.4281
vn 0.0229 -0.9541 0.2987
vn 0.0256 -0.9636 0.2660
vn -0.0257 -0.9884 0.1497
vn -0.0264 -0.9771 0.2109
vn 0.2936 -0.9515 0.0917
vn -0.0318 -0.9971 0.0692
vn 0.6399 -0.6858 0.3467
vn 0.9364 -0.3223 0.1390
vn 0.8304 -0.2674 0.4887
vn 0.7574 0.1327 0.6394
vn 0.8148 -0.2466 0.5248
vn 0.9885 0.0650 0.1369
vn 0.9921 0.0653 0.1067
vn 0.9779 -0.1594 0.1354
vn 0.9878 0.0039 0.1554
vn 0.9788 0.1757 0.1050
vn 0.9752 0.1753 0.1351
vn 0.7401 0.6666 -0.0886
vn 0.7748 0.5947 0.2146
vn 0.1246 0.9893 -0.0766
vn 0.1571 0.9571 -0.2433
vn -0.0200 0.9955 -0.0931
vn 0.0722 0.9625 -0.2613
vn -0.1124 0.9747 -0.1933
vn -0.0575 0.9978 0.0326
vn -0.1907 0.9816 -0.0059
vn -0.0968 0.9941 -0.0493
vn -0.0967 0.9931 0.0665
vn -0.0709 0.9950 -0.0707
vn -0.0585 0.9948 -0.0831
vn -0.0122 0.9992 -0.0381
vn -0.0061 0.9997 -0.0251
vn 0.9404 -0.2715 -0.2047
vn -0.0590 0.0464 -0.9972
vn -0.0830 0.0316 -0.9960
vn -0.0641 -0.0470 -0.9968
vn -0.0245 0.1696 -0.9852
vn 0.0448 -0.0018 -0.9990
vn -0.0080 0.0169 -0.9998
vn 0.9715 -0.2288 0.0621
vn 0.8749 -0.2787 0.3961
vn 0.9452 0.3262 -0.0147
vn 0.7674 -0.6067 0.2075
vn 0.9020 -0.2778 0.3305
vn 0.8269 -0.2931 0.4799
vn 0.9077 -0.0227 0.4191
vn 0.8240 0.5512 -0.1309
vn 0.5621 0.6683 0.4873
vn 0.8247 0.0671 0.5616
vn 0.7758 -0.1856 0.6031
vn 0.9383 0.2678 -0.2189
vn 0.8562 0.4099 0.3145
vn 0.8945 0.0578 0.4434
vn 0.3119 -0.6884 -0.6549
vn 0.2777 -0.3741 -0.8849
vn 0.9894 -0.0118 -0.1447
vn 0.9294 -0.2400 0.2804
vn 0.5915 -0.5450 0.5943
vn 0.9826 -0.1580 0.0980
vn 0.9961 0.0753 0.0461
vn 0.7409 -0.1922 0.6436
vn 0.9118 -0.3638 -0.1905
vn 0.9489 -0.1785 0.2602
vn 0.9860 -0.1579 0.0536
vn 0.8571 -0.2576 -0.4462
vn 0.9606 -0.2384 -0.1427
vn 0.8529 0.4457 0.2719
vn 0.8017 -0.5825 -0.1343
vn 0.9540 0.2921 -0.0682
vn -0.0381 -0.0030 -0.9993
vn 0.0412 0.9985 -0.0369
vn 0.0002 1.0000 0.0059
vn -0.4789 -0.8384 -0.2601
vn -0.9519 0.2875 0.1063
vn -0.9551 -0.0251 -0.2952
vn -0.0081 0.9993 -0.0368
vn 0.1168 0.9895 -0.0857
vn 0.1138 0.9933 -0.0210
vn 0.3146 0.9330 -0.1747
vn 0.9399 -0.0807 -0.3317
vn 0.9718 0.0936 -0.2164
vn 0.6773 -0.7261 0.1182
vn 0.2501 -0.9348 0.2523
vn 0.5001 -0.8621 0.0820
vn -0.0475 -0.9976 -0.0497
vn -0.0641 -0.9972 -0.0390
vn -0.0577 -0.9801 -0.1899
vn -0.4113 -0.8435 -0.3456
vn -0.9575 -0.1443 0.2499
vn 0.0789 0.9941 0.0738
vn 0.0022 0.9943 0.1069
vn -0.9298 0.3259 -0.1709
vn -0.9832 0.0852 -0.1614
vn 0.6230 -0.5078 0.5950
vn -0.7881 0.1232 0.6031
vn 0.4010 -0.9106 -0.0999
vn 0.9874 0.1256 -0.0964
vn 0.9941 -0.0704 0.0824
vn -0.8582 0.0381 0.5119
vn -0.9313 -0.2651 0.2500
vn 0.1852 -0.8123 -0.5530
vn 0.9740 -0.1076 -0.1995
vn -0.5584 0.8234 -0.1012
vn 0.0158 0.9922 -0.1240
vn 0.0248 0.9922 -0.1222
vn 0.9727 0.0159 0.2314
vn 0.6289 0.4545 0.6308
vn -0.5059 -0.8444 0.1760
vn -0.9882 0.0781 0.1315
vn -0.0981 0.9942 -0.0440
vn 0.5186 -0.8433 -0.1409
vn 0.0600 -0.9905 0.1239
vn -0.1136 -0.7994 -0.5899
vn 0.0523 -0.9973 0.0515
vn 0.0612 -0.9758 0.2098
vn -0.2263 -0.9428 -0.2446
vn 0.0689 -0.9963 0.0510
vn -0.3783 -0.7621 0.5254
vn -0.5870 -0.7984 -0.1338
vn -0.8613 -0.4061 0.3054
vn 0.9107 0.0836 -0.4046
vn 0.4932 0.7207 -0.4872
vn 0.1166 -0.0343 -0.9926
vn 0.0898 0.0657 -0.9938
vn 0.2291 0.0212 -0.9732
vn 0.9721 -0.0261 -0.2330
vn 0.0418 -0.0468 -0.9980
vn -0.0577 -0.0717 -0.9958
vn 0.1851 -0.3947 -0.9000
vn -0.0457 -0.0203 -0.9987
vn 0.0001 0.0053 -1.0000
vn -0.1117 -0.0092 -0.9937
vn -0.0751 -0.0339 -0.9966
vn 0.9106 -0.1852 -0.3694
vn 0.0210 -0.0341 -0.9992
vn 0.2227 -0.7249 -0.6518
vn 0.0090 -0.0763 -0.9970
vn -0.0104 -0.1410 -0.9900
vn -0.0483 0.0025 -0.9988
vn -0.0732 0.0055 -0.9973
vn -0.1756 -0.0409 -0.9836
vn -0.0280 -0.0682 -0.9973
vn -0.0911 0.8797 -0.4667
vn 0.0718 0.9743 -0.2136
vn 0.0820 0.7521 -0.6539
vn -0.0501 0.0114 -0.9987
vn 0.0874 0.6980 -0.7107
vn 0.0541 0.8376 -0.5435
vn -0.0223 0.0255 -0.9994
vn 0.5843 0.8071 0.0842
vn 0.6672 0.7449 0.0053
vn 0.6134 0.7870 0.0658
vn -0.0691 0.9967 -0.0437
vn 0.0036 0.9733 0.2297
vn 0.4401 0.8552 -0.2737
vn 0.0344 0.9797 -0.1973
vn 0.2054 0.0953 0.9740
vn 0.9770 -0.0969 0.1901
vn 0.1669 -0.0564 0.9844
vn 0.0737 -0.0460 0.9962
vn 0.1684 -0.7480 0.6420
vn 0.0616 -0.0504 0.9968
vn 0.2395 -0.9406 0.2408
vn 0.2064 -0.9755 -0.0766
vn 0.0359 -0.5805 0.8135
vn 0.0242 -0.1433 0.9894
vn 0.9916 0.0658 -0.1109
vn 0.0629 0.9978 -0.0202
vn -0.9022 -0.3029 0.3071
vn -0.1134 0.1012 0.9884
vn -0.7542 -0.6518 0.0801
vn -0.8991 -0.1531 0.4101
vn -0.0689 0.0588 0.9959
vn 0.4854 -0.8637 0.1358
vn -0.9092 0.2069 0.3613
vn -0.8434 0.1269 0.5221
vn -0.0610 0.0222 0.9979
vn 0.9904 -0.0843 -0.1099
vn -0.6951 0.7187 -0.0160
vn -0.4403 0.7370 0.5128
vn -0.0227 0.3742 0.9271
vn 0.0286 0.4013 0.9155
vn 0.0039 0.9933 0.1156
vn 0.0298 0.4003 0.9159
vn 0.0110 0.3887 0.9213
vn -0.0194 0.7203 0.6934
vn 0.6090 0.7861 -0.1057
vn 0.4493 -0.8015 0.3946
vn 0.8390 -0.3698 0.3992
vn 0.9281 -0.3680 -0.0561
vn 0.9834 0.0021 -0.1814
vn 0.3966 -0.8382 0.3742
vt 0.517380 0.872807
vt 0.493189 0.856294
vt 0.478847 0.873322
vt 0.447273 0.871803
vt 0.463568 0.889835
vt 0.460234 0.857279
vt 0.432515 0.837802
vt 0.416704 0.810447
vt 0.416824 0.828113
vt 0.411542 0.811204
vt 0.404003 0.818307
vt 0.391421 0.824897
vt 0.402442 0.834776
vt 0.393238 0.801257
vt 0.385462 0.794208
vt 0.381080 0.806835
vt 0.373014 0.811667
vt 0.381146 0.816186
vt 0.839126 0.587725
vt 0.851390 0.571304
vt 0.902237 0.566725
vt 0.892284 0.585820
vt 0.732810 0.591535
vt 0.742763 0.572439
vt 0.798232 0.573209
vt 0.785968 0.589630
vt 0.626495 0.595345
vt 0.637984 0.578335
vt 0.689605 0.574345
vt 0.679653 0.593440
vt 0.252782 0.782158
vt 0.227991 0.770465
vt 0.233536 0.784969
vt 0.244828 0.753780
vt 0.223062 0.755077
vt 0.248793 0.768440
vt 0.212450 0.789631
vt 0.185365 0.779435
vt 0.191864 0.795837
vt 0.202056 0.758019
vt 0.179792 0.761897
vt 0.205739 0.774140
vt 0.170283 0.803501
vt 0.140610 0.795589
vt 0.151649 0.816827
vt 0.155782 0.766988
vt 0.132416 0.774928
vt 0.162453 0.785887
vt 0.131883 0.832977
vt 0.097434 0.822889
vt 0.113821 0.847902
vt 0.106790 0.784824
vt 0.084112 0.795356
vt 0.118176 0.810102
vt 0.350601 0.273017
vt 0.372395 0.283908
vt 0.388343 0.233829
vt 0.370363 0.220102
vt 0.392244 0.161051
vt 0.410027 0.174850
vt 0.420597 0.141113
vt 0.408074 0.093697
vt 0.400042 0.127242
vt 0.428496 0.107473
vt 0.439561 0.073040
vt 0.471742 0.052278
vt 0.453621 0.037999
vt 0.533610 0.812462
vt 0.514376 0.803870
vt 0.502622 0.828912
vt 0.471555 0.840991
vt 0.484885 0.819386
vt 0.464993 0.808548
vt 0.455362 0.778681
vt 0.435539 0.795444
vt 0.440357 0.772371
vt 0.441317 0.777509
vt 0.372886 0.748478
vt 0.388664 0.765278
vt 0.394508 0.753998
vt 0.375767 0.768229
vt 0.384650 0.775253
vt 0.396995 0.792269
vt 0.791979 0.630505
vt 0.815552 0.609115
vt 0.868710 0.607210
vt 0.845142 0.628934
vt 0.719501 0.631538
vt 0.726156 0.611537
vt 0.779313 0.609631
vt 0.755740 0.631021
vt 0.613185 0.635348
vt 0.619840 0.615346
vt 0.672998 0.613441
vt 0.666343 0.633443
vt 0.219925 0.736147
vt 0.241484 0.717610
vt 0.217755 0.716292
vt 0.242869 0.736106
vt 0.175353 0.740074
vt 0.196466 0.716858
vt 0.172672 0.717328
vt 0.198589 0.737808
vt 0.124844 0.748858
vt 0.146465 0.718018
vt 0.119715 0.720795
vt 0.150011 0.743208
vt 0.072829 0.764614
vt 0.090892 0.726262
vt 0.072270 0.729738
vt 0.097190 0.756370
vt 0.394264 0.294715
vt 0.417486 0.305178
vt 0.431777 0.261235
vt 0.409063 0.247664
vt 0.427706 0.188573
vt 0.450486 0.201443
vt 0.461666 0.167582
vt 0.448896 0.121357
vt 0.438372 0.155071
vt 0.472419 0.133438
vt 0.496267 0.145863
vt 0.513617 0.097473
vt 0.484210 0.098931
vt 0.460346 0.087080
vt 0.975113 0.224284
vt 0.958801 0.275300
vt 0.970511 0.263552
vt 0.963027 0.311907
vt 0.950961 0.323582
vt 0.958557 0.327729
vt 0.902099 0.306862
vt 0.940170 0.261180
vt 0.920051 0.251126
vt 0.860355 0.290332
vt 0.899255 0.242860
vt 0.876932 0.240050
vt 0.881238 0.298609
vt 0.912979 0.412971
vt 0.933277 0.378223
vt 0.926109 0.374360
vt 0.928034 0.393616
vt 0.877438 0.381465
vt 0.895215 0.397215
vt 0.908285 0.358561
vt 0.939321 0.335512
vt 0.920663 0.321148
vt 0.837214 0.360510
vt 0.869707 0.333615
vt 0.848807 0.325393
vt 0.857355 0.371012
vt 0.903804 0.440265
vt 0.925298 0.402014
vt 0.938187 0.391232
vt 0.940932 0.382824
vt 0.865549 0.431647
vt 0.885998 0.424508
vt 0.894786 0.467091
vt 0.812446 0.428972
vt 0.845421 0.421314
vt 0.858415 0.468010
vt 0.584461 0.492220
vt 0.555748 0.496399
vt 0.559578 0.516183
vt 0.537587 0.537586
vt 0.560061 0.537277
vt 0.535484 0.518735
vt 0.514587 0.521175
vt 0.368135 0.335984
vt 0.370076 0.330874
vt 0.335237 0.328679
vt 0.300442 0.324820
vt 0.301028 0.337488
vt 0.265444 0.324815
vt 0.271399 0.346166
vt 0.285417 0.337356
vt 0.302076 0.349242
vt 0.277546 0.364683
vt 0.249302 0.360400
vt 0.215573 0.359954
vt 0.228227 0.377278
vt 0.493715 0.506793
vt 0.494967 0.522696
vt 0.471753 0.508786
vt 0.476597 0.523381
vt 0.456729 0.538004
vt 0.475867 0.539276
vt 0.451919 0.509165
vt 0.443482 0.509010
vt 0.441219 0.520363
vt 0.429508 0.529109
vt 0.442891 0.531226
vt 0.368650 0.349316
vt 0.368434 0.342737
vt 0.333130 0.347264
vt 0.304392 0.361984
vt 0.306872 0.373725
vt 0.292954 0.368824
vt 0.283909 0.380386
vt 0.290207 0.394080
vt 0.266668 0.391676
vt 0.239483 0.391996
vt 0.252102 0.407197
vt 0.813755 0.884325
vt 0.825245 0.867315
vt 0.878403 0.865410
vt 0.866913 0.882419
vt 0.707440 0.888134
vt 0.718929 0.871125
vt 0.772088 0.869220
vt 0.760598 0.886230
vt 0.601124 0.891944
vt 0.612614 0.874935
vt 0.665772 0.873030
vt 0.358583 0.362269
vt 0.363411 0.355911
vt 0.328321 0.366885
vt 0.307906 0.384282
vt 0.300486 0.393219
vt 0.297445 0.383333
vt 0.309186 0.393396
vt 0.304177 0.405421
vt 0.263917 0.420142
vt 0.276628 0.431912
vt 0.283645 0.419058
vt 0.301071 0.418665
vt 0.295221 0.407429
vt 0.654282 0.890039
vt 0.266087 0.501624
vt 0.275717 0.497004
vt 0.264816 0.483377
vt 0.308383 0.485187
vt 0.289905 0.478173
vt 0.307086 0.500673
vt 0.255633 0.497205
vt 0.247402 0.473298
vt 0.239067 0.488280
vt 0.273881 0.470339
vt 0.257574 0.460135
vt 0.221785 0.478810
vt 0.213665 0.452006
vt 0.203391 0.468486
vt 0.362134 0.374411
vt 0.360515 0.368428
vt 0.322025 0.384311
vt 0.312829 0.400410
vt 0.316203 0.406709
vt 0.308902 0.411979
vt 0.308828 0.426662
vt 0.316364 0.433559
vt 0.303957 0.437381
vt 0.289518 0.442113
vt 0.301784 0.450164
vt 0.240996 0.448288
vt 0.224837 0.436538
vt 0.231060 0.463041
vt 0.183639 0.457366
vt 0.178567 0.429169
vt 0.162545 0.445126
vt 0.207783 0.423190
vt 0.192283 0.411477
vt 0.195185 0.439611
vt 0.710592 0.416272
vt 0.732193 0.426197
vt 0.746026 0.383150
vt 0.382911 0.374113
vt 0.372369 0.374024
vt 0.362887 0.393077
vt 0.325159 0.392840
vt 0.353416 0.393382
vt 0.345265 0.410165
vt 0.323696 0.407672
vt 0.349400 0.426208
vt 0.316033 0.419692
vt 0.329871 0.422219
vt 0.682942 0.964507
vt 0.625989 0.966475
vt 0.688506 0.947658
vt 0.573230 0.968323
vt 0.577977 0.950209
vt 0.631553 0.949626
vt 0.833723 0.194042
vt 0.815678 0.179284
vt 0.804569 0.212378
vt 0.562687 0.438477
vt 0.540441 0.448363
vt 0.548981 0.471886
vt 0.404136 0.377563
vt 0.393445 0.375486
vt 0.372345 0.394219
vt 0.367293 0.412830
vt 0.389728 0.417094
vt 0.370801 0.430286
vt 0.352544 0.442817
vt 0.373052 0.447594
vt 0.796413 0.960586
vt 0.739677 0.962546
vt 0.745242 0.945697
vt 0.694071 0.930809
vt 0.747229 0.928904
vt 0.532243 0.500517
vt 0.527474 0.478347
vt 0.508214 0.483551
vt 0.485827 0.469870
vt 0.490549 0.487775
vt 0.469707 0.491369
vt 0.448539 0.478376
vt 0.450827 0.493497
vt 0.423738 0.387440
vt 0.414509 0.382174
vt 0.405606 0.402016
vt 0.424047 0.425913
vt 0.447796 0.434631
vt 0.424710 0.442488
vt 0.393830 0.452074
vt 0.415566 0.454154
vt 0.916418 0.956438
vt 0.856415 0.958512
vt 0.858403 0.941718
vt 0.800388 0.926999
vt 0.853545 0.925094
vt 0.428224 0.480076
vt 0.429702 0.493688
vt 0.442149 0.493987
vt 0.439850 0.479466
vt 0.807072 0.905662
vt 0.860229 0.903757
vt 0.700755 0.909472
vt 0.753913 0.907567
vt 0.460505 0.425151
vt 0.458432 0.408726
vt 0.448719 0.408756
vt 0.440407 0.414587
vt 0.453787 0.430294
vt 0.460049 0.439108
vt 0.444377 0.445061
vt 0.452614 0.442827
vt 0.457519 0.452927
vt 0.449852 0.455170
vt 0.446100 0.467227
vt 0.582724 0.932095
vt 0.586197 0.912184
vt 0.647627 0.910041
vt 0.640943 0.931378
vt 0.295774 0.463246
vt 0.313412 0.455823
vt 0.309829 0.468427
vt 0.266982 0.445243
vt 0.281612 0.455402
vt 0.456247 0.378241
vt 0.450500 0.381615
vt 0.472684 0.399804
vt 0.467505 0.419143
vt 0.475050 0.412638
vt 0.478673 0.426980
vt 0.468603 0.448017
vt 0.466367 0.475080
vt 0.453572 0.465773
vt 0.470851 0.460569
vt 0.238054 0.420792
vt 0.252281 0.433109
vt 0.209207 0.393007
vt 0.222975 0.406312
vt 0.753593 0.435773
vt 0.777464 0.446671
vt 0.792165 0.407664
vt 0.454804 0.361871
vt 0.455575 0.370155
vt 0.478794 0.381489
vt 0.482431 0.404465
vt 0.480466 0.441877
vt 0.493211 0.434281
vt 0.490307 0.417703
vt 0.502337 0.464120
vt 0.483800 0.455509
vt 0.499283 0.448370
vt 0.767140 0.392744
vt 0.806345 0.321435
vt 0.812066 0.346515
vt 0.831824 0.312082
vt 0.847270 0.241952
vt 0.821864 0.228953
vt 0.490361 0.395120
vt 0.498979 0.383952
vt 0.483438 0.367220
vt 0.448981 0.350076
vt 0.507021 0.425071
vt 0.522303 0.413875
vt 0.499658 0.409420
vt 0.513094 0.396371
vt 0.520275 0.457065
vt 0.514470 0.440518
vt 0.533388 0.429856
vt 0.320417 0.962169
vt 0.297491 0.954915
vt 0.318361 0.975977
vt 0.299745 0.992499
vt 0.325478 0.989776
vt 0.351355 0.062623
vt 0.344723 0.086429
vt 0.353530 0.081074
vt 0.356539 0.094982
vt 0.365101 0.063235
vt 0.375067 0.032413
vt 0.391141 0.062804
vt 0.421475 0.059015
vt 0.251216 0.980059
vt 0.274730 0.987269
vt 0.264021 0.963154
vt 0.340659 0.106019
vt 0.334170 0.124844
vt 0.338796 0.130262
vt 0.338632 0.154646
vt 0.348137 0.125221
vt 0.374780 0.127874
vt 0.274982 0.946962
vt 0.258722 0.946479
vt 0.241925 0.945220
vt 0.219154 0.950696
vt 0.246304 0.962435
vt 0.328113 0.143761
vt 0.320551 0.168695
vt 0.332831 0.149066
vt 0.313266 0.193885
vt 0.307802 0.215133
vt 0.325424 0.173912
vt 0.365325 0.157883
vt 0.348168 0.198997
vt 0.303573 0.236808
vt 0.325849 0.258225
vt 0.202780 0.915513
vt 0.198662 0.934578
vt 0.221938 0.930826
vt 0.169823 0.880036
vt 0.158062 0.901716
vt 0.185308 0.897895
vt 0.176748 0.921752
vt 0.149171 0.858917
vt 0.134451 0.874912
vt 0.221374 0.895375
vt 0.212503 0.905240
vt 0.247096 0.921530
vt 0.191624 0.849510
vt 0.181615 0.863116
vt 0.204094 0.870796
vt 0.195563 0.889219
vt 0.181063 0.828731
vt 0.165137 0.843996
vt 0.237002 0.878095
vt 0.229515 0.886656
vt 0.255169 0.911579
vt 0.231574 0.853157
vt 0.212373 0.863563
vt 0.218448 0.810348
vt 0.227458 0.830387
vt 0.194575 0.817308
vt 0.208796 0.839994
vt 0.256578 0.880325
vt 0.263173 0.903676
vt 0.268649 0.893414
vt 0.251370 0.852947
vt 0.244476 0.865087
vt 0.262656 0.867032
vt 0.248424 0.812618
vt 0.239323 0.820262
vt 0.249347 0.829873
vt 0.250052 0.798383
vt 0.232182 0.803279
vt 0.280076 0.857753
vt 0.265637 0.855781
vt 0.277856 0.869052
vt 0.284278 0.819622
vt 0.264709 0.816167
vt 0.269282 0.835978
vt 0.752715 0.553344
vt 0.701094 0.557335
vt 0.697714 0.536429
vt 0.642713 0.519514
vt 0.690259 0.517811
vt 0.290752 0.858357
vt 0.292414 0.838193
vt 0.305126 0.822540
vt 0.282508 0.837647
vt 0.792625 0.533028
vt 0.808185 0.554114
vt 0.745260 0.534725
vt 0.324875 0.870408
vt 0.312855 0.864968
vt 0.301389 0.877120
vt 0.325761 0.825426
vt 0.324706 0.846470
vt 0.344617 0.827772
vt 0.863654 0.554883
vt 0.895276 0.532107
vt 0.914501 0.550304
vt 0.848094 0.533798
vt 0.275652 0.880891
vt 0.288450 0.886847
vt 0.307915 0.886504
vt 0.327449 0.880103
vt 0.351458 0.861159
vt 0.373281 0.849482
vt 0.366117 0.838829
vt 0.360869 0.829750
vt 0.376109 0.828504
vt 0.301169 0.941418
vt 0.306862 0.924295
vt 0.312144 0.909520
vt 0.291143 0.926567
vt 0.329955 0.892706
vt 0.328393 0.909609
vt 0.362912 0.889035
vt 0.390177 0.874837
vt 0.380877 0.861642
vt 0.394543 0.849127
vt 0.414584 0.846478
vt 0.407653 0.908876
vt 0.398019 0.891097
vt 0.362471 0.921789
vt 0.417520 0.874531
vt 0.430031 0.858356
vt 0.428405 0.951397
vt 0.417754 0.929879
vt 0.390053 0.941595
vt 0.443418 0.911758
vt 0.481980 0.908997
vt 0.119247 0.472959
vt 0.144839 0.483686
vt 0.151909 0.463677
vt 0.175106 0.475832
vt 0.194969 0.485199
vt 0.206242 0.510225
vt 0.213562 0.494447
vt 0.229225 0.519595
vt 0.231258 0.502928
vt 0.250254 0.528119
vt 0.260488 0.532560
vt 0.262818 0.517062
vt 0.276321 0.506088
vt 0.657956 0.823051
vt 0.641030 0.840488
vt 0.612123 0.841141
vt 0.604792 0.824579
vt 0.764283 0.819997
vt 0.747351 0.837056
vt 0.694194 0.838961
vt 0.711120 0.821524
vt 0.870611 0.816942
vt 0.853673 0.833624
vt 0.800515 0.835528
vt 0.817447 0.818470
vt 0.434302 0.543477
vt 0.454581 0.553077
vt 0.399907 0.568316
vt 0.421602 0.569239
vt 0.397599 0.551043
vt 0.475122 0.555048
vt 0.446190 0.569785
vt 0.474253 0.571390
vt 0.495377 0.539452
vt 0.516127 0.556116
vt 0.515943 0.538858
vt 0.494507 0.572776
vt 0.515675 0.573585
vt 0.495229 0.556013
vt 0.555619 0.555585
vt 0.537617 0.574146
vt 0.555898 0.573944
vt 0.538037 0.555883
vt 0.797651 0.164586
vt 0.778185 0.155550
vt 0.743316 0.237981
vt 0.781654 0.251588
vt 0.728636 0.364761
vt 0.713172 0.316837
vt 0.710938 0.350129
vt 0.697487 0.388399
vt 0.672313 0.393373
vt 0.691395 0.404916
vt 0.116667 0.525433
vt 0.134970 0.529211
vt 0.142201 0.507724
vt 0.167931 0.493892
vt 0.159645 0.513477
vt 0.179603 0.520908
vt 0.192125 0.546708
vt 0.198821 0.528264
vt 0.218708 0.536869
vt 0.232598 0.561919
vt 0.241274 0.544241
vt 0.256610 0.567130
vt 0.263433 0.551351
vt 0.252688 0.547312
vt 0.244748 0.564731
vt 0.602137 0.785515
vt 0.630047 0.804284
vt 0.579466 0.805737
vt 0.272412 0.574244
vt 0.269648 0.554093
vt 0.263136 0.569773
vt 0.778614 0.780063
vt 0.771448 0.800030
vt 0.718285 0.801557
vt 0.708454 0.781706
vt 0.683205 0.802379
vt 0.655295 0.783611
vt 0.884942 0.777009
vt 0.877776 0.796975
vt 0.824612 0.798503
vt 0.831778 0.778536
vt 0.422792 0.588799
vt 0.399420 0.605570
vt 0.423007 0.608262
vt 0.399790 0.586638
vt 0.470320 0.592238
vt 0.448256 0.611834
vt 0.469253 0.613497
vt 0.447538 0.590765
vt 0.514272 0.596837
vt 0.491420 0.615583
vt 0.512565 0.618547
vt 0.492895 0.594155
vt 0.552370 0.607998
vt 0.758773 0.146333
vt 0.714636 0.118936
vt 0.719011 0.181534
vt 0.738686 0.207218
vt 0.693995 0.335988
vt 0.684998 0.297454
vt 0.675476 0.311309
vt 0.655814 0.286074
vt 0.635373 0.345505
vt 0.662219 0.345093
vt 0.681735 0.368877
vt 0.514520 0.715033
vt 0.513425 0.673171
vt 0.496939 0.680824
vt 0.486591 0.659789
vt 0.482891 0.679187
vt 0.471745 0.658202
vt 0.470677 0.663178
vt 0.455126 0.665833
vt 0.466507 0.682006
vt 0.436383 0.659372
vt 0.426708 0.655170
vt 0.428235 0.669171
vt 0.448200 0.684005
vt 0.439328 0.680466
vt 0.429557 0.686499
vt 0.828079 0.737892
vt 0.844216 0.719546
vt 0.873256 0.719193
vt 0.881237 0.735987
vt 0.721764 0.741703
vt 0.733253 0.724692
vt 0.791059 0.721451
vt 0.774922 0.739797
vt 0.615448 0.745512
vt 0.631574 0.726497
vt 0.680095 0.726598
vt 0.668606 0.743607
vt 0.266767 0.651147
vt 0.244439 0.625194
vt 0.242331 0.648098
vt 0.266470 0.611438
vt 0.244948 0.606001
vt 0.266511 0.629862
vt 0.181654 0.633336
vt 0.195025 0.626909
vt 0.169342 0.605444
vt 0.223647 0.599957
vt 0.202388 0.593797
vt 0.228392 0.629238
vt 0.160142 0.626172
vt 0.152677 0.597859
vt 0.143283 0.619511
vt 0.181262 0.587274
vt 0.160520 0.579696
vt 0.037022 0.740039
vt 0.042084 0.714753
vt 0.018324 0.698398
vt 0.534898 0.359780
vt 0.561245 0.369872
vt 0.567559 0.308974
vt 0.561946 0.262780
vt 0.564745 0.285832
vt 0.591726 0.245005
vt 0.573949 0.230702
vt 0.602934 0.211107
vt 0.596222 0.162476
vt 0.585073 0.196580
vt 0.614041 0.177165
vt 0.625218 0.142492
vt 0.519953 0.640589
vt 0.502124 0.639217
vt 0.489276 0.637949
vt 0.466910 0.635265
vt 0.407205 0.628196
vt 0.423270 0.635535
vt 0.437977 0.646844
vt 0.803346 0.758978
vt 0.856504 0.757072
vt 0.715109 0.761704
vt 0.768267 0.759799
vt 0.743533 0.780884
vt 0.608793 0.765514
vt 0.661950 0.763609
vt 0.247640 0.586081
vt 0.255525 0.577812
vt 0.207293 0.574044
vt 0.212736 0.554778
vt 0.227846 0.580511
vt 0.164793 0.559186
vt 0.172308 0.539853
vt 0.185928 0.566346
vt 0.152412 0.533279
vt 0.145985 0.552595
vt 0.598855 0.374415
vt 0.612963 0.332712
vt 0.590161 0.318950
vt 0.609389 0.259259
vt 0.632424 0.272527
vt 0.644049 0.238325
vt 0.631609 0.191759
vt 0.620665 0.225461
vt 0.655108 0.203993
vt 0.678996 0.216572
vt 0.694771 0.166573
vt 0.667059 0.169357
vt 0.650569 0.097881
vt 0.643095 0.157398
vt 0.129485 0.602394
vt 0.116689 0.645454
vt 0.135054 0.641108
vt 0.148971 0.667360
vt 0.153299 0.646418
vt 0.178417 0.670957
vt 0.176075 0.651542
vt 0.201178 0.639060
vt 0.204254 0.673468
vt 0.216721 0.675047
vt 0.219345 0.659565
vt 0.231728 0.648168
vt 0.218318 0.644448
vt 0.671438 0.673589
vt 0.659569 0.690535
vt 0.606405 0.692106
vt 0.618274 0.675159
vt 0.777765 0.670447
vt 0.761254 0.689065
vt 0.712732 0.688965
vt 0.724602 0.672018
vt 0.884092 0.667306
vt 0.872223 0.684252
vt 0.814417 0.687494
vt 0.830929 0.668876
vt 0.415408 0.693261
vt 0.437848 0.705446
vt 0.377352 0.712838
vt 0.401072 0.717699
vt 0.376389 0.696434
vt 0.459414 0.710584
vt 0.463304 0.692039
vt 0.425959 0.724626
vt 0.447427 0.730567
vt 0.479110 0.699798
vt 0.495326 0.731537
vt 0.493555 0.716319
vt 0.469420 0.737567
vt 0.490799 0.743875
vt 0.474444 0.719007
vt 0.513406 0.751193
vt 0.531896 0.757722
vt 0.528251 0.721532
vt 0.581360 0.170577
vt 0.555460 0.212643
vt 0.544001 0.246304
vt 0.549816 0.294691
vt 0.532091 0.278028
vt 0.520243 0.312068
vt 0.061590 0.710823
vt 0.100856 0.697936
vt 0.126492 0.691566
vt 0.146014 0.692510
vt 0.172289 0.694574
vt 0.199607 0.694565
vt 0.233176 0.696303
vt 0.220238 0.695340
vt 0.695469 0.652563
vt 0.642306 0.654134
vt 0.784872 0.650476
vt 0.731708 0.652046
vt 0.898305 0.627364
vt 0.891199 0.647335
vt 0.838035 0.648905
vt 0.398003 0.736574
vt 0.375144 0.730929
vt 0.441768 0.750721
vt 0.414641 0.761329
vt 0.421064 0.763784
vt 0.420540 0.744325
vt 0.483497 0.765847
vt 0.475165 0.786962
vt 0.462762 0.758498
vt 0.523574 0.780643
vt 0.496083 0.796128
vt 0.505219 0.773981
vt 0.576398 0.074686
vt 0.553614 0.061928
vt 0.536283 0.110137
vt 0.556427 0.134937
vt 0.537022 0.194744
vt 0.516768 0.170484
vt 0.505479 0.204489
vt 0.514613 0.261584
vt 0.525661 0.228344
vt 0.494180 0.238393
vt 0.473598 0.214551
vt 0.454276 0.273691
vt 0.481797 0.272273
vt 0.498604 0.346174
vt 0.502699 0.295168
vt 0.265660 0.908115
vt 0.267314 0.925363
vt 0.277096 0.915042
vt 0.282520 0.901936
vt 0.301759 0.890038
vt 0.297130 0.906837
vt 0.315507 0.891714
vt 0.422411 0.799624
vt 0.399505 0.818518
vt 0.391717 0.812206
vt 0.427682 0.789073
vt 0.440814 0.784124
vt 0.427605 0.783082
vt 0.427891 0.746883
vt 0.424418 0.769201
vt 0.425559 0.768464
vt 0.420246 0.765077
vt 0.428622 0.777012
vt 0.428700 0.772974
vt 0.427832 0.773835
vt 0.453616 0.625905
vt 0.411466 0.683221
vt 0.424815 0.680241
vt 0.452293 0.674815
vt 0.472323 0.646600
vt 0.422153 0.620748
vt 0.440871 0.634235
vt 0.449376 0.635082
vt 0.444812 0.624907
vt 0.457748 0.635908
vt 0.457794 0.645881
vt 0.457344 0.656524
vt 0.433786 0.677348
vt 0.434366 0.669599
vt 0.427100 0.767565
vt 0.406628 0.812042
vt 0.401363 0.807079
vt 0.284180 0.934246
vt 0.796843 0.200767
vt 0.440667 0.315629
vt 0.467064 0.335237
vt 0.484974 0.180294
vt 0.530836 0.049224
vt 0.542126 0.787839
vt 0.549963 0.763749
vt 0.575854 0.676421
vt 0.589148 0.656039
vt 0.229110 0.676073
vt 0.131106 0.664282
vt 0.079723 0.697912
vt 0.537607 0.326721
vt 0.577547 0.144496
vt 0.607347 0.128136
vt 0.618384 0.086399
vt 0.539395 0.732785
vt 0.552456 0.738116
vt 0.569347 0.727140
vt 0.400989 0.700538
vt 0.374713 0.679429
vt 0.392867 0.681513
vt 0.744743 0.707683
vt 0.860353 0.701199
vt 0.802548 0.704441
vt 0.647699 0.707482
vt 0.696221 0.707582
vt 0.564042 0.709971
vt 0.569948 0.693196
vt 0.594536 0.709053
vt 0.201734 0.656439
vt 0.230374 0.661058
vt 0.687509 0.110128
vt 0.667602 0.251347
vt 0.621954 0.385172
vt 0.128905 0.551127
vt 0.139780 0.572114
vt 0.113949 0.548260
vt 0.123599 0.565735
vt 0.111490 0.560880
vt 0.107454 0.559261
vt 0.269425 0.592783
vt 0.934395 0.734082
vt 0.909668 0.755545
vt 0.413685 0.649787
vt 0.499448 0.661760
vt 0.529820 0.617006
vt 0.131689 0.568924
vt 0.115526 0.562498
vt 0.208491 0.621224
vt 0.918433 0.700495
vt 0.926414 0.717288
vt 0.889393 0.700847
vt 0.412165 0.665352
vt 0.456284 0.661143
vt 0.647167 0.389242
vt 0.686893 0.275400
vt 0.701154 0.250267
vt 0.539430 0.602993
vt 0.565867 0.604991
vt 0.577679 0.620093
vt 0.573977 0.573914
vt 0.270369 0.536849
vt 0.567142 0.825659
vt 0.187536 0.502052
vt 0.116580 0.499478
vt 0.716715 0.399604
vt 0.579209 0.555108
vt 0.583815 0.535818
vt 0.419312 0.552056
vt 0.395417 0.532226
vt 0.419280 0.531151
vt 0.730419 0.854115
vt 0.836735 0.850305
vt 0.783577 0.852210
vt 0.624105 0.857925
vt 0.677262 0.856020
vt 0.573605 0.859021
vt 0.570374 0.842340
vt 0.587364 0.858804
vt 0.252608 0.513037
vt 0.273374 0.522111
vt 0.140104 0.432477
vt 0.129012 0.452429
vt 0.429864 0.890219
vt 0.457405 0.932704
vt 0.376644 0.925770
vt 0.384169 0.931352
vt 0.398281 0.951216
vt 0.404238 0.860720
vt 0.366183 0.905364
vt 0.325930 0.919670
vt 0.369168 0.921878
vt 0.355707 0.927803
vt 0.323871 0.943054
vt 0.356536 0.943006
vt 0.355006 0.957087
vt 0.384636 0.837544
vt 0.355469 0.872401
vt 0.367318 0.820350
vt 0.345599 0.847006
vt 0.832534 0.512712
vt 0.879717 0.511021
vt 0.926899 0.509330
vt 0.946123 0.527527
vt 0.965347 0.545725
vt 0.314153 0.841138
vt 0.301395 0.858609
vt 0.289024 0.869698
vt 0.737805 0.516107
vt 0.785170 0.514409
vt 0.649474 0.561325
vt 0.646093 0.540420
vt 0.239088 0.841932
vt 0.238929 0.932527
vt 0.093798 0.865455
vt 0.116246 0.898081
vt 0.145543 0.927700
vt 0.170363 0.943038
vt 0.194972 0.955529
vt 0.321208 0.195416
vt 0.223136 0.968152
vt 0.382028 0.093811
vt 0.348990 0.100794
vt 0.286901 0.968831
vt 0.435417 0.023827
vt 0.405269 0.028197
vt 0.358394 0.049536
vt 0.354510 0.058538
vt 0.354045 0.971188
vt 0.552211 0.418314
vt 0.539320 0.400540
vt 0.524606 0.384308
vt 0.508147 0.370953
vt 0.478626 0.354879
vt 0.442254 0.337880
vt 0.818657 0.270696
vt 0.838194 0.295835
vt 0.893214 0.189873
vt 0.863437 0.191927
vt 0.792887 0.334946
vt 0.478356 0.389366
vt 0.801253 0.457651
vt 0.193919 0.378052
vt 0.175313 0.398665
vt 0.470416 0.432676
vt 0.466871 0.402375
vt 0.444921 0.385042
vt 0.436055 0.456196
vt 0.432138 0.468173
vt 0.434129 0.385784
vt 0.920071 0.880514
vt 0.913386 0.901852
vt 0.906702 0.923189
vt 0.430916 0.508101
vt 0.911560 0.939814
vt 0.798400 0.943792
vt 0.391693 0.434847
vt 0.396292 0.398373
vt 0.512278 0.504125
vt 0.574315 0.465428
vt 0.332520 0.437549
vt 0.750642 0.330783
vt 0.156971 0.415000
vt 0.314578 0.444637
vt 0.294959 0.429706
vt 0.320194 0.379150
vt 0.285401 0.492488
vt 0.306266 0.517415
vt 0.286448 0.510651
vt 0.276145 0.406067
vt 0.331953 0.360312
vt 0.921716 0.847109
vt 0.931561 0.863505
vt 0.889893 0.848400
vt 0.257542 0.376595
vt 0.289505 0.356290
vt 0.331767 0.340681
vt 0.455263 0.522311
vt 0.432713 0.519655
vt 0.239341 0.339601
vt 0.283432 0.323859
vt 0.371991 0.325622
vt 0.336488 0.323283
vt 0.584212 0.513996
vt 0.829845 0.462761
vt 0.876599 0.467548
vt 0.943678 0.374417
vt 0.916081 0.429302
vt 0.889780 0.344167
vt 0.948930 0.359008
vt 0.954189 0.343576
vt 0.946557 0.339482
vt 0.933821 0.207479
vt 0.912414 0.201910
vt 0.954468 0.215884
vt 0.501281 0.050719
vt 0.046748 0.774251
vt 0.059457 0.807447
vt 0.945442 0.583915
vt 0.921873 0.605639
vt 0.396491 0.779899
vt 0.377080 0.787662
vt 0.407521 0.771499
vt 0.442214 0.823969
vt 0.525815 0.842013
vt 0.074721 0.837707
vt 0.955394 0.564820
vt 0.374211 0.801598
vt 0.500594 0.891098
vt 0.428486 0.332732
vt 0.414748 0.330441
vt 0.401379 0.327218
vt 0.379511 0.325777
vt 0.387030 0.326064
vt 0.355971 0.986436
vt 0.405364 0.964749
s 1
usemtl Cave_Material.012
f 3/1/1 263/2/2 246/3/3
f 28/4/4 239/5/5 246/3/3
f 28/4/4 247/6/6 248/7/7
f 6/8/8 250/9/9 248/7/7
f 6/8/8 265/10/10 700/11/11
f 130/12/12 701/13/13 700/11/11
f 7/14/14 266/15/15 251/16/16
f 26/17/17 703/18/18 251/16/16
f 10/19/19 705/20/20 253/21/21
f 10/19/19 253/21/21 268/22/22
f 12/23/23 707/24/24 706/25/25
f 12/23/23 706/25/25 272/26/26
f 13/27/27 255/28/28 708/29/29
f 13/27/27 708/29/29 274/30/30
f 25/31/31 254/32/32 256/33/33
f 13/34/27 275/35/34 255/36/28
f 24/37/35 257/38/36 710/39/37
f 14/40/38 277/41/39 258/42/40
f 113/43/41 711/44/42 460/45/43
f 16/46/44 281/47/45 712/48/46
f 109/49/47 714/50/48 453/51/49
f 19/52/50 283/53/51 715/54/52
f 110/55/53 713/56/54 695/57/55
f 110/55/53 695/57/55 696/58/56
f 1/59/57 259/60/58 260/61/59
f 101/62/60 716/63/61 717/64/62
f 101/62/60 717/64/62 697/65/63
f 3/66/1 240/67/64 697/65/63
f 4/68/65 719/69/66 262/70/67
f 5/71/68 263/2/2 262/70/67
f 5/71/68 720/72/69 721/73/70
f 207/74/71 722/75/72 721/73/70
f 207/74/71 909/76/73 908/77/74
f 9/78/75 902/79/76 725/80/77
f 9/78/75 269/81/78 267/82/79
f 7/14/14 724/83/80 267/82/79
f 11/84/81 273/85/82 271/86/83
f 11/84/81 271/86/83 270/87/84
f 201/88/85 728/89/86 727/90/87
f 201/88/85 727/90/87 726/91/88
f 199/92/89 730/93/90 729/94/91
f 199/92/89 729/94/91 662/95/92
f 13/34/27 276/96/93 275/35/34
f 199/97/89 731/98/94 730/99/90
f 14/40/38 278/100/95 277/41/39
f 15/101/96 280/102/97 279/103/98
f 16/46/44 732/104/99 281/47/45
f 17/105/100 733/106/101 282/107/102
f 19/52/50 698/108/103 283/53/51
f 195/109/104 651/110/105 734/111/106
f 18/112/107 699/113/108 242/114/109
f 18/112/107 242/114/109 241/115/110
f 21/116/111 285/117/112 286/118/113
f 22/119/114 287/120/115 288/121/116
f 23/122/117 243/123/118 244/124/119
f 3/66/1 245/125/120 244/124/119
f 41/126/121 293/127/122 294/128/123
f 39/129/124 295/130/125 292/131/126
f 43/132/127 297/133/128 298/134/129
f 41/126/121 297/133/128 293/127/122
f 29/135/130 301/136/131 753/137/132
f 29/135/130 302/138/133 301/136/131
f 47/139/134 304/140/135 305/141/136
f 47/139/134 306/142/137 304/140/135
f 48/143/138 307/144/139 308/145/140
f 42/146/141 300/147/142 308/145/140
f 94/148/143 745/149/144 736/150/145
f 94/148/143 746/151/146 745/149/144
f 47/139/134 311/152/147 423/153/148
f 54/154/149 422/155/150 423/153/148
f 48/143/138 312/156/151 313/157/152
f 50/158/153 311/152/147 313/157/152
f 94/148/143 737/159/154 749/160/155
f 51/161/156 312/156/151 749/160/155
f 45/162/157 383/163/158 755/164/159
f 139/165/160 558/166/161 755/164/159
f 139/165/160 757/167/162 758/168/163
f 55/169/164 316/170/165 425/171/166
f 50/172/153 426/173/167 425/171/166
f 51/174/156 427/175/168 428/176/169
f 56/177/170 426/173/167 428/176/169
f 57/178/171 427/175/168 429/179/172
f 30/180/173 417/181/174 429/179/172
f 53/182/175 759/183/176 758/168/163
f 53/182/175 393/184/177 331/185/178
f 138/186/179 760/187/180 331/185/178
f 58/188/181 404/189/182 761/190/183
f 220/191/184 763/192/185 761/190/183
f 60/193/186 323/194/187 324/195/188
f 56/177/170 325/196/189 324/195/188
f 61/197/190 325/196/189 327/198/191
f 57/178/171 328/199/192 327/198/191
f 62/200/193 328/199/192 330/201/194
f 31/202/195 738/203/196 330/201/194
f 64/204/197 766/205/198 765/206/199
f 64/204/197 765/206/199 406/207/200
f 69/208/201 768/209/202 767/210/203
f 69/208/201 767/210/203 418/211/204
f 73/212/205 771/213/206 769/214/207
f 65/215/208 333/216/209 334/217/210
f 61/197/190 335/218/211 334/217/210
f 62/200/193 337/219/212 329/220/213
f 66/221/214 337/219/212 338/222/215
f 82/223/216 739/224/217 762/225/218
f 67/226/219 339/227/220 762/225/218
f 73/212/205 769/214/207 420/228/221
f 680/229/222 935/230/223 360/231/224
f 73/232/205 421/233/225 771/234/206
f 137/235/226 359/236/227 773/237/228
f 77/238/229 430/239/230 360/231/224
f 165/240/231 774/241/232 777/242/233
f 70/243/234 341/244/235 342/245/236
f 66/221/214 343/246/237 342/245/236
f 71/247/238 343/246/237 345/248/239
f 67/226/219 346/249/240 345/248/239
f 72/250/241 346/249/240 348/251/242
f 32/252/243 289/253/244 348/251/242
f 81/254/245 437/255/246 775/256/247
f 38/257/248 370/258/249 372/259/250
f 87/260/251 439/261/252 371/262/253
f 136/263/254 369/264/255 310/265/256
f 74/266/257 350/267/258 351/268/259
f 70/243/234 344/269/260 352/270/261
f 75/271/262 353/272/263 354/273/264
f 71/247/238 347/274/265 355/275/266
f 76/276/267 356/277/268 357/278/269
f 72/279/241 349/280/270 358/281/271
f 45/282/157 750/283/272 748/284/273
f 49/285/274 744/286/275 382/287/276
f 78/288/277 361/289/278 362/290/279
f 75/271/262 363/291/280 362/290/279
f 79/292/281 363/291/280 365/293/282
f 76/294/267 366/295/283 365/293/282
f 80/296/284 366/297/283 368/298/285
f 34/299/286 740/300/287 368/298/285
f 52/301/288 383/163/158 382/287/276
f 52/301/288 782/302/289 783/303/290
f 36/304/291 784/305/292 783/303/290
f 53/182/175 784/305/292 403/306/293
f 59/307/294 405/308/295 403/306/293
f 83/309/296 373/310/297 374/311/298
f 79/292/281 375/312/299 374/311/298
f 84/313/300 375/312/299 377/314/301
f 80/315/284 378/316/302 377/314/301
f 85/317/303 378/318/302 779/319/304
f 68/320/305 741/321/306 779/319/304
f 35/322/307 786/323/308 785/324/309
f 35/322/307 785/324/309 742/325/310
f 68/320/305 419/326/311 416/327/312
f 68/320/305 416/327/312 741/321/306
f 34/299/286 790/328/313 788/329/314
f 34/299/286 788/329/314 740/300/287
f 89/330/315 385/331/316 386/332/317
f 83/309/296 376/333/318 386/332/317
f 89/330/315 387/334/319 388/335/320
f 84/313/300 379/336/321 389/337/322
f 90/338/323 390/339/324 391/340/325
f 35/322/307 742/325/310 391/340/325
f 33/341/326 793/342/327 791/343/328
f 33/341/326 791/343/328 290/344/329
f 73/232/205 792/345/330 421/233/225
f 33/346/326 289/253/244 793/347/327
f 77/238/229 431/348/95 430/239/230
f 32/252/243 739/224/217 794/349/331
f 91/350/332 394/351/333 395/352/334
f 89/330/315 397/353/335 385/331/316
f 92/354/336 397/353/335 398/355/337
f 90/338/323 400/356/338 388/335/320
f 59/307/294 743/357/339 781/358/340
f 90/338/323 401/359/341 400/356/338
f 81/254/245 795/360/99 437/255/246
f 82/223/216 738/203/196 438/361/102
f 87/260/251 751/362/342 439/261/252
f 31/202/195 417/181/174 796/363/343
f 86/364/344 752/365/345 321/366/346
f 96/367/347 407/368/348 408/369/349
f 92/354/336 410/370/350 395/352/334
f 93/371/351 411/372/352 398/355/337
f 92/354/336 412/373/353 410/370/350
f 36/304/291 291/374/354 402/375/355
f 93/371/351 414/376/356 411/372/352
f 86/364/344 321/366/346 320/377/357
f 943/378/358 440/379/359 797/380/360
f 29/135/130 753/137/132 754/381/361
f 45/282/157 322/382/362 754/381/361
f 97/383/363 433/384/364 408/369/349
f 96/367/347 434/385/365 432/386/366
f 98/387/367 435/388/368 413/389/369
f 97/383/363 436/390/370 433/384/364
f 37/391/371 744/286/275 415/392/372
f 98/387/367 787/393/373 435/388/368
f 133/394/374 532/395/375 535/396/376
f 99/397/377 441/398/378 535/396/376
f 936/399/379 441/400/378 442/401/380
f 100/402/381 512/403/382 442/401/380
f 135/404/383 512/403/382 514/405/384
f 101/62/60 718/406/385 514/405/384
f 102/407/386 445/408/387 524/409/388
f 99/410/377 445/411/387 446/412/389
f 103/413/390 448/414/391 446/412/389
f 100/402/381 448/414/391 799/415/392
f 1/59/57 716/63/61 799/415/392
f 114/416/393 525/417/394 524/409/388
f 104/418/395 515/419/396 449/420/397
f 102/421/386 516/422/398 447/423/399
f 107/424/400 518/425/401 517/426/402
f 1/59/57 800/427/403 801/428/404
f 105/429/405 519/430/406 801/428/404
f 106/431/407 451/432/408 520/433/409
f 104/418/395 525/417/394 520/433/409
f 108/434/410 521/435/411 452/436/412
f 106/431/407 522/437/413 451/432/408
f 109/49/47 453/51/49 454/438/414
f 108/434/410 455/439/415 521/435/411
f 111/440/416 456/441/417 463/442/418
f 112/443/419 457/444/420 458/445/421
f 111/440/416 459/446/422 456/441/417
f 113/43/41 460/45/43 461/447/423
f 112/443/419 462/448/424 457/444/420
f 115/449/425 464/450/426 465/451/427
f 111/440/416 464/450/426 458/445/421
f 115/449/425 467/452/428 466/453/429
f 24/37/35 710/39/37 802/454/430
f 116/455/431 469/456/432 468/457/433
f 528/458/434 933/459/435 527/460/436
f 117/461/437 470/462/438 529/463/439
f 115/449/425 470/462/438 467/452/428
f 118/464/440 472/465/441 473/466/442
f 25/31/31 256/33/33 803/467/443
f 118/464/440 804/468/444 472/465/441
f 119/469/445 474/470/446 530/471/447
f 120/472/448 475/473/449 476/474/450
f 117/461/437 474/470/446 476/474/450
f 121/475/451 709/476/452 478/477/453
f 118/478/440 475/479/449 478/477/453
f 119/469/445 530/471/447 480/480/454
f 120/472/448 481/481/455 482/482/456
f 120/472/448 477/483/457 481/481/455
f 121/475/451 484/484/458 485/485/459
f 121/475/451 479/486/460 484/484/458
f 126/487/461 487/488/462 488/489/463
f 123/490/464 490/491/465 491/492/466
f 126/487/461 490/491/465 487/488/462
f 124/493/467 493/494/468 704/495/469
f 124/493/467 486/496/470 493/494/468
f 125/497/471 527/460/436 683/498/472
f 683/498/472 932/499/473 488/489/463
f 126/487/461 495/500/474 496/501/475
f 129/502/476 498/503/477 496/501/475
f 127/504/478 498/503/477 499/505/479
f 130/12/12 703/18/18 499/505/479
f 114/416/393 532/395/375 533/506/480
f 931/507/481 531/508/482 226/509/483
f 128/510/484 501/511/485 502/512/486
f 132/513/487 504/514/488 502/512/486
f 129/502/476 504/514/488 806/515/489
f 27/516/490 701/13/13 806/515/489
f 134/517/491 509/518/492 507/519/493
f 132/513/487 509/518/492 808/520/494
f 28/4/4 249/521/495 808/520/494
f 135/522/383 511/523/496 510/524/497
f 134/517/491 511/523/496 811/525/498
f 2/526/499 239/5/5 811/525/498
f 141/527/500 561/528/501 815/529/502
f 38/257/248 372/259/250 815/529/502
f 38/257/248 816/530/503 817/531/504
f 143/532/505 542/533/506 817/531/504
f 143/532/505 563/534/507 818/535/508
f 137/235/226 773/237/228 818/535/508
f 144/536/509 564/537/510 820/538/511
f 221/539/512 680/229/222 820/538/511
f 146/540/513 543/541/514 822/542/515
f 146/540/513 822/542/515 565/543/516
f 148/544/517 546/545/518 544/546/519
f 148/544/517 544/546/519 567/547/520
f 150/548/521 550/549/522 547/550/523
f 150/548/521 547/550/523 571/551/524
f 763/192/185 930/552/525 824/553/526
f 150/554/521 573/555/527 550/556/522
f 138/186/179 823/557/528 760/187/180
f 151/558/529 575/559/530 824/553/526
f 161/560/531 552/561/532 554/562/533
f 153/563/534 579/564/535 553/565/536
f 139/165/160 556/566/537 558/166/161
f 156/567/538 581/568/539 557/569/540
f 160/570/541 555/571/542 536/572/543
f 160/570/541 536/572/543 780/573/544
f 140/574/545 559/575/546 560/576/547
f 140/574/545 560/576/547 537/577/548
f 141/578/500 812/579/549 537/577/548
f 187/580/550 589/581/551 826/582/552
f 142/583/553 561/528/501 826/582/552
f 142/583/553 827/584/554 828/585/555
f 183/586/556 829/587/557 828/585/555
f 143/532/505 829/587/557 830/588/558
f 181/589/559 831/590/560 830/588/558
f 222/591/561 833/592/562 832/593/563
f 222/591/561 832/593/563 681/594/564
f 147/595/565 568/596/566 566/597/567
f 147/598/565 566/599/567 834/600/568
f 149/601/569 572/602/570 570/603/571
f 227/604/572 690/605/573 569/606/574
f 176/607/575 837/608/576 836/609/577
f 176/607/575 836/609/577 835/610/578
f 150/554/521 574/611/579 573/555/527
f 176/612/575 693/613/580 837/614/576
f 151/558/529 576/615/581 575/559/530
f 152/616/582 578/617/583 577/618/584
f 153/563/534 838/619/585 579/564/535
f 154/620/586 839/621/587 580/622/588
f 156/567/538 813/623/589 581/568/539
f 155/624/590 170/625/591 539/626/592
f 155/624/590 539/626/592 538/627/593
f 158/628/594 585/629/595 586/630/596
f 159/631/597 814/632/598 540/633/599
f 141/578/500 541/634/600 540/633/599
f 191/635/601 172/636/602 593/637/603
f 173/638/604 846/639/605 593/637/603
f 173/638/604 606/640/606 914/641/607
f 235/642/608 918/643/609 914/641/607
f 174/644/610 607/645/611 849/646/612
f 214/647/613 848/648/614 682/649/615
f 177/650/616 852/651/617 851/652/618
f 177/650/616 851/652/618 609/653/619
f 178/654/620 594/655/621 853/656/622
f 178/654/620 853/656/622 611/657/623
f 179/658/624 857/659/625 595/660/626
f 179/658/624 595/660/626 612/661/627
f 216/662/628 856/663/629 638/664/630
f 179/665/624 613/666/631 857/667/625
f 632/668/632 929/669/633 861/670/634
f 180/671/635 615/672/636 859/673/637
f 219/674/638 860/675/639 862/676/640
f 182/677/641 619/678/642 861/670/634
f 194/679/643 654/680/644 652/681/645
f 192/682/646 184/683/647 842/684/648
f 889/685/649 928/686/650 597/687/651
f 167/688/652 597/687/651 598/689/653
f 168/690/654 599/691/655 600/692/656
f 168/690/654 600/692/656 587/693/657
f 172/636/602 604/694/658 863/695/659
f 154/620/586 864/696/660 863/695/659
f 173/638/604 864/696/660 691/697/661
f 176/612/575 610/698/662 608/699/663
f 174/644/610 692/700/664 608/699/663
f 149/601/569 866/701/665 865/702/666
f 149/601/569 865/702/666 835/610/578
f 227/604/572 868/703/86 867/704/667
f 227/604/572 867/704/667 689/705/668
f 147/595/565 870/706/669 869/707/91
f 147/595/565 869/707/91 569/606/574
f 179/665/624 614/708/670 613/666/631
f 614/708/670 927/709/671 681/594/564
f 180/671/635 616/710/95 615/672/636
f 181/589/559 618/711/672 617/712/673
f 182/677/641 620/713/674 619/678/642
f 183/586/556 622/714/675 621/715/102
f 186/716/676 589/581/551 624/717/677
f 184/683/647 590/718/678 843/719/679
f 184/683/647 843/719/679 591/720/680
f 188/721/681 871/722/682 872/723/113
f 189/724/683 625/725/115 873/726/684
f 157/727/685 841/728/686 844/729/687
f 169/730/688 592/731/689 844/729/687
f 166/732/690 880/733/691 881/734/692
f 196/735/693 630/736/694 881/734/692
f 196/735/693 657/737/695 631/738/696
f 218/739/697 632/668/632 631/738/696
f 197/740/698 658/741/699 634/742/700
f 217/743/701 635/744/702 634/742/700
f 200/745/703 639/746/704 637/747/705
f 200/745/703 637/747/705 660/748/706
f 202/749/707 882/750/708 640/751/709
f 202/749/707 640/751/709 664/752/710
f 203/753/711 642/754/712 883/755/713
f 203/753/711 883/755/713 666/756/714
f 682/649/615 926/757/715 645/758/716
f 203/759/711 667/760/717 642/761/712
f 214/647/613 644/762/718 646/763/719
f 204/764/720 669/765/721 645/758/716
f 213/766/722 647/767/723 845/768/724
f 206/769/725 673/770/726 648/771/727
f 209/772/728 677/773/729 886/774/730
f 599/691/655 925/775/731 887/776/732
f 167/688/652 887/776/732 888/777/733
f 193/778/734 889/685/649 649/779/735
f 193/778/734 649/779/735 626/780/736
f 194/679/643 651/110/105 653/781/737
f 880/733/691 655/782/738 890/783/739
f 17/105/100 891/784/740 890/783/739
f 196/735/693 891/784/740 892/785/741
f 15/101/96 893/786/742 892/785/741
f 199/97/89 661/787/743 659/788/744
f 199/97/89 659/788/744 731/98/94
f 201/88/85 665/789/745 663/790/746
f 201/88/85 663/790/746 662/95/92
f 11/84/81 895/791/747 894/792/748
f 11/84/81 894/792/748 726/91/88
f 9/793/75 897/794/749 896/795/750
f 9/793/75 896/795/750 270/87/84
f 203/759/711 668/796/751 667/760/717
f 9/78/75 725/80/77 897/797/749
f 204/764/720 670/798/752 669/765/721
f 205/799/753 672/800/754 671/801/755
f 206/769/725 674/802/756 673/770/726
f 207/74/71 676/803/757 675/804/758
f 209/772/728 875/805/759 677/773/729
f 210/806/760 719/69/66 678/807/761
f 208/808/762 876/809/763 877/810/764
f 208/808/762 877/810/764 628/811/765
f 211/812/766 898/813/767 899/814/768
f 212/815/769 679/816/770 900/817/771
f 20/818/772 735/819/773 878/820/774
f 627/821/775 629/822/776 878/820/774
f 225/823/777 684/824/778 686/825/779
f 225/823/777 686/825/779 687/826/780
f 224/827/781 688/828/782 494/829/783
f 149/601/569 570/603/571 689/705/668
f 6/8/8 722/75/72 723/830/784
f 130/12/12 906/831/785 702/832/786
f 229/833/787 904/834/788 903/835/789
f 204/764/720 910/836/790 670/798/752
f 233/837/791 913/838/792 912/839/793
f 231/840/794 911/841/795 907/842/796
f 152/616/582 916/843/797 691/697/661
f 223/844/798 917/845/799 849/646/612
f 214/647/613 646/763/719 847/846/800
f 173/638/604 922/847/801 606/640/606
f 176/612/575 923/848/802 693/613/580
f 237/849/803 924/850/804 920/851/805
f 924/850/804 238/852/806 916/843/797
f 924/850/804 916/843/797 920/851/805
f 920/851/805 916/843/797 152/616/582
f 923/848/802 237/849/803 920/851/805
f 923/848/802 920/851/805 693/613/580
f 693/613/580 920/851/805 152/616/582
f 922/847/801 238/852/806 921/853/807
f 922/847/801 921/853/807 606/640/606
f 606/640/606 921/853/807 234/854/808
f 646/763/719 213/766/722 918/643/609
f 646/763/719 918/643/609 847/846/800
f 847/846/800 918/643/609 235/642/608
f 917/845/799 236/855/809 915/856/810
f 917/845/799 915/856/810 849/646/612
f 849/646/612 915/856/810 174/644/610
f 916/843/797 238/852/806 922/847/801
f 916/843/797 922/847/801 691/697/661
f 691/697/661 922/847/801 173/638/604
f 911/841/795 232/857/811 913/838/792
f 911/841/795 913/838/792 907/842/796
f 907/842/796 913/838/792 233/837/791
f 913/838/792 232/857/811 672/800/754
f 913/838/792 672/800/754 912/839/793
f 912/839/793 672/800/754 205/799/753
f 910/836/790 232/857/811 909/76/73
f 910/836/790 909/76/73 670/798/752
f 670/798/752 909/76/73 207/74/71
f 904/834/788 207/74/71 908/77/74
f 904/834/788 908/77/74 903/835/789
f 903/835/789 908/77/74 231/840/794
f 906/831/785 230/858/812 905/859/813
f 906/831/785 905/859/813 702/832/786
f 702/832/786 905/859/813 7/14/14
f 722/75/72 207/74/71 904/834/788
f 722/75/72 904/834/788 723/830/784
f 723/830/784 904/834/788 229/833/787
f 570/603/571 146/540/513 690/605/573
f 570/603/571 690/605/573 689/705/668
f 689/705/668 690/605/573 227/604/572
f 688/828/782 226/509/483 531/508/482
f 688/828/782 531/508/482 494/829/783
f 494/829/783 531/508/482 128/510/484
f 686/825/779 226/509/483 688/828/782
f 686/825/779 688/828/782 687/826/780
f 687/826/780 688/828/782 224/827/781
f 684/824/778 114/416/393 685/860/814
f 684/824/778 685/860/814 686/825/779
f 686/825/779 685/860/814 226/509/483
f 780/573/544 694/861/815 160/570/541
f 629/822/776 212/815/769 900/817/771
f 629/822/776 900/817/771 878/820/774
f 878/820/774 900/817/771 20/818/772
f 735/819/773 194/862/643 652/863/645
f 735/819/773 652/863/645 878/820/774
f 878/820/774 652/863/645 627/821/775
f 679/816/770 211/812/766 899/814/768
f 679/816/770 899/814/768 900/817/771
f 900/817/771 899/814/768 20/818/772
f 898/813/767 23/122/117 284/864/816
f 898/813/767 284/864/816 899/814/768
f 899/814/768 284/864/816 20/818/772
f 877/810/764 23/122/117 898/813/767
f 877/810/764 898/813/767 628/811/765
f 628/811/765 898/813/767 211/812/766
f 876/809/763 4/865/65 243/123/118
f 876/809/763 243/123/118 877/810/764
f 877/810/764 243/123/118 23/122/117
f 719/69/66 4/68/65 875/805/759
f 719/69/66 875/805/759 678/807/761
f 678/807/761 875/805/759 209/772/728
f 875/805/759 4/68/65 876/866/763
f 875/805/759 876/866/763 677/773/729
f 677/773/729 876/866/763 208/867/762
f 676/803/757 210/806/760 674/802/756
f 676/803/757 674/802/756 675/804/758
f 675/804/758 674/802/756 206/769/725
f 674/802/756 210/806/760 678/807/761
f 674/802/756 678/807/761 673/770/726
f 673/770/726 678/807/761 209/772/728
f 672/800/754 232/857/811 910/836/790
f 672/800/754 910/836/790 671/801/755
f 671/801/755 910/836/790 204/764/720
f 670/798/752 207/74/71 675/804/758
f 670/798/752 675/804/758 669/765/721
f 669/765/721 675/804/758 206/769/725
f 725/80/77 205/799/753 668/796/751
f 725/80/77 668/796/751 897/797/749
f 897/797/749 668/796/751 203/759/711
f 668/796/751 205/799/753 671/801/755
f 668/796/751 671/801/755 667/760/717
f 667/760/717 671/801/755 204/764/720
f 896/795/750 202/749/707 895/791/747
f 896/795/750 895/791/747 270/87/84
f 270/87/84 895/791/747 11/84/81
f 897/794/749 203/753/711 666/756/714
f 897/794/749 666/756/714 896/795/750
f 896/795/750 666/756/714 202/749/707
f 894/792/748 200/745/703 665/789/745
f 894/792/748 665/789/745 726/91/88
f 726/91/88 665/789/745 201/88/85
f 895/791/747 202/749/707 664/752/710
f 895/791/747 664/752/710 894/792/748
f 894/792/748 664/752/710 200/745/703
f 663/790/746 198/868/817 661/869/743
f 663/790/746 661/869/743 662/95/92
f 662/95/92 661/869/743 199/92/89
f 665/789/745 200/745/703 660/748/706
f 665/789/745 660/748/706 663/790/746
f 663/790/746 660/748/706 198/868/817
f 659/788/744 197/740/698 893/786/742
f 659/788/744 893/786/742 731/98/94
f 731/98/94 893/786/742 15/101/96
f 661/787/743 198/870/817 658/741/699
f 661/787/743 658/741/699 659/788/744
f 659/788/744 658/741/699 197/740/698
f 893/786/742 197/740/698 657/737/695
f 893/786/742 657/737/695 892/785/741
f 892/785/741 657/737/695 196/735/693
f 891/784/740 17/105/100 280/102/97
f 891/784/740 280/102/97 892/785/741
f 892/785/741 280/102/97 15/101/96
f 891/784/740 196/735/693 656/871/818
f 891/784/740 656/871/818 890/783/739
f 890/783/739 656/871/818 880/733/691
f 655/782/738 195/109/104 733/106/101
f 655/782/738 733/106/101 890/783/739
f 890/783/739 733/106/101 17/105/100
f 653/781/737 654/680/644 194/679/643
f 651/110/105 195/109/104 655/782/738
f 655/782/738 596/872/819 651/110/105
f 627/821/775 192/682/646 650/873/820
f 627/821/775 650/873/820 626/780/736
f 626/780/736 650/873/820 193/778/734
f 649/779/735 212/815/769 629/822/776
f 649/779/735 629/822/776 626/780/736
f 626/780/736 629/822/776 627/821/775
f 889/685/649 167/688/652 888/777/733
f 889/685/649 888/777/733 649/779/735
f 649/779/735 888/777/733 212/815/769
f 887/776/732 211/812/766 679/816/770
f 887/776/732 679/816/770 888/777/733
f 888/777/733 679/816/770 212/815/769
f 925/775/731 874/874/821 211/812/766
f 601/875/822 884/876/823 874/874/821
f 168/690/654 601/875/822 925/775/731
f 884/876/823 208/808/762 628/811/765
f 884/876/823 628/811/765 874/874/821
f 874/874/821 628/811/765 211/812/766
f 677/773/729 208/867/762 885/877/824
f 677/773/729 885/877/824 886/774/730
f 945/878/825 208/867/762 884/879/823
f 673/770/726 209/772/728 647/767/723
f 673/770/726 647/767/723 648/771/727
f 648/771/727 647/767/723 213/766/722
f 647/767/723 209/772/728 886/774/730
f 647/767/723 886/774/730 845/768/724
f 845/768/724 886/774/730 191/635/601
f 669/765/721 206/769/725 644/762/718
f 669/765/721 644/762/718 645/758/716
f 645/758/716 644/762/718 214/647/613
f 644/762/718 206/769/725 648/771/727
f 644/762/718 648/771/727 646/763/719
f 646/763/719 648/771/727 213/766/722
f 667/760/717 204/764/720 641/880/826
f 667/760/717 641/880/826 642/761/712
f 642/761/712 641/880/826 215/881/827
f 926/757/715 641/880/826 204/764/720
f 643/882/828 215/881/827 641/880/826
f 223/844/798 643/882/828 926/757/715
f 883/755/713 190/883/829 882/750/708
f 883/755/713 882/750/708 666/756/714
f 666/756/714 882/750/708 202/749/707
f 642/754/712 215/884/827 854/885/830
f 642/754/712 854/885/830 883/755/713
f 883/755/713 854/885/830 190/883/829
f 640/751/709 216/886/628 639/746/704
f 640/751/709 639/746/704 664/752/710
f 664/752/710 639/746/704 200/745/703
f 882/750/708 190/883/829 855/887/831
f 882/750/708 855/887/831 640/751/709
f 640/751/709 855/887/831 216/886/628
f 637/747/705 217/888/701 636/889/832
f 637/747/705 636/889/832 660/748/706
f 660/748/706 636/889/832 198/868/817
f 639/746/704 216/886/628 638/890/630
f 639/746/704 638/890/630 637/747/705
f 637/747/705 638/890/630 217/888/701
f 635/744/702 218/739/697 633/891/833
f 635/744/702 633/891/833 634/742/700
f 634/742/700 633/891/833 197/740/698
f 658/741/699 198/870/817 636/892/832
f 658/741/699 636/892/832 634/742/700
f 634/742/700 636/892/832 217/743/701
f 632/668/632 219/674/638 630/736/694
f 632/668/632 630/736/694 631/738/696
f 631/738/696 630/736/694 196/735/693
f 657/737/695 197/740/698 633/891/833
f 657/737/695 633/891/833 631/738/696
f 631/738/696 633/891/833 218/739/697
f 630/736/694 219/674/638 862/676/640
f 630/736/694 862/676/640 881/734/692
f 881/734/692 862/676/640 166/732/690
f 880/733/691 656/871/818 881/734/692
f 881/734/692 656/871/818 196/735/693
f 592/731/689 189/724/683 873/726/684
f 592/731/689 873/726/684 844/729/687
f 844/729/687 873/726/684 157/727/685
f 841/728/686 170/625/591 603/893/834
f 841/728/686 603/893/834 844/729/687
f 844/729/687 603/893/834 169/730/688
f 625/725/115 188/721/681 872/723/113
f 625/725/115 872/723/113 873/726/684
f 873/726/684 872/723/113 157/727/685
f 871/722/682 159/631/597 582/894/835
f 871/722/682 582/894/835 872/723/113
f 872/723/113 582/894/835 157/727/685
f 843/719/679 159/631/597 871/722/682
f 843/719/679 871/722/682 591/720/680
f 591/720/680 871/722/682 188/721/681
f 590/718/678 187/895/550 814/632/598
f 590/718/678 814/632/598 843/719/679
f 843/719/679 814/632/598 159/631/597
f 589/581/551 187/580/550 588/896/836
f 589/581/551 588/896/836 624/717/677
f 624/717/677 588/896/836 185/897/837
f 588/896/836 187/580/550 590/898/678
f 588/896/836 590/898/678 623/899/838
f 944/900/839 590/898/678 184/901/647
f 622/714/675 186/716/676 620/713/674
f 622/714/675 620/713/674 621/715/102
f 621/715/102 620/713/674 182/677/641
f 620/713/674 186/716/676 624/717/677
f 620/713/674 624/717/677 619/678/642
f 619/678/642 624/717/677 185/897/837
f 618/711/672 183/586/556 616/710/95
f 618/711/672 616/710/95 617/712/673
f 617/712/673 616/710/95 180/671/635
f 616/710/95 183/586/556 621/715/102
f 616/710/95 621/715/102 615/672/636
f 615/672/636 621/715/102 182/677/641
f 927/709/671 834/600/568 222/591/561
f 147/598/565 834/600/568 927/709/671
f 870/902/669 927/709/671 614/708/670
f 614/708/670 181/589/559 617/712/673
f 614/708/670 617/712/673 613/666/631
f 613/666/631 617/712/673 180/671/635
f 869/707/91 178/654/620 868/703/86
f 869/707/91 868/703/86 569/606/574
f 569/606/574 868/703/86 227/604/572
f 870/706/669 179/658/624 612/661/627
f 870/706/669 612/661/627 869/707/91
f 869/707/91 612/661/627 178/654/620
f 867/704/667 177/650/616 866/701/665
f 867/704/667 866/701/665 689/705/668
f 689/705/668 866/701/665 149/601/569
f 868/703/86 178/654/620 611/657/623
f 868/703/86 611/657/623 867/704/667
f 867/704/667 611/657/623 177/650/616
f 865/702/666 175/903/840 610/904/662
f 865/702/666 610/904/662 835/610/578
f 835/610/578 610/904/662 176/607/575
f 866/701/665 177/650/616 609/653/619
f 866/701/665 609/653/619 865/702/666
f 865/702/666 609/653/619 175/903/840
f 692/700/664 237/849/803 923/848/802
f 692/700/664 923/848/802 608/699/663
f 608/699/663 923/848/802 176/612/575
f 610/698/662 175/905/840 607/645/611
f 610/698/662 607/645/611 608/699/663
f 608/699/663 607/645/611 174/644/610
f 864/696/660 154/620/586 578/617/583
f 864/696/660 578/617/583 691/697/661
f 691/697/661 578/617/583 152/616/582
f 864/696/660 173/638/604 605/906/841
f 864/696/660 605/906/841 863/695/659
f 863/695/659 605/906/841 172/636/602
f 604/694/658 171/907/842 839/621/587
f 604/694/658 839/621/587 863/695/659
f 863/695/659 839/621/587 154/620/586
f 169/730/688 884/876/823 601/875/822
f 169/730/688 601/875/822 587/693/657
f 587/693/657 601/875/822 168/690/654
f 600/692/656 189/724/683 592/731/689
f 600/692/656 592/731/689 587/693/657
f 587/693/657 592/731/689 169/730/688
f 599/691/655 167/688/652 598/689/653
f 599/691/655 598/689/653 600/692/656
f 600/692/656 598/689/653 189/724/683
f 597/687/651 188/721/681 625/725/115
f 597/687/651 625/725/115 598/689/653
f 598/689/653 625/725/115 189/724/683
f 928/686/650 842/684/648 188/721/681
f 650/873/820 192/682/646 842/684/648
f 193/778/734 650/873/820 928/686/650
f 184/683/647 591/720/680 842/684/648
f 842/684/648 591/720/680 188/721/681
f 185/897/837 588/896/836 623/908/838
f 623/899/838 590/898/678 879/909/843
f 651/110/105 596/872/819 653/781/737
f 879/909/843 590/898/678 944/900/839
f 619/678/642 185/897/837 860/675/639
f 619/678/642 860/675/639 861/670/634
f 861/670/634 860/675/639 219/674/638
f 860/675/639 185/897/837 166/732/690
f 860/675/639 166/732/690 862/676/640
f 615/672/636 182/677/641 858/910/844
f 615/672/636 858/910/844 859/673/637
f 859/673/637 858/910/844 217/743/701
f 929/669/633 858/910/844 182/677/641
f 635/744/702 217/743/701 858/910/844
f 218/739/697 635/744/702 929/669/633
f 613/666/631 180/671/635 856/663/629
f 613/666/631 856/663/629 857/667/625
f 857/667/625 856/663/629 216/662/628
f 856/663/629 180/671/635 859/673/637
f 856/663/629 859/673/637 638/664/630
f 638/664/630 859/673/637 217/743/701
f 595/660/626 190/883/829 594/655/621
f 595/660/626 594/655/621 612/661/627
f 612/661/627 594/655/621 178/654/620
f 857/659/625 216/886/628 855/887/831
f 857/659/625 855/887/831 595/660/626
f 595/660/626 855/887/831 190/883/829
f 853/656/622 215/884/827 852/651/617
f 853/656/622 852/651/617 611/657/623
f 611/657/623 852/651/617 177/650/616
f 594/655/621 190/883/829 854/885/830
f 594/655/621 854/885/830 853/656/622
f 853/656/622 854/885/830 215/884/827
f 851/652/618 223/911/798 850/912/845
f 851/652/618 850/912/845 609/653/619
f 609/653/619 850/912/845 175/903/840
f 852/651/617 215/884/827 643/913/828
f 852/651/617 643/913/828 851/652/618
f 851/652/618 643/913/828 223/911/798
f 848/648/614 236/855/809 917/845/799
f 848/648/614 917/845/799 682/649/615
f 682/649/615 917/845/799 223/844/798
f 607/645/611 175/905/840 850/914/845
f 607/645/611 850/914/845 849/646/612
f 849/646/612 850/914/845 223/844/798
f 918/643/609 213/766/722 846/639/605
f 918/643/609 846/639/605 914/641/607
f 914/641/607 846/639/605 173/638/604
f 606/640/606 234/854/808 919/915/846
f 606/640/606 919/915/846 914/641/607
f 914/641/607 919/915/846 235/642/608
f 846/639/605 213/766/722 845/768/724
f 846/639/605 845/768/724 593/637/603
f 593/637/603 845/768/724 191/635/601
f 172/636/602 605/906/841 593/637/603
f 593/637/603 605/906/841 173/638/604
f 541/634/600 158/628/594 586/630/596
f 541/634/600 586/630/596 540/633/599
f 540/633/599 586/630/596 159/631/597
f 814/632/598 187/895/550 825/916/847
f 814/632/598 825/916/847 540/633/599
f 540/633/599 825/916/847 141/578/500
f 585/629/595 584/917/848 586/630/596
f 586/630/596 584/917/848 159/631/597
f 583/918/849 157/727/685 582/894/835
f 583/918/849 582/894/835 584/917/848
f 584/917/848 582/894/835 159/631/597
f 539/626/592 157/727/685 583/918/849
f 539/626/592 583/918/849 538/627/593
f 538/627/593 583/918/849 536/572/543
f 170/625/591 841/728/686 539/626/592
f 539/626/592 841/728/686 157/727/685
f 885/877/824 208/867/762 945/878/825
f 840/919/850 813/623/589 156/567/538
f 581/568/539 602/920/851 170/921/591
f 813/623/589 602/920/851 581/568/539
f 581/568/539 170/921/591 155/922/590
f 839/621/587 171/907/842 838/619/585
f 839/621/587 838/619/585 580/622/588
f 580/622/588 838/619/585 153/563/534
f 838/619/585 171/907/842 840/919/850
f 838/619/585 840/919/850 579/564/535
f 579/564/535 840/919/850 156/567/538
f 578/617/583 154/620/586 576/615/581
f 578/617/583 576/615/581 577/618/584
f 577/618/584 576/615/581 151/558/529
f 576/615/581 154/620/586 580/622/588
f 576/615/581 580/622/588 575/559/530
f 575/559/530 580/622/588 153/563/534
f 693/613/580 152/616/582 574/611/579
f 693/613/580 574/611/579 837/614/576
f 837/614/576 574/611/579 150/554/521
f 574/611/579 152/616/582 577/618/584
f 574/611/579 577/618/584 573/555/527
f 573/555/527 577/618/584 151/558/529
f 836/609/577 148/544/517 572/602/570
f 836/609/577 572/602/570 835/610/578
f 835/610/578 572/602/570 149/601/569
f 837/608/576 150/548/521 571/551/524
f 837/608/576 571/551/524 836/609/577
f 836/609/577 571/551/524 148/544/517
f 690/605/573 146/540/513 568/596/566
f 690/605/573 568/596/566 569/606/574
f 569/606/574 568/596/566 147/595/565
f 572/602/570 148/544/517 567/547/520
f 572/602/570 567/547/520 570/603/571
f 570/603/571 567/547/520 146/540/513
f 566/599/567 145/923/852 833/592/562
f 566/599/567 833/592/562 834/600/568
f 834/600/568 833/592/562 222/591/561
f 568/596/566 146/540/513 565/543/516
f 568/596/566 565/543/516 566/597/567
f 566/597/567 565/543/516 145/924/852
f 832/593/563 144/536/509 831/590/560
f 832/593/563 831/590/560 681/594/564
f 681/594/564 831/590/560 181/589/559
f 833/592/562 145/923/852 564/537/510
f 833/592/562 564/537/510 832/593/563
f 832/593/563 564/537/510 144/536/509
f 831/590/560 144/536/509 563/534/507
f 831/590/560 563/534/507 830/588/558
f 830/588/558 563/534/507 143/532/505
f 829/587/557 183/586/556 618/711/672
f 829/587/557 618/711/672 830/588/558
f 830/588/558 618/711/672 181/589/559
f 829/587/557 143/532/505 562/925/853
f 829/587/557 562/925/853 828/585/555
f 828/585/555 562/925/853 142/583/553
f 827/584/554 186/716/676 622/714/675
f 827/584/554 622/714/675 828/585/555
f 828/585/555 622/714/675 183/586/556
f 561/528/501 141/527/500 825/926/847
f 561/528/501 825/926/847 826/582/552
f 826/582/552 825/926/847 187/580/550
f 589/581/551 186/716/676 827/584/554
f 589/581/551 827/584/554 826/582/552
f 826/582/552 827/584/554 142/583/553
f 812/579/549 136/263/254 747/927/854
f 812/579/549 747/927/854 537/577/548
f 537/577/548 747/927/854 140/574/545
f 560/576/547 158/628/594 541/634/600
f 560/576/547 541/634/600 537/577/548
f 537/577/548 541/634/600 141/578/500
f 560/576/547 559/575/546 158/628/594
f 559/575/546 585/629/595 158/628/594
f 555/571/542 155/624/590 538/627/593
f 555/571/542 538/627/593 536/572/543
f 581/568/539 155/922/590 556/566/537
f 581/568/539 556/566/537 557/569/540
f 557/569/540 556/566/537 139/165/160
f 556/566/537 155/922/590 555/928/542
f 556/566/537 555/928/542 558/166/161
f 558/166/161 555/928/542 160/929/541
f 579/564/535 156/567/538 552/561/532
f 579/564/535 552/561/532 553/565/536
f 553/565/536 552/561/532 161/560/531
f 552/561/532 156/567/538 557/569/540
f 552/561/532 557/569/540 554/562/533
f 554/562/533 557/569/540 139/165/160
f 575/559/530 153/563/534 823/557/528
f 575/559/530 823/557/528 824/553/526
f 824/553/526 823/557/528 138/186/179
f 823/557/528 153/563/534 553/565/536
f 823/557/528 553/565/536 760/187/180
f 760/187/180 553/565/536 161/560/531
f 573/555/527 151/558/529 549/930/855
f 573/555/527 549/930/855 550/556/522
f 550/556/522 549/930/855 162/931/856
f 930/552/525 549/930/855 151/558/529
f 551/932/857 162/931/856 549/930/855
f 220/191/184 551/932/857 930/552/525
f 547/550/523 163/933/858 546/545/518
f 547/550/523 546/545/518 571/551/524
f 571/551/524 546/545/518 148/544/517
f 550/549/522 162/934/856 548/935/859
f 550/549/522 548/935/859 547/550/523
f 547/550/523 548/935/859 163/933/858
f 544/546/519 164/936/860 543/541/514
f 544/546/519 543/541/514 567/547/520
f 567/547/520 543/541/514 146/540/513
f 546/545/518 163/933/858 545/937/861
f 546/545/518 545/937/861 544/546/519
f 544/546/519 545/937/861 164/936/860
f 822/542/515 221/938/512 821/939/862
f 822/542/515 821/939/862 565/543/516
f 565/543/516 821/939/862 145/924/852
f 543/541/514 164/936/860 772/940/863
f 543/541/514 772/940/863 822/542/515
f 822/542/515 772/940/863 221/938/512
f 680/229/222 137/235/226 819/941/864
f 680/229/222 819/941/864 820/538/511
f 820/538/511 819/941/864 144/536/509
f 564/537/510 145/923/852 821/942/862
f 564/537/510 821/942/862 820/538/511
f 820/538/511 821/942/862 221/539/512
f 773/237/228 165/240/231 542/533/506
f 773/237/228 542/533/506 818/535/508
f 818/535/508 542/533/506 143/532/505
f 563/534/507 144/536/509 819/941/864
f 563/534/507 819/941/864 818/535/508
f 818/535/508 819/941/864 137/235/226
f 542/533/506 165/240/231 777/242/233
f 542/533/506 777/242/233 817/531/504
f 817/531/504 777/242/233 38/257/248
f 816/530/503 142/583/553 562/925/853
f 816/530/503 562/925/853 817/531/504
f 817/531/504 562/925/853 143/532/505
f 372/259/250 136/943/254 812/944/549
f 372/259/250 812/944/549 815/529/502
f 815/529/502 812/944/549 141/527/500
f 561/528/501 142/583/553 816/530/503
f 561/528/501 816/530/503 815/529/502
f 815/529/502 816/530/503 38/257/248
f 239/5/5 28/4/4 809/945/865
f 239/5/5 809/945/865 811/525/498
f 811/525/498 809/945/865 134/517/491
f 511/523/496 135/522/383 810/946/866
f 511/523/496 810/946/866 811/525/498
f 811/525/498 810/946/866 2/526/499
f 511/523/496 134/517/491 508/947/867
f 508/947/867 938/948/868 511/523/496
f 510/524/497 939/949/869 135/522/383
f 249/521/495 27/516/490 807/950/870
f 249/521/495 807/950/870 808/520/494
f 808/520/494 807/950/870 132/513/487
f 509/518/492 134/517/491 809/945/865
f 509/518/492 809/945/865 808/520/494
f 808/520/494 809/945/865 28/4/4
f 509/518/492 132/513/487 503/951/871
f 509/518/492 503/951/871 507/519/493
f 507/519/493 503/951/871 131/952/872
f 507/519/493 941/953/873 134/517/491
f 506/954/874 131/952/872 534/955/875
f 942/956/876 534/955/875 505/957/877
f 505/957/877 534/955/875 133/394/374
f 701/13/13 130/12/12 500/958/878
f 701/13/13 500/958/878 806/515/489
f 806/515/489 500/958/878 129/502/476
f 504/514/488 132/513/487 807/950/870
f 504/514/488 807/950/870 806/515/489
f 806/515/489 807/950/870 27/516/490
f 504/514/488 129/502/476 497/959/879
f 504/514/488 497/959/879 502/512/486
f 502/512/486 497/959/879 128/510/484
f 501/511/485 131/952/872 503/951/871
f 501/511/485 503/951/871 502/512/486
f 502/512/486 503/951/871 132/513/487
f 501/511/485 128/510/484 531/508/482
f 131/952/872 501/511/485 931/507/481
f 533/506/480 931/507/481 685/860/814
f 532/395/375 133/394/374 534/955/875
f 532/395/375 534/955/875 533/506/480
f 533/506/480 534/955/875 131/952/872
f 703/18/18 26/17/17 805/960/880
f 703/18/18 805/960/880 499/505/479
f 499/505/479 805/960/880 127/504/478
f 498/503/477 129/502/476 500/958/878
f 498/503/477 500/958/878 499/505/479
f 499/505/479 500/958/878 130/12/12
f 498/503/477 127/504/478 492/961/881
f 498/503/477 492/961/881 496/501/475
f 496/501/475 492/961/881 126/487/461
f 495/500/474 128/510/484 497/959/879
f 495/500/474 497/959/879 496/501/475
f 496/501/475 497/959/879 129/502/476
f 932/499/473 495/500/474 126/487/461
f 494/829/783 128/510/484 495/500/474
f 224/827/781 494/829/783 932/499/473
f 527/460/436 225/823/777 687/826/780
f 527/460/436 687/826/780 683/498/472
f 683/498/472 687/826/780 224/827/781
f 486/496/470 123/962/464 491/963/466
f 486/496/470 491/963/466 493/494/468
f 493/494/468 491/963/466 127/964/478
f 493/494/468 127/964/478 805/965/880
f 493/494/468 805/965/880 704/495/469
f 704/495/469 805/965/880 26/966/17
f 490/491/465 123/490/464 483/967/882
f 490/491/465 483/967/882 487/488/462
f 487/488/462 483/967/882 122/968/883
f 490/491/465 126/487/461 492/961/881
f 490/491/465 492/961/881 491/492/466
f 491/492/466 492/961/881 127/504/478
f 487/488/462 122/968/883 489/969/884
f 487/488/462 489/969/884 488/489/463
f 488/489/463 489/969/884 125/497/471
f 479/486/460 120/970/448 482/971/456
f 479/486/460 482/971/456 484/484/458
f 484/484/458 482/971/456 123/962/464
f 484/484/458 123/962/464 486/496/470
f 484/484/458 486/496/470 485/485/459
f 485/485/459 486/496/470 124/493/467
f 477/483/457 119/469/445 480/480/454
f 477/483/457 480/480/454 481/481/455
f 481/481/455 480/480/454 122/968/883
f 481/481/455 122/968/883 483/967/882
f 481/481/455 483/967/882 482/482/456
f 482/482/456 483/967/882 123/490/464
f 530/471/447 125/497/471 489/969/884
f 530/471/447 489/969/884 480/480/454
f 480/480/454 489/969/884 122/968/883
f 475/479/449 120/970/448 479/486/460
f 475/479/449 479/486/460 478/477/453
f 478/477/453 479/486/460 121/475/451
f 709/476/452 25/972/31 803/973/443
f 709/476/452 803/973/443 478/477/453
f 478/477/453 803/973/443 118/478/440
f 474/470/446 119/469/445 477/483/457
f 474/470/446 477/483/457 476/474/450
f 476/474/450 477/483/457 120/472/448
f 475/473/449 118/464/440 473/466/442
f 475/473/449 473/466/442 476/474/450
f 476/474/450 473/466/442 117/461/437
f 474/470/446 117/461/437 529/463/439
f 474/470/446 529/463/439 530/471/447
f 530/471/447 529/463/439 125/497/471
f 804/468/444 24/37/35 802/454/430
f 804/468/444 802/454/430 472/465/441
f 472/465/441 802/454/430 116/455/431
f 256/33/33 24/37/35 804/468/444
f 256/33/33 804/468/444 803/467/443
f 803/467/443 804/468/444 118/464/440
f 472/465/441 116/455/431 471/974/885
f 472/465/441 471/974/885 473/466/442
f 473/466/442 471/974/885 117/461/437
f 470/462/438 117/461/437 471/974/885
f 470/462/438 471/974/885 467/452/428
f 467/452/428 471/974/885 116/455/431
f 470/462/438 115/449/425 528/458/434
f 470/462/438 528/458/434 529/463/439
f 529/463/439 528/458/434 125/497/471
f 684/824/778 225/823/777 527/460/436
f 465/451/427 114/416/393 684/824/778
f 465/451/427 933/459/435 528/458/434
f 469/456/432 113/43/41 461/447/423
f 469/456/432 461/447/423 468/457/433
f 468/457/433 461/447/423 112/443/419
f 710/39/37 113/43/41 469/456/432
f 710/39/37 469/456/432 802/454/430
f 802/454/430 469/456/432 116/455/431
f 467/452/428 116/455/431 468/457/433
f 467/452/428 468/457/433 466/453/429
f 466/453/429 468/457/433 112/443/419
f 464/450/426 115/449/425 466/453/429
f 464/450/426 466/453/429 458/445/421
f 458/445/421 466/453/429 112/443/419
f 464/450/426 111/440/416 463/442/418
f 464/450/426 463/442/418 465/451/427
f 465/451/427 463/442/418 114/416/393
f 462/448/424 109/49/47 454/438/414
f 462/448/424 454/438/414 457/444/420
f 457/444/420 454/438/414 108/434/410
f 460/45/43 109/49/47 462/448/424
f 460/45/43 462/448/424 461/447/423
f 461/447/423 462/448/424 112/443/419
f 459/446/422 108/434/410 452/436/412
f 459/446/422 452/436/412 456/441/417
f 456/441/417 452/436/412 106/431/407
f 457/444/420 108/434/410 459/446/422
f 457/444/420 459/446/422 458/445/421
f 458/445/421 459/446/422 111/440/416
f 456/441/417 106/431/407 526/975/886
f 456/441/417 526/975/886 463/442/418
f 463/442/418 526/975/886 114/416/393
f 455/439/415 110/976/53 519/977/406
f 455/439/415 519/977/406 521/435/411
f 521/435/411 519/977/406 105/978/405
f 453/51/49 110/976/53 455/439/415
f 453/51/49 455/439/415 454/438/414
f 454/438/414 455/439/415 108/434/410
f 522/437/413 105/978/405 518/979/401
f 522/437/413 518/979/401 451/432/408
f 451/432/408 518/979/401 107/980/400
f 521/435/411 105/978/405 522/437/413
f 521/435/411 522/437/413 452/436/412
f 452/436/412 522/437/413 106/431/407
f 525/417/394 114/416/393 526/975/886
f 525/417/394 526/975/886 520/433/409
f 520/433/409 526/975/886 106/431/407
f 451/432/408 107/980/400 515/419/396
f 451/432/408 515/419/396 520/433/409
f 520/433/409 515/419/396 104/418/395
f 519/430/406 110/55/53 696/58/56
f 519/430/406 696/58/56 801/428/404
f 801/428/404 696/58/56 1/59/57
f 800/427/403 103/413/390 450/981/887
f 800/427/403 450/981/887 801/428/404
f 801/428/404 450/981/887 105/429/405
f 518/425/401 105/429/405 450/981/887
f 518/425/401 450/981/887 517/426/402
f 517/426/402 450/981/887 103/413/390
f 516/422/398 107/424/400 517/426/402
f 516/422/398 517/426/402 447/423/399
f 447/423/399 517/426/402 103/413/390
f 515/419/396 107/980/400 516/982/398
f 515/419/396 516/982/398 449/420/397
f 449/420/397 516/982/398 102/407/386
f 525/417/394 104/418/395 449/420/397
f 525/417/394 449/420/397 524/409/388
f 524/409/388 449/420/397 102/407/386
f 716/63/61 101/62/60 444/983/888
f 716/63/61 444/983/888 799/415/392
f 799/415/392 444/983/888 100/402/381
f 448/414/391 103/413/390 800/427/403
f 448/414/391 800/427/403 799/415/392
f 799/415/392 800/427/403 1/59/57
f 448/414/391 100/402/381 443/984/889
f 448/414/391 443/984/889 446/412/389
f 446/412/389 443/984/889 99/410/377
f 445/411/387 102/421/386 447/423/399
f 445/411/387 447/423/399 446/412/389
f 446/412/389 447/423/399 103/413/390
f 445/408/387 99/397/377 523/985/890
f 445/408/387 523/985/890 524/409/388
f 524/409/388 523/985/890 114/416/393
f 718/406/385 2/986/499 810/987/866
f 718/406/385 810/987/866 514/405/384
f 514/405/384 810/987/866 135/404/383
f 512/403/382 100/402/381 444/983/888
f 512/403/382 444/983/888 514/405/384
f 514/405/384 444/983/888 101/62/60
f 512/403/382 135/404/383 513/988/891
f 512/403/382 513/988/891 442/401/380
f 513/988/891 937/989/892 442/401/380
f 441/400/378 99/410/377 443/984/889
f 441/400/378 443/984/889 442/401/380
f 442/401/380 443/984/889 100/402/381
f 441/398/378 940/990/893 535/396/376
f 535/396/376 940/990/893 133/394/374
f 532/395/375 114/416/393 523/985/890
f 532/395/375 523/985/890 535/396/376
f 535/396/376 523/985/890 99/397/377
f 787/393/373 49/285/274 789/991/894
f 787/393/373 789/991/894 435/388/368
f 435/388/368 789/991/894 44/992/895
f 744/286/275 49/285/274 787/393/373
f 744/286/275 787/393/373 415/392/372
f 415/392/372 787/393/373 98/387/367
f 436/390/370 44/992/895 299/993/896
f 436/390/370 299/993/896 433/384/364
f 433/384/364 299/993/896 41/994/121
f 435/388/368 44/992/895 436/390/370
f 435/388/368 436/390/370 413/389/369
f 413/389/369 436/390/370 97/383/363
f 434/385/365 41/994/121 294/995/123
f 434/385/365 294/995/123 432/386/366
f 432/386/366 294/995/123 39/996/124
f 433/384/364 41/994/121 434/385/365
f 433/384/364 434/385/365 408/369/349
f 408/369/349 434/385/365 96/367/347
f 322/382/362 95/997/897 798/998/898
f 322/382/362 798/998/898 754/381/361
f 754/381/361 798/998/898 29/135/130
f 753/137/132 49/999/274 381/1000/899
f 753/137/132 381/1000/899 754/381/361
f 754/381/361 381/1000/899 45/282/157
f 798/998/898 797/380/360 29/135/130
f 440/379/359 94/148/143 736/150/145
f 440/379/359 736/150/145 797/380/360
f 797/380/360 736/150/145 29/135/130
f 321/366/346 94/148/143 440/379/359
f 321/366/346 440/379/359 320/377/357
f 320/377/357 440/379/359 778/1001/900
f 414/376/356 37/391/371 415/392/372
f 414/376/356 415/392/372 411/372/352
f 411/372/352 415/392/372 98/387/367
f 291/374/354 37/391/371 414/376/356
f 291/374/354 414/376/356 402/375/355
f 402/375/355 414/376/356 93/371/351
f 412/373/353 98/387/367 413/389/369
f 412/373/353 413/389/369 410/370/350
f 410/370/350 413/389/369 97/383/363
f 411/372/352 98/387/367 412/373/353
f 411/372/352 412/373/353 398/355/337
f 398/355/337 412/373/353 92/354/336
f 410/370/350 97/383/363 409/1002/901
f 410/370/350 409/1002/901 395/352/334
f 395/352/334 409/1002/901 91/350/332
f 407/368/348 91/350/332 409/1002/901
f 407/368/348 409/1002/901 408/369/349
f 408/369/349 409/1002/901 97/383/363
f 752/365/345 30/1003/173 737/159/154
f 752/365/345 737/159/154 321/366/346
f 321/366/346 737/159/154 94/148/143
f 417/181/174 30/180/173 751/362/342
f 417/181/174 751/362/342 796/363/343
f 796/363/343 751/362/342 87/260/251
f 751/362/342 30/180/173 752/1004/345
f 751/362/342 752/1004/345 439/261/252
f 439/261/252 752/1004/345 86/1005/344
f 738/203/196 31/202/195 795/360/99
f 738/203/196 795/360/99 438/361/102
f 438/361/102 795/360/99 81/254/245
f 795/360/99 31/202/195 796/363/343
f 795/360/99 796/363/343 437/255/246
f 437/255/246 796/363/343 87/260/251
f 401/359/341 36/304/291 402/375/355
f 401/359/341 402/375/355 400/356/338
f 400/356/338 402/375/355 93/371/351
f 743/357/339 36/304/291 401/359/341
f 743/357/339 401/359/341 781/358/340
f 781/358/340 401/359/341 90/338/323
f 400/356/338 93/371/351 399/1006/902
f 400/356/338 399/1006/902 388/335/320
f 388/335/320 399/1006/902 89/330/315
f 397/353/335 89/330/315 399/1006/902
f 397/353/335 399/1006/902 398/355/337
f 398/355/337 399/1006/902 93/371/351
f 397/353/335 92/354/336 396/1007/903
f 397/353/335 396/1007/903 385/331/316
f 385/331/316 396/1007/903 88/1008/904
f 394/351/333 88/1008/904 396/1007/903
f 394/351/333 396/1007/903 395/352/334
f 395/352/334 396/1007/903 92/354/336
f 739/224/217 82/223/216 431/348/95
f 739/224/217 431/348/95 794/349/331
f 794/349/331 431/348/95 77/238/229
f 431/348/95 82/223/216 438/361/102
f 431/348/95 438/361/102 430/239/230
f 430/239/230 438/361/102 81/254/245
f 289/253/244 32/252/243 792/345/330
f 289/253/244 792/345/330 793/347/327
f 793/347/327 792/345/330 73/232/205
f 792/345/330 32/252/243 794/349/331
f 792/345/330 794/349/331 421/233/225
f 421/233/225 794/349/331 77/238/229
f 791/343/328 69/208/201 790/328/313
f 791/343/328 790/328/313 290/344/329
f 290/344/329 790/328/313 34/299/286
f 793/342/327 73/212/205 420/228/221
f 793/342/327 420/228/221 791/343/328
f 791/343/328 420/228/221 69/208/201
f 742/325/310 59/307/294 781/358/340
f 742/325/310 781/358/340 391/340/325
f 391/340/325 781/358/340 90/338/323
f 390/339/324 85/1009/303 380/1010/905
f 390/339/324 380/1010/905 391/340/325
f 391/340/325 380/1010/905 35/322/307
f 379/336/321 85/1009/303 390/339/324
f 379/336/321 390/339/324 389/337/322
f 389/337/322 390/339/324 90/338/323
f 387/334/319 84/313/300 389/337/322
f 387/334/319 389/337/322 388/335/320
f 388/335/320 389/337/322 90/338/323
f 376/333/318 84/313/300 387/334/319
f 376/333/318 387/334/319 386/332/317
f 386/332/317 387/334/319 89/330/315
f 385/331/316 88/1008/904 384/1011/906
f 385/331/316 384/1011/906 386/332/317
f 386/332/317 384/1011/906 83/309/296
f 788/329/314 64/204/197 419/326/311
f 788/329/314 419/326/311 740/300/287
f 740/300/287 419/326/311 68/320/305
f 790/328/313 69/208/201 418/211/204
f 790/328/313 418/211/204 788/329/314
f 788/329/314 418/211/204 64/204/197
f 416/327/312 63/1012/907 786/1013/308
f 416/327/312 786/1013/308 741/321/306
f 741/321/306 786/1013/308 35/1014/307
f 419/326/311 64/204/197 406/207/200
f 419/326/311 406/207/200 416/327/312
f 416/327/312 406/207/200 63/1012/907
f 785/324/309 58/188/181 405/308/295
f 785/324/309 405/308/295 742/325/310
f 742/325/310 405/308/295 59/307/294
f 786/323/308 63/1015/907 404/189/182
f 786/323/308 404/189/182 785/324/309
f 785/324/309 404/189/182 58/188/181
f 741/321/306 35/1014/307 380/1016/905
f 741/321/306 380/1016/905 779/319/304
f 779/319/304 380/1016/905 85/317/303
f 378/318/302 80/296/284 776/1017/908
f 378/318/302 776/1017/908 779/319/304
f 779/319/304 776/1017/908 68/320/305
f 378/316/302 85/1009/303 379/336/321
f 378/316/302 379/336/321 377/314/301
f 377/314/301 379/336/321 84/313/300
f 375/312/299 79/292/281 367/1018/909
f 375/312/299 367/1018/909 377/314/301
f 377/314/301 367/1018/909 80/315/284
f 375/312/299 84/313/300 376/333/318
f 375/312/299 376/333/318 374/311/298
f 374/311/298 376/333/318 83/309/296
f 373/310/297 78/288/277 364/1019/910
f 373/310/297 364/1019/910 374/311/298
f 374/311/298 364/1019/910 79/292/281
f 405/308/295 58/188/181 393/184/177
f 405/308/295 393/184/177 403/306/293
f 403/306/293 393/184/177 53/182/175
f 784/305/292 36/304/291 743/357/339
f 784/305/292 743/357/339 403/306/293
f 403/306/293 743/357/339 59/307/294
f 784/305/292 53/182/175 392/1020/911
f 784/305/292 392/1020/911 783/303/290
f 783/303/290 392/1020/911 52/301/288
f 782/302/289 37/391/371 291/374/354
f 782/302/289 291/374/354 783/303/290
f 783/303/290 291/374/354 36/304/291
f 383/163/158 45/162/157 381/1021/899
f 383/163/158 381/1021/899 382/287/276
f 382/287/276 381/1021/899 49/285/274
f 740/300/287 68/320/305 776/1017/908
f 740/300/287 776/1017/908 368/298/285
f 368/298/285 776/1017/908 80/296/284
f 366/297/283 76/276/267 357/278/269
f 366/297/283 357/278/269 368/298/285
f 368/298/285 357/278/269 34/299/286
f 366/295/283 80/315/284 367/1018/909
f 366/295/283 367/1018/909 365/293/282
f 365/293/282 367/1018/909 79/292/281
f 363/291/280 75/271/262 354/273/264
f 363/291/280 354/273/264 365/293/282
f 365/293/282 354/273/264 76/294/267
f 363/291/280 79/292/281 364/1019/910
f 363/291/280 364/1019/910 362/290/279
f 362/290/279 364/1019/910 78/288/277
f 361/289/278 74/266/257 351/268/259
f 361/289/278 351/268/259 362/290/279
f 362/290/279 351/268/259 75/271/262
f 744/286/275 37/391/371 782/302/289
f 744/286/275 782/302/289 382/287/276
f 382/287/276 782/302/289 52/301/288
f 750/283/272 160/570/541 694/861/815
f 750/283/272 694/861/815 748/284/273
f 748/284/273 694/861/815 780/573/544
f 780/573/544 95/997/897 322/382/362
f 780/573/544 322/382/362 748/284/273
f 748/284/273 322/382/362 45/282/157
f 349/280/270 33/341/326 290/344/329
f 349/280/270 290/344/329 358/281/271
f 358/281/271 290/344/329 34/299/286
f 356/277/268 72/279/241 358/281/271
f 356/277/268 358/281/271 357/278/269
f 357/278/269 358/281/271 34/299/286
f 347/274/265 72/250/241 356/1022/268
f 347/274/265 356/1022/268 355/275/266
f 355/275/266 356/1022/268 76/294/267
f 353/272/263 71/247/238 355/275/266
f 353/272/263 355/275/266 354/273/264
f 354/273/264 355/275/266 76/294/267
f 344/269/260 71/247/238 353/272/263
f 344/269/260 353/272/263 352/270/261
f 352/270/261 353/272/263 75/271/262
f 350/267/258 70/243/234 352/270/261
f 350/267/258 352/270/261 351/268/259
f 351/268/259 352/270/261 75/271/262
f 310/265/256 778/1001/900 934/1023/912
f 747/927/854 136/263/254 310/265/256
f 140/574/545 747/927/854 934/1023/912
f 369/264/255 86/364/344 320/377/357
f 369/264/255 320/377/357 310/265/256
f 310/265/256 320/377/357 778/1001/900
f 439/261/252 86/1005/344 370/258/249
f 439/261/252 370/258/249 371/262/253
f 371/262/253 370/258/249 38/257/248
f 370/258/249 86/1005/344 369/1024/255
f 370/258/249 369/1024/255 372/259/250
f 372/259/250 369/1024/255 136/943/254
f 437/255/246 87/260/251 774/241/232
f 437/255/246 774/241/232 775/256/247
f 775/256/247 774/241/232 165/240/231
f 289/253/244 33/346/326 349/1025/270
f 289/253/244 349/1025/270 348/251/242
f 348/251/242 349/1025/270 72/250/241
f 346/249/240 67/226/219 340/1026/913
f 346/249/240 340/1026/913 348/251/242
f 348/251/242 340/1026/913 32/252/243
f 346/249/240 72/250/241 347/274/265
f 346/249/240 347/274/265 345/248/239
f 345/248/239 347/274/265 71/247/238
f 343/246/237 66/221/214 338/222/215
f 343/246/237 338/222/215 345/248/239
f 345/248/239 338/222/215 67/226/219
f 343/246/237 71/247/238 344/269/260
f 343/246/237 344/269/260 342/245/236
f 342/245/236 344/269/260 70/243/234
f 341/244/235 65/215/208 336/1027/914
f 341/244/235 336/1027/914 342/245/236
f 342/245/236 336/1027/914 66/221/214
f 774/241/232 87/260/251 371/262/253
f 774/241/232 371/262/253 777/242/233
f 777/242/233 371/262/253 38/257/248
f 430/239/230 81/254/245 359/236/227
f 430/239/230 359/236/227 360/231/224
f 360/231/224 359/236/227 137/235/226
f 359/236/227 81/254/245 775/256/247
f 359/236/227 775/256/247 773/237/228
f 773/237/228 775/256/247 165/240/231
f 421/233/225 77/238/229 770/1028/915
f 421/233/225 770/1028/915 771/234/206
f 771/234/206 770/1028/915 164/1029/860
f 935/230/223 770/1028/915 77/238/229
f 772/1030/863 164/1029/860 770/1028/915
f 221/539/512 772/1030/863 935/230/223
f 769/214/207 163/933/858 768/209/202
f 769/214/207 768/209/202 420/228/221
f 420/228/221 768/209/202 69/208/201
f 339/227/220 62/200/193 756/1031/916
f 339/227/220 756/1031/916 762/225/218
f 762/225/218 756/1031/916 82/223/216
f 739/224/217 32/252/243 340/1026/913
f 739/224/217 340/1026/913 762/225/218
f 762/225/218 340/1026/913 67/226/219
f 337/219/212 62/200/193 339/227/220
f 337/219/212 339/227/220 338/222/215
f 338/222/215 339/227/220 67/226/219
f 337/219/212 66/221/214 335/218/211
f 337/219/212 335/218/211 329/220/213
f 329/220/213 335/218/211 61/197/190
f 335/218/211 66/221/214 336/1027/914
f 335/218/211 336/1027/914 334/217/210
f 334/217/210 336/1027/914 65/215/208
f 333/216/209 60/193/186 326/1032/917
f 333/216/209 326/1032/917 334/217/210
f 334/217/210 326/1032/917 61/197/190
f 771/213/206 164/936/860 545/937/861
f 771/213/206 545/937/861 769/214/207
f 769/214/207 545/937/861 163/933/858
f 767/210/203 162/934/856 766/205/198
f 767/210/203 766/205/198 418/211/204
f 418/211/204 766/205/198 64/204/197
f 768/209/202 163/933/858 548/935/859
f 768/209/202 548/935/859 767/210/203
f 767/210/203 548/935/859 162/934/856
f 765/206/199 220/1033/184 764/1034/918
f 765/206/199 764/1034/918 406/207/200
f 406/207/200 764/1034/918 63/1012/907
f 766/205/198 162/934/856 551/1035/857
f 766/205/198 551/1035/857 765/206/199
f 765/206/199 551/1035/857 220/1033/184
f 738/203/196 82/223/216 756/1031/916
f 738/203/196 756/1031/916 330/201/194
f 330/201/194 756/1031/916 62/200/193
f 328/199/192 57/178/171 319/1036/919
f 328/199/192 319/1036/919 330/201/194
f 330/201/194 319/1036/919 31/202/195
f 328/199/192 62/200/193 329/220/213
f 328/199/192 329/220/213 327/198/191
f 327/198/191 329/220/213 61/197/190
f 325/196/189 56/177/170 318/1037/920
f 325/196/189 318/1037/920 327/198/191
f 327/198/191 318/1037/920 57/178/171
f 325/196/189 61/197/190 326/1032/917
f 325/196/189 326/1032/917 324/195/188
f 324/195/188 326/1032/917 60/193/186
f 323/194/187 55/169/164 317/1038/921
f 323/194/187 317/1038/921 324/195/188
f 324/195/188 317/1038/921 56/177/170
f 763/192/185 138/186/179 332/1039/922
f 763/192/185 332/1039/922 761/190/183
f 761/190/183 332/1039/922 58/188/181
f 404/189/182 63/1015/907 764/1040/918
f 404/189/182 764/1040/918 761/190/183
f 761/190/183 764/1040/918 220/191/184
f 760/187/180 161/560/531 759/183/176
f 760/187/180 759/183/176 331/185/178
f 331/185/178 759/183/176 53/182/175
f 393/184/177 58/188/181 332/1039/922
f 393/184/177 332/1039/922 331/185/178
f 331/185/178 332/1039/922 138/186/179
f 759/183/176 161/560/531 554/562/533
f 759/183/176 554/562/533 758/168/163
f 758/168/163 554/562/533 139/165/160
f 417/181/174 31/202/195 319/1036/919
f 417/181/174 319/1036/919 429/179/172
f 429/179/172 319/1036/919 57/178/171
f 427/175/168 51/174/156 315/1041/923
f 427/175/168 315/1041/923 429/179/172
f 429/179/172 315/1041/923 30/180/173
f 426/173/167 50/172/153 314/1042/924
f 426/173/167 314/1042/924 428/176/169
f 428/176/169 314/1042/924 51/174/156
f 427/175/168 57/178/171 318/1037/920
f 427/175/168 318/1037/920 428/176/169
f 428/176/169 318/1037/920 56/177/170
f 426/173/167 56/177/170 317/1038/921
f 426/173/167 317/1038/921 425/171/166
f 425/171/166 317/1038/921 55/169/164
f 316/170/165 54/1043/149 424/1044/925
f 316/170/165 424/1044/925 425/171/166
f 425/171/166 424/1044/925 50/172/153
f 757/167/162 52/301/288 392/1020/911
f 757/167/162 392/1020/911 758/168/163
f 758/168/163 392/1020/911 53/182/175
f 558/166/161 160/929/541 750/1045/272
f 558/166/161 750/1045/272 755/164/159
f 755/164/159 750/1045/272 45/162/157
f 383/163/158 52/301/288 757/167/162
f 383/163/158 757/167/162 755/164/159
f 755/164/159 757/167/162 139/165/160
f 312/156/151 48/143/138 746/151/146
f 312/156/151 746/151/146 749/160/155
f 749/160/155 746/151/146 94/148/143
f 737/159/154 30/1003/173 315/1046/923
f 737/159/154 315/1046/923 749/160/155
f 749/160/155 315/1046/923 51/161/156
f 311/152/147 47/139/134 307/144/139
f 311/152/147 307/144/139 313/157/152
f 313/157/152 307/144/139 48/143/138
f 312/156/151 51/161/156 314/1047/924
f 312/156/151 314/1047/924 313/157/152
f 313/157/152 314/1047/924 50/158/153
f 422/155/150 46/1048/926 306/142/137
f 422/155/150 306/142/137 423/153/148
f 423/153/148 306/142/137 47/139/134
f 311/152/147 50/158/153 424/1049/925
f 311/152/147 424/1049/925 423/153/148
f 423/153/148 424/1049/925 54/154/149
f 746/151/146 48/143/138 309/1050/927
f 746/151/146 309/1050/927 745/149/144
f 745/149/144 309/1050/927 43/132/127
f 745/149/144 43/132/127 302/138/133
f 745/149/144 302/138/133 736/150/145
f 736/150/145 302/138/133 29/135/130
f 300/147/142 43/132/127 309/1050/927
f 300/147/142 309/1050/927 308/145/140
f 308/145/140 309/1050/927 48/143/138
f 307/144/139 47/139/134 305/141/136
f 307/144/139 305/141/136 308/145/140
f 308/145/140 305/141/136 42/146/141
f 306/142/137 46/1048/926 303/1051/928
f 306/142/137 303/1051/928 304/140/135
f 304/140/135 303/1051/928 40/1052/929
f 304/140/135 40/1052/929 296/1053/930
f 304/140/135 296/1053/930 305/141/136
f 305/141/136 296/1053/930 42/146/141
f 302/138/133 43/132/127 298/134/129
f 302/138/133 298/134/129 301/136/131
f 301/136/131 298/134/129 44/1054/895
f 301/136/131 44/1054/895 789/1055/894
f 301/136/131 789/1055/894 753/137/132
f 753/137/132 789/1055/894 49/999/274
f 297/133/128 43/132/127 300/147/142
f 297/133/128 300/147/142 293/127/122
f 293/127/122 300/147/142 42/146/141
f 297/133/128 41/126/121 299/1056/896
f 297/133/128 299/1056/896 298/134/129
f 298/134/129 299/1056/896 44/1054/895
f 295/130/125 42/146/141 296/1053/930
f 295/130/125 296/1053/930 292/131/126
f 292/131/126 296/1053/930 40/1052/929
f 293/127/122 42/146/141 295/130/125
f 293/127/122 295/130/125 294/128/123
f 294/128/123 295/130/125 39/129/124
f 245/125/120 22/119/114 288/121/116
f 245/125/120 288/121/116 244/124/119
f 244/124/119 288/121/116 23/122/117
f 243/123/118 4/865/65 261/1057/931
f 243/123/118 261/1057/931 244/124/119
f 244/124/119 261/1057/931 3/66/1
f 287/120/115 21/116/111 286/118/113
f 287/120/115 286/118/113 288/121/116
f 288/121/116 286/118/113 23/122/117
f 285/117/112 20/818/772 284/864/816
f 285/117/112 284/864/816 286/118/113
f 286/118/113 284/864/816 23/122/117
f 242/114/109 20/818/772 285/117/112
f 242/114/109 285/117/112 241/115/110
f 241/115/110 285/117/112 21/116/111
f 699/113/108 194/862/643 735/819/773
f 699/113/108 735/819/773 242/114/109
f 242/114/109 735/819/773 20/818/772
f 651/110/105 194/679/643 698/108/103
f 651/110/105 698/108/103 734/111/106
f 734/111/106 698/108/103 19/52/50
f 698/108/103 194/679/643 699/1058/108
f 698/108/103 699/1058/108 283/53/51
f 283/53/51 699/1058/108 18/1059/107
f 733/106/101 195/109/104 732/104/99
f 733/106/101 732/104/99 282/107/102
f 282/107/102 732/104/99 16/46/44
f 732/104/99 195/109/104 734/111/106
f 732/104/99 734/111/106 281/47/45
f 281/47/45 734/111/106 19/52/50
f 280/102/97 17/105/100 278/100/95
f 280/102/97 278/100/95 279/103/98
f 279/103/98 278/100/95 14/40/38
f 278/100/95 17/105/100 282/107/102
f 278/100/95 282/107/102 277/41/39
f 277/41/39 282/107/102 16/46/44
f 731/98/94 15/101/96 276/96/93
f 731/98/94 276/96/93 730/99/90
f 730/99/90 276/96/93 13/34/27
f 276/96/93 15/101/96 279/103/98
f 276/96/93 279/103/98 275/35/34
f 275/35/34 279/103/98 14/40/38
f 729/94/91 12/23/23 728/89/86
f 729/94/91 728/89/86 662/95/92
f 662/95/92 728/89/86 201/88/85
f 730/93/90 13/27/27 274/30/30
f 730/93/90 274/30/30 729/94/91
f 729/94/91 274/30/30 12/23/23
f 727/90/87 10/19/19 273/85/82
f 727/90/87 273/85/82 726/91/88
f 726/91/88 273/85/82 11/84/81
f 728/89/86 12/23/23 272/26/26
f 728/89/86 272/26/26 727/90/87
f 727/90/87 272/26/26 10/19/19
f 271/86/83 8/1060/932 269/1061/78
f 271/86/83 269/1061/78 270/87/84
f 270/87/84 269/1061/78 9/793/75
f 273/85/82 10/19/19 268/22/22
f 273/85/82 268/22/22 271/86/83
f 271/86/83 268/22/22 8/1060/932
f 724/83/80 228/1062/933 902/79/76
f 724/83/80 902/79/76 267/82/79
f 267/82/79 902/79/76 9/78/75
f 269/81/78 8/1063/932 266/15/15
f 269/81/78 266/15/15 267/82/79
f 267/82/79 266/15/15 7/14/14
f 902/79/76 228/1062/933 901/1064/934
f 902/79/76 901/1064/934 725/80/77
f 725/80/77 901/1064/934 205/799/753
f 909/76/73 232/857/811 911/841/795
f 909/76/73 911/841/795 908/77/74
f 908/77/74 911/841/795 231/840/794
f 722/75/72 6/8/8 264/1065/935
f 722/75/72 264/1065/935 721/73/70
f 721/73/70 264/1065/935 5/71/68
f 720/72/69 210/806/760 676/803/757
f 720/72/69 676/803/757 721/73/70
f 721/73/70 676/803/757 207/74/71
f 263/2/2 3/1/1 261/1066/931
f 263/2/2 261/1066/931 262/70/67
f 262/70/67 261/1066/931 4/68/65
f 719/69/66 210/806/760 720/72/69
f 719/69/66 720/72/69 262/70/67
f 262/70/67 720/72/69 5/71/68
f 240/67/64 2/986/499 718/406/385
f 240/67/64 718/406/385 697/65/63
f 697/65/63 718/406/385 101/62/60
f 717/64/62 22/119/114 245/125/120
f 717/64/62 245/125/120 697/65/63
f 697/65/63 245/125/120 3/66/1
f 716/63/61 1/59/57 260/61/59
f 716/63/61 260/61/59 717/64/62
f 717/64/62 260/61/59 22/119/114
f 259/60/58 21/116/111 287/120/115
f 259/60/58 287/120/115 260/61/59
f 260/61/59 287/120/115 22/119/114
f 695/57/55 21/116/111 259/60/58
f 695/57/55 259/60/58 696/58/56
f 696/58/56 259/60/58 1/59/57
f 713/56/54 18/112/107 241/115/110
f 713/56/54 241/115/110 695/57/55
f 695/57/55 241/115/110 21/116/111
f 283/53/51 18/1059/107 714/50/48
f 283/53/51 714/50/48 715/54/52
f 715/54/52 714/50/48 109/49/47
f 714/50/48 18/1059/107 713/1067/54
f 714/50/48 713/1067/54 453/51/49
f 453/51/49 713/1067/54 110/976/53
f 281/47/45 19/52/50 711/44/42
f 281/47/45 711/44/42 712/48/46
f 712/48/46 711/44/42 113/43/41
f 711/44/42 19/52/50 715/54/52
f 711/44/42 715/54/52 460/45/43
f 460/45/43 715/54/52 109/49/47
f 277/41/39 16/46/44 257/38/36
f 277/41/39 257/38/36 258/42/40
f 258/42/40 257/38/36 24/37/35
f 257/38/36 16/46/44 712/48/46
f 257/38/36 712/48/46 710/39/37
f 710/39/37 712/48/46 113/43/41
f 275/35/34 14/40/38 254/32/32
f 275/35/34 254/32/32 255/36/28
f 255/36/28 254/32/32 25/31/31
f 254/32/32 14/40/38 258/42/40
f 254/32/32 258/42/40 256/33/33
f 256/33/33 258/42/40 24/37/35
f 708/29/29 121/475/451 707/24/24
f 708/29/29 707/24/24 274/30/30
f 274/30/30 707/24/24 12/23/23
f 255/28/28 25/972/31 709/476/452
f 255/28/28 709/476/452 708/29/29
f 708/29/29 709/476/452 121/475/451
f 706/25/25 124/493/467 705/20/20
f 706/25/25 705/20/20 272/26/26
f 272/26/26 705/20/20 10/19/19
f 707/24/24 121/475/451 485/485/459
f 707/24/24 485/485/459 706/25/25
f 706/25/25 485/485/459 124/493/467
f 253/21/21 26/966/17 252/1068/936
f 253/21/21 252/1068/936 268/22/22
f 268/22/22 252/1068/936 8/1060/932
f 705/20/20 124/493/467 704/495/469
f 705/20/20 704/495/469 253/21/21
f 253/21/21 704/495/469 26/966/17
f 703/18/18 130/12/12 702/832/786
f 703/18/18 702/832/786 251/16/16
f 251/16/16 702/832/786 7/14/14
f 266/15/15 8/1063/932 252/1069/936
f 266/15/15 252/1069/936 251/16/16
f 251/16/16 252/1069/936 26/17/17
f 701/13/13 27/516/490 250/9/9
f 701/13/13 250/9/9 700/11/11
f 700/11/11 250/9/9 6/8/8
f 265/10/10 230/858/812 906/831/785
f 265/10/10 906/831/785 700/11/11
f 700/11/11 906/831/785 130/12/12
f 250/9/9 27/516/490 249/521/495
f 250/9/9 249/521/495 248/7/7
f 248/7/7 249/521/495 28/4/4
f 247/6/6 5/71/68 264/1065/935
f 247/6/6 264/1065/935 248/7/7
f 248/7/7 264/1065/935 6/8/8
f 239/5/5 2/526/499 240/1070/64
f 239/5/5 240/1070/64 246/3/3
f 246/3/3 240/1070/64 3/1/1
f 263/2/2 5/71/68 247/6/6
f 263/2/2 247/6/6 246/3/3
f 246/3/3 247/6/6 28/4/4
f 333/216/209 350/267/258 60/193/186
f 292/1071/126 432/386/366 39/996/124
f 432/386/366 384/1011/906 96/367/347
f 96/367/347 384/1011/906 407/368/348
f 407/368/348 394/351/333 91/350/332
f 394/351/333 407/368/348 88/1008/904
f 88/1008/904 407/368/348 384/1011/906
f 384/1011/906 373/310/297 83/309/296
f 384/1011/906 432/386/366 373/310/297
f 373/310/297 292/1071/126 78/288/277
f 292/1071/126 373/310/297 432/386/366
f 40/1072/929 78/288/277 292/1071/126
f 78/288/277 40/1072/929 361/289/278
f 303/1073/928 361/289/278 40/1072/929
f 422/1074/150 323/194/187 46/1075/926
f 46/1075/926 60/193/186 303/1073/928
f 316/170/165 422/1074/150 54/1043/149
f 323/194/187 422/1074/150 55/169/164
f 55/169/164 422/1074/150 316/170/165
f 60/193/186 46/1075/926 323/194/187
f 74/266/257 60/193/186 350/267/258
f 350/267/258 341/244/235 70/243/234
f 333/216/209 341/244/235 350/267/258
f 303/1073/928 60/193/186 361/289/278
f 361/289/278 60/193/186 74/266/257
f 341/244/235 333/216/209 65/215/208
f 905/859/813 723/830/784 724/83/80
f 723/830/784 265/10/10 6/8/8
f 265/10/10 905/859/813 230/858/812
f 905/859/813 724/83/80 7/14/14
f 724/83/80 723/830/784 228/1062/933
f 228/1062/933 903/835/789 901/1064/934
f 723/830/784 903/835/789 228/1062/933
f 901/1064/934 912/839/793 205/799/753
f 912/839/793 901/1064/934 233/837/791
f 233/837/791 901/1064/934 907/842/796
f 907/842/796 901/1064/934 231/840/794
f 231/840/794 901/1064/934 903/835/789
f 903/835/789 723/830/784 229/833/787
f 723/830/784 905/859/813 265/10/10
f 848/648/614 847/846/800 915/856/810
f 915/856/810 235/642/608 174/644/610
f 174/644/610 234/854/808 692/700/664
f 235/642/608 919/915/846 174/644/610
f 692/700/664 924/850/804 237/849/803
f 924/850/804 921/853/807 238/852/806
f 921/853/807 692/700/664 234/854/808
f 234/854/808 174/644/610 919/915/846
f 235/642/608 915/856/810 847/846/800
f 847/846/800 848/648/614 214/647/613
f 692/700/664 921/853/807 924/850/804
f 236/855/809 848/648/614 915/856/810
f 441/398/378 936/1076/379 940/990/893
f 442/401/380 937/989/892 936/399/379
f 506/954/874 534/955/875 942/956/876
f 134/517/491 941/953/873 508/947/867
f 133/394/374 940/990/893 505/957/877
f 135/522/383 939/949/869 513/1077/891
f 511/523/496 938/948/868 510/524/497
f 131/952/872 506/954/874 507/519/493
f 778/1001/900 440/379/359 943/378/358
f 680/229/222 360/231/224 137/235/226
f 528/458/434 527/460/436 125/497/471
f 683/498/472 488/489/463 125/497/471
f 931/507/481 226/509/483 685/860/814
f 763/192/185 824/553/526 138/186/179
f 632/668/632 861/670/634 219/674/638
f 889/685/649 597/687/651 167/688/652
f 614/708/670 681/594/564 181/589/559
f 682/649/615 645/758/716 214/647/613
f 599/691/655 887/776/732 167/688/652
f 925/775/731 211/812/766 887/776/732
f 601/875/822 874/874/821 925/775/731
f 168/690/654 925/775/731 599/691/655
f 926/757/715 204/764/720 645/758/716
f 643/882/828 641/880/826 926/757/715
f 223/844/798 926/757/715 682/649/615
f 927/709/671 222/591/561 681/594/564
f 147/598/565 927/709/671 870/902/669
f 870/902/669 614/708/670 179/665/624
f 928/686/650 188/721/681 597/687/651
f 650/873/820 842/684/648 928/686/650
f 193/778/734 928/686/650 889/685/649
f 929/669/633 182/677/641 861/670/634
f 635/744/702 858/910/844 929/669/633
f 218/739/697 929/669/633 632/668/632
f 930/552/525 151/558/529 824/553/526
f 551/932/857 549/930/855 930/552/525
f 220/191/184 930/552/525 763/192/185
f 501/511/485 531/508/482 931/507/481
f 131/952/872 931/507/481 533/506/480
f 533/506/480 685/860/814 114/416/393
f 932/499/473 126/487/461 488/489/463
f 494/829/783 495/500/474 932/499/473
f 224/827/781 932/499/473 683/498/472
f 684/824/778 527/460/436 933/459/435
f 465/451/427 684/824/778 933/459/435
f 465/451/427 528/458/434 115/449/425
f 747/927/854 310/265/256 934/1023/912
f 140/574/545 934/1023/912 559/575/546
f 935/230/223 77/238/229 360/231/224
f 772/1030/863 770/1028/915 935/230/223
f 221/539/512 935/230/223 680/229/222
