# Blender 4.4.3
# www.blender.org
mtllib cave_map_small.mtl
o cave_map_small.012
v -169.401855 -17.607298 120.804054
v -168.947662 -17.437593 120.571053
v -168.427643 -17.689619 120.285805
v -168.381317 -19.013021 120.206459
v -168.376862 -19.649343 120.177742
v -168.973480 -20.292429 120.466347
v -169.955414 -19.667109 121.011177
v -169.753754 -20.175169 120.883522
v -169.894501 -19.030050 121.005409
v -169.943909 -18.394232 121.057838
v -171.079376 -20.444561 100.899361
v -170.382629 -20.403091 100.797462
v -170.488678 -20.225872 101.475868
v -171.077148 -20.264244 101.331947
v -170.488678 -17.996593 101.475868
v -170.387238 -17.909271 100.797981
v -171.013367 -17.996593 101.372932
v -170.989044 -17.908009 100.885963
v -171.580811 -18.993641 100.972603
v -171.589508 -19.575615 101.147408
v -171.405151 -18.968170 101.213814
v -171.696960 -19.672920 100.989632
v -169.724274 -18.968170 101.819221
v -169.337708 -19.677860 100.644600
v -169.454987 -18.998093 100.661720
v -169.627808 -19.575615 101.853951
v -170.876678 -20.354427 99.700813
v -170.359436 -20.355568 99.373146
v -170.229645 -20.355679 100.074684
v -170.929993 -20.354187 100.273628
v -170.871277 -20.410755 102.082527
v -171.144287 -20.330498 102.751991
v -171.307587 -20.363129 101.763191
v -171.579437 -20.376148 102.433998
v -170.235199 -17.354977 100.075294
v -170.364441 -17.637455 99.373695
v -170.802155 -17.353760 100.296913
v -170.881683 -17.636318 99.701363
v -171.615082 -17.567501 102.393623
v -171.179199 -17.579132 102.712471
v -170.907318 -17.572018 102.041756
v -171.343170 -17.560387 101.722908
v -171.685608 -18.993595 100.211922
v -171.690063 -19.673042 100.520546
v -171.566071 -18.993782 100.479958
v -171.489105 -19.673553 100.088112
v -172.269165 -18.250492 101.918739
v -171.644745 -18.252785 101.505867
v -172.304260 -18.950005 101.896645
v -171.679840 -18.952297 101.483772
v -171.354645 -18.360729 101.232002
v -170.602386 -18.995422 103.141518
v -170.238678 -19.691208 102.541542
v -170.203552 -18.991695 102.563637
v -170.763458 -19.691574 103.027290
v -169.751984 -18.318333 98.986397
v -169.563416 -18.318535 99.813210
v -169.698547 -18.997974 98.953194
v -169.695099 -18.997776 99.865028
v -169.516968 -18.318436 100.670723
v -171.388580 -17.854576 101.219765
v -171.521332 -18.314240 100.963844
v -171.591400 -17.634567 100.974037
v -170.146942 -18.077446 101.542885
v -169.785858 -17.638348 100.709999
v -169.730652 -18.360729 101.624550
v -169.582428 -20.356850 100.789040
v -171.334015 -17.797089 99.988045
v -171.502502 -18.314392 100.459023
v -171.378571 -17.773708 100.418495
v -171.491638 -18.314499 100.088387
v -171.409576 -20.083298 100.429482
v -172.264679 -19.651508 101.929146
v -171.743439 -20.351494 101.444374
v -171.831512 -19.648697 101.376411
v -171.681702 -17.668148 101.475868
v -172.075104 -17.377647 102.056221
v -170.618683 -17.953518 102.254768
v -170.655273 -18.293564 103.099281
v -170.256439 -18.289837 102.521400
v -171.007172 -17.589756 103.203285
v -170.803741 -20.142551 103.000099
v -169.721558 -20.356766 99.891151
v -169.933319 -20.215149 99.103127
v -169.560913 -19.677589 99.812935
v -169.749481 -19.677387 98.986122
v -169.896576 -17.771358 99.077461
v -169.726562 -17.638657 99.891701
v -171.451019 -20.130337 100.953682
v -171.385681 -19.984047 101.220802
v -169.645508 -20.183060 101.641243
v -171.393890 -20.353287 100.028450
v -170.435883 -20.386395 102.400856
v -171.927185 -20.457397 102.180092
v -171.254333 -17.846817 103.694710
v -172.363373 -20.277431 102.895973
v -171.981262 -20.376640 103.175911
v -171.545441 -20.388271 103.494759
v -171.892975 -17.579636 99.496559
v -170.779114 -17.482475 98.790901
v -170.394501 -17.882607 98.547676
v -170.166382 -18.317612 98.403572
v -170.163879 -19.676666 98.403297
v -170.773834 -20.354847 98.790321
v -171.967407 -19.672691 99.545753
v -171.957001 -18.993191 99.538490
v -176.443695 -18.144985 89.593025
v -177.182220 -18.106609 89.519386
v -176.900024 -18.262981 88.923622
v -176.364197 -18.318958 89.237984
v -176.930634 -15.780897 88.883614
v -177.182220 -15.877334 89.519386
v -176.468323 -15.792343 89.154518
v -176.721588 -15.877334 89.494606
v -175.965363 -16.848911 89.616646
v -175.831207 -17.529442 89.476631
v -176.078979 -16.883408 89.392281
v -175.910858 -17.451256 89.626411
v -177.631866 -16.844963 88.482338
v -177.982971 -17.456352 89.562447
v -177.894165 -16.848911 89.557655
v -177.712646 -17.519085 88.440987
v -176.706909 -18.063797 90.613045
v -177.199066 -18.063797 90.952003
v -177.400574 -18.063797 90.258461
v -176.705719 -18.063797 90.075172
v -176.508728 -18.246655 88.437325
v -175.965179 -18.161459 87.970894
v -176.067291 -18.223450 88.728432
v -175.664001 -18.229641 88.446053
v -177.400574 -15.381413 90.258461
v -177.199066 -15.634025 90.952003
v -176.835846 -15.381413 90.049141
v -176.706879 -15.634025 90.613045
v -175.697418 -15.518626 88.402351
v -175.997925 -15.505732 87.928078
v -176.507202 -15.505307 88.295601
v -176.100677 -15.518135 88.684822
v -175.939545 -16.848911 90.084572
v -175.951721 -17.456352 89.845161
v -176.076202 -16.848911 89.883125
v -176.125305 -17.456352 90.212502
v -175.231964 -16.214573 89.134712
v -175.891632 -16.205181 89.127480
v -175.193298 -16.892200 89.193489
v -175.845428 -16.882820 89.181038
v -176.095245 -16.206345 89.347450
v -176.366638 -16.841852 87.341560
v -177.080933 -17.515402 87.755013
v -177.130310 -16.837778 87.704842
v -176.241119 -17.523211 87.537422
v -177.780640 -16.241467 91.352547
v -178.067841 -16.241467 90.505836
v -177.830322 -16.848911 91.386757
v -177.935425 -16.848911 90.456764
v -177.847687 -16.241467 89.555153
v -176.109589 -15.643150 89.363319
v -176.023621 -16.241467 89.613777
v -176.067963 -15.624392 89.624733
v -177.230652 -15.863466 88.708626
v -177.642822 -15.634025 89.544136
v -177.593536 -16.169788 88.498756
v -177.800323 -18.063797 89.446571
v -176.276184 -15.778635 90.316414
v -176.140594 -16.241467 89.902779
v -176.264709 -15.757900 89.940651
v -176.125305 -16.241467 90.212502
v -176.229706 -17.822556 89.929939
v -175.206085 -17.567623 89.170998
v -175.758667 -18.237907 89.281746
v -175.698853 -17.563938 89.347603
v -175.873138 -15.642510 89.147072
v -175.383942 -15.360710 88.897713
v -176.767548 -15.857877 88.047890
v -176.344696 -16.166822 87.378548
v -177.097656 -16.162745 87.733223
v -175.962860 -15.497121 87.430641
v -176.204010 -17.961061 87.594551
v -177.906036 -18.063797 90.430885
v -177.604767 -17.937435 91.231422
v -178.067841 -17.456352 90.505836
v -177.780640 -17.456352 91.352547
v -177.644012 -15.752799 91.258461
v -177.906036 -15.634025 90.430885
v -176.087860 -17.864784 89.610603
v -176.083008 -18.014042 89.400002
v -177.643585 -18.196918 88.487495
v -176.214722 -18.063797 90.274086
v -176.880371 -18.197798 87.949989
v -175.422363 -18.327381 88.827156
v -175.504608 -15.741933 87.136696
v -175.471039 -18.069635 87.181923
v -176.366638 -15.339016 91.229347
v -175.798798 -15.585176 90.838295
v -176.858826 -18.063797 91.568306
v -175.936462 -17.986607 90.933113
v -175.724274 -17.456352 90.786964
v -175.831787 -16.241467 90.861000
v -170.135437 -18.285681 82.640724
v -169.529205 -18.255877 82.880669
v -169.731934 -18.265173 83.544380
v -170.249573 -18.294081 83.187401
v -169.762512 -15.783085 83.504341
v -169.559845 -15.773787 82.840660
v -170.210052 -15.771153 83.195473
v -170.083862 -15.762630 82.632851
v -170.587494 -16.833380 82.445229
v -170.717224 -17.515142 82.858833
v -170.560699 -16.843206 82.961708
v -170.681366 -17.507536 82.415596
v -169.057465 -16.883287 83.999184
v -168.627197 -17.551275 83.230293
v -168.736542 -16.872793 83.179329
v -168.962830 -17.561918 84.069649
v -169.678436 -18.141306 81.672508
v -169.123138 -18.143129 81.501106
v -169.266449 -18.142889 82.225060
v -169.930084 -18.140642 82.217690
v -170.130157 -18.256113 84.060860
v -170.488586 -18.178381 84.694435
v -170.530579 -18.208494 83.663307
v -170.887909 -18.220793 84.298317
v -169.275513 -15.307019 82.224144
v -169.131348 -15.574325 81.500267
v -169.834656 -15.305146 82.277443
v -169.686676 -15.572503 81.671669
v -170.921356 -15.509774 84.254616
v -170.521362 -15.522653 84.651619
v -170.163940 -15.516051 84.016701
v -170.563934 -15.503172 83.619667
v -170.548370 -16.854067 81.939308
v -170.662537 -17.495977 82.240044
v -170.544006 -16.854185 82.236107
v -170.336731 -17.496958 81.874825
v -171.521454 -16.166513 83.661690
v -170.840546 -16.170332 83.347816
v -171.553467 -16.841547 83.632515
v -170.872559 -16.845358 83.318642
v -170.523865 -16.168081 82.981987
v -169.991638 -16.891829 85.182594
v -169.549805 -17.564009 84.634102
v -169.517761 -16.888979 84.663246
v -170.139282 -17.563135 85.038704
v -168.473053 -16.218676 81.297951
v -168.611908 -16.218500 82.161461
v -168.414978 -16.861059 81.280876
v -168.740936 -16.860262 82.174171
v -168.797791 -16.195337 83.147453
v -170.561188 -15.603720 82.951958
v -170.542938 -16.158178 82.455299
v -170.456055 -15.480572 82.440620
v -169.469910 -15.880883 83.706978
v -169.039185 -15.514045 83.044121
v -169.110992 -16.205755 83.957100
v -168.847015 -18.224997 83.273750
v -170.172150 -15.723795 81.821709
v -170.483673 -16.212194 82.233971
v -170.365082 -15.701361 82.230110
v -170.340820 -16.212553 81.874413
v -170.392029 -17.884043 82.231850
v -171.516968 -17.518782 83.671364
v -170.930573 -18.195616 83.266304
v -171.011566 -17.516947 83.183281
v -170.874634 -15.605904 83.311806
v -171.343567 -15.324789 83.834908
v -169.898987 -15.885365 84.281075
v -170.040344 -16.214201 85.131630
v -169.566467 -16.211351 84.612282
v -170.408722 -15.533877 85.178749
v -170.176117 -17.998266 85.003792
v -168.770813 -18.144556 82.192070
v -168.665802 -18.011034 81.359764
v -168.607788 -17.502901 82.161873
v -168.468964 -17.503080 81.298363
v -168.628906 -15.701541 81.345360
v -168.779053 -15.575750 82.191216
v -170.462341 -17.966829 82.507576
v -170.529358 -17.974752 82.991936
v -169.013275 -18.236681 84.039986
v -170.233765 -18.139486 81.843910
v -169.730560 -18.234247 84.457283
v -171.207031 -18.297899 83.981941
v -170.718689 -15.781643 85.635597
v -171.020447 -15.374681 85.334541
v -171.422607 -15.186872 84.934761
v -171.914886 -16.851480 84.452675
v -171.735840 -18.123453 84.635262
v -171.385162 -18.220655 84.983650
v -170.985199 -18.233534 85.380653
v -170.696472 -18.108927 85.666664
v -170.577942 -16.894522 85.779579
v -169.827698 -15.259908 80.981651
v -170.467590 -15.518051 81.179482
v -168.858490 -15.806533 80.683220
v -168.609009 -17.502371 80.608437
v -168.860443 -18.016546 80.686714
v -169.818481 -18.140600 80.982567
v -170.304138 -18.057402 81.132362
v -170.428162 -16.212019 81.168205
v -194.495361 3.095033 49.030987
v -193.990997 3.133407 49.485806
v -194.569214 3.133043 49.996349
v -194.768616 3.093897 49.457104
v -194.569153 5.362319 49.993130
v -193.990997 5.362685 49.485806
v -194.741364 5.361651 49.527355
v -194.458466 5.362685 49.240154
v -194.812775 4.391108 48.762524
v -194.944916 3.781843 48.979229
v -194.881470 4.389532 49.149960
v -194.887482 3.783664 48.699322
v -194.302979 4.391774 50.714458
v -193.178375 3.783664 49.912838
v -193.268494 4.391108 49.865490
v -194.269806 3.784460 50.805126
v -193.666595 3.176219 48.351849
v -193.077301 3.176219 48.296932
v -193.356018 3.176221 48.962551
v -193.971130 3.176221 48.757427
v -195.183624 3.144833 50.107555
v -195.900146 3.220607 50.112896
v -195.326813 3.175365 49.639187
v -195.816803 3.170206 49.599499
v -193.356018 5.858605 48.962551
v -193.077301 5.605994 48.296932
v -193.898621 5.858605 48.847134
v -193.666595 5.605994 48.351849
v -195.816711 5.605095 49.595989
v -195.900055 5.605839 50.109447
v -195.274170 5.605880 50.151974
v -195.326721 5.605136 49.635677
v -194.585358 4.391107 48.437466
v -194.660614 3.783664 48.561275
v -194.546753 4.391108 48.593655
v -194.362946 3.783664 48.416744
v -195.689911 4.996519 48.815792
v -195.195709 4.997076 49.212368
v -195.681519 4.389002 48.764858
v -195.196442 4.389558 49.160625
v -194.897705 4.997017 49.177746
v -196.007019 4.391908 50.769787
v -195.196869 3.784649 50.915035
v -195.191528 4.392166 50.966259
v -195.974548 3.784176 50.570431
v -192.380951 4.998550 48.232021
v -192.714844 4.998551 49.098919
v -192.321472 4.391107 48.226498
v -192.842041 4.391107 49.071865
v -193.315674 4.998551 49.840710
v -194.875702 5.503149 49.163754
v -194.774109 4.998551 48.795223
v -194.817932 5.605994 48.758190
v -194.456970 5.281900 50.296627
v -193.523560 5.605994 49.731472
v -194.320343 4.999150 50.666576
v -193.449432 3.176221 49.903271
v -194.182281 5.461384 48.399914
v -194.487885 4.998551 48.610424
v -194.374420 5.482119 48.642712
v -194.362946 4.998551 48.416744
v -194.406433 3.417463 48.633602
v -195.687408 3.781610 48.801891
v -195.197815 3.174532 49.065060
v -195.199097 3.781838 48.969494
v -195.196167 5.503177 49.176266
v -195.729156 5.758309 49.056469
v -195.239990 5.282202 50.488705
v -195.998596 4.999276 50.717083
v -195.196838 4.999534 50.913280
v -196.252411 5.606328 50.440166
v -195.965729 3.392065 50.516750
v -192.880890 3.176220 49.078579
v -192.591522 3.302582 48.251659
v -192.714844 3.783664 49.098919
v -192.380951 3.783663 48.232021
v -192.544556 5.487220 48.247280
v -192.880890 5.605994 49.078579
v -194.731476 3.375231 48.831249
v -194.874786 3.373683 49.169521
v -194.292450 3.176930 50.744823
v -194.255920 3.176219 48.406765
v -195.221710 3.176854 50.671780
v -195.750061 3.091098 49.188580
v -196.550385 5.652953 48.893459
v -196.828461 4.999144 50.607067
v -192.332458 4.998550 47.522396
v -192.332458 3.783663 47.522396
v -192.601013 3.296532 47.547421
v -193.028809 3.176219 47.587292
v -194.133148 3.253411 47.690212
v -194.387238 3.783664 47.713894
v -194.258484 4.998551 47.701900
v -216.793488 8.463742 6.952423
v -216.833527 8.502116 7.650863
v -217.483307 8.502116 7.507583
v -217.329712 8.463743 6.969420
v -217.483307 10.731394 7.507582
v -216.833527 10.731394 7.650862
v -217.350647 10.731394 7.042784
v -216.921967 10.731394 7.163649
v -216.780975 9.759817 6.529021
v -217.193939 9.152373 6.493545
v -217.242798 9.759817 6.664793
v -216.778015 9.152373 6.429367
v -217.688293 9.759817 8.225965
v -216.679840 9.152373 8.497847
v -216.696869 9.759817 8.403913
v -217.713867 9.152373 8.315580
v -215.545929 8.565348 6.576538
v -215.147186 8.565348 7.009276
v -216.101837 8.544931 7.532501
v -216.302521 8.544931 6.998947
v -218.025421 8.513725 7.206878
v -218.586456 8.589469 6.761062
v -217.868713 8.544931 6.758377
v -218.227509 8.539812 6.420257
v -216.101837 11.227314 7.532500
v -215.147186 10.995122 7.009276
v -216.325623 11.227314 7.121474
v -215.545929 10.995122 6.576537
v -218.227509 10.974704 6.420256
v -218.586456 10.974704 6.761061
v -218.123444 10.974704 7.186690
v -217.868713 10.974704 6.758376
v -216.167603 9.780233 5.901839
v -216.551514 9.152373 6.431610
v -216.510406 9.759817 6.525267
v -216.017120 9.172791 6.065169
v -217.681488 10.367259 5.901854
v -217.523773 10.367260 6.515868
v -217.645264 9.759816 5.867476
v -217.494202 9.759817 6.475142
v -217.271881 10.367260 6.676543
v -219.046814 9.759817 7.198164
v -218.498657 9.152373 7.817534
v -218.524384 9.759817 7.860747
v -218.906860 9.152373 7.065277
v -214.676025 10.387678 7.520628
v -215.837433 10.367260 8.018171
v -214.635742 9.780234 7.564299
v -215.889893 9.759817 7.921812
v -216.705780 10.367260 8.354734
v -217.247192 10.873413 6.680174
v -216.782501 10.367260 6.580580
v -216.780762 10.974704 6.522170
v -217.569672 10.650540 7.810317
v -216.745117 10.974704 8.138075
v -217.674896 10.367260 8.179075
v -216.825928 8.544931 8.336271
v -215.894897 10.850511 6.197829
v -216.489136 10.367260 6.573729
v -216.448151 10.850828 6.667113
v -216.017120 10.387677 6.065169
v -216.459686 8.786172 6.640761
v -217.670532 9.152372 5.891464
v -217.439484 8.544931 6.399779
v -217.386261 9.152373 6.326477
v -217.503906 10.873413 6.488493
v -217.850525 11.128699 6.062331
v -218.289368 10.650540 7.465651
v -219.010620 10.367260 7.163771
v -218.498657 10.367260 7.817534
v -219.050201 10.974704 6.792998
v -218.868958 8.760342 7.029281
v -215.916595 8.544931 7.906035
v -214.818481 8.691711 7.365996
v -215.837433 9.152373 8.018171
v -214.676025 9.172791 7.520628
v -214.786682 10.876347 7.400496
v -215.916595 10.974704 7.906035
v -216.784180 8.743940 6.637434
v -217.247955 8.743940 6.682846
v -217.696442 8.544931 8.254530
v -215.944672 8.565347 6.143783
v -218.378204 8.544931 7.614990
v -217.940155 8.461300 6.147445
v -219.169647 11.112598 6.155638
v -218.496948 8.622120 5.516966
v -219.430237 8.665242 6.403045
v -219.593811 9.152373 6.558363
v -219.593811 10.367260 6.558363
v -214.352051 8.685659 6.818939
v -172.997437 -20.264244 110.697975
v -173.625580 -20.225872 110.828835
v -173.737793 -20.225872 110.261177
v -173.083527 -20.264244 110.218880
v -173.737793 -17.996593 110.261177
v -173.625580 -17.996593 110.828835
v -173.172699 -17.996593 110.224648
v -173.083069 -17.996593 110.715797
v -172.547821 -18.968170 110.604286
v -172.505005 -19.575615 110.181465
v -172.713165 -18.968170 110.194923
v -172.442017 -19.575615 110.582253
v -174.611176 -18.968170 110.317665
v -174.568695 -19.575615 111.025307
v -174.464081 -18.968170 111.003487
v -174.720123 -19.575615 110.324684
v -173.026031 -20.183060 111.592751
v -173.489044 -20.183060 111.763069
v -173.654144 -20.183060 111.221046
v -173.122650 -20.183060 111.121010
v -173.827209 -20.214264 109.453987
v -173.916656 -20.138519 108.646767
v -173.262146 -20.183060 109.417427
v -173.351562 -20.188175 108.610237
v -173.654144 -17.500675 111.221046
v -173.489044 -17.753284 111.763069
v -173.122650 -17.500675 111.121010
v -173.026031 -17.753284 111.592751
v -173.351562 -17.753284 108.610237
v -173.916656 -17.753284 108.646767
v -173.827209 -17.753284 109.453987
v -173.262146 -17.753284 109.417427
v -172.304169 -18.968170 111.327248
v -172.494568 -19.575615 111.002815
v -172.598236 -18.968170 111.022316
v -172.478912 -19.575615 111.391518
v -172.492035 -18.360729 108.554665
v -172.859619 -18.360729 109.391396
v -172.434998 -18.968170 108.550972
v -172.802612 -18.968170 109.387703
v -172.770203 -18.360729 110.198616
v -174.641388 -18.968170 108.693642
v -174.659485 -19.575615 109.507790
v -174.716492 -18.968170 109.511482
v -174.421051 -19.575615 108.679390
v -174.036163 -18.360729 111.964272
v -174.282227 -18.360729 111.339241
v -174.082886 -18.968170 111.981483
v -174.157623 -18.968170 111.315804
v -174.409332 -18.360729 110.992104
v -172.731873 -17.854576 110.196114
v -172.602570 -18.360729 110.615700
v -172.540558 -17.753284 110.602791
v -174.105804 -18.077446 110.284981
v -174.168091 -17.753284 110.941841
v -174.554138 -18.360729 110.313942
v -174.497437 -20.183060 111.010445
v -172.620850 -17.897892 111.443733
v -172.651886 -18.360729 111.032417
v -172.755280 -17.877159 111.051888
v -172.478912 -18.360729 111.391518
v -172.726105 -19.941818 111.046394
v -172.474762 -19.575615 108.553535
v -172.697083 -20.183060 109.380898
v -172.594421 -19.575615 109.374275
v -172.821289 -17.854576 109.388924
v -172.758118 -17.599289 108.571846
v -174.195251 -18.077446 109.477760
v -174.584351 -18.360729 108.689919
v -174.659485 -18.360729 109.507790
v -174.380096 -17.753284 108.381721
v -174.361359 -19.967648 108.675514
v -174.185699 -20.183060 111.321083
v -173.870728 -20.056694 111.903419
v -174.282227 -19.575615 111.339241
v -174.036163 -19.575615 111.964272
v -173.907654 -17.872059 111.917030
v -174.185699 -17.753284 111.321083
v -172.662964 -19.984047 110.628273
v -172.735138 -19.984047 110.196327
v -174.645905 -20.183060 110.319893
v -172.563019 -20.183060 111.422432
v -174.392273 -20.183060 109.490517
v -172.899231 -20.266689 108.580971
v -174.497437 -17.972317 107.846931
v -174.078033 -17.615391 107.819801
v -172.898895 -18.360729 107.743568
v -173.513000 -20.183060 107.783241
v -174.078033 -20.183060 107.819801
v -174.488251 -20.062744 107.846321
v -173.167786 -17.615391 112.431404
v -173.508667 -17.972317 112.560066
v -173.710541 -19.575615 112.636269
v -173.501190 -20.062748 112.557259
v -173.167786 -20.183060 112.431404
v -172.708435 -20.183060 112.258034
v -172.119324 -18.968170 112.035652
v -173.107025 -20.501099 106.037209
v -173.669495 -20.443718 105.739235
v -173.395172 -20.439289 105.228920
v -172.868958 -20.497547 105.611946
v -173.427826 -17.867817 105.191963
v -173.702179 -17.872246 105.702278
v -172.973816 -17.879906 105.522224
v -173.216888 -17.883575 105.959053
v -172.723846 -19.015469 106.228523
v -172.414215 -19.715588 105.938637
v -172.590363 -19.010448 105.806923
v -172.620300 -19.718365 106.288673
v -174.115326 -18.969852 104.697609
v -174.522675 -19.673950 105.282051
v -174.438019 -18.975452 105.321510
v -174.193970 -19.668209 104.644020
v -173.649017 -20.183060 106.977791
v -174.160583 -20.183060 106.996956
v -173.917480 -20.400761 106.345955
v -173.424866 -20.410789 106.517769
v -172.951752 -20.421120 104.547523
v -172.509247 -20.328968 103.865089
v -172.498199 -20.397209 104.877296
v -172.054535 -20.398331 104.196175
v -173.956787 -17.306629 106.301491
v -174.160583 -17.753284 106.996956
v -173.464142 -17.316662 106.473274
v -173.649017 -17.753284 106.977791
v -172.090210 -17.589684 104.155800
v -172.544220 -17.577599 103.825539
v -172.987793 -17.582378 104.506752
v -172.533813 -17.594467 104.837013
v -172.851501 -18.968170 106.947884
v -172.851654 -19.721958 106.710701
v -172.956635 -19.019318 106.667091
v -173.044586 -19.575615 106.955147
v -171.390717 -18.308754 104.668251
v -172.201477 -18.303761 105.082314
v -171.335968 -19.010662 104.711647
v -172.146759 -19.005669 105.125740
v -172.645081 -18.308544 105.763527
v -173.108704 -18.963467 103.422096
v -173.629791 -19.666637 104.050514
v -173.684509 -18.964729 104.007118
v -172.922760 -19.668869 103.560982
v -174.764984 -18.360729 107.019630
v -174.526306 -18.286850 106.112740
v -174.816620 -18.968170 107.021553
v -174.401917 -18.989887 106.163094
v -174.397949 -18.275909 105.337349
v -172.621704 -17.725517 105.777534
v -172.781738 -18.313637 106.192513
v -172.735138 -17.614246 106.211830
v -173.722351 -17.953213 104.978188
v -174.191010 -17.580261 105.441475
v -174.078400 -18.270386 104.720863
v -174.450043 -20.376125 105.325844
v -173.201385 -17.897892 106.961006
v -173.015259 -18.317619 106.639687
v -173.118164 -17.757874 106.598244
v -173.044586 -18.360729 106.955147
v -173.060883 -20.140003 106.641914
v -171.359070 -19.710495 104.698463
v -172.044189 -20.409294 105.207558
v -171.970612 -19.710804 105.257454
v -172.178101 -17.720734 105.096352
v -171.615631 -17.424744 104.500130
v -173.278748 -17.948429 104.297005
v -173.071777 -18.264000 103.445381
v -173.647583 -18.265263 104.030373
v -172.729523 -17.566647 103.326454
v -172.869080 -20.122353 103.602333
v -174.410126 -20.390728 106.174171
v -174.582245 -20.056694 107.012764
v -174.508484 -19.688221 106.132881
v -174.764984 -19.575615 107.019630
v -174.622986 -17.872059 107.014290
v -174.445709 -17.587986 106.133888
v -172.811920 -20.184875 106.190865
v -172.593140 -20.181789 105.810921
v -174.125427 -20.370480 104.697456
v -173.137482 -20.183060 106.958626
v -173.406219 -20.373035 104.216743
v -171.689972 -20.498569 104.461861
v -172.520416 -17.504128 102.766975
v -172.021149 -17.233604 103.130745
v -171.582977 -17.426468 103.452156
v -171.057037 -18.299961 103.841255
v -171.101257 -18.999229 103.812477
v -171.039246 -19.701332 103.861397
v -171.230743 -20.257935 103.724190
v -172.559021 -19.660770 102.749733
v -172.558044 -18.960350 102.746864
v -172.481567 -18.261940 102.799232
v -173.512970 -17.458275 107.783241
v -172.860992 -17.704433 107.741127
v -174.745758 -18.360729 107.862984
v -174.676910 -18.968170 107.858528
v -174.745758 -19.575615 107.862984
v -173.019073 -20.105865 107.751320
v -172.775482 -19.575615 107.735573
v -172.788239 -18.968170 107.736397
v -172.625122 -18.313383 86.064674
v -172.194000 -18.286192 86.581856
v -172.686676 -18.284765 86.881905
v -173.045135 -18.311979 86.310219
v -172.717285 -15.802680 86.841896
v -172.224579 -15.804104 86.541847
v -173.027344 -15.789284 86.347542
v -172.597412 -15.790689 86.094582
v -172.951843 -16.859213 85.670784
v -173.371979 -17.531542 85.791725
v -173.266113 -16.860147 85.962959
v -173.016235 -17.532923 85.594429
v -172.224762 -16.905146 87.623451
v -171.554840 -17.585516 87.347694
v -171.635040 -16.906599 87.250557
v -172.156616 -17.584059 87.729652
v -171.749634 -18.230013 85.774666
v -171.360291 -18.241987 86.130440
v -171.802521 -18.241976 86.469002
v -172.157471 -18.228907 86.027016
v -173.421570 -18.268183 87.245461
v -174.157349 -18.180193 87.607857
v -173.732025 -18.220045 86.750557
v -174.466675 -18.222086 87.114388
v -171.839386 -15.255398 86.420845
v -171.393646 -15.536669 86.086830
v -172.194305 -15.242330 85.978889
v -171.783020 -15.524694 85.731056
v -174.500122 -15.511067 87.070686
v -174.190125 -15.524464 87.565041
v -173.455383 -15.528121 87.201302
v -173.765411 -15.514725 86.706917
v -172.373383 -16.858683 85.198158
v -172.585205 -17.537134 85.493904
v -172.524323 -16.863356 85.569221
v -172.218079 -17.539534 85.343330
v -174.963379 -16.167021 86.329597
v -173.977905 -16.181513 86.365700
v -174.986328 -16.841997 86.290627
v -174.000854 -16.856489 86.326698
v -173.243164 -16.185167 86.001930
v -173.775787 -16.894308 88.220924
v -172.973694 -17.576841 87.962135
v -172.950745 -16.901865 88.001106
v -173.888336 -17.565413 88.039040
v -170.925201 -16.227148 86.518135
v -171.408142 -16.228430 86.958504
v -170.877594 -16.904688 86.564949
v -171.483032 -16.901693 86.865822
v -171.681030 -16.228918 87.194527
v -173.271149 -15.620708 85.959328
v -172.922546 -16.184237 85.705025
v -172.973541 -15.506372 85.642982
v -172.514252 -15.901429 87.165321
v -171.855164 -15.546620 86.984718
v -172.264404 -16.227465 87.562630
v -171.595459 -18.260084 87.299843
v -172.121765 -15.675224 85.422310
v -172.496826 -16.188345 85.602913
v -172.434418 -15.652480 85.680183
v -172.234772 -16.186876 85.321541
v -172.425568 -17.950556 85.693001
v -174.956146 -17.519270 86.336342
v -174.042053 -18.206648 86.256203
v -174.106720 -17.527884 86.155464
v -174.005859 -15.617050 86.323067
v -174.827881 -15.325538 86.548744
v -173.248962 -15.897773 87.529091
v -173.815399 -16.216623 88.160103
v -172.990387 -16.224184 87.940315
v -174.220245 -15.533356 88.074135
v -173.915680 -18.000486 87.993843
v -171.447601 -18.255041 86.910927
v -171.041077 -18.111166 86.421455
v -171.391479 -17.581087 86.980293
v -170.908539 -17.579809 86.539925
v -171.040009 -15.679738 86.410591
v -171.480988 -15.549724 86.867317
v -172.858765 -17.993139 85.783913
v -173.240112 -17.991747 86.000404
v -172.189026 -18.258627 87.675606
v -172.139008 -18.218039 85.418861
v -173.111969 -18.246836 87.739265
v -174.713806 -18.298777 86.720070
v -174.638031 -15.481019 88.505379
v -174.988129 -15.192066 87.953743
v -175.286499 -15.354100 87.482277
v -175.631317 -16.168726 86.935219
v -175.586365 -16.846624 87.003914
v -175.614655 -17.521383 86.957039
v -175.251190 -18.212954 87.528389
v -174.950714 -18.225847 88.002632
v -174.689087 -18.151175 88.415810
v -174.566833 -17.566349 88.610756
v -174.581970 -16.889729 88.589149
v -174.649170 -16.210873 88.485359
v -171.880737 -15.446090 84.481117
v -170.537537 -16.219763 85.816994
v -170.520874 -17.572420 85.838814
v -171.915588 -17.527517 84.454597
v -171.844879 -16.177671 84.519508
v -170.871582 -18.221918 78.186867
v -170.300507 -18.183187 77.916618
v -170.081055 -18.184111 78.448341
v -170.694580 -18.222670 78.637581
v -170.088623 -15.827276 78.447594
v -170.308044 -15.826352 77.915871
v -170.618591 -15.825540 78.611015
v -170.801422 -15.824763 78.149254
v -171.284851 -16.850367 78.379860
v -171.239502 -17.492857 78.804680
v -171.046326 -16.851297 78.744270
v -171.379028 -17.492258 78.425591
v -169.266144 -16.857134 78.195320
v -169.445068 -17.498487 77.510658
v -169.542236 -16.855978 77.555458
v -169.161926 -17.499666 78.164009
v -171.022430 -18.135275 77.302284
v -170.616058 -18.136557 77.030617
v -170.351410 -18.137621 77.525261
v -170.836884 -18.136053 77.743416
v -169.835724 -18.172930 79.220299
v -169.590576 -18.093946 79.992241
v -170.365814 -18.138205 79.383720
v -170.120422 -18.144709 80.155693
v -170.360474 -15.301753 77.524345
v -170.624268 -15.567753 77.029793
v -170.845978 -15.300184 77.742500
v -171.030640 -15.566471 77.301460
v -170.128662 -15.570494 80.154854
v -169.598663 -15.572229 79.991417
v -169.844055 -15.571138 79.219475
v -170.374023 -15.569402 79.382896
v -171.660156 -16.848875 77.725410
v -171.412598 -17.491999 78.001015
v -171.319946 -16.850103 77.958244
v -171.504700 -17.491560 77.623100
v -170.932770 -16.210051 80.403648
v -170.749512 -16.210363 79.499519
v -170.984192 -16.852079 80.420341
v -170.800934 -16.852392 79.516212
v -170.994873 -16.209272 78.727547
v -168.914795 -16.858862 79.782234
v -169.057281 -17.500299 78.979362
v -169.005829 -16.858274 78.962669
v -169.119415 -17.500383 79.846169
v -170.141998 -16.211470 76.708977
v -169.783875 -16.212870 77.266838
v -170.098938 -16.853800 76.681786
v -169.895660 -16.854704 77.318184
v -169.594086 -16.213617 77.578804
v -171.032562 -15.674040 78.738472
v -171.237091 -16.208326 78.356087
v -171.295593 -15.565942 78.382576
v -169.743134 -15.913889 78.341164
v -169.815521 -15.570711 77.682381
v -169.321686 -16.214754 78.211601
v -169.507812 -18.140482 77.541542
v -171.385803 -15.718233 77.539238
v -171.273010 -16.208063 77.936012
v -171.180237 -15.697130 77.893410
v -171.508820 -16.207159 77.622688
v -171.199890 -17.879839 77.906090
v -170.944824 -17.494402 80.409065
v -170.895782 -18.136469 79.547157
v -170.994141 -17.493952 79.576622
v -170.787140 -15.675134 79.510429
v -170.685791 -15.405861 80.326454
v -169.497742 -15.914981 79.113136
v -168.970337 -16.216486 79.798515
v -169.061371 -16.215899 78.978951
v -169.105347 -15.573953 80.146904
v -169.174072 -17.914663 79.863548
v -169.865936 -18.139189 77.307091
v -170.281494 -18.004023 76.806648
v -169.779785 -17.497274 77.267250
v -170.137878 -17.495871 76.709389
v -170.256470 -15.694483 76.784218
v -169.874146 -15.570386 77.306252
v -171.176727 -17.924707 78.330666
v -171.022278 -17.925367 78.738274
v -169.229492 -18.141642 78.185677
v -171.428833 -18.133993 77.573952
v -169.305847 -18.141680 79.056862
v -170.544403 -18.226320 80.286537
v -169.271820 -15.427831 80.810280
v -170.534821 -16.853865 81.201958
v -170.545319 -17.496023 81.206047
v -169.263123 -18.142420 80.811134
v -168.678680 -16.859949 80.629097
v -168.613068 -16.217966 80.608009
v -171.709076 -18.381117 76.895531
v -200.202209 8.808014 32.524426
v -200.820312 8.839743 32.261196
v -200.352325 8.846468 31.804197
v -199.800476 8.813799 32.143597
v -200.317993 11.256924 31.806440
v -200.785980 11.250197 32.263424
v -199.840881 11.264544 32.099590
v -200.251617 11.258630 32.490810
v -199.739410 10.216411 32.714184
v -199.301392 9.566197 32.444408
v -199.467804 10.220201 32.337017
v -199.644531 9.561244 32.757931
v -201.070404 10.194606 31.352354
v -201.739288 9.528187 31.866545
v -201.626892 10.186625 31.910978
v -201.171753 9.536325 31.295240
v -200.855103 8.886779 33.543514
v -201.414673 8.878161 33.518642
v -201.278931 8.879529 32.804836
v -200.713989 8.888355 32.956280
v -199.631866 8.869465 31.193907
v -198.910400 8.961811 30.583662
v -199.154266 8.910826 31.487089
v -198.434021 8.915739 30.876768
v -201.237610 11.779917 32.807537
v -201.377289 11.505408 33.521099
v -200.672699 11.788743 32.958965
v -200.817688 11.514024 33.545956
v -198.396515 11.548518 30.879240
v -198.873657 11.540898 30.586058
v -199.593933 11.530453 31.196394
v -199.116821 11.538073 31.489546
v -199.963959 10.213836 33.583538
v -200.037079 9.555595 33.135845
v -200.137939 10.210686 33.106915
v -200.184540 9.553772 33.573544
v -197.680115 10.903298 31.324537
v -198.786316 10.886690 31.697752
v -197.641327 10.247255 31.353514
v -198.747528 10.230648 31.726728
v -199.506622 10.876244 32.308071
v -199.504303 10.217503 30.208860
v -200.324768 9.548795 30.762754
v -200.363556 10.204838 30.733809
v -199.327606 9.563663 30.322554
v -202.047852 10.838415 33.491070
v -201.918427 10.839535 32.627728
v -202.113678 10.180734 33.487957
v -201.795349 10.184793 32.662624
v -201.563629 10.844287 31.934538
v -199.466461 11.424048 32.328457
v -199.783966 10.872371 32.691845
v -199.713531 11.530147 32.718456
v -200.630005 11.164536 31.615431
v -201.316620 11.504848 32.036297
v -201.012909 10.852186 31.382566
v -201.678436 8.872483 31.895796
v -200.330231 11.365203 33.567608
v -200.185577 10.866607 33.092236
v -200.288025 11.387758 33.063274
v -200.165833 10.867394 33.574749
v -200.288849 9.155788 33.069485
v -197.684265 9.589907 31.332258
v -198.677124 8.918447 31.780241
v -198.581085 9.576643 31.834120
v -198.746155 11.434494 31.718138
v -197.893036 11.723033 31.187284
v -199.909729 11.174980 31.005125
v -199.446808 10.875083 30.239042
v -200.306061 10.862418 30.763990
v -198.976196 11.538877 30.140989
v -199.283264 9.140574 30.353132
v -201.843872 8.870704 32.653393
v -201.873993 9.007692 33.498257
v -201.937134 9.525912 32.626492
v -202.066528 9.524792 33.489849
v -201.884979 11.369191 33.498470
v -201.806458 11.497950 32.655834
v -199.868439 9.116182 32.664913
v -199.502014 9.121467 32.324627
v -201.118469 8.880514 31.333128
v -200.295532 8.895394 33.568401
v -200.108490 8.895586 30.900770
v -198.053314 8.836946 31.111372
v -198.152100 8.904079 29.894819
v -198.484406 9.028837 29.693098
v -201.098816 11.473533 34.474758
v -201.463715 11.116606 34.493099
v -201.679810 10.728195 34.503948
v -201.679810 9.513309 34.503948
v -201.455750 9.026176 34.492687
v -201.098816 8.905865 34.474758
v -200.607178 8.905865 34.450054
v -200.177429 8.983056 34.428478
v -199.965454 9.513309 34.417828
v -199.976562 10.120752 34.418377
v -170.766663 -20.256033 116.088936
v -169.904999 -20.078856 116.883644
v -170.311615 -20.256033 117.064461
v -170.360046 -20.078856 115.908150
v -171.040955 -20.375681 117.388710
v -171.495972 -20.375681 116.413185
v -171.495972 -17.293634 116.413185
v -172.108826 -17.469213 116.685677
v -171.653809 -17.469213 117.661201
v -171.040955 -17.293634 117.388710
v -170.766663 -17.293634 116.088936
v -170.311615 -17.293634 117.064461
v -170.257599 -17.492994 115.862587
v -169.802582 -17.492994 116.838112
v -172.357758 -19.858038 116.796364
v -171.590820 -20.422438 117.633186
v -171.902710 -19.858038 117.771858
v -172.045868 -20.422438 116.657661
v -172.431366 -19.003237 116.829109
v -171.976318 -19.003237 117.804604
v -172.357758 -18.148436 116.796364
v -171.902710 -18.148436 117.771858
v -170.194611 -18.148436 115.834572
v -169.739563 -18.148436 116.810097
v -170.120972 -19.003237 115.801857
v -169.665955 -19.003237 116.777382
v -169.904846 -19.858038 115.705757
v -169.449829 -19.858038 116.681282
v -169.052032 -20.218122 120.037910
v -168.533783 -20.218122 119.807472
v -169.507080 -20.168245 119.062386
v -169.921783 -20.207506 118.068947
v -171.782257 -20.218122 114.184822
v -171.263977 -20.218122 113.954384
v -172.237274 -20.170647 113.209297
v -171.286896 -20.407160 115.142403
v -169.570312 -20.145479 120.268349
v -170.025330 -20.150270 119.292824
v -170.520691 -20.207506 118.335213
v -172.300507 -20.218122 114.415230
v -172.837555 -20.208206 113.263863
v -171.885773 -20.407160 115.408699
v -170.088593 -20.218122 120.498756
v -170.995605 -20.218794 118.546394
v -172.818756 -20.218122 114.645699
v -173.209930 -20.137878 113.641762
v -172.484711 -20.407160 115.674995
v -170.543610 -17.788351 119.523232
v -169.949463 -18.054697 120.436928
v -170.025330 -17.263742 119.292824
v -169.570312 -17.823820 120.268349
v -171.119598 -17.599314 118.601509
v -170.520691 -17.074709 118.335213
v -173.273804 -17.788353 113.670174
v -172.818756 -17.788351 114.645699
v -172.755524 -17.788353 113.439735
v -172.300507 -18.165831 114.415230
v -171.885773 -17.976797 115.408699
v -172.484711 -17.599314 115.674995
v -169.507080 -17.263742 119.062386
v -169.052032 -17.823820 120.037910
v -169.921783 -17.074709 118.068947
v -172.237274 -17.568726 113.209297
v -171.782257 -18.165831 114.184822
v -171.286896 -17.976797 115.142403
v -168.629883 -17.949202 119.850227
v -168.988800 -17.788351 118.831978
v -169.322906 -17.599314 117.802681
v -171.404236 -18.333593 114.016762
v -171.719025 -17.788353 112.978859
v -170.828247 -18.144556 114.938484
v -170.637756 -19.610682 119.565102
v -170.182709 -19.610682 120.540627
v -170.543610 -20.218122 119.523232
v -171.228394 -19.705198 118.649879
v -172.912933 -19.610682 114.687538
v -173.525116 -19.610682 113.781898
v -172.593475 -19.705198 115.723335
v -170.427612 -19.003237 119.471687
v -170.041687 -19.003237 120.477913
v -171.026367 -19.003237 118.560066
v -173.577423 -19.003237 113.805183
v -173.166626 -19.003237 114.800362
v -172.855377 -19.003237 115.839790
v -170.375275 -18.395792 119.448402
v -169.989380 -18.395792 120.454659
v -170.965942 -18.301275 118.533211
v -173.525116 -18.395792 113.781898
v -173.166046 -18.395792 114.800087
v -172.846619 -18.301275 115.835915
v -168.439636 -18.395792 119.765602
v -168.592987 -18.395792 118.655952
v -168.912384 -18.301275 117.620155
v -171.520325 -18.395794 112.890541
v -171.333099 -18.489244 113.985115
v -170.742462 -18.394728 114.900337
v -168.172424 -19.003237 119.646797
v -168.540680 -19.003237 118.632729
v -168.851959 -19.003237 117.593269
v -171.889374 -19.003239 113.054634
v -171.316772 -19.003237 113.977882
v -170.717987 -19.003237 114.889442
v -168.224731 -19.610682 119.670082
v -168.894684 -19.610682 118.790077
v -169.214081 -19.705198 117.754280
v -171.985016 -19.610683 113.097145
v -171.369049 -19.610682 114.001106
v -170.778412 -19.705198 114.916328
v -169.145538 -19.977266 118.901649
v -169.479614 -20.166300 117.872353
v -171.927887 -20.115707 113.071754
v -170.687988 -20.407160 114.876106
v -173.710571 -18.360729 112.636269
v -173.654572 -18.968174 112.615150
v -172.108948 -19.575615 112.031746
v -172.209290 -18.360725 112.069649
v -172.307007 -20.105869 112.106483
v -172.178497 -17.704437 112.057991
v -172.708466 -17.458279 112.258034
v -169.741272 -17.985044 120.967751
v -169.426239 -20.297525 120.705391
v -168.577057 -20.207102 120.260414
v -168.464264 -18.377581 120.276619
v -198.156616 -4.720740 65.238869
v -198.284515 -4.681175 65.796684
v -199.063232 -4.681175 65.572594
v -198.931580 -4.720740 64.996574
v -199.063232 -2.451897 65.572594
v -198.284515 -2.451897 65.796684
v -198.923950 -2.451897 65.057411
v -198.145264 -2.451897 65.281487
v -198.013763 -3.424666 64.679741
v -198.755035 -4.032110 64.305824
v -198.818542 -3.424666 64.554375
v -197.980103 -4.032110 64.548149
v -198.098663 -3.205105 66.406960
v -196.587799 -4.638361 65.729637
v -196.727081 -4.638361 66.244835
v -197.505798 -4.638361 66.020760
v -197.366516 -4.638361 65.505562
v -199.841949 -4.669566 65.348518
v -200.620667 -4.593823 65.124428
v -199.733734 -4.639553 64.860756
v -200.508636 -4.644671 64.618431
v -197.505798 -1.955977 66.020760
v -196.727081 -2.208588 66.244835
v -197.366516 -1.955977 65.505562
v -196.587799 -2.208588 65.729637
v -200.508636 -2.209780 64.618431
v -200.620667 -2.208588 65.124428
v -199.841949 -2.208588 65.348518
v -199.733734 -2.209780 64.860756
v -196.370636 -3.423474 64.926399
v -197.205170 -4.032110 64.790474
v -197.238800 -3.424666 64.922066
v -196.423248 -4.030918 65.120857
v -200.246368 -2.817223 63.592175
v -199.610870 -2.817223 64.380150
v -200.228943 -3.424666 63.524090
v -199.593475 -3.424666 64.312065
v -198.835968 -2.817223 64.622475
v -200.799316 -3.423475 65.785210
v -200.274414 -4.030918 65.742287
v -200.286011 -3.423475 65.787071
v -200.745026 -4.030918 65.584312
v -196.891663 -2.816031 66.853630
v -197.670349 -2.816031 66.629555
v -196.905701 -3.423475 66.905617
v -197.637726 -3.423475 66.508751
v -198.824249 -2.311071 64.576714
v -198.031128 -2.817223 64.747841
v -198.011444 -2.209780 64.670708
v -199.105713 -2.532751 65.691200
v -198.072296 -2.208587 66.159218
v -199.598846 -2.646879 65.900398
v -196.465912 -2.353197 65.278786
v -197.256226 -2.817223 64.990150
v -197.289734 -2.333655 65.121391
v -196.423248 -2.816031 65.120857
v -197.280273 -4.398311 65.084373
v -200.241089 -4.032110 63.571575
v -199.561279 -4.639553 64.186073
v -199.529968 -4.032110 64.063499
v -199.599182 -2.311071 64.334389
v -200.327545 -2.055783 63.909847
v -200.179626 -2.532752 65.377769
v -200.785278 -2.816031 65.733223
v -200.274414 -2.816031 65.742287
v -201.009491 -2.208588 65.436089
v -200.730316 -4.422950 65.529900
v -197.645050 -4.638361 66.535957
v -196.841888 -4.511998 66.669533
v -197.670349 -4.030918 66.629555
v -196.891663 -4.030918 66.853630
v -196.852997 -2.327362 66.710609
v -197.588013 -2.208588 66.279442
v -198.050323 -4.440542 64.822914
v -198.825256 -4.440542 64.580589
v -199.652618 -4.642319 65.985527
v -196.448547 -4.638361 65.214470
v -199.928772 -4.638361 65.627861
v -200.370605 -4.723182 64.078346
v -201.439850 -2.070693 64.956825
v -201.139862 -2.159738 63.847225
v -201.121948 -3.423475 63.780865
v -201.604431 -4.030918 65.565590
v -201.604431 -2.816031 65.565590
v -195.931396 -1.913580 65.986641
v -195.770691 -2.159738 65.392235
v -196.070679 -2.070693 66.501839
v -196.174042 -2.427620 66.884178
v -196.235260 -2.816031 67.110603
v -196.218262 -3.423475 67.047829
v -196.235260 -4.030918 67.110603
v -196.070679 -4.638361 66.501839
v -195.809662 -4.561170 65.536339
v -195.752777 -3.423474 65.325874
v -195.780060 -2.816031 65.426781
v -198.910309 -4.638312 66.201378
v -199.637421 -4.638361 66.966820
v -199.034698 -4.638361 67.132912
v -199.274292 -1.955977 67.907463
v -199.034698 -2.208588 67.132912
v -199.877014 -1.955977 67.741371
v -199.637421 -2.208588 66.966820
v -200.577148 -3.423475 66.707878
v -200.589233 -4.030918 67.545128
v -200.471680 -3.423475 67.577507
v -200.349640 -4.030918 66.770576
v -198.322479 -2.816031 67.329185
v -198.562073 -2.816031 68.103737
v -198.261658 -3.423474 67.345940
v -198.703369 -3.423474 68.064796
v -200.164886 -2.353197 66.821480
v -200.349640 -2.816031 66.770576
v -200.326660 -4.397119 67.617470
v -198.537842 -4.511998 67.269829
v -198.322479 -4.030918 67.329185
v -198.489807 -2.327362 67.283073
v -198.671570 -2.208588 68.073570
v -200.240173 -4.638361 66.800743
v -198.968689 -2.634804 66.081154
v -198.243408 -2.750599 66.309700
v -198.157471 -4.030917 66.486855
v -198.167999 -4.634304 66.417259
v -199.898895 -4.065655 65.975914
v -199.836365 -3.380946 65.889320
v -175.189087 -18.948429 96.169441
v -175.828705 -18.720848 95.289864
v -174.613342 -18.923130 95.765968
v -175.252960 -18.612885 94.886391
v -174.677277 -18.612885 94.482918
v -173.845337 -19.167515 95.626961
v -173.461914 -18.948429 94.959053
v -174.101532 -15.736456 94.079475
v -174.677277 -15.338145 94.482918
v -174.037628 -15.565725 95.362495
v -173.461914 -15.964037 94.959053
v -175.252960 -15.338144 94.886391
v -174.613342 -15.565725 95.765968
v -175.828705 -15.736455 95.289864
v -175.189087 -15.964037 96.169441
v -174.101532 -18.720848 94.079475
v -172.962006 -18.202332 94.608681
v -173.601624 -17.974751 93.729103
v -172.903900 -17.456234 94.567970
v -173.543518 -17.228653 93.688393
v -173.357330 -16.710136 94.885750
v -173.996979 -16.482555 94.006203
v -175.933289 -16.482555 95.363136
v -175.293640 -16.710136 96.242714
v -176.240021 -17.228653 95.578133
v -175.600433 -17.456234 96.457710
v -176.181915 -17.974751 95.537422
v -175.542297 -18.202332 96.416969
v -174.654022 -18.429916 97.122292
v -172.410767 -19.403522 97.701424
v -171.881348 -19.672428 98.426216
v -173.151825 -19.417770 97.258156
v -173.973724 -19.150711 96.645546
v -174.549438 -19.176014 97.048988
v -175.741974 -18.413170 93.082832
v -176.155792 -18.341545 93.367775
v -176.710968 -18.417686 92.636665
v -176.242249 -18.181633 92.308174
v -176.118439 -18.667736 94.307655
v -175.574982 -18.387646 93.926765
v -171.937134 -19.681961 97.369545
v -171.379822 -20.037090 98.118507
v -172.635010 -19.411564 96.895973
v -173.398010 -19.395096 96.242073
v -175.266876 -18.404560 92.749886
v -175.773499 -18.377731 91.979713
v -175.030853 -18.384232 93.545448
v -170.878937 -20.038189 97.810890
v -172.116272 -19.407135 96.532143
v -172.822327 -19.176014 95.838631
v -174.802887 -18.565300 92.419685
v -175.353210 -18.264168 91.685127
v -171.922302 -16.903282 97.354286
v -170.984375 -17.461918 97.873268
v -171.458038 -17.228142 97.033577
v -171.385315 -17.044498 98.119118
v -172.620514 -16.466827 96.880287
v -172.102936 -16.740685 96.517281
v -173.398010 -15.913307 96.242073
v -172.822327 -16.191620 95.838631
v -175.343384 -15.816767 92.680489
v -175.360901 -16.042702 91.690559
v -175.773499 -16.144056 91.979713
v -174.806824 -16.093517 92.423347
v -174.497864 -15.821862 93.171944
v -175.042664 -15.426289 93.553719
v -172.392761 -16.911358 97.683998
v -171.885681 -17.317875 98.426704
v -173.136139 -16.473370 97.241646
v -173.973724 -15.913307 96.645546
v -176.242249 -15.987913 92.308174
v -175.821625 -15.812693 93.015633
v -175.586792 -15.429628 93.935066
v -172.872894 -17.244343 98.025124
v -172.386566 -17.316772 98.734322
v -173.649628 -16.760406 97.601234
v -174.549438 -16.191620 97.048988
v -176.684784 -16.050827 92.618324
v -176.240265 -16.087311 93.427925
v -176.130280 -15.831891 94.315956
v -171.462524 -19.681469 97.036751
v -170.657867 -19.359150 97.674477
v -171.375031 -19.069443 96.974342
v -172.242737 -18.736145 96.619698
v -172.543945 -18.429913 95.643562
v -174.609436 -17.950603 92.284126
v -175.219635 -17.810242 91.591530
v -174.390869 -17.947315 93.096962
v -174.486115 -18.657482 93.163704
v -170.608551 -18.679733 97.643562
v -171.543640 -18.460907 97.093300
v -172.187927 -18.067833 96.579964
v -172.485840 -17.683815 95.602821
v -174.453278 -17.264664 92.174751
v -175.172333 -17.202801 91.558388
v -174.339050 -17.237900 93.060646
v -170.791687 -17.999805 97.755409
v -171.591339 -17.845100 97.126839
v -172.236206 -17.402718 96.612373
v -172.717712 -16.937717 95.765327
v -174.506042 -16.642307 92.212807
v -175.219635 -16.595356 91.591530
v -174.396759 -16.529503 93.101082
v -172.953461 -17.875362 98.081459
v -172.694672 -17.995621 98.924202
v -173.749878 -17.424446 97.673164
v -174.654022 -16.937717 97.122292
v -177.027588 -16.595356 92.858528
v -176.320923 -16.722801 93.484657
v -176.226837 -16.540802 94.383614
v -173.002716 -18.483315 98.115822
v -172.743958 -18.675037 98.955086
v -173.806885 -18.090538 97.714546
v -174.712097 -17.683815 97.163002
v -177.150269 -17.202801 92.944527
v -176.199921 -17.356339 93.398811
v -176.278961 -17.249939 94.420143
v -173.374023 -19.116745 98.256905
v -172.473785 -19.355156 98.789803
v -173.758453 -18.757309 97.681923
v -176.796112 -17.810246 92.696327
v -176.313995 -17.980049 93.478676
v -176.220917 -17.958740 94.379463
v -173.166626 -19.428402 98.128792
v -172.381775 -19.914108 98.733803
v -173.666534 -19.425861 97.618599
v -176.858826 -15.496127 91.568336
v -177.224091 -15.853055 91.819893
v -175.735413 -16.848911 90.794624
v -176.366638 -18.063797 91.229347
v -177.216125 -17.943485 91.814400
v -177.440399 -17.456352 91.968849
v -177.380402 -16.848911 91.927559
v -177.440399 -16.241467 91.968849
v -171.296692 -17.305580 99.118568
v -171.856934 -18.313885 99.474434
v -171.291107 -20.353706 99.117958
v -171.743317 -20.266361 99.404335
v -170.398590 -20.221085 98.552498
v -170.228180 -18.996998 98.443336
v -185.868896 -9.043863 66.346535
v -186.422516 -8.805290 66.223137
v -185.560669 -9.019850 65.766014
v -186.249695 -8.694921 65.604591
v -186.076385 -8.696580 64.985909
v -184.950775 -9.276899 65.320091
v -184.943787 -9.050587 64.604866
v -185.916534 -5.713516 64.371178
v -186.091736 -5.298549 64.990410
v -185.268036 -5.538284 65.190056
v -184.957764 -5.953833 64.608955
v -186.265076 -5.296890 65.609093
v -185.576416 -5.536042 65.770607
v -186.436523 -5.708537 66.227226
v -185.882935 -5.947110 66.350624
v -185.902527 -8.810269 64.367088
v -184.679474 -8.278345 64.101723
v -185.755524 -8.037522 63.830868
v -184.651855 -7.504382 64.044167
v -185.741547 -7.263501 63.769436
v -184.898254 -6.728429 64.502449
v -185.881561 -6.488006 64.257759
v -186.464539 -6.482424 66.338585
v -185.935455 -6.720891 66.455070
v -186.522949 -7.263299 66.360878
v -186.096252 -7.493885 66.763390
v -186.555237 -8.030816 66.437126
v -186.061646 -8.268300 66.703758
v -185.508636 -8.507093 66.663231
v -183.988708 -9.524391 66.716866
v -183.741577 -9.702770 67.234367
v -184.349884 -9.538072 66.285820
v -185.010712 -9.258175 66.058632
v -185.429138 -9.281766 66.569420
v -187.062897 -8.627452 65.370445
v -187.051025 -8.549700 65.935493
v -187.789673 -8.626738 65.944969
v -187.856659 -8.405592 65.237846
v -186.574860 -8.891693 65.651131
v -186.598206 -8.611602 65.054420
v -183.551727 -9.815775 66.411507
v -183.279358 -10.042473 67.003929
v -183.943298 -9.534126 65.856529
v -184.591034 -9.514420 65.547478
v -187.081665 -8.625922 64.717628
v -188.049194 -8.601689 64.785149
v -186.621552 -8.608188 64.457039
v -182.818634 -10.044949 66.773888
v -183.535309 -9.532039 65.425346
v -184.173523 -9.289753 65.036949
v -187.161102 -8.795130 63.944866
v -188.221863 -8.488124 64.379219
v -183.550903 -6.932565 66.400627
v -182.922089 -7.654971 66.823296
v -183.122498 -7.272061 66.106117
v -183.291901 -7.266619 67.007576
v -183.946777 -6.478596 65.843010
v -183.538361 -6.765262 65.412437
v -184.607361 -5.901549 65.552238
v -184.187531 -6.193000 65.041039
v -187.187042 -6.037991 64.729134
v -188.218689 -6.266660 64.386665
v -188.049194 -6.368013 64.785149
v -187.162994 -6.323432 63.923779
v -186.644409 -6.045817 63.871899
v -186.621033 -5.650244 64.470009
v -183.983612 -6.938503 66.703575
v -183.751465 -7.518743 67.237267
v -184.352417 -6.482896 66.271324
v -185.025909 -5.898886 66.063072
v -187.856659 -6.211870 65.237846
v -187.168213 -6.026790 65.386131
v -186.597687 -5.653582 65.067406
v -184.423981 -7.281522 67.017265
v -184.212189 -7.516268 67.467278
v -184.755066 -6.778260 66.697166
v -185.443146 -6.185012 66.573509
v -187.674866 -6.274783 65.665291
v -187.049927 -6.294332 66.027702
v -186.589844 -6.051777 65.833366
v -183.115112 -9.817731 66.105675
v -182.617004 -9.415734 66.672646
v -183.037445 -9.183120 66.049019
v -183.638153 -8.835173 65.530266
v -183.974670 -8.516852 64.790993
v -187.112457 -8.181828 63.806805
v -188.276733 -8.034202 64.250221
v -186.648987 -8.171271 63.754391
v -186.644928 -8.881437 63.858974
v -182.573334 -8.785671 66.650261
v -183.195435 -8.550794 66.159264
v -183.598419 -8.141967 65.484352
v -183.935913 -7.742933 64.740456
v -187.119476 -7.498252 63.584896
v -188.296173 -7.426757 64.204536
v -186.651215 -7.461856 63.697536
v -182.743469 -8.154459 66.734612
v -183.242218 -7.911557 66.190971
v -183.639832 -7.451575 65.523918
v -184.108002 -6.967671 64.947227
v -187.117340 -6.875138 63.651211
v -188.276733 -6.819313 64.250221
v -186.648743 -6.753460 63.760876
v -184.495117 -7.935879 67.068138
v -184.493866 -8.145051 67.608513
v -184.830505 -7.466816 66.781197
v -185.515656 -6.958716 66.665291
v -187.695770 -6.800002 66.330650
v -187.045715 -6.928582 66.145485
v -186.614380 -6.762922 66.043617
v -184.537567 -8.566463 67.098869
v -184.537476 -8.775115 67.630898
v -184.871948 -8.157711 66.829079
v -185.554413 -7.732636 66.715813
v -187.657654 -7.405662 66.494270
v -187.050537 -7.563892 65.985542
v -186.606506 -7.473895 66.000572
v -184.497437 -9.186373 67.071129
v -184.287292 -9.406757 67.506554
v -184.830475 -8.849815 66.789238
v -187.764587 -8.018116 66.047432
v -187.045258 -8.185866 66.148949
v -186.570465 -8.182697 65.763618
v -184.356598 -9.475914 66.974144
v -184.201263 -9.925491 67.464104
v -184.754822 -9.543983 66.713051
v -188.612885 -5.887244 65.750465
v -188.469971 -6.244173 66.086433
v -188.805420 -5.730131 65.297768
v -189.027588 -5.976290 64.775444
v -189.052368 -7.240027 64.717125
v -188.973694 -8.377724 64.902077
v -188.805420 -8.454915 65.297768
v -188.612885 -8.454915 65.750465
v -188.385345 -7.847471 66.285393
v -188.408813 -7.240027 66.230217
v -188.385345 -6.632583 66.285393
v -183.064026 -7.592607 67.881142
v -182.531311 -7.850890 67.615410
v -183.523987 -7.753158 68.110954
v -183.864258 -8.121686 68.281151
v -184.064911 -8.523633 68.381721
v -184.059204 -9.784259 68.380058
v -183.511963 -10.417499 68.107430
v -183.846954 -10.290858 68.274559
v -182.648926 -10.342041 67.676476
v -182.452789 -9.792893 67.578011
v -182.466034 -9.162523 67.584038
v -203.533173 -3.375947 61.759884
v -204.252289 -3.148365 60.915905
v -204.018494 -3.350646 62.111309
v -204.737610 -3.040401 61.267330
v -205.222900 -3.040401 61.618755
v -204.287598 -3.595028 62.716473
v -204.989105 -3.375947 62.814159
v -205.708221 -0.163971 61.970181
v -205.222900 0.234341 61.618755
v -204.503784 0.006759 62.462734
v -204.989105 -0.391553 62.814159
v -204.737610 0.234341 61.267330
v -204.018494 0.006759 62.111309
v -204.252289 -0.163971 60.915905
v -203.533173 -0.391553 61.759884
v -205.708221 -3.148365 61.970181
v -205.410553 -2.629848 63.119320
v -206.129669 -2.402267 62.275341
v -205.459534 -1.883749 63.154781
v -206.178619 -1.656168 62.310818
v -205.077271 -1.137651 62.878002
v -205.796387 -0.910070 62.034008
v -204.164124 -0.910070 60.852062
v -203.445007 -1.137651 61.696026
v -203.905548 -1.656168 60.664822
v -203.186401 -1.883750 61.508785
v -203.954529 -2.402267 60.700283
v -203.235413 -2.629848 61.544247
v -202.871002 -2.857430 62.259792
v -202.608215 -3.894332 63.860348
v -202.104919 -4.100530 64.113747
v -203.064331 -3.845286 63.351406
v -203.389618 -3.578228 62.731808
v -202.950745 -3.603528 62.332363
v -205.614990 -2.840687 60.269054
v -205.217926 -2.769062 60.094479
v -205.632843 -2.845203 59.377590
v -206.112183 -2.609151 59.504955
v -204.930969 -3.095253 60.339947
v -205.427704 -2.815161 60.619884
v -202.853546 -4.101042 64.359764
v -202.283508 -4.319069 64.633232
v -203.443665 -3.839080 63.809566
v -203.828491 -3.822609 63.131252
v -206.075623 -2.832075 60.466366
v -206.591522 -2.805248 59.632320
v -205.924988 -2.811746 60.900127
v -202.430298 -4.319069 65.132668
v -203.824677 -3.834653 64.269386
v -204.267365 -3.603528 63.530712
v -206.529602 -2.992815 60.656322
v -207.021332 -2.691683 59.746517
v -202.864960 -1.322362 64.375038
v -202.400787 -2.016286 65.032234
v -203.073944 -1.647221 64.840111
v -202.283508 -1.643932 64.633232
v -203.459869 -0.894342 63.821575
v -203.840057 -1.168200 64.280342
v -203.828491 -0.340823 63.131252
v -204.267365 -0.619134 63.530712
v -206.102234 -0.244281 60.367825
v -207.013489 -0.470219 59.744442
v -206.591522 -0.571572 59.632320
v -206.525055 -0.521033 60.655209
v -206.412079 -0.249376 61.174648
v -205.914185 0.146197 60.894054
v -202.648743 -1.330440 63.903408
v -202.136719 -1.889294 64.133781
v -203.081451 -0.900885 63.364498
v -203.389618 -0.340823 62.731808
v -206.112183 -0.415430 59.504955
v -205.638580 -0.240208 60.169216
v -205.416901 0.142858 60.613811
v -202.423645 -1.663424 63.421688
v -201.989960 -1.889294 63.634350
v -202.704834 -1.187922 62.909237
v -202.950745 -0.619134 62.332363
v -205.659576 -0.478343 59.384686
v -205.135254 -0.514827 60.059887
v -204.920166 -0.259406 60.333874
v -203.071838 -4.100549 64.835594
v -202.495422 -3.711625 65.354347
v -203.113098 -3.488524 64.923393
v -203.732971 -3.163661 64.157082
v -204.479553 -2.857430 63.723843
v -206.717133 -2.378121 60.736675
v -207.157959 -2.237761 59.782833
v -206.509888 -2.374830 61.229778
v -206.422852 -3.084996 61.180721
v -202.510254 -3.104182 65.404747
v -203.034851 -2.879986 64.754326
v -203.774506 -2.495350 64.205467
v -204.523834 -2.111331 63.764141
v -206.868469 -1.692180 60.801556
v -207.206329 -1.630316 59.795681
v -206.557251 -1.665415 61.256435
v -202.456940 -2.496738 65.223396
v -203.012817 -2.264182 64.706490
v -203.740540 -1.830233 64.162453
v -204.347076 -1.365232 63.603268
v -206.816467 -1.069821 60.780224
v -207.157959 -1.022872 59.782833
v -206.504517 -0.957019 61.226742
v -202.386749 -2.294444 63.340923
v -201.899261 -2.496738 63.325909
v -202.629547 -1.851962 62.820614
v -202.871002 -1.365232 62.259792
v -205.309021 -1.022874 59.291546
v -205.056885 -1.150319 60.026501
v -204.831909 -0.968316 60.284145
v -202.364227 -2.902395 63.291576
v -201.884460 -3.104182 63.275478
v -202.586243 -2.518055 62.770306
v -202.826721 -2.111331 62.219494
v -205.183594 -1.630316 59.258205
v -205.175079 -1.783854 60.076168
v -204.784302 -1.677455 60.257290
v -202.383606 -3.499609 63.332256
v -201.963257 -3.711625 63.543636
v -202.620483 -3.184824 62.813442
v -205.545776 -2.237761 59.354458
v -205.064545 -2.407565 60.028759
v -204.837341 -2.386256 60.287182
v -202.452362 -3.777885 63.484325
v -201.989960 -4.211105 63.634350
v -202.686829 -3.853377 62.895077
v -205.907288 -0.438550 58.512127
v -206.748413 0.075491 58.710262
v -207.367645 -1.434404 58.856136
v -207.378540 -2.041847 58.858685
v -207.170380 -2.572099 58.809689
v -206.748413 -2.649292 58.710262
v -206.265564 -2.649292 58.596523
v -205.915131 -2.528980 58.513973
v -205.695068 -2.041847 58.462139
v -205.753937 -1.434404 58.476009
v -205.695068 -0.826961 58.462139
v -201.543213 -2.427621 65.339165
v -201.300568 -1.913580 64.441597
v -201.149200 -2.816031 63.881741
v -201.118774 -4.030918 63.769207
v -201.300568 -4.638361 64.441597
v -201.178833 -4.561170 63.991329
v -201.439850 -4.638361 64.956825
v -201.540924 -4.518049 65.330803
v -201.587433 -3.423475 65.502846
v -205.273987 -1.439694 55.537197
v -204.904724 -1.183436 54.501492
v -205.873871 -1.419047 55.276226
v -205.503540 -1.073021 54.240200
v -206.103760 -1.079850 53.979336
v -206.587463 -1.694003 55.327465
v -207.074677 -1.460180 54.754620
v -206.666016 2.036981 53.706509
v -206.060486 2.476356 53.965725
v -206.429779 2.220099 55.001431
v -207.035248 1.780723 54.742214
v -205.460266 2.483185 54.226589
v -205.829529 2.226928 55.262295
v -204.865326 2.057467 54.489086
v -205.234589 1.801210 55.524807
v -206.705414 -1.203923 53.718899
v -207.586029 -0.655885 54.524990
v -207.216766 -0.399627 53.489269
v -207.636749 0.153652 54.495556
v -207.267487 0.409909 53.459866
v -207.154144 0.969257 54.697933
v -206.784912 1.225514 53.662228
v -204.766113 1.248482 54.539577
v -205.135376 0.992225 55.575298
v -204.456177 0.441894 54.681683
v -204.825439 0.185637 55.717388
v -204.526581 -0.369021 54.658459
v -204.895844 -0.625278 55.694164
v -205.349304 -0.881096 56.356197
v -206.491974 -1.957113 57.286572
v -206.382019 -2.144288 57.876003
v -206.465881 -1.969834 56.705898
v -206.089020 -1.672504 56.126247
v -205.471436 -1.692653 56.323467
v -205.082977 -0.845464 52.991772
v -204.694855 -0.763686 53.258556
v -204.272980 -0.837873 52.552639
v -204.660522 -0.585180 52.189617
v -204.761322 -1.120264 53.629452
v -205.298553 -0.821965 53.323421
v -207.007019 -2.266182 57.277782
v -206.873260 -2.503916 57.946514
v -207.027130 -1.969937 56.572018
v -206.710144 -1.945217 55.930172
v -205.527222 -0.840674 52.679440
v -205.053802 -0.801779 51.828426
v -205.840118 -0.824128 53.018169
v -207.360199 -2.510620 58.015682
v -207.590637 -1.971998 56.437389
v -207.325165 -1.714631 55.732143
v -205.963135 -1.019660 52.370174
v -205.402588 -0.681724 51.503323
v -206.989471 0.751092 57.261684
v -207.231873 -0.008564 57.992199
v -207.492035 0.391768 57.257381
v -206.837921 0.401150 57.935390
v -207.006378 1.227700 56.550716
v -207.572266 0.923451 56.417553
v -206.664154 1.835830 55.915691
v -207.285736 1.526273 55.719738
v -205.417572 1.970828 52.598431
v -205.366852 1.730734 51.500042
v -205.024292 1.623881 51.819149
v -205.926849 1.664605 52.363384
v -206.336761 1.952726 52.708553
v -205.789276 2.388178 53.012508
v -206.481628 0.748973 57.271572
v -206.354218 0.141402 57.867260
v -206.446411 1.227422 56.684277
v -206.046265 1.843156 56.112804
v -204.631561 1.797092 52.180508
v -204.970245 1.979843 52.912777
v -205.247742 2.390424 53.317760
v -205.964569 0.394181 57.287121
v -205.867249 0.148106 57.798107
v -205.892609 0.922512 56.818188
v -205.432007 1.548251 56.311077
v -204.263519 1.732216 52.522594
v -204.586090 1.685107 53.305645
v -204.712097 1.959451 53.624325
v -207.519562 -2.272361 57.267712
v -207.568329 -1.853942 58.043850
v -207.606659 -1.608974 57.262356
v -207.444824 -1.241662 56.466320
v -207.614105 -0.907948 55.633724
v -206.135956 -0.353992 52.240475
v -205.507935 -0.189826 51.398266
v -206.471313 -0.356567 52.657360
v -206.385925 -1.126742 52.713741
v -207.609436 -1.194965 58.048306
v -207.416077 -0.945744 57.264080
v -207.496124 -0.516637 56.448086
v -207.666595 -0.098461 55.610729
v -206.272919 0.389407 52.135036
v -205.539337 0.469459 51.359219
v -206.513550 0.413264 52.625347
v -207.424591 -0.532877 58.020657
v -207.356354 -0.276336 57.262615
v -207.435547 0.206284 56.456432
v -207.407867 0.714716 55.687023
v -206.215393 1.065759 52.168179
v -205.491882 1.129481 51.393215
v -206.446747 1.183169 52.654766
v -205.885986 -0.289935 57.291286
v -205.574524 -0.507408 57.757915
v -205.791779 0.202728 56.848507
v -205.329620 0.739356 56.349987
v -203.985016 1.143551 52.789623
v -204.519073 0.995769 53.361492
v -204.625366 1.190652 53.681423
v -205.840973 -0.949445 57.294765
v -205.533417 -1.166385 57.753475
v -205.738037 -0.519858 56.867443
v -205.277130 -0.070131 56.372982
v -203.890778 0.484853 52.886898
v -204.640564 0.306623 53.283566
v -204.582855 0.421125 53.713604
v -205.893097 -1.598566 57.295681
v -205.802856 -1.829637 57.793102
v -205.798889 -1.244575 56.858913
v -204.193970 -0.177557 52.615871
v -204.542114 -0.369601 53.361065
v -204.649963 -0.349223 53.683987
v -206.059937 -1.902902 57.294628
v -205.897919 -2.373265 57.807751
v -205.907043 -1.971806 56.838940
v -203.518799 1.355481 52.055630
v -207.305481 -0.170668 58.841488
v -206.265625 -0.081622 58.596554
v -207.273102 -0.826961 58.833874
v -199.174927 8.261693 38.298077
v -199.527405 8.489274 37.266323
v -199.828735 8.286994 38.556866
v -200.181213 8.597239 37.525112
v -200.834961 8.597239 37.783886
v -200.376526 8.042612 39.125835
v -201.136292 8.261693 39.074444
v -201.488770 11.473669 38.042706
v -200.834961 11.871980 37.783886
v -200.482483 11.644399 38.815655
v -201.136292 11.246087 39.074459
v -200.181213 11.871980 37.525112
v -199.828735 11.644399 38.556866
v -199.527405 11.473668 37.266323
v -199.174927 11.246087 38.298077
v -201.488770 8.489275 38.042706
v -201.704010 9.007792 39.299175
v -202.056488 9.235373 38.267422
v -201.769989 9.753890 39.325298
v -202.122467 9.981472 38.293545
v -201.255066 10.499989 39.121456
v -201.607544 10.727571 38.089687
v -199.408661 10.727571 37.219311
v -199.056183 10.499989 38.251064
v -199.060303 9.981471 37.081402
v -198.707794 9.753890 38.113171
v -199.126282 9.235373 37.107525
v -198.773804 9.007792 38.139294
v -198.725189 8.780210 38.960629
v -199.063751 7.806603 40.485088
v -198.601685 7.431161 40.831905
v -199.407806 7.792354 40.040386
v -199.467377 8.059412 39.337246
v -198.839294 8.034111 39.018536
v -200.625458 8.796953 36.298885
v -200.141571 8.868579 36.204281
v -200.241089 8.792437 35.370541
v -200.787628 9.028489 35.398281
v -199.959686 8.542388 36.521313
v -200.592804 8.822479 36.703487
v -199.487152 7.528164 40.860973
v -198.955414 7.310136 41.247387
v -199.949951 7.798560 40.363003
v -200.095459 7.815031 39.655941
v -201.184448 8.805564 36.403240
v -201.334137 8.832393 35.426006
v -201.226715 8.825893 36.885845
v -199.309082 7.310136 41.662838
v -200.494354 7.802987 40.686718
v -200.723572 8.034112 39.974621
v -201.733398 8.644826 36.501400
v -201.824188 8.945958 35.450893
v -199.505646 10.306844 40.871975
v -199.237946 9.612919 41.579311
v -199.915649 9.981984 41.241192
v -198.955414 9.985274 41.247387
v -199.970459 10.743298 40.369961
v -200.513641 10.469440 40.692928
v -200.095490 11.296816 39.655941
v -200.723572 11.018506 39.974621
v -201.167145 11.393358 36.295254
v -201.815216 11.167420 35.450436
v -201.334137 11.066067 35.426006
v -201.728210 11.116607 36.501217
v -201.847565 11.388264 37.064510
v -201.212921 11.783837 36.881893
v -199.085083 10.298765 40.498608
v -198.601685 9.739910 40.831905
v -199.429596 10.736754 40.048092
v -199.467377 11.296816 39.337246
v -200.787628 11.222211 35.398281
v -200.604462 11.397432 36.190243
v -200.579041 11.780498 36.699520
v -198.650848 9.965780 40.118298
v -198.248016 9.739910 40.416454
v -198.891235 10.449718 39.727413
v -198.839294 11.018506 39.018536
v -200.271606 11.159298 35.372097
v -200.041626 11.122813 36.186398
v -199.945892 11.378233 36.517345
v -199.911591 7.528656 41.237637
v -199.466064 7.917580 41.847256
v -199.990997 8.140681 41.306896
v -200.362701 8.473979 40.607357
v -201.027252 8.780210 40.128735
v -201.960968 9.259519 36.543896
v -201.979919 9.399880 35.458797
v -201.972229 9.262810 37.100384
v -201.861267 8.552645 37.068432
v -199.501770 8.525023 41.889172
v -199.839417 8.749220 41.173214
v -200.421478 9.142290 40.641079
v -201.090637 9.526309 40.160885
v -202.144684 9.945460 36.578243
v -202.035065 10.007324 35.461590
v -202.032593 9.972225 37.117733
v -199.373322 9.132466 41.738308
v -199.796631 9.365024 41.135387
v -200.372192 9.807408 40.610363
v -200.837677 10.272408 40.032528
v -202.081970 10.567818 36.567440
v -201.979919 10.614767 35.458797
v -201.965363 10.680620 37.098400
v -198.578949 9.334762 40.054317
v -198.029572 9.132466 40.159863
v -198.784424 9.785677 39.665462
v -198.725189 10.272408 38.960629
v -199.871918 10.614767 35.351788
v -199.946594 10.487322 36.168835
v -199.833435 10.669324 36.484982
v -198.535095 8.726810 40.015224
v -197.993866 8.525023 40.117916
v -198.723267 9.119585 39.630459
v -198.661804 9.526309 38.928478
v -199.728882 10.007324 35.344524
v -200.089600 9.853786 36.194622
v -199.772705 9.960185 36.467510
v -198.572144 8.129596 40.047268
v -198.183746 7.917580 40.340969
v -198.772827 8.452816 39.661175
v -200.141815 9.399879 35.365490
v -199.955414 9.230075 36.169521
v -199.840332 9.251385 36.486980
v -198.706665 7.851319 40.167873
v -198.248016 7.418100 40.416454
v -198.868195 7.784263 39.718975
v -200.607178 11.630645 34.450054
v -200.039917 11.384488 34.421581
v -201.619904 10.120752 34.500957
v -200.072876 10.728194 34.423229
v -198.534149 9.424827 42.122936
v -197.772369 9.513872 41.228115
v -197.509888 9.156944 40.919781
v -197.354431 8.768533 40.737164
v -197.354431 7.553646 40.737164
v -198.579712 8.161090 42.176434
v -205.109833 11.905670 7.192885
v -204.624542 12.109113 7.535628
v -204.683289 11.927631 6.629942
v -204.095551 12.217027 7.058501
v -203.565521 12.210196 6.580946
v -204.467987 11.661057 5.751646
v -203.829590 11.890143 5.503828
v -203.062164 15.260400 6.114958
v -203.595886 15.690551 6.594130
v -204.283356 15.523468 6.077483
v -203.853455 15.091081 5.513213
v -204.125916 15.697380 7.071684
v -204.710114 15.528645 6.640486
v -204.652252 15.280889 7.547652
v -205.133698 15.106606 7.202254
v -203.034485 12.088623 6.102934
v -203.464966 12.685884 5.017271
v -202.581146 12.875637 5.691237
v -203.427887 13.485597 4.962798
v -202.534576 13.667892 5.646056
v -203.769958 14.289907 5.408583
v -202.958984 14.466215 6.025206
v -204.741608 14.489186 7.631392
v -205.205231 14.307313 7.302199
v -205.017090 13.699881 7.882842
v -205.426666 13.509835 7.599852
v -204.956696 12.906247 7.831648
v -205.377625 12.709080 7.540678
v -205.751892 12.465079 6.613219
v -206.092651 11.417666 4.716383
v -206.609863 11.237223 4.503371
v -205.630005 11.399861 5.089430
v -205.295593 11.686077 5.876372
v -205.676636 11.663937 6.497939
v -203.120514 12.423886 7.968474
v -203.556122 12.505116 8.236938
v -203.090729 12.422684 8.932220
v -202.566895 12.667747 8.699903
v -203.871674 12.160553 8.026182
v -203.330872 12.451580 7.625060
v -205.899384 11.115601 4.110915
v -206.489258 10.885756 3.880355
v -205.320435 11.402188 4.498091
v -204.912354 11.418966 5.253966
v -202.615997 12.427136 7.663069
v -202.039032 12.453528 8.465849
v -202.786896 12.448551 7.222350
v -206.371216 10.882861 3.258361
v -205.009460 11.402591 3.904586
v -204.532837 11.648948 4.633009
v -202.117126 12.250506 7.366270
v -201.568420 12.569014 8.257139
v -205.911041 14.095750 4.099440
v -206.413361 13.353312 3.390670
v -205.725586 13.744002 3.506942
v -206.510620 13.754997 3.888762
v -205.330139 14.560430 4.491042
v -205.017609 14.262365 3.898009
v -204.940186 15.153387 5.264906
v -204.556671 14.849886 4.642394
v -202.609558 15.177538 7.775114
v -201.597687 14.930051 8.269911
v -202.059784 14.827451 8.474852
v -202.145050 14.877539 7.378355
v -202.277802 15.165283 6.838225
v -202.826141 15.592360 7.243010
v -206.100708 14.090486 4.699995
v -206.626678 13.494727 4.509978
v -205.638947 14.557731 5.080992
v -205.321472 15.158382 5.886549
v -202.587250 14.999207 8.708738
v -203.117584 15.187806 8.082594
v -203.370148 15.595469 7.645720
v -206.296143 13.736850 5.313109
v -206.744720 13.497622 5.131987
v -205.944000 14.254166 5.667662
v -205.700500 14.864876 6.507323
v -203.083313 14.937829 8.928724
v -203.667603 14.901943 8.299940
v -203.909790 15.174599 8.046339
v -205.707794 11.112697 3.504958
v -206.323669 11.533095 2.984175
v -205.676361 11.768488 3.394911
v -205.089569 12.123320 4.051482
v -204.354462 12.446767 4.334792
v -201.917358 12.901391 7.244383
v -201.422760 13.049781 8.192503
v -202.151093 12.905066 6.750456
v -202.239716 12.151479 6.818083
v -206.316620 12.184321 2.923323
v -205.750000 12.422406 3.612258
v -205.060852 12.839654 3.990920
v -204.321930 13.246497 4.274382
v -201.757935 13.628462 7.146727
v -201.375305 13.694777 8.171400
v -202.105865 13.658391 6.714964
v -206.364349 12.836892 3.151091
v -205.774261 13.083238 3.675139
v -205.093719 13.553424 4.048338
v -204.481476 14.048743 4.527129
v -201.820679 14.290560 7.182692
v -201.434052 14.340947 8.197401
v -202.170135 14.411972 6.760527
v -206.323456 13.060626 5.413939
v -206.812744 12.847891 5.514235
v -206.000366 13.542796 5.780196
v -205.763794 14.065548 6.617903
v -203.462952 14.363358 9.097120
v -203.747589 14.227554 8.349134
v -203.999756 14.422360 8.114944
v -206.338348 12.408917 5.474837
v -206.819824 12.196664 5.575102
v -206.030518 12.828860 5.843230
v -205.796326 13.265818 6.678297
v -203.595001 13.719297 9.155746
v -203.612244 13.552731 8.269270
v -204.045288 13.669335 8.150679
v -206.316467 11.768071 5.421050
v -206.751587 11.543591 5.239256
v -205.997406 12.113317 5.785658
v -203.191895 13.069324 8.977034
v -203.727539 12.891275 8.340117
v -203.980682 12.915318 8.104856
v -206.254059 11.468515 5.226698
v -206.726166 11.007344 5.124693
v -205.938019 11.395493 5.678359
v -202.379272 15.345723 9.571409
v -201.245544 15.238571 9.068647
v -201.274719 14.541461 9.081648
v -201.166046 13.894739 9.033522
v -202.982635 13.269284 9.839155
v -202.924164 13.914160 9.813169
v -202.993896 14.560452 9.844053
v -207.346191 13.424219 3.767134
v -207.208069 13.156859 3.048720
v -207.577240 11.810732 5.043593
v -207.586761 11.159565 5.117476
v -207.175201 11.149470 2.948668
v -207.182739 11.801055 2.964629
v -211.338013 9.984776 5.487441
v -210.241058 10.212358 5.308104
v -211.537170 10.010077 4.820921
v -210.440216 10.320323 4.641585
v -210.639374 10.320323 3.975066
v -212.066101 9.765696 4.208312
v -211.935516 9.984776 3.487883
v -210.838562 13.196753 3.308531
v -210.639374 13.595065 3.975066
v -211.736328 13.367483 4.154402
v -211.935516 12.969171 3.487883
v -210.440216 13.595065 4.641585
v -211.537170 13.367483 4.820921
v -210.241058 13.196753 5.308104
v -211.338013 12.969171 5.487441
v -210.838562 10.212358 3.308531
v -212.108429 10.730876 2.909087
v -211.011505 10.958457 2.729766
v -212.128540 11.476974 2.841826
v -211.031586 11.704556 2.662490
v -211.971680 12.223073 3.366805
v -210.874725 12.450654 3.187453
v -210.204895 12.450654 5.429182
v -211.301849 12.223073 5.608519
v -210.098755 11.704556 5.784331
v -211.195709 11.476974 5.963667
v -210.118835 10.958457 5.717055
v -211.215790 10.730876 5.896391
v -212.065308 10.503294 5.816756
v -213.722504 9.510366 5.335463
v -214.126404 9.338890 5.725111
v -213.230011 9.496118 5.074004
v -212.376556 9.782496 5.047392
v -212.113159 9.757195 5.698485
v -209.240387 10.328291 4.324797
v -209.267731 10.407057 4.875960
v -208.432709 10.318309 4.742857
v -208.327454 10.568674 4.119551
v -209.617767 10.060688 5.090117
v -209.641663 10.359017 4.371474
v -214.065613 9.231927 4.871840
v -214.517365 9.013900 5.322218
v -213.506226 9.502324 4.504698
v -212.639954 9.538115 4.396285
v -209.204681 10.335242 3.688262
v -208.218750 10.355535 3.494887
v -209.663361 10.360592 3.651122
v -214.908356 9.013900 4.919295
v -213.783356 9.506751 3.933043
v -212.903320 9.757195 3.745192
v -209.164124 10.160564 3.062560
v -208.123596 10.474816 2.935652
v -214.075073 12.010607 4.852385
v -214.829742 11.316683 5.000319
v -214.412720 11.685748 4.402617
v -214.517365 11.689037 5.322218
v -213.511292 12.447062 4.483962
v -213.787750 12.173203 3.913619
v -212.764313 13.000581 4.473860
v -213.027710 12.722270 3.822768
v -209.124695 13.110055 3.713713
v -208.143127 12.857512 2.952895
v -208.236603 12.751284 3.501906
v -209.184967 12.811723 3.076232
v -209.705109 13.106839 2.953566
v -209.686554 13.533205 3.676055
v -213.734222 12.002529 5.312926
v -214.126404 11.443674 5.725111
v -213.235718 12.440519 5.051939
v -212.376556 13.019900 5.047392
v -208.344971 12.921570 4.126448
v -209.160736 13.116723 4.354506
v -209.664856 13.531713 4.396422
v -213.387604 11.669544 5.787688
v -213.735413 11.443674 6.128035
v -212.961090 12.153481 5.617323
v -212.113159 12.741590 5.698485
v -208.445618 12.856749 4.715468
v -209.292908 12.825271 4.996886
v -209.639954 13.102346 5.114668
v -214.409454 9.232419 4.407043
v -215.081879 9.621344 4.740462
v -214.472534 9.844445 4.320296
v -213.715240 10.177743 4.071455
v -213.155090 10.483974 3.507949
v -209.154449 10.818929 2.805312
v -208.096710 10.960873 2.759246
v -209.692383 10.826754 2.805220
v -209.682892 10.065426 2.929076
v -215.121368 10.228787 4.699812
v -214.350616 10.452983 4.486144
v -213.743866 10.846054 4.009932
v -213.181641 11.230073 3.442229
v -209.148254 11.553891 2.598296
v -208.090759 11.612108 2.698180
v -209.700104 11.587445 2.738875
v -214.979370 10.836231 4.846114
v -214.316071 11.068788 4.532973
v -213.717377 11.511171 4.061858
v -213.075562 11.976171 3.704482
v -209.158112 12.221671 2.671660
v -208.106415 12.263911 2.763076
v -209.703461 12.347463 2.817473
v -213.329193 11.038525 5.866438
v -213.493958 10.836232 6.376875
v -212.908325 11.489442 5.729201
v -212.065308 11.995492 5.816756
v -208.519623 12.274767 5.170149
v -209.294067 12.144058 5.103102
v -209.630463 12.342369 5.240279
v -213.293488 10.430574 5.914504
v -213.454498 10.228788 6.417540
v -212.878601 10.823349 5.793227
v -212.038727 11.249393 5.882475
v -208.542816 11.623984 5.331587
v -209.278961 11.463963 4.938277
v -209.622681 11.581976 5.307066
v -213.322632 9.833361 5.874037
v -213.664398 9.621344 6.201216
v -212.905121 10.156580 5.741011
v -208.457001 10.970339 4.858138
v -209.282532 10.795543 5.089110
v -209.619354 10.821523 5.227980
v -213.432892 9.555083 5.726561
v -213.735413 9.121864 6.128036
v -212.830383 9.507346 5.563155
v -207.462952 13.258602 4.388609
v -207.547699 12.877924 4.849150
v -207.210724 12.453140 3.088378
v -207.221863 10.581991 3.215178
v -207.324402 10.501730 3.758605
v -207.442413 10.504624 4.380553
v -207.529114 10.635768 4.832488
v -207.596466 12.462603 5.121291
v -215.040253 11.290128 6.072096
v -215.500305 11.043969 5.572783
v -214.641510 11.133017 6.504820
v -214.345551 10.776089 6.825987
v -214.170319 10.387677 7.016142
v -214.218872 9.780234 6.963438
v -214.170319 9.172791 7.016142
v -214.641510 8.565348 6.504790
v -215.040253 8.565347 6.072096
v -215.388763 8.642539 5.693831
v -215.560669 9.172790 5.507246
v -215.551697 9.780233 5.517043
v -215.473572 10.387676 5.601805
v -180.733887 -11.870817 70.671745
v -181.408142 -11.284874 69.950737
v -181.848053 -11.286856 70.398735
v -180.993469 -12.201077 71.307671
v -182.303986 -11.397522 70.826134
v -181.861877 -8.393227 71.395149
v -181.362946 -7.990278 71.023125
v -180.676422 -8.493006 71.759865
v -181.175385 -8.895956 72.131905
v -180.923035 -7.988295 70.575127
v -180.236481 -8.491024 71.311882
v -180.542084 -8.387281 70.051216
v -179.855591 -8.890010 70.787941
v -181.617462 -11.900251 71.562859
v -181.888947 -11.150899 72.094139
v -182.575470 -10.648170 71.357399
v -181.822815 -10.400025 72.281609
v -182.509369 -9.897296 71.544868
v -181.365814 -9.647389 72.071022
v -182.052307 -9.144661 71.334267
v -180.572723 -9.137994 69.827568
v -179.886200 -9.640723 70.564323
v -180.448822 -9.888013 69.446617
v -179.762329 -10.390741 70.183357
v -180.603760 -10.639287 69.349571
v -179.917236 -11.142015 70.086311
v -179.650879 -11.644749 70.849739
v -180.297699 -11.894305 70.218925
v -178.505188 -13.694761 72.370461
v -179.458832 -13.073268 72.487526
v -178.835938 -13.477901 72.761131
v -179.258392 -13.026436 72.101952
v -179.723877 -12.887997 72.075829
v -179.372742 -12.894172 71.635048
v -180.047363 -12.373548 71.408485
v -179.611176 -12.397034 70.955666
v -182.430328 -10.646282 68.871452
v -182.074829 -10.571814 68.610573
v -182.454681 -10.418488 68.029961
v -182.877411 -10.182179 68.314842
v -182.114960 -10.815139 69.515251
v -179.706726 -13.355618 73.025856
v -178.976318 -13.807632 73.274666
v -180.077057 -12.883667 72.518059
v -180.523499 -12.621541 71.809868
v -182.833038 -10.639132 69.188774
v -183.327240 -10.381108 68.492180
v -182.576904 -10.813440 69.877251
v -179.975342 -13.357065 73.469749
v -179.200226 -13.809749 73.732323
v -180.432129 -12.881076 72.961632
v -183.249847 -10.801431 69.459785
v -183.070892 -11.090308 70.179100
v -179.157562 -10.558661 73.222145
v -178.564423 -11.492875 73.700356
v -179.444916 -10.888596 73.641228
v -178.381042 -11.116215 73.328056
v -179.622620 -9.918673 72.873482
v -179.970490 -10.196361 73.322121
v -180.078735 -9.116388 72.339149
v -180.521210 -9.398648 72.784492
v -182.714996 -8.007448 69.763557
v -183.565887 -8.030647 69.272301
v -183.187134 -8.131467 69.048012
v -183.102234 -8.312058 70.102791
v -182.650879 -8.235551 70.818367
v -182.175995 -7.835465 70.469887
v -178.934570 -10.564667 72.761955
v -178.324432 -11.360466 72.836555
v -179.332184 -9.923113 72.390480
v -179.684113 -9.114253 71.847679
v -182.739807 -7.972776 68.860741
v -182.308167 -8.001819 69.446938
v -181.760681 -7.836952 70.045845
v -178.772461 -10.898511 72.258141
v -178.208191 -11.357878 72.353874
v -179.099304 -10.209776 71.873299
v -179.337372 -9.392242 71.310066
v -182.330658 -8.034787 68.631554
v -181.883514 -8.301228 69.152489
v -181.404968 -8.240026 69.546242
v -179.051361 -13.200073 73.950890
v -179.882751 -12.741529 73.533333
v -180.230988 -12.205018 72.964760
v -180.930969 -12.402981 72.299629
v -181.097198 -11.652575 72.651100
v -183.344177 -10.183136 69.722755
v -183.712433 -10.268015 68.723213
v -183.808655 -9.811255 68.900612
v -183.047516 -10.375546 70.496391
v -178.915466 -12.589240 74.021385
v -179.670166 -12.128602 73.431099
v -180.184723 -11.532215 73.071114
v -181.008606 -10.901825 72.824364
v -183.398651 -9.492995 69.976540
v -183.814697 -9.199614 69.074593
v -182.982025 -9.661578 70.671974
v -178.725647 -11.977205 73.867867
v -179.514435 -11.508770 73.447731
v -180.025818 -10.862381 73.111916
v -180.721313 -10.150001 72.750114
v -183.420135 -8.865622 70.182442
v -183.732422 -8.587684 69.202919
v -182.832977 -8.948260 70.762138
v -178.870239 -11.533070 72.114662
v -178.283997 -11.967375 72.033989
v -179.173737 -10.877954 71.693703
v -179.394104 -10.142819 71.097099
v -182.044861 -8.582163 68.330681
v -181.749084 -8.941659 68.855614
v -181.436218 -8.953333 69.335930
v -178.977966 -12.144563 72.004173
v -178.419891 -12.578209 71.963493
v -179.273254 -11.548330 71.554344
v -179.482635 -10.893568 70.923836
v -181.968445 -9.193575 68.120338
v -181.924957 -9.579714 68.796898
v -181.501434 -9.667020 69.160149
v -179.126923 -12.745516 71.982521
v -178.629913 -13.190693 72.200890
v -179.195709 -12.220696 71.667305
v -182.337128 -9.806442 68.140038
v -181.899170 -10.207332 68.584648
v -181.517212 -10.381224 69.180290
v -181.685028 -11.095417 69.093132
v -180.984222 -11.391576 69.482170
v -184.005920 -9.154245 68.352898
v -183.051270 -10.419972 67.877434
v -182.559143 -8.531724 67.629951
v -177.814575 -11.746262 73.343895
v -177.550140 -13.783008 72.227394
v -177.802521 -14.410598 73.340385
v -174.585724 -15.860122 74.884895
v -175.439880 -15.273019 74.394661
v -175.111816 -15.279951 73.857613
v -174.033051 -16.195616 74.479012
v -174.806763 -15.395524 73.308983
v -174.170074 -12.392482 73.628471
v -174.413177 -11.984748 74.208168
v -173.541382 -12.488673 74.707222
v -173.298248 -12.896407 74.127510
v -174.741302 -11.977816 74.745247
v -173.869476 -12.481739 75.244286
v -175.154358 -12.371683 75.239662
v -174.282532 -12.875607 75.738731
v -173.934937 -15.899447 73.808037
v -173.490845 -15.154708 73.421532
v -174.362671 -14.650784 72.922462
v -173.298584 -14.404648 73.447197
v -174.170410 -13.900724 72.948128
v -173.397797 -13.648426 73.950096
v -174.269653 -13.144502 73.451012
v -175.373138 -13.121184 75.257347
v -174.501312 -13.625107 75.756432
v -175.707092 -13.868251 75.463661
v -174.835266 -14.372174 75.962715
v -175.833160 -14.619710 75.329582
v -174.961334 -15.123633 75.828651
v -174.162140 -15.629802 75.908684
v -174.919220 -15.878648 75.419258
v -172.426392 -17.683996 76.395454
v -172.688477 -17.067144 75.493004
v -172.187744 -17.470957 75.946709
v -172.859039 -17.017359 75.992897
v -172.993713 -16.881052 75.542519
v -173.335632 -16.882761 75.990623
v -173.713867 -16.364046 75.383949
v -174.047363 -16.382570 75.918297
v -176.720459 -14.632760 73.646782
v -176.888641 -14.554916 74.057579
v -177.536835 -14.399860 73.821098
v -177.362793 -14.167399 73.340569
v -176.026489 -14.804058 73.804985
v -172.073456 -17.354494 75.334221
v -171.757446 -17.804518 75.618919
v -172.650879 -16.881208 75.092049
v -173.437927 -16.616888 74.820732
v -176.509430 -14.629565 73.176903
v -177.296478 -14.369654 72.855904
v -175.786285 -14.806886 73.266426
v -171.709198 -17.360022 74.966438
v -171.413452 -17.810442 75.239311
v -172.307220 -16.883123 74.639397
v -176.345428 -14.795609 72.702950
v -175.610138 -15.088075 72.708733
v -171.890198 -14.555871 75.494881
v -171.206299 -15.490693 75.839302
v -171.431793 -14.889921 75.462471
v -171.487152 -15.110920 76.151375
v -172.216644 -13.916085 75.473396
v -171.865082 -14.198283 75.024925
v -172.841248 -13.112714 75.155174
v -172.514954 -13.399931 74.614464
v -175.941284 -12.000785 73.174370
v -176.612854 -12.025140 72.453148
v -176.739532 -12.122700 72.877159
v -175.704071 -12.309422 72.712685
v -174.910339 -12.235120 72.989159
v -175.136383 -11.830516 73.539726
v -172.236908 -14.558053 75.874580
v -171.926910 -15.351840 76.391640
v -172.743347 -13.915771 75.663567
v -173.221771 -13.105582 75.657890
v -176.815826 -11.960634 73.361443
v -176.150726 -11.991181 73.648216
v -175.447235 -11.827321 74.046974
v -172.647003 -14.888060 76.214302
v -172.336212 -15.345727 76.683739
v -173.055115 -14.198410 76.219810
v -173.656586 -13.378534 76.122658
v -176.940308 -12.019206 73.816689
v -176.333282 -12.286676 74.132515
v -175.842743 -12.225554 74.510918
v -171.152374 -17.201521 75.292519
v -171.629303 -16.744406 75.046242
v -172.260345 -16.206072 74.840416
v -173.063110 -16.403372 74.307106
v -172.767365 -15.655943 74.066109
v -176.117432 -14.179395 72.552498
v -177.164825 -14.259893 72.424049
v -177.018829 -13.804695 72.290810
v -175.302795 -14.375143 72.661812
v -171.035797 -16.590559 75.391441
v -171.680847 -16.129776 75.282768
v -172.150360 -15.533677 74.865074
v -172.583496 -14.905808 74.117134
v -175.889252 -13.491075 72.443810
v -176.855774 -13.194144 72.247856
v -175.121918 -13.661919 72.689430
v -171.109131 -15.976758 75.625923
v -171.631317 -15.509258 75.435646
v -172.077118 -14.863292 75.015724
v -172.591309 -14.152081 74.421379
v -175.699158 -12.865066 72.378319
v -176.715942 -12.582585 72.302361
v -175.003662 -12.948403 72.819069
v -172.763062 -15.522109 76.380379
v -172.664307 -15.953531 76.735756
v -173.242157 -14.865860 76.184669
v -173.871185 -14.128092 76.112221
v -177.160339 -12.563320 74.164574
v -176.584412 -12.924622 74.330147
v -176.049011 -12.937730 74.525108
v -172.891663 -16.133469 76.296654
v -172.798157 -16.564119 76.851860
v -173.396362 -15.535886 76.115440
v -174.055054 -14.878227 76.061195
v -177.341919 -13.173068 74.285164
v -176.679016 -13.563201 74.167198
v -176.230011 -13.650672 74.497826
v -172.944489 -16.735041 76.151726
v -172.636414 -17.179358 76.351585
v -173.266327 -16.208590 76.161079
v -177.406342 -13.787898 73.914589
v -176.874207 -14.189394 74.238396
v -176.210968 -14.365100 74.473274
v -176.330688 -15.079603 74.324425
v -175.791046 -15.374724 74.920174
v -177.895050 -12.115753 73.701988
v -177.704529 -11.584417 72.860924
v -177.575653 -11.841205 72.303093
v -177.579987 -12.522127 72.334602
v -177.555450 -13.152670 72.239143
v -177.595337 -14.332717 72.434959
v -177.691742 -14.411781 72.857185
v -177.936157 -13.778893 73.912148
v -177.883423 -14.284904 73.691277
v -177.925537 -13.148726 73.854088
v -177.941864 -12.518268 73.913811
v -171.314636 -15.556067 76.603279
v -170.843628 -15.814165 76.261406
v -171.721100 -15.716778 76.899071
v -172.021637 -16.085426 77.118263
v -172.198822 -16.487444 77.247826
v -172.146301 -17.118036 77.210930
v -172.193085 -17.748068 77.246162
v -172.005219 -18.254595 77.110619
v -171.301819 -18.383432 76.599556
v -170.946228 -18.305361 76.340904
v -170.773163 -17.756144 76.214012
v -170.785217 -17.125776 76.221535
v -170.867828 -16.495012 76.280327
v -192.277130 -6.048230 65.718147
v -193.264343 -5.485631 65.858513
v -193.240021 -5.490122 66.461571
v -192.392975 -6.368525 66.455070
v -193.241882 -5.599400 67.066582
v -192.517120 -2.702793 67.013176
v -192.444733 -2.311707 66.402977
v -191.844086 -2.794075 66.512230
v -191.980103 -3.185161 67.112587
v -192.469086 -2.307217 65.799904
v -191.804047 -2.789584 65.905418
v -192.590179 -2.689323 65.203957
v -191.860016 -3.171690 65.292213
v -192.234589 -6.081767 66.924751
v -192.032227 -5.361514 67.435112
v -193.039551 -4.879147 67.576912
v -191.848602 -4.637816 67.482613
v -192.855896 -4.155449 67.624428
v -192.167206 -3.910128 67.210808
v -192.693878 -3.427761 67.136086
v -192.775787 -3.412659 65.107750
v -192.032593 -3.895026 65.169975
v -192.969940 -4.134418 64.799767
v -192.191071 -4.616785 64.834648
v -193.148682 -4.859022 64.873970
v -192.374969 -5.341390 64.883858
v -191.670502 -5.825696 65.198769
v -192.307617 -6.068297 65.115547
v -189.792603 -7.798199 65.382637
v -190.449158 -7.203707 66.145088
v -189.847198 -7.591213 65.873955
v -190.550354 -7.157159 65.749107
v -190.921722 -7.025810 66.061760
v -190.944611 -7.029593 65.522758
v -191.606354 -6.530597 65.850517
v -191.572449 -6.550663 65.243324
v -194.751556 -4.873393 66.079994
v -194.697327 -4.799673 65.648460
v -195.381042 -4.652859 65.631493
v -195.421295 -4.632416 66.119621
v -194.066101 -5.035550 66.184044
v -190.424011 -7.477650 66.585503
v -189.675262 -7.910299 66.349693
v -190.899445 -7.023817 66.603172
v -191.705261 -6.772281 66.453377
v -194.796844 -4.868741 66.580498
v -195.643341 -4.621390 66.590782
v -194.119568 -5.036480 66.757133
v -190.397339 -7.480845 67.081886
v -189.603546 -7.913955 66.830421
v -190.877777 -7.023511 67.146828
v -194.885925 -5.027396 67.067421
v -194.239410 -5.305940 67.323845
v -189.846344 -4.779888 66.403786
v -189.083984 -5.678176 66.425346
v -189.850311 -5.099711 66.893379
v -189.140198 -5.313854 66.032188
v -190.429474 -4.164749 66.407280
v -190.467133 -4.434533 66.954689
v -191.008850 -3.392913 66.471367
v -191.053314 -3.667527 67.079414
v -194.291229 -2.332708 66.792961
v -195.233673 -2.358266 67.205803
v -195.137207 -2.453420 66.776634
v -194.310608 -2.628472 67.294563
v -193.478973 -2.553641 67.327873
v -193.405945 -2.165455 66.750145
v -189.920258 -4.784060 65.921669
v -189.371368 -5.548343 65.624443
v -190.459991 -4.167078 65.868263
v -191.031982 -3.388423 65.868156
v -194.966156 -2.298215 66.311623
v -194.242584 -2.325025 66.289467
v -193.429779 -2.164452 66.180183
v -190.070648 -5.104403 65.443062
v -189.547058 -5.544688 65.187584
v -190.572479 -4.441612 65.474388
v -191.122711 -3.654057 65.269722
v -194.852295 -2.355825 65.855095
v -194.166199 -2.611269 65.785240
v -193.550446 -2.550644 65.618065
v -189.353973 -7.326002 66.908058
v -190.282288 -6.887294 67.074028
v -190.720734 -6.371062 67.003349
v -191.692474 -6.564134 67.063698
v -191.585693 -5.842153 67.409691
v -194.757751 -4.432297 67.286690
v -195.739258 -4.514443 67.028831
v -195.675049 -4.074915 67.202812
v -193.990631 -4.617408 67.478020
v -189.198914 -6.736797 66.880135
v -190.160828 -6.295496 66.869225
v -190.613678 -5.722585 67.037697
v -191.402130 -5.118455 67.457695
v -194.608704 -3.767761 67.468422
v -195.551117 -3.485709 67.301567
v -193.816132 -3.929265 67.519569
v -189.125397 -6.145894 66.649483
v -190.019562 -5.697457 66.788506
v -190.464081 -5.076375 66.949013
v -191.230255 -4.392494 67.201851
v -194.472076 -3.163505 67.597282
v -195.399780 -2.895765 67.303886
v -193.646545 -3.241257 67.446465
v -190.235229 -5.716204 65.392982
v -189.792908 -6.132005 64.989799
v -190.749176 -5.085661 65.411842
v -191.308105 -4.377393 65.173012
v -194.876495 -2.881664 65.460228
v -194.291595 -3.227479 65.514961
v -193.726685 -3.237948 65.529610
v -190.389404 -6.305866 65.373878
v -189.947998 -6.721211 65.017723
v -190.918518 -5.731996 65.393578
v -191.491638 -5.101091 65.125023
v -194.978607 -3.470283 65.284569
v -194.456543 -3.843116 65.626839
v -193.901123 -3.925820 65.487709
v -190.528107 -6.885674 65.576134
v -189.990997 -7.312749 65.324272
v -190.786774 -6.379781 65.415596
v -195.218781 -4.062620 65.595207
v -194.594849 -4.447580 65.490990
v -193.898804 -4.614224 65.514687
v -194.079132 -5.303164 65.604668
v -193.314911 -5.585930 65.257362
v -196.171783 -4.518049 66.875847
v -195.931396 -4.638360 65.986656
v -195.749634 -4.030917 65.314247
v -189.014679 -6.632582 64.805809
v -189.056763 -7.847470 64.706932
v -188.473083 -8.334602 66.079124
v -200.294434 1.763712 50.404079
v -199.324646 2.325983 50.198132
v -199.398132 2.320585 49.568264
v -200.623199 1.442600 49.831341
v -199.445648 2.210392 48.934978
v -200.161560 5.107162 49.029446
v -200.183624 5.499177 49.671917
v -201.173248 5.017142 49.880459
v -201.151154 4.625127 49.237988
v -200.110199 5.504575 50.301785
v -201.099792 5.022540 50.510342
v -199.941223 5.123355 50.919048
v -200.930817 4.641321 51.127605
v -200.435272 1.728358 49.143520
v -200.678009 2.447864 48.620174
v -199.688416 2.929898 48.411617
v -200.864380 3.171510 48.580212
v -199.874817 3.653545 48.371670
v -200.985504 3.899955 49.099957
v -199.995941 4.381989 48.891384
v -199.748871 4.400144 51.009869
v -200.738495 3.918109 51.218410
v -199.530762 3.678828 51.321880
v -200.520386 3.196793 51.530422
v -199.359222 2.954091 51.234692
v -200.348816 2.472056 51.443249
v -201.099823 1.987517 51.266155
v -200.214935 1.744551 51.033154
v -202.973328 0.015343 51.453472
v -202.476318 0.608514 50.549740
v -203.070404 0.221608 50.951641
v -202.303253 0.655613 50.934536
v -201.996307 0.786379 50.537685
v -201.873596 0.783383 51.085201
v -201.284027 1.281677 50.612637
v -201.204529 1.262517 51.241711
v -197.864624 2.937712 49.877728
v -197.883240 3.012089 50.332546
v -197.202301 3.158849 50.309795
v -197.161285 3.210155 49.783947
v -198.554382 2.775477 49.809429
v -202.737244 0.333843 50.040005
v -203.378479 -0.098049 50.550137
v -202.118835 0.787581 49.987576
v -201.298859 1.039073 49.975018
v -197.860474 2.941603 49.351086
v -197.019958 3.188839 49.290066
v -198.548065 2.773677 49.206356
v -202.913208 0.329966 49.563747
v -203.592590 -0.102339 50.105953
v -202.241211 0.787093 49.435070
v -197.811676 2.782202 48.836330
v -198.475189 2.503347 48.606426
v -203.231903 3.032185 50.428982
v -203.964203 2.134302 50.692745
v -203.376709 2.711672 49.948421
v -203.791412 2.499144 51.056377
v -202.677856 3.646988 50.207760
v -202.808105 3.376413 49.657955
v -201.986664 4.418639 50.094875
v -202.056000 4.143115 49.463223
v -198.380280 5.477371 49.154827
v -197.477295 5.451080 48.667095
v -197.538116 5.356585 49.122219
v -198.401978 5.180848 48.629040
v -199.231232 5.255727 48.643078
v -199.256622 5.644793 49.251614
v -203.015259 3.028649 50.873684
v -203.447601 2.265096 51.370098
v -202.485229 3.645399 50.724346
v -201.851807 4.424010 50.708126
v -197.670166 5.512512 49.618847
v -198.387512 5.485821 49.684750
v -199.186432 5.646653 49.846828
v -202.726898 2.708894 51.286983
v -203.147827 2.269266 51.732601
v -202.230316 3.371554 51.207516
v -201.651398 4.159230 51.302929
v -197.746033 5.455605 50.103558
v -198.422272 5.200347 50.217525
v -199.020599 5.261296 50.428722
v -203.853729 0.485645 50.121899
v -203.020325 0.923592 49.613369
v -202.368866 1.439804 49.613384
v -201.424866 1.246324 49.352093
v -201.594147 1.967828 49.018520
v -197.956970 3.376985 48.613506
v -196.960388 3.295113 48.825680
v -197.038391 3.734385 48.646709
v -198.735046 3.191674 48.458706
v -203.992828 1.074977 50.206081
v -203.073822 1.515747 49.858318
v -202.480438 2.088264 49.599300
v -201.783478 2.691516 49.006039
v -198.119934 4.041263 48.431072
v -197.169647 4.323456 48.549755
v -198.911835 3.879775 48.424496
v -203.992828 1.666245 50.458477
v -203.183807 2.113979 49.989040
v -202.611023 2.734653 49.719982
v -201.904846 3.417910 49.302425
v -198.266235 4.645339 48.303371
v -197.320221 4.913414 48.555416
v -199.074402 4.567913 48.510036
v -202.555054 2.097069 51.275677
v -202.853790 1.682087 51.835720
v -202.045044 2.727541 51.236187
v -201.451233 3.435976 51.364941
v -197.689758 4.930360 50.516247
v -198.275574 4.584531 50.493938
v -198.838226 4.574107 50.511929
v -202.402496 1.507348 51.237911
v -202.714661 1.092754 51.751537
v -201.875214 2.081177 51.221020
v -201.261902 2.712289 51.377438
v -197.573944 4.341995 50.694973
v -198.120789 3.968707 50.367977
v -198.661469 3.886277 50.546520
v -202.292938 0.927359 51.115932
v -202.766754 0.500762 51.436169
v -202.008820 1.433404 51.226498
v -197.360657 3.749161 50.356503
v -197.972260 3.364433 50.502941
v -198.665985 3.197834 50.519375
v -198.494141 2.508738 50.415600
v -199.225311 2.226586 50.824612
v -196.729919 5.743602 49.999233
v -196.791779 5.387227 50.380810
v -196.646545 5.899969 49.485516
v -196.555969 4.996710 48.928829
v -196.539673 4.389121 48.829128
v -196.537811 3.781661 48.818417
v -196.573761 3.251731 49.040554
v -196.646606 3.175190 49.489468
v -196.729980 3.175935 50.002941
v -196.828461 3.784258 50.608791
v -196.790497 3.296787 50.375500
v -196.818298 4.391610 50.545345
v -204.359100 2.327540 51.262051
v -204.813110 2.056015 50.845364
v -203.970520 2.160571 51.624737
v -203.685272 1.775672 51.894894
v -203.574341 0.695383 52.014019
v -203.534760 0.036174 52.060650
v -204.004425 -0.627790 51.635403
v -203.719238 -0.494489 51.897701
v -204.395081 -0.631438 51.273373
v -204.735535 -0.550801 50.956615
v -204.896973 0.023454 50.798351
v -204.880127 0.683190 50.803982
v -204.795593 1.343557 50.872372
v -195.503204 5.592440 44.309155
v -196.194702 6.155039 43.537136
v -195.650055 6.150550 43.200726
v -194.778564 5.272145 44.177624
v -195.125336 6.041271 42.844891
v -194.574524 8.937878 43.382565
v -195.045654 9.328963 43.790737
v -194.338928 8.846597 44.577633
v -193.867798 8.455509 44.169460
v -195.590302 9.333453 44.127132
v -194.883606 8.851087 44.914043
v -196.208496 8.951349 44.391766
v -195.501740 8.468981 45.178661
v -194.418610 5.558904 43.631802
v -193.807953 6.279156 43.474102
v -194.514679 6.761523 42.687206
v -193.615265 7.002854 43.574581
v -194.321991 7.485222 42.787670
v -193.906555 7.730543 43.973965
v -194.613281 8.212910 43.187054
v -196.445129 8.228012 44.318447
v -195.738403 7.745646 45.105343
v -196.873016 7.506252 44.363262
v -196.166290 7.023886 45.150173
v -196.955750 6.781648 44.194912
v -196.249023 6.299281 44.981808
v -195.456757 5.814974 45.373699
v -196.052551 5.572374 44.640987
v -193.959381 3.842472 46.735561
v -193.705292 4.436964 45.851833
v -193.491974 4.049459 46.493450
v -194.150146 4.483512 45.971920
v -194.116028 4.614861 45.524593
v -194.640869 4.611077 45.777782
v -194.796509 5.110074 45.096050
v -195.345825 5.090007 45.427883
v -197.141632 6.767278 42.447842
v -197.481506 6.840997 42.767101
v -198.012817 6.987813 42.307613
v -197.635773 7.213265 41.925915
v -196.532135 6.605120 42.851604
v -193.088043 4.163020 45.713680
v -192.915985 3.730371 46.452892
v -193.589294 4.616853 45.269726
v -194.296936 4.868389 44.715633
v -196.734192 6.771930 42.089642
v -197.364410 7.019282 41.500317
v -196.066803 6.604191 42.440411
v -192.570923 4.159826 45.539639
v -192.389984 3.726716 46.323879
v -193.060883 4.617160 45.013302
v -196.371765 6.613276 41.710171
v -195.657257 6.334731 41.987621
v -192.955109 6.860782 46.283886
v -192.515015 5.962495 46.932644
v -192.461670 6.540959 46.086117
v -192.943878 6.326818 47.040264
v -193.271484 7.475921 45.779720
v -192.737946 7.206137 45.529934
v -193.790588 8.247758 45.250576
v -193.247864 7.973145 44.910091
v -196.164825 9.307962 42.298824
v -196.512299 9.282405 41.380444
v -196.818146 9.187251 41.727261
v -195.736847 9.012198 41.957775
v -195.079346 9.087030 42.508389
v -195.534027 9.475216 42.936123
v -193.483734 6.856610 46.411541
v -193.483490 6.092327 47.002789
v -193.833923 7.473592 45.967358
v -194.376251 8.252249 45.535824
v -197.099304 9.342456 42.148785
v -196.572388 9.315646 42.661282
v -196.054932 9.476218 43.292095
v -194.050751 6.536268 46.471844
v -194.022156 6.095984 47.024685
v -194.425079 7.199059 46.092770
v -195.004852 7.986613 45.765881
v -197.416168 9.284844 42.525448
v -196.959656 9.029402 43.043301
v -196.642120 9.090027 43.576321
v -192.174469 4.314667 46.508266
v -192.515747 4.753376 45.641933
v -193.085938 5.269608 45.208096
v -193.711853 5.076536 44.418713
v -193.310211 5.798517 44.328167
v -196.081482 7.208375 41.655163
v -197.050293 7.126228 41.148098
v -196.848297 7.565756 41.078609
v -195.333282 7.023263 42.058147
v -192.117676 4.903874 46.653042
v -192.656433 5.345175 45.827999
v -192.978333 5.918086 45.274456
v -193.135925 6.522216 44.447369
v -195.808533 7.872910 41.638973
v -196.667511 8.154963 41.099377
v -195.164825 7.711406 42.151073
v -192.310822 5.494776 46.807995
v -192.660675 5.943214 45.981838
v -192.956909 6.564294 45.435925
v -193.256653 7.248177 44.710278
v -195.591644 8.477165 41.648846
v -196.551178 8.744905 41.202038
v -195.101257 8.399414 42.315563
v -194.191742 5.924466 46.349819
v -194.357269 5.508666 46.891216
v -194.608215 6.555010 45.986187
v -195.226440 7.263278 45.669704
v -197.782867 8.759007 42.766781
v -197.292847 8.413192 43.133602
v -196.853302 8.402723 43.512814
v -194.295685 5.334805 46.224453
v -194.414062 4.919459 46.746426
v -194.744476 5.908674 45.863110
v -195.400726 6.539579 45.550503
v -198.015015 8.170389 42.811260
v -197.318695 7.797556 42.946972
v -197.022003 7.714851 43.420147
v -194.297852 4.754996 46.076260
v -194.127319 4.327922 46.587688
v -194.631165 5.260890 45.954937
v -197.922302 7.578052 42.443035
v -197.543060 7.193092 42.940533
v -196.996429 7.026447 43.404095
v -197.053253 6.337507 43.221218
v -196.759277 6.054742 43.854076
v -198.126068 9.670983 41.643581
v -197.397522 8.161090 40.787807
v -197.515594 7.066514 40.926495
v -197.772369 6.946202 41.228130
v -198.126068 6.946202 41.643581
v -198.587677 7.553645 42.185848
v -198.435211 7.023394 42.006710
v -198.510406 8.768532 42.095074
v -193.028809 5.743889 47.587292
v -192.591461 5.386961 47.546535
v -193.618103 5.901001 47.642208
v -194.298065 5.654844 47.705578
v -194.373962 4.391107 47.712627
v -193.618103 3.176219 47.642208
v -192.404297 4.391106 47.529079
v -196.949310 11.534254 26.348433
v -196.847351 12.143028 25.371977
v -196.119080 12.149399 25.414488
v -196.253510 11.198988 26.647947
v -195.392090 12.042443 25.430861
v -195.356201 15.175051 26.152554
v -196.079681 15.586774 26.206371
v -196.180634 15.064769 27.202831
v -195.457153 14.653046 27.149014
v -196.807953 15.580403 26.163876
v -196.908936 15.058398 27.160320
v -197.541016 15.155939 26.025066
v -197.641998 14.633934 27.021496
v -195.493042 11.520438 26.427320
v -194.851654 12.309121 26.644636
v -194.750671 12.831126 25.648205
v -194.769196 13.092916 26.829342
v -194.668213 13.614922 25.832912
v -195.333801 13.871051 26.976315
v -195.232880 14.393055 25.979855
v -197.682312 14.371632 25.836910
v -197.783264 13.849626 26.833370
v -198.079346 13.585085 25.633846
v -198.180298 13.063079 26.630291
v -198.014801 12.802575 25.457714
v -198.115753 12.280571 26.454161
v -197.811890 11.762426 27.193876
v -197.677887 11.501326 26.299818
v -197.781158 9.632439 29.069014
v -196.815216 10.289394 28.529982
v -197.192444 9.865310 29.141569
v -197.278046 10.332452 28.376219
v -196.868561 10.480406 28.050917
v -197.510193 10.466370 27.955305
v -197.050262 11.012250 27.344893
v -197.778839 10.979322 27.296278
v -196.685242 12.805891 23.901119
v -197.199799 12.877724 23.941952
v -197.270447 13.034669 23.262005
v -196.675781 13.149922 23.195538
v -196.509796 12.633973 24.585384
v -196.200378 10.002928 28.764997
v -196.694733 9.528296 29.428831
v -196.223969 10.492554 28.146269
v -196.324921 10.762101 27.328291
v -196.085754 12.820094 23.871273
v -196.134521 13.085896 23.030437
v -195.823547 12.643469 24.549679
v -195.632294 10.008350 28.917219
v -196.157654 9.532783 29.620665
v -195.576691 10.502918 28.241331
v -195.508423 12.657372 23.797344
v -195.154236 12.362347 24.447447
v -196.534821 12.914684 29.280209
v -196.741669 11.941174 30.022322
v -195.970703 12.577727 29.400785
v -197.176056 12.328195 29.868162
v -196.354523 13.581874 28.717617
v -195.712921 13.300180 28.820370
v -196.315369 14.416158 28.023754
v -195.589386 14.130476 28.061764
v -195.751923 15.567271 24.382839
v -195.327301 15.545233 23.458584
v -195.838379 15.434605 23.541332
v -195.153748 15.256721 24.378506
v -195.048645 15.340060 25.206219
v -195.733002 15.749251 25.261654
v -197.072968 12.901717 29.085888
v -197.586517 12.068071 29.540388
v -196.971069 13.569722 28.550762
v -197.033630 14.409881 27.919201
v -196.383026 15.594181 23.697414
v -196.354614 15.566359 24.415936
v -196.421356 15.739726 25.220669
v -197.590057 12.547207 28.818129
v -198.042938 12.064734 29.259138
v -197.562317 13.263632 28.319836
v -197.744049 14.111642 27.748074
v -196.925140 15.523679 23.796658
v -196.960571 15.247676 24.476254
v -197.113739 15.311469 25.083279
v -196.129913 10.169067 29.882460
v -195.665131 10.649604 29.027113
v -195.752411 11.205677 28.378065
v -195.594025 10.998433 27.423765
v -195.179504 11.785438 27.577101
v -195.225311 13.305177 23.931988
v -195.612549 13.209441 22.948513
v -195.391266 13.688052 23.018032
v -194.938812 13.110235 24.700130
v -196.197571 10.805125 30.025953
v -195.928314 11.285383 29.093061
v -195.711243 11.907446 28.489363
v -195.127869 12.568763 27.766050
v -194.984711 14.027411 24.086315
v -195.253693 14.327245 23.144817
v -194.864746 13.855454 24.875500
v -196.477051 11.439633 30.038923
v -196.053131 11.930085 29.209745
v -195.820953 12.604474 28.626158
v -195.438049 13.348926 27.902355
v -194.809692 14.683461 24.226650
v -195.230194 14.965507 23.295910
v -194.929199 14.598393 25.042553
v -197.610504 11.885341 28.645567
v -198.211121 11.426952 28.970335
v -197.630676 12.566159 28.135771
v -197.853638 13.327810 27.550671
v -197.410767 14.947738 23.760113
v -197.305267 14.576105 24.342815
v -197.244415 14.566285 24.904736
v -197.597656 11.247938 28.490965
v -198.143402 10.790894 28.826841
v -197.646881 11.867027 27.964964
v -197.905243 12.544485 27.361723
v -197.639252 14.307805 23.652676
v -197.192627 13.912148 24.181622
v -197.318878 13.821352 24.729382
v -197.482513 10.622797 28.375074
v -197.784668 10.156965 28.862730
v -197.642700 11.166948 28.097731
v -197.292633 13.672558 23.422802
v -197.376190 13.255740 24.039410
v -197.296783 13.077506 24.731808
v -197.212860 12.333848 24.554625
v -197.576935 12.023332 25.303373
v -196.857269 15.804491 22.809139
v -196.291290 15.982900 22.684841
v -196.333221 13.036671 22.682095
v -196.896790 13.028144 22.806561
v -197.553406 13.674879 22.954266
v -197.304047 13.152041 22.897030
v -197.649811 11.857657 30.175627
v -197.122528 11.599970 30.496183
v -198.112549 11.680429 29.897413
v -198.459686 11.289041 29.690687
v -198.667969 10.865834 29.568113
v -198.621216 10.209918 29.601393
v -198.686676 9.552212 29.566877
v -197.691772 8.911428 30.172865
v -197.288269 9.001315 30.415998
v -197.081635 9.577827 30.536406
v -197.082703 10.234473 30.530714
v -197.163513 10.889846 30.476866
v -219.652679 7.082111 2.171691
v -219.484070 7.644711 3.213928
v -220.028564 7.640222 3.396514
v -220.094543 6.761817 2.246689
v -220.566956 7.530942 3.606185
v -220.734924 10.427548 2.858107
v -220.212891 10.818634 2.575652
v -220.117401 10.336267 1.642836
v -220.669189 9.945182 1.808089
v -219.668396 10.823125 2.393050
v -219.564758 10.340757 1.583281
v -219.101501 10.441019 2.310286
v -219.011414 9.958652 1.629424
v -220.740234 7.048574 2.543242
v -221.144928 7.768828 2.453795
v -221.081787 8.251195 3.577742
v -221.202087 8.492526 2.261809
v -221.178711 8.974894 3.409133
v -220.768219 9.220215 2.016905
v -220.791870 9.702581 3.078292
v -218.960571 9.717683 2.464141
v -218.909607 9.235316 1.816619
v -218.628479 8.995924 2.553862
v -218.613800 8.513556 1.982879
v -218.641449 8.271319 2.759322
v -218.668182 7.788952 2.186888
v -218.695923 7.300910 1.687102
v -218.821716 7.043800 2.093077
v -218.450195 5.209369 0.288437
v -219.493469 5.825098 0.590530
v -219.155640 5.437205 -0.011810
v -218.966461 5.878986 0.898086
v -219.533722 6.015955 1.053436
v -218.699158 6.017726 1.423339
v -219.425690 6.545863 1.798843
v -218.711609 6.531144 1.838745
v -219.286835 8.256949 4.738463
v -218.933105 8.330668 4.503050
v -218.652527 8.477483 5.152282
v -219.052795 8.589467 5.442657
v -219.535614 8.094791 4.132995
v -220.199432 5.527939 0.146652
v -220.129333 6.012258 0.844742
v -220.114532 6.282715 1.686828
v -219.703918 8.261601 4.994644
v -219.383728 8.508952 5.811751
v -220.120667 8.093862 4.419403
v -220.844696 5.519236 -0.190979
v -220.727539 6.006745 0.635849
v -220.092194 8.102945 5.287094
v -220.566254 7.824402 4.775329
v -219.744049 8.397431 -0.276521
v -220.393677 8.052240 -0.582246
v -219.881226 9.051326 0.313735
v -220.479462 8.758710 0.096160
v -219.973114 9.873371 1.010268
v -220.657593 9.575066 0.842986
v -220.085052 10.797633 4.599471
v -220.077179 10.772076 5.679762
v -219.741913 10.676922 5.404768
v -220.513153 10.501870 4.831206
v -220.729187 10.576701 3.934661
v -220.236267 10.964887 3.662703
v -219.132996 8.398158 0.097167
v -219.319458 9.054615 0.589431
v -219.309143 9.884622 1.241149
v -219.404572 10.832127 5.042952
v -219.666656 10.805317 4.338789
v -219.721436 10.965890 3.490950
v -218.554688 8.062778 0.540023
v -218.078400 7.756735 0.199798
v -218.794403 8.768476 0.923156
v -218.586578 9.609197 1.345855
v -219.052338 10.774516 4.739638
v -219.150574 10.519073 4.096785
v -219.184784 10.579698 3.419402
v -220.790771 6.150227 -0.292801
v -220.533142 6.701513 0.533828
v -220.786499 6.497434 1.464401
v -221.143372 7.260983 1.242873
v -220.332458 8.698045 5.257185
v -219.726868 8.615899 6.089995
v -219.902924 9.055427 6.102293
v -220.796906 8.512934 4.601943
v -220.475281 6.781461 -0.276917
v -220.545258 7.390254 0.419402
v -221.155457 8.029396 1.049056
v -220.548248 9.362580 5.191329
v -220.036926 9.644633 6.025252
v -220.799713 9.201077 4.339981
v -220.316803 7.418000 -0.357881
v -220.413025 8.077819 0.305694
v -220.833099 8.803474 0.971541
v -220.713287 9.966836 5.114882
v -220.097748 10.234577 5.880949
v -220.785004 9.889085 4.144103
v -218.548584 7.413010 0.725402
v -217.877136 7.095829 0.582305
v -218.764282 8.084870 1.115569
v -218.536560 8.841627 1.577361
v -218.699982 10.248678 4.595061
v -218.974945 9.902863 4.056731
v -219.053558 9.892394 3.566481
v -218.579681 6.786445 0.881530
v -217.967865 6.430068 0.711914
v -218.781738 7.398349 1.285460
v -218.541351 8.073143 1.791686
v -218.507721 9.660059 4.618468
v -219.007996 9.287226 4.262649
v -218.964325 9.204521 3.727706
v -218.726654 6.169367 0.964767
v -218.419067 5.758317 0.529312
v -218.530518 6.709302 1.317581
v -218.684113 9.067722 4.981048
v -218.836212 8.682762 4.337707
v -218.989105 8.516118 3.734648
v -219.015594 7.827178 3.947098
v -218.933502 7.544412 3.058379
v -218.810669 11.269711 5.814864
v -218.396515 11.023552 5.421660
v -219.436035 10.755672 6.408583
v -219.550049 9.759817 6.516829
v -219.169647 8.544929 6.155684
v -218.810669 8.544929 5.814865
v -218.342194 9.152371 5.370070
v -218.350281 9.759816 5.377745
v -218.420624 10.367259 5.444518
v -217.566772 7.249741 0.140899
v -217.607666 6.552437 0.098541
v -217.489319 5.907117 0.222427
v -217.475922 5.261741 0.236725
v -217.737427 4.698238 -0.036072
v -197.166138 12.703599 14.677717
v -198.292725 12.703599 16.192516
v -198.639435 12.385832 15.184402
v -196.171356 12.703599 15.462965
v -200.112701 12.385832 15.691069
v -199.765961 12.703599 16.699184
v -202.842316 13.947927 17.757153
v -203.188995 13.947927 16.749035
v -202.311188 12.968235 17.574490
v -202.657898 12.968235 16.566372
v -202.990997 15.192252 17.808285
v -203.337677 15.192252 16.800167
v -202.004059 16.436583 17.468884
v -202.350769 16.436583 16.460766
v -201.239258 17.680906 17.205853
v -201.585968 17.680906 16.197735
v -199.765961 17.680906 16.699184
v -200.112701 17.543642 15.691069
v -198.292725 16.832567 16.192516
v -198.639435 16.669634 15.184402
v -196.819458 17.492907 15.685850
v -197.166138 17.492907 14.677717
v -196.066528 16.770903 15.426924
v -196.413239 16.770903 14.418806
v -195.958557 15.192252 14.262434
v -195.611847 15.192252 15.270552
v -196.107239 13.947927 14.313566
v -195.760529 13.947927 15.321684
v -200.816101 12.745390 10.347334
v -200.861450 12.762426 11.439178
v -201.377380 12.744811 10.562881
v -200.185211 12.761179 11.206617
v -200.202118 12.435769 12.339767
v -199.248413 12.716107 12.011793
v -199.500641 12.435996 13.225889
v -198.986115 12.384627 14.176283
v -197.398193 13.322020 20.589733
v -196.922119 13.065788 21.607510
v -198.087860 12.917253 19.504101
v -196.618011 12.716107 17.871258
v -198.121918 12.874578 18.388470
v -198.113861 12.897682 17.258358
v -201.436951 12.760157 11.627775
v -201.938660 12.750072 10.778440
v -201.176788 12.435769 12.674971
v -200.813354 12.435996 13.677336
v -200.459381 12.470093 14.682951
v -197.929474 13.313991 20.716259
v -197.468231 13.222554 21.738216
v -198.762604 12.917253 19.736172
v -199.096588 12.874578 18.723675
v -199.426575 12.897682 17.709805
v -202.499939 12.752413 10.993986
v -202.713684 12.715495 14.144850
v -198.463165 13.138551 20.842602
v -199.785645 12.887310 18.960644
v -201.065460 12.715495 18.523968
v -201.842896 12.953822 11.754240
v -202.603638 13.398302 11.033689
v -202.340912 13.407502 11.947981
v -202.361877 13.595258 13.082533
v -202.172516 12.716107 13.017408
v -202.954010 13.842699 14.227507
v -203.535706 13.947927 15.740919
v -203.004578 12.968235 15.558256
v -198.550323 13.793904 20.866207
v -197.825897 13.285101 21.823666
v -198.107910 13.801729 21.893047
v -199.129211 12.932382 19.862240
v -199.220917 13.407503 19.893780
v -199.935303 13.595257 19.012127
v -201.305756 13.842697 18.606625
v -202.214508 14.058592 11.904493
v -202.333710 14.042635 10.929899
v -202.458221 14.441245 13.115660
v -203.089935 14.963093 14.274244
v -203.684387 15.192252 15.792051
v -198.594604 14.449904 20.879589
v -198.153900 14.457704 21.906841
v -199.302979 14.058593 19.921993
v -200.031647 14.441246 19.045238
v -201.441681 14.963092 18.653362
v -202.278778 14.687864 10.908674
v -202.361450 14.705373 11.955046
v -202.368774 15.275035 13.084898
v -202.377930 16.081675 14.215406
v -202.697479 16.436583 15.452650
v -198.531616 15.107528 20.867428
v -198.089203 15.115352 21.894268
v -199.587860 14.705374 20.019985
v -200.288574 15.275036 19.133602
v -200.991150 16.081675 18.247860
v -202.397705 15.043997 10.954268
v -202.241364 15.395356 11.913740
v -202.197693 16.105932 13.026075
v -202.145264 17.199492 14.135405
v -201.932678 17.680906 15.189619
v -197.795990 15.669621 21.826870
v -198.425751 15.765799 20.845074
v -199.467773 15.395355 19.978680
v -200.117493 16.105932 19.074764
v -200.758484 17.199488 18.167858
v -201.572510 16.195423 11.683729
v -201.945618 15.331932 10.780592
v -201.254517 16.218302 12.701704
v -200.827545 17.220339 13.682220
v -200.459381 17.543642 14.682951
v -197.427002 16.115828 21.740917
v -197.898468 15.492299 20.718288
v -198.798920 15.258426 19.748653
v -199.174316 16.218302 18.750408
v -199.440735 17.220335 17.714672
v -200.897797 16.195423 11.451674
v -201.385040 15.578833 10.565245
v -200.279846 16.218300 12.366499
v -199.514832 17.220339 13.230757
v -198.986115 16.669634 14.176283
v -196.878571 16.124121 21.610378
v -197.367157 15.500330 20.591763
v -198.124176 15.258426 19.516613
v -198.199646 16.218302 18.415203
v -198.128021 17.220335 17.263226
v -200.217163 15.395356 11.217604
v -200.842865 15.122430 10.357115
v -199.273590 16.105930 12.020460
v -198.207153 17.199492 12.781034
v -197.512848 17.680906 13.669599
v -196.334869 15.798536 21.479488
v -196.831848 15.789888 20.465511
v -197.443542 15.395357 19.282513
v -196.643188 16.105932 17.879925
v -196.739716 16.834097 16.785778
v -200.361420 14.705375 11.504637
v -200.465179 14.680299 10.212173
v -199.359894 15.275035 12.287550
v -197.962891 16.081675 12.697035
v -197.245209 16.436583 13.577574
v -196.244598 15.143230 21.455166
v -196.335663 15.140718 20.344524
v -196.854797 14.705374 19.080059
v -196.460114 15.275035 17.816967
v -195.928009 16.081675 16.506618
v -200.286682 14.058592 11.478941
v -200.406769 14.034597 10.189863
v -199.252563 14.441245 12.250654
v -197.826202 14.963093 12.650023
v -197.096497 15.192252 13.526426
v -195.967194 14.490754 21.386272
v -196.291412 14.484717 20.331158
v -196.664490 14.058593 19.014599
v -196.352844 14.441245 17.780071
v -195.791351 14.963092 16.459606
v -200.340820 13.407502 11.497557
v -200.461670 13.389370 10.211073
v -199.352997 13.595258 12.285185
v -197.955231 13.842699 12.694410
v -197.245209 13.947927 13.577574
v -196.263306 13.829608 21.453930
v -196.354370 13.827094 20.343304
v -196.834259 13.407503 19.072979
v -196.453247 13.595258 17.814617
v -195.920380 13.842697 16.503994
v -198.191864 12.715495 12.775785
v -197.512848 12.703599 13.669599
v -196.372314 13.171289 21.477047
v -196.869263 13.162642 20.463070
v -197.411621 12.761180 19.271557
v -196.156982 12.715495 16.585369
v -202.766327 14.970695 9.743116
v -201.854675 15.506889 9.338743
v -201.148499 13.249022 9.025785
v -201.370392 12.687983 9.124220
v -201.829407 12.611023 9.327787
v -202.355408 12.616834 9.561064
v -202.738403 12.748917 9.730894
v -195.644867 15.726576 22.540981
v -197.281006 15.412227 22.901165
v -197.534668 14.988502 22.955471
v -197.475342 14.332727 22.939693
v -195.839478 13.127588 22.573360
v -195.588318 13.704613 22.520245
v -195.591705 14.361230 22.523693
v -195.692749 15.016373 22.548672
v -197.448700 -4.732164 73.810783
v -196.581024 -5.105243 75.045555
v -195.125244 -5.105243 73.540398
v -195.992920 -4.732165 72.305611
v -193.477844 -4.421464 69.705284
v -192.953064 -3.271244 69.162697
v -192.085358 -3.271244 70.397469
v -192.610199 -4.421464 70.940071
v -192.806122 -1.810323 69.010765
v -191.938446 -1.810323 70.245552
v -193.781311 -0.349402 70.019066
v -192.913666 -0.349402 71.253838
v -194.537079 1.111519 70.800438
v -193.669403 1.111519 72.035225
v -195.992920 1.111519 72.305611
v -195.125244 0.950361 73.540398
v -197.448700 0.583607 73.810783
v -196.581024 0.517549 75.045555
v -198.904541 0.890793 75.315941
v -198.036865 0.890793 76.550728
v -199.648529 0.043117 76.085152
v -198.780823 0.043117 77.319939
v -199.230133 -1.810322 77.784462
v -200.097809 -1.810322 76.549675
v -199.083191 -3.271243 77.632576
v -199.950867 -3.271243 76.397789
v -199.544922 -4.732164 75.978065
v -198.036865 -4.732164 76.550758
v -193.361023 -5.018431 76.843651
v -194.163666 -4.738093 77.673515
v -194.319122 -5.046347 76.544930
v -195.671265 -5.106656 75.905678
v -197.127106 -4.732164 77.410866
v -199.783691 -4.479158 70.083153
v -200.413910 -4.633983 70.175117
v -200.039459 -4.748715 68.917305
v -199.603577 -4.689554 71.628654
v -199.109131 -4.533482 71.111992
v -200.237885 -4.717479 73.093102
v -198.751831 -4.531425 71.556633
v -198.192596 -4.504298 72.779182
v -200.126282 -4.718196 74.778435
v -192.540649 -5.018431 75.995491
v -193.021942 -5.046347 75.203804
v -194.215485 -5.006315 74.400505
v -198.828461 -4.479158 70.068260
v -199.413300 -4.551887 69.059151
v -198.615784 -4.533482 70.596474
v -197.788666 -4.531425 70.560829
v -196.895447 -4.504299 71.438057
v -192.080353 -4.254806 75.726418
v -191.050568 -4.718196 73.462715
v -199.001099 -4.460042 69.151939
v -197.107788 -4.516477 69.856865
v -195.402039 -4.718197 69.493813
v -191.271606 -3.893414 74.682564
v -191.702637 -4.738093 75.129021
v -190.813110 -3.394788 73.217171
v -191.175629 -3.271244 71.257591
v -191.700439 -4.421464 71.800179
v -198.408722 -4.026540 69.882530
v -198.700195 -3.955919 69.226585
v -198.523193 -4.633983 69.899239
v -198.347748 -4.518352 70.316414
v -198.280701 -4.043230 70.246315
v -196.959900 -3.685301 69.703957
v -195.164581 -3.394788 69.248299
v -191.088196 -3.196194 74.519035
v -190.678772 -2.079371 73.078316
v -191.028687 -1.810323 71.105690
v -198.345123 -3.419096 69.873253
v -198.680573 -3.345540 69.240578
v -198.311035 -3.395609 70.258568
v -196.864685 -2.692055 69.605553
v -195.030243 -2.079373 69.109444
v -192.498047 -3.028671 75.870918
v -191.558746 -2.399897 75.023827
v -191.475952 -0.766084 73.605354
v -192.003937 -0.349402 72.113960
v -198.408722 -2.811653 69.882530
v -198.789612 -2.744156 69.225914
v -198.102753 -2.748827 70.040916
v -196.610809 -1.713131 69.343056
v -195.349426 -0.766085 69.839607
v -191.681458 -1.348269 75.107124
v -191.705841 0.546303 73.843040
v -192.759644 1.111519 72.895332
v -199.158691 -2.260036 69.151802
v -198.523193 -2.204210 69.899239
v -198.190552 -2.058846 70.132668
v -196.779877 -0.737606 69.517845
v -195.579346 0.546302 70.077293
v -192.475250 -1.235898 75.927849
v -193.007965 0.570780 75.189323
v -194.215485 0.950361 74.400505
v -199.610229 -1.882960 69.057716
v -199.153442 -2.464578 69.991203
v -198.679565 -2.195776 70.643654
v -197.711853 -0.605676 70.481438
v -196.881470 0.570777 71.423576
v -193.032806 -1.123709 76.551674
v -194.305115 0.570780 76.530479
v -195.671265 0.367617 75.905678
v -200.247620 -1.927531 68.915794
v -199.783691 -2.464578 70.083153
v -199.172913 -2.195776 71.159172
v -198.675018 -0.605676 71.477242
v -198.178619 0.570777 72.764702
v -192.956146 -1.970180 76.012947
v -193.689178 -1.511472 77.217293
v -195.597290 0.546303 77.866447
v -197.127106 1.111520 77.410866
v -200.862274 -2.280085 68.774025
v -200.413910 -2.204210 70.175117
v -199.670563 -2.058846 71.679192
v -200.213043 -0.737605 73.067390
v -199.550446 0.117306 74.183067
v -194.141846 -2.212455 76.946892
v -195.838684 -0.766084 78.116020
v -197.391571 -0.349401 77.684288
v -200.933380 -2.894063 68.748558
v -201.013580 -2.811653 70.262611
v -200.100983 -2.748827 71.626534
v -200.393890 -1.713130 73.254417
v -200.352570 -0.766084 75.012383
v -194.557831 -3.012955 77.379539
v -195.973755 -2.079371 78.255653
v -197.538483 -1.810322 77.836189
v -201.221954 -3.523250 68.674675
v -201.077209 -3.419096 70.271889
v -200.240173 -3.395608 71.386375
v -200.499908 -2.692055 73.364021
v -200.487610 -2.079372 75.152016
v -193.876038 -4.053257 77.270409
v -194.909424 -3.875165 77.758324
v -195.846222 -3.394787 78.123817
v -197.391571 -3.271243 77.684288
v -200.843964 -4.105826 68.749229
v -201.013580 -4.026540 70.262611
v -200.025696 -4.043230 71.404274
v -200.400696 -3.685300 73.261421
v -200.360107 -3.394787 75.020164
v -195.612427 -4.718196 77.882088
v -200.683472 -4.703611 68.775322
v -200.293579 -2.332463 67.626564
v -198.562042 -4.030917 68.103706
v -199.274261 -4.638361 67.907448
v -198.671539 -4.638361 68.073540
v -199.877014 -4.638361 67.741371
v -200.410828 -2.816031 67.594261
vn 0.3102 0.9471 -0.0824
vn -0.0663 0.9968 -0.0436
vn -0.0371 0.9960 -0.0812
vn 0.2802 0.9587 -0.0479
vn -0.1919 -0.9629 0.1895
vn -0.1825 -0.9461 0.2677
vn 0.0478 -0.9293 -0.3662
vn -0.1232 -0.9342 -0.3347
vn 0.9492 -0.1381 -0.2828
vn 0.9775 -0.1867 0.0978
vn 0.9985 0.0187 0.0516
vn 0.9485 0.1709 -0.2666
vn -0.9097 -0.1414 -0.3905
vn -0.9903 -0.1360 0.0283
vn -0.9972 0.0742 0.0107
vn -0.8987 0.0370 -0.4370
vn 0.0474 0.9984 -0.0306
vn 0.0004 0.9979 0.0643
vn -0.1445 0.9879 0.0572
vn 0.2585 0.9612 0.0961
vn -0.0264 0.9992 0.0298
vn -0.0471 0.9770 0.2078
vn -0.2045 0.9722 -0.1140
vn -0.0740 0.9950 -0.0678
vn -0.2583 -0.9538 -0.1537
vn 0.1912 -0.9538 -0.2319
vn -0.1217 -0.9834 0.1344
vn 0.1433 -0.9881 -0.0565
vn -0.1279 -0.9869 0.0988
vn -0.4025 -0.9154 0.0071
vn -0.3330 -0.9405 0.0674
vn -0.0600 -0.9411 0.3328
vn 0.9257 -0.1383 -0.3521
vn 0.9709 -0.1805 -0.1574
vn 0.9590 0.2446 0.1429
vn 0.9313 0.3215 -0.1710
vn 0.8108 -0.0954 0.5774
vn 0.8031 0.0065 0.5958
vn 0.6218 0.0147 0.7830
vn 0.6492 -0.1194 0.7512
vn 0.9911 -0.0131 0.1326
vn -0.8230 0.0202 -0.5676
vn -0.8174 -0.0390 -0.5747
vn -0.7355 0.1988 -0.6477
vn -0.8261 0.1884 -0.5310
vn -0.8795 -0.2171 0.4236
vn -0.9140 0.0531 0.4022
vn -0.9927 -0.0735 0.0961
vn -0.9891 -0.0087 0.1469
vn -0.9664 -0.2361 -0.1021
vn 0.3314 -0.9419 -0.0549
vn 0.9725 -0.0361 -0.2303
vn 0.6085 -0.7696 -0.1938
vn 0.7695 0.6197 -0.1542
vn 0.7067 0.6832 0.1838
vn -0.4406 -0.8780 -0.1869
vn -0.3937 -0.8853 -0.2476
vn -0.8208 -0.4898 -0.2940
vn -0.6224 0.7779 -0.0863
vn -0.7239 0.6288 -0.2837
vn 0.6311 -0.7201 -0.2884
vn 0.7476 -0.6633 0.0328
vn 0.9855 -0.1644 0.0408
vn 0.9315 -0.2688 -0.2449
vn 0.3747 0.8345 -0.4039
vn 0.7674 0.6373 0.0698
vn 0.8591 0.1676 0.4837
vn 0.3871 0.9158 0.1075
vn 0.3261 0.7121 0.6217
vn 0.7059 -0.0038 0.7083
vn 0.3333 -0.6173 0.7126
vn 0.3023 -0.8963 0.3245
vn -0.6414 -0.7232 -0.2560
vn -0.7350 -0.4980 -0.4602
vn -0.8436 -0.2797 -0.4583
vn -0.6144 -0.7503 -0.2442
vn -0.3769 0.8528 -0.3615
vn -0.6514 0.6251 -0.4300
vn -0.5632 0.7972 0.2174
vn -0.9656 0.0385 0.2570
vn -0.6232 0.7140 0.3190
vn -0.9015 0.1740 0.3962
vn -0.6605 -0.6318 0.4056
vn -0.7548 -0.6557 0.0177
vn -0.6579 -0.6129 -0.4376
vn -0.3241 -0.8871 -0.3286
vn 0.0324 -0.9995 0.0049
vn 0.7371 -0.5940 0.3222
vn 0.8988 -0.0785 0.4312
vn 0.8798 -0.0427 0.4733
vn 0.8851 0.2035 0.4187
vn 0.5761 0.7861 0.2240
vn 0.1177 0.9924 0.0365
vn -0.1550 0.9866 -0.0502
vn -0.6188 0.7484 -0.2387
vn -0.9050 0.1606 -0.3939
vn -0.8940 -0.0393 -0.4464
vn -0.8800 -0.1894 -0.4356
vn 0.4652 -0.5716 -0.6759
vn -0.0481 -0.9846 -0.1683
vn -0.4188 -0.9044 0.0823
vn -0.6569 -0.5956 0.4623
vn -0.7924 -0.2566 0.5533
vn -0.8066 0.0327 0.5902
vn -0.7879 0.1870 0.5868
vn -0.4170 0.7902 0.4491
vn 0.0352 0.9691 0.2441
vn 0.2290 0.9483 0.2197
vn 0.5681 0.8129 -0.1284
vn 0.7990 0.2403 -0.5512
vn 0.8183 -0.0550 -0.5721
vn 0.6896 -0.1002 -0.7172
vn -0.2507 0.8981 -0.3614
vn 0.0924 0.9933 -0.0692
vn 0.0684 0.9909 -0.1157
vn -0.1828 0.9537 -0.2387
vn 0.2374 -0.9572 -0.1654
vn 0.2184 -0.9625 -0.1608
vn -0.1137 -0.9768 0.1813
vn 0.0641 -0.9875 0.1438
vn -0.9904 -0.1369 0.0171
vn -0.9608 -0.2149 -0.1748
vn -0.7805 0.1108 -0.6153
vn -0.9121 0.1465 -0.3830
vn 0.9141 -0.0989 0.3932
vn 0.9826 -0.1137 0.1470
vn 0.9860 0.0542 0.1577
vn 0.8990 0.0316 0.4367
vn -0.0456 0.9985 0.0310
vn 0.0020 0.9981 -0.0614
vn 0.1275 0.9905 -0.0506
vn -0.2052 0.9735 -0.1007
vn -0.0379 0.9938 0.1043
vn 0.0050 1.0000 0.0073
vn 0.1305 0.9667 0.2202
vn 0.0490 0.9904 0.1293
vn 0.2504 -0.9551 0.1586
vn -0.1803 -0.9552 0.2347
vn 0.1129 -0.9874 -0.1112
vn -0.1413 -0.9885 0.0547
vn 0.1352 -0.9857 -0.1001
vn 0.3275 -0.9295 0.1699
vn 0.2646 -0.9637 0.0350
vn 0.0564 -0.9766 -0.2076
vn -0.9123 -0.1504 0.3809
vn -0.9791 -0.1921 0.0670
vn -0.9385 0.2625 -0.2246
vn -0.9321 0.3398 0.1253
vn -0.3898 -0.1363 -0.9107
vn -0.3748 -0.0299 -0.9266
vn -0.3935 -0.0361 -0.9186
vn -0.3868 -0.1523 -0.9095
vn -0.9648 -0.0385 -0.2601
vn 0.4298 0.0636 0.9007
vn 0.6416 -0.0051 0.7670
vn 0.5204 0.2163 0.8261
vn 0.4674 0.2354 0.8521
vn 0.8775 -0.2330 -0.4192
vn 0.9144 0.0549 -0.4011
vn 0.9975 -0.0658 -0.0241
vn 0.9995 -0.0025 -0.0304
vn 0.9500 -0.2029 0.2372
vn -0.3490 -0.9348 -0.0657
vn -0.9944 -0.0784 -0.0713
vn -0.5704 -0.7949 -0.2067
vn -0.7504 0.5368 -0.3855
vn -0.4247 0.6643 -0.6150
vn 0.4608 -0.8722 0.1642
vn 0.3443 -0.9113 0.2259
vn 0.8145 -0.4690 0.3414
vn 0.6633 0.7455 0.0655
vn 0.6578 0.6880 0.3066
vn -0.6395 -0.7237 0.2595
vn -0.6696 -0.7322 -0.1247
vn -0.9678 -0.1767 -0.1794
vn -0.9295 -0.2877 0.2310
vn -0.3937 0.8258 0.4038
vn -0.7366 0.6564 -0.1630
vn -0.5011 0.1433 -0.8534
vn -0.2756 0.9304 -0.2415
vn -0.1008 0.7427 -0.6620
vn -0.4742 -0.0341 -0.8797
vn -0.1239 -0.6958 -0.7075
vn -0.0847 -0.8916 -0.4448
vn 0.4829 -0.7602 0.4347
vn 0.5837 -0.4687 0.6631
vn 0.5067 -0.2678 0.8195
vn 0.4005 -0.7764 0.4867
vn 0.2113 0.7985 0.5636
vn 0.3452 0.6435 0.6832
vn 0.6264 0.7676 -0.1357
vn 0.9885 0.0414 -0.1455
vn 0.5961 0.7461 -0.2968
vn 0.9004 0.1952 -0.3889
vn 0.6385 -0.6663 -0.3852
vn 0.7637 -0.6455 0.0123
vn 0.3642 -0.6326 0.6835
vn 0.1257 -0.9053 0.4058
vn -0.0426 -0.9979 -0.0490
vn -0.5238 -0.5915 -0.6130
vn -0.6049 -0.1246 -0.7865
vn -0.5596 -0.0861 -0.8243
vn -0.5928 0.1853 -0.7838
vn -0.4002 0.8017 -0.4439
vn -0.0643 0.9971 -0.0411
vn 0.1185 0.9833 0.1380
vn 0.4178 0.7692 0.4834
vn 0.6112 0.2074 0.7638
vn 0.5836 -0.0027 0.8120
vn 0.5758 -0.1729 0.7991
vn -0.6814 -0.6085 0.4067
vn -0.1061 -0.9925 -0.0602
vn 0.2269 -0.9042 -0.3620
vn 0.5005 -0.6802 -0.5356
vn 0.8016 -0.3039 -0.5148
vn 0.8849 0.0056 -0.4657
vn 0.8737 0.2259 -0.4309
vn 0.5687 0.7745 -0.2770
vn 0.1497 0.9882 -0.0318
vn 0.0367 0.9916 0.1237
vn -0.4608 0.7834 0.4170
vn -0.8072 0.2419 0.5384
vn -0.8846 -0.1258 0.4491
vn -0.8497 -0.1247 0.5123
vn 0.2754 0.9338 0.2284
vn -0.0123 0.9997 -0.0211
vn -0.0539 0.9954 0.0792
vn 0.3151 0.9473 0.0576
vn -0.2592 -0.9621 0.0845
vn -0.2027 -0.9751 0.0905
vn 0.1584 -0.9624 -0.2205
vn -0.0728 -0.9506 -0.3017
vn 0.9880 -0.1220 0.0952
vn 0.9301 -0.1627 0.3293
vn 0.9223 0.1201 0.3673
vn 0.9745 0.1785 0.1357
vn -0.8733 -0.1357 -0.4679
vn -0.9727 -0.1378 -0.1865
vn -0.9785 0.0593 -0.1976
vn -0.8559 0.0067 -0.5170
vn 0.0535 0.9985 -0.0088
vn -0.0120 0.9940 0.1084
vn -0.1577 0.9875 -0.0063
vn 0.2261 0.9434 0.2427
vn 0.0627 0.9959 -0.0648
vn 0.0340 0.9974 0.0642
vn -0.1722 0.9765 -0.1296
vn -0.0550 0.9961 -0.0697
vn -0.1944 -0.9566 -0.2172
vn 0.2609 -0.9416 -0.2128
vn -0.1620 -0.9845 0.0674
vn 0.1552 -0.9879 -0.0002
vn -0.1349 -0.9878 0.0778
vn -0.3600 -0.9287 -0.0889
vn -0.3297 -0.9438 0.0214
vn -0.0475 -0.9757 0.2141
vn 0.9907 -0.1299 0.0393
vn 0.9777 -0.1676 0.1269
vn 0.9154 0.2312 0.3295
vn 0.9370 0.3057 0.1692
vn 0.7229 -0.1049 0.6829
vn 0.7130 0.0068 0.7012
vn 0.6017 0.0113 0.7986
vn 0.6267 -0.1291 0.7685
vn 0.9415 0.0084 0.3368
vn -0.7391 0.0235 -0.6732
vn -0.7631 -0.0456 -0.6446
vn -0.6369 0.1863 -0.7481
vn -0.7445 0.2026 -0.6362
vn -0.9752 -0.2157 0.0488
vn -0.9985 0.0479 0.0262
vn -0.9753 -0.0672 -0.2102
vn -0.9852 -0.0083 -0.1713
vn -0.9217 -0.2555 -0.2921
vn 0.4556 -0.8840 0.1049
vn 0.9825 -0.0878 0.1643
vn 0.2809 -0.9014 0.3294
vn 0.7499 0.6120 0.2513
vn 0.6601 0.6472 0.3814
vn -0.4275 -0.8604 -0.2773
vn -0.3118 -0.9071 -0.2828
vn -0.7696 -0.4817 -0.4192
vn -0.6371 0.7644 -0.0991
vn -0.6272 0.6726 -0.3928
vn 0.7047 -0.7093 -0.0174
vn 0.6970 -0.6006 0.3918
vn 0.9326 -0.1473 0.3295
vn 0.9581 -0.2593 0.1215
vn 0.4921 0.8381 -0.2355
vn 0.7228 0.6046 0.3347
vn 0.7852 0.1800 0.5925
vn 0.3642 0.9180 0.1567
vn 0.3370 0.7412 0.5806
vn 0.6913 -0.0161 0.7224
vn 0.3729 -0.6601 0.6520
vn 0.2575 -0.8959 0.3619
vn -0.5690 -0.7480 -0.3417
vn -0.6752 -0.4994 -0.5429
vn -0.7718 -0.2962 -0.5627
vn -0.5647 -0.7614 -0.3184
vn -0.2319 0.8421 -0.4869
vn -0.5759 0.6433 -0.5044
vn -0.6003 0.7974 0.0620
vn -0.9967 0.0335 -0.0735
vn -0.7004 0.7125 0.0433
vn -0.9849 0.1725 0.0175
vn -0.7651 -0.6354 0.1046
vn -0.7294 -0.6552 -0.1967
vn -0.6491 -0.5872 -0.4836
vn -0.3298 -0.9098 -0.2520
vn 0.0830 -0.9959 0.0372
vn 0.7430 -0.5953 0.3058
vn 0.9292 -0.0630 0.3641
vn 0.8908 -0.0654 0.4496
vn 0.8837 0.2165 0.4151
vn 0.5936 0.7524 0.2855
vn 0.0823 0.9945 0.0644
vn -0.1502 0.9879 -0.0396
vn -0.5765 0.7623 -0.2940
vn -0.8490 0.1599 -0.5036
vn -0.8415 -0.0212 -0.5398
vn -0.8235 -0.2211 -0.5225
vn 0.6944 -0.6245 -0.3576
vn 0.0605 -0.9971 -0.0462
vn -0.3782 -0.9220 0.0827
vn -0.7700 -0.6086 0.1916
vn -0.9283 -0.2204 0.2993
vn -0.9475 0.0009 0.3197
vn -0.9304 0.1859 0.3158
vn -0.5926 0.7687 0.2406
vn -0.1379 0.9869 0.0834
vn 0.0701 0.9975 -0.0108
vn 0.5651 0.8050 -0.1808
vn 0.9142 0.2447 -0.3229
vn 0.9586 -0.0981 -0.2674
vn 0.9175 -0.0970 -0.3858
vn 0.2132 0.9244 0.3163
vn -0.0038 0.9989 -0.0466
vn -0.0498 0.9987 -0.0091
vn 0.1995 0.9653 0.1687
vn -0.2297 -0.9706 -0.0719
vn -0.2025 -0.9788 -0.0309
vn 0.2173 -0.9648 -0.1482
vn 0.0196 -0.9735 -0.2280
vn 0.8245 -0.1233 0.5523
vn 0.6296 -0.1642 0.7593
vn 0.6617 0.0980 0.7433
vn 0.7955 0.1289 0.5921
vn -0.4600 -0.1204 -0.8797
vn -0.7629 -0.1276 -0.6338
vn -0.7627 0.0724 -0.6427
vn -0.4273 0.0115 -0.9041
vn 0.0535 0.9986 0.0017
vn -0.0322 0.9984 0.0460
vn -0.1431 0.9889 -0.0397
vn 0.1321 0.9676 0.2151
vn 0.0865 0.9958 -0.0301
vn -0.0045 0.9999 0.0115
vn 0.0370 0.9727 -0.2293
vn 0.0423 0.9933 -0.1075
vn -0.1355 -0.9528 -0.2718
vn 0.2772 -0.9591 -0.0575
vn -0.1599 -0.9866 0.0330
vn 0.1481 -0.9870 0.0630
vn -0.1476 -0.9883 -0.0384
vn -0.1266 -0.9292 -0.3472
vn -0.1648 -0.9633 -0.2118
vn -0.1589 -0.9824 0.0981
vn 0.9864 -0.1536 0.0589
vn 0.8879 -0.2101 0.4093
vn 0.5103 0.2167 0.8322
vn 0.8306 0.3259 0.4516
vn -0.2754 -0.1250 0.9532
vn -0.2968 -0.0102 0.9549
vn -0.2789 -0.0159 0.9602
vn -0.2732 -0.1390 0.9519
vn 0.6158 -0.0215 0.7876
vn 0.2315 0.0501 -0.9716
vn 0.0045 -0.0247 -0.9997
vn 0.1252 0.2056 -0.9706
vn 0.1800 0.2244 -0.9577
vn -0.9572 -0.2259 -0.1809
vn -0.9771 0.0511 -0.2066
vn -0.8469 -0.0657 -0.5277
vn -0.8653 -0.0062 -0.5012
vn -0.6870 -0.2188 -0.6929
vn 0.2782 -0.9522 0.1265
vn 0.7893 -0.0387 0.6128
vn 0.5017 -0.7357 0.4550
vn 0.5872 0.5793 0.5653
vn 0.3601 0.7109 0.6041
vn -0.2273 -0.8702 -0.4371
vn -0.1892 -0.8990 -0.3950
vn -0.4028 -0.4725 -0.7838
vn -0.4680 0.7681 -0.4371
vn -0.3005 0.6655 -0.6833
vn 0.6765 -0.7161 0.1719
vn 0.5129 -0.6940 0.5052
vn 0.6872 -0.1590 0.7088
vn 0.9023 -0.2731 0.3336
vn 0.5379 0.8151 -0.2152
vn 0.5344 0.6188 0.5757
vn -0.1562 0.1695 0.9731
vn 0.0490 0.9278 0.3698
vn -0.3303 0.7522 0.5701
vn -0.2210 -0.0293 0.9748
vn -0.3443 -0.6986 0.6272
vn -0.2130 -0.8912 0.4006
vn -0.0774 -0.7681 -0.6356
vn -0.0174 -0.4818 -0.8761
vn 0.1274 -0.2882 -0.9491
vn 0.0064 -0.7791 -0.6269
vn 0.1886 0.8047 -0.5630
vn 0.1622 0.6472 -0.7449
vn -0.5832 0.7848 -0.2098
vn -0.9108 0.0389 -0.4111
vn -0.6727 0.7297 -0.1225
vn -0.9582 0.1892 -0.2145
vn -0.7526 -0.6538 -0.0784
vn -0.6300 -0.6376 -0.4435
vn 0.2380 -0.6289 -0.7402
vn 0.1102 -0.8234 -0.5567
vn 0.0975 -0.9694 -0.2254
vn -0.0569 -0.6631 0.7464
vn -0.1609 -0.3209 0.9333
vn -0.0983 -0.3063 0.9468
vn -0.2399 0.0209 0.9706
vn -0.1194 0.7475 0.6535
vn -0.0000 0.9969 0.0793
vn 0.0150 0.9969 -0.0770
vn 0.1216 0.7587 -0.6400
vn 0.0826 0.3054 -0.9486
vn 0.0472 0.0995 -0.9939
vn 0.1186 -0.2015 -0.9723
vn 0.8175 -0.5280 -0.2299
vn 0.0520 -0.9556 -0.2900
vn -0.3633 -0.8537 -0.3731
vn -0.7833 -0.5832 -0.2151
vn -0.9604 -0.2267 -0.1620
vn -0.9963 0.0311 -0.0798
vn -0.9747 0.2168 -0.0546
vn -0.5610 0.8153 0.1434
vn -0.0751 0.9628 0.2595
vn 0.0981 0.9425 0.3194
vn 0.5587 0.7731 0.3002
vn 0.9435 0.2713 0.1902
vn 0.9833 -0.0698 0.1680
vn 0.9929 -0.1127 -0.0388
vn -0.0753 0.9431 0.3238
vn 0.0346 0.9987 -0.0381
vn -0.0268 0.9987 -0.0438
vn 0.0185 0.9559 0.2932
vn -0.1190 -0.9760 -0.1825
vn -0.1118 -0.9800 -0.1645
vn 0.2562 -0.9627 0.0870
vn 0.2340 -0.9664 -0.1065
vn 0.1364 -0.1356 0.9813
vn -0.1875 -0.1671 0.9679
vn -0.2610 0.1093 0.9591
vn 0.0582 0.1539 0.9864
vn 0.2883 -0.1160 -0.9505
vn -0.1743 -0.1231 -0.9770
vn -0.1755 0.0556 -0.9829
vn 0.3269 0.0085 -0.9450
vn 0.0450 0.9984 0.0331
vn -0.0620 0.9980 0.0122
vn -0.0893 0.9904 -0.1059
vn -0.0209 0.9726 0.2314
vn 0.0883 0.9956 0.0300
vn -0.0154 0.9998 0.0080
vn 0.1784 0.9704 -0.1630
vn 0.1048 0.9926 -0.0620
vn 0.1124 -0.9432 -0.3125
vn 0.3312 -0.9331 0.1399
vn -0.0847 -0.9881 -0.1282
vn 0.1909 -0.9803 0.0514
vn -0.0900 -0.9880 -0.1256
vn 0.1230 -0.9262 -0.3563
vn 0.0046 -0.9629 -0.2700
vn -0.1890 -0.9818 -0.0165
vn 0.7129 -0.0955 0.6947
vn 0.4773 -0.1623 0.8636
vn 0.3261 0.2787 0.9033
vn 0.6419 0.3180 0.6977
vn -0.8043 -0.1205 0.5818
vn -0.8213 -0.0111 0.5704
vn -0.8109 -0.0165 0.5850
vn -0.8018 -0.1341 0.5823
vn -0.2024 -0.0209 0.9791
vn 0.7828 0.0495 -0.6203
vn 0.6292 -0.0227 -0.7769
vn 0.7031 0.1977 -0.6831
vn 0.7364 0.2156 -0.6413
vn -0.5665 -0.2288 -0.7917
vn -0.5818 0.0430 -0.8122
vn -0.3485 -0.0557 -0.9356
vn -0.3944 -0.0067 -0.9189
vn -0.0756 -0.2247 -0.9715
vn 0.0522 -0.9077 0.4163
vn 0.0928 -0.0429 0.9948
vn -0.0713 -0.7658 0.6392
vn -0.0115 0.6084 0.7935
vn -0.2878 0.6811 0.6732
vn 0.1636 -0.8738 -0.4580
vn 0.1392 -0.8698 -0.4734
vn 0.2594 -0.4752 -0.8408
vn -0.0762 0.7269 -0.6825
vn 0.2637 0.6798 -0.6843
vn 0.5941 -0.6781 0.4327
vn 0.2459 -0.7038 0.6665
vn 0.3872 -0.1683 0.9065
vn 0.6711 -0.3063 0.6752
vn 0.4625 0.7857 0.4108
vn 0.1778 0.7194 0.6715
vn -0.7273 0.1624 0.6668
vn -0.1957 0.9251 0.3254
vn -0.6163 0.7479 0.2468
vn -0.7770 -0.0297 0.6288
vn -0.6609 -0.6932 0.2876
vn -0.4135 -0.8917 0.1839
vn 0.3516 -0.7540 -0.5549
vn 0.5379 -0.4720 -0.6985
vn 0.6923 -0.2757 -0.6668
vn 0.4003 -0.7718 -0.4940
vn 0.5016 0.7998 -0.3298
vn 0.5954 0.6364 -0.4903
vn -0.3303 0.7877 -0.5201
vn -0.4605 0.0365 -0.8869
vn -0.4075 0.7287 -0.5504
vn -0.5528 0.2021 -0.8085
vn -0.4871 -0.6590 -0.5731
vn -0.1883 -0.6298 -0.7536
vn 0.6580 -0.5920 -0.4653
vn 0.3828 -0.9058 -0.1819
vn 0.0025 -0.9959 0.0903
vn -0.4847 -0.6308 0.6060
vn -0.7166 -0.1167 0.6876
vn -0.8157 -0.0945 0.5707
vn -0.7347 0.2501 0.6305
vn -0.4790 0.8029 0.3549
vn -0.0284 0.9966 0.0778
vn 0.0842 0.9864 -0.1415
vn 0.4556 0.7409 -0.4935
vn 0.7248 0.1945 -0.6609
vn 0.7634 -0.0336 -0.6450
vn 0.7546 -0.1723 -0.6331
vn 0.7817 -0.4778 0.4008
vn 0.2899 -0.9374 -0.1930
vn -0.1139 -0.9168 -0.3828
vn -0.3420 -0.8031 -0.4878
vn -0.5796 -0.3369 -0.7420
vn -0.7557 0.0301 -0.6542
vn -0.8028 0.0770 -0.5912
vn -0.7579 0.6084 -0.2353
vn -0.4663 0.8658 -0.1814
vn -0.3333 0.9421 -0.0360
vn 0.2940 0.8885 0.3525
vn 0.7112 0.3277 0.6220
vn 0.7089 0.1374 0.6918
vn 0.8010 0.0110 0.5986
vn -0.3444 0.9348 -0.0869
vn 0.0431 0.9990 0.0137
vn 0.0261 0.9977 -0.0633
vn -0.2972 0.9489 0.1056
vn 0.1001 -0.9816 -0.1624
vn 0.1021 -0.9884 -0.1122
vn 0.0323 -0.9029 0.4286
vn 0.1260 -0.9490 0.2890
vn -0.9816 -0.1573 0.1080
vn -0.9493 -0.2058 0.2377
vn -0.9809 0.1167 0.1555
vn -0.9861 0.1656 0.0143
vn 0.9765 -0.1346 -0.1686
vn 0.8736 -0.1325 -0.4683
vn 0.8894 -0.0213 -0.4566
vn 0.9951 -0.0003 -0.0987
vn -0.0595 0.9962 0.0642
vn 0.0117 0.9952 -0.0971
vn 0.1464 0.9876 -0.0573
vn -0.2366 0.9674 -0.0902
vn 0.0298 0.9964 0.0793
vn -0.0363 0.9992 -0.0171
vn 0.2005 0.9796 -0.0155
vn 0.1029 0.9945 0.0206
vn 0.2290 -0.9510 0.2080
vn -0.2909 -0.9263 0.2396
vn 0.1288 -0.9791 -0.1575
vn -0.2037 -0.9765 0.0700
vn 0.0149 -0.9900 -0.1401
vn 0.3048 -0.9433 -0.1311
vn 0.1433 -0.9699 -0.1969
vn -0.1192 -0.9842 -0.1307
vn -0.8820 -0.1007 0.4603
vn -0.9451 -0.1646 0.2822
vn -0.9613 0.2743 0.0239
vn -0.9065 0.2987 0.2984
vn -0.9890 -0.1477 0.0121
vn -0.9999 -0.0138 -0.0011
vn -0.9889 -0.0087 -0.1483
vn -0.9787 -0.1720 -0.1121
vn -0.9701 -0.0088 0.2425
vn 0.9984 0.0561 0.0034
vn 0.9995 -0.0281 0.0109
vn 0.9625 0.2228 0.1545
vn 0.9689 0.2427 -0.0478
vn 0.8893 -0.1944 -0.4139
vn 0.9318 0.0533 -0.3592
vn 0.9514 -0.0608 -0.3020
vn 0.9073 -0.0020 -0.4204
vn 0.9373 -0.2527 -0.2402
vn -0.5426 -0.8109 0.2190
vn -0.9946 -0.0403 0.0959
vn -0.6511 -0.7590 -0.0003
vn -0.7800 0.6254 -0.0221
vn -0.7457 0.6614 0.0807
vn 0.4291 -0.9032 -0.0108
vn 0.3951 -0.9040 0.1632
vn 0.8430 -0.5187 -0.1426
vn 0.6458 0.6752 -0.3564
vn 0.7089 0.7052 -0.0150
vn -0.6593 -0.6414 0.3922
vn -0.7297 -0.6748 0.1104
vn -0.9747 -0.1689 0.1466
vn -0.8801 -0.2538 0.4014
vn -0.4994 0.7816 0.3739
vn -0.7263 0.6834 0.0744
vn -0.9750 0.2018 0.0929
vn -0.3811 0.9146 0.1348
vn -0.6291 0.7668 -0.1270
vn -0.9971 -0.0546 -0.0538
vn -0.7171 -0.6730 -0.1810
vn -0.4693 -0.8811 -0.0584
vn 0.6016 -0.7937 -0.0903
vn 0.8563 -0.5162 -0.0169
vn 0.9495 -0.2970 -0.1011
vn 0.5902 -0.7912 -0.1603
vn 0.5119 0.8389 0.1851
vn 0.7300 0.6832 -0.0198
vn 0.4672 0.7734 -0.4285
vn 0.8304 0.0020 -0.5572
vn 0.6158 0.7171 -0.3264
vn 0.9097 0.1614 -0.3827
vn 0.6598 -0.6243 -0.4183
vn 0.7446 -0.6619 -0.0864
vn 0.7819 -0.6230 -0.0225
vn 0.3786 -0.9251 -0.0276
vn -0.0806 -0.9966 0.0181
vn -0.7336 -0.6172 0.2844
vn -0.9324 -0.0911 0.3498
vn -0.9615 -0.0967 0.2574
vn -0.9282 0.2308 0.2918
vn -0.5850 0.7924 0.1730
vn -0.0677 0.9977 0.0050
vn 0.1493 0.9872 -0.0568
vn 0.6189 0.7759 -0.1222
vn 0.9727 0.1931 -0.1288
vn 0.9945 -0.0014 -0.1049
vn 0.9696 -0.2206 -0.1057
vn -0.6982 -0.5476 0.4612
vn -0.0158 -0.9937 0.1109
vn 0.4167 -0.8831 -0.2155
vn 0.7080 -0.6234 -0.3319
vn 0.9225 -0.2452 -0.2980
vn 0.9469 0.0340 -0.3197
vn 0.9399 0.1590 -0.3023
vn 0.5994 0.7711 -0.2150
vn 0.1481 0.9876 -0.0519
vn -0.0837 0.9956 0.0430
vn -0.5972 0.7621 0.2503
vn -0.9249 0.1916 0.3283
vn -0.9429 -0.0340 0.3315
vn -0.8549 -0.1182 0.5051
vn -0.2465 0.9454 -0.2131
vn 0.0431 0.9972 0.0604
vn 0.0745 0.9972 0.0024
vn -0.3206 0.9414 -0.1050
vn 0.1945 -0.9772 -0.0856
vn 0.1600 -0.9864 -0.0382
vn -0.2335 -0.9443 0.2320
vn -0.0390 -0.9597 0.2783
vn -0.9037 -0.1524 -0.4000
vn -0.8854 -0.1940 -0.4224
vn -0.8576 0.0923 -0.5060
vn -0.8597 0.1392 -0.4914
vn 0.8653 -0.0983 0.4915
vn 0.9714 -0.0994 0.2155
vn 0.9735 -0.0044 0.2285
vn 0.8304 0.0198 0.5569
vn -0.0410 0.9825 -0.1816
vn 0.0832 0.9771 -0.1956
vn 0.1610 0.9773 -0.1376
vn -0.1337 0.9224 -0.3623
vn -0.0174 0.9941 0.1071
vn -0.0050 0.9997 -0.0256
vn 0.1975 0.9662 0.1659
vn 0.0803 0.9901 0.1153
vn 0.1377 -0.9762 0.1676
vn -0.3875 -0.9193 -0.0684
vn 0.1771 -0.9665 -0.1856
vn -0.1897 -0.9680 -0.1644
vn 0.0147 -0.9993 -0.0355
vn 0.3473 -0.9337 0.0873
vn 0.2307 -0.9667 -0.1104
vn -0.0243 -0.9763 -0.2151
vn -0.9720 -0.1190 0.2025
vn -0.9827 -0.1628 -0.0882
vn -0.8037 0.2383 -0.5452
vn -0.9328 0.2981 -0.2026
vn -0.7711 -0.1641 -0.6151
vn -0.7796 -0.0299 -0.6255
vn -0.6706 -0.0260 -0.7414
vn -0.6850 -0.1629 -0.7101
vn -0.9027 -0.0248 -0.4296
vn 0.7492 0.0696 0.6587
vn 0.7681 -0.0081 0.6402
vn 0.6489 0.2084 0.7318
vn 0.7490 0.2273 0.6224
vn 0.9763 -0.2006 0.0810
vn 0.9904 0.0472 0.1302
vn 0.9703 -0.0284 0.2402
vn 0.9785 0.0091 0.2062
vn 0.9110 -0.2265 0.3446
vn -0.5374 -0.8273 -0.1636
vn -0.9095 -0.0514 -0.4125
vn -0.5050 -0.8128 -0.2904
vn -0.6943 0.5865 -0.4170
vn -0.6663 0.6061 -0.4343
vn 0.3750 -0.8817 0.2864
vn 0.2875 -0.8848 0.3667
vn 0.7632 -0.4786 0.4341
vn 0.7240 0.6705 0.1618
vn 0.5617 0.6951 0.4486
vn -0.7525 -0.6586 0.0012
vn -0.7095 -0.5990 -0.3711
vn -0.9349 -0.1687 -0.3123
vn -0.9653 -0.2567 0.0479
vn -0.5779 0.8161 -0.0038
vn -0.6461 0.6448 -0.4084
vn -0.8211 0.1522 -0.5501
vn -0.4014 0.9088 -0.1135
vn -0.4042 0.7591 -0.5103
vn -0.7383 -0.0621 -0.6716
vn -0.4397 -0.6634 -0.6055
vn -0.4021 -0.8870 -0.2271
vn 0.5721 -0.7484 0.3357
vn 0.6911 -0.4780 0.5421
vn 0.7632 -0.2575 0.5926
vn 0.7129 -0.6733 0.1961
vn 0.2867 0.8210 0.4937
vn 0.5796 0.6430 0.5006
vn 0.6322 0.7703 -0.0831
vn 0.9946 0.0220 0.1014
vn 0.7314 0.6818 -0.0127
vn 0.9780 0.1672 0.1247
vn 0.7924 -0.6073 -0.0573
vn 0.7153 -0.6535 0.2475
vn 0.0511 0.9194 0.3899
vn 0.0093 0.9994 -0.0336
vn -0.0575 0.9980 0.0253
vn 0.2188 0.9414 0.2567
vn -0.2059 -0.9779 -0.0369
vn -0.1660 -0.9842 -0.0618
vn 0.3792 -0.8889 -0.2572
vn 0.2054 -0.9392 -0.2750
vn 0.4475 -0.1279 0.8851
vn 0.5587 -0.1766 0.8104
vn 0.4806 0.1242 0.8681
vn 0.3577 0.1680 0.9186
vn -0.4937 -0.1445 -0.8575
vn -0.7599 -0.1478 -0.6330
vn -0.7570 -0.0378 -0.6524
vn -0.4348 -0.0189 -0.9003
vn 0.0929 0.9948 0.0414
vn -0.0805 0.9953 0.0545
vn -0.1259 0.9874 -0.0955
vn 0.0179 0.9551 0.2956
vn 0.0808 0.9951 -0.0577
vn 0.0134 0.9975 0.0693
vn -0.0731 0.9791 -0.1898
vn -0.0003 0.9951 -0.0989
vn 0.0752 -0.9439 -0.3215
vn 0.3380 -0.9267 0.1641
vn -0.2483 -0.9680 -0.0377
vn 0.1106 -0.9824 0.1506
vn -0.0539 -0.9985 -0.0070
vn -0.2540 -0.9352 -0.2466
vn -0.2398 -0.9704 -0.0297
vn -0.0931 -0.9807 0.1722
vn 0.8760 -0.0836 0.4750
vn 0.6199 -0.1410 0.7719
vn 0.3489 0.2700 0.8974
vn 0.7164 0.3076 0.6263
vn 0.4054 -0.1447 0.9026
vn 0.4080 0.0060 0.9130
vn 0.2141 0.0100 0.9768
vn 0.2420 -0.1392 0.9602
vn 0.5671 0.0114 0.8235
vn -0.3454 0.0389 -0.9376
vn -0.3352 -0.0467 -0.9410
vn -0.1897 0.1819 -0.9649
vn -0.3748 0.2074 -0.9036
vn -0.7806 -0.2042 -0.5907
vn -0.7498 0.0350 -0.6608
vn -0.6206 -0.0820 -0.7799
vn -0.7292 -0.0245 -0.6838
vn -0.5580 -0.2501 -0.7913
vn 0.3975 -0.8193 0.4132
vn 0.4404 -0.0177 0.8977
vn 0.2412 -0.7744 0.5849
vn 0.2621 0.5945 0.7602
vn 0.3406 0.6400 0.6888
vn -0.1658 -0.8860 -0.4331
vn 0.0134 -0.9051 -0.4250
vn -0.4296 -0.5060 -0.7479
vn -0.5786 0.6689 -0.4667
vn -0.2566 0.7005 -0.6660
vn 0.6665 -0.6600 0.3466
vn 0.3843 -0.6689 0.6363
vn 0.4836 -0.1393 0.8641
vn 0.8131 -0.2268 0.5362
vn 0.5683 0.8029 0.1801
vn 0.3477 0.6446 0.6809
vn 0.4610 0.1981 0.8650
vn 0.2971 0.9070 0.2984
vn 0.1094 0.7525 0.6494
vn 0.2933 -0.0317 0.9555
vn 0.0767 -0.6593 0.7479
vn 0.2609 -0.8807 0.3953
vn -0.3122 -0.7633 -0.5656
vn -0.3180 -0.4997 -0.8057
vn -0.3820 -0.3105 -0.8704
vn -0.5243 -0.7084 -0.4726
vn -0.0042 0.8231 -0.5679
vn -0.2646 0.6611 -0.7021
vn -0.5807 0.7786 -0.2379
vn -0.8298 -0.0140 -0.5579
vn -0.6097 0.6896 -0.3907
vn -0.7684 0.1333 -0.6260
vn -0.7008 -0.5948 -0.3937
vn -0.3652 -0.6451 -0.6712
vn 0.3748 0.9270 0.0168
vn -0.0461 0.9989 -0.0041
vn -0.0088 0.9974 0.0713
vn 0.2841 0.9439 -0.1682
vn -0.0696 -0.9798 0.1875
vn -0.0845 -0.9868 0.1382
vn -0.1327 -0.8955 -0.4247
vn -0.2038 -0.9442 -0.2586
vn 0.9424 -0.1440 -0.3021
vn 0.8871 -0.1904 -0.4205
vn 0.9326 0.1128 -0.3429
vn 0.9646 0.1585 -0.2108
vn -0.9256 -0.1280 0.3561
vn -0.7641 -0.1271 0.6324
vn -0.7808 -0.0219 0.6244
vn -0.9563 -0.0023 0.2922
vn -0.0431 0.9751 -0.2177
vn 0.0150 0.9947 0.1014
vn -0.2226 0.9749 -0.0012
vn 0.2719 0.9614 0.0413
vn -0.0479 0.9960 -0.0756
vn 0.0473 0.9988 0.0105
vn -0.2057 0.9769 0.0580
vn -0.1118 0.9937 0.0029
vn -0.2827 -0.9476 -0.1487
vn 0.2414 -0.9220 -0.3026
vn 0.0277 -0.9514 0.3066
vn 0.3216 -0.9367 0.1386
vn 0.0110 -0.9892 0.1464
vn -0.2853 -0.9376 0.1989
vn -0.1044 -0.9690 0.2239
vn 0.1542 -0.9822 0.1077
vn 0.6820 -0.1284 -0.7200
vn 0.8694 -0.1531 -0.4697
vn 0.9421 0.2608 -0.2108
vn 0.7134 0.2914 -0.6373
vn 0.9756 -0.1327 -0.1747
vn 0.9867 -0.0098 -0.1624
vn 0.9984 -0.0050 -0.0569
vn 0.9838 -0.1558 -0.0890
vn 0.9039 -0.0055 -0.4276
vn -0.9768 0.0479 0.2087
vn -0.9815 -0.0303 0.1891
vn -0.9783 0.2027 0.0439
vn -0.9419 0.2237 0.2505
vn -0.7040 -0.1383 0.6966
vn -0.7695 0.0162 0.6385
vn -0.8732 -0.0625 0.4834
vn -0.8049 -0.0057 0.5934
vn -0.8757 -0.2396 0.4193
vn 0.4764 -0.8180 -0.3223
vn 0.9555 -0.0352 -0.2929
vn 0.6210 -0.7726 -0.1317
vn 0.7891 0.5986 -0.1378
vn 0.7358 0.6367 -0.2307
vn -0.4438 -0.8906 0.0998
vn -0.4174 -0.9045 -0.0875
vn -0.8081 -0.5024 0.3074
vn -0.5647 0.6712 0.4802
vn -0.6958 0.7011 0.1559
vn 0.5742 -0.7178 -0.3938
vn 0.7030 -0.6589 -0.2676
vn 0.9282 -0.1550 -0.3383
vn 0.6669 -0.2184 -0.7124
vn 0.2464 0.7456 -0.6192
vn 0.7222 0.6538 -0.2257
vn 0.9488 0.1933 -0.2498
vn 0.3495 0.9162 -0.1960
vn 0.6497 0.7602 0.0009
vn 0.9880 -0.0469 -0.1473
vn 0.7455 -0.6657 0.0322
vn 0.4645 -0.8854 -0.0159
vn -0.6006 -0.7701 0.2151
vn -0.8454 -0.4998 0.1885
vn -0.9109 -0.2854 0.2979
vn -0.5455 -0.7867 0.2890
vn -0.5536 0.8291 -0.0783
vn -0.7232 0.6691 0.1710
vn -0.3657 0.7719 0.5201
vn -0.7050 0.0013 0.7092
vn -0.5779 0.6660 0.4718
vn -0.7609 0.1411 0.6333
vn -0.5095 -0.6206 0.5960
vn -0.7232 -0.6497 0.2343
vn 0.4846 -0.5436 -0.6853
vn 0.3169 -0.8358 -0.4484
vn -0.1987 -0.9415 -0.2722
vn -0.6974 -0.5160 0.4975
vn -0.7953 -0.0831 0.6004
vn -0.7986 -0.0460 0.6001
vn -0.7599 0.2194 0.6119
vn -0.3770 0.8538 0.3591
vn 0.0500 0.9893 0.1368
vn 0.2413 0.9703 0.0179
vn 0.5693 0.7603 -0.3127
vn 0.7389 0.2498 -0.6258
vn 0.7456 0.0252 -0.6659
vn 0.5220 -0.1313 -0.8428
vn -0.2049 0.9379 -0.2798
vn 0.0101 0.9986 0.0525
vn 0.0317 0.9995 -0.0071
vn -0.2671 0.9436 -0.1957
vn 0.1730 -0.9845 -0.0277
vn 0.1621 -0.9867 0.0128
vn -0.1884 -0.9519 0.2415
vn -0.0112 -0.9641 0.2652
vn -0.7390 -0.1325 -0.6605
vn -0.7222 -0.1794 -0.6680
vn -0.6713 0.1100 -0.7330
vn -0.6739 0.1630 -0.7206
vn 0.6791 -0.1297 0.7225
vn 0.8648 -0.1459 0.4804
vn 0.8721 -0.0325 0.4882
vn 0.6447 -0.0141 0.7643
vn -0.0835 0.9961 0.0277
vn 0.0259 0.9979 -0.0595
vn 0.1537 0.9878 -0.0263
vn -0.1795 0.9710 -0.1578
vn -0.0448 0.9943 0.0963
vn -0.0320 0.9975 -0.0630
vn 0.1405 0.9747 0.1736
vn 0.0602 0.9925 0.1061
vn 0.1430 -0.9583 0.2476
vn -0.3353 -0.9411 0.0448
vn 0.1906 -0.9615 -0.1980
vn -0.1679 -0.9795 -0.1110
vn 0.1255 -0.9885 -0.0839
vn 0.2998 -0.9374 0.1772
vn 0.1911 -0.9815 -0.0122
vn 0.0063 -0.9776 -0.2104
vn -0.9867 -0.0958 0.1313
vn -0.9551 -0.1566 -0.2515
vn -0.8356 0.2892 -0.4671
vn -0.9503 0.3111 0.0079
vn -0.6073 -0.1233 -0.7848
vn -0.6092 -0.0033 -0.7930
vn -0.4957 0.0005 -0.8685
vn -0.5118 -0.1427 -0.8472
vn -0.7346 0.0028 -0.6785
vn 0.5542 0.0458 0.8311
vn 0.5731 -0.0319 0.8188
vn 0.4698 0.1782 0.8646
vn 0.5889 0.2036 0.7821
vn 0.9707 -0.2073 -0.1212
vn 0.9980 0.0316 -0.0551
vn 0.9362 -0.0557 0.3470
vn 0.9560 -0.0170 0.2930
vn 0.7773 -0.2424 0.5805
vn -0.4591 -0.8229 -0.3348
vn -0.7399 -0.0198 -0.6724
vn -0.4300 -0.8087 -0.4013
vn -0.5393 0.5998 -0.5911
vn -0.5173 0.6230 -0.5867
vn 0.2799 -0.8893 0.3618
vn 0.2141 -0.8844 0.4147
vn 0.5981 -0.4937 0.6313
vn 0.6447 0.6767 0.3555
vn 0.4209 0.7020 0.5746
vn -0.7161 -0.6938 0.0766
vn -0.7032 -0.6581 -0.2692
vn -0.9116 -0.1581 -0.3796
vn -0.9636 -0.2585 0.0677
vn -0.5782 0.7962 0.1782
vn -0.6403 0.7056 -0.3037
vn -0.6398 0.2014 -0.7416
vn -0.3281 0.9129 -0.2426
vn -0.3046 0.7433 -0.5956
vn -0.5425 -0.0422 -0.8390
vn -0.3236 -0.6386 -0.6981
vn -0.2461 -0.8805 -0.4051
vn 0.4447 -0.7475 0.4935
vn 0.5250 -0.4854 0.6991
vn 0.6089 -0.2712 0.7455
vn 0.4584 -0.7863 0.4142
vn 0.2094 0.8070 0.5522
vn 0.4456 0.6299 0.6361
vn 0.6684 0.7432 0.0296
vn 0.9845 -0.0126 0.1749
vn 0.7086 0.6953 -0.1205
vn 0.9831 0.1625 -0.0845
vn 0.7573 -0.6227 -0.1970
vn 0.7097 -0.6285 0.3183
vn 0.6636 -0.5874 0.4633
vn 0.4690 -0.8642 0.1821
vn 0.1909 -0.8946 -0.4041
vn -0.4839 -0.5032 -0.7160
vn -0.6914 -0.0633 -0.7197
vn -0.6856 -0.0376 -0.7270
vn -0.7087 0.2156 -0.6718
vn -0.5228 0.8195 -0.2347
vn -0.1858 0.9626 0.1974
vn -0.0557 0.9344 0.3520
vn 0.2909 0.7444 0.6011
vn 0.5964 0.1978 0.7779
vn 0.6591 0.0114 0.7520
vn 0.7493 -0.1475 0.6456
vn -0.6246 -0.7742 -0.1029
vn -0.3183 -0.9473 -0.0366
vn 0.3563 -0.9039 -0.2369
vn 0.5360 -0.8262 -0.1737
vn 0.8365 -0.5477 -0.0155
vn 0.9219 -0.3846 -0.0478
vn 0.9825 -0.1861 0.0052
vn 0.7720 0.6240 0.1213
vn 0.1399 0.9902 -0.0052
vn -0.0321 0.9982 -0.0503
vn -0.5812 0.8130 0.0354
vn -0.9299 0.3490 0.1160
vn -0.9933 0.0033 0.1151
vn -0.9944 -0.0882 0.0587
vn -0.2474 0.9667 0.0646
vn -0.2170 0.9728 0.0812
vn -0.3972 0.9041 0.1578
vn -0.4007 0.8937 0.2020
vn -0.1296 0.9912 -0.0263
vn -0.0995 0.9944 0.0355
vn 0.3706 0.8809 -0.2943
vn 0.4194 0.8888 -0.1846
vn 0.1438 -0.9764 0.1614
vn 0.5673 -0.7493 -0.3415
vn 0.6255 -0.7503 -0.2141
vn 0.1764 -0.9835 -0.0401
vn -0.0366 -0.9483 0.3152
vn -0.1728 -0.9758 0.1342
vn -0.5833 -0.6343 0.5073
vn -0.7130 -0.6299 0.3081
vn 0.9004 0.2849 -0.3289
vn 0.8071 0.3092 -0.5030
vn 0.9215 0.0355 -0.3869
vn 0.8088 -0.0319 -0.5872
vn 0.8842 -0.2558 -0.3909
vn 0.8056 -0.1850 -0.5628
vn -0.8667 -0.1087 0.4869
vn -0.8462 -0.1483 0.5118
vn -0.8480 -0.1441 0.5100
vn -0.8581 -0.1078 0.5021
vn -0.7268 0.4129 0.5489
vn -0.8627 0.4297 0.2666
vn 0.0328 0.9928 0.1156
vn -0.5258 0.8275 0.1968
vn -0.5448 0.7956 0.2651
vn -0.1901 0.9780 0.0856
vn -0.0871 0.9954 -0.0386
vn -0.5207 0.8440 0.1286
vn 0.0412 0.9928 0.1121
vn -0.6028 0.6041 0.5212
vn -0.6844 0.6562 0.3177
vn -0.0935 0.9940 0.0569
vn -0.0248 0.9997 0.0015
vn -0.6783 0.6837 0.2690
vn 0.0910 0.9924 0.0827
vn -0.0398 0.9992 -0.0027
vn -0.0584 0.9969 -0.0530
vn 0.0483 0.9941 0.0976
vn 0.0722 0.9974 0.0003
vn 0.0079 0.9984 0.0562
vn 0.5084 0.7791 -0.3667
vn 0.5101 0.8096 -0.2904
vn 0.4007 0.8577 -0.3221
vn 0.6465 0.7521 -0.1280
vn 0.5413 0.8199 -0.1864
vn 0.6079 0.7852 -0.1182
vn 0.7800 -0.2720 -0.5636
vn 0.1793 -0.8977 -0.4026
vn 0.8118 -0.4906 -0.3167
vn 0.2178 -0.9650 -0.1464
vn 0.7314 -0.4176 -0.5392
vn 0.2891 -0.9462 -0.1455
vn 0.5458 -0.8321 -0.0984
vn 0.1153 -0.9777 -0.1753
vn 0.2371 -0.9685 -0.0758
vn -0.2730 -0.9620 -0.0001
vn -0.0907 -0.9118 0.4005
vn 0.4210 -0.9030 0.0855
vn -0.4039 -0.9070 -0.1190
vn -0.0857 -0.9929 0.0830
vn -0.2975 -0.9463 0.1269
vn -0.1286 -0.9646 -0.2304
vn -0.2434 -0.9674 -0.0696
vn 0.0124 -0.9129 0.4080
vn -0.7412 -0.6535 0.1535
vn -0.7456 -0.6288 0.2208
vn -0.7024 -0.6548 0.2791
vn -0.7312 -0.6676 0.1402
vn -0.6839 -0.7024 0.1973
vn -0.5260 -0.6336 0.5674
vn 0.8694 -0.0992 -0.4840
vn 0.9052 -0.0009 -0.4251
vn 0.7930 0.0931 -0.6021
vn 0.8904 0.3003 -0.3421
vn 0.8922 0.2976 -0.3398
vn 0.9361 0.2420 -0.2551
vn 0.8645 -0.2143 -0.4546
vn 0.9466 -0.1427 -0.2891
vn 0.7302 -0.1925 -0.6555
vn 0.9604 0.0442 -0.2750
vn 0.9253 0.2056 -0.3185
vn 0.9240 0.1885 -0.3327
vn 0.8790 0.0732 -0.4712
vn 0.9701 -0.1085 -0.2172
vn 0.7546 0.0716 -0.6523
vn 0.9368 -0.2471 -0.2475
vn 0.9171 -0.2592 -0.3029
vn 0.9093 -0.2651 -0.3207
vn -0.9411 -0.3363 0.0344
vn -0.9239 -0.3231 0.2049
vn -0.8295 -0.3164 0.4602
vn -0.9342 0.0469 0.3536
vn -0.8859 -0.1846 0.4257
vn -0.8126 -0.1981 0.5481
vn -0.9899 -0.1205 0.0749
vn -0.9401 0.2063 0.2713
vn -0.8459 0.2036 0.4929
vn -0.9029 0.3055 0.3023
vn -0.8384 0.0353 0.5439
vn -0.8365 0.0253 0.5474
vn -0.9410 0.2702 0.2037
vn -0.7749 0.5359 0.3352
vn -0.8220 0.4801 0.3064
vn -0.9387 0.0156 0.3443
vn -0.8306 -0.0378 0.5557
vn -0.8435 0.0051 0.5371
vn 0.1011 -0.9925 0.0684
vn -0.5841 -0.6103 0.5352
vn 0.3610 -0.9109 -0.1996
vn 0.7221 -0.6420 -0.2578
vn 0.9757 -0.2189 -0.0103
vn 0.9985 -0.0551 0.0056
vn 0.9841 0.1755 -0.0272
vn 0.5880 0.8079 -0.0409
vn 0.2571 0.9569 0.1351
vn -0.1150 0.9898 0.0838
vn -0.4026 0.9029 0.1504
vn -0.9169 0.2012 0.3446
vn -0.9506 -0.1556 0.2684
vn -0.8841 -0.1493 0.4429
vn -0.1155 0.9675 0.2248
vn 0.0352 0.9981 -0.0499
vn -0.0092 0.9979 -0.0645
vn -0.0149 0.9637 0.2666
vn -0.0532 -0.9477 -0.3146
vn -0.0641 -0.9907 -0.1203
vn 0.1740 -0.9535 0.2462
vn 0.1992 -0.9791 -0.0410
vn -0.2435 -0.1866 0.9518
vn -0.2195 -0.2529 0.9423
vn -0.2748 0.1217 0.9538
vn -0.3009 0.1987 0.9327
vn 0.0115 0.9980 0.0626
vn -0.0445 0.9984 -0.0353
vn 0.0433 0.9908 -0.1285
vn -0.1115 0.9681 0.2242
vn 0.0881 0.9959 -0.0221
vn -0.0250 0.9992 0.0324
vn 0.0651 0.9765 -0.2056
vn 0.0551 0.9951 -0.0825
vn 0.2225 -0.9444 -0.2420
vn 0.0089 -0.9338 0.3576
vn 0.0280 -0.9886 -0.1482
vn 0.0384 -0.9745 0.2209
vn -0.1462 -0.9884 -0.0405
vn 0.0482 -0.8432 -0.5354
vn -0.1669 -0.9425 -0.2897
vn -0.1592 -0.9858 0.0529
vn -0.3023 -0.0863 0.9493
vn -0.1738 -0.1861 0.9670
vn -0.2678 0.2830 0.9210
vn -0.2960 0.3036 0.9056
vn -0.2915 -0.1776 0.9400
vn -0.2995 -0.0167 0.9539
vn -0.5574 -0.0103 0.8302
vn -0.5168 -0.2072 0.8306
vn -0.2269 -0.0110 0.9739
vn 0.1594 0.0413 -0.9864
vn 0.1499 -0.0375 -0.9880
vn 0.3746 0.2160 -0.9017
vn 0.1679 0.2314 -0.9583
vn 0.9038 -0.2349 -0.3578
vn 0.9331 0.2630 -0.2451
vn 0.2884 -0.2133 -0.9335
vn 0.3341 0.0515 -0.9411
vn 0.4114 -0.1405 -0.9006
vn 0.3224 -0.0227 -0.9463
vn -0.0818 -0.6994 -0.7100
vn -0.4933 -0.2334 -0.8379
vn -0.1062 -0.7851 0.6102
vn -0.2617 -0.0308 0.9647
vn -0.2172 -0.7611 0.6112
vn -0.2336 0.7166 0.6572
vn -0.2322 0.7312 0.6414
vn 0.0987 -0.8845 -0.4560
vn 0.2155 -0.9553 -0.2024
vn -0.0866 -0.9949 0.0524
vn 0.3267 -0.9385 -0.1117
vn -0.0053 0.9981 -0.0620
vn -0.1420 0.8789 -0.4553
vn -0.1025 -0.6461 0.7564
vn -0.1790 -0.6132 0.7694
vn -0.2290 -0.1991 0.9528
vn -0.2782 -0.2875 0.9165
vn -0.1388 0.7615 0.6331
vn -0.1906 0.7469 0.6370
vn -0.2080 0.2272 0.9514
vn 0.0109 0.9188 0.3945
vn -0.3741 0.7722 0.5136
vn -0.4799 -0.0657 0.8748
vn -0.4696 -0.6828 0.5597
vn -0.2063 -0.8685 0.4507
vn 0.1108 -0.6355 -0.7641
vn 0.1576 -0.4654 -0.8709
vn 0.0602 -0.2962 -0.9532
vn 0.0068 -0.7705 -0.6374
vn 0.3408 0.8785 -0.3348
vn 0.1565 0.6273 -0.7629
vn 0.3570 0.9328 -0.0491
vn 0.0711 0.7543 -0.6527
vn 0.2440 0.0124 -0.9697
vn 0.1738 0.7463 -0.6425
vn 0.3250 0.1805 -0.9283
vn 0.1855 -0.6669 -0.7217
vn 0.3410 -0.6837 -0.6452
vn -0.5168 0.0964 -0.8506
vn 0.1268 -0.7159 -0.6866
vn -0.0095 -0.8573 -0.5147
vn -0.1933 -0.9746 -0.1135
vn -0.2808 -0.8179 0.5023
vn -0.2764 -0.4869 0.8286
vn -0.0398 -0.3707 0.9279
vn -0.0815 -0.0179 0.9965
vn 0.1363 0.7989 0.5858
vn 0.0753 0.9315 0.3559
vn 0.0884 0.9852 0.1466
vn 0.1905 0.8807 -0.4336
vn 0.2080 0.2631 -0.9421
vn 0.2562 0.0579 -0.9649
vn 0.1799 -0.1693 -0.9690
vn -0.3562 -0.3378 0.8712
vn 0.0433 -0.9282 0.3695
vn 0.0003 -0.9684 -0.2494
vn 0.1792 -0.6527 -0.7361
vn 0.2504 -0.2408 -0.9377
vn 0.2423 -0.0274 -0.9698
vn 0.2627 0.1319 -0.9558
vn 0.1672 0.7504 -0.6395
vn 0.0371 0.9827 -0.1816
vn -0.0312 0.9970 0.0713
vn -0.1609 0.8086 0.5659
vn -0.3363 0.3287 0.8825
vn -0.2579 0.1439 0.9554
vn -0.2554 -0.0816 0.9634
vn 0.0521 0.9980 -0.0349
vn -0.0596 0.9982 -0.0066
vn -0.1235 0.9920 -0.0267
vn 0.2428 0.9642 0.1065
vn -0.2142 -0.9745 0.0669
vn 0.2820 -0.9281 0.2432
vn -0.1912 -0.9329 0.3052
vn 0.0891 -0.9329 0.3488
vn 0.9438 -0.0788 0.3209
vn 0.9538 -0.2019 0.2223
vn 0.9108 0.3307 0.2473
vn 0.8793 0.3255 0.3477
vn -0.9577 -0.2160 -0.1902
vn -0.9526 0.0267 -0.3031
vn -0.9497 -0.0539 -0.3085
vn -0.9587 0.0183 -0.2838
vn 0.5969 -0.7328 0.3268
vn 0.7621 -0.5775 0.2925
vn 0.9490 -0.1897 0.2520
vn 0.8860 -0.3350 0.3207
vn 0.6528 0.7429 0.1481
vn 0.6398 0.7648 0.0762
vn -0.6075 0.7808 -0.1460
vn -0.9750 0.0303 -0.2199
vn -0.6227 0.7662 -0.1586
vn -0.9363 0.2252 -0.2696
vn -0.6926 -0.7196 0.0493
vn -0.7413 -0.6358 -0.2151
vn 0.4905 0.8477 -0.2018
vn 0.1879 0.9655 0.1801
vn 0.5168 0.8487 -0.1123
vn 0.0224 0.9745 0.2231
vn 0.1755 0.9595 0.2202
vn 0.1985 0.9629 0.1827
vn -0.2969 0.8445 0.4457
vn -0.1733 0.9397 0.2948
vn -0.7075 -0.6089 0.3587
vn -0.3406 -0.9385 -0.0560
vn -0.2316 -0.9704 0.0678
vn -0.7322 -0.5773 0.3613
vn 0.0569 -0.9424 -0.3297
vn 0.2171 -0.9618 -0.1667
vn 0.5898 -0.5666 -0.5755
vn 0.7096 -0.5809 -0.3987
vn -0.7721 0.3735 0.5141
vn -0.6966 0.3114 0.6463
vn -0.8563 -0.2320 0.4614
vn -0.7582 -0.2388 0.6067
vn -0.7894 -0.3916 0.4727
vn -0.8189 -0.3695 0.4391
vn 0.8447 -0.3026 -0.4414
vn 0.7287 -0.3107 -0.6103
vn 0.9106 -0.1676 -0.3777
vn 0.7248 -0.1435 -0.6738
vn 0.9146 0.2496 -0.3182
vn 0.7295 0.3000 -0.6147
vn 0.6365 0.1667 -0.7531
vn 0.5591 0.7354 -0.3829
vn 0.5312 0.8461 -0.0448
vn 0.2494 0.9272 0.2795
vn 0.2308 0.9687 0.0913
vn 0.4040 0.8661 -0.2943
vn 0.0619 0.9970 0.0454
vn 0.4717 0.8315 -0.2934
vn 0.2263 0.9674 0.1134
vn 0.0404 0.9981 0.0469
vn 0.5266 0.8480 -0.0592
vn 0.4777 0.8585 -0.1863
vn 0.1084 0.9721 0.2078
vn 0.5490 0.8236 0.1425
vn -0.0608 0.9812 0.1832
vn 0.3649 0.9254 0.1027
vn 0.3364 0.9335 0.1238
vn 0.0882 0.9906 0.1045
vn 0.1146 0.9813 0.1548
vn 0.2066 0.9778 -0.0352
vn 0.2031 0.9719 0.1191
vn 0.1940 0.9810 0.0037
vn -0.3182 0.7986 0.5109
vn -0.2935 0.6894 0.6622
vn -0.3058 0.5951 0.7432
vn -0.4777 0.7332 0.4839
vn -0.4088 0.8512 0.3293
vn -0.3865 0.7184 0.5784
vn -0.3124 0.8985 0.3083
vn -0.3966 -0.9049 -0.1545
vn -0.7836 -0.3131 0.5366
vn -0.7346 -0.5588 0.3850
vn -0.2529 -0.9532 -0.1654
vn -0.3985 -0.8785 -0.2636
vn -0.7918 -0.4633 0.3979
vn -0.3542 -0.9147 -0.1947
vn -0.7101 -0.6463 0.2794
vn -0.0450 -0.9430 0.3298
vn -0.1058 -0.9885 -0.1081
vn -0.6276 -0.7348 0.2574
vn -0.6166 -0.6724 0.4095
vn -0.6703 -0.5959 0.4422
vn -0.1042 -0.9505 0.2929
vn -0.0273 -0.9464 -0.3217
vn -0.1117 -0.8802 -0.4613
vn -0.1609 -0.8157 -0.5556
vn -0.0919 -0.8872 -0.4522
vn -0.0385 -0.9937 -0.1054
vn 0.3196 -0.9369 0.1419
vn 0.3783 -0.9196 0.1057
vn 0.3835 -0.7988 -0.4636
vn 0.4252 -0.5259 -0.7366
vn 0.2000 -0.4885 -0.8493
vn 0.4030 -0.5649 -0.7201
vn 0.4204 -0.8484 -0.3216
vn 0.7823 -0.5880 -0.2058
vn 0.8437 -0.5276 -0.0991
vn -0.7527 0.1762 0.6344
vn -0.5702 -0.0640 0.8190
vn -0.7210 -0.0201 0.6926
vn -0.8618 0.2850 0.4195
vn -0.8275 0.3108 0.4677
vn -0.7086 0.2536 0.6585
vn -0.8207 0.1681 0.5460
vn -0.7448 -0.1008 0.6597
vn -0.5680 -0.1753 0.8041
vn -0.8283 0.0027 0.5603
vn -0.9360 -0.1122 0.3336
vn -0.8759 0.0514 0.4797
vn -0.7435 -0.0037 0.6687
vn -0.8709 -0.0062 0.4915
vn -0.6922 -0.3370 0.6382
vn -0.6658 0.0081 0.7460
vn -0.7722 0.0452 0.6338
vn -0.8401 -0.2457 0.4837
vn -0.8337 -0.3100 0.4571
vn -0.7543 -0.2268 0.6161
vn -0.8873 -0.2469 0.3895
vn 0.6932 -0.1680 -0.7009
vn 0.7890 -0.2299 -0.5698
vn 0.4373 -0.1235 -0.8908
vn 0.5907 -0.1691 -0.7890
vn 0.7673 -0.3388 -0.5446
vn 0.8847 -0.0246 -0.4656
vn 0.9787 -0.1501 -0.1400
vn 0.7467 -0.2503 -0.6163
vn 0.7368 0.0414 -0.6749
vn 0.4838 -0.0066 -0.8752
vn 0.5698 -0.0045 -0.8218
vn 0.7762 0.1719 -0.6066
vn 0.8954 0.1046 -0.4328
vn 0.9996 0.0253 -0.0100
vn 0.7378 0.1238 -0.6635
vn 0.7024 0.2778 -0.6553
vn 0.6197 0.0403 -0.7838
vn 0.7841 0.3227 -0.5302
vn 0.9332 0.1294 -0.3353
vn 0.9943 0.1048 -0.0177
vn 0.4519 0.8133 -0.3664
vn 0.3758 0.9166 0.1365
vn 0.6224 0.6861 -0.3766
vn 0.0303 0.9800 0.1968
vn 0.3508 0.9107 0.2180
vn 0.2818 0.9591 0.0259
vn -0.0141 0.8055 0.5925
vn 0.0063 0.9462 0.3234
vn -0.2726 -0.6207 0.7352
vn -0.4031 -0.9089 0.1071
vn 0.0468 -0.9738 0.2224
vn -0.4496 -0.5499 0.7039
vn -0.2664 -0.8842 -0.3837
vn 0.3249 -0.9123 -0.2491
vn 0.0448 -0.5271 -0.8486
vn 0.5278 -0.5588 -0.6397
vn -0.3962 0.3359 0.8545
vn -0.1902 0.2698 0.9439
vn -0.4880 -0.2144 0.8461
vn -0.2333 -0.2334 0.9440
vn -0.4260 -0.3682 0.8264
vn -0.3746 -0.3167 0.8714
vn 0.6216 -0.1208 -0.7740
vn 0.2935 -0.2091 -0.9328
vn 0.8022 -0.1272 -0.5833
vn 0.3004 -0.1351 -0.9442
vn 0.8450 0.0988 -0.5255
vn 0.2715 0.2384 -0.9324
vn 0.1940 0.1795 -0.9644
vn 0.4770 0.7375 -0.4781
vn 0.5953 0.7726 0.2206
vn 0.2509 0.9152 0.3152
vn 0.3013 0.9473 0.1091
vn 0.5746 0.8068 -0.1376
vn 0.1115 0.9936 0.0176
vn 0.3636 0.8530 -0.3744
vn 0.3714 0.9197 0.1272
vn 0.0270 0.9992 -0.0282
vn 0.1918 0.8582 -0.4761
vn -0.1942 0.7500 -0.6323
vn 0.1029 0.9906 -0.0905
vn 0.1896 0.9818 -0.0107
vn 0.0832 0.9940 0.0708
vn 0.3820 0.9004 0.2081
vn 0.3926 0.9060 0.1581
vn 0.1711 0.9715 0.1642
vn 0.2312 0.9507 0.2065
vn 0.0187 0.9887 -0.1491
vn 0.1238 0.9845 -0.1245
vn 0.0135 0.9693 -0.2456
vn -0.4765 0.7830 0.3997
vn -0.4168 0.7336 0.5368
vn -0.3819 0.5602 0.7351
vn -0.2967 0.6860 0.6644
vn 0.2800 0.7848 0.5529
vn 0.4451 0.6744 0.5891
vn -0.0257 0.8349 0.5498
vn -0.5039 -0.7976 -0.3316
vn -0.9261 -0.2838 0.2484
vn -0.8345 -0.5123 0.2027
vn -0.3265 -0.8939 -0.3072
vn -0.5633 -0.7849 -0.2581
vn -0.8338 -0.3631 0.4159
vn -0.5005 -0.8546 -0.1383
vn -0.6386 -0.6121 0.4665
vn 0.4146 -0.8989 0.1419
vn -0.0976 -0.9944 0.0404
vn 0.2300 -0.7292 0.6444
vn 0.2981 -0.6057 0.7378
vn 0.0337 -0.5420 0.8397
vn 0.3843 -0.8549 0.3487
vn -0.0232 -0.8491 -0.5277
vn -0.2148 -0.7600 -0.6135
vn -0.3763 -0.7264 -0.5751
vn -0.3693 -0.7808 -0.5039
vn -0.0231 -0.9992 0.0334
vn 0.3385 -0.9096 -0.2410
vn 0.5984 -0.7955 -0.0956
vn 0.3741 -0.6964 -0.6124
vn 0.4346 -0.4918 -0.7545
vn -0.0940 -0.4440 -0.8911
vn -0.0048 -0.4765 -0.8792
vn 0.0919 -0.9093 -0.4058
vn 0.0305 -0.6072 -0.7940
vn 0.6920 -0.5406 -0.4784
vn -0.9062 0.1690 0.3876
vn -0.7676 -0.0639 0.6377
vn -0.7835 -0.0191 0.6211
vn -0.7210 0.2592 0.6427
vn 0.2459 0.2541 0.9354
vn 0.4796 0.2144 0.8509
vn -0.0231 0.1606 0.9867
vn -0.9023 -0.1413 0.4073
vn -0.7594 -0.1692 0.6283
vn -0.8881 -0.0011 0.4597
vn -0.8118 -0.1028 0.5749
vn 0.1352 0.0552 0.9893
vn 0.5018 -0.0072 0.8650
vn -0.1555 -0.0036 0.9878
vn -0.8621 -0.2588 0.4357
vn -0.8487 -0.0069 0.5289
vn -0.8351 0.0334 0.5491
vn -0.6668 -0.2202 0.7120
vn 0.1336 -0.2431 0.9607
vn 0.4869 -0.1818 0.8543
vn -0.1916 -0.2416 0.9513
vn 0.8130 -0.1747 -0.5555
vn 0.8993 -0.2667 -0.3468
vn 0.3344 -0.1134 -0.9356
vn 0.1441 -0.1736 -0.9742
vn -0.0410 -0.4217 -0.9058
vn -0.2984 -0.0371 -0.9537
vn 0.4979 -0.1260 -0.8581
vn 0.9107 0.0110 -0.4130
vn 0.9486 0.1258 -0.2903
vn 0.3989 -0.0081 -0.9170
vn 0.0329 -0.0003 -0.9995
vn -0.1649 0.1523 -0.9745
vn -0.2753 0.1790 -0.9446
vn 0.6434 0.1567 -0.7493
vn 0.8318 0.3088 -0.4613
vn 0.9327 0.2689 -0.2402
vn 0.4851 0.1116 -0.8673
vn -0.1030 0.3152 -0.9434
vn -0.2826 0.1046 -0.9535
vn 0.4990 0.1571 -0.8523
vn -0.6697 -0.7101 -0.2176
vn -0.6122 -0.6445 -0.4581
vn -0.3389 -0.9347 0.1074
vn 0.0695 -0.5137 0.8551
vn 0.3592 -0.2310 0.9042
vn 0.4600 -0.1054 0.8817
vn 0.6071 0.1483 0.7806
vn 0.6015 0.6268 0.4953
vn 0.3176 0.9307 0.1816
vn 0.2838 0.9567 0.0645
vn -0.0701 0.8052 -0.5888
vn -0.2890 0.4945 -0.8197
vn -0.1475 0.3908 -0.9086
vn -0.3204 -0.0467 -0.9461
vn -0.1980 -0.9604 -0.1958
vn -0.8082 -0.5814 0.0937
vn 0.3345 -0.9094 -0.2471
vn 0.5137 -0.7567 -0.4044
vn 0.8401 -0.3084 -0.4461
vn 0.9088 -0.0331 -0.4160
vn 0.9375 0.1314 -0.3223
vn 0.7867 0.6031 -0.1320
vn 0.4585 0.8715 -0.1740
vn 0.4509 0.8881 -0.0891
vn -0.3902 0.9123 0.1244
vn -0.9157 0.3154 0.2490
vn -0.8834 0.1967 0.4253
vn -0.9437 0.0219 0.3301
vn -0.3035 0.8211 0.4835
vn -0.2663 0.8504 0.4539
vn 0.1172 0.9581 0.2613
vn 0.2142 0.9723 0.0930
vn 0.0909 0.9630 0.2537
vn 0.1889 0.9530 0.2370
vn 0.5176 0.8247 -0.2280
vn 0.3700 0.9222 -0.1126
vn 0.6040 -0.5562 -0.5708
vn 0.1758 -0.9584 -0.2250
vn 0.0504 -0.9151 -0.4000
vn 0.5293 -0.5252 -0.6663
vn -0.2426 -0.9555 0.1678
vn -0.3541 -0.9345 -0.0357
vn -0.6155 -0.5533 0.5612
vn -0.6980 -0.5451 0.4643
vn 0.6722 0.3307 -0.6624
vn 0.8244 0.2777 -0.4933
vn 0.6399 -0.2032 -0.7411
vn 0.8065 -0.2126 -0.5518
vn 0.6373 -0.3409 -0.6911
vn 0.6967 -0.3303 -0.6368
vn -0.6946 -0.2593 0.6710
vn -0.7472 -0.2673 0.6084
vn -0.6427 -0.1434 0.7525
vn -0.8160 -0.1215 0.5651
vn -0.5972 0.2150 0.7727
vn -0.7688 0.2579 0.5851
vn -0.8401 0.1539 0.5201
vn -0.4284 0.7041 0.5664
vn 0.1970 0.7568 0.6233
vn 0.1679 0.9398 0.2976
vn 0.3283 0.9267 0.1829
vn -0.1797 0.8081 0.5610
vn 0.0332 0.9916 0.1248
vn -0.4384 0.8145 0.3799
vn 0.1145 0.9400 0.3214
vn -0.0104 0.9992 0.0385
vn -0.4069 0.7748 0.4838
vn -0.2986 0.8784 0.3731
vn 0.0397 0.9893 0.1405
vn -0.0114 0.8235 0.5672
vn 0.1727 0.9831 0.0612
vn 0.1948 0.9431 0.2694
vn 0.2227 0.9444 0.2418
vn 0.1593 0.9806 0.1139
vn 0.1613 0.9706 0.1786
vn -0.1512 0.9795 0.1329
vn -0.0293 0.9838 0.1771
vn -0.1595 0.9745 0.1576
vn 0.5495 0.7073 -0.4448
vn 0.3854 0.7889 -0.4787
vn 0.7354 0.5593 -0.3825
vn 0.6023 0.7025 -0.3790
vn 0.4589 0.8872 -0.0476
vn 0.7227 0.6835 -0.1026
vn 0.5349 0.8409 -0.0820
vn -0.3305 -0.8478 -0.4148
vn 0.1444 -0.5112 -0.8472
vn 0.2726 -0.3336 -0.9024
vn -0.3604 -0.8925 -0.2712
vn -0.2512 -0.8454 -0.4713
vn 0.4668 -0.4019 -0.7878
vn -0.1563 -0.8753 -0.4576
vn 0.3924 -0.6164 -0.6827
vn 0.3594 -0.9017 0.2404
vn 0.6156 -0.7090 -0.3442
vn -0.0222 -0.9943 -0.1041
vn 0.7717 -0.6122 -0.1723
vn 0.8119 -0.5251 -0.2551
vn 0.4085 -0.9054 0.1155
vn -0.6227 -0.7733 -0.1193
vn -0.4729 -0.8811 0.0040
vn -0.6029 -0.7503 -0.2713
vn -0.4929 -0.8372 -0.2369
vn -0.0131 -0.9990 -0.0435
vn -0.0626 -0.8866 0.4583
vn -0.0288 -0.8927 0.4497
vn -0.7957 -0.4814 0.3675
vn -0.4968 -0.7280 0.4725
vn -0.9041 -0.4253 0.0426
vn -0.8192 -0.5273 0.2253
vn -0.4724 -0.8384 0.2718
vn -0.6259 -0.4868 0.6093
vn -0.4528 -0.5264 0.7196
vn 0.4025 0.1730 -0.8989
vn 0.6673 -0.0556 -0.7427
vn 0.6773 -0.0177 -0.7355
vn 0.5900 0.2451 -0.7693
vn 0.8859 0.2749 -0.3737
vn 0.9418 0.2143 -0.2589
vn 0.9211 0.1549 -0.3572
vn 0.4445 -0.1071 -0.8894
vn 0.6653 -0.1640 -0.7284
vn 0.5515 0.0046 -0.8341
vn 0.5241 -0.0975 -0.8461
vn 0.8978 0.0412 -0.4385
vn 0.9662 -0.0067 -0.2578
vn 0.8909 -0.0059 -0.4542
vn 0.4296 -0.3233 -0.8431
vn 0.5804 0.0037 -0.8143
vn 0.6201 0.0400 -0.7835
vn 0.6544 -0.1994 -0.7294
vn 0.8653 -0.2803 -0.4156
vn 0.9411 -0.1968 -0.2751
vn 0.8468 -0.2292 -0.4800
vn -0.6489 -0.1904 0.7367
vn -0.3028 -0.2159 0.9283
vn -0.9339 -0.1084 0.3407
vn -0.8802 -0.1604 0.4466
vn -0.8683 -0.3026 0.3930
vn -0.8602 -0.0460 0.5079
vn -0.6431 -0.1412 0.7527
vn -0.5356 -0.0005 0.8445
vn -0.3006 0.1041 0.9481
vn -0.9167 -0.0023 0.3995
vn -0.9090 -0.0082 0.4168
vn -0.9348 0.1515 0.3211
vn -0.7958 0.1207 0.5934
vn -0.4606 0.0402 0.8867
vn -0.5904 0.3230 0.7397
vn -0.2338 0.2883 0.9285
vn -0.8816 0.1061 0.4599
vn -0.8822 0.2849 0.3750
vn -0.7956 0.1150 0.5948
vn -0.5383 0.0910 0.8378
vn -0.5433 -0.8164 -0.1957
vn -0.7568 -0.6343 -0.1581
vn 0.0151 -0.9412 -0.3376
vn 0.7958 -0.5387 -0.2766
vn 0.9676 -0.1011 -0.2314
vn 0.9720 -0.0700 -0.2244
vn 0.9655 0.1831 -0.1850
vn 0.6320 0.7747 -0.0214
vn 0.0427 0.9791 0.1989
vn -0.0887 0.9538 0.2870
vn -0.5151 0.8019 0.3026
vn -0.9413 0.2160 0.2595
vn -0.9741 0.0352 0.2231
vn -0.9749 -0.2223 0.0141
vn -0.5801 0.8146 0.0007
vn -0.5358 0.8442 0.0147
vn -0.1834 0.9485 0.2584
vn 0.0097 0.9668 0.2552
vn -0.1914 0.9537 0.2319
vn -0.1289 0.9411 0.3127
vn 0.4484 0.8220 0.3512
vn 0.2706 0.9205 0.2818
vn 0.7956 -0.5618 0.2267
vn 0.2907 -0.9564 0.0291
vn 0.3827 -0.9057 -0.1824
vn 0.8427 -0.5278 0.1065
vn -0.2565 -0.9574 -0.1323
vn -0.1260 -0.9286 -0.3491
vn -0.7929 -0.5546 -0.2525
vn -0.7451 -0.5440 -0.3860
vn 0.9130 0.3256 0.2459
vn 0.8331 0.2684 0.4835
vn 0.9637 -0.2087 0.1666
vn 0.8756 -0.2193 0.4303
vn 0.9173 -0.3496 0.1909
vn 0.8994 -0.3376 0.2778
vn -0.9321 -0.2512 -0.2610
vn -0.9012 -0.2606 -0.3463
vn -0.9769 -0.1353 -0.1654
vn -0.8941 -0.1112 -0.4339
vn -0.9691 0.2217 -0.1084
vn -0.8882 0.2660 -0.3747
vn -0.8406 0.1648 -0.5160
vn -0.7053 0.6985 -0.1211
vn -0.4229 0.8136 0.3990
vn -0.2146 0.9382 0.2716
vn -0.0235 0.9383 0.3451
vn -0.5778 0.7830 0.2303
vn -0.0940 0.9917 0.0879
vn -0.5253 0.8474 -0.0767
vn -0.2376 0.9284 0.2859
vn -0.0518 0.9984 0.0210
vn -0.6334 0.7682 -0.0928
vn -0.4904 0.8699 -0.0518
vn -0.1110 0.9865 0.1206
vn -0.4952 0.8152 0.3004
vn 0.0159 0.9818 0.1893
vn -0.2577 0.8958 0.3622
vn -0.2587 0.9281 0.2679
vn -0.0601 0.9701 0.2350
vn -0.0797 0.9657 0.2470
vn -0.2000 0.9778 -0.0631
vn -0.1881 0.9792 0.0762
vn -0.2271 0.9724 -0.0527
vn 0.6541 0.7332 0.1862
vn 0.5748 0.8173 0.0401
vn 0.7368 0.5738 0.3575
vn 0.6626 0.6886 0.2948
vn 0.2449 0.8830 0.4004
vn 0.4332 0.6774 0.5946
vn 0.3216 0.8350 0.4465
vn 0.2501 -0.7849 -0.5669
vn 0.8256 -0.5120 -0.2371
vn 0.8991 -0.2772 -0.3387
vn 0.0688 -0.8955 -0.4397
vn 0.3456 -0.7672 -0.5404
vn 0.9227 -0.3490 -0.1637
vn 0.3405 -0.8485 -0.4050
vn 0.8022 -0.5926 -0.0730
vn -0.0339 -0.8879 0.4587
vn 0.6238 -0.6970 0.3537
vn 0.0997 -0.9910 -0.0892
vn 0.5221 -0.6005 0.6057
vn 0.6182 -0.5225 0.5872
vn 0.1052 -0.8967 0.4300
vn -0.1789 -0.7595 -0.6255
vn -0.2912 -0.8128 -0.5045
vn -0.0043 -0.7222 -0.6916
vn -0.0161 -0.8183 -0.5745
vn 0.0394 -0.9976 -0.0577
vn -0.4254 -0.8822 0.2018
vn -0.3991 -0.8888 0.2251
vn -0.8130 -0.4777 -0.3330
vn -0.6817 -0.6479 -0.3399
vn -0.4496 -0.4414 -0.7765
vn -0.5954 -0.5118 -0.6193
vn -0.4744 -0.8360 -0.2756
vn -0.8422 -0.4842 -0.2372
vn -0.8516 -0.5241 -0.0062
vn 0.9790 0.1560 -0.1311
vn 0.9969 -0.0674 0.0409
vn 0.9995 -0.0262 0.0202
vn 0.9722 0.2334 0.0180
vn 0.7495 0.2682 0.6053
vn 0.6873 0.2101 0.6954
vn 0.7501 0.1497 0.6442
vn 0.9860 -0.1326 -0.1009
vn 0.9856 -0.1645 0.0394
vn 0.9875 -0.0093 -0.1570
vn 0.9910 -0.1021 -0.0864
vn 0.8169 0.0323 0.5759
vn 0.6984 -0.0135 0.7156
vn 0.8270 -0.0139 0.5620
vn 0.9701 -0.2391 -0.0419
vn 0.9963 -0.0147 -0.0846
vn 0.9978 0.0236 -0.0613
vn 0.9739 -0.2047 0.0980
vn 0.7809 -0.2832 0.5568
vn 0.7019 -0.2032 0.6827
vn 0.8327 -0.2433 0.4974
vn -0.9876 -0.1516 0.0406
vn -0.9652 -0.2378 0.1089
vn -0.8391 -0.1034 -0.5341
vn -0.8007 -0.1546 -0.5788
vn -0.7821 -0.2871 -0.5532
vn -0.8618 -0.0412 -0.5055
vn -0.9770 -0.1332 -0.1666
vn -0.9794 0.0190 0.2011
vn -0.9782 0.1274 0.1641
vn -0.8789 -0.0009 -0.4770
vn -0.7780 0.0017 -0.6282
vn -0.7528 0.1483 -0.6413
vn -0.9114 0.1351 -0.3888
vn -0.9950 0.0537 0.0837
vn -0.9486 0.2907 0.1247
vn -0.9425 0.2421 0.2302
vn -0.9155 0.1128 -0.3862
vn -0.7697 0.2850 -0.5713
vn -0.9107 0.1231 -0.3942
vn -0.9944 0.1031 -0.0231
vn -0.0879 -0.8117 -0.5774
vn -0.2154 -0.6145 -0.7590
vn 0.2753 -0.9571 -0.0908
vn 0.5703 -0.5493 0.6107
vn 0.6080 -0.1127 0.7859
vn 0.6079 -0.0768 0.7903
vn 0.5779 0.1757 0.7970
vn 0.2453 0.7461 0.6190
vn -0.1945 0.9552 0.2229
vn -0.2938 0.9522 0.0842
vn -0.5941 0.7695 -0.2342
vn -0.7322 0.2555 -0.6313
vn -0.7337 0.0267 -0.6790
vn -0.5220 -0.2005 -0.8290
vn -0.4242 0.8428 0.3313
vn -0.3859 0.8658 0.3186
vn 0.0582 0.9592 0.2765
vn 0.1791 0.9692 0.1688
vn 0.0345 0.9640 0.2637
vn 0.1246 0.9489 0.2900
vn 0.5428 0.8396 -0.0187
vn 0.3746 0.9266 0.0329
vn 0.7390 -0.5996 -0.3071
vn 0.2070 -0.9688 -0.1364
vn 0.1312 -0.9303 -0.3426
vn 0.6967 -0.5728 -0.4319
vn -0.2593 -0.9640 0.0585
vn -0.3107 -0.9355 -0.1684
vn -0.7483 -0.5911 0.3009
vn -0.7995 -0.5782 0.1628
vn 0.8461 0.3701 -0.3836
vn 0.9417 0.3102 -0.1301
vn 0.8459 -0.2295 -0.4814
vn 0.9481 -0.2435 -0.2046
vn 0.8185 -0.3925 -0.4195
vn 0.8638 -0.3770 -0.3343
vn -0.8763 -0.3020 0.3753
vn -0.9083 -0.3063 0.2850
vn -0.8513 -0.1626 0.4988
vn -0.9679 -0.1379 0.2103
vn -0.8073 0.2481 0.5354
vn -0.9216 0.2953 0.2518
vn -0.9783 0.1762 0.1087
vn -0.6168 0.7204 0.3171
vn 0.0146 0.6868 0.7267
vn 0.0931 0.9203 0.3799
vn 0.2669 0.8794 0.3943
vn -0.2351 0.8259 0.5124
vn -0.0041 0.9944 0.1059
vn -0.4417 0.8593 0.2580
vn 0.0412 0.9436 0.3286
vn -0.0138 0.9991 0.0392
vn -0.5181 0.8009 0.3004
vn -0.4256 0.8866 0.1814
vn 0.0169 0.9961 0.0863
vn -0.1856 0.8183 0.5440
vn 0.1410 0.9844 0.1050
vn 0.1224 0.9102 0.3958
vn 0.2008 0.9366 0.2870
vn 0.1226 0.9733 0.1940
vn 0.1128 0.9707 0.2122
vn -0.1616 0.9855 0.0511
vn -0.0535 0.9910 0.1231
vn -0.1779 0.9809 0.0790
vn 0.5981 0.7444 -0.2969
vn 0.4680 0.7975 -0.3807
vn 0.8029 0.5540 -0.2202
vn 0.6696 0.7175 -0.1918
vn 0.4466 0.8845 0.1350
vn 0.7052 0.6727 0.2240
vn 0.5419 0.8283 0.1427
vn -0.2131 -0.8094 -0.5472
vn 0.3558 -0.5375 -0.7646
vn 0.4331 -0.2829 -0.8558
vn -0.2212 -0.8993 -0.3773
vn -0.1357 -0.7980 -0.5871
vn 0.5868 -0.3667 -0.7219
vn -0.0502 -0.8739 -0.4835
vn 0.5428 -0.6370 -0.5474
vn 0.2657 -0.8981 0.3504
vn 0.6474 -0.7586 0.0733
vn 0.0040 -0.9996 -0.0266
vn 0.7584 -0.6315 0.1614
vn 0.8399 -0.5394 0.0602
vn 0.3464 -0.9023 0.2565
vn -0.5289 -0.7741 -0.3481
vn -0.4826 -0.8637 -0.1452
vn -0.4632 -0.7407 -0.4866
vn -0.3946 -0.8278 -0.3988
vn 0.0605 -0.9972 -0.0439
vn -0.1495 -0.9070 0.3936
vn -0.1187 -0.9074 0.4033
vn -0.8172 -0.5211 0.2461
vn -0.6488 -0.7242 0.2337
vn -0.8325 -0.4637 -0.3032
vn -0.8432 -0.5308 -0.0857
vn -0.5550 -0.8317 0.0160
vn -0.7753 -0.5412 0.3256
vn -0.6252 -0.5779 0.5245
vn 0.5577 0.1901 -0.8080
vn 0.7865 -0.0661 -0.6140
vn 0.7733 -0.0183 -0.6338
vn 0.7363 0.2815 -0.6154
vn 0.9529 0.3027 0.0179
vn 0.9559 0.2229 0.1910
vn 0.9844 0.1692 0.0477
vn 0.5820 -0.1480 -0.7996
vn 0.7736 -0.1826 -0.6068
vn 0.6281 0.0040 -0.7781
vn 0.6856 -0.1082 -0.7198
vn 0.9979 0.0455 -0.0457
vn 0.9735 -0.0144 0.2282
vn 0.9981 -0.0067 -0.0617
vn 0.5969 -0.2810 -0.7515
vn 0.6917 -0.0003 -0.7222
vn 0.7094 0.0432 -0.7034
vn 0.8049 -0.2315 -0.5463
vn 0.9511 -0.3067 -0.0362
vn 0.9665 -0.1921 0.1701
vn 0.9605 -0.2550 -0.1117
vn -0.7136 -0.1934 0.6733
vn -0.5145 -0.2923 0.8062
vn -0.9870 -0.1274 0.0980
vn -0.9832 -0.1783 0.0398
vn -0.9302 -0.3595 0.0736
vn -0.9889 -0.0511 0.1398
vn -0.8547 -0.1695 0.4907
vn -0.5909 0.0073 0.8067
vn -0.4719 0.1331 0.8715
vn -0.9858 -0.0127 0.1672
vn -0.9998 -0.0046 -0.0192
vn -0.9873 0.1502 -0.0518
vn -0.9494 0.1292 0.2861
vn -0.6921 0.0489 0.7201
vn -0.6167 0.3314 0.7141
vn -0.4113 0.2870 0.8652
vn -0.9560 0.1192 0.2680
vn -0.9524 0.3047 -0.0047
vn -0.9602 0.1290 0.2475
vn -0.7677 0.1092 0.6315
vn -0.1382 -0.9710 -0.1953
vn 0.2252 -0.5777 -0.7845
vn -0.2648 -0.9148 0.3050
vn -0.4499 -0.8054 0.3859
vn -0.5676 -0.3594 0.7407
vn -0.4537 0.1290 0.8818
vn -0.4318 0.2620 0.8631
vn -0.3465 0.6664 0.6602
vn 0.2271 0.9598 -0.1652
vn 0.4019 0.8805 -0.2515
vn 0.4371 0.6989 -0.5660
vn 0.4802 0.2506 -0.8406
vn 0.5527 0.1572 -0.8184
vn 0.4755 -0.0040 -0.8797
vn 0.2529 0.8185 -0.5158
vn 0.1229 0.8432 -0.5233
vn -0.2239 0.9482 -0.2255
vn -0.2463 0.9609 -0.1266
vn -0.1519 0.9539 -0.2590
vn -0.2454 0.9469 -0.2079
vn -0.5025 0.8386 0.2103
vn -0.3336 0.9267 0.1728
vn -0.5062 -0.5773 0.6407
vn -0.1345 -0.9610 0.2418
vn 0.0381 -0.9394 0.3406
vn -0.4469 -0.5920 0.6707
vn 0.1992 -0.9657 -0.1664
vn 0.3831 -0.9233 -0.0255
vn 0.5113 -0.5958 -0.6194
vn 0.6730 -0.5239 -0.5221
vn -0.6218 0.3556 0.6978
vn -0.7483 0.2954 0.5939
vn -0.5825 -0.2381 0.7771
vn -0.7304 -0.2279 0.6439
vn -0.5967 -0.3693 0.7124
vn -0.5806 -0.3690 0.7257
vn 0.5668 -0.2719 -0.7777
vn 0.7170 -0.2900 -0.6339
vn 0.4919 -0.1652 -0.8548
vn 0.7663 -0.1088 -0.6332
vn 0.4007 0.2236 -0.8885
vn 0.6901 0.2883 -0.6638
vn 0.8972 0.1584 -0.4124
vn 0.4742 0.7517 -0.4583
vn -0.3189 0.7671 -0.5567
vn -0.1817 0.9612 -0.2074
vn -0.3780 0.9100 -0.1704
vn 0.0600 0.8478 -0.5270
vn -0.0129 0.9966 -0.0815
vn 0.3361 0.8593 -0.3855
vn -0.1732 0.9514 -0.2548
vn 0.0047 0.9990 -0.0447
vn 0.3335 0.7881 -0.5174
vn 0.2685 0.8727 -0.4078
vn -0.0569 0.9895 -0.1326
vn -0.0581 0.8165 -0.5744
vn -0.1581 0.9859 -0.0549
vn -0.2369 0.9244 -0.2990
vn -0.2955 0.9141 -0.2778
vn -0.2020 0.9722 -0.1186
vn -0.2044 0.9700 -0.1318
vn 0.1367 0.9819 -0.1311
vn 0.0113 0.9835 -0.1808
vn 0.1363 0.9773 -0.1621
vn -0.5275 0.7115 0.4642
vn -0.3684 0.7755 0.5127
vn -0.7300 0.5231 0.4398
vn -0.6186 0.6856 0.3838
vn -0.4603 0.8857 0.0602
vn -0.7095 0.6924 0.1312
vn -0.5485 0.8291 0.1080
vn 0.4474 -0.8198 0.3574
vn -0.1135 -0.5805 0.8063
vn -0.1460 -0.3262 0.9340
vn 0.3732 -0.8962 0.2401
vn 0.3818 -0.8218 0.4230
vn -0.3406 -0.4230 0.8397
vn 0.2372 -0.8939 0.3804
vn -0.3577 -0.6607 0.6600
vn -0.3885 -0.8921 -0.2307
vn -0.5886 -0.7103 0.3860
vn 0.0386 -0.9917 0.1227
vn -0.7518 -0.6322 0.1871
vn -0.7839 -0.5423 0.3022
vn -0.4209 -0.9020 -0.0958
vn 0.6725 -0.7363 0.0749
vn 0.5605 -0.8247 -0.0761
vn 0.6754 -0.7115 0.1938
vn 0.5666 -0.8072 0.1655
vn 0.0341 -0.9980 0.0538
vn -0.0285 -0.8918 -0.4515
vn -0.0566 -0.8959 -0.4407
vn 0.7456 -0.4683 -0.4742
vn 0.5975 -0.6660 -0.4467
vn 0.9096 -0.4084 -0.0757
vn 0.8426 -0.4874 -0.2289
vn 0.4213 -0.8561 -0.2992
vn 0.5481 -0.5171 -0.6574
vn 0.3363 -0.5514 -0.7635
vn -0.3117 0.1919 0.9306
vn -0.6226 -0.0658 0.7798
vn -0.6005 -0.0154 0.7994
vn -0.5630 0.2623 0.7837
vn -0.8636 0.2930 0.4102
vn -0.9230 0.2254 0.3120
vn -0.9047 0.1618 0.3941
vn -0.3130 -0.1593 0.9363
vn -0.6091 -0.1796 0.7725
vn -0.4168 -0.0020 0.9090
vn -0.4869 -0.1164 0.8657
vn -0.8723 0.0352 0.4878
vn -0.9505 -0.0174 0.3104
vn -0.8638 -0.0161 0.5037
vn -0.3743 -0.2905 0.8806
vn -0.4993 -0.0089 0.8664
vn -0.5200 0.0277 0.8537
vn -0.6527 -0.2340 0.7206
vn -0.8340 -0.3084 0.4576
vn -0.9185 -0.2237 0.3259
vn -0.8042 -0.2658 0.5316
vn 0.4896 -0.2084 -0.8467
vn 0.2419 -0.2985 -0.9233
vn 0.9078 -0.1021 -0.4067
vn 0.9201 -0.1413 -0.3654
vn 0.8279 -0.3159 -0.4635
vn 0.8229 -0.0442 -0.5664
vn 0.5431 -0.1508 -0.8260
vn 0.3162 0.0077 -0.9487
vn 0.1765 0.1404 -0.9742
vn 0.8899 -0.0042 -0.4562
vn 0.9464 0.0048 -0.3229
vn 0.9025 0.1573 -0.4010
vn 0.7339 0.1422 -0.6643
vn 0.3133 0.0511 -0.9483
vn 0.4077 0.3545 -0.8415
vn 0.1352 0.3149 -0.9394
vn 0.8407 0.1119 -0.5298
vn 0.8418 0.3112 -0.4410
vn 0.7401 0.1332 -0.6592
vn 0.4139 0.1060 -0.9041
vn 0.3651 -0.9309 0.0107
vn 0.6892 -0.7027 -0.1766
vn -0.0632 -0.9043 0.4221
vn -0.7241 -0.5338 0.4368
vn -0.8579 -0.2487 0.4496
vn -0.8871 -0.2525 0.3863
vn -0.9381 0.0727 0.3386
vn -0.6482 0.7413 0.1740
vn -0.0466 0.9980 -0.0425
vn 0.0602 0.9972 -0.0445
vn 0.5999 0.7628 -0.2414
vn 0.8884 0.3002 -0.3473
vn 0.8130 0.0565 -0.5795
vn 0.9064 -0.1941 -0.3752
vn 0.3336 -0.9347 0.1227
vn 0.0095 -0.5603 0.8282
vn 0.3612 -0.8514 -0.3803
vn 0.3988 -0.7008 -0.5915
vn 0.3199 -0.2507 -0.9137
vn 0.0898 0.0322 -0.9954
vn 0.0589 0.2737 -0.9600
vn -0.1589 0.8089 -0.5660
vn -0.2706 0.9437 -0.1903
vn -0.2900 0.9546 -0.0688
vn -0.3093 0.8093 0.4994
vn -0.2057 0.2332 0.9504
vn -0.1234 -0.0802 0.9891
vn -0.1008 -0.1285 0.9866
vn -0.2510 0.8469 -0.4688
vn -0.1218 0.8650 -0.4867
vn -0.2753 0.9608 0.0318
vn -0.0898 0.9853 0.1456
vn -0.1721 0.9849 -0.0172
vn -0.2982 0.9498 0.0945
vn -0.0609 0.8307 0.5534
vn 0.0102 0.9388 0.3442
vn 0.2273 -0.6045 0.7635
vn 0.1195 -0.9695 0.2141
vn 0.3058 -0.9364 0.1725
vn 0.3169 -0.5716 0.7569
vn -0.0131 -0.9611 -0.2760
vn 0.2069 -0.9319 -0.2980
vn -0.1765 -0.5925 -0.7860
vn -0.0326 -0.5689 -0.8218
vn 0.2433 0.3662 0.8982
vn 0.0699 0.3071 0.9491
vn 0.3373 -0.2318 0.9124
vn 0.1274 -0.2529 0.9591
vn 0.2893 -0.3928 0.8729
vn 0.2353 -0.3684 0.8994
vn -0.2216 -0.2934 -0.9300
vn -0.1313 -0.3007 -0.9446
vn -0.3921 -0.1566 -0.9065
vn -0.0531 -0.1364 -0.9892
vn -0.4173 0.2298 -0.8792
vn -0.1001 0.2917 -0.9513
vn -0.0180 0.1740 -0.9846
vn -0.2468 0.7365 -0.6298
vn -0.6565 0.7537 0.0328
vn -0.2914 0.9564 0.0209
vn -0.3464 0.9101 0.2274
vn -0.4976 0.8181 -0.2883
vn -0.0830 0.9965 -0.0140
vn -0.2218 0.8768 -0.4266
vn -0.3170 0.9484 0.0076
vn -0.0253 0.9996 -0.0150
vn -0.3296 0.7878 -0.5203
vn -0.2223 0.8745 -0.4310
vn -0.1317 0.9909 -0.0282
vn -0.3916 0.8640 -0.3164
vn -0.0338 0.9946 0.0981
vn -0.3972 0.9170 0.0357
vn -0.4299 0.8966 0.1062
vn -0.2068 0.9735 0.0974
vn -0.2238 0.9700 0.0954
vn -0.0568 0.9825 -0.1776
vn -0.1458 0.9846 -0.0962
vn 0.0187 0.9817 -0.1894
vn 0.1983 0.7372 0.6460
vn 0.2670 0.7840 0.5603
vn 0.1126 0.5520 0.8262
vn 0.0939 0.7071 0.7008
vn -0.1473 0.8912 0.4289
vn -0.1989 0.7090 0.6766
vn -0.0760 0.8514 0.5190
vn 0.5590 -0.8133 -0.1616
vn 0.7060 -0.5547 0.4404
vn 0.7816 -0.2923 0.5510
vn 0.4142 -0.8874 -0.2026
vn 0.5870 -0.8058 -0.0788
vn 0.6202 -0.3810 0.6857
vn 0.4590 -0.8879 -0.0328
vn 0.4620 -0.6472 0.6064
vn -0.4006 -0.8984 0.1800
vn 0.0721 -0.7039 0.7066
vn 0.1009 -0.9947 0.0199
vn -0.1640 -0.6645 0.7291
vn -0.1296 -0.5671 0.8134
vn -0.2903 -0.9172 0.2728
vn 0.4102 -0.7651 -0.4963
vn 0.2363 -0.8399 -0.4886
vn 0.5025 -0.7491 -0.4317
vn 0.3873 -0.8450 -0.3688
vn 0.0405 -0.9991 -0.0076
vn -0.4263 -0.8781 -0.2172
vn -0.3906 -0.8971 -0.2065
vn -0.1091 -0.5116 -0.8523
vn -0.1248 -0.7101 -0.6929
vn 0.3414 -0.4772 -0.8098
vn 0.1614 -0.5372 -0.8279
vn -0.0847 -0.8652 -0.4943
vn -0.3701 -0.5106 -0.7761
vn -0.4550 -0.5470 -0.7027
vn 0.6916 0.1912 0.6965
vn 0.4721 -0.0653 0.8791
vn 0.4988 -0.0232 0.8664
vn 0.4976 0.2731 0.8233
vn 0.0038 0.3184 0.9480
vn -0.1514 0.2490 0.9566
vn -0.0230 0.1834 0.9828
vn 0.6921 -0.1572 0.7045
vn 0.4682 -0.1829 0.8645
vn 0.6669 0.0040 0.7451
vn 0.6004 -0.1110 0.7919
vn 0.0684 0.0447 0.9967
vn -0.1714 -0.0128 0.9851
vn 0.0956 -0.0070 0.9954
vn 0.6367 -0.2877 0.7154
vn 0.5986 -0.0013 0.8010
vn 0.5771 0.0415 0.8156
vn 0.4130 -0.2295 0.8813
vn 0.0560 -0.3197 0.9459
vn -0.1432 -0.2361 0.9611
vn 0.0989 -0.2657 0.9590
vn -0.5537 -0.2011 -0.8080
vn -0.7260 -0.3038 -0.6169
vn -0.0088 -0.1276 -0.9918
vn 0.0458 -0.1748 -0.9835
vn -0.0362 -0.3393 -0.9400
vn -0.1590 -0.0554 -0.9857
vn -0.4390 -0.1782 -0.8806
vn -0.7105 0.0065 -0.7036
vn -0.8148 0.1297 -0.5651
vn -0.0737 -0.0134 -0.9972
vn 0.1053 -0.0043 -0.9944
vn 0.0821 0.1692 -0.9821
vn -0.2501 0.1479 -0.9568
vn -0.6849 0.0431 -0.7274
vn -0.6160 0.3548 -0.7034
vn -0.8076 0.3007 -0.5073
vn -0.1791 0.1450 -0.9731
vn -0.0067 0.3279 -0.9447
vn -0.2938 0.1302 -0.9470
vn -0.6034 0.0962 -0.7916
vn -0.1836 0.7743 0.6056
vn -0.0693 0.7576 0.6490
vn 0.3081 0.8676 0.3903
vn 0.4124 0.8775 0.2447
vn 0.3034 0.8607 0.4088
vn 0.3475 0.8585 0.3771
vn 0.6622 0.7456 -0.0745
vn 0.5110 0.8589 0.0345
vn 0.4234 -0.5181 -0.7432
vn -0.0343 -0.9131 -0.4063
vn -0.1635 -0.8192 -0.5497
vn 0.4041 -0.4807 -0.7782
vn -0.3925 -0.9193 0.0287
vn -0.5464 -0.8176 -0.1819
vn -0.6439 -0.5594 0.5220
vn -0.7938 -0.4924 0.3570
vn 0.7332 0.3391 -0.5894
vn 0.8176 0.2641 -0.5116
vn 0.6001 -0.1637 -0.7830
vn 0.7091 -0.2027 -0.6753
vn 0.5718 -0.3056 -0.7614
vn 0.5619 -0.2789 -0.7788
vn -0.6637 -0.3030 0.6839
vn -0.7981 -0.2526 0.5470
vn -0.5939 -0.2088 0.7770
vn -0.8419 -0.0986 0.5305
vn -0.4709 0.1367 0.8715
vn -0.7374 0.2614 0.6228
vn -0.8327 0.1444 0.5346
vn -0.3839 0.6383 0.6672
vn 0.4275 0.7094 0.5604
vn 0.3514 0.8544 0.3827
vn 0.4583 0.8328 0.3106
vn 0.0974 0.8194 0.5648
vn 0.2927 0.9092 0.2962
vn -0.2861 0.7896 0.5428
vn 0.2700 0.8474 0.4572
vn 0.1795 0.9418 0.2841
vn -0.3828 0.7461 0.5448
vn -0.2804 0.7996 0.5311
vn 0.0690 0.9936 0.0899
vn 0.1451 0.7293 0.6686
vn 0.3575 0.9062 0.2258
vn 0.3928 0.8223 0.4117
vn 0.3693 0.8555 0.3630
vn 0.3720 0.8791 0.2979
vn 0.3308 0.8860 0.3250
vn 0.0254 0.9366 0.3494
vn -0.0019 0.9806 0.1958
vn 0.0050 0.9255 0.3787
vn 0.7072 0.5739 -0.4129
vn 0.4281 0.7504 -0.5036
vn 0.8513 0.4563 -0.2590
vn 0.6935 0.6616 -0.2852
vn 0.5645 0.8192 0.1012
vn 0.7556 0.6360 -0.1569
vn 0.6329 0.7738 0.0243
vn -0.5284 -0.6647 -0.5282
vn -0.1991 -0.4056 -0.8921
vn 0.1568 -0.2080 -0.9655
vn -0.6129 -0.7400 -0.2770
vn -0.5056 -0.6649 -0.5498
vn 0.1851 -0.3324 -0.9248
vn -0.3685 -0.7389 -0.5641
vn 0.2261 -0.5232 -0.8217
vn 0.2418 -0.9649 -0.1023
vn 0.5243 -0.7794 -0.3431
vn -0.0302 -0.9929 -0.1147
vn 0.6341 -0.6228 -0.4582
vn 0.6078 -0.5267 -0.5943
vn 0.2194 -0.9507 -0.2193
vn -0.7678 -0.6180 -0.1693
vn -0.6549 -0.7557 -0.0095
vn -0.7761 -0.5718 -0.2659
vn -0.6774 -0.6669 -0.3103
vn -0.0057 -0.9883 -0.1521
vn -0.1432 -0.9765 0.1608
vn -0.1535 -0.9663 0.2067
vn -0.7804 -0.4026 0.4783
vn -0.5762 -0.6721 0.4650
vn -0.9526 -0.2741 0.1321
vn -0.9017 -0.3920 0.1822
vn -0.5464 -0.8256 0.1406
vn -0.6384 -0.6350 0.4351
vn -0.4723 -0.5973 0.6482
vn 0.2252 0.1311 -0.9655
vn 0.5911 -0.1486 -0.7928
vn 0.6340 -0.0217 -0.7731
vn 0.6016 0.3033 -0.7390
vn 0.9090 0.2439 -0.3379
vn 0.8934 0.2357 -0.3825
vn 0.9090 0.1169 -0.4000
vn 0.1881 -0.1122 -0.9757
vn 0.5261 -0.1904 -0.8289
vn 0.4481 0.0289 -0.8935
vn 0.4431 -0.0309 -0.8959
vn 0.8975 0.1608 -0.4108
vn 0.9440 0.0145 -0.3297
vn 0.8506 0.0022 -0.5257
vn 0.0970 -0.3010 -0.9487
vn 0.4464 0.0019 -0.8949
vn 0.5148 0.0535 -0.8556
vn 0.5195 -0.1759 -0.8362
vn 0.8264 -0.1854 -0.5317
vn 0.9119 -0.1533 -0.3807
vn 0.6926 -0.1907 -0.6957
vn -0.5345 -0.1327 0.8347
vn -0.2143 -0.2028 0.9555
vn -0.8796 0.0028 0.4757
vn -0.9015 -0.0725 0.4267
vn -0.8028 -0.4057 0.4370
vn -0.8853 -0.1428 0.4426
vn -0.6280 -0.2428 0.7394
vn -0.4739 -0.0166 0.8804
vn -0.1455 0.0972 0.9846
vn -0.8655 0.0310 0.5000
vn -0.9127 0.0870 0.3993
vn -0.8824 0.0614 0.4664
vn -0.8246 0.0895 0.5586
vn -0.5065 -0.0372 0.8615
vn -0.4981 0.3317 0.8011
vn -0.0266 0.3205 0.9469
vn -0.8586 0.0976 0.5033
vn -0.8666 0.2605 0.4255
vn -0.7997 0.0721 0.5960
vn -0.4783 0.0196 0.8780
vn -0.4536 -0.8181 -0.3536
vn -0.2517 -0.6978 -0.6706
vn -0.2864 -0.9581 -0.0053
vn -0.4368 -0.5414 0.7184
vn -0.2270 -0.2607 0.9383
vn -0.1241 -0.1048 0.9867
vn 0.0191 0.1201 0.9926
vn 0.0428 0.5865 0.8089
vn 0.2109 0.8967 -0.3892
vn 0.3404 0.7790 -0.5266
vn 0.2278 0.6952 -0.6817
vn 0.1671 0.2074 -0.9639
vn 0.2545 0.2732 -0.9277
vn 0.0859 0.0102 -0.9963
vn 0.5504 0.7715 -0.3191
vn 0.4582 0.8662 0.1992
vn 0.6182 0.7551 -0.2183
vn 0.3412 0.8784 0.3346
vn 0.4543 0.8574 0.2419
vn 0.4752 0.8590 0.1906
vn 0.0845 0.7487 0.6575
vn 0.1556 0.8606 0.4850
vn -0.6278 -0.5189 0.5801
vn -0.5774 -0.8161 -0.0250
vn -0.4079 -0.9106 0.0661
vn -0.6657 -0.4812 0.5704
vn -0.3106 -0.8194 -0.4818
vn -0.0671 -0.9217 -0.3819
vn 0.1641 -0.4928 -0.8545
vn 0.3614 -0.5595 -0.7459
vn -0.4084 0.3362 0.8487
vn -0.3133 0.2604 0.9133
vn -0.6273 -0.1686 0.7603
vn -0.4966 -0.2077 0.8428
vn -0.6125 -0.3106 0.7269
vn -0.6317 -0.2839 0.7214
vn 0.5183 -0.2975 -0.8018
vn 0.3525 -0.2480 -0.9023
vn 0.6226 -0.2035 -0.7556
vn 0.3259 -0.0930 -0.9408
vn 0.7420 0.1429 -0.6550
vn 0.4393 0.2676 -0.8575
vn 0.3324 0.1524 -0.9307
vn 0.5629 0.6354 -0.5286
vn 0.6818 0.7107 0.1735
vn 0.4523 0.8102 0.3728
vn 0.5249 0.7913 0.3136
vn 0.6764 0.7185 -0.1617
vn 0.4451 0.8703 0.2110
vn 0.4652 0.7873 -0.4047
vn 0.5136 0.8452 0.1477
vn 0.3247 0.9404 0.1008
vn 0.5125 0.7719 -0.3763
vn 0.4465 0.7443 -0.4966
vn 0.0928 0.9954 0.0232
vn 0.6837 0.7296 -0.0153
vn 0.3108 0.9063 0.2863
vn 0.5393 0.7833 0.3091
vn 0.5204 0.7673 0.3746
vn 0.3933 0.8513 0.3474
vn 0.3987 0.8855 0.2386
vn 0.3522 0.9338 -0.0631
vn 0.1559 0.9860 -0.0585
vn 0.3754 0.9227 -0.0882
vn -0.1723 0.6898 0.7032
vn -0.0634 0.4645 0.8833
vn -0.0535 0.4572 0.8878
vn -0.1167 0.6640 0.7386
vn 0.2346 0.8179 0.5254
vn 0.0179 0.6208 0.7838
vn 0.1720 0.7723 0.6115
vn -0.6151 -0.5811 -0.5329
vn -0.9172 -0.3743 0.1367
vn -0.8273 -0.4827 0.2873
vn -0.4871 -0.7577 -0.4344
vn -0.6103 -0.5789 -0.5407
vn -0.8962 -0.3123 0.3150
vn -0.6515 -0.7110 -0.2648
vn -0.7477 -0.5224 0.4099
vn -0.0477 -0.9639 0.2620
vn -0.1899 -0.9816 -0.0202
vn -0.2603 -0.7418 0.6180
vn -0.3042 -0.6246 0.7193
vn -0.4410 -0.5291 0.7250
vn -0.1670 -0.9493 0.2664
vn -0.2278 -0.7045 -0.6721
vn -0.4427 -0.5467 -0.7108
vn -0.5088 -0.4790 -0.7153
vn -0.5191 -0.6289 -0.5788
vn -0.1120 -0.9935 -0.0192
vn 0.1196 -0.9782 -0.1701
vn 0.1632 -0.9677 -0.1923
vn 0.0828 -0.5649 -0.8210
vn -0.0137 -0.4430 -0.8964
vn -0.3188 -0.2355 -0.9181
vn -0.0341 -0.3916 -0.9195
vn 0.1040 -0.8641 -0.4925
vn 0.2779 -0.6363 -0.7196
vn 0.5264 -0.5958 -0.6066
vn -0.7361 0.1000 0.6694
vn -0.4868 -0.1810 0.8545
vn -0.6114 -0.0294 0.7908
vn -0.5849 0.2984 0.7542
vn -0.1194 0.2403 0.9633
vn -0.1273 0.2152 0.9682
vn -0.1811 0.1112 0.9771
vn -0.7707 -0.1656 0.6153
vn -0.5386 -0.2263 0.8116
vn -0.7700 0.0212 0.6376
vn -0.7726 -0.0374 0.6338
vn -0.1950 0.1558 0.9684
vn -0.0877 0.0136 0.9961
vn -0.3193 -0.0051 0.9476
vn -0.7504 -0.2719 0.6025
vn -0.6543 -0.0541 0.7543
vn -0.7177 0.0465 0.6948
vn -0.6972 -0.1823 0.6933
vn -0.3299 -0.1908 0.9245
vn -0.0932 -0.1965 0.9761
vn -0.5221 -0.1983 0.8295
vn 0.5483 -0.1922 -0.8139
vn 0.6980 -0.2974 -0.6514
vn 0.1458 -0.0078 -0.9893
vn 0.2095 -0.0663 -0.9756
vn 0.2317 -0.3816 -0.8948
vn 0.2288 -0.1379 -0.9637
vn 0.5804 -0.2358 -0.7795
vn 0.7116 -0.0289 -0.7020
vn 0.8204 0.0874 -0.5651
vn 0.2909 0.0384 -0.9560
vn 0.1805 0.0943 -0.9790
vn 0.3024 0.0514 -0.9518
vn 0.3578 0.0970 -0.9287
vn 0.7257 -0.0292 -0.6874
vn 0.6455 0.3543 -0.6766
vn 0.8537 0.3681 -0.3684
vn 0.2957 0.1052 -0.9495
vn 0.2358 0.2705 -0.9334
vn 0.4000 0.0780 -0.9132
vn 0.7466 0.0272 -0.6647
vn 0.2791 0.6973 0.6602
vn 0.4626 0.7477 0.4763
vn 0.5517 0.8260 0.1159
vn 0.4276 0.8946 -0.1299
vn 0.5212 0.8513 0.0598
vn 0.6448 0.7626 -0.0527
vn 0.4926 0.5640 -0.6628
vn 0.3174 0.8765 -0.3620
vn -0.3410 -0.5373 -0.7714
vn -0.4005 -0.8875 -0.2278
vn -0.5708 -0.7591 -0.3129
vn -0.2628 -0.4379 -0.8597
vn -0.3008 -0.8983 0.3203
vn -0.5962 -0.7744 0.2115
vn -0.0744 -0.5349 0.8417
vn -0.3500 -0.4656 0.8128
vn 0.1017 0.2801 -0.9546
vn 0.0424 0.2681 -0.9625
vn -0.1917 -0.1797 -0.9649
vn -0.1371 -0.1945 -0.9713
vn -0.1950 -0.3158 -0.9286
vn -0.2217 -0.2694 -0.9372
vn 0.0613 -0.2729 0.9601
vn -0.1857 -0.2407 0.9527
vn 0.1745 -0.1943 0.9653
vn -0.2009 -0.0812 0.9762
vn 0.3573 0.1438 0.9229
vn -0.0252 0.2299 0.9729
vn -0.2343 0.1185 0.9649
vn 0.2406 0.6318 0.7369
vn 0.6495 0.7274 0.2216
vn 0.5475 0.8246 0.1425
vn 0.5281 0.8492 -0.0058
vn 0.4534 0.8189 0.3519
vn 0.4059 0.9133 0.0341
vn 0.1838 0.7813 0.5965
vn 0.5386 0.8202 0.1927
vn 0.2553 0.9627 0.0895
vn 0.2245 0.7374 0.6371
vn 0.1536 0.7476 0.6462
vn 0.1901 0.9811 0.0361
vn 0.5956 0.7381 0.3170
vn 0.3918 0.9143 -0.1024
vn 0.6141 0.7732 0.1581
vn 0.4773 0.8720 0.1089
vn 0.5014 0.8652 -0.0018
vn 0.4471 0.8941 0.0278
vn 0.2581 0.9473 0.1898
vn 0.1925 0.9802 -0.0470
vn 0.3031 0.9186 0.2535
vn 0.3224 0.6185 -0.7166
vn 0.0553 0.7595 -0.6482
vn 0.3668 0.4519 -0.8132
vn 0.3476 0.6212 -0.7023
vn 0.4097 0.8289 -0.3810
vn 0.3137 0.6571 -0.6855
vn 0.3790 0.7845 -0.4909
vn -0.7228 -0.6760 -0.1435
vn -0.6374 -0.4258 -0.6422
vn -0.4937 -0.2121 -0.8434
vn -0.6229 -0.7735 0.1167
vn -0.7695 -0.6235 -0.1384
vn -0.5591 -0.3437 -0.7545
vn -0.6720 -0.7159 -0.1894
vn -0.4743 -0.4794 -0.7384
vn 0.0546 -0.9654 -0.2552
vn 0.0063 -0.7713 -0.6364
vn -0.1079 -0.9925 -0.0569
vn -0.0242 -0.6254 -0.7800
vn -0.1265 -0.5277 -0.8400
vn -0.0513 -0.9493 -0.3101
vn -0.7074 -0.6388 0.3026
vn -0.4983 -0.7873 0.3632
vn -0.7479 -0.5861 0.3118
vn -0.6959 -0.6858 0.2131
vn -0.1250 -0.9870 -0.1012
vn 0.0456 -0.9773 0.2071
vn 0.0770 -0.9652 0.2500
vn -0.2085 -0.4232 0.8817
vn -0.1596 -0.6921 0.7039
vn -0.5370 -0.3000 0.7884
vn -0.4978 -0.4108 0.7638
vn -0.2063 -0.8391 0.5034
vn -0.0036 -0.6412 0.7674
vn 0.2525 -0.5864 0.7697
vn -0.3545 0.1217 -0.9271
vn -0.1403 -0.1293 -0.9816
vn -0.1869 -0.0200 -0.9822
vn 0.0295 0.2915 -0.9561
vn 0.2436 0.2520 -0.9366
vn 0.2044 0.2434 -0.9481
vn 0.1914 0.1179 -0.9744
vn -0.3821 -0.1183 -0.9165
vn -0.2145 -0.1610 -0.9634
vn -0.3806 0.0386 -0.9239
vn -0.2656 -0.0297 -0.9636
vn 0.1736 0.1635 -0.9711
vn 0.2738 0.0095 -0.9617
vn 0.0492 -0.0023 -0.9988
vn -0.4292 -0.3112 -0.8479
vn -0.2980 0.0204 -0.9544
vn -0.2890 -0.0000 -0.9573
vn -0.2849 -0.1844 -0.9407
vn 0.0422 -0.1882 -0.9812
vn 0.2107 -0.1631 -0.9638
vn -0.1662 -0.1936 -0.9669
vn 0.2128 -0.1505 0.9654
vn 0.3875 -0.1980 0.9004
vn -0.2042 -0.0110 0.9789
vn -0.3012 -0.0692 0.9511
vn -0.1327 -0.4102 0.9023
vn -0.1391 -0.1447 0.9796
vn 0.2407 -0.2307 0.9428
vn 0.3574 0.0354 0.9333
vn 0.4875 0.1138 0.8657
vn -0.1571 0.0250 0.9873
vn -0.3288 0.0952 0.9396
vn -0.1699 0.0835 0.9819
vn -0.0198 0.0987 0.9949
vn 0.3898 -0.0304 0.9204
vn 0.2397 0.3564 0.9031
vn 0.5957 0.3228 0.7355
vn -0.0966 0.1468 0.9844
vn -0.1721 0.2802 0.9444
vn 0.0341 0.0750 0.9966
vn 0.4151 0.0209 0.9095
vn -0.4123 0.7658 -0.4935
vn -0.5094 0.7481 -0.4253
vn -0.4867 0.8735 -0.0093
vn -0.4204 0.8936 0.1571
vn -0.5005 0.8655 -0.0205
vn -0.4985 0.8661 0.0371
vn -0.2866 0.7796 0.5569
vn -0.2949 0.8788 0.3750
vn 0.4037 -0.5156 0.7558
vn 0.3528 -0.9105 0.2159
vn 0.5419 -0.8158 0.2020
vn 0.4405 -0.4744 0.7622
vn 0.1791 -0.9340 -0.3093
vn 0.4461 -0.8410 -0.3061
vn -0.1038 -0.5773 -0.8099
vn 0.1141 -0.5227 -0.8449
vn 0.1219 0.3566 0.9263
vn 0.0127 0.2790 0.9602
vn 0.3550 -0.1649 0.9202
vn 0.2044 -0.2028 0.9576
vn 0.3520 -0.3100 0.8832
vn 0.3722 -0.2830 0.8840
vn -0.2424 -0.3111 -0.9190
vn -0.0546 -0.2666 -0.9623
vn -0.3418 -0.2147 -0.9149
vn -0.0111 -0.1033 -0.9946
vn -0.4866 0.1431 -0.8618
vn -0.1443 0.2722 -0.9513
vn -0.0225 0.1567 -0.9874
vn -0.3558 0.6180 -0.7011
vn -0.6685 0.7255 -0.1635
vn -0.5054 0.8625 0.0249
vn -0.4763 0.8653 0.1560
vn -0.5090 0.8204 -0.2606
vn -0.4064 0.9129 0.0377
vn -0.2931 0.7820 -0.5500
vn -0.5207 0.8506 -0.0727
vn -0.2679 0.9614 -0.0633
vn -0.2662 0.7449 -0.6118
vn -0.2511 0.7506 -0.6112
vn -0.1744 0.9842 -0.0317
vn -0.6201 0.7351 -0.2741
vn -0.3838 0.9150 0.1243
vn -0.5516 0.8330 0.0433
vn -0.4776 0.8786 0.0025
vn -0.4457 0.8901 0.0950
vn -0.4428 0.8950 0.0533
vn -0.2730 0.9477 -0.1655
vn -0.1920 0.9810 0.0271
vn -0.3190 0.9215 -0.2215
vn -0.0292 0.6031 0.7971
vn 0.0781 0.7614 0.6436
vn -0.2292 0.4860 0.8434
vn -0.1191 0.6939 0.7102
vn -0.3897 0.8274 0.4045
vn -0.3436 0.6223 0.7033
vn -0.3526 0.7791 0.5184
vn 0.7305 -0.6781 -0.0804
vn 0.5314 -0.5644 0.6317
vn 0.7140 -0.1990 0.6713
vn 0.3701 -0.9011 -0.2259
vn 0.7352 -0.6760 -0.0496
vn 0.6648 -0.3198 0.6751
vn 0.6681 -0.7418 0.0581
vn 0.5595 -0.5156 0.6489
vn -0.0419 -0.9677 0.2487
vn 0.0301 -0.7308 0.6819
vn 0.1836 -0.9817 0.0498
vn 0.0686 -0.6390 0.7661
vn 0.1831 -0.5373 0.8233
vn 0.0705 -0.9522 0.2973
vn 0.5694 -0.6553 -0.4963
vn 0.3021 -0.7737 -0.5569
vn 0.6621 -0.6062 -0.4406
vn 0.6373 -0.6953 -0.3323
vn 0.1159 -0.9929 0.0279
vn -0.0593 -0.9797 -0.1917
vn -0.0923 -0.9684 -0.2319
vn -0.0020 -0.4265 -0.9045
vn -0.0016 -0.5832 -0.8123
vn 0.4168 -0.2996 -0.8582
vn 0.3437 -0.4209 -0.8395
vn 0.0864 -0.8766 -0.4734
vn -0.0411 -0.6578 -0.7521
vn -0.3072 -0.6015 -0.7375
vn 0.5203 0.0858 0.8497
vn 0.3671 -0.1546 0.9172
vn 0.3331 -0.0305 0.9424
vn 0.3131 0.3120 0.8970
vn -0.1984 0.2631 0.9441
vn -0.2569 0.2244 0.9400
vn -0.1420 0.1242 0.9820
vn 0.5308 -0.1734 0.8296
vn 0.4323 -0.1945 0.8805
vn 0.5215 0.0267 0.8528
vn 0.5235 -0.0324 0.8514
vn -0.1242 0.1718 0.9773
vn -0.2880 0.0105 0.9576
vn 0.0073 -0.0010 1.0000
vn 0.4838 -0.3053 0.8202
vn 0.5201 0.0032 0.8541
vn 0.4545 0.0555 0.8890
vn 0.4407 -0.1785 0.8797
vn 0.0151 -0.1938 0.9809
vn -0.2653 -0.2140 0.9401
vn 0.2325 -0.2019 0.9514
vn -0.4230 -0.1228 -0.8978
vn -0.5150 -0.2006 -0.8334
vn 0.0561 0.0071 -0.9984
vn 0.1132 -0.0737 -0.9908
vn 0.1132 -0.4015 -0.9088
vn 0.0877 -0.1520 -0.9845
vn -0.3076 -0.2431 -0.9199
vn -0.4815 -0.0093 -0.8764
vn -0.6244 0.1589 -0.7648
vn 0.0258 0.0372 -0.9990
vn 0.1437 0.0980 -0.9848
vn 0.0873 0.0707 -0.9937
vn -0.0405 0.1007 -0.9941
vn -0.4629 -0.0327 -0.8858
vn -0.4049 0.3364 -0.8502
vn -0.6784 0.3117 -0.6653
vn 0.0176 0.1081 -0.9940
vn 0.1141 0.2873 -0.9510
vn -0.0950 0.0766 -0.9925
vn -0.4868 0.0210 -0.8733
vn 0.5823 0.8038 -0.1221
vn 0.2964 0.8853 0.3582
vn 0.6182 0.7860 0.0076
vn 0.1633 0.8739 0.4579
vn 0.2827 0.8764 0.3899
vn 0.3238 0.8729 0.3650
vn -0.1759 0.7444 0.6442
vn -0.0490 0.8663 0.4972
vn -0.7639 -0.5456 0.3445
vn -0.4744 -0.8491 -0.2323
vn -0.3644 -0.9276 -0.0820
vn -0.7943 -0.5143 0.3232
vn -0.0717 -0.8244 -0.5614
vn 0.0795 -0.9178 -0.3890
vn 0.4527 -0.4896 -0.7452
vn 0.5747 -0.5592 -0.5975
vn -0.6588 0.3418 0.6702
vn -0.6052 0.2753 0.7470
vn -0.8318 -0.1806 0.5249
vn -0.7521 -0.2171 0.6223
vn -0.8016 -0.3277 0.5001
vn -0.8271 -0.2986 0.4762
vn 0.7265 -0.3069 -0.6148
vn 0.6237 -0.2538 -0.7394
vn 0.8333 -0.2073 -0.5125
vn 0.6159 -0.0992 -0.7816
vn 0.9155 0.1493 -0.3735
vn 0.6909 0.2751 -0.6686
vn 0.6173 0.1481 -0.7726
vn 0.6725 0.6720 -0.3101
vn 0.4109 0.7547 0.5115
vn 0.2076 0.8492 0.4856
vn 0.2797 0.8711 0.4037
vn 0.5093 0.8440 0.1681
vn 0.2112 0.9231 0.3212
vn 0.5439 0.8100 -0.2192
vn 0.3676 0.8696 0.3296
vn 0.2387 0.9461 0.2187
vn 0.5174 0.8157 -0.2586
vn 0.5718 0.7662 -0.2933
vn 0.0688 0.9946 0.0782
vn 0.6513 0.7270 0.2175
vn 0.1643 0.9081 0.3851
vn 0.2602 0.8731 0.4122
vn 0.3034 0.8413 0.4474
vn 0.2035 0.8907 0.4064
vn 0.2387 0.8984 0.3687
vn 0.3156 0.9456 0.0793
vn 0.1511 0.9885 0.0029
vn 0.3485 0.9348 0.0690
vn -0.5559 0.7486 0.3612
vn -0.5082 0.5607 0.6537
vn -0.3742 0.4431 0.8146
vn -0.3682 0.6625 0.6523
vn 0.0072 0.8222 0.5692
vn -0.2767 0.6542 0.7039
vn -0.0811 0.7681 0.6351
vn -0.3915 -0.6935 -0.6048
vn -0.9716 -0.2344 0.0316
vn -0.8297 -0.4494 -0.3312
vn -0.1678 -0.7496 -0.6402
vn -0.4151 -0.6949 -0.5872
vn -0.9257 -0.3704 0.0765
vn -0.4529 -0.7710 -0.4477
vn -0.8162 -0.5628 0.1310
vn -0.1239 -0.9689 0.2140
vn -0.0845 -0.9959 -0.0309
vn -0.3886 -0.7890 0.4759
vn -0.5209 -0.6535 0.5492
vn -0.6544 -0.5504 0.5185
vn -0.2234 -0.9576 0.1818
vn 0.0883 -0.7806 -0.6188
vn -0.0260 -0.6242 -0.7808
vn -0.1043 -0.5790 -0.8086
vn -0.1641 -0.6761 -0.7183
vn -0.1193 -0.9928 -0.0135
vn 0.1650 -0.9809 -0.1027
vn 0.2113 -0.9698 -0.1222
vn 0.5291 -0.7147 -0.4575
vn 0.5622 -0.4026 -0.7224
vn 0.2754 -0.2705 -0.9225
vn 0.3124 -0.3900 -0.8662
vn 0.2190 -0.8463 -0.4857
vn 0.5015 -0.6628 -0.5561
vn 0.6827 -0.6106 -0.4014
vn -0.9829 0.1404 0.1192
vn -0.8425 -0.1610 0.5141
vn -0.8271 -0.0244 0.5615
vn -0.7924 0.3106 0.5250
vn -0.4506 0.2571 0.8549
vn -0.5069 0.2490 0.8252
vn -0.5251 0.1250 0.8418
vn -0.9897 -0.1226 0.0744
vn -0.8689 -0.2086 0.4489
vn -0.9311 0.0287 0.3635
vn -0.9344 -0.0392 0.3541
vn -0.5219 0.1692 0.8360
vn -0.4546 0.0124 0.8906
vn -0.6429 -0.0003 0.7660
vn -0.9384 -0.3450 -0.0182
vn -0.9315 -0.0006 0.3636
vn -0.9003 0.0515 0.4322
vn -0.8767 -0.1930 0.4407
vn -0.6369 -0.2015 0.7442
vn -0.4965 -0.1706 0.8511
vn -0.7770 -0.2081 0.5941
vn 0.8852 -0.1470 -0.4414
vn 0.9709 -0.2392 -0.0114
vn 0.5693 0.0073 -0.8221
vn 0.5304 -0.0660 -0.8452
vn 0.5298 -0.4347 -0.7283
vn 0.5553 -0.1473 -0.8185
vn 0.7961 -0.2538 -0.5494
vn 0.9307 -0.0197 -0.3651
vn 0.9936 0.1001 0.0530
vn 0.5877 0.0345 -0.8083
vn 0.5037 0.0925 -0.8589
vn 0.5674 0.0692 -0.8205
vn 0.6656 0.0959 -0.7401
vn 0.9188 -0.0352 -0.3932
vn 0.8423 0.3586 -0.4023
vn 0.9219 0.3597 0.1437
vn 0.5910 0.1034 -0.8000
vn 0.5396 0.2787 -0.7944
vn 0.6993 0.0827 -0.7100
vn 0.9356 0.0281 -0.3520
vn 0.5160 0.7683 0.3789
vn 0.0147 0.8584 0.5128
vn 0.4524 0.7417 0.4952
vn -0.1443 0.8741 0.4639
vn -0.0221 0.8454 0.5337
vn 0.0272 0.8485 0.5284
vn -0.5232 0.7677 0.3699
vn -0.3478 0.8661 0.3591
vn -0.7704 -0.5312 -0.3525
vn -0.2078 -0.8079 -0.5514
vn -0.2087 -0.9123 -0.3524
vn -0.7835 -0.4854 -0.3879
vn 0.2721 -0.8189 -0.5054
vn 0.2990 -0.9267 -0.2276
vn 0.8179 -0.5265 -0.2319
vn 0.8069 -0.5905 0.0132
vn -0.9264 0.3764 -0.0121
vn -0.9488 0.2921 0.1204
vn -0.9478 -0.1628 -0.2742
vn -0.9734 -0.2081 -0.0959
vn -0.9061 -0.3202 -0.2765
vn -0.9094 -0.2898 -0.2984
vn 0.9299 -0.3386 0.1433
vn 0.9548 -0.2879 -0.0743
vn 0.9358 -0.2364 0.2617
vn 0.9857 -0.1137 -0.1242
vn 0.8926 0.1393 0.4288
vn 0.9597 0.2794 0.0304
vn 0.9810 0.1559 -0.1154
vn 0.7324 0.6210 0.2793
vn 0.0384 0.7035 0.7097
vn -0.1376 0.8226 0.5517
vn -0.0151 0.8476 0.5305
vn 0.2544 0.8170 0.5175
vn -0.0251 0.8994 0.4363
vn 0.5656 0.7909 0.2337
vn 0.0774 0.8367 0.5422
vn 0.0491 0.9525 0.3006
vn 0.6319 0.7353 0.2449
vn 0.6210 0.7556 0.2085
vn 0.0099 0.9917 0.1284
vn 0.3053 0.7148 0.6292
vn -0.1062 0.9043 0.4136
vn -0.0461 0.8378 0.5440
vn -0.0296 0.8113 0.5839
vn -0.0831 0.8717 0.4829
vn -0.0416 0.8797 0.4737
vn 0.1626 0.9466 0.2783
vn -0.0013 0.9895 0.1446
vn 0.2155 0.9253 0.3121
vn -0.6271 0.7674 -0.1338
vn -0.7991 0.5923 0.1031
vn -0.8240 0.4571 0.3348
vn -0.6916 0.6893 0.2158
vn -0.3567 0.8129 0.4603
vn -0.6727 0.6317 0.3853
vn -0.4824 0.7608 0.4341
vn 0.0460 -0.6473 -0.7608
vn -0.7121 -0.1759 -0.6797
vn -0.4326 -0.4585 -0.7763
vn 0.2534 -0.7625 -0.5953
vn 0.0193 -0.6456 -0.7634
vn -0.7123 -0.3022 -0.6335
vn -0.0775 -0.7201 -0.6895
vn -0.6761 -0.5161 -0.5258
vn -0.2145 -0.9731 0.0838
vn -0.0455 -0.9818 -0.1844
vn -0.6693 -0.7408 0.0582
vn -0.7557 -0.6536 0.0420
vn -0.8300 -0.5495 -0.0956
vn -0.2799 -0.9593 -0.0368
vn 0.5229 -0.7371 -0.4280
vn 0.4310 -0.6253 -0.6505
vn 0.3717 -0.5754 -0.7285
vn 0.2809 -0.6643 -0.6927
vn -0.0059 -0.9927 -0.1207
vn 0.1971 -0.9793 0.0452
vn 0.2348 -0.9696 0.0695
vn 0.7760 -0.6244 -0.0891
vn 0.8886 -0.4423 -0.1212
vn 0.7848 -0.2923 -0.5465
vn 0.7909 -0.4123 -0.4522
vn 0.4628 -0.8776 -0.1247
vn 0.7372 -0.6734 -0.0559
vn 0.7443 -0.6238 0.2382
vn -0.7555 0.1430 -0.6393
vn -0.9453 -0.1531 -0.2881
vn -0.9696 -0.0182 -0.2442
vn -0.9116 0.3401 -0.2308
vn -0.8960 0.2776 0.3467
vn -0.9064 0.2493 0.3411
vn -0.9456 0.1397 0.2938
vn -0.7151 -0.1301 -0.6868
vn -0.9089 -0.1957 -0.3681
vn -0.8804 0.0394 -0.4726
vn -0.8806 -0.0215 -0.4734
vn -0.9437 0.1865 0.2730
vn -0.9156 0.0301 0.4010
vn -0.9904 0.0120 0.1377
vn -0.6790 -0.2523 -0.6895
vn -0.8799 0.0120 -0.4750
vn -0.9170 0.0706 -0.3925
vn -0.9084 -0.1798 -0.3775
vn -0.9738 -0.1965 0.1141
vn -0.8993 -0.2055 0.3861
vn -0.9688 -0.2058 -0.1380
vn 0.9280 -0.1415 0.3447
vn 0.7772 -0.2671 0.5697
vn 0.9791 -0.0054 -0.2035
vn 0.9597 -0.0919 -0.2656
vn 0.8858 -0.4205 -0.1964
vn 0.9568 -0.1682 -0.2371
vn 0.9388 -0.2723 0.2108
vn 0.9109 -0.0205 0.4122
vn 0.6837 0.1162 0.7205
vn 0.9851 0.0273 -0.1697
vn 0.9500 0.0898 -0.2990
vn 0.9867 0.0423 -0.1573
vn 0.9918 0.0961 -0.0847
vn 0.9141 -0.0469 0.4028
vn 0.8745 0.3498 0.3360
vn 0.5889 0.3102 0.7463
vn 0.9813 0.1015 -0.1632
vn 0.9349 0.2807 -0.2173
vn 0.9970 0.0703 -0.0331
vn 0.9063 0.0143 0.4224
vn 0.3879 -0.8370 -0.3860
vn 0.6639 -0.6455 -0.3774
vn -0.0968 -0.9779 -0.1854
vn -0.7954 -0.5424 0.2704
vn -0.8897 -0.0759 0.4501
vn -0.9037 -0.0915 0.4182
vn -0.8679 0.2474 0.4308
vn -0.5667 0.7829 0.2570
vn -0.0843 0.9960 -0.0304
vn 0.1171 0.9800 -0.1610
vn 0.6010 0.7832 -0.1596
vn 0.8954 0.2711 -0.3532
vn 0.9771 -0.0670 -0.2019
vn 0.9086 -0.2350 -0.3452
vn -0.6589 0.4713 -0.5862
vn -0.2773 0.6937 -0.6647
vn -0.5699 0.7320 -0.3733
vn -0.0188 0.9060 -0.4229
vn -0.1138 0.7656 -0.6332
vn -0.2335 0.8677 -0.4388
vn 0.5363 0.7197 -0.4409
vn 0.2594 0.8913 -0.3719
vn 0.8798 -0.4495 0.1549
vn 0.3299 -0.7697 0.5466
vn 0.3915 -0.8714 0.2957
vn 0.8484 -0.4570 0.2672
vn -0.1873 -0.7704 0.6095
vn -0.2028 -0.9261 0.3182
vn -0.7941 -0.6068 0.0336
vn -0.7839 -0.5917 0.1882
vn 0.9497 0.2735 -0.1529
vn 0.9352 0.2846 -0.2108
vn 0.9802 -0.1873 0.0639
vn 0.9817 -0.1762 -0.0721
vn 0.9471 -0.3010 0.1115
vn 0.9674 -0.2366 0.0897
vn -0.9597 -0.2800 0.0260
vn -0.9151 -0.3153 -0.2515
vn -0.9760 -0.2175 -0.0130
vn -0.9835 -0.1217 -0.1336
vn -0.9789 0.0983 -0.1791
vn -0.9685 0.1796 -0.1722
vn -0.9981 0.0267 -0.0546
vn -0.5713 0.3823 -0.7262
vn 0.1665 0.7116 -0.6826
vn 0.2529 0.8608 -0.4417
vn 0.1310 0.8668 -0.4811
vn -0.1190 0.8485 -0.5157
vn 0.1004 0.9020 -0.4199
vn -0.5410 0.7571 -0.3663
vn -0.0715 0.6669 -0.7417
vn -0.1959 0.9537 -0.2284
vn -0.6889 0.7242 -0.0301
vn -0.6943 0.7192 -0.0270
vn -0.1410 0.9764 -0.1634
vn -0.4991 0.7292 -0.4681
vn -0.0421 0.9137 -0.4043
vn 0.1250 0.8726 -0.4722
vn 0.1526 0.8784 -0.4529
vn 0.1371 0.8427 -0.5206
vn -0.3137 0.9361 -0.1593
vn -0.1661 0.9663 -0.1966
vn -0.3772 0.9068 -0.1882
vn 0.8139 0.5807 0.0201
vn 0.8163 0.4419 -0.3719
vn 0.7358 0.6446 -0.2074
vn 0.1958 0.8367 -0.5114
vn 0.4807 0.6595 -0.5779
vn 0.3573 0.7973 -0.4864
vn -0.1441 -0.6627 0.7349
vn 0.6512 -0.3875 0.6525
vn -0.1595 -0.7300 0.6646
vn 0.0222 -0.7600 0.6495
vn 0.6610 -0.5797 0.4765
vn 0.2550 -0.9594 -0.1204
vn 0.1194 -0.9885 0.0925
vn 0.6119 -0.7557 -0.2334
vn 0.7793 -0.5942 -0.1990
vn 0.8523 -0.5130 -0.1024
vn 0.3179 -0.9474 -0.0374
vn -0.4863 -0.5757 0.6573
vn -0.4989 -0.6544 0.5682
vn -0.2945 -0.6291 0.7193
vn 0.1662 -0.9819 0.0910
vn -0.1921 -0.9814 -0.0025
vn -0.2779 -0.9606 -0.0000
vn -0.6867 -0.7269 -0.0016
vn -0.8449 -0.5078 -0.1680
vn -0.8330 -0.2828 0.4755
vn -0.8551 -0.4810 0.1936
vn -0.4094 -0.8386 0.3594
vn -0.7467 -0.6261 0.2249
vn -0.8238 -0.5669 0.0044
vn 0.9404 -0.2002 0.2750
vn 0.9772 -0.0577 0.2045
vn 0.9442 0.2611 0.2009
vn 0.7847 0.2482 -0.5680
vn 0.7869 0.2344 -0.5708
vn 0.8970 0.0939 -0.4319
vn 0.9078 -0.2926 0.3005
vn 0.8955 -0.0090 0.4449
vn 0.9152 -0.0935 0.3919
vn 0.8707 0.1536 -0.4672
vn 0.7832 0.0061 -0.6217
vn 0.9566 -0.0719 -0.2822
vn 0.9045 -0.0452 0.4241
vn 0.9298 0.0165 0.3677
vn 0.9259 -0.2204 0.3068
vn 0.9224 -0.1624 -0.3505
vn 0.8109 -0.1603 -0.5628
vn 0.9799 -0.1679 -0.1081
vn 0.7234 -0.2524 0.6426
vn -0.7356 -0.2172 -0.6416
vn -0.6111 -0.2429 -0.7534
vn -0.9999 -0.0107 -0.0087
vn -0.9862 -0.1379 -0.0919
vn -0.8260 -0.3883 0.4086
vn -0.9248 -0.1232 0.3601
vn -0.9788 -0.2048 0.0072
vn -0.7943 -0.1060 -0.5982
vn -0.5582 0.1008 -0.8235
vn -0.9961 -0.0850 -0.0247
vn -0.9971 0.0752 -0.0113
vn -0.8805 0.0820 0.4669
vn -0.9516 0.0810 0.2964
vn -0.9877 -0.0422 -0.1505
vn -0.7971 0.4633 -0.3872
vn -0.3562 0.3962 -0.8463
vn -0.9985 -0.0078 -0.0537
vn -0.8606 0.2598 0.4380
vn -0.9623 0.0478 0.2679
vn -0.9914 0.0074 -0.1309
vn -0.8455 -0.4122 -0.3394
vn -0.8422 -0.0833 -0.5327
vn -0.5046 0.0461 -0.8621
vn -0.1694 0.2694 -0.9480
vn -0.6838 0.3337 -0.6489
vn -0.3884 0.8800 0.2734
vn -0.1292 0.9867 -0.0987
vn -0.0746 0.9817 -0.1750
vn -0.6027 0.7767 0.1833
vn 0.0583 0.9893 -0.1341
vn -0.0255 0.9817 -0.1888
vn 0.5354 0.8194 -0.2045
vn 0.5080 0.7703 -0.3855
vn 0.7430 0.2886 -0.6039
vn 0.8967 0.3175 -0.3084
vn 0.7506 -0.2567 -0.6088
vn 0.9072 -0.2822 -0.3120
vn 0.6573 -0.5417 -0.5239
vn 0.7601 -0.5949 -0.2614
vn 0.3606 -0.8745 -0.3242
vn 0.4141 -0.8990 -0.1424
vn -0.2527 -0.9575 0.1393
vn -0.1926 -0.9812 -0.0157
vn 0.0232 -0.9983 0.0529
vn -0.0691 -0.9875 0.1414
vn -0.1588 -0.9870 -0.0240
vn -0.2496 -0.9494 -0.1907
vn -0.7621 -0.4665 0.4489
vn -0.8405 -0.5405 0.0381
vn -0.8029 -0.0637 0.5928
vn -0.9911 -0.0731 0.1114
vn -0.7237 0.3183 0.6123
vn -0.9703 0.2175 0.1062
vn -0.4217 0.8812 0.2137
vn -0.0227 0.9989 -0.0422
vn 0.0440 0.9902 0.1325
vn -0.6408 0.6028 0.4754
vn -0.0508 0.9837 0.1728
vn -0.5383 0.4718 0.6983
vn -0.0810 0.9928 0.0885
vn -0.4821 0.6328 0.6059
vn -0.0653 0.9964 0.0543
vn -0.6390 0.6868 0.3464
vn 0.0748 0.9889 -0.1286
vn -0.6036 0.7484 0.2750
vn -0.3328 0.9424 -0.0317
vn 0.0405 0.9913 0.1256
vn -0.2130 0.9630 -0.1649
vn 0.0352 0.9813 -0.1894
vn -0.5595 0.8026 -0.2071
vn 0.0663 0.9978 0.0047
vn 0.0250 0.9968 -0.0759
vn -0.6527 0.7442 -0.1416
vn 0.0201 0.9952 -0.0962
vn 0.2242 0.9727 0.0602
vn 0.1832 0.9774 0.1058
vn 0.0794 0.9964 -0.0307
vn 0.0968 0.9952 -0.0148
vn -0.1106 0.9915 -0.0680
vn 0.2276 0.9736 0.0198
vn -0.0382 0.9831 -0.1792
vn 0.0060 0.9999 -0.0132
vn -0.0740 0.9945 -0.0746
vn 0.5900 0.7262 -0.3528
vn 0.5517 0.8298 -0.0844
vn 0.6593 0.7066 0.2570
vn 0.6782 0.7174 0.1594
vn 0.6666 0.7447 -0.0315
vn 0.3897 0.8236 -0.4122
vn 0.5433 0.8136 -0.2071
vn 0.4597 0.7637 -0.4532
vn 0.2995 0.8262 -0.4771
vn 0.3065 0.7583 -0.5753
vn 0.9392 -0.0481 -0.3399
vn 0.9300 0.3454 -0.1260
vn 0.9418 0.1529 0.2993
vn 0.9193 0.1605 0.3593
vn 0.9570 0.2902 0.0018
vn 0.8446 0.1268 -0.5201
vn 0.8683 0.2615 -0.4215
vn 0.7818 0.1605 -0.6025
vn 0.5642 0.1381 -0.8140
vn 0.4224 0.1476 -0.8943
vn 0.9997 -0.0043 0.0231
vn 0.9386 -0.2030 -0.2788
vn 0.9521 0.0299 0.3043
vn 0.8940 -0.1842 0.4085
vn 0.9653 -0.2611 0.0072
vn 0.8701 -0.0156 -0.4926
vn 0.8808 -0.0143 -0.4733
vn 0.7511 0.2021 -0.6285
vn 0.6031 0.1994 -0.7724
vn 0.4197 -0.1455 -0.8959
vn 0.9460 0.1683 -0.2769
vn 0.9976 0.0408 0.0566
vn 0.9542 -0.2018 0.2207
vn 0.9030 -0.3273 0.2783
vn 0.8405 -0.5417 0.0088
vn 0.7957 -0.1159 -0.5945
vn 0.8549 -0.2781 -0.4379
vn 0.7148 0.1696 -0.6785
vn 0.6367 -0.0632 -0.7685
vn 0.5436 -0.3162 -0.7775
vn 0.9381 -0.3291 -0.1076
vn 0.8872 -0.4556 0.0722
vn 0.7404 -0.5395 0.4009
vn 0.6191 -0.6783 0.3958
vn 0.4642 -0.8840 0.0546
vn 0.7164 -0.6195 -0.3208
vn 0.3159 -0.9338 -0.1683
vn 0.4309 -0.6104 -0.6646
vn 0.3372 -0.5395 -0.7715
vn 0.2520 -0.6637 -0.7043
vn 0.4451 -0.8848 0.1378
vn 0.5176 -0.8419 0.1526
vn 0.2828 -0.8709 0.4019
vn 0.1766 -0.8626 0.4741
vn -0.1694 -0.9730 0.1569
vn 0.4001 -0.9149 -0.0534
vn -0.0471 -0.9494 0.3106
vn -0.1854 -0.9721 -0.1438
vn -0.1901 -0.7500 -0.6336
vn -0.1683 -0.8325 -0.5279
vn -0.0198 -0.9295 0.3684
vn -0.2223 -0.8902 0.3976
vn 0.0397 -0.8465 0.5309
vn -0.0344 -0.9610 0.2743
vn -0.0641 -0.9902 -0.1239
vn -0.1080 -0.9835 0.1451
vn 0.3058 -0.9325 0.1923
vn 0.0057 -0.9631 -0.2692
vn -0.2248 -0.7474 -0.6252
vn -0.2834 -0.9358 -0.2097
vn -0.7201 -0.1690 0.6730
vn -0.6962 -0.6518 0.3007
vn -0.2654 -0.3188 0.9099
vn -0.2215 -0.7539 0.6185
vn -0.2008 -0.9194 0.3382
vn -0.7224 -0.6117 0.3225
vn -0.1977 -0.9175 0.3452
vn -0.3522 -0.9193 -0.1758
vn -0.6544 -0.5180 -0.5508
vn -0.4443 -0.8184 -0.3645
vn -0.8949 -0.3455 0.2826
vn -0.8427 0.0329 0.5373
vn -0.5139 0.1109 0.8506
vn -0.5755 -0.1042 0.8112
vn -0.6777 -0.1802 0.7129
vn -0.9359 -0.2031 0.2878
vn -0.8870 -0.3445 0.3076
vn -0.8983 -0.4382 0.0338
vn -0.8822 -0.1555 -0.4445
vn -0.8869 -0.3565 -0.2937
vn -0.9406 -0.0116 0.3393
vn -0.8734 -0.0027 0.4869
vn -0.4320 -0.0025 0.9019
vn -0.5545 -0.0010 0.8322
vn -0.6575 -0.0072 0.7534
vn -0.9500 -0.0685 0.3047
vn -0.9659 -0.0152 0.2584
vn -0.9993 0.0352 -0.0115
vn -0.9407 -0.0103 -0.3390
vn -0.9630 -0.0045 -0.2696
vn -0.9089 0.2128 0.3586
vn -0.8612 -0.1470 0.4866
vn -0.5047 -0.0576 0.8614
vn -0.5675 0.1378 0.8118
vn -0.7052 0.2361 0.6686
vn -0.9047 0.3084 0.2941
vn -0.9114 0.3337 0.2409
vn -0.8953 0.4312 -0.1117
vn -0.9449 0.1414 -0.2952
vn -0.9626 0.1605 -0.2184
vn 0.2260 0.8868 -0.4032
vn 0.1472 0.9888 0.0254
vn 0.1344 0.9837 0.1199
vn 0.4835 0.7993 -0.3569
vn 0.0009 0.9935 0.1141
vn 0.0906 0.9864 0.1374
vn -0.3787 0.8548 0.3549
vn -0.2927 0.7791 0.5544
vn -0.4328 0.3222 0.8419
vn -0.7070 0.3578 0.6100
vn -0.4446 -0.2728 0.8532
vn -0.7197 -0.3134 0.6195
vn -0.3595 -0.6030 0.7122
vn -0.5797 -0.6426 0.5010
vn -0.2024 -0.8789 0.4319
vn -0.2929 -0.9214 0.2555
vn 0.0703 -0.9885 -0.1342
vn 0.1446 -0.9887 0.0406
vn -0.0595 -0.9978 -0.0281
vn 0.1283 -0.9911 -0.0346
vn 0.2700 -0.9550 -0.1230
vn 0.3692 -0.9286 0.0378
vn 0.5033 -0.5033 -0.7024
vn 0.7545 -0.5749 -0.3166
vn 0.5004 -0.0725 -0.8627
vn 0.8904 -0.0814 -0.4479
vn 0.4150 0.3567 -0.8370
vn 0.8689 0.2400 -0.4330
vn -0.5978 -0.1901 -0.7788
vn -0.6413 -0.1142 -0.7588
vn -0.4742 0.6861 -0.5517
vn -0.3724 0.4570 -0.8078
vn 0.0050 0.9923 -0.1241
vn 0.0211 0.6385 -0.7694
vn 0.0268 0.9966 -0.0784
vn 0.3588 0.6931 -0.6252
vn -0.1007 0.9949 -0.0103
vn 0.6253 0.7514 0.2107
vn 0.3140 0.9319 -0.1814
vn -0.0316 0.9963 -0.0799
vn 0.2384 0.9703 0.0409
vn -0.0844 0.9934 0.0781
vn 0.6385 0.7665 0.0689
vn -0.0728 0.9973 0.0130
vn 0.0164 0.9970 0.0753
vn 0.6511 0.7462 -0.1390
vn -0.5210 0.7213 -0.4564
vn -0.0786 0.9958 0.0460
vn -0.0668 0.9966 0.0483
vn 0.1067 0.9931 -0.0486
vn -0.2673 0.9636 0.0018
vn 0.0121 0.9991 0.0403
vn -0.0078 0.9999 0.0083
vn 0.0939 0.9949 0.0369
vn -0.6659 0.0052 -0.7461
vn -0.6709 0.6392 -0.3758
vn -0.7125 0.6986 0.0659
vn -0.5246 0.7793 0.3428
vn -0.4135 0.8890 0.1969
vn -0.5230 0.8513 0.0410
vn -0.1595 0.9279 0.3370
vn 0.2393 0.7183 0.6533
vn 0.0271 0.7610 0.6482
vn -0.8700 0.1114 -0.4803
vn -0.9828 0.1834 0.0196
vn -0.8228 0.3281 0.4642
vn -0.9013 0.1643 0.4009
vn -0.9472 0.2502 0.2004
vn -0.4074 0.1265 0.9044
vn 0.2995 0.0902 0.9498
vn 0.0960 0.1566 0.9830
vn -0.8834 0.0120 -0.4685
vn -0.9744 -0.2098 -0.0808
vn -0.8386 -0.2842 0.4648
vn -0.9550 -0.0313 0.2951
vn -0.9622 -0.0705 0.2630
vn -0.4977 0.0604 0.8652
vn 0.2854 0.1288 0.9497
vn 0.1025 -0.1564 0.9824
vn -0.7769 -0.1002 -0.6216
vn -0.9479 -0.3126 -0.0615
vn -0.6912 -0.5997 0.4032
vn -0.7385 -0.0443 0.6728
vn -0.9024 -0.3831 0.1973
vn -0.0130 0.1260 0.9919
vn 0.2012 -0.0647 0.9774
vn -0.0656 -0.3352 0.9398
vn -0.6550 0.1195 -0.7462
vn -0.8348 -0.1603 -0.5268
vn -0.7654 -0.6317 -0.1228
vn -0.3863 -0.9068 0.1687
vn -0.6382 -0.7653 -0.0838
vn -0.1783 -0.8124 0.5552
vn 0.4363 -0.4415 0.7840
vn 0.2680 -0.4047 0.8743
vn 0.1260 -0.6679 0.7335
vn -0.7339 -0.0432 -0.6779
vn -0.4635 -0.7765 -0.4269
vn 0.0080 -0.9863 -0.1649
vn -0.1962 -0.9548 -0.2232
vn 0.1018 -0.9938 -0.0441
vn 0.5131 -0.7444 0.4273
vn 0.5762 -0.5648 0.5907
vn 0.3899 -0.8327 0.3932
vn -0.7165 -0.1244 -0.6864
vn -0.3226 -0.8455 -0.4256
vn -0.0406 -0.9990 -0.0181
vn 0.2783 -0.9590 -0.0543
vn -0.1700 -0.9850 -0.0299
vn 0.3569 -0.7902 0.4982
vn 0.6034 -0.5561 0.5715
vn 0.3847 -0.9034 0.1895
vn -0.5562 0.1680 -0.8139
vn -0.2430 -0.6684 -0.7030
vn 0.0741 -0.8720 -0.4839
vn 0.8133 -0.5555 0.1729
vn 0.3006 -0.9369 -0.1785
vn 0.6998 -0.5918 0.4001
vn 0.8241 -0.4636 0.3255
vn 0.5912 -0.7912 0.1561
vn -0.5423 0.1448 -0.8276
vn -0.1166 -0.0963 -0.9885
vn 0.1814 -0.1920 -0.9645
vn 0.9375 -0.2515 0.2407
vn 0.8885 -0.3598 -0.2850
vn 0.9309 -0.3619 -0.0491
vn 0.9696 -0.1374 0.2026
vn 0.9220 -0.3768 -0.0892
vn -0.5346 -0.1586 -0.8301
vn -0.1347 -0.0050 -0.9909
vn 0.1382 -0.0062 -0.9904
vn 0.9749 0.0144 0.2220
vn 0.9404 -0.0148 -0.3398
vn 0.9515 0.1100 -0.2873
vn 0.9971 -0.0074 0.0762
vn 0.9896 -0.0038 -0.1439
vn -0.3563 -0.1101 -0.9279
vn -0.0742 0.1013 -0.9921
vn 0.2259 0.2567 -0.9397
vn 0.8605 0.4627 0.2129
vn 0.8533 0.3883 -0.3479
vn 0.8931 0.4024 -0.2009
vn 0.9897 0.1379 0.0382
vn 0.9652 0.1776 -0.1919
vt 0.647542 0.111030
vt 0.724613 0.175057
vt 0.644041 0.169120
vt 0.727149 0.115868
vt 0.349425 0.602746
vt 0.370881 0.538159
vt 0.427338 0.622381
vt 0.447231 0.565356
vt 0.509054 0.402678
vt 0.431436 0.378028
vt 0.453763 0.316189
vt 0.529757 0.344262
vt 0.296584 0.765046
vt 0.372067 0.794795
vt 0.350477 0.852100
vt 0.275845 0.824067
vt 0.485132 0.093968
vt 0.563047 0.161806
vt 0.481869 0.157624
vt 0.565728 0.098579
vt 0.804501 0.179803
vt 0.811192 0.113972
vt 0.887158 0.186574
vt 0.892569 0.121917
vt 0.515172 0.649194
vt 0.534935 0.591785
vt 0.590817 0.681873
vt 0.613435 0.618285
vt 0.212261 0.489686
vt 0.271109 0.572677
vt 0.193580 0.548942
vt 0.292078 0.509455
vt 0.666856 0.452161
vt 0.585310 0.429619
vt 0.606619 0.370795
vt 0.684654 0.393241
vt 0.253001 0.359850
vt 0.274653 0.307461
vt 0.334083 0.408680
vt 0.357848 0.350326
vt 0.409033 0.436625
vt 0.141541 0.711097
vt 0.220496 0.738650
vt 0.199697 0.795774
vt 0.115433 0.771163
vt 0.551510 0.788898
vt 0.533268 0.847843
vt 0.472745 0.765350
vt 0.455686 0.823080
vt 0.392388 0.738740
vt 0.390477 0.487155
vt 0.489145 0.459430
vt 0.470498 0.511496
vt 0.545915 0.298686
vt 0.470987 0.271410
vt 0.337334 0.647341
vt 0.418042 0.682736
vt 0.318117 0.705464
vt 0.331756 0.909836
vt 0.254734 0.881650
vt 0.633588 0.561390
vt 0.548816 0.540298
vt 0.566100 0.490136
vt 0.647412 0.512427
vt 0.703636 0.335220
vt 0.620073 0.327184
vt 0.298891 0.256020
vt 0.329906 0.186823
vt 0.400028 0.229070
vt 0.377315 0.287061
vt 0.309666 0.457556
vt 0.226637 0.429498
vt 0.257894 0.624160
vt 0.240838 0.680811
vt 0.163007 0.652197
vt 0.152074 0.582695
vt 0.169454 0.856287
vt 0.100920 0.807606
vt 0.416658 0.940591
vt 0.434786 0.881020
vt 0.496690 0.956615
vt 0.513455 0.905984
vt 0.567197 0.737967
vt 0.491269 0.708084
vt 0.650369 0.048434
vt 0.733072 0.053292
vt 0.717027 0.278128
vt 0.635592 0.271569
vt 0.487274 0.031006
vt 0.570057 0.046765
vt 0.478635 0.211237
vt 0.558802 0.225603
vt 0.801133 0.245386
vt 0.885458 0.241524
vt 0.818218 0.050299
vt 0.898357 0.056726
vt 0.096428 0.584906
vt 0.110330 0.531223
vt 0.125344 0.469701
vt 0.151290 0.398799
vt 0.167118 0.333381
vt 0.193457 0.273134
vt 0.222192 0.215934
vt 0.246006 0.159636
vt 0.980000 0.081834
vt 0.974894 0.136191
vt 0.970489 0.199045
vt 0.968532 0.246161
vt 0.037856 0.733870
vt 0.020000 0.786938
vt 0.063182 0.682137
vt 0.081743 0.627847
vt 0.702848 0.589306
vt 0.679464 0.657148
vt 0.653796 0.713806
vt 0.631287 0.766090
vt 0.618423 0.811297
vt 0.599730 0.869111
vt 0.581342 0.926882
vt 0.562353 0.980000
vt 0.411477 0.161782
vt 0.408936 0.209245
vt 0.414689 0.098742
vt 0.416632 0.043079
vt 0.771017 0.359308
vt 0.751784 0.415019
vt 0.734986 0.473297
vt 0.716393 0.531796
vt 0.459429 0.107196
vt 0.366370 0.123364
vt 0.358679 0.078590
vt 0.451029 0.062707
vt 0.383967 0.206273
vt 0.472285 0.191812
vt 0.388190 0.267863
vt 0.484471 0.253145
vt 0.411009 0.656650
vt 0.499951 0.722161
vt 0.408831 0.716589
vt 0.501820 0.660594
vt 0.413896 0.586178
vt 0.503481 0.586703
vt 0.414012 0.538319
vt 0.502913 0.534236
vt 0.409554 0.922261
vt 0.505859 0.920164
vt 0.511349 0.977706
vt 0.408353 0.980000
vt 0.407548 0.849756
vt 0.500809 0.849737
vt 0.407385 0.777450
vt 0.498506 0.779791
vt 0.405564 0.489906
vt 0.499367 0.482361
vt 0.400126 0.420233
vt 0.495876 0.411028
vt 0.399457 0.346108
vt 0.493052 0.339038
vt 0.493255 0.289290
vt 0.390318 0.303774
vt 0.088199 0.177515
vt 0.079728 0.123316
vt 0.176622 0.125826
vt 0.182075 0.164109
vt 0.275759 0.147113
vt 0.267980 0.100509
vt 0.648549 0.094122
vt 0.640130 0.039716
vt 0.735836 0.045977
vt 0.740708 0.078684
vt 0.553791 0.104221
vt 0.545811 0.040859
vt 0.098770 0.233201
vt 0.189931 0.218420
vt 0.284032 0.210470
vt 0.657016 0.148446
vt 0.765524 0.131836
vt 0.563800 0.167332
vt 0.106373 0.289463
vt 0.199110 0.275244
vt 0.290637 0.260664
vt 0.665409 0.202671
vt 0.757288 0.184756
vt 0.575005 0.230322
vt 0.687222 0.720998
vt 0.682666 0.652254
vt 0.784784 0.715702
vt 0.785038 0.660963
vt 0.591525 0.725098
vt 0.592405 0.653631
vt 0.129470 0.715391
vt 0.120940 0.662178
vt 0.222046 0.709977
vt 0.215541 0.641264
vt 0.305381 0.641817
vt 0.317716 0.711935
vt 0.683831 0.599628
vt 0.786016 0.594615
vt 0.593422 0.597758
vt 0.108252 0.606188
vt 0.211212 0.579434
vt 0.305904 0.575124
vt 0.690041 0.530903
vt 0.786535 0.537623
vt 0.593874 0.527221
vt 0.104763 0.551295
vt 0.209408 0.526463
vt 0.307798 0.519326
vt 0.702688 0.882355
vt 0.797093 0.866372
vt 0.803521 0.919864
vt 0.709706 0.935398
vt 0.605535 0.903308
vt 0.613333 0.953660
vt 0.118452 0.935135
vt 0.123587 0.879635
vt 0.216243 0.895784
vt 0.211970 0.948960
vt 0.311265 0.910608
vt 0.308768 0.972268
vt 0.699995 0.825182
vt 0.791804 0.809705
vt 0.606790 0.839943
vt 0.127574 0.827852
vt 0.220732 0.835571
vt 0.314799 0.844195
vt 0.696289 0.773303
vt 0.787104 0.751953
vt 0.602920 0.781263
vt 0.129834 0.774793
vt 0.223004 0.779578
vt 0.315761 0.783758
vt 0.784324 0.485995
vt 0.688821 0.464028
vt 0.596326 0.460068
vt 0.110070 0.499599
vt 0.209459 0.500162
vt 0.307260 0.491583
vt 0.780811 0.422350
vt 0.688695 0.410841
vt 0.594481 0.405077
vt 0.114838 0.440936
vt 0.209189 0.449141
vt 0.304460 0.435582
vt 0.785247 0.370025
vt 0.691236 0.346099
vt 0.591509 0.339224
vt 0.114118 0.389634
vt 0.207463 0.392579
vt 0.300862 0.372096
vt 0.793300 0.308702
vt 0.693555 0.304494
vt 0.594287 0.291016
vt 0.112729 0.347470
vt 0.206655 0.338021
vt 0.295205 0.314653
vt 0.049284 0.767957
vt 0.043415 0.823209
vt 0.043221 0.878789
vt 0.029925 0.446371
vt 0.024604 0.393364
vt 0.031457 0.493972
vt 0.033045 0.343167
vt 0.025520 0.549428
vt 0.818950 0.068227
vt 0.811989 0.020000
vt 0.030524 0.617574
vt 0.827034 0.122689
vt 0.041477 0.674471
vt 0.834452 0.163728
vt 0.048930 0.723897
vt 0.038792 0.929155
vt 0.852539 0.601263
vt 0.853710 0.535408
vt 0.847569 0.658337
vt 0.846117 0.710674
vt 0.851184 0.751639
vt 0.852758 0.805086
vt 0.857911 0.858482
vt 0.865500 0.906354
vt 0.037266 0.242511
vt 0.043841 0.281582
vt 0.028338 0.188074
vt 0.020000 0.140041
vt 0.855265 0.320735
vt 0.848184 0.373049
vt 0.845180 0.427858
vt 0.844424 0.482282
vt 0.355252 0.722102
vt 0.676309 0.274848
vt 0.963405 0.574514
vt 0.903384 0.590878
vt 0.946294 0.489870
vt 0.886379 0.498818
vt 0.844208 0.602213
vt 0.826479 0.510248
vt 0.782393 0.609023
vt 0.767396 0.523924
vt 0.428442 0.351674
vt 0.361290 0.422646
vt 0.368871 0.341116
vt 0.420414 0.437575
vt 0.308857 0.414645
vt 0.318455 0.336395
vt 0.247755 0.411237
vt 0.262033 0.335393
vt 0.656324 0.523045
vt 0.586138 0.494718
vt 0.671423 0.425438
vt 0.597820 0.406592
vt 0.536560 0.474562
vt 0.545623 0.389419
vt 0.469929 0.455950
vt 0.479345 0.368383
vt 0.214153 0.332454
vt 0.195862 0.415035
vt 0.156882 0.336461
vt 0.137343 0.417051
vt 0.106502 0.333329
vt 0.085137 0.420930
vt 0.079496 0.515974
vt 0.020000 0.424773
vt 0.023572 0.528965
vt 0.948566 0.889426
vt 0.898331 0.889082
vt 0.893111 0.818728
vt 0.934240 0.810813
vt 0.908151 0.753419
vt 0.961339 0.742211
vt 0.919277 0.674741
vt 0.980000 0.660115
vt 0.804483 0.374866
vt 0.837038 0.296346
vt 0.846083 0.366362
vt 0.786711 0.304241
vt 0.905389 0.419431
vt 0.845998 0.428552
vt 0.846968 0.905662
vt 0.840842 0.831776
vt 0.854503 0.764023
vt 0.860196 0.686278
vt 0.754869 0.384369
vt 0.737255 0.315490
vt 0.790375 0.439029
vt 0.798221 0.913139
vt 0.791642 0.840270
vt 0.800615 0.773504
vt 0.798281 0.694956
vt 0.705617 0.395357
vt 0.693347 0.322247
vt 0.731678 0.453870
vt 0.354057 0.663716
vt 0.407978 0.682043
vt 0.393658 0.756568
vt 0.343620 0.737535
vt 0.349071 0.591854
vt 0.406140 0.608761
vt 0.346821 0.505930
vt 0.405154 0.522005
vt 0.425019 0.203018
vt 0.439290 0.140116
vt 0.488644 0.144596
vt 0.482109 0.218471
vt 0.455819 0.279559
vt 0.395605 0.271932
vt 0.287228 0.733736
vt 0.300559 0.652933
vt 0.294448 0.580721
vt 0.292795 0.494712
vt 0.382341 0.131591
vt 0.368315 0.194890
vt 0.343448 0.267390
vt 0.238455 0.723220
vt 0.236452 0.650056
vt 0.234464 0.572573
vt 0.236636 0.486737
vt 0.329988 0.125392
vt 0.304549 0.194918
vt 0.282680 0.264605
vt 0.566052 0.839644
vt 0.519106 0.818502
vt 0.583926 0.765229
vt 0.539888 0.746346
vt 0.596075 0.694106
vt 0.551812 0.668635
vt 0.624946 0.615236
vt 0.569205 0.585304
vt 0.628298 0.260158
vt 0.635356 0.186820
vt 0.672561 0.196636
vt 0.677578 0.273789
vt 0.618278 0.328607
vt 0.672529 0.341551
vt 0.477757 0.798533
vt 0.498307 0.719234
vt 0.503899 0.647580
vt 0.515959 0.561121
vt 0.577421 0.243759
vt 0.587944 0.172651
vt 0.561678 0.313022
vt 0.432653 0.775135
vt 0.454002 0.699234
vt 0.456111 0.626569
vt 0.457129 0.542885
vt 0.533081 0.230173
vt 0.538122 0.158505
vt 0.507679 0.296178
vt 0.181605 0.662137
vt 0.184336 0.734716
vt 0.182657 0.585624
vt 0.186583 0.497066
vt 0.273550 0.114040
vt 0.247452 0.182602
vt 0.231331 0.254253
vt 0.130000 0.673423
vt 0.140003 0.746983
vt 0.131145 0.595371
vt 0.134448 0.505802
vt 0.228059 0.104101
vt 0.193157 0.170489
vt 0.177265 0.248387
vt 0.082675 0.686787
vt 0.091062 0.762361
vt 0.080980 0.608090
vt 0.174586 0.092938
vt 0.143368 0.162637
vt 0.122377 0.237593
vt 0.128521 0.081582
vt 0.112206 0.150954
vt 0.068249 0.224983
vt 0.043703 0.319128
vt 0.058310 0.697263
vt 0.054286 0.775461
vt 0.031413 0.624639
vt 0.388868 0.061570
vt 0.343724 0.059993
vt 0.440192 0.060512
vt 0.498457 0.073876
vt 0.544952 0.091968
vt 0.592085 0.106085
vt 0.638159 0.119381
vt 0.683158 0.130885
vt 0.686491 0.256189
vt 0.729518 0.249348
vt 0.777709 0.240192
vt 0.811564 0.231592
vt 0.164115 0.021066
vt 0.206027 0.032443
vt 0.253508 0.036295
vt 0.304518 0.051382
vt 0.325311 0.804398
vt 0.381977 0.824371
vt 0.271908 0.799204
vt 0.223883 0.801063
vt 0.182391 0.807404
vt 0.133741 0.822084
vt 0.089065 0.834078
vt 0.047360 0.846661
vt 0.910516 0.970640
vt 0.945851 0.961729
vt 0.861586 0.975899
vt 0.818328 0.980000
vt 0.557942 0.910574
vt 0.515353 0.890535
vt 0.470513 0.869789
vt 0.426192 0.846752
vt 0.697542 0.317315
vt 0.768036 0.313096
vt 0.767980 0.363175
vt 0.670010 0.364255
vt 0.835070 0.313309
vt 0.837065 0.363349
vt 0.956379 0.314170
vt 0.955274 0.361355
vt 0.362660 0.930170
vt 0.365649 0.974451
vt 0.308663 0.921739
vt 0.294479 0.965471
vt 0.366056 0.885605
vt 0.323876 0.875575
vt 0.387740 0.828869
vt 0.343967 0.816758
vt 0.397690 0.776511
vt 0.361157 0.765311
vt 0.378639 0.711265
vt 0.419317 0.725067
vt 0.398786 0.650838
vt 0.439353 0.662896
vt 0.418140 0.588620
vt 0.452135 0.604196
vt 0.430955 0.555907
vt 0.465110 0.573526
vt 0.450975 0.499725
vt 0.491813 0.518958
vt 0.462115 0.457102
vt 0.512566 0.477556
vt 0.470137 0.390819
vt 0.538772 0.431160
vt 0.772713 0.074406
vt 0.801641 0.073124
vt 0.800214 0.120459
vt 0.769069 0.122372
vt 0.789450 0.176709
vt 0.738178 0.168534
vt 0.773704 0.221325
vt 0.706313 0.219902
vt 0.766621 0.267287
vt 0.694499 0.269504
vt 0.812939 0.551238
vt 0.784962 0.599774
vt 0.781753 0.552984
vt 0.812887 0.598735
vt 0.773170 0.505921
vt 0.807899 0.504830
vt 0.722159 0.457829
vt 0.793340 0.458086
vt 0.776868 0.411533
vt 0.685378 0.410693
vt 0.830862 0.072278
vt 0.833293 0.119254
vt 0.831747 0.175366
vt 0.833457 0.219094
vt 0.837054 0.267112
vt 0.840179 0.550802
vt 0.841567 0.597163
vt 0.839388 0.504402
vt 0.838636 0.457864
vt 0.837553 0.411321
vt 0.858457 0.070486
vt 0.860528 0.116966
vt 0.884402 0.165441
vt 0.922983 0.207966
vt 0.957240 0.264929
vt 0.871663 0.550366
vt 0.860398 0.597462
vt 0.858103 0.503951
vt 0.871488 0.457116
vt 0.918074 0.419522
vt 0.057156 0.754963
vt 0.075972 0.735377
vt 0.090558 0.786547
vt 0.108632 0.771866
vt 0.147242 0.810043
vt 0.116609 0.835553
vt 0.196259 0.850579
vt 0.160988 0.884882
vt 0.260100 0.896556
vt 0.231559 0.930832
vt 0.614512 0.906553
vt 0.660545 0.904075
vt 0.662110 0.929757
vt 0.617181 0.933352
vt 0.571585 0.940438
vt 0.567530 0.919097
vt 0.523058 0.958440
vt 0.515317 0.926982
vt 0.455081 0.980000
vt 0.446776 0.931344
vt 0.128072 0.746573
vt 0.095645 0.711212
vt 0.174192 0.781324
vt 0.227391 0.815453
vt 0.284123 0.858269
vt 0.612063 0.878555
vt 0.658913 0.876774
vt 0.564831 0.888143
vt 0.511486 0.887318
vt 0.443120 0.884135
vt 0.113295 0.686199
vt 0.149864 0.722571
vt 0.198054 0.749231
vt 0.254214 0.767787
vt 0.301965 0.799924
vt 0.610881 0.849268
vt 0.658907 0.848984
vt 0.561751 0.853215
vt 0.504147 0.849263
vt 0.445963 0.832558
vt 0.124337 0.667527
vt 0.171219 0.694118
vt 0.224426 0.716539
vt 0.285153 0.736477
vt 0.325506 0.751978
vt 0.662367 0.821208
vt 0.612506 0.818175
vt 0.561095 0.815237
vt 0.501185 0.808534
vt 0.439427 0.789139
vt 0.197013 0.650389
vt 0.138773 0.636042
vt 0.235990 0.667239
vt 0.295883 0.680460
vt 0.337290 0.696851
vt 0.670314 0.796762
vt 0.621349 0.785662
vt 0.576496 0.777006
vt 0.518649 0.762220
vt 0.462803 0.737787
vt 0.153729 0.600021
vt 0.207552 0.614923
vt 0.252818 0.617015
vt 0.316467 0.626841
vt 0.360209 0.637864
vt 0.677751 0.767720
vt 0.630570 0.752532
vt 0.588627 0.737451
vt 0.532414 0.714864
vt 0.476895 0.683687
vt 0.211670 0.562127
vt 0.159406 0.560000
vt 0.276138 0.568912
vt 0.345779 0.577766
vt 0.386169 0.578863
vt 0.684892 0.737236
vt 0.641556 0.718996
vt 0.596955 0.696348
vt 0.544173 0.640482
vt 0.494206 0.624199
vt 0.157523 0.531871
vt 0.214844 0.523576
vt 0.272043 0.527070
vt 0.340131 0.532895
vt 0.387883 0.538036
vt 0.697672 0.713147
vt 0.658378 0.680116
vt 0.620252 0.651525
vt 0.570607 0.613049
vt 0.512390 0.580911
vt 0.154484 0.502687
vt 0.213459 0.490319
vt 0.272611 0.486575
vt 0.341672 0.487440
vt 0.392890 0.491386
vt 0.712628 0.686825
vt 0.675426 0.655872
vt 0.640365 0.620198
vt 0.594383 0.581728
vt 0.537768 0.544855
vt 0.152290 0.474876
vt 0.210110 0.459608
vt 0.267277 0.448718
vt 0.337782 0.441581
vt 0.397136 0.440713
vt 0.734252 0.666426
vt 0.693880 0.635346
vt 0.664015 0.596221
vt 0.619326 0.552568
vt 0.564760 0.508948
vt 0.148813 0.444145
vt 0.197646 0.432122
vt 0.257955 0.410097
vt 0.328571 0.393980
vt 0.399492 0.387385
vt 0.752677 0.647882
vt 0.724357 0.614299
vt 0.698521 0.577711
vt 0.647569 0.525752
vt 0.596544 0.472442
vt 0.094705 0.609180
vt 0.079048 0.637120
vt 0.104680 0.584523
vt 0.107347 0.559066
vt 0.106474 0.537203
vt 0.101927 0.508610
vt 0.100730 0.479910
vt 0.096988 0.454613
vt 0.778922 0.022939
vt 0.798560 0.022260
vt 0.826016 0.021357
vt 0.850411 0.020000
vt 0.020000 0.720932
vt 0.036978 0.701983
vt 0.052402 0.682079
vt 0.068043 0.661119
vt 0.729261 0.751502
vt 0.721812 0.775357
vt 0.714368 0.801976
vt 0.709353 0.831469
vt 0.704008 0.853830
vt 0.704102 0.878189
vt 0.705489 0.903342
vt 0.706669 0.928915
vt 0.864367 0.642663
vt 0.840173 0.643398
vt 0.812449 0.644058
vt 0.792159 0.644774
vt 0.783543 0.680563
vt 0.766456 0.697468
vt 0.750450 0.715422
vt 0.737159 0.734719
vt 0.815984 0.109754
vt 0.794949 0.198619
vt 0.732957 0.179894
vt 0.768114 0.058175
vt 0.769714 0.281549
vt 0.707006 0.265379
vt 0.723459 0.431447
vt 0.665441 0.412502
vt 0.366081 0.424798
vt 0.382660 0.356509
vt 0.306508 0.420398
vt 0.291376 0.349749
vt 0.359401 0.473707
vt 0.314467 0.475591
vt 0.362132 0.529564
vt 0.319561 0.535569
vt 0.359241 0.577884
vt 0.322813 0.583646
vt 0.155188 0.207537
vt 0.113499 0.153852
vt 0.156404 0.151745
vt 0.117095 0.210541
vt 0.110039 0.090249
vt 0.152198 0.086561
vt 0.105183 0.025271
vt 0.142522 0.027270
vt 0.337718 0.742516
vt 0.289310 0.771398
vt 0.327971 0.777965
vt 0.298418 0.739209
vt 0.271967 0.821700
vt 0.317077 0.834373
vt 0.252548 0.867491
vt 0.308756 0.888809
vt 0.182449 0.955502
vt 0.291758 0.978061
vt 0.067332 0.688505
vt 0.124704 0.599975
vt 0.012772 0.647971
vt 0.028673 0.719889
vt 0.985085 0.215496
vt 0.955863 0.275943
vt 0.906480 0.239823
vt 0.933346 0.156902
vt 0.852203 0.213931
vt 0.876324 0.123796
vt 0.483328 0.165513
vt 0.433646 0.112788
vt 0.492783 0.126244
vt 0.424530 0.147755
vt 0.554258 0.133147
vt 0.542672 0.176558
vt 0.632814 0.087894
vt 0.605980 0.175943
vt 0.669763 0.172886
vt 0.704884 0.059906
vt 0.026435 0.579686
vt 0.941770 0.328820
vt 0.886984 0.314648
vt 0.826183 0.301214
vt 0.473720 0.199406
vt 0.415793 0.183856
vt 0.531472 0.215712
vt 0.589381 0.232116
vt 0.647420 0.248112
vt 0.075215 0.563946
vt 0.064347 0.517497
vt 0.934446 0.397720
vt 0.867414 0.429655
vt 0.784115 0.450856
vt 0.462531 0.238556
vt 0.408409 0.207062
vt 0.525059 0.239054
vt 0.578070 0.273077
vt 0.607270 0.344770
vt 0.121690 0.511805
vt 0.183962 0.471848
vt 0.125738 0.430396
vt 0.256858 0.436610
vt 0.221357 0.378449
vt 0.674411 0.502777
vt 0.730787 0.530112
vt 0.750003 0.501373
vt 0.694608 0.468916
vt 0.667501 0.461257
vt 0.652896 0.489054
vt 0.591507 0.426683
vt 0.559661 0.466629
vt 0.499944 0.370609
vt 0.460738 0.436048
vt 0.154136 0.521257
vt 0.221561 0.505623
vt 0.277187 0.482709
vt 0.655335 0.537559
vt 0.714700 0.570699
vt 0.634200 0.526726
vt 0.523090 0.514928
vt 0.431283 0.488606
vt 0.168817 0.560687
vt 0.240271 0.552203
vt 0.285397 0.538930
vt 0.629534 0.575712
vt 0.702289 0.616583
vt 0.602871 0.564689
vt 0.477295 0.542654
vt 0.413561 0.541255
vt 0.164680 0.625821
vt 0.199477 0.581228
vt 0.260164 0.579380
vt 0.292842 0.584067
vt 0.702537 0.663066
vt 0.610498 0.624431
vt 0.573183 0.615953
vt 0.453700 0.574603
vt 0.394047 0.577716
vt 0.194339 0.617085
vt 0.252532 0.622666
vt 0.069746 0.155636
vt 0.079039 0.211238
vt 0.035813 0.211645
vt 0.025214 0.155603
vt 0.718498 0.696316
vt 0.632305 0.676914
vt 0.572018 0.671998
vt 0.463938 0.622184
vt 0.398221 0.634764
vt 0.201522 0.147600
vt 0.198646 0.203949
vt 0.194179 0.643004
vt 0.247403 0.670515
vt 0.024661 0.098172
vt 0.069393 0.092355
vt 0.726863 0.725204
vt 0.644991 0.719944
vt 0.564178 0.719829
vt 0.463213 0.687808
vt 0.393049 0.693061
vt 0.194754 0.092106
vt 0.182582 0.671054
vt 0.243131 0.714978
vt 0.033894 0.041760
vt 0.071863 0.027941
vt 0.736708 0.757435
vt 0.656281 0.762915
vt 0.542654 0.766914
vt 0.428741 0.769691
vt 0.377019 0.753629
vt 0.189000 0.030418
vt 0.153972 0.681432
vt 0.216503 0.734854
vt 0.252483 0.759931
vt 0.271395 0.732020
vt 0.748707 0.790993
vt 0.668814 0.810794
vt 0.564754 0.821098
vt 0.443143 0.809847
vt 0.366884 0.798705
vt 0.123971 0.711261
vt 0.183584 0.759840
vt 0.227373 0.794825
vt 0.759095 0.827426
vt 0.677356 0.841837
vt 0.593549 0.863620
vt 0.453840 0.857218
vt 0.368790 0.845871
vt 0.090231 0.747245
vt 0.134176 0.782652
vt 0.185909 0.840050
vt 0.770525 0.864005
vt 0.687043 0.873539
vt 0.600243 0.911431
vt 0.471231 0.911038
vt 0.374050 0.904705
vt 0.061311 0.807731
vt 0.119413 0.897392
vt 0.778476 0.901473
vt 0.697076 0.920933
vt 0.596079 0.967102
vt 0.490464 0.973979
vt 0.381505 0.984425
vt 0.807357 0.733064
vt 0.798381 0.704314
vt 0.790486 0.677587
vt 0.786205 0.649473
vt 0.783024 0.616415
vt 0.788318 0.583060
vt 0.798280 0.550897
vt 0.812875 0.518979
vt 0.350957 0.195140
vt 0.359060 0.164906
vt 0.368569 0.130330
vt 0.375240 0.104938
vt 0.856573 0.884820
vt 0.849617 0.859571
vt 0.841326 0.834319
vt 0.829992 0.796695
vt 0.817460 0.761176
s 1
usemtl Cave_Material.020
f 11/1/1 13/2/2 12/3/3
f 11/1/1 14/4/4 13/2/2
f 15/5/5 17/6/6 16/7/7
f 17/6/6 18/8/8 16/7/7
f 19/9/9 21/10/10 20/11/11
f 20/11/11 22/12/12 19/9/9
f 23/13/13 25/14/14 24/15/15
f 24/15/15 26/16/16 23/13/13
f 27/17/17 29/18/18 28/19/19
f 27/17/17 30/20/20 29/18/18
f 30/20/20 12/3/3 29/18/18
f 30/20/20 11/1/1 12/3/3
f 31/21/21 33/22/22 32/23/23
f 33/22/22 34/24/24 32/23/23
f 13/2/2 14/4/4 33/22/22
f 33/22/22 31/21/21 13/2/2
f 35/25/25 37/26/26 36/27/27
f 37/26/26 38/28/28 36/27/27
f 16/7/7 18/8/8 35/25/25
f 18/8/8 37/26/26 35/25/25
f 39/29/29 41/30/30 40/31/31
f 39/29/29 42/32/32 41/30/30
f 42/32/32 15/5/5 41/30/30
f 42/32/32 17/6/6 15/5/5
f 43/33/33 45/34/34 44/35/35
f 44/35/35 46/36/36 43/33/33
f 45/34/34 19/9/9 22/12/12
f 22/12/12 44/35/35 45/34/34
f 47/37/37 49/38/38 48/39/39
f 48/39/39 49/38/38 50/40/40
f 48/39/39 50/40/40 51/41/41
f 51/41/41 50/40/40 21/10/10
f 52/42/42 54/43/43 53/44/44
f 53/44/44 55/45/45 52/42/42
f 54/43/43 23/13/13 26/16/16
f 26/16/16 53/44/44 54/43/43
f 56/46/46 58/47/47 57/48/48
f 57/48/48 58/47/47 59/49/49
f 57/48/48 59/49/49 60/50/50
f 60/50/50 59/49/49 25/14/14
f 61/51/51 51/41/41 62/52/52
f 62/52/52 63/53/53 61/51/51
f 62/52/52 51/41/41 21/10/10
f 21/10/10 19/9/9 62/52/52
f 89/54/54 22/12/12 90/55/55
f 20/11/11 90/55/55 22/12/12
f 64/56/56 65/57/57 60/50/50
f 60/50/50 66/58/58 64/56/56
f 66/58/58 60/50/50 25/14/14
f 25/14/14 23/13/13 66/58/58
f 24/15/15 67/59/59 26/16/16
f 26/16/16 67/59/59 91/60/60
f 68/61/61 70/62/62 69/63/63
f 69/63/63 71/64/64 68/61/61
f 71/64/64 69/63/63 45/34/34
f 45/34/34 43/33/33 71/64/64
f 92/65/65 46/36/36 72/66/66
f 44/35/35 72/66/66 46/36/36
f 70/62/62 63/53/53 62/52/52
f 62/52/52 69/63/63 70/62/62
f 69/63/63 62/52/52 19/9/9
f 19/9/9 45/34/34 69/63/63
f 72/66/66 44/35/35 22/12/12
f 22/12/12 89/54/54 72/66/66
f 73/67/67 94/68/68 74/69/69
f 74/69/69 75/70/70 73/67/67
f 49/38/38 73/67/67 50/40/40
f 50/40/40 73/67/67 75/70/70
f 76/71/71 77/72/72 47/37/37
f 47/37/37 48/39/39 76/71/71
f 75/70/70 74/69/69 90/55/55
f 90/55/55 20/11/11 75/70/70
f 50/40/40 75/70/70 21/10/10
f 21/10/10 75/70/70 20/11/11
f 61/51/51 76/71/71 48/39/39
f 48/39/39 51/41/41 61/51/51
f 78/73/73 80/74/74 79/75/75
f 79/75/75 81/76/76 78/73/73
f 79/75/75 80/74/74 54/43/43
f 54/43/43 52/42/42 79/75/75
f 53/44/44 93/77/77 82/78/78
f 82/78/78 55/45/45 53/44/44
f 78/73/73 66/58/58 80/74/74
f 78/73/73 64/56/56 66/58/58
f 80/74/74 66/58/58 23/13/13
f 23/13/13 54/43/43 80/74/74
f 26/16/16 91/60/60 53/44/44
f 53/44/44 91/60/60 93/77/77
f 83/79/79 85/80/80 84/81/81
f 86/82/82 84/81/81 85/80/80
f 58/47/47 86/82/82 59/49/49
f 59/49/49 86/82/82 85/80/80
f 87/83/83 56/46/46 57/48/48
f 57/48/48 88/84/84 87/83/83
f 85/80/80 83/79/79 24/15/15
f 24/15/15 83/79/79 67/59/59
f 59/49/49 85/80/80 25/14/14
f 25/14/14 85/80/80 24/15/15
f 65/57/57 88/84/84 57/48/48
f 57/48/48 60/50/50 65/57/57
f 11/1/1 89/85/54 14/4/4
f 89/85/54 90/86/55 14/4/4
f 91/87/60 67/88/59 12/3/3
f 12/3/3 13/2/2 91/87/60
f 64/56/56 15/5/5 16/7/7
f 16/7/7 65/57/57 64/56/56
f 61/51/51 18/8/8 17/6/6
f 18/8/8 61/51/51 63/53/53
f 27/17/17 92/89/65 72/90/66
f 72/90/66 30/20/20 27/17/17
f 84/91/81 28/19/19 29/18/18
f 29/18/18 83/92/79 84/91/81
f 30/20/20 72/90/66 11/1/1
f 72/90/66 89/85/54 11/1/1
f 83/92/79 29/18/18 12/3/3
f 12/3/3 67/88/59 83/92/79
f 93/93/77 31/21/21 82/94/78
f 31/21/21 32/23/23 82/94/78
f 33/22/22 74/95/69 94/96/68
f 94/96/68 34/24/24 33/22/22
f 93/93/77 91/87/60 13/2/2
f 13/2/2 31/21/21 93/93/77
f 90/86/55 33/22/22 14/4/4
f 33/22/22 90/86/55 74/95/69
f 88/84/84 35/25/25 87/83/83
f 35/25/25 36/27/27 87/83/83
f 37/26/26 70/62/62 38/28/28
f 38/28/28 70/62/62 68/61/61
f 65/57/57 16/7/7 88/84/84
f 16/7/7 35/25/25 88/84/84
f 18/8/8 63/53/53 70/62/62
f 70/62/62 37/26/26 18/8/8
f 39/29/29 77/72/72 76/71/71
f 76/71/71 42/32/32 39/29/29
f 81/76/76 40/31/31 78/73/73
f 40/31/31 41/30/30 78/73/73
f 76/71/71 17/6/6 42/32/32
f 76/71/71 61/51/51 17/6/6
f 78/73/73 41/30/30 64/56/56
f 41/30/30 15/5/5 64/56/56
f 95/97/85 666/98/86 81/76/76
f 40/31/31 81/76/76 666/98/86
f 666/98/86 665/99/87 40/31/31
f 665/99/87 39/29/29 40/31/31
f 665/99/87 664/100/88 39/29/29
f 664/100/88 77/72/72 39/29/29
f 664/100/88 673/101/89 47/37/37
f 47/37/37 77/72/72 664/100/88
f 47/37/37 673/101/89 672/102/90
f 672/102/90 49/38/38 47/37/37
f 49/38/38 672/102/90 73/67/67
f 672/102/90 671/103/91 73/67/67
f 73/67/67 671/103/91 96/104/92
f 96/104/92 94/68/68 73/67/67
f 34/24/24 94/96/68 96/105/92
f 96/105/92 97/106/93 34/24/24
f 32/23/23 34/24/24 97/106/93
f 97/106/93 98/107/94 32/23/23
f 82/94/78 32/23/23 98/107/94
f 98/107/94 670/108/95 82/94/78
f 669/109/96 55/45/45 82/78/78
f 82/78/78 670/110/95 669/109/96
f 52/42/42 669/109/96 668/111/97
f 52/42/42 55/45/45 669/109/96
f 79/75/75 668/111/97 667/112/98
f 79/75/75 52/42/42 668/111/97
f 667/112/98 95/97/85 81/76/76
f 81/76/76 79/75/75 667/112/98
f 68/61/61 99/113/99 1351/114/100
f 1351/114/100 38/28/28 68/61/61
f 36/27/27 38/28/28 1351/114/100
f 1351/114/100 100/115/101 36/27/27
f 87/83/83 36/27/27 100/115/101
f 100/115/101 101/116/102 87/83/83
f 87/83/83 101/116/102 56/46/46
f 101/116/102 102/117/103 56/46/46
f 58/47/47 56/46/46 102/117/103
f 102/117/103 1356/118/104 58/47/47
f 86/82/82 58/47/47 1356/118/104
f 1356/118/104 103/119/105 86/82/82
f 103/119/105 1355/120/106 84/81/81
f 84/81/81 86/82/82 103/119/105
f 104/121/107 28/19/19 84/91/81
f 84/91/81 1355/122/106 104/121/107
f 104/121/107 1353/123/108 28/19/19
f 1353/123/108 27/17/17 28/19/19
f 1353/123/108 1354/124/109 27/17/17
f 1354/124/109 92/89/65 27/17/17
f 46/36/36 1354/125/109 105/126/110
f 46/36/36 92/65/65 1354/125/109
f 43/33/33 105/126/110 106/127/111
f 43/33/33 46/36/36 105/126/110
f 71/64/64 106/127/111 1352/128/112
f 71/64/64 43/33/33 106/127/111
f 68/61/61 1352/128/112 99/113/99
f 68/61/61 71/64/64 1352/128/112
f 107/1/113 109/2/114 108/3/115
f 107/1/113 110/4/116 109/2/114
f 111/5/117 113/6/118 112/7/119
f 113/6/118 114/8/120 112/7/119
f 115/9/121 117/10/122 116/11/123
f 116/11/123 118/12/124 115/9/121
f 119/13/125 121/14/126 120/15/127
f 120/15/127 122/16/128 119/13/125
f 123/17/129 125/18/130 124/19/131
f 123/17/129 126/20/132 125/18/130
f 126/20/132 108/3/115 125/18/130
f 126/20/132 107/1/113 108/3/115
f 127/21/133 129/22/134 128/23/135
f 129/22/134 130/24/136 128/23/135
f 109/2/114 110/4/116 129/22/134
f 129/22/134 127/21/133 109/2/114
f 131/25/137 133/26/138 132/27/139
f 133/26/138 134/28/140 132/27/139
f 112/7/119 114/8/120 131/25/137
f 114/8/120 133/26/138 131/25/137
f 135/29/141 137/30/142 136/31/143
f 135/29/141 138/32/144 137/30/142
f 138/32/144 111/5/117 137/30/142
f 138/32/144 113/6/118 111/5/117
f 139/33/145 141/34/146 140/35/147
f 140/35/147 142/36/148 139/33/145
f 141/34/146 115/9/121 118/12/124
f 118/12/124 140/35/147 141/34/146
f 143/37/149 145/38/150 144/39/151
f 144/39/151 145/38/150 146/40/152
f 144/39/151 146/40/152 147/41/153
f 147/41/153 146/40/152 117/10/122
f 148/42/154 150/43/155 149/44/156
f 149/44/156 151/45/157 148/42/154
f 150/43/155 119/13/125 122/16/128
f 122/16/128 149/44/156 150/43/155
f 152/46/158 154/47/159 153/48/160
f 153/48/160 154/47/159 155/49/161
f 153/48/160 155/49/161 156/50/162
f 156/50/162 155/49/161 121/14/126
f 157/51/163 147/41/153 158/52/164
f 158/52/164 159/53/165 157/51/163
f 158/52/164 147/41/153 117/10/122
f 117/10/122 115/9/121 158/52/164
f 185/54/166 118/12/124 186/55/167
f 116/11/123 186/55/167 118/12/124
f 160/56/168 161/57/169 156/50/162
f 156/50/162 162/58/170 160/56/168
f 162/58/170 156/50/162 121/14/126
f 121/14/126 119/13/125 162/58/170
f 120/15/127 163/59/171 122/16/128
f 122/16/128 163/59/171 187/60/172
f 164/61/173 166/62/174 165/63/175
f 165/63/175 167/64/176 164/61/173
f 167/64/176 165/63/175 141/34/146
f 141/34/146 139/33/145 167/64/176
f 188/65/177 142/36/148 168/66/178
f 140/35/147 168/66/178 142/36/148
f 166/62/174 159/53/165 158/52/164
f 158/52/164 165/63/175 166/62/174
f 165/63/175 158/52/164 115/9/121
f 115/9/121 141/34/146 165/63/175
f 168/66/178 140/35/147 118/12/124
f 118/12/124 185/54/166 168/66/178
f 169/67/179 190/68/180 170/69/181
f 170/69/181 171/70/182 169/67/179
f 145/38/150 169/67/179 146/40/152
f 146/40/152 169/67/179 171/70/182
f 172/71/183 173/72/184 143/37/149
f 143/37/149 144/39/151 172/71/183
f 171/70/182 170/69/181 186/55/167
f 186/55/167 116/11/123 171/70/182
f 146/40/152 171/70/182 117/10/122
f 117/10/122 171/70/182 116/11/123
f 157/51/163 172/71/183 144/39/151
f 144/39/151 147/41/153 157/51/163
f 174/73/185 176/74/186 175/75/187
f 175/75/187 177/76/188 174/73/185
f 175/75/187 176/74/186 150/43/155
f 150/43/155 148/42/154 175/75/187
f 149/44/156 189/77/189 178/78/190
f 178/78/190 151/45/157 149/44/156
f 174/73/185 162/58/170 176/74/186
f 174/73/185 160/56/168 162/58/170
f 176/74/186 162/58/170 119/13/125
f 119/13/125 150/43/155 176/74/186
f 122/16/128 187/60/172 149/44/156
f 149/44/156 187/60/172 189/77/189
f 179/79/191 181/80/192 180/81/193
f 182/82/194 180/81/193 181/80/192
f 154/47/159 182/82/194 155/49/161
f 155/49/161 182/82/194 181/80/192
f 183/83/195 152/46/158 153/48/160
f 153/48/160 184/84/196 183/83/195
f 181/80/192 179/79/191 120/15/127
f 120/15/127 179/79/191 163/59/171
f 155/49/161 181/80/192 121/14/126
f 121/14/126 181/80/192 120/15/127
f 161/57/169 184/84/196 153/48/160
f 153/48/160 156/50/162 161/57/169
f 107/1/113 185/85/166 110/4/116
f 185/85/166 186/86/167 110/4/116
f 187/87/172 163/88/171 108/3/115
f 108/3/115 109/2/114 187/87/172
f 160/56/168 111/5/117 112/7/119
f 112/7/119 161/57/169 160/56/168
f 157/51/163 114/8/120 113/6/118
f 114/8/120 157/51/163 159/53/165
f 123/17/129 188/89/177 168/90/178
f 168/90/178 126/20/132 123/17/129
f 180/91/193 124/19/131 125/18/130
f 125/18/130 179/92/191 180/91/193
f 126/20/132 168/90/178 107/1/113
f 168/90/178 185/85/166 107/1/113
f 179/92/191 125/18/130 108/3/115
f 108/3/115 163/88/171 179/92/191
f 189/93/189 127/21/133 178/94/190
f 127/21/133 128/23/135 178/94/190
f 129/22/134 170/95/181 190/96/180
f 190/96/180 130/24/136 129/22/134
f 189/93/189 187/87/172 109/2/114
f 109/2/114 127/21/133 189/93/189
f 186/86/167 129/22/134 110/4/116
f 129/22/134 186/86/167 170/95/181
f 184/84/196 131/25/137 183/83/195
f 131/25/137 132/27/139 183/83/195
f 133/26/138 166/62/174 134/28/140
f 134/28/140 166/62/174 164/61/173
f 161/57/169 112/7/119 184/84/196
f 112/7/119 131/25/137 184/84/196
f 114/8/120 159/53/165 166/62/174
f 166/62/174 133/26/138 114/8/120
f 135/29/141 173/72/184 172/71/183
f 172/71/183 138/32/144 135/29/141
f 177/76/188 136/31/143 174/73/185
f 136/31/143 137/30/142 174/73/185
f 172/71/183 113/6/118 138/32/144
f 172/71/183 157/51/163 113/6/118
f 174/73/185 137/30/142 160/56/168
f 137/30/142 111/5/117 160/56/168
f 191/97/197 768/98/198 177/76/188
f 136/31/143 177/76/188 768/98/198
f 768/98/198 767/99/199 136/31/143
f 767/99/199 135/29/141 136/31/143
f 767/99/199 766/100/200 135/29/141
f 766/100/200 173/72/184 135/29/141
f 766/100/200 777/101/201 143/37/149
f 143/37/149 173/72/184 766/100/200
f 143/37/149 777/101/201 776/102/202
f 776/102/202 145/38/150 143/37/149
f 145/38/150 776/102/202 169/67/179
f 776/102/202 775/103/203 169/67/179
f 169/67/179 775/103/203 774/104/204
f 774/104/204 190/68/180 169/67/179
f 130/24/136 190/96/180 774/105/204
f 774/105/204 773/106/205 130/24/136
f 128/23/135 130/24/136 773/106/205
f 773/106/205 772/107/206 128/23/135
f 178/94/190 128/23/135 772/107/206
f 772/107/206 192/108/207 178/94/190
f 771/109/208 151/45/157 178/78/190
f 178/78/190 192/110/207 771/109/208
f 148/42/154 771/109/208 770/111/209
f 148/42/154 151/45/157 771/109/208
f 175/75/187 770/111/209 769/112/210
f 175/75/187 148/42/154 770/111/209
f 769/112/210 191/97/197 177/76/188
f 177/76/188 175/75/187 769/112/210
f 164/61/173 194/113/211 193/114/212
f 193/114/212 134/28/140 164/61/173
f 132/27/139 134/28/140 193/114/212
f 193/114/212 1343/115/213 132/27/139
f 183/83/195 132/27/139 1343/115/213
f 1343/115/213 1344/116/214 183/83/195
f 183/83/195 1344/116/214 152/46/158
f 1344/116/214 1350/117/215 152/46/158
f 154/47/159 152/46/158 1350/117/215
f 1350/117/215 1349/118/216 154/47/159
f 182/82/194 154/47/159 1349/118/216
f 1349/118/216 1348/119/217 182/82/194
f 1348/119/217 1347/120/218 180/81/193
f 180/81/193 182/82/194 1348/119/217
f 195/121/219 124/19/131 180/91/193
f 180/91/193 1347/122/218 195/121/219
f 195/121/219 1346/123/220 124/19/131
f 1346/123/220 123/17/129 124/19/131
f 1346/123/220 196/124/221 123/17/129
f 196/124/221 188/89/177 123/17/129
f 142/36/148 196/125/221 197/126/222
f 142/36/148 188/65/177 196/125/221
f 139/33/145 197/126/222 1345/127/223
f 139/33/145 142/36/148 197/126/222
f 167/64/176 1345/127/223 198/128/224
f 167/64/176 139/33/145 1345/127/223
f 164/61/173 198/128/224 194/113/211
f 164/61/173 167/64/176 198/128/224
f 199/1/225 201/2/226 200/3/227
f 199/1/225 202/4/228 201/2/226
f 203/5/229 205/6/230 204/7/231
f 205/6/230 206/8/232 204/7/231
f 207/9/233 209/10/234 208/11/235
f 208/11/235 210/12/236 207/9/233
f 211/13/237 213/14/238 212/15/239
f 212/15/239 214/16/240 211/13/237
f 215/17/241 217/18/242 216/19/243
f 215/17/241 218/20/244 217/18/242
f 218/20/244 200/3/227 217/18/242
f 218/20/244 199/1/225 200/3/227
f 219/21/245 221/22/246 220/23/247
f 221/22/246 222/24/248 220/23/247
f 201/2/226 202/4/228 221/22/246
f 221/22/246 219/21/245 201/2/226
f 223/25/249 225/26/250 224/27/251
f 225/26/250 226/28/252 224/27/251
f 204/7/231 206/8/232 223/25/249
f 206/8/232 225/26/250 223/25/249
f 227/29/253 229/30/254 228/31/255
f 227/29/253 230/32/256 229/30/254
f 230/32/256 203/5/229 229/30/254
f 230/32/256 205/6/230 203/5/229
f 231/33/257 233/34/258 232/35/259
f 232/35/259 234/36/260 231/33/257
f 233/34/258 207/9/233 210/12/236
f 210/12/236 232/35/259 233/34/258
f 235/37/261 237/38/262 236/39/263
f 236/39/263 237/38/262 238/40/264
f 236/39/263 238/40/264 239/41/265
f 239/41/265 238/40/264 209/10/234
f 240/42/266 242/43/267 241/44/268
f 241/44/268 243/45/269 240/42/266
f 242/43/267 211/13/237 214/16/240
f 214/16/240 241/44/268 242/43/267
f 244/46/270 246/47/271 245/48/272
f 245/48/272 246/47/271 247/49/273
f 245/48/272 247/49/273 248/50/274
f 248/50/274 247/49/273 213/14/238
f 249/51/275 239/41/265 250/52/276
f 250/52/276 251/53/277 249/51/275
f 250/52/276 239/41/265 209/10/234
f 209/10/234 207/9/233 250/52/276
f 277/54/278 210/12/236 278/55/279
f 208/11/235 278/55/279 210/12/236
f 252/56/280 253/57/281 248/50/274
f 248/50/274 254/58/282 252/56/280
f 254/58/282 248/50/274 213/14/238
f 213/14/238 211/13/237 254/58/282
f 212/15/239 255/59/283 214/16/240
f 214/16/240 255/59/283 279/60/284
f 256/61/285 258/62/286 257/63/287
f 257/63/287 259/64/288 256/61/285
f 259/64/288 257/63/287 233/34/258
f 233/34/258 231/33/257 259/64/288
f 280/65/289 234/36/260 260/66/290
f 232/35/259 260/66/290 234/36/260
f 258/62/286 251/53/277 250/52/276
f 250/52/276 257/63/287 258/62/286
f 257/63/287 250/52/276 207/9/233
f 207/9/233 233/34/258 257/63/287
f 260/66/290 232/35/259 210/12/236
f 210/12/236 277/54/278 260/66/290
f 261/67/291 282/68/292 262/69/293
f 262/69/293 263/70/294 261/67/291
f 237/38/262 261/67/291 238/40/264
f 238/40/264 261/67/291 263/70/294
f 264/71/295 265/72/296 235/37/261
f 235/37/261 236/39/263 264/71/295
f 263/70/294 262/69/293 278/55/279
f 278/55/279 208/11/235 263/70/294
f 238/40/264 263/70/294 209/10/234
f 209/10/234 263/70/294 208/11/235
f 249/51/275 264/71/295 236/39/263
f 236/39/263 239/41/265 249/51/275
f 266/73/297 268/74/298 267/75/299
f 267/75/299 269/76/300 266/73/297
f 267/75/299 268/74/298 242/43/267
f 242/43/267 240/42/266 267/75/299
f 241/44/268 281/77/301 270/78/302
f 270/78/302 243/45/269 241/44/268
f 266/73/297 254/58/282 268/74/298
f 266/73/297 252/56/280 254/58/282
f 268/74/298 254/58/282 211/13/237
f 211/13/237 242/43/267 268/74/298
f 214/16/240 279/60/284 241/44/268
f 241/44/268 279/60/284 281/77/301
f 271/79/303 273/80/304 272/81/305
f 274/82/306 272/81/305 273/80/304
f 246/47/271 274/82/306 247/49/273
f 247/49/273 274/82/306 273/80/304
f 275/83/307 244/46/270 245/48/272
f 245/48/272 276/84/308 275/83/307
f 273/80/304 271/79/303 212/15/239
f 212/15/239 271/79/303 255/59/283
f 247/49/273 273/80/304 213/14/238
f 213/14/238 273/80/304 212/15/239
f 253/57/281 276/84/308 245/48/272
f 245/48/272 248/50/274 253/57/281
f 199/1/225 277/85/278 202/4/228
f 277/85/278 278/86/279 202/4/228
f 279/87/284 255/88/283 200/3/227
f 200/3/227 201/2/226 279/87/284
f 252/56/280 203/5/229 204/7/231
f 204/7/231 253/57/281 252/56/280
f 249/51/275 206/8/232 205/6/230
f 206/8/232 249/51/275 251/53/277
f 215/17/241 280/89/289 260/90/290
f 260/90/290 218/20/244 215/17/241
f 272/91/305 216/19/243 217/18/242
f 217/18/242 271/92/303 272/91/305
f 218/20/244 260/90/290 199/1/225
f 260/90/290 277/85/278 199/1/225
f 271/92/303 217/18/242 200/3/227
f 200/3/227 255/88/283 271/92/303
f 281/93/301 219/21/245 270/94/302
f 219/21/245 220/23/247 270/94/302
f 221/22/246 262/95/293 282/96/292
f 282/96/292 222/24/248 221/22/246
f 281/93/301 279/87/284 201/2/226
f 201/2/226 219/21/245 281/93/301
f 278/86/279 221/22/246 202/4/228
f 221/22/246 278/86/279 262/95/293
f 276/84/308 223/25/249 275/83/307
f 223/25/249 224/27/251 275/83/307
f 225/26/250 258/62/286 226/28/252
f 226/28/252 258/62/286 256/61/285
f 253/57/281 204/7/231 276/84/308
f 204/7/231 223/25/249 276/84/308
f 206/8/232 251/53/277 258/62/286
f 258/62/286 225/26/250 206/8/232
f 227/29/253 265/72/296 264/71/295
f 264/71/295 230/32/256 227/29/253
f 269/76/300 228/31/255 266/73/297
f 228/31/255 229/30/254 266/73/297
f 264/71/295 205/6/230 230/32/256
f 264/71/295 249/51/275 205/6/230
f 266/73/297 229/30/254 252/56/280
f 229/30/254 203/5/229 252/56/280
f 283/97/309 284/98/310 269/76/300
f 228/31/255 269/76/300 284/98/310
f 284/98/310 285/99/311 228/31/255
f 285/99/311 227/29/253 228/31/255
f 285/99/311 778/100/312 227/29/253
f 778/100/312 265/72/296 227/29/253
f 778/100/312 782/101/313 235/37/261
f 235/37/261 265/72/296 778/100/312
f 235/37/261 782/101/313 286/102/314
f 286/102/314 237/38/262 235/37/261
f 237/38/262 286/102/314 261/67/291
f 286/102/314 781/103/315 261/67/291
f 261/67/291 781/103/315 287/104/316
f 287/104/316 282/68/292 261/67/291
f 222/24/248 282/96/292 287/105/316
f 287/105/316 288/106/317 222/24/248
f 220/23/247 222/24/248 288/106/317
f 288/106/317 289/107/318 220/23/247
f 270/94/302 220/23/247 289/107/318
f 289/107/318 290/108/319 270/94/302
f 780/109/320 243/45/269 270/78/302
f 270/78/302 290/110/319 780/109/320
f 240/42/266 780/109/320 291/111/321
f 240/42/266 243/45/269 780/109/320
f 267/75/299 291/111/321 779/112/322
f 267/75/299 240/42/266 291/111/321
f 779/112/322 283/97/309 269/76/300
f 269/76/300 267/75/299 779/112/322
f 256/61/285 293/113/323 292/114/324
f 292/114/324 226/28/252 256/61/285
f 224/27/251 226/28/252 292/114/324
f 292/114/324 867/115/325 224/27/251
f 275/83/307 224/27/251 867/115/325
f 867/115/325 294/116/326 275/83/307
f 275/83/307 294/116/326 244/46/270
f 294/116/326 872/117/327 244/46/270
f 246/47/271 244/46/270 872/117/327
f 872/117/327 871/118/328 246/47/271
f 274/82/306 246/47/271 871/118/328
f 871/118/328 295/119/329 274/82/306
f 295/119/329 296/120/330 272/81/305
f 272/81/305 274/82/306 295/119/329
f 870/121/331 216/19/243 272/91/305
f 272/91/305 296/122/330 870/121/331
f 870/121/331 297/123/332 216/19/243
f 297/123/332 215/17/241 216/19/243
f 297/123/332 298/124/333 215/17/241
f 298/124/333 280/89/289 215/17/241
f 234/36/260 298/125/333 869/126/334
f 234/36/260 280/65/289 298/125/333
f 231/33/257 869/126/334 868/127/335
f 231/33/257 234/36/260 869/126/334
f 259/64/288 868/127/335 299/128/336
f 259/64/288 231/33/257 868/127/335
f 256/61/285 299/128/336 293/113/323
f 256/61/285 259/64/288 299/128/336
f 300/1/337 302/2/338 301/3/339
f 300/1/337 303/4/340 302/2/338
f 304/5/341 306/6/342 305/7/343
f 306/6/342 307/8/344 305/7/343
f 308/9/345 310/10/346 309/11/347
f 309/11/347 311/12/348 308/9/345
f 312/13/349 314/14/350 313/15/351
f 313/15/351 315/16/352 312/13/349
f 316/17/353 318/18/354 317/19/355
f 316/17/353 319/20/356 318/18/354
f 319/20/356 301/3/339 318/18/354
f 319/20/356 300/1/337 301/3/339
f 320/21/357 322/22/358 321/23/359
f 322/22/358 323/24/360 321/23/359
f 302/2/338 303/4/340 322/22/358
f 322/22/358 320/21/357 302/2/338
f 324/25/361 326/26/362 325/27/363
f 326/26/362 327/28/364 325/27/363
f 305/7/343 307/8/344 324/25/361
f 307/8/344 326/26/362 324/25/361
f 328/29/365 330/30/366 329/31/367
f 328/29/365 331/32/368 330/30/366
f 331/32/368 304/5/341 330/30/366
f 331/32/368 306/6/342 304/5/341
f 332/33/369 334/34/370 333/35/371
f 333/35/371 335/36/372 332/33/369
f 334/34/370 308/9/345 311/12/348
f 311/12/348 333/35/371 334/34/370
f 336/37/373 338/38/374 337/39/375
f 337/39/375 338/38/374 339/40/376
f 337/39/375 339/40/376 340/41/377
f 340/41/377 339/40/376 310/10/346
f 341/42/378 343/43/379 342/44/380
f 342/44/380 344/45/381 341/42/378
f 343/43/379 312/13/349 315/16/352
f 315/16/352 342/44/380 343/43/379
f 345/46/382 347/47/383 346/48/384
f 346/48/384 347/47/383 348/49/385
f 346/48/384 348/49/385 349/50/386
f 349/50/386 348/49/385 314/14/350
f 350/51/387 340/41/377 351/52/388
f 351/52/388 352/53/389 350/51/387
f 351/52/388 340/41/377 310/10/346
f 310/10/346 308/9/345 351/52/388
f 378/54/390 311/12/348 379/55/391
f 309/11/347 379/55/391 311/12/348
f 353/56/392 354/57/393 349/50/386
f 349/50/386 355/58/394 353/56/392
f 355/58/394 349/50/386 314/14/350
f 314/14/350 312/13/349 355/58/394
f 313/15/351 356/59/395 315/16/352
f 315/16/352 356/59/395 380/60/396
f 357/61/397 359/62/398 358/63/399
f 358/63/399 360/64/400 357/61/397
f 360/64/400 358/63/399 334/34/370
f 334/34/370 332/33/369 360/64/400
f 381/65/401 335/36/372 361/66/402
f 333/35/371 361/66/402 335/36/372
f 359/62/398 352/53/389 351/52/388
f 351/52/388 358/63/399 359/62/398
f 358/63/399 351/52/388 308/9/345
f 308/9/345 334/34/370 358/63/399
f 361/66/402 333/35/371 311/12/348
f 311/12/348 378/54/390 361/66/402
f 362/67/403 383/68/404 363/69/405
f 363/69/405 364/70/406 362/67/403
f 338/38/374 362/67/403 339/40/376
f 339/40/376 362/67/403 364/70/406
f 365/71/407 366/72/408 336/37/373
f 336/37/373 337/39/375 365/71/407
f 364/70/406 363/69/405 379/55/391
f 379/55/391 309/11/347 364/70/406
f 339/40/376 364/70/406 310/10/346
f 310/10/346 364/70/406 309/11/347
f 350/51/387 365/71/407 337/39/375
f 337/39/375 340/41/377 350/51/387
f 367/73/409 369/74/410 368/75/411
f 368/75/411 370/76/412 367/73/409
f 368/75/411 369/74/410 343/43/379
f 343/43/379 341/42/378 368/75/411
f 342/44/380 382/77/413 371/78/414
f 371/78/414 344/45/381 342/44/380
f 367/73/409 355/58/394 369/74/410
f 367/73/409 353/56/392 355/58/394
f 369/74/410 355/58/394 312/13/349
f 312/13/349 343/43/379 369/74/410
f 315/16/352 380/60/396 342/44/380
f 342/44/380 380/60/396 382/77/413
f 372/79/415 374/80/416 373/81/417
f 375/82/418 373/81/417 374/80/416
f 347/47/383 375/82/418 348/49/385
f 348/49/385 375/82/418 374/80/416
f 376/83/419 345/46/382 346/48/384
f 346/48/384 377/84/420 376/83/419
f 374/80/416 372/79/415 313/15/351
f 313/15/351 372/79/415 356/59/395
f 348/49/385 374/80/416 314/14/350
f 314/14/350 374/80/416 313/15/351
f 354/57/393 377/84/420 346/48/384
f 346/48/384 349/50/386 354/57/393
f 300/1/337 378/85/390 303/4/340
f 378/85/390 379/86/391 303/4/340
f 380/87/396 356/88/395 301/3/339
f 301/3/339 302/2/338 380/87/396
f 353/56/392 304/5/341 305/7/343
f 305/7/343 354/57/393 353/56/392
f 350/51/387 307/8/344 306/6/342
f 307/8/344 350/51/387 352/53/389
f 316/17/353 381/89/401 361/90/402
f 361/90/402 319/20/356 316/17/353
f 373/91/417 317/19/355 318/18/354
f 318/18/354 372/92/415 373/91/417
f 319/20/356 361/90/402 300/1/337
f 361/90/402 378/85/390 300/1/337
f 372/92/415 318/18/354 301/3/339
f 301/3/339 356/88/395 372/92/415
f 382/93/413 320/21/357 371/94/414
f 320/21/357 321/23/359 371/94/414
f 322/22/358 363/95/405 383/96/404
f 383/96/404 323/24/360 322/22/358
f 382/93/413 380/87/396 302/2/338
f 302/2/338 320/21/357 382/93/413
f 379/86/391 322/22/358 303/4/340
f 322/22/358 379/86/391 363/95/405
f 377/84/420 324/25/361 376/83/419
f 324/25/361 325/27/363 376/83/419
f 326/26/362 359/62/398 327/28/364
f 327/28/364 359/62/398 357/61/397
f 354/57/393 305/7/343 377/84/420
f 305/7/343 324/25/361 377/84/420
f 307/8/344 352/53/389 359/62/398
f 359/62/398 326/26/362 307/8/344
f 328/29/365 366/72/408 365/71/407
f 365/71/407 331/32/368 328/29/365
f 370/76/412 329/31/367 367/73/409
f 329/31/367 330/30/366 367/73/409
f 365/71/407 306/6/342 331/32/368
f 365/71/407 350/51/387 306/6/342
f 367/73/409 330/30/366 353/56/392
f 330/30/366 304/5/341 353/56/392
f 2744/97/421 2743/98/422 370/76/412
f 329/31/367 370/76/412 2743/98/422
f 2743/98/422 2745/99/423 329/31/367
f 2745/99/423 328/29/365 329/31/367
f 2745/99/423 384/100/424 328/29/365
f 384/100/424 366/72/408 328/29/365
f 384/100/424 2746/101/425 336/37/373
f 336/37/373 366/72/408 384/100/424
f 336/37/373 2746/101/425 2747/102/426
f 2747/102/426 338/38/374 336/37/373
f 338/38/374 2747/102/426 362/67/403
f 2747/102/426 2748/103/427 362/67/403
f 362/67/403 2748/103/427 2749/104/428
f 2749/104/428 383/68/404 362/67/403
f 323/24/360 383/96/404 2749/105/428
f 2749/105/428 2750/106/429 323/24/360
f 321/23/359 323/24/360 2750/106/429
f 2750/106/429 2751/107/430 321/23/359
f 371/94/414 321/23/359 2751/107/430
f 2751/107/430 2753/108/431 371/94/414
f 2752/109/432 344/45/381 371/78/414
f 371/78/414 2753/110/431 2752/109/432
f 341/42/378 2752/109/432 2754/111/433
f 341/42/378 344/45/381 2752/109/432
f 368/75/411 2754/111/433 385/112/434
f 368/75/411 341/42/378 2754/111/433
f 385/112/434 2744/97/421 370/76/412
f 370/76/412 368/75/411 385/112/434
f 357/61/397 2905/113/435 2904/114/436
f 2904/114/436 327/28/364 357/61/397
f 325/27/363 327/28/364 2904/114/436
f 2904/114/436 2902/115/437 325/27/363
f 376/83/419 325/27/363 2902/115/437
f 2902/115/437 2903/116/438 376/83/419
f 376/83/419 2903/116/438 345/46/382
f 2903/116/438 386/117/439 345/46/382
f 347/47/383 345/46/382 386/117/439
f 386/117/439 2908/118/440 347/47/383
f 375/82/418 347/47/383 2908/118/440
f 2908/118/440 387/119/441 375/82/418
f 387/119/441 388/120/442 373/81/417
f 373/81/417 375/82/418 387/119/441
f 389/121/443 317/19/355 373/91/417
f 373/91/417 388/122/442 389/121/443
f 389/121/443 2907/123/444 317/19/355
f 2907/123/444 316/17/353 317/19/355
f 2907/123/444 390/124/445 316/17/353
f 390/124/445 381/89/401 316/17/353
f 335/36/372 390/125/445 391/126/446
f 335/36/372 381/65/401 390/125/445
f 332/33/369 391/126/446 2906/127/447
f 332/33/369 335/36/372 391/126/446
f 360/64/400 2906/127/447 392/128/448
f 360/64/400 332/33/369 2906/127/447
f 357/61/397 392/128/448 2905/113/435
f 357/61/397 360/64/400 392/128/448
f 393/1/449 395/2/450 394/3/451
f 393/1/449 396/4/452 395/2/450
f 397/5/453 399/6/454 398/7/455
f 399/6/454 400/8/456 398/7/455
f 401/9/457 403/10/458 402/11/459
f 402/11/459 404/12/460 401/9/457
f 405/13/461 407/14/462 406/15/463
f 406/15/463 408/16/464 405/13/461
f 409/17/465 411/18/466 410/19/467
f 409/17/465 412/20/468 411/18/466
f 412/20/468 394/3/451 411/18/466
f 412/20/468 393/1/449 394/3/451
f 413/21/469 415/22/470 414/23/471
f 415/22/470 416/24/472 414/23/471
f 395/2/450 396/4/452 415/22/470
f 415/22/470 413/21/469 395/2/450
f 417/25/473 419/26/474 418/27/475
f 419/26/474 420/28/476 418/27/475
f 398/7/455 400/8/456 417/25/473
f 400/8/456 419/26/474 417/25/473
f 421/29/477 423/30/478 422/31/479
f 421/29/477 424/32/480 423/30/478
f 424/32/480 397/5/453 423/30/478
f 424/32/480 399/6/454 397/5/453
f 425/33/481 427/34/482 426/35/483
f 426/35/483 428/36/484 425/33/481
f 427/34/482 401/9/457 404/12/460
f 404/12/460 426/35/483 427/34/482
f 429/37/485 431/38/486 430/39/487
f 430/39/487 431/38/486 432/40/488
f 430/39/487 432/40/488 433/41/489
f 433/41/489 432/40/488 403/10/458
f 434/42/490 436/43/491 435/44/492
f 435/44/492 437/45/493 434/42/490
f 436/43/491 405/13/461 408/16/464
f 408/16/464 435/44/492 436/43/491
f 438/46/494 440/47/495 439/48/496
f 439/48/496 440/47/495 441/49/497
f 439/48/496 441/49/497 442/50/498
f 442/50/498 441/49/497 407/14/462
f 443/51/499 433/41/489 444/52/500
f 444/52/500 445/53/501 443/51/499
f 444/52/500 433/41/489 403/10/458
f 403/10/458 401/9/457 444/52/500
f 471/54/502 404/12/460 472/55/503
f 402/11/459 472/55/503 404/12/460
f 446/56/504 447/57/505 442/50/498
f 442/50/498 448/58/506 446/56/504
f 448/58/506 442/50/498 407/14/462
f 407/14/462 405/13/461 448/58/506
f 406/15/463 449/59/507 408/16/464
f 408/16/464 449/59/507 473/60/508
f 450/61/509 452/62/510 451/63/511
f 451/63/511 453/64/512 450/61/509
f 453/64/512 451/63/511 427/34/482
f 427/34/482 425/33/481 453/64/512
f 474/65/513 428/36/484 454/66/514
f 426/35/483 454/66/514 428/36/484
f 452/62/510 445/53/501 444/52/500
f 444/52/500 451/63/511 452/62/510
f 451/63/511 444/52/500 401/9/457
f 401/9/457 427/34/482 451/63/511
f 454/66/514 426/35/483 404/12/460
f 404/12/460 471/54/502 454/66/514
f 455/67/515 476/68/516 456/69/517
f 456/69/517 457/70/518 455/67/515
f 431/38/486 455/67/515 432/40/488
f 432/40/488 455/67/515 457/70/518
f 458/71/519 459/72/520 429/37/485
f 429/37/485 430/39/487 458/71/519
f 457/70/518 456/69/517 472/55/503
f 472/55/503 402/11/459 457/70/518
f 432/40/488 457/70/518 403/10/458
f 403/10/458 457/70/518 402/11/459
f 443/51/499 458/71/519 430/39/487
f 430/39/487 433/41/489 443/51/499
f 460/73/521 462/74/522 461/75/523
f 461/75/523 463/76/524 460/73/521
f 461/75/523 462/74/522 436/43/491
f 436/43/491 434/42/490 461/75/523
f 435/44/492 475/77/525 464/78/526
f 464/78/526 437/45/493 435/44/492
f 460/73/521 448/58/506 462/74/522
f 460/73/521 446/56/504 448/58/506
f 462/74/522 448/58/506 405/13/461
f 405/13/461 436/43/491 462/74/522
f 408/16/464 473/60/508 435/44/492
f 435/44/492 473/60/508 475/77/525
f 465/79/527 467/80/528 466/81/529
f 468/82/530 466/81/529 467/80/528
f 440/47/495 468/82/530 441/49/497
f 441/49/497 468/82/530 467/80/528
f 469/83/531 438/46/494 439/48/496
f 439/48/496 470/84/532 469/83/531
f 467/80/528 465/79/527 406/15/463
f 406/15/463 465/79/527 449/59/507
f 441/49/497 467/80/528 407/14/462
f 407/14/462 467/80/528 406/15/463
f 447/57/505 470/84/532 439/48/496
f 439/48/496 442/50/498 447/57/505
f 393/1/449 471/85/502 396/4/452
f 471/85/502 472/86/503 396/4/452
f 473/87/508 449/88/507 394/3/451
f 394/3/451 395/2/450 473/87/508
f 446/56/504 397/5/453 398/7/455
f 398/7/455 447/57/505 446/56/504
f 443/51/499 400/8/456 399/6/454
f 400/8/456 443/51/499 445/53/501
f 409/17/465 474/89/513 454/90/514
f 454/90/514 412/20/468 409/17/465
f 466/91/529 410/19/467 411/18/466
f 411/18/466 465/92/527 466/91/529
f 412/20/468 454/90/514 393/1/449
f 454/90/514 471/85/502 393/1/449
f 465/92/527 411/18/466 394/3/451
f 394/3/451 449/88/507 465/92/527
f 475/93/525 413/21/469 464/94/526
f 413/21/469 414/23/471 464/94/526
f 415/22/470 456/95/517 476/96/516
f 476/96/516 416/24/472 415/22/470
f 475/93/525 473/87/508 395/2/450
f 395/2/450 413/21/469 475/93/525
f 472/86/503 415/22/470 396/4/452
f 415/22/470 472/86/503 456/95/517
f 470/84/532 417/25/473 469/83/531
f 417/25/473 418/27/475 469/83/531
f 419/26/474 452/62/510 420/28/476
f 420/28/476 452/62/510 450/61/509
f 447/57/505 398/7/455 470/84/532
f 398/7/455 417/25/473 470/84/532
f 400/8/456 445/53/501 452/62/510
f 452/62/510 419/26/474 400/8/456
f 421/29/477 459/72/520 458/71/519
f 458/71/519 424/32/480 421/29/477
f 463/76/524 422/31/479 460/73/521
f 422/31/479 423/30/478 460/73/521
f 458/71/519 399/6/454 424/32/480
f 458/71/519 443/51/499 399/6/454
f 460/73/521 423/30/478 446/56/504
f 423/30/478 397/5/453 446/56/504
f 3173/97/533 477/98/534 463/76/524
f 422/31/479 463/76/524 477/98/534
f 477/98/534 3171/99/535 422/31/479
f 3171/99/535 421/29/477 422/31/479
f 3171/99/535 3172/100/536 421/29/477
f 3172/100/536 459/72/520 421/29/477
f 3172/100/536 3179/101/537 429/37/485
f 429/37/485 459/72/520 3172/100/536
f 429/37/485 3179/101/537 3178/102/538
f 3178/102/538 431/38/486 429/37/485
f 431/38/486 3178/102/538 455/67/515
f 3178/102/538 3177/103/539 455/67/515
f 455/67/515 3177/103/539 478/104/540
f 478/104/540 476/68/516 455/67/515
f 416/24/472 476/96/516 478/105/540
f 478/105/540 3176/106/541 416/24/472
f 414/23/471 416/24/472 3176/106/541
f 3176/106/541 3175/107/542 414/23/471
f 464/94/526 414/23/471 3175/107/542
f 3175/107/542 479/108/543 464/94/526
f 480/109/544 437/45/493 464/78/526
f 464/78/526 479/110/543 480/109/544
f 434/42/490 480/109/544 3174/111/545
f 434/42/490 437/45/493 480/109/544
f 461/75/523 3174/111/545 481/112/546
f 461/75/523 434/42/490 3174/111/545
f 481/112/546 3173/97/533 463/76/524
f 463/76/524 461/75/523 481/112/546
f 450/61/509 2191/113/547 2190/114/548
f 2190/114/548 420/28/476 450/61/509
f 418/27/475 420/28/476 2190/114/548
f 2190/114/548 2192/115/549 418/27/475
f 469/83/531 418/27/475 2192/115/549
f 2192/115/549 2193/116/550 469/83/531
f 469/83/531 2193/116/550 438/46/494
f 2193/116/550 2194/117/551 438/46/494
f 440/47/495 438/46/494 2194/117/551
f 2194/117/551 2195/118/552 440/47/495
f 468/82/530 440/47/495 2195/118/552
f 2195/118/552 2196/119/553 468/82/530
f 2196/119/553 482/120/554 466/81/529
f 466/81/529 468/82/530 2196/119/553
f 2197/121/555 410/19/467 466/91/529
f 466/91/529 482/122/554 2197/121/555
f 2197/121/555 2198/123/556 410/19/467
f 2198/123/556 409/17/465 410/19/467
f 2198/123/556 2199/124/557 409/17/465
f 2199/124/557 474/89/513 409/17/465
f 428/36/484 2199/125/557 2200/126/558
f 428/36/484 474/65/513 2199/125/557
f 425/33/481 2200/126/558 2201/127/559
f 425/33/481 428/36/484 2200/126/558
f 453/64/512 2201/127/559 2202/128/560
f 453/64/512 425/33/481 2201/127/559
f 450/61/509 2202/128/560 2191/113/547
f 450/61/509 453/64/512 2202/128/560
f 483/1/561 485/2/562 484/3/563
f 483/1/561 486/4/564 485/2/562
f 487/5/565 489/6/566 488/7/567
f 489/6/566 490/8/568 488/7/567
f 491/9/569 493/10/570 492/11/571
f 492/11/571 494/12/572 491/9/569
f 495/13/573 497/14/574 496/15/575
f 496/15/575 498/16/576 495/13/573
f 499/17/577 501/18/578 500/19/579
f 499/17/577 502/20/580 501/18/578
f 502/20/580 484/3/563 501/18/578
f 502/20/580 483/1/561 484/3/563
f 503/21/581 505/22/582 504/23/583
f 505/22/582 506/24/584 504/23/583
f 485/2/562 486/4/564 505/22/582
f 505/22/582 503/21/581 485/2/562
f 507/25/585 509/26/586 508/27/587
f 509/26/586 510/28/588 508/27/587
f 488/7/567 490/8/568 507/25/585
f 490/8/568 509/26/586 507/25/585
f 511/29/589 513/30/590 512/31/591
f 511/29/589 514/32/592 513/30/590
f 514/32/592 487/5/565 513/30/590
f 514/32/592 489/6/566 487/5/565
f 515/33/593 517/34/594 516/35/595
f 516/35/595 518/36/596 515/33/593
f 517/34/594 491/9/569 494/12/572
f 494/12/572 516/35/595 517/34/594
f 519/37/597 521/38/598 520/39/599
f 520/39/599 521/38/598 522/40/600
f 520/39/599 522/40/600 523/41/601
f 523/41/601 522/40/600 493/10/570
f 524/42/602 526/43/603 525/44/604
f 525/44/604 527/45/605 524/42/602
f 526/43/603 495/13/573 498/16/576
f 498/16/576 525/44/604 526/43/603
f 528/46/606 530/47/607 529/48/608
f 529/48/608 530/47/607 531/49/609
f 529/48/608 531/49/609 532/50/610
f 532/50/610 531/49/609 497/14/574
f 533/51/611 523/41/601 534/52/612
f 534/52/612 535/53/613 533/51/611
f 534/52/612 523/41/601 493/10/570
f 493/10/570 491/9/569 534/52/612
f 561/54/614 494/12/572 562/55/615
f 492/11/571 562/55/615 494/12/572
f 536/56/616 537/57/617 532/50/610
f 532/50/610 538/58/618 536/56/616
f 538/58/618 532/50/610 497/14/574
f 497/14/574 495/13/573 538/58/618
f 496/15/575 539/59/619 498/16/576
f 498/16/576 539/59/619 563/60/620
f 540/61/621 542/62/622 541/63/623
f 541/63/623 543/64/624 540/61/621
f 543/64/624 541/63/623 517/34/594
f 517/34/594 515/33/593 543/64/624
f 564/65/625 518/36/596 544/66/626
f 516/35/595 544/66/626 518/36/596
f 542/62/622 535/53/613 534/52/612
f 534/52/612 541/63/623 542/62/622
f 541/63/623 534/52/612 491/9/569
f 491/9/569 517/34/594 541/63/623
f 544/66/626 516/35/595 494/12/572
f 494/12/572 561/54/614 544/66/626
f 545/67/627 566/68/628 546/69/629
f 546/69/629 547/70/630 545/67/627
f 521/38/598 545/67/627 522/40/600
f 522/40/600 545/67/627 547/70/630
f 548/71/631 549/72/632 519/37/597
f 519/37/597 520/39/599 548/71/631
f 547/70/630 546/69/629 562/55/615
f 562/55/615 492/11/571 547/70/630
f 522/40/600 547/70/630 493/10/570
f 493/10/570 547/70/630 492/11/571
f 533/51/611 548/71/631 520/39/599
f 520/39/599 523/41/601 533/51/611
f 550/73/633 552/74/634 551/75/635
f 551/75/635 553/76/636 550/73/633
f 551/75/635 552/74/634 526/43/603
f 526/43/603 524/42/602 551/75/635
f 525/44/604 565/77/637 554/78/638
f 554/78/638 527/45/605 525/44/604
f 550/73/633 538/58/618 552/74/634
f 550/73/633 536/56/616 538/58/618
f 552/74/634 538/58/618 495/13/573
f 495/13/573 526/43/603 552/74/634
f 498/16/576 563/60/620 525/44/604
f 525/44/604 563/60/620 565/77/637
f 555/79/639 557/80/640 556/81/641
f 558/82/642 556/81/641 557/80/640
f 530/47/607 558/82/642 531/49/609
f 531/49/609 558/82/642 557/80/640
f 559/83/643 528/46/606 529/48/608
f 529/48/608 560/84/644 559/83/643
f 557/80/640 555/79/639 496/15/575
f 496/15/575 555/79/639 539/59/619
f 531/49/609 557/80/640 497/14/574
f 497/14/574 557/80/640 496/15/575
f 537/57/617 560/84/644 529/48/608
f 529/48/608 532/50/610 537/57/617
f 483/1/561 561/85/614 486/4/564
f 561/85/614 562/86/615 486/4/564
f 563/87/620 539/88/619 484/3/563
f 484/3/563 485/2/562 563/87/620
f 536/56/616 487/5/565 488/7/567
f 488/7/567 537/57/617 536/56/616
f 533/51/611 490/8/568 489/6/566
f 490/8/568 533/51/611 535/53/613
f 499/17/577 564/89/625 544/90/626
f 544/90/626 502/20/580 499/17/577
f 556/91/641 500/19/579 501/18/578
f 501/18/578 555/92/639 556/91/641
f 502/20/580 544/90/626 483/1/561
f 544/90/626 561/85/614 483/1/561
f 555/92/639 501/18/578 484/3/563
f 484/3/563 539/88/619 555/92/639
f 565/93/637 503/21/581 554/94/638
f 503/21/581 504/23/583 554/94/638
f 505/22/582 546/95/629 566/96/628
f 566/96/628 506/24/584 505/22/582
f 565/93/637 563/87/620 485/2/562
f 485/2/562 503/21/581 565/93/637
f 562/86/615 505/22/582 486/4/564
f 505/22/582 562/86/615 546/95/629
f 560/84/644 507/25/585 559/83/643
f 507/25/585 508/27/587 559/83/643
f 509/26/586 542/62/622 510/28/588
f 510/28/588 542/62/622 540/61/621
f 537/57/617 488/7/567 560/84/644
f 488/7/567 507/25/585 560/84/644
f 490/8/568 535/53/613 542/62/622
f 542/62/622 509/26/586 490/8/568
f 511/29/589 549/72/632 548/71/631
f 548/71/631 514/32/592 511/29/589
f 553/76/636 512/31/591 550/73/633
f 512/31/591 513/30/590 550/73/633
f 548/71/631 489/6/566 514/32/592
f 548/71/631 533/51/611 489/6/566
f 550/73/633 513/30/590 536/56/616
f 513/30/590 487/5/565 536/56/616
f 567/97/645 568/98/646 553/76/636
f 512/31/591 553/76/636 568/98/646
f 568/98/646 674/99/647 512/31/591
f 674/99/647 511/29/589 512/31/591
f 674/99/647 675/100/648 511/29/589
f 675/100/648 549/72/632 511/29/589
f 675/100/648 569/101/649 519/37/597
f 519/37/597 549/72/632 675/100/648
f 519/37/597 569/101/649 681/102/650
f 681/102/650 521/38/598 519/37/597
f 521/38/598 681/102/650 545/67/627
f 681/102/650 680/103/651 545/67/627
f 545/67/627 680/103/651 679/104/652
f 679/104/652 566/68/628 545/67/627
f 506/24/584 566/96/628 679/105/652
f 679/105/652 570/106/653 506/24/584
f 504/23/583 506/24/584 570/106/653
f 570/106/653 571/107/654 504/23/583
f 554/94/638 504/23/583 571/107/654
f 571/107/654 572/108/655 554/94/638
f 678/109/656 527/45/605 554/78/638
f 554/78/638 572/110/655 678/109/656
f 524/42/602 678/109/656 677/111/657
f 524/42/602 527/45/605 678/109/656
f 551/75/635 677/111/657 676/112/658
f 551/75/635 524/42/602 677/111/657
f 676/112/658 567/97/645 553/76/636
f 553/76/636 551/75/635 676/112/658
f 540/61/621 1087/113/659 1088/114/660
f 1088/114/660 510/28/588 540/61/621
f 508/27/587 510/28/588 1088/114/660
f 1088/114/660 573/115/661 508/27/587
f 559/83/643 508/27/587 573/115/661
f 573/115/661 574/116/662 559/83/643
f 559/83/643 574/116/662 528/46/606
f 574/116/662 1082/117/663 528/46/606
f 530/47/607 528/46/606 1082/117/663
f 1082/117/663 1083/118/664 530/47/607
f 558/82/642 530/47/607 1083/118/664
f 1083/118/664 575/119/665 558/82/642
f 575/119/665 576/120/666 556/81/641
f 556/81/641 558/82/642 575/119/665
f 577/121/667 500/19/579 556/91/641
f 556/91/641 576/122/666 577/121/667
f 577/121/667 578/123/668 500/19/579
f 578/123/668 499/17/577 500/19/579
f 578/123/668 1086/124/669 499/17/577
f 1086/124/669 564/89/625 499/17/577
f 518/36/596 1086/125/669 1084/126/670
f 518/36/596 564/65/625 1086/125/669
f 515/33/593 1084/126/670 579/127/671
f 515/33/593 518/36/596 1084/126/670
f 543/64/624 579/127/671 1085/128/672
f 543/64/624 515/33/593 579/127/671
f 540/61/621 1085/128/672 1087/113/659
f 540/61/621 543/64/624 1085/128/672
f 580/1/673 582/2/674 581/3/675
f 580/1/673 583/4/676 582/2/674
f 584/5/677 586/6/678 585/7/679
f 586/6/678 587/8/680 585/7/679
f 588/9/681 590/10/682 589/11/683
f 589/11/683 591/12/684 588/9/681
f 592/13/685 594/14/686 593/15/687
f 593/15/687 595/16/688 592/13/685
f 596/17/689 598/18/690 597/19/691
f 596/17/689 599/20/692 598/18/690
f 599/20/692 581/3/675 598/18/690
f 599/20/692 580/1/673 581/3/675
f 600/21/693 602/22/694 601/23/695
f 602/22/694 603/24/696 601/23/695
f 582/2/674 583/4/676 602/22/694
f 602/22/694 600/21/693 582/2/674
f 604/25/697 606/26/698 605/27/699
f 606/26/698 607/28/700 605/27/699
f 585/7/679 587/8/680 604/25/697
f 587/8/680 606/26/698 604/25/697
f 608/29/701 610/30/702 609/31/703
f 608/29/701 611/32/704 610/30/702
f 611/32/704 584/5/677 610/30/702
f 611/32/704 586/6/678 584/5/677
f 612/33/705 614/34/706 613/35/707
f 613/35/707 615/36/708 612/33/705
f 614/34/706 588/9/681 591/12/684
f 591/12/684 613/35/707 614/34/706
f 616/37/709 618/38/710 617/39/711
f 617/39/711 618/38/710 619/40/712
f 617/39/711 619/40/712 620/41/713
f 620/41/713 619/40/712 590/10/682
f 621/42/714 623/43/715 622/44/716
f 622/44/716 624/45/717 621/42/714
f 623/43/715 592/13/685 595/16/688
f 595/16/688 622/44/716 623/43/715
f 625/46/718 627/47/719 626/48/720
f 626/48/720 627/47/719 628/49/721
f 626/48/720 628/49/721 629/50/722
f 629/50/722 628/49/721 594/14/686
f 630/51/723 620/41/713 631/52/724
f 631/52/724 632/53/725 630/51/723
f 631/52/724 620/41/713 590/10/682
f 590/10/682 588/9/681 631/52/724
f 658/54/726 591/12/684 659/55/727
f 589/11/683 659/55/727 591/12/684
f 633/56/728 634/57/729 629/50/722
f 629/50/722 635/58/730 633/56/728
f 635/58/730 629/50/722 594/14/686
f 594/14/686 592/13/685 635/58/730
f 593/15/687 636/59/731 595/16/688
f 595/16/688 636/59/731 660/60/732
f 637/61/733 639/62/734 638/63/735
f 638/63/735 640/64/736 637/61/733
f 640/64/736 638/63/735 614/34/706
f 614/34/706 612/33/705 640/64/736
f 661/65/737 615/36/708 641/66/738
f 613/35/707 641/66/738 615/36/708
f 639/62/734 632/53/725 631/52/724
f 631/52/724 638/63/735 639/62/734
f 638/63/735 631/52/724 588/9/681
f 588/9/681 614/34/706 638/63/735
f 641/66/738 613/35/707 591/12/684
f 591/12/684 658/54/726 641/66/738
f 642/67/739 663/68/740 643/69/741
f 643/69/741 644/70/742 642/67/739
f 618/38/710 642/67/739 619/40/712
f 619/40/712 642/67/739 644/70/742
f 645/71/743 646/72/744 616/37/709
f 616/37/709 617/39/711 645/71/743
f 644/70/742 643/69/741 659/55/727
f 659/55/727 589/11/683 644/70/742
f 619/40/712 644/70/742 590/10/682
f 590/10/682 644/70/742 589/11/683
f 630/51/723 645/71/743 617/39/711
f 617/39/711 620/41/713 630/51/723
f 647/73/745 649/74/746 648/75/747
f 648/75/747 650/76/748 647/73/745
f 648/75/747 649/74/746 623/43/715
f 623/43/715 621/42/714 648/75/747
f 622/44/716 662/77/749 651/78/750
f 651/78/750 624/45/717 622/44/716
f 647/73/745 635/58/730 649/74/746
f 647/73/745 633/56/728 635/58/730
f 649/74/746 635/58/730 592/13/685
f 592/13/685 623/43/715 649/74/746
f 595/16/688 660/60/732 622/44/716
f 622/44/716 660/60/732 662/77/749
f 652/79/751 654/80/752 653/81/753
f 655/82/754 653/81/753 654/80/752
f 627/47/719 655/82/754 628/49/721
f 628/49/721 655/82/754 654/80/752
f 656/83/755 625/46/718 626/48/720
f 626/48/720 657/84/756 656/83/755
f 654/80/752 652/79/751 593/15/687
f 593/15/687 652/79/751 636/59/731
f 628/49/721 654/80/752 594/14/686
f 594/14/686 654/80/752 593/15/687
f 634/57/729 657/84/756 626/48/720
f 626/48/720 629/50/722 634/57/729
f 580/1/673 658/85/726 583/4/676
f 658/85/726 659/86/727 583/4/676
f 660/87/732 636/88/731 581/3/675
f 581/3/675 582/2/674 660/87/732
f 633/56/728 584/5/677 585/7/679
f 585/7/679 634/57/729 633/56/728
f 630/51/723 587/8/680 586/6/678
f 587/8/680 630/51/723 632/53/725
f 596/17/689 661/89/737 641/90/738
f 641/90/738 599/20/692 596/17/689
f 653/91/753 597/19/691 598/18/690
f 598/18/690 652/92/751 653/91/753
f 599/20/692 641/90/738 580/1/673
f 641/90/738 658/85/726 580/1/673
f 652/92/751 598/18/690 581/3/675
f 581/3/675 636/88/731 652/92/751
f 662/93/749 600/21/693 651/94/750
f 600/21/693 601/23/695 651/94/750
f 602/22/694 643/95/741 663/96/740
f 663/96/740 603/24/696 602/22/694
f 662/93/749 660/87/732 582/2/674
f 582/2/674 600/21/693 662/93/749
f 659/86/727 602/22/694 583/4/676
f 602/22/694 659/86/727 643/95/741
f 657/84/756 604/25/697 656/83/755
f 604/25/697 605/27/699 656/83/755
f 606/26/698 639/62/734 607/28/700
f 607/28/700 639/62/734 637/61/733
f 634/57/729 585/7/679 657/84/756
f 585/7/679 604/25/697 657/84/756
f 587/8/680 632/53/725 639/62/734
f 639/62/734 606/26/698 587/8/680
f 608/29/701 646/72/744 645/71/743
f 645/71/743 611/32/704 608/29/701
f 650/76/748 609/31/703 647/73/745
f 609/31/703 610/30/702 647/73/745
f 645/71/743 586/6/678 611/32/704
f 645/71/743 630/51/723 586/6/678
f 647/73/745 610/30/702 633/56/728
f 610/30/702 584/5/677 633/56/728
f 664/97/88 665/98/87 650/76/748
f 609/31/703 650/76/748 665/98/87
f 665/98/87 666/99/86 609/31/703
f 666/99/86 608/29/701 609/31/703
f 666/99/86 95/100/85 608/29/701
f 95/100/85 646/72/744 608/29/701
f 95/100/85 667/101/98 616/37/709
f 616/37/709 646/72/744 95/100/85
f 616/37/709 667/101/98 668/102/97
f 668/102/97 618/38/710 616/37/709
f 618/38/710 668/102/97 642/67/739
f 668/102/97 669/103/96 642/67/739
f 642/67/739 669/103/96 670/104/95
f 670/104/95 663/68/740 642/67/739
f 603/24/696 663/96/740 670/105/95
f 670/105/95 98/106/94 603/24/696
f 601/23/695 603/24/696 98/106/94
f 98/106/94 97/107/93 601/23/695
f 651/94/750 601/23/695 97/107/93
f 97/107/93 96/108/92 651/94/750
f 671/109/91 624/45/717 651/78/750
f 651/78/750 96/110/92 671/109/91
f 621/42/714 671/109/91 672/111/90
f 621/42/714 624/45/717 671/109/91
f 648/75/747 672/111/90 673/112/89
f 648/75/747 621/42/714 672/111/90
f 673/112/89 664/97/88 650/76/748
f 650/76/748 648/75/747 673/112/89
f 637/61/733 675/113/648 674/114/647
f 674/114/647 607/28/700 637/61/733
f 605/27/699 607/28/700 674/114/647
f 674/114/647 568/115/646 605/27/699
f 656/83/755 605/27/699 568/115/646
f 568/115/646 567/116/645 656/83/755
f 656/83/755 567/116/645 625/46/718
f 567/116/645 676/117/658 625/46/718
f 627/47/719 625/46/718 676/117/658
f 676/117/658 677/118/657 627/47/719
f 655/82/754 627/47/719 677/118/657
f 677/118/657 678/119/656 655/82/754
f 678/119/656 572/120/655 653/81/753
f 653/81/753 655/82/754 678/119/656
f 571/121/654 597/19/691 653/91/753
f 653/91/753 572/122/655 571/121/654
f 571/121/654 570/123/653 597/19/691
f 570/123/653 596/17/689 597/19/691
f 570/123/653 679/124/652 596/17/689
f 679/124/652 661/89/737 596/17/689
f 615/36/708 679/125/652 680/126/651
f 615/36/708 661/65/737 679/125/652
f 612/33/705 680/126/651 681/127/650
f 612/33/705 615/36/708 680/126/651
f 640/64/736 681/127/650 569/128/649
f 640/64/736 612/33/705 681/127/650
f 637/61/733 569/128/649 675/113/648
f 637/61/733 640/64/736 569/128/649
f 682/1/757 684/2/758 683/3/759
f 682/1/757 685/4/760 684/2/758
f 686/5/761 688/6/762 687/7/763
f 688/6/762 689/8/764 687/7/763
f 690/9/765 692/10/766 691/11/767
f 691/11/767 693/12/768 690/9/765
f 694/13/769 696/14/770 695/15/771
f 695/15/771 697/16/772 694/13/769
f 698/17/773 700/18/774 699/19/775
f 698/17/773 701/20/776 700/18/774
f 701/20/776 683/3/759 700/18/774
f 701/20/776 682/1/757 683/3/759
f 702/21/777 704/22/778 703/23/779
f 704/22/778 705/24/780 703/23/779
f 684/2/758 685/4/760 704/22/778
f 704/22/778 702/21/777 684/2/758
f 706/25/781 708/26/782 707/27/783
f 708/26/782 709/28/784 707/27/783
f 687/7/763 689/8/764 706/25/781
f 689/8/764 708/26/782 706/25/781
f 710/29/785 712/30/786 711/31/787
f 710/29/785 713/32/788 712/30/786
f 713/32/788 686/5/761 712/30/786
f 713/32/788 688/6/762 686/5/761
f 714/33/789 716/34/790 715/35/791
f 715/35/791 717/36/792 714/33/789
f 716/34/790 690/9/765 693/12/768
f 693/12/768 715/35/791 716/34/790
f 718/37/793 720/38/794 719/39/795
f 719/39/795 720/38/794 721/40/796
f 719/39/795 721/40/796 722/41/797
f 722/41/797 721/40/796 692/10/766
f 723/42/798 725/43/799 724/44/800
f 724/44/800 726/45/801 723/42/798
f 725/43/799 694/13/769 697/16/772
f 697/16/772 724/44/800 725/43/799
f 727/46/802 729/47/803 728/48/804
f 728/48/804 729/47/803 730/49/805
f 728/48/804 730/49/805 731/50/806
f 731/50/806 730/49/805 696/14/770
f 732/51/807 722/41/797 733/52/808
f 733/52/808 734/53/809 732/51/807
f 733/52/808 722/41/797 692/10/766
f 692/10/766 690/9/765 733/52/808
f 760/54/810 693/12/768 761/55/811
f 691/11/767 761/55/811 693/12/768
f 735/56/812 736/57/813 731/50/806
f 731/50/806 737/58/814 735/56/812
f 737/58/814 731/50/806 696/14/770
f 696/14/770 694/13/769 737/58/814
f 695/15/771 738/59/815 697/16/772
f 697/16/772 738/59/815 762/60/816
f 739/61/817 741/62/818 740/63/819
f 740/63/819 742/64/820 739/61/817
f 742/64/820 740/63/819 716/34/790
f 716/34/790 714/33/789 742/64/820
f 763/65/821 717/36/792 743/66/822
f 715/35/791 743/66/822 717/36/792
f 741/62/818 734/53/809 733/52/808
f 733/52/808 740/63/819 741/62/818
f 740/63/819 733/52/808 690/9/765
f 690/9/765 716/34/790 740/63/819
f 743/66/822 715/35/791 693/12/768
f 693/12/768 760/54/810 743/66/822
f 744/67/823 765/68/824 745/69/825
f 745/69/825 746/70/826 744/67/823
f 720/38/794 744/67/823 721/40/796
f 721/40/796 744/67/823 746/70/826
f 747/71/827 748/72/828 718/37/793
f 718/37/793 719/39/795 747/71/827
f 746/70/826 745/69/825 761/55/811
f 761/55/811 691/11/767 746/70/826
f 721/40/796 746/70/826 692/10/766
f 692/10/766 746/70/826 691/11/767
f 732/51/807 747/71/827 719/39/795
f 719/39/795 722/41/797 732/51/807
f 749/73/829 751/74/830 750/75/831
f 750/75/831 752/76/832 749/73/829
f 750/75/831 751/74/830 725/43/799
f 725/43/799 723/42/798 750/75/831
f 724/44/800 764/77/833 753/78/834
f 753/78/834 726/45/801 724/44/800
f 749/73/829 737/58/814 751/74/830
f 749/73/829 735/56/812 737/58/814
f 751/74/830 737/58/814 694/13/769
f 694/13/769 725/43/799 751/74/830
f 697/16/772 762/60/816 724/44/800
f 724/44/800 762/60/816 764/77/833
f 754/79/835 756/80/836 755/81/837
f 757/82/838 755/81/837 756/80/836
f 729/47/803 757/82/838 730/49/805
f 730/49/805 757/82/838 756/80/836
f 758/83/839 727/46/802 728/48/804
f 728/48/804 759/84/840 758/83/839
f 756/80/836 754/79/835 695/15/771
f 695/15/771 754/79/835 738/59/815
f 730/49/805 756/80/836 696/14/770
f 696/14/770 756/80/836 695/15/771
f 736/57/813 759/84/840 728/48/804
f 728/48/804 731/50/806 736/57/813
f 682/1/757 760/85/810 685/4/760
f 760/85/810 761/86/811 685/4/760
f 762/87/816 738/88/815 683/3/759
f 683/3/759 684/2/758 762/87/816
f 735/56/812 686/5/761 687/7/763
f 687/7/763 736/57/813 735/56/812
f 732/51/807 689/8/764 688/6/762
f 689/8/764 732/51/807 734/53/809
f 698/17/773 763/89/821 743/90/822
f 743/90/822 701/20/776 698/17/773
f 755/91/837 699/19/775 700/18/774
f 700/18/774 754/92/835 755/91/837
f 701/20/776 743/90/822 682/1/757
f 743/90/822 760/85/810 682/1/757
f 754/92/835 700/18/774 683/3/759
f 683/3/759 738/88/815 754/92/835
f 764/93/833 702/21/777 753/94/834
f 702/21/777 703/23/779 753/94/834
f 704/22/778 745/95/825 765/96/824
f 765/96/824 705/24/780 704/22/778
f 764/93/833 762/87/816 684/2/758
f 684/2/758 702/21/777 764/93/833
f 761/86/811 704/22/778 685/4/760
f 704/22/778 761/86/811 745/95/825
f 759/84/840 706/25/781 758/83/839
f 706/25/781 707/27/783 758/83/839
f 708/26/782 741/62/818 709/28/784
f 709/28/784 741/62/818 739/61/817
f 736/57/813 687/7/763 759/84/840
f 687/7/763 706/25/781 759/84/840
f 689/8/764 734/53/809 741/62/818
f 741/62/818 708/26/782 689/8/764
f 710/29/785 748/72/828 747/71/827
f 747/71/827 713/32/788 710/29/785
f 752/76/832 711/31/787 749/73/829
f 711/31/787 712/30/786 749/73/829
f 747/71/827 688/6/762 713/32/788
f 747/71/827 732/51/807 688/6/762
f 749/73/829 712/30/786 735/56/812
f 712/30/786 686/5/761 735/56/812
f 766/97/200 767/98/199 752/76/832
f 711/31/787 752/76/832 767/98/199
f 767/98/199 768/99/198 711/31/787
f 768/99/198 710/29/785 711/31/787
f 768/99/198 191/100/197 710/29/785
f 191/100/197 748/72/828 710/29/785
f 191/100/197 769/101/210 718/37/793
f 718/37/793 748/72/828 191/100/197
f 718/37/793 769/101/210 770/102/209
f 770/102/209 720/38/794 718/37/793
f 720/38/794 770/102/209 744/67/823
f 770/102/209 771/103/208 744/67/823
f 744/67/823 771/103/208 192/104/207
f 192/104/207 765/68/824 744/67/823
f 705/24/780 765/96/824 192/105/207
f 192/105/207 772/106/206 705/24/780
f 703/23/779 705/24/780 772/106/206
f 772/106/206 773/107/205 703/23/779
f 753/94/834 703/23/779 773/107/205
f 773/107/205 774/108/204 753/94/834
f 775/109/203 726/45/801 753/78/834
f 753/78/834 774/110/204 775/109/203
f 723/42/798 775/109/203 776/111/202
f 723/42/798 726/45/801 775/109/203
f 750/75/831 776/111/202 777/112/201
f 750/75/831 723/42/798 776/111/202
f 777/112/201 766/97/200 752/76/832
f 752/76/832 750/75/831 777/112/201
f 739/61/817 778/113/312 285/114/311
f 285/114/311 709/28/784 739/61/817
f 707/27/783 709/28/784 285/114/311
f 285/114/311 284/115/310 707/27/783
f 758/83/839 707/27/783 284/115/310
f 284/115/310 283/116/309 758/83/839
f 758/83/839 283/116/309 727/46/802
f 283/116/309 779/117/322 727/46/802
f 729/47/803 727/46/802 779/117/322
f 779/117/322 291/118/321 729/47/803
f 757/82/838 729/47/803 291/118/321
f 291/118/321 780/119/320 757/82/838
f 780/119/320 290/120/319 755/81/837
f 755/81/837 757/82/838 780/119/320
f 289/121/318 699/19/775 755/91/837
f 755/91/837 290/122/319 289/121/318
f 289/121/318 288/123/317 699/19/775
f 288/123/317 698/17/773 699/19/775
f 288/123/317 287/124/316 698/17/773
f 287/124/316 763/89/821 698/17/773
f 717/36/792 287/125/316 781/126/315
f 717/36/792 763/65/821 287/125/316
f 714/33/789 781/126/315 286/127/314
f 714/33/789 717/36/792 781/126/315
f 742/64/820 286/127/314 782/128/313
f 742/64/820 714/33/789 286/127/314
f 739/61/817 782/128/313 778/113/312
f 739/61/817 742/64/820 782/128/313
f 783/1/841 785/2/842 784/3/843
f 783/1/841 786/4/844 785/2/842
f 787/5/845 789/6/846 788/7/847
f 789/6/846 790/8/848 788/7/847
f 791/9/849 793/10/850 792/11/851
f 792/11/851 794/12/852 791/9/849
f 795/13/853 797/14/854 796/15/855
f 796/15/855 798/16/856 795/13/853
f 799/17/857 801/18/858 800/19/859
f 799/17/857 802/20/860 801/18/858
f 802/20/860 784/3/843 801/18/858
f 802/20/860 783/1/841 784/3/843
f 803/21/861 805/22/862 804/23/863
f 805/22/862 806/24/864 804/23/863
f 785/2/842 786/4/844 805/22/862
f 805/22/862 803/21/861 785/2/842
f 807/25/865 809/26/866 808/27/867
f 809/26/866 810/28/868 808/27/867
f 788/7/847 790/8/848 807/25/865
f 790/8/848 809/26/866 807/25/865
f 811/29/869 813/30/870 812/31/871
f 811/29/869 814/32/872 813/30/870
f 814/32/872 787/5/845 813/30/870
f 814/32/872 789/6/846 787/5/845
f 815/33/873 817/34/874 816/35/875
f 816/35/875 818/36/876 815/33/873
f 817/34/874 791/9/849 794/12/852
f 794/12/852 816/35/875 817/34/874
f 819/37/877 821/38/878 820/39/879
f 820/39/879 821/38/878 822/40/880
f 820/39/879 822/40/880 823/41/881
f 823/41/881 822/40/880 793/10/850
f 824/42/882 826/43/883 825/44/884
f 825/44/884 827/45/885 824/42/882
f 826/43/883 795/13/853 798/16/856
f 798/16/856 825/44/884 826/43/883
f 828/46/886 830/47/887 829/48/888
f 829/48/888 830/47/887 831/49/889
f 829/48/888 831/49/889 832/50/890
f 832/50/890 831/49/889 797/14/854
f 833/51/891 823/41/881 834/52/892
f 834/52/892 835/53/893 833/51/891
f 834/52/892 823/41/881 793/10/850
f 793/10/850 791/9/849 834/52/892
f 861/54/894 794/12/852 862/55/895
f 792/11/851 862/55/895 794/12/852
f 836/56/896 837/57/897 832/50/890
f 832/50/890 838/58/898 836/56/896
f 838/58/898 832/50/890 797/14/854
f 797/14/854 795/13/853 838/58/898
f 796/15/855 839/59/899 798/16/856
f 798/16/856 839/59/899 863/60/900
f 840/61/901 842/62/902 841/63/903
f 841/63/903 843/64/904 840/61/901
f 843/64/904 841/63/903 817/34/874
f 817/34/874 815/33/873 843/64/904
f 864/65/905 818/36/876 844/66/906
f 816/35/875 844/66/906 818/36/876
f 842/62/902 835/53/893 834/52/892
f 834/52/892 841/63/903 842/62/902
f 841/63/903 834/52/892 791/9/849
f 791/9/849 817/34/874 841/63/903
f 844/66/906 816/35/875 794/12/852
f 794/12/852 861/54/894 844/66/906
f 845/67/907 866/68/908 846/69/909
f 846/69/909 847/70/910 845/67/907
f 821/38/878 845/67/907 822/40/880
f 822/40/880 845/67/907 847/70/910
f 848/71/911 849/72/912 819/37/877
f 819/37/877 820/39/879 848/71/911
f 847/70/910 846/69/909 862/55/895
f 862/55/895 792/11/851 847/70/910
f 822/40/880 847/70/910 793/10/850
f 793/10/850 847/70/910 792/11/851
f 833/51/891 848/71/911 820/39/879
f 820/39/879 823/41/881 833/51/891
f 850/73/913 852/74/914 851/75/915
f 851/75/915 853/76/916 850/73/913
f 851/75/915 852/74/914 826/43/883
f 826/43/883 824/42/882 851/75/915
f 825/44/884 865/77/917 854/78/918
f 854/78/918 827/45/885 825/44/884
f 850/73/913 838/58/898 852/74/914
f 850/73/913 836/56/896 838/58/898
f 852/74/914 838/58/898 795/13/853
f 795/13/853 826/43/883 852/74/914
f 798/16/856 863/60/900 825/44/884
f 825/44/884 863/60/900 865/77/917
f 855/79/919 857/80/920 856/81/921
f 858/82/922 856/81/921 857/80/920
f 830/47/887 858/82/922 831/49/889
f 831/49/889 858/82/922 857/80/920
f 859/83/923 828/46/886 829/48/888
f 829/48/888 860/84/924 859/83/923
f 857/80/920 855/79/919 796/15/855
f 796/15/855 855/79/919 839/59/899
f 831/49/889 857/80/920 797/14/854
f 797/14/854 857/80/920 796/15/855
f 837/57/897 860/84/924 829/48/888
f 829/48/888 832/50/890 837/57/897
f 783/1/841 861/85/894 786/4/844
f 861/85/894 862/86/895 786/4/844
f 863/87/900 839/88/899 784/3/843
f 784/3/843 785/2/842 863/87/900
f 836/56/896 787/5/845 788/7/847
f 788/7/847 837/57/897 836/56/896
f 833/51/891 790/8/848 789/6/846
f 790/8/848 833/51/891 835/53/893
f 799/17/857 864/89/905 844/90/906
f 844/90/906 802/20/860 799/17/857
f 856/91/921 800/19/859 801/18/858
f 801/18/858 855/92/919 856/91/921
f 802/20/860 844/90/906 783/1/841
f 844/90/906 861/85/894 783/1/841
f 855/92/919 801/18/858 784/3/843
f 784/3/843 839/88/899 855/92/919
f 865/93/917 803/21/861 854/94/918
f 803/21/861 804/23/863 854/94/918
f 805/22/862 846/95/909 866/96/908
f 866/96/908 806/24/864 805/22/862
f 865/93/917 863/87/900 785/2/842
f 785/2/842 803/21/861 865/93/917
f 862/86/895 805/22/862 786/4/844
f 805/22/862 862/86/895 846/95/909
f 860/84/924 807/25/865 859/83/923
f 807/25/865 808/27/867 859/83/923
f 809/26/866 842/62/902 810/28/868
f 810/28/868 842/62/902 840/61/901
f 837/57/897 788/7/847 860/84/924
f 788/7/847 807/25/865 860/84/924
f 790/8/848 835/53/893 842/62/902
f 842/62/902 809/26/866 790/8/848
f 811/29/869 849/72/912 848/71/911
f 848/71/911 814/32/872 811/29/869
f 853/76/916 812/31/871 850/73/913
f 812/31/871 813/30/870 850/73/913
f 848/71/911 789/6/846 814/32/872
f 848/71/911 833/51/891 789/6/846
f 850/73/913 813/30/870 836/56/896
f 813/30/870 787/5/845 836/56/896
f 294/97/326 867/98/325 853/76/916
f 812/31/871 853/76/916 867/98/325
f 867/98/325 292/99/324 812/31/871
f 292/99/324 811/29/869 812/31/871
f 292/99/324 293/100/323 811/29/869
f 293/100/323 849/72/912 811/29/869
f 293/100/323 299/101/336 819/37/877
f 819/37/877 849/72/912 293/100/323
f 819/37/877 299/101/336 868/102/335
f 868/102/335 821/38/878 819/37/877
f 821/38/878 868/102/335 845/67/907
f 868/102/335 869/103/334 845/67/907
f 845/67/907 869/103/334 298/104/333
f 298/104/333 866/68/908 845/67/907
f 806/24/864 866/96/908 298/105/333
f 298/105/333 297/106/332 806/24/864
f 804/23/863 806/24/864 297/106/332
f 297/106/332 870/107/331 804/23/863
f 854/94/918 804/23/863 870/107/331
f 870/107/331 296/108/330 854/94/918
f 295/109/329 827/45/885 854/78/918
f 854/78/918 296/110/330 295/109/329
f 824/42/882 295/109/329 871/111/328
f 824/42/882 827/45/885 295/109/329
f 851/75/915 871/111/328 872/112/327
f 851/75/915 824/42/882 871/111/328
f 872/112/327 294/97/326 853/76/916
f 853/76/916 851/75/915 872/112/327
f 840/61/901 2475/113/925 2474/114/926
f 2474/114/926 810/28/868 840/61/901
f 808/27/867 810/28/868 2474/114/926
f 2474/114/926 2472/115/927 808/27/867
f 859/83/923 808/27/867 2472/115/927
f 2472/115/927 2473/116/928 859/83/923
f 859/83/923 2473/116/928 828/46/886
f 2473/116/928 2484/117/929 828/46/886
f 830/47/887 828/46/886 2484/117/929
f 2484/117/929 2483/118/930 830/47/887
f 858/82/922 830/47/887 2483/118/930
f 2483/118/930 2482/119/931 858/82/922
f 2482/119/931 2481/120/932 856/81/921
f 856/81/921 858/82/922 2482/119/931
f 2480/121/933 800/19/859 856/91/921
f 856/91/921 2481/122/932 2480/121/933
f 2480/121/933 873/123/934 800/19/859
f 873/123/934 799/17/857 800/19/859
f 873/123/934 2479/124/935 799/17/857
f 2479/124/935 864/89/905 799/17/857
f 818/36/876 2479/125/935 2478/126/936
f 818/36/876 864/65/905 2479/125/935
f 815/33/873 2478/126/936 2477/127/937
f 815/33/873 818/36/876 2478/126/936
f 843/64/904 2477/127/937 2476/128/938
f 843/64/904 815/33/873 2477/127/937
f 840/61/901 2476/128/938 2475/113/925
f 840/61/901 843/64/904 2476/128/938
f 874/1/939 876/2/940 875/3/941
f 874/1/939 877/4/942 876/2/940
f 878/5/943 880/6/944 879/7/945
f 880/6/944 881/8/946 879/7/945
f 882/9/947 884/10/948 883/11/949
f 883/11/949 885/12/950 882/9/947
f 886/13/951 888/14/952 887/15/953
f 887/15/953 889/16/954 886/13/951
f 890/17/955 892/18/956 891/19/957
f 890/17/955 893/20/958 892/18/956
f 893/20/958 875/3/941 892/18/956
f 893/20/958 874/1/939 875/3/941
f 894/21/959 896/22/960 895/23/961
f 896/22/960 897/24/962 895/23/961
f 876/2/940 877/4/942 896/22/960
f 896/22/960 894/21/959 876/2/940
f 898/25/963 900/26/964 899/27/965
f 900/26/964 901/28/966 899/27/965
f 879/7/945 881/8/946 898/25/963
f 881/8/946 900/26/964 898/25/963
f 902/29/967 904/30/968 903/31/969
f 902/29/967 905/32/970 904/30/968
f 905/32/970 878/5/943 904/30/968
f 905/32/970 880/6/944 878/5/943
f 906/33/971 908/34/972 907/35/973
f 907/35/973 909/36/974 906/33/971
f 908/34/972 882/9/947 885/12/950
f 885/12/950 907/35/973 908/34/972
f 910/37/975 912/38/976 911/39/977
f 911/39/977 912/38/976 913/40/978
f 911/39/977 913/40/978 914/41/979
f 914/41/979 913/40/978 884/10/948
f 915/42/980 917/43/981 916/44/982
f 916/44/982 918/45/983 915/42/980
f 917/43/981 886/13/951 889/16/954
f 889/16/954 916/44/982 917/43/981
f 919/46/984 921/47/985 920/48/986
f 920/48/986 921/47/985 922/49/987
f 920/48/986 922/49/987 923/50/988
f 923/50/988 922/49/987 888/14/952
f 924/51/989 914/41/979 925/52/990
f 925/52/990 926/53/991 924/51/989
f 925/52/990 914/41/979 884/10/948
f 884/10/948 882/9/947 925/52/990
f 952/54/992 885/12/950 953/55/993
f 883/11/949 953/55/993 885/12/950
f 927/56/994 928/57/995 923/50/988
f 923/50/988 929/58/996 927/56/994
f 929/58/996 923/50/988 888/14/952
f 888/14/952 886/13/951 929/58/996
f 887/15/953 930/59/997 889/16/954
f 889/16/954 930/59/997 954/60/998
f 931/61/999 933/62/1000 932/63/1001
f 932/63/1001 934/64/1002 931/61/999
f 934/64/1002 932/63/1001 908/34/972
f 908/34/972 906/33/971 934/64/1002
f 955/65/1003 909/36/974 935/66/1004
f 907/35/973 935/66/1004 909/36/974
f 933/62/1000 926/53/991 925/52/990
f 925/52/990 932/63/1001 933/62/1000
f 932/63/1001 925/52/990 882/9/947
f 882/9/947 908/34/972 932/63/1001
f 935/66/1004 907/35/973 885/12/950
f 885/12/950 952/54/992 935/66/1004
f 936/67/1005 957/68/1006 937/69/1007
f 937/69/1007 938/70/1008 936/67/1005
f 912/38/976 936/67/1005 913/40/978
f 913/40/978 936/67/1005 938/70/1008
f 939/71/1009 940/72/1010 910/37/975
f 910/37/975 911/39/977 939/71/1009
f 938/70/1008 937/69/1007 953/55/993
f 953/55/993 883/11/949 938/70/1008
f 913/40/978 938/70/1008 884/10/948
f 884/10/948 938/70/1008 883/11/949
f 924/51/989 939/71/1009 911/39/977
f 911/39/977 914/41/979 924/51/989
f 941/73/1011 943/74/1012 942/75/1013
f 942/75/1013 944/76/1014 941/73/1011
f 942/75/1013 943/74/1012 917/43/981
f 917/43/981 915/42/980 942/75/1013
f 916/44/982 956/77/1015 945/78/1016
f 945/78/1016 918/45/983 916/44/982
f 941/73/1011 929/58/996 943/74/1012
f 941/73/1011 927/56/994 929/58/996
f 943/74/1012 929/58/996 886/13/951
f 886/13/951 917/43/981 943/74/1012
f 889/16/954 954/60/998 916/44/982
f 916/44/982 954/60/998 956/77/1015
f 946/79/1017 948/80/1018 947/81/1019
f 949/82/1020 947/81/1019 948/80/1018
f 921/47/985 949/82/1020 922/49/987
f 922/49/987 949/82/1020 948/80/1018
f 950/83/1021 919/46/984 920/48/986
f 920/48/986 951/84/1022 950/83/1021
f 948/80/1018 946/79/1017 887/15/953
f 887/15/953 946/79/1017 930/59/997
f 922/49/987 948/80/1018 888/14/952
f 888/14/952 948/80/1018 887/15/953
f 928/57/995 951/84/1022 920/48/986
f 920/48/986 923/50/988 928/57/995
f 874/1/939 952/85/992 877/4/942
f 952/85/992 953/86/993 877/4/942
f 954/87/998 930/88/997 875/3/941
f 875/3/941 876/2/940 954/87/998
f 927/56/994 878/5/943 879/7/945
f 879/7/945 928/57/995 927/56/994
f 924/51/989 881/8/946 880/6/944
f 881/8/946 924/51/989 926/53/991
f 890/17/955 955/89/1003 935/90/1004
f 935/90/1004 893/20/958 890/17/955
f 947/91/1019 891/19/957 892/18/956
f 892/18/956 946/92/1017 947/91/1019
f 893/20/958 935/90/1004 874/1/939
f 935/90/1004 952/85/992 874/1/939
f 946/92/1017 892/18/956 875/3/941
f 875/3/941 930/88/997 946/92/1017
f 956/93/1015 894/21/959 945/94/1016
f 894/21/959 895/23/961 945/94/1016
f 896/22/960 937/95/1007 957/96/1006
f 957/96/1006 897/24/962 896/22/960
f 956/93/1015 954/87/998 876/2/940
f 876/2/940 894/21/959 956/93/1015
f 953/86/993 896/22/960 877/4/942
f 896/22/960 953/86/993 937/95/1007
f 951/84/1022 898/25/963 950/83/1021
f 898/25/963 899/27/965 950/83/1021
f 900/26/964 933/62/1000 901/28/966
f 901/28/966 933/62/1000 931/61/999
f 928/57/995 879/7/945 951/84/1022
f 879/7/945 898/25/963 951/84/1022
f 881/8/946 926/53/991 933/62/1000
f 933/62/1000 900/26/964 881/8/946
f 902/29/967 940/72/1010 939/71/1009
f 939/71/1009 905/32/970 902/29/967
f 944/76/1014 903/31/969 941/73/1011
f 903/31/969 904/30/968 941/73/1011
f 939/71/1009 880/6/944 905/32/970
f 939/71/1009 924/51/989 880/6/944
f 941/73/1011 904/30/968 927/56/994
f 904/30/968 878/5/943 927/56/994
f 3044/97/1023 3043/98/1024 944/76/1014
f 903/31/969 944/76/1014 3043/98/1024
f 3043/98/1024 3041/99/1025 903/31/969
f 3041/99/1025 902/29/967 903/31/969
f 3041/99/1025 3042/100/1026 902/29/967
f 3042/100/1026 940/72/1010 902/29/967
f 3042/100/1026 3052/101/1027 910/37/975
f 910/37/975 940/72/1010 3042/100/1026
f 910/37/975 3052/101/1027 3051/102/1028
f 3051/102/1028 912/38/976 910/37/975
f 912/38/976 3051/102/1028 936/67/1005
f 3051/102/1028 3050/103/1029 936/67/1005
f 936/67/1005 3050/103/1029 3049/104/1030
f 3049/104/1030 957/68/1006 936/67/1005
f 897/24/962 957/96/1006 3049/105/1030
f 3049/105/1030 3048/106/1031 897/24/962
f 895/23/961 897/24/962 3048/106/1031
f 3048/106/1031 958/107/1032 895/23/961
f 945/94/1016 895/23/961 958/107/1032
f 958/107/1032 959/108/1033 945/94/1016
f 3047/109/1034 918/45/983 945/78/1016
f 945/78/1016 959/110/1033 3047/109/1034
f 915/42/980 3047/109/1034 3046/111/1035
f 915/42/980 918/45/983 3047/109/1034
f 942/75/1013 3046/111/1035 3045/112/1036
f 942/75/1013 915/42/980 3046/111/1035
f 3045/112/1036 3044/97/1023 944/76/1014
f 944/76/1014 942/75/1013 3045/112/1036
f 931/61/999 1908/113/1037 1907/114/1038
f 1907/114/1038 901/28/966 931/61/999
f 899/27/965 901/28/966 1907/114/1038
f 1907/114/1038 960/115/1039 899/27/965
f 950/83/1021 899/27/965 960/115/1039
f 960/115/1039 961/116/1040 950/83/1021
f 950/83/1021 961/116/1040 919/46/984
f 961/116/1040 962/117/1041 919/46/984
f 921/47/985 919/46/984 962/117/1041
f 962/117/1041 1909/118/1042 921/47/985
f 949/82/1020 921/47/985 1909/118/1042
f 1909/118/1042 963/119/1043 949/82/1020
f 963/119/1043 964/120/1044 947/81/1019
f 947/81/1019 949/82/1020 963/119/1043
f 965/121/1045 891/19/957 947/91/1019
f 947/91/1019 964/122/1044 965/121/1045
f 965/121/1045 966/123/1046 891/19/957
f 966/123/1046 890/17/955 891/19/957
f 966/123/1046 967/124/1047 890/17/955
f 967/124/1047 955/89/1003 890/17/955
f 909/36/974 967/125/1047 968/126/1048
f 909/36/974 955/65/1003 967/125/1047
f 906/33/971 968/126/1048 969/127/1049
f 906/33/971 909/36/974 968/126/1048
f 934/64/1002 969/127/1049 1910/128/1050
f 934/64/1002 906/33/971 969/127/1049
f 931/61/999 1910/128/1050 1908/113/1037
f 931/61/999 934/64/1002 1910/128/1050
f 970/129/1051 972/130/1052 971/131/1053
f 971/131/1053 973/132/1054 970/129/1051
f 974/133/1055 972/130/1052 975/134/1056
f 972/130/1052 970/129/1051 975/134/1056
f 985/135/1057 974/133/1055 987/136/1058
f 974/133/1055 975/134/1056 987/136/1058
f 976/137/1059 978/138/1060 977/139/1061
f 976/137/1059 979/140/1062 978/138/1060
f 980/141/1063 979/140/1062 976/137/1059
f 980/141/1063 981/142/1064 979/140/1062
f 982/143/1065 981/142/1064 980/141/1063
f 982/143/1065 983/144/1066 981/142/1064
f 984/145/1067 986/146/1068 985/147/1057
f 985/147/1057 987/148/1058 984/145/1067
f 988/149/1069 989/150/1070 986/146/1068
f 986/146/1068 984/145/1067 988/149/1069
f 990/151/1071 991/152/1072 989/150/1070
f 989/150/1070 988/149/1069 990/151/1071
f 977/139/1061 978/138/1060 991/152/1072
f 991/152/1072 990/151/1071 977/139/1061
f 982/143/1065 992/153/1073 983/144/1066
f 983/144/1066 992/153/1073 993/154/1074
f 992/153/1073 994/155/1075 993/154/1074
f 993/154/1074 994/155/1075 995/156/1076
f 994/155/1075 996/157/1077 995/156/1076
f 995/156/1076 996/157/1077 997/158/1078
f 971/159/1053 997/158/1078 973/160/1054
f 997/158/1078 996/157/1077 973/160/1054
f 998/161/1079 999/162/1080 1078/163/1081
f 1078/163/1081 1000/164/1082 998/161/1079
f 1000/164/1082 1078/163/1081 1001/165/1083
f 1078/163/1081 1079/166/1084 1001/165/1083
f 1001/165/1083 1079/166/1084 972/130/1052
f 1079/166/1084 971/131/1053 972/130/1052
f 1002/167/1085 1003/168/1086 1080/169/1087
f 1080/169/1087 1004/170/1088 1002/167/1085
f 1005/171/1089 1081/172/1090 1003/168/1086
f 1003/168/1086 1002/167/1085 1005/171/1089
f 970/129/1051 973/132/1054 1005/171/1089
f 1005/171/1089 973/132/1054 1081/172/1090
f 1006/173/1091 998/161/1079 1007/174/1092
f 998/161/1079 1000/164/1082 1007/174/1092
f 1007/174/1092 1000/164/1082 1008/175/1093
f 1000/164/1082 1001/165/1083 1008/175/1093
f 1008/175/1093 1001/165/1083 972/130/1052
f 972/130/1052 974/133/1055 1008/175/1093
f 1009/176/1094 1002/167/1085 1004/170/1088
f 1004/170/1088 1010/177/1095 1009/176/1094
f 1011/178/1096 1005/171/1089 1002/167/1085
f 1002/167/1085 1009/176/1094 1011/178/1096
f 970/129/1051 1011/178/1096 975/134/1056
f 970/129/1051 1005/171/1089 1011/178/1096
f 1012/179/1097 1006/173/1091 1043/180/1098
f 1006/173/1091 1007/174/1092 1043/180/1098
f 1043/180/1098 1007/174/1092 1008/175/1093
f 1008/175/1093 1013/181/1099 1043/180/1098
f 1013/181/1099 1008/175/1093 974/133/1055
f 974/133/1055 985/135/1057 1013/181/1099
f 1014/182/1100 1009/176/1094 1015/183/1101
f 1009/176/1094 1010/177/1095 1015/183/1101
f 1016/184/1102 1011/178/1096 1014/182/1100
f 1011/178/1096 1009/176/1094 1014/182/1100
f 975/134/1056 1016/184/1102 987/136/1058
f 975/134/1056 1011/178/1096 1016/184/1102
f 1017/185/1103 1019/186/1104 1018/187/1105
f 1019/186/1104 1020/188/1106 1018/187/1105
f 1021/189/1107 1022/190/1108 1017/185/1103
f 1022/190/1108 1019/186/1104 1017/185/1103
f 979/140/1062 1021/189/1107 978/138/1060
f 979/140/1062 1022/190/1108 1021/189/1107
f 1023/191/1109 1025/192/1110 1024/193/1111
f 1025/192/1110 1026/194/1112 1024/193/1111
f 1024/193/1111 1026/194/1112 1027/195/1113
f 1027/195/1113 1028/196/1114 1024/193/1111
f 1028/196/1114 1027/195/1113 976/137/1059
f 976/137/1059 977/139/1061 1028/196/1114
f 1029/197/1115 1020/188/1106 1019/186/1104
f 1029/197/1115 1030/198/1116 1020/188/1106
f 1022/190/1108 1031/199/1117 1029/197/1115
f 1029/197/1115 1019/186/1104 1022/190/1108
f 981/142/1064 1022/190/1108 979/140/1062
f 981/142/1064 1031/199/1117 1022/190/1108
f 1025/192/1110 1032/200/1118 1026/194/1112
f 1032/200/1118 1033/201/1119 1026/194/1112
f 1026/194/1112 1033/201/1119 1027/195/1113
f 1033/201/1119 1034/202/1120 1027/195/1113
f 1027/195/1113 1034/202/1120 980/141/1063
f 980/141/1063 976/137/1059 1027/195/1113
f 1029/197/1115 1036/203/1121 1035/204/1122
f 1035/204/1122 1030/198/1116 1029/197/1115
f 1031/199/1117 1037/205/1123 1036/203/1121
f 1036/203/1121 1029/197/1115 1031/199/1117
f 981/142/1064 983/144/1066 1037/205/1123
f 1037/205/1123 1031/199/1117 981/142/1064
f 1032/200/1118 1039/206/1124 1038/207/1125
f 1038/207/1125 1033/201/1119 1032/200/1118
f 1033/201/1119 1038/207/1125 1034/202/1120
f 1038/207/1125 1040/208/1126 1034/202/1120
f 1034/202/1120 1040/208/1126 980/141/1063
f 1040/208/1126 982/143/1065 980/141/1063
f 1041/209/1127 1042/210/1128 1012/211/1097
f 1012/211/1097 1043/212/1098 1041/209/1127
f 1044/213/1129 1041/209/1127 1043/212/1098
f 1043/212/1098 1013/214/1099 1044/213/1129
f 986/146/1068 1044/213/1129 1013/214/1099
f 1013/214/1099 985/147/1057 986/146/1068
f 1015/215/1101 1046/216/1130 1045/217/1131
f 1045/217/1131 1014/218/1100 1015/215/1101
f 1047/219/1132 1016/220/1102 1014/218/1100
f 1014/218/1100 1045/217/1131 1047/219/1132
f 984/145/1067 987/148/1058 1016/220/1102
f 1016/220/1102 1047/219/1132 984/145/1067
f 1048/221/1133 1049/222/1134 1042/210/1128
f 1042/210/1128 1041/209/1127 1048/221/1133
f 1050/223/1135 1048/221/1133 1041/209/1127
f 1041/209/1127 1044/213/1129 1050/223/1135
f 989/150/1070 1050/223/1135 1044/213/1129
f 1044/213/1129 986/146/1068 989/150/1070
f 1046/216/1130 1051/224/1136 1045/217/1131
f 1052/225/1137 1045/217/1131 1051/224/1136
f 1053/226/1138 1047/219/1132 1045/217/1131
f 1045/217/1131 1052/225/1137 1053/226/1138
f 988/149/1069 984/145/1067 1047/219/1132
f 1047/219/1132 1053/226/1138 988/149/1069
f 1054/227/1139 1055/228/1140 1049/222/1134
f 1049/222/1134 1048/221/1133 1054/227/1139
f 1054/227/1139 1048/221/1133 1050/223/1135
f 1050/223/1135 1056/229/1141 1054/227/1139
f 1056/229/1141 1050/223/1135 989/150/1070
f 989/150/1070 991/152/1072 1056/229/1141
f 1051/224/1136 1057/230/1142 1052/225/1137
f 1058/231/1143 1052/225/1137 1057/230/1142
f 1059/232/1144 1053/226/1138 1058/231/1143
f 1058/231/1143 1053/226/1138 1052/225/1137
f 990/151/1071 988/149/1069 1059/232/1144
f 1059/232/1144 988/149/1069 1053/226/1138
f 1018/187/1105 1055/228/1140 1054/227/1139
f 1054/227/1139 1017/185/1103 1018/187/1105
f 1017/185/1103 1054/227/1139 1056/229/1141
f 1056/229/1141 1021/189/1107 1017/185/1103
f 1021/189/1107 1056/229/1141 991/152/1072
f 991/152/1072 978/138/1060 1021/189/1107
f 1057/230/1142 1023/191/1109 1058/231/1143
f 1024/193/1111 1058/231/1143 1023/191/1109
f 1058/231/1143 1024/193/1111 1059/232/1144
f 1028/196/1114 1059/232/1144 1024/193/1111
f 1059/232/1144 1028/196/1114 990/151/1071
f 977/139/1061 990/151/1071 1028/196/1114
f 1060/233/1145 1035/204/1122 1061/234/1146
f 1036/203/1121 1061/234/1146 1035/204/1122
f 1061/234/1146 1036/203/1121 1062/235/1147
f 1037/205/1123 1062/235/1147 1036/203/1121
f 1062/235/1147 1037/205/1123 993/154/1074
f 983/144/1066 993/154/1074 1037/205/1123
f 1038/207/1125 1039/206/1124 1063/236/1148
f 1063/236/1148 1064/237/1149 1038/207/1125
f 1038/207/1125 1064/237/1149 1065/238/1150
f 1065/238/1150 1040/208/1126 1038/207/1125
f 1040/208/1126 1065/238/1150 992/153/1073
f 992/153/1073 982/143/1065 1040/208/1126
f 1066/239/1151 1060/233/1145 1067/240/1152
f 1061/234/1146 1067/240/1152 1060/233/1145
f 1062/235/1147 1068/241/1153 1061/234/1146
f 1061/234/1146 1068/241/1153 1067/240/1152
f 993/154/1074 995/156/1076 1062/235/1147
f 1062/235/1147 995/156/1076 1068/241/1153
f 1064/237/1149 1063/236/1148 1069/242/1154
f 1069/242/1154 1070/243/1155 1064/237/1149
f 1064/237/1149 1070/243/1155 1071/244/1156
f 1071/244/1156 1065/238/1150 1064/237/1149
f 1065/238/1150 1071/244/1156 994/155/1075
f 994/155/1075 992/153/1073 1065/238/1150
f 1072/245/1157 1066/239/1151 1073/246/1158
f 1067/240/1152 1073/246/1158 1066/239/1151
f 1068/241/1153 1074/247/1159 1073/246/1158
f 1073/246/1158 1067/240/1152 1068/241/1153
f 995/156/1076 997/158/1078 1074/247/1159
f 1074/247/1159 1068/241/1153 995/156/1076
f 1070/243/1155 1069/242/1154 1075/248/1160
f 1075/248/1160 1076/249/1161 1070/243/1155
f 1071/244/1156 1070/243/1155 1076/249/1161
f 1076/249/1161 1077/250/1162 1071/244/1156
f 994/155/1075 1071/244/1156 1077/250/1162
f 1077/250/1162 996/157/1077 994/155/1075
f 999/251/1080 1072/245/1157 1078/252/1081
f 1073/246/1158 1078/252/1081 1072/245/1157
f 1078/252/1081 1073/246/1158 1074/247/1159
f 1074/247/1159 1079/253/1084 1078/252/1081
f 1079/253/1084 1074/247/1159 971/159/1053
f 1074/247/1159 997/158/1078 971/159/1053
f 1076/249/1161 1075/248/1160 1080/254/1087
f 1080/254/1087 1003/255/1086 1076/249/1161
f 1077/250/1162 1076/249/1161 1003/255/1086
f 1003/255/1086 1081/256/1090 1077/250/1162
f 1077/250/1162 1081/256/1090 973/160/1054
f 973/160/1054 996/157/1077 1077/250/1162
f 1082/257/663 1057/230/1142 1051/224/1136
f 1051/224/1136 1083/258/664 1082/257/663
f 1083/258/664 1051/224/1136 1046/216/1130
f 1046/216/1130 575/259/665 1083/258/664
f 579/260/671 1084/261/670 1069/242/1154
f 1069/242/1154 1084/261/670 1075/248/1160
f 1085/262/672 579/260/671 1063/236/1148
f 1063/236/1148 579/260/671 1069/242/1154
f 1084/261/670 1086/263/669 1080/254/1087
f 1080/254/1087 1075/248/1160 1084/261/670
f 1087/264/659 1085/262/672 1039/206/1124
f 1039/206/1124 1085/262/672 1063/236/1148
f 1004/170/1088 1080/169/1087 578/265/668
f 1080/169/1087 1086/266/669 578/265/668
f 1088/267/660 1087/264/659 1039/206/1124
f 1039/206/1124 1032/200/1118 1088/267/660
f 1010/177/1095 1004/170/1088 578/265/668
f 578/265/668 577/268/667 1010/177/1095
f 1088/267/660 1025/192/1110 573/269/661
f 1088/267/660 1032/200/1118 1025/192/1110
f 1015/183/1101 1010/177/1095 576/270/666
f 1010/177/1095 577/268/667 576/270/666
f 574/271/662 573/269/661 1025/192/1110
f 1025/192/1110 1023/191/1109 574/271/662
f 1046/216/1130 1015/215/1101 576/272/666
f 576/272/666 575/259/665 1046/216/1130
f 574/271/662 1023/191/1109 1057/230/1142
f 1057/230/1142 1082/257/663 574/271/662
f 1035/204/1122 2/273/1163 1030/198/1116
f 2/273/1163 1035/204/1122 3/274/1164
f 1030/198/1116 1/275/1165 1020/188/1106
f 1030/198/1116 2/273/1163 1/275/1165
f 1018/187/1105 1020/188/1106 1/275/1165
f 1/275/1165 1089/276/1166 1018/187/1105
f 1018/187/1105 1089/276/1166 10/277/1167
f 10/277/1167 1055/228/1140 1018/187/1105
f 1055/228/1140 10/277/1167 1049/222/1134
f 10/277/1167 9/278/1168 1049/222/1134
f 1049/222/1134 9/278/1168 1042/210/1128
f 9/278/1168 7/279/1169 1042/210/1128
f 1042/210/1128 7/279/1169 8/280/1170
f 8/280/1170 1012/211/1097 1042/210/1128
f 1090/281/1171 1006/173/1091 8/282/1170
f 8/282/1170 1006/173/1091 1012/179/1097
f 6/283/1172 998/161/1079 1090/281/1171
f 1090/281/1171 998/161/1079 1006/173/1091
f 6/283/1172 1091/284/1173 998/161/1079
f 1091/284/1173 999/162/1080 998/161/1079
f 1072/245/1157 1091/285/1173 5/286/1174
f 1072/245/1157 999/251/1080 1091/285/1173
f 1066/239/1151 5/286/1174 4/287/1175
f 1066/239/1151 1072/245/1157 5/286/1174
f 1060/233/1145 4/287/1175 1092/288/1176
f 1060/233/1145 1066/239/1151 4/287/1175
f 1035/204/1122 1092/288/1176 3/274/1164
f 1035/204/1122 1060/233/1145 1092/288/1176
f 1093/1/1177 1095/2/1178 1094/3/1179
f 1093/1/1177 1096/4/1180 1095/2/1178
f 1097/5/1181 1099/6/1182 1098/7/1183
f 1099/6/1182 1100/8/1184 1098/7/1183
f 1101/9/1185 1103/10/1186 1102/11/1187
f 1102/11/1187 1104/12/1188 1101/9/1185
f 1106/17/1189 1108/18/1190 1107/19/1191
f 1106/17/1189 1109/20/1192 1108/18/1190
f 1109/20/1192 1094/3/1179 1108/18/1190
f 1109/20/1192 1093/1/1177 1094/3/1179
f 1110/21/1193 1112/22/1194 1111/23/1195
f 1112/22/1194 1113/24/1196 1111/23/1195
f 1095/2/1178 1096/4/1180 1112/22/1194
f 1112/22/1194 1110/21/1193 1095/2/1178
f 1114/25/1197 1116/26/1198 1115/27/1199
f 1116/26/1198 1117/28/1200 1115/27/1199
f 1098/7/1183 1100/8/1184 1114/25/1197
f 1100/8/1184 1116/26/1198 1114/25/1197
f 1118/29/1201 1120/30/1202 1119/31/1203
f 1118/29/1201 1121/32/1204 1120/30/1202
f 1121/32/1204 1097/5/1181 1120/30/1202
f 1121/32/1204 1099/6/1182 1097/5/1181
f 1122/33/1205 1124/34/1206 1123/35/1207
f 1123/35/1207 1125/36/1208 1122/33/1205
f 1124/34/1206 1101/9/1185 1104/12/1188
f 1104/12/1188 1123/35/1207 1124/34/1206
f 1126/37/1209 1128/38/1210 1127/39/1211
f 1127/39/1211 1128/38/1210 1129/40/1212
f 1127/39/1211 1129/40/1212 1130/41/1213
f 1130/41/1213 1129/40/1212 1103/10/1186
f 1131/42/1214 1133/43/1215 1132/44/1216
f 1132/44/1216 1134/45/1217 1131/42/1214
f 1133/43/1215 1216/13/1218 1215/16/1219
f 1215/16/1219 1132/44/1216 1133/43/1215
f 1135/46/1220 1137/47/1221 1136/48/1222
f 1136/48/1222 1137/47/1221 1138/49/1223
f 1136/48/1222 1138/49/1223 1212/50/1224
f 1212/50/1224 1138/49/1223 1105/14/1225
f 1139/51/1226 1130/41/1213 1140/52/1227
f 1140/52/1227 1141/53/1228 1139/51/1226
f 1140/52/1227 1130/41/1213 1103/10/1186
f 1103/10/1186 1101/9/1185 1140/52/1227
f 1166/54/1229 1104/12/1188 1167/55/1230
f 1102/11/1187 1167/55/1230 1104/12/1188
f 1142/56/1231 1143/57/1232 1212/50/1224
f 1212/50/1224 1211/289/1233 1142/56/1231
f 1142/56/1231 1211/289/1233 1144/58/1234
f 1094/3/1179 1188/290/1235 1214/88/1236
f 1145/61/1237 1147/62/1238 1146/63/1239
f 1146/63/1239 1148/64/1240 1145/61/1237
f 1148/64/1240 1146/63/1239 1124/34/1206
f 1124/34/1206 1122/33/1205 1148/64/1240
f 1169/65/1241 1125/36/1208 1149/66/1242
f 1123/35/1207 1149/66/1242 1125/36/1208
f 1147/62/1238 1141/53/1228 1140/52/1227
f 1140/52/1227 1146/63/1239 1147/62/1238
f 1146/63/1239 1140/52/1227 1101/9/1185
f 1101/9/1185 1124/34/1206 1146/63/1239
f 1149/66/1242 1123/35/1207 1104/12/1188
f 1104/12/1188 1166/54/1229 1149/66/1242
f 1150/67/1243 1171/68/1244 1151/69/1245
f 1151/69/1245 1152/70/1246 1150/67/1243
f 1128/38/1210 1150/67/1243 1129/40/1212
f 1129/40/1212 1150/67/1243 1152/70/1246
f 1153/71/1247 1154/72/1248 1126/37/1209
f 1126/37/1209 1127/39/1211 1153/71/1247
f 1152/70/1246 1151/69/1245 1167/55/1230
f 1167/55/1230 1102/11/1187 1152/70/1246
f 1129/40/1212 1152/70/1246 1103/10/1186
f 1103/10/1186 1152/70/1246 1102/11/1187
f 1139/51/1226 1153/71/1247 1127/39/1211
f 1127/39/1211 1130/41/1213 1139/51/1226
f 1155/73/1249 1157/74/1250 1156/75/1251
f 1156/75/1251 1158/76/1252 1155/73/1249
f 1156/75/1251 1157/74/1250 1133/43/1215
f 1133/43/1215 1131/42/1214 1156/75/1251
f 1132/44/1216 1170/77/1253 1159/78/1254
f 1159/78/1254 1134/45/1217 1132/44/1216
f 1155/73/1249 1144/58/1234 1157/74/1250
f 1155/73/1249 1142/56/1231 1144/58/1234
f 1157/74/1250 1144/58/1234 1216/13/1218
f 1216/13/1218 1133/43/1215 1157/74/1250
f 1215/16/1219 1168/60/1255 1132/44/1216
f 1132/44/1216 1168/60/1255 1170/77/1253
f 1160/79/1256 1162/80/1257 1161/81/1258
f 1163/82/1259 1161/81/1258 1162/80/1257
f 1137/47/1221 1163/82/1259 1138/49/1223
f 1138/49/1223 1163/82/1259 1162/80/1257
f 1164/83/1260 1135/46/1220 1136/48/1222
f 1136/48/1222 1165/84/1261 1164/83/1260
f 1162/80/1257 1160/79/1256 1213/15/1262
f 1213/15/1262 1160/79/1256 1214/59/1236
f 1138/49/1223 1162/80/1257 1105/14/1225
f 1105/14/1225 1162/80/1257 1213/15/1262
f 1143/57/1232 1165/84/1261 1136/48/1222
f 1136/48/1222 1212/50/1224 1143/57/1232
f 1093/1/1177 1166/85/1229 1096/4/1180
f 1166/85/1229 1167/86/1230 1096/4/1180
f 1168/87/1255 1188/290/1235 1094/3/1179
f 1094/3/1179 1095/2/1178 1168/87/1255
f 1142/56/1231 1097/5/1181 1098/7/1183
f 1098/7/1183 1143/57/1232 1142/56/1231
f 1139/51/1226 1100/8/1184 1099/6/1182
f 1100/8/1184 1139/51/1226 1141/53/1228
f 1106/17/1189 1169/89/1241 1149/90/1242
f 1149/90/1242 1109/20/1192 1106/17/1189
f 1161/91/1258 1107/19/1191 1108/18/1190
f 1108/18/1190 1160/92/1256 1161/91/1258
f 1109/20/1192 1149/90/1242 1093/1/1177
f 1149/90/1242 1166/85/1229 1093/1/1177
f 1160/92/1256 1108/18/1190 1094/3/1179
f 1094/3/1179 1214/88/1236 1160/92/1256
f 1170/93/1253 1110/21/1193 1159/94/1254
f 1110/21/1193 1111/23/1195 1159/94/1254
f 1112/22/1194 1151/95/1245 1171/96/1244
f 1171/96/1244 1113/24/1196 1112/22/1194
f 1170/93/1253 1168/87/1255 1095/2/1178
f 1095/2/1178 1110/21/1193 1170/93/1253
f 1167/86/1230 1112/22/1194 1096/4/1180
f 1112/22/1194 1167/86/1230 1151/95/1245
f 1165/84/1261 1114/25/1197 1164/83/1260
f 1114/25/1197 1115/27/1199 1164/83/1260
f 1116/26/1198 1147/62/1238 1117/28/1200
f 1117/28/1200 1147/62/1238 1145/61/1237
f 1143/57/1232 1098/7/1183 1165/84/1261
f 1098/7/1183 1114/25/1197 1165/84/1261
f 1100/8/1184 1141/53/1228 1147/62/1238
f 1147/62/1238 1116/26/1198 1100/8/1184
f 1118/29/1201 1154/72/1248 1153/71/1247
f 1153/71/1247 1121/32/1204 1118/29/1201
f 1158/76/1252 1119/31/1203 1155/73/1249
f 1119/31/1203 1120/30/1202 1155/73/1249
f 1153/71/1247 1099/6/1182 1121/32/1204
f 1153/71/1247 1139/51/1226 1099/6/1182
f 1155/73/1249 1120/30/1202 1142/56/1231
f 1120/30/1202 1097/5/1181 1142/56/1231
f 1642/97/1263 1172/98/1264 1158/76/1252
f 1119/31/1203 1158/76/1252 1172/98/1264
f 1172/98/1264 1643/99/1265 1119/31/1203
f 1643/99/1265 1118/29/1201 1119/31/1203
f 1643/99/1265 1173/100/1266 1118/29/1201
f 1173/100/1266 1154/72/1248 1118/29/1201
f 1173/100/1266 1644/101/1267 1126/37/1209
f 1126/37/1209 1154/72/1248 1173/100/1266
f 1126/37/1209 1644/101/1267 1174/102/1268
f 1174/102/1268 1128/38/1210 1126/37/1209
f 1128/38/1210 1174/102/1268 1150/67/1243
f 1174/102/1268 1645/103/1269 1150/67/1243
f 1150/67/1243 1645/103/1269 1647/104/1270
f 1647/104/1270 1171/68/1244 1150/67/1243
f 1113/24/1196 1171/96/1244 1647/105/1270
f 1647/105/1270 1646/106/1271 1113/24/1196
f 1111/23/1195 1113/24/1196 1646/106/1271
f 1646/106/1271 1648/107/1272 1111/23/1195
f 1159/94/1254 1111/23/1195 1648/107/1272
f 1648/107/1272 1649/108/1273 1159/94/1254
f 1175/109/1274 1134/45/1217 1159/78/1254
f 1159/78/1254 1649/110/1273 1175/109/1274
f 1131/42/1214 1175/109/1274 1650/111/1275
f 1131/42/1214 1134/45/1217 1175/109/1274
f 1156/75/1251 1650/111/1275 1176/112/1276
f 1156/75/1251 1131/42/1214 1650/111/1275
f 1176/112/1276 1642/97/1263 1158/76/1252
f 1158/76/1252 1156/75/1251 1176/112/1276
f 1145/61/1237 1178/113/1277 1177/114/1278
f 1177/114/1278 1117/28/1200 1145/61/1237
f 1115/27/1199 1117/28/1200 1177/114/1278
f 1177/114/1278 1179/115/1279 1115/27/1199
f 1164/83/1260 1115/27/1199 1179/115/1279
f 1179/115/1279 1180/116/1280 1164/83/1260
f 1164/83/1260 1180/116/1280 1135/46/1220
f 1180/116/1280 1181/117/1281 1135/46/1220
f 1137/47/1221 1135/46/1220 1181/117/1281
f 1181/117/1281 1182/118/1282 1137/47/1221
f 1163/82/1259 1137/47/1221 1182/118/1282
f 1182/118/1282 1183/119/1283 1163/82/1259
f 1183/119/1283 2611/120/1284 1161/81/1258
f 1161/81/1258 1163/82/1259 1183/119/1283
f 1184/121/1285 1107/19/1191 1161/91/1258
f 1161/91/1258 2611/122/1284 1184/121/1285
f 1184/121/1285 2612/123/1286 1107/19/1191
f 2612/123/1286 1106/17/1189 1107/19/1191
f 2612/123/1286 1185/124/1287 1106/17/1189
f 1185/124/1287 1169/89/1241 1106/17/1189
f 1125/36/1208 1185/125/1287 2613/126/1288
f 1125/36/1208 1169/65/1241 1185/125/1287
f 1122/33/1205 2613/126/1288 1186/127/1289
f 1122/33/1205 1125/36/1208 2613/126/1288
f 1148/64/1240 1186/127/1289 1187/128/1290
f 1148/64/1240 1122/33/1205 1186/127/1289
f 1145/61/1237 1187/128/1290 1178/113/1277
f 1145/61/1237 1148/64/1240 1187/128/1290
f 1189/17/1291 3514/18/1292 1190/19/1293
f 1189/17/1291 3516/20/1294 3514/18/1292
f 1191/25/1295 1193/26/1296 1192/27/1297
f 1193/26/1296 1194/28/1298 1192/27/1297
f 1195/33/1299 1197/34/1300 1196/35/1301
f 1196/35/1301 1198/36/1302 1195/33/1299
f 1199/46/1303 1201/47/1304 1200/48/1305
f 1200/48/1305 1201/47/1304 1202/49/1306
f 1203/61/1307 3512/62/1308 3517/63/1309
f 3517/63/1309 1204/64/1310 1203/61/1307
f 1204/64/1310 3517/63/1309 1197/34/1300
f 1197/34/1300 1195/33/1299 1204/64/1310
f 1210/65/1311 1198/36/1302 1205/66/1312
f 1196/35/1301 1205/66/1312 1198/36/1302
f 3515/79/1313 3513/80/1314 1206/81/1315
f 1207/82/1316 1206/81/1315 3513/80/1314
f 1201/47/1304 1207/82/1316 1202/49/1306
f 1202/49/1306 1207/82/1316 3513/80/1314
f 1208/83/1317 1199/46/1303 1200/48/1305
f 1200/48/1305 1209/84/1318 1208/83/1317
f 1189/17/1291 1210/89/1311 1205/90/1312
f 1205/90/1312 3516/20/1294 1189/17/1291
f 1206/91/1315 1190/19/1293 3514/18/1292
f 3514/18/1292 3515/92/1313 1206/91/1315
f 1209/84/1318 1191/25/1295 1208/83/1317
f 1191/25/1295 1192/27/1297 1208/83/1317
f 1193/26/1296 3512/62/1308 1194/28/1298
f 1194/28/1298 3512/62/1308 1203/61/1307
f 1203/61/1307 1144/113/1234 1211/114/1233
f 1211/114/1233 1194/28/1298 1203/61/1307
f 1192/27/1297 1194/28/1298 1211/114/1233
f 1208/83/1317 1192/27/1297 1211/115/1233
f 1211/115/1233 1212/116/1224 1208/83/1317
f 1208/83/1317 1212/116/1224 1199/46/1303
f 1201/47/1304 1199/46/1303 1212/117/1224
f 1212/117/1224 1105/118/1225 1201/47/1304
f 1207/82/1316 1201/47/1304 1105/118/1225
f 1105/118/1225 1213/119/1262 1207/82/1316
f 1213/119/1262 1214/120/1236 1206/81/1315
f 1206/81/1315 1207/82/1316 1213/119/1262
f 1188/121/1235 1190/19/1293 1206/91/1315
f 1206/91/1315 1214/122/1236 1188/121/1235
f 1188/123/1235 1189/17/1291 1190/19/1293
f 1188/123/1235 1168/124/1255 1189/17/1291
f 1168/124/1255 1210/89/1311 1189/17/1291
f 1198/36/1302 1168/125/1255 1215/126/1219
f 1198/36/1302 1210/65/1311 1168/125/1255
f 1195/33/1299 1215/126/1219 1216/127/1218
f 1195/33/1299 1198/36/1302 1215/126/1219
f 1204/64/1310 1216/127/1218 1144/128/1234
f 1204/64/1310 1195/33/1299 1216/127/1218
f 1203/61/1307 1204/64/1310 1144/128/1234
f 1217/291/1319 1219/292/1320 1218/293/1321
f 1219/292/1320 1220/294/1322 1218/293/1321
f 1219/292/1320 1222/295/1323 1221/296/1324
f 1221/296/1324 1220/294/1322 1219/292/1320
f 1222/295/1323 1223/297/1325 1221/296/1324
f 1223/297/1325 1232/298/1326 1221/296/1324
f 1224/299/1327 1226/300/1328 1225/301/1329
f 1224/299/1327 1227/302/1330 1226/300/1328
f 1225/301/1329 1229/303/1331 1228/304/1332
f 1225/301/1329 1226/300/1328 1229/303/1331
f 1228/304/1332 1231/305/1333 1230/306/1334
f 1228/304/1332 1229/303/1331 1231/305/1333
f 1223/307/1325 1233/308/1335 1232/309/1326
f 1234/310/1336 1232/309/1326 1233/308/1335
f 1233/308/1335 1235/311/1337 1234/310/1336
f 1236/312/1338 1234/310/1336 1235/311/1337
f 1235/311/1337 1237/313/1339 1236/312/1338
f 1238/314/1340 1236/312/1338 1237/313/1339
f 1237/313/1339 1227/302/1330 1238/314/1340
f 1224/299/1327 1238/314/1340 1227/302/1330
f 1231/305/1333 1239/315/1341 1230/306/1334
f 1231/305/1333 1240/316/1342 1239/315/1341
f 1240/316/1342 1241/317/1343 1239/315/1341
f 1240/316/1342 1242/318/1344 1241/317/1343
f 1242/318/1344 1243/319/1345 1241/317/1343
f 1242/318/1344 1244/320/1346 1243/319/1345
f 1245/321/1347 1217/322/1319 1244/320/1346
f 1245/321/1347 1250/323/1348 1217/322/1319
f 1341/324/1349 1247/325/1350 1246/326/1351
f 1246/326/1351 1340/327/1352 1341/324/1349
f 1340/327/1352 1246/326/1351 1248/328/1353
f 1248/328/1353 1342/329/1354 1340/327/1352
f 1342/329/1354 1248/328/1353 1249/330/1355
f 1249/330/1355 1250/331/1348 1342/329/1354
f 1250/331/1348 1249/330/1355 1217/291/1319
f 1249/330/1355 1219/292/1320 1217/291/1319
f 1251/332/1356 1253/333/1357 1252/334/1358
f 1251/332/1356 1254/335/1359 1253/333/1357
f 1255/336/1360 1256/337/1361 1252/334/1358
f 1252/334/1358 1256/337/1361 1251/332/1356
f 1218/293/1321 1220/294/1322 1255/336/1360
f 1255/336/1360 1220/294/1322 1256/337/1361
f 1247/325/1350 1258/338/1362 1257/339/1363
f 1257/339/1363 1246/326/1351 1247/325/1350
f 1246/326/1351 1257/339/1363 1259/340/1364
f 1259/340/1364 1248/328/1353 1246/326/1351
f 1248/328/1353 1259/340/1364 1260/341/1365
f 1260/341/1365 1249/330/1355 1248/328/1353
f 1249/330/1355 1260/341/1365 1222/295/1323
f 1222/295/1323 1219/292/1320 1249/330/1355
f 1261/342/1366 1254/335/1359 1251/332/1356
f 1261/342/1366 1262/343/1367 1254/335/1359
f 1256/337/1361 1263/344/1368 1251/332/1356
f 1251/332/1356 1263/344/1368 1261/342/1366
f 1220/294/1322 1221/296/1324 1256/337/1361
f 1256/337/1361 1221/296/1324 1263/344/1368
f 1258/338/1362 1264/345/1369 1297/346/1370
f 1297/346/1370 1257/339/1363 1258/338/1362
f 1257/339/1363 1297/346/1370 1265/347/1371
f 1265/347/1371 1259/340/1364 1257/339/1363
f 1259/340/1364 1265/347/1371 1266/348/1372
f 1266/348/1372 1260/341/1365 1259/340/1364
f 1260/341/1365 1266/348/1372 1222/295/1323
f 1223/297/1325 1222/295/1323 1266/348/1372
f 1267/349/1373 1262/343/1367 1261/342/1366
f 1267/349/1373 1268/350/1374 1262/343/1367
f 1263/344/1368 1305/351/1375 1261/342/1366
f 1261/342/1366 1305/351/1375 1267/349/1373
f 1221/296/1324 1232/298/1326 1263/344/1368
f 1263/344/1368 1232/298/1326 1305/351/1375
f 1269/352/1376 1271/353/1377 1270/354/1378
f 1270/354/1378 1272/355/1379 1269/352/1376
f 1273/356/1380 1274/357/1381 1269/352/1376
f 1269/352/1376 1274/357/1381 1271/353/1377
f 1275/358/1382 1276/359/1383 1273/356/1380
f 1273/356/1380 1276/359/1383 1274/357/1381
f 1227/302/1330 1275/358/1382 1226/300/1328
f 1227/302/1330 1276/359/1383 1275/358/1382
f 1277/360/1384 1279/361/1385 1278/362/1386
f 1278/362/1386 1280/363/1387 1277/360/1384
f 1277/360/1384 1280/363/1387 1281/364/1388
f 1281/364/1388 1282/365/1389 1277/360/1384
f 1282/365/1389 1281/364/1388 1224/299/1327
f 1224/299/1327 1225/301/1329 1282/365/1389
f 1269/352/1376 1284/366/1390 1283/367/1391
f 1269/352/1376 1272/355/1379 1284/366/1390
f 1285/368/1392 1273/356/1380 1283/367/1391
f 1283/367/1391 1273/356/1380 1269/352/1376
f 1286/369/1393 1275/358/1382 1285/368/1392
f 1285/368/1392 1275/358/1382 1273/356/1380
f 1226/300/1328 1286/369/1393 1229/303/1331
f 1226/300/1328 1275/358/1382 1286/369/1393
f 1287/370/1394 1279/361/1385 1277/360/1384
f 1277/360/1384 1288/371/1395 1287/370/1394
f 1288/371/1395 1277/360/1384 1282/365/1389
f 1282/365/1389 1289/372/1396 1288/371/1395
f 1289/372/1396 1282/365/1389 1225/301/1329
f 1225/301/1329 1228/304/1332 1289/372/1396
f 1283/367/1391 1291/373/1397 1290/374/1398
f 1283/367/1391 1284/366/1390 1291/373/1397
f 1292/375/1399 1285/368/1392 1290/374/1398
f 1290/374/1398 1285/368/1392 1283/367/1391
f 1293/376/1400 1286/369/1393 1292/375/1399
f 1292/375/1399 1286/369/1393 1285/368/1392
f 1229/303/1331 1293/376/1400 1231/305/1333
f 1229/303/1331 1286/369/1393 1293/376/1400
f 1294/377/1401 1287/370/1394 1288/371/1395
f 1288/371/1395 1295/378/1402 1294/377/1401
f 1295/378/1402 1288/371/1395 1289/372/1396
f 1289/372/1396 1296/379/1403 1295/378/1402
f 1296/379/1403 1289/372/1396 1228/304/1332
f 1228/304/1332 1230/306/1334 1296/379/1403
f 1264/380/1369 1298/381/1404 1297/382/1370
f 1299/383/1405 1297/382/1370 1298/381/1404
f 1297/382/1370 1299/383/1405 1265/384/1371
f 1300/385/1406 1265/384/1371 1299/383/1405
f 1265/384/1371 1300/385/1406 1266/386/1372
f 1301/387/1407 1266/386/1372 1300/385/1406
f 1266/386/1372 1301/387/1407 1223/307/1325
f 1233/308/1335 1223/307/1325 1301/387/1407
f 1302/388/1408 1303/389/1409 1268/390/1374
f 1268/390/1374 1267/391/1373 1302/388/1408
f 1304/392/1410 1302/388/1408 1267/391/1373
f 1267/391/1373 1305/393/1375 1304/392/1410
f 1234/310/1336 1304/392/1410 1305/393/1375
f 1305/393/1375 1232/309/1326 1234/310/1336
f 1298/381/1404 1306/394/1411 1299/383/1405
f 1307/395/1412 1299/383/1405 1306/394/1411
f 1299/383/1405 1307/395/1412 1300/385/1406
f 1308/396/1413 1300/385/1406 1307/395/1412
f 1300/385/1406 1308/396/1413 1301/387/1407
f 1309/397/1414 1301/387/1407 1308/396/1413
f 1301/387/1407 1309/397/1414 1233/308/1335
f 1235/311/1337 1233/308/1335 1309/397/1414
f 1310/398/1415 1311/399/1416 1303/389/1409
f 1303/389/1409 1302/388/1408 1310/398/1415
f 1310/398/1415 1304/392/1410 1312/400/1417
f 1310/398/1415 1302/388/1408 1304/392/1410
f 1236/312/1338 1312/400/1417 1304/392/1410
f 1304/392/1410 1234/310/1336 1236/312/1338
f 1306/394/1411 1313/401/1418 1307/395/1412
f 1314/402/1419 1307/395/1412 1313/401/1418
f 1307/395/1412 1314/402/1419 1308/396/1413
f 1315/403/1420 1308/396/1413 1314/402/1419
f 1308/396/1413 1315/403/1420 1309/397/1414
f 1316/404/1421 1309/397/1414 1315/403/1420
f 1309/397/1414 1316/404/1421 1235/311/1337
f 1237/313/1339 1235/311/1337 1316/404/1421
f 1317/405/1422 1318/406/1423 1311/399/1416
f 1311/399/1416 1310/398/1415 1317/405/1422
f 1317/405/1422 1312/400/1417 1319/407/1424
f 1317/405/1422 1310/398/1415 1312/400/1417
f 1319/407/1424 1312/400/1417 1236/312/1338
f 1236/312/1338 1238/314/1340 1319/407/1424
f 1313/401/1418 1270/354/1378 1314/402/1419
f 1271/353/1377 1314/402/1419 1270/354/1378
f 1314/402/1419 1271/353/1377 1315/403/1420
f 1274/357/1381 1315/403/1420 1271/353/1377
f 1315/403/1420 1274/357/1381 1316/404/1421
f 1276/359/1383 1316/404/1421 1274/357/1381
f 1316/404/1421 1276/359/1383 1237/313/1339
f 1227/302/1330 1237/313/1339 1276/359/1383
f 1280/363/1387 1278/362/1386 1318/406/1423
f 1318/406/1423 1317/405/1422 1280/363/1387
f 1280/363/1387 1319/407/1424 1281/364/1388
f 1280/363/1387 1317/405/1422 1319/407/1424
f 1281/364/1388 1319/407/1424 1238/314/1340
f 1238/314/1340 1224/299/1327 1281/364/1388
f 1291/373/1397 1320/408/1425 1290/374/1398
f 1291/373/1397 1321/409/1426 1320/408/1425
f 1290/374/1398 1320/408/1425 1322/410/1427
f 1290/374/1398 1322/410/1427 1292/375/1399
f 1292/375/1399 1322/410/1427 1323/411/1428
f 1292/375/1399 1323/411/1428 1293/376/1400
f 1293/376/1400 1240/316/1342 1231/305/1333
f 1293/376/1400 1323/411/1428 1240/316/1342
f 1295/378/1402 1324/412/1429 1294/377/1401
f 1295/378/1402 1325/413/1430 1324/412/1429
f 1295/378/1402 1296/379/1403 1326/414/1431
f 1326/414/1431 1325/413/1430 1295/378/1402
f 1296/379/1403 1230/306/1334 1239/315/1341
f 1239/315/1341 1326/414/1431 1296/379/1403
f 1321/409/1426 1327/415/1432 1320/408/1425
f 1321/409/1426 1328/416/1433 1327/415/1432
f 1320/408/1425 1327/415/1432 1329/417/1434
f 1320/408/1425 1329/417/1434 1322/410/1427
f 1322/410/1427 1330/418/1435 1323/411/1428
f 1322/410/1427 1329/417/1434 1330/418/1435
f 1323/411/1428 1242/318/1344 1240/316/1342
f 1323/411/1428 1330/418/1435 1242/318/1344
f 1325/413/1430 1331/419/1436 1324/412/1429
f 1325/413/1430 1332/420/1437 1331/419/1436
f 1325/413/1430 1326/414/1431 1333/421/1438
f 1333/421/1438 1332/420/1437 1325/413/1430
f 1326/414/1431 1239/315/1341 1241/317/1343
f 1241/317/1343 1333/421/1438 1326/414/1431
f 1328/416/1433 1334/422/1439 1327/415/1432
f 1328/416/1433 1335/423/1440 1334/422/1439
f 1327/415/1432 1336/424/1441 1329/417/1434
f 1327/415/1432 1334/422/1439 1336/424/1441
f 1329/417/1434 1245/321/1347 1330/418/1435
f 1329/417/1434 1336/424/1441 1245/321/1347
f 1330/418/1435 1244/320/1346 1242/318/1344
f 1330/418/1435 1245/321/1347 1244/320/1346
f 1332/420/1437 1337/425/1442 1331/419/1436
f 1332/420/1437 1338/426/1443 1337/425/1442
f 1332/420/1437 1333/421/1438 1339/427/1444
f 1339/427/1444 1338/426/1443 1332/420/1437
f 1333/421/1438 1241/317/1343 1243/319/1345
f 1243/319/1345 1339/427/1444 1333/421/1438
f 1338/426/1443 1253/428/1357 1337/425/1442
f 1338/426/1443 1252/429/1358 1253/428/1357
f 1252/429/1358 1338/426/1443 1339/427/1444
f 1339/427/1444 1255/430/1360 1252/429/1358
f 1339/427/1444 1243/319/1345 1255/430/1360
f 1243/319/1345 1218/431/1321 1255/430/1360
f 1244/320/1346 1218/431/1321 1243/319/1345
f 1244/320/1346 1217/322/1319 1218/431/1321
f 1335/423/1440 1340/432/1352 1334/422/1439
f 1335/423/1440 1341/433/1349 1340/432/1352
f 1334/422/1439 1342/434/1354 1336/424/1441
f 1334/422/1439 1340/432/1352 1342/434/1354
f 1336/424/1441 1250/323/1348 1245/321/1347
f 1336/424/1441 1342/434/1354 1250/323/1348
f 1343/435/213 1287/370/1394 1344/436/214
f 1344/436/214 1287/370/1394 1294/377/1401
f 193/437/212 1279/361/1385 1287/370/1394
f 1287/370/1394 1343/435/213 193/437/212
f 193/437/212 194/438/211 1278/362/1386
f 1278/362/1386 1279/361/1385 193/437/212
f 1278/362/1386 194/438/211 198/439/224
f 198/439/224 1318/406/1423 1278/362/1386
f 1318/406/1423 198/439/224 1345/440/223
f 1345/440/223 1311/399/1416 1318/406/1423
f 1311/399/1416 1345/440/223 197/441/222
f 197/441/222 1303/389/1409 1311/399/1416
f 1303/389/1409 197/441/222 196/442/221
f 196/442/221 1268/390/1374 1303/389/1409
f 1262/343/1367 1268/350/1374 196/443/221
f 196/443/221 1346/444/220 1262/343/1367
f 1254/335/1359 1262/343/1367 1346/444/220
f 1346/444/220 195/445/219 1254/335/1359
f 1254/335/1359 1347/446/218 1253/333/1357
f 1254/335/1359 195/445/219 1347/446/218
f 1337/425/1442 1347/447/218 1348/448/217
f 1337/425/1442 1253/428/1357 1347/447/218
f 1331/419/1436 1348/448/217 1349/449/216
f 1331/419/1436 1337/425/1442 1348/448/217
f 1324/412/1429 1349/449/216 1350/450/215
f 1324/412/1429 1331/419/1436 1349/449/216
f 1294/377/1401 1350/450/215 1344/436/214
f 1294/377/1401 1324/412/1429 1350/450/215
f 1270/354/1378 100/451/101 1272/355/1379
f 100/451/101 1270/354/1378 101/452/102
f 1284/366/1390 1272/355/1379 100/451/101
f 100/451/101 1351/453/100 1284/366/1390
f 1284/366/1390 1351/453/100 99/454/99
f 99/454/99 1291/373/1397 1284/366/1390
f 99/454/99 1321/409/1426 1291/373/1397
f 99/454/99 1352/455/112 1321/409/1426
f 1352/455/112 1328/416/1433 1321/409/1426
f 1352/455/112 106/456/111 1328/416/1433
f 106/456/111 1335/423/1440 1328/416/1433
f 106/456/111 105/457/110 1335/423/1440
f 105/457/110 1341/433/1349 1335/423/1440
f 105/457/110 1354/458/109 1341/433/1349
f 1353/459/108 1247/325/1350 1354/460/109
f 1354/460/109 1247/325/1350 1341/324/1349
f 104/461/107 1258/338/1362 1247/325/1350
f 1247/325/1350 1353/459/108 104/461/107
f 104/461/107 1355/462/106 1258/338/1362
f 1355/462/106 1264/345/1369 1258/338/1362
f 1355/463/106 103/464/105 1264/380/1369
f 1298/381/1404 1264/380/1369 103/464/105
f 103/464/105 1356/465/104 1298/381/1404
f 1306/394/1411 1298/381/1404 1356/465/104
f 1356/465/104 102/466/103 1306/394/1411
f 1313/401/1418 1306/394/1411 102/466/103
f 102/466/103 101/452/102 1313/401/1418
f 1270/354/1378 1313/401/1418 101/452/102
f 1357/291/1445 1359/292/1446 1358/293/1447
f 1359/292/1446 1360/294/1448 1358/293/1447
f 1359/292/1446 1362/295/1449 1361/296/1450
f 1361/296/1450 1360/294/1448 1359/292/1446
f 1362/295/1449 1363/297/1451 1361/296/1450
f 1363/297/1451 1372/298/1452 1361/296/1450
f 1364/299/1453 1366/300/1454 1365/301/1455
f 1364/299/1453 1367/302/1456 1366/300/1454
f 1365/301/1455 1369/303/1457 1368/304/1458
f 1365/301/1455 1366/300/1454 1369/303/1457
f 1368/304/1458 1371/305/1459 1370/306/1460
f 1368/304/1458 1369/303/1457 1371/305/1459
f 1363/307/1451 1373/308/1461 1372/309/1452
f 1374/310/1462 1372/309/1452 1373/308/1461
f 1373/308/1461 1375/311/1463 1374/310/1462
f 1376/312/1464 1374/310/1462 1375/311/1463
f 1375/311/1463 1377/313/1465 1376/312/1464
f 1378/314/1466 1376/312/1464 1377/313/1465
f 1377/313/1465 1367/302/1456 1378/314/1466
f 1364/299/1453 1378/314/1466 1367/302/1456
f 1371/305/1459 1379/315/1467 1370/306/1460
f 1371/305/1459 1380/316/1468 1379/315/1467
f 1380/316/1468 1381/317/1469 1379/315/1467
f 1380/316/1468 1382/318/1470 1381/317/1469
f 1382/318/1470 1383/319/1471 1381/317/1469
f 1382/318/1470 1384/320/1472 1383/319/1471
f 1385/321/1473 1357/322/1445 1384/320/1472
f 1385/321/1473 1390/323/1474 1357/322/1445
f 1481/324/1475 1387/325/1476 1386/326/1477
f 1386/326/1477 1480/327/1478 1481/324/1475
f 1480/327/1478 1386/326/1477 1388/328/1479
f 1388/328/1479 1482/329/1480 1480/327/1478
f 1482/329/1480 1388/328/1479 1389/330/1481
f 1389/330/1481 1390/331/1474 1482/329/1480
f 1390/331/1474 1389/330/1481 1357/291/1445
f 1389/330/1481 1359/292/1446 1357/291/1445
f 1391/332/1482 1393/333/1483 1392/334/1484
f 1391/332/1482 1394/335/1485 1393/333/1483
f 1395/336/1486 1396/337/1487 1392/334/1484
f 1392/334/1484 1396/337/1487 1391/332/1482
f 1358/293/1447 1360/294/1448 1395/336/1486
f 1395/336/1486 1360/294/1448 1396/337/1487
f 1387/325/1476 1398/338/1488 1397/339/1489
f 1397/339/1489 1386/326/1477 1387/325/1476
f 1386/326/1477 1397/339/1489 1399/340/1490
f 1399/340/1490 1388/328/1479 1386/326/1477
f 1388/328/1479 1399/340/1490 1400/341/1491
f 1400/341/1491 1389/330/1481 1388/328/1479
f 1389/330/1481 1400/341/1491 1362/295/1449
f 1362/295/1449 1359/292/1446 1389/330/1481
f 1401/342/1492 1394/335/1485 1391/332/1482
f 1401/342/1492 1402/343/1493 1394/335/1485
f 1396/337/1487 1403/344/1494 1391/332/1482
f 1391/332/1482 1403/344/1494 1401/342/1492
f 1360/294/1448 1361/296/1450 1396/337/1487
f 1396/337/1487 1361/296/1450 1403/344/1494
f 1398/338/1488 1404/345/1495 1437/346/1496
f 1437/346/1496 1397/339/1489 1398/338/1488
f 1397/339/1489 1437/346/1496 1405/347/1497
f 1405/347/1497 1399/340/1490 1397/339/1489
f 1399/340/1490 1405/347/1497 1406/348/1498
f 1406/348/1498 1400/341/1491 1399/340/1490
f 1400/341/1491 1406/348/1498 1362/295/1449
f 1363/297/1451 1362/295/1449 1406/348/1498
f 1407/349/1499 1402/343/1493 1401/342/1492
f 1407/349/1499 1408/350/1500 1402/343/1493
f 1403/344/1494 1445/351/1501 1401/342/1492
f 1401/342/1492 1445/351/1501 1407/349/1499
f 1361/296/1450 1372/298/1452 1403/344/1494
f 1403/344/1494 1372/298/1452 1445/351/1501
f 1409/352/1502 1411/353/1503 1410/354/1504
f 1410/354/1504 1412/355/1505 1409/352/1502
f 1413/356/1506 1414/357/1507 1409/352/1502
f 1409/352/1502 1414/357/1507 1411/353/1503
f 1415/358/1508 1416/359/1509 1413/356/1506
f 1413/356/1506 1416/359/1509 1414/357/1507
f 1367/302/1456 1415/358/1508 1366/300/1454
f 1367/302/1456 1416/359/1509 1415/358/1508
f 1417/360/1510 1419/361/1511 1418/362/1512
f 1418/362/1512 1420/363/1513 1417/360/1510
f 1417/360/1510 1420/363/1513 1421/364/1514
f 1421/364/1514 1422/365/1515 1417/360/1510
f 1422/365/1515 1421/364/1514 1364/299/1453
f 1364/299/1453 1365/301/1455 1422/365/1515
f 1409/352/1502 1424/366/1516 1423/367/1517
f 1409/352/1502 1412/355/1505 1424/366/1516
f 1425/368/1518 1413/356/1506 1423/367/1517
f 1423/367/1517 1413/356/1506 1409/352/1502
f 1426/369/1519 1415/358/1508 1425/368/1518
f 1425/368/1518 1415/358/1508 1413/356/1506
f 1366/300/1454 1426/369/1519 1369/303/1457
f 1366/300/1454 1415/358/1508 1426/369/1519
f 1427/370/1520 1419/361/1511 1417/360/1510
f 1417/360/1510 1428/371/1521 1427/370/1520
f 1428/371/1521 1417/360/1510 1422/365/1515
f 1422/365/1515 1429/372/1522 1428/371/1521
f 1429/372/1522 1422/365/1515 1365/301/1455
f 1365/301/1455 1368/304/1458 1429/372/1522
f 1423/367/1517 1431/373/1523 1430/374/1524
f 1423/367/1517 1424/366/1516 1431/373/1523
f 1432/375/1525 1425/368/1518 1430/374/1524
f 1430/374/1524 1425/368/1518 1423/367/1517
f 1433/376/1526 1426/369/1519 1432/375/1525
f 1432/375/1525 1426/369/1519 1425/368/1518
f 1369/303/1457 1433/376/1526 1371/305/1459
f 1369/303/1457 1426/369/1519 1433/376/1526
f 1434/377/1527 1427/370/1520 1428/371/1521
f 1428/371/1521 1435/378/1528 1434/377/1527
f 1435/378/1528 1428/371/1521 1429/372/1522
f 1429/372/1522 1436/379/1529 1435/378/1528
f 1436/379/1529 1429/372/1522 1368/304/1458
f 1368/304/1458 1370/306/1460 1436/379/1529
f 1404/380/1495 1438/381/1530 1437/382/1496
f 1439/383/1531 1437/382/1496 1438/381/1530
f 1437/382/1496 1439/383/1531 1405/384/1497
f 1440/385/1532 1405/384/1497 1439/383/1531
f 1405/384/1497 1440/385/1532 1406/386/1498
f 1441/387/1533 1406/386/1498 1440/385/1532
f 1406/386/1498 1441/387/1533 1363/307/1451
f 1373/308/1461 1363/307/1451 1441/387/1533
f 1442/388/1534 1443/389/1535 1408/390/1500
f 1408/390/1500 1407/391/1499 1442/388/1534
f 1444/392/1536 1442/388/1534 1407/391/1499
f 1407/391/1499 1445/393/1501 1444/392/1536
f 1374/310/1462 1444/392/1536 1445/393/1501
f 1445/393/1501 1372/309/1452 1374/310/1462
f 1438/381/1530 1446/394/1537 1439/383/1531
f 1447/395/1538 1439/383/1531 1446/394/1537
f 1439/383/1531 1447/395/1538 1440/385/1532
f 1448/396/1539 1440/385/1532 1447/395/1538
f 1440/385/1532 1448/396/1539 1441/387/1533
f 1449/397/1540 1441/387/1533 1448/396/1539
f 1441/387/1533 1449/397/1540 1373/308/1461
f 1375/311/1463 1373/308/1461 1449/397/1540
f 1450/398/1541 1451/399/1542 1443/389/1535
f 1443/389/1535 1442/388/1534 1450/398/1541
f 1450/398/1541 1444/392/1536 1452/400/1543
f 1450/398/1541 1442/388/1534 1444/392/1536
f 1376/312/1464 1452/400/1543 1444/392/1536
f 1444/392/1536 1374/310/1462 1376/312/1464
f 1446/394/1537 1453/401/1544 1447/395/1538
f 1454/402/1545 1447/395/1538 1453/401/1544
f 1447/395/1538 1454/402/1545 1448/396/1539
f 1455/403/1546 1448/396/1539 1454/402/1545
f 1448/396/1539 1455/403/1546 1449/397/1540
f 1456/404/1547 1449/397/1540 1455/403/1546
f 1449/397/1540 1456/404/1547 1375/311/1463
f 1377/313/1465 1375/311/1463 1456/404/1547
f 1457/405/1548 1458/406/1549 1451/399/1542
f 1451/399/1542 1450/398/1541 1457/405/1548
f 1457/405/1548 1452/400/1543 1459/407/1550
f 1457/405/1548 1450/398/1541 1452/400/1543
f 1459/407/1550 1452/400/1543 1376/312/1464
f 1376/312/1464 1378/314/1466 1459/407/1550
f 1453/401/1544 1410/354/1504 1454/402/1545
f 1411/353/1503 1454/402/1545 1410/354/1504
f 1454/402/1545 1411/353/1503 1455/403/1546
f 1414/357/1507 1455/403/1546 1411/353/1503
f 1455/403/1546 1414/357/1507 1456/404/1547
f 1416/359/1509 1456/404/1547 1414/357/1507
f 1456/404/1547 1416/359/1509 1377/313/1465
f 1367/302/1456 1377/313/1465 1416/359/1509
f 1420/363/1513 1418/362/1512 1458/406/1549
f 1458/406/1549 1457/405/1548 1420/363/1513
f 1420/363/1513 1459/407/1550 1421/364/1514
f 1420/363/1513 1457/405/1548 1459/407/1550
f 1421/364/1514 1459/407/1550 1378/314/1466
f 1378/314/1466 1364/299/1453 1421/364/1514
f 1431/373/1523 1460/408/1551 1430/374/1524
f 1431/373/1523 1461/409/1552 1460/408/1551
f 1430/374/1524 1460/408/1551 1462/410/1553
f 1430/374/1524 1462/410/1553 1432/375/1525
f 1432/375/1525 1462/410/1553 1463/411/1554
f 1432/375/1525 1463/411/1554 1433/376/1526
f 1433/376/1526 1380/316/1468 1371/305/1459
f 1433/376/1526 1463/411/1554 1380/316/1468
f 1435/378/1528 1464/412/1555 1434/377/1527
f 1435/378/1528 1465/413/1556 1464/412/1555
f 1435/378/1528 1436/379/1529 1466/414/1557
f 1466/414/1557 1465/413/1556 1435/378/1528
f 1436/379/1529 1370/306/1460 1379/315/1467
f 1379/315/1467 1466/414/1557 1436/379/1529
f 1461/409/1552 1467/415/1558 1460/408/1551
f 1461/409/1552 1468/416/1559 1467/415/1558
f 1460/408/1551 1467/415/1558 1469/417/1560
f 1460/408/1551 1469/417/1560 1462/410/1553
f 1462/410/1553 1470/418/1561 1463/411/1554
f 1462/410/1553 1469/417/1560 1470/418/1561
f 1463/411/1554 1382/318/1470 1380/316/1468
f 1463/411/1554 1470/418/1561 1382/318/1470
f 1465/413/1556 1471/419/1562 1464/412/1555
f 1465/413/1556 1472/420/1563 1471/419/1562
f 1465/413/1556 1466/414/1557 1473/421/1564
f 1473/421/1564 1472/420/1563 1465/413/1556
f 1466/414/1557 1379/315/1467 1381/317/1469
f 1381/317/1469 1473/421/1564 1466/414/1557
f 1468/416/1559 1474/422/1565 1467/415/1558
f 1468/416/1559 1475/423/1566 1474/422/1565
f 1467/415/1558 1476/424/1567 1469/417/1560
f 1467/415/1558 1474/422/1565 1476/424/1567
f 1469/417/1560 1385/321/1473 1470/418/1561
f 1469/417/1560 1476/424/1567 1385/321/1473
f 1470/418/1561 1384/320/1472 1382/318/1470
f 1470/418/1561 1385/321/1473 1384/320/1472
f 1472/420/1563 1477/425/1568 1471/419/1562
f 1472/420/1563 1478/426/1569 1477/425/1568
f 1472/420/1563 1473/421/1564 1479/427/1570
f 1479/427/1570 1478/426/1569 1472/420/1563
f 1473/421/1564 1381/317/1469 1383/319/1471
f 1383/319/1471 1479/427/1570 1473/421/1564
f 1478/426/1569 1393/428/1483 1477/425/1568
f 1478/426/1569 1392/429/1484 1393/428/1483
f 1392/429/1484 1478/426/1569 1479/427/1570
f 1479/427/1570 1395/430/1486 1392/429/1484
f 1479/427/1570 1383/319/1471 1395/430/1486
f 1383/319/1471 1358/431/1447 1395/430/1486
f 1384/320/1472 1358/431/1447 1383/319/1471
f 1384/320/1472 1357/322/1445 1358/431/1447
f 1475/423/1566 1480/432/1478 1474/422/1565
f 1475/423/1566 1481/433/1475 1480/432/1478
f 1474/422/1565 1482/434/1480 1476/424/1567
f 1474/422/1565 1480/432/1478 1482/434/1480
f 1476/424/1567 1390/323/1474 1385/321/1473
f 1476/424/1567 1482/434/1480 1390/323/1474
f 1483/435/1571 1427/370/1520 1484/436/1572
f 1484/436/1572 1427/370/1520 1434/377/1527
f 1485/437/1573 1419/361/1511 1427/370/1520
f 1427/370/1520 1483/435/1571 1485/437/1573
f 1485/437/1573 1486/438/1574 1418/362/1512
f 1418/362/1512 1419/361/1511 1485/437/1573
f 1418/362/1512 1486/438/1574 2614/439/1575
f 2614/439/1575 1458/406/1549 1418/362/1512
f 1458/406/1549 2614/439/1575 1487/440/1576
f 1487/440/1576 1451/399/1542 1458/406/1549
f 1451/399/1542 1487/440/1576 2615/441/1577
f 2615/441/1577 1443/389/1535 1451/399/1542
f 1443/389/1535 2615/441/1577 1488/442/1578
f 1488/442/1578 1408/390/1500 1443/389/1535
f 1402/343/1493 1408/350/1500 1488/443/1578
f 1488/443/1578 1489/444/1579 1402/343/1493
f 1394/335/1485 1402/343/1493 1489/444/1579
f 1489/444/1579 1490/445/1580 1394/335/1485
f 1394/335/1485 2616/446/1581 1393/333/1483
f 1394/335/1485 1490/445/1580 2616/446/1581
f 1477/425/1568 2616/447/1581 1491/448/1582
f 1477/425/1568 1393/428/1483 2616/447/1581
f 1471/419/1562 1491/448/1582 1492/449/1583
f 1471/419/1562 1477/425/1568 1491/448/1582
f 1464/412/1555 1492/449/1583 1493/450/1584
f 1464/412/1555 1471/419/1562 1492/449/1583
f 1434/377/1527 1493/450/1584 1484/436/1572
f 1434/377/1527 1464/412/1555 1493/450/1584
f 1410/354/1504 1494/451/1585 1412/355/1505
f 1494/451/1585 1410/354/1504 1495/452/1586
f 1424/366/1516 1412/355/1505 1494/451/1585
f 1494/451/1585 1496/453/1587 1424/366/1516
f 1424/366/1516 1496/453/1587 1497/454/1588
f 1497/454/1588 1431/373/1523 1424/366/1516
f 1497/454/1588 1461/409/1552 1431/373/1523
f 1497/454/1588 1498/455/1589 1461/409/1552
f 1498/455/1589 1468/416/1559 1461/409/1552
f 1498/455/1589 2329/456/1590 1468/416/1559
f 2329/456/1590 1475/423/1566 1468/416/1559
f 2329/456/1590 1499/457/1591 1475/423/1566
f 1499/457/1591 1481/433/1475 1475/423/1566
f 1499/457/1591 1501/458/1592 1481/433/1475
f 1500/459/1593 1387/325/1476 1501/460/1592
f 1501/460/1592 1387/325/1476 1481/324/1475
f 2330/461/1594 1398/338/1488 1387/325/1476
f 1387/325/1476 1500/459/1593 2330/461/1594
f 2330/461/1594 1502/462/1595 1398/338/1488
f 1502/462/1595 1404/345/1495 1398/338/1488
f 1502/463/1595 1503/464/1596 1404/380/1495
f 1438/381/1530 1404/380/1495 1503/464/1596
f 1503/464/1596 1504/465/1597 1438/381/1530
f 1446/394/1537 1438/381/1530 1504/465/1597
f 1504/465/1597 2331/466/1598 1446/394/1537
f 1453/401/1544 1446/394/1537 2331/466/1598
f 2331/466/1598 1495/452/1586 1453/401/1544
f 1410/354/1504 1453/401/1544 1495/452/1586
f 1505/291/1599 1506/293/1600 1507/292/1601
f 1507/292/1601 1506/293/1600 1508/294/1602
f 1507/292/1601 1509/296/1603 1510/295/1604
f 1509/296/1603 1507/292/1601 1508/294/1602
f 1510/295/1604 1509/296/1603 1511/297/1605
f 1511/297/1605 1509/296/1603 1520/298/1606
f 1512/299/1607 1513/301/1608 1514/300/1609
f 1512/299/1607 1514/300/1609 1515/302/1610
f 1513/301/1608 1516/304/1611 1517/303/1612
f 1513/301/1608 1517/303/1612 1514/300/1609
f 1516/304/1611 1518/306/1613 1519/305/1614
f 1516/304/1611 1519/305/1614 1517/303/1612
f 1511/307/1605 1520/309/1606 1521/308/1615
f 1522/310/1616 1521/308/1615 1520/309/1606
f 1521/308/1615 1522/310/1616 1523/311/1617
f 1524/312/1618 1523/311/1617 1522/310/1616
f 1523/311/1617 1524/312/1618 1525/313/1619
f 1526/314/1620 1525/313/1619 1524/312/1618
f 1525/313/1619 1526/314/1620 1515/302/1610
f 1512/299/1607 1515/302/1610 1526/314/1620
f 1519/305/1614 1518/306/1613 1527/315/1621
f 1519/305/1614 1527/315/1621 1528/316/1622
f 1528/316/1622 1527/315/1621 1529/317/1623
f 1528/316/1622 1529/317/1623 1530/318/1624
f 1530/318/1624 1529/317/1623 1531/319/1625
f 1530/318/1624 1531/319/1625 1532/320/1626
f 1533/321/1627 1532/320/1626 1505/322/1599
f 1533/321/1627 1505/322/1599 1538/323/1628
f 1629/324/1629 1534/326/1630 1535/325/1631
f 1534/326/1630 1629/324/1629 1628/327/1632
f 1628/327/1632 1536/328/1633 1534/326/1630
f 1536/328/1633 1628/327/1632 1630/329/1634
f 1630/329/1634 1537/330/1635 1536/328/1633
f 1537/330/1635 1630/329/1634 1538/331/1628
f 1538/331/1628 1505/291/1599 1537/330/1635
f 1537/330/1635 1505/291/1599 1507/292/1601
f 1539/332/1636 1540/334/1637 1541/333/1638
f 1539/332/1636 1541/333/1638 1542/335/1639
f 1543/336/1640 1540/334/1637 1544/337/1641
f 1540/334/1637 1539/332/1636 1544/337/1641
f 1506/293/1600 1543/336/1640 1508/294/1602
f 1543/336/1640 1544/337/1641 1508/294/1602
f 1535/325/1631 1545/339/1642 1546/338/1643
f 1545/339/1642 1535/325/1631 1534/326/1630
f 1534/326/1630 1547/340/1644 1545/339/1642
f 1547/340/1644 1534/326/1630 1536/328/1633
f 1536/328/1633 1548/341/1645 1547/340/1644
f 1548/341/1645 1536/328/1633 1537/330/1635
f 1537/330/1635 1510/295/1604 1548/341/1645
f 1510/295/1604 1537/330/1635 1507/292/1601
f 1549/342/1646 1539/332/1636 1542/335/1639
f 1549/342/1646 1542/335/1639 1550/343/1647
f 1544/337/1641 1539/332/1636 1551/344/1648
f 1539/332/1636 1549/342/1646 1551/344/1648
f 1508/294/1602 1544/337/1641 1509/296/1603
f 1544/337/1641 1551/344/1648 1509/296/1603
f 1546/338/1643 1585/346/1649 1552/345/1650
f 1585/346/1649 1546/338/1643 1545/339/1642
f 1545/339/1642 1553/347/1651 1585/346/1649
f 1553/347/1651 1545/339/1642 1547/340/1644
f 1547/340/1644 1554/348/1652 1553/347/1651
f 1554/348/1652 1547/340/1644 1548/341/1645
f 1548/341/1645 1510/295/1604 1554/348/1652
f 1511/297/1605 1554/348/1652 1510/295/1604
f 1555/349/1653 1549/342/1646 1550/343/1647
f 1555/349/1653 1550/343/1647 1556/350/1654
f 1551/344/1648 1549/342/1646 1593/351/1655
f 1549/342/1646 1555/349/1653 1593/351/1655
f 1509/296/1603 1551/344/1648 1520/298/1606
f 1551/344/1648 1593/351/1655 1520/298/1606
f 1557/352/1656 1558/354/1657 1559/353/1658
f 1558/354/1657 1557/352/1656 1560/355/1659
f 1561/356/1660 1557/352/1656 1562/357/1661
f 1557/352/1656 1559/353/1658 1562/357/1661
f 1563/358/1662 1561/356/1660 1564/359/1663
f 1561/356/1660 1562/357/1661 1564/359/1663
f 1515/302/1610 1514/300/1609 1563/358/1662
f 1515/302/1610 1563/358/1662 1564/359/1663
f 1565/360/1664 1566/362/1665 1567/361/1666
f 1566/362/1665 1565/360/1664 1568/363/1667
f 1565/360/1664 1569/364/1668 1568/363/1667
f 1569/364/1668 1565/360/1664 1570/365/1669
f 1570/365/1669 1512/299/1607 1569/364/1668
f 1512/299/1607 1570/365/1669 1513/301/1608
f 1557/352/1656 1571/367/1670 1572/366/1671
f 1557/352/1656 1572/366/1671 1560/355/1659
f 1573/368/1672 1571/367/1670 1561/356/1660
f 1571/367/1670 1557/352/1656 1561/356/1660
f 1574/369/1673 1573/368/1672 1563/358/1662
f 1573/368/1672 1561/356/1660 1563/358/1662
f 1514/300/1609 1517/303/1612 1574/369/1673
f 1514/300/1609 1574/369/1673 1563/358/1662
f 1575/370/1674 1565/360/1664 1567/361/1666
f 1565/360/1664 1575/370/1674 1576/371/1675
f 1576/371/1675 1570/365/1669 1565/360/1664
f 1570/365/1669 1576/371/1675 1577/372/1676
f 1577/372/1676 1513/301/1608 1570/365/1669
f 1513/301/1608 1577/372/1676 1516/304/1611
f 1571/367/1670 1578/374/1677 1579/373/1678
f 1571/367/1670 1579/373/1678 1572/366/1671
f 1580/375/1679 1578/374/1677 1573/368/1672
f 1578/374/1677 1571/367/1670 1573/368/1672
f 1581/376/1680 1580/375/1679 1574/369/1673
f 1580/375/1679 1573/368/1672 1574/369/1673
f 1517/303/1612 1519/305/1614 1581/376/1680
f 1517/303/1612 1581/376/1680 1574/369/1673
f 1582/377/1681 1576/371/1675 1575/370/1674
f 1576/371/1675 1582/377/1681 1583/378/1682
f 1583/378/1682 1577/372/1676 1576/371/1675
f 1577/372/1676 1583/378/1682 1584/379/1683
f 1584/379/1683 1516/304/1611 1577/372/1676
f 1516/304/1611 1584/379/1683 1518/306/1613
f 1552/380/1650 1585/382/1649 1586/381/1684
f 1587/383/1685 1586/381/1684 1585/382/1649
f 1585/382/1649 1553/384/1651 1587/383/1685
f 1588/385/1686 1587/383/1685 1553/384/1651
f 1553/384/1651 1554/386/1652 1588/385/1686
f 1589/387/1687 1588/385/1686 1554/386/1652
f 1554/386/1652 1511/307/1605 1589/387/1687
f 1521/308/1615 1589/387/1687 1511/307/1605
f 1590/388/1688 1556/390/1654 1591/389/1689
f 1556/390/1654 1590/388/1688 1555/391/1653
f 1592/392/1690 1555/391/1653 1590/388/1688
f 1555/391/1653 1592/392/1690 1593/393/1655
f 1522/310/1616 1593/393/1655 1592/392/1690
f 1593/393/1655 1522/310/1616 1520/309/1606
f 1586/381/1684 1587/383/1685 1594/394/1691
f 1595/395/1692 1594/394/1691 1587/383/1685
f 1587/383/1685 1588/385/1686 1595/395/1692
f 1596/396/1693 1595/395/1692 1588/385/1686
f 1588/385/1686 1589/387/1687 1596/396/1693
f 1597/397/1694 1596/396/1693 1589/387/1687
f 1589/387/1687 1521/308/1615 1597/397/1694
f 1523/311/1617 1597/397/1694 1521/308/1615
f 1598/398/1695 1591/389/1689 1599/399/1696
f 1591/389/1689 1598/398/1695 1590/388/1688
f 1598/398/1695 1600/400/1697 1592/392/1690
f 1598/398/1695 1592/392/1690 1590/388/1688
f 1524/312/1618 1592/392/1690 1600/400/1697
f 1592/392/1690 1524/312/1618 1522/310/1616
f 1594/394/1691 1595/395/1692 1601/401/1698
f 1602/402/1699 1601/401/1698 1595/395/1692
f 1595/395/1692 1596/396/1693 1602/402/1699
f 1603/403/1700 1602/402/1699 1596/396/1693
f 1596/396/1693 1597/397/1694 1603/403/1700
f 1604/404/1701 1603/403/1700 1597/397/1694
f 1597/397/1694 1523/311/1617 1604/404/1701
f 1525/313/1619 1604/404/1701 1523/311/1617
f 1605/405/1702 1599/399/1696 1606/406/1703
f 1599/399/1696 1605/405/1702 1598/398/1695
f 1605/405/1702 1607/407/1704 1600/400/1697
f 1605/405/1702 1600/400/1697 1598/398/1695
f 1607/407/1704 1524/312/1618 1600/400/1697
f 1524/312/1618 1607/407/1704 1526/314/1620
f 1601/401/1698 1602/402/1699 1558/354/1657
f 1559/353/1658 1558/354/1657 1602/402/1699
f 1602/402/1699 1603/403/1700 1559/353/1658
f 1562/357/1661 1559/353/1658 1603/403/1700
f 1603/403/1700 1604/404/1701 1562/357/1661
f 1564/359/1663 1562/357/1661 1604/404/1701
f 1604/404/1701 1525/313/1619 1564/359/1663
f 1515/302/1610 1564/359/1663 1525/313/1619
f 1568/363/1667 1606/406/1703 1566/362/1665
f 1606/406/1703 1568/363/1667 1605/405/1702
f 1568/363/1667 1569/364/1668 1607/407/1704
f 1568/363/1667 1607/407/1704 1605/405/1702
f 1569/364/1668 1526/314/1620 1607/407/1704
f 1526/314/1620 1569/364/1668 1512/299/1607
f 1579/373/1678 1578/374/1677 1608/408/1705
f 1579/373/1678 1608/408/1705 1609/409/1706
f 1578/374/1677 1610/410/1707 1608/408/1705
f 1578/374/1677 1580/375/1679 1610/410/1707
f 1580/375/1679 1611/411/1708 1610/410/1707
f 1580/375/1679 1581/376/1680 1611/411/1708
f 1581/376/1680 1519/305/1614 1528/316/1622
f 1581/376/1680 1528/316/1622 1611/411/1708
f 1583/378/1682 1582/377/1681 1612/412/1709
f 1583/378/1682 1612/412/1709 1613/413/1710
f 1583/378/1682 1614/414/1711 1584/379/1683
f 1614/414/1711 1583/378/1682 1613/413/1710
f 1584/379/1683 1527/315/1621 1518/306/1613
f 1527/315/1621 1584/379/1683 1614/414/1711
f 1609/409/1706 1608/408/1705 1615/415/1712
f 1609/409/1706 1615/415/1712 1616/416/1713
f 1608/408/1705 1617/417/1714 1615/415/1712
f 1608/408/1705 1610/410/1707 1617/417/1714
f 1610/410/1707 1611/411/1708 1618/418/1715
f 1610/410/1707 1618/418/1715 1617/417/1714
f 1611/411/1708 1528/316/1622 1530/318/1624
f 1611/411/1708 1530/318/1624 1618/418/1715
f 1613/413/1710 1612/412/1709 1619/419/1716
f 1613/413/1710 1619/419/1716 1620/420/1717
f 1613/413/1710 1621/421/1718 1614/414/1711
f 1621/421/1718 1613/413/1710 1620/420/1717
f 1614/414/1711 1529/317/1623 1527/315/1621
f 1529/317/1623 1614/414/1711 1621/421/1718
f 1616/416/1713 1615/415/1712 1622/422/1719
f 1616/416/1713 1622/422/1719 1623/423/1720
f 1615/415/1712 1617/417/1714 1624/424/1721
f 1615/415/1712 1624/424/1721 1622/422/1719
f 1617/417/1714 1618/418/1715 1533/321/1627
f 1617/417/1714 1533/321/1627 1624/424/1721
f 1618/418/1715 1530/318/1624 1532/320/1626
f 1618/418/1715 1532/320/1626 1533/321/1627
f 1620/420/1717 1619/419/1716 1625/425/1722
f 1620/420/1717 1625/425/1722 1626/426/1723
f 1620/420/1717 1627/427/1724 1621/421/1718
f 1627/427/1724 1620/420/1717 1626/426/1723
f 1621/421/1718 1531/319/1625 1529/317/1623
f 1531/319/1625 1621/421/1718 1627/427/1724
f 1626/426/1723 1625/425/1722 1541/428/1638
f 1626/426/1723 1541/428/1638 1540/429/1637
f 1540/429/1637 1627/427/1724 1626/426/1723
f 1627/427/1724 1540/429/1637 1543/430/1640
f 1627/427/1724 1543/430/1640 1531/319/1625
f 1531/319/1625 1543/430/1640 1506/431/1600
f 1532/320/1626 1531/319/1625 1506/431/1600
f 1532/320/1626 1506/431/1600 1505/322/1599
f 1623/423/1720 1622/422/1719 1628/432/1632
f 1623/423/1720 1628/432/1632 1629/433/1629
f 1622/422/1719 1624/424/1721 1630/434/1634
f 1622/422/1719 1630/434/1634 1628/432/1632
f 1624/424/1721 1533/321/1627 1538/323/1628
f 1624/424/1721 1538/323/1628 1630/434/1634
f 1779/435/1725 1631/436/1726 1575/370/1674
f 1631/436/1726 1582/377/1681 1575/370/1674
f 1632/437/1727 1575/370/1674 1567/361/1666
f 1575/370/1674 1632/437/1727 1779/435/1725
f 1632/437/1727 1566/362/1665 1778/438/1728
f 1566/362/1665 1632/437/1727 1567/361/1666
f 1566/362/1665 1780/439/1729 1778/438/1728
f 1780/439/1729 1566/362/1665 1606/406/1703
f 1606/406/1703 1633/440/1730 1780/439/1729
f 1633/440/1730 1606/406/1703 1599/399/1696
f 1599/399/1696 1634/441/1731 1633/440/1730
f 1634/441/1731 1599/399/1696 1591/389/1689
f 1591/389/1689 1635/442/1732 1634/441/1731
f 1635/442/1732 1591/389/1689 1556/390/1654
f 1550/343/1647 1635/443/1732 1556/350/1654
f 1635/443/1732 1550/343/1647 1636/444/1733
f 1542/335/1639 1636/444/1733 1550/343/1647
f 1636/444/1733 1542/335/1639 1637/445/1734
f 1542/335/1639 1541/333/1638 1638/446/1735
f 1542/335/1639 1638/446/1735 1637/445/1734
f 1625/425/1722 1639/448/1736 1638/447/1735
f 1625/425/1722 1638/447/1735 1541/428/1638
f 1619/419/1716 1640/449/1737 1639/448/1736
f 1619/419/1716 1639/448/1736 1625/425/1722
f 1612/412/1709 1641/450/1738 1640/449/1737
f 1612/412/1709 1640/449/1737 1619/419/1716
f 1582/377/1681 1631/436/1726 1641/450/1738
f 1582/377/1681 1641/450/1738 1612/412/1709
f 1558/354/1657 1560/355/1659 1172/451/1264
f 1172/451/1264 1642/452/1263 1558/354/1657
f 1572/366/1671 1172/451/1264 1560/355/1659
f 1172/451/1264 1572/366/1671 1643/453/1265
f 1572/366/1671 1173/454/1266 1643/453/1265
f 1173/454/1266 1572/366/1671 1579/373/1678
f 1173/454/1266 1579/373/1678 1609/409/1706
f 1173/454/1266 1609/409/1706 1644/455/1267
f 1644/455/1267 1609/409/1706 1616/416/1713
f 1644/455/1267 1616/416/1713 1174/456/1268
f 1174/456/1268 1616/416/1713 1623/423/1720
f 1174/456/1268 1623/423/1720 1645/457/1269
f 1645/457/1269 1623/423/1720 1629/433/1629
f 1645/457/1269 1629/433/1629 1647/458/1270
f 1646/459/1271 1647/460/1270 1535/325/1631
f 1647/460/1270 1629/324/1629 1535/325/1631
f 1648/461/1272 1535/325/1631 1546/338/1643
f 1535/325/1631 1648/461/1272 1646/459/1271
f 1648/461/1272 1546/338/1643 1649/462/1273
f 1649/462/1273 1546/338/1643 1552/345/1650
f 1649/463/1273 1552/380/1650 1175/464/1274
f 1586/381/1684 1175/464/1274 1552/380/1650
f 1175/464/1274 1586/381/1684 1650/465/1275
f 1594/394/1691 1650/465/1275 1586/381/1684
f 1650/465/1275 1594/394/1691 1176/466/1276
f 1601/401/1698 1176/466/1276 1594/394/1691
f 1176/466/1276 1601/401/1698 1642/452/1263
f 1558/354/1657 1642/452/1263 1601/401/1698
f 1651/291/1739 1652/293/1740 1653/292/1741
f 1653/292/1741 1652/293/1740 1654/294/1742
f 1653/292/1741 1655/296/1743 1656/295/1744
f 1655/296/1743 1653/292/1741 1654/294/1742
f 1656/295/1744 1655/296/1743 1657/297/1745
f 1657/297/1745 1655/296/1743 1666/298/1746
f 1658/299/1747 1659/301/1748 1660/300/1749
f 1658/299/1747 1660/300/1749 1661/302/1750
f 1659/301/1748 1662/304/1751 1663/303/1752
f 1659/301/1748 1663/303/1752 1660/300/1749
f 1662/304/1751 1664/306/1753 1665/305/1754
f 1662/304/1751 1665/305/1754 1663/303/1752
f 1657/307/1745 1666/309/1746 1667/308/1755
f 1668/310/1756 1667/308/1755 1666/309/1746
f 1667/308/1755 1668/310/1756 1669/311/1757
f 1670/312/1758 1669/311/1757 1668/310/1756
f 1669/311/1757 1670/312/1758 1671/313/1759
f 1672/314/1760 1671/313/1759 1670/312/1758
f 1671/313/1759 1672/314/1760 1661/302/1750
f 1658/299/1747 1661/302/1750 1672/314/1760
f 1665/305/1754 1664/306/1753 1673/315/1761
f 1665/305/1754 1673/315/1761 1674/316/1762
f 1674/316/1762 1673/315/1761 1675/317/1763
f 1674/316/1762 1675/317/1763 1676/318/1764
f 1676/318/1764 1675/317/1763 1677/319/1765
f 1676/318/1764 1677/319/1765 1678/320/1766
f 1679/321/1767 1678/320/1766 1651/322/1739
f 1679/321/1767 1651/322/1739 1684/323/1768
f 1775/324/1769 1680/326/1770 1681/325/1771
f 1680/326/1770 1775/324/1769 1774/327/1772
f 1774/327/1772 1682/328/1773 1680/326/1770
f 1682/328/1773 1774/327/1772 1776/329/1774
f 1776/329/1774 1683/330/1775 1682/328/1773
f 1683/330/1775 1776/329/1774 1684/331/1768
f 1684/331/1768 1651/291/1739 1683/330/1775
f 1683/330/1775 1651/291/1739 1653/292/1741
f 1685/332/1776 1686/334/1777 1687/333/1778
f 1685/332/1776 1687/333/1778 1688/335/1779
f 1689/336/1780 1686/334/1777 1690/337/1781
f 1686/334/1777 1685/332/1776 1690/337/1781
f 1652/293/1740 1689/336/1780 1654/294/1742
f 1689/336/1780 1690/337/1781 1654/294/1742
f 1681/325/1771 1691/339/1782 1692/338/1783
f 1691/339/1782 1681/325/1771 1680/326/1770
f 1680/326/1770 1693/340/1784 1691/339/1782
f 1693/340/1784 1680/326/1770 1682/328/1773
f 1682/328/1773 1694/341/1785 1693/340/1784
f 1694/341/1785 1682/328/1773 1683/330/1775
f 1683/330/1775 1656/295/1744 1694/341/1785
f 1656/295/1744 1683/330/1775 1653/292/1741
f 1695/342/1786 1685/332/1776 1688/335/1779
f 1695/342/1786 1688/335/1779 1696/343/1787
f 1690/337/1781 1685/332/1776 1697/344/1788
f 1685/332/1776 1695/342/1786 1697/344/1788
f 1654/294/1742 1690/337/1781 1655/296/1743
f 1690/337/1781 1697/344/1788 1655/296/1743
f 1692/338/1783 1731/346/1789 1698/345/1790
f 1731/346/1789 1692/338/1783 1691/339/1782
f 1691/339/1782 1699/347/1791 1731/346/1789
f 1699/347/1791 1691/339/1782 1693/340/1784
f 1693/340/1784 1700/348/1792 1699/347/1791
f 1700/348/1792 1693/340/1784 1694/341/1785
f 1694/341/1785 1656/295/1744 1700/348/1792
f 1657/297/1745 1700/348/1792 1656/295/1744
f 1701/349/1793 1695/342/1786 1696/343/1787
f 1701/349/1793 1696/343/1787 1702/350/1794
f 1697/344/1788 1695/342/1786 1739/351/1795
f 1695/342/1786 1701/349/1793 1739/351/1795
f 1655/296/1743 1697/344/1788 1666/298/1746
f 1697/344/1788 1739/351/1795 1666/298/1746
f 1703/352/1796 1704/354/1797 1705/353/1798
f 1704/354/1797 1703/352/1796 1706/355/1799
f 1707/356/1800 1703/352/1796 1708/357/1801
f 1703/352/1796 1705/353/1798 1708/357/1801
f 1709/358/1802 1707/356/1800 1710/359/1803
f 1707/356/1800 1708/357/1801 1710/359/1803
f 1661/302/1750 1660/300/1749 1709/358/1802
f 1661/302/1750 1709/358/1802 1710/359/1803
f 1711/360/1804 1712/362/1805 1713/361/1806
f 1712/362/1805 1711/360/1804 1714/363/1807
f 1711/360/1804 1715/364/1808 1714/363/1807
f 1715/364/1808 1711/360/1804 1716/365/1809
f 1716/365/1809 1658/299/1747 1715/364/1808
f 1658/299/1747 1716/365/1809 1659/301/1748
f 1703/352/1796 1717/367/1810 1718/366/1811
f 1703/352/1796 1718/366/1811 1706/355/1799
f 1719/368/1812 1717/367/1810 1707/356/1800
f 1717/367/1810 1703/352/1796 1707/356/1800
f 1720/369/1813 1719/368/1812 1709/358/1802
f 1719/368/1812 1707/356/1800 1709/358/1802
f 1660/300/1749 1663/303/1752 1720/369/1813
f 1660/300/1749 1720/369/1813 1709/358/1802
f 1721/370/1814 1711/360/1804 1713/361/1806
f 1711/360/1804 1721/370/1814 1722/371/1815
f 1722/371/1815 1716/365/1809 1711/360/1804
f 1716/365/1809 1722/371/1815 1723/372/1816
f 1723/372/1816 1659/301/1748 1716/365/1809
f 1659/301/1748 1723/372/1816 1662/304/1751
f 1717/367/1810 1724/374/1817 1725/373/1818
f 1717/367/1810 1725/373/1818 1718/366/1811
f 1726/375/1819 1724/374/1817 1719/368/1812
f 1724/374/1817 1717/367/1810 1719/368/1812
f 1727/376/1820 1726/375/1819 1720/369/1813
f 1726/375/1819 1719/368/1812 1720/369/1813
f 1663/303/1752 1665/305/1754 1727/376/1820
f 1663/303/1752 1727/376/1820 1720/369/1813
f 1728/377/1821 1722/371/1815 1721/370/1814
f 1722/371/1815 1728/377/1821 1729/378/1822
f 1729/378/1822 1723/372/1816 1722/371/1815
f 1723/372/1816 1729/378/1822 1730/379/1823
f 1730/379/1823 1662/304/1751 1723/372/1816
f 1662/304/1751 1730/379/1823 1664/306/1753
f 1698/380/1790 1731/382/1789 1732/381/1824
f 1733/383/1825 1732/381/1824 1731/382/1789
f 1731/382/1789 1699/384/1791 1733/383/1825
f 1734/385/1826 1733/383/1825 1699/384/1791
f 1699/384/1791 1700/386/1792 1734/385/1826
f 1735/387/1827 1734/385/1826 1700/386/1792
f 1700/386/1792 1657/307/1745 1735/387/1827
f 1667/308/1755 1735/387/1827 1657/307/1745
f 1736/388/1828 1702/390/1794 1737/389/1829
f 1702/390/1794 1736/388/1828 1701/391/1793
f 1738/392/1830 1701/391/1793 1736/388/1828
f 1701/391/1793 1738/392/1830 1739/393/1795
f 1668/310/1756 1739/393/1795 1738/392/1830
f 1739/393/1795 1668/310/1756 1666/309/1746
f 1732/381/1824 1733/383/1825 1740/394/1831
f 1741/395/1832 1740/394/1831 1733/383/1825
f 1733/383/1825 1734/385/1826 1741/395/1832
f 1742/396/1833 1741/395/1832 1734/385/1826
f 1734/385/1826 1735/387/1827 1742/396/1833
f 1743/397/1834 1742/396/1833 1735/387/1827
f 1735/387/1827 1667/308/1755 1743/397/1834
f 1669/311/1757 1743/397/1834 1667/308/1755
f 1744/398/1835 1737/389/1829 1745/399/1836
f 1737/389/1829 1744/398/1835 1736/388/1828
f 1744/398/1835 1746/400/1837 1738/392/1830
f 1744/398/1835 1738/392/1830 1736/388/1828
f 1670/312/1758 1738/392/1830 1746/400/1837
f 1738/392/1830 1670/312/1758 1668/310/1756
f 1740/394/1831 1741/395/1832 1747/401/1838
f 1748/402/1839 1747/401/1838 1741/395/1832
f 1741/395/1832 1742/396/1833 1748/402/1839
f 1749/403/1840 1748/402/1839 1742/396/1833
f 1742/396/1833 1743/397/1834 1749/403/1840
f 1750/404/1841 1749/403/1840 1743/397/1834
f 1743/397/1834 1669/311/1757 1750/404/1841
f 1671/313/1759 1750/404/1841 1669/311/1757
f 1751/405/1842 1745/399/1836 1752/406/1843
f 1745/399/1836 1751/405/1842 1744/398/1835
f 1751/405/1842 1753/407/1844 1746/400/1837
f 1751/405/1842 1746/400/1837 1744/398/1835
f 1753/407/1844 1670/312/1758 1746/400/1837
f 1670/312/1758 1753/407/1844 1672/314/1760
f 1747/401/1838 1748/402/1839 1704/354/1797
f 1705/353/1798 1704/354/1797 1748/402/1839
f 1748/402/1839 1749/403/1840 1705/353/1798
f 1708/357/1801 1705/353/1798 1749/403/1840
f 1749/403/1840 1750/404/1841 1708/357/1801
f 1710/359/1803 1708/357/1801 1750/404/1841
f 1750/404/1841 1671/313/1759 1710/359/1803
f 1661/302/1750 1710/359/1803 1671/313/1759
f 1714/363/1807 1752/406/1843 1712/362/1805
f 1752/406/1843 1714/363/1807 1751/405/1842
f 1714/363/1807 1715/364/1808 1753/407/1844
f 1714/363/1807 1753/407/1844 1751/405/1842
f 1715/364/1808 1672/314/1760 1753/407/1844
f 1672/314/1760 1715/364/1808 1658/299/1747
f 1725/373/1818 1724/374/1817 1754/408/1845
f 1725/373/1818 1754/408/1845 1755/409/1846
f 1724/374/1817 1756/410/1847 1754/408/1845
f 1724/374/1817 1726/375/1819 1756/410/1847
f 1726/375/1819 1757/411/1848 1756/410/1847
f 1726/375/1819 1727/376/1820 1757/411/1848
f 1727/376/1820 1665/305/1754 1674/316/1762
f 1727/376/1820 1674/316/1762 1757/411/1848
f 1729/378/1822 1728/377/1821 1758/412/1849
f 1729/378/1822 1758/412/1849 1759/413/1850
f 1729/378/1822 1760/414/1851 1730/379/1823
f 1760/414/1851 1729/378/1822 1759/413/1850
f 1730/379/1823 1673/315/1761 1664/306/1753
f 1673/315/1761 1730/379/1823 1760/414/1851
f 1755/409/1846 1754/408/1845 1761/415/1852
f 1755/409/1846 1761/415/1852 1762/416/1853
f 1754/408/1845 1763/417/1854 1761/415/1852
f 1754/408/1845 1756/410/1847 1763/417/1854
f 1756/410/1847 1757/411/1848 1764/418/1855
f 1756/410/1847 1764/418/1855 1763/417/1854
f 1757/411/1848 1674/316/1762 1676/318/1764
f 1757/411/1848 1676/318/1764 1764/418/1855
f 1759/413/1850 1758/412/1849 1765/419/1856
f 1759/413/1850 1765/419/1856 1766/420/1857
f 1759/413/1850 1767/421/1858 1760/414/1851
f 1767/421/1858 1759/413/1850 1766/420/1857
f 1760/414/1851 1675/317/1763 1673/315/1761
f 1675/317/1763 1760/414/1851 1767/421/1858
f 1762/416/1853 1761/415/1852 1768/422/1859
f 1762/416/1853 1768/422/1859 1769/423/1860
f 1761/415/1852 1763/417/1854 1770/424/1861
f 1761/415/1852 1770/424/1861 1768/422/1859
f 1763/417/1854 1764/418/1855 1679/321/1767
f 1763/417/1854 1679/321/1767 1770/424/1861
f 1764/418/1855 1676/318/1764 1678/320/1766
f 1764/418/1855 1678/320/1766 1679/321/1767
f 1766/420/1857 1765/419/1856 1771/425/1862
f 1766/420/1857 1771/425/1862 1772/426/1863
f 1766/420/1857 1773/427/1864 1767/421/1858
f 1773/427/1864 1766/420/1857 1772/426/1863
f 1767/421/1858 1677/319/1765 1675/317/1763
f 1677/319/1765 1767/421/1858 1773/427/1864
f 1772/426/1863 1771/425/1862 1687/428/1778
f 1772/426/1863 1687/428/1778 1686/429/1777
f 1686/429/1777 1773/427/1864 1772/426/1863
f 1773/427/1864 1686/429/1777 1689/430/1780
f 1773/427/1864 1689/430/1780 1677/319/1765
f 1677/319/1765 1689/430/1780 1652/431/1740
f 1678/320/1766 1677/319/1765 1652/431/1740
f 1678/320/1766 1652/431/1740 1651/322/1739
f 1769/423/1860 1768/422/1859 1774/432/1772
f 1769/423/1860 1774/432/1772 1775/433/1769
f 1768/422/1859 1770/424/1861 1776/434/1774
f 1768/422/1859 1776/434/1774 1774/432/1772
f 1770/424/1861 1679/321/1767 1684/323/1768
f 1770/424/1861 1684/323/1768 1776/434/1774
f 2757/435/1865 2758/436/1866 1721/370/1814
f 2758/436/1866 1728/377/1821 1721/370/1814
f 2755/437/1867 1721/370/1814 1713/361/1806
f 1721/370/1814 2755/437/1867 2757/435/1865
f 2755/437/1867 1712/362/1805 2756/438/1868
f 1712/362/1805 2755/437/1867 1713/361/1806
f 1712/362/1805 2767/439/1869 2756/438/1868
f 2767/439/1869 1712/362/1805 1752/406/1843
f 1752/406/1843 2766/440/1870 2767/439/1869
f 2766/440/1870 1752/406/1843 1745/399/1836
f 1745/399/1836 2765/441/1871 2766/440/1870
f 2765/441/1871 1745/399/1836 1737/389/1829
f 1737/389/1829 2764/442/1872 2765/441/1871
f 2764/442/1872 1737/389/1829 1702/390/1794
f 1696/343/1787 2764/443/1872 1702/350/1794
f 2764/443/1872 1696/343/1787 2763/444/1873
f 1688/335/1779 2763/444/1873 1696/343/1787
f 2763/444/1873 1688/335/1779 2761/445/1874
f 1688/335/1779 1687/333/1778 2762/446/1875
f 1688/335/1779 2762/446/1875 2761/445/1874
f 1771/425/1862 2760/448/1876 2762/447/1875
f 1771/425/1862 2762/447/1875 1687/428/1778
f 1765/419/1856 2759/449/1877 2760/448/1876
f 1765/419/1856 2760/448/1876 1771/425/1862
f 1758/412/1849 1777/450/1878 2759/449/1877
f 1758/412/1849 2759/449/1877 1765/419/1856
f 1728/377/1821 2758/436/1866 1777/450/1878
f 1728/377/1821 1777/450/1878 1758/412/1849
f 1704/354/1797 1706/355/1799 1632/451/1727
f 1632/451/1727 1778/452/1728 1704/354/1797
f 1718/366/1811 1632/451/1727 1706/355/1799
f 1632/451/1727 1718/366/1811 1779/453/1725
f 1718/366/1811 1631/454/1726 1779/453/1725
f 1631/454/1726 1718/366/1811 1725/373/1818
f 1631/454/1726 1725/373/1818 1755/409/1846
f 1631/454/1726 1755/409/1846 1641/455/1738
f 1641/455/1738 1755/409/1846 1762/416/1853
f 1641/455/1738 1762/416/1853 1640/456/1737
f 1640/456/1737 1762/416/1853 1769/423/1860
f 1640/456/1737 1769/423/1860 1639/457/1736
f 1639/457/1736 1769/423/1860 1775/433/1769
f 1639/457/1736 1775/433/1769 1638/458/1735
f 1637/459/1734 1638/460/1735 1681/325/1771
f 1638/460/1735 1775/324/1769 1681/325/1771
f 1636/461/1733 1681/325/1771 1692/338/1783
f 1681/325/1771 1636/461/1733 1637/459/1734
f 1636/461/1733 1692/338/1783 1635/462/1732
f 1635/462/1732 1692/338/1783 1698/345/1790
f 1635/463/1732 1698/380/1790 1634/464/1731
f 1732/381/1824 1634/464/1731 1698/380/1790
f 1634/464/1731 1732/381/1824 1633/465/1730
f 1740/394/1831 1633/465/1730 1732/381/1824
f 1633/465/1730 1740/394/1831 1780/466/1729
f 1747/401/1838 1780/466/1729 1740/394/1831
f 1780/466/1729 1747/401/1838 1778/452/1728
f 1704/354/1797 1778/452/1728 1747/401/1838
f 1781/291/1879 1782/293/1880 1783/292/1881
f 1783/292/1881 1782/293/1880 1784/294/1882
f 1783/292/1881 1785/296/1883 1786/295/1884
f 1785/296/1883 1783/292/1881 1784/294/1882
f 1786/295/1884 1785/296/1883 1787/297/1885
f 1787/297/1885 1785/296/1883 1796/298/1886
f 1788/299/1887 1789/301/1888 1790/300/1889
f 1788/299/1887 1790/300/1889 1791/302/1890
f 1789/301/1888 1792/304/1891 1793/303/1892
f 1789/301/1888 1793/303/1892 1790/300/1889
f 1792/304/1891 1794/306/1893 1795/305/1894
f 1792/304/1891 1795/305/1894 1793/303/1892
f 1787/307/1885 1796/309/1886 1797/308/1895
f 1798/310/1896 1797/308/1895 1796/309/1886
f 1797/308/1895 1798/310/1896 1799/311/1897
f 1800/312/1898 1799/311/1897 1798/310/1896
f 1799/311/1897 1800/312/1898 1801/313/1899
f 1802/314/1900 1801/313/1899 1800/312/1898
f 1801/313/1899 1802/314/1900 1791/302/1890
f 1788/299/1887 1791/302/1890 1802/314/1900
f 1795/305/1894 1794/306/1893 1803/315/1901
f 1795/305/1894 1803/315/1901 1804/316/1902
f 1804/316/1902 1803/315/1901 1805/317/1903
f 1804/316/1902 1805/317/1903 1806/318/1904
f 1806/318/1904 1805/317/1903 1807/319/1905
f 1806/318/1904 1807/319/1905 1808/320/1906
f 1809/321/1907 1808/320/1906 1781/322/1879
f 1809/321/1907 1781/322/1879 1814/323/1908
f 1905/324/1909 1810/326/1910 1811/325/1911
f 1810/326/1910 1905/324/1909 1904/327/1912
f 1904/327/1912 1812/328/1913 1810/326/1910
f 1812/328/1913 1904/327/1912 1906/329/1914
f 1906/329/1914 1813/330/1915 1812/328/1913
f 1813/330/1915 1906/329/1914 1814/331/1908
f 1814/331/1908 1781/291/1879 1813/330/1915
f 1813/330/1915 1781/291/1879 1783/292/1881
f 1815/332/1916 1816/334/1917 1817/333/1918
f 1815/332/1916 1817/333/1918 1818/335/1919
f 1819/336/1920 1816/334/1917 1820/337/1921
f 1816/334/1917 1815/332/1916 1820/337/1921
f 1782/293/1880 1819/336/1920 1784/294/1882
f 1819/336/1920 1820/337/1921 1784/294/1882
f 1811/325/1911 1821/339/1922 1822/338/1923
f 1821/339/1922 1811/325/1911 1810/326/1910
f 1810/326/1910 1823/340/1924 1821/339/1922
f 1823/340/1924 1810/326/1910 1812/328/1913
f 1812/328/1913 1824/341/1925 1823/340/1924
f 1824/341/1925 1812/328/1913 1813/330/1915
f 1813/330/1915 1786/295/1884 1824/341/1925
f 1786/295/1884 1813/330/1915 1783/292/1881
f 1825/342/1926 1815/332/1916 1818/335/1919
f 1825/342/1926 1818/335/1919 1826/343/1927
f 1820/337/1921 1815/332/1916 1827/344/1928
f 1815/332/1916 1825/342/1926 1827/344/1928
f 1784/294/1882 1820/337/1921 1785/296/1883
f 1820/337/1921 1827/344/1928 1785/296/1883
f 1822/338/1923 1861/346/1929 1828/345/1930
f 1861/346/1929 1822/338/1923 1821/339/1922
f 1821/339/1922 1829/347/1931 1861/346/1929
f 1829/347/1931 1821/339/1922 1823/340/1924
f 1823/340/1924 1830/348/1932 1829/347/1931
f 1830/348/1932 1823/340/1924 1824/341/1925
f 1824/341/1925 1786/295/1884 1830/348/1932
f 1787/297/1885 1830/348/1932 1786/295/1884
f 1831/349/1933 1825/342/1926 1826/343/1927
f 1831/349/1933 1826/343/1927 1832/350/1934
f 1827/344/1928 1825/342/1926 1869/351/1935
f 1825/342/1926 1831/349/1933 1869/351/1935
f 1785/296/1883 1827/344/1928 1796/298/1886
f 1827/344/1928 1869/351/1935 1796/298/1886
f 1833/352/1936 1834/354/1937 1835/353/1938
f 1834/354/1937 1833/352/1936 1836/355/1939
f 1837/356/1940 1833/352/1936 1838/357/1941
f 1833/352/1936 1835/353/1938 1838/357/1941
f 1839/358/1942 1837/356/1940 1840/359/1943
f 1837/356/1940 1838/357/1941 1840/359/1943
f 1791/302/1890 1790/300/1889 1839/358/1942
f 1791/302/1890 1839/358/1942 1840/359/1943
f 1841/360/1944 1842/362/1945 1843/361/1946
f 1842/362/1945 1841/360/1944 1844/363/1947
f 1841/360/1944 1845/364/1948 1844/363/1947
f 1845/364/1948 1841/360/1944 1846/365/1949
f 1846/365/1949 1788/299/1887 1845/364/1948
f 1788/299/1887 1846/365/1949 1789/301/1888
f 1833/352/1936 1847/367/1950 1848/366/1951
f 1833/352/1936 1848/366/1951 1836/355/1939
f 1849/368/1952 1847/367/1950 1837/356/1940
f 1847/367/1950 1833/352/1936 1837/356/1940
f 1850/369/1953 1849/368/1952 1839/358/1942
f 1849/368/1952 1837/356/1940 1839/358/1942
f 1790/300/1889 1793/303/1892 1850/369/1953
f 1790/300/1889 1850/369/1953 1839/358/1942
f 1851/370/1954 1841/360/1944 1843/361/1946
f 1841/360/1944 1851/370/1954 1852/371/1955
f 1852/371/1955 1846/365/1949 1841/360/1944
f 1846/365/1949 1852/371/1955 1853/372/1956
f 1853/372/1956 1789/301/1888 1846/365/1949
f 1789/301/1888 1853/372/1956 1792/304/1891
f 1847/367/1950 1854/374/1957 1855/373/1958
f 1847/367/1950 1855/373/1958 1848/366/1951
f 1856/375/1959 1854/374/1957 1849/368/1952
f 1854/374/1957 1847/367/1950 1849/368/1952
f 1857/376/1960 1856/375/1959 1850/369/1953
f 1856/375/1959 1849/368/1952 1850/369/1953
f 1793/303/1892 1795/305/1894 1857/376/1960
f 1793/303/1892 1857/376/1960 1850/369/1953
f 1858/377/1961 1852/371/1955 1851/370/1954
f 1852/371/1955 1858/377/1961 1859/378/1962
f 1859/378/1962 1853/372/1956 1852/371/1955
f 1853/372/1956 1859/378/1962 1860/379/1963
f 1860/379/1963 1792/304/1891 1853/372/1956
f 1792/304/1891 1860/379/1963 1794/306/1893
f 1828/380/1930 1861/382/1929 1862/381/1964
f 1863/383/1965 1862/381/1964 1861/382/1929
f 1861/382/1929 1829/384/1931 1863/383/1965
f 1864/385/1966 1863/383/1965 1829/384/1931
f 1829/384/1931 1830/386/1932 1864/385/1966
f 1865/387/1967 1864/385/1966 1830/386/1932
f 1830/386/1932 1787/307/1885 1865/387/1967
f 1797/308/1895 1865/387/1967 1787/307/1885
f 1866/388/1968 1832/390/1934 1867/389/1969
f 1832/390/1934 1866/388/1968 1831/391/1933
f 1868/392/1970 1831/391/1933 1866/388/1968
f 1831/391/1933 1868/392/1970 1869/393/1935
f 1798/310/1896 1869/393/1935 1868/392/1970
f 1869/393/1935 1798/310/1896 1796/309/1886
f 1862/381/1964 1863/383/1965 1870/394/1971
f 1871/395/1972 1870/394/1971 1863/383/1965
f 1863/383/1965 1864/385/1966 1871/395/1972
f 1872/396/1973 1871/395/1972 1864/385/1966
f 1864/385/1966 1865/387/1967 1872/396/1973
f 1873/397/1974 1872/396/1973 1865/387/1967
f 1865/387/1967 1797/308/1895 1873/397/1974
f 1799/311/1897 1873/397/1974 1797/308/1895
f 1874/398/1975 1867/389/1969 1875/399/1976
f 1867/389/1969 1874/398/1975 1866/388/1968
f 1874/398/1975 1876/400/1977 1868/392/1970
f 1874/398/1975 1868/392/1970 1866/388/1968
f 1800/312/1898 1868/392/1970 1876/400/1977
f 1868/392/1970 1800/312/1898 1798/310/1896
f 1870/394/1971 1871/395/1972 1877/401/1978
f 1878/402/1979 1877/401/1978 1871/395/1972
f 1871/395/1972 1872/396/1973 1878/402/1979
f 1879/403/1980 1878/402/1979 1872/396/1973
f 1872/396/1973 1873/397/1974 1879/403/1980
f 1880/404/1981 1879/403/1980 1873/397/1974
f 1873/397/1974 1799/311/1897 1880/404/1981
f 1801/313/1899 1880/404/1981 1799/311/1897
f 1881/405/1982 1875/399/1976 1882/406/1983
f 1875/399/1976 1881/405/1982 1874/398/1975
f 1881/405/1982 1883/407/1984 1876/400/1977
f 1881/405/1982 1876/400/1977 1874/398/1975
f 1883/407/1984 1800/312/1898 1876/400/1977
f 1800/312/1898 1883/407/1984 1802/314/1900
f 1877/401/1978 1878/402/1979 1834/354/1937
f 1835/353/1938 1834/354/1937 1878/402/1979
f 1878/402/1979 1879/403/1980 1835/353/1938
f 1838/357/1941 1835/353/1938 1879/403/1980
f 1879/403/1980 1880/404/1981 1838/357/1941
f 1840/359/1943 1838/357/1941 1880/404/1981
f 1880/404/1981 1801/313/1899 1840/359/1943
f 1791/302/1890 1840/359/1943 1801/313/1899
f 1844/363/1947 1882/406/1983 1842/362/1945
f 1882/406/1983 1844/363/1947 1881/405/1982
f 1844/363/1947 1845/364/1948 1883/407/1984
f 1844/363/1947 1883/407/1984 1881/405/1982
f 1845/364/1948 1802/314/1900 1883/407/1984
f 1802/314/1900 1845/364/1948 1788/299/1887
f 1855/373/1958 1854/374/1957 1884/408/1985
f 1855/373/1958 1884/408/1985 1885/409/1986
f 1854/374/1957 1886/410/1987 1884/408/1985
f 1854/374/1957 1856/375/1959 1886/410/1987
f 1856/375/1959 1887/411/1988 1886/410/1987
f 1856/375/1959 1857/376/1960 1887/411/1988
f 1857/376/1960 1795/305/1894 1804/316/1902
f 1857/376/1960 1804/316/1902 1887/411/1988
f 1859/378/1962 1858/377/1961 1888/412/1989
f 1859/378/1962 1888/412/1989 1889/413/1990
f 1859/378/1962 1890/414/1991 1860/379/1963
f 1890/414/1991 1859/378/1962 1889/413/1990
f 1860/379/1963 1803/315/1901 1794/306/1893
f 1803/315/1901 1860/379/1963 1890/414/1991
f 1885/409/1986 1884/408/1985 1891/415/1992
f 1885/409/1986 1891/415/1992 1892/416/1993
f 1884/408/1985 1893/417/1994 1891/415/1992
f 1884/408/1985 1886/410/1987 1893/417/1994
f 1886/410/1987 1887/411/1988 1894/418/1995
f 1886/410/1987 1894/418/1995 1893/417/1994
f 1887/411/1988 1804/316/1902 1806/318/1904
f 1887/411/1988 1806/318/1904 1894/418/1995
f 1889/413/1990 1888/412/1989 1895/419/1996
f 1889/413/1990 1895/419/1996 1896/420/1997
f 1889/413/1990 1897/421/1998 1890/414/1991
f 1897/421/1998 1889/413/1990 1896/420/1997
f 1890/414/1991 1805/317/1903 1803/315/1901
f 1805/317/1903 1890/414/1991 1897/421/1998
f 1892/416/1993 1891/415/1992 1898/422/1999
f 1892/416/1993 1898/422/1999 1899/423/2000
f 1891/415/1992 1893/417/1994 1900/424/2001
f 1891/415/1992 1900/424/2001 1898/422/1999
f 1893/417/1994 1894/418/1995 1809/321/1907
f 1893/417/1994 1809/321/1907 1900/424/2001
f 1894/418/1995 1806/318/1904 1808/320/1906
f 1894/418/1995 1808/320/1906 1809/321/1907
f 1896/420/1997 1895/419/1996 1901/425/2002
f 1896/420/1997 1901/425/2002 1902/426/2003
f 1896/420/1997 1903/427/2004 1897/421/1998
f 1903/427/2004 1896/420/1997 1902/426/2003
f 1897/421/1998 1807/319/1905 1805/317/1903
f 1807/319/1905 1897/421/1998 1903/427/2004
f 1902/426/2003 1901/425/2002 1817/428/1918
f 1902/426/2003 1817/428/1918 1816/429/1917
f 1816/429/1917 1903/427/2004 1902/426/2003
f 1903/427/2004 1816/429/1917 1819/430/1920
f 1903/427/2004 1819/430/1920 1807/319/1905
f 1807/319/1905 1819/430/1920 1782/431/1880
f 1808/320/1906 1807/319/1905 1782/431/1880
f 1808/320/1906 1782/431/1880 1781/322/1879
f 1899/423/2000 1898/422/1999 1904/432/1912
f 1899/423/2000 1904/432/1912 1905/433/1909
f 1898/422/1999 1900/424/2001 1906/434/1914
f 1898/422/1999 1906/434/1914 1904/432/1912
f 1900/424/2001 1809/321/1907 1814/323/1908
f 1900/424/2001 1814/323/1908 1906/434/1914
f 1907/435/1038 1908/436/1037 1851/370/1954
f 1908/436/1037 1858/377/1961 1851/370/1954
f 960/437/1039 1851/370/1954 1843/361/1946
f 1851/370/1954 960/437/1039 1907/435/1038
f 960/437/1039 1842/362/1945 961/438/1040
f 1842/362/1945 960/437/1039 1843/361/1946
f 1842/362/1945 962/439/1041 961/438/1040
f 962/439/1041 1842/362/1945 1882/406/1983
f 1882/406/1983 1909/440/1042 962/439/1041
f 1909/440/1042 1882/406/1983 1875/399/1976
f 1875/399/1976 963/441/1043 1909/440/1042
f 963/441/1043 1875/399/1976 1867/389/1969
f 1867/389/1969 964/442/1044 963/441/1043
f 964/442/1044 1867/389/1969 1832/390/1934
f 1826/343/1927 964/443/1044 1832/350/1934
f 964/443/1044 1826/343/1927 965/444/1045
f 1818/335/1919 965/444/1045 1826/343/1927
f 965/444/1045 1818/335/1919 966/445/1046
f 1818/335/1919 1817/333/1918 967/446/1047
f 1818/335/1919 967/446/1047 966/445/1046
f 1901/425/2002 968/448/1048 967/447/1047
f 1901/425/2002 967/447/1047 1817/428/1918
f 1895/419/1996 969/449/1049 968/448/1048
f 1895/419/1996 968/448/1048 1901/425/2002
f 1888/412/1989 1910/450/1050 969/449/1049
f 1888/412/1989 969/449/1049 1895/419/1996
f 1858/377/1961 1908/436/1037 1910/450/1050
f 1858/377/1961 1910/450/1050 1888/412/1989
f 1834/354/1937 1836/355/1939 2894/451/2005
f 2894/451/2005 1911/452/2006 1834/354/1937
f 1848/366/1951 2894/451/2005 1836/355/1939
f 2894/451/2005 1848/366/1951 1912/453/2007
f 1848/366/1951 1913/454/2008 1912/453/2007
f 1913/454/2008 1848/366/1951 1855/373/1958
f 1913/454/2008 1855/373/1958 1885/409/1986
f 1913/454/2008 1885/409/1986 1914/455/2009
f 1914/455/2009 1885/409/1986 1892/416/1993
f 1914/455/2009 1892/416/1993 2895/456/2010
f 2895/456/2010 1892/416/1993 1899/423/2000
f 2895/456/2010 1899/423/2000 1915/457/2011
f 1915/457/2011 1899/423/2000 1905/433/1909
f 1915/457/2011 1905/433/1909 2896/458/2012
f 2897/459/2013 2896/460/2012 1811/325/1911
f 2896/460/2012 1905/324/1909 1811/325/1911
f 2898/461/2014 1811/325/1911 1822/338/1923
f 1811/325/1911 2898/461/2014 2897/459/2013
f 2898/461/2014 1822/338/1923 2900/462/2015
f 2900/462/2015 1822/338/1923 1828/345/1930
f 2900/463/2015 1828/380/1930 2899/464/2016
f 1862/381/1964 2899/464/2016 1828/380/1930
f 2899/464/2016 1862/381/1964 1916/465/2017
f 1870/394/1971 1916/465/2017 1862/381/1964
f 1916/465/2017 1870/394/1971 2901/466/2018
f 1877/401/1978 2901/466/2018 1870/394/1971
f 2901/466/2018 1877/401/1978 1911/452/2006
f 1834/354/1937 1911/452/2006 1877/401/1978
f 1917/291/2019 1918/293/2020 1919/292/2021
f 1919/292/2021 1918/293/2020 1920/294/2022
f 1919/292/2021 1921/296/2023 1922/295/2024
f 1921/296/2023 1919/292/2021 1920/294/2022
f 1922/295/2024 1921/296/2023 1923/297/2025
f 1923/297/2025 1921/296/2023 1932/298/2026
f 1924/299/2027 1925/301/2028 1926/300/2029
f 1924/299/2027 1926/300/2029 1927/302/2030
f 1925/301/2028 1928/304/2031 1929/303/2032
f 1925/301/2028 1929/303/2032 1926/300/2029
f 1928/304/2031 1930/306/2033 1931/305/2034
f 1928/304/2031 1931/305/2034 1929/303/2032
f 1923/307/2025 1932/309/2026 1933/308/2035
f 1934/310/2036 1933/308/2035 1932/309/2026
f 1933/308/2035 1934/310/2036 1935/311/2037
f 1936/312/2038 1935/311/2037 1934/310/2036
f 1935/311/2037 1936/312/2038 1937/313/2039
f 1938/314/2040 1937/313/2039 1936/312/2038
f 1937/313/2039 1938/314/2040 1927/302/2030
f 1924/299/2027 1927/302/2030 1938/314/2040
f 1931/305/2034 1930/306/2033 1939/315/2041
f 1931/305/2034 1939/315/2041 1940/316/2042
f 1940/316/2042 1939/315/2041 1941/317/2043
f 1940/316/2042 1941/317/2043 1942/318/2044
f 1942/318/2044 1941/317/2043 1943/319/2045
f 1942/318/2044 1943/319/2045 1944/320/2046
f 1945/321/2047 1944/320/2046 1917/322/2019
f 1945/321/2047 1917/322/2019 1950/323/2048
f 2041/324/2049 1946/326/2050 1947/325/2051
f 1946/326/2050 2041/324/2049 2040/327/2052
f 2040/327/2052 1948/328/2053 1946/326/2050
f 1948/328/2053 2040/327/2052 2042/329/2054
f 2042/329/2054 1949/330/2055 1948/328/2053
f 1949/330/2055 2042/329/2054 1950/331/2048
f 1950/331/2048 1917/291/2019 1949/330/2055
f 1949/330/2055 1917/291/2019 1919/292/2021
f 1951/332/2056 1952/334/2057 1953/333/2058
f 1951/332/2056 1953/333/2058 1954/335/2059
f 1955/336/2060 1952/334/2057 1956/337/2061
f 1952/334/2057 1951/332/2056 1956/337/2061
f 1918/293/2020 1955/336/2060 1920/294/2022
f 1955/336/2060 1956/337/2061 1920/294/2022
f 1947/325/2051 1957/339/2062 1958/338/2063
f 1957/339/2062 1947/325/2051 1946/326/2050
f 1946/326/2050 1959/340/2064 1957/339/2062
f 1959/340/2064 1946/326/2050 1948/328/2053
f 1948/328/2053 1960/341/2065 1959/340/2064
f 1960/341/2065 1948/328/2053 1949/330/2055
f 1949/330/2055 1922/295/2024 1960/341/2065
f 1922/295/2024 1949/330/2055 1919/292/2021
f 1961/342/2066 1951/332/2056 1954/335/2059
f 1961/342/2066 1954/335/2059 1962/343/2067
f 1956/337/2061 1951/332/2056 1963/344/2068
f 1951/332/2056 1961/342/2066 1963/344/2068
f 1920/294/2022 1956/337/2061 1921/296/2023
f 1956/337/2061 1963/344/2068 1921/296/2023
f 1958/338/2063 1997/346/2069 1964/345/2070
f 1997/346/2069 1958/338/2063 1957/339/2062
f 1957/339/2062 1965/347/2071 1997/346/2069
f 1965/347/2071 1957/339/2062 1959/340/2064
f 1959/340/2064 1966/348/2072 1965/347/2071
f 1966/348/2072 1959/340/2064 1960/341/2065
f 1960/341/2065 1922/295/2024 1966/348/2072
f 1923/297/2025 1966/348/2072 1922/295/2024
f 1967/349/2073 1961/342/2066 1962/343/2067
f 1967/349/2073 1962/343/2067 1968/350/2074
f 1963/344/2068 1961/342/2066 2005/351/2075
f 1961/342/2066 1967/349/2073 2005/351/2075
f 1921/296/2023 1963/344/2068 1932/298/2026
f 1963/344/2068 2005/351/2075 1932/298/2026
f 1969/352/2076 1970/354/2077 1971/353/2078
f 1970/354/2077 1969/352/2076 1972/355/2079
f 1973/356/2080 1969/352/2076 1974/357/2081
f 1969/352/2076 1971/353/2078 1974/357/2081
f 1975/358/2082 1973/356/2080 1976/359/2083
f 1973/356/2080 1974/357/2081 1976/359/2083
f 1927/302/2030 1926/300/2029 1975/358/2082
f 1927/302/2030 1975/358/2082 1976/359/2083
f 1977/360/2084 1978/362/2085 1979/361/2086
f 1978/362/2085 1977/360/2084 1980/363/2087
f 1977/360/2084 1981/364/2088 1980/363/2087
f 1981/364/2088 1977/360/2084 1982/365/2089
f 1982/365/2089 1924/299/2027 1981/364/2088
f 1924/299/2027 1982/365/2089 1925/301/2028
f 1969/352/2076 1983/367/2090 1984/366/2091
f 1969/352/2076 1984/366/2091 1972/355/2079
f 1985/368/2092 1983/367/2090 1973/356/2080
f 1983/367/2090 1969/352/2076 1973/356/2080
f 1986/369/2093 1985/368/2092 1975/358/2082
f 1985/368/2092 1973/356/2080 1975/358/2082
f 1926/300/2029 1929/303/2032 1986/369/2093
f 1926/300/2029 1986/369/2093 1975/358/2082
f 1987/370/2094 1977/360/2084 1979/361/2086
f 1977/360/2084 1987/370/2094 1988/371/2095
f 1988/371/2095 1982/365/2089 1977/360/2084
f 1982/365/2089 1988/371/2095 1989/372/2096
f 1989/372/2096 1925/301/2028 1982/365/2089
f 1925/301/2028 1989/372/2096 1928/304/2031
f 1983/367/2090 1990/374/2097 1991/373/2098
f 1983/367/2090 1991/373/2098 1984/366/2091
f 1992/375/2099 1990/374/2097 1985/368/2092
f 1990/374/2097 1983/367/2090 1985/368/2092
f 1993/376/2100 1992/375/2099 1986/369/2093
f 1992/375/2099 1985/368/2092 1986/369/2093
f 1929/303/2032 1931/305/2034 1993/376/2100
f 1929/303/2032 1993/376/2100 1986/369/2093
f 1994/377/2101 1988/371/2095 1987/370/2094
f 1988/371/2095 1994/377/2101 1995/378/2102
f 1995/378/2102 1989/372/2096 1988/371/2095
f 1989/372/2096 1995/378/2102 1996/379/2103
f 1996/379/2103 1928/304/2031 1989/372/2096
f 1928/304/2031 1996/379/2103 1930/306/2033
f 1964/380/2070 1997/382/2069 1998/381/2104
f 1999/383/2105 1998/381/2104 1997/382/2069
f 1997/382/2069 1965/384/2071 1999/383/2105
f 2000/385/2106 1999/383/2105 1965/384/2071
f 1965/384/2071 1966/386/2072 2000/385/2106
f 2001/387/2107 2000/385/2106 1966/386/2072
f 1966/386/2072 1923/307/2025 2001/387/2107
f 1933/308/2035 2001/387/2107 1923/307/2025
f 2002/388/2108 1968/390/2074 2003/389/2109
f 1968/390/2074 2002/388/2108 1967/391/2073
f 2004/392/2110 1967/391/2073 2002/388/2108
f 1967/391/2073 2004/392/2110 2005/393/2075
f 1934/310/2036 2005/393/2075 2004/392/2110
f 2005/393/2075 1934/310/2036 1932/309/2026
f 1998/381/2104 1999/383/2105 2006/394/2111
f 2007/395/2112 2006/394/2111 1999/383/2105
f 1999/383/2105 2000/385/2106 2007/395/2112
f 2008/396/2113 2007/395/2112 2000/385/2106
f 2000/385/2106 2001/387/2107 2008/396/2113
f 2009/397/2114 2008/396/2113 2001/387/2107
f 2001/387/2107 1933/308/2035 2009/397/2114
f 1935/311/2037 2009/397/2114 1933/308/2035
f 2010/398/2115 2003/389/2109 2011/399/2116
f 2003/389/2109 2010/398/2115 2002/388/2108
f 2010/398/2115 2012/400/2117 2004/392/2110
f 2010/398/2115 2004/392/2110 2002/388/2108
f 1936/312/2038 2004/392/2110 2012/400/2117
f 2004/392/2110 1936/312/2038 1934/310/2036
f 2006/394/2111 2007/395/2112 2013/401/2118
f 2014/402/2119 2013/401/2118 2007/395/2112
f 2007/395/2112 2008/396/2113 2014/402/2119
f 2015/403/2120 2014/402/2119 2008/396/2113
f 2008/396/2113 2009/397/2114 2015/403/2120
f 2016/404/2121 2015/403/2120 2009/397/2114
f 2009/397/2114 1935/311/2037 2016/404/2121
f 1937/313/2039 2016/404/2121 1935/311/2037
f 2017/405/2122 2011/399/2116 2018/406/2123
f 2011/399/2116 2017/405/2122 2010/398/2115
f 2017/405/2122 2019/407/2124 2012/400/2117
f 2017/405/2122 2012/400/2117 2010/398/2115
f 2019/407/2124 1936/312/2038 2012/400/2117
f 1936/312/2038 2019/407/2124 1938/314/2040
f 2013/401/2118 2014/402/2119 1970/354/2077
f 1971/353/2078 1970/354/2077 2014/402/2119
f 2014/402/2119 2015/403/2120 1971/353/2078
f 1974/357/2081 1971/353/2078 2015/403/2120
f 2015/403/2120 2016/404/2121 1974/357/2081
f 1976/359/2083 1974/357/2081 2016/404/2121
f 2016/404/2121 1937/313/2039 1976/359/2083
f 1927/302/2030 1976/359/2083 1937/313/2039
f 1980/363/2087 2018/406/2123 1978/362/2085
f 2018/406/2123 1980/363/2087 2017/405/2122
f 1980/363/2087 1981/364/2088 2019/407/2124
f 1980/363/2087 2019/407/2124 2017/405/2122
f 1981/364/2088 1938/314/2040 2019/407/2124
f 1938/314/2040 1981/364/2088 1924/299/2027
f 1991/373/2098 1990/374/2097 2020/408/2125
f 1991/373/2098 2020/408/2125 2021/409/2126
f 1990/374/2097 2022/410/2127 2020/408/2125
f 1990/374/2097 1992/375/2099 2022/410/2127
f 1992/375/2099 2023/411/2128 2022/410/2127
f 1992/375/2099 1993/376/2100 2023/411/2128
f 1993/376/2100 1931/305/2034 1940/316/2042
f 1993/376/2100 1940/316/2042 2023/411/2128
f 1995/378/2102 1994/377/2101 2024/412/2129
f 1995/378/2102 2024/412/2129 2025/413/2130
f 1995/378/2102 2026/414/2131 1996/379/2103
f 2026/414/2131 1995/378/2102 2025/413/2130
f 1996/379/2103 1939/315/2041 1930/306/2033
f 1939/315/2041 1996/379/2103 2026/414/2131
f 2021/409/2126 2020/408/2125 2027/415/2132
f 2021/409/2126 2027/415/2132 2028/416/2133
f 2020/408/2125 2029/417/2134 2027/415/2132
f 2020/408/2125 2022/410/2127 2029/417/2134
f 2022/410/2127 2023/411/2128 2030/418/2135
f 2022/410/2127 2030/418/2135 2029/417/2134
f 2023/411/2128 1940/316/2042 1942/318/2044
f 2023/411/2128 1942/318/2044 2030/418/2135
f 2025/413/2130 2024/412/2129 2031/419/2136
f 2025/413/2130 2031/419/2136 2032/420/2137
f 2025/413/2130 2033/421/2138 2026/414/2131
f 2033/421/2138 2025/413/2130 2032/420/2137
f 2026/414/2131 1941/317/2043 1939/315/2041
f 1941/317/2043 2026/414/2131 2033/421/2138
f 2028/416/2133 2027/415/2132 2034/422/2139
f 2028/416/2133 2034/422/2139 2035/423/2140
f 2027/415/2132 2029/417/2134 2036/424/2141
f 2027/415/2132 2036/424/2141 2034/422/2139
f 2029/417/2134 2030/418/2135 1945/321/2047
f 2029/417/2134 1945/321/2047 2036/424/2141
f 2030/418/2135 1942/318/2044 1944/320/2046
f 2030/418/2135 1944/320/2046 1945/321/2047
f 2032/420/2137 2031/419/2136 2037/425/2142
f 2032/420/2137 2037/425/2142 2038/426/2143
f 2032/420/2137 2039/427/2144 2033/421/2138
f 2039/427/2144 2032/420/2137 2038/426/2143
f 2033/421/2138 1943/319/2045 1941/317/2043
f 1943/319/2045 2033/421/2138 2039/427/2144
f 2038/426/2143 2037/425/2142 1953/428/2058
f 2038/426/2143 1953/428/2058 1952/429/2057
f 1952/429/2057 2039/427/2144 2038/426/2143
f 2039/427/2144 1952/429/2057 1955/430/2060
f 2039/427/2144 1955/430/2060 1943/319/2045
f 1943/319/2045 1955/430/2060 1918/431/2020
f 1944/320/2046 1943/319/2045 1918/431/2020
f 1944/320/2046 1918/431/2020 1917/322/2019
f 2035/423/2140 2034/422/2139 2040/432/2052
f 2035/423/2140 2040/432/2052 2041/433/2049
f 2034/422/2139 2036/424/2141 2042/434/2054
f 2034/422/2139 2042/434/2054 2040/432/2052
f 2036/424/2141 1945/321/2047 1950/323/2048
f 2036/424/2141 1950/323/2048 2042/434/2054
f 2043/435/2145 3353/436/2146 1987/370/2094
f 3353/436/2146 1994/377/2101 1987/370/2094
f 3354/437/2147 1987/370/2094 1979/361/2086
f 1987/370/2094 3354/437/2147 2043/435/2145
f 3354/437/2147 1978/362/2085 2044/438/2148
f 1978/362/2085 3354/437/2147 1979/361/2086
f 1978/362/2085 2045/439/2149 2044/438/2148
f 2045/439/2149 1978/362/2085 2018/406/2123
f 2018/406/2123 2046/440/2150 2045/439/2149
f 2046/440/2150 2018/406/2123 2011/399/2116
f 2011/399/2116 3355/441/2151 2046/440/2150
f 3355/441/2151 2011/399/2116 2003/389/2109
f 2003/389/2109 3356/442/2152 3355/441/2151
f 3356/442/2152 2003/389/2109 1968/390/2074
f 1962/343/2067 3356/443/2152 1968/350/2074
f 3356/443/2152 1962/343/2067 3357/444/2153
f 1954/335/2059 3357/444/2153 1962/343/2067
f 3357/444/2153 1954/335/2059 3358/445/2154
f 1954/335/2059 1953/333/2058 3359/446/2155
f 1954/335/2059 3359/446/2155 3358/445/2154
f 2037/425/2142 2047/448/2156 3359/447/2155
f 2037/425/2142 3359/447/2155 1953/428/2058
f 2031/419/2136 2048/449/2157 2047/448/2156
f 2031/419/2136 2047/448/2156 2037/425/2142
f 2024/412/2129 2049/450/2158 2048/449/2157
f 2024/412/2129 2048/449/2157 2031/419/2136
f 1994/377/2101 3353/436/2146 2049/450/2158
f 1994/377/2101 2049/450/2158 2024/412/2129
f 1970/354/2077 1972/355/2079 2050/451/2159
f 2050/451/2159 2051/452/2160 1970/354/2077
f 1984/366/2091 2050/451/2159 1972/355/2079
f 2050/451/2159 1984/366/2091 2182/453/2161
f 1984/366/2091 2183/454/2162 2182/453/2161
f 2183/454/2162 1984/366/2091 1991/373/2098
f 2183/454/2162 1991/373/2098 2021/409/2126
f 2183/454/2162 2021/409/2126 2189/455/2163
f 2189/455/2163 2021/409/2126 2028/416/2133
f 2189/455/2163 2028/416/2133 2052/456/2164
f 2052/456/2164 2028/416/2133 2035/423/2140
f 2052/456/2164 2035/423/2140 2053/457/2165
f 2053/457/2165 2035/423/2140 2041/433/2049
f 2053/457/2165 2041/433/2049 2188/458/2166
f 2187/459/2167 2188/460/2166 1947/325/2051
f 2188/460/2166 2041/324/2049 1947/325/2051
f 2186/461/2168 1947/325/2051 1958/338/2063
f 1947/325/2051 2186/461/2168 2187/459/2167
f 2186/461/2168 1958/338/2063 2185/462/2169
f 2185/462/2169 1958/338/2063 1964/345/2070
f 2185/463/2169 1964/380/2070 2054/464/2170
f 1998/381/2104 2054/464/2170 1964/380/2070
f 2054/464/2170 1998/381/2104 2055/465/2171
f 2006/394/2111 2055/465/2171 1998/381/2104
f 2055/465/2171 2006/394/2111 2184/466/2172
f 2013/401/2118 2184/466/2172 2006/394/2111
f 2184/466/2172 2013/401/2118 2051/452/2160
f 1970/354/2077 2051/452/2160 2013/401/2118
f 2056/291/2173 2057/293/2174 2058/292/2175
f 2058/292/2175 2057/293/2174 2059/294/2176
f 2058/292/2175 2060/296/2177 2061/295/2178
f 2060/296/2177 2058/292/2175 2059/294/2176
f 2061/295/2178 2060/296/2177 2062/297/2179
f 2062/297/2179 2060/296/2177 2071/298/2180
f 2063/299/2181 2064/301/2182 2065/300/2183
f 2063/299/2181 2065/300/2183 2066/302/2184
f 2064/301/2182 2067/304/2185 2068/303/2186
f 2064/301/2182 2068/303/2186 2065/300/2183
f 2067/304/2185 2069/306/2187 2070/305/2188
f 2067/304/2185 2070/305/2188 2068/303/2186
f 2062/307/2179 2071/309/2180 2072/308/2189
f 2073/310/2190 2072/308/2189 2071/309/2180
f 2072/308/2189 2073/310/2190 2074/311/2191
f 2075/312/2192 2074/311/2191 2073/310/2190
f 2074/311/2191 2075/312/2192 2076/313/2193
f 2077/314/2194 2076/313/2193 2075/312/2192
f 2076/313/2193 2077/314/2194 2066/302/2184
f 2063/299/2181 2066/302/2184 2077/314/2194
f 2070/305/2188 2069/306/2187 2078/315/2195
f 2070/305/2188 2078/315/2195 2079/316/2196
f 2079/316/2196 2078/315/2195 2080/317/2197
f 2079/316/2196 2080/317/2197 2081/318/2198
f 2081/318/2198 2080/317/2197 2082/319/2199
f 2081/318/2198 2082/319/2199 2083/320/2200
f 2084/321/2201 2083/320/2200 2056/322/2173
f 2084/321/2201 2056/322/2173 2089/323/2202
f 2180/324/2203 2085/326/2204 2086/325/2205
f 2085/326/2204 2180/324/2203 2179/327/2206
f 2179/327/2206 2087/328/2207 2085/326/2204
f 2087/328/2207 2179/327/2206 2181/329/2208
f 2181/329/2208 2088/330/2209 2087/328/2207
f 2088/330/2209 2181/329/2208 2089/331/2202
f 2089/331/2202 2056/291/2173 2088/330/2209
f 2088/330/2209 2056/291/2173 2058/292/2175
f 2090/332/2210 2091/334/2211 2092/333/2212
f 2090/332/2210 2092/333/2212 2093/335/2213
f 2094/336/2214 2091/334/2211 2095/337/2215
f 2091/334/2211 2090/332/2210 2095/337/2215
f 2057/293/2174 2094/336/2214 2059/294/2176
f 2094/336/2214 2095/337/2215 2059/294/2176
f 2086/325/2205 2096/339/2216 2097/338/2217
f 2096/339/2216 2086/325/2205 2085/326/2204
f 2085/326/2204 2098/340/2218 2096/339/2216
f 2098/340/2218 2085/326/2204 2087/328/2207
f 2087/328/2207 2099/341/2219 2098/340/2218
f 2099/341/2219 2087/328/2207 2088/330/2209
f 2088/330/2209 2061/295/2178 2099/341/2219
f 2061/295/2178 2088/330/2209 2058/292/2175
f 2100/342/2220 2090/332/2210 2093/335/2213
f 2100/342/2220 2093/335/2213 2101/343/2221
f 2095/337/2215 2090/332/2210 2102/344/2222
f 2090/332/2210 2100/342/2220 2102/344/2222
f 2059/294/2176 2095/337/2215 2060/296/2177
f 2095/337/2215 2102/344/2222 2060/296/2177
f 2097/338/2217 2136/346/2223 2103/345/2224
f 2136/346/2223 2097/338/2217 2096/339/2216
f 2096/339/2216 2104/347/2225 2136/346/2223
f 2104/347/2225 2096/339/2216 2098/340/2218
f 2098/340/2218 2105/348/2226 2104/347/2225
f 2105/348/2226 2098/340/2218 2099/341/2219
f 2099/341/2219 2061/295/2178 2105/348/2226
f 2062/297/2179 2105/348/2226 2061/295/2178
f 2106/349/2227 2100/342/2220 2101/343/2221
f 2106/349/2227 2101/343/2221 2107/350/2228
f 2102/344/2222 2100/342/2220 2144/351/2229
f 2100/342/2220 2106/349/2227 2144/351/2229
f 2060/296/2177 2102/344/2222 2071/298/2180
f 2102/344/2222 2144/351/2229 2071/298/2180
f 2108/352/2230 2109/354/2231 2110/353/2232
f 2109/354/2231 2108/352/2230 2111/355/2233
f 2112/356/2234 2108/352/2230 2113/357/2235
f 2108/352/2230 2110/353/2232 2113/357/2235
f 2114/358/2236 2112/356/2234 2115/359/2237
f 2112/356/2234 2113/357/2235 2115/359/2237
f 2066/302/2184 2065/300/2183 2114/358/2236
f 2066/302/2184 2114/358/2236 2115/359/2237
f 2116/360/2238 2117/362/2239 2118/361/2240
f 2117/362/2239 2116/360/2238 2119/363/2241
f 2116/360/2238 2120/364/2242 2119/363/2241
f 2120/364/2242 2116/360/2238 2121/365/2243
f 2121/365/2243 2063/299/2181 2120/364/2242
f 2063/299/2181 2121/365/2243 2064/301/2182
f 2108/352/2230 2122/367/2244 2123/366/2245
f 2108/352/2230 2123/366/2245 2111/355/2233
f 2124/368/2246 2122/367/2244 2112/356/2234
f 2122/367/2244 2108/352/2230 2112/356/2234
f 2125/369/2247 2124/368/2246 2114/358/2236
f 2124/368/2246 2112/356/2234 2114/358/2236
f 2065/300/2183 2068/303/2186 2125/369/2247
f 2065/300/2183 2125/369/2247 2114/358/2236
f 2126/370/2248 2116/360/2238 2118/361/2240
f 2116/360/2238 2126/370/2248 2127/371/2249
f 2127/371/2249 2121/365/2243 2116/360/2238
f 2121/365/2243 2127/371/2249 2128/372/2250
f 2128/372/2250 2064/301/2182 2121/365/2243
f 2064/301/2182 2128/372/2250 2067/304/2185
f 2122/367/2244 2129/374/2251 2130/373/2252
f 2122/367/2244 2130/373/2252 2123/366/2245
f 2131/375/2253 2129/374/2251 2124/368/2246
f 2129/374/2251 2122/367/2244 2124/368/2246
f 2132/376/2254 2131/375/2253 2125/369/2247
f 2131/375/2253 2124/368/2246 2125/369/2247
f 2068/303/2186 2070/305/2188 2132/376/2254
f 2068/303/2186 2132/376/2254 2125/369/2247
f 2133/377/2255 2127/371/2249 2126/370/2248
f 2127/371/2249 2133/377/2255 2134/378/2256
f 2134/378/2256 2128/372/2250 2127/371/2249
f 2128/372/2250 2134/378/2256 2135/379/2257
f 2135/379/2257 2067/304/2185 2128/372/2250
f 2067/304/2185 2135/379/2257 2069/306/2187
f 2103/380/2224 2136/382/2223 2137/381/2258
f 2138/383/2259 2137/381/2258 2136/382/2223
f 2136/382/2223 2104/384/2225 2138/383/2259
f 2139/385/2260 2138/383/2259 2104/384/2225
f 2104/384/2225 2105/386/2226 2139/385/2260
f 2140/387/2261 2139/385/2260 2105/386/2226
f 2105/386/2226 2062/307/2179 2140/387/2261
f 2072/308/2189 2140/387/2261 2062/307/2179
f 2141/388/2262 2107/390/2228 2142/389/2263
f 2107/390/2228 2141/388/2262 2106/391/2227
f 2143/392/2264 2106/391/2227 2141/388/2262
f 2106/391/2227 2143/392/2264 2144/393/2229
f 2073/310/2190 2144/393/2229 2143/392/2264
f 2144/393/2229 2073/310/2190 2071/309/2180
f 2137/381/2258 2138/383/2259 2145/394/2265
f 2146/395/2266 2145/394/2265 2138/383/2259
f 2138/383/2259 2139/385/2260 2146/395/2266
f 2147/396/2267 2146/395/2266 2139/385/2260
f 2139/385/2260 2140/387/2261 2147/396/2267
f 2148/397/2268 2147/396/2267 2140/387/2261
f 2140/387/2261 2072/308/2189 2148/397/2268
f 2074/311/2191 2148/397/2268 2072/308/2189
f 2149/398/2269 2142/389/2263 2150/399/2270
f 2142/389/2263 2149/398/2269 2141/388/2262
f 2149/398/2269 2151/400/2271 2143/392/2264
f 2149/398/2269 2143/392/2264 2141/388/2262
f 2075/312/2192 2143/392/2264 2151/400/2271
f 2143/392/2264 2075/312/2192 2073/310/2190
f 2145/394/2265 2146/395/2266 2152/401/2272
f 2153/402/2273 2152/401/2272 2146/395/2266
f 2146/395/2266 2147/396/2267 2153/402/2273
f 2154/403/2274 2153/402/2273 2147/396/2267
f 2147/396/2267 2148/397/2268 2154/403/2274
f 2155/404/2275 2154/403/2274 2148/397/2268
f 2148/397/2268 2074/311/2191 2155/404/2275
f 2076/313/2193 2155/404/2275 2074/311/2191
f 2156/405/2276 2150/399/2270 2157/406/2277
f 2150/399/2270 2156/405/2276 2149/398/2269
f 2156/405/2276 2158/407/2278 2151/400/2271
f 2156/405/2276 2151/400/2271 2149/398/2269
f 2158/407/2278 2075/312/2192 2151/400/2271
f 2075/312/2192 2158/407/2278 2077/314/2194
f 2152/401/2272 2153/402/2273 2109/354/2231
f 2110/353/2232 2109/354/2231 2153/402/2273
f 2153/402/2273 2154/403/2274 2110/353/2232
f 2113/357/2235 2110/353/2232 2154/403/2274
f 2154/403/2274 2155/404/2275 2113/357/2235
f 2115/359/2237 2113/357/2235 2155/404/2275
f 2155/404/2275 2076/313/2193 2115/359/2237
f 2066/302/2184 2115/359/2237 2076/313/2193
f 2119/363/2241 2157/406/2277 2117/362/2239
f 2157/406/2277 2119/363/2241 2156/405/2276
f 2119/363/2241 2120/364/2242 2158/407/2278
f 2119/363/2241 2158/407/2278 2156/405/2276
f 2120/364/2242 2077/314/2194 2158/407/2278
f 2077/314/2194 2120/364/2242 2063/299/2181
f 2130/373/2252 2129/374/2251 2159/408/2279
f 2130/373/2252 2159/408/2279 2160/409/2280
f 2129/374/2251 2161/410/2281 2159/408/2279
f 2129/374/2251 2131/375/2253 2161/410/2281
f 2131/375/2253 2162/411/2282 2161/410/2281
f 2131/375/2253 2132/376/2254 2162/411/2282
f 2132/376/2254 2070/305/2188 2079/316/2196
f 2132/376/2254 2079/316/2196 2162/411/2282
f 2134/378/2256 2133/377/2255 2163/412/2283
f 2134/378/2256 2163/412/2283 2164/413/2284
f 2134/378/2256 2165/414/2285 2135/379/2257
f 2165/414/2285 2134/378/2256 2164/413/2284
f 2135/379/2257 2078/315/2195 2069/306/2187
f 2078/315/2195 2135/379/2257 2165/414/2285
f 2160/409/2280 2159/408/2279 2166/415/2286
f 2160/409/2280 2166/415/2286 2167/416/2287
f 2159/408/2279 2168/417/2288 2166/415/2286
f 2159/408/2279 2161/410/2281 2168/417/2288
f 2161/410/2281 2162/411/2282 2169/418/2289
f 2161/410/2281 2169/418/2289 2168/417/2288
f 2162/411/2282 2079/316/2196 2081/318/2198
f 2162/411/2282 2081/318/2198 2169/418/2289
f 2164/413/2284 2163/412/2283 2170/419/2290
f 2164/413/2284 2170/419/2290 2171/420/2291
f 2164/413/2284 2172/421/2292 2165/414/2285
f 2172/421/2292 2164/413/2284 2171/420/2291
f 2165/414/2285 2080/317/2197 2078/315/2195
f 2080/317/2197 2165/414/2285 2172/421/2292
f 2167/416/2287 2166/415/2286 2173/422/2293
f 2167/416/2287 2173/422/2293 2174/423/2294
f 2166/415/2286 2168/417/2288 2175/424/2295
f 2166/415/2286 2175/424/2295 2173/422/2293
f 2168/417/2288 2169/418/2289 2084/321/2201
f 2168/417/2288 2084/321/2201 2175/424/2295
f 2169/418/2289 2081/318/2198 2083/320/2200
f 2169/418/2289 2083/320/2200 2084/321/2201
f 2171/420/2291 2170/419/2290 2176/425/2296
f 2171/420/2291 2176/425/2296 2177/426/2297
f 2171/420/2291 2178/427/2298 2172/421/2292
f 2178/427/2298 2171/420/2291 2177/426/2297
f 2172/421/2292 2082/319/2199 2080/317/2197
f 2082/319/2199 2172/421/2292 2178/427/2298
f 2177/426/2297 2176/425/2296 2092/428/2212
f 2177/426/2297 2092/428/2212 2091/429/2211
f 2091/429/2211 2178/427/2298 2177/426/2297
f 2178/427/2298 2091/429/2211 2094/430/2214
f 2178/427/2298 2094/430/2214 2082/319/2199
f 2082/319/2199 2094/430/2214 2057/431/2174
f 2083/320/2200 2082/319/2199 2057/431/2174
f 2083/320/2200 2057/431/2174 2056/322/2173
f 2174/423/2294 2173/422/2293 2179/432/2206
f 2174/423/2294 2179/432/2206 2180/433/2203
f 2173/422/2293 2175/424/2295 2181/434/2208
f 2173/422/2293 2181/434/2208 2179/432/2206
f 2175/424/2295 2084/321/2201 2089/323/2202
f 2175/424/2295 2089/323/2202 2181/434/2208
f 2182/435/2161 2183/436/2162 2126/370/2248
f 2183/436/2162 2133/377/2255 2126/370/2248
f 2050/437/2159 2126/370/2248 2118/361/2240
f 2126/370/2248 2050/437/2159 2182/435/2161
f 2050/437/2159 2117/362/2239 2051/438/2160
f 2117/362/2239 2050/437/2159 2118/361/2240
f 2117/362/2239 2184/439/2172 2051/438/2160
f 2184/439/2172 2117/362/2239 2157/406/2277
f 2157/406/2277 2055/440/2171 2184/439/2172
f 2055/440/2171 2157/406/2277 2150/399/2270
f 2150/399/2270 2054/441/2170 2055/440/2171
f 2054/441/2170 2150/399/2270 2142/389/2263
f 2142/389/2263 2185/442/2169 2054/441/2170
f 2185/442/2169 2142/389/2263 2107/390/2228
f 2101/343/2221 2185/443/2169 2107/350/2228
f 2185/443/2169 2101/343/2221 2186/444/2168
f 2093/335/2213 2186/444/2168 2101/343/2221
f 2186/444/2168 2093/335/2213 2187/445/2167
f 2093/335/2213 2092/333/2212 2188/446/2166
f 2093/335/2213 2188/446/2166 2187/445/2167
f 2176/425/2296 2053/448/2165 2188/447/2166
f 2176/425/2296 2188/447/2166 2092/428/2212
f 2170/419/2290 2052/449/2164 2053/448/2165
f 2170/419/2290 2053/448/2165 2176/425/2296
f 2163/412/2283 2189/450/2163 2052/449/2164
f 2163/412/2283 2052/449/2164 2170/419/2290
f 2133/377/2255 2183/436/2162 2189/450/2163
f 2133/377/2255 2189/450/2163 2163/412/2283
f 2109/354/2231 2111/355/2233 2190/451/548
f 2190/451/548 2191/452/547 2109/354/2231
f 2123/366/2245 2190/451/548 2111/355/2233
f 2190/451/548 2123/366/2245 2192/453/549
f 2123/366/2245 2193/454/550 2192/453/549
f 2193/454/550 2123/366/2245 2130/373/2252
f 2193/454/550 2130/373/2252 2160/409/2280
f 2193/454/550 2160/409/2280 2194/455/551
f 2194/455/551 2160/409/2280 2167/416/2287
f 2194/455/551 2167/416/2287 2195/456/552
f 2195/456/552 2167/416/2287 2174/423/2294
f 2195/456/552 2174/423/2294 2196/457/553
f 2196/457/553 2174/423/2294 2180/433/2203
f 2196/457/553 2180/433/2203 482/458/554
f 2197/459/555 482/460/554 2086/325/2205
f 482/460/554 2180/324/2203 2086/325/2205
f 2198/461/556 2086/325/2205 2097/338/2217
f 2086/325/2205 2198/461/556 2197/459/555
f 2198/461/556 2097/338/2217 2199/462/557
f 2199/462/557 2097/338/2217 2103/345/2224
f 2199/463/557 2103/380/2224 2200/464/558
f 2137/381/2258 2200/464/558 2103/380/2224
f 2200/464/558 2137/381/2258 2201/465/559
f 2145/394/2265 2201/465/559 2137/381/2258
f 2201/465/559 2145/394/2265 2202/466/560
f 2152/401/2272 2202/466/560 2145/394/2265
f 2202/466/560 2152/401/2272 2191/452/547
f 2109/354/2231 2191/452/547 2152/401/2272
f 2230/291/2299 2328/293/2300 2203/292/2301
f 2203/292/2301 2328/293/2300 2204/294/2302
f 2203/292/2301 2205/296/2303 2206/295/2304
f 2205/296/2303 2203/292/2301 2204/294/2302
f 2206/295/2304 2205/296/2303 2216/297/2305
f 2216/297/2305 2205/296/2303 2207/298/2306
f 2208/299/2307 2209/301/2308 2210/300/2309
f 2208/299/2307 2210/300/2309 2211/302/2310
f 2209/301/2308 2212/304/2311 2213/303/2312
f 2209/301/2308 2213/303/2312 2210/300/2309
f 2212/304/2311 2214/306/2313 2215/305/2314
f 2212/304/2311 2215/305/2314 2213/303/2312
f 2216/307/2305 2207/309/2306 2217/308/2315
f 2218/310/2316 2217/308/2315 2207/309/2306
f 2217/308/2315 2218/310/2316 2219/311/2317
f 2220/312/2318 2219/311/2317 2218/310/2316
f 2219/311/2317 2220/312/2318 2221/313/2319
f 2222/314/2320 2221/313/2319 2220/312/2318
f 2221/313/2319 2222/314/2320 2211/302/2310
f 2208/299/2307 2211/302/2310 2222/314/2320
f 2215/305/2314 2214/306/2313 2223/315/2321
f 2215/305/2314 2223/315/2321 2224/316/2322
f 2224/316/2322 2223/315/2321 2225/317/2323
f 2224/316/2322 2225/317/2323 2226/318/2324
f 2226/318/2324 2225/317/2323 2227/319/2325
f 2226/318/2324 2227/319/2325 2228/320/2326
f 2229/321/2327 2228/320/2326 2230/322/2299
f 2229/321/2327 2230/322/2299 2238/323/2328
f 2231/324/2329 2232/326/2330 2233/325/2331
f 2232/326/2330 2231/324/2329 2234/327/2332
f 2234/327/2332 2235/328/2333 2232/326/2330
f 2235/328/2333 2234/327/2332 2236/329/2334
f 2236/329/2334 2237/330/2335 2235/328/2333
f 2237/330/2335 2236/329/2334 2238/331/2328
f 2238/331/2328 2230/291/2299 2237/330/2335
f 2237/330/2335 2230/291/2299 2203/292/2301
f 2239/332/2336 2240/334/2337 2241/333/2338
f 2239/332/2336 2241/333/2338 2242/335/2339
f 2327/336/2340 2240/334/2337 2243/337/2341
f 2240/334/2337 2239/332/2336 2243/337/2341
f 2328/293/2300 2327/336/2340 2204/294/2302
f 2327/336/2340 2243/337/2341 2204/294/2302
f 2233/325/2331 2244/339/2342 2245/338/2343
f 2244/339/2342 2233/325/2331 2232/326/2330
f 2232/326/2330 2246/340/2344 2244/339/2342
f 2246/340/2344 2232/326/2330 2235/328/2333
f 2235/328/2333 2247/341/2345 2246/340/2344
f 2247/341/2345 2235/328/2333 2237/330/2335
f 2237/330/2335 2206/295/2304 2247/341/2345
f 2206/295/2304 2237/330/2335 2203/292/2301
f 2248/342/2346 2239/332/2336 2242/335/2339
f 2248/342/2346 2242/335/2339 2249/343/2347
f 2243/337/2341 2239/332/2336 2250/344/2348
f 2239/332/2336 2248/342/2346 2250/344/2348
f 2204/294/2302 2243/337/2341 2205/296/2303
f 2243/337/2341 2250/344/2348 2205/296/2303
f 2245/338/2343 2251/346/2349 2252/345/2350
f 2251/346/2349 2245/338/2343 2244/339/2342
f 2244/339/2342 2253/347/2351 2251/346/2349
f 2253/347/2351 2244/339/2342 2246/340/2344
f 2246/340/2344 2287/348/2352 2253/347/2351
f 2287/348/2352 2246/340/2344 2247/341/2345
f 2247/341/2345 2206/295/2304 2287/348/2352
f 2216/297/2305 2287/348/2352 2206/295/2304
f 2254/349/2353 2248/342/2346 2249/343/2347
f 2254/349/2353 2249/343/2347 2290/350/2354
f 2250/344/2348 2248/342/2346 2255/351/2355
f 2248/342/2346 2254/349/2353 2255/351/2355
f 2205/296/2303 2250/344/2348 2207/298/2306
f 2250/344/2348 2255/351/2355 2207/298/2306
f 2256/352/2356 2257/354/2357 2258/353/2358
f 2257/354/2357 2256/352/2356 2259/355/2359
f 2260/356/2360 2256/352/2356 2261/357/2361
f 2256/352/2356 2258/353/2358 2261/357/2361
f 2262/358/2362 2260/356/2360 2263/359/2363
f 2260/356/2360 2261/357/2361 2263/359/2363
f 2211/302/2310 2210/300/2309 2262/358/2362
f 2211/302/2310 2262/358/2362 2263/359/2363
f 2264/360/2364 2265/362/2365 2266/361/2366
f 2265/362/2365 2264/360/2364 2267/363/2367
f 2264/360/2364 2268/364/2368 2267/363/2367
f 2268/364/2368 2264/360/2364 2269/365/2369
f 2269/365/2369 2208/299/2307 2268/364/2368
f 2208/299/2307 2269/365/2369 2209/301/2308
f 2256/352/2356 2270/367/2370 2271/366/2371
f 2256/352/2356 2271/366/2371 2259/355/2359
f 2272/368/2372 2270/367/2370 2260/356/2360
f 2270/367/2370 2256/352/2356 2260/356/2360
f 2273/369/2373 2272/368/2372 2262/358/2362
f 2272/368/2372 2260/356/2360 2262/358/2362
f 2210/300/2309 2213/303/2312 2273/369/2373
f 2210/300/2309 2273/369/2373 2262/358/2362
f 2274/370/2374 2264/360/2364 2266/361/2366
f 2264/360/2364 2274/370/2374 2275/371/2375
f 2275/371/2375 2269/365/2369 2264/360/2364
f 2269/365/2369 2275/371/2375 2276/372/2376
f 2276/372/2376 2209/301/2308 2269/365/2369
f 2209/301/2308 2276/372/2376 2212/304/2311
f 2270/367/2370 2277/374/2377 2278/373/2378
f 2270/367/2370 2278/373/2378 2271/366/2371
f 2279/375/2379 2277/374/2377 2272/368/2372
f 2277/374/2377 2270/367/2370 2272/368/2372
f 2280/376/2380 2279/375/2379 2273/369/2373
f 2279/375/2379 2272/368/2372 2273/369/2373
f 2213/303/2312 2215/305/2314 2280/376/2380
f 2213/303/2312 2280/376/2380 2273/369/2373
f 2281/377/2381 2275/371/2375 2274/370/2374
f 2275/371/2375 2281/377/2381 2282/378/2382
f 2282/378/2382 2276/372/2376 2275/371/2375
f 2276/372/2376 2282/378/2382 2283/379/2383
f 2283/379/2383 2212/304/2311 2276/372/2376
f 2212/304/2311 2283/379/2383 2214/306/2313
f 2252/380/2350 2251/382/2349 2284/381/2384
f 2285/383/2385 2284/381/2384 2251/382/2349
f 2251/382/2349 2253/384/2351 2285/383/2385
f 2286/385/2386 2285/383/2385 2253/384/2351
f 2253/384/2351 2287/386/2352 2286/385/2386
f 2288/387/2387 2286/385/2386 2287/386/2352
f 2287/386/2352 2216/307/2305 2288/387/2387
f 2217/308/2315 2288/387/2387 2216/307/2305
f 2289/388/2388 2290/390/2354 2291/389/2389
f 2290/390/2354 2289/388/2388 2254/391/2353
f 2292/392/2390 2254/391/2353 2289/388/2388
f 2254/391/2353 2292/392/2390 2255/393/2355
f 2218/310/2316 2255/393/2355 2292/392/2390
f 2255/393/2355 2218/310/2316 2207/309/2306
f 2284/381/2384 2285/383/2385 2293/394/2391
f 2294/395/2392 2293/394/2391 2285/383/2385
f 2285/383/2385 2286/385/2386 2294/395/2392
f 2295/396/2393 2294/395/2392 2286/385/2386
f 2286/385/2386 2288/387/2387 2295/396/2393
f 2296/397/2394 2295/396/2393 2288/387/2387
f 2288/387/2387 2217/308/2315 2296/397/2394
f 2219/311/2317 2296/397/2394 2217/308/2315
f 2297/398/2395 2291/389/2389 2298/399/2396
f 2291/389/2389 2297/398/2395 2289/388/2388
f 2297/398/2395 2299/400/2397 2292/392/2390
f 2297/398/2395 2292/392/2390 2289/388/2388
f 2220/312/2318 2292/392/2390 2299/400/2397
f 2292/392/2390 2220/312/2318 2218/310/2316
f 2293/394/2391 2294/395/2392 2300/401/2398
f 2301/402/2399 2300/401/2398 2294/395/2392
f 2294/395/2392 2295/396/2393 2301/402/2399
f 2302/403/2400 2301/402/2399 2295/396/2393
f 2295/396/2393 2296/397/2394 2302/403/2400
f 2303/404/2401 2302/403/2400 2296/397/2394
f 2296/397/2394 2219/311/2317 2303/404/2401
f 2221/313/2319 2303/404/2401 2219/311/2317
f 2304/405/2402 2298/399/2396 2305/406/2403
f 2298/399/2396 2304/405/2402 2297/398/2395
f 2304/405/2402 2306/407/2404 2299/400/2397
f 2304/405/2402 2299/400/2397 2297/398/2395
f 2306/407/2404 2220/312/2318 2299/400/2397
f 2220/312/2318 2306/407/2404 2222/314/2320
f 2300/401/2398 2301/402/2399 2257/354/2357
f 2258/353/2358 2257/354/2357 2301/402/2399
f 2301/402/2399 2302/403/2400 2258/353/2358
f 2261/357/2361 2258/353/2358 2302/403/2400
f 2302/403/2400 2303/404/2401 2261/357/2361
f 2263/359/2363 2261/357/2361 2303/404/2401
f 2303/404/2401 2221/313/2319 2263/359/2363
f 2211/302/2310 2263/359/2363 2221/313/2319
f 2267/363/2367 2305/406/2403 2265/362/2365
f 2305/406/2403 2267/363/2367 2304/405/2402
f 2267/363/2367 2268/364/2368 2306/407/2404
f 2267/363/2367 2306/407/2404 2304/405/2402
f 2268/364/2368 2222/314/2320 2306/407/2404
f 2222/314/2320 2268/364/2368 2208/299/2307
f 2278/373/2378 2277/374/2377 2307/408/2405
f 2278/373/2378 2307/408/2405 2308/409/2406
f 2277/374/2377 2309/410/2407 2307/408/2405
f 2277/374/2377 2279/375/2379 2309/410/2407
f 2279/375/2379 2310/411/2408 2309/410/2407
f 2279/375/2379 2280/376/2380 2310/411/2408
f 2280/376/2380 2215/305/2314 2224/316/2322
f 2280/376/2380 2224/316/2322 2310/411/2408
f 2282/378/2382 2281/377/2381 2311/412/2409
f 2282/378/2382 2311/412/2409 2312/413/2410
f 2282/378/2382 2313/414/2411 2283/379/2383
f 2313/414/2411 2282/378/2382 2312/413/2410
f 2283/379/2383 2223/315/2321 2214/306/2313
f 2223/315/2321 2283/379/2383 2313/414/2411
f 2308/409/2406 2307/408/2405 2314/415/2412
f 2308/409/2406 2314/415/2412 2315/416/2413
f 2307/408/2405 2316/417/2414 2314/415/2412
f 2307/408/2405 2309/410/2407 2316/417/2414
f 2309/410/2407 2310/411/2408 2317/418/2415
f 2309/410/2407 2317/418/2415 2316/417/2414
f 2310/411/2408 2224/316/2322 2226/318/2324
f 2310/411/2408 2226/318/2324 2317/418/2415
f 2312/413/2410 2311/412/2409 2318/419/2416
f 2312/413/2410 2318/419/2416 2319/420/2417
f 2312/413/2410 2320/421/2418 2313/414/2411
f 2320/421/2418 2312/413/2410 2319/420/2417
f 2313/414/2411 2225/317/2323 2223/315/2321
f 2225/317/2323 2313/414/2411 2320/421/2418
f 2315/416/2413 2314/415/2412 2321/422/2419
f 2315/416/2413 2321/422/2419 2322/423/2420
f 2314/415/2412 2316/417/2414 2323/424/2421
f 2314/415/2412 2323/424/2421 2321/422/2419
f 2316/417/2414 2317/418/2415 2229/321/2327
f 2316/417/2414 2229/321/2327 2323/424/2421
f 2317/418/2415 2226/318/2324 2228/320/2326
f 2317/418/2415 2228/320/2326 2229/321/2327
f 2319/420/2417 2318/419/2416 2324/425/2422
f 2319/420/2417 2324/425/2422 2325/426/2423
f 2319/420/2417 2326/427/2424 2320/421/2418
f 2326/427/2424 2319/420/2417 2325/426/2423
f 2320/421/2418 2227/319/2325 2225/317/2323
f 2227/319/2325 2320/421/2418 2326/427/2424
f 2325/426/2423 2324/425/2422 2241/428/2338
f 2325/426/2423 2241/428/2338 2240/429/2337
f 2240/429/2337 2326/427/2424 2325/426/2423
f 2326/427/2424 2240/429/2337 2327/430/2340
f 2326/427/2424 2327/430/2340 2227/319/2325
f 2227/319/2325 2327/430/2340 2328/431/2300
f 2228/320/2326 2227/319/2325 2328/431/2300
f 2228/320/2326 2328/431/2300 2230/322/2299
f 2322/423/2420 2321/422/2419 2234/432/2332
f 2322/423/2420 2234/432/2332 2231/433/2329
f 2321/422/2419 2323/424/2421 2236/434/2334
f 2321/422/2419 2236/434/2334 2234/432/2332
f 2323/424/2421 2229/321/2327 2238/323/2328
f 2323/424/2421 2238/323/2328 2236/434/2334
f 1494/435/1585 1495/436/1586 2274/370/2374
f 1495/436/1586 2281/377/2381 2274/370/2374
f 1496/437/1587 2274/370/2374 2266/361/2366
f 2274/370/2374 1496/437/1587 1494/435/1585
f 1496/437/1587 2265/362/2365 1497/438/1588
f 2265/362/2365 1496/437/1587 2266/361/2366
f 2265/362/2365 1498/439/1589 1497/438/1588
f 1498/439/1589 2265/362/2365 2305/406/2403
f 2305/406/2403 2329/440/1590 1498/439/1589
f 2329/440/1590 2305/406/2403 2298/399/2396
f 2298/399/2396 1499/441/1591 2329/440/1590
f 1499/441/1591 2298/399/2396 2291/389/2389
f 2291/389/2389 1501/442/1592 1499/441/1591
f 1501/442/1592 2291/389/2389 2290/390/2354
f 2249/343/2347 1501/443/1592 2290/350/2354
f 1501/443/1592 2249/343/2347 1500/444/1593
f 2242/335/2339 1500/444/1593 2249/343/2347
f 1500/444/1593 2242/335/2339 2330/445/1594
f 2242/335/2339 2241/333/2338 1502/446/1595
f 2242/335/2339 1502/446/1595 2330/445/1594
f 2324/425/2422 1503/448/1596 1502/447/1595
f 2324/425/2422 1502/447/1595 2241/428/2338
f 2318/419/2416 1504/449/1597 1503/448/1596
f 2318/419/2416 1503/448/1596 2324/425/2422
f 2311/412/2409 2331/450/1598 1504/449/1597
f 2311/412/2409 1504/449/1597 2318/419/2416
f 2281/377/2381 1495/436/1586 2331/450/1598
f 2281/377/2381 2331/450/1598 2311/412/2409
f 2257/354/2357 2259/355/2359 2332/451/2425
f 2332/451/2425 2461/452/2426 2257/354/2357
f 2271/366/2371 2332/451/2425 2259/355/2359
f 2332/451/2425 2271/366/2371 2462/453/2427
f 2271/366/2371 2463/454/2428 2462/453/2427
f 2463/454/2428 2271/366/2371 2278/373/2378
f 2463/454/2428 2278/373/2378 2308/409/2406
f 2463/454/2428 2308/409/2406 2464/455/2429
f 2464/455/2429 2308/409/2406 2315/416/2413
f 2464/455/2429 2315/416/2413 2465/456/2430
f 2465/456/2430 2315/416/2413 2322/423/2420
f 2465/456/2430 2322/423/2420 2333/457/2431
f 2333/457/2431 2322/423/2420 2231/433/2329
f 2333/457/2431 2231/433/2329 2466/458/2432
f 2467/459/2433 2466/460/2432 2233/325/2331
f 2466/460/2432 2231/324/2329 2233/325/2331
f 2334/461/2434 2233/325/2331 2245/338/2343
f 2233/325/2331 2334/461/2434 2467/459/2433
f 2334/461/2434 2245/338/2343 2469/462/2435
f 2469/462/2435 2245/338/2343 2252/345/2350
f 2469/463/2435 2252/380/2350 2468/464/2436
f 2284/381/2384 2468/464/2436 2252/380/2350
f 2468/464/2436 2284/381/2384 2470/465/2437
f 2293/394/2391 2470/465/2437 2284/381/2384
f 2470/465/2437 2293/394/2391 2471/466/2438
f 2300/401/2398 2471/466/2438 2293/394/2391
f 2471/466/2438 2300/401/2398 2461/452/2426
f 2257/354/2357 2461/452/2426 2300/401/2398
f 2362/291/2439 2335/292/2440 2460/293/2441
f 2335/292/2440 2336/294/2442 2460/293/2441
f 2335/292/2440 2338/295/2443 2337/296/2444
f 2337/296/2444 2336/294/2442 2335/292/2440
f 2338/295/2443 2348/297/2445 2337/296/2444
f 2348/297/2445 2339/298/2446 2337/296/2444
f 2340/299/2447 2342/300/2448 2341/301/2449
f 2340/299/2447 2343/302/2450 2342/300/2448
f 2341/301/2449 2345/303/2451 2344/304/2452
f 2341/301/2449 2342/300/2448 2345/303/2451
f 2344/304/2452 2347/305/2453 2346/306/2454
f 2344/304/2452 2345/303/2451 2347/305/2453
f 2348/307/2445 2349/308/2455 2339/309/2446
f 2350/310/2456 2339/309/2446 2349/308/2455
f 2349/308/2455 2351/311/2457 2350/310/2456
f 2352/312/2458 2350/310/2456 2351/311/2457
f 2351/311/2457 2353/313/2459 2352/312/2458
f 2354/314/2460 2352/312/2458 2353/313/2459
f 2353/313/2459 2343/302/2450 2354/314/2460
f 2340/299/2447 2354/314/2460 2343/302/2450
f 2347/305/2453 2355/315/2461 2346/306/2454
f 2347/305/2453 2356/316/2462 2355/315/2461
f 2356/316/2462 2357/317/2463 2355/315/2461
f 2356/316/2462 2358/318/2464 2357/317/2463
f 2358/318/2464 2359/319/2465 2357/317/2463
f 2358/318/2464 2360/320/2466 2359/319/2465
f 2361/321/2467 2362/322/2439 2360/320/2466
f 2361/321/2467 2370/323/2468 2362/322/2439
f 2363/324/2469 2365/325/2470 2364/326/2471
f 2364/326/2471 2366/327/2472 2363/324/2469
f 2366/327/2472 2364/326/2471 2367/328/2473
f 2367/328/2473 2368/329/2474 2366/327/2472
f 2368/329/2474 2367/328/2473 2369/330/2475
f 2369/330/2475 2370/331/2468 2368/329/2474
f 2370/331/2468 2369/330/2475 2362/291/2439
f 2369/330/2475 2335/292/2440 2362/291/2439
f 2371/332/2476 2373/333/2477 2372/334/2478
f 2371/332/2476 2374/335/2479 2373/333/2477
f 2459/336/2480 2375/337/2481 2372/334/2478
f 2372/334/2478 2375/337/2481 2371/332/2476
f 2460/293/2441 2336/294/2442 2459/336/2480
f 2459/336/2480 2336/294/2442 2375/337/2481
f 2365/325/2470 2377/338/2482 2376/339/2483
f 2376/339/2483 2364/326/2471 2365/325/2470
f 2364/326/2471 2376/339/2483 2378/340/2484
f 2378/340/2484 2367/328/2473 2364/326/2471
f 2367/328/2473 2378/340/2484 2379/341/2485
f 2379/341/2485 2369/330/2475 2367/328/2473
f 2369/330/2475 2379/341/2485 2338/295/2443
f 2338/295/2443 2335/292/2440 2369/330/2475
f 2380/342/2486 2374/335/2479 2371/332/2476
f 2380/342/2486 2381/343/2487 2374/335/2479
f 2375/337/2481 2382/344/2488 2371/332/2476
f 2371/332/2476 2382/344/2488 2380/342/2486
f 2336/294/2442 2337/296/2444 2375/337/2481
f 2375/337/2481 2337/296/2444 2382/344/2488
f 2377/338/2482 2384/345/2489 2383/346/2490
f 2383/346/2490 2376/339/2483 2377/338/2482
f 2376/339/2483 2383/346/2490 2385/347/2491
f 2385/347/2491 2378/340/2484 2376/339/2483
f 2378/340/2484 2385/347/2491 2419/348/2492
f 2419/348/2492 2379/341/2485 2378/340/2484
f 2379/341/2485 2419/348/2492 2338/295/2443
f 2348/297/2445 2338/295/2443 2419/348/2492
f 2386/349/2493 2381/343/2487 2380/342/2486
f 2386/349/2493 2422/350/2494 2381/343/2487
f 2382/344/2488 2387/351/2495 2380/342/2486
f 2380/342/2486 2387/351/2495 2386/349/2493
f 2337/296/2444 2339/298/2446 2382/344/2488
f 2382/344/2488 2339/298/2446 2387/351/2495
f 2388/352/2496 2390/353/2497 2389/354/2498
f 2389/354/2498 2391/355/2499 2388/352/2496
f 2392/356/2500 2393/357/2501 2388/352/2496
f 2388/352/2496 2393/357/2501 2390/353/2497
f 2394/358/2502 2395/359/2503 2392/356/2500
f 2392/356/2500 2395/359/2503 2393/357/2501
f 2343/302/2450 2394/358/2502 2342/300/2448
f 2343/302/2450 2395/359/2503 2394/358/2502
f 2396/360/2504 2398/361/2505 2397/362/2506
f 2397/362/2506 2399/363/2507 2396/360/2504
f 2396/360/2504 2399/363/2507 2400/364/2508
f 2400/364/2508 2401/365/2509 2396/360/2504
f 2401/365/2509 2400/364/2508 2340/299/2447
f 2340/299/2447 2341/301/2449 2401/365/2509
f 2388/352/2496 2403/366/2510 2402/367/2511
f 2388/352/2496 2391/355/2499 2403/366/2510
f 2404/368/2512 2392/356/2500 2402/367/2511
f 2402/367/2511 2392/356/2500 2388/352/2496
f 2405/369/2513 2394/358/2502 2404/368/2512
f 2404/368/2512 2394/358/2502 2392/356/2500
f 2342/300/2448 2405/369/2513 2345/303/2451
f 2342/300/2448 2394/358/2502 2405/369/2513
f 2406/370/2514 2398/361/2505 2396/360/2504
f 2396/360/2504 2407/371/2515 2406/370/2514
f 2407/371/2515 2396/360/2504 2401/365/2509
f 2401/365/2509 2408/372/2516 2407/371/2515
f 2408/372/2516 2401/365/2509 2341/301/2449
f 2341/301/2449 2344/304/2452 2408/372/2516
f 2402/367/2511 2410/373/2517 2409/374/2518
f 2402/367/2511 2403/366/2510 2410/373/2517
f 2411/375/2519 2404/368/2512 2409/374/2518
f 2409/374/2518 2404/368/2512 2402/367/2511
f 2412/376/2520 2405/369/2513 2411/375/2519
f 2411/375/2519 2405/369/2513 2404/368/2512
f 2345/303/2451 2412/376/2520 2347/305/2453
f 2345/303/2451 2405/369/2513 2412/376/2520
f 2413/377/2521 2406/370/2514 2407/371/2515
f 2407/371/2515 2414/378/2522 2413/377/2521
f 2414/378/2522 2407/371/2515 2408/372/2516
f 2408/372/2516 2415/379/2523 2414/378/2522
f 2415/379/2523 2408/372/2516 2344/304/2452
f 2344/304/2452 2346/306/2454 2415/379/2523
f 2384/380/2489 2416/381/2524 2383/382/2490
f 2417/383/2525 2383/382/2490 2416/381/2524
f 2383/382/2490 2417/383/2525 2385/384/2491
f 2418/385/2526 2385/384/2491 2417/383/2525
f 2385/384/2491 2418/385/2526 2419/386/2492
f 2420/387/2527 2419/386/2492 2418/385/2526
f 2419/386/2492 2420/387/2527 2348/307/2445
f 2349/308/2455 2348/307/2445 2420/387/2527
f 2421/388/2528 2423/389/2529 2422/390/2494
f 2422/390/2494 2386/391/2493 2421/388/2528
f 2424/392/2530 2421/388/2528 2386/391/2493
f 2386/391/2493 2387/393/2495 2424/392/2530
f 2350/310/2456 2424/392/2530 2387/393/2495
f 2387/393/2495 2339/309/2446 2350/310/2456
f 2416/381/2524 2425/394/2531 2417/383/2525
f 2426/395/2532 2417/383/2525 2425/394/2531
f 2417/383/2525 2426/395/2532 2418/385/2526
f 2427/396/2533 2418/385/2526 2426/395/2532
f 2418/385/2526 2427/396/2533 2420/387/2527
f 2428/397/2534 2420/387/2527 2427/396/2533
f 2420/387/2527 2428/397/2534 2349/308/2455
f 2351/311/2457 2349/308/2455 2428/397/2534
f 2429/398/2535 2430/399/2536 2423/389/2529
f 2423/389/2529 2421/388/2528 2429/398/2535
f 2429/398/2535 2424/392/2530 2431/400/2537
f 2429/398/2535 2421/388/2528 2424/392/2530
f 2352/312/2458 2431/400/2537 2424/392/2530
f 2424/392/2530 2350/310/2456 2352/312/2458
f 2425/394/2531 2432/401/2538 2426/395/2532
f 2433/402/2539 2426/395/2532 2432/401/2538
f 2426/395/2532 2433/402/2539 2427/396/2533
f 2434/403/2540 2427/396/2533 2433/402/2539
f 2427/396/2533 2434/403/2540 2428/397/2534
f 2435/404/2541 2428/397/2534 2434/403/2540
f 2428/397/2534 2435/404/2541 2351/311/2457
f 2353/313/2459 2351/311/2457 2435/404/2541
f 2436/405/2542 2437/406/2543 2430/399/2536
f 2430/399/2536 2429/398/2535 2436/405/2542
f 2436/405/2542 2431/400/2537 2438/407/2544
f 2436/405/2542 2429/398/2535 2431/400/2537
f 2438/407/2544 2431/400/2537 2352/312/2458
f 2352/312/2458 2354/314/2460 2438/407/2544
f 2432/401/2538 2389/354/2498 2433/402/2539
f 2390/353/2497 2433/402/2539 2389/354/2498
f 2433/402/2539 2390/353/2497 2434/403/2540
f 2393/357/2501 2434/403/2540 2390/353/2497
f 2434/403/2540 2393/357/2501 2435/404/2541
f 2395/359/2503 2435/404/2541 2393/357/2501
f 2435/404/2541 2395/359/2503 2353/313/2459
f 2343/302/2450 2353/313/2459 2395/359/2503
f 2399/363/2507 2397/362/2506 2437/406/2543
f 2437/406/2543 2436/405/2542 2399/363/2507
f 2399/363/2507 2438/407/2544 2400/364/2508
f 2399/363/2507 2436/405/2542 2438/407/2544
f 2400/364/2508 2438/407/2544 2354/314/2460
f 2354/314/2460 2340/299/2447 2400/364/2508
f 2410/373/2517 2439/408/2545 2409/374/2518
f 2410/373/2517 2440/409/2546 2439/408/2545
f 2409/374/2518 2439/408/2545 2441/410/2547
f 2409/374/2518 2441/410/2547 2411/375/2519
f 2411/375/2519 2441/410/2547 2442/411/2548
f 2411/375/2519 2442/411/2548 2412/376/2520
f 2412/376/2520 2356/316/2462 2347/305/2453
f 2412/376/2520 2442/411/2548 2356/316/2462
f 2414/378/2522 2443/412/2549 2413/377/2521
f 2414/378/2522 2444/413/2550 2443/412/2549
f 2414/378/2522 2415/379/2523 2445/414/2551
f 2445/414/2551 2444/413/2550 2414/378/2522
f 2415/379/2523 2346/306/2454 2355/315/2461
f 2355/315/2461 2445/414/2551 2415/379/2523
f 2440/409/2546 2446/415/2552 2439/408/2545
f 2440/409/2546 2447/416/2553 2446/415/2552
f 2439/408/2545 2446/415/2552 2448/417/2554
f 2439/408/2545 2448/417/2554 2441/410/2547
f 2441/410/2547 2449/418/2555 2442/411/2548
f 2441/410/2547 2448/417/2554 2449/418/2555
f 2442/411/2548 2358/318/2464 2356/316/2462
f 2442/411/2548 2449/418/2555 2358/318/2464
f 2444/413/2550 2450/419/2556 2443/412/2549
f 2444/413/2550 2451/420/2557 2450/419/2556
f 2444/413/2550 2445/414/2551 2452/421/2558
f 2452/421/2558 2451/420/2557 2444/413/2550
f 2445/414/2551 2355/315/2461 2357/317/2463
f 2357/317/2463 2452/421/2558 2445/414/2551
f 2447/416/2553 2453/422/2559 2446/415/2552
f 2447/416/2553 2454/423/2560 2453/422/2559
f 2446/415/2552 2455/424/2561 2448/417/2554
f 2446/415/2552 2453/422/2559 2455/424/2561
f 2448/417/2554 2361/321/2467 2449/418/2555
f 2448/417/2554 2455/424/2561 2361/321/2467
f 2449/418/2555 2360/320/2466 2358/318/2464
f 2449/418/2555 2361/321/2467 2360/320/2466
f 2451/420/2557 2456/425/2562 2450/419/2556
f 2451/420/2557 2457/426/2563 2456/425/2562
f 2451/420/2557 2452/421/2558 2458/427/2564
f 2458/427/2564 2457/426/2563 2451/420/2557
f 2452/421/2558 2357/317/2463 2359/319/2465
f 2359/319/2465 2458/427/2564 2452/421/2558
f 2457/426/2563 2373/428/2477 2456/425/2562
f 2457/426/2563 2372/429/2478 2373/428/2477
f 2372/429/2478 2457/426/2563 2458/427/2564
f 2458/427/2564 2459/430/2480 2372/429/2478
f 2458/427/2564 2359/319/2465 2459/430/2480
f 2359/319/2465 2460/431/2441 2459/430/2480
f 2360/320/2466 2460/431/2441 2359/319/2465
f 2360/320/2466 2362/322/2439 2460/431/2441
f 2454/423/2560 2366/432/2472 2453/422/2559
f 2454/423/2560 2363/433/2469 2366/432/2472
f 2453/422/2559 2368/434/2474 2455/424/2561
f 2453/422/2559 2366/432/2472 2368/434/2474
f 2455/424/2561 2370/323/2468 2361/321/2467
f 2455/424/2561 2368/434/2474 2370/323/2468
f 2332/435/2425 2406/370/2514 2461/436/2426
f 2461/436/2426 2406/370/2514 2413/377/2521
f 2462/437/2427 2398/361/2505 2406/370/2514
f 2406/370/2514 2332/435/2425 2462/437/2427
f 2462/437/2427 2463/438/2428 2397/362/2506
f 2397/362/2506 2398/361/2505 2462/437/2427
f 2397/362/2506 2463/438/2428 2464/439/2429
f 2464/439/2429 2437/406/2543 2397/362/2506
f 2437/406/2543 2464/439/2429 2465/440/2430
f 2465/440/2430 2430/399/2536 2437/406/2543
f 2430/399/2536 2465/440/2430 2333/441/2431
f 2333/441/2431 2423/389/2529 2430/399/2536
f 2423/389/2529 2333/441/2431 2466/442/2432
f 2466/442/2432 2422/390/2494 2423/389/2529
f 2381/343/2487 2422/350/2494 2466/443/2432
f 2466/443/2432 2467/444/2433 2381/343/2487
f 2374/335/2479 2381/343/2487 2467/444/2433
f 2467/444/2433 2334/445/2434 2374/335/2479
f 2374/335/2479 2469/446/2435 2373/333/2477
f 2374/335/2479 2334/445/2434 2469/446/2435
f 2456/425/2562 2469/447/2435 2468/448/2436
f 2456/425/2562 2373/428/2477 2469/447/2435
f 2450/419/2556 2468/448/2436 2470/449/2437
f 2450/419/2556 2456/425/2562 2468/448/2436
f 2443/412/2549 2470/449/2437 2471/450/2438
f 2443/412/2549 2450/419/2556 2470/449/2437
f 2413/377/2521 2471/450/2438 2461/436/2426
f 2413/377/2521 2443/412/2549 2471/450/2438
f 2389/354/2498 2472/451/927 2391/355/2499
f 2472/451/927 2389/354/2498 2473/452/928
f 2403/366/2510 2391/355/2499 2472/451/927
f 2472/451/927 2474/453/926 2403/366/2510
f 2403/366/2510 2474/453/926 2475/454/925
f 2475/454/925 2410/373/2517 2403/366/2510
f 2475/454/925 2440/409/2546 2410/373/2517
f 2475/454/925 2476/455/938 2440/409/2546
f 2476/455/938 2447/416/2553 2440/409/2546
f 2476/455/938 2477/456/937 2447/416/2553
f 2477/456/937 2454/423/2560 2447/416/2553
f 2477/456/937 2478/457/936 2454/423/2560
f 2478/457/936 2363/433/2469 2454/423/2560
f 2478/457/936 2479/458/935 2363/433/2469
f 873/459/934 2365/325/2470 2479/460/935
f 2479/460/935 2365/325/2470 2363/324/2469
f 2480/461/933 2377/338/2482 2365/325/2470
f 2365/325/2470 873/459/934 2480/461/933
f 2480/461/933 2481/462/932 2377/338/2482
f 2481/462/932 2384/345/2489 2377/338/2482
f 2481/463/932 2482/464/931 2384/380/2489
f 2416/381/2524 2384/380/2489 2482/464/931
f 2482/464/931 2483/465/930 2416/381/2524
f 2425/394/2531 2416/381/2524 2483/465/930
f 2483/465/930 2484/466/929 2425/394/2531
f 2432/401/2538 2425/394/2531 2484/466/929
f 2484/466/929 2473/452/928 2432/401/2538
f 2389/354/2498 2432/401/2538 2473/452/928
f 2512/291/2565 2610/293/2566 2485/292/2567
f 2485/292/2567 2610/293/2566 2486/294/2568
f 2485/292/2567 2487/296/2569 2488/295/2570
f 2487/296/2569 2485/292/2567 2486/294/2568
f 2488/295/2570 2487/296/2569 2498/297/2571
f 2498/297/2571 2487/296/2569 2489/298/2572
f 2490/299/2573 2491/301/2574 2492/300/2575
f 2490/299/2573 2492/300/2575 2493/302/2576
f 2491/301/2574 2494/304/2577 2495/303/2578
f 2491/301/2574 2495/303/2578 2492/300/2575
f 2494/304/2577 2496/306/2579 2497/305/2580
f 2494/304/2577 2497/305/2580 2495/303/2578
f 2498/307/2571 2489/309/2572 2499/308/2581
f 2500/310/2582 2499/308/2581 2489/309/2572
f 2499/308/2581 2500/310/2582 2501/311/2583
f 2502/312/2584 2501/311/2583 2500/310/2582
f 2501/311/2583 2502/312/2584 2503/313/2585
f 2504/314/2586 2503/313/2585 2502/312/2584
f 2503/313/2585 2504/314/2586 2493/302/2576
f 2490/299/2573 2493/302/2576 2504/314/2586
f 2497/305/2580 2496/306/2579 2505/315/2587
f 2497/305/2580 2505/315/2587 2506/316/2588
f 2506/316/2588 2505/315/2587 2507/317/2589
f 2506/316/2588 2507/317/2589 2508/318/2590
f 2508/318/2590 2507/317/2589 2509/319/2591
f 2508/318/2590 2509/319/2591 2510/320/2592
f 2511/321/2593 2510/320/2592 2512/322/2565
f 2511/321/2593 2512/322/2565 2520/323/2594
f 2513/324/2595 2514/326/2596 2515/325/2597
f 2514/326/2596 2513/324/2595 2516/327/2598
f 2516/327/2598 2517/328/2599 2514/326/2596
f 2517/328/2599 2516/327/2598 2518/329/2600
f 2518/329/2600 2519/330/2601 2517/328/2599
f 2519/330/2601 2518/329/2600 2520/331/2594
f 2520/331/2594 2512/291/2565 2519/330/2601
f 2519/330/2601 2512/291/2565 2485/292/2567
f 2521/332/2602 2522/334/2603 2523/333/2604
f 2521/332/2602 2523/333/2604 2524/335/2605
f 2609/336/2606 2522/334/2603 2525/337/2607
f 2522/334/2603 2521/332/2602 2525/337/2607
f 2610/293/2566 2609/336/2606 2486/294/2568
f 2609/336/2606 2525/337/2607 2486/294/2568
f 2515/325/2597 2526/339/2608 2527/338/2609
f 2526/339/2608 2515/325/2597 2514/326/2596
f 2514/326/2596 2528/340/2610 2526/339/2608
f 2528/340/2610 2514/326/2596 2517/328/2599
f 2517/328/2599 2529/341/2611 2528/340/2610
f 2529/341/2611 2517/328/2599 2519/330/2601
f 2519/330/2601 2488/295/2570 2529/341/2611
f 2488/295/2570 2519/330/2601 2485/292/2567
f 2530/342/2612 2521/332/2602 2524/335/2605
f 2530/342/2612 2524/335/2605 2531/343/2613
f 2525/337/2607 2521/332/2602 2532/344/2614
f 2521/332/2602 2530/342/2612 2532/344/2614
f 2486/294/2568 2525/337/2607 2487/296/2569
f 2525/337/2607 2532/344/2614 2487/296/2569
f 2527/338/2609 2533/346/2615 2534/345/2616
f 2533/346/2615 2527/338/2609 2526/339/2608
f 2526/339/2608 2535/347/2617 2533/346/2615
f 2535/347/2617 2526/339/2608 2528/340/2610
f 2528/340/2610 2569/348/2618 2535/347/2617
f 2569/348/2618 2528/340/2610 2529/341/2611
f 2529/341/2611 2488/295/2570 2569/348/2618
f 2498/297/2571 2569/348/2618 2488/295/2570
f 2536/349/2619 2530/342/2612 2531/343/2613
f 2536/349/2619 2531/343/2613 2572/350/2620
f 2532/344/2614 2530/342/2612 2537/351/2621
f 2530/342/2612 2536/349/2619 2537/351/2621
f 2487/296/2569 2532/344/2614 2489/298/2572
f 2532/344/2614 2537/351/2621 2489/298/2572
f 2538/352/2622 2539/354/2623 2540/353/2624
f 2539/354/2623 2538/352/2622 2541/355/2625
f 2542/356/2626 2538/352/2622 2543/357/2627
f 2538/352/2622 2540/353/2624 2543/357/2627
f 2544/358/2628 2542/356/2626 2545/359/2629
f 2542/356/2626 2543/357/2627 2545/359/2629
f 2493/302/2576 2492/300/2575 2544/358/2628
f 2493/302/2576 2544/358/2628 2545/359/2629
f 2546/360/2630 2547/362/2631 2548/361/2632
f 2547/362/2631 2546/360/2630 2549/363/2633
f 2546/360/2630 2550/364/2634 2549/363/2633
f 2550/364/2634 2546/360/2630 2551/365/2635
f 2551/365/2635 2490/299/2573 2550/364/2634
f 2490/299/2573 2551/365/2635 2491/301/2574
f 2538/352/2622 2552/367/2636 2553/366/2637
f 2538/352/2622 2553/366/2637 2541/355/2625
f 2554/368/2638 2552/367/2636 2542/356/2626
f 2552/367/2636 2538/352/2622 2542/356/2626
f 2555/369/2639 2554/368/2638 2544/358/2628
f 2554/368/2638 2542/356/2626 2544/358/2628
f 2492/300/2575 2495/303/2578 2555/369/2639
f 2492/300/2575 2555/369/2639 2544/358/2628
f 2556/370/2640 2546/360/2630 2548/361/2632
f 2546/360/2630 2556/370/2640 2557/371/2641
f 2557/371/2641 2551/365/2635 2546/360/2630
f 2551/365/2635 2557/371/2641 2558/372/2642
f 2558/372/2642 2491/301/2574 2551/365/2635
f 2491/301/2574 2558/372/2642 2494/304/2577
f 2552/367/2636 2559/374/2643 2560/373/2644
f 2552/367/2636 2560/373/2644 2553/366/2637
f 2561/375/2645 2559/374/2643 2554/368/2638
f 2559/374/2643 2552/367/2636 2554/368/2638
f 2562/376/2646 2561/375/2645 2555/369/2639
f 2561/375/2645 2554/368/2638 2555/369/2639
f 2495/303/2578 2497/305/2580 2562/376/2646
f 2495/303/2578 2562/376/2646 2555/369/2639
f 2563/377/2647 2557/371/2641 2556/370/2640
f 2557/371/2641 2563/377/2647 2564/378/2648
f 2564/378/2648 2558/372/2642 2557/371/2641
f 2558/372/2642 2564/378/2648 2565/379/2649
f 2565/379/2649 2494/304/2577 2558/372/2642
f 2494/304/2577 2565/379/2649 2496/306/2579
f 2534/380/2616 2533/382/2615 2566/381/2650
f 2567/383/2651 2566/381/2650 2533/382/2615
f 2533/382/2615 2535/384/2617 2567/383/2651
f 2568/385/2652 2567/383/2651 2535/384/2617
f 2535/384/2617 2569/386/2618 2568/385/2652
f 2570/387/2653 2568/385/2652 2569/386/2618
f 2569/386/2618 2498/307/2571 2570/387/2653
f 2499/308/2581 2570/387/2653 2498/307/2571
f 2571/388/2654 2572/390/2620 2573/389/2655
f 2572/390/2620 2571/388/2654 2536/391/2619
f 2574/392/2656 2536/391/2619 2571/388/2654
f 2536/391/2619 2574/392/2656 2537/393/2621
f 2500/310/2582 2537/393/2621 2574/392/2656
f 2537/393/2621 2500/310/2582 2489/309/2572
f 2566/381/2650 2567/383/2651 2575/394/2657
f 2576/395/2658 2575/394/2657 2567/383/2651
f 2567/383/2651 2568/385/2652 2576/395/2658
f 2577/396/2659 2576/395/2658 2568/385/2652
f 2568/385/2652 2570/387/2653 2577/396/2659
f 2578/397/2660 2577/396/2659 2570/387/2653
f 2570/387/2653 2499/308/2581 2578/397/2660
f 2501/311/2583 2578/397/2660 2499/308/2581
f 2579/398/2661 2573/389/2655 2580/399/2662
f 2573/389/2655 2579/398/2661 2571/388/2654
f 2579/398/2661 2581/400/2663 2574/392/2656
f 2579/398/2661 2574/392/2656 2571/388/2654
f 2502/312/2584 2574/392/2656 2581/400/2663
f 2574/392/2656 2502/312/2584 2500/310/2582
f 2575/394/2657 2576/395/2658 2582/401/2664
f 2583/402/2665 2582/401/2664 2576/395/2658
f 2576/395/2658 2577/396/2659 2583/402/2665
f 2584/403/2666 2583/402/2665 2577/396/2659
f 2577/396/2659 2578/397/2660 2584/403/2666
f 2585/404/2667 2584/403/2666 2578/397/2660
f 2578/397/2660 2501/311/2583 2585/404/2667
f 2503/313/2585 2585/404/2667 2501/311/2583
f 2586/405/2668 2580/399/2662 2587/406/2669
f 2580/399/2662 2586/405/2668 2579/398/2661
f 2586/405/2668 2588/407/2670 2581/400/2663
f 2586/405/2668 2581/400/2663 2579/398/2661
f 2588/407/2670 2502/312/2584 2581/400/2663
f 2502/312/2584 2588/407/2670 2504/314/2586
f 2582/401/2664 2583/402/2665 2539/354/2623
f 2540/353/2624 2539/354/2623 2583/402/2665
f 2583/402/2665 2584/403/2666 2540/353/2624
f 2543/357/2627 2540/353/2624 2584/403/2666
f 2584/403/2666 2585/404/2667 2543/357/2627
f 2545/359/2629 2543/357/2627 2585/404/2667
f 2585/404/2667 2503/313/2585 2545/359/2629
f 2493/302/2576 2545/359/2629 2503/313/2585
f 2549/363/2633 2587/406/2669 2547/362/2631
f 2587/406/2669 2549/363/2633 2586/405/2668
f 2549/363/2633 2550/364/2634 2588/407/2670
f 2549/363/2633 2588/407/2670 2586/405/2668
f 2550/364/2634 2504/314/2586 2588/407/2670
f 2504/314/2586 2550/364/2634 2490/299/2573
f 2560/373/2644 2559/374/2643 2589/408/2671
f 2560/373/2644 2589/408/2671 2590/409/2672
f 2559/374/2643 2591/410/2673 2589/408/2671
f 2559/374/2643 2561/375/2645 2591/410/2673
f 2561/375/2645 2592/411/2674 2591/410/2673
f 2561/375/2645 2562/376/2646 2592/411/2674
f 2562/376/2646 2497/305/2580 2506/316/2588
f 2562/376/2646 2506/316/2588 2592/411/2674
f 2564/378/2648 2563/377/2647 2593/412/2675
f 2564/378/2648 2593/412/2675 2594/413/2676
f 2564/378/2648 2595/414/2677 2565/379/2649
f 2595/414/2677 2564/378/2648 2594/413/2676
f 2565/379/2649 2505/315/2587 2496/306/2579
f 2505/315/2587 2565/379/2649 2595/414/2677
f 2590/409/2672 2589/408/2671 2596/415/2678
f 2590/409/2672 2596/415/2678 2597/416/2679
f 2589/408/2671 2598/417/2680 2596/415/2678
f 2589/408/2671 2591/410/2673 2598/417/2680
f 2591/410/2673 2592/411/2674 2599/418/2681
f 2591/410/2673 2599/418/2681 2598/417/2680
f 2592/411/2674 2506/316/2588 2508/318/2590
f 2592/411/2674 2508/318/2590 2599/418/2681
f 2594/413/2676 2593/412/2675 2600/419/2682
f 2594/413/2676 2600/419/2682 2601/420/2683
f 2594/413/2676 2602/421/2684 2595/414/2677
f 2602/421/2684 2594/413/2676 2601/420/2683
f 2595/414/2677 2507/317/2589 2505/315/2587
f 2507/317/2589 2595/414/2677 2602/421/2684
f 2597/416/2679 2596/415/2678 2603/422/2685
f 2597/416/2679 2603/422/2685 2604/423/2686
f 2596/415/2678 2598/417/2680 2605/424/2687
f 2596/415/2678 2605/424/2687 2603/422/2685
f 2598/417/2680 2599/418/2681 2511/321/2593
f 2598/417/2680 2511/321/2593 2605/424/2687
f 2599/418/2681 2508/318/2590 2510/320/2592
f 2599/418/2681 2510/320/2592 2511/321/2593
f 2601/420/2683 2600/419/2682 2606/425/2688
f 2601/420/2683 2606/425/2688 2607/426/2689
f 2601/420/2683 2608/427/2690 2602/421/2684
f 2608/427/2690 2601/420/2683 2607/426/2689
f 2602/421/2684 2509/319/2591 2507/317/2589
f 2509/319/2591 2602/421/2684 2608/427/2690
f 2607/426/2689 2606/425/2688 2523/428/2604
f 2607/426/2689 2523/428/2604 2522/429/2603
f 2522/429/2603 2608/427/2690 2607/426/2689
f 2608/427/2690 2522/429/2603 2609/430/2606
f 2608/427/2690 2609/430/2606 2509/319/2591
f 2509/319/2591 2609/430/2606 2610/431/2566
f 2510/320/2592 2509/319/2591 2610/431/2566
f 2510/320/2592 2610/431/2566 2512/322/2565
f 2604/423/2686 2603/422/2685 2516/432/2598
f 2604/423/2686 2516/432/2598 2513/433/2595
f 2603/422/2685 2605/424/2687 2518/434/2600
f 2603/422/2685 2518/434/2600 2516/432/2598
f 2605/424/2687 2511/321/2593 2520/323/2594
f 2605/424/2687 2520/323/2594 2518/434/2600
f 1177/435/1278 1178/436/1277 2556/370/2640
f 1178/436/1277 2563/377/2647 2556/370/2640
f 1179/437/1279 2556/370/2640 2548/361/2632
f 2556/370/2640 1179/437/1279 1177/435/1278
f 1179/437/1279 2547/362/2631 1180/438/1280
f 2547/362/2631 1179/437/1279 2548/361/2632
f 2547/362/2631 1181/439/1281 1180/438/1280
f 1181/439/1281 2547/362/2631 2587/406/2669
f 2587/406/2669 1182/440/1282 1181/439/1281
f 1182/440/1282 2587/406/2669 2580/399/2662
f 2580/399/2662 1183/441/1283 1182/440/1282
f 1183/441/1283 2580/399/2662 2573/389/2655
f 2573/389/2655 2611/442/1284 1183/441/1283
f 2611/442/1284 2573/389/2655 2572/390/2620
f 2531/343/2613 2611/443/1284 2572/350/2620
f 2611/443/1284 2531/343/2613 1184/444/1285
f 2524/335/2605 1184/444/1285 2531/343/2613
f 1184/444/1285 2524/335/2605 2612/445/1286
f 2524/335/2605 2523/333/2604 1185/446/1287
f 2524/335/2605 1185/446/1287 2612/445/1286
f 2606/425/2688 2613/448/1288 1185/447/1287
f 2606/425/2688 1185/447/1287 2523/428/2604
f 2600/419/2682 1186/449/1289 2613/448/1288
f 2600/419/2682 2613/448/1288 2606/425/2688
f 2593/412/2675 1187/450/1290 1186/449/1289
f 2593/412/2675 1186/449/1289 2600/419/2682
f 2563/377/2647 1178/436/1277 1187/450/1290
f 2563/377/2647 1187/450/1290 2593/412/2675
f 2539/354/2623 2541/355/2625 1483/451/1571
f 1483/451/1571 1484/452/1572 2539/354/2623
f 2553/366/2637 1483/451/1571 2541/355/2625
f 1483/451/1571 2553/366/2637 1485/453/1573
f 2553/366/2637 1486/454/1574 1485/453/1573
f 1486/454/1574 2553/366/2637 2560/373/2644
f 1486/454/1574 2560/373/2644 2590/409/2672
f 1486/454/1574 2590/409/2672 2614/455/1575
f 2614/455/1575 2590/409/2672 2597/416/2679
f 2614/455/1575 2597/416/2679 1487/456/1576
f 1487/456/1576 2597/416/2679 2604/423/2686
f 1487/456/1576 2604/423/2686 2615/457/1577
f 2615/457/1577 2604/423/2686 2513/433/2595
f 2615/457/1577 2513/433/2595 1488/458/1578
f 1489/459/1579 1488/460/1578 2515/325/2597
f 1488/460/1578 2513/324/2595 2515/325/2597
f 1490/461/1580 2515/325/2597 2527/338/2609
f 2515/325/2597 1490/461/1580 1489/459/1579
f 1490/461/1580 2527/338/2609 2616/462/1581
f 2616/462/1581 2527/338/2609 2534/345/2616
f 2616/463/1581 2534/380/2616 1491/464/1582
f 2566/381/2650 1491/464/1582 2534/380/2616
f 1491/464/1582 2566/381/2650 1492/465/1583
f 2575/394/2657 1492/465/1583 2566/381/2650
f 1492/465/1583 2575/394/2657 1493/466/1584
f 2582/401/2664 1493/466/1584 2575/394/2657
f 1493/466/1584 2582/401/2664 1484/452/1572
f 2539/354/2623 1484/452/1572 2582/401/2664
f 2644/291/2691 2742/293/2692 2617/292/2693
f 2617/292/2693 2742/293/2692 2618/294/2694
f 2617/292/2693 2619/296/2695 2620/295/2696
f 2619/296/2695 2617/292/2693 2618/294/2694
f 2620/295/2696 2619/296/2695 2630/297/2697
f 2630/297/2697 2619/296/2695 2621/298/2698
f 2622/299/2699 2623/301/2700 2624/300/2701
f 2622/299/2699 2624/300/2701 2625/302/2702
f 2623/301/2700 2626/304/2703 2627/303/2704
f 2623/301/2700 2627/303/2704 2624/300/2701
f 2626/304/2703 2628/306/2705 2629/305/2706
f 2626/304/2703 2629/305/2706 2627/303/2704
f 2630/307/2697 2621/309/2698 2631/308/2707
f 2632/310/2708 2631/308/2707 2621/309/2698
f 2631/308/2707 2632/310/2708 2633/311/2709
f 2634/312/2710 2633/311/2709 2632/310/2708
f 2633/311/2709 2634/312/2710 2635/313/2711
f 2636/314/2712 2635/313/2711 2634/312/2710
f 2635/313/2711 2636/314/2712 2625/302/2702
f 2622/299/2699 2625/302/2702 2636/314/2712
f 2629/305/2706 2628/306/2705 2637/315/2713
f 2629/305/2706 2637/315/2713 2638/316/2714
f 2638/316/2714 2637/315/2713 2639/317/2715
f 2638/316/2714 2639/317/2715 2640/318/2716
f 2640/318/2716 2639/317/2715 2641/319/2717
f 2640/318/2716 2641/319/2717 2642/320/2718
f 2643/321/2719 2642/320/2718 2644/322/2691
f 2643/321/2719 2644/322/2691 2652/323/2720
f 2645/324/2721 2646/326/2722 2647/325/2723
f 2646/326/2722 2645/324/2721 2648/327/2724
f 2648/327/2724 2649/328/2725 2646/326/2722
f 2649/328/2725 2648/327/2724 2650/329/2726
f 2650/329/2726 2651/330/2727 2649/328/2725
f 2651/330/2727 2650/329/2726 2652/331/2720
f 2652/331/2720 2644/291/2691 2651/330/2727
f 2651/330/2727 2644/291/2691 2617/292/2693
f 2653/332/2728 2654/334/2729 2655/333/2730
f 2653/332/2728 2655/333/2730 2656/335/2731
f 2741/336/2732 2654/334/2729 2657/337/2733
f 2654/334/2729 2653/332/2728 2657/337/2733
f 2742/293/2692 2741/336/2732 2618/294/2694
f 2741/336/2732 2657/337/2733 2618/294/2694
f 2647/325/2723 2658/339/2734 2659/338/2735
f 2658/339/2734 2647/325/2723 2646/326/2722
f 2646/326/2722 2660/340/2736 2658/339/2734
f 2660/340/2736 2646/326/2722 2649/328/2725
f 2649/328/2725 2661/341/2737 2660/340/2736
f 2661/341/2737 2649/328/2725 2651/330/2727
f 2651/330/2727 2620/295/2696 2661/341/2737
f 2620/295/2696 2651/330/2727 2617/292/2693
f 2662/342/2738 2653/332/2728 2656/335/2731
f 2662/342/2738 2656/335/2731 2663/343/2739
f 2657/337/2733 2653/332/2728 2664/344/2740
f 2653/332/2728 2662/342/2738 2664/344/2740
f 2618/294/2694 2657/337/2733 2619/296/2695
f 2657/337/2733 2664/344/2740 2619/296/2695
f 2659/338/2735 2665/346/2741 2666/345/2742
f 2665/346/2741 2659/338/2735 2658/339/2734
f 2658/339/2734 2667/347/2743 2665/346/2741
f 2667/347/2743 2658/339/2734 2660/340/2736
f 2660/340/2736 2701/348/2744 2667/347/2743
f 2701/348/2744 2660/340/2736 2661/341/2737
f 2661/341/2737 2620/295/2696 2701/348/2744
f 2630/297/2697 2701/348/2744 2620/295/2696
f 2668/349/2745 2662/342/2738 2663/343/2739
f 2668/349/2745 2663/343/2739 2704/350/2746
f 2664/344/2740 2662/342/2738 2669/351/2747
f 2662/342/2738 2668/349/2745 2669/351/2747
f 2619/296/2695 2664/344/2740 2621/298/2698
f 2664/344/2740 2669/351/2747 2621/298/2698
f 2670/352/2748 2671/354/2749 2672/353/2750
f 2671/354/2749 2670/352/2748 2673/355/2751
f 2674/356/2752 2670/352/2748 2675/357/2753
f 2670/352/2748 2672/353/2750 2675/357/2753
f 2676/358/2754 2674/356/2752 2677/359/2755
f 2674/356/2752 2675/357/2753 2677/359/2755
f 2625/302/2702 2624/300/2701 2676/358/2754
f 2625/302/2702 2676/358/2754 2677/359/2755
f 2678/360/2756 2679/362/2757 2680/361/2758
f 2679/362/2757 2678/360/2756 2681/363/2759
f 2678/360/2756 2682/364/2760 2681/363/2759
f 2682/364/2760 2678/360/2756 2683/365/2761
f 2683/365/2761 2622/299/2699 2682/364/2760
f 2622/299/2699 2683/365/2761 2623/301/2700
f 2670/352/2748 2684/367/2762 2685/366/2763
f 2670/352/2748 2685/366/2763 2673/355/2751
f 2686/368/2764 2684/367/2762 2674/356/2752
f 2684/367/2762 2670/352/2748 2674/356/2752
f 2687/369/2765 2686/368/2764 2676/358/2754
f 2686/368/2764 2674/356/2752 2676/358/2754
f 2624/300/2701 2627/303/2704 2687/369/2765
f 2624/300/2701 2687/369/2765 2676/358/2754
f 2688/370/2766 2678/360/2756 2680/361/2758
f 2678/360/2756 2688/370/2766 2689/371/2767
f 2689/371/2767 2683/365/2761 2678/360/2756
f 2683/365/2761 2689/371/2767 2690/372/2768
f 2690/372/2768 2623/301/2700 2683/365/2761
f 2623/301/2700 2690/372/2768 2626/304/2703
f 2684/367/2762 2691/374/2769 2692/373/2770
f 2684/367/2762 2692/373/2770 2685/366/2763
f 2693/375/2771 2691/374/2769 2686/368/2764
f 2691/374/2769 2684/367/2762 2686/368/2764
f 2694/376/2772 2693/375/2771 2687/369/2765
f 2693/375/2771 2686/368/2764 2687/369/2765
f 2627/303/2704 2629/305/2706 2694/376/2772
f 2627/303/2704 2694/376/2772 2687/369/2765
f 2695/377/2773 2689/371/2767 2688/370/2766
f 2689/371/2767 2695/377/2773 2696/378/2774
f 2696/378/2774 2690/372/2768 2689/371/2767
f 2690/372/2768 2696/378/2774 2697/379/2775
f 2697/379/2775 2626/304/2703 2690/372/2768
f 2626/304/2703 2697/379/2775 2628/306/2705
f 2666/380/2742 2665/382/2741 2698/381/2776
f 2699/383/2777 2698/381/2776 2665/382/2741
f 2665/382/2741 2667/384/2743 2699/383/2777
f 2700/385/2778 2699/383/2777 2667/384/2743
f 2667/384/2743 2701/386/2744 2700/385/2778
f 2702/387/2779 2700/385/2778 2701/386/2744
f 2701/386/2744 2630/307/2697 2702/387/2779
f 2631/308/2707 2702/387/2779 2630/307/2697
f 2703/388/2780 2704/390/2746 2705/389/2781
f 2704/390/2746 2703/388/2780 2668/391/2745
f 2706/392/2782 2668/391/2745 2703/388/2780
f 2668/391/2745 2706/392/2782 2669/393/2747
f 2632/310/2708 2669/393/2747 2706/392/2782
f 2669/393/2747 2632/310/2708 2621/309/2698
f 2698/381/2776 2699/383/2777 2707/394/2783
f 2708/395/2784 2707/394/2783 2699/383/2777
f 2699/383/2777 2700/385/2778 2708/395/2784
f 2709/396/2785 2708/395/2784 2700/385/2778
f 2700/385/2778 2702/387/2779 2709/396/2785
f 2710/397/2786 2709/396/2785 2702/387/2779
f 2702/387/2779 2631/308/2707 2710/397/2786
f 2633/311/2709 2710/397/2786 2631/308/2707
f 2711/398/2787 2705/389/2781 2712/399/2788
f 2705/389/2781 2711/398/2787 2703/388/2780
f 2711/398/2787 2713/400/2789 2706/392/2782
f 2711/398/2787 2706/392/2782 2703/388/2780
f 2634/312/2710 2706/392/2782 2713/400/2789
f 2706/392/2782 2634/312/2710 2632/310/2708
f 2707/394/2783 2708/395/2784 2714/401/2790
f 2715/402/2791 2714/401/2790 2708/395/2784
f 2708/395/2784 2709/396/2785 2715/402/2791
f 2716/403/2792 2715/402/2791 2709/396/2785
f 2709/396/2785 2710/397/2786 2716/403/2792
f 2717/404/2793 2716/403/2792 2710/397/2786
f 2710/397/2786 2633/311/2709 2717/404/2793
f 2635/313/2711 2717/404/2793 2633/311/2709
f 2718/405/2794 2712/399/2788 2719/406/2795
f 2712/399/2788 2718/405/2794 2711/398/2787
f 2718/405/2794 2720/407/2796 2713/400/2789
f 2718/405/2794 2713/400/2789 2711/398/2787
f 2720/407/2796 2634/312/2710 2713/400/2789
f 2634/312/2710 2720/407/2796 2636/314/2712
f 2714/401/2790 2715/402/2791 2671/354/2749
f 2672/353/2750 2671/354/2749 2715/402/2791
f 2715/402/2791 2716/403/2792 2672/353/2750
f 2675/357/2753 2672/353/2750 2716/403/2792
f 2716/403/2792 2717/404/2793 2675/357/2753
f 2677/359/2755 2675/357/2753 2717/404/2793
f 2717/404/2793 2635/313/2711 2677/359/2755
f 2625/302/2702 2677/359/2755 2635/313/2711
f 2681/363/2759 2719/406/2795 2679/362/2757
f 2719/406/2795 2681/363/2759 2718/405/2794
f 2681/363/2759 2682/364/2760 2720/407/2796
f 2681/363/2759 2720/407/2796 2718/405/2794
f 2682/364/2760 2636/314/2712 2720/407/2796
f 2636/314/2712 2682/364/2760 2622/299/2699
f 2692/373/2770 2691/374/2769 2721/408/2797
f 2692/373/2770 2721/408/2797 2722/409/2798
f 2691/374/2769 2723/410/2799 2721/408/2797
f 2691/374/2769 2693/375/2771 2723/410/2799
f 2693/375/2771 2724/411/2800 2723/410/2799
f 2693/375/2771 2694/376/2772 2724/411/2800
f 2694/376/2772 2629/305/2706 2638/316/2714
f 2694/376/2772 2638/316/2714 2724/411/2800
f 2696/378/2774 2695/377/2773 2725/412/2801
f 2696/378/2774 2725/412/2801 2726/413/2802
f 2696/378/2774 2727/414/2803 2697/379/2775
f 2727/414/2803 2696/378/2774 2726/413/2802
f 2697/379/2775 2637/315/2713 2628/306/2705
f 2637/315/2713 2697/379/2775 2727/414/2803
f 2722/409/2798 2721/408/2797 2728/415/2804
f 2722/409/2798 2728/415/2804 2729/416/2805
f 2721/408/2797 2730/417/2806 2728/415/2804
f 2721/408/2797 2723/410/2799 2730/417/2806
f 2723/410/2799 2724/411/2800 2731/418/2807
f 2723/410/2799 2731/418/2807 2730/417/2806
f 2724/411/2800 2638/316/2714 2640/318/2716
f 2724/411/2800 2640/318/2716 2731/418/2807
f 2726/413/2802 2725/412/2801 2732/419/2808
f 2726/413/2802 2732/419/2808 2733/420/2809
f 2726/413/2802 2734/421/2810 2727/414/2803
f 2734/421/2810 2726/413/2802 2733/420/2809
f 2727/414/2803 2639/317/2715 2637/315/2713
f 2639/317/2715 2727/414/2803 2734/421/2810
f 2729/416/2805 2728/415/2804 2735/422/2811
f 2729/416/2805 2735/422/2811 2736/423/2812
f 2728/415/2804 2730/417/2806 2737/424/2813
f 2728/415/2804 2737/424/2813 2735/422/2811
f 2730/417/2806 2731/418/2807 2643/321/2719
f 2730/417/2806 2643/321/2719 2737/424/2813
f 2731/418/2807 2640/318/2716 2642/320/2718
f 2731/418/2807 2642/320/2718 2643/321/2719
f 2733/420/2809 2732/419/2808 2738/425/2814
f 2733/420/2809 2738/425/2814 2739/426/2815
f 2733/420/2809 2740/427/2816 2734/421/2810
f 2740/427/2816 2733/420/2809 2739/426/2815
f 2734/421/2810 2641/319/2717 2639/317/2715
f 2641/319/2717 2734/421/2810 2740/427/2816
f 2739/426/2815 2738/425/2814 2655/428/2730
f 2739/426/2815 2655/428/2730 2654/429/2729
f 2654/429/2729 2740/427/2816 2739/426/2815
f 2740/427/2816 2654/429/2729 2741/430/2732
f 2740/427/2816 2741/430/2732 2641/319/2717
f 2641/319/2717 2741/430/2732 2742/431/2692
f 2642/320/2718 2641/319/2717 2742/431/2692
f 2642/320/2718 2742/431/2692 2644/322/2691
f 2736/423/2812 2735/422/2811 2648/432/2724
f 2736/423/2812 2648/432/2724 2645/433/2721
f 2735/422/2811 2737/424/2813 2650/434/2726
f 2735/422/2811 2650/434/2726 2648/432/2724
f 2737/424/2813 2643/321/2719 2652/323/2720
f 2737/424/2813 2652/323/2720 2650/434/2726
f 2743/435/422 2744/436/421 2688/370/2766
f 2744/436/421 2695/377/2773 2688/370/2766
f 2745/437/423 2688/370/2766 2680/361/2758
f 2688/370/2766 2745/437/423 2743/435/422
f 2745/437/423 2679/362/2757 384/438/424
f 2679/362/2757 2745/437/423 2680/361/2758
f 2679/362/2757 2746/439/425 384/438/424
f 2746/439/425 2679/362/2757 2719/406/2795
f 2719/406/2795 2747/440/426 2746/439/425
f 2747/440/426 2719/406/2795 2712/399/2788
f 2712/399/2788 2748/441/427 2747/440/426
f 2748/441/427 2712/399/2788 2705/389/2781
f 2705/389/2781 2749/442/428 2748/441/427
f 2749/442/428 2705/389/2781 2704/390/2746
f 2663/343/2739 2749/443/428 2704/350/2746
f 2749/443/428 2663/343/2739 2750/444/429
f 2656/335/2731 2750/444/429 2663/343/2739
f 2750/444/429 2656/335/2731 2751/445/430
f 2656/335/2731 2655/333/2730 2753/446/431
f 2656/335/2731 2753/446/431 2751/445/430
f 2738/425/2814 2752/448/432 2753/447/431
f 2738/425/2814 2753/447/431 2655/428/2730
f 2732/419/2808 2754/449/433 2752/448/432
f 2732/419/2808 2752/448/432 2738/425/2814
f 2725/412/2801 385/450/434 2754/449/433
f 2725/412/2801 2754/449/433 2732/419/2808
f 2695/377/2773 2744/436/421 385/450/434
f 2695/377/2773 385/450/434 2725/412/2801
f 2671/354/2749 2673/355/2751 2755/451/1867
f 2755/451/1867 2756/452/1868 2671/354/2749
f 2685/366/2763 2755/451/1867 2673/355/2751
f 2755/451/1867 2685/366/2763 2757/453/1865
f 2685/366/2763 2758/454/1866 2757/453/1865
f 2758/454/1866 2685/366/2763 2692/373/2770
f 2758/454/1866 2692/373/2770 2722/409/2798
f 2758/454/1866 2722/409/2798 1777/455/1878
f 1777/455/1878 2722/409/2798 2729/416/2805
f 1777/455/1878 2729/416/2805 2759/456/1877
f 2759/456/1877 2729/416/2805 2736/423/2812
f 2759/456/1877 2736/423/2812 2760/457/1876
f 2760/457/1876 2736/423/2812 2645/433/2721
f 2760/457/1876 2645/433/2721 2762/458/1875
f 2761/459/1874 2762/460/1875 2647/325/2723
f 2762/460/1875 2645/324/2721 2647/325/2723
f 2763/461/1873 2647/325/2723 2659/338/2735
f 2647/325/2723 2763/461/1873 2761/459/1874
f 2763/461/1873 2659/338/2735 2764/462/1872
f 2764/462/1872 2659/338/2735 2666/345/2742
f 2764/463/1872 2666/380/2742 2765/464/1871
f 2698/381/2776 2765/464/1871 2666/380/2742
f 2765/464/1871 2698/381/2776 2766/465/1870
f 2707/394/2783 2766/465/1870 2698/381/2776
f 2766/465/1870 2707/394/2783 2767/466/1869
f 2714/401/2790 2767/466/1869 2707/394/2783
f 2767/466/1869 2714/401/2790 2756/452/1868
f 2671/354/2749 2756/452/1868 2714/401/2790
f 2795/291/2817 2768/292/2818 2893/293/2819
f 2768/292/2818 2769/294/2820 2893/293/2819
f 2768/292/2818 2771/295/2821 2770/296/2822
f 2770/296/2822 2769/294/2820 2768/292/2818
f 2771/295/2821 2781/297/2823 2770/296/2822
f 2781/297/2823 2772/298/2824 2770/296/2822
f 2773/299/2825 2775/300/2826 2774/301/2827
f 2773/299/2825 2776/302/2828 2775/300/2826
f 2774/301/2827 2778/303/2829 2777/304/2830
f 2774/301/2827 2775/300/2826 2778/303/2829
f 2777/304/2830 2780/305/2831 2779/306/2832
f 2777/304/2830 2778/303/2829 2780/305/2831
f 2781/307/2823 2782/308/2833 2772/309/2824
f 2783/310/2834 2772/309/2824 2782/308/2833
f 2782/308/2833 2784/311/2835 2783/310/2834
f 2785/312/2836 2783/310/2834 2784/311/2835
f 2784/311/2835 2786/313/2837 2785/312/2836
f 2787/314/2838 2785/312/2836 2786/313/2837
f 2786/313/2837 2776/302/2828 2787/314/2838
f 2773/299/2825 2787/314/2838 2776/302/2828
f 2780/305/2831 2788/315/2839 2779/306/2832
f 2780/305/2831 2789/316/2840 2788/315/2839
f 2789/316/2840 2790/317/2841 2788/315/2839
f 2789/316/2840 2791/318/2842 2790/317/2841
f 2791/318/2842 2792/319/2843 2790/317/2841
f 2791/318/2842 2793/320/2844 2792/319/2843
f 2794/321/2845 2795/322/2817 2793/320/2844
f 2794/321/2845 2803/323/2846 2795/322/2817
f 2796/324/2847 2798/325/2848 2797/326/2849
f 2797/326/2849 2799/327/2850 2796/324/2847
f 2799/327/2850 2797/326/2849 2800/328/2851
f 2800/328/2851 2801/329/2852 2799/327/2850
f 2801/329/2852 2800/328/2851 2802/330/2853
f 2802/330/2853 2803/331/2846 2801/329/2852
f 2803/331/2846 2802/330/2853 2795/291/2817
f 2802/330/2853 2768/292/2818 2795/291/2817
f 2804/332/2854 2806/333/2855 2805/334/2856
f 2804/332/2854 2807/335/2857 2806/333/2855
f 2892/336/2858 2808/337/2859 2805/334/2856
f 2805/334/2856 2808/337/2859 2804/332/2854
f 2893/293/2819 2769/294/2820 2892/336/2858
f 2892/336/2858 2769/294/2820 2808/337/2859
f 2798/325/2848 2810/338/2860 2809/339/2861
f 2809/339/2861 2797/326/2849 2798/325/2848
f 2797/326/2849 2809/339/2861 2811/340/2862
f 2811/340/2862 2800/328/2851 2797/326/2849
f 2800/328/2851 2811/340/2862 2812/341/2863
f 2812/341/2863 2802/330/2853 2800/328/2851
f 2802/330/2853 2812/341/2863 2771/295/2821
f 2771/295/2821 2768/292/2818 2802/330/2853
f 2813/342/2864 2807/335/2857 2804/332/2854
f 2813/342/2864 2814/343/2865 2807/335/2857
f 2808/337/2859 2815/344/2866 2804/332/2854
f 2804/332/2854 2815/344/2866 2813/342/2864
f 2769/294/2820 2770/296/2822 2808/337/2859
f 2808/337/2859 2770/296/2822 2815/344/2866
f 2810/338/2860 2817/345/2867 2816/346/2868
f 2816/346/2868 2809/339/2861 2810/338/2860
f 2809/339/2861 2816/346/2868 2818/347/2869
f 2818/347/2869 2811/340/2862 2809/339/2861
f 2811/340/2862 2818/347/2869 2852/348/2870
f 2852/348/2870 2812/341/2863 2811/340/2862
f 2812/341/2863 2852/348/2870 2771/295/2821
f 2781/297/2823 2771/295/2821 2852/348/2870
f 2819/349/2871 2814/343/2865 2813/342/2864
f 2819/349/2871 2855/350/2872 2814/343/2865
f 2815/344/2866 2820/351/2873 2813/342/2864
f 2813/342/2864 2820/351/2873 2819/349/2871
f 2770/296/2822 2772/298/2824 2815/344/2866
f 2815/344/2866 2772/298/2824 2820/351/2873
f 2821/352/2874 2823/353/2875 2822/354/2876
f 2822/354/2876 2824/355/2877 2821/352/2874
f 2825/356/2878 2826/357/2879 2821/352/2874
f 2821/352/2874 2826/357/2879 2823/353/2875
f 2827/358/2880 2828/359/2881 2825/356/2878
f 2825/356/2878 2828/359/2881 2826/357/2879
f 2776/302/2828 2827/358/2880 2775/300/2826
f 2776/302/2828 2828/359/2881 2827/358/2880
f 2829/360/2882 2831/361/2883 2830/362/2884
f 2830/362/2884 2832/363/2885 2829/360/2882
f 2829/360/2882 2832/363/2885 2833/364/2886
f 2833/364/2886 2834/365/2887 2829/360/2882
f 2834/365/2887 2833/364/2886 2773/299/2825
f 2773/299/2825 2774/301/2827 2834/365/2887
f 2821/352/2874 2836/366/2888 2835/367/2889
f 2821/352/2874 2824/355/2877 2836/366/2888
f 2837/368/2890 2825/356/2878 2835/367/2889
f 2835/367/2889 2825/356/2878 2821/352/2874
f 2838/369/2891 2827/358/2880 2837/368/2890
f 2837/368/2890 2827/358/2880 2825/356/2878
f 2775/300/2826 2838/369/2891 2778/303/2829
f 2775/300/2826 2827/358/2880 2838/369/2891
f 2839/370/2892 2831/361/2883 2829/360/2882
f 2829/360/2882 2840/371/2893 2839/370/2892
f 2840/371/2893 2829/360/2882 2834/365/2887
f 2834/365/2887 2841/372/2894 2840/371/2893
f 2841/372/2894 2834/365/2887 2774/301/2827
f 2774/301/2827 2777/304/2830 2841/372/2894
f 2835/367/2889 2843/373/2895 2842/374/2896
f 2835/367/2889 2836/366/2888 2843/373/2895
f 2844/375/2897 2837/368/2890 2842/374/2896
f 2842/374/2896 2837/368/2890 2835/367/2889
f 2845/376/2898 2838/369/2891 2844/375/2897
f 2844/375/2897 2838/369/2891 2837/368/2890
f 2778/303/2829 2845/376/2898 2780/305/2831
f 2778/303/2829 2838/369/2891 2845/376/2898
f 2846/377/2899 2839/370/2892 2840/371/2893
f 2840/371/2893 2847/378/2900 2846/377/2899
f 2847/378/2900 2840/371/2893 2841/372/2894
f 2841/372/2894 2848/379/2901 2847/378/2900
f 2848/379/2901 2841/372/2894 2777/304/2830
f 2777/304/2830 2779/306/2832 2848/379/2901
f 2817/380/2867 2849/381/2902 2816/382/2868
f 2850/383/2903 2816/382/2868 2849/381/2902
f 2816/382/2868 2850/383/2903 2818/384/2869
f 2851/385/2904 2818/384/2869 2850/383/2903
f 2818/384/2869 2851/385/2904 2852/386/2870
f 2853/387/2905 2852/386/2870 2851/385/2904
f 2852/386/2870 2853/387/2905 2781/307/2823
f 2782/308/2833 2781/307/2823 2853/387/2905
f 2854/388/2906 2856/389/2907 2855/390/2872
f 2855/390/2872 2819/391/2871 2854/388/2906
f 2857/392/2908 2854/388/2906 2819/391/2871
f 2819/391/2871 2820/393/2873 2857/392/2908
f 2783/310/2834 2857/392/2908 2820/393/2873
f 2820/393/2873 2772/309/2824 2783/310/2834
f 2849/381/2902 2858/394/2909 2850/383/2903
f 2859/395/2910 2850/383/2903 2858/394/2909
f 2850/383/2903 2859/395/2910 2851/385/2904
f 2860/396/2911 2851/385/2904 2859/395/2910
f 2851/385/2904 2860/396/2911 2853/387/2905
f 2861/397/2912 2853/387/2905 2860/396/2911
f 2853/387/2905 2861/397/2912 2782/308/2833
f 2784/311/2835 2782/308/2833 2861/397/2912
f 2862/398/2913 2863/399/2914 2856/389/2907
f 2856/389/2907 2854/388/2906 2862/398/2913
f 2862/398/2913 2857/392/2908 2864/400/2915
f 2862/398/2913 2854/388/2906 2857/392/2908
f 2785/312/2836 2864/400/2915 2857/392/2908
f 2857/392/2908 2783/310/2834 2785/312/2836
f 2858/394/2909 2865/401/2916 2859/395/2910
f 2866/402/2917 2859/395/2910 2865/401/2916
f 2859/395/2910 2866/402/2917 2860/396/2911
f 2867/403/2918 2860/396/2911 2866/402/2917
f 2860/396/2911 2867/403/2918 2861/397/2912
f 2868/404/2919 2861/397/2912 2867/403/2918
f 2861/397/2912 2868/404/2919 2784/311/2835
f 2786/313/2837 2784/311/2835 2868/404/2919
f 2869/405/2920 2870/406/2921 2863/399/2914
f 2863/399/2914 2862/398/2913 2869/405/2920
f 2869/405/2920 2864/400/2915 2871/407/2922
f 2869/405/2920 2862/398/2913 2864/400/2915
f 2871/407/2922 2864/400/2915 2785/312/2836
f 2785/312/2836 2787/314/2838 2871/407/2922
f 2865/401/2916 2822/354/2876 2866/402/2917
f 2823/353/2875 2866/402/2917 2822/354/2876
f 2866/402/2917 2823/353/2875 2867/403/2918
f 2826/357/2879 2867/403/2918 2823/353/2875
f 2867/403/2918 2826/357/2879 2868/404/2919
f 2828/359/2881 2868/404/2919 2826/357/2879
f 2868/404/2919 2828/359/2881 2786/313/2837
f 2776/302/2828 2786/313/2837 2828/359/2881
f 2832/363/2885 2830/362/2884 2870/406/2921
f 2870/406/2921 2869/405/2920 2832/363/2885
f 2832/363/2885 2871/407/2922 2833/364/2886
f 2832/363/2885 2869/405/2920 2871/407/2922
f 2833/364/2886 2871/407/2922 2787/314/2838
f 2787/314/2838 2773/299/2825 2833/364/2886
f 2843/373/2895 2872/408/2923 2842/374/2896
f 2843/373/2895 2873/409/2924 2872/408/2923
f 2842/374/2896 2872/408/2923 2874/410/2925
f 2842/374/2896 2874/410/2925 2844/375/2897
f 2844/375/2897 2874/410/2925 2875/411/2926
f 2844/375/2897 2875/411/2926 2845/376/2898
f 2845/376/2898 2789/316/2840 2780/305/2831
f 2845/376/2898 2875/411/2926 2789/316/2840
f 2847/378/2900 2876/412/2927 2846/377/2899
f 2847/378/2900 2877/413/2928 2876/412/2927
f 2847/378/2900 2848/379/2901 2878/414/2929
f 2878/414/2929 2877/413/2928 2847/378/2900
f 2848/379/2901 2779/306/2832 2788/315/2839
f 2788/315/2839 2878/414/2929 2848/379/2901
f 2873/409/2924 2879/415/2930 2872/408/2923
f 2873/409/2924 2880/416/2931 2879/415/2930
f 2872/408/2923 2879/415/2930 2881/417/2932
f 2872/408/2923 2881/417/2932 2874/410/2925
f 2874/410/2925 2882/418/2933 2875/411/2926
f 2874/410/2925 2881/417/2932 2882/418/2933
f 2875/411/2926 2791/318/2842 2789/316/2840
f 2875/411/2926 2882/418/2933 2791/318/2842
f 2877/413/2928 2883/419/2934 2876/412/2927
f 2877/413/2928 2884/420/2935 2883/419/2934
f 2877/413/2928 2878/414/2929 2885/421/2936
f 2885/421/2936 2884/420/2935 2877/413/2928
f 2878/414/2929 2788/315/2839 2790/317/2841
f 2790/317/2841 2885/421/2936 2878/414/2929
f 2880/416/2931 2886/422/2937 2879/415/2930
f 2880/416/2931 2887/423/2938 2886/422/2937
f 2879/415/2930 2888/424/2939 2881/417/2932
f 2879/415/2930 2886/422/2937 2888/424/2939
f 2881/417/2932 2794/321/2845 2882/418/2933
f 2881/417/2932 2888/424/2939 2794/321/2845
f 2882/418/2933 2793/320/2844 2791/318/2842
f 2882/418/2933 2794/321/2845 2793/320/2844
f 2884/420/2935 2889/425/2940 2883/419/2934
f 2884/420/2935 2890/426/2941 2889/425/2940
f 2884/420/2935 2885/421/2936 2891/427/2942
f 2891/427/2942 2890/426/2941 2884/420/2935
f 2885/421/2936 2790/317/2841 2792/319/2843
f 2792/319/2843 2891/427/2942 2885/421/2936
f 2890/426/2941 2806/428/2855 2889/425/2940
f 2890/426/2941 2805/429/2856 2806/428/2855
f 2805/429/2856 2890/426/2941 2891/427/2942
f 2891/427/2942 2892/430/2858 2805/429/2856
f 2891/427/2942 2792/319/2843 2892/430/2858
f 2792/319/2843 2893/431/2819 2892/430/2858
f 2793/320/2844 2893/431/2819 2792/319/2843
f 2793/320/2844 2795/322/2817 2893/431/2819
f 2887/423/2938 2799/432/2850 2886/422/2937
f 2887/423/2938 2796/433/2847 2799/432/2850
f 2886/422/2937 2801/434/2852 2888/424/2939
f 2886/422/2937 2799/432/2850 2801/434/2852
f 2888/424/2939 2803/323/2846 2794/321/2845
f 2888/424/2939 2801/434/2852 2803/323/2846
f 2894/435/2005 2839/370/2892 1911/436/2006
f 1911/436/2006 2839/370/2892 2846/377/2899
f 1912/437/2007 2831/361/2883 2839/370/2892
f 2839/370/2892 2894/435/2005 1912/437/2007
f 1912/437/2007 1913/438/2008 2830/362/2884
f 2830/362/2884 2831/361/2883 1912/437/2007
f 2830/362/2884 1913/438/2008 1914/439/2009
f 1914/439/2009 2870/406/2921 2830/362/2884
f 2870/406/2921 1914/439/2009 2895/440/2010
f 2895/440/2010 2863/399/2914 2870/406/2921
f 2863/399/2914 2895/440/2010 1915/441/2011
f 1915/441/2011 2856/389/2907 2863/399/2914
f 2856/389/2907 1915/441/2011 2896/442/2012
f 2896/442/2012 2855/390/2872 2856/389/2907
f 2814/343/2865 2855/350/2872 2896/443/2012
f 2896/443/2012 2897/444/2013 2814/343/2865
f 2807/335/2857 2814/343/2865 2897/444/2013
f 2897/444/2013 2898/445/2014 2807/335/2857
f 2807/335/2857 2900/446/2015 2806/333/2855
f 2807/335/2857 2898/445/2014 2900/446/2015
f 2889/425/2940 2900/447/2015 2899/448/2016
f 2889/425/2940 2806/428/2855 2900/447/2015
f 2883/419/2934 2899/448/2016 1916/449/2017
f 2883/419/2934 2889/425/2940 2899/448/2016
f 2876/412/2927 1916/449/2017 2901/450/2018
f 2876/412/2927 2883/419/2934 1916/449/2017
f 2846/377/2899 2901/450/2018 1911/436/2006
f 2846/377/2899 2876/412/2927 2901/450/2018
f 2822/354/2876 2902/451/437 2824/355/2877
f 2902/451/437 2822/354/2876 2903/452/438
f 2836/366/2888 2824/355/2877 2902/451/437
f 2902/451/437 2904/453/436 2836/366/2888
f 2836/366/2888 2904/453/436 2905/454/435
f 2905/454/435 2843/373/2895 2836/366/2888
f 2905/454/435 2873/409/2924 2843/373/2895
f 2905/454/435 392/455/448 2873/409/2924
f 392/455/448 2880/416/2931 2873/409/2924
f 392/455/448 2906/456/447 2880/416/2931
f 2906/456/447 2887/423/2938 2880/416/2931
f 2906/456/447 391/457/446 2887/423/2938
f 391/457/446 2796/433/2847 2887/423/2938
f 391/457/446 390/458/445 2796/433/2847
f 2907/459/444 2798/325/2848 390/460/445
f 390/460/445 2798/325/2848 2796/324/2847
f 389/461/443 2810/338/2860 2798/325/2848
f 2798/325/2848 2907/459/444 389/461/443
f 389/461/443 388/462/442 2810/338/2860
f 388/462/442 2817/345/2867 2810/338/2860
f 388/463/442 387/464/441 2817/380/2867
f 2849/381/2902 2817/380/2867 387/464/441
f 387/464/441 2908/465/440 2849/381/2902
f 2858/394/2909 2849/381/2902 2908/465/440
f 2908/465/440 386/466/439 2858/394/2909
f 2865/401/2916 2858/394/2909 386/466/439
f 386/466/439 2903/452/438 2865/401/2916
f 2822/354/2876 2865/401/2916 2903/452/438
f 2936/291/2943 2909/292/2944 3034/293/2945
f 2909/292/2944 2910/294/2946 3034/293/2945
f 2909/292/2944 2912/295/2947 2911/296/2948
f 2911/296/2948 2910/294/2946 2909/292/2944
f 2912/295/2947 2922/297/2949 2911/296/2948
f 2922/297/2949 2913/298/2950 2911/296/2948
f 2914/299/2951 2916/300/2952 2915/301/2953
f 2914/299/2951 2917/302/2954 2916/300/2952
f 2915/301/2953 2919/303/2955 2918/304/2956
f 2915/301/2953 2916/300/2952 2919/303/2955
f 2918/304/2956 2921/305/2957 2920/306/2958
f 2918/304/2956 2919/303/2955 2921/305/2957
f 2922/307/2949 2923/308/2959 2913/309/2950
f 2924/310/2960 2913/309/2950 2923/308/2959
f 2923/308/2959 2925/311/2961 2924/310/2960
f 2926/312/2962 2924/310/2960 2925/311/2961
f 2925/311/2961 2927/313/2963 2926/312/2962
f 2928/314/2964 2926/312/2962 2927/313/2963
f 2927/313/2963 2917/302/2954 2928/314/2964
f 2914/299/2951 2928/314/2964 2917/302/2954
f 2921/305/2957 2929/315/2965 2920/306/2958
f 2921/305/2957 2930/316/2966 2929/315/2965
f 2930/316/2966 2931/317/2967 2929/315/2965
f 2930/316/2966 2932/318/2968 2931/317/2967
f 2932/318/2968 2933/319/2969 2931/317/2967
f 2932/318/2968 2934/320/2970 2933/319/2969
f 2935/321/2971 2936/322/2943 2934/320/2970
f 2935/321/2971 2944/323/2972 2936/322/2943
f 2937/324/2973 2939/325/2974 2938/326/2975
f 2938/326/2975 2940/327/2976 2937/324/2973
f 2940/327/2976 2938/326/2975 2941/328/2977
f 2941/328/2977 2942/329/2978 2940/327/2976
f 2942/329/2978 2941/328/2977 2943/330/2979
f 2943/330/2979 2944/331/2972 2942/329/2978
f 2944/331/2972 2943/330/2979 2936/291/2943
f 2943/330/2979 2909/292/2944 2936/291/2943
f 2945/332/2980 2947/333/2981 2946/334/2982
f 2945/332/2980 2948/335/2983 2947/333/2981
f 3033/336/2984 2949/337/2985 2946/334/2982
f 2946/334/2982 2949/337/2985 2945/332/2980
f 3034/293/2945 2910/294/2946 3033/336/2984
f 3033/336/2984 2910/294/2946 2949/337/2985
f 2939/325/2974 2951/338/2986 2950/339/2987
f 2950/339/2987 2938/326/2975 2939/325/2974
f 2938/326/2975 2950/339/2987 2952/340/2988
f 2952/340/2988 2941/328/2977 2938/326/2975
f 2941/328/2977 2952/340/2988 2953/341/2989
f 2953/341/2989 2943/330/2979 2941/328/2977
f 2943/330/2979 2953/341/2989 2912/295/2947
f 2912/295/2947 2909/292/2944 2943/330/2979
f 2954/342/2990 2948/335/2983 2945/332/2980
f 2954/342/2990 2955/343/2991 2948/335/2983
f 2949/337/2985 2956/344/2992 2945/332/2980
f 2945/332/2980 2956/344/2992 2954/342/2990
f 2910/294/2946 2911/296/2948 2949/337/2985
f 2949/337/2985 2911/296/2948 2956/344/2992
f 2951/338/2986 2958/345/2993 2957/346/2994
f 2957/346/2994 2950/339/2987 2951/338/2986
f 2950/339/2987 2957/346/2994 2959/347/2995
f 2959/347/2995 2952/340/2988 2950/339/2987
f 2952/340/2988 2959/347/2995 2993/348/2996
f 2993/348/2996 2953/341/2989 2952/340/2988
f 2953/341/2989 2993/348/2996 2912/295/2947
f 2922/297/2949 2912/295/2947 2993/348/2996
f 2960/349/2997 2955/343/2991 2954/342/2990
f 2960/349/2997 2996/350/2998 2955/343/2991
f 2956/344/2992 2961/351/2999 2954/342/2990
f 2954/342/2990 2961/351/2999 2960/349/2997
f 2911/296/2948 2913/298/2950 2956/344/2992
f 2956/344/2992 2913/298/2950 2961/351/2999
f 2962/352/3000 2964/353/3001 2963/354/3002
f 2963/354/3002 2965/355/3003 2962/352/3000
f 2966/356/3004 2967/357/3005 2962/352/3000
f 2962/352/3000 2967/357/3005 2964/353/3001
f 2968/358/3006 2969/359/3007 2966/356/3004
f 2966/356/3004 2969/359/3007 2967/357/3005
f 2917/302/2954 2968/358/3006 2916/300/2952
f 2917/302/2954 2969/359/3007 2968/358/3006
f 2970/360/3008 2972/361/3009 2971/362/3010
f 2971/362/3010 2973/363/3011 2970/360/3008
f 2970/360/3008 2973/363/3011 2974/364/3012
f 2974/364/3012 2975/365/3013 2970/360/3008
f 2975/365/3013 2974/364/3012 2914/299/2951
f 2914/299/2951 2915/301/2953 2975/365/3013
f 2962/352/3000 2977/366/3014 2976/367/3015
f 2962/352/3000 2965/355/3003 2977/366/3014
f 2978/368/3016 2966/356/3004 2976/367/3015
f 2976/367/3015 2966/356/3004 2962/352/3000
f 2979/369/3017 2968/358/3006 2978/368/3016
f 2978/368/3016 2968/358/3006 2966/356/3004
f 2916/300/2952 2979/369/3017 2919/303/2955
f 2916/300/2952 2968/358/3006 2979/369/3017
f 2980/370/3018 2972/361/3009 2970/360/3008
f 2970/360/3008 2981/371/3019 2980/370/3018
f 2981/371/3019 2970/360/3008 2975/365/3013
f 2975/365/3013 2982/372/3020 2981/371/3019
f 2982/372/3020 2975/365/3013 2915/301/2953
f 2915/301/2953 2918/304/2956 2982/372/3020
f 2976/367/3015 2984/373/3021 2983/374/3022
f 2976/367/3015 2977/366/3014 2984/373/3021
f 2985/375/3023 2978/368/3016 2983/374/3022
f 2983/374/3022 2978/368/3016 2976/367/3015
f 2986/376/3024 2979/369/3017 2985/375/3023
f 2985/375/3023 2979/369/3017 2978/368/3016
f 2919/303/2955 2986/376/3024 2921/305/2957
f 2919/303/2955 2979/369/3017 2986/376/3024
f 2987/377/3025 2980/370/3018 2981/371/3019
f 2981/371/3019 2988/378/3026 2987/377/3025
f 2988/378/3026 2981/371/3019 2982/372/3020
f 2982/372/3020 2989/379/3027 2988/378/3026
f 2989/379/3027 2982/372/3020 2918/304/2956
f 2918/304/2956 2920/306/2958 2989/379/3027
f 2958/380/2993 2990/381/3028 2957/382/2994
f 2991/383/3029 2957/382/2994 2990/381/3028
f 2957/382/2994 2991/383/3029 2959/384/2995
f 2992/385/3030 2959/384/2995 2991/383/3029
f 2959/384/2995 2992/385/3030 2993/386/2996
f 2994/387/3031 2993/386/2996 2992/385/3030
f 2993/386/2996 2994/387/3031 2922/307/2949
f 2923/308/2959 2922/307/2949 2994/387/3031
f 2995/388/3032 2997/389/3033 2996/390/2998
f 2996/390/2998 2960/391/2997 2995/388/3032
f 2998/392/3034 2995/388/3032 2960/391/2997
f 2960/391/2997 2961/393/2999 2998/392/3034
f 2924/310/2960 2998/392/3034 2961/393/2999
f 2961/393/2999 2913/309/2950 2924/310/2960
f 2990/381/3028 2999/394/3035 2991/383/3029
f 3000/395/3036 2991/383/3029 2999/394/3035
f 2991/383/3029 3000/395/3036 2992/385/3030
f 3001/396/3037 2992/385/3030 3000/395/3036
f 2992/385/3030 3001/396/3037 2994/387/3031
f 3002/397/3038 2994/387/3031 3001/396/3037
f 2994/387/3031 3002/397/3038 2923/308/2959
f 2925/311/2961 2923/308/2959 3002/397/3038
f 3003/398/3039 3004/399/3040 2997/389/3033
f 2997/389/3033 2995/388/3032 3003/398/3039
f 3003/398/3039 2998/392/3034 3005/400/3041
f 3003/398/3039 2995/388/3032 2998/392/3034
f 2926/312/2962 3005/400/3041 2998/392/3034
f 2998/392/3034 2924/310/2960 2926/312/2962
f 2999/394/3035 3006/401/3042 3000/395/3036
f 3007/402/3043 3000/395/3036 3006/401/3042
f 3000/395/3036 3007/402/3043 3001/396/3037
f 3008/403/3044 3001/396/3037 3007/402/3043
f 3001/396/3037 3008/403/3044 3002/397/3038
f 3009/404/3045 3002/397/3038 3008/403/3044
f 3002/397/3038 3009/404/3045 2925/311/2961
f 2927/313/2963 2925/311/2961 3009/404/3045
f 3010/405/3046 3011/406/3047 3004/399/3040
f 3004/399/3040 3003/398/3039 3010/405/3046
f 3010/405/3046 3005/400/3041 3012/407/3048
f 3010/405/3046 3003/398/3039 3005/400/3041
f 3012/407/3048 3005/400/3041 2926/312/2962
f 2926/312/2962 2928/314/2964 3012/407/3048
f 3006/401/3042 2963/354/3002 3007/402/3043
f 2964/353/3001 3007/402/3043 2963/354/3002
f 3007/402/3043 2964/353/3001 3008/403/3044
f 2967/357/3005 3008/403/3044 2964/353/3001
f 3008/403/3044 2967/357/3005 3009/404/3045
f 2969/359/3007 3009/404/3045 2967/357/3005
f 3009/404/3045 2969/359/3007 2927/313/2963
f 2917/302/2954 2927/313/2963 2969/359/3007
f 2973/363/3011 2971/362/3010 3011/406/3047
f 3011/406/3047 3010/405/3046 2973/363/3011
f 2973/363/3011 3012/407/3048 2974/364/3012
f 2973/363/3011 3010/405/3046 3012/407/3048
f 2974/364/3012 3012/407/3048 2928/314/2964
f 2928/314/2964 2914/299/2951 2974/364/3012
f 2984/373/3021 3013/408/3049 2983/374/3022
f 2984/373/3021 3014/409/3050 3013/408/3049
f 2983/374/3022 3013/408/3049 3015/410/3051
f 2983/374/3022 3015/410/3051 2985/375/3023
f 2985/375/3023 3015/410/3051 3016/411/3052
f 2985/375/3023 3016/411/3052 2986/376/3024
f 2986/376/3024 2930/316/2966 2921/305/2957
f 2986/376/3024 3016/411/3052 2930/316/2966
f 2988/378/3026 3017/412/3053 2987/377/3025
f 2988/378/3026 3018/413/3054 3017/412/3053
f 2988/378/3026 2989/379/3027 3019/414/3055
f 3019/414/3055 3018/413/3054 2988/378/3026
f 2989/379/3027 2920/306/2958 2929/315/2965
f 2929/315/2965 3019/414/3055 2989/379/3027
f 3014/409/3050 3020/415/3056 3013/408/3049
f 3014/409/3050 3021/416/3057 3020/415/3056
f 3013/408/3049 3020/415/3056 3022/417/3058
f 3013/408/3049 3022/417/3058 3015/410/3051
f 3015/410/3051 3023/418/3059 3016/411/3052
f 3015/410/3051 3022/417/3058 3023/418/3059
f 3016/411/3052 2932/318/2968 2930/316/2966
f 3016/411/3052 3023/418/3059 2932/318/2968
f 3018/413/3054 3024/419/3060 3017/412/3053
f 3018/413/3054 3025/420/3061 3024/419/3060
f 3018/413/3054 3019/414/3055 3026/421/3062
f 3026/421/3062 3025/420/3061 3018/413/3054
f 3019/414/3055 2929/315/2965 2931/317/2967
f 2931/317/2967 3026/421/3062 3019/414/3055
f 3021/416/3057 3027/422/3063 3020/415/3056
f 3021/416/3057 3028/423/3064 3027/422/3063
f 3020/415/3056 3029/424/3065 3022/417/3058
f 3020/415/3056 3027/422/3063 3029/424/3065
f 3022/417/3058 2935/321/2971 3023/418/3059
f 3022/417/3058 3029/424/3065 2935/321/2971
f 3023/418/3059 2934/320/2970 2932/318/2968
f 3023/418/3059 2935/321/2971 2934/320/2970
f 3025/420/3061 3030/425/3066 3024/419/3060
f 3025/420/3061 3031/426/3067 3030/425/3066
f 3025/420/3061 3026/421/3062 3032/427/3068
f 3032/427/3068 3031/426/3067 3025/420/3061
f 3026/421/3062 2931/317/2967 2933/319/2969
f 2933/319/2969 3032/427/3068 3026/421/3062
f 3031/426/3067 2947/428/2981 3030/425/3066
f 3031/426/3067 2946/429/2982 2947/428/2981
f 2946/429/2982 3031/426/3067 3032/427/3068
f 3032/427/3068 3033/430/2984 2946/429/2982
f 3032/427/3068 2933/319/2969 3033/430/2984
f 2933/319/2969 3034/431/2945 3033/430/2984
f 2934/320/2970 3034/431/2945 2933/319/2969
f 2934/320/2970 2936/322/2943 3034/431/2945
f 3028/423/3064 2940/432/2976 3027/422/3063
f 3028/423/3064 2937/433/2973 2940/432/2976
f 3027/422/3063 2942/434/2978 3029/424/3065
f 3027/422/3063 2940/432/2976 2942/434/2978
f 3029/424/3065 2944/323/2972 2935/321/2971
f 3029/424/3065 2942/434/2978 2944/323/2972
f 3035/435/3069 2980/370/3018 3361/436/3070
f 3361/436/3070 2980/370/3018 2987/377/3025
f 3036/437/3071 2972/361/3009 2980/370/3018
f 2980/370/3018 3035/435/3069 3036/437/3071
f 3036/437/3071 3360/438/3072 2971/362/3010
f 2971/362/3010 2972/361/3009 3036/437/3071
f 2971/362/3010 3360/438/3072 3367/439/3073
f 3367/439/3073 3011/406/3047 2971/362/3010
f 3011/406/3047 3367/439/3073 3366/440/3074
f 3366/440/3074 3004/399/3040 3011/406/3047
f 3004/399/3040 3366/440/3074 3365/441/3075
f 3365/441/3075 2997/389/3033 3004/399/3040
f 2997/389/3033 3365/441/3075 3364/442/3076
f 3364/442/3076 2996/390/2998 2997/389/3033
f 2955/343/2991 2996/350/2998 3364/443/3076
f 3364/443/3076 3037/444/3077 2955/343/2991
f 2948/335/2983 2955/343/2991 3037/444/3077
f 3037/444/3077 3038/445/3078 2948/335/2983
f 2948/335/2983 3040/446/3079 2947/333/2981
f 2948/335/2983 3038/445/3078 3040/446/3079
f 3030/425/3066 3040/447/3079 3039/448/3080
f 3030/425/3066 2947/428/2981 3040/447/3079
f 3024/419/3060 3039/448/3080 3363/449/3081
f 3024/419/3060 3030/425/3066 3039/448/3080
f 3017/412/3053 3363/449/3081 3362/450/3082
f 3017/412/3053 3024/419/3060 3363/449/3081
f 2987/377/3025 3362/450/3082 3361/436/3070
f 2987/377/3025 3017/412/3053 3362/450/3082
f 2963/354/3002 3041/451/1025 2965/355/3003
f 3041/451/1025 2963/354/3002 3042/452/1026
f 2977/366/3014 2965/355/3003 3041/451/1025
f 3041/451/1025 3043/453/1024 2977/366/3014
f 2977/366/3014 3043/453/1024 3044/454/1023
f 3044/454/1023 2984/373/3021 2977/366/3014
f 3044/454/1023 3014/409/3050 2984/373/3021
f 3044/454/1023 3045/455/1036 3014/409/3050
f 3045/455/1036 3021/416/3057 3014/409/3050
f 3045/455/1036 3046/456/1035 3021/416/3057
f 3046/456/1035 3028/423/3064 3021/416/3057
f 3046/456/1035 3047/457/1034 3028/423/3064
f 3047/457/1034 2937/433/2973 3028/423/3064
f 3047/457/1034 959/458/1033 2937/433/2973
f 958/459/1032 2939/325/2974 959/460/1033
f 959/460/1033 2939/325/2974 2937/324/2973
f 3048/461/1031 2951/338/2986 2939/325/2974
f 2939/325/2974 958/459/1032 3048/461/1031
f 3048/461/1031 3049/462/1030 2951/338/2986
f 3049/462/1030 2958/345/2993 2951/338/2986
f 3049/463/1030 3050/464/1029 2958/380/2993
f 2990/381/3028 2958/380/2993 3050/464/1029
f 3050/464/1029 3051/465/1028 2990/381/3028
f 2999/394/3035 2990/381/3028 3051/465/1028
f 3051/465/1028 3052/466/1027 2999/394/3035
f 3006/401/3042 2999/394/3035 3052/466/1027
f 3052/466/1027 3042/452/1026 3006/401/3042
f 2963/354/3002 3006/401/3042 3042/452/1026
f 3080/291/3083 3053/292/3084 3170/293/3085
f 3053/292/3084 3054/294/3086 3170/293/3085
f 3053/292/3084 3056/295/3087 3055/296/3088
f 3055/296/3088 3054/294/3086 3053/292/3084
f 3056/295/3087 3066/297/3089 3055/296/3088
f 3066/297/3089 3057/298/3090 3055/296/3088
f 3058/299/3091 3060/300/3092 3059/301/3093
f 3058/299/3091 3061/302/3094 3060/300/3092
f 3059/301/3093 3063/303/3095 3062/304/3096
f 3059/301/3093 3060/300/3092 3063/303/3095
f 3062/304/3096 3065/305/3097 3064/306/3098
f 3062/304/3096 3063/303/3095 3065/305/3097
f 3066/307/3089 3067/308/3099 3057/309/3090
f 3068/310/3100 3057/309/3090 3067/308/3099
f 3067/308/3099 3069/311/3101 3068/310/3100
f 3070/312/3102 3068/310/3100 3069/311/3101
f 3069/311/3101 3071/313/3103 3070/312/3102
f 3072/314/3104 3070/312/3102 3071/313/3103
f 3071/313/3103 3061/302/3094 3072/314/3104
f 3058/299/3091 3072/314/3104 3061/302/3094
f 3065/305/3097 3073/315/3105 3064/306/3098
f 3065/305/3097 3074/316/3106 3073/315/3105
f 3074/316/3106 3075/317/3107 3073/315/3105
f 3074/316/3106 3076/318/3108 3075/317/3107
f 3076/318/3108 3077/319/3109 3075/317/3107
f 3076/318/3108 3078/320/3110 3077/319/3109
f 3079/321/3111 3080/322/3083 3078/320/3110
f 3079/321/3111 3088/323/3112 3080/322/3083
f 3081/324/3113 3083/325/3114 3082/326/3115
f 3082/326/3115 3084/327/3116 3081/324/3113
f 3084/327/3116 3082/326/3115 3085/328/3117
f 3085/328/3117 3086/329/3118 3084/327/3116
f 3086/329/3118 3085/328/3117 3087/330/3119
f 3087/330/3119 3088/331/3112 3086/329/3118
f 3088/331/3112 3087/330/3119 3080/291/3083
f 3087/330/3119 3053/292/3084 3080/291/3083
f 3089/332/3120 3091/333/3121 3090/334/3122
f 3089/332/3120 3092/335/3123 3091/333/3121
f 3169/336/3124 3093/337/3125 3090/334/3122
f 3090/334/3122 3093/337/3125 3089/332/3120
f 3170/293/3085 3054/294/3086 3169/336/3124
f 3169/336/3124 3054/294/3086 3093/337/3125
f 3094/339/3126 3082/326/3115 3083/325/3114
f 3082/326/3115 3094/339/3126 3095/340/3127
f 3095/340/3127 3085/328/3117 3082/326/3115
f 3085/328/3117 3095/340/3127 3096/341/3128
f 3096/341/3128 3087/330/3119 3085/328/3117
f 3087/330/3119 3096/341/3128 3056/295/3087
f 3056/295/3087 3053/292/3084 3087/330/3119
f 3097/342/3129 3092/335/3123 3089/332/3120
f 3097/342/3129 3098/343/3130 3092/335/3123
f 3093/337/3125 3099/344/3131 3089/332/3120
f 3089/332/3120 3099/344/3131 3097/342/3129
f 3054/294/3086 3055/296/3088 3093/337/3125
f 3093/337/3125 3055/296/3088 3099/344/3131
f 3094/339/3126 3100/346/3132 3101/347/3133
f 3101/347/3133 3095/340/3127 3094/339/3126
f 3095/340/3127 3101/347/3133 3131/348/3134
f 3131/348/3134 3096/341/3128 3095/340/3127
f 3096/341/3128 3131/348/3134 3056/295/3087
f 3066/297/3089 3056/295/3087 3131/348/3134
f 3102/349/3135 3098/343/3130 3097/342/3129
f 3102/349/3135 3134/350/3136 3098/343/3130
f 3099/344/3131 3103/351/3137 3097/342/3129
f 3097/342/3129 3103/351/3137 3102/349/3135
f 3055/296/3088 3057/298/3090 3099/344/3131
f 3099/344/3131 3057/298/3090 3103/351/3137
f 3106/356/3138 3107/357/3139 3104/352/3140
f 3108/358/3141 3109/359/3142 3106/356/3138
f 3106/356/3138 3109/359/3142 3107/357/3139
f 3061/302/3094 3108/358/3141 3060/300/3092
f 3061/302/3094 3109/359/3142 3108/358/3141
f 3110/360/3143 3112/361/3144 3111/362/3145
f 3111/362/3145 3113/363/3146 3110/360/3143
f 3110/360/3143 3113/363/3146 3114/364/3147
f 3114/364/3147 3115/365/3148 3110/360/3143
f 3115/365/3148 3114/364/3147 3058/299/3091
f 3058/299/3091 3059/301/3093 3115/365/3148
f 3117/368/3149 3106/356/3138 3116/367/3150
f 3116/367/3150 3106/356/3138 3104/352/3140
f 3118/369/3151 3108/358/3141 3117/368/3149
f 3117/368/3149 3108/358/3141 3106/356/3138
f 3060/300/3092 3118/369/3151 3063/303/3095
f 3060/300/3092 3108/358/3141 3118/369/3151
f 3119/370/3152 3112/361/3144 3110/360/3143
f 3110/360/3143 3120/371/3153 3119/370/3152
f 3120/371/3153 3110/360/3143 3115/365/3148
f 3115/365/3148 3121/372/3154 3120/371/3153
f 3121/372/3154 3115/365/3148 3059/301/3093
f 3059/301/3093 3062/304/3096 3121/372/3154
f 3116/367/3150 3123/373/3155 3122/374/3156
f 3124/375/3157 3117/368/3149 3122/374/3156
f 3122/374/3156 3117/368/3149 3116/367/3150
f 3125/376/3158 3118/369/3151 3124/375/3157
f 3124/375/3157 3118/369/3151 3117/368/3149
f 3063/303/3095 3125/376/3158 3065/305/3097
f 3063/303/3095 3118/369/3151 3125/376/3158
f 3126/377/3159 3119/370/3152 3120/371/3153
f 3120/371/3153 3127/378/3160 3126/377/3159
f 3127/378/3160 3120/371/3153 3121/372/3154
f 3121/372/3154 3128/379/3161 3127/378/3160
f 3128/379/3161 3121/372/3154 3062/304/3096
f 3062/304/3096 3064/306/3098 3128/379/3161
f 3100/382/3132 3129/383/3162 3101/384/3133
f 3130/385/3163 3101/384/3133 3129/383/3162
f 3101/384/3133 3130/385/3163 3131/386/3134
f 3132/387/3164 3131/386/3134 3130/385/3163
f 3131/386/3134 3132/387/3164 3066/307/3089
f 3067/308/3099 3066/307/3089 3132/387/3164
f 3133/388/3165 3135/389/3166 3134/390/3136
f 3134/390/3136 3102/391/3135 3133/388/3165
f 3136/392/3167 3133/388/3165 3102/391/3135
f 3102/391/3135 3103/393/3137 3136/392/3167
f 3068/310/3100 3136/392/3167 3103/393/3137
f 3103/393/3137 3057/309/3090 3068/310/3100
f 3129/383/3162 3137/395/3168 3130/385/3163
f 3138/396/3169 3130/385/3163 3137/395/3168
f 3130/385/3163 3138/396/3169 3132/387/3164
f 3139/397/3170 3132/387/3164 3138/396/3169
f 3132/387/3164 3139/397/3170 3067/308/3099
f 3069/311/3101 3067/308/3099 3139/397/3170
f 3140/398/3171 3141/399/3172 3135/389/3166
f 3135/389/3166 3133/388/3165 3140/398/3171
f 3140/398/3171 3136/392/3167 3142/400/3173
f 3140/398/3171 3133/388/3165 3136/392/3167
f 3070/312/3102 3142/400/3173 3136/392/3167
f 3136/392/3167 3068/310/3100 3070/312/3102
f 3137/395/3168 3143/402/3174 3138/396/3169
f 3144/403/3175 3138/396/3169 3143/402/3174
f 3138/396/3169 3144/403/3175 3139/397/3170
f 3145/404/3176 3139/397/3170 3144/403/3175
f 3139/397/3170 3145/404/3176 3069/311/3101
f 3071/313/3103 3069/311/3101 3145/404/3176
f 3146/405/3177 3147/406/3178 3141/399/3172
f 3141/399/3172 3140/398/3171 3146/405/3177
f 3146/405/3177 3142/400/3173 3148/407/3179
f 3146/405/3177 3140/398/3171 3142/400/3173
f 3148/407/3179 3142/400/3173 3070/312/3102
f 3070/312/3102 3072/314/3104 3148/407/3179
f 3143/402/3174 3105/353/3180 3144/403/3175
f 3107/357/3139 3144/403/3175 3105/353/3180
f 3144/403/3175 3107/357/3139 3145/404/3176
f 3109/359/3142 3145/404/3176 3107/357/3139
f 3145/404/3176 3109/359/3142 3071/313/3103
f 3061/302/3094 3071/313/3103 3109/359/3142
f 3113/363/3146 3111/362/3145 3147/406/3178
f 3147/406/3178 3146/405/3177 3113/363/3146
f 3113/363/3146 3148/407/3179 3114/364/3147
f 3113/363/3146 3146/405/3177 3148/407/3179
f 3114/364/3147 3148/407/3179 3072/314/3104
f 3072/314/3104 3058/299/3091 3114/364/3147
f 3123/373/3155 3149/408/3181 3122/374/3156
f 3123/373/3155 3150/409/3182 3149/408/3181
f 3122/374/3156 3149/408/3181 3151/410/3183
f 3122/374/3156 3151/410/3183 3124/375/3157
f 3124/375/3157 3151/410/3183 3152/411/3184
f 3124/375/3157 3152/411/3184 3125/376/3158
f 3125/376/3158 3074/316/3106 3065/305/3097
f 3125/376/3158 3152/411/3184 3074/316/3106
f 3127/378/3160 3153/412/3185 3126/377/3159
f 3127/378/3160 3154/413/3186 3153/412/3185
f 3127/378/3160 3128/379/3161 3155/414/3187
f 3155/414/3187 3154/413/3186 3127/378/3160
f 3128/379/3161 3064/306/3098 3073/315/3105
f 3073/315/3105 3155/414/3187 3128/379/3161
f 3150/409/3182 3156/415/3188 3149/408/3181
f 3150/409/3182 3157/416/3189 3156/415/3188
f 3149/408/3181 3156/415/3188 3158/417/3190
f 3149/408/3181 3158/417/3190 3151/410/3183
f 3151/410/3183 3159/418/3191 3152/411/3184
f 3151/410/3183 3158/417/3190 3159/418/3191
f 3152/411/3184 3076/318/3108 3074/316/3106
f 3152/411/3184 3159/418/3191 3076/318/3108
f 3154/413/3186 3160/419/3192 3153/412/3185
f 3154/413/3186 3161/420/3193 3160/419/3192
f 3154/413/3186 3155/414/3187 3162/421/3194
f 3162/421/3194 3161/420/3193 3154/413/3186
f 3155/414/3187 3073/315/3105 3075/317/3107
f 3075/317/3107 3162/421/3194 3155/414/3187
f 3157/416/3189 3163/422/3195 3156/415/3188
f 3157/416/3189 3164/423/3196 3163/422/3195
f 3156/415/3188 3165/424/3197 3158/417/3190
f 3156/415/3188 3163/422/3195 3165/424/3197
f 3158/417/3190 3079/321/3111 3159/418/3191
f 3158/417/3190 3165/424/3197 3079/321/3111
f 3159/418/3191 3078/320/3110 3076/318/3108
f 3159/418/3191 3079/321/3111 3078/320/3110
f 3161/420/3193 3166/425/3198 3160/419/3192
f 3161/420/3193 3167/426/3199 3166/425/3198
f 3161/420/3193 3162/421/3194 3168/427/3200
f 3168/427/3200 3167/426/3199 3161/420/3193
f 3162/421/3194 3075/317/3107 3077/319/3109
f 3077/319/3109 3168/427/3200 3162/421/3194
f 3167/426/3199 3091/428/3121 3166/425/3198
f 3167/426/3199 3090/429/3122 3091/428/3121
f 3090/429/3122 3167/426/3199 3168/427/3200
f 3168/427/3200 3169/430/3124 3090/429/3122
f 3168/427/3200 3077/319/3109 3169/430/3124
f 3077/319/3109 3170/431/3085 3169/430/3124
f 3078/320/3110 3170/431/3085 3077/319/3109
f 3078/320/3110 3080/322/3083 3170/431/3085
f 3164/423/3196 3084/432/3116 3163/422/3195
f 3164/423/3196 3081/433/3113 3084/432/3116
f 3163/422/3195 3086/434/3118 3165/424/3197
f 3163/422/3195 3084/432/3116 3086/434/3118
f 3165/424/3197 3088/323/3112 3079/321/3111
f 3165/424/3197 3086/434/3118 3088/323/3112
f 3171/435/535 3119/370/3152 3172/436/536
f 3172/436/536 3119/370/3152 3126/377/3159
f 477/437/534 3112/361/3144 3119/370/3152
f 3119/370/3152 3171/435/535 477/437/534
f 477/437/534 3173/438/533 3111/362/3145
f 3111/362/3145 3112/361/3144 477/437/534
f 3111/362/3145 3173/438/533 481/439/546
f 481/439/546 3147/406/3178 3111/362/3145
f 3147/406/3178 481/439/546 3174/440/545
f 3174/440/545 3141/399/3172 3147/406/3178
f 3141/399/3172 3174/440/545 480/441/544
f 480/441/544 3135/389/3166 3141/399/3172
f 3135/389/3166 480/441/544 479/442/543
f 479/442/543 3134/390/3136 3135/389/3166
f 3098/343/3130 3134/350/3136 479/443/543
f 479/443/543 3175/444/542 3098/343/3130
f 3092/335/3123 3098/343/3130 3175/444/542
f 3175/444/542 3176/445/541 3092/335/3123
f 3092/335/3123 478/446/540 3091/333/3121
f 3092/335/3123 3176/445/541 478/446/540
f 3166/425/3198 478/447/540 3177/448/539
f 3166/425/3198 3091/428/3121 478/447/540
f 3160/419/3192 3177/448/539 3178/449/538
f 3160/419/3192 3166/425/3198 3177/448/539
f 3153/412/3185 3178/449/538 3179/450/537
f 3153/412/3185 3160/419/3192 3178/449/538
f 3126/377/3159 3179/450/537 3172/436/536
f 3126/377/3159 3153/412/3185 3179/450/537
f 3180/454/3201 3150/409/3182 3123/373/3155
f 3180/454/3201 3181/455/3202 3150/409/3182
f 3181/455/3202 3157/416/3189 3150/409/3182
f 3181/455/3202 3182/456/3203 3157/416/3189
f 3182/456/3203 3164/423/3196 3157/416/3189
f 3182/456/3203 3183/457/3204 3164/423/3196
f 3183/457/3204 3081/433/3113 3164/423/3196
f 3183/457/3204 3184/458/3205 3081/433/3113
f 3184/460/3205 3083/325/3114 3081/324/3113
f 3185/467/3206 3187/468/3207 3186/469/3208
f 3186/469/3208 3188/470/3209 3185/467/3206
f 3187/468/3207 3189/471/3210 3186/469/3208
f 3189/471/3210 3190/472/3211 3186/469/3208
f 3194/473/3212 3190/472/3211 3189/471/3210
f 3194/473/3212 3193/474/3213 3190/472/3211
f 3191/475/3214 3193/476/3213 3192/477/3215
f 3192/477/3215 3193/476/3213 3194/478/3212
f 3195/479/3216 3191/475/3214 3196/480/3217
f 3196/480/3217 3191/475/3214 3192/477/3215
f 3197/481/3218 3195/479/3216 3198/482/3219
f 3198/482/3219 3195/479/3216 3196/480/3217
f 3199/483/3220 3197/481/3218 3200/484/3221
f 3200/484/3221 3197/481/3218 3198/482/3219
f 3199/483/3220 3202/485/3222 3201/486/3223
f 3199/483/3220 3200/484/3221 3202/485/3222
f 3201/486/3223 3204/487/3224 3203/488/3225
f 3201/486/3223 3202/485/3222 3204/487/3224
f 3203/488/3225 3206/489/3226 3205/490/3227
f 3203/488/3225 3204/487/3224 3206/489/3226
f 3205/490/3227 3208/491/3228 3207/492/3229
f 3205/490/3227 3206/489/3226 3208/491/3228
f 3207/492/3229 3208/491/3228 3209/493/3230
f 3209/493/3230 3210/494/3231 3207/492/3229
f 3210/494/3231 3209/493/3230 3211/495/3232
f 3211/495/3232 3212/496/3233 3210/494/3231
f 3211/495/3232 3185/497/3206 3188/498/3209
f 3188/498/3209 3212/496/3233 3211/495/3232
f 3213/499/3234 3215/500/3235 3214/501/3236
f 3214/501/3236 3216/502/3237 3213/499/3234
f 3216/502/3237 3214/501/3236 3217/503/3238
f 3217/503/3238 3218/504/3239 3216/502/3237
f 3218/504/3239 3217/503/3238 3219/505/3240
f 3219/505/3240 3347/506/3241 3218/504/3239
f 3347/506/3241 3219/505/3240 3220/507/3242
f 3220/507/3242 3348/508/3243 3347/506/3241
f 3185/467/3206 3348/508/3243 3220/507/3242
f 3220/507/3242 3187/468/3207 3185/467/3206
f 3221/509/3244 3349/510/3245 3350/511/3246
f 3221/509/3244 3222/512/3247 3349/510/3245
f 3351/513/3248 3223/514/3249 3350/511/3246
f 3223/514/3249 3221/509/3244 3350/511/3246
f 3224/515/3250 3225/516/3251 3351/513/3248
f 3351/513/3248 3225/516/3251 3223/514/3249
f 3226/517/3252 3224/515/3250 3352/518/3253
f 3224/515/3250 3226/517/3252 3225/516/3251
f 3186/469/3208 3352/518/3253 3188/470/3209
f 3186/469/3208 3226/517/3252 3352/518/3253
f 3215/500/3235 3228/519/3254 3227/520/3255
f 3227/520/3255 3214/501/3236 3215/500/3235
f 3214/501/3236 3227/520/3255 3229/521/3256
f 3229/521/3256 3217/503/3238 3214/501/3236
f 3217/503/3238 3229/521/3256 3230/522/3257
f 3230/522/3257 3219/505/3240 3217/503/3238
f 3219/505/3240 3230/522/3257 3231/523/3258
f 3231/523/3258 3220/507/3242 3219/505/3240
f 3220/507/3242 3231/523/3258 3187/468/3207
f 3231/523/3258 3189/471/3210 3187/468/3207
f 3232/524/3259 3222/512/3247 3221/509/3244
f 3232/524/3259 3233/525/3260 3222/512/3247
f 3234/526/3261 3221/509/3244 3223/514/3249
f 3234/526/3261 3232/524/3259 3221/509/3244
f 3235/527/3262 3223/514/3249 3225/516/3251
f 3235/527/3262 3234/526/3261 3223/514/3249
f 3236/528/3263 3235/527/3262 3225/516/3251
f 3225/516/3251 3226/517/3252 3236/528/3263
f 3190/472/3211 3226/517/3252 3186/469/3208
f 3190/472/3211 3236/528/3263 3226/517/3252
f 3228/519/3254 3237/529/3264 3242/530/3265
f 3242/530/3265 3227/520/3255 3228/519/3254
f 3227/520/3255 3242/530/3265 3229/521/3256
f 3242/530/3265 3246/531/3266 3229/521/3256
f 3229/521/3256 3246/531/3266 3230/522/3257
f 3246/531/3266 3238/532/3267 3230/522/3257
f 3231/523/3258 3230/522/3257 3238/532/3267
f 3238/532/3267 3249/533/3268 3231/523/3258
f 3249/533/3268 3189/471/3210 3231/523/3258
f 3249/533/3268 3194/473/3212 3189/471/3210
f 3232/524/3259 3239/534/3269 3251/535/3270
f 3251/535/3270 3233/525/3260 3232/524/3259
f 3234/526/3261 3253/536/3271 3232/524/3259
f 3232/524/3259 3253/536/3271 3239/534/3269
f 3235/527/3262 3240/537/3272 3253/536/3271
f 3253/536/3271 3234/526/3261 3235/527/3262
f 3236/528/3263 3241/538/3273 3240/537/3272
f 3240/537/3272 3235/527/3262 3236/528/3263
f 3190/472/3211 3193/474/3213 3241/538/3273
f 3241/538/3273 3236/528/3263 3190/472/3211
f 3237/539/3264 3243/540/3274 3242/541/3265
f 3244/542/3275 3242/541/3265 3243/540/3274
f 3245/543/3276 3246/544/3266 3242/541/3265
f 3242/541/3265 3244/542/3275 3245/543/3276
f 3247/545/3277 3238/546/3267 3245/543/3276
f 3245/543/3276 3238/546/3267 3246/544/3266
f 3248/547/3278 3249/548/3268 3247/545/3277
f 3247/545/3277 3249/548/3268 3238/546/3267
f 3192/477/3215 3194/478/3212 3248/547/3278
f 3248/547/3278 3194/478/3212 3249/548/3268
f 3250/549/3279 3252/550/3280 3251/551/3270
f 3251/551/3270 3239/552/3269 3250/549/3279
f 3250/549/3279 3239/552/3269 3253/553/3271
f 3253/553/3271 3254/554/3281 3250/549/3279
f 3254/554/3281 3253/553/3271 3240/555/3272
f 3240/555/3272 3255/556/3282 3254/554/3281
f 3241/557/3273 3256/558/3283 3255/556/3282
f 3255/556/3282 3240/555/3272 3241/557/3273
f 3256/558/3283 3241/557/3273 3193/476/3213
f 3193/476/3213 3191/475/3214 3256/558/3283
f 3257/559/3284 3244/542/3275 3258/560/3285
f 3258/560/3285 3244/542/3275 3243/540/3274
f 3244/542/3275 3257/559/3284 3245/543/3276
f 3259/561/3286 3245/543/3276 3257/559/3284
f 3260/562/3287 3247/545/3277 3259/561/3286
f 3259/561/3286 3247/545/3277 3245/543/3276
f 3261/563/3288 3248/547/3278 3260/562/3287
f 3260/562/3287 3248/547/3278 3247/545/3277
f 3196/480/3217 3192/477/3215 3261/563/3288
f 3261/563/3288 3192/477/3215 3248/547/3278
f 3262/564/3289 3263/565/3290 3252/550/3280
f 3252/550/3280 3250/549/3279 3262/564/3289
f 3262/564/3289 3250/549/3279 3254/554/3281
f 3254/554/3281 3264/566/3291 3262/564/3289
f 3264/566/3291 3254/554/3281 3255/556/3282
f 3255/556/3282 3265/567/3292 3264/566/3291
f 3265/567/3292 3255/556/3282 3256/558/3283
f 3256/558/3283 3266/568/3293 3265/567/3292
f 3266/568/3293 3256/558/3283 3191/475/3214
f 3191/475/3214 3195/479/3216 3266/568/3293
f 3258/560/3285 3267/569/3294 3257/559/3284
f 3268/570/3295 3257/559/3284 3267/569/3294
f 3257/559/3284 3268/570/3295 3259/561/3286
f 3269/571/3296 3259/561/3286 3268/570/3295
f 3259/561/3286 3269/571/3296 3260/562/3287
f 3269/571/3296 3270/572/3297 3260/562/3287
f 3271/573/3298 3261/563/3288 3270/572/3297
f 3270/572/3297 3261/563/3288 3260/562/3287
f 3198/482/3219 3196/480/3217 3271/573/3298
f 3271/573/3298 3196/480/3217 3261/563/3288
f 3272/574/3299 3273/575/3300 3263/565/3290
f 3263/565/3290 3262/564/3289 3272/574/3299
f 3272/574/3299 3262/564/3289 3264/566/3291
f 3264/566/3291 3274/576/3301 3272/574/3299
f 3274/576/3301 3264/566/3291 3265/567/3292
f 3265/567/3292 3275/577/3302 3274/576/3301
f 3266/568/3293 3275/577/3302 3265/567/3292
f 3275/577/3302 3266/568/3293 3276/578/3303
f 3195/479/3216 3197/481/3218 3276/578/3303
f 3276/578/3303 3266/568/3293 3195/479/3216
f 3267/569/3294 3277/579/3304 3268/570/3295
f 3278/580/3305 3268/570/3295 3277/579/3304
f 3268/570/3295 3278/580/3305 3269/571/3296
f 3279/581/3306 3269/571/3296 3278/580/3305
f 3269/571/3296 3279/581/3306 3270/572/3297
f 3280/582/3307 3270/572/3297 3279/581/3306
f 3281/583/3308 3271/573/3298 3280/582/3307
f 3280/582/3307 3271/573/3298 3270/572/3297
f 3200/484/3221 3198/482/3219 3281/583/3308
f 3281/583/3308 3198/482/3219 3271/573/3298
f 3282/584/3309 3273/575/3300 3272/574/3299
f 3272/574/3299 3283/585/3310 3282/584/3309
f 3283/585/3310 3272/574/3299 3274/576/3301
f 3274/576/3301 3284/586/3311 3283/585/3310
f 3284/586/3311 3274/576/3301 3275/577/3302
f 3275/577/3302 3285/587/3312 3284/586/3311
f 3285/587/3312 3275/577/3302 3276/578/3303
f 3276/578/3303 3286/588/3313 3285/587/3312
f 3286/588/3313 3276/578/3303 3197/481/3218
f 3197/481/3218 3199/483/3220 3286/588/3313
f 3287/589/3314 3278/580/3305 3277/579/3304
f 3277/579/3304 3288/590/3315 3287/589/3314
f 3289/591/3316 3279/581/3306 3278/580/3305
f 3278/580/3305 3287/589/3314 3289/591/3316
f 3290/592/3317 3280/582/3307 3279/581/3306
f 3279/581/3306 3289/591/3316 3290/592/3317
f 3291/593/3318 3281/583/3308 3280/582/3307
f 3280/582/3307 3290/592/3317 3291/593/3318
f 3200/484/3221 3291/593/3318 3202/485/3222
f 3200/484/3221 3281/583/3308 3291/593/3318
f 3292/594/3319 3282/584/3309 3293/595/3320
f 3282/584/3309 3283/585/3310 3293/595/3320
f 3293/595/3320 3283/585/3310 3294/596/3321
f 3283/585/3310 3284/586/3311 3294/596/3321
f 3294/596/3321 3284/586/3311 3295/597/3322
f 3284/586/3311 3285/587/3312 3295/597/3322
f 3295/597/3322 3285/587/3312 3296/598/3323
f 3285/587/3312 3286/588/3313 3296/598/3323
f 3296/598/3323 3286/588/3313 3201/486/3223
f 3286/588/3313 3199/483/3220 3201/486/3223
f 3287/589/3314 3298/599/3324 3297/600/3325
f 3287/589/3314 3288/590/3315 3298/599/3324
f 3289/591/3316 3297/600/3325 3299/601/3326
f 3289/591/3316 3287/589/3314 3297/600/3325
f 3290/592/3317 3299/601/3326 3300/602/3327
f 3290/592/3317 3289/591/3316 3299/601/3326
f 3291/593/3318 3300/602/3327 3301/603/3328
f 3291/593/3318 3290/592/3317 3300/602/3327
f 3202/485/3222 3301/603/3328 3204/487/3224
f 3202/485/3222 3291/593/3318 3301/603/3328
f 3302/604/3329 3292/594/3319 3303/605/3330
f 3292/594/3319 3293/595/3320 3303/605/3330
f 3303/605/3330 3293/595/3320 3294/596/3321
f 3294/596/3321 3304/606/3331 3303/605/3330
f 3304/606/3331 3294/596/3321 3295/597/3322
f 3295/597/3322 3305/607/3332 3304/606/3331
f 3305/607/3332 3295/597/3322 3296/598/3323
f 3296/598/3323 3306/608/3333 3305/607/3332
f 3306/608/3333 3296/598/3323 3201/486/3223
f 3201/486/3223 3203/488/3225 3306/608/3333
f 3307/609/3334 3297/600/3325 3308/610/3335
f 3297/600/3325 3298/599/3324 3308/610/3335
f 3309/611/3336 3299/601/3326 3307/609/3334
f 3307/609/3334 3299/601/3326 3297/600/3325
f 3300/602/3327 3309/611/3336 3310/612/3337
f 3309/611/3336 3300/602/3327 3299/601/3326
f 3301/603/3328 3310/612/3337 3311/613/3338
f 3301/603/3328 3300/602/3327 3310/612/3337
f 3204/487/3224 3311/613/3338 3206/489/3226
f 3204/487/3224 3301/603/3328 3311/613/3338
f 3312/614/3339 3302/604/3329 3313/615/3340
f 3302/604/3329 3303/605/3330 3313/615/3340
f 3313/615/3340 3303/605/3330 3304/606/3331
f 3304/606/3331 3314/616/3341 3313/615/3340
f 3314/616/3341 3304/606/3331 3305/607/3332
f 3305/607/3332 3315/617/3342 3314/616/3341
f 3315/617/3342 3305/607/3332 3306/608/3333
f 3306/608/3333 3316/618/3343 3315/617/3342
f 3316/618/3343 3306/608/3333 3203/488/3225
f 3203/488/3225 3205/490/3227 3316/618/3343
f 3308/610/3335 3318/619/3344 3317/620/3345
f 3317/620/3345 3307/609/3334 3308/610/3335
f 3307/609/3334 3317/620/3345 3319/621/3346
f 3319/621/3346 3309/611/3336 3307/609/3334
f 3309/611/3336 3319/621/3346 3320/622/3347
f 3320/622/3347 3310/612/3337 3309/611/3336
f 3310/612/3337 3320/622/3347 3321/623/3348
f 3321/623/3348 3311/613/3338 3310/612/3337
f 3311/613/3338 3321/623/3348 3208/491/3228
f 3208/491/3228 3206/489/3226 3311/613/3338
f 3322/624/3349 3312/614/3339 3323/625/3350
f 3313/615/3340 3323/625/3350 3312/614/3339
f 3323/625/3350 3313/615/3340 3324/626/3351
f 3314/616/3341 3324/626/3351 3313/615/3340
f 3325/627/3352 3324/626/3351 3314/616/3341
f 3314/616/3341 3315/617/3342 3325/627/3352
f 3325/627/3352 3315/617/3342 3326/628/3353
f 3315/617/3342 3316/618/3343 3326/628/3353
f 3326/628/3353 3316/618/3343 3205/490/3227
f 3205/490/3227 3207/492/3229 3326/628/3353
f 3318/619/3344 3328/629/3354 3327/630/3355
f 3327/630/3355 3317/620/3345 3318/619/3344
f 3317/620/3345 3327/630/3355 3329/631/3356
f 3329/631/3356 3319/621/3346 3317/620/3345
f 3319/621/3346 3329/631/3356 3330/632/3357
f 3330/632/3357 3320/622/3347 3319/621/3346
f 3320/622/3347 3330/632/3357 3331/633/3358
f 3331/633/3358 3321/623/3348 3320/622/3347
f 3321/623/3348 3331/633/3358 3209/493/3230
f 3209/493/3230 3208/491/3228 3321/623/3348
f 3332/634/3359 3322/624/3349 3333/635/3360
f 3323/625/3350 3333/635/3360 3322/624/3349
f 3333/635/3360 3323/625/3350 3334/636/3361
f 3324/626/3351 3334/636/3361 3323/625/3350
f 3334/636/3361 3324/626/3351 3335/637/3362
f 3325/627/3352 3335/637/3362 3324/626/3351
f 3335/637/3362 3325/627/3352 3336/638/3363
f 3326/628/3353 3336/638/3363 3325/627/3352
f 3207/492/3229 3210/494/3231 3326/628/3353
f 3326/628/3353 3210/494/3231 3336/638/3363
f 3328/629/3354 3338/639/3364 3337/640/3365
f 3337/640/3365 3327/630/3355 3328/629/3354
f 3327/630/3355 3337/640/3365 3339/641/3366
f 3339/641/3366 3329/631/3356 3327/630/3355
f 3329/631/3356 3339/641/3366 3340/642/3367
f 3340/642/3367 3330/632/3357 3329/631/3356
f 3330/632/3357 3340/642/3367 3341/643/3368
f 3341/643/3368 3331/633/3358 3330/632/3357
f 3209/493/3230 3331/633/3358 3341/643/3368
f 3341/643/3368 3211/495/3232 3209/493/3230
f 3342/644/3369 3332/634/3359 3343/645/3370
f 3333/635/3360 3343/645/3370 3332/634/3359
f 3334/636/3361 3344/646/3371 3333/635/3360
f 3333/635/3360 3344/646/3371 3343/645/3370
f 3344/646/3371 3334/636/3361 3345/647/3372
f 3335/637/3362 3345/647/3372 3334/636/3361
f 3336/638/3363 3346/648/3373 3335/637/3362
f 3335/637/3362 3346/648/3373 3345/647/3372
f 3210/494/3231 3212/496/3233 3336/638/3363
f 3336/638/3363 3212/496/3233 3346/648/3373
f 3338/639/3364 3213/649/3234 3216/650/3237
f 3216/650/3237 3337/640/3365 3338/639/3364
f 3218/651/3239 3339/641/3366 3337/640/3365
f 3337/640/3365 3216/650/3237 3218/651/3239
f 3339/641/3366 3218/651/3239 3347/652/3241
f 3347/652/3241 3340/642/3367 3339/641/3366
f 3340/642/3367 3347/652/3241 3348/653/3243
f 3348/653/3243 3341/643/3368 3340/642/3367
f 3341/643/3368 3348/653/3243 3185/497/3206
f 3185/497/3206 3211/495/3232 3341/643/3368
f 3349/654/3245 3342/644/3369 3343/645/3370
f 3343/645/3370 3350/655/3246 3349/654/3245
f 3344/646/3371 3351/656/3248 3350/655/3246
f 3350/655/3246 3343/645/3370 3344/646/3371
f 3345/647/3372 3224/657/3250 3344/646/3371
f 3344/646/3371 3224/657/3250 3351/656/3248
f 3346/648/3373 3352/658/3253 3345/647/3372
f 3345/647/3372 3352/658/3253 3224/657/3250
f 3212/496/3233 3188/498/3209 3346/648/3373
f 3346/648/3373 3188/498/3209 3352/658/3253
f 2043/659/2145 3288/590/3315 3277/579/3304
f 3277/579/3304 3353/660/2146 2043/659/2145
f 3298/599/3324 3288/590/3315 2043/659/2145
f 2043/659/2145 3354/661/2147 3298/599/3324
f 3308/610/3335 3298/599/3324 2044/662/2148
f 3298/599/3324 3354/661/2147 2044/662/2148
f 2044/662/2148 3318/619/3344 3308/610/3335
f 2044/662/2148 2045/663/2149 3318/619/3344
f 2045/663/2149 3328/629/3354 3318/619/3344
f 2045/663/2149 2046/664/2150 3328/629/3354
f 2046/664/2150 3338/639/3364 3328/629/3354
f 2046/664/2150 3355/665/2151 3338/639/3364
f 3338/639/3364 3355/665/2151 3356/666/2152
f 3356/666/2152 3213/649/3234 3338/639/3364
f 3215/500/3235 3356/667/2152 3357/668/2153
f 3356/667/2152 3215/500/3235 3213/499/3234
f 3357/668/2153 3358/669/2154 3215/500/3235
f 3358/669/2154 3228/519/3254 3215/500/3235
f 3358/669/2154 3359/670/2155 3228/519/3254
f 3359/670/2155 3237/529/3264 3228/519/3254
f 3243/540/3274 3359/671/2155 2047/672/2156
f 3243/540/3274 3237/539/3264 3359/671/2155
f 3258/560/3285 2047/672/2156 2048/673/2157
f 3258/560/3285 3243/540/3274 2047/672/2156
f 3267/569/3294 2048/673/2157 2049/674/2158
f 3267/569/3294 3258/560/3285 2048/673/2157
f 3277/579/3304 2049/674/2158 3353/660/2146
f 3277/579/3304 3267/569/3294 2049/674/2158
f 3302/604/3329 3360/675/3072 3036/676/3071
f 3360/675/3072 3302/604/3329 3312/614/3339
f 3036/676/3071 3035/677/3069 3302/604/3329
f 3035/677/3069 3292/594/3319 3302/604/3329
f 3035/677/3069 3361/678/3070 3282/584/3309
f 3282/584/3309 3292/594/3319 3035/677/3069
f 3282/584/3309 3361/678/3070 3362/679/3082
f 3362/679/3082 3273/575/3300 3282/584/3309
f 3273/575/3300 3362/679/3082 3363/680/3081
f 3363/680/3081 3263/565/3290 3273/575/3300
f 3263/565/3290 3363/680/3081 3252/550/3280
f 3363/680/3081 3039/681/3080 3252/550/3280
f 3039/681/3080 3040/682/3079 3251/551/3270
f 3251/551/3270 3252/550/3280 3039/681/3080
f 3251/535/3270 3040/683/3079 3038/684/3078
f 3038/684/3078 3233/525/3260 3251/535/3270
f 3222/512/3247 3233/525/3260 3038/684/3078
f 3038/684/3078 3037/685/3077 3222/512/3247
f 3349/510/3245 3222/512/3247 3364/686/3076
f 3222/512/3247 3037/685/3077 3364/686/3076
f 3342/644/3369 3364/687/3076 3365/688/3075
f 3342/644/3369 3349/654/3245 3364/687/3076
f 3332/634/3359 3365/688/3075 3366/689/3074
f 3332/634/3359 3342/644/3369 3365/688/3075
f 3322/624/3349 3366/689/3074 3367/690/3073
f 3322/624/3349 3332/634/3359 3366/689/3074
f 3367/690/3073 3360/675/3072 3322/624/3349
f 3312/614/3339 3322/624/3349 3360/675/3072
f 3395/691/3374 3369/692/3375 3368/693/3376
f 3368/693/3376 3394/694/3377 3395/691/3374
f 3369/692/3375 3370/695/3378 3368/693/3376
f 3370/695/3378 3371/696/3379 3368/693/3376
f 3375/697/3380 3371/696/3379 3370/695/3378
f 3375/697/3380 3372/698/3381 3371/696/3379
f 3373/699/3382 3372/700/3381 3374/701/3383
f 3374/701/3383 3372/700/3381 3375/702/3380
f 3376/703/3384 3373/699/3382 3377/704/3385
f 3377/704/3385 3373/699/3382 3374/701/3383
f 3378/705/3386 3376/703/3384 3379/706/3387
f 3379/706/3387 3376/703/3384 3377/704/3385
f 3380/707/3388 3378/705/3386 3381/708/3389
f 3381/708/3389 3378/705/3386 3379/706/3387
f 3380/709/3388 3383/710/3390 3382/711/3391
f 3380/709/3388 3381/712/3389 3383/710/3390
f 3382/711/3391 3385/713/3392 3384/714/3393
f 3382/711/3391 3383/710/3390 3385/713/3392
f 3384/714/3393 3387/715/3394 3386/716/3395
f 3384/714/3393 3385/713/3392 3387/715/3394
f 3386/717/3395 3389/718/3396 3388/719/3397
f 3386/717/3395 3387/720/3394 3389/718/3396
f 3388/719/3397 3389/718/3396 3390/721/3398
f 3390/721/3398 3391/722/3399 3388/719/3397
f 3391/722/3399 3390/721/3398 3392/723/3400
f 3392/723/3400 3393/724/3401 3391/722/3399
f 3392/723/3400 3395/725/3374 3394/726/3377
f 3394/726/3377 3393/724/3401 3392/723/3400
f 3501/727/3402 3443/728/3403 3396/729/3404
f 3396/729/3404 3397/730/3405 3501/727/3402
f 3397/731/3405 3396/732/3404 3398/733/3406
f 3398/733/3406 3510/734/3407 3397/731/3405
f 3510/734/3407 3398/733/3406 3399/735/3408
f 3399/735/3408 3400/736/3409 3510/734/3407
f 3395/691/3374 3400/736/3409 3399/735/3408
f 3399/735/3408 3369/692/3375 3395/691/3374
f 3401/737/3410 3511/738/3411 3402/739/3412
f 3401/737/3410 3403/740/3413 3511/738/3411
f 3404/741/3414 3405/742/3415 3402/739/3412
f 3405/742/3415 3401/737/3410 3402/739/3412
f 3406/743/3416 3407/744/3417 3404/741/3414
f 3404/741/3414 3407/744/3417 3405/742/3415
f 3408/745/3418 3406/743/3416 3409/746/3419
f 3406/743/3416 3408/745/3418 3407/744/3417
f 3368/693/3376 3409/746/3419 3394/694/3377
f 3368/693/3376 3408/745/3418 3409/746/3419
f 3410/747/3420 3396/729/3404 3443/728/3403
f 3396/732/3404 3410/748/3420 3411/749/3421
f 3411/749/3421 3398/733/3406 3396/732/3404
f 3398/733/3406 3411/749/3421 3412/750/3422
f 3412/750/3422 3399/735/3408 3398/733/3406
f 3399/735/3408 3412/750/3422 3369/692/3375
f 3412/750/3422 3370/695/3378 3369/692/3375
f 3413/751/3423 3403/740/3413 3401/737/3410
f 3413/751/3423 3414/752/3424 3403/740/3413
f 3415/753/3425 3401/737/3410 3405/742/3415
f 3415/753/3425 3413/751/3423 3401/737/3410
f 3416/754/3426 3405/742/3415 3407/744/3417
f 3416/754/3426 3415/753/3425 3405/742/3415
f 3417/755/3427 3416/754/3426 3407/744/3417
f 3407/744/3417 3408/745/3418 3417/755/3427
f 3371/696/3379 3408/745/3418 3368/693/3376
f 3371/696/3379 3417/755/3427 3408/745/3418
f 3443/728/3403 3418/756/3428 3410/747/3420
f 3418/756/3428 3424/757/3429 3410/747/3420
f 3410/748/3420 3424/758/3429 3411/749/3421
f 3424/758/3429 3419/759/3430 3411/749/3421
f 3412/750/3422 3411/749/3421 3419/759/3430
f 3419/759/3430 3427/760/3431 3412/750/3422
f 3427/760/3431 3370/695/3378 3412/750/3422
f 3427/760/3431 3375/697/3380 3370/695/3378
f 3413/751/3423 3430/761/3432 3420/762/3433
f 3420/762/3433 3414/752/3424 3413/751/3423
f 3415/753/3425 3431/763/3434 3413/751/3423
f 3413/751/3423 3431/763/3434 3430/761/3432
f 3416/754/3426 3421/764/3435 3431/763/3434
f 3431/763/3434 3415/753/3425 3416/754/3426
f 3417/755/3427 3422/765/3436 3421/764/3435
f 3421/764/3435 3416/754/3426 3417/755/3427
f 3371/696/3379 3372/698/3381 3422/765/3436
f 3422/765/3436 3417/755/3427 3371/696/3379
f 3423/766/3437 3424/757/3429 3418/756/3428
f 3418/756/3428 3443/728/3403 3423/766/3437
f 3425/767/3438 3419/768/3430 3423/766/3437
f 3423/766/3437 3419/768/3430 3424/757/3429
f 3426/769/3439 3427/770/3431 3425/767/3438
f 3425/767/3438 3427/770/3431 3419/768/3430
f 3374/701/3383 3375/702/3380 3426/769/3439
f 3426/769/3439 3375/702/3380 3427/770/3431
f 3428/771/3440 3429/772/3441 3420/773/3433
f 3420/773/3433 3430/774/3432 3428/771/3440
f 3428/771/3440 3430/774/3432 3431/775/3434
f 3431/775/3434 3432/776/3442 3428/771/3440
f 3432/776/3442 3431/775/3434 3421/777/3435
f 3421/777/3435 3433/778/3443 3432/776/3442
f 3422/779/3436 3434/780/3444 3433/778/3443
f 3433/778/3443 3421/777/3435 3422/779/3436
f 3434/780/3444 3422/779/3436 3372/700/3381
f 3372/700/3381 3373/699/3382 3434/780/3444
f 3435/781/3445 3423/766/3437 3443/728/3403
f 3436/782/3446 3425/767/3438 3435/781/3445
f 3435/781/3445 3425/767/3438 3423/766/3437
f 3437/783/3447 3426/769/3439 3436/782/3446
f 3436/782/3446 3426/769/3439 3425/767/3438
f 3377/704/3385 3374/701/3383 3437/783/3447
f 3437/783/3447 3374/701/3383 3426/769/3439
f 3438/784/3448 3439/785/3449 3429/772/3441
f 3429/772/3441 3428/771/3440 3438/784/3448
f 3438/784/3448 3428/771/3440 3432/776/3442
f 3432/776/3442 3440/786/3450 3438/784/3448
f 3440/786/3450 3432/776/3442 3433/778/3443
f 3433/778/3443 3441/787/3451 3440/786/3450
f 3441/787/3451 3433/778/3443 3434/780/3444
f 3434/780/3444 3442/788/3452 3441/787/3451
f 3442/788/3452 3434/780/3444 3373/699/3382
f 3373/699/3382 3376/703/3384 3442/788/3452
f 3444/789/3453 3435/781/3445 3443/728/3403
f 3435/781/3445 3444/789/3453 3436/782/3446
f 3444/789/3453 3445/790/3454 3436/782/3446
f 3446/791/3455 3437/783/3447 3445/790/3454
f 3445/790/3454 3437/783/3447 3436/782/3446
f 3379/706/3387 3377/704/3385 3446/791/3455
f 3446/791/3455 3377/704/3385 3437/783/3447
f 3447/792/3456 3448/793/3457 3439/785/3449
f 3439/785/3449 3438/784/3448 3447/792/3456
f 3447/792/3456 3438/784/3448 3440/786/3450
f 3440/786/3450 3449/794/3458 3447/792/3456
f 3449/794/3458 3440/786/3450 3441/787/3451
f 3441/787/3451 3450/795/3459 3449/794/3458
f 3442/788/3452 3450/795/3459 3441/787/3451
f 3450/795/3459 3442/788/3452 3451/796/3460
f 3376/703/3384 3378/705/3386 3451/796/3460
f 3451/796/3460 3442/788/3452 3376/703/3384
f 3443/728/3403 3476/797/3461 3444/789/3453
f 3452/798/3462 3444/789/3453 3476/797/3461
f 3444/789/3453 3452/798/3462 3445/790/3454
f 3453/799/3463 3445/790/3454 3452/798/3462
f 3454/800/3464 3446/791/3455 3453/799/3463
f 3453/799/3463 3446/791/3455 3445/790/3454
f 3381/708/3389 3379/706/3387 3454/800/3464
f 3454/800/3464 3379/706/3387 3446/791/3455
f 3455/801/3465 3448/793/3457 3447/792/3456
f 3447/792/3456 3456/802/3466 3455/801/3465
f 3456/802/3466 3447/792/3456 3449/794/3458
f 3449/794/3458 3457/803/3467 3456/802/3466
f 3457/803/3467 3449/794/3458 3450/795/3459
f 3450/795/3459 3458/804/3468 3457/803/3467
f 3458/804/3468 3450/795/3459 3451/796/3460
f 3451/796/3460 3459/805/3469 3458/804/3468
f 3459/805/3469 3451/796/3460 3378/705/3386
f 3378/705/3386 3380/707/3388 3459/805/3469
f 3460/806/3470 3452/798/3462 3476/797/3461
f 3461/807/3471 3453/799/3463 3452/798/3462
f 3452/798/3462 3460/806/3470 3461/807/3471
f 3462/808/3472 3454/809/3464 3453/810/3463
f 3453/810/3463 3461/811/3471 3462/808/3472
f 3381/712/3389 3462/808/3472 3383/710/3390
f 3381/712/3389 3454/809/3464 3462/808/3472
f 3463/812/3473 3455/801/3465 3464/813/3474
f 3455/801/3465 3456/802/3466 3464/813/3474
f 3464/813/3474 3456/802/3466 3465/814/3475
f 3456/802/3466 3457/803/3467 3465/814/3475
f 3465/814/3475 3457/803/3467 3466/815/3476
f 3457/803/3467 3458/804/3468 3466/815/3476
f 3466/815/3476 3458/804/3468 3467/816/3477
f 3458/804/3468 3459/805/3469 3467/816/3477
f 3467/817/3477 3459/818/3469 3382/711/3391
f 3459/818/3469 3380/709/3388 3382/711/3391
f 3460/806/3470 3476/797/3461 3468/819/3478
f 3461/807/3471 3468/819/3478 3469/820/3479
f 3461/807/3471 3460/806/3470 3468/819/3478
f 3462/808/3472 3469/821/3479 3470/822/3480
f 3462/808/3472 3461/811/3471 3469/821/3479
f 3383/710/3390 3470/822/3480 3385/713/3392
f 3383/710/3390 3462/808/3472 3470/822/3480
f 3471/823/3481 3463/812/3473 3472/824/3482
f 3463/812/3473 3464/813/3474 3472/824/3482
f 3472/824/3482 3464/813/3474 3465/814/3475
f 3465/814/3475 3473/825/3483 3472/824/3482
f 3473/825/3483 3465/814/3475 3466/815/3476
f 3466/815/3476 3474/826/3484 3473/825/3483
f 3474/826/3484 3466/815/3476 3467/816/3477
f 3467/816/3477 3475/827/3485 3474/826/3484
f 3475/828/3485 3467/817/3477 3382/711/3391
f 3382/711/3391 3384/714/3393 3475/828/3485
f 3477/829/3486 3468/819/3478 3476/797/3461
f 3469/820/3479 3477/829/3486 3478/830/3487
f 3477/829/3486 3469/820/3479 3468/819/3478
f 3470/822/3480 3478/831/3487 3479/832/3488
f 3470/822/3480 3469/821/3479 3478/831/3487
f 3385/713/3392 3479/832/3488 3387/715/3394
f 3385/713/3392 3470/822/3480 3479/832/3488
f 3480/833/3489 3471/823/3481 3481/834/3490
f 3471/823/3481 3472/824/3482 3481/834/3490
f 3481/834/3490 3472/824/3482 3473/825/3483
f 3473/825/3483 3482/835/3491 3481/834/3490
f 3482/835/3491 3473/825/3483 3474/826/3484
f 3474/826/3484 3483/836/3492 3482/835/3491
f 3483/836/3492 3474/826/3484 3475/827/3485
f 3475/827/3485 3484/837/3493 3483/836/3492
f 3484/838/3493 3475/828/3485 3384/714/3393
f 3384/714/3393 3386/716/3395 3484/838/3493
f 3476/797/3461 3443/728/3403 3485/839/3494
f 3485/839/3494 3477/829/3486 3476/797/3461
f 3477/829/3486 3485/839/3494 3486/840/3495
f 3486/840/3495 3478/830/3487 3477/829/3486
f 3478/830/3487 3486/840/3495 3487/841/3496
f 3487/841/3496 3479/842/3488 3478/830/3487
f 3479/842/3488 3487/841/3496 3389/718/3396
f 3389/718/3396 3387/720/3394 3479/842/3488
f 3488/843/3497 3480/833/3489 3489/844/3498
f 3481/834/3490 3489/844/3498 3480/833/3489
f 3489/844/3498 3481/834/3490 3490/845/3499
f 3482/835/3491 3490/845/3499 3481/834/3490
f 3491/846/3500 3490/845/3499 3482/835/3491
f 3482/835/3491 3483/836/3492 3491/846/3500
f 3491/846/3500 3483/836/3492 3492/847/3501
f 3483/836/3492 3484/837/3493 3492/847/3501
f 3492/847/3501 3484/837/3493 3386/717/3395
f 3386/717/3395 3388/719/3397 3492/847/3501
f 3443/728/3403 3501/727/3402 3493/848/3502
f 3493/848/3502 3485/839/3494 3443/728/3403
f 3485/839/3494 3493/848/3502 3494/849/3503
f 3494/849/3503 3486/840/3495 3485/839/3494
f 3486/840/3495 3494/849/3503 3495/850/3504
f 3495/850/3504 3487/841/3496 3486/840/3495
f 3487/841/3496 3495/850/3504 3390/721/3398
f 3390/721/3398 3389/718/3396 3487/841/3496
f 3496/851/3505 3488/843/3497 3497/852/3506
f 3489/844/3498 3497/852/3506 3488/843/3497
f 3497/852/3506 3489/844/3498 3498/853/3507
f 3490/845/3499 3498/853/3507 3489/844/3498
f 3498/853/3507 3490/845/3499 3499/854/3508
f 3491/846/3500 3499/854/3508 3490/845/3499
f 3499/854/3508 3491/846/3500 3500/855/3509
f 3492/847/3501 3500/855/3509 3491/846/3500
f 3388/719/3397 3391/722/3399 3492/847/3501
f 3492/847/3501 3391/722/3399 3500/855/3509
f 3502/856/3510 3493/848/3502 3501/727/3402
f 3493/848/3502 3502/856/3510 3503/857/3511
f 3503/857/3511 3494/849/3503 3493/848/3502
f 3494/849/3503 3503/857/3511 3504/858/3512
f 3504/858/3512 3495/850/3504 3494/849/3503
f 3390/721/3398 3495/850/3504 3504/858/3512
f 3504/858/3512 3392/723/3400 3390/721/3398
f 3505/859/3513 3496/851/3505 3506/860/3514
f 3497/852/3506 3506/860/3514 3496/851/3505
f 3498/853/3507 3507/861/3515 3497/852/3506
f 3497/852/3506 3507/861/3515 3506/860/3514
f 3507/861/3515 3498/853/3507 3508/862/3516
f 3499/854/3508 3508/862/3516 3498/853/3507
f 3500/855/3509 3509/863/3517 3499/854/3508
f 3499/854/3508 3509/863/3517 3508/862/3516
f 3391/722/3399 3393/724/3401 3500/855/3509
f 3500/855/3509 3393/724/3401 3509/863/3517
f 3397/730/3405 3502/856/3510 3501/727/3402
f 3502/856/3510 3397/730/3405 3510/864/3407
f 3510/864/3407 3503/857/3511 3502/856/3510
f 3503/857/3511 3510/864/3407 3400/865/3409
f 3400/865/3409 3504/858/3512 3503/857/3511
f 3504/858/3512 3400/865/3409 3395/725/3374
f 3395/725/3374 3392/723/3400 3504/858/3512
f 3511/866/3411 3505/859/3513 3506/860/3514
f 3506/860/3514 3402/867/3412 3511/866/3411
f 3507/861/3515 3404/868/3414 3402/867/3412
f 3402/867/3412 3506/860/3514 3507/861/3515
f 3508/862/3516 3406/869/3416 3507/861/3515
f 3507/861/3515 3406/869/3416 3404/868/3414
f 3509/863/3517 3409/870/3419 3508/862/3516
f 3508/862/3516 3409/870/3419 3406/869/3416
f 3393/724/3401 3394/726/3377 3509/863/3517
f 3509/863/3517 3394/726/3377 3409/870/3419
f 3471/823/3481 3512/871/1308 1193/872/1296
f 3512/871/1308 3471/823/3481 3480/833/3489
f 1193/872/1296 1191/873/1295 3471/823/3481
f 1191/873/1295 3463/812/3473 3471/823/3481
f 1191/873/1295 1209/874/1318 3455/801/3465
f 3455/801/3465 3463/812/3473 1191/873/1295
f 3455/801/3465 1209/874/1318 1200/875/1305
f 1200/875/1305 3448/793/3457 3455/801/3465
f 3448/793/3457 1200/875/1305 1202/876/1306
f 1202/876/1306 3439/785/3449 3448/793/3457
f 3439/785/3449 1202/876/1306 3429/772/3441
f 1202/876/1306 3513/877/1314 3429/772/3441
f 3513/877/1314 3515/878/1313 3420/773/3433
f 3420/773/3433 3429/772/3441 3513/877/1314
f 3420/762/3433 3515/879/1313 3514/880/1292
f 3514/880/1292 3414/752/3424 3420/762/3433
f 3403/740/3413 3414/752/3424 3514/880/1292
f 3514/880/1292 3516/881/1294 3403/740/3413
f 3511/738/3411 3403/740/3413 3516/882/1294
f 3505/859/3513 3516/883/1294 1205/884/1312
f 3505/859/3513 3511/866/3411 3516/883/1294
f 3496/851/3505 1205/884/1312 1196/885/1301
f 3496/851/3505 3505/859/3513 1205/884/1312
f 3488/843/3497 1197/886/1300 3517/887/1309
f 3488/843/3497 3496/851/3505 1197/886/1300
f 3517/887/1309 3512/871/1308 3488/843/3497
f 3480/833/3489 3488/843/3497 3512/871/1308
f 3496/851/3505 1196/885/1301 1197/886/1300
