# Blender 4.4.3
# www.blender.org
mtllib cave_map_small.mtl
o cave_map_small.011
v -156.577942 -2.341760 163.989410
v -154.574158 -2.084844 162.763214
v -154.574158 -2.341760 163.989410
v -154.574158 -2.515251 166.188660
v -156.577942 -2.515251 166.188660
v -154.574158 -2.583048 167.846893
v -156.577942 -2.583048 167.846893
v -156.577942 1.953812 166.188660
v -156.577942 1.699216 168.036774
v -154.574158 1.699216 168.036774
v -154.574158 1.953812 166.188660
v -156.577942 1.953812 163.989410
v -154.574158 1.953812 163.989410
v -156.577942 1.664736 162.454285
v -154.574158 1.664736 162.454285
v -156.577942 -1.764652 168.787445
v -154.574158 -1.764652 168.787445
v -156.577942 -0.525164 169.009430
v -154.574158 -0.525164 169.009430
v -156.577942 0.714325 168.787445
v -154.574158 0.714325 168.787445
v -157.252441 1.307293 161.953278
v -157.431244 -1.405975 161.954987
v -154.709106 -2.286787 161.928680
v -148.562775 -2.286788 164.307617
v -148.561584 -2.286790 163.199707
v -150.566589 -2.214465 164.307617
v -152.570374 -2.271394 164.186005
v -160.629150 -2.286788 164.873779
v -158.581726 -2.560896 164.186005
v -148.562775 -2.181449 165.870453
v -150.566589 -2.188401 165.870453
v -152.570374 -2.271393 165.992065
v -158.581726 -2.560895 165.992065
v -148.562775 -2.286787 167.433319
v -150.566589 -2.286787 167.433319
v -152.570374 -2.287758 167.424164
v -158.581726 -2.560895 167.798096
v -150.566589 1.236459 167.433319
v -148.562775 0.850246 167.013885
v -150.566589 1.997156 165.870453
v -148.562775 1.185027 165.870453
v -152.570374 1.510567 167.798096
v -152.570374 2.271264 165.992065
v -160.629150 0.918856 167.596527
v -160.629150 1.436411 166.436646
v -158.581726 0.963206 165.992065
v -158.581726 1.510567 167.798096
v -150.566589 1.997155 164.307617
v -148.562775 1.185027 164.307617
v -152.570374 2.271263 164.186005
v -158.581726 0.963205 164.186005
v -148.562775 1.003220 163.034546
v -150.566559 1.236458 162.744720
v -152.570374 1.510566 162.379974
v -158.581726 0.719948 162.802979
v -150.566589 -1.405976 167.717224
v -148.562775 -1.405976 167.717224
v -152.570374 -1.543029 168.126190
v -160.629150 -1.405976 168.283386
v -160.629150 -2.112332 167.571198
v -158.581726 -1.543029 168.126190
v -150.566589 -0.525164 167.083527
v -148.562775 -0.525164 167.291931
v -152.570374 -0.525164 167.516998
v -158.581726 -0.525164 168.915863
v -150.566589 0.355648 166.925781
v -148.562775 0.355648 167.134186
v -152.570374 0.492702 167.334717
v -160.629150 0.355648 168.283386
v -158.581726 0.492702 168.889526
v -148.562775 0.355647 162.460846
v -150.566559 0.355647 161.551086
v -152.570374 0.492701 161.142120
v -160.629150 0.355647 163.175385
v -158.581726 0.357195 162.544250
v -148.562775 -0.525165 161.655029
v -150.566559 -0.525165 161.393341
v -152.570374 -0.525165 160.959839
v -160.629150 -0.525165 162.869293
v -158.581726 -0.525165 162.470398
v -148.561584 -1.405978 162.267731
v -150.565399 -1.405978 162.915802
v -152.569183 -1.543032 162.506866
v -158.581726 -1.543030 162.652679
v -150.566559 -1.937538 163.217377
v -152.570374 -2.211645 162.852600
v -160.627991 -2.174860 163.962738
v -158.581726 -2.560896 162.379974
v -147.248260 1.664229 164.307617
v -147.248260 1.436411 165.870453
v -147.248260 0.918856 167.030365
v -147.248260 -1.405976 167.717224
v -147.248260 -2.286787 165.870453
v -147.248260 -2.112332 167.005005
v -147.248260 -2.286788 164.307617
v -147.247070 -2.174860 163.396576
v -147.248260 -1.405977 162.267792
v -152.570374 -0.016232 161.050995
v -153.071320 0.238234 161.367188
v -152.569183 -1.034099 161.960846
v -153.070129 -1.288565 162.504456
v -153.368134 -1.034099 162.192444
v -122.001213 0.360516 160.667572
v -121.785164 -2.260315 163.964874
v -122.001213 -1.386705 160.667572
v -121.677544 0.360516 165.607300
v -121.989159 -0.513095 160.851776
v -121.884193 -2.260315 162.453491
v -126.537407 -2.377077 165.785339
v -126.537407 -2.321889 164.031708
v -125.271889 -2.321889 164.031708
v -125.271889 -2.377077 165.785339
v -125.271889 0.884205 164.031708
v -126.537407 0.884205 164.031708
v -125.271889 0.884206 165.546265
v -126.537407 0.884206 165.546265
v -126.537407 -0.513093 167.040588
v -125.271889 -1.386704 167.336029
v -125.271889 -0.513093 166.778046
v -126.537407 -1.386704 167.336029
v -125.271889 -0.513094 161.690674
v -126.537422 -1.386705 161.398712
v -126.537422 -0.513094 161.690674
v -125.271889 -1.386705 161.398712
v -129.068481 -2.260316 165.546265
v -129.068481 -2.260316 164.031708
v -127.802956 -2.260316 164.031708
v -127.802956 -2.260316 165.546265
v -124.435616 -2.305193 162.806854
v -123.172783 -2.196261 162.724121
v -124.336586 -2.260315 164.318237
v -123.073753 -2.267676 164.235474
v -127.802956 1.597425 164.031708
v -129.068481 1.234127 164.031708
v -127.802956 1.597425 165.546265
v -129.068481 1.234128 165.546265
v -123.073753 1.234126 164.235474
v -123.172783 1.234126 162.724121
v -124.435616 1.234126 162.806854
v -124.336586 1.234126 164.318237
v -129.068481 -0.513093 167.907684
v -127.802956 -1.386704 167.336029
v -127.802956 -0.513093 167.040588
v -129.068481 -1.386704 167.336029
v -122.923103 0.360517 166.534424
v -124.266029 0.360516 165.394806
v -122.913109 -0.513093 166.686951
v -124.256050 -0.513093 165.547333
v -125.271889 0.360517 166.625183
v -123.299812 -0.513094 160.785675
v -124.581474 -1.386705 160.580841
v -124.591484 -0.513094 160.428314
v -123.261177 -1.386705 161.375031
v -129.068481 0.360516 162.241974
v -127.802956 0.360516 162.241974
v -129.068481 -0.513094 162.089111
v -127.802956 -0.513094 162.597046
v -126.537422 0.360516 161.843536
v -125.271889 1.088452 166.727936
v -126.537407 0.360517 166.887695
v -126.537407 1.234128 167.060883
v -125.271889 0.767922 163.045197
v -126.537422 1.234127 162.517090
v -125.271889 0.360516 161.843536
v -129.068481 1.026153 166.871735
v -127.802956 0.360517 166.887695
v -127.802956 1.055972 166.593109
v -129.068481 0.360517 167.336029
v -127.802956 -1.913366 166.676208
v -122.920097 -1.386704 166.580536
v -124.237541 -2.260314 165.829590
v -122.994484 -2.380589 165.445312
v -124.219551 -1.386704 166.104126
v -124.259315 1.088452 165.497314
v -122.969749 1.455601 165.822784
v -124.500114 0.767922 161.822479
v -123.289818 0.360516 160.938202
v -124.581474 0.360516 160.580841
v -122.790062 1.234126 161.541290
v -123.250725 -1.950516 161.534668
v -127.802956 -2.260316 162.517090
v -127.802956 -1.386705 162.241974
v -129.068481 -1.386705 162.241974
v -129.068481 1.063308 162.662384
v -127.802956 1.234127 162.517090
v -126.537407 -1.974102 166.719177
v -125.271889 -1.974102 166.719177
v -125.271889 -2.260316 161.597626
v -126.537422 -2.260316 161.597626
v -129.068481 -2.260315 167.060883
v -129.068481 -2.078584 162.783203
v -124.534645 -2.260315 161.295502
v -121.957680 0.919119 161.331818
v -121.884193 1.432444 162.453491
v -121.785164 1.658399 163.964874
v -121.832741 1.304383 165.649719
v -121.658134 -0.513093 165.903290
v -121.655907 -1.386704 165.937439
v -121.698601 -2.149301 165.285858
v -121.956093 -2.087285 161.356354
v -130.162994 1.658399 165.360504
v -130.162994 1.304381 167.108002
v -130.162994 1.432444 163.845917
v -130.162994 0.360516 162.056183
v -130.162994 -0.513094 162.240723
v -130.162994 -1.386705 162.056183
v -130.162994 -2.087286 162.746429
v -130.162994 -2.260316 163.845917
v -130.162994 -2.260316 165.360504
v -130.162994 -1.386704 167.337311
v -130.162994 -2.149300 166.684326
v -130.162994 -0.513093 167.303101
v -130.162994 0.360517 167.006439
v -137.962250 -2.341759 165.956421
v -139.966034 -2.341759 165.956421
v -139.966034 -2.515252 163.757172
v -137.962250 -2.515252 163.757172
v -137.962250 -2.583049 162.098938
v -137.962250 1.953812 163.757172
v -137.962250 1.699215 161.909088
v -139.966034 1.699215 161.909088
v -139.966034 1.953812 163.757172
v -137.962250 1.953812 165.956421
v -139.966034 1.953812 165.956421
v -137.962250 1.664737 167.491547
v -139.966034 1.664737 167.491547
v -137.962250 -1.764653 161.158386
v -139.966034 -2.583049 162.098938
v -139.966034 -1.764653 161.158386
v -137.962250 -0.525165 160.936401
v -139.966034 -0.525165 160.936401
v -137.962250 0.714324 161.158386
v -139.966034 0.714324 161.158386
v -137.962250 0.714325 167.681519
v -139.966034 0.714325 167.681519
v -137.962250 -0.525164 167.903473
v -139.966034 -0.525164 167.903473
v -137.962250 -1.764652 168.555237
v -139.966034 -1.764652 168.555237
v -139.966034 -2.084843 167.182617
v -137.962250 -2.084843 167.182617
v -145.977386 -2.286788 165.638245
v -143.973602 -1.937537 166.728485
v -145.977386 -2.286787 167.201111
v -143.973602 -2.214465 165.638245
v -141.969818 -2.271394 165.759827
v -133.954651 -2.286788 165.638245
v -131.950867 -2.138276 166.571198
v -131.950867 -2.217941 165.638245
v -135.958435 -2.560896 165.759827
v -145.977386 -2.181450 164.075378
v -143.973602 -2.188402 164.075378
v -141.969818 -2.271394 163.953796
v -133.954651 -2.286788 164.075378
v -131.589661 -2.272407 164.075378
v -135.958435 -2.560896 163.953796
v -145.977386 -2.286788 162.512543
v -143.973602 -2.286788 162.512543
v -141.969818 -2.287759 162.521667
v -133.954651 -2.286788 162.512543
v -143.973602 1.236458 162.512543
v -145.977386 0.850245 162.931946
v -143.973602 1.997155 164.075378
v -145.977386 1.185027 164.075378
v -141.969818 1.510566 162.147736
v -141.969818 2.271263 163.953796
v -131.950867 1.236458 162.512543
v -133.954651 1.236458 162.512543
v -131.950867 1.236458 164.075378
v -133.954651 0.689097 164.075378
v -135.958435 0.963205 163.953796
v -135.958435 1.510566 162.147736
v -143.973602 1.997156 165.638245
v -145.977386 1.185027 165.638245
v -141.969818 2.271263 165.759827
v -131.950867 1.554924 165.638245
v -133.954651 0.689098 165.638245
v -135.958435 0.963206 165.759827
v -145.977386 1.003221 166.911285
v -143.973602 1.236459 167.201111
v -141.969818 1.510567 167.565857
v -133.954651 0.445841 166.778076
v -131.950867 1.236459 167.201111
v -135.958435 0.719949 167.142883
v -143.973602 -1.405977 162.228638
v -145.977386 -1.405977 162.228638
v -141.969818 -1.543030 161.819672
v -131.950867 -2.170428 162.705109
v -133.954651 -1.405977 162.228638
v -131.950867 -1.405977 161.754669
v -135.958435 -1.543030 161.819672
v -135.958435 -2.560896 162.147736
v -143.973602 -0.525165 162.862305
v -145.977386 -0.525165 162.653900
v -141.969818 -0.525165 162.428833
v -131.950867 -0.525165 161.596954
v -133.954651 -0.525165 161.463470
v -135.958435 -0.525165 161.029999
v -143.973602 0.355647 163.020050
v -145.977386 0.355647 162.811646
v -141.969818 0.492701 162.611115
v -131.950867 0.355647 161.754669
v -133.954651 0.355647 161.465271
v -135.958435 0.492701 161.056305
v -145.977386 0.355648 167.485016
v -143.973602 0.355648 168.394775
v -141.969818 0.492702 168.803741
v -131.950867 0.355648 167.800293
v -133.954651 0.220142 166.992645
v -135.958435 0.357196 167.401581
v -145.977386 -0.525164 168.290833
v -143.973602 -0.525164 168.552490
v -141.969818 -0.525164 168.985992
v -131.950867 -0.525164 166.687286
v -133.954651 -0.525164 167.041931
v -135.958435 -0.525164 167.475433
v -145.977386 -1.405976 168.133087
v -143.973602 -1.405976 167.485016
v -141.969818 -1.543029 167.893951
v -131.950867 -1.405977 166.398865
v -133.954651 -1.405976 166.884216
v -135.958435 -1.543029 167.293152
v -141.969818 -2.211644 167.093262
v -133.954651 -2.286787 167.201111
v -135.958435 -2.560895 167.565857
v -130.163025 0.919120 162.721863
v -147.248260 1.307292 162.504425
v -147.248260 0.355647 162.609222
v -147.248260 -0.525165 162.303101
v -147.248260 -0.525164 167.526764
v -147.248260 0.355648 167.717224
v -169.958832 -2.341760 164.555603
v -167.955048 -2.341760 164.555603
v -169.536438 -2.363930 162.743042
v -167.955048 -2.515251 166.754852
v -169.958832 -2.515251 166.754852
v -167.955048 -2.583048 168.413086
v -169.958832 -2.583048 168.413086
v -169.958832 1.953813 166.754852
v -169.958832 1.699216 168.602936
v -167.955048 1.699216 168.602936
v -167.955048 1.953813 166.754852
v -169.958832 1.953812 164.555603
v -167.955048 1.953812 164.555603
v -169.958832 1.664736 163.020477
v -167.955048 1.664736 163.020477
v -169.958832 -1.764652 169.353638
v -167.955048 -1.764652 169.353638
v -169.958832 -0.525164 169.575623
v -167.955048 -0.525164 169.575623
v -169.958832 0.714325 169.353638
v -167.955048 0.714325 169.353638
v -171.046295 -0.614217 162.659454
v -167.111633 -0.614217 162.659454
v -170.565338 -2.252757 162.737762
v -167.955048 -2.084844 163.329407
v -161.943665 -2.286788 164.873779
v -163.947449 -2.214465 164.873779
v -165.951263 -2.271394 164.752197
v -173.966400 -2.286788 164.873779
v -175.970184 -2.138277 163.940826
v -173.966400 -2.286788 163.310913
v -175.970184 -2.217941 164.873779
v -171.962616 -2.560896 164.752197
v -161.943665 -2.181449 166.436646
v -163.947449 -2.188401 166.436646
v -165.951263 -2.271393 166.558228
v -173.966400 -2.286787 166.436646
v -176.331421 -2.272406 166.436646
v -171.962616 -2.560895 166.558228
v -161.943665 -2.286787 167.999481
v -165.951263 -2.287758 167.990356
v -175.970184 -2.170427 167.806915
v -163.947449 1.236459 167.999481
v -161.943665 0.850246 167.580078
v -163.947449 1.997156 166.436646
v -161.943665 1.185027 166.436646
v -165.951263 1.510567 168.364288
v -165.951263 2.271264 166.558228
v -175.970184 1.236459 167.999481
v -173.966400 1.236459 167.999481
v -175.970184 1.236459 166.436646
v -173.966400 0.689098 166.436646
v -171.962616 0.963206 166.558228
v -171.962616 1.510567 168.364288
v -163.947449 1.997155 164.873779
v -161.943665 1.185027 164.873779
v -165.951263 2.271263 164.752197
v -175.970184 1.554923 164.873779
v -173.966400 0.689097 164.873779
v -171.962616 0.963205 164.752197
v -161.943665 1.003220 163.600739
v -163.947449 1.236458 163.310913
v -165.951263 1.510566 162.946167
v -173.966400 0.445840 163.733948
v -175.970184 1.236458 163.310913
v -171.962616 0.719948 163.369141
v -163.947449 -1.405976 168.283386
v -161.943665 -1.405976 168.283417
v -163.947449 -2.286787 167.999481
v -165.951263 -1.543029 168.692352
v -173.966400 -1.405976 168.283386
v -175.970184 -1.405976 168.757355
v -173.966400 -2.286787 167.999481
v -171.962616 -1.543029 168.692352
v -171.962616 -2.560895 168.364288
v -163.947449 -0.525164 167.649719
v -161.943665 -0.525164 167.858124
v -165.951263 -0.525164 168.083191
v -175.970184 -0.525164 168.915070
v -173.966400 -0.525164 169.048553
v -171.962616 -0.525164 169.482025
v -163.947449 0.355648 167.491974
v -161.943665 0.355648 167.700378
v -165.951263 0.492702 167.900909
v -175.970184 0.355648 168.757355
v -173.966400 0.355648 169.046753
v -171.962616 0.492702 169.455719
v -161.943665 0.355647 163.027008
v -163.947449 0.355647 162.117249
v -165.951263 0.492701 161.708282
v -175.970184 0.355647 162.711731
v -173.966400 0.220141 163.519379
v -171.962616 0.357195 163.110443
v -161.943665 -0.525165 162.221222
v -163.947449 -0.525165 161.959534
v -165.951263 -0.525165 161.526031
v -175.970184 -0.525165 163.824707
v -173.966400 -0.525165 163.470093
v -171.962616 -0.525165 163.036591
v -161.942474 -1.405978 162.833893
v -163.946289 -1.405978 163.481995
v -165.950073 -1.543032 163.073059
v -175.970184 -1.405977 164.113159
v -173.966400 -1.405977 163.627808
v -171.962616 -1.543030 163.218872
v -161.942474 -2.286790 163.765900
v -163.947449 -1.937538 163.783539
v -165.951263 -2.211645 163.418793
v -171.962616 -2.560896 162.946167
v -177.665833 1.307292 163.070618
v -177.665833 -2.286788 164.873779
v -177.665833 -2.286787 166.436646
v -177.665833 -2.112332 167.571198
v -177.665833 0.918856 167.596527
v -160.629150 1.664229 164.873779
v -160.629150 1.307292 163.070618
v -160.629150 -0.525164 168.092957
v -160.629150 -2.286787 166.436646
v -160.629150 -1.405977 162.833984
v -167.485565 0.820040 162.590912
v -171.072906 -1.489074 162.701233
v -170.894684 1.205851 162.572479
v -165.951263 -0.016232 161.617188
v -166.452179 0.238234 161.933380
v -165.950073 -1.034099 162.527039
v -166.451019 -1.288565 163.070648
v -166.723175 -0.906866 162.791443
v -156.204865 -2.341759 154.238342
v -157.150726 -2.084845 152.244263
v -156.224213 -2.341759 152.235321
v -154.562469 -2.515253 152.219269
v -154.543121 -2.515252 154.222260
v -154.543121 1.953811 154.222260
v -153.146698 1.699214 154.208801
v -153.166077 1.699213 152.205750
v -154.562469 1.953810 152.219269
v -156.204865 1.953811 154.238342
v -156.224213 1.953810 152.235321
v -157.364777 1.664736 154.249542
v -157.384155 1.664735 152.246521
v -152.579498 -1.764653 154.203278
v -153.309540 -2.583049 152.207153
v -152.598846 -1.764654 152.200287
v -153.290161 -2.583048 154.210175
v -152.411774 -0.525165 154.201660
v -152.431122 -0.525165 152.198669
v -152.579498 0.714323 154.203278
v -152.598846 0.714323 152.200287
v -157.508331 0.714323 154.250916
v -157.527679 0.714323 152.247925
v -157.676056 -0.525165 154.252533
v -157.695404 -0.525165 152.249542
v -158.168488 -1.764653 154.257324
v -158.187866 -1.764654 152.254272
v -157.131378 -2.084844 154.247284
v -156.041870 -2.286789 146.223907
v -157.222748 -2.286789 146.235321
v -156.022491 -2.214466 148.226929
v -156.095032 -2.271394 150.230865
v -155.925720 -2.286788 158.242065
v -155.906372 -2.217941 160.245087
v -156.036926 -2.560896 156.239929
v -157.401581 -2.560896 156.253113
v -154.860962 -2.181451 146.212494
v -154.841614 -2.188402 148.215515
v -154.730408 -2.271394 150.217651
v -154.744843 -2.286788 158.230652
v -154.721985 -2.272407 160.594757
v -154.672333 -2.560896 156.226746
v -153.680084 -2.286789 146.201080
v -153.563965 -2.286788 158.219238
v -153.690125 -2.170428 160.223663
v -153.307678 -2.560896 156.213531
v -153.660736 1.236457 148.204132
v -153.997009 0.850244 146.204163
v -154.841614 1.997154 148.215515
v -154.860962 1.185026 146.212494
v -153.365784 1.510564 150.204498
v -154.730408 2.271262 150.217651
v -153.544617 1.236458 160.222260
v -153.563965 1.236458 158.219238
v -154.725464 1.236458 160.233673
v -154.744843 0.689097 158.230652
v -154.672333 0.963205 156.226746
v -153.307678 1.510566 156.213531
v -156.022491 1.997154 148.226929
v -156.041870 1.185026 146.223907
v -156.095032 2.271262 150.230865
v -155.906372 1.554922 160.245087
v -155.925720 0.689097 158.242065
v -156.036926 0.963205 156.239929
v -157.003784 1.003219 146.233185
v -157.203400 1.236457 148.238342
v -157.459656 1.510565 150.244049
v -156.786987 0.445840 158.250397
v -157.087250 1.236458 160.256500
v -157.081970 0.719948 156.250031
v -153.446228 -1.405978 148.202057
v -153.465576 -1.405978 146.199005
v -153.660736 -2.286789 148.204132
v -153.117859 -1.543031 150.202087
v -153.648285 -2.287760 150.207214
v -153.349426 -1.405977 158.217163
v -152.971954 -1.405977 160.216736
v -153.059784 -1.543030 156.211182
v -153.925049 -0.525166 148.206665
v -153.786926 -0.525166 146.202118
v -153.578156 -0.525166 150.206512
v -152.852783 -0.525165 160.215576
v -152.771301 -0.525165 158.211578
v -152.463135 -0.525165 156.205383
v -154.044220 0.355646 148.207825
v -153.906097 0.355646 146.203278
v -153.715881 0.492700 150.207855
v -152.971954 0.355647 160.216736
v -152.772644 0.355647 158.211609
v -152.483032 0.492701 156.205566
v -157.437286 0.355646 146.237396
v -158.105316 0.355646 148.247070
v -158.394958 0.492700 150.253082
v -157.539978 0.355647 160.260864
v -156.949097 0.220141 158.251953
v -157.277466 0.357195 156.251923
v -158.046143 -0.525166 146.243286
v -158.224487 -0.525166 148.248230
v -158.532684 -0.525166 150.254395
v -156.699036 -0.525165 160.252747
v -156.986359 -0.525165 158.252319
v -157.333252 -0.525165 156.252441
v -157.926971 -1.405978 146.242126
v -157.417908 -1.405978 148.240417
v -157.707550 -1.543031 150.246429
v -156.481110 -1.405977 160.250641
v -156.867157 -1.405977 158.251160
v -157.195526 -1.543030 156.251129
v -156.846283 -1.937539 148.234894
v -157.102539 -2.211646 150.240601
v -156.611298 -2.138277 160.251892
v -157.106628 -2.286788 158.253479
v -153.313721 0.355647 161.915161
v -153.457611 -0.525165 161.916565
v -153.313721 -1.405977 161.915161
v -157.404572 -0.525165 161.954712
v -157.173279 0.355647 161.952484
v -156.922119 -2.174858 161.950073
v -155.889984 -2.286788 161.940094
v -155.889984 1.664228 161.940094
v -154.709106 1.436411 161.928680
v -153.832703 0.918855 161.920197
v -153.851837 -2.112332 161.920380
v -157.417023 1.307290 144.923065
v -154.873657 1.436410 144.898499
v -153.997253 0.918854 144.890015
v -157.569122 -0.525166 144.924530
v -157.337860 0.355646 144.922272
v -182.831635 -2.377075 166.655487
v -182.831665 -2.321887 164.901825
v -181.566101 -2.321887 164.901825
v -181.566101 -2.377075 166.655487
v -181.566101 0.884205 164.901825
v -182.831665 0.884205 164.901825
v -181.566101 0.884206 166.416412
v -182.831635 0.884206 166.416412
v -182.831635 -0.513093 167.910675
v -181.566101 -1.386704 168.206146
v -181.566101 -0.513093 167.648193
v -182.831635 -1.386704 168.206146
v -181.566101 -0.513094 162.560791
v -182.831665 -1.386705 162.268829
v -182.831665 -0.513094 162.560791
v -181.566101 -1.386705 162.268829
v -185.362701 -2.260314 166.416412
v -185.362701 -2.260315 164.901825
v -184.097168 -2.260315 164.901825
v -184.097168 -2.260314 166.416412
v -180.300568 -2.305193 164.901825
v -179.035034 -2.196261 164.901825
v -180.300568 -2.260314 166.416412
v -179.035034 -2.267675 166.416412
v -184.097168 1.597426 164.901825
v -185.362701 1.234127 164.901825
v -184.097168 1.597427 166.416412
v -185.362701 1.234128 166.416412
v -179.035034 1.234128 166.416412
v -179.035034 1.234127 164.901825
v -180.300568 1.234127 164.901825
v -180.300568 1.234128 166.416412
v -185.362701 -0.513093 168.777802
v -184.097168 -1.386704 168.206146
v -184.097168 -0.513093 167.910675
v -185.362701 -1.386704 168.206146
v -179.035034 0.360517 168.720306
v -180.300568 0.360517 167.495300
v -179.035034 -0.513093 168.873138
v -180.300568 -0.513093 167.648193
v -181.566101 0.360517 167.495300
v -179.035034 -0.513094 162.959229
v -180.300568 -1.386705 162.671021
v -180.300568 -0.513094 162.518158
v -179.035034 -1.386705 163.549805
v -185.362701 0.360516 163.112091
v -184.097168 0.360516 163.112091
v -185.362701 -0.513094 162.959229
v -184.097168 -0.513094 163.467163
v -182.831665 0.360516 162.713684
v -181.566101 1.088453 167.598053
v -182.831635 0.360517 167.757843
v -182.831635 1.234128 167.931000
v -181.566101 0.767922 163.915344
v -182.831665 1.234127 163.387207
v -181.566101 0.360516 162.713684
v -182.831665 -2.260315 162.467743
v -185.362701 1.026154 167.741852
v -184.097168 0.360517 167.757843
v -184.097168 1.055973 167.463226
v -185.362701 0.360517 168.206146
v -184.097168 -1.913366 167.546326
v -179.035034 -1.386704 168.766510
v -180.300568 -2.260314 167.931000
v -180.300568 -1.386704 168.206146
v -180.300568 1.088453 167.598053
v -179.035034 1.455601 168.007111
v -180.300568 0.767922 163.915344
v -179.035034 0.360516 163.112091
v -180.300568 0.360516 162.671021
v -178.575806 1.234127 163.746521
v -179.035034 -1.950516 163.709808
v -184.097168 -2.260315 163.387207
v -185.362701 -2.078584 163.653290
v -184.097168 -1.386705 163.112091
v -185.362701 -1.386705 163.112091
v -185.362701 1.063308 163.532532
v -184.097168 1.234127 163.387207
v -182.831635 -1.974102 167.589294
v -181.566101 -1.974102 167.589294
v -181.566101 -2.260315 162.467743
v -185.362701 -2.260314 167.931000
v -180.300568 -2.260315 163.387207
v -179.035034 -2.380588 167.628845
v -177.665802 1.664228 164.873779
v -177.665802 1.436411 166.436615
v -177.665802 0.355647 168.283386
v -177.665802 -0.525165 168.092926
v -177.665802 -1.405976 168.283386
v -177.665802 -2.174859 163.507782
v -177.665802 -1.405977 162.833984
v -177.665802 -0.525166 162.869293
v -177.665802 0.355646 163.175385
v -186.536621 1.432446 166.340881
v -186.536621 1.304380 163.078766
v -186.536621 0.360516 163.180328
v -186.536621 -0.513094 162.883667
v -186.536621 -1.386705 162.849457
v -186.536621 -2.149300 163.502441
v -186.536621 -2.260315 164.826263
v -186.536621 -2.260314 166.340881
v -186.536621 -2.087284 167.440369
v -186.536621 -1.386704 168.130585
v -186.536621 -0.513093 167.946045
v -190.162201 -2.377076 164.401398
v -190.162201 -2.321887 166.155060
v -191.427734 -2.321887 166.155060
v -191.427734 -2.377076 164.401398
v -191.427734 0.884206 166.155060
v -190.162201 0.884206 166.155060
v -191.427734 0.884205 164.640472
v -190.162201 0.884205 164.640472
v -190.162201 -0.513094 163.146179
v -191.427734 -1.386705 162.850708
v -191.427734 -0.513094 163.408691
v -190.162201 -1.386705 162.850708
v -191.427734 -0.513093 168.496063
v -190.162201 -1.386704 168.788055
v -190.162201 -0.513093 168.496063
v -191.427734 -1.386704 168.788055
v -187.631134 -2.260315 164.640472
v -187.631134 -2.260314 166.155060
v -188.896698 -2.260314 166.155060
v -188.896698 -2.260315 164.640472
v -188.896698 1.597425 166.155060
v -187.631134 1.234128 166.155060
v -188.896698 1.597425 164.640472
v -187.631134 1.234127 164.640472
v -192.693268 1.234127 164.640472
v -187.631134 -0.513094 162.279083
v -188.896698 -1.386705 162.850708
v -188.896698 -0.513094 163.146179
v -187.631134 -1.386705 162.850708
v -192.693268 -0.513094 163.408691
v -191.427734 0.360516 163.561554
v -192.693268 -1.386704 168.385864
v -192.693268 -0.513093 168.538727
v -187.631134 0.360517 167.944794
v -188.896698 0.360517 167.944794
v -187.631134 -0.513093 168.097626
v -188.896698 -0.513093 167.589691
v -190.162201 0.360517 168.343201
v -191.427734 1.088452 163.458832
v -190.162201 0.360516 163.299042
v -190.162201 1.234127 163.125854
v -190.162201 -1.974103 163.467560
v -191.427734 -1.974103 163.467560
v -191.427734 0.767923 167.141541
v -190.162201 1.234128 167.669647
v -191.427734 0.360517 168.343201
v -190.162201 -2.260314 168.589142
v -187.631134 1.026153 163.315002
v -188.896698 0.360516 163.299042
v -188.896698 1.055972 163.593628
v -187.631134 0.360516 162.850708
v -187.631134 -2.260315 163.125854
v -188.896698 -1.913367 163.510529
v -192.693268 -1.386705 162.850708
v -192.693268 1.088452 163.458832
v -192.693268 0.767923 167.141541
v -192.693268 0.360517 168.385864
v -192.693268 -2.260314 167.669647
v -188.896698 -2.260314 167.669647
v -187.631134 -2.078583 167.403564
v -188.896698 -1.386704 167.944794
v -187.631134 -1.386704 167.944794
v -187.631134 1.063310 167.524353
v -188.896698 1.234128 167.669647
v -191.427734 -2.260314 168.589142
v -186.536652 1.658400 164.826233
v -186.536652 0.919120 167.464905
v -186.536652 0.360517 168.130554
v -196.384369 -2.286787 166.373932
v -196.384369 -2.286787 167.936798
v -194.380585 -2.217940 166.373932
v -198.388153 -2.560895 166.495544
v -196.384369 -2.286788 164.811096
v -194.019348 -2.272407 164.811096
v -198.388153 -2.560896 164.689484
v -196.384369 -2.286788 163.248230
v -194.380585 1.236458 163.248230
v -196.384369 1.236458 163.248230
v -194.380585 1.236458 164.811096
v -196.384369 0.689097 164.811096
v -198.388153 0.963205 164.689484
v -198.388153 1.510566 162.883453
v -194.380585 1.554924 166.373932
v -196.384369 0.689098 166.373932
v -198.388153 0.963206 166.495544
v -196.384369 0.445841 167.513794
v -194.380585 1.236459 167.936798
v -198.388153 0.719949 167.878571
v -194.380585 -2.170428 163.440796
v -196.384369 -1.405977 162.964325
v -194.380585 -1.405977 162.490387
v -198.388153 -1.543030 162.555359
v -198.388153 -2.560896 162.883453
v -194.380585 -0.525165 162.332672
v -196.384369 -0.525165 162.199158
v -198.388153 -0.525165 161.765686
v -194.380585 0.355647 162.490387
v -196.384369 0.355647 162.200958
v -198.388153 0.492701 161.792023
v -194.380585 0.355648 168.535980
v -196.384369 0.220142 167.728363
v -198.388153 0.357196 168.137299
v -194.380585 -0.525164 167.423004
v -196.384369 -0.525164 167.777649
v -198.388153 -0.525164 168.211151
v -194.380585 -1.405976 167.134583
v -196.384369 -1.405976 167.619934
v -198.388153 -1.543029 168.028870
v -194.380585 -2.138276 167.306885
v -198.388153 -2.560895 168.301575
v -192.693298 0.360517 163.561584
v -192.693298 -2.305192 166.155060
v -192.693298 1.234128 166.155060
v -192.693298 -2.260315 164.640472
v -192.693298 -2.260315 163.125916
v -121.838799 -2.262089 98.990242
v -121.877403 -1.619073 101.240700
v -121.834282 -0.649543 101.283760
v -121.709938 0.426889 101.024666
v -121.752419 0.390659 98.941414
v -121.819206 -2.279647 99.877541
v -121.958214 -0.100258 98.878090
v -121.772102 -0.111327 101.154213
v -168.347412 -5.822528 148.133942
v -169.634888 -5.767166 148.141785
v -169.645569 -5.790926 146.742737
v -168.358093 -5.846289 146.734924
v -169.644531 -2.595527 146.628754
v -169.633881 -2.571767 148.027802
v -168.532562 -2.595838 146.620300
v -168.521881 -2.572077 148.019318
v -167.425293 -3.965021 148.060638
v -167.219330 -4.859539 146.691040
v -167.628693 -3.988728 146.663086
v -167.208649 -4.835778 148.090057
v -171.363647 -3.987686 146.691528
v -171.567657 -4.834562 148.123260
v -171.352997 -3.963925 148.090576
v -171.578308 -4.858322 146.724243
v -168.501556 -5.658585 150.929230
v -169.613525 -5.658275 150.937714
v -169.624207 -5.682035 149.538635
v -168.512238 -5.682346 149.530182
v -168.712036 -5.327928 145.683685
v -169.612396 -2.175491 150.813477
v -168.511017 -1.837475 149.393036
v -169.622955 -1.837165 149.401489
v -168.500458 -2.175801 150.804993
v -168.708618 -2.701487 145.927979
v -169.547974 -2.706990 145.596527
v -166.767334 -3.917676 150.853912
v -167.197968 -4.812016 149.489136
v -167.414642 -3.941260 149.459717
v -167.187317 -4.788256 150.888184
v -168.115387 -3.362565 145.609009
v -168.031158 -4.017765 145.631744
v -167.740631 -3.118001 146.632874
v -170.780945 -4.672174 145.676086
v -170.865173 -4.016974 145.653320
v -170.926636 -3.045820 150.854523
v -170.937317 -3.069581 149.455475
v -171.039154 -3.916485 150.886444
v -170.676910 -3.940350 149.484558
v -171.240479 -3.093261 148.058655
v -167.664978 -2.392514 146.606415
v -167.537262 -3.094294 148.030457
v -167.409851 -2.223633 147.998413
v -167.661713 -5.421090 148.114410
v -170.368835 -2.711221 146.638397
v -170.745728 -2.222702 148.023834
v -171.251160 -3.117021 146.659607
v -171.432556 -5.729059 146.754181
v -167.527405 -2.383352 150.804962
v -167.526581 -3.070533 149.429504
v -167.742645 -2.377337 149.406433
v -167.186768 -3.046864 150.826050
v -167.389587 -5.658895 150.920776
v -167.682556 -5.336787 149.511536
v -167.723114 -4.673027 145.652771
v -168.056091 -2.811366 145.900604
v -170.780518 -3.361822 145.629303
v -170.093048 -3.056474 145.613190
v -170.736145 -5.681726 149.547119
v -170.937866 -4.810973 149.517609
v -170.927216 -4.787211 150.916656
v -170.617767 -2.345459 150.827179
v -170.735077 -2.198941 149.422882
v -167.672363 -5.444851 146.715363
v -171.421906 -5.705298 148.153229
v -170.530060 -5.476893 150.938202
v -170.385498 -5.327460 145.696411
v -167.875305 -5.328160 145.677307
v -168.359222 -1.906177 152.011200
v -167.485535 -2.420234 152.035706
v -169.536407 -1.679900 152.000336
v -170.894653 -2.034424 152.017303
v -170.815704 -2.979635 152.062439
v -169.536407 -5.604206 152.187866
v -168.359222 -5.604205 152.187866
v -166.968170 -4.729349 152.146057
v -167.504669 -5.430929 152.179565
v -167.111603 -3.854491 152.104248
v -166.968170 -2.979635 152.062439
v -169.715607 -4.681696 145.124817
v -169.548767 -5.361351 145.691254
v -169.870300 -4.026477 145.102631
v -170.025024 -3.371258 145.080444
v -168.925140 -4.681917 145.118805
v -169.134155 -4.026682 145.097015
v -169.343109 -3.371448 145.075226
v -156.387024 -2.546445 141.146637
v -155.099670 -2.489388 141.145081
v -155.096863 -2.537822 139.747314
v -156.384216 -2.594881 139.748871
v -155.107391 0.654512 139.514954
v -155.110229 0.702947 140.912720
v -156.219391 0.652693 139.512848
v -156.222198 0.701127 140.910614
v -157.314697 -0.691971 141.009796
v -157.525940 -1.610623 139.674927
v -157.119141 -0.740089 139.612427
v -157.528748 -1.562187 141.072693
v -153.384094 -0.733977 139.619507
v -153.169647 -1.555054 141.080963
v -153.386902 -0.685543 141.017242
v -153.166840 -1.603489 139.683197
v -156.217499 -2.333029 143.933990
v -155.105530 -2.331210 143.936127
v -155.102722 -2.379644 142.538361
v -156.214691 -2.381464 142.536255
v -156.037659 -2.094811 138.676788
v -155.117004 1.148236 143.682861
v -156.227356 1.459721 142.256683
v -155.115387 1.461541 142.258789
v -156.228973 1.146416 143.680756
v -156.046967 0.535074 138.823700
v -155.209564 0.524748 138.487793
v -157.956970 -0.596143 143.804077
v -157.531586 -1.513752 142.470459
v -157.317535 -0.643536 142.407532
v -157.534393 -1.465318 143.868195
v -156.640167 -0.132144 138.532715
v -156.722473 -0.786830 138.580200
v -157.009796 0.129955 139.549316
v -153.970642 -1.436877 138.633057
v -153.888367 -0.782192 138.585602
v -153.800140 0.280524 143.748657
v -153.797333 0.232090 142.350922
v -153.685028 -0.589153 143.812195
v -154.055145 -0.638197 142.413727
v -153.501984 0.184134 140.953705
v -157.087616 0.854643 139.496429
v -157.205322 0.178074 140.946686
v -157.335358 1.047727 140.883118
v -157.073944 -2.146323 141.116119
v -154.382751 0.539914 139.524750
v -153.999359 1.053186 140.889435
v -153.499176 0.135700 139.555939
v -153.309998 -2.473588 139.746246
v -157.201416 0.937742 143.693970
v -157.208160 0.226509 142.344452
v -156.994141 0.919333 142.294434
v -157.540131 0.274404 143.741577
v -157.329498 -2.334850 143.931885
v -157.045410 -2.037362 142.509552
v -157.028564 -1.441882 138.627258
v -156.699341 0.423949 138.804108
v -153.974976 -0.127782 138.537781
v -154.663422 0.176339 138.514252
v -153.990723 -2.377824 142.540466
v -153.791595 -1.507632 142.477539
v -153.794403 -1.459198 143.875275
v -154.111145 0.979795 143.697144
v -154.002197 1.101621 142.287201
v -157.071106 -2.194758 139.718384
v -153.312805 -2.425154 141.143982
v -154.189484 -2.148757 143.924683
v -154.364166 -2.092072 138.679962
v -156.874390 -2.096180 138.675232
v -156.054565 1.664228 144.909912
v -153.478271 0.355645 144.885010
v -153.622192 -0.525166 144.886414
v -153.478271 -1.405978 144.885010
v -154.016418 -2.112334 144.890228
v -154.873688 -2.286789 144.898499
v -156.054565 -2.286790 144.909912
v -157.595795 -1.405978 144.924805
v -157.086700 -2.174860 144.919891
v -155.039093 -1.457429 138.088470
v -155.200806 -2.127067 138.680847
v -154.886353 -0.802629 138.041107
v -154.733551 -0.147827 137.993744
v -155.829529 -1.458723 138.086945
v -155.622498 -0.803833 138.039703
v -155.415466 -0.148943 137.992462
v -169.680206 0.623971 157.921387
v -170.762177 -0.121731 156.459351
v -170.857422 0.623971 157.921387
v -169.680206 0.162968 156.445740
v -168.203094 0.483409 157.928131
v -168.203094 0.022407 156.452454
v -167.447723 -0.181335 157.959869
v -167.447723 -0.642337 156.484222
v -168.503021 -3.992796 156.644318
v -168.503021 -3.240362 158.106018
v -169.680206 -3.753881 156.632904
v -169.680206 -3.240362 158.106018
v -171.313049 -3.669012 156.628845
v -171.313049 -3.208009 158.104492
v -171.825958 -3.117940 156.602509
v -171.825958 -2.656937 158.078186
v -171.944763 -2.243083 156.560730
v -171.944763 -1.782080 158.036377
v -171.825958 -1.368226 156.518921
v -171.825958 -0.907223 157.994568
v -167.111969 -0.907223 157.994568
v -167.111969 -1.368226 156.518921
v -167.507477 -1.782080 158.036377
v -167.507477 -2.243083 156.560730
v -167.626312 -2.656937 158.078186
v -167.626312 -3.117940 156.602509
v -168.000610 -3.110854 158.099854
v -168.000610 -3.571857 156.624207
v -169.680206 -0.298034 154.970093
v -170.857422 -1.415375 153.525787
v -170.875519 -0.665252 154.987640
v -169.680206 -0.902713 153.501282
v -169.680206 0.889639 160.904083
v -169.680206 1.084973 159.397064
v -170.857422 0.889639 160.904083
v -170.857422 1.084973 159.397064
v -168.503021 -0.954372 155.001434
v -168.503021 -1.415375 153.525787
v -168.503021 0.874031 160.217957
v -168.503021 0.428637 159.428406
v -167.470978 -1.349365 155.020325
v -167.325806 -1.415375 153.525787
v -167.497345 0.679888 160.914093
v -167.325806 0.428637 159.428406
v -167.325806 -4.914803 153.692993
v -168.404114 -3.828077 155.138763
v -168.503021 -5.036619 153.698792
v -168.503021 -4.453799 155.168640
v -168.503021 -2.779359 159.581696
v -167.325806 -3.070790 159.595642
v -167.588959 -2.183745 161.050934
v -168.503021 -2.468842 161.064545
v -169.680206 -4.597438 154.387115
v -169.680206 -4.914803 153.692993
v -169.680206 -2.779359 159.581696
v -169.680206 -2.609788 161.071289
v -170.542480 -4.628779 153.679321
v -170.857422 -3.070790 159.595642
v -170.857422 -2.609788 161.071289
v -171.084595 -4.004774 155.147186
v -171.071259 -4.039946 153.651184
v -171.825958 -3.578942 155.126862
v -171.825958 -2.195934 159.553833
v -171.545959 -1.734931 161.029449
v -171.809479 -3.165088 153.609406
v -171.190063 -2.704085 155.085052
v -171.373505 -1.321077 159.512024
v -171.190063 -0.860074 160.987671
v -171.725037 -2.290231 153.567596
v -171.071259 -1.829229 155.043243
v -171.825958 -0.446220 159.470215
v -170.883667 0.014782 160.945862
v -167.111969 -1.829229 155.043243
v -167.111969 -2.290231 153.567596
v -167.111969 0.014782 160.945862
v -167.111969 -0.446220 159.470215
v -167.816559 -2.704085 155.085052
v -167.723724 -3.165088 153.609406
v -166.639343 -0.860074 160.987671
v -166.806091 -1.321616 159.488342
v -167.935364 -3.578942 155.126862
v -167.842529 -4.039946 153.651184
v -167.111969 -1.734931 161.029449
v -167.111969 -2.195934 159.553833
v -168.359253 1.334096 162.566345
v -169.536438 1.560374 162.555542
v -170.815735 0.260639 162.617645
v -166.968201 -1.489075 162.701233
v -167.504669 -2.190655 162.734772
v -166.968201 0.260639 162.617645
v -170.894684 -2.034425 152.017242
v -168.359253 -1.906179 152.011108
v -170.565369 -5.493032 152.182526
v -171.072906 -4.729349 152.146027
v -171.046295 -3.854493 152.104218
v -188.317444 -1.655011 196.619995
v -188.213776 -1.628596 197.167358
v -188.784149 -1.625249 196.809937
v -188.674927 -1.712468 196.344513
v -188.784790 0.732716 196.831238
v -188.219086 0.844778 197.102173
v -188.692993 0.728584 196.400757
v -188.308716 0.858736 196.628448
v -188.394775 -0.205456 196.189514
v -188.584015 -0.946470 195.877014
v -188.618011 -0.302440 196.041412
v -188.410828 -0.876689 196.114868
v -188.926422 -0.288559 197.487305
v -188.059509 -0.931402 197.971832
v -188.078278 -0.254755 197.862732
v -188.943939 -0.930271 197.564514
v -187.184235 -1.565656 196.550140
v -186.922150 -1.577581 196.939789
v -187.553711 -1.583768 197.204468
v -187.718628 -1.570134 196.748047
v -189.304596 -1.614076 196.678162
v -189.828339 -1.535791 196.471069
v -189.083801 -1.585067 196.266174
v -189.514465 -1.591774 196.117462
v -187.560089 1.392326 197.126007
v -186.927917 1.118242 196.868713
v -187.725037 1.405960 196.669617
v -187.190002 1.130168 196.479095
v -189.515167 0.983674 196.140717
v -189.829041 0.987133 196.493866
v -189.305328 0.988964 196.701691
v -189.084503 0.984967 196.289368
v -187.595764 -0.199150 195.907104
v -187.915009 -0.880069 196.190948
v -187.884247 -0.208772 196.262207
v -187.495392 -0.877607 196.071960
v -189.037567 0.335904 195.597778
v -188.927032 0.339612 195.989868
v -189.005737 -0.306953 195.556335
v -188.904572 -0.303300 195.942444
v -188.627472 0.340486 196.090637
v -190.231232 -0.293447 196.935181
v -189.630005 -0.932675 197.291565
v -189.652466 -0.289764 197.338989
v -190.108673 -0.937304 196.791687
v -186.616760 0.430194 197.346924
v -187.363159 0.421989 197.690460
v -186.588867 -0.244965 197.404022
v -187.400360 -0.248770 197.601257
v -188.088745 0.420609 197.797150
v -188.621399 0.875576 196.066284
v -188.387207 0.467091 196.219543
v -188.398895 1.142643 196.147614
v -188.844574 0.649886 197.110870
v -188.130035 1.100772 197.568756
v -188.917328 0.353532 197.449677
v -188.069855 -1.603524 197.927368
v -187.419037 0.980160 196.142334
v -187.869049 0.463808 196.290527
v -187.838135 0.997672 196.365143
v -187.498291 0.470304 196.036407
v -187.842255 -1.292307 196.400482
v -189.027649 -0.949218 195.575378
v -188.863007 -1.589063 195.853851
v -188.823059 -0.947281 195.784729
v -188.912201 0.874711 195.966736
v -189.185577 1.142927 195.771332
v -189.449036 0.648691 196.967133
v -190.199738 0.348712 196.905334
v -189.630371 0.352342 197.303162
v -190.212555 0.987138 196.482727
v -190.075409 -1.352332 196.750610
v -187.388763 -1.597401 197.660858
v -186.706390 -1.447214 197.257294
v -187.360260 -0.925922 197.726013
v -186.613861 -0.917718 197.382446
v -186.690704 0.975681 197.224457
v -187.394562 1.098422 197.589813
v -188.373352 -1.335528 196.319763
v -188.632080 -1.378220 195.987823
v -188.931702 -1.573322 197.502167
v -187.446350 -1.553730 196.160492
v -189.525421 -1.577074 197.090790
v -189.263214 -1.677586 195.834045
v -190.630798 0.752298 196.136139
v -189.742828 0.331680 195.133484
v -189.673920 -0.954092 195.044739
v -186.900116 1.469954 196.016815
v -186.329376 0.883616 196.537292
v -186.184814 0.448635 196.676178
v -186.223175 -0.224200 196.658600
v -186.181915 -0.899276 196.711700
v -186.329712 -1.435558 196.593750
v -186.566711 -1.562371 196.386627
v -192.568939 -2.016348 193.774536
v -192.277252 -1.980243 193.313660
v -191.842743 -1.976789 193.688995
v -192.207397 -2.013384 194.096252
v -191.843384 0.381175 193.710297
v -192.277863 0.377721 193.334961
v -192.158325 0.384624 194.062347
v -192.529846 0.381594 193.733307
v -192.778107 -0.642248 194.117065
v -192.529999 -1.281471 194.463287
v -192.414185 -0.640233 194.339386
v -192.827087 -1.284001 194.188965
v -191.356323 -0.651818 193.156891
v -191.839417 -1.299181 192.627380
v -191.888184 -0.655927 192.709991
v -191.295441 -1.294992 193.083191
v -193.556000 -1.935338 193.235382
v -193.505066 -1.939413 192.809662
v -192.798645 -1.938356 192.941925
v -192.976196 -1.934254 193.366669
v -191.266968 -1.694395 194.265411
v -190.691162 -1.608973 194.840057
v -191.581909 -1.657940 194.617737
v -191.006073 -1.658047 195.191620
v -192.799408 0.898870 192.967560
v -193.505768 0.630620 192.832855
v -192.976990 0.902973 193.392273
v -193.556671 0.634696 193.258606
v -191.006805 0.917401 195.214874
v -190.691833 0.913952 194.862823
v -191.267700 0.908645 194.288910
v -191.582611 0.912094 194.640961
v -193.635712 -0.643967 193.910767
v -193.186157 -1.286898 193.874359
v -193.151672 -0.645190 193.797302
v -193.616302 -1.288014 193.744263
v -191.485687 0.280139 195.744598
v -191.806793 0.272042 194.885956
v -191.517303 -0.362022 195.774323
v -191.838409 -0.370118 194.915680
v -192.382568 0.001927 194.309631
v -190.287537 -0.375489 194.399689
v -190.803284 -1.023961 193.752991
v -190.771698 -0.381800 193.723236
v -190.410187 -1.016653 194.531158
v -193.445435 -0.016704 192.323975
v -192.589386 -0.015679 192.457458
v -193.440094 -0.659623 192.275208
v -192.630859 -0.657225 192.551208
v -191.913788 -0.013027 192.755981
v -192.404083 0.537531 194.338348
v -192.752838 -0.000130 194.082672
v -192.781860 0.642821 194.134003
v -191.638214 0.293407 193.480225
v -192.026001 0.631203 192.938934
v -191.388275 -0.008962 193.198212
v -191.872345 -1.941181 192.673889
v -193.601196 0.485305 193.629791
v -193.133972 -0.003095 193.760254
v -193.099548 0.507589 193.682251
v -193.616669 -0.002997 193.755890
v -193.108704 -1.676025 193.685822
v -191.494965 -1.004773 195.743713
v -191.896881 -1.654491 194.969818
v -191.954254 -1.011356 195.039581
v -191.828308 0.807646 194.914673
v -191.337616 1.083909 195.586090
v -191.062439 0.563522 194.056519
v -190.319519 0.267367 194.441040
v -190.803619 0.261056 193.764587
v -190.242645 0.913246 194.802551
v -190.443329 -1.430950 194.564606
v -192.621094 -1.942459 192.517181
v -193.463104 -1.809116 192.459900
v -192.589050 -1.300696 192.445831
v -193.445068 -1.301721 192.312347
v -193.459717 0.501306 192.446808
v -192.621826 0.627575 192.540405
v -192.724365 -1.717588 194.022827
v -192.401642 -1.714885 194.315979
v -191.336609 -1.937047 193.123627
v -193.606903 -1.931262 193.661133
v -190.952057 -1.664838 193.913666
v -191.258179 -1.738329 195.472687
v -189.721954 1.025625 195.116058
v -190.084137 1.289985 195.525848
v -190.397949 1.127262 195.877502
v -190.768616 0.342985 196.287628
v -190.730194 -0.299944 196.238800
v -190.768250 -0.942031 196.276031
v -190.625092 -1.458859 196.110443
v -190.397217 -1.588627 195.852966
v -190.083344 -1.592086 195.499817
v -189.809021 -1.513463 195.191925
v -189.681152 -0.311506 195.058533
v -194.387482 0.782942 193.485321
v -194.321320 0.943810 192.931641
v -194.320496 -1.938262 192.905609
v -194.465179 -1.284159 194.122589
v -194.465546 0.000858 194.134216
v -196.261505 -1.916690 192.745636
v -196.246826 -1.878317 193.419556
v -196.915314 -1.878317 193.432617
v -196.929993 -1.916690 192.758698
v -196.915314 0.350961 193.432617
v -196.246826 0.350961 193.419556
v -196.928009 0.350961 192.850586
v -196.259521 0.350961 192.837524
v -196.272034 -0.620616 192.263275
v -196.942963 -1.228060 192.162781
v -196.938324 -0.620616 192.377197
v -196.274506 -1.228060 192.149719
v -196.895721 -0.620617 194.332275
v -196.224762 -1.228060 194.431427
v -196.227203 -0.620617 194.319214
v -196.893250 -1.228060 194.444489
v -194.968872 -1.937655 192.949554
v -195.035095 -1.932341 193.504700
v -195.794159 -1.930885 193.634216
v -195.727936 -1.936200 193.079071
v -197.546295 -2.147483 193.473236
v -198.215607 -2.236966 193.451385
v -197.558990 -2.115670 192.891449
v -198.225159 -2.269143 192.993622
v -195.794952 0.906342 193.659821
v -195.035828 0.637694 193.527924
v -195.728729 0.901028 193.104675
v -194.969574 0.632379 192.972748
v -198.225464 0.451418 193.003662
v -198.215912 0.452572 193.461395
v -197.546539 0.452479 193.484406
v -197.559204 0.451326 192.902466
v -194.865967 -0.660924 192.095581
v -195.649872 -1.299971 192.428833
v -195.662964 -0.656426 192.542938
v -194.890778 -1.301426 192.299316
v -198.239868 -0.192085 192.305206
v -197.568207 -0.191245 192.485199
v -198.240784 -0.833950 192.256836
v -197.569427 -0.833110 192.423737
v -196.937012 -0.013173 192.435974
v -198.203552 -0.829446 194.044189
v -197.527679 -1.471069 194.333221
v -197.526428 -0.829204 194.394714
v -198.207184 -1.471645 193.863525
v -195.113892 0.001465 194.178131
v -195.872955 0.002920 194.307648
v -195.120392 -0.640508 194.228363
v -195.857239 -0.640834 194.171692
v -196.228485 -0.013173 194.260468
v -196.937897 0.492979 192.396484
v -196.270721 -0.013173 192.321991
v -196.272186 0.594271 192.255463
v -196.907043 0.270107 193.811737
v -196.234131 0.594270 194.001617
v -196.896973 -0.013173 194.273529
v -196.226440 -1.835503 194.354980
v -194.911560 0.474771 192.485535
v -195.669830 -0.013381 192.604767
v -195.682861 0.499135 192.717377
v -194.891144 -0.016409 192.310913
v -195.678619 -1.684996 192.667175
v -198.240021 -1.475617 192.286865
v -197.571655 -2.041574 192.307983
v -197.574036 -1.542117 192.207977
v -197.569092 0.343414 192.448029
v -198.235474 0.612900 192.523438
v -197.538239 0.110759 193.861938
v -198.204620 -0.187814 194.000153
v -197.527802 -0.187571 194.338745
v -198.208130 -2.139355 193.811493
v -195.860413 -1.925571 194.189392
v -195.089722 -1.794303 193.963531
v -195.872620 -1.282097 194.296021
v -195.113525 -1.283552 194.166504
v -195.095673 0.516867 194.028687
v -195.861115 0.644463 194.212585
v -196.269318 -1.636493 192.386780
v -196.937805 -1.636493 192.399841
v -196.894928 -1.835503 194.368042
v -194.902649 -1.942969 192.394348
v -197.533630 -2.113364 194.055298
v -198.232788 -2.204852 192.628265
v -198.822113 -0.092022 194.131409
v -194.244812 0.677310 192.288757
v -194.436523 0.409354 193.893921
v -194.457275 -0.642299 194.060730
v -194.434845 -1.801833 193.864960
v -194.386749 -1.932948 193.460785
v -194.262634 -1.861260 192.421112
v -194.234253 -1.302689 192.186829
v -194.235931 -0.660062 192.205170
v -194.249084 -0.016511 192.319702
v -168.214020 -18.761820 219.726929
v -169.293488 -18.501104 219.531982
v -168.013641 -18.725405 218.999268
v -169.092957 -18.369829 218.803528
v -168.892670 -18.362448 218.076111
v -167.489166 -18.998335 218.332245
v -167.613098 -18.739679 217.544769
v -168.686218 -15.054145 217.321198
v -168.885681 -14.604431 218.044800
v -167.806213 -14.865143 218.239807
v -167.606750 -15.314857 217.516205
v -169.085968 -14.611810 218.772217
v -168.006500 -14.872524 218.967163
v -169.287140 -15.076283 219.503418
v -168.207672 -15.336997 219.698395
v -168.692566 -18.478964 217.349792
v -167.437561 -17.877066 216.905975
v -168.517059 -17.616354 216.710968
v -167.415771 -17.020113 216.825409
v -168.495239 -16.759401 216.630463
v -167.571930 -16.169722 217.391205
v -168.651398 -15.909009 217.196198
v -169.325104 -15.933830 219.642670
v -168.245636 -16.194544 219.837677
v -169.433441 -16.793966 220.037384
v -168.353973 -17.054682 220.232361
v -169.414795 -17.649427 219.971130
v -168.335327 -17.910143 220.166077
v -167.498138 -18.168676 220.079254
v -165.986267 -19.276880 219.475250
v -165.590973 -19.476873 219.900848
v -166.470062 -19.291548 219.191498
v -167.188293 -18.987154 219.246338
v -167.451874 -19.023546 219.957336
v -170.316772 -18.296953 218.261139
v -170.307953 -18.170568 218.854095
v -171.130371 -18.265272 218.751526
v -171.219543 -18.004972 218.103424
v -169.915527 -18.272097 218.755096
v -169.860260 -17.992006 218.239838
v -165.645905 -19.590845 218.971436
v -165.203888 -19.844790 219.463562
v -166.194366 -19.277895 218.569855
v -166.925293 -19.260248 218.537933
v -170.332642 -18.326979 217.581879
v -171.304535 -18.293047 217.428802
v -169.877075 -18.309401 217.518921
v -164.816162 -19.839754 219.023163
v -165.917816 -19.266260 217.945679
v -166.661346 -19.001478 217.825134
v -170.350677 -18.571115 216.904602
v -171.383575 -18.184118 216.841644
v -165.630585 -16.401873 218.923615
v -164.889191 -17.198149 219.089661
v -165.295807 -16.769262 218.435364
v -165.198181 -16.774862 219.437927
v -166.183014 -15.898358 218.519073
v -165.907654 -16.206091 217.898956
v -166.917908 -15.264629 218.504639
v -166.654999 -15.576658 217.796570
v -170.457916 -15.040803 217.764526
v -171.403595 -15.364555 216.988770
v -171.326111 -15.458629 217.565826
v -170.373627 -15.434185 217.062500
v -169.858917 -15.104053 216.919312
v -169.906555 -14.554904 217.717072
v -165.969269 -16.416670 219.426788
v -165.586487 -17.061472 219.880707
v -166.458069 -15.912378 219.139252
v -167.181427 -15.271985 219.215393
v -171.240723 -15.221256 218.237976
v -170.442108 -14.994411 218.449005
v -169.950348 -14.512011 218.489471
v -166.314423 -16.804487 219.948608
v -165.974213 -17.066507 220.321075
v -166.732697 -16.248259 219.759277
v -167.445526 -15.598723 219.928741
v -171.158051 -15.264042 218.859711
v -170.326172 -15.302747 219.113861
v -169.990173 -14.975388 219.236481
v -165.304260 -19.584700 218.463684
v -164.642731 -19.140432 218.821869
v -165.240234 -18.881311 218.363068
v -165.984375 -18.497835 218.090363
v -166.532349 -18.141718 217.474335
v -170.363007 -17.807779 216.665527
v -171.412689 -17.619295 216.680634
v -169.829803 -17.810411 216.637024
v -169.749573 -18.261839 217.207550
v -164.602295 -18.442835 218.771606
v -165.360077 -18.184958 218.538391
v -165.954315 -17.730196 218.016846
v -166.504150 -17.284769 217.395477
v -170.374786 -16.950811 216.484222
v -171.427338 -16.852442 216.651062
v -169.832458 -16.914690 216.606995
v -164.741821 -17.747576 218.925720
v -165.393127 -17.478838 218.583679
v -165.979370 -16.967520 218.067169
v -166.608704 -16.431528 217.674591
v -170.378143 -16.156488 216.598633
v -171.424438 -16.077669 216.755188
v -169.843964 -16.010773 216.732361
v -166.373810 -17.529577 220.040680
v -166.214966 -17.766706 220.598907
v -166.786804 -17.011576 219.887787
v -167.494995 -16.456263 220.065033
v -171.089264 -15.926328 219.310883
v -170.317169 -16.102194 219.190460
v -169.991119 -15.866593 219.330078
v -166.410583 -18.227827 220.098999
v -166.255402 -18.464300 220.649139
v -166.817902 -17.776701 219.964050
v -167.523132 -17.313211 220.143890
v -171.060638 -16.686872 219.447083
v -170.315948 -16.916582 218.977783
v -169.988464 -16.761938 219.360626
v -166.382904 -18.912691 220.060547
v -166.048523 -19.158686 220.418488
v -166.792877 -18.541269 219.913391
v -171.120453 -17.487333 218.909119
v -170.306183 -17.698210 219.102661
v -169.976929 -17.666399 219.234711
v -166.273926 -19.230261 219.902069
v -165.979126 -19.730963 220.343292
v -166.744751 -19.307333 219.810333
v -172.069183 -14.786324 218.508392
v -172.001251 -15.210126 218.978241
v -172.157593 -14.626191 217.855438
v -172.044373 -18.044561 218.350922
v -171.982483 -17.863409 218.839264
v -171.947571 -17.227381 219.171082
v -171.964020 -16.461351 219.127625
v -171.959320 -15.685756 219.245636
v -164.644409 -16.829969 220.051605
v -164.260834 -17.076128 219.706970
v -164.976837 -16.987082 220.350311
v -165.223572 -17.344011 220.571991
v -165.369690 -17.732420 220.703247
v -165.329163 -18.339865 220.666840
v -165.369690 -18.947309 220.703247
v -164.976837 -19.554750 220.350311
v -165.218170 -19.434443 220.567169
v -164.644409 -19.554750 220.051605
v -164.353851 -19.477560 219.790497
v -164.210510 -18.947309 219.661713
v -164.218048 -18.339865 219.668488
v -164.283142 -17.732420 219.726990
v -174.952728 -16.618994 216.666534
v -175.381500 -16.365435 216.313507
v -175.378754 -16.579676 217.249634
v -175.920746 -16.234179 216.815247
v -176.458466 -16.221941 217.316010
v -175.500519 -16.840448 217.983185
v -176.229736 -16.584715 218.415161
v -177.036835 -13.038926 217.843567
v -176.504730 -12.612096 217.346558
v -175.851868 -12.867284 217.863892
v -176.271912 -13.294929 218.443024
v -175.967041 -12.624336 216.845825
v -175.426208 -12.878710 217.281006
v -175.423676 -13.075649 216.341370
v -174.994904 -13.329207 216.694397
v -176.994659 -16.328711 217.815704
v -176.609924 -15.752345 218.928253
v -177.472168 -15.495636 218.257507
v -176.663391 -14.928744 218.994080
v -177.536957 -14.671954 218.315002
v -176.338684 -14.115297 218.541962
v -177.123993 -13.859148 217.927551
v -175.315430 -13.900319 216.243469
v -174.907074 -14.153730 216.581543
v -175.018372 -14.729288 215.969666
v -174.669678 -14.982264 216.264008
v -175.062073 -15.550500 216.013245
v -174.702118 -15.803557 216.315887
v -174.441040 -16.053854 216.765503
v -173.680084 -16.882318 217.995331
v -173.124664 -17.106108 217.969543
v -174.185974 -17.135790 217.873810
v -174.779236 -16.836603 217.499634
v -174.484070 -16.874487 216.872406
v -176.480988 -16.012648 216.121826
v -176.022064 -15.942244 215.900482
v -176.290222 -16.028860 215.204163
v -176.829956 -15.760036 215.320190
v -175.767670 -16.302851 216.163940
v -176.360748 -15.982553 216.515015
v -173.666748 -17.194777 218.655792
v -173.036835 -17.479216 218.612701
v -174.404114 -17.120573 218.443359
v -175.070587 -17.095999 218.124359
v -177.013550 -15.993312 216.373474
v -177.363556 -15.967579 215.432190
v -176.950562 -15.967229 216.863861
v -172.952148 -17.439928 219.275757
v -174.623352 -17.107279 219.015076
v -175.368530 -16.844507 218.753387
v -177.664551 -16.159014 216.616669
v -177.846161 -15.834664 215.535309
v -173.697144 -13.667263 218.850677
v -172.991425 -14.525713 219.283661
v -173.679810 -14.039653 219.491882
v -173.062653 -14.084604 218.776733
v -174.458008 -13.874157 218.489258
v -174.672821 -14.167645 219.057098
v -175.119812 -13.257922 218.156860
v -175.410675 -13.554720 218.781250
v -177.056488 -13.141660 216.285919
v -177.868713 -13.386021 215.554169
v -177.395111 -13.505333 215.453064
v -177.694427 -13.434377 216.638763
v -177.564484 -13.131329 217.229492
v -176.979553 -12.706851 216.883911
v -173.707642 -13.718110 218.177155
v -173.144958 -14.435246 218.098602
v -174.240356 -13.889725 217.921082
v -174.824982 -13.267916 217.529877
v -176.860931 -13.341831 215.340668
v -176.520599 -13.147080 216.032745
v -176.389709 -12.722092 216.535065
v -173.711456 -14.182303 217.466705
v -173.229645 -14.474534 217.435516
v -174.019958 -14.214450 217.352722
v -174.526245 -13.584699 216.900269
v -176.353607 -13.419319 215.232605
v -175.958557 -13.459090 215.877319
v -175.794952 -13.177066 216.182861
v -173.656189 -17.153189 219.334961
v -172.920441 -16.651674 219.607361
v -173.661011 -16.368959 219.498413
v -174.580658 -16.369654 218.882416
v -175.521606 -16.017227 219.063477
v -177.760559 -15.479253 216.722931
v -178.005371 -15.331836 215.571991
v -177.650452 -15.472007 217.278290
v -177.537170 -16.256865 217.210602
v -172.917786 -15.876894 219.711548
v -173.670044 -15.611341 219.293976
v -174.614716 -15.632041 218.949646
v -175.561920 -15.193772 219.133728
v -177.945190 -14.719884 216.812073
v -178.068115 -14.661364 215.589142
v -177.716614 -14.688896 217.318115
v -172.954376 -15.120346 219.507996
v -173.676971 -14.834040 219.263428
v -174.605377 -14.899616 218.903320
v -175.453705 -14.375350 218.888153
v -177.894073 -14.034939 216.790588
v -178.022552 -13.992630 215.583313
v -177.664093 -13.909237 217.287720
v -173.707306 -14.989981 217.312805
v -173.276093 -15.269612 216.988739
v -173.966400 -14.948099 217.235291
v -174.462128 -14.408960 216.779419
v -175.953644 -14.025873 215.144287
v -175.859009 -14.161284 215.828827
v -175.680267 -13.960570 216.114349
v -173.702637 -15.765680 217.205170
v -173.278748 -16.044394 216.884521
v -173.931335 -15.683307 217.165649
v -174.421844 -15.232417 216.709198
v -175.804657 -14.697732 215.108856
v -175.986450 -14.857137 215.886322
v -175.613739 -14.743382 216.074310
v -173.696594 -16.519983 217.227051
v -173.227448 -16.794115 217.203278
v -173.940887 -16.417547 217.212189
v -176.201355 -15.360825 215.189178
v -175.849854 -15.547034 215.820099
v -175.666626 -15.523480 216.104889
v -173.689636 -16.860056 217.426392
v -173.207245 -17.420790 217.293121
v -173.968994 -17.153044 217.306732
v -175.962433 -13.444488 214.642761
v -177.309204 -13.334097 214.598022
v -177.770355 -13.732746 214.582428
v -178.042145 -14.168280 214.573059
v -178.033020 -15.536990 214.572449
v -177.744537 -16.087933 214.581696
v -176.119232 -16.148672 214.635712
v -175.999420 -14.183564 214.641052
v -172.255493 -14.983821 217.075867
v -172.243317 -15.813993 217.080078
v -172.254456 -16.592489 216.913025
v -172.250549 -17.364195 216.860809
v -172.131287 -18.083799 217.688354
v -172.207977 -18.020140 217.113953
v -176.608490 -10.998998 212.013550
v -176.030579 -11.729859 212.721222
v -175.983398 -11.000432 212.029327
v -176.610260 -11.510409 212.746796
v -177.390320 -11.104894 211.973999
v -177.392090 -11.616305 212.707245
v -177.779388 -11.613289 211.870331
v -177.781128 -12.124700 212.603607
v -177.160004 -14.693048 212.146179
v -177.434418 -14.369919 212.198700
v -177.163513 -13.958346 211.453979
v -176.539215 -14.511429 212.195587
v -176.538391 -13.959780 211.469727
v -175.673706 -14.448394 212.229401
v -175.671936 -13.936983 211.496124
v -175.411346 -14.026796 212.313782
v -175.409576 -13.515385 211.580566
v -175.364105 -13.356643 212.438507
v -175.362335 -12.845230 211.705261
v -175.443085 -12.686196 212.560028
v -175.441315 -12.174787 211.826782
v -177.944489 -12.169043 211.763702
v -177.946259 -12.680454 212.496918
v -177.718628 -12.839824 211.645874
v -177.720367 -13.351235 212.379089
v -177.639648 -13.510269 211.524353
v -177.641418 -14.021680 212.257568
v -177.432648 -13.858507 211.465485
v -176.612061 -12.021821 213.480011
v -175.976776 -13.037540 214.136627
v -175.970673 -12.304632 213.444336
v -176.611206 -12.643314 214.193054
v -176.593048 -10.479049 210.454742
v -176.606720 -10.487586 211.280334
v -175.967926 -10.480483 210.470490
v -175.981628 -10.489020 211.296112
v -177.225220 -12.523261 213.371918
v -177.227020 -13.034672 214.105133
v -177.222534 -10.562126 210.802826
v -177.219940 -10.989026 211.172211
v -177.766083 -12.824639 213.302521
v -177.852112 -13.033237 214.089386
v -177.748413 -10.637096 210.395996
v -177.845032 -10.987592 211.156433
v -177.788666 -15.714437 213.596924
v -177.161346 -15.809205 213.595551
v -177.161743 -15.204459 212.879456
v -177.161743 -13.446935 210.720764
v -177.781555 -13.668791 210.664001
v -177.647797 -12.831273 209.994232
v -177.157227 -13.050822 209.966339
v -176.539398 -15.399225 213.295135
v -176.538422 -15.717305 213.628418
v -176.536621 -13.448369 210.736511
v -176.529572 -13.160247 209.962250
v -176.085754 -15.499209 213.680206
v -175.799042 -14.863569 212.977173
v -175.906219 -13.673094 210.711243
v -175.815613 -15.048700 213.770142
v -175.413086 -14.538209 213.047028
v -175.407776 -13.003973 210.847290
v -175.904480 -13.161681 209.978027
v -175.554718 -12.492221 210.110352
v -175.439484 -14.379300 213.903168
v -175.766632 -13.867134 213.161652
v -175.663940 -12.333123 210.964386
v -175.759583 -11.821487 210.228699
v -175.500214 -13.708898 214.025146
v -175.845612 -13.196689 213.283173
v -175.439514 -11.663374 211.093567
v -175.938141 -11.150814 210.347717
v -177.948059 -13.191865 213.230194
v -177.949799 -13.703278 213.963409
v -177.940948 -11.146219 210.297241
v -177.942719 -11.657631 211.030487
v -177.558014 -13.863025 213.116486
v -177.609100 -14.374323 213.848480
v -178.176056 -11.815943 210.167786
v -178.089447 -12.330476 210.915802
v -177.479065 -14.533468 212.994965
v -177.530151 -15.044766 213.726929
v -177.909241 -12.486818 210.051025
v -177.910980 -12.998230 210.784241
v -177.225647 -14.724919 212.966187
v -177.737396 -10.551391 209.687866
v -177.276215 -10.152740 209.703491
v -175.966431 -11.002211 209.746490
v -175.839478 -11.687482 209.750244
v -176.086243 -12.967316 209.741180
v -177.711578 -12.906577 209.687134
v -177.928467 -11.671850 209.680786
v -178.009186 -10.986925 209.678528
v -176.685394 -13.161765 214.618896
v -177.961426 -14.853203 214.575287
v -177.289948 -16.226871 214.596710
v -176.664978 -16.231548 214.617493
v -175.853760 -15.553295 214.644928
v -175.872437 -14.868834 214.644806
v -177.466461 -10.492450 205.119720
v -177.396973 -9.859664 204.141418
v -176.637299 -9.870405 204.171265
v -176.726959 -10.858682 205.407227
v -175.877106 -9.999212 204.175049
v -175.890656 -6.735549 204.895416
v -176.652161 -6.289224 204.961731
v -176.721985 -6.831610 205.959991
v -175.960480 -7.277936 205.893677
v -177.411804 -6.278483 204.931885
v -177.481659 -6.820869 205.930145
v -178.169708 -6.703327 204.805878
v -178.239563 -7.245712 205.804169
v -175.946930 -10.541599 205.173309
v -175.290649 -9.735010 205.379303
v -175.220795 -9.192624 204.381042
v -175.217346 -8.920178 205.562439
v -175.147491 -8.377791 204.564148
v -175.819061 -8.095802 205.718994
v -175.749237 -7.553417 204.720734
v -178.304352 -7.517293 204.620361
v -178.374207 -8.059679 205.618652
v -178.705750 -8.327486 204.424377
v -178.775574 -8.869872 205.422668
v -178.625702 -9.144485 204.247314
v -178.695526 -9.686872 205.245575
v -178.437256 -10.233897 206.256744
v -178.226013 -10.509378 205.083801
v -177.552338 -12.461508 208.564209
v -176.954926 -11.796650 207.790619
v -176.934814 -12.232917 208.640869
v -177.482391 -11.740259 207.780579
v -177.269501 -11.594274 207.009247
v -177.948486 -11.593456 206.980377
v -177.536285 -11.034837 206.118011
v -178.295898 -11.051764 206.082062
v -176.564362 -9.177009 202.515503
v -177.107239 -9.089892 202.507477
v -177.067657 -8.925253 201.599762
v -176.450195 -8.675857 201.681030
v -177.006226 -9.355995 203.268585
v -176.328705 -12.109980 207.747955
v -176.314850 -12.597064 208.586731
v -176.587524 -11.597129 207.037537
v -176.775482 -11.312828 206.088867
v -175.937469 -9.176455 202.542236
v -175.830811 -8.899047 201.658020
v -176.288239 -9.362411 203.297607
v -175.702332 -12.118264 207.772552
v -175.696320 -12.605808 208.611023
v -175.902832 -11.601904 207.065277
v -175.320984 -9.359822 202.523590
v -175.568176 -9.671392 203.259857
v -176.318390 -9.070532 208.415710
v -175.831116 -10.085782 209.161987
v -175.707458 -9.435438 208.364929
v -176.326965 -9.671597 209.232452
v -176.577972 -8.375935 207.744843
v -175.893524 -8.685014 207.705353
v -176.791260 -7.505227 206.929291
v -176.030304 -7.820322 206.891968
v -175.965363 -6.318990 203.068390
v -175.296936 -6.353213 202.243011
v -175.840912 -6.456353 202.197174
v -175.337982 -6.656864 203.120728
v -175.596527 -6.570207 203.943695
v -176.317230 -6.127455 204.010956
v -176.939148 -9.070589 208.389374
v -176.944366 -9.931176 209.148926
v -177.258331 -8.373469 207.716522
v -177.550964 -7.494487 206.899445
v -176.460144 -6.276854 202.210541
v -176.596466 -6.305613 203.044556
v -177.035217 -6.120953 203.981934
v -177.574432 -9.426762 208.287689
v -177.562866 -9.922432 209.124634
v -177.934448 -8.677727 207.620422
v -178.309387 -7.788100 206.802429
v -177.043854 -6.337397 202.172424
v -177.229553 -6.623335 203.047913
v -177.750580 -6.550721 203.856689
v -175.424530 -11.945404 208.768433
v -175.588867 -11.450369 207.923981
v -176.072052 -10.865535 207.219849
v -176.016785 -11.083986 206.171600
v -175.652863 -10.273264 206.366119
v -175.068481 -8.691220 202.682007
v -175.276703 -8.782696 201.707214
v -175.102478 -8.288789 201.823669
v -175.445709 -8.896550 203.436218
v -175.364868 -11.282001 208.917511
v -175.814667 -10.781910 208.062744
v -176.001831 -10.135433 207.383026
v -175.579529 -9.458432 206.549194
v -174.865601 -7.944017 202.855713
v -175.042816 -7.625386 201.972778
v -175.380554 -8.121716 203.610168
v -175.592194 -10.614540 209.055298
v -175.880463 -10.107615 208.208984
v -176.067566 -9.406866 207.539917
v -175.888916 -8.638189 206.717255
v -174.938782 -7.262663 203.004028
v -175.108002 -6.960217 202.116913
v -175.459900 -7.345956 203.778137
v -177.677795 -10.115297 208.131073
v -177.942108 -10.581317 208.963013
v -178.064880 -9.402390 207.456207
v -178.444031 -8.602065 206.616913
v -177.493713 -6.926488 202.023224
v -177.333252 -7.316834 202.890533
v -177.874786 -7.324167 203.680542
v -177.739929 -10.779195 207.981689
v -178.001770 -11.244720 208.813934
v -178.138062 -10.130058 207.293610
v -178.517303 -9.416898 206.433807
v -177.652863 -7.588485 201.870239
v -177.170013 -8.011683 202.743042
v -177.940338 -8.098692 203.506683
v -177.683197 -11.432880 207.839020
v -177.666962 -11.913701 208.680359
v -178.072052 -10.860400 207.136169
v -177.182739 -8.259377 201.741974
v -177.317657 -8.691619 202.586548
v -177.860535 -8.874902 203.338593
v -177.722137 -9.652156 203.172791
v -178.156189 -9.966991 204.085541
v -176.350220 -6.417247 200.941681
v -176.751038 -6.797117 200.990051
v -175.811615 -6.248349 200.877045
v -175.192078 -6.506160 200.803192
v -175.231110 -7.201388 200.808563
v -175.128448 -7.844222 200.796936
v -175.353271 -9.050144 200.825134
v -175.823761 -9.134084 200.881531
v -176.361694 -9.136588 200.945923
v -176.751648 -9.010987 200.992462
v -176.652405 -9.980412 209.724335
v -175.929413 -10.263134 209.748199
v -178.000061 -12.355635 209.677887
v -177.256927 -13.045516 209.702179
v -176.631927 -13.050193 209.722961
v -175.820770 -12.371942 209.750397
v -177.831604 -6.575517 197.573639
v -178.410797 -5.980976 196.780823
v -177.825348 -5.982460 196.379425
v -177.096680 -6.911135 197.383118
v -177.257507 -6.094968 195.958405
v -176.770844 -3.026045 196.500519
v -177.291321 -2.614967 196.974274
v -176.698639 -3.124504 197.782104
v -176.178131 -3.535582 197.308350
v -177.876770 -2.613482 197.375732
v -177.284088 -3.123019 198.183533
v -178.527161 -3.021591 197.704773
v -177.934479 -3.531128 198.512604
v -176.664856 -6.604504 196.766205
v -176.034790 -5.838563 196.553162
v -176.627441 -5.329026 195.745361
v -175.854034 -5.071482 196.648193
v -176.446686 -4.561946 195.840363
v -176.193451 -4.303082 197.099884
v -176.786133 -3.793546 196.292084
v -178.755188 -3.788552 197.642151
v -178.162506 -4.298088 198.449982
v -179.188812 -4.554992 197.720520
v -178.596130 -5.064528 198.528351
v -179.251404 -5.322372 197.544464
v -178.658691 -5.831909 198.352295
v -177.928009 -6.342169 198.725677
v -178.421173 -6.600050 197.970459
v -176.635376 -8.427654 200.107300
v -176.261627 -7.794785 199.130188
v -176.138245 -8.205745 199.812988
v -176.718781 -7.747790 199.290100
v -176.624054 -7.607459 198.802063
v -177.178680 -7.614447 199.111877
v -177.238922 -7.085054 198.381439
v -177.828491 -7.109586 198.778259
v -179.274902 -5.334463 195.579956
v -179.641724 -5.258581 195.917450
v -180.151428 -5.104597 195.448029
v -179.741272 -4.863340 195.044495
v -178.682007 -5.504227 195.990173
v -175.632111 -8.081783 198.939545
v -175.563019 -8.540974 199.731140
v -176.067322 -7.602353 198.490356
v -176.693329 -7.337843 197.935638
v -178.836365 -5.326957 195.200684
v -179.437653 -5.066688 194.597687
v -178.181061 -5.502261 195.554840
v -175.095825 -8.082407 198.716187
v -175.023987 -8.542154 199.556061
v -175.508759 -7.599023 198.176788
v -178.442963 -5.492568 194.800323
v -177.735291 -5.784860 195.077637
v -175.565063 -5.225423 199.545135
v -175.220093 -6.176327 200.221497
v -175.050476 -5.561429 199.298157
v -175.658234 -5.792684 200.366272
v -175.808136 -4.574178 199.017975
v -175.246582 -4.856884 198.711761
v -176.248169 -3.757838 198.476959
v -175.665314 -4.045402 198.071686
v -178.259399 -2.638941 195.404755
v -178.552216 -2.665751 194.455292
v -178.887024 -2.768618 194.821198
v -177.802399 -2.949537 195.043488
v -177.169342 -2.868390 195.605255
v -177.658813 -2.460207 196.056946
v -176.106506 -5.232540 199.718933
v -176.189392 -6.043381 200.361938
v -176.391205 -4.579640 199.259155
v -176.867401 -3.756417 198.825623
v -179.200470 -2.606375 195.263977
v -178.698273 -2.633392 195.788422
v -178.212708 -2.462238 196.435760
v -176.678406 -5.574519 199.822693
v -176.726501 -6.042002 200.421600
v -176.995575 -4.873369 199.435120
v -177.523010 -4.041139 199.117676
v -179.548309 -2.669591 195.661011
v -179.119080 -2.939079 196.192566
v -178.830963 -2.874493 196.741638
v -174.832489 -7.918935 199.740875
v -175.052246 -7.453791 198.822571
v -175.556946 -6.908613 198.388824
v -176.072144 -7.114041 197.574005
v -175.658386 -6.347377 197.447784
v -178.141174 -4.860880 194.737366
v -179.094055 -4.951284 194.226013
v -178.881866 -4.484731 194.149719
v -177.407166 -5.054319 195.144531
v -174.793030 -7.295012 199.893280
v -175.214203 -6.828116 199.032928
v -175.456299 -6.221501 198.452606
v -175.498413 -5.580424 197.564392
v -177.859314 -4.155812 194.714966
v -178.696625 -3.859937 194.167389
v -177.238770 -4.324944 195.237274
v -175.002838 -6.670450 200.073334
v -175.236450 -6.195137 199.199188
v -175.453918 -5.537408 198.625366
v -175.650330 -4.812755 197.856598
v -177.636475 -3.514892 194.720673
v -178.582367 -3.234820 194.271271
v -177.181915 -3.596336 195.406189
v -176.804504 -6.222808 199.700684
v -177.043457 -6.665212 200.300049
v -177.165741 -5.556037 199.332703
v -177.733002 -4.807977 199.029236
v -179.939911 -3.228650 195.918915
v -179.466980 -3.593391 196.292938
v -179.044769 -3.603233 196.680176
v -176.893311 -6.847472 199.572510
v -177.082886 -7.289134 200.147644
v -177.287140 -6.240875 199.209259
v -177.892975 -5.574929 198.912628
v -180.181793 -3.853187 195.969940
v -179.483673 -4.245137 196.100281
v -179.213440 -4.332322 196.587708
v -176.878082 -7.461187 199.412720
v -176.779785 -7.913936 199.957184
v -177.190002 -6.926630 199.302429
v -180.065613 -4.479351 195.586426
v -179.714325 -4.886318 196.098267
v -179.189423 -5.061241 196.571716
v -179.238159 -5.790769 196.383575
v -179.013855 -6.090513 197.162659
v -180.158539 -2.395972 194.878113
v -180.418274 -2.775659 195.197235
v -179.436035 -3.180629 193.983734
v -179.370636 -3.823513 193.900635
v -179.822174 -5.113056 194.453125
v -180.533203 -3.831055 195.335205
v -180.572876 -3.188005 195.386536
v -176.989227 -7.209574 201.019012
v -176.926361 -7.852593 201.012177
v -176.994629 -8.496223 201.020996
v -175.119049 -8.487494 200.796509
v -183.728607 -2.982847 194.190399
v -184.577820 -2.371702 194.693024
v -184.888794 -2.357157 194.045532
v -183.917297 -3.321899 193.652985
v -185.221008 -2.459278 193.416748
v -184.632568 0.765652 192.899017
v -184.243103 1.181522 193.477417
v -183.413330 0.648658 193.344055
v -183.710541 0.234668 192.693329
v -183.932190 1.166976 194.124939
v -183.205841 0.633019 194.037659
v -183.699738 0.722016 194.841522
v -183.088043 0.187751 194.774200
v -184.355469 -2.981097 192.899780
v -184.394836 -2.166028 192.332062
v -185.343933 -1.640415 192.725067
v -184.247742 -1.359692 192.181732
v -185.228210 -0.832714 192.530273
v -183.916260 -0.567249 192.647675
v -184.836182 -0.037939 192.910828
v -183.790375 -0.086859 195.088593
v -183.218353 -0.619849 194.980560
v -183.771790 -0.900842 195.563049
v -183.275818 -1.432941 195.430481
v -183.950287 -1.705606 195.627106
v -183.464813 -2.236121 195.440857
v -182.873230 -2.759112 194.912537
v -183.422638 -3.024732 194.842285
v -181.355927 -4.359615 194.821075
v -182.127960 -4.362808 194.101837
v -181.350342 -4.620397 194.486389
v -182.149780 -4.223118 194.436249
v -182.549866 -4.065042 194.039520
v -182.542023 -4.087337 194.662750
v -183.242188 -3.519455 194.214050
v -183.171997 -3.562394 194.921478
v -185.833527 -1.709649 195.370850
v -185.531372 -1.639799 195.755554
v -186.010223 -1.491713 196.300476
v -186.447052 -1.612197 195.858276
v -185.383240 -1.876245 194.879974
v -181.929382 -4.548660 193.392456
v -180.839325 -4.734230 193.747986
v -182.558472 -4.044647 193.413483
v -183.378296 -3.766762 193.514008
v -186.171722 -1.690272 194.908325
v -186.822601 -1.519355 195.524323
v -185.794891 -1.856870 194.210266
v -181.867218 -4.536326 192.840271
v -180.640198 -4.476729 193.431915
v -182.567749 -4.026045 192.784912
v -186.532501 -1.853410 194.498169
v -186.226166 -2.141171 193.747986
v -181.349976 -1.567362 193.674438
v -180.128418 -2.107260 193.802063
v -181.319275 -1.906232 193.130890
v -180.327240 -1.722931 194.178833
v -181.955353 -0.878755 193.494965
v -181.955658 -1.159878 192.875671
v -182.671844 -0.020102 193.451202
v -182.752197 -0.304031 192.750610
v -185.945984 1.140451 194.229218
v -186.872009 1.104902 194.553253
v -186.540649 0.988344 194.907684
v -186.265533 0.827092 193.754242
v -185.556427 0.924049 193.214142
v -185.184174 1.337740 193.758240
v -181.460083 -1.586918 194.197998
v -180.748260 -1.973796 194.575165
v -182.024475 -0.898565 194.094360
v -182.660553 -0.035388 194.148621
v -186.134644 1.150032 195.232300
v -185.603638 1.134739 194.691742
v -184.890961 1.320385 194.370789
v -181.648468 -1.956365 194.706207
v -181.109924 -1.972232 194.997467
v -182.163055 -1.219404 194.673553
v -182.718353 -0.349888 194.842865
v -185.774231 1.074662 195.599304
v -185.248993 0.799083 195.294006
v -184.676727 0.871968 195.051849
v -180.305450 -3.852433 193.350220
v -181.750031 -3.879225 192.862823
v -182.399628 -3.307756 192.945007
v -183.401154 -3.515267 192.801300
v -183.313232 -2.703057 192.387726
v -186.576172 -1.183827 194.162964
v -187.120270 -1.303296 195.185974
v -187.181702 -0.809029 194.950165
v -186.144073 -1.367377 193.380829
v -180.121948 -3.227654 193.371918
v -181.639801 -3.230541 193.109192
v -182.293213 -2.587628 192.894958
v -183.129150 -1.899375 192.325897
v -186.582214 -0.437907 193.846771
v -187.154816 -0.149725 194.738190
v -185.921387 -0.602107 193.281158
v -180.106293 -2.602147 193.589539
v -181.500458 -2.571100 193.220825
v -182.135864 -1.874375 192.991119
v -182.939453 -1.103393 192.615356
v -186.564636 0.239272 193.594604
v -187.049438 0.508049 194.600830
v -185.750549 0.161926 193.223175
v -181.820984 -2.635093 194.736084
v -181.480255 -2.596204 195.193970
v -182.339417 -1.935237 194.750458
v -182.901489 -1.154803 194.961029
v -185.549042 0.478778 196.026093
v -185.163422 0.108982 195.526367
v -184.764343 0.103482 195.283417
v -181.980652 -3.288355 194.733215
v -181.663757 -3.220984 195.172302
v -182.510803 -2.652148 194.776703
v -183.085541 -1.958485 195.022858
v -185.513367 -0.181748 196.297455
v -185.348236 -0.574123 195.561584
v -184.876007 -0.664128 195.465057
v -182.117554 -3.927856 194.630676
v -181.616608 -3.846761 194.881256
v -182.375183 -3.370752 194.780914
v -185.873413 -0.834553 196.192932
v -185.362701 -1.251780 195.822021
v -184.887329 -1.427013 195.455383
v -185.075745 -2.191738 195.502991
v -184.288177 -2.502914 195.359253
v -186.572815 1.286446 196.311554
v -187.276642 1.207447 195.689301
v -187.253174 0.478676 195.727936
v -187.315735 -0.193479 195.688873
v -187.321655 -0.867227 195.700073
v -187.179474 -1.459502 195.840668
v -186.893585 -1.553179 196.096527
v -179.809998 -2.227321 194.448669
v -179.409760 -2.485416 193.953857
v -180.578247 -4.474654 195.388519
v -180.169952 -5.115312 194.882324
v -180.421906 -4.989532 195.193726
v -179.517761 -5.029332 194.077881
v -179.365448 -4.466785 193.891937
v -184.619537 -22.399763 135.480011
v -184.657104 -22.347158 136.167877
v -185.263275 -22.351896 135.824738
v -185.128784 -22.403852 135.182404
v -185.257843 -19.765760 135.861176
v -184.651672 -19.761023 136.204315
v -185.141602 -19.772184 135.306946
v -184.619171 -19.768007 135.610748
v -184.589417 -20.902002 135.009277
v -185.008118 -21.611567 134.626221
v -185.049469 -20.904516 134.840332
v -184.584534 -21.608049 134.883575
v -185.439850 -20.882933 136.701965
v -184.712097 -21.580671 137.210327
v -184.704346 -20.877333 137.105835
v -185.463745 -21.586378 136.798859
v -183.404266 -22.299757 135.858521
v -183.232086 -22.292891 136.422638
v -183.970123 -22.293047 136.479645
v -184.021759 -22.300241 135.876099
v -185.921570 -22.364630 135.932617
v -186.661102 -22.278437 135.581085
v -185.720856 -22.332132 135.377563
v -186.460297 -22.338907 135.025574
v -183.963593 -19.181265 136.523499
v -183.226196 -19.474165 136.462341
v -184.015259 -19.188463 135.919952
v -183.398346 -19.481028 135.898193
v -186.463806 -19.539446 135.039124
v -186.664551 -19.536070 135.594330
v -185.925110 -19.535177 135.946320
v -185.724365 -19.538557 135.391083
v -183.669769 -20.901098 134.998840
v -184.081329 -21.604063 135.172821
v -184.069794 -20.897978 135.300507
v -183.606232 -21.603189 135.201843
v -186.157532 -20.242979 134.191162
v -185.580475 -20.239359 134.992188
v -186.136383 -20.941717 134.131744
v -185.559326 -20.938093 134.932770
v -185.059723 -20.199186 134.906189
v -186.920288 -20.928522 136.299713
v -186.218201 -21.625383 136.753937
v -186.239319 -20.926649 136.813354
v -186.841125 -21.628233 136.079834
v -183.024200 -20.170732 137.118988
v -183.904663 -20.170496 137.222626
v -183.008270 -20.874723 137.166016
v -183.918213 -20.876863 137.071198
v -184.699585 -20.173357 137.055847
v -185.050598 -19.612444 134.876862
v -184.591217 -20.196615 135.079102
v -184.586029 -19.492731 135.021179
v -185.333740 -19.855371 136.220856
v -184.683624 -19.471781 136.801819
v -185.426636 -20.178900 136.655945
v -184.709290 -22.286268 137.122467
v -183.549377 -19.654795 135.402191
v -184.063080 -20.192568 135.371338
v -184.051849 -19.630194 135.496643
v -183.603302 -20.193823 135.221680
v -184.059723 -22.025751 135.429810
v -186.149658 -21.639875 134.167480
v -185.520111 -22.335512 134.822357
v -185.484497 -21.637732 134.724854
v -185.567596 -19.657648 134.957336
v -186.253174 -19.365942 134.456848
v -186.055420 -19.905676 136.306152
v -186.900909 -20.230467 136.247040
v -186.219940 -20.228594 136.760712
v -187.086029 -19.533815 135.890106
v -186.819336 -22.079321 136.019012
v -183.918457 -22.285849 137.083221
v -183.089844 -22.140642 136.889709
v -183.907593 -21.579859 137.202759
v -183.027130 -21.580099 137.099152
v -183.070801 -19.605742 136.970367
v -183.912567 -19.467119 137.122894
v -184.598785 -22.079020 135.118622
v -185.056458 -22.082762 134.845276
v -185.449951 -22.291903 136.716156
v -183.576447 -22.306623 135.294373
v -186.122375 -22.325377 136.488007
v -186.299438 -22.431883 134.580658
v -187.549622 -19.213007 135.184875
v -187.393799 -19.397207 134.584137
v -187.226959 -20.956312 133.940857
v -187.207123 -21.655142 133.864380
v -187.545715 -22.345766 135.169708
v -187.681824 -22.253904 135.694458
v -187.749664 -21.642721 135.956024
v -182.420837 -19.190844 135.907898
v -182.190308 -19.467394 136.644104
v -182.860138 -20.254805 134.493469
v -125.465340 -2.819610 102.090553
v -124.467293 -2.578971 101.659462
v -125.744957 -2.786400 101.460091
v -124.747246 -2.458111 101.028328
v -125.026741 -2.451727 100.398079
v -126.323784 -3.038939 100.960884
v -126.303856 -2.800461 100.199806
v -125.318398 0.604591 99.744026
v -125.040581 1.020547 100.370979
v -126.038643 0.779907 100.802071
v -126.316460 0.363952 100.175148
v -124.761086 1.014163 101.001259
v -125.759132 0.773524 101.432350
v -124.479897 0.585442 101.634773
v -125.477959 0.344803 102.065865
v -125.305794 -2.559821 99.768715
v -126.549721 -2.003815 99.646339
v -125.551643 -1.763175 99.215248
v -126.581078 -1.212067 99.576576
v -125.583000 -0.971429 99.145485
v -126.364082 -0.425992 100.066811
v -125.366020 -0.185352 99.635719
v -124.425972 -0.206821 101.755440
v -125.424019 -0.447460 102.186531
v -124.273888 -1.001325 102.097420
v -125.271950 -1.241965 102.528511
v -124.298943 -1.791784 102.039986
v -125.297005 -2.032424 102.471077
v -126.100380 -2.271257 102.583992
v -127.605858 -3.295407 102.371834
v -128.040436 -3.389433 102.632332
v -127.182671 -3.309196 101.995918
v -126.495903 -3.027997 101.880806
v -126.158516 -3.061202 102.481148
v -123.620369 -2.184885 100.484627
v -123.534492 -2.113259 101.076271
v -122.763069 -2.053501 100.637642
v -122.765648 -2.123162 100.065376
v -123.836815 -2.439451 101.361061
v -124.004555 -2.159359 100.597267
v -127.990120 -3.585778 101.981911
v -128.503143 -3.756039 102.298286
v -127.520500 -3.296943 101.481514
v -126.832191 -3.280742 101.282692
v -123.714867 -2.176274 99.800270
v -122.767357 -2.306664 99.474464
v -124.172508 -2.155944 99.832619
v -128.965576 -3.756928 101.964699
v -127.859489 -3.286553 100.964912
v -127.170418 -3.042067 100.680763
v -123.803612 -2.337013 99.127510
v -122.769463 -2.170440 98.957069
v -128.013397 -0.639294 101.941353
v -128.870392 -1.165390 102.034859
v -128.390411 -0.979020 101.564613
v -128.500580 -0.745664 102.301857
v -127.540550 -0.174382 101.437294
v -127.877586 -0.459077 100.924171
v -126.846886 0.411066 101.253914
v -127.183022 0.122346 100.656075
v -123.612572 0.411520 99.802956
v -122.773933 0.754939 99.062569
v -122.771873 0.634552 99.570900
v -123.803474 0.134768 99.133980
v -124.336998 0.406425 99.083595
v -124.168846 0.801997 99.849190
v -127.630470 -0.652691 102.331032
v -128.038422 -1.020885 102.635139
v -127.203499 -0.186979 101.950539
v -126.509590 0.404688 101.854042
v -122.770088 0.855002 100.160103
v -123.517433 0.415594 100.491829
v -124.000908 0.798659 100.613899
v -127.238838 -1.010733 102.736488
v -127.575996 -1.019996 102.968727
v -126.866570 -0.496964 102.463661
v -126.171120 0.103211 102.456490
v -122.767967 0.786180 100.707344
v -123.518364 0.140975 101.198799
v -123.833168 0.396395 101.377663
v -128.376373 -3.580380 101.588631
v -129.170227 -3.073757 101.817451
v -128.450073 -2.930529 101.509926
v -127.779274 -2.576469 101.084206
v -127.336662 -2.247880 100.384438
v -123.842079 -1.722319 98.848885
v -122.770973 -1.576964 98.810707
v -124.370018 -1.719028 98.933205
v -124.340630 -2.429193 99.067055
v -129.216309 -2.390281 101.784584
v -128.315491 -2.287022 101.645424
v -127.817497 -1.867234 101.022835
v -127.373848 -1.456133 100.317696
v -123.873177 -1.036379 98.624001
v -122.772423 -0.778605 98.778145
v -124.386009 -1.009614 98.860420
v -129.047821 -1.706391 101.906563
v -128.279297 -1.634563 101.679970
v -127.788261 -1.162517 101.063942
v -127.241158 -0.667598 100.553230
v -123.863441 -0.414021 98.700905
v -122.773430 0.022751 98.863167
v -124.368202 -0.301219 98.941505
v -127.170570 -1.680642 102.808327
v -127.290993 -1.703013 103.173927
v -126.798790 -1.202170 102.570595
v -126.106697 -0.689050 102.571663
v -122.765343 0.080022 101.109779
v -123.502464 -0.494516 101.315163
v -123.803368 -0.312515 101.513374
v -127.127922 -2.325770 102.853951
v -127.244911 -2.386490 103.206795
v -126.759224 -1.909077 102.634254
v -126.069496 -1.480798 102.638405
v -122.763557 -0.715949 101.236000
v -123.525780 -1.128052 101.139931
v -123.787285 -1.021653 101.586647
v -127.158287 -2.958585 102.824501
v -127.493752 -3.070533 103.026924
v -126.788506 -2.615543 102.592842
v -122.763924 -1.527026 100.769661
v -123.503044 -1.751763 101.304207
v -123.805199 -1.730454 101.505074
v -127.280754 -3.252097 102.702278
v -127.578239 -3.632767 102.965645
v -126.846107 -3.323421 102.507973
v -121.731178 0.554792 99.983040
v -122.163994 -0.591174 98.814796
v -122.217125 -1.509084 98.668648
v -121.799629 -2.297206 100.764870
v -129.384186 -1.376621 102.730965
v -128.045288 -1.675498 103.696693
v -127.843620 -3.479325 103.841164
v -128.853027 -4.164831 103.112556
v -129.257111 -4.078744 102.821114
v -134.324585 -5.119764 108.470772
v -134.819916 -5.074302 108.034035
v -134.424500 -4.966155 107.626961
v -133.985596 -5.028855 108.134254
v -134.632294 -2.493619 107.953499
v -135.027740 -2.601766 108.360573
v -134.256317 -2.511014 108.396492
v -134.603027 -2.604273 108.742622
v -134.093445 -3.684341 108.977211
v -133.664825 -4.282890 108.688637
v -133.859955 -3.602756 108.614418
v -133.953979 -4.358558 108.962746
v -135.122894 -3.544330 107.126472
v -135.618896 -4.348731 107.465157
v -135.593597 -3.675488 107.627785
v -135.138763 -4.214704 106.952126
v -135.298248 -5.262209 109.258156
v -135.727386 -5.276586 108.988869
v -135.389648 -5.139665 108.333595
v -134.997375 -5.148565 108.731911
v -134.013092 -4.287275 107.357857
v -133.396637 -4.202147 106.832436
v -133.640228 -4.251207 107.804207
v -133.023865 -4.257074 107.278633
v -135.639679 -2.164580 108.726509
v -135.953888 -2.581677 109.344765
v -135.247406 -2.173480 109.124825
v -135.524719 -2.567300 109.614052
v -133.021515 -1.517051 107.281868
v -133.394348 -1.518004 106.835609
v -134.010712 -1.517897 107.361153
v -133.637909 -1.516944 107.807442
v -134.742340 -3.892338 109.855965
v -134.323547 -4.454254 109.306068
v -134.463501 -3.780957 109.326454
v -134.847717 -4.571492 109.665321
v -132.454987 -2.199167 107.959908
v -133.372894 -2.199831 108.124519
v -132.417969 -2.882637 108.004128
v -133.335876 -2.883301 108.168739
v -133.954529 -2.927273 108.658699
v -133.873688 -2.886358 106.261604
v -134.561584 -3.569998 106.701424
v -134.598633 -2.886528 106.657173
v -133.728882 -3.569552 106.434792
v -136.404419 -3.272394 108.937569
v -136.023041 -3.107966 108.129829
v -136.391083 -3.947572 108.821419
v -135.874481 -3.783780 108.134254
v -135.607361 -3.002013 107.755318
v -133.976227 -2.367069 108.762886
v -134.192902 -3.010361 109.027626
v -134.200989 -2.336921 109.160286
v -134.869659 -2.571967 107.653114
v -135.475128 -2.329401 108.014168
v -135.141571 -2.872358 107.260170
v -135.506470 -5.022787 107.426338
v -135.135651 -2.715107 109.828529
v -134.563232 -3.107452 109.379921
v -134.941162 -2.597200 109.344978
v -134.960968 -3.224038 109.843300
v -134.727203 -4.887639 109.064430
v -132.444794 -3.566270 107.971931
v -133.267426 -4.250254 108.250465
v -133.199097 -3.566515 108.332375
v -133.347137 -1.630185 108.155464
v -132.629822 -1.342756 107.750771
v -134.253845 -1.883304 107.070076
v -133.835480 -2.202696 106.307442
v -134.560425 -2.202867 106.703041
v -133.455048 -1.518769 106.304482
v -133.689880 -4.010611 106.481422
v -135.781921 -5.130764 107.935280
v -136.092957 -5.148287 108.785378
v -135.909821 -4.455421 107.951881
v -136.291168 -4.619848 108.759621
v -136.330811 -2.726410 109.083900
v -136.008423 -2.435855 108.291176
v -134.088867 -4.810537 108.747322
v -133.779877 -4.728807 108.448402
v -135.032745 -4.890715 106.921303
v -134.869080 -5.247831 109.527473
v -134.385864 -4.253113 106.911629
v -132.725494 -4.344661 107.635780
v -133.082092 -1.765419 105.908028
v -132.805054 -1.363055 106.239693
v -132.002197 -1.461207 107.200752
v -133.201477 -2.886372 105.764961
v -135.780640 -2.456240 110.183235
v -136.580627 -3.003386 109.766396
v -136.767853 -3.399849 109.669258
v -136.675629 -4.004231 109.718330
v -136.724121 -4.641416 109.704170
v -135.212708 -3.336622 110.481117
v -169.744873 -20.268538 124.750191
v -168.485199 -20.396299 123.818977
v -169.741669 -20.391233 123.864174
v -168.751129 -20.285372 122.613258
v -166.798401 -20.340216 121.598335
v -167.770721 -20.337976 121.722725
v -167.535095 -20.318052 121.006660
v -167.455627 -20.230211 123.002296
v -166.493591 -20.368937 122.174019
v -168.299103 -20.391985 123.229195
v -168.066193 -20.314901 122.495125
v -168.158783 -20.293676 122.789955
v -167.470703 -20.223810 124.551613
v -168.072083 -20.308508 120.784981
v -168.572052 -20.112566 121.058357
v -166.962097 -20.251143 124.280708
v -169.166290 -20.406210 121.360542
v -169.987427 -17.426420 123.475410
v -169.597839 -17.801466 122.475105
v -170.099915 -17.810713 122.859993
v -168.792603 -17.336859 122.706825
v -168.642914 -16.991259 124.054909
v -169.721924 -17.442732 123.976051
v -169.408112 -17.519320 124.387062
v -168.625214 -17.389528 124.443214
v -166.968506 -17.843229 123.413094
v -166.469849 -17.810839 122.283760
v -167.510101 -17.354834 123.089363
v -166.187927 -18.049395 122.810799
v -167.691132 -18.119524 121.599312
v -166.772461 -17.546953 121.718147
v -167.079681 -17.778158 121.131294
v -167.817993 -18.046003 121.842293
v -168.255219 -17.035494 123.288582
v -167.988647 -18.022360 122.384834
v -169.154663 -18.071993 121.451210
v -169.623749 -18.255999 121.691719
v -166.946136 -17.871954 124.370979
v -166.437317 -17.866499 124.101326
v -168.139038 -17.346018 122.901772
v -167.453491 -17.657263 124.648964
v -167.962708 -17.721777 124.916389
v -168.594330 -17.768248 121.167091
v -167.967621 -17.762766 120.836067
v -168.674438 -17.783270 125.054604
v -168.403473 -19.215540 125.017342
v -169.696838 -17.651213 124.843239
v -167.978851 -20.133772 124.824867
v -169.913361 -19.666132 124.733345
v -166.054443 -18.469847 123.052620
v -166.526917 -18.481077 123.360115
v -166.007965 -19.109083 123.124306
v -166.531189 -19.117506 123.335976
v -166.349152 -18.501940 124.028175
v -166.586731 -19.140871 124.127663
v -166.044769 -19.743860 123.038673
v -166.436737 -20.391481 123.307411
v -166.188568 -20.372900 122.750771
v -166.535431 -19.753939 123.311836
v -166.357697 -19.774801 123.979897
v -166.454376 -20.412222 124.004738
v -167.863098 -18.398199 120.754433
v -167.428497 -19.038736 120.819130
v -167.912323 -19.034105 120.753212
v -167.523407 -18.408762 121.079689
v -167.140991 -18.411619 120.999306
v -167.177673 -19.046400 120.913857
v -167.676514 -19.669279 120.603035
v -167.432404 -19.675169 120.794777
v -167.152802 -19.684477 120.944710
v -167.066101 -20.183844 121.096016
v -170.442261 -19.060709 122.123360
v -170.499481 -18.439131 122.660194
v -170.343384 -18.426119 122.192116
v -170.339203 -19.081144 122.769783
v -170.215576 -19.050421 121.769844
v -170.094269 -18.601809 121.724251
v -170.376190 -19.715567 122.683937
v -170.055817 -19.702471 122.205910
v -170.272705 -20.358614 122.862984
v -169.613403 -20.347185 122.377724
v -169.758606 -20.324915 121.677254
v -170.158905 -19.686300 121.713509
v -166.330200 -17.963755 121.009895
v -165.914154 -17.573637 122.127235
v -165.685089 -19.150297 122.646034
v -165.657928 -19.801126 122.681984
v -165.909027 -20.438787 121.982491
v -166.122467 -20.428686 121.418312
v -166.402252 -19.765902 120.714790
v -166.398590 -19.116529 120.760323
v -169.401855 -17.607298 120.804054
v -168.947662 -17.437593 120.571053
v -168.427643 -17.689619 120.285805
v -168.381317 -19.013021 120.206459
v -168.376862 -19.649343 120.177742
v -168.973480 -20.292429 120.466347
v -169.955414 -19.667109 121.011177
v -169.753754 -20.175169 120.883522
v -169.894501 -19.030050 121.005409
v -169.943909 -18.394232 121.057838
v -170.308380 -19.105383 123.575996
v -170.312653 -19.741816 123.551857
v -170.304108 -18.468954 123.600136
v -170.215942 -17.831621 123.579811
v -170.181732 -20.292387 123.459572
v -170.007568 -20.429796 123.361488
v -169.915649 -20.224279 123.963387
v -170.047119 -19.758123 124.052467
v -170.042847 -19.121695 124.076607
v -170.038574 -18.485262 124.100746
v -169.950409 -17.847933 124.080421
v -167.283875 -19.798822 124.942513
v -167.308624 -18.526316 125.008430
v -167.296234 -19.162569 124.975471
v -166.763641 -19.793245 124.666786
v -166.759369 -19.156813 124.690956
v -166.755096 -18.520380 124.715096
v -169.246826 -17.476976 124.927498
v -168.923401 -17.653761 124.570168
v -169.898834 -18.381044 124.781441
v -169.842499 -17.988501 124.399727
v -170.000977 -18.829565 124.183784
v -168.070740 -18.839361 124.953285
v -162.383667 -17.943518 121.718422
v -161.411499 -17.371466 121.843117
v -161.310089 -17.383844 121.168556
v -162.538330 -18.277536 121.011940
v -161.182800 -17.503145 120.497932
v -161.897186 -14.547394 120.388283
v -162.093964 -14.140529 121.048256
v -163.085907 -14.630712 120.920509
v -162.889130 -15.037577 120.260567
v -162.195374 -14.128154 121.722816
v -163.187317 -14.618335 121.595100
v -162.201477 -14.510267 122.412025
v -163.193390 -15.000449 122.284309
v -162.174744 -17.993326 120.370216
v -162.265259 -17.265135 119.756996
v -161.273346 -16.774954 119.884743
v -162.433655 -16.527449 119.661537
v -161.441711 -16.037268 119.789253
v -162.692108 -15.778763 120.165443
v -161.700165 -15.288582 120.293159
v -162.041290 -15.246957 122.561989
v -163.033203 -15.737138 122.434273
v -161.916718 -15.979300 122.948830
v -162.908661 -16.469484 122.821114
v -161.727905 -16.719488 122.908150
v -162.719849 -17.209669 122.780434
v -163.381165 -17.706415 122.336189
v -162.479034 -17.956202 122.393959
v -164.805817 -19.719736 121.771706
v -164.485107 -19.121943 121.111702
v -164.756012 -19.515482 121.145180
v -164.425812 -19.069613 121.567970
v -164.027893 -18.940290 121.264839
v -164.060303 -18.937338 121.871132
v -163.375610 -18.433699 121.590706
v -163.470947 -18.446383 122.266212
v -159.944183 -16.749865 122.017189
v -160.085541 -16.669073 122.480812
v -159.435089 -16.519133 122.690865
v -159.254242 -16.295576 122.165169
v -160.578217 -16.916582 121.710030
v -164.592804 -19.407854 120.493843
v -164.963654 -19.846678 120.548439
v -163.994629 -18.945105 120.655891
v -163.215668 -18.688112 120.925117
v -159.797333 -16.751593 121.475594
v -158.985748 -16.499449 121.701759
v -160.408569 -16.924944 121.090309
v -164.630157 -19.417086 119.942787
v -165.057556 -19.856600 119.941780
v -163.960571 -18.951666 120.044502
v -159.610840 -16.919748 120.959358
v -160.175720 -17.207174 120.493019
v -165.176910 -16.651194 120.760658
v -165.650024 -17.567926 120.515968
v -165.182373 -16.983473 120.211830
v -165.577209 -17.191187 121.016060
v -164.594452 -16.026001 120.728798
v -164.567566 -16.308077 120.114143
v -163.912170 -15.239527 120.857307
v -163.805359 -15.527496 120.178871
v -160.245758 -14.167138 121.128334
v -159.258179 -14.198621 120.932289
v -159.438965 -14.290138 121.379738
v -160.122498 -14.475350 120.575020
v -160.911926 -14.399378 120.308266
v -161.102570 -13.995892 120.932076
v -165.092407 -16.649836 121.292915
v -165.301636 -17.425913 121.516518
v -164.552246 -16.021896 121.327003
v -163.950928 -15.227316 121.535652
v -159.699341 -14.125777 121.848885
v -160.396484 -14.152786 121.672432
v -161.197632 -13.987500 121.569771
v -164.930298 -16.971373 121.813179
v -165.089661 -17.417055 122.060219
v -164.440979 -16.295862 121.908546
v -163.921570 -15.490864 122.213844
v -159.902557 -14.178638 122.322212
v -160.572937 -14.438276 122.206398
v -161.197083 -14.374220 122.221382
v -165.347260 -19.256727 119.866249
v -164.747284 -18.811018 119.965004
v -164.132294 -18.283941 120.193184
v -163.166687 -18.483507 120.242500
v -163.239166 -17.751173 119.850044
v -159.690155 -16.315474 120.687660
v -158.803680 -16.396021 121.244484
v -158.830627 -15.949875 121.038948
v -160.384277 -16.506735 120.260963
v -165.526123 -18.654570 119.918526
v -164.866638 -18.204298 120.206856
v -164.236572 -17.622625 120.148872
v -163.417755 -17.013147 119.781868
v -159.797424 -15.639880 120.452492
v -158.930786 -15.350057 120.901741
v -160.544983 -15.805241 120.174202
v -165.606598 -18.048300 120.223122
v -165.008484 -17.592657 120.311806
v -164.395386 -16.961977 120.237038
v -163.615845 -16.268972 120.055367
v -159.903564 -15.025097 120.278633
v -159.077118 -14.748237 120.863808
v -160.724701 -15.102403 120.215797
v -164.762238 -17.595549 121.852272
v -164.801270 -18.014635 122.288857
v -164.270874 -16.952433 121.993019
v -163.746124 -16.227900 122.336769
v -159.959320 -14.709975 122.760262
v -160.506744 -15.063425 122.533577
v -161.044403 -15.074251 122.360573
v -164.605316 -18.197474 121.857796
v -164.622406 -18.616793 122.236580
v -164.103546 -17.611887 122.027016
v -163.567535 -16.965925 122.404945
v -159.895966 -15.308199 122.976540
v -160.323669 -15.692933 122.448586
v -160.883820 -15.775463 122.447701
v -164.466278 -18.790411 121.761940
v -164.578766 -19.224600 121.837502
v -164.229095 -18.272764 121.979042
v -159.599884 -15.916512 122.692604
v -160.217377 -16.307840 122.630653
v -160.878174 -16.478094 122.409492
v -160.684692 -17.182100 122.352242
v -161.487061 -17.466021 122.521675
v -158.217194 -15.291960 121.607857
v -158.179413 -15.912355 121.548012
v -158.524200 -16.525213 122.055733
v -159.074402 -16.435633 122.872505
v -159.198029 -15.272639 123.062996
v -166.084534 -17.641550 121.677681
v -165.755096 -17.924417 122.528603
v -165.660248 -18.501928 122.747597
v -165.754272 -20.317461 122.398567
v -166.309204 -20.337313 120.929390
v -166.357941 -18.468908 120.903664
v -154.992340 -14.057944 123.067879
v -154.013000 -13.486565 123.133888
v -154.077087 -13.483436 123.811775
v -155.313690 -14.376343 123.723671
v -154.114624 -13.587297 124.488075
v -154.847778 -10.629785 124.532021
v -154.881561 -10.238189 123.860023
v -155.881226 -10.727649 123.795235
v -155.847412 -11.119245 124.467232
v -154.817505 -10.241319 123.182137
v -155.817169 -10.730779 123.117317
v -154.655579 -10.639173 122.498390
v -155.655212 -11.128633 122.433571
v -155.114258 -14.076757 124.423256
v -155.353180 -13.334661 125.022896
v -154.353546 -12.845201 125.087715
v -155.542938 -12.594967 125.102303
v -154.543304 -12.105508 125.167091
v -155.675781 -11.858054 124.579384
v -154.676147 -11.368594 124.644203
v -154.460663 -11.379120 122.364235
v -155.460297 -11.868579 122.299446
v -154.243225 -12.120165 121.992073
v -155.242859 -12.609625 121.927254
v -154.066406 -12.859227 122.049477
v -155.066040 -13.348688 121.984688
v -155.818970 -13.836855 122.288948
v -154.922058 -14.086145 122.389595
v -157.704620 -15.841707 122.375496
v -157.191071 -15.227252 123.256264
v -157.795227 -15.624211 122.923836
v -157.022797 -15.185132 122.821815
v -156.707397 -15.048083 123.192970
v -156.592346 -15.058944 122.594124
v -155.991974 -14.547403 123.003029
v -155.921692 -14.575606 122.324806
v -152.599670 -12.898711 123.234230
v -152.687897 -12.824992 122.743568
v -151.981628 -12.678178 122.769844
v -151.859528 -12.452724 123.336952
v -153.231567 -13.026824 123.424446
v -157.445190 -15.499447 123.834908
v -158.098480 -15.943478 123.395241
v -156.822266 -15.039018 123.794502
v -155.996002 -14.786455 123.677315
v -152.515533 -12.894059 123.802132
v -151.638763 -12.646708 123.869972
v -153.215607 -13.020782 124.061073
v -157.615082 -15.496262 124.366982
v -158.307343 -15.940941 123.899605
v -156.936920 -15.031648 124.398537
v -152.387085 -13.052714 124.357613
v -153.131714 -13.289056 124.681038
v -157.959259 -12.749343 123.529701
v -158.698914 -13.665058 123.360817
v -158.096588 -13.069273 124.058235
v -158.531647 -13.298514 122.951820
v -157.399109 -12.122065 123.679756
v -157.520813 -12.390216 124.279640
v -156.702881 -11.336895 123.694557
v -156.761871 -11.609331 124.371040
v -153.022949 -10.358027 124.008308
v -152.016937 -10.383586 124.536903
v -152.148712 -10.478739 124.046089
v -152.965546 -10.653790 124.575722
v -153.904022 -10.477879 124.791267
v -153.940552 -10.088830 124.155647
v -157.747864 -12.759883 123.024330
v -158.189148 -13.543137 122.562111
v -157.213043 -12.131439 123.102303
v -156.576630 -11.340145 123.024300
v -152.360352 -10.323534 123.509926
v -153.110809 -10.350343 123.436806
v -153.879181 -10.095096 123.514870
v -157.462494 -13.092964 122.537514
v -157.892578 -13.545159 122.130287
v -156.962708 -12.418432 122.547432
v -156.383057 -11.619079 122.360298
v -152.512146 -10.381143 122.987068
v -153.227386 -10.636587 122.862648
v -153.719910 -10.496692 122.869026
v -158.572906 -15.339997 123.930672
v -157.725891 -14.890784 124.337563
v -157.070648 -14.367479 124.236946
v -156.113892 -14.566217 124.358437
v -156.281769 -13.824944 124.745522
v -152.503418 -12.457615 124.596535
v -151.506897 -12.539762 124.370735
v -151.560364 -12.100234 124.562843
v -153.393768 -12.583606 124.885963
v -158.716492 -14.739191 123.869881
v -157.785706 -14.289643 124.092934
v -157.185150 -13.705206 124.276192
v -156.474884 -13.085555 124.796364
v -152.644104 -11.793080 124.791786
v -151.681274 -11.511027 124.666084
v -153.573792 -11.880299 124.957405
v -158.722504 -14.139324 123.608650
v -157.900696 -13.680517 123.978249
v -157.320892 -13.046717 124.175941
v -156.604431 -12.347802 124.509590
v -152.775909 -11.188825 124.928108
v -151.837708 -10.921083 124.658607
v -153.741425 -11.178598 124.899910
v -157.286987 -13.717837 122.515724
v -157.595703 -14.147011 121.967934
v -156.774139 -13.076735 122.480934
v -156.179749 -12.358730 122.255379
v -152.516510 -10.906981 122.543037
v -153.117737 -11.252797 122.565926
v -153.535004 -11.199739 122.744881
v -157.130554 -14.319715 122.525307
v -157.452118 -14.747816 122.028755
v -156.600494 -13.736781 122.463234
v -155.986603 -13.098120 122.204506
v -152.423920 -11.495601 122.351570
v -152.938690 -11.868433 122.703163
v -153.354980 -11.902775 122.673042
v -157.016174 -14.910343 122.630959
v -157.497650 -15.347330 122.364998
v -156.733124 -14.396996 122.472847
v -152.152283 -12.087937 122.718117
v -152.805695 -12.472898 122.559029
v -153.356781 -12.604707 122.695869
v -153.323059 -13.307196 122.442970
v -153.922424 -13.596685 122.454414
v -158.826630 -13.739717 122.521431
v -159.164429 -13.984168 123.021004
v -158.532684 -13.905778 122.084297
v -158.313690 -14.274191 121.757240
v -158.183441 -14.672973 121.561562
v -158.311554 -16.406672 121.741005
v -158.817627 -16.519434 122.491096
v -159.202667 -15.892199 123.066078
v -159.142548 -14.654080 122.984505
v -147.286926 -10.259883 121.307198
v -146.338959 -9.697284 121.039680
v -146.114227 -9.701774 121.710884
v -147.312988 -10.580178 122.046150
v -145.865051 -9.811052 122.373024
v -146.540710 -6.914445 122.623817
v -146.855591 -6.523360 121.986061
v -147.822296 -7.005727 122.260536
v -147.507416 -7.396813 122.898262
v -147.080322 -6.518869 121.314857
v -148.047028 -7.001237 121.589333
v -147.214874 -6.900975 120.610176
v -148.181580 -7.383343 120.884651
v -146.831757 -10.293420 122.647499
v -146.805511 -9.573167 123.293037
v -145.838837 -9.090799 123.018593
v -146.951752 -8.849468 123.423500
v -145.985046 -8.367101 123.149025
v -147.297668 -8.121779 122.957497
v -146.330963 -7.639413 122.683052
v -147.086792 -7.624311 120.425545
v -148.053497 -8.106678 120.699989
v -147.037628 -8.346070 120.005226
v -148.004333 -8.828437 120.279701
v -146.846039 -9.070675 120.010262
v -147.812744 -9.553042 120.284737
v -148.682343 -10.037349 120.849098
v -147.505951 -10.279950 120.633888
v -150.571075 -12.009852 122.388618
v -149.640411 -11.415360 122.650124
v -150.437225 -11.802865 122.953316
v -149.806396 -11.368813 122.187965
v -149.007294 -11.237463 122.112709
v -149.206116 -11.241246 121.512032
v -148.253632 -10.742250 121.581673
v -148.472626 -10.762317 120.908333
v -144.525696 -9.085045 121.217201
v -144.698608 -9.011326 120.742500
v -143.828430 -8.864511 120.470253
v -143.698914 -8.639058 121.036568
v -145.383881 -9.247203 121.086830
v -149.392517 -11.689302 123.178902
v -150.180695 -12.121952 123.472511
v -148.806976 -11.235470 122.715797
v -147.973572 -10.983933 122.232338
v -144.342194 -9.080394 121.771828
v -143.471558 -8.833042 121.566566
v -145.172241 -9.248133 121.721504
v -149.207214 -11.692498 123.732368
v -149.997742 -12.125608 124.018959
v -148.605194 -11.235164 123.321083
v -144.119843 -9.239048 122.301003
v -144.897766 -9.517593 122.333626
v -150.011169 -8.991541 123.431313
v -150.555878 -9.889829 124.102577
v -149.760834 -9.311364 123.943733
v -150.786316 -9.525508 123.697273
v -149.462708 -8.376400 122.982002
v -149.198395 -8.646186 123.562508
v -148.761841 -7.604566 122.524910
v -148.474091 -7.879179 123.172737
v -144.840424 -6.544361 121.941963
v -143.839142 -6.569919 122.243843
v -143.977234 -6.665073 121.754250
v -144.681854 -6.840125 122.503792
v -145.544312 -6.765294 122.558174
v -145.846527 -6.377108 121.956276
v -150.192993 -8.995712 122.882149
v -150.913757 -9.759996 123.130196
v -149.662506 -8.378731 122.380287
v -148.986542 -7.600076 121.853706
v -144.195557 -6.509867 121.220894
v -145.028046 -6.536677 121.384743
v -146.058167 -6.376104 121.321602
v -150.309448 -9.316056 122.292824
v -151.096710 -9.756342 122.583717
v -149.797699 -8.653265 121.757607
v -149.148254 -7.865710 121.159096
v -144.354065 -6.567477 120.699654
v -145.242798 -6.822921 120.833107
v -146.179230 -6.762297 120.654152
v -150.054047 -11.537656 124.312569
v -149.310577 -11.098948 123.886147
v -148.805450 -10.582715 123.230324
v -147.798431 -10.775786 122.921944
v -147.858704 -10.053806 123.309181
v -144.183502 -8.643950 122.578194
v -143.333191 -8.726096 122.066139
v -143.383820 -8.286568 122.259987
v -145.021332 -8.829062 122.504341
v -150.173126 -10.948450 124.418739
v -149.514923 -10.507149 123.740456
v -148.934113 -9.934238 123.350868
v -148.004913 -9.330108 123.439613
v -144.277924 -7.979415 122.817818
v -143.502899 -7.697362 122.366188
v -145.161743 -8.140917 122.624336
v -150.377045 -10.357547 124.271339
v -149.673065 -9.909110 123.736549
v -149.102142 -9.288029 123.350929
v -148.264343 -8.604146 123.231972
v -144.440430 -7.375158 122.808296
v -143.658875 -7.107418 122.362068
v -145.344635 -7.452910 122.616615
v -150.197906 -9.927857 122.145912
v -151.072205 -10.343658 122.195137
v -149.688080 -9.297314 121.584358
v -149.020172 -8.589045 120.974464
v -144.364594 -7.093317 120.254250
v -145.130615 -7.439131 120.685585
v -146.056427 -7.449601 120.482002
v -150.079376 -10.517519 122.037483
v -150.953125 -10.932864 122.088966
v -149.560913 -9.943649 121.461464
v -148.873962 -9.312743 120.844032
v -144.274963 -7.681935 120.060158
v -144.938965 -8.054768 120.773781
v -145.916229 -8.137472 120.361641
v -149.927612 -11.097328 122.034767
v -150.717377 -11.524402 122.331306
v -149.392303 -10.591434 121.461433
v -143.999207 -8.274273 120.422035
v -144.842224 -8.659232 120.588417
v -145.733124 -8.825876 120.369759
v -145.532623 -9.514816 120.429634
v -146.539246 -9.797583 120.359413
v -143.193878 -6.283038 120.852852
v -142.825470 -6.372084 122.037056
v -142.836945 -7.028377 122.000191
v -142.799561 -8.243263 122.120308
v -143.318054 -8.730394 120.453682
v -143.375183 -7.635820 120.270119
v -143.396027 -7.028377 120.203072
v -151.291229 -9.964317 123.732277
v -151.083374 -10.210476 124.363808
v -151.471375 -10.121429 123.184944
v -151.605072 -10.478357 122.778725
v -151.684235 -10.866768 122.538155
v -151.662292 -11.474212 122.604836
v -151.684235 -12.081656 122.538155
v -151.471375 -12.689098 123.184944
v -151.602142 -12.568787 122.787605
v -151.291229 -12.689098 123.732277
v -151.133759 -12.611907 124.210701
v -151.056091 -12.081656 124.446693
v -151.060181 -11.474213 124.434303
v -151.095459 -10.866768 124.327095
v -140.631409 -6.431479 117.951851
v -140.005524 -5.868880 117.404030
v -139.437683 -5.873371 117.804756
v -140.309204 -6.751774 118.664284
v -138.853851 -5.982649 118.184731
v -139.296234 -3.086042 118.757698
v -139.923096 -2.694956 118.433449
v -140.573212 -3.177323 119.231209
v -140.054749 -3.568409 119.603859
v -140.490936 -2.690466 118.032722
v -141.042877 -3.172832 118.762398
v -140.999695 -3.072572 117.555519
v -141.463715 -3.554938 118.197426
v -139.688995 -6.465016 118.883339
v -139.372589 -5.744763 119.470558
v -138.471375 -5.262396 118.675972
v -139.416656 -5.021064 119.698006
v -138.524658 -4.538698 118.859657
v -139.877991 -4.293376 119.508888
v -139.082489 -3.811009 118.687233
v -140.992249 -3.795908 117.339485
v -141.457581 -4.278274 117.932137
v -141.184204 -4.517667 116.982735
v -141.616394 -5.000033 117.502235
v -141.016296 -5.242272 116.879951
v -141.477570 -5.724638 117.369423
v -141.638336 -6.208944 118.298683
v -141.097961 -6.451545 117.476936
v -142.536987 -8.181449 120.229347
v -141.621887 -7.586957 120.244087
v -142.178528 -7.974462 120.644753
v -141.857361 -7.540408 119.817757
v -141.419739 -7.409060 119.727486
v -141.804321 -7.412841 119.255806
v -141.193604 -6.913846 118.903542
v -141.660156 -6.933913 118.428627
v -138.989960 -5.256642 116.298958
v -139.434906 -5.182923 116.072182
v -139.082458 -5.036108 115.489235
v -138.558746 -4.975647 115.734291
v -139.259430 -5.418800 116.938301
v -141.322418 -7.860899 120.843575
v -141.983734 -8.293548 121.228981
v -141.033020 -7.407066 120.200661
v -140.694000 -7.155530 119.313332
v -138.483368 -5.251990 116.576698
v -138.016846 -5.004640 115.874702
v -138.678558 -5.419729 117.254982
v -141.015686 -7.864094 121.329475
v -141.717743 -8.297204 121.736732
v -140.644318 -7.406760 120.675117
v -137.966217 -5.410646 116.809242
v -138.067963 -5.689189 117.512062
v -141.832489 -5.163137 121.141121
v -142.334595 -6.061424 121.778267
v -141.509430 -5.482960 121.595894
v -142.553772 -5.697103 121.365028
v -141.435333 -4.547998 120.672432
v -141.051636 -4.817782 121.154060
v -141.069153 -3.776161 119.987129
v -140.596130 -4.050775 120.452766
v -138.551422 -2.715957 117.133888
v -137.645355 -2.741515 116.605476
v -138.110840 -2.836669 116.415504
v -138.057770 -3.011721 117.433998
v -138.474274 -2.936890 118.151100
v -139.070221 -2.548704 117.847847
v -142.097870 -5.167309 120.630318
v -142.664032 -5.931593 120.796516
v -141.767334 -4.550327 120.143501
v -141.500946 -3.771671 119.461555
v -138.651031 -2.681464 116.265419
v -139.062714 -2.708274 116.857094
v -139.606384 -2.547701 117.468452
v -142.309204 -5.487651 120.060860
v -142.830902 -5.927937 120.245644
v -142.047516 -4.824861 119.567390
v -141.891541 -4.037305 118.876076
v -139.152252 -2.739074 116.072792
v -139.589630 -2.994518 116.603004
v -140.082794 -2.933893 117.012947
v -141.835907 -7.709252 122.011360
v -141.098724 -7.270543 121.415260
v -140.837677 -6.754311 120.703865
v -140.251190 -6.947383 119.835060
v -140.055695 -6.225402 120.224983
v -137.824158 -4.815546 117.054817
v -137.543121 -4.897694 116.070686
v -137.410156 -4.458164 116.234108
v -138.053650 -5.000658 117.817574
v -141.959198 -7.120046 122.110725
v -141.315002 -6.678745 121.322029
v -140.872070 -6.105834 120.833778
v -140.122681 -5.501704 120.438667
v -137.729462 -4.151010 117.294167
v -137.381866 -3.868958 116.400154
v -138.107697 -4.312514 117.989815
v -142.159912 -6.529143 121.954506
v -141.463470 -6.080705 121.360817
v -141.020874 -5.459624 120.901283
v -140.407135 -4.775743 120.387611
v -137.679047 -3.546754 117.489784
v -137.461273 -3.279014 116.528267
v -138.269623 -3.624506 118.085640
v -142.230499 -6.099454 119.880836
v -142.793823 -6.515255 119.861641
v -141.995087 -5.468909 119.348061
v -141.859406 -4.760641 118.619942
v -139.519592 -3.264913 115.803535
v -139.782349 -3.610728 116.327614
v -140.072937 -3.621197 116.809639
v -142.138611 -6.689115 119.738167
v -142.670532 -7.104460 119.762245
v -141.914124 -6.115245 119.172646
v -141.792450 -5.484340 118.406288
v -139.633698 -3.853531 115.607277
v -139.585602 -4.226366 116.260109
v -140.019257 -4.309071 116.637215
v -141.997253 -7.268923 119.694313
v -142.440857 -7.695998 120.014198
v -141.971375 -6.763030 119.315620
v -139.204956 -4.445869 115.602180
v -139.641876 -4.830830 116.058662
v -139.994476 -4.997473 116.656197
v -139.810547 -5.686413 116.561989
v -140.557312 -5.969179 116.982582
v -138.898804 -2.836287 115.175240
v -137.967346 -2.322247 115.495216
v -137.386322 -3.224698 115.694832
v -137.281616 -3.832141 115.730812
v -137.500031 -4.969837 115.655769
v -138.502014 -5.047029 115.311562
v -139.133789 -4.439584 115.094521
v -139.068634 -3.832141 115.116920
v -139.133789 -3.224697 115.094521
v -143.022827 -6.125925 121.402687
v -143.320831 -6.639965 120.444771
v -143.396027 -8.243262 120.203102
v -143.193878 -8.850706 120.852852
v -143.022827 -8.850706 121.402687
v -142.873322 -8.773515 121.883278
v -142.803436 -7.635820 122.107887
v -137.351959 -5.243417 112.093788
v -136.710510 -5.205043 112.394112
v -137.031433 -5.205043 113.138680
v -137.672882 -5.243417 112.838387
v -137.031433 -2.975766 113.138680
v -136.710510 -2.975766 112.394112
v -137.585449 -2.975766 112.879311
v -137.264496 -2.975766 112.134743
v -137.811066 -3.947344 111.878853
v -138.240082 -4.554786 112.572823
v -138.035980 -3.947343 112.668373
v -137.919128 -4.554786 111.828255
v -136.175171 -3.947343 113.539528
v -135.747406 -4.554786 112.844978
v -135.854218 -3.947343 112.794960
v -136.068359 -4.554786 113.589546
v -136.622589 -5.162230 110.645607
v -136.068604 -5.162230 110.904976
v -136.389557 -5.162230 111.649544
v -136.943542 -5.162230 111.390175
v -137.352386 -5.193434 113.883247
v -137.673340 -5.117692 114.627815
v -137.906403 -5.162230 113.623878
v -138.227356 -5.167348 114.368446
v -136.389557 -2.479847 111.649544
v -136.068604 -2.732458 110.904976
v -136.943542 -2.479847 111.390175
v -136.622620 -2.732457 110.645607
v -138.227356 -2.732456 114.368446
v -137.673340 -2.732457 114.627815
v -137.352386 -2.732457 113.883247
v -137.906403 -2.732456 113.623878
v -137.486328 -3.947344 110.241219
v -137.598206 -4.554786 111.083687
v -137.490112 -3.947344 111.134285
v -137.277252 -4.554787 110.339119
v -139.070038 -3.339899 113.973915
v -138.301025 -3.339899 113.439125
v -139.125946 -3.947343 113.947762
v -138.356934 -3.947343 113.412941
v -137.980103 -3.339899 112.694557
v -136.962769 -3.947343 114.960457
v -136.536407 -4.554786 114.265236
v -136.480499 -3.947343 114.291420
v -137.178802 -4.554786 114.859322
v -135.413971 -3.339901 111.211433
v -135.734894 -3.339901 111.956001
v -135.358063 -3.947344 111.237617
v -135.864777 -3.947344 111.895210
v -135.910126 -3.339900 112.768806
v -138.017639 -2.833747 112.676949
v -137.755157 -3.339900 111.905037
v -137.818512 -2.732457 111.875374
v -136.670624 -3.056620 113.307594
v -136.156494 -2.732457 112.653450
v -136.231079 -3.339900 113.513374
v -135.820160 -5.162230 112.810890
v -137.107422 -2.877067 110.418617
v -137.434204 -3.339900 111.160469
v -137.326447 -2.856333 111.210915
v -137.277252 -3.339900 110.339119
v -137.356842 -4.920989 111.196663
v -139.086945 -4.554786 113.966011
v -138.460388 -5.162230 113.364510
v -138.561035 -4.554786 113.317390
v -138.338623 -2.833747 113.421516
v -138.809174 -2.578460 114.096046
v -136.991547 -3.056620 114.052162
v -137.018677 -3.339900 114.934273
v -136.536407 -3.339900 114.265236
v -137.367249 -2.732457 115.095833
v -137.237335 -4.946818 114.831917
v -135.835541 -5.162230 111.908882
v -135.611908 -5.035867 111.118752
v -135.734894 -4.554786 111.956001
v -135.413971 -4.554786 111.211433
v -135.567749 -2.851231 111.139442
v -135.835541 -2.732458 111.908882
v -137.693512 -4.963220 111.933876
v -138.014465 -4.963220 112.678474
v -136.141113 -5.162230 113.555458
v -137.176605 -5.162231 110.386238
v -136.798370 -5.162230 114.142586
v -138.670807 -5.245860 114.160805
v -137.350494 -2.568404 115.707100
v -138.502014 -2.479359 115.311562
v -138.890106 -4.926715 115.178230
v -137.967346 -5.047029 115.495216
v -137.269531 -4.439585 115.734962
v -136.247620 -2.632515 109.939674
v -135.217773 -2.679793 110.477425
v -135.085266 -3.939573 110.548531
v -135.040253 -4.545876 110.572975
v -135.215515 -5.083853 110.482277
v -135.627045 -5.177863 110.267555
v -136.102875 -5.197209 110.019173
v -136.455078 -5.091078 109.835121
v -130.574646 -4.344124 104.420296
v -130.131531 -4.299807 104.952644
v -130.645660 -4.299721 105.388344
v -131.088776 -4.344039 104.855995
v -130.643524 -1.791079 105.391335
v -130.129364 -1.791165 104.955605
v -131.026215 -1.792060 104.931587
v -130.512054 -1.792145 104.495857
v -130.890533 -2.886444 104.040993
v -131.479919 -3.570116 104.386238
v -131.338379 -2.886189 104.556404
v -130.965790 -3.570201 103.950539
v -130.052979 -2.882896 106.100624
v -129.465637 -3.566358 105.752724
v -129.538818 -2.882981 105.664894
v -129.979767 -3.566272 106.188423
v -129.485870 -4.252780 103.621529
v -129.103180 -4.251800 104.081245
v -129.617340 -4.251713 104.516975
v -130.000000 -4.252695 104.057228
v -131.159790 -4.286572 105.824074
v -131.673859 -4.201252 106.259895
v -131.542450 -4.252438 105.364418
v -132.056610 -4.258112 105.800117
v -129.614746 -1.233183 104.520546
v -129.100861 -1.517536 104.084511
v -129.997437 -1.234164 104.060829
v -129.483521 -1.518516 103.624763
v -132.054260 -1.518089 105.803352
v -131.671570 -1.517109 106.263069
v -131.157440 -1.517194 105.827370
v -131.540100 -1.518174 105.367622
v -130.081329 -2.887177 102.906380
v -130.451630 -3.570287 103.514809
v -130.376404 -2.886530 103.605293
v -129.937500 -3.570372 103.079079
v -132.636963 -2.203146 105.103218
v -131.813293 -2.202439 105.039314
v -132.676147 -2.886811 105.056007
v -131.852509 -2.886103 104.992134
v -131.299164 -2.202524 104.603615
v -131.181915 -2.882983 106.851112
v -130.595551 -3.566448 106.502083
v -130.556335 -2.882783 106.549263
v -131.331726 -3.566931 106.671059
v -128.649231 -2.199943 104.626930
v -129.163361 -2.199858 105.062660
v -128.611206 -2.883410 104.672523
v -129.253662 -2.883654 104.954079
v -129.576843 -2.199514 105.619301
v -131.324615 -1.633010 104.573128
v -130.851349 -2.202779 104.088234
v -130.894501 -1.519326 104.036446
v -130.394348 -1.881428 105.690651
v -129.746460 -1.516385 105.415657
v -130.091003 -2.199429 106.055000
v -129.516479 -4.250053 105.691536
v -129.818573 -1.682106 103.222237
v -130.337189 -2.202865 103.652473
v -130.262268 -1.658508 103.742561
v -129.936310 -2.203241 103.080696
v -130.285278 -3.981952 103.714607
v -132.649811 -3.570307 105.087593
v -131.925140 -4.253418 104.904640
v -131.994080 -3.570031 104.821938
v -131.838776 -1.632924 105.008827
v -132.456024 -1.345824 105.320717
v -130.908478 -1.881342 106.126381
v -131.219940 -2.199516 106.805519
v -130.594360 -2.199316 106.503700
v -131.566254 -1.516330 106.771858
v -131.372528 -4.008195 106.621956
v -129.234650 -4.250733 104.976723
v -128.787598 -4.108793 104.460396
v -129.164551 -3.566990 105.061043
v -128.650391 -3.567075 104.625343
v -128.754974 -1.650308 104.499977
v -129.232300 -1.516470 104.979958
v -130.810333 -4.029418 104.137215
v -131.324463 -4.029333 104.572945
v -130.030609 -4.249967 106.127235
v -129.868561 -4.253760 103.161781
v -130.777069 -4.250477 106.283852
v -132.363007 -4.347247 105.431984
v -132.432068 -1.185301 106.686195
v -133.246307 -2.202922 105.711372
v -133.247498 -3.570054 105.709755
v -133.078064 -4.117797 105.912483
v -132.807526 -4.252494 106.236305
v -132.434723 -4.251541 106.682594
v -132.108765 -4.163843 107.072731
v -131.947510 -3.566731 107.265877
v -131.955383 -2.883187 107.256599
v -132.027802 -2.199808 107.169991
v -128.850403 -1.098590 103.116219
v -128.388153 -1.274502 103.449593
v -127.842461 -2.112193 103.842781
v -127.899391 -2.795868 103.801338
v -128.054810 -4.027908 103.688484
v -128.390625 -4.163942 103.446175
v -129.455994 -3.482426 102.678017
v -129.444946 -2.798840 102.686348
v -129.353790 -2.115099 102.752510
v -191.556519 -22.389269 134.143433
v -192.713470 -22.182936 134.316528
v -192.591125 -22.389437 133.844879
v -191.678864 -22.182768 134.615082
v -192.372009 -22.532011 133.000061
v -191.337433 -22.531843 133.298615
v -191.341888 -18.988329 133.315765
v -191.157654 -19.194414 132.605438
v -192.192230 -19.194582 132.306915
v -192.376465 -18.988497 133.017212
v -191.560822 -18.983316 134.159912
v -192.595428 -18.983484 133.861359
v -191.713379 -19.209028 134.748016
v -192.747955 -19.209192 134.449493
v -191.079437 -21.942617 132.304016
v -192.206848 -22.589548 132.363342
v -192.114044 -21.942789 132.005463
v -191.172272 -22.589380 132.661865
v -191.058594 -20.960337 132.223541
v -192.093170 -20.960505 131.925049
v -191.081909 -19.977045 132.313507
v -192.116486 -19.977209 132.014984
v -191.731323 -19.962175 134.817291
v -192.765900 -19.962339 134.518768
v -191.752167 -20.944456 134.897736
v -192.786743 -20.944624 134.599213
v -191.815826 -21.925756 135.143158
v -192.850403 -21.925924 134.844604
v -195.663239 -22.347078 132.827362
v -195.818848 -22.343515 133.427246
v -194.628754 -22.289564 133.126190
v -193.606201 -22.334261 133.471161
v -189.455750 -22.346071 134.618561
v -189.611359 -22.342512 135.218445
v -188.421234 -22.291319 134.917358
v -190.502167 -22.563303 134.365662
v -195.507751 -22.267118 132.227905
v -194.473175 -22.272463 132.526398
v -193.426422 -22.338377 132.777954
v -189.300140 -22.349638 134.018707
v -188.079102 -22.338037 134.371124
v -190.322357 -22.567419 133.672424
v -195.352081 -22.354204 131.627625
v -193.283813 -22.354616 132.228180
v -189.144592 -22.353197 133.418823
v -188.129303 -22.260332 133.791718
v -190.142578 -22.571535 132.979218
v -194.320984 -19.560457 131.939667
v -195.396973 -19.865900 131.800659
v -194.477325 -18.953741 132.542480
v -195.511108 -19.597845 132.240814
v -193.250366 -19.343782 132.099243
v -193.430939 -18.736509 132.795380
v -188.113495 -19.559454 133.730865
v -189.148071 -19.559622 133.432343
v -188.269104 -19.555891 134.330750
v -189.303131 -19.990061 134.030121
v -190.325897 -19.773165 133.685944
v -190.146606 -19.343279 132.994843
v -194.632935 -18.950178 133.142334
v -195.666687 -19.594282 132.840698
v -193.610718 -18.732393 133.488586
v -188.424988 -19.299818 134.931854
v -189.458740 -19.986498 134.629974
v -190.505676 -19.769049 134.379181
v -195.793274 -19.735533 133.328644
v -194.787781 -19.549772 133.739288
v -193.789764 -19.331430 134.178894
v -189.571960 -20.176779 135.066559
v -188.580261 -19.548765 135.530487
v -190.643127 -19.958773 134.909088
v -194.290100 -21.656286 131.820557
v -195.324707 -21.656454 131.522034
v -194.317505 -22.354036 131.926147
v -193.214691 -21.765722 131.961609
v -189.117188 -21.655451 133.313232
v -188.035431 -21.656363 133.429840
v -190.110931 -21.765219 132.857208
v -194.354065 -20.956450 132.067200
v -195.367889 -20.957094 131.688660
v -193.276337 -20.957270 132.199341
v -188.020599 -20.958330 133.372681
v -189.041901 -20.958799 133.022919
v -190.033325 -20.959955 132.558014
v -194.370636 -20.257696 132.131104
v -195.384460 -20.258337 131.752563
v -193.295471 -20.149790 132.273193
v -188.037170 -20.259573 133.436615
v -189.042969 -20.260401 133.027008
v -190.036957 -20.152834 132.572021
v -195.849731 -20.247686 133.546356
v -194.905701 -20.245443 134.194092
v -193.911987 -20.135675 134.650116
v -188.639038 -20.245794 135.757111
v -189.593079 -20.355246 135.148071
v -190.668518 -20.245813 135.007019
v -195.929077 -20.944242 133.852264
v -194.920532 -20.943480 134.251251
v -193.929138 -20.942324 134.716156
v -188.527374 -20.946726 135.326538
v -189.597260 -20.946085 135.164124
v -190.674988 -20.945265 135.031982
v -195.912476 -21.643000 133.788361
v -194.813416 -21.644308 133.838135
v -193.819366 -21.751879 134.293121
v -188.497772 -21.645777 135.212433
v -189.580658 -21.644838 135.100189
v -190.655823 -21.752745 134.958099
v -194.737518 -22.067507 133.545715
v -193.738983 -22.283846 133.983185
v -188.514191 -22.226027 135.275787
v -190.681976 -22.559187 135.058868
v -187.208893 -20.258352 133.871155
v -187.747009 -20.944407 135.945892
v -187.717407 -20.246710 135.831757
v -187.728790 -19.491915 135.875641
v -187.390106 -22.349329 134.569855
v -187.277832 -19.810221 134.136932
v -187.277313 -22.213587 134.135040
v -196.345886 -19.214434 132.646667
v -196.074066 -19.811644 131.598755
v -196.186340 -22.350752 132.031647
v -196.341949 -22.347189 132.631531
v -196.545898 -21.644144 133.417847
v -196.543243 -20.945833 133.407684
v -196.513672 -20.248133 133.293579
v -180.098053 -22.447607 135.504730
v -180.329926 -22.412138 134.762512
v -179.536407 -22.413469 134.574951
v -179.304504 -22.448938 135.317169
v -179.530945 -19.827330 134.611389
v -180.324524 -19.825998 134.798950
v -179.330627 -19.819517 135.252960
v -180.124146 -19.818186 135.440491
v -179.928864 -20.937586 136.057587
v -179.097687 -21.642073 135.985260
v -179.170013 -20.940271 135.758850
v -179.891266 -21.640745 136.172821
v -179.842987 -20.966513 133.603882
v -180.676666 -21.671373 133.657837
v -180.636566 -20.965181 133.791443
v -179.883087 -21.672701 133.470245
v -181.716583 -22.351999 135.779907
v -181.916931 -22.359812 135.138336
v -181.123383 -22.361143 134.950775
v -180.923035 -22.353331 135.592346
v -178.742798 -22.401331 134.387604
v -177.949066 -22.314791 134.201294
v -178.542358 -22.357317 135.029663
v -177.748810 -22.364588 134.842041
v -181.116852 -19.249365 134.994598
v -181.911041 -19.541082 135.178009
v -180.916534 -19.241549 135.636169
v -181.710663 -19.533270 135.819611
v -177.742889 -19.539919 134.881836
v -177.943268 -19.547731 134.240234
v -178.736816 -19.546400 134.427795
v -178.536469 -19.538588 135.069366
v -181.401276 -20.930452 136.800018
v -180.684814 -21.639414 136.360382
v -180.722412 -20.936255 136.245148
v -181.478363 -21.638083 136.547943
v -177.439606 -20.232718 135.847809
v -178.395233 -20.237707 135.516449
v -177.420868 -20.936609 135.902618
v -178.376495 -20.941599 135.571289
v -179.188751 -20.236376 135.704010
v -178.203186 -20.967115 133.397522
v -179.036316 -21.671957 133.453094
v -179.055084 -20.968061 133.398254
v -178.126526 -21.668753 133.637787
v -182.149231 -20.254995 134.410004
v -181.355713 -20.256327 134.222443
v -182.170959 -20.960466 134.335297
v -181.310211 -20.959177 134.362915
v -180.614838 -20.259710 133.866119
v -179.173950 -19.648668 135.755798
v -179.947632 -20.233694 136.002777
v -179.923218 -19.528116 136.086029
v -179.661621 -19.926214 134.192200
v -180.524292 -19.551554 134.161346
v -179.821289 -20.261042 133.678558
v -180.651825 -22.375029 133.732178
v -181.535706 -19.694193 136.378662
v -180.741150 -20.232363 136.190338
v -180.778961 -19.672903 136.073425
v -181.475403 -20.228720 136.567780
v -180.772980 -22.067640 136.074890
v -177.436462 -21.641844 135.847504
v -178.342041 -22.349504 135.671234
v -178.304169 -21.643404 135.797699
v -178.380402 -19.650000 135.568237
v -177.532135 -19.353064 135.558136
v -178.868103 -19.927546 134.004639
v -178.181458 -20.261644 133.472229
v -179.033386 -20.262590 133.472931
v -177.808136 -19.554174 133.682831
v -178.106323 -22.122717 133.699158
v -181.323761 -22.368956 134.309204
v -182.081787 -22.219664 134.611542
v -181.358643 -21.665693 134.202606
v -182.152222 -21.664362 134.390137
v -182.092438 -19.685934 134.596069
v -181.317841 -19.550226 134.348907
v -179.973846 -22.117743 135.904846
v -179.180267 -22.119070 135.717316
v -179.858276 -22.376356 133.544617
v -181.516235 -22.344187 136.421448
v -178.943054 -22.372946 133.746552
v -177.588654 -22.449411 135.354340
v -177.299683 -19.809954 133.488647
v -177.150116 -19.390093 133.970642
v -176.949371 -19.200014 134.614746
v -176.718811 -19.476564 135.350983
v -176.733856 -20.238440 135.297211
v -176.693024 -21.646097 135.417511
v -176.780701 -22.264601 135.132263
v -177.301483 -22.234888 133.464905
v -177.388672 -20.263975 133.200317
v -182.621613 -19.380919 135.263794
v -182.771149 -19.800783 134.781830
v -182.837219 -20.958536 134.561768
v -182.863098 -21.664167 134.473663
v -182.772980 -22.225721 134.758057
v -182.627838 -22.359621 135.221832
v -182.427490 -22.351809 135.863403
v -182.252197 -22.255430 136.425446
v -182.164520 -21.636927 136.710693
v -182.167572 -20.932421 136.706116
v -182.205322 -20.229269 136.590393
v -170.505096 -20.304312 126.155251
v -169.901703 -20.274641 126.542885
v -170.583923 -20.266909 126.951637
v -171.187317 -20.296583 126.564003
v -170.621796 -17.737318 126.930672
v -169.939575 -17.745047 126.521919
v -171.143494 -17.725340 126.595589
v -170.461273 -17.733068 126.186836
v -170.854858 -18.851191 126.017525
v -171.395386 -19.509504 126.306313
v -171.213531 -18.824644 126.424049
v -170.724823 -19.519579 126.168983
v -169.798950 -18.858294 127.457710
v -169.343567 -19.551023 127.027412
v -169.454468 -18.859442 126.957100
v -169.688080 -19.549875 127.528023
v -169.866913 -20.089544 125.476570
v -169.368958 -20.089605 125.637306
v -169.319916 -20.231367 126.055672
v -169.892242 -20.219599 125.834480
v -171.156616 -20.247473 127.318275
v -171.318878 -20.164381 127.913185
v -171.450806 -20.205206 127.116737
v -171.888062 -20.208910 127.683449
v -169.603516 -17.183466 126.016640
v -169.368927 -17.659830 125.636116
v -169.937836 -17.175856 125.809273
v -169.866882 -17.659765 125.475349
v -171.929474 -17.446005 127.660591
v -171.359375 -17.457819 127.890785
v -170.970428 -17.460085 127.428993
v -171.492126 -17.448107 127.093910
v -170.643280 -18.874556 125.225319
v -170.387939 -19.518522 125.446999
v -170.286560 -18.831545 125.484413
v -170.455353 -19.482023 125.286293
v -172.786255 -18.117308 127.316170
v -171.853394 -18.128847 126.860939
v -172.662140 -18.806082 127.062416
v -171.895721 -18.816912 126.832832
v -171.171173 -18.136580 126.452156
v -170.607605 -18.851522 128.197418
v -170.327881 -19.540194 127.651283
v -170.280640 -18.852110 127.668831
v -170.819580 -19.536192 128.113373
v -168.780487 -18.267347 125.826363
v -168.972443 -18.173532 126.420692
v -168.730255 -18.874800 125.842873
v -169.084442 -18.859999 126.347847
v -169.517456 -18.168955 126.917580
v -171.215149 -17.561426 126.424690
v -170.917145 -18.135649 125.893501
v -170.987091 -17.445005 125.849464
v -170.280640 -17.836866 127.149666
v -169.422028 -17.480936 126.854713
v -169.861938 -18.167810 127.418190
v -169.401794 -20.238726 126.989113
v -170.302673 -17.804319 125.334724
v -170.239136 -18.143457 125.501045
v -170.136017 -17.597036 125.539528
v -170.455322 -18.267134 125.285683
v -170.132355 -19.939184 125.546791
v -172.782990 -19.495497 127.320564
v -171.972504 -20.193228 126.781685
v -172.077606 -19.501776 126.715096
v -171.897400 -17.553698 126.833473
v -172.387115 -17.259638 127.241188
v -170.821655 -17.830496 127.448097
v -170.675476 -18.161055 128.168457
v -170.348511 -18.161642 127.639870
v -170.982971 -17.467867 128.282501
v -170.873138 -19.979788 128.092712
v -169.036255 -20.239183 126.376930
v -168.958466 -19.963297 125.769753
v -168.951813 -19.552084 126.432106
v -168.780487 -19.482237 125.826973
v -168.918701 -17.778658 125.781502
v -169.077545 -17.482084 126.354103
v -170.831482 -19.978983 125.946053
v -171.175995 -19.977839 126.446632
v -169.746246 -20.237577 127.489723
v -170.364868 -20.089479 125.315804
v -170.587128 -20.223883 127.548134
v -172.343079 -20.288542 127.499947
v -171.887329 -17.068441 128.460419
v -172.447113 -17.235334 128.263977
v -172.858490 -17.631899 128.120453
v -173.099030 -18.067633 128.037140
v -173.020172 -18.758291 128.066956
v -173.078400 -19.446180 128.048553
v -172.813843 -20.004122 128.143311
v -172.403473 -20.148905 128.288116
v -171.841064 -20.160288 128.486023
v -171.350769 -20.082651 128.658264
v -171.140350 -18.796339 128.728424
v -169.693665 -17.578074 124.809822
v -168.472839 -18.288839 124.927559
v -168.449188 -18.580637 125.054726
v -168.459412 -19.738111 125.022713
v -168.706665 -20.187559 124.937080
v -169.225769 -20.228048 124.843636
v -169.952454 -18.993750 124.751686
v -198.830048 -20.189646 133.917908
v -197.778961 -21.318796 132.429993
v -197.222626 -21.516588 132.457825
v -198.345764 -21.333624 132.561707
v -198.957306 -21.022711 133.100464
v -198.848694 -21.048124 133.788696
v -197.719788 -21.642328 131.832092
v -197.089935 -21.893667 131.874451
v -198.400543 -21.329935 131.928497
v -199.065521 -21.307356 132.410767
v -196.957733 -21.897093 131.292908
v -198.455750 -21.328302 131.292847
v -199.174377 -21.059145 131.723602
v -197.725677 -18.447721 131.825928
v -196.987610 -19.248831 131.422668
v -197.664032 -18.824545 131.242371
v -197.093781 -18.817987 131.889343
v -198.411163 -17.944387 131.925262
v -198.465851 -18.262697 131.289520
v -199.070526 -17.304247 132.430145
v -199.178711 -17.627901 131.740234
v -197.784027 -18.453627 132.418243
v -197.225647 -19.096663 132.469543
v -198.356537 -17.948473 132.556976
v -198.961975 -17.300577 133.118500
v -197.839569 -18.833010 133.023773
v -197.357880 -19.093233 133.051056
v -198.301971 -18.275068 133.184418
v -198.852997 -17.616884 133.805328
v -197.661041 -21.645170 131.234406
v -196.899933 -21.200220 131.038177
v -197.651886 -20.942141 131.126953
v -198.444305 -20.556002 131.451233
v -199.227966 -20.203112 131.394928
v -196.887451 -20.502169 130.982849
v -197.673065 -20.241274 131.343109
v -198.452209 -19.787992 131.387329
v -199.239990 -19.345671 131.329620
v -196.936340 -19.802530 131.197418
v -197.679779 -19.532923 131.406677
v -198.449310 -19.022966 131.449677
v -199.197327 -18.486380 131.611053
v -197.848755 -19.557932 133.121643
v -197.438660 -19.789511 133.406860
v -198.288910 -19.037863 133.304108
v -198.832214 -18.474024 133.926208
v -197.854065 -20.256556 133.180176
v -197.451111 -20.487562 133.462158
v -198.280640 -19.803308 133.370728
v -198.820160 -19.331465 133.991516
v -197.848785 -20.943483 133.125336
v -197.379272 -21.187796 133.146545
v -198.283661 -20.570230 133.308136
v -197.828735 -21.264513 132.933350
v -197.354492 -21.762686 133.038147
v -198.291504 -21.339499 133.192169
v -196.190094 -19.398634 132.045929
v -196.525055 -19.493338 133.337433
v -196.478058 -22.255331 133.156250
v -196.073578 -22.215014 131.596832
v -196.003418 -21.656569 131.326172
v -196.023224 -20.957739 131.402679
v -196.005157 -20.259783 131.332947
v -175.197449 -20.943434 131.277588
v -174.475494 -20.689795 130.454041
v -174.603088 -20.928930 131.718079
v -173.882538 -20.581491 130.893738
v -173.287750 -20.595697 131.334473
v -174.222351 -21.219057 132.408051
v -173.413116 -20.986052 132.599762
v -172.741852 -17.345980 131.748199
v -173.343414 -16.879805 131.303711
v -174.065338 -17.133440 132.127228
v -173.463806 -17.599619 132.571716
v -173.938171 -16.865599 130.862976
v -174.660126 -17.119234 131.686523
v -174.526184 -17.303362 130.425995
v -175.248169 -17.556997 131.249542
v -172.691132 -20.732416 131.776215
v -172.909302 -20.151781 132.975464
v -172.187317 -19.898142 132.151917
v -172.861938 -19.306604 133.012939
v -172.139984 -19.052965 132.189392
v -173.343079 -18.448805 132.658783
v -172.621124 -18.195169 131.835266
v -174.621552 -18.147390 130.352936
v -175.343536 -18.401026 131.176483
v -174.925812 -18.986429 130.125122
v -175.647736 -19.240068 130.948639
v -174.853088 -19.834471 130.176605
v -175.575073 -20.088106 131.000153
v -175.906158 -20.347486 131.729553
v -175.766144 -21.386770 133.453491
v -176.268890 -21.583456 133.687775
v -175.341675 -21.407526 133.055878
v -175.247375 -21.181730 132.311523
v -175.794098 -21.196608 131.824982
v -172.996765 -20.360868 129.923676
v -173.471710 -20.269331 129.684418
v -173.077881 -20.355616 128.962799
v -172.519440 -20.099146 129.158447
v -173.766235 -20.636530 129.916626
v -173.171326 -20.332285 130.278900
v -175.494354 -21.702330 134.053162
v -176.069519 -21.952856 134.307373
v -174.949768 -21.392958 133.641785
v -174.696045 -21.472864 132.800568
v -172.447906 -20.362940 130.194702
v -171.953705 -20.333040 129.358215
v -172.571014 -20.342005 130.644226
v -175.869385 -21.945238 134.932281
v -174.556152 -21.380426 134.229797
v -174.152618 -21.238100 133.285278
v -171.904602 -20.556948 130.458557
v -171.451294 -20.214384 129.534607
v -175.474213 -18.478590 134.118591
v -175.903992 -19.275358 134.844269
v -175.212524 -18.848166 134.704529
v -176.063019 -18.849482 134.351074
v -174.926361 -17.976622 133.705841
v -174.534302 -18.286940 134.287964
v -174.755219 -17.522032 132.767853
v -174.203308 -17.851664 133.257263
v -172.472656 -17.425890 130.067291
v -171.498291 -17.693472 129.510468
v -171.991638 -17.798460 129.337219
v -171.951935 -17.752073 130.433533
v -172.026489 -17.447763 130.977997
v -172.634277 -16.985289 130.608521
v -175.744873 -18.495363 133.518250
v -176.263794 -19.141737 133.722137
v -175.317352 -17.991564 133.121307
v -175.302368 -17.508200 132.281097
v -172.556732 -17.609900 129.137848
v -173.025360 -17.409349 129.794342
v -173.234619 -16.975485 130.243195
v -176.026611 -18.889223 132.899200
v -176.463959 -19.149355 133.097229
v -175.707123 -18.331869 132.534576
v -175.844788 -17.810175 131.796936
v -173.086700 -17.670542 128.951599
v -173.608459 -17.709307 129.615509
v -173.827484 -17.418360 129.882050
v -175.221100 -21.694292 134.658722
v -175.779053 -21.237173 135.219604
v -175.168182 -20.982912 134.780609
v -174.649414 -20.603827 134.097290
v -173.900726 -20.398180 133.513641
v -171.691528 -19.864267 130.563171
v -171.298737 -19.702559 129.586731
v -171.872314 -19.862219 131.069824
v -171.965332 -20.665674 131.012543
v -175.757385 -20.531725 135.292572
v -175.264526 -20.279615 134.575287
v -174.604980 -19.827753 134.170227
v -173.858185 -19.552965 133.555756
v -171.522797 -19.089811 130.645844
v -171.252319 -19.014433 129.600983
v -171.827209 -19.058531 131.097931
v -175.828583 -19.829805 135.075592
v -175.290588 -19.565985 134.524414
v -174.638580 -19.056852 134.126221
v -174.091248 -18.700785 133.352692
v -171.595245 -18.382288 130.610413
v -171.319366 -18.324007 129.575317
v -171.902893 -18.253263 131.052551
v -176.074371 -19.622526 132.786133
v -176.589050 -19.858744 132.701355
v -175.786346 -19.103640 132.410217
v -175.931519 -18.654268 131.715546
v -173.488739 -18.280100 128.811981
v -173.691071 -18.428392 129.575531
v -173.921967 -18.220358 129.823883
v -176.104034 -20.328569 132.713409
v -176.610718 -20.564192 132.628357
v -175.832550 -19.877169 132.334869
v -175.974060 -19.499483 131.673401
v -173.625671 -18.966398 128.765900
v -173.539551 -19.150301 129.649994
v -173.967438 -19.023722 129.795532
v -176.081390 -21.020746 132.755524
v -176.504761 -21.264788 132.953918
v -175.798706 -20.649984 132.378998
v -173.190369 -19.664270 128.921112
v -173.660706 -19.855192 129.590729
v -173.891327 -19.829458 129.841156
v -175.995819 -21.341185 132.944366
v -176.469604 -21.842840 133.059296
v -175.731689 -21.424250 132.472321
v -171.234253 -17.360891 128.691071
v -171.260834 -18.104834 128.683960
v -171.117340 -19.485872 128.738586
v -177.365753 -20.967707 133.268524
v -177.391663 -21.673342 133.180450
v -177.156372 -22.368792 133.928650
v -176.956024 -22.360979 134.570221
v -176.696106 -20.941591 135.412933
v -169.741272 -17.985044 120.967751
v -169.426239 -20.297525 120.705391
v -168.577057 -20.207102 120.260414
v -168.464264 -18.377581 120.276619
vn -0.0527 0.9947 0.0888
vn -0.0131 0.9927 0.1199
vn -0.0587 0.9975 0.0399
vn 0.3068 0.9153 0.2612
vn -0.0612 0.9966 0.0560
vn -0.0085 0.9985 0.0541
vn -0.1026 0.9334 -0.3440
vn 0.0093 0.9428 -0.3333
vn 0.1756 -0.9843 -0.0206
vn -0.0693 -0.8585 -0.5081
vn 0.0693 -0.8585 -0.5081
vn 0.0358 -0.9938 -0.1050
vn 0.2262 -0.9698 0.0908
vn 0.0416 -0.9914 0.1241
vn 0.1667 -0.9276 0.3345
vn -0.0524 -0.9588 0.2793
vn 0.1173 0.4542 -0.8832
vn -0.1517 0.4776 -0.8654
vn 0.0586 0.0520 -0.9969
vn -0.2546 -0.0414 -0.9661
vn 0.0231 -0.4268 -0.9040
vn -0.2334 -0.3335 -0.9134
vn 0.6301 -0.7106 0.3131
vn 0.0969 -0.9796 -0.1763
vn -0.0955 0.9899 -0.1044
vn 0.0716 0.9841 -0.1625
vn 0.0316 0.9994 0.0129
vn 0.0135 0.9269 0.3751
vn 0.0068 0.8316 0.5553
vn -0.0018 0.9933 0.1156
vn -0.0545 0.9978 0.0389
vn -0.1070 0.8298 0.5476
vn 0.0162 0.9996 0.0214
vn 0.2808 0.6373 0.7176
vn 0.0882 0.9358 0.3414
vn 0.0746 0.9957 0.0549
vn 0.0126 0.9996 -0.0254
vn -0.0160 0.9997 0.0170
vn -0.0608 0.9979 0.0206
vn 0.0531 0.9986 0.0005
vn 0.0878 0.9920 -0.0904
vn -0.1395 0.8032 -0.5792
vn -0.0549 0.8411 -0.5381
vn -0.1111 0.9266 -0.3593
vn 0.1818 0.8314 -0.5250
vn 0.0145 0.8920 -0.4518
vn -0.2334 -0.3004 -0.9248
vn -0.2421 -0.9494 -0.1999
vn 0.0382 -0.6642 -0.7466
vn -0.0995 -0.9844 -0.1449
vn -0.2765 -0.4760 -0.8349
vn -0.0106 -0.9801 -0.1982
vn 0.0789 -0.8844 -0.4600
vn -0.0416 -0.9679 -0.2478
vn 0.1457 -0.9877 0.0574
vn 0.2479 -0.9275 -0.2797
vn -0.2302 -0.9545 0.1895
vn -0.0361 -0.9980 0.0518
vn -0.0106 -0.9801 0.1982
vn 0.0273 -0.9994 0.0200
vn 0.0900 -0.9911 0.0978
vn -0.1768 -0.8432 0.5076
vn -0.0290 -0.8461 0.5323
vn -0.0879 -0.8490 0.5210
vn 0.1729 -0.6504 0.7396
vn 0.2343 -0.8270 0.5111
vn -0.1063 -0.1616 -0.9811
vn -0.0129 -0.0132 -0.9998
vn -0.3175 0.1417 -0.9376
vn 0.1493 0.4530 -0.8789
vn 0.0774 0.3439 -0.9358
vn -0.0640 -0.3700 -0.9268
vn 0.1745 -0.2707 -0.9467
vn -0.3786 -0.3274 -0.8657
vn 0.1270 0.2713 -0.9541
vn 0.2461 -0.0256 -0.9689
vn -0.0808 0.1320 -0.9879
vn 0.2533 -0.2002 -0.9464
vn -0.3697 0.1235 -0.9209
vn 0.1607 -0.4020 -0.9014
vn 0.2821 -0.3267 -0.9021
vn -0.2238 -0.5991 0.7687
vn -0.2718 -0.4881 0.8294
vn 0.0812 -0.4630 0.8826
vn -0.2969 -0.7721 0.5618
vn -0.2463 -0.9072 0.3411
vn 0.1604 -0.1674 0.9728
vn 0.3495 -0.2298 0.9083
vn -0.1411 -0.0532 0.9886
vn -0.2221 0.3884 0.8943
vn 0.2612 -0.1242 0.9573
vn 0.2579 0.3765 0.8898
vn -0.0767 -0.2406 0.9676
vn 0.2473 0.0395 0.9681
vn 0.8723 -0.1129 0.4757
vn 0.0875 0.6516 0.7535
vn 0.0041 0.6587 0.7524
vn 0.1231 0.8111 0.5718
vn -0.6914 0.2125 0.6905
vn -0.6890 0.4688 0.5528
vn -0.9693 0.2436 0.0329
vn -0.0037 0.5233 0.8521
vn 0.3591 0.0573 0.9315
vn 0.7194 0.1859 0.6693
vn 0.8337 -0.0476 0.5501
vn -0.0947 0.5596 0.8234
vn -0.4418 0.8935 -0.0808
vn 0.0053 -0.9992 0.0393
vn -0.0082 -0.5959 0.8030
vn 0.0185 -0.9770 -0.2124
vn 0.0285 -0.8483 -0.5288
vn 0.0439 -0.2911 -0.9557
vn 0.2130 -0.1190 -0.9698
vn 0.1967 0.3315 -0.9227
vn 0.0337 0.9146 -0.4029
vn 0.0231 0.9957 -0.0897
vn -0.0243 0.9974 0.0680
vn 0.0160 0.9487 0.3158
vn -0.0679 0.5131 0.8556
vn -0.2527 -0.2699 0.9291
vn -0.0908 -0.1885 0.9779
vn -0.2704 0.5744 0.7726
vn 0.6567 0.4797 0.5819
vn -0.2546 0.3144 0.9145
vn 0.0469 0.9818 -0.1841
vn -0.0254 0.9995 0.0179
vn 0.0251 0.9995 0.0205
vn -0.2577 0.9380 -0.2318
vn 0.1993 -0.9793 0.0364
vn 0.1170 -0.9908 0.0679
vn -0.2363 -0.9715 -0.0168
vn -0.1838 -0.9824 0.0319
vn -0.0689 -0.2741 -0.9592
vn -0.5063 -0.3258 -0.7985
vn -0.3921 0.1334 -0.9102
vn 0.0109 0.2473 -0.9689
vn 0.4960 -0.2114 0.8422
vn 0.2959 -0.2427 0.9239
vn 0.2826 -0.0406 0.9584
vn 0.4876 -0.0014 0.8731
vn -0.0217 0.9986 -0.0482
vn 0.0424 0.9989 0.0180
vn -0.0055 0.9976 0.0684
vn 0.0524 0.9895 -0.1348
vn -0.0601 0.9976 0.0333
vn -0.0284 0.9996 0.0012
vn -0.0007 0.9945 0.1045
vn -0.0195 0.9986 0.0483
vn -0.1256 -0.9871 0.0990
vn -0.1087 -0.9687 -0.2231
vn 0.0204 -0.9963 0.0838
vn -0.0807 -0.9892 -0.1224
vn 0.1386 -0.9901 -0.0209
vn 0.2532 -0.9433 0.2147
vn 0.1536 -0.9838 0.0930
vn 0.1578 -0.9861 -0.0512
vn -0.0230 -0.1143 -0.9932
vn -0.2392 -0.2733 -0.9317
vn -0.1180 0.3744 -0.9197
vn -0.0127 0.5166 -0.8561
vn 0.0475 -0.2773 -0.9596
vn 0.0657 -0.0244 -0.9975
vn -0.0886 -0.0161 -0.9959
vn -0.1175 -0.2903 -0.9497
vn -0.5329 -0.0152 -0.8461
vn -0.1281 0.0997 0.9867
vn 0.3480 -0.0291 0.9370
vn 0.1929 0.3662 0.9103
vn -0.0139 0.4026 0.9153
vn -0.0355 -0.3863 0.9217
vn -0.1045 0.0923 0.9902
vn 0.0729 -0.0760 0.9944
vn 0.1187 0.0137 0.9928
vn 0.1261 -0.4170 0.9001
vn -0.4290 -0.6377 -0.6398
vn -0.0510 -0.0428 -0.9978
vn 0.0387 -0.6775 -0.7345
vn 0.0292 0.8338 -0.5514
vn -0.2712 0.7794 -0.5648
vn 0.1752 -0.9624 0.2078
vn -0.1719 -0.9033 0.3931
vn 0.4132 -0.6952 0.5883
vn 0.2253 0.7133 0.6637
vn 0.1602 0.8448 0.5106
vn -0.1515 -0.7637 -0.6276
vn -0.0466 -0.7730 -0.6327
vn -0.1406 -0.3021 -0.9429
vn -0.0359 -0.5013 -0.8645
vn -0.0410 0.7774 -0.6276
vn -0.0458 0.8738 -0.4842
vn -0.0328 0.3201 -0.9468
vn -0.1110 0.9527 -0.2830
vn 0.0288 0.8912 -0.4528
vn -0.2480 -0.1028 -0.9633
vn 0.1021 -0.8439 -0.5267
vn 0.0773 -0.8940 -0.4413
vn 0.3006 -0.8896 0.3439
vn 0.3281 -0.5601 0.7607
vn 0.0350 -0.4801 0.8765
vn 0.1117 -0.8841 0.4537
vn -0.0410 0.8721 0.4876
vn -0.0416 0.8189 0.5725
vn 0.2658 0.8299 0.4906
vn 0.3544 -0.0025 0.9351
vn 0.0216 0.8725 0.4882
vn -0.0992 0.3220 0.9415
vn 0.1021 -0.7904 0.6041
vn 0.0131 -0.7725 0.6349
vn 0.4814 -0.8400 0.2501
vn 0.3296 -0.9344 0.1354
vn 0.2194 -0.9751 -0.0326
vn 0.1356 -0.8462 -0.5154
vn 0.5820 -0.0599 -0.8110
vn 0.2938 -0.0722 -0.9531
vn 0.3565 0.3274 -0.8751
vn 0.1191 0.9729 -0.1980
vn -0.0659 0.9969 -0.0428
vn 0.0335 0.9953 0.0908
vn 0.2353 0.9063 0.3510
vn 0.6152 0.3781 0.6918
vn 0.5426 -0.0477 0.8387
vn 0.7276 0.6739 0.1282
vn -0.1563 -0.6043 -0.7812
vn -0.1165 -0.9930 -0.0191
vn 0.0095 -0.9686 0.2484
vn -0.0044 -0.8450 0.5348
vn -0.1425 -0.3887 0.9103
vn -0.1137 0.0664 0.9913
vn -0.1491 0.2675 0.9519
vn -0.0412 0.8965 0.4411
vn -0.0027 0.9964 0.0843
vn 0.0072 0.9991 -0.0419
vn 0.0773 0.8879 -0.4534
vn 0.2180 0.3609 -0.9067
vn 0.2517 -0.1002 -0.9626
vn -0.0738 -0.2250 -0.9716
vn 0.0390 0.9900 -0.1358
vn 0.0131 0.9927 -0.1199
vn 0.0198 0.9679 -0.2507
vn -0.0047 0.9628 -0.2700
vn 0.0612 0.9966 -0.0560
vn 0.0085 0.9985 -0.0541
vn 0.1026 0.9334 0.3440
vn -0.0093 0.9428 0.3333
vn -0.1756 -0.9843 0.0206
vn 0.0693 -0.8585 0.5081
vn -0.0693 -0.8585 0.5081
vn -0.0358 -0.9938 0.1050
vn -0.2262 -0.9698 -0.0908
vn -0.0416 -0.9914 -0.1241
vn -0.2025 -0.7127 -0.6716
vn 0.0154 -0.7207 -0.6931
vn -0.1173 0.4542 0.8832
vn 0.1517 0.4776 0.8654
vn -0.0586 0.0520 0.9969
vn 0.2546 -0.0414 0.9661
vn -0.0231 -0.4268 0.9040
vn 0.2334 -0.3335 0.9134
vn -0.1072 -0.1991 -0.9741
vn -0.1406 -0.2557 -0.9565
vn -0.1538 -0.2734 -0.9495
vn -0.1230 -0.2215 -0.9674
vn -0.2450 0.3854 -0.8897
vn 0.1538 0.4051 -0.9012
vn -0.0308 0.9994 -0.0160
vn -0.0307 0.9188 -0.3936
vn -0.0112 0.9266 -0.3760
vn 0.0018 0.9933 -0.1156
vn 0.0545 0.9978 -0.0389
vn 0.0916 0.9212 -0.3782
vn -0.0922 0.9957 -0.0059
vn -0.2662 0.5428 -0.7965
vn 0.0301 0.6822 -0.7305
vn -0.0068 0.9984 -0.0570
vn 0.0038 0.9998 -0.0171
vn 0.0295 0.6192 -0.7847
vn -0.0137 0.9998 0.0168
vn 0.0160 0.9997 -0.0170
vn 0.0608 0.9979 -0.0206
vn -0.0830 0.9965 0.0034
vn -0.0073 0.9994 0.0326
vn -0.0447 0.9989 -0.0111
vn 0.2234 0.7725 0.5944
vn 0.0549 0.8411 0.5380
vn 0.1111 0.9266 0.3593
vn -0.1608 0.8020 0.5753
vn -0.0109 0.9202 0.3914
vn -0.1719 0.8243 0.5394
vn 0.2334 -0.3004 0.9248
vn 0.2421 -0.9494 0.1999
vn -0.0963 -0.6045 0.7908
vn 0.0265 -0.9876 0.1546
vn 0.2765 -0.4760 0.8349
vn 0.0106 -0.9801 0.1982
vn -0.1190 -0.9075 0.4028
vn 0.1117 -0.9888 0.0990
vn -0.0404 -0.9788 0.2006
vn 0.0899 -0.9859 -0.1414
vn -0.2719 -0.9515 -0.1441
vn -0.1953 -0.9348 0.2966
vn 0.2302 -0.9545 -0.1895
vn 0.0658 -0.9937 -0.0903
vn 0.0106 -0.9801 -0.1982
vn 0.2058 -0.9782 -0.0282
vn 0.1342 -0.9855 -0.1038
vn -0.3040 -0.9488 -0.0858
vn 0.1768 -0.8432 -0.5076
vn 0.1006 -0.8672 -0.4877
vn 0.0391 -0.8382 -0.5440
vn 0.1273 -0.7932 -0.5955
vn 0.1094 -0.8648 -0.4901
vn -0.2926 -0.7774 -0.5567
vn 0.1063 -0.1616 0.9811
vn 0.0415 0.0328 0.9986
vn 0.3175 0.1417 0.9376
vn -0.0010 0.4624 0.8867
vn -0.0982 0.4924 0.8648
vn -0.2246 0.4214 0.8786
vn 0.0640 -0.3700 0.9268
vn -0.1575 -0.3171 0.9352
vn 0.3786 -0.3274 0.8657
vn -0.1190 0.0699 0.9904
vn -0.1476 0.3411 0.9283
vn -0.1243 0.3099 0.9426
vn 0.0808 0.1320 0.9880
vn -0.1277 -0.2048 0.9704
vn 0.3697 0.1235 0.9209
vn -0.1381 -0.4237 0.8952
vn -0.1593 -0.4050 0.9003
vn -0.1248 -0.4083 0.9043
vn 0.1548 -0.5740 -0.8041
vn 0.2718 -0.4881 -0.8294
vn -0.0961 -0.4766 -0.8739
vn 0.0857 0.0486 -0.9951
vn -0.0286 -0.3306 -0.9434
vn -0.2142 -0.3375 -0.9166
vn 0.1858 -0.2237 -0.9568
vn 0.2238 0.3086 -0.9245
vn -0.1192 0.2929 -0.9487
vn 0.1543 0.4858 -0.8603
vn -0.2037 0.0633 -0.9770
vn -0.2087 0.0467 -0.9769
vn -0.0094 0.4567 -0.8896
vn 0.0243 0.7701 -0.6375
vn 0.0690 0.7173 -0.6933
vn 0.1260 0.0302 -0.9916
vn -0.2240 -0.0706 -0.9720
vn -0.1724 -0.0023 -0.9850
vn -0.0696 0.9971 0.0301
vn -0.1238 0.9917 0.0342
vn -0.0595 0.9959 -0.0680
vn 0.2789 -0.8999 0.3353
vn -0.0480 -0.9179 0.3939
vn 0.0617 -0.9374 0.3429
vn -0.2008 -0.8352 0.5119
vn -0.5182 0.8118 -0.2691
vn 0.0135 0.9269 0.3750
vn 0.0922 0.9957 0.0059
vn 0.2662 0.5428 0.7965
vn -0.1017 0.7072 0.6997
vn -0.0055 0.9985 0.0546
vn 0.0171 0.9998 -0.0036
vn 0.1433 0.6412 0.7539
vn 0.0830 0.9965 -0.0034
vn 0.0021 0.9993 -0.0369
vn 0.0447 0.9989 0.0111
vn -0.1395 0.8032 -0.5791
vn -0.0549 0.8411 -0.5380
vn 0.1608 0.8020 -0.5753
vn 0.0279 0.9159 -0.4004
vn 0.1719 0.8243 -0.5394
vn 0.1469 -0.8996 -0.4113
vn -0.1000 -0.9900 -0.0996
vn 0.0404 -0.9788 -0.2006
vn -0.0899 -0.9859 0.1414
vn 0.2719 -0.9515 0.1441
vn 0.1953 -0.9348 -0.2966
vn -0.2106 -0.9774 0.0180
vn -0.1342 -0.9855 0.1038
vn 0.3040 -0.9488 0.0858
vn -0.0685 -0.8439 0.5322
vn -0.1889 -0.7947 0.5768
vn -0.1095 -0.8648 0.4901
vn 0.4094 -0.7944 0.4486
vn 0.0477 0.4575 -0.8879
vn 0.0982 0.4924 -0.8648
vn 0.2246 0.4214 -0.8786
vn 0.1697 0.0700 -0.9830
vn 0.1476 0.3411 -0.9283
vn 0.1243 0.3099 -0.9426
vn -0.0808 0.1320 -0.9880
vn 0.1851 -0.4182 -0.8893
vn 0.1593 -0.4050 -0.9003
vn 0.1248 -0.4083 -0.9043
vn 0.0872 -0.4695 0.8786
vn -0.3117 -0.6474 0.6955
vn -0.1695 0.0355 0.9849
vn 0.0286 -0.3306 0.9434
vn 0.3798 -0.2626 0.8870
vn 0.5914 -0.7824 0.1951
vn 0.2381 -0.1287 0.9627
vn 0.2298 0.3704 0.9000
vn -0.2304 0.4736 0.8501
vn 0.2037 0.0633 0.9770
vn 0.2995 0.0423 0.9531
vn 0.8356 -0.0901 0.5418
vn 0.1113 0.8314 0.5444
vn -0.0055 0.5411 0.8409
vn -0.6716 0.1857 0.7173
vn -0.7820 0.5041 0.3664
vn -0.1999 0.0297 0.9794
vn 0.2240 -0.0706 0.9720
vn 0.2742 -0.0237 0.9614
vn 0.3723 0.7365 0.5648
vn 0.8649 0.2451 0.4380
vn -0.0766 0.5648 0.8217
vn 0.0171 -0.3920 -0.9198
vn -0.0031 0.0214 -0.9998
vn -0.0323 0.3151 -0.9485
vn -0.1079 -0.0580 0.9925
vn -0.1003 0.3181 0.9427
vn 0.1310 -0.2613 0.9563
vn 0.0320 0.8784 0.4769
vn 0.1992 -0.5375 0.8194
vn 0.0310 0.9978 0.0588
vn 0.1013 -0.9948 0.0104
vn 0.0081 0.9975 -0.0703
vn 0.0348 -0.9655 -0.2579
vn -0.0315 0.9189 -0.3931
vn -0.0521 -0.8939 -0.4453
vn -0.0869 0.2015 0.9756
vn 0.6122 0.2847 0.7377
vn -0.1221 0.1372 0.9830
vn 0.8508 -0.0533 0.5228
vn 0.1795 0.9831 0.0354
vn 0.1630 0.9866 0.0118
vn 0.3151 0.9489 0.0184
vn 0.3324 0.9430 -0.0140
vn 0.0756 0.9953 0.0608
vn 0.0731 0.9973 0.0071
vn -0.3974 0.9122 0.0998
vn -0.3918 0.9200 -0.0049
vn -0.0412 -0.9848 -0.1689
vn -0.5765 -0.8142 0.0686
vn -0.5778 -0.8142 -0.0574
vn -0.1288 -0.9912 -0.0304
vn 0.1160 -0.9672 -0.2258
vn 0.1541 -0.9873 -0.0397
vn 0.7035 -0.6830 -0.1965
vn 0.7308 -0.6825 0.0094
vn -0.9213 0.3805 -0.0802
vn -0.9054 0.4037 0.1311
vn -0.9985 0.0406 -0.0359
vn -0.9759 -0.0358 0.2150
vn -0.9391 -0.3435 -0.0113
vn -0.9442 -0.2664 0.1938
vn 0.9840 -0.1522 -0.0922
vn 0.9727 -0.1972 -0.1221
vn 0.9687 -0.2126 -0.1281
vn 0.9798 -0.1708 -0.1039
vn 0.8874 0.4098 -0.2111
vn 0.8966 0.4272 0.1166
vn 0.0034 0.9994 -0.0357
vn 0.4492 0.8918 -0.0547
vn 0.4771 0.8787 -0.0139
vn 0.1507 0.9886 0.0006
vn 0.0470 0.9973 0.0556
vn 0.4455 0.8913 0.0838
vn 0.0052 0.9957 -0.0929
vn 0.7835 0.5790 -0.2253
vn 0.7237 0.6861 0.0740
vn 0.0733 0.9973 0.0049
vn 0.0182 0.9998 0.0064
vn 0.7597 0.6498 0.0238
vn -0.0274 0.9996 -0.0083
vn 0.0242 0.9996 0.0150
vn 0.0240 0.9980 0.0579
vn -0.0044 0.9964 -0.0846
vn -0.0465 0.9989 -0.0021
vn 0.0116 0.9990 -0.0431
vn -0.5930 0.7955 0.1249
vn -0.5662 0.8226 0.0536
vn -0.4257 0.8981 0.1100
vn -0.6116 0.7793 -0.1367
vn -0.4705 0.8822 -0.0189
vn -0.5777 0.8038 -0.1422
vn -0.9335 -0.2995 0.1972
vn -0.2536 -0.9370 0.2403
vn -0.7989 -0.6013 -0.0162
vn -0.1881 -0.9769 0.1014
vn -0.8655 -0.4521 0.2157
vn -0.2496 -0.9683 0.0127
vn -0.4690 -0.8734 -0.1308
vn -0.1293 -0.9877 0.0884
vn -0.2267 -0.9735 -0.0297
vn 0.1872 -0.9781 0.0905
vn 0.1823 -0.9453 -0.2707
vn -0.3239 -0.9255 -0.1965
vn 0.2483 -0.9426 0.2232
vn 0.0733 -0.9966 0.0390
vn 0.2498 -0.9683 0.0079
vn 0.0203 -0.9782 0.2069
vn 0.1385 -0.9814 0.1332
vn 0.1092 -0.9459 -0.3055
vn 0.6151 -0.7731 0.1547
vn 0.6149 -0.7881 0.0281
vn 0.6379 -0.7696 0.0287
vn 0.6399 -0.7488 0.1727
vn 0.5867 -0.8041 0.0962
vn 0.6272 -0.7290 -0.2743
vn -0.9871 -0.1328 0.0899
vn -0.9997 -0.0111 0.0204
vn -0.9608 0.1191 0.2502
vn -0.9203 0.3905 -0.0256
vn -0.9136 0.4005 -0.0707
vn -0.9258 0.3391 -0.1672
vn -0.9530 -0.2969 0.0606
vn -0.9694 -0.2114 -0.1250
vn -0.9101 -0.2651 0.3183
vn -0.9909 0.0546 -0.1230
vn -0.9547 0.2787 -0.1046
vn -0.9633 0.2534 -0.0879
vn -0.9916 0.1074 0.0723
vn -0.9699 -0.1546 -0.1883
vn -0.9463 0.0983 0.3079
vn -0.9288 -0.3433 -0.1399
vn -0.9328 -0.3420 -0.1141
vn -0.9342 -0.3447 -0.0917
vn 0.8467 -0.5020 0.1762
vn 0.8835 -0.4191 0.2092
vn 0.9092 -0.4077 -0.0839
vn 0.9906 0.0467 0.1282
vn 0.9631 -0.2676 -0.0290
vn 0.9457 -0.2722 -0.1775
vn 0.9741 -0.1880 0.1257
vn 0.9495 0.2683 0.1626
vn 0.9602 0.2578 -0.1070
vn 0.8963 0.4028 0.1853
vn 0.9851 0.0488 -0.1651
vn 0.9850 0.0359 -0.1689
vn 0.9252 0.3791 -0.0184
vn 0.7362 0.6765 0.0175
vn 0.7833 0.6196 0.0503
vn 0.9869 0.0242 0.1594
vn 0.9820 -0.0555 -0.1805
vn 0.9897 -0.0014 -0.1429
vn 0.3578 -0.9320 0.0575
vn 0.5532 -0.8319 -0.0437
vn -0.0998 -0.9942 -0.0410
vn -0.6085 -0.7887 0.0876
vn -0.8870 -0.4586 -0.0536
vn -0.9938 -0.0853 0.0720
vn -0.9850 0.0905 0.1472
vn -0.5205 0.8531 0.0362
vn -0.1357 0.9901 -0.0346
vn 0.0241 0.9992 -0.0332
vn 0.3888 0.9202 -0.0465
vn 0.8579 0.5003 0.1169
vn 0.9988 0.0485 0.0084
vn 0.9830 -0.1747 -0.0570
vn -0.0153 0.9997 0.0205
vn -0.0639 0.9783 -0.1973
vn 0.1349 -0.9891 0.0584
vn 0.0997 -0.9937 0.0512
vn -0.0689 -0.2740 -0.9593
vn -0.0945 -0.3567 -0.9294
vn -0.0335 0.1453 -0.9888
vn 0.0163 -0.2451 0.9694
vn -0.1006 -0.0053 0.9949
vn -0.0150 0.9984 -0.0548
vn -0.0022 0.9975 0.0707
vn -0.0706 0.9973 0.0207
vn 0.0021 0.9998 -0.0217
vn -0.0048 0.9942 0.1078
vn -0.0185 0.9989 0.0430
vn -0.0148 -0.9991 0.0394
vn 0.0177 -0.9927 -0.1193
vn 0.0383 -0.9989 -0.0269
vn 0.0975 -0.9780 0.1843
vn 0.1713 -0.9824 0.0746
vn 0.1335 -0.9892 -0.0604
vn 0.0171 -0.1208 -0.9925
vn 0.0201 0.5206 -0.8536
vn 0.1176 -0.3037 -0.9455
vn 0.1187 -0.0248 -0.9926
vn 0.3627 -0.0150 -0.9318
vn 0.3167 -0.3004 -0.8997
vn -0.1011 -0.0163 -0.9947
vn -0.1198 0.1177 0.9858
vn -0.2009 -0.0500 0.9783
vn -0.3915 0.3537 0.8495
vn -0.0554 0.4030 0.9135
vn -0.0449 -0.2836 0.9579
vn -0.1436 0.0336 0.9891
vn -0.1080 -0.7395 -0.6645
vn 0.0467 0.8441 -0.5342
vn -0.0573 -0.9686 0.2418
vn 0.0112 -0.6545 0.7560
vn -0.1460 0.7449 0.6510
vn -0.0414 -0.8131 -0.5806
vn -0.0784 -0.4589 -0.8850
vn -0.0073 0.7767 -0.6299
vn 0.0354 0.3148 -0.9485
vn -0.0983 0.9528 -0.2874
vn 0.2257 0.8037 -0.5506
vn 0.2757 -0.0937 -0.9567
vn 0.3417 -0.7093 -0.6165
vn -0.0289 -0.8935 -0.4481
vn 0.0439 -0.9212 0.3867
vn -0.1168 -0.6246 0.7722
vn -0.0422 -0.5088 0.8599
vn 0.2785 -0.8293 0.4844
vn -0.2581 0.8973 0.3582
vn -0.0520 0.8251 0.5626
vn 0.2657 0.8299 0.4906
vn -0.0040 0.8771 0.4803
vn -0.1444 0.3406 0.9290
vn -0.1261 -0.8192 0.5595
vn 0.0699 -0.8274 -0.5573
vn -0.0035 -0.9827 -0.1854
vn -0.0082 -0.9996 0.0278
vn 0.0304 -0.6327 0.7738
vn -0.0501 -0.1587 0.9861
vn -0.2723 -0.1884 0.9436
vn -0.1755 0.3843 0.9064
vn -0.1160 0.8830 0.4547
vn -0.0132 0.9987 0.0487
vn 0.0077 0.9969 -0.0788
vn 0.0884 0.8919 -0.4435
vn 0.1941 0.3504 -0.9163
vn 0.1927 -0.0270 -0.9809
vn 0.0912 -0.3314 -0.9391
vn -0.0469 0.9818 0.1841
vn 0.0153 0.9997 -0.0205
vn -0.0251 0.9995 -0.0205
vn 0.0639 0.9783 0.1973
vn -0.1349 -0.9891 -0.0584
vn -0.0997 -0.9937 -0.0512
vn 0.2363 -0.9715 0.0168
vn 0.1838 -0.9824 -0.0319
vn 0.0689 -0.2741 0.9592
vn 0.0945 -0.3567 0.9294
vn 0.0335 0.1452 0.9888
vn -0.0109 0.2473 0.9689
vn -0.0163 -0.2451 -0.9694
vn -0.2959 -0.2427 -0.9239
vn -0.2826 -0.0406 -0.9584
vn 0.1006 -0.0053 -0.9949
vn 0.0217 0.9986 0.0482
vn -0.0424 0.9989 -0.0180
vn 0.0055 0.9976 -0.0684
vn -0.0524 0.9895 0.1348
vn -0.0017 0.9991 0.0431
vn 0.0282 0.9995 -0.0107
vn 0.1256 -0.9871 -0.0990
vn 0.1087 -0.9687 0.2231
vn -0.0204 -0.9963 -0.0838
vn 0.0807 -0.9892 0.1224
vn -0.1310 -0.9894 0.0624
vn -0.1982 -0.9725 -0.1219
vn 0.0230 -0.1143 0.9932
vn 0.2392 -0.2733 0.9317
vn 0.1180 0.3744 0.9197
vn 0.0127 0.5166 0.8561
vn -0.2721 -0.0157 0.9621
vn -0.2190 -0.3073 0.9261
vn 0.1011 -0.0163 0.9947
vn 0.2041 0.0432 -0.9780
vn 0.4225 0.3060 -0.8531
vn 0.0355 -0.3863 -0.9217
vn 0.1045 0.0923 -0.9902
vn -0.0729 -0.0760 -0.9944
vn -0.1187 0.0137 -0.9928
vn -0.1261 -0.4170 -0.9001
vn 0.1080 -0.7395 0.6645
vn 0.0510 -0.0428 0.9978
vn -0.0387 -0.6775 0.7345
vn -0.0292 0.8338 0.5513
vn -0.0467 0.8441 0.5342
vn 0.0573 -0.9686 -0.2418
vn 0.1719 -0.9033 -0.3931
vn -0.0112 -0.6545 -0.7560
vn -0.2253 0.7133 -0.6637
vn 0.1460 0.7449 -0.6510
vn 0.1515 -0.7637 0.6276
vn 0.0466 -0.7730 0.6327
vn 0.1406 -0.3021 0.9429
vn 0.0359 -0.5013 0.8645
vn 0.0410 0.7774 0.6276
vn 0.0458 0.8738 0.4842
vn -0.1656 -0.0933 0.9818
vn -0.1672 0.8071 0.5663
vn -0.2272 -0.6991 0.6779
vn -0.2039 -0.9070 -0.3684
vn -0.1259 -0.6067 -0.7849
vn 0.1855 0.9091 -0.3730
vn -0.2657 0.8299 -0.4906
vn -0.3544 -0.0025 -0.9351
vn -0.0216 0.8725 -0.4882
vn 0.0992 0.3220 -0.9415
vn -0.1021 -0.7904 -0.6040
vn -0.0131 -0.7725 -0.6349
vn -0.2662 0.5429 -0.7965
vn 0.1079 0.7047 -0.7012
vn 0.0071 0.9984 -0.0555
vn -0.0126 0.9999 -0.0010
vn -0.1077 0.6385 -0.7621
vn 0.0127 0.9998 0.0171
vn 0.0668 0.9267 0.3699
vn -0.0835 -0.9084 0.4096
vn 0.0606 -0.9967 0.0542
vn 0.0861 -0.9959 -0.0268
vn 0.0781 -0.8450 -0.5290
vn -0.2926 -0.7775 -0.5567
vn -0.0196 0.4064 0.9135
vn -0.2534 0.0474 0.9662
vn -0.2638 -0.3625 0.8938
vn 0.2444 0.0428 -0.9687
vn -0.2278 -0.3447 -0.9106
vn 0.2399 0.4794 -0.8441
vn -0.2328 0.0466 -0.9714
vn 0.1961 0.0292 -0.9801
vn -0.1943 -0.0375 -0.9802
vn -0.2379 0.9698 -0.0543
vn 0.0324 0.9806 0.1936
vn 0.0303 0.9987 -0.0401
vn -0.2026 0.9639 0.1728
vn 0.1129 -0.9869 0.1156
vn 0.0741 -0.9881 0.1348
vn -0.0521 -0.9724 0.2276
vn 0.0716 -0.9823 0.1730
vn -0.9778 -0.2019 0.0563
vn -0.9300 -0.2654 0.2544
vn -0.9725 0.1204 0.1996
vn -0.9772 0.2121 -0.0047
vn 0.9568 -0.1425 0.2533
vn 0.9568 -0.1929 -0.2173
vn 0.9762 -0.0392 -0.2133
vn 0.9427 0.0041 0.3335
vn -0.0528 0.9986 -0.0075
vn 0.0180 0.9981 -0.0594
vn 0.0991 0.9945 -0.0334
vn -0.1844 0.9809 -0.0614
vn -0.0779 0.7484 0.6586
vn 0.0052 0.8115 0.5843
vn 0.0641 -0.9963 0.0573
vn 0.1376 -0.9811 0.1364
vn -0.2822 -0.9517 0.1205
vn -0.1411 -0.9891 0.0433
vn -0.1514 -0.8790 0.4522
vn 0.1626 -0.8469 0.5064
vn -0.9917 -0.0988 0.0816
vn -0.9619 -0.2024 0.1839
vn -0.9455 0.3150 0.0825
vn -0.9118 0.4051 0.0681
vn -0.6383 -0.2562 0.7259
vn -0.6954 -0.1752 0.6969
vn -0.9621 -0.0143 0.2723
vn 0.6615 0.2131 0.7190
vn 0.7500 0.0382 0.6603
vn 0.9763 -0.2162 0.0130
vn 0.9970 0.0263 0.0726
vn 0.9972 -0.0510 -0.0540
vn 0.9952 0.0020 -0.0983
vn 0.9385 -0.3371 -0.0754
vn -0.5976 -0.7111 0.3704
vn -0.9988 -0.0267 0.0400
vn -0.6769 -0.7360 -0.0082
vn -0.6598 0.7507 -0.0314
vn -0.6569 0.7474 0.0995
vn 0.2826 -0.9235 0.2595
vn 0.4056 -0.8998 0.1608
vn 0.7948 -0.5647 0.2222
vn 0.6878 0.7033 -0.1798
vn 0.6456 0.6933 0.3202
vn -0.6315 -0.7636 0.1341
vn -0.7346 -0.6753 0.0661
vn -0.9688 -0.2233 0.1075
vn -0.9182 -0.3560 0.1735
vn -0.6173 0.7854 0.0450
vn -0.5889 0.8081 0.0130
vn -0.4124 0.5440 0.7308
vn -0.7004 -0.0377 0.7128
vn -0.4998 -0.5693 0.6527
vn 0.6598 -0.4512 0.6009
vn 0.3425 -0.8136 0.4697
vn 0.3160 0.6614 0.6803
vn 0.5529 0.7999 -0.2334
vn 0.9670 -0.0135 -0.2543
vn 0.5672 0.8230 -0.0317
vn 0.9587 0.2755 0.0704
vn 0.6463 -0.7527 0.1253
vn 0.6900 -0.7234 0.0239
vn -0.6341 -0.7567 0.1592
vn -0.2488 -0.9463 0.2065
vn 0.0065 -0.9297 0.3682
vn 0.7486 -0.6269 0.2157
vn 0.9717 -0.0624 0.2280
vn 0.9885 -0.0347 0.1473
vn 0.9507 0.3056 -0.0525
vn 0.5036 0.8431 -0.1888
vn 0.0692 0.9749 -0.2118
vn -0.1042 0.9751 -0.1957
vn -0.5135 0.8445 -0.1519
vn -0.9594 0.2413 -0.1463
vn -0.9555 -0.0676 -0.2872
vn -0.9846 -0.1725 -0.0267
vn 0.1705 0.3308 0.9282
vn 0.2472 0.0864 0.9651
vn 0.2632 -0.4164 0.8703
vn -0.2105 0.2879 0.9342
vn -0.2107 -0.0276 0.9772
vn -0.1265 -0.3625 0.9233
vn 0.2363 0.9689 -0.0730
vn -0.0318 0.9978 -0.0576
vn -0.0326 0.9840 0.1750
vn 0.2022 0.9673 0.1529
vn -0.1115 -0.9847 0.1342
vn 0.0544 -0.9677 0.2462
vn -0.0721 -0.9856 0.1531
vn -0.0687 -0.9789 0.1923
vn 0.9788 -0.1976 0.0540
vn 0.9730 0.1287 0.1918
vn 0.9333 -0.2540 0.2540
vn 0.9767 0.2141 -0.0139
vn -0.9556 -0.1352 0.2618
vn -0.9771 -0.0492 -0.2068
vn -0.9568 -0.2032 -0.2081
vn -0.9407 0.0135 0.3390
vn 0.0487 0.9986 -0.0188
vn -0.0915 0.9953 -0.0303
vn -0.0198 0.9968 -0.0770
vn 0.1829 0.9799 -0.0797
vn 0.0795 0.7653 0.6388
vn -0.0030 0.8256 0.5642
vn -0.1027 -0.9937 0.0438
vn 0.2848 -0.9485 0.1390
vn -0.1359 -0.9781 0.1574
vn 0.1515 -0.9801 0.1284
vn 0.1569 -0.8677 0.4717
vn -0.1589 -0.8342 0.5281
vn 0.9955 -0.0879 0.0342
vn 0.9444 0.3206 0.0724
vn 0.9641 -0.1935 0.1819
vn 0.9125 0.4089 0.0126
vn 0.6437 -0.2288 0.7303
vn 0.7015 -0.1474 0.6973
vn 0.9637 -0.0017 0.2668
vn -0.6566 0.2363 0.7163
vn -0.7459 0.0601 0.6633
vn -0.9490 -0.2963 0.1078
vn -0.9973 -0.0551 -0.0487
vn -0.9865 0.0743 0.1456
vn -0.9957 -0.0038 -0.0924
vn -0.9376 -0.3418 -0.0638
vn 0.6014 -0.7010 0.3833
vn 0.9992 -0.0230 0.0342
vn 0.6782 -0.7348 0.0034
vn 0.6586 0.7510 -0.0484
vn 0.6552 0.7510 0.0820
vn -0.2808 -0.9183 0.2793
vn -0.4032 -0.8968 0.1819
vn -0.7935 -0.5599 0.2384
vn -0.6914 0.6968 -0.1906
vn -0.6443 0.7003 0.3072
vn 0.6828 -0.7110 0.1682
vn 0.9704 -0.2171 0.1058
vn 0.7370 -0.6719 0.0729
vn 0.9178 -0.3923 0.0611
vn 0.6361 0.7716 -0.0040
vn 0.5878 0.8090 -0.0049
vn 0.4143 0.5657 0.7130
vn 0.7053 -0.0118 0.7088
vn 0.5044 -0.5503 0.6654
vn -0.6574 -0.4341 0.6159
vn -0.3408 -0.8029 0.4890
vn -0.3115 0.6792 0.6645
vn -0.5578 0.7931 -0.2445
vn -0.5549 0.8319 0.0015
vn -0.9684 -0.0255 -0.2479
vn -0.9538 0.2636 0.1438
vn -0.6598 -0.7514 0.0072
vn -0.6881 -0.7244 0.0409
vn -0.1655 0.3610 0.9178
vn -0.2412 0.1213 0.9629
vn -0.2581 -0.3911 0.8834
vn 0.2150 0.3186 0.9232
vn 0.2166 0.0092 0.9762
vn 0.1326 -0.3321 0.9339
vn -0.0715 -0.9589 0.2746
vn 0.4656 -0.8171 0.3398
vn 0.5159 -0.8045 0.2945
vn 0.0389 -0.9391 0.3416
vn -0.3578 -0.8471 0.3930
vn -0.3246 -0.9278 0.1840
vn -0.7817 -0.5775 0.2354
vn -0.8004 -0.5604 0.2130
vn -0.4893 0.8554 -0.1696
vn -0.6951 0.7105 -0.1095
vn -0.2695 0.9235 -0.2729
vn -0.1005 0.9274 -0.3604
vn 0.1115 0.9362 -0.3334
vn -0.0139 0.9593 -0.2820
vn 0.4003 0.8834 -0.2438
vn 0.4377 0.8649 -0.2457
vn 0.9326 0.3610 -0.0050
vn 0.8938 0.4245 -0.1449
vn 0.9741 0.0139 0.2258
vn 0.9940 -0.0601 -0.0913
vn 0.9106 -0.3251 0.2553
vn 0.9516 -0.3052 0.0374
vn -0.9907 -0.0670 0.1184
vn -0.9996 -0.0146 0.0254
vn -0.9506 0.2929 0.1026
vn -0.9520 0.3043 -0.0336
vn -0.9214 0.3753 0.1012
vn -0.9190 0.3935 -0.0246
vn -0.0880 -0.9356 0.3418
vn 0.6593 -0.6605 0.3593
vn 0.6056 -0.7590 0.2389
vn -0.0052 -0.9160 0.4011
vn 0.0187 -0.9953 0.0949
vn 0.7372 -0.6756 0.0105
vn -0.1810 -0.9737 0.1382
vn 0.4892 -0.8717 0.0275
vn -0.2622 -0.9089 0.3243
vn -0.3618 -0.8471 0.3893
vn -0.1831 -0.9582 0.2199
vn -0.1956 -0.9448 0.2630
vn -0.6112 -0.7604 0.2195
vn -0.5655 -0.7770 0.2765
vn -0.6152 -0.7797 0.1167
vn -0.6739 -0.7174 0.1765
vn -0.7634 0.3860 -0.5180
vn -0.0574 0.8986 -0.4349
vn -0.7892 0.5843 -0.1893
vn -0.6008 0.7501 -0.2761
vn 0.0350 0.9650 -0.2601
vn -0.5033 0.8519 -0.1450
vn -0.5438 0.8189 -0.1837
vn -0.1882 0.9721 -0.1397
vn 0.1785 0.8883 -0.4232
vn 0.1771 0.9151 -0.3624
vn -0.1189 0.9717 -0.2040
vn -0.0612 0.9819 -0.1793
vn 0.5129 0.7966 -0.3199
vn 0.3722 0.9119 -0.1729
vn 0.2566 0.9382 -0.2321
vn 0.4270 0.8565 -0.2898
vn 0.7750 0.6319 -0.0096
vn 0.9607 0.2767 -0.0204
vn 0.9601 0.1885 -0.2065
vn 0.9728 0.0770 -0.2184
vn 0.9773 0.1532 0.1463
vn 0.9544 -0.2952 0.0438
vn 0.9842 -0.0520 -0.1692
vn 0.9485 -0.2625 -0.1775
vn 0.9349 -0.3434 0.0897
vn 0.9595 -0.2134 0.1839
vn 0.9817 -0.1114 -0.1542
vn 0.9559 -0.2466 -0.1595
vn -0.9992 0.0278 -0.0288
vn -0.9899 0.1372 -0.0363
vn -0.9066 -0.4200 0.0417
vn -0.9418 -0.3069 0.1370
vn -0.9245 0.3791 -0.0392
vn -0.9123 0.3070 -0.2710
vn -0.9982 -0.0559 -0.0237
vn -0.9861 0.0870 0.1413
vn -0.8215 0.5644 -0.0809
vn -0.9427 -0.1573 -0.2942
vn -0.8118 0.5806 -0.0615
vn -0.9509 0.3070 0.0394
vn 0.7037 -0.5233 0.4806
vn -0.0295 -0.9110 0.4114
vn -0.3635 -0.8958 0.2558
vn -0.1967 0.9366 0.2901
vn 0.0622 0.9956 -0.0700
vn -0.0151 0.9996 -0.0236
vn -0.1264 0.9351 0.3311
vn -0.0989 -0.9806 -0.1693
vn -0.0191 -0.9857 -0.1672
vn 0.3940 -0.9158 0.0784
vn 0.4557 -0.8733 -0.1723
vn -0.3552 -0.0837 0.9310
vn -0.4069 -0.1689 0.8977
vn -0.5893 0.0488 0.8064
vn -0.5615 0.1181 0.8190
vn 0.3060 -0.0928 -0.9475
vn 0.0305 -0.1297 -0.9911
vn 0.0348 -0.0390 -0.9986
vn 0.3765 0.0060 -0.9264
vn 0.0794 0.9941 0.0741
vn -0.0757 0.9967 0.0285
vn -0.1357 0.9824 -0.1284
vn -0.0308 0.9555 0.2933
vn 0.1128 0.9935 0.0153
vn -0.0007 0.9996 0.0288
vn 0.1865 0.9581 -0.2175
vn 0.0874 0.9911 -0.1008
vn 0.1150 -0.9475 -0.2982
vn 0.2466 -0.9264 0.2845
vn -0.1985 -0.9661 -0.1653
vn 0.2165 -0.9720 0.0909
vn -0.1189 -0.9870 -0.1086
vn -0.0140 -0.9124 -0.4091
vn 0.0055 -0.9239 -0.3827
vn -0.2765 -0.9604 0.0338
vn 0.6885 -0.0864 0.7201
vn 0.3357 -0.1152 0.9349
vn 0.1025 0.2561 0.9612
vn 0.6331 0.2832 0.7204
vn -0.8052 -0.1011 0.5843
vn -0.8248 -0.0140 0.5653
vn -0.7216 -0.0154 0.6922
vn -0.7026 -0.1230 0.7009
vn -0.3914 -0.0241 0.9199
vn 0.6909 0.0463 -0.7215
vn 0.4170 -0.0152 -0.9088
vn 0.5324 0.1853 -0.8260
vn 0.6558 0.2036 -0.7269
vn -0.6539 -0.1836 -0.7340
vn -0.6341 0.0223 -0.7729
vn -0.2471 -0.0635 -0.9669
vn -0.2957 -0.0281 -0.9549
vn 0.1400 -0.2081 -0.9680
vn -0.0598 -0.7284 0.6825
vn -0.3338 -0.0071 0.9426
vn 0.1980 -0.8589 0.4723
vn -0.4749 0.4911 0.7303
vn -0.6347 0.4671 0.6156
vn 0.2146 -0.8409 -0.4969
vn 0.2784 -0.8710 -0.4047
vn 0.2885 -0.4504 -0.8450
vn 0.0328 0.6475 -0.7613
vn 0.3250 0.7170 -0.6167
vn 0.6949 -0.5889 0.4127
vn 0.2010 -0.5813 0.7885
vn 0.2129 -0.1134 0.9705
vn 0.6779 -0.1927 0.7094
vn 0.4479 0.8187 0.3592
vn 0.1276 0.6326 0.7639
vn -0.6711 0.1175 0.7320
vn -0.1276 0.9475 0.2931
vn -0.5085 0.7379 0.4438
vn -0.5683 -0.0455 0.8216
vn -0.6219 -0.6703 0.4049
vn -0.4229 -0.8988 0.1155
vn 0.2177 -0.7083 -0.6715
vn 0.3561 -0.4477 -0.8202
vn 0.5971 -0.2991 -0.7443
vn 0.3641 -0.7654 -0.5306
vn 0.4254 0.8029 -0.4175
vn 0.5564 0.5863 -0.5888
vn -0.3577 0.7361 -0.5746
vn -0.3960 -0.0216 -0.9180
vn -0.5367 0.6479 -0.5405
vn -0.6415 0.1201 -0.7577
vn -0.6076 -0.5646 -0.5586
vn -0.1342 -0.5974 -0.7906
vn 0.6036 -0.5835 -0.5433
vn 0.4224 -0.8710 -0.2510
vn -0.0211 -0.9970 0.0740
vn -0.4837 -0.5756 0.6593
vn -0.6270 -0.0962 0.7731
vn -0.6699 -0.0666 0.7395
vn -0.6416 0.1706 0.7478
vn -0.3991 0.7711 0.4962
vn -0.0723 0.9951 0.0678
vn 0.0837 0.9822 -0.1684
vn 0.3981 0.7402 -0.5418
vn 0.6416 0.1728 -0.7473
vn 0.6856 -0.0114 -0.7279
vn 0.6726 -0.1832 -0.7170
vn 0.8282 -0.5206 0.2075
vn 0.1250 -0.9898 -0.0679
vn -0.4967 -0.8233 -0.2748
vn -0.7452 -0.5287 -0.4063
vn -0.7845 -0.2215 -0.5792
vn -0.7320 -0.0483 -0.6796
vn -0.8081 0.1873 -0.5585
vn -0.5918 0.6914 -0.4144
vn -0.1775 0.9789 -0.1013
vn 0.1339 0.9892 0.0587
vn 0.5721 0.7545 0.3215
vn 0.9220 0.1952 0.3345
vn 0.8675 -0.0815 0.4907
vn 0.9123 -0.0950 0.3983
vn 0.2784 0.9333 -0.2270
vn -0.1687 0.9820 -0.0856
vn 0.0008 0.9987 0.0511
vn 0.0833 0.9211 -0.3803
vn 0.1207 -0.9470 0.2977
vn 0.0743 -0.9590 0.2734
vn -0.1995 -0.9489 -0.2446
vn -0.2837 -0.9585 -0.0284
vn 0.5976 -0.1193 -0.7929
vn 0.6333 -0.1702 -0.7549
vn 0.6539 0.1359 -0.7442
vn 0.6630 0.1482 -0.7338
vn -0.6499 -0.1172 0.7509
vn -0.4388 -0.1188 0.8907
vn -0.4483 -0.0255 0.8935
vn -0.7191 -0.0000 0.6949
vn -0.0389 0.9946 -0.0967
vn 0.0614 0.9971 0.0442
vn -0.0047 0.9820 0.1890
vn 0.1733 0.9630 -0.2066
vn -0.2024 0.9671 -0.1539
vn -0.0618 0.9904 -0.1240
vn -0.2208 0.9651 0.1405
vn -0.1467 0.9886 0.0338
vn -0.2573 -0.9544 0.1510
vn -0.0151 -0.9219 -0.3872
vn 0.0162 -0.9846 0.1740
vn 0.0690 -0.9749 -0.2116
vn 0.0248 -0.9964 0.0815
vn -0.0824 -0.9054 0.4166
vn 0.0470 -0.9642 0.2611
vn 0.2948 -0.9507 0.0958
vn -0.1936 -0.0785 -0.9779
vn 0.2623 -0.1260 -0.9567
vn 0.4258 0.2440 -0.8713
vn -0.0713 0.2557 -0.9641
vn 0.7580 -0.1318 -0.6387
vn 0.7651 -0.0038 -0.6439
vn 0.8387 0.0051 -0.5446
vn 0.8308 -0.1200 -0.5435
vn 0.6214 -0.0067 -0.7834
vn -0.7702 0.0485 0.6360
vn -0.7634 -0.0314 0.6452
vn -0.8423 0.1636 0.5136
vn -0.7457 0.1873 0.6394
vn -0.1115 -0.1231 0.9861
vn -0.1698 0.0037 0.9855
vn -0.3182 -0.0435 0.9470
vn -0.2686 -0.0097 0.9632
vn -0.5398 -0.2237 0.8115
vn 0.4169 -0.8017 -0.4283
vn 0.6083 -0.0224 -0.7934
vn 0.3680 -0.8252 -0.4285
vn 0.5651 0.5617 -0.6042
vn 0.4811 0.5978 -0.6413
vn -0.2745 -0.8603 0.4296
vn -0.4035 -0.8906 0.2099
vn -0.5537 -0.4324 0.7117
vn -0.3243 0.6726 0.6652
vn -0.5907 0.7099 0.3835
vn -0.1234 -0.6594 -0.7416
vn 0.2914 -0.5766 -0.7633
vn 0.3585 -0.1300 -0.9244
vn -0.1950 -0.1762 -0.9649
vn -0.1593 0.8069 -0.5689
vn 0.3104 0.6424 -0.7007
vn 0.7043 0.1740 -0.6883
vn 0.1838 0.9059 -0.3816
vn 0.5293 0.7368 -0.4207
vn 0.7967 -0.0608 -0.6013
vn 0.7172 -0.6466 -0.2601
vn 0.3152 -0.8888 -0.3328
vn -0.3900 -0.7101 0.5863
vn -0.5959 -0.4965 0.6312
vn -0.7073 -0.2586 0.6579
vn -0.3256 -0.6599 0.6771
vn -0.6489 0.7492 0.1327
vn -0.6157 0.6250 0.4799
vn -0.0401 0.7320 0.6801
vn -0.1756 -0.0088 0.9844
vn -0.0650 0.6907 0.7202
vn -0.1699 0.1380 0.9757
vn -0.1407 -0.6138 0.7768
vn -0.3346 -0.6064 0.7213
vn -0.1987 -0.5752 -0.7935
vn -0.0774 -0.9060 -0.4161
vn 0.0074 -0.9982 0.0602
vn 0.0629 -0.5763 0.8148
vn 0.0230 -0.0960 0.9951
vn -0.1196 -0.1128 0.9864
vn -0.0285 0.2106 0.9771
vn -0.0391 0.7739 0.6321
vn -0.0049 0.9964 0.0841
vn -0.0324 0.9846 -0.1716
vn -0.1525 0.7230 -0.6738
vn -0.2022 0.1884 -0.9611
vn -0.2269 -0.0055 -0.9739
vn -0.2312 -0.2024 -0.9516
vn -0.0698 0.9385 0.3383
vn -0.1876 0.9816 -0.0356
vn 0.0574 0.9976 -0.0376
vn -0.1074 0.9381 0.3292
vn -0.0844 -0.9913 -0.1009
vn -0.0216 -0.9948 -0.0992
vn 0.4255 -0.9034 0.0536
vn 0.2445 -0.9659 -0.0848
vn -0.1542 -0.1585 0.9752
vn 0.1537 -0.1968 0.9683
vn 0.0728 0.0518 0.9960
vn -0.1861 0.1545 0.9703
vn -0.0391 -0.1333 -0.9903
vn -0.2008 -0.1365 -0.9701
vn -0.1951 -0.0300 -0.9803
vn 0.0288 -0.0060 -0.9996
vn 0.0632 0.9958 0.0660
vn 0.0168 0.9992 -0.0355
vn -0.0151 0.9889 -0.1475
vn -0.0021 0.9809 0.1943
vn -0.2434 0.9698 -0.0156
vn -0.2842 0.9525 0.1097
vn -0.2237 0.9680 -0.1137
vn -0.2350 0.9715 0.0316
vn 0.2597 -0.9477 -0.1855
vn 0.1641 -0.9330 0.3203
vn -0.0478 -0.9880 -0.1470
vn 0.1597 -0.9565 0.2442
vn -0.0549 -0.9980 -0.0310
vn -0.0274 -0.9461 -0.3229
vn -0.0822 -0.9412 -0.3278
vn -0.0640 -0.9907 0.1201
vn 0.1513 -0.0888 0.9845
vn 0.0113 -0.1567 0.9876
vn -0.0537 0.2695 0.9615
vn 0.1672 0.2768 0.9463
vn -0.1327 -0.1198 0.9839
vn -0.1338 -0.0063 0.9910
vn -0.0842 -0.0171 0.9963
vn -0.0093 -0.1637 0.9865
vn 0.1223 -0.0015 0.9925
vn 0.1328 0.1028 -0.9858
vn 0.2346 -0.0254 -0.9718
vn 0.3278 0.1977 -0.9238
vn 0.1457 0.1523 -0.9775
vn -0.1426 -0.1971 -0.9700
vn -0.0954 0.0641 -0.9934
vn 0.0404 -0.0574 -0.9975
vn -0.1424 -0.0012 -0.9898
vn 0.0861 -0.2530 -0.9636
vn 0.2055 -0.7962 0.5691
vn -0.1679 -0.0308 0.9853
vn -0.1454 -0.7362 0.6610
vn -0.1442 0.6340 0.7598
vn -0.1366 0.6421 0.7543
vn 0.1226 -0.9044 -0.4088
vn 0.3101 -0.9066 -0.2863
vn 0.0292 -0.5591 -0.8286
vn -0.1054 0.6749 -0.7304
vn -0.0134 0.6775 -0.7354
vn 0.2803 -0.5941 0.7540
vn 0.0153 -0.6367 0.7710
vn -0.0506 -0.1696 0.9842
vn 0.1726 -0.2755 0.9457
vn 0.1378 0.7530 0.6434
vn -0.0278 0.7267 0.6864
vn -0.0335 0.1088 0.9935
vn -0.2215 0.8245 0.5207
vn -0.1916 0.7031 0.6848
vn 0.0145 0.0255 0.9996
vn -0.0674 -0.6307 0.7731
vn -0.0114 -0.9383 0.3456
vn 0.1207 -0.7725 -0.6234
vn 0.2129 -0.4497 -0.8675
vn -0.0239 -0.1555 -0.9875
vn -0.7903 -0.1826 -0.5848
vn -0.0010 0.8459 -0.5334
vn -0.1218 0.7080 -0.6957
vn -0.1586 0.7938 -0.5871
vn -0.2893 0.0129 -0.9571
vn -0.1274 0.7374 -0.6633
vn -0.1077 0.1778 -0.9782
vn -0.2277 -0.6346 -0.7385
vn 0.1777 -0.6293 -0.7565
vn 0.2913 0.8333 -0.4699
vn 0.3132 0.9486 0.0447
vn 0.4633 0.7946 -0.3923
vn 0.2421 0.9498 0.1983
vn 0.3409 0.9334 0.1117
vn 0.2877 0.9572 -0.0317
vn 0.0769 0.8169 0.5717
vn 0.1142 0.8974 0.4262
vn -0.2739 -0.5823 0.7654
vn -0.3518 -0.9210 0.1672
vn -0.2014 -0.9571 0.2085
vn -0.3431 -0.5577 0.7558
vn -0.2375 -0.9185 -0.3161
vn -0.0862 -0.9453 -0.3147
vn 0.0315 -0.5585 -0.8289
vn 0.1260 -0.5526 -0.8239
vn -0.2597 0.3561 0.8976
vn -0.0774 0.3454 0.9353
vn -0.3639 -0.2110 0.9072
vn -0.1777 -0.2464 0.9527
vn -0.3032 -0.3687 0.8787
vn -0.2728 -0.3489 0.8966
vn 0.2372 -0.2897 -0.9272
vn 0.1434 -0.2933 -0.9452
vn 0.4351 -0.1464 -0.8884
vn 0.0538 -0.1321 -0.9898
vn 0.5225 0.2559 -0.8133
vn 0.1082 0.2725 -0.9561
vn -0.0522 0.1611 -0.9856
vn 0.2383 0.7164 -0.6557
vn 0.3771 0.8633 -0.3354
vn 0.1162 0.9928 0.0306
vn 0.3242 0.9457 0.0239
vn 0.5058 0.8106 -0.2950
vn 0.1159 0.9932 -0.0097
vn 0.2044 0.8624 -0.4631
vn 0.3662 0.9303 0.0205
vn -0.1571 0.9808 -0.1157
vn 0.2645 0.8632 -0.4301
vn -0.0148 0.8292 -0.5587
vn 0.1780 0.9817 -0.0675
vn 0.3306 0.9431 0.0346
vn -0.0684 0.9957 -0.0622
vn 0.1796 0.9667 -0.1824
vn 0.4465 0.8934 0.0499
vn 0.2346 0.9643 0.1227
vn 0.2492 0.9625 0.1068
vn 0.0181 0.9816 -0.1901
vn 0.1946 0.9687 -0.1543
vn 0.0198 0.9990 -0.0396
vn -0.4333 0.8422 0.3210
vn -0.2040 0.7350 0.6467
vn -0.0947 0.5465 0.8321
vn -0.0784 0.6949 0.7149
vn -0.1127 0.9028 0.4151
vn 0.2706 0.6815 0.6800
vn -0.1686 0.9088 0.3815
vn -0.6141 -0.7702 -0.1722
vn -0.8147 -0.2603 0.5182
vn -0.6676 -0.4944 0.5567
vn -0.3331 -0.9361 -0.1127
vn -0.6444 -0.7595 -0.0885
vn -0.6582 -0.3530 0.6650
vn -0.5274 -0.8496 -0.0071
vn -0.4991 -0.6200 0.6053
vn 0.4494 -0.8591 0.2450
vn -0.1328 -0.9890 0.0644
vn -0.0806 -0.6723 0.7359
vn 0.2042 -0.6140 0.7624
vn 0.1250 -0.5479 0.8271
vn 0.2720 -0.9058 0.3249
vn -0.1577 -0.8819 -0.4443
vn -0.4535 -0.7294 -0.5121
vn -0.5826 -0.6928 -0.4251
vn -0.4833 -0.7933 -0.3703
vn -0.0837 -0.9958 0.0375
vn 0.4765 -0.8611 -0.1774
vn 0.3520 -0.9164 -0.1906
vn 0.1873 -0.6673 -0.7209
vn 0.1185 -0.5015 -0.8570
vn -0.4457 -0.4262 -0.7872
vn -0.2212 -0.5033 -0.8353
vn 0.0708 -0.8572 -0.5101
vn 0.3779 -0.4702 -0.7976
vn 0.4357 -0.5651 -0.7006
vn -0.7651 0.2043 0.6107
vn -0.5096 -0.0546 0.8587
vn -0.5334 -0.0048 0.8458
vn -0.5212 0.2760 0.8076
vn 0.0537 0.2542 0.9657
vn 0.1912 0.1944 0.9621
vn -0.1379 0.3882 0.9112
vn -0.7146 -0.1129 0.6903
vn -0.5046 -0.1625 0.8479
vn -0.7047 0.0106 0.7094
vn -0.6377 -0.0932 0.7646
vn -0.0254 -0.0052 0.9997
vn 0.2025 -0.0543 0.9778
vn -0.1149 -0.0521 0.9920
vn -0.6488 -0.2563 0.7165
vn -0.6384 -0.0028 0.7697
vn -0.6160 0.0444 0.7865
vn -0.4344 -0.2092 0.8761
vn -0.0177 -0.3203 0.9472
vn 0.1677 -0.2539 0.9526
vn -0.1218 -0.2928 0.9484
vn 0.5813 -0.1955 -0.7899
vn 0.6100 -0.2398 -0.7552
vn -0.0597 -0.1251 -0.9903
vn -0.1168 -0.1776 -0.9771
vn 0.0183 -0.2643 -0.9643
vn 0.1196 -0.0119 -0.9927
vn 0.4631 -0.1172 -0.8785
vn 0.7348 0.0014 -0.6783
vn 0.5900 0.1443 -0.7944
vn 0.0095 -0.0209 -0.9997
vn -0.1843 -0.0119 -0.9828
vn -0.0813 0.1747 -0.9813
vn 0.2412 0.1901 -0.9517
vn 0.7339 0.0726 -0.6754
vn 0.6458 0.3067 -0.6992
vn 0.5941 0.2638 -0.7599
vn 0.1203 0.1021 -0.9875
vn 0.0030 0.3200 -0.9474
vn 0.2718 0.1588 -0.9492
vn 0.5985 0.2868 -0.7480
vn -0.5367 -0.8034 -0.2580
vn -0.4845 -0.6851 -0.5440
vn -0.4358 -0.8992 -0.0385
vn -0.0865 -0.5752 0.8134
vn 0.0290 -0.3121 0.9496
vn 0.1470 -0.1477 0.9780
vn 0.3355 0.1170 0.9347
vn 0.5095 0.6180 0.5988
vn 0.3198 0.9230 0.2140
vn 0.3064 0.9402 0.1490
vn 0.0131 0.8329 -0.5532
vn -0.1511 0.4610 -0.8745
vn -0.0725 0.3693 -0.9265
vn -0.2131 -0.0028 -0.9770
vn -0.0418 -0.9954 0.0866
vn -0.5712 -0.5978 0.5625
vn 0.3796 -0.8532 -0.3577
vn 0.1937 -0.6586 -0.7271
vn 0.0982 -0.1985 -0.9752
vn 0.0961 0.0896 -0.9913
vn 0.3339 0.0676 -0.9402
vn 0.1002 0.8172 -0.5676
vn 0.1606 0.9858 -0.0486
vn -0.1300 0.9756 -0.1770
vn -0.7056 0.6962 0.1322
vn -0.8934 0.1400 0.4270
vn -0.9067 -0.0628 0.4170
vn -0.8795 -0.0727 0.4703
vn -0.0093 0.7910 0.6117
vn -0.0512 0.7932 0.6069
vn 0.3210 0.9047 0.2800
vn 0.3602 0.9118 0.1974
vn 0.2351 0.9198 0.3142
vn 0.3723 0.9061 0.2009
vn 0.4430 0.8285 -0.3425
vn 0.3906 0.9104 -0.1361
vn 0.5302 -0.5786 -0.6198
vn 0.1093 -0.9662 -0.2336
vn -0.1569 -0.8902 -0.4277
vn 0.2799 -0.5303 -0.8003
vn -0.2334 -0.9556 0.1800
vn -0.4558 -0.8888 -0.0484
vn -0.4863 -0.6028 0.6326
vn -0.6438 -0.5632 0.5180
vn 0.4335 0.3574 -0.8272
vn 0.8133 0.2944 -0.5019
vn 0.3705 -0.2015 -0.9067
vn 0.7881 -0.2148 -0.5768
vn 0.3740 -0.3604 -0.8545
vn 0.6240 -0.3522 -0.6976
vn -0.5097 -0.2735 0.8157
vn -0.6224 -0.3008 0.7226
vn -0.3701 -0.1802 0.9114
vn -0.7606 -0.1050 0.6407
vn -0.2535 0.1707 0.9521
vn -0.6472 0.2691 0.7132
vn -0.6533 0.1795 0.7355
vn -0.0952 0.7045 0.7033
vn 0.6085 0.7056 0.3630
vn 0.0869 0.9907 0.1045
vn 0.4723 0.8814 -0.0109
vn -0.0562 0.8055 0.5900
vn -0.1306 0.9912 0.0210
vn -0.3460 0.8564 0.3831
vn 0.3087 0.9087 0.2808
vn 0.0151 0.9991 0.0402
vn -0.4449 0.7855 0.4303
vn -0.3464 0.9380 0.0089
vn 0.0065 0.9923 -0.1240
vn 0.1433 0.8023 0.5795
vn 0.2119 0.9693 0.1246
vn 0.2309 0.9575 0.1729
vn 0.4409 0.8889 0.1242
vn 0.0512 0.9985 0.0199
vn 0.2907 0.9516 0.0997
vn -0.1262 0.9886 0.0817
vn -0.0598 0.9966 -0.0564
vn -0.1191 0.9798 0.1609
vn 0.2799 0.6752 -0.6825
vn 0.1471 0.7634 -0.6290
vn 0.4168 0.6732 -0.6108
vn 0.3356 0.7017 -0.6285
vn 0.5945 0.8039 0.0164
vn 0.7643 0.6443 -0.0275
vn 0.5369 0.8413 -0.0626
vn -0.1794 -0.9633 -0.1996
vn -0.3910 -0.4554 -0.7998
vn -0.0619 -0.4297 -0.9008
vn -0.5650 -0.8236 -0.0487
vn -0.1193 -0.9501 -0.2881
vn 0.1972 -0.3221 -0.9259
vn -0.3909 -0.8350 -0.3873
vn -0.0059 -0.5787 -0.8155
vn 0.3326 -0.8878 0.3181
vn 0.6249 -0.7787 0.0558
vn 0.0041 -0.9964 0.0848
vn 0.8097 -0.5851 -0.0461
vn 0.8096 -0.5447 -0.2190
vn 0.4244 -0.8887 0.1734
vn -0.3022 -0.9241 0.2341
vn -0.5301 -0.8149 0.2342
vn -0.3465 -0.9264 0.1472
vn -0.6018 -0.7944 -0.0819
vn 0.0942 -0.9944 0.0470
vn -0.0552 -0.8889 0.4548
vn 0.0394 -0.8764 0.4799
vn -0.2471 -0.6219 0.7431
vn -0.2864 -0.7054 0.6483
vn -0.5915 -0.4995 0.6330
vn -0.7093 -0.5125 0.4841
vn -0.4899 -0.8658 0.1018
vn -0.6817 -0.5256 0.5089
vn -0.2936 -0.5471 0.7839
vn -0.1075 0.2060 -0.9726
vn 0.3810 -0.0204 -0.9243
vn 0.2644 -0.0149 -0.9643
vn 0.0807 0.2628 -0.9615
vn 0.9612 0.2161 -0.1717
vn 0.9717 0.2178 -0.0911
vn 0.9668 0.1512 -0.2061
vn -0.0506 -0.0837 -0.9952
vn 0.3967 -0.1141 -0.9108
vn 0.0837 0.0287 -0.9961
vn -0.0244 -0.0843 -0.9961
vn 0.9661 0.0545 -0.2523
vn 0.9998 -0.0098 -0.0144
vn 0.9555 0.0083 -0.2950
vn -0.0759 -0.2899 -0.9540
vn 0.2446 0.0612 -0.9677
vn 0.1469 0.0265 -0.9888
vn 0.1427 -0.1971 -0.9699
vn 0.9474 -0.2052 -0.2457
vn 0.9866 -0.1565 -0.0457
vn 0.8883 -0.2181 -0.4041
vn 0.0083 -0.2398 0.9708
vn 0.2239 -0.2476 0.9426
vn -0.5401 -0.1344 0.8308
vn -0.6912 -0.2074 0.6923
vn -0.9078 -0.3635 0.2091
vn -0.9338 -0.0738 0.3500
vn -0.5315 -0.1821 0.8273
vn 0.2258 -0.0454 0.9731
vn 0.2496 0.0523 0.9669
vn -0.4541 -0.0222 0.8907
vn -0.7965 -0.0172 0.6044
vn -0.9979 0.0622 -0.0188
vn -0.8635 0.1275 0.4879
vn -0.1846 0.0418 0.9819
vn 0.1314 0.2534 0.9584
vn 0.3230 0.2601 0.9100
vn -0.3461 0.0925 0.9336
vn -0.9610 0.2571 -0.1018
vn -0.8730 0.1080 0.4756
vn -0.3246 0.0696 0.9433
vn -0.1956 -0.7386 -0.6452
vn -0.6867 -0.4486 -0.5720
vn 0.2131 -0.9580 -0.1919
vn 0.5624 -0.7737 -0.2915
vn 0.9596 -0.1734 0.2217
vn 0.9290 -0.2238 0.2947
vn 0.9988 -0.0027 0.0488
vn 0.7711 0.6361 0.0275
vn 0.4556 0.8782 -0.1455
vn 0.3881 0.9157 0.1046
vn -0.1283 0.9777 -0.1663
vn -0.9787 -0.0221 -0.2041
vn -0.9617 -0.2375 -0.1371
vn -0.8158 -0.4484 -0.3651
vn 0.1162 -0.8344 -0.5388
vn -0.4998 -0.6559 -0.5657
vn -0.5978 -0.6270 -0.4995
vn -0.0466 -0.7855 -0.6171
vn 0.4517 -0.6469 -0.6144
vn 0.4100 -0.8224 -0.3943
vn 0.8645 -0.3790 -0.3303
vn 0.8833 -0.3638 -0.2957
vn 0.5851 0.7168 0.3792
vn 0.7946 0.5543 0.2477
vn 0.3141 0.7884 0.5290
vn 0.1202 0.7641 0.6338
vn -0.1651 0.7805 0.6029
vn 0.0069 0.8341 0.5515
vn -0.4904 0.7381 0.4633
vn -0.5324 0.7170 0.4500
vn -0.9725 0.2279 0.0483
vn -0.9402 0.2732 0.2034
vn -0.9716 0.0236 -0.2354
vn -0.9944 -0.0883 0.0574
vn -0.9294 -0.1998 -0.3102
vn -0.9705 -0.2200 -0.0982
vn 0.9930 -0.0276 -0.1152
vn 0.9998 0.0102 -0.0141
vn 0.9692 0.2424 -0.0428
vn 0.9682 0.2313 0.0959
vn 0.9561 0.2909 -0.0357
vn 0.9485 0.2998 0.1024
vn 0.1294 -0.7808 -0.6112
vn -0.6828 -0.5051 -0.5279
vn -0.7113 -0.5809 -0.3957
vn 0.0256 -0.7269 -0.6863
vn -0.0089 -0.9670 -0.2545
vn -0.7282 -0.6765 -0.1097
vn 0.2416 -0.9037 -0.3535
vn -0.5278 -0.8194 -0.2236
vn 0.3464 -0.7614 -0.5480
vn 0.4787 -0.6341 -0.6072
vn 0.2648 -0.8676 -0.4210
vn 0.2592 -0.8320 -0.4906
vn 0.7286 -0.5763 -0.3702
vn 0.5922 -0.6580 -0.4650
vn 0.7056 -0.6761 -0.2121
vn 0.7276 -0.6026 -0.3278
vn 0.7035 0.3998 0.5875
vn 0.0462 0.8064 0.5896
vn 0.8338 0.4536 0.3146
vn 0.5852 0.6342 0.5054
vn -0.0644 0.8469 0.5279
vn 0.6341 0.7643 0.1171
vn 0.5150 0.7603 0.3960
vn 0.2431 0.9412 0.2347
vn -0.2634 0.7791 0.5689
vn -0.2504 0.7409 0.6232
vn 0.1539 0.8765 0.4562
vn 0.0516 0.8868 0.4592
vn -0.6371 0.6508 0.4130
vn -0.5013 0.7758 0.3830
vn -0.3105 0.8226 0.4764
vn -0.4890 0.6081 0.6253
vn -0.8818 0.4708 0.0280
vn -0.9650 0.2534 0.0672
vn -0.9684 0.1119 0.2231
vn -0.9321 -0.0378 0.3603
vn -0.9768 0.0966 -0.1911
vn -0.9738 -0.2080 -0.0918
vn -0.9867 -0.0918 0.1340
vn -0.9613 -0.1843 0.2050
vn -0.9553 -0.2303 -0.1856
vn -0.9605 -0.1553 -0.2309
vn -0.9840 -0.1415 0.1084
vn -0.9655 -0.2208 0.1381
vn 0.9981 0.0379 0.0495
vn 0.9920 0.1031 0.0735
vn 0.9676 -0.2412 -0.0746
vn 0.9699 -0.1780 -0.1661
vn 0.9520 0.2846 0.1126
vn 0.9266 0.1825 0.3287
vn 0.9909 -0.0823 0.1069
vn 0.9877 0.1214 -0.0985
vn 0.8717 0.4485 0.1976
vn 0.9396 -0.1428 0.3111
vn 0.9003 0.4312 0.0594
vn 0.9708 0.2386 0.0253
vn 0.7535 -0.6332 -0.1772
vn 0.4506 -0.8736 -0.1838
vn 0.0213 -0.8828 -0.4693
vn -0.7251 -0.5728 -0.3823
vn -0.9609 -0.0845 -0.2636
vn -0.9764 -0.0962 -0.1934
vn -0.9782 0.1480 0.1459
vn -0.4542 0.7428 0.4919
vn 0.0189 0.9084 0.4176
vn 0.1859 0.9445 0.2707
vn 0.5668 0.8146 0.1235
vn 0.9509 0.2512 0.1806
vn 0.9782 -0.0155 0.2071
vn 0.9785 -0.1862 -0.0887
vn 0.5167 0.7624 0.3896
vn 0.0414 0.8488 0.5271
vn 0.4745 0.7406 0.4757
vn -0.1202 0.8822 0.4552
vn 0.0053 0.8348 0.5505
vn 0.0477 0.8427 0.5362
vn -0.5162 0.7634 0.3882
vn -0.3210 0.8674 0.3802
vn -0.7723 -0.5354 -0.3420
vn -0.2380 -0.8205 -0.5197
vn -0.2283 -0.9060 -0.3564
vn -0.7961 -0.4968 -0.3457
vn 0.2483 -0.8400 -0.4825
vn 0.2807 -0.9284 -0.2435
vn 0.8249 -0.5189 -0.2242
vn 0.8089 -0.5879 -0.0059
vn -0.9283 0.3719 -0.0006
vn -0.9530 0.2704 0.1370
vn -0.9519 -0.1716 -0.2538
vn -0.9722 -0.2229 -0.0715
vn -0.9096 -0.3351 -0.2457
vn -0.9100 -0.3021 -0.2838
vn 0.9375 -0.3234 0.1287
vn 0.9539 -0.2865 -0.0889
vn 0.9428 -0.2223 0.2485
vn 0.9887 -0.1136 -0.0976
vn 0.9021 0.1537 0.4032
vn 0.9557 0.2868 0.0657
vn 0.9684 0.2055 -0.1412
vn 0.6848 0.6838 0.2519
vn 0.4012 0.7669 0.5009
vn 0.0863 0.8769 0.4728
vn 0.1831 0.8867 0.4245
vn 0.5116 0.8165 0.2676
vn 0.0416 0.9448 0.3250
vn 0.5970 0.7972 0.0900
vn 0.1126 0.8586 0.5002
vn 0.0031 0.9433 0.3319
vn 0.5915 0.7340 0.3337
vn 0.4864 0.7801 0.3936
vn -0.0403 0.9983 0.0424
vn 0.3148 0.6746 0.6677
vn -0.1589 0.9135 0.3746
vn 0.2155 0.8746 0.4343
vn 0.2014 0.8390 0.5056
vn 0.0103 0.9121 0.4099
vn -0.0034 0.8869 0.4620
vn 0.1955 0.9071 0.3728
vn 0.1106 0.9919 0.0618
vn 0.1541 0.9063 0.3935
vn -0.5843 0.7777 0.2318
vn -0.6152 0.6071 0.5029
vn -0.6880 0.4675 0.5551
vn -0.6845 0.6766 0.2714
vn -0.5340 0.8167 0.2185
vn -0.7515 0.6469 0.1292
vn -0.4337 0.8548 0.2851
vn -0.2068 -0.7102 -0.6730
vn -0.9404 -0.2872 -0.1819
vn -0.8074 -0.5074 -0.3011
vn -0.1777 -0.7794 -0.6008
vn -0.1546 -0.7005 -0.6967
vn -0.8646 -0.3820 -0.3265
vn -0.1637 -0.7615 -0.6272
vn -0.7274 -0.5466 -0.4150
vn -0.2500 -0.9682 -0.0044
vn -0.0387 -0.9992 -0.0078
vn -0.5835 -0.8096 -0.0636
vn -0.7481 -0.6129 -0.2543
vn -0.7977 -0.5525 -0.2417
vn -0.2704 -0.9595 -0.0787
vn 0.2384 -0.8147 -0.5286
vn 0.1895 -0.6671 -0.7205
vn 0.2044 -0.6234 -0.7548
vn 0.2005 -0.7304 -0.6529
vn 0.0051 -0.9969 0.0783
vn 0.1657 -0.9823 0.0876
vn 0.2374 -0.9661 0.1013
vn 0.5535 -0.6569 -0.5120
vn 0.7546 -0.3891 -0.5285
vn 0.6680 -0.3222 -0.6708
vn 0.7631 -0.4566 -0.4573
vn 0.4743 -0.8632 0.1729
vn 0.7459 -0.6352 0.2004
vn 0.7196 -0.6054 0.3401
vn -0.9770 0.2072 -0.0512
vn -0.9467 -0.1295 0.2950
vn -0.9962 -0.0389 0.0785
vn -0.9346 0.3185 -0.1586
vn -0.9413 0.3248 -0.0915
vn -0.9774 0.1942 0.0836
vn -0.9825 0.1771 -0.0575
vn -0.9840 -0.1200 -0.1320
vn -0.9385 -0.2321 0.2557
vn -0.9951 0.0191 -0.0967
vn -0.9260 -0.0270 -0.3766
vn -0.9807 0.0851 -0.1762
vn -0.9909 -0.0539 0.1235
vn -0.9837 0.0285 -0.1774
vn -0.9541 -0.2641 -0.1415
vn -0.9823 -0.0383 0.1835
vn -0.9992 0.0376 0.0116
vn -0.9543 -0.1932 -0.2278
vn -0.9340 -0.2507 -0.2547
vn -0.9621 -0.2630 0.0724
vn -0.9225 -0.1748 -0.3442
vn 0.9667 -0.1144 -0.2289
vn 0.9509 -0.3094 0.0095
vn 0.8871 -0.0161 -0.4613
vn 0.9506 -0.1043 -0.2923
vn 0.8969 -0.3992 0.1904
vn 0.9787 -0.0678 0.1939
vn 0.8375 -0.2500 0.4860
vn 0.9963 0.0214 -0.0835
vn 0.9784 0.1366 0.1550
vn 0.9176 0.0835 -0.3886
vn 0.9555 0.0631 -0.2883
vn 0.9794 0.0751 0.1876
vn 0.9634 0.0587 0.2614
vn 0.7609 -0.1137 0.6389
vn 0.9360 0.3484 -0.0501
vn 0.9376 0.2414 0.2504
vn 0.9330 0.1866 -0.3076
vn 0.9313 0.3547 0.0824
vn 0.9247 0.0453 0.3779
vn 0.7619 -0.0404 0.6465
vn 0.5229 -0.8443 -0.1171
vn 0.7633 -0.6385 -0.0989
vn -0.0756 -0.9503 -0.3020
vn -0.8641 -0.4581 -0.2085
vn -0.9827 -0.1016 -0.1550
vn -0.9913 -0.0529 -0.1209
vn -0.9690 0.2329 -0.0827
vn -0.5335 0.8443 0.0505
vn 0.0043 0.9943 0.1062
vn 0.1526 0.9859 0.0687
vn 0.5296 0.8337 0.1563
vn 0.9212 0.2757 0.2745
vn 0.9406 0.0039 0.3394
vn 0.9763 -0.1693 0.1346
vn 0.6235 0.7796 -0.0586
vn 0.3275 0.8643 0.3817
vn 0.6519 0.7552 0.0687
vn 0.1779 0.8753 0.4496
vn 0.3141 0.8518 0.4194
vn 0.3475 0.8555 0.3839
vn -0.1670 0.7603 0.6277
vn -0.0417 0.8643 0.5012
vn -0.8031 -0.5406 0.2505
vn -0.5008 -0.8186 -0.2814
vn -0.3795 -0.9166 -0.1259
vn -0.8356 -0.4991 0.2296
vn -0.1044 -0.8187 -0.5647
vn 0.0826 -0.9254 -0.3698
vn 0.4721 -0.5145 -0.7158
vn 0.6201 -0.5840 -0.5239
vn -0.7055 0.3653 0.6072
vn -0.6351 0.2825 0.7189
vn -0.8877 -0.1735 0.4265
vn -0.7908 -0.2188 0.5716
vn -0.8555 -0.3302 0.3989
vn -0.8729 -0.3002 0.3846
vn 0.7917 -0.3313 -0.5132
vn 0.6696 -0.2754 -0.6897
vn 0.8777 -0.2278 -0.4215
vn 0.6613 -0.1049 -0.7427
vn 0.9518 0.1476 -0.2690
vn 0.7390 0.2855 -0.6102
vn 0.6615 0.1609 -0.7325
vn 0.7218 0.6381 -0.2682
vn 0.4754 0.7095 0.5202
vn 0.2371 0.8252 0.5127
vn 0.3139 0.8528 0.4173
vn 0.5196 0.8238 0.2264
vn 0.2488 0.9053 0.3444
vn 0.5728 0.7976 -0.1888
vn 0.3950 0.8441 0.3626
vn 0.2445 0.9395 0.2400
vn 0.6170 0.7724 -0.1510
vn 0.5941 0.7607 -0.2616
vn 0.0603 0.9962 0.0623
vn 0.6330 0.7229 0.2772
vn 0.1705 0.9071 0.3848
vn 0.2992 0.8428 0.4475
vn 0.3373 0.8172 0.4673
vn 0.2353 0.8753 0.4225
vn 0.2623 0.8834 0.3883
vn 0.3251 0.9404 0.1001
vn 0.1499 0.9885 0.0175
vn 0.3582 0.9293 0.0896
vn -0.5692 0.7617 0.3096
vn -0.5435 0.5805 0.6063
vn -0.4073 0.4465 0.7967
vn -0.3860 0.6812 0.6221
vn 0.0143 0.8145 0.5800
vn -0.2629 0.6270 0.7334
vn -0.0852 0.7608 0.6434
vn -0.4324 -0.6565 -0.6181
vn -0.9804 -0.1903 -0.0504
vn -0.8220 -0.4771 -0.3110
vn -0.1802 -0.7604 -0.6239
vn -0.4549 -0.6555 -0.6028
vn -0.9469 -0.3212 -0.0112
vn -0.4858 -0.7313 -0.4787
vn -0.8455 -0.5319 0.0481
vn -0.1191 -0.9701 0.2113
vn -0.1547 -0.9823 -0.1053
vn -0.4594 -0.7470 0.4805
vn -0.5384 -0.6520 0.5338
vn -0.6865 -0.5488 0.4769
vn -0.2387 -0.9571 0.1644
vn 0.1345 -0.7297 -0.6704
vn -0.0702 -0.6211 -0.7806
vn -0.1594 -0.5720 -0.8046
vn -0.2099 -0.6636 -0.7180
vn -0.0886 -0.9931 -0.0767
vn 0.1725 -0.9807 -0.0921
vn 0.2167 -0.9715 -0.0961
vn 0.5410 -0.6122 -0.5767
vn 0.5934 -0.4302 -0.6803
vn 0.2579 -0.2804 -0.9246
vn 0.3174 -0.4017 -0.8590
vn 0.2712 -0.8762 -0.3984
vn 0.5195 -0.6667 -0.5344
vn 0.7143 -0.6249 -0.3151
vn -0.9900 0.1404 0.0128
vn -0.8960 -0.1618 0.4135
vn -0.8856 -0.0245 0.4637
vn -0.8383 0.3316 0.4328
vn -0.4597 0.2627 0.8483
vn -0.4701 0.2352 0.8507
vn -0.5282 0.1263 0.8397
vn -0.9887 -0.1397 -0.0546
vn -0.9202 -0.2067 0.3325
vn -0.9720 0.0319 0.2329
vn -0.9726 -0.0309 0.2303
vn -0.5376 0.1736 0.8252
vn -0.4413 0.0204 0.8971
vn -0.6555 0.0017 0.7552
vn -0.9613 -0.2649 -0.0763
vn -0.9730 0.0027 0.2310
vn -0.9467 0.0608 0.3165
vn -0.9264 -0.1909 0.3245
vn -0.6589 -0.2010 0.7249
vn -0.4386 -0.2063 0.8747
vn -0.8126 -0.2122 0.5429
vn 0.9258 -0.1400 -0.3510
vn 0.9603 -0.2675 -0.0792
vn 0.6063 0.0042 -0.7952
vn 0.5558 -0.0795 -0.8275
vn 0.5439 -0.4102 -0.7321
vn 0.5703 -0.1545 -0.8068
vn 0.8441 -0.2667 -0.4652
vn 0.9591 -0.0149 -0.2827
vn 0.9872 0.1250 0.0987
vn 0.6305 0.0356 -0.7754
vn 0.5265 0.0967 -0.8446
vn 0.6451 0.0450 -0.7628
vn 0.6907 0.0986 -0.7163
vn 0.9512 -0.0398 -0.3060
vn 0.8761 0.3606 -0.3202
vn 0.9278 0.3257 0.1821
vn 0.6318 0.1085 -0.7675
vn 0.5678 0.2805 -0.7739
vn 0.7247 0.0785 -0.6845
vn 0.9599 0.0217 -0.2795
vn -0.0598 -0.7658 -0.6402
vn 0.0870 -0.5918 -0.8014
vn -0.3829 -0.9012 -0.2029
vn -0.5209 -0.5106 0.6841
vn -0.4996 -0.1107 0.8592
vn -0.4584 -0.0558 0.8870
vn -0.4095 0.2233 0.8846
vn -0.2124 0.7978 0.5642
vn 0.0287 0.9991 0.0320
vn 0.0139 0.9859 -0.1670
vn 0.4116 0.7981 -0.4399
vn 0.5216 0.2956 -0.8003
vn 0.5976 -0.0240 -0.8015
vn 0.3404 -0.1865 -0.9216
vn 0.4026 0.6312 -0.6629
vn 0.5693 0.7250 -0.3876
vn 0.2105 0.7563 -0.6194
vn 0.4940 0.8643 -0.0941
vn 0.6030 0.7655 -0.2245
vn 0.4628 0.8414 -0.2791
vn 0.5508 0.7159 0.4291
vn 0.4906 0.8620 0.1275
vn 0.0609 -0.4880 0.8707
vn -0.5464 -0.7310 0.4088
vn -0.2517 -0.8834 0.3953
vn -0.1768 -0.4214 0.8894
vn -0.6858 -0.7263 -0.0464
vn -0.4134 -0.9043 -0.1069
vn -0.5930 -0.4976 -0.6330
vn -0.4383 -0.6189 -0.6518
vn 0.3284 0.3444 0.8795
vn 0.5525 0.3116 0.7731
vn 0.0706 -0.1467 0.9867
vn 0.3976 -0.1946 0.8967
vn -0.0190 -0.2886 0.9573
vn 0.1872 -0.2562 0.9483
vn -0.3285 -0.3360 -0.8827
vn -0.4030 -0.2675 -0.8753
vn -0.2730 -0.2662 -0.9245
vn -0.5970 -0.0447 -0.8010
vn -0.0650 0.0853 -0.9942
vn -0.3702 0.2992 -0.8794
vn -0.2859 0.1116 -0.9517
vn 0.4895 0.4816 -0.7269
vn 0.5544 0.5234 -0.6470
vn 0.4338 0.8641 -0.2551
vn 0.4966 0.8461 -0.1939
vn 0.3163 0.8100 -0.4938
vn 0.5202 0.8520 -0.0593
vn 0.2183 0.7695 -0.6002
vn 0.6625 0.7023 -0.2607
vn 0.1091 0.9807 -0.1623
vn -0.4351 0.6420 -0.6313
vn -0.1957 0.7530 -0.6282
vn 0.0701 0.9935 -0.0899
vn 0.3930 0.6904 -0.6074
vn 0.4330 0.8953 -0.1050
vn 0.0778 0.9518 0.2967
vn 0.4067 0.9136 -0.0008
vn 0.5093 0.8594 0.0443
vn 0.5170 0.8560 -0.0023
vn 0.0714 0.9772 -0.2001
vn 0.3236 0.9454 0.0397
vn 0.1159 0.9315 -0.3448
vn -0.2874 0.5652 0.7733
vn 0.1015 0.6906 0.7161
vn 0.3576 0.4948 0.7920
vn 0.2970 0.6779 0.6725
vn 0.5744 0.8181 0.0289
vn 0.8465 0.4862 0.2168
vn 0.6288 0.7611 0.1594
vn -0.5946 -0.7937 0.1285
vn -0.4941 -0.1856 0.8494
vn -0.4965 -0.6055 0.6220
vn -0.3938 -0.9130 -0.1067
vn -0.7625 -0.6399 0.0955
vn -0.5814 -0.2788 0.7643
vn -0.6967 -0.6903 0.1951
vn -0.4465 -0.4880 0.7500
vn 0.2133 -0.9668 0.1410
vn -0.0987 -0.9897 0.1036
vn 0.5427 -0.7583 0.3611
vn 0.5067 -0.6186 0.6005
vn 0.3852 -0.5386 0.7493
vn 0.1327 -0.9613 0.2413
vn -0.2868 -0.8160 -0.5019
vn -0.4955 -0.7939 -0.3524
vn -0.7535 -0.5925 -0.2848
vn -0.7678 -0.6186 -0.1670
vn -0.0449 -0.9980 0.0449
vn -0.0317 -0.9815 -0.1888
vn -0.0662 -0.9653 -0.2525
vn -0.0530 -0.6851 -0.7265
vn 0.0515 -0.4197 -0.9062
vn -0.5745 -0.3142 -0.7558
vn -0.5701 -0.3750 -0.7310
vn -0.3669 -0.8701 -0.3290
vn -0.4903 -0.6478 -0.5830
vn -0.2472 -0.6220 -0.7430
vn -0.3929 0.1530 0.9068
vn -0.1905 -0.1294 0.9731
vn -0.2149 -0.0101 0.9766
vn -0.0979 0.3072 0.9466
vn 0.8500 0.2502 0.4635
vn 0.9213 0.1750 0.3474
vn 0.7665 0.1132 0.6322
vn -0.4234 -0.1462 0.8941
vn -0.2250 -0.1956 0.9545
vn -0.4183 0.0467 0.9071
vn -0.3218 -0.0292 0.9464
vn 0.7935 0.1655 0.5856
vn 0.9420 0.0041 0.3356
vn 0.6546 -0.0533 0.7541
vn -0.3666 -0.2834 0.8861
vn -0.3200 -0.0052 0.9474
vn -0.3448 0.0778 0.9354
vn -0.2699 -0.1650 0.9487
vn 0.6799 -0.1628 0.7150
vn 0.9150 -0.1923 0.3547
vn 0.4406 -0.1740 0.8807
vn 0.3743 -0.1651 -0.9125
vn 0.4528 -0.3325 -0.8273
vn -0.2099 -0.0173 -0.9776
vn -0.4964 -0.0927 -0.8631
vn -0.6963 -0.4012 -0.5951
vn -0.7060 -0.1536 -0.6913
vn -0.3244 -0.2675 -0.9073
vn 0.4122 -0.0394 -0.9102
vn 0.5462 0.0479 -0.8363
vn -0.2271 -0.0071 -0.9738
vn -0.6118 0.0507 -0.7894
vn -0.7406 0.0200 -0.6717
vn -0.6219 0.0585 -0.7809
vn -0.0980 -0.0777 -0.9921
vn 0.1155 0.3853 -0.9155
vn 0.4071 0.3615 -0.8388
vn -0.1776 0.0963 -0.9794
vn -0.7669 0.2401 -0.5951
vn -0.6387 0.0368 -0.7686
vn -0.1414 -0.0126 -0.9899
vn -0.2278 0.9346 0.2733
vn 0.0250 0.9984 -0.0505
vn -0.0210 0.9982 -0.0560
vn 0.0131 0.9069 0.4211
vn -0.1581 -0.9786 -0.1320
vn -0.0636 -0.9864 -0.1515
vn 0.3007 -0.9448 0.1301
vn 0.2612 -0.9632 -0.0631
vn -0.4292 -0.1441 0.8917
vn -0.0738 -0.1936 0.9783
vn -0.1563 0.0814 0.9844
vn -0.5078 0.1365 0.8506
vn 0.1838 -0.1036 -0.9775
vn 0.2320 -0.1134 -0.9661
vn 0.2345 -0.0070 -0.9721
vn 0.2495 0.0143 -0.9683
vn 0.0776 0.9962 0.0404
vn -0.0693 0.9971 -0.0310
vn -0.0329 0.9834 -0.1787
vn -0.1115 0.9713 0.2101
vn 0.0844 0.9962 -0.0192
vn 0.0014 0.9997 0.0239
vn 0.1060 0.9732 -0.2040
vn 0.0765 0.9923 -0.0979
vn 0.2009 -0.9584 -0.2028
vn 0.1496 -0.9354 0.3205
vn -0.1104 -0.9891 -0.0976
vn -0.0645 -0.9739 0.2178
vn -0.0266 -0.9993 -0.0276
vn -0.0215 -0.9165 -0.3995
vn -0.1228 -0.9766 -0.1763
vn -0.2051 -0.9776 0.0462
vn 0.5104 -0.1249 0.8508
vn 0.0303 -0.1796 0.9833
vn -0.2345 0.2564 0.9377
vn 0.3633 0.2951 0.8837
vn -0.5123 -0.1656 0.8427
vn -0.5279 -0.0172 0.8491
vn -0.3808 -0.0158 0.9245
vn -0.3385 -0.1612 0.9271
vn -0.0913 -0.0184 0.9956
vn 0.4934 0.0593 -0.8678
vn 0.2795 -0.0208 -0.9599
vn 0.3988 0.2067 -0.8934
vn 0.4470 0.2246 -0.8659
vn -0.3023 -0.1326 -0.9440
vn -0.2405 0.0317 -0.9701
vn 0.0862 -0.0320 -0.9958
vn 0.0319 0.0076 -0.9995
vn 0.3540 -0.2068 -0.9121
vn 0.0283 -0.7290 0.6840
vn -0.4413 -0.0399 0.8965
vn -0.2425 -0.8243 0.5116
vn -0.4370 0.5662 0.6989
vn -0.2439 0.5645 0.7885
vn 0.0934 -0.9035 -0.4182
vn 0.3441 -0.8841 -0.3163
vn 0.1793 -0.5311 -0.8281
vn 0.1654 0.6750 -0.7190
vn 0.2007 0.7641 -0.6131
vn 0.3050 -0.7228 0.6201
vn -0.0534 -0.6529 0.7556
vn -0.1152 -0.1773 0.9774
vn 0.4925 -0.2465 0.8347
vn 0.3870 0.8067 0.4467
vn -0.1292 0.6818 0.7201
vn -0.4509 0.1812 0.8740
vn -0.0804 0.9151 0.3952
vn -0.4169 0.8031 0.4257
vn -0.2820 -0.0350 0.9588
vn -0.3608 -0.7571 0.5446
vn -0.1783 -0.8867 0.4265
vn 0.1055 -0.7647 -0.6357
vn 0.2383 -0.4584 -0.8562
vn 0.4290 -0.2945 -0.8540
vn 0.0173 -0.7256 -0.6879
vn 0.3380 0.8009 -0.4944
vn 0.3619 0.6668 -0.6514
vn -0.1523 0.7442 -0.6504
vn -0.0894 0.0150 -0.9959
vn -0.2135 0.7079 -0.6733
vn -0.2364 0.1868 -0.9535
vn -0.1978 -0.6382 -0.7441
vn 0.1143 -0.6152 -0.7800
vn 0.1735 -0.5262 -0.8325
vn -0.0819 -0.9962 -0.0294
vn -0.1779 -0.8823 0.4358
vn -0.2507 -0.6872 0.6819
vn -0.3891 -0.2427 0.8887
vn -0.3999 0.0108 0.9165
vn -0.3694 0.1779 0.9121
vn -0.2156 0.7843 0.5818
vn -0.0580 0.9893 0.1335
vn 0.0085 0.9943 -0.1067
vn 0.1828 0.7940 -0.5797
vn 0.4330 0.1863 -0.8819
vn 0.4465 -0.0014 -0.8948
vn 0.2633 -0.1470 -0.9534
vn 0.3242 -0.6238 0.7111
vn 0.1412 -0.9187 0.3689
vn -0.0372 -0.9993 0.0031
vn -0.3570 -0.6170 -0.7013
vn -0.3337 -0.0861 -0.9387
vn -0.1959 -0.0978 -0.9757
vn -0.2690 0.2649 -0.9260
vn -0.0958 0.8274 -0.5534
vn 0.0085 0.9959 -0.0906
vn 0.0953 0.9873 0.1272
vn 0.3008 0.7420 0.5992
vn 0.3914 0.1985 0.8985
vn 0.4081 -0.0306 0.9124
vn 0.4196 -0.2301 0.8781
vn -0.3796 0.8311 -0.4064
vn -0.3677 0.8681 -0.3334
vn -0.2874 0.9544 0.0807
vn -0.2187 0.9520 0.2142
vn -0.3034 0.9506 0.0650
vn -0.2946 0.9435 0.1519
vn 0.0579 0.8265 0.5599
vn -0.0177 0.9304 0.3661
vn 0.3800 -0.6068 0.6982
vn 0.1051 -0.9705 0.2171
vn 0.3714 -0.9214 0.1146
vn 0.4939 -0.5491 0.6742
vn -0.1238 -0.9629 -0.2396
vn 0.1518 -0.9281 -0.3400
vn -0.3222 -0.5998 -0.7325
vn -0.2244 -0.5628 -0.7955
vn 0.4461 0.3555 0.8214
vn 0.3026 0.3089 0.9017
vn 0.5438 -0.2095 0.8127
vn 0.3773 -0.2311 0.8968
vn 0.4858 -0.3626 0.7953
vn 0.4700 -0.3426 0.8135
vn -0.3595 -0.2859 -0.8883
vn -0.3555 -0.2932 -0.8875
vn -0.5104 -0.1554 -0.8458
vn -0.2836 -0.1345 -0.9495
vn -0.5596 0.2300 -0.7962
vn -0.3242 0.2705 -0.9065
vn -0.1831 0.1589 -0.9702
vn -0.3775 0.7111 -0.5931
vn -0.6032 0.7886 0.1197
vn -0.2430 0.9682 0.0599
vn -0.3118 0.9318 0.1858
vn -0.4775 0.7860 -0.3928
vn -0.1095 0.9939 0.0107
vn -0.2945 0.8562 -0.4246
vn -0.3438 0.9368 0.0641
vn -0.0295 0.9979 -0.0573
vn -0.5157 0.7708 -0.3742
vn -0.0688 0.8048 -0.5896
vn 0.0591 0.9850 -0.1621
vn -0.5954 0.7704 -0.2279
vn -0.1519 0.9810 0.1204
vn -0.3805 0.9248 0.0017
vn -0.3615 0.9230 0.1315
vn -0.1921 0.9705 0.1454
vn -0.2142 0.9675 0.1347
vn 0.0044 0.9890 -0.1481
vn 0.0173 0.9990 -0.0415
vn -0.1385 0.9810 -0.1360
vn 0.1730 0.7622 0.6238
vn 0.3827 0.7333 0.5619
vn 0.2665 0.5610 0.7837
vn 0.2404 0.7012 0.6712
vn -0.0372 0.8841 0.4659
vn 0.0014 0.6764 0.7365
vn -0.0312 0.8075 0.5890
vn 0.4635 -0.8673 -0.1817
vn 0.6710 -0.5395 0.5086
vn 0.7851 -0.3051 0.5390
vn 0.3235 -0.9443 -0.0605
vn 0.6035 -0.7783 -0.1732
vn 0.7670 -0.3534 0.5355
vn 0.5028 -0.8608 -0.0788
vn 0.6017 -0.6144 0.5104
vn -0.0310 -0.9768 0.2118
vn 0.1100 -0.8499 0.5153
vn 0.0976 -0.9952 0.0029
vn 0.0304 -0.6798 0.7328
vn 0.0411 -0.5791 0.8142
vn -0.2785 -0.9065 0.3173
vn 0.2671 -0.8025 -0.5336
vn 0.0770 -0.8737 -0.4804
vn 0.4716 -0.7227 -0.5053
vn 0.3834 -0.8162 -0.4323
vn 0.0864 -0.9930 0.0806
vn -0.0598 -0.9849 -0.1627
vn -0.4747 -0.8753 -0.0919
vn -0.3287 -0.4460 -0.8325
vn -0.1756 -0.7251 -0.6659
vn 0.2496 -0.4498 -0.8575
vn 0.0312 -0.5194 -0.8539
vn 0.0780 -0.8852 -0.4585
vn -0.3895 -0.5079 -0.7683
vn -0.5665 -0.5434 -0.6195
vn 0.7189 0.1671 0.6747
vn 0.4919 -0.0465 0.8694
vn 0.6842 -0.0075 0.7292
vn 0.6643 0.2696 0.6972
vn 0.0877 0.3520 0.9319
vn 0.0509 0.1996 0.9785
vn 0.1882 0.2103 0.9594
vn 0.7112 -0.1406 0.6887
vn 0.4954 -0.1512 0.8554
vn 0.8139 0.0113 0.5808
vn 0.7629 -0.0921 0.6399
vn 0.1447 0.0541 0.9880
vn -0.0445 -0.0709 0.9965
vn 0.3267 -0.0072 0.9451
vn 0.6466 -0.2531 0.7196
vn 0.6072 -0.0019 0.7945
vn 0.7474 0.0463 0.6628
vn 0.6045 -0.2052 0.7697
vn 0.1637 -0.3265 0.9309
vn -0.0303 -0.2529 0.9670
vn 0.3170 -0.2905 0.9028
vn -0.6921 -0.1868 -0.6972
vn -0.7903 -0.2954 -0.5368
vn -0.1731 -0.1267 -0.9767
vn -0.1151 -0.1775 -0.9774
vn -0.0798 -0.3473 -0.9343
vn -0.4138 -0.0234 -0.9101
vn -0.5384 -0.1933 -0.8202
vn -0.7900 0.0048 -0.6131
vn -0.8406 0.1019 -0.5319
vn -0.2418 -0.0200 -0.9701
vn -0.0574 -0.0128 -0.9983
vn 0.0265 0.1238 -0.9920
vn -0.5522 0.1280 -0.8239
vn -0.7673 0.0404 -0.6401
vn -0.5933 0.3113 -0.7424
vn -0.7741 0.2855 -0.5651
vn -0.3390 0.1022 -0.9352
vn -0.0538 0.3441 -0.9374
vn -0.5420 0.1514 -0.8266
vn -0.7124 0.1159 -0.6922
vn 0.0641 -0.8124 -0.5796
vn 0.8234 0.0381 -0.5662
vn 0.9500 0.2870 0.1228
vn 0.1586 -0.9654 0.2070
vn 0.3657 0.5246 0.7688
vn 0.7559 -0.5184 0.3999
vn -0.0894 0.9945 -0.0541
vn 0.0860 0.9962 0.0118
vn 0.0635 0.9681 -0.2425
vn 0.6606 0.7156 -0.2268
vn 0.5922 0.5695 -0.5701
vn 0.4382 0.3546 -0.8260
vn 0.2577 -0.9462 -0.1959
vn 0.8015 -0.5551 0.2226
vn -0.2818 -0.8913 -0.3552
vn -0.4640 -0.6749 -0.5737
vn -0.7093 -0.1787 -0.6819
vn -0.8065 0.0175 -0.5910
vn -0.8435 -0.0235 -0.5367
vn -0.8384 0.5322 -0.1181
vn -0.0253 0.9545 0.2970
vn -0.0202 0.8994 0.4366
vn 0.1881 0.8203 0.5401
vn 0.6532 0.5192 0.5511
vn 0.6794 0.3455 0.6474
vn 0.7995 0.2082 0.5634
vn -0.2750 0.9416 -0.1943
vn -0.3719 0.8375 0.4003
vn -0.0631 0.9872 0.1466
vn -0.5679 0.8079 0.1573
vn 0.4461 -0.8558 -0.2621
vn 0.4270 -0.8757 -0.2255
vn -0.1740 -0.9815 0.0801
vn 0.0438 -0.9944 0.0960
vn -0.7351 -0.1218 -0.6669
vn -0.6468 -0.1835 -0.7402
vn -0.7678 0.2000 -0.6087
vn -0.6689 0.2264 -0.7080
vn 0.7513 -0.1508 0.6425
vn 0.8135 -0.1331 0.5662
vn 0.8041 -0.0308 0.5936
vn 0.6070 -0.0346 0.7939
vn -0.1549 0.9870 0.0437
vn -0.0429 0.9938 0.1024
vn 0.0987 0.9898 0.1028
vn -0.2240 0.9726 -0.0623
vn -0.3948 0.8431 0.3651
vn -0.3461 0.9028 0.2553
vn 0.1353 0.9763 0.1690
vn 0.0442 0.9935 0.1049
vn 0.1448 -0.9778 0.1518
vn -0.2186 -0.9397 -0.2629
vn 0.3382 -0.9304 -0.1414
vn -0.1109 -0.9687 -0.2219
vn 0.1378 -0.9871 -0.0814
vn 0.4811 -0.8765 0.0155
vn 0.2627 -0.9649 0.0032
vn 0.2367 -0.9098 -0.3410
vn -0.8718 -0.0956 -0.4805
vn -0.7570 -0.1279 -0.6407
vn -0.6786 0.3905 -0.6221
vn -0.8508 0.3014 -0.4304
vn -0.5704 -0.1289 -0.8112
vn -0.5637 -0.0112 -0.8259
vn -0.4656 0.0151 -0.8849
vn -0.4098 -0.1174 -0.9046
vn -0.7553 -0.0052 -0.6553
vn 0.5542 0.0442 0.8312
vn 0.5866 -0.0390 0.8089
vn 0.3108 0.1653 0.9360
vn 0.5885 0.2218 0.7775
vn 0.9102 -0.1566 0.3833
vn 0.8874 0.0640 0.4566
vn 0.7792 -0.0595 0.6240
vn 0.8359 -0.0076 0.5488
vn 0.6838 -0.2766 0.6751
vn -0.3519 -0.7116 -0.6081
vn -0.7169 -0.0384 -0.6961
vn -0.3284 -0.7393 -0.5879
vn -0.5231 0.6293 -0.5747
vn -0.7545 0.6052 -0.2538
vn 0.5262 -0.8452 0.0930
vn 0.1555 -0.9486 0.2755
vn 0.7666 -0.4303 0.4767
vn 0.5003 0.6922 0.5201
vn 0.1228 0.6177 0.7767
vn -0.6452 -0.6993 -0.3077
vn -0.4776 -0.6969 -0.5350
vn -0.6852 -0.2525 -0.6832
vn -0.8145 -0.2515 -0.5227
vn -0.6454 0.7610 -0.0657
vn -0.5812 0.7360 -0.3472
vn -0.6292 0.1821 -0.7556
vn -0.3368 0.9109 -0.2382
vn -0.5100 0.6492 -0.5644
vn -0.4434 -0.1072 -0.8899
vn -0.0329 -0.6465 -0.7622
vn -0.2107 -0.8809 -0.4238
vn 0.6437 -0.7169 0.2679
vn 0.6503 -0.5410 0.5334
vn 0.6197 -0.2802 0.7331
vn 0.4804 -0.7782 0.4046
vn -0.2302 0.5969 0.7686
vn 0.4337 0.6647 0.6083
vn 0.5592 0.7541 0.3444
vn 0.8904 0.0144 0.4550
vn 0.5991 0.7468 0.2888
vn 0.8792 0.1802 0.4410
vn 0.8138 -0.5658 0.1327
vn 0.6107 -0.6327 0.4761
vn 0.4638 -0.6363 0.6164
vn 0.1851 -0.9002 0.3942
vn -0.0265 -0.9996 -0.0119
vn -0.5680 -0.6178 -0.5438
vn -0.7067 -0.0965 -0.7009
vn -0.6743 -0.0664 -0.7355
vn -0.7008 0.2100 -0.6817
vn -0.4518 0.8157 -0.3614
vn -0.0796 0.9958 -0.0442
vn 0.1271 0.9859 0.1084
vn 0.4872 0.7640 0.4231
vn 0.7149 0.1912 0.6726
vn 0.6936 -0.0249 0.7199
vn 0.6805 -0.1903 0.7076
vn -0.7486 -0.6090 -0.2621
vn 0.0252 -0.9945 -0.1018
vn 0.4229 -0.9032 0.0736
vn 0.7288 -0.5627 0.3901
vn 0.8530 -0.1533 0.4989
vn 0.8116 0.0165 0.5839
vn 0.7994 0.2948 0.5235
vn 0.4803 0.8366 0.2633
vn 0.1127 0.9936 0.0056
vn -0.0902 0.9902 -0.1062
vn -0.6070 0.7267 -0.3217
vn -0.9009 0.1679 -0.4002
vn -0.8958 -0.1445 -0.4202
vn -0.9392 -0.1426 -0.3124
vn 0.4472 0.8922 -0.0640
vn -0.0319 0.9805 -0.1940
vn -0.0551 0.9948 -0.0862
vn 0.2604 0.9510 -0.1665
vn 0.2651 0.9565 0.1218
vn 0.6904 0.6928 0.2084
vn 0.2602 0.9590 -0.1125
vn -0.0167 0.9994 0.0289
vn 0.0966 0.9892 0.1098
vn 0.0435 0.7611 0.6472
vn -0.0016 0.9989 0.0467
vn -0.2761 0.8304 0.4839
vn -0.0178 0.9997 -0.0187
vn -0.3473 0.8862 -0.3068
vn 0.0816 0.9960 -0.0361
vn -0.4995 0.8500 -0.1672
vn -0.0766 0.9935 0.0848
vn -0.0040 0.9969 -0.0786
vn -0.0552 0.9969 0.0568
vn -0.2633 0.8766 -0.4027
vn -0.0869 0.7529 -0.6524
vn -0.1517 0.8929 -0.4240
vn -0.1065 0.9288 0.3549
vn -0.0647 0.9906 0.1208
vn -0.2553 0.8722 -0.4174
vn 0.0011 0.9954 0.0958
vn 0.5669 0.8236 0.0183
vn -0.5072 0.7538 -0.4178
vn 0.6237 -0.7813 0.0227
vn 0.6793 -0.6713 0.2964
vn 0.4058 -0.7974 0.4467
vn 0.0441 -0.8673 0.4959
vn 0.0384 -0.9559 -0.2911
vn 0.3644 -0.8488 -0.3831
vn 0.5601 -0.7169 -0.4152
vn 0.1805 -0.7170 -0.6733
vn -0.6195 -0.7810 -0.0788
vn -0.3472 -0.9085 0.2325
vn -0.0031 -0.9659 -0.2588
vn -0.3443 -0.7222 -0.5998
vn 0.0410 -0.9695 0.2415
vn 0.2979 -0.7174 0.6297
vn 0.0871 -0.9962 0.0054
vn 0.0374 -0.9878 0.1512
vn -0.1548 -0.9665 0.2046
vn -0.0580 -0.9205 0.3864
vn 0.5360 -0.8434 0.0368
vn 0.1667 -0.9647 -0.2040
vn -0.4386 -0.7584 -0.4821
vn -0.7048 -0.6903 -0.1637
vn -0.2096 -0.7130 0.6691
vn -0.4436 -0.7118 -0.5446
vn -0.1434 -0.5023 -0.8527
vn 0.0040 -0.9201 -0.3916
vn -0.6353 -0.7427 0.2117
vn -0.5307 -0.1367 -0.8365
vn -0.0893 -0.0753 -0.9932
vn -0.7262 -0.2166 -0.6525
vn -0.4921 0.2459 -0.8351
vn -0.4929 -0.6957 -0.5226
vn 0.0753 -0.9010 -0.4272
vn -0.0727 -0.9950 0.0679
vn -0.5305 -0.3270 -0.7821
vn -0.6135 0.0607 -0.7873
vn -0.8964 -0.3054 -0.3212
vn -0.8377 0.0944 -0.5380
vn -0.9882 0.0499 -0.1448
vn -0.9695 0.0444 -0.2409
vn -0.6414 0.1680 -0.7486
vn -0.8954 -0.1083 -0.4319
vn -0.9759 -0.0622 -0.2093
vn -0.6220 -0.1747 0.7633
vn -0.4973 -0.1636 0.8520
vn -0.2929 -0.1503 0.9443
vn -0.2375 -0.5141 0.8242
vn 0.1283 -0.2280 0.9652
vn -0.0936 -0.0704 0.9931
vn -0.5011 0.2018 0.8415
vn -0.5641 0.1599 0.8101
vn -0.0757 0.1955 0.9778
vn 0.9388 0.2219 0.2635
vn 0.7480 -0.4887 0.4492
vn 0.9742 -0.2253 0.0094
vn 0.9891 0.1404 -0.0436
vn 0.9222 0.0073 0.3865
vn 0.8309 -0.4386 0.3423
vn 0.9552 0.0683 0.2879
vn 0.8933 0.4027 0.1999
vn 0.9574 0.2874 0.0276
vn 0.2863 -0.8676 0.4065
vn 0.3221 -0.9177 0.2327
vn 0.0789 -0.9851 -0.1527
vn -0.1788 -0.6802 -0.7109
vn -0.4683 -0.3097 -0.8276
vn -0.6580 -0.0860 -0.7481
vn -0.6579 0.2264 -0.7183
vn -0.5917 0.6564 -0.4679
vn -0.2538 0.9162 -0.3102
vn -0.2143 0.9605 -0.1773
vn 0.1483 0.8933 0.4244
vn 0.3596 0.3515 0.8643
vn 0.4221 0.1839 0.8877
vn 0.4374 0.1322 0.8895
vn 0.7221 -0.6420 -0.2578
vn 0.3610 -0.9109 -0.1996
vn 0.1010 -0.9925 0.0684
vn -0.5841 -0.6103 0.5351
vn -0.8840 -0.1493 0.4430
vn -0.9507 -0.1556 0.2684
vn -0.9170 0.2013 0.3445
vn -0.4025 0.9029 0.1505
vn -0.1151 0.9898 0.0838
vn 0.2571 0.9569 0.1350
vn 0.5880 0.8079 -0.0408
vn 0.9841 0.1755 -0.0272
vn 0.9985 -0.0552 0.0057
vn 0.9757 -0.2190 -0.0102
vn 0.9656 0.0034 -0.2598
vn 0.9504 0.1227 -0.2858
vn 0.9569 -0.0907 -0.2759
vn 0.9305 -0.3238 -0.1714
vn 0.7612 0.5670 -0.3148
vn 0.7778 0.5598 -0.2858
vn 0.9294 0.1660 -0.3296
vn 0.9420 0.1828 0.2815
vn 0.9455 -0.0013 -0.3256
vn 0.9147 -0.0622 0.3994
vn 0.8732 -0.0798 -0.4808
vn 0.8694 -0.4436 0.2176
vn 0.9662 -0.0570 -0.2515
vn 0.7226 -0.2879 -0.6285
vn 0.6289 -0.7234 -0.2851
vn -0.2846 0.3698 -0.8844
vn -0.2593 -0.1484 -0.9543
vn -0.2455 0.0239 -0.9691
vn -0.5360 0.0112 -0.8442
vn -0.6666 0.3360 -0.6654
vn -0.7710 0.0293 -0.6362
vn -0.6596 -0.1663 -0.7330
vn 0.3174 -0.4054 -0.8572
vn 0.8443 -0.2818 -0.4558
vn 0.9311 -0.1635 0.3260
vn -0.2391 0.7760 -0.5836
vn -0.3581 0.7543 -0.5502
vn -0.4720 0.8703 -0.1408
vn -0.4622 0.8864 0.0261
vn -0.4831 0.8614 -0.1567
vn -0.4994 0.8598 -0.1069
vn -0.4596 0.7749 0.4339
vn -0.4069 0.8750 0.2624
vn 0.1559 -0.5386 0.8280
vn 0.2767 -0.9141 0.2966
vn 0.4659 -0.8191 0.3348
vn 0.1885 -0.4976 0.8467
vn 0.2738 -0.9337 -0.2308
vn 0.5320 -0.8329 -0.1524
vn 0.1579 -0.5843 -0.7960
vn 0.3920 -0.5202 -0.7588
vn -0.1858 0.3598 0.9144
vn -0.3121 0.2771 0.9087
vn 0.0524 -0.1819 0.9819
vn -0.1158 -0.2251 0.9674
vn 0.0609 -0.3363 0.9398
vn 0.0815 -0.3070 0.9482
vn 0.0621 -0.3183 -0.9459
vn 0.2704 -0.2662 -0.9252
vn -0.0472 -0.2158 -0.9753
vn 0.3220 -0.0950 -0.9420
vn -0.2118 0.1593 -0.9642
vn 0.1717 0.2954 -0.9398
vn 0.3090 0.1761 -0.9346
vn -0.1071 0.6323 -0.7673
vn -0.6950 0.7022 -0.1547
vn -0.6419 0.7634 -0.0716
vn -0.7242 0.6896 -0.0068
vn -0.6319 0.7278 -0.2664
vn -0.4057 0.9101 -0.0843
vn -0.1044 0.7929 -0.6003
vn -0.4866 0.8486 -0.2078
vn -0.3121 0.9415 -0.1274
vn -0.0569 0.7569 -0.6510
vn -0.1021 0.8060 -0.5830
vn -0.1271 0.9906 -0.0509
vn -0.5209 0.7323 -0.4387
vn -0.4077 0.9131 0.0045
vn -0.6947 0.7166 -0.0626
vn -0.5868 0.8092 -0.0299
vn -0.4656 0.8842 -0.0384
vn -0.4487 0.8906 -0.0739
vn -0.2323 0.9362 -0.2637
vn -0.1413 0.9781 -0.1530
vn -0.2392 0.9254 -0.2941
vn -0.4980 0.4614 0.7343
vn -0.1930 0.6956 0.6920
vn -0.4983 0.4608 0.7344
vn -0.3496 0.6926 0.6309
vn -0.5108 0.8194 0.2600
vn -0.5654 0.6254 0.5377
vn -0.5173 0.7654 0.3828
vn 0.7981 -0.5978 0.0757
vn 0.6513 -0.4426 0.6164
vn 0.5185 -0.2138 0.8279
vn 0.7112 -0.6933 -0.1164
vn 0.7286 -0.6677 0.1528
vn 0.4403 -0.3271 0.8361
vn 0.6325 -0.7381 0.2350
vn 0.3443 -0.5324 0.7733
vn -0.1246 -0.9679 0.2184
vn -0.2347 -0.7768 0.5843
vn 0.0768 -0.9948 0.0662
vn -0.1929 -0.6550 0.7306
vn -0.0853 -0.5514 0.8299
vn -0.0292 -0.9539 0.2988
vn 0.8133 -0.5036 -0.2915
vn 0.5504 -0.7399 -0.3869
vn 0.7779 -0.5898 -0.2167
vn 0.7217 -0.6805 -0.1268
vn 0.0800 -0.9886 0.1276
vn -0.0026 -0.9832 -0.1824
vn -0.0207 -0.9733 -0.2285
vn 0.4687 -0.3769 -0.7989
vn 0.0135 -0.6863 -0.7272
vn 0.6855 -0.2838 -0.6704
vn 0.6009 -0.4088 -0.6868
vn 0.3411 -0.8458 -0.4103
vn 0.2097 -0.6697 -0.7124
vn -0.0695 -0.6180 -0.7831
vn 0.2717 0.0930 0.9579
vn -0.1042 -0.2098 0.9722
vn 0.0242 -0.0412 0.9989
vn 0.0227 0.3193 0.9474
vn -0.5130 0.2575 0.8189
vn -0.5557 0.2191 0.8020
vn -0.4704 0.1148 0.8749
vn 0.3402 -0.1989 0.9191
vn -0.0031 -0.2535 0.9673
vn 0.2525 0.0174 0.9674
vn 0.2538 -0.0435 0.9663
vn -0.4528 0.1644 0.8763
vn -0.5995 -0.0063 0.8003
vn -0.3311 -0.0138 0.9435
vn 0.4045 -0.3522 0.8440
vn 0.1570 -0.0544 0.9861
vn 0.1698 0.0471 0.9843
vn 0.1558 -0.2006 0.9672
vn -0.3095 -0.2101 0.9274
vn -0.5377 -0.2013 0.8188
vn -0.0804 -0.2252 0.9710
vn -0.2840 -0.2062 -0.9364
vn -0.6415 -0.3118 -0.7009
vn 0.3914 0.0197 -0.9200
vn 0.4452 -0.0649 -0.8931
vn 0.3589 -0.4294 -0.8287
vn 0.4200 -0.1444 -0.8959
vn -0.0047 -0.2494 -0.9684
vn -0.4575 -0.0889 -0.8848
vn -0.7622 0.0661 -0.6439
vn 0.3619 0.0511 -0.9308
vn 0.4724 0.1130 -0.8741
vn 0.4003 0.0767 -0.9131
vn 0.2861 0.1133 -0.9515
vn -0.1812 -0.0235 -0.9832
vn -0.4257 0.3058 -0.8516
vn -0.8027 0.3387 -0.4908
vn 0.3528 0.1245 -0.9274
vn 0.4180 0.2929 -0.8599
vn 0.2390 0.0901 -0.9668
vn -0.2074 0.0343 -0.9776
vn 0.5107 -0.8370 0.1966
vn 0.7532 -0.5371 -0.3798
vn 0.0366 -0.8873 0.4596
vn -0.0850 -0.7466 0.6599
vn -0.4905 -0.2770 0.8262
vn -0.6294 0.0090 0.7770
vn -0.7514 0.0723 0.6559
vn -0.6620 0.5552 0.5035
vn -0.3275 0.8839 0.3339
vn -0.3830 0.8926 0.2377
vn 0.2148 0.9175 -0.3349
vn 0.6226 0.4224 -0.6587
vn 0.5294 -0.4731 -0.7042
vn 0.6556 -0.4244 -0.6246
vn -0.3448 0.7844 0.5156
vn -0.4884 0.8726 0.0041
vn -0.4218 0.8075 0.4123
vn -0.4766 0.8688 -0.1341
vn -0.5074 0.8612 -0.0310
vn -0.5021 0.8646 0.0178
vn -0.3613 0.7649 -0.5333
vn -0.3445 0.8686 -0.3561
vn 0.3120 -0.5388 -0.7825
vn 0.5235 -0.8270 -0.2048
vn 0.3291 -0.9206 -0.2103
vn 0.3499 -0.4985 -0.7931
vn 0.4847 -0.8262 0.2872
vn 0.2222 -0.9263 0.3043
vn 0.2354 -0.5184 0.8221
vn 0.0032 -0.5844 0.8115
vn -0.0119 0.3687 -0.9295
vn -0.1379 0.2880 -0.9476
vn 0.2347 -0.1696 -0.9572
vn 0.0685 -0.2131 -0.9746
vn 0.2345 -0.3249 -0.9162
vn 0.2565 -0.2955 -0.9203
vn -0.1100 -0.3353 0.9357
vn 0.0945 -0.2801 0.9553
vn -0.2321 -0.2316 0.9447
vn 0.1402 -0.1113 0.9838
vn -0.3578 0.1209 0.9260
vn -0.0062 0.2795 0.9601
vn 0.1327 0.1531 0.9793
vn -0.2541 0.6407 0.7245
vn -0.6938 0.7193 0.0365
vn -0.5308 0.8342 -0.1495
vn -0.5081 0.8608 -0.0296
vn -0.4925 0.8309 0.2590
vn -0.4094 0.9116 -0.0358
vn -0.2167 0.7994 0.5603
vn -0.5171 0.8531 0.0697
vn -0.2904 0.9545 0.0680
vn -0.3452 0.7448 0.5710
vn -0.2498 0.7388 0.6259
vn -0.0788 0.9963 0.0332
vn -0.6160 0.5553 0.5587
vn -0.3755 0.9253 -0.0526
vn -0.5213 0.8512 -0.0604
vn -0.5599 0.8274 -0.0432
vn -0.4601 0.8828 -0.0947
vn -0.4525 0.8904 -0.0497
vn -0.2609 0.9414 0.2138
vn -0.1217 0.9853 0.1200
vn -0.2663 0.9395 0.2156
vn 0.1231 0.7598 -0.6384
vn -0.1151 0.5840 -0.8036
vn -0.3388 0.4555 -0.8233
vn -0.2203 0.6849 -0.6945
vn -0.3678 0.8584 -0.3577
vn -0.2582 0.6730 -0.6931
vn -0.3834 0.7850 -0.4866
vn 0.7393 -0.6701 0.0665
vn 0.6600 -0.1954 -0.7254
vn 0.7545 -0.4853 -0.4417
vn 0.5849 -0.7682 0.2603
vn 0.7418 -0.6695 0.0392
vn 0.6061 -0.3266 -0.7253
vn 0.6655 -0.7436 -0.0651
vn 0.4943 -0.5355 -0.6847
vn -0.1263 -0.9706 -0.2048
vn 0.1706 -0.9830 -0.0681
vn 0.0532 -0.7255 -0.6861
vn -0.0520 -0.6822 -0.7293
vn 0.0161 -0.5565 -0.8307
vn -0.0316 -0.9569 -0.2887
vn 0.4137 -0.7338 0.5389
vn 0.6274 -0.6323 0.4545
vn 0.7045 -0.5844 0.4026
vn 0.6711 -0.6752 0.3062
vn 0.0952 -0.9953 -0.0161
vn -0.0808 -0.9747 0.2083
vn -0.1076 -0.9700 0.2178
vn 0.0955 -0.6135 0.7839
vn 0.1332 -0.4333 0.8914
vn 0.5279 -0.2893 0.7985
vn 0.4445 -0.4093 0.7968
vn 0.0599 -0.8857 0.4604
vn 0.0654 -0.6304 0.7735
vn -0.1924 -0.6453 0.7393
vn 0.6089 0.1481 -0.7793
vn 0.2491 -0.1559 -0.9558
vn 0.2046 -0.0189 -0.9787
vn 0.1988 0.3343 -0.9213
vn -0.2456 0.2802 -0.9280
vn -0.2032 0.2578 -0.9446
vn -0.2693 0.1310 -0.9541
vn 0.6637 -0.1348 -0.7358
vn 0.3242 -0.2008 -0.9244
vn 0.4296 0.0389 -0.9022
vn 0.4334 -0.0259 -0.9008
vn -0.1971 0.1774 -0.9642
vn -0.2624 0.0170 -0.9648
vn -0.1571 -0.0034 -0.9876
vn 0.6615 -0.2643 -0.7018
vn 0.4306 0.0106 -0.9025
vn 0.3522 0.0672 -0.9335
vn 0.3343 -0.1845 -0.9242
vn -0.1038 -0.2163 -0.9708
vn -0.2535 -0.2328 -0.9389
vn 0.0415 -0.2222 -0.9741
vn -0.3153 -0.1468 0.9376
vn -0.5411 -0.2727 0.7955
vn 0.2126 -0.0019 0.9771
vn 0.2666 -0.0840 0.9601
vn 0.0625 -0.4323 0.8996
vn 0.2889 -0.1151 0.9504
vn -0.0590 -0.2585 0.9642
vn -0.3896 -0.0228 0.9207
vn -0.6944 0.1224 0.7091
vn 0.1838 0.0290 0.9825
vn 0.2990 0.0911 0.9499
vn 0.0364 0.0735 0.9966
vn 0.0844 0.1369 0.9870
vn -0.2948 -0.0183 0.9554
vn -0.3093 0.3548 0.8823
vn -0.7209 0.3275 0.6108
vn 0.1763 0.1022 0.9790
vn 0.0781 0.3178 0.9449
vn 0.0293 0.1100 0.9935
vn -0.3336 -0.0967 0.9378
vn 0.4410 -0.8300 0.3415
vn 0.4900 -0.6646 0.5641
vn 0.4221 -0.8867 -0.1886
vn -0.0088 -0.4991 -0.8665
vn -0.1551 -0.1201 -0.9806
vn -0.2073 -0.0643 -0.9762
vn -0.2629 0.2541 -0.9307
vn -0.2689 0.8331 -0.4834
vn -0.1586 0.9847 0.0728
vn -0.0401 0.9866 0.1580
vn -0.1074 0.8331 0.5426
vn 0.1485 0.3036 0.9411
vn 0.0808 -0.0010 0.9967
vn 0.3561 -0.2116 0.9102
vn -0.1616 0.7821 0.6018
vn -0.4380 0.8750 0.2060
vn -0.2537 0.7613 0.5967
vn -0.4275 0.9034 0.0340
vn -0.4710 0.8638 0.1790
vn -0.4437 0.8703 0.2137
vn -0.5038 0.7888 -0.3521
vn -0.4277 0.8860 -0.1789
vn 0.0319 -0.5468 -0.8366
vn 0.3677 -0.8461 -0.3860
vn 0.2282 -0.9188 -0.3221
vn 0.0301 -0.5110 -0.8591
vn 0.4952 -0.8653 0.0775
vn 0.3001 -0.9369 0.1795
vn 0.4681 -0.5401 0.6994
vn 0.2748 -0.6000 0.7513
vn -0.3110 0.3895 -0.8669
vn -0.4418 0.2928 -0.8480
vn -0.0988 -0.1772 -0.9792
vn -0.2636 -0.2248 -0.9381
vn -0.0933 -0.3445 -0.9341
vn -0.0583 -0.3120 -0.9483
vn 0.2044 -0.3428 0.9169
vn 0.3979 -0.3051 0.8652
vn 0.1018 -0.2341 0.9669
vn 0.4214 -0.1284 0.8977
vn -0.0500 0.1600 0.9859
vn 0.2652 0.2933 0.9185
vn 0.4542 0.2055 0.8669
vn 0.0112 0.6946 0.7194
vn -0.2906 0.7440 0.6017
vn -0.4210 0.8782 0.2268
vn -0.3007 0.9039 0.3043
vn -0.0574 0.8310 0.5532
vn -0.2636 0.9553 0.1336
vn 0.1328 0.8008 0.5840
vn -0.3899 0.8828 0.2621
vn -0.2780 0.9548 0.1048
vn -0.1728 0.7687 0.6158
vn -0.1698 0.7941 0.5836
vn -0.1248 0.9919 0.0241
vn -0.4837 0.6893 0.5393
vn -0.3707 0.9282 -0.0328
vn -0.3369 0.8693 0.3618
vn -0.3664 0.8642 0.3449
vn -0.3463 0.9283 0.1353
vn -0.3967 0.9067 0.1435
vn -0.2554 0.9221 0.2907
vn -0.1217 0.9807 0.1533
vn -0.2835 0.9217 0.2649
vn -0.4803 0.7643 -0.4303
vn -0.6494 0.6327 -0.4219
vn -0.7235 0.4912 -0.4851
vn -0.4572 0.7003 -0.5482
vn -0.3618 0.8306 -0.4233
vn -0.3930 0.6791 -0.6200
vn -0.3861 0.8648 -0.3210
vn 0.5191 -0.7470 -0.4154
vn -0.1559 -0.2913 -0.9438
vn 0.0163 -0.5465 -0.8373
vn 0.5223 -0.7824 -0.3392
vn 0.5588 -0.7402 -0.3741
vn -0.0130 -0.3938 -0.9191
vn 0.4917 -0.7952 -0.3548
vn 0.1105 -0.5662 -0.8168
vn -0.0715 -0.9722 -0.2228
vn 0.1595 -0.9836 -0.0844
vn -0.0263 -0.7700 -0.6375
vn -0.0229 -0.6350 -0.7722
vn -0.0586 -0.5595 -0.8268
vn -0.0187 -0.9633 -0.2677
vn 0.6639 -0.7475 -0.0198
vn 0.7005 -0.7114 -0.0563
vn 0.7415 -0.6688 -0.0540
vn 0.6407 -0.7674 -0.0239
vn 0.0913 -0.9958 -0.0107
vn -0.0143 -0.9825 0.1855
vn -0.0049 -0.9674 0.2532
vn 0.7034 -0.6320 0.3254
vn 0.7254 -0.4174 0.5474
vn 0.8354 -0.3547 0.4199
vn 0.6666 -0.4834 0.5674
vn 0.1365 -0.8734 0.4675
vn 0.0757 -0.6474 0.7584
vn -0.0511 -0.6179 0.7846
vn -0.3664 0.2030 -0.9081
vn -0.5828 -0.1312 -0.8020
vn -0.4065 -0.0401 -0.9128
vn -0.1761 0.3330 -0.9264
vn -0.2380 0.3432 -0.9086
vn -0.3732 0.2332 -0.8979
vn -0.2812 0.1884 -0.9410
vn -0.2815 -0.1410 -0.9492
vn -0.5420 -0.2404 -0.8053
vn -0.2532 0.0269 -0.9670
vn 0.0152 -0.0248 -0.9996
vn -0.1797 0.0960 -0.9790
vn -0.4062 -0.0374 -0.9130
vn -0.1779 0.0373 -0.9833
vn -0.2756 -0.2921 -0.9158
vn -0.4993 -0.0289 -0.8660
vn -0.3518 0.0490 -0.9348
vn -0.1209 -0.1959 -0.9731
vn -0.0899 -0.2581 -0.9619
vn -0.3500 -0.2518 -0.9023
vn -0.0230 -0.1730 -0.9847
vn 0.5306 -0.1212 0.8389
vn 0.4441 -0.2980 0.8449
vn 0.7166 -0.0241 0.6971
vn 0.5805 -0.1124 0.8065
vn 0.2430 -0.3879 0.8891
vn 0.1578 -0.0738 0.9847
vn -0.1418 -0.2668 0.9533
vn 0.4136 0.0166 0.9103
vn 0.2811 0.1385 0.9496
vn 0.6595 0.0820 0.7472
vn 0.5798 0.0599 0.8126
vn 0.2340 0.1015 0.9669
vn 0.1013 0.0476 0.9937
vn -0.3007 -0.1271 0.9452
vn 0.3607 0.3578 0.8613
vn 0.1643 0.2720 0.9482
vn 0.5895 0.1914 0.7847
vn 0.2494 0.3571 0.9002
vn -0.0167 0.0420 0.9990
vn -0.3110 -0.0489 0.9491
vn 0.4473 -0.8261 0.3428
vn 0.5065 -0.6537 0.5623
vn 0.4264 -0.8856 -0.1840
vn -0.0121 -0.5043 -0.8634
vn -0.1440 -0.1183 -0.9825
vn -0.1945 -0.0644 -0.9788
vn -0.2540 0.2478 -0.9349
vn -0.2920 0.8289 -0.4772
vn -0.2081 0.9751 0.0763
vn -0.1093 0.9780 0.1775
vn -0.1210 0.8072 0.5778
vn 0.0890 0.3037 0.9486
vn 0.1176 0.0056 0.9930
vn 0.3785 -0.2075 0.9020
vn 0.2223 0.7661 0.6031
vn -0.3093 0.8657 0.3935
vn 0.0581 0.7151 0.6966
vn -0.3530 0.8763 0.3278
vn -0.3076 0.8771 0.3688
vn -0.2471 0.8596 0.4473
vn -0.6230 0.7822 -0.0003
vn -0.4463 0.8942 0.0356
vn -0.4431 -0.5360 -0.7186
vn 0.1287 -0.8516 -0.5081
vn 0.0059 -0.9170 -0.3989
vn -0.4715 -0.5226 -0.7104
vn 0.5324 -0.8190 -0.2138
vn 0.3700 -0.9285 -0.0326
vn 0.8429 -0.4803 0.2425
vn 0.6831 -0.5877 0.4337
vn -0.7546 0.3932 -0.5252
vn -0.7961 0.3154 -0.5165
vn -0.6617 -0.1676 -0.7308
vn -0.7168 -0.1986 -0.6684
vn -0.6538 -0.3111 -0.6898
vn -0.5625 -0.3004 -0.7703
vn 0.7043 -0.3243 0.6315
vn 0.8776 -0.2723 0.3945
vn 0.6476 -0.2352 0.7248
vn 0.8987 -0.0957 0.4281
vn 0.4776 0.1296 0.8690
vn 0.7683 0.2684 0.5811
vn 0.9203 0.1477 0.3623
vn 0.4882 0.6881 0.5368
vn -0.3490 0.7440 0.5698
vn -0.4295 0.8445 0.3199
vn -0.3225 0.8772 0.3557
vn -0.0269 0.8552 0.5175
vn -0.2546 0.9283 0.2709
vn 0.3610 0.8200 0.4441
vn -0.2252 0.8788 0.4206
vn -0.0854 0.9608 0.2639
vn 0.4048 0.7199 0.5639
vn 0.3819 0.7580 0.5287
vn -0.0450 0.9901 0.1329
vn -0.0670 0.7331 0.6769
vn -0.2831 0.9172 0.2804
vn -0.3544 0.8669 0.3505
vn -0.3573 0.8483 0.3909
vn -0.3416 0.8945 0.2884
vn -0.2951 0.9029 0.3127
vn -0.0005 0.9496 0.3134
vn -0.0885 0.9895 0.1142
vn 0.0222 0.9252 0.3788
vn -0.5184 0.7373 -0.4331
vn -0.7748 0.5534 -0.3056
vn -0.8904 0.4354 -0.1324
vn -0.7303 0.6625 -0.1664
vn -0.5424 0.8264 0.1512
vn -0.7462 0.6584 -0.0987
vn -0.6349 0.7707 0.0549
vn 0.4878 -0.7054 -0.5143
vn -0.3009 -0.2473 -0.9210
vn 0.0068 -0.5522 -0.8337
vn 0.5537 -0.7668 -0.3247
vn 0.4658 -0.7072 -0.5319
vn -0.3360 -0.3897 -0.8575
vn 0.3184 -0.7850 -0.5314
vn -0.3555 -0.5827 -0.7308
vn -0.2208 -0.9727 -0.0708
vn 0.0472 -0.9827 -0.1792
vn -0.5686 -0.7382 -0.3630
vn -0.6134 -0.6667 -0.4233
vn -0.6097 -0.5575 -0.5634
vn -0.2070 -0.9580 -0.1985
vn 0.7031 -0.7105 -0.0289
vn 0.7474 -0.6255 -0.2242
vn 0.7571 -0.5805 -0.2996
vn 0.6552 -0.6783 -0.3326
vn 0.0442 -0.9941 -0.0992
vn 0.1228 -0.9828 0.1382
vn 0.1430 -0.9723 0.1851
vn 0.7458 -0.5784 0.3304
vn 0.8543 -0.4036 0.3276
vn 0.9629 -0.2694 0.0144
vn 0.9190 -0.3891 0.0630
vn 0.4294 -0.8870 0.1700
vn 0.6132 -0.6863 0.3910
vn 0.4650 -0.6222 0.6298
vn -0.4079 0.1529 -0.9001
vn -0.7422 -0.1659 -0.6494
vn -0.7844 -0.0236 -0.6198
vn -0.7355 0.3160 -0.5993
vn -0.9212 0.2839 -0.2659
vn -0.9269 0.2538 -0.2764
vn -0.9306 0.1340 -0.3406
vn -0.3187 -0.1543 -0.9352
vn -0.6887 -0.2167 -0.6919
vn -0.6257 0.0304 -0.7795
vn -0.6155 -0.0423 -0.7870
vn -0.9164 0.1859 -0.3544
vn -0.9717 0.0179 -0.2354
vn -0.8701 -0.0027 -0.4929
vn -0.3054 -0.2994 -0.9040
vn -0.6266 -0.0002 -0.7793
vn -0.6813 0.0520 -0.7302
vn -0.6827 -0.2008 -0.7026
vn -0.8473 -0.2077 -0.4889
vn -0.9447 -0.2288 -0.2347
vn -0.7009 -0.2217 -0.6779
vn 0.6799 -0.1573 0.7162
vn 0.4488 -0.2813 0.8482
vn 0.9525 0.0072 0.3046
vn 0.9622 -0.0651 0.2644
vn 0.8180 -0.4329 0.3788
vn 0.9046 -0.1635 0.3936
vn 0.6325 -0.2600 0.7296
vn 0.6148 -0.0238 0.7883
vn 0.2967 0.1435 0.9441
vn 0.9455 0.0339 0.3240
vn 0.9676 0.0928 0.2349
vn 0.8837 0.0622 0.4640
vn 0.8457 0.1103 0.5222
vn 0.5191 -0.0324 0.8541
vn 0.6254 0.3720 0.6860
vn 0.1865 0.3758 0.9078
vn 0.9382 0.1040 0.3301
vn 0.8658 0.3095 0.3931
vn 0.8158 0.0833 0.5723
vn 0.4982 0.0245 0.8667
vn 0.4133 -0.8983 0.1493
vn 0.6754 -0.7232 0.1443
vn -0.0480 -0.9983 0.0330
vn -0.8152 -0.5676 -0.1154
vn -0.9617 -0.1502 -0.2291
vn -0.9608 -0.0890 -0.2626
vn -0.9422 0.2312 -0.2426
vn -0.5518 0.8138 -0.1823
vn -0.0512 0.9937 -0.0996
vn 0.1820 0.9782 -0.1000
vn 0.6038 0.7896 0.1098
vn 0.9464 0.2705 0.1766
vn 0.9278 -0.0497 0.3697
vn 0.9305 -0.2680 0.2498
vn 0.2408 0.9581 0.1549
vn -0.0270 0.9991 -0.0333
vn -0.0472 0.9988 0.0094
vn 0.2987 0.9526 0.0585
vn -0.1535 -0.9838 0.0926
vn -0.1355 -0.9896 0.0476
vn 0.1685 -0.9672 -0.1903
vn -0.0105 -0.9790 -0.2037
vn 0.9228 -0.1643 0.3486
vn 0.9179 -0.2242 0.3275
vn 0.9201 0.1131 0.3749
vn 0.8996 0.1825 0.3969
vn -0.9126 -0.1458 -0.3820
vn -0.9694 -0.1466 -0.1968
vn -0.9777 -0.0248 -0.2087
vn -0.8898 -0.0007 -0.4563
vn 0.0747 0.9972 -0.0092
vn -0.0426 0.9984 0.0382
vn -0.0978 0.9927 -0.0705
vn 0.1853 0.9727 0.1399
vn 0.0121 0.9964 -0.0837
vn 0.0228 0.9993 0.0300
vn -0.1421 0.9803 -0.1371
vn -0.0477 0.9917 -0.1196
vn -0.0975 -0.9774 -0.1877
vn 0.3448 -0.9381 0.0320
vn -0.0768 -0.9969 -0.0188
vn 0.1519 -0.9825 0.1079
vn -0.0446 -0.9971 0.0619
vn -0.3129 -0.9494 -0.0279
vn -0.2064 -0.9664 0.1530
vn 0.0334 -0.9848 0.1705
vn 0.8666 -0.0905 0.4908
vn 0.9583 -0.1689 0.2304
vn 0.9076 0.2738 0.3182
vn 0.8083 0.3373 0.4827
vn 0.8854 -0.1813 0.4280
vn 0.8973 -0.0122 0.4412
vn 0.7768 -0.0093 0.6297
vn 0.7850 -0.1848 0.5913
vn 0.9418 -0.0097 0.3359
vn -0.8761 0.0781 -0.4757
vn -0.8586 -0.0305 -0.5117
vn -0.7455 0.2367 -0.6231
vn -0.8579 0.2555 -0.4458
vn -0.9150 -0.1797 -0.3613
vn -0.8939 0.0198 -0.4478
vn -0.9353 -0.0488 -0.3505
vn -0.9482 0.0058 -0.3176
vn -0.9046 -0.2806 -0.3208
vn 0.5901 -0.7886 0.1728
vn 0.9306 -0.0271 0.3651
vn 0.5698 -0.7732 0.2783
vn 0.6669 0.6752 0.3152
vn 0.6562 0.6877 0.3106
vn -0.3493 -0.9198 -0.1788
vn -0.3059 -0.8990 -0.3134
vn -0.7735 -0.5437 -0.3257
vn -0.7059 0.6950 -0.1371
vn -0.5914 0.7172 -0.3686
vn 0.6456 -0.6970 0.3121
vn 0.7417 -0.6158 0.2658
vn 0.9357 -0.1824 0.3020
vn 0.8580 -0.2925 0.4223
vn 0.6016 0.7368 0.3085
vn 0.6273 0.7401 0.2424
vn 0.9169 0.2172 0.3349
vn 0.4257 0.9048 0.0014
vn 0.4775 0.7699 0.4234
vn 0.8326 -0.0585 0.5507
vn 0.5200 -0.6790 0.5183
vn 0.4584 -0.8676 0.1928
vn -0.5423 -0.8148 -0.2051
vn -0.7416 -0.5317 -0.4092
vn -0.8600 -0.3341 -0.3858
vn -0.7221 -0.6902 0.0467
vn -0.3375 0.8460 -0.4127
vn -0.5966 0.7129 -0.3686
vn -0.6133 0.7895 -0.0224
vn -0.9849 0.0004 -0.1734
vn -0.5735 0.7733 -0.2703
vn -0.8655 0.2100 -0.4548
vn -0.6389 -0.6977 -0.3241
vn -0.6500 -0.6910 -0.3163
vn 0.1509 0.9489 0.2772
vn -0.0094 0.9987 -0.0503
vn -0.0574 0.9983 -0.0106
vn 0.2746 0.9420 0.1928
vn -0.2212 -0.9745 0.0380
vn -0.1748 -0.9846 0.0018
vn 0.2862 -0.9469 -0.1466
vn 0.1179 -0.9672 -0.2251
vn 0.6817 -0.1482 0.7165
vn 0.6885 -0.1982 0.6977
vn 0.6576 0.1050 0.7460
vn 0.6309 0.1650 0.7581
vn -0.6508 -0.1258 -0.7488
vn -0.8033 -0.1267 -0.5820
vn -0.8024 -0.0196 -0.5965
vn -0.5804 0.0062 -0.8143
vn 0.0362 0.9971 0.0663
vn -0.0712 0.9973 0.0196
vn -0.1282 0.9889 -0.0749
vn 0.1056 0.9653 0.2390
vn 0.0610 0.9937 -0.0941
vn 0.0116 0.9991 0.0405
vn -0.1089 0.9732 -0.2027
vn -0.0332 0.9937 -0.1072
vn -0.0001 -0.9714 -0.2374
vn 0.3221 -0.9286 0.1841
vn -0.1354 -0.9865 -0.0923
vn 0.2257 -0.9693 0.0975
vn -0.0397 -0.9985 0.0377
vn -0.3103 -0.9379 -0.1551
vn -0.2572 -0.9656 0.0390
vn -0.0687 -0.9753 0.2099
vn 0.6724 -0.0848 0.7354
vn 0.7788 -0.1531 0.6084
vn 0.6732 0.2574 0.6932
vn 0.6104 0.2970 0.7343
vn 0.4812 -0.1609 0.8617
vn 0.4871 -0.0142 0.8732
vn 0.3846 -0.0094 0.9230
vn 0.4103 -0.1565 0.8984
vn 0.7025 -0.0099 0.7117
vn -0.4552 0.0541 -0.8887
vn -0.5285 -0.0313 -0.8483
vn -0.3514 0.2000 -0.9146
vn -0.4660 0.2272 -0.8551
vn -0.6653 -0.1993 -0.7195
vn -0.6196 0.0553 -0.7829
vn -0.6949 -0.0567 -0.7169
vn -0.7178 0.0072 -0.6962
vn -0.6811 -0.2546 -0.6865
vn 0.4516 -0.8052 0.3842
vn 0.6792 -0.0327 0.7333
vn 0.3688 -0.7924 0.4859
vn 0.4792 0.6266 0.6146
vn 0.4600 0.6419 0.6135
vn -0.2449 -0.8965 -0.3692
vn -0.1004 -0.8906 -0.4436
vn -0.5622 -0.5115 -0.6499
vn -0.5968 0.6805 -0.4251
vn -0.3515 0.7042 -0.6169
vn 0.6398 -0.6083 0.4698
vn 0.5573 -0.6012 0.5726
vn 0.7189 -0.1637 0.6755
vn 0.6631 -0.2718 0.6974
vn 0.4495 0.7696 0.4534
vn 0.5016 0.6899 0.5220
vn 0.5601 0.1744 0.8099
vn 0.3150 0.9233 0.2197
vn 0.2165 0.7555 0.6184
vn 0.4803 -0.0460 0.8759
vn 0.1878 -0.6731 0.7153
vn 0.2825 -0.8941 0.3475
vn -0.4449 -0.7701 -0.4571
vn -0.4829 -0.4978 -0.7204
vn -0.4990 -0.2959 -0.8145
vn -0.5831 -0.6965 -0.4182
vn -0.0815 0.8277 -0.5552
vn -0.3405 0.6521 -0.6773
vn -0.5660 0.7846 -0.2529
vn -0.8242 0.0077 -0.5663
vn -0.5176 0.7351 -0.4378
vn -0.6522 0.1824 -0.7358
vn -0.5797 -0.6384 -0.5063
vn -0.4472 -0.6787 -0.5825
vn 0.1256 0.9616 -0.2442
vn 0.0867 0.9693 -0.2302
vn 0.1523 0.8911 -0.4275
vn 0.1234 0.8798 -0.4590
vn 0.1193 0.9887 -0.0911
vn 0.0428 0.9932 -0.1083
vn -0.0081 0.8775 0.4795
vn -0.1400 0.8852 0.4437
vn -0.2434 -0.9699 0.0094
vn -0.1092 -0.7405 0.6631
vn -0.2598 -0.7389 0.6217
vn -0.1002 -0.9795 0.1749
vn -0.2452 -0.9410 -0.2332
vn 0.0079 -0.9738 -0.2271
vn -0.0295 -0.6284 -0.7774
vn 0.2411 -0.6220 -0.7450
vn -0.3533 0.2665 0.8967
vn -0.1397 0.2943 0.9454
vn -0.3159 0.0321 0.9483
vn -0.0673 -0.0391 0.9970
vn -0.2880 -0.2504 0.9243
vn -0.0858 -0.1754 0.9808
vn 0.1953 -0.1002 -0.9756
vn 0.1574 -0.1431 -0.9771
vn 0.1660 -0.1290 -0.9777
vn 0.1715 -0.0896 -0.9811
vn 0.0428 0.4104 -0.9109
vn 0.3737 0.4264 -0.8238
vn -0.0467 0.9987 -0.0219
vn 0.0816 0.8511 -0.5186
vn 0.1591 0.7831 -0.6012
vn 0.0646 0.9749 -0.2131
vn 0.1006 0.9936 -0.0513
vn 0.2599 0.8327 -0.4889
vn -0.1276 0.9907 -0.0481
vn -0.0201 0.6031 -0.7974
vn 0.2624 0.6762 -0.6884
vn 0.0398 0.9932 -0.1095
vn 0.0185 0.9994 -0.0288
vn 0.2402 0.6892 -0.6836
vn -0.0221 0.9993 0.0295
vn 0.0328 0.9989 -0.0347
vn 0.0936 0.9955 -0.0172
vn -0.1204 0.9922 -0.0315
vn -0.0217 0.9979 0.0604
vn -0.0539 0.9978 -0.0385
vn -0.0319 0.7885 0.6142
vn -0.1133 0.8103 0.5750
vn -0.0051 0.8541 0.5200
vn -0.3498 0.7435 0.5700
vn -0.1961 0.8162 0.5434
vn -0.3218 0.7830 0.5323
vn -0.0679 -0.2708 0.9602
vn 0.2224 -0.8850 0.4091
vn -0.2481 -0.4854 0.8383
vn 0.0537 -0.9507 0.3054
vn -0.0557 -0.4204 0.9056
vn -0.0821 -0.9419 0.3257
vn -0.3049 -0.8303 0.4666
vn 0.0646 -0.9729 0.2220
vn -0.1076 -0.9672 0.2301
vn 0.1905 -0.9589 -0.2105
vn -0.2818 -0.8995 -0.3339
vn -0.3788 -0.8858 0.2679
vn 0.3913 -0.8911 -0.2298
vn 0.0809 -0.9927 -0.0891
vn 0.1008 -0.9439 -0.3144
vn 0.2796 -0.9584 0.0569
vn 0.2336 -0.9615 -0.1445
vn -0.3638 -0.8962 -0.2540
vn 0.3956 -0.6282 -0.6700
vn 0.2322 -0.6661 -0.7088
vn 0.2640 -0.6343 -0.7266
vn 0.4263 -0.6532 -0.6258
vn 0.3170 -0.6797 -0.6615
vn -0.1112 -0.6149 -0.7807
vn -0.2010 -0.0999 0.9745
vn -0.2679 -0.0019 0.9634
vn -0.0493 0.0868 0.9950
vn -0.2921 0.2803 0.9144
vn -0.3336 0.2803 0.9001
vn -0.4392 0.2218 0.8706
vn -0.2219 -0.2081 0.9526
vn -0.3934 -0.1417 0.9084
vn 0.0432 -0.1889 0.9810
vn -0.4066 0.0456 0.9125
vn -0.3774 0.1908 0.9062
vn -0.3643 0.1755 0.9146
vn -0.2180 0.0623 0.9740
vn -0.4556 -0.1073 0.8837
vn 0.0238 0.0646 0.9976
vn -0.4102 -0.2464 0.8781
vn -0.3855 -0.2490 0.8885
vn -0.3627 -0.2568 0.8958
vn 0.4387 -0.3429 -0.8307
vn 0.4708 -0.3020 -0.8289
vn 0.1902 -0.3003 -0.9347
vn 0.3924 0.0234 -0.9195
vn 0.2645 -0.1641 -0.9503
vn 0.1067 -0.1858 -0.9768
vn 0.4141 -0.1238 -0.9018
vn 0.4234 0.1984 -0.8840
vn 0.1726 0.1992 -0.9646
vn 0.4432 0.2810 -0.8512
vn 0.1284 0.0394 -0.9909
vn 0.1235 0.0291 -0.9919
vn 0.2549 0.2803 -0.9255
vn 0.2602 0.5139 -0.8174
vn 0.3262 0.4594 -0.8262
vn 0.4301 0.0191 -0.9026
vn 0.1127 -0.0302 -0.9932
vn 0.1292 0.0140 -0.9915
vn -0.2738 -0.9569 -0.0965
vn -0.1400 -0.5418 -0.8287
vn -0.4151 -0.8615 0.2925
vn -0.3538 -0.6052 0.7131
vn -0.4072 -0.2046 0.8901
vn -0.3750 -0.0155 0.9269
vn -0.2481 0.2026 0.9473
vn 0.0341 0.7955 0.6050
vn 0.1929 0.9663 0.1705
vn 0.3661 0.9305 0.0141
vn 0.4400 0.8069 -0.3941
vn 0.4332 0.2205 -0.8739
vn 0.3321 -0.0568 -0.9416
vn 0.0645 -0.1092 -0.9919
vn -0.0162 0.9514 -0.3077
vn -0.0122 0.9993 0.0344
vn 0.0390 0.9991 0.0178
vn -0.1409 0.9480 -0.2855
vn 0.1848 -0.9807 0.0640
vn 0.1383 -0.9871 0.0804
vn -0.2851 -0.9582 0.0243
vn -0.1701 -0.9725 0.1589
vn -0.2778 -0.1445 -0.9497
vn -0.2932 -0.2019 -0.9345
vn -0.2474 0.1195 -0.9615
vn -0.2177 0.1857 -0.9582
vn 0.2382 -0.1516 0.9593
vn 0.4421 -0.1547 0.8836
vn 0.4391 -0.0356 0.8977
vn 0.1580 -0.0125 0.9874
vn -0.0439 0.9968 -0.0661
vn 0.0588 0.9983 -0.0053
vn 0.0213 0.9935 0.1123
vn 0.0044 0.9664 -0.2570
vn -0.0854 0.9953 0.0451
vn 0.0073 0.9984 -0.0558
vn 0.0380 0.9830 0.1797
vn -0.0091 0.9957 0.0919
vn -0.0905 -0.9719 0.2174
vn -0.1989 -0.9372 -0.2867
vn 0.0529 -0.9878 0.1463
vn -0.1465 -0.9777 -0.1505
vn 0.1670 -0.9856 -0.0281
vn 0.1850 -0.9451 0.2693
vn 0.2213 -0.9695 0.1056
vn 0.1324 -0.9809 -0.1423
vn -0.2622 -0.0834 -0.9614
vn -0.4105 -0.1525 -0.8990
vn -0.2856 0.2779 -0.9172
vn -0.2277 0.3340 -0.9147
vn -0.1449 -0.1310 -0.9807
vn -0.1337 -0.0004 -0.9910
vn 0.0456 0.0049 -0.9989
vn 0.0119 -0.1587 -0.9873
vn -0.2989 0.0046 -0.9543
vn 0.0979 0.0357 0.9946
vn 0.0958 -0.0459 0.9943
vn -0.0718 0.2028 0.9766
vn 0.1742 0.2339 0.9565
vn 0.1977 -0.2451 0.9491
vn 0.1575 0.0467 0.9864
vn 0.2847 -0.0681 0.9562
vn 0.3281 -0.0105 0.9446
vn 0.2953 -0.2772 0.9143
vn -0.2241 -0.7940 -0.5651
vn -0.2678 -0.0154 -0.9634
vn -0.1216 -0.7791 -0.6150
vn -0.1453 0.6569 -0.7398
vn -0.1365 0.6732 -0.7267
vn 0.0561 -0.9095 0.4120
vn -0.0821 -0.8942 0.4402
vn 0.2010 -0.5352 0.8205
vn 0.3329 0.6871 0.6458
vn 0.0490 0.7106 0.7019
vn -0.3233 -0.6426 -0.6947
vn -0.2453 -0.6116 -0.7522
vn -0.3278 -0.1628 -0.9306
vn -0.2492 -0.2905 -0.9239
vn -0.2129 0.7607 -0.6132
vn -0.1915 0.7191 -0.6680
vn -0.2186 0.2103 -0.9529
vn -0.1912 0.9182 -0.3470
vn 0.0622 0.7590 -0.6481
vn -0.0447 -0.0396 -0.9982
vn 0.1218 -0.6705 -0.7318
vn 0.0044 -0.8787 -0.4773
vn 0.1706 -0.7950 0.5821
vn 0.1110 -0.5203 0.8468
vn 0.2124 -0.3209 0.9230
vn 0.2375 -0.7998 0.5513
vn -0.1436 0.8335 0.5336
vn 0.0978 0.6909 0.7163
vn 0.3781 0.7917 0.4799
vn 0.4699 -0.0091 0.8827
vn 0.1692 0.7630 0.6239
vn 0.1590 0.1757 0.9715
vn 0.2556 -0.6734 0.6937
vn 0.1447 -0.6836 0.7154
vn 0.3062 -0.6704 0.6759
vn 0.2533 -0.9008 0.3528
vn 0.2479 -0.9562 -0.1558
vn -0.2376 -0.6086 -0.7571
vn -0.3915 -0.0817 -0.9165
vn -0.3613 -0.0466 -0.9313
vn -0.3981 0.2449 -0.8840
vn -0.3518 0.8229 -0.4461
vn -0.2441 0.9687 0.0452
vn -0.2440 0.9462 0.2124
vn -0.0053 0.8241 0.5664
vn 0.2991 0.2120 0.9304
vn 0.3359 0.0164 0.9418
vn 0.4716 -0.1973 0.8595
vn 0.1429 0.9359 0.3219
vn 0.0027 0.9983 -0.0577
vn -0.0363 0.9993 0.0037
vn 0.5751 0.7626 0.2962
vn -0.2004 -0.9745 0.1009
vn -0.2595 -0.9555 -0.1406
vn 0.2406 -0.9430 -0.2298
vn 0.0342 -0.9662 -0.2554
vn 0.6317 0.1271 0.7647
vn 0.6592 -0.1423 0.7384
vn 0.4388 0.1396 0.8877
vn 0.5907 0.0322 0.8063
vn -0.6306 -0.1391 -0.7636
vn -0.8276 -0.1514 -0.5405
vn -0.8322 -0.0377 -0.5532
vn -0.5755 -0.0161 -0.8177
vn 0.1542 0.9873 -0.0388
vn -0.1796 0.9574 0.2261
vn -0.1406 0.9881 0.0626
vn 0.0603 0.9475 0.3141
vn 0.0703 0.9942 -0.0820
vn 0.0503 0.9962 0.0707
vn -0.1671 0.9720 -0.1650
vn -0.0413 0.9916 -0.1226
vn -0.1563 -0.9838 -0.0883
vn 0.2539 -0.9392 0.2311
vn -0.2258 -0.9363 0.2691
vn 0.0459 -0.9033 0.4266
vn -0.0526 -0.9957 0.0756
vn -0.4699 -0.8530 -0.2273
vn -0.2451 -0.9534 0.1760
vn -0.0386 -0.9722 0.2309
vn 0.9946 -0.0871 0.0562
vn 0.9946 -0.0556 -0.0876
vn 0.9524 0.3041 -0.0214
vn 0.9421 0.3016 0.1467
vn 0.7871 -0.1713 0.5925
vn 0.6369 0.0398 0.7699
vn 0.4583 -0.0136 0.8887
vn 0.4525 -0.1164 0.8842
vn 0.7475 0.0074 0.6642
vn -0.7902 0.0335 -0.6120
vn -0.6284 -0.0471 -0.7765
vn -0.4583 0.1647 -0.8734
vn -0.7856 0.2119 -0.5813
vn -0.9377 -0.1831 -0.2954
vn -0.9071 0.0401 -0.4190
vn -0.8493 -0.0188 -0.5275
vn -0.8371 -0.0129 -0.5469
vn -0.6834 -0.1249 -0.7193
vn 0.3994 -0.9145 0.0649
vn 0.6966 0.0889 0.7119
vn 0.4655 -0.7534 0.4645
vn 0.6207 0.1275 0.7736
vn 0.6190 0.2849 0.7319
vn -0.2749 -0.8718 -0.4055
vn -0.2503 -0.7912 -0.5580
vn -0.5751 -0.4770 -0.6647
vn -0.5861 0.7170 -0.3773
vn -0.3831 0.6537 -0.6526
vn 0.8599 -0.4996 0.1047
vn 0.4023 -0.6587 0.6358
vn 0.9830 -0.1278 0.1320
vn 0.9584 -0.2706 0.0906
vn 0.7904 0.6055 -0.0930
vn 0.6725 0.7399 -0.0159
vn 0.8123 0.2090 0.5445
vn 0.3915 0.9169 0.0772
vn 0.3327 0.7111 0.6194
vn 0.5645 -0.0376 0.8246
vn 0.2991 -0.5943 0.7465
vn 0.3208 -0.8812 0.3471
vn -0.6155 -0.5947 -0.5171
vn -0.5430 -0.5251 -0.6553
vn -0.8006 -0.3016 -0.5178
vn -0.7467 -0.6470 -0.1542
vn -0.1565 0.8622 -0.4819
vn -0.5935 0.6350 -0.4946
vn -0.6897 0.7118 -0.1328
vn -0.9223 -0.0019 -0.3865
vn -0.7318 0.6651 -0.1489
vn -0.9254 0.1822 -0.3324
vn -0.7884 -0.6060 -0.1057
vn -0.6598 -0.6934 -0.2894
vn -0.6922 -0.6211 -0.3676
vn 0.0035 -0.9999 -0.0156
vn 0.4434 -0.8816 0.1615
vn 0.7005 -0.6911 0.1778
vn 0.8947 -0.2431 0.3748
vn 0.8798 -0.0134 0.4751
vn 0.8925 0.2467 0.3777
vn 0.6288 0.7457 0.2204
vn 0.1920 0.9811 0.0224
vn -0.0408 0.9984 0.0395
vn -0.5660 0.8188 -0.0958
vn -0.9132 0.1951 -0.3578
vn -0.8886 -0.0993 -0.4479
vn -0.8798 -0.1314 -0.4568
vn 0.4621 -0.8662 0.1900
vn 0.5741 0.7369 -0.3570
vn 0.4404 0.8978 0.0037
vn 0.2764 0.9511 -0.1382
vn 0.1763 0.8219 -0.5417
vn 0.0607 0.9953 -0.0757
vn -0.1271 0.8552 -0.5025
vn 0.3716 0.9077 -0.1950
vn -0.0913 0.7167 -0.6914
vn 0.3973 0.9035 -0.1606
vn 0.3689 0.9079 -0.1991
vn 0.2553 0.9664 -0.0306
vn 0.3192 0.9457 -0.0613
vn 0.1478 0.7687 0.6223
vn 0.2966 0.7018 0.6477
vn 0.4794 0.5286 0.7005
vn 0.4257 0.6721 0.6059
vn -0.5882 -0.7913 0.1666
vn -0.2683 -0.3094 0.9123
vn -0.3509 -0.4968 0.7938
vn -0.5224 -0.8516 0.0442
vn -0.5538 -0.7912 0.2596
vn -0.0628 -0.4019 0.9135
vn -0.2656 -0.9320 0.2465
vn 0.0535 -0.6657 0.7443
vn -0.4877 -0.8397 -0.2390
vn -0.6697 -0.7108 -0.2149
vn -0.7236 -0.6844 -0.0896
vn -0.4387 -0.8883 -0.1359
vn -0.2605 -0.7027 -0.6620
vn -0.4766 -0.4463 -0.7574
vn -0.8069 -0.3897 -0.4439
vn -0.5053 -0.5566 -0.6594
vn -0.0936 0.1599 0.9827
vn 0.2210 -0.0584 0.9735
vn 0.1937 -0.0106 0.9810
vn 0.1671 0.2393 0.9565
vn -0.0516 -0.1164 0.9919
vn 0.2141 -0.1595 0.9637
vn -0.0126 -0.0016 0.9999
vn 0.0702 -0.1087 0.9916
vn -0.0599 -0.3269 0.9432
vn 0.0754 -0.0129 0.9971
vn 0.1000 0.0247 0.9947
vn 0.2788 -0.1966 0.9400
vn -0.0833 -0.1896 -0.9783
vn 0.2208 -0.2085 -0.9528
vn -0.6455 -0.0980 -0.7574
vn -0.5554 -0.1601 -0.8161
vn 0.1094 0.0082 -0.9940
vn 0.2402 0.0943 -0.9661
vn -0.6061 -0.0081 -0.7954
vn -0.6600 0.0001 -0.7512
vn -0.0067 0.3180 -0.9481
vn 0.3069 0.2915 -0.9060
vn -0.5292 0.0987 -0.8427
vn -0.5444 0.1678 -0.8219
vn 0.2757 0.8182 0.5045
vn -0.1319 0.9473 0.2918
vn 0.2462 0.8446 0.4753
vn -0.2155 0.9682 0.1273
vn -0.2070 0.9378 0.2787
vn -0.1074 0.9520 0.2867
vn -0.5049 0.8375 -0.2090
vn -0.3605 0.9283 -0.0909
vn -0.5768 -0.5826 -0.5726
vn -0.0210 -0.9062 -0.4224
vn -0.1649 -0.9597 -0.2274
vn -0.4907 -0.5434 -0.6812
vn 0.3486 -0.9337 -0.0817
vn 0.2176 -0.9641 0.1524
vn 0.6903 -0.5650 0.4520
vn 0.5894 -0.5738 0.5686
vn -0.6451 0.3426 -0.6830
vn -0.8363 0.2782 -0.4725
vn -0.5998 -0.2199 -0.7693
vn -0.8099 -0.2350 -0.5374
vn -0.5989 -0.3723 -0.7091
vn -0.6730 -0.3609 -0.6456
vn 0.6699 -0.2650 0.6936
vn 0.7371 -0.2750 0.6173
vn 0.6048 -0.1428 0.7835
vn 0.8219 -0.1120 0.5585
vn 0.5456 0.2364 0.8040
vn 0.7613 0.2878 0.5811
vn 0.9563 0.1774 0.2323
vn 0.6129 0.6921 0.3813
vn -0.2718 0.7554 0.5962
vn -0.3723 0.9061 0.2010
vn -0.1794 0.9572 0.2272
vn 0.0834 0.8410 0.5345
vn 0.0409 0.9978 0.0524
vn 0.3426 0.8861 0.3121
vn -0.1465 0.9366 0.3182
vn 0.0124 0.9985 0.0534
vn 0.2940 0.8715 0.3924
vn 0.3760 0.7763 0.5060
vn -0.0433 0.9875 0.1514
vn -0.0233 0.8113 0.5842
vn -0.1496 0.9853 0.0825
vn -0.2696 0.9094 0.3168
vn -0.2430 0.9113 0.3323
vn -0.1642 0.9803 0.1100
vn -0.1062 0.9790 0.1742
vn 0.1591 0.9791 0.1271
vn 0.0306 0.9802 0.1958
vn 0.1577 0.9743 0.1610
vn -0.4291 0.7811 -0.4535
vn -0.5652 0.7111 -0.4183
vn -0.7736 0.5034 -0.3848
vn -0.5800 0.7466 -0.3258
vn -0.4689 0.8833 0.0033
vn -0.7306 0.6811 -0.0485
vn -0.5602 0.8270 -0.0462
vn 0.4464 -0.7921 -0.4164
vn -0.1919 -0.2981 -0.9350
vn -0.1921 -0.5579 -0.8073
vn 0.3689 -0.8889 -0.2715
vn 0.2364 -0.8706 -0.4314
vn -0.4792 -0.4551 -0.7505
vn 0.1552 -0.8885 -0.4319
vn -0.4620 -0.6561 -0.5967
vn -0.3871 -0.8772 0.2840
vn 0.0245 -0.9909 -0.1327
vn -0.6323 -0.6991 -0.3337
vn -0.7799 -0.6161 -0.1109
vn -0.8139 -0.5356 -0.2250
vn -0.4279 -0.8928 0.1405
vn 0.5802 -0.8143 0.0174
vn 0.6883 -0.7091 -0.1530
vn 0.6365 -0.7164 -0.2857
vn 0.5308 -0.7958 -0.2915
vn 0.0277 -0.9973 -0.0674
vn -0.0052 -0.8808 0.4734
vn -0.0331 -0.8871 0.4604
vn 0.6316 -0.6612 0.4048
vn 0.7864 -0.4703 0.4005
vn 0.9087 -0.3723 -0.1887
vn 0.8720 -0.4724 0.1279
vn 0.4517 -0.8534 0.2602
vn 0.6019 -0.5040 0.6194
vn 0.3855 -0.5379 0.7497
vn -0.4217 0.2010 -0.8842
vn -0.6788 -0.0479 -0.7328
vn -0.7138 -0.0089 -0.7003
vn -0.6103 0.2667 -0.7459
vn -0.9042 0.2792 -0.3231
vn -0.9531 0.2144 -0.2138
vn -0.9415 0.1522 -0.3007
vn -0.4354 -0.1414 -0.8891
vn -0.6674 -0.1580 -0.7278
vn -0.5744 0.0054 -0.8185
vn -0.5620 -0.1073 -0.8202
vn -0.9146 0.0255 -0.4036
vn -0.9777 -0.0244 -0.2084
vn -0.9072 -0.0237 -0.4200
vn -0.4854 -0.2633 -0.8337
vn -0.5511 0.0018 -0.8345
vn -0.6847 0.0578 -0.7266
vn -0.7038 -0.2377 -0.6695
vn -0.8746 -0.3046 -0.3772
vn -0.9470 -0.2256 -0.2287
vn -0.8447 -0.2732 -0.4602
vn 0.5465 -0.2240 0.8069
vn 0.3054 -0.3019 0.9031
vn 0.9862 -0.0970 0.1342
vn 0.9689 -0.1496 0.1972
vn 0.8751 -0.2972 0.3819
vn 0.8717 -0.0390 0.4886
vn 0.6020 -0.1403 0.7860
vn 0.3767 -0.0098 0.9263
vn 0.2494 0.1220 0.9607
vn 0.9838 -0.0153 0.1788
vn 0.9925 0.0175 0.1213
vn 0.9373 0.1558 0.3118
vn 0.7859 0.1525 0.5992
vn 0.3714 0.0575 0.9267
vn 0.4607 0.3314 0.8234
vn 0.2082 0.2902 0.9340
vn 0.9531 0.0910 0.2885
vn 0.8817 0.3043 0.3605
vn 0.7913 0.1365 0.5960
vn 0.4776 0.1087 0.8718
vt 0.459429 0.107196
vt 0.366370 0.123364
vt 0.358679 0.078590
vt 0.451029 0.062707
vt 0.383967 0.206273
vt 0.472285 0.191812
vt 0.388190 0.267863
vt 0.484471 0.253145
vt 0.411009 0.656650
vt 0.499951 0.722161
vt 0.408831 0.716589
vt 0.501820 0.660594
vt 0.413896 0.586178
vt 0.503481 0.586703
vt 0.414012 0.538319
vt 0.502913 0.534236
vt 0.409554 0.922261
vt 0.505859 0.920164
vt 0.511349 0.977706
vt 0.408353 0.980000
vt 0.407548 0.849756
vt 0.500809 0.849737
vt 0.407385 0.777450
vt 0.498506 0.779791
vt 0.405564 0.489906
vt 0.452466 0.486133
vt 0.493052 0.339038
vt 0.441685 0.321406
vt 0.493255 0.289290
vt 0.088199 0.177515
vt 0.079728 0.123316
vt 0.176622 0.125826
vt 0.182075 0.164109
vt 0.275759 0.147113
vt 0.267980 0.100509
vt 0.553791 0.104221
vt 0.545811 0.040859
vt 0.640130 0.039716
vt 0.648549 0.094122
vt 0.098770 0.233201
vt 0.189931 0.218420
vt 0.284032 0.210470
vt 0.563800 0.167332
vt 0.657016 0.148446
vt 0.106373 0.289463
vt 0.199110 0.275244
vt 0.290637 0.260664
vt 0.575005 0.230322
vt 0.665409 0.202671
vt 0.687222 0.720998
vt 0.682666 0.652254
vt 0.784784 0.715702
vt 0.785038 0.660963
vt 0.591525 0.725098
vt 0.592405 0.653631
vt 0.222046 0.709977
vt 0.215541 0.641264
vt 0.305381 0.641817
vt 0.317716 0.711935
vt 0.683831 0.599628
vt 0.786016 0.594615
vt 0.593422 0.597758
vt 0.211212 0.579434
vt 0.305904 0.575124
vt 0.690041 0.530903
vt 0.786535 0.537623
vt 0.593874 0.527221
vt 0.209408 0.526463
vt 0.307798 0.519326
vt 0.702688 0.882355
vt 0.797093 0.866372
vt 0.803521 0.919864
vt 0.709706 0.935398
vt 0.605535 0.903308
vt 0.613333 0.953660
vt 0.311265 0.910608
vt 0.308768 0.972268
vt 0.211970 0.948960
vt 0.216243 0.895784
vt 0.699995 0.825182
vt 0.791804 0.809705
vt 0.606790 0.839943
vt 0.314799 0.844195
vt 0.220732 0.835571
vt 0.696289 0.773303
vt 0.787104 0.751953
vt 0.602920 0.781263
vt 0.315761 0.783758
vt 0.223004 0.779578
vt 0.784324 0.485995
vt 0.688821 0.464028
vt 0.596326 0.460068
vt 0.547847 0.471214
vt 0.499367 0.482361
vt 0.209459 0.500162
vt 0.307260 0.491583
vt 0.780811 0.422350
vt 0.688695 0.410841
vt 0.595404 0.432572
vt 0.594481 0.405077
vt 0.209189 0.449141
vt 0.304460 0.435582
vt 0.400126 0.420233
vt 0.402845 0.455069
vt 0.785247 0.370025
vt 0.691236 0.346099
vt 0.592995 0.372151
vt 0.556390 0.382614
vt 0.545178 0.408053
vt 0.519784 0.393077
vt 0.207463 0.392579
vt 0.300862 0.372096
vt 0.399457 0.346108
vt 0.399791 0.383170
vt 0.793300 0.308702
vt 0.693555 0.304494
vt 0.591509 0.339224
vt 0.594287 0.291016
vt 0.542281 0.339131
vt 0.206655 0.338021
vt 0.295205 0.314653
vt 0.390318 0.303774
vt 0.852539 0.601263
vt 0.853710 0.535408
vt 0.847569 0.658337
vt 0.846117 0.710674
vt 0.851184 0.751639
vt 0.852758 0.805086
vt 0.857911 0.858482
vt 0.865500 0.906354
vt 0.037266 0.242511
vt 0.043841 0.281582
vt 0.028338 0.188074
vt 0.020000 0.140041
vt 0.855265 0.320735
vt 0.848184 0.373049
vt 0.845180 0.427858
vt 0.844424 0.482282
vt 0.546101 0.435548
vt 0.571214 0.447808
vt 0.567601 0.357175
vt 0.518725 0.366081
vt 0.558196 0.427930
vt 0.647542 0.111030
vt 0.724613 0.175057
vt 0.644041 0.169120
vt 0.727149 0.115868
vt 0.349425 0.602746
vt 0.370881 0.538159
vt 0.427338 0.622381
vt 0.447231 0.565356
vt 0.509054 0.402678
vt 0.431436 0.378028
vt 0.453763 0.316189
vt 0.529757 0.344262
vt 0.296584 0.765046
vt 0.372067 0.794795
vt 0.350477 0.852100
vt 0.275845 0.824067
vt 0.485132 0.093968
vt 0.563047 0.161806
vt 0.481869 0.157624
vt 0.565728 0.098579
vt 0.804501 0.179803
vt 0.811192 0.113972
vt 0.887158 0.186574
vt 0.892569 0.121917
vt 0.515172 0.649194
vt 0.534935 0.591785
vt 0.590817 0.681873
vt 0.613435 0.618285
vt 0.212261 0.489686
vt 0.271109 0.572677
vt 0.193580 0.548942
vt 0.292078 0.509455
vt 0.666856 0.452161
vt 0.585310 0.429619
vt 0.606619 0.370795
vt 0.684654 0.393241
vt 0.253001 0.359850
vt 0.274653 0.307461
vt 0.334083 0.408680
vt 0.357848 0.350326
vt 0.409033 0.436625
vt 0.141541 0.711097
vt 0.220496 0.738650
vt 0.199697 0.795774
vt 0.115433 0.771163
vt 0.551510 0.788898
vt 0.533268 0.847843
vt 0.472745 0.765350
vt 0.455686 0.823080
vt 0.392388 0.738740
vt 0.390477 0.487155
vt 0.489145 0.459430
vt 0.470498 0.511496
vt 0.545915 0.298686
vt 0.470987 0.271410
vt 0.337334 0.647341
vt 0.418042 0.682736
vt 0.318117 0.705464
vt 0.331756 0.909836
vt 0.254734 0.881650
vt 0.633588 0.561390
vt 0.548816 0.540298
vt 0.566100 0.490136
vt 0.647412 0.512427
vt 0.703636 0.335220
vt 0.620073 0.327184
vt 0.298891 0.256020
vt 0.329906 0.186823
vt 0.400028 0.229070
vt 0.377315 0.287061
vt 0.309666 0.457556
vt 0.226637 0.429498
vt 0.257894 0.624160
vt 0.240838 0.680811
vt 0.163007 0.652197
vt 0.152074 0.582695
vt 0.169454 0.856287
vt 0.100920 0.807606
vt 0.416658 0.940591
vt 0.434786 0.881020
vt 0.496690 0.956615
vt 0.513455 0.905984
vt 0.567197 0.737967
vt 0.491269 0.708084
vt 0.650369 0.048434
vt 0.733072 0.053292
vt 0.717027 0.278128
vt 0.635592 0.271569
vt 0.487274 0.031006
vt 0.570057 0.046765
vt 0.478635 0.211237
vt 0.558802 0.225603
vt 0.801133 0.245386
vt 0.885458 0.241524
vt 0.818218 0.050299
vt 0.898357 0.056726
vt 0.096428 0.584906
vt 0.110330 0.531223
vt 0.125344 0.469701
vt 0.151290 0.398799
vt 0.167118 0.333381
vt 0.193457 0.273134
vt 0.222192 0.215934
vt 0.246006 0.159636
vt 0.980000 0.081834
vt 0.974894 0.136191
vt 0.970489 0.199045
vt 0.968532 0.246161
vt 0.037856 0.733870
vt 0.020000 0.786938
vt 0.063182 0.682137
vt 0.081743 0.627847
vt 0.702848 0.589306
vt 0.679464 0.657148
vt 0.653796 0.713806
vt 0.631287 0.766090
vt 0.618423 0.811297
vt 0.599730 0.869111
vt 0.581342 0.926882
vt 0.562353 0.980000
vt 0.411477 0.161782
vt 0.408936 0.209245
vt 0.414689 0.098742
vt 0.416632 0.043079
vt 0.771017 0.359308
vt 0.751784 0.415019
vt 0.734986 0.473297
vt 0.716393 0.531796
vt 0.495876 0.411028
vt 0.735836 0.045977
vt 0.740708 0.078684
vt 0.765524 0.131836
vt 0.757288 0.184756
vt 0.129470 0.715391
vt 0.120940 0.662178
vt 0.108252 0.606188
vt 0.104763 0.551295
vt 0.118452 0.935135
vt 0.123587 0.879635
vt 0.127574 0.827852
vt 0.129834 0.774793
vt 0.110070 0.499599
vt 0.114838 0.440936
vt 0.114118 0.389634
vt 0.112729 0.347470
vt 0.049284 0.767957
vt 0.043415 0.823209
vt 0.043221 0.878789
vt 0.029925 0.446371
vt 0.024604 0.393364
vt 0.031457 0.493972
vt 0.033045 0.343167
vt 0.025520 0.549428
vt 0.818950 0.068227
vt 0.811989 0.020000
vt 0.030524 0.617574
vt 0.827034 0.122689
vt 0.041477 0.674471
vt 0.834452 0.163728
vt 0.048930 0.723897
vt 0.038792 0.929155
vt 0.356412 0.490744
vt 0.345590 0.337935
vt 0.543693 0.375126
vt 0.402166 0.446360
vt 0.404205 0.472488
vt 0.200935 0.216878
vt 0.326425 0.176139
vt 0.277758 0.261524
vt 0.249344 0.134877
vt 0.657960 0.704147
vt 0.596287 0.726913
vt 0.628184 0.618107
vt 0.565879 0.638719
vt 0.422200 0.763515
vt 0.501001 0.833996
vt 0.465427 0.895154
vt 0.379058 0.822845
vt 0.810149 0.719291
vt 0.828476 0.619138
vt 0.897625 0.640200
vt 0.870827 0.746527
vt 0.112068 0.392690
vt 0.227985 0.346009
vt 0.179351 0.430894
vt 0.160303 0.307038
vt 0.306774 0.070874
vt 0.359613 0.100810
vt 0.575019 0.421301
vt 0.595117 0.516738
vt 0.523472 0.542571
vt 0.486109 0.452971
vt 0.617234 0.766905
vt 0.665810 0.767419
vt 0.293319 0.599431
vt 0.359825 0.681974
vt 0.306318 0.739254
vt 0.238151 0.657878
vt 0.584263 0.830318
vt 0.575485 0.873508
vt 0.531037 0.778253
vt 0.803724 0.829451
vt 0.774246 0.794120
vt 0.735140 0.404946
vt 0.818549 0.407431
vt 0.750408 0.503963
vt 0.826010 0.508885
vt 0.761249 0.603459
vt 0.551720 0.736562
vt 0.463143 0.707863
vt 0.506618 0.663413
vt 0.342593 0.869152
vt 0.445786 0.945931
vt 0.695253 0.694532
vt 0.691092 0.593754
vt 0.751947 0.694204
vt 0.969548 0.655283
vt 0.934002 0.778787
vt 0.411027 0.493817
vt 0.466736 0.580054
vt 0.414539 0.622871
vt 0.355296 0.540417
vt 0.181144 0.709543
vt 0.266925 0.780602
vt 0.556814 0.973161
vt 0.558134 0.921438
vt 0.581979 0.784134
vt 0.739850 0.767310
vt 0.697019 0.770236
vt 0.830025 0.881314
vt 0.980000 0.526659
vt 0.902464 0.521800
vt 0.966310 0.418565
vt 0.898726 0.415130
vt 0.660214 0.410329
vt 0.674564 0.506449
vt 0.150663 0.187924
vt 0.204670 0.101694
vt 0.434224 0.236358
vt 0.385274 0.322704
vt 0.044674 0.356923
vt 0.104768 0.275075
vt 0.235803 0.463537
vt 0.295113 0.384054
vt 0.411116 0.129320
vt 0.255053 0.045418
vt 0.368197 0.412960
vt 0.465245 0.361415
vt 0.561692 0.335718
vt 0.653272 0.324624
vt 0.729164 0.317820
vt 0.817134 0.320403
vt 0.898196 0.325528
vt 0.969635 0.330346
vt 0.145751 0.509333
vt 0.195723 0.537867
vt 0.079318 0.471793
vt 0.020000 0.439949
vt 0.123766 0.639555
vt 0.179558 0.590345
vt 0.235266 0.531985
vt 0.299492 0.472052
vt 0.728699 0.891710
vt 0.758715 0.948624
vt 0.714292 0.849195
vt 0.700379 0.808070
vt 0.664402 0.917072
vt 0.659354 0.980000
vt 0.665401 0.870024
vt 0.668020 0.824779
vt 0.393259 0.285088
vt 0.452000 0.279731
vt 0.466377 0.371665
vt 0.403111 0.370434
vt 0.323636 0.377228
vt 0.317012 0.293170
vt 0.267867 0.398883
vt 0.261283 0.309978
vt 0.935712 0.605488
vt 0.940193 0.690236
vt 0.904481 0.703105
vt 0.908812 0.607223
vt 0.841925 0.700543
vt 0.844513 0.604028
vt 0.751383 0.688424
vt 0.755857 0.600739
vt 0.729036 0.444099
vt 0.683074 0.430905
vt 0.728115 0.349497
vt 0.681023 0.339607
vt 0.626804 0.410348
vt 0.622601 0.323522
vt 0.569013 0.392124
vt 0.565014 0.308283
vt 0.211269 0.331576
vt 0.219887 0.420977
vt 0.153006 0.358538
vt 0.160536 0.447324
vt 0.095598 0.383220
vt 0.104125 0.472066
vt 0.061429 0.399478
vt 0.070120 0.486982
vt 0.409836 0.455134
vt 0.480471 0.458982
vt 0.493929 0.554921
vt 0.419193 0.544815
vt 0.388999 0.120316
vt 0.460684 0.119743
vt 0.390058 0.200166
vt 0.445409 0.198319
vt 0.348507 0.566617
vt 0.334252 0.480244
vt 0.324703 0.162412
vt 0.319972 0.212806
vt 0.270693 0.494733
vt 0.289160 0.571767
vt 0.260594 0.137149
vt 0.262870 0.219683
vt 0.974227 0.888836
vt 0.903999 0.896844
vt 0.941923 0.770806
vt 0.906116 0.791945
vt 0.913258 0.520273
vt 0.968982 0.431362
vt 0.980000 0.531747
vt 0.920351 0.430664
vt 0.835330 0.877710
vt 0.835539 0.828574
vt 0.848809 0.516336
vt 0.850904 0.433414
vt 0.785837 0.866742
vt 0.758993 0.774413
vt 0.782041 0.518914
vt 0.786834 0.431680
vt 0.731550 0.635712
vt 0.684336 0.615918
vt 0.725098 0.536535
vt 0.679445 0.519631
vt 0.670805 0.250824
vt 0.656442 0.162386
vt 0.729202 0.167239
vt 0.750505 0.258022
vt 0.621532 0.592499
vt 0.617747 0.504436
vt 0.610930 0.231649
vt 0.591950 0.145402
vt 0.565235 0.574388
vt 0.557440 0.484614
vt 0.553215 0.224813
vt 0.527406 0.129775
vt 0.231919 0.509173
vt 0.237843 0.598701
vt 0.211069 0.153433
vt 0.207624 0.242771
vt 0.163874 0.536985
vt 0.174112 0.623610
vt 0.149812 0.176575
vt 0.150417 0.264650
vt 0.106852 0.563826
vt 0.120042 0.652075
vt 0.088196 0.199151
vt 0.092156 0.288865
vt 0.071729 0.691552
vt 0.082802 0.571160
vt 0.035544 0.313608
vt 0.049840 0.211934
vt 0.241979 0.046509
vt 0.304565 0.030982
vt 0.374430 0.020244
vt 0.458282 0.024269
vt 0.529988 0.036897
vt 0.596474 0.051462
vt 0.659302 0.065447
vt 0.721011 0.069317
vt 0.805121 0.337300
vt 0.861823 0.340211
vt 0.973398 0.339027
vt 0.020000 0.124061
vt 0.074581 0.105550
vt 0.132319 0.083530
vt 0.191802 0.061538
vt 0.502973 0.648873
vt 0.419939 0.643896
vt 0.349923 0.657486
vt 0.288888 0.676656
vt 0.240629 0.696483
vt 0.184047 0.724704
vt 0.131598 0.758195
vt 0.085452 0.777794
vt 0.903954 0.978315
vt 0.952837 0.980000
vt 0.840857 0.973669
vt 0.784568 0.968856
vt 0.744937 0.736960
vt 0.689186 0.714159
vt 0.632241 0.694790
vt 0.564414 0.678893
vt 0.963405 0.574514
vt 0.903384 0.590878
vt 0.946294 0.489870
vt 0.886379 0.498818
vt 0.844208 0.602213
vt 0.826479 0.510248
vt 0.782393 0.609023
vt 0.767396 0.523924
vt 0.428442 0.351674
vt 0.361290 0.422646
vt 0.368871 0.341116
vt 0.420414 0.437575
vt 0.308857 0.414645
vt 0.318455 0.336395
vt 0.247755 0.411237
vt 0.262033 0.335393
vt 0.656324 0.523045
vt 0.586138 0.494718
vt 0.671423 0.425438
vt 0.597820 0.406592
vt 0.536560 0.474562
vt 0.545623 0.389419
vt 0.469929 0.455950
vt 0.479345 0.368383
vt 0.214153 0.332454
vt 0.195862 0.415035
vt 0.156882 0.336461
vt 0.137343 0.417051
vt 0.106502 0.333329
vt 0.085137 0.420930
vt 0.079496 0.515974
vt 0.020000 0.424773
vt 0.023572 0.528965
vt 0.948566 0.889426
vt 0.898331 0.889082
vt 0.893111 0.818728
vt 0.934240 0.810813
vt 0.908151 0.753419
vt 0.961339 0.742211
vt 0.919277 0.674741
vt 0.980000 0.660115
vt 0.804483 0.374866
vt 0.837038 0.296346
vt 0.846083 0.366362
vt 0.786711 0.304241
vt 0.905389 0.419431
vt 0.845998 0.428552
vt 0.846968 0.905662
vt 0.840842 0.831776
vt 0.854503 0.764023
vt 0.860196 0.686278
vt 0.754869 0.384369
vt 0.737255 0.315490
vt 0.790375 0.439029
vt 0.798221 0.913139
vt 0.791642 0.840270
vt 0.800615 0.773504
vt 0.798281 0.694956
vt 0.705617 0.395357
vt 0.693347 0.322247
vt 0.731678 0.453870
vt 0.354057 0.663716
vt 0.407978 0.682043
vt 0.393658 0.756568
vt 0.343620 0.737535
vt 0.349071 0.591854
vt 0.406140 0.608761
vt 0.346821 0.505930
vt 0.405154 0.522005
vt 0.425019 0.203018
vt 0.439290 0.140116
vt 0.488644 0.144596
vt 0.482109 0.218471
vt 0.455819 0.279559
vt 0.395605 0.271932
vt 0.287228 0.733736
vt 0.300559 0.652933
vt 0.294448 0.580721
vt 0.292795 0.494712
vt 0.382341 0.131591
vt 0.368315 0.194890
vt 0.343448 0.267390
vt 0.238455 0.723220
vt 0.236452 0.650056
vt 0.234464 0.572573
vt 0.236636 0.486737
vt 0.329988 0.125392
vt 0.304549 0.194918
vt 0.282680 0.264605
vt 0.566052 0.839644
vt 0.519106 0.818502
vt 0.583926 0.765229
vt 0.539888 0.746346
vt 0.596075 0.694106
vt 0.551812 0.668635
vt 0.624946 0.615236
vt 0.569205 0.585304
vt 0.628298 0.260158
vt 0.635356 0.186820
vt 0.672561 0.196636
vt 0.677578 0.273789
vt 0.618278 0.328607
vt 0.672529 0.341551
vt 0.477757 0.798533
vt 0.498307 0.719234
vt 0.503899 0.647580
vt 0.515959 0.561121
vt 0.577421 0.243759
vt 0.587944 0.172651
vt 0.561678 0.313022
vt 0.432653 0.775135
vt 0.454002 0.699234
vt 0.456111 0.626569
vt 0.457129 0.542885
vt 0.533081 0.230173
vt 0.538122 0.158505
vt 0.507679 0.296178
vt 0.181605 0.662137
vt 0.184336 0.734716
vt 0.182657 0.585624
vt 0.186583 0.497066
vt 0.273550 0.114040
vt 0.247452 0.182602
vt 0.231331 0.254253
vt 0.130000 0.673423
vt 0.140003 0.746983
vt 0.131145 0.595371
vt 0.134448 0.505802
vt 0.228059 0.104101
vt 0.193157 0.170489
vt 0.177265 0.248387
vt 0.082675 0.686787
vt 0.091062 0.762361
vt 0.080980 0.608090
vt 0.174586 0.092938
vt 0.143368 0.162637
vt 0.122377 0.237593
vt 0.128521 0.081582
vt 0.112206 0.150954
vt 0.068249 0.224983
vt 0.043703 0.319128
vt 0.058310 0.697263
vt 0.054286 0.775461
vt 0.031413 0.624639
vt 0.388868 0.061570
vt 0.343724 0.059993
vt 0.440192 0.060512
vt 0.498457 0.073876
vt 0.544952 0.091968
vt 0.592085 0.106085
vt 0.638159 0.119381
vt 0.683158 0.130885
vt 0.686491 0.256189
vt 0.729518 0.249348
vt 0.777709 0.240192
vt 0.811564 0.231592
vt 0.164115 0.021066
vt 0.206027 0.032443
vt 0.253508 0.036295
vt 0.304518 0.051382
vt 0.325311 0.804398
vt 0.381977 0.824371
vt 0.271908 0.799204
vt 0.223883 0.801063
vt 0.182391 0.807404
vt 0.133741 0.822084
vt 0.089065 0.834078
vt 0.047360 0.846661
vt 0.910516 0.970640
vt 0.945851 0.961729
vt 0.861586 0.975899
vt 0.818328 0.980000
vt 0.557942 0.910574
vt 0.515353 0.890535
vt 0.470513 0.869789
vt 0.426192 0.846752
vt 0.925030 0.338803
vt 0.521705 0.082922
vt 0.588884 0.131426
vt 0.627449 0.093072
vt 0.696331 0.147042
vt 0.580778 0.165962
vt 0.621623 0.302120
vt 0.549948 0.268684
vt 0.565254 0.217354
vt 0.693611 0.263763
vt 0.892463 0.315958
vt 0.879393 0.362397
vt 0.793442 0.326354
vt 0.825200 0.387260
vt 0.805455 0.203509
vt 0.923002 0.213267
vt 0.907734 0.264514
vt 0.894018 0.155991
vt 0.723698 0.197977
vt 0.759044 0.262508
vt 0.744994 0.236652
vt 0.666013 0.054718
vt 0.725245 0.043089
vt 0.776634 0.060108
vt 0.782611 0.419679
vt 0.730653 0.403333
vt 0.827775 0.076062
vt 0.677381 0.386988
vt 0.626047 0.371607
vt 0.880577 0.091787
vt 0.317394 0.762115
vt 0.275807 0.729810
vt 0.285008 0.669838
vt 0.366240 0.640942
vt 0.425342 0.709602
vt 0.397894 0.810945
vt 0.353733 0.774243
vt 0.454782 0.795367
vt 0.564685 0.642774
vt 0.490579 0.620239
vt 0.558912 0.516771
vt 0.613981 0.559580
vt 0.397300 0.464603
vt 0.469924 0.430397
vt 0.512926 0.473705
vt 0.398859 0.499163
vt 0.428559 0.642915
vt 0.409118 0.552023
vt 0.220905 0.620267
vt 0.256130 0.566617
vt 0.579549 0.731170
vt 0.603133 0.708043
vt 0.426647 0.616996
vt 0.545266 0.749290
vt 0.519502 0.787816
vt 0.286653 0.506849
vt 0.310508 0.452962
vt 0.510096 0.838647
vt 0.514641 0.863085
vt 0.485007 0.843780
vt 0.550517 0.929747
vt 0.568759 0.950538
vt 0.486388 0.970266
vt 0.459917 0.848914
vt 0.428906 0.829930
vt 0.430399 0.852105
vt 0.658140 0.591540
vt 0.710953 0.623519
vt 0.639358 0.647751
vt 0.692340 0.675588
vt 0.639473 0.714002
vt 0.672208 0.752882
vt 0.762568 0.649971
vt 0.818656 0.668881
vt 0.787481 0.728925
vt 0.740430 0.703937
vt 0.720049 0.773061
vt 0.758858 0.804757
vt 0.331499 0.402151
vt 0.335198 0.347581
vt 0.378826 0.343687
vt 0.385004 0.407414
vt 0.437073 0.388352
vt 0.421859 0.335430
vt 0.317479 0.232123
vt 0.371030 0.288841
vt 0.334617 0.291120
vt 0.366248 0.230555
vt 0.418913 0.279756
vt 0.422801 0.234677
vt 0.171723 0.752150
vt 0.207814 0.715778
vt 0.227668 0.752578
vt 0.211988 0.804075
vt 0.144856 0.712494
vt 0.175002 0.668721
vt 0.183150 0.843438
vt 0.174374 0.903493
vt 0.134001 0.802899
vt 0.092208 0.861214
vt 0.054391 0.798399
vt 0.102460 0.754320
vt 0.522017 0.395639
vt 0.565454 0.437960
vt 0.607872 0.474838
vt 0.650525 0.509953
vt 0.689617 0.537255
vt 0.739253 0.565000
vt 0.787152 0.590706
vt 0.833598 0.606943
vt 0.980000 0.235832
vt 0.968049 0.273696
vt 0.952985 0.324829
vt 0.940046 0.370064
vt 0.481262 0.275029
vt 0.482984 0.225206
vt 0.483140 0.320501
vt 0.495988 0.359779
vt 0.156663 0.577239
vt 0.181936 0.526187
vt 0.209872 0.477692
vt 0.238513 0.425984
vt 0.254830 0.383902
vt 0.259429 0.341097
vt 0.256254 0.295543
vt 0.244759 0.247241
vt 0.749458 0.486918
vt 0.704988 0.473046
vt 0.654193 0.457258
vt 0.615279 0.446785
vt 0.020000 0.728791
vt 0.062578 0.705212
vt 0.098761 0.665850
vt 0.134581 0.621324
vt 0.271720 0.858939
vt 0.254431 0.898783
vt 0.288612 0.822316
vt 0.305379 0.787291
vt 0.235434 0.936078
vt 0.225914 0.953666
vt 0.291218 0.980000
vt 0.297935 0.959805
vt 0.347171 0.975900
vt 0.309366 0.926673
vt 0.371628 0.946186
vt 0.323173 0.885289
vt 0.384401 0.899842
vt 0.334204 0.845180
vt 0.367542 0.850238
vt 0.359303 0.872511
vt 0.346695 0.804742
vt 0.399387 0.833121
vt 0.624598 0.883865
vt 0.647797 0.926160
vt 0.578445 0.813055
vt 0.600223 0.848581
vt 0.519187 0.887524
vt 0.712495 0.869036
vt 0.672337 0.839715
vt 0.643862 0.806589
vt 0.614736 0.779023
vt 0.400880 0.855297
vt 0.392641 0.877569
vt 0.489552 0.868219
s 1
usemtl Cave_Material.020
f 1/1/1 3/2/2 2/3/3
f 2/3/3 577/4/4 1/1/1
f 4/5/5 3/2/2 5/6/6
f 3/2/2 1/1/1 5/6/6
f 6/7/7 4/5/5 7/8/8
f 4/5/5 5/6/6 7/8/8
f 8/9/9 10/10/10 9/11/11
f 8/9/9 11/12/12 10/10/10
f 12/13/13 11/12/12 8/9/9
f 12/13/13 13/14/14 11/12/12
f 14/15/15 13/14/14 12/13/13
f 14/15/15 15/16/16 13/14/14
f 16/17/17 17/18/18 6/19/7
f 6/19/7 7/20/8 16/17/17
f 18/21/19 19/22/20 17/18/18
f 17/18/18 16/17/17 18/21/19
f 20/23/21 21/24/22 19/22/20
f 19/22/20 18/21/19 20/23/21
f 9/11/11 10/10/10 21/24/22
f 21/24/22 20/23/21 9/11/11
f 14/15/15 22/25/23 15/16/16
f 15/16/16 22/25/23 579/26/24
f 24/27/25 578/28/26 2/29/3
f 25/30/27 26/31/28 86/32/29
f 86/32/29 27/33/30 25/30/27
f 27/33/30 86/32/29 28/34/31
f 86/32/29 87/35/32 28/34/31
f 28/34/31 87/35/32 3/2/2
f 87/35/32 2/3/3 3/2/2
f 30/36/33 89/37/34 88/38/35
f 88/38/35 29/39/36 30/36/33
f 1/1/1 577/4/4 30/36/33
f 30/36/33 577/4/4 89/37/34
f 31/40/37 25/30/27 32/41/38
f 25/30/27 27/33/30 32/41/38
f 32/41/38 27/33/30 33/42/39
f 27/33/30 28/34/31 33/42/39
f 33/42/39 28/34/31 3/2/2
f 3/2/2 4/5/5 33/42/39
f 34/43/40 30/36/33 29/39/36
f 29/39/36 450/44/41 34/43/40
f 1/1/1 34/43/40 5/6/6
f 1/1/1 30/36/33 34/43/40
f 35/45/42 31/40/37 36/46/43
f 31/40/37 32/41/38 36/46/43
f 36/46/43 32/41/38 33/42/39
f 33/42/39 37/47/44 36/46/43
f 37/47/44 33/42/39 4/5/5
f 4/5/5 6/7/7 37/47/44
f 38/48/45 34/43/40 61/49/46
f 34/43/40 450/44/41 61/49/46
f 5/6/6 38/48/45 7/8/8
f 5/6/6 34/43/40 38/48/45
f 39/50/47 41/51/48 40/52/49
f 41/51/48 42/53/50 40/52/49
f 43/54/51 44/55/52 39/50/47
f 44/55/52 41/51/48 39/50/47
f 11/12/12 43/54/51 10/10/10
f 11/12/12 44/55/52 43/54/51
f 45/56/53 46/57/54 47/58/55
f 47/58/55 48/59/56 45/56/53
f 48/59/56 47/58/55 8/9/9
f 8/9/9 9/11/11 48/59/56
f 49/60/57 42/53/50 41/51/48
f 49/60/57 50/61/58 42/53/50
f 44/55/52 51/62/59 49/60/57
f 49/60/57 41/51/48 44/55/52
f 13/14/14 44/55/52 11/12/12
f 13/14/14 51/62/59 44/55/52
f 46/57/54 447/63/60 47/58/55
f 447/63/60 52/64/61 47/58/55
f 47/58/55 52/64/61 12/13/13
f 12/13/13 8/9/9 47/58/55
f 49/60/57 54/65/62 53/66/63
f 53/66/63 50/61/58 49/60/57
f 51/62/59 55/67/64 54/65/62
f 54/65/62 49/60/57 51/62/59
f 13/14/14 15/16/16 55/67/64
f 55/67/64 51/62/59 13/14/14
f 447/63/60 448/68/65 52/64/61
f 448/68/65 56/69/66 52/64/61
f 52/64/61 56/69/66 12/13/13
f 56/69/66 14/15/15 12/13/13
f 57/70/67 58/71/68 35/72/42
f 35/72/42 36/73/43 57/70/67
f 59/74/69 57/70/67 36/73/43
f 36/73/43 37/75/44 59/74/69
f 17/18/18 59/74/69 37/75/44
f 37/75/44 6/19/7 17/18/18
f 62/76/70 38/77/45 61/78/46
f 61/78/46 60/79/71 62/76/70
f 16/17/17 7/20/8 38/77/45
f 38/77/45 62/76/70 16/17/17
f 63/80/72 64/81/73 58/71/68
f 58/71/68 57/70/67 63/80/72
f 65/82/74 63/80/72 57/70/67
f 57/70/67 59/74/69 65/82/74
f 19/22/20 65/82/74 59/74/69
f 59/74/69 17/18/18 19/22/20
f 66/83/75 62/76/70 60/79/71
f 60/79/71 449/84/76 66/83/75
f 18/21/19 16/17/17 62/76/70
f 62/76/70 66/83/75 18/21/19
f 67/85/77 68/86/78 64/81/73
f 64/81/73 63/80/72 67/85/77
f 67/85/77 63/80/72 65/82/74
f 65/82/74 69/87/79 67/85/77
f 69/87/79 65/82/74 19/22/20
f 19/22/20 21/24/22 69/87/79
f 71/88/80 66/83/75 70/89/81
f 70/89/81 66/83/75 449/84/76
f 20/23/21 18/21/19 71/88/80
f 71/88/80 18/21/19 66/83/75
f 40/52/49 68/86/78 67/85/77
f 67/85/77 39/50/47 40/52/49
f 39/50/47 67/85/77 69/87/79
f 69/87/79 43/54/51 39/50/47
f 43/54/51 69/87/79 21/24/22
f 21/24/22 10/10/10 43/54/51
f 70/89/81 45/56/53 71/88/80
f 48/59/56 71/88/80 45/56/53
f 71/88/80 48/59/56 20/23/21
f 9/11/11 20/23/21 48/59/56
f 72/90/82 53/66/63 73/91/83
f 54/65/62 73/91/83 53/66/63
f 73/91/83 54/65/62 74/92/84
f 55/67/64 74/92/84 54/65/62
f 581/93/85 74/92/84 55/67/64
f 15/16/16 580/94/86 55/67/64
f 448/68/65 75/95/87 76/96/88
f 76/96/88 56/69/66 448/68/65
f 56/69/66 76/96/88 22/25/23
f 22/25/23 14/15/15 56/69/66
f 77/97/89 72/90/82 78/98/90
f 73/91/83 78/98/90 72/90/82
f 73/91/83 74/92/84 99/99/91
f 73/91/83 79/100/92 78/98/90
f 75/95/87 80/101/93 81/102/94
f 81/102/94 76/96/88 75/95/87
f 76/96/88 81/102/94 576/103/95
f 576/103/95 22/104/23 76/96/88
f 82/105/96 77/97/89 83/106/97
f 78/98/90 83/106/97 77/97/89
f 83/106/97 79/100/92 101/107/98
f 83/106/97 78/98/90 79/100/92
f 103/108/99 573/109/100 574/110/101
f 81/102/94 80/101/93 451/111/102
f 451/111/102 85/112/103 81/102/94
f 576/103/95 81/102/94 85/112/103
f 85/112/103 23/113/104 575/114/105
f 26/115/28 82/105/96 86/116/29
f 83/106/97 86/116/29 82/105/96
f 86/116/29 83/106/97 84/117/106
f 84/117/106 87/118/32 86/116/29
f 87/118/32 84/117/106 2/29/3
f 2/29/3 84/117/106 582/119/107
f 85/112/103 451/111/102 88/120/35
f 88/120/35 89/121/34 85/112/103
f 85/112/103 89/121/34 577/122/4
f 577/122/4 23/113/104 85/112/103
f 53/66/63 90/123/108 50/61/58
f 90/123/108 53/66/63 328/124/109
f 50/61/58 91/125/110 42/53/50
f 50/61/58 90/123/108 91/125/110
f 40/52/49 42/53/50 91/125/110
f 91/125/110 92/126/111 40/52/49
f 40/52/49 92/126/111 332/127/112
f 332/127/112 68/86/78 40/52/49
f 68/86/78 332/127/112 64/81/73
f 332/127/112 331/128/113 64/81/73
f 64/81/73 331/128/113 58/71/68
f 331/128/113 93/129/114 58/71/68
f 58/71/68 93/129/114 95/130/115
f 95/130/115 35/72/42 58/71/68
f 94/131/116 31/40/37 95/132/115
f 95/132/115 31/40/37 35/45/42
f 96/133/117 25/30/27 94/131/116
f 94/131/116 25/30/27 31/40/37
f 96/133/117 97/134/118 25/30/27
f 97/134/118 26/31/28 25/30/27
f 82/105/96 97/135/118 98/136/119
f 82/105/96 26/115/28 97/135/118
f 77/97/89 98/136/119 330/137/120
f 77/97/89 82/105/96 98/136/119
f 72/90/82 330/137/120 329/138/121
f 72/90/82 77/97/89 330/137/120
f 53/66/63 329/138/121 328/124/109
f 53/66/63 72/90/82 329/138/121
f 581/93/85 572/139/122 100/140/123
f 102/141/124 574/142/101 582/119/107
f 101/107/98 79/100/92 573/109/100
f 102/141/124 84/117/106 101/107/98
f 99/99/91 74/92/84 100/140/123
f 99/99/91 572/143/122 573/109/100
f 2/29/3 578/28/26 577/122/4
f 110/144/125 112/145/126 111/146/127
f 110/144/125 113/147/128 112/145/126
f 114/148/129 116/149/130 115/150/131
f 116/149/130 117/151/132 115/150/131
f 118/152/133 120/153/134 119/154/135
f 119/154/135 121/155/136 118/152/133
f 122/156/137 124/157/138 123/158/139
f 123/158/139 125/159/140 122/156/137
f 126/160/141 128/161/142 127/162/143
f 126/160/141 129/163/144 128/161/142
f 129/163/144 111/146/127 128/161/142
f 129/163/144 110/144/125 111/146/127
f 130/164/145 132/165/146 131/166/147
f 132/165/146 133/167/148 131/166/147
f 112/145/126 113/147/128 132/165/146
f 132/165/146 130/164/145 112/145/126
f 134/168/149 136/169/150 135/170/151
f 136/169/150 137/171/152 135/170/151
f 115/150/131 117/151/132 134/168/149
f 117/151/132 136/169/150 134/168/149
f 138/172/153 140/173/154 139/174/155
f 138/172/153 141/175/156 140/173/154
f 141/175/156 114/148/129 140/173/154
f 141/175/156 116/149/130 114/148/129
f 142/176/157 144/177/158 143/178/159
f 143/178/159 145/179/160 142/176/157
f 144/177/158 118/152/133 121/155/136
f 121/155/136 143/178/159 144/177/158
f 146/180/161 148/181/162 147/182/163
f 147/182/163 148/181/162 149/183/164
f 147/182/163 149/183/164 150/184/165
f 150/184/165 149/183/164 120/153/134
f 151/185/166 153/186/167 152/187/168
f 152/187/168 154/188/169 151/185/166
f 153/186/167 122/156/137 125/159/140
f 125/159/140 152/187/168 153/186/167
f 155/189/170 157/190/171 156/191/172
f 156/191/172 157/190/171 158/192/173
f 156/191/172 158/192/173 159/193/174
f 159/193/174 158/192/173 124/157/138
f 160/194/175 150/184/165 161/195/176
f 161/195/176 162/196/177 160/194/175
f 161/195/176 150/184/165 120/153/134
f 120/153/134 118/152/133 161/195/176
f 187/197/178 121/155/136 188/198/179
f 119/154/135 188/198/179 121/155/136
f 163/199/180 164/200/181 159/193/174
f 159/193/174 165/201/182 163/199/180
f 165/201/182 159/193/174 124/157/138
f 124/157/138 122/156/137 165/201/182
f 123/158/139 190/202/183 125/159/140
f 125/159/140 190/202/183 189/203/184
f 166/204/185 168/205/186 167/206/187
f 167/206/187 169/207/188 166/204/185
f 169/207/188 167/206/187 144/177/158
f 144/177/158 142/176/157 169/207/188
f 191/208/189 145/179/160 170/209/190
f 143/178/159 170/209/190 145/179/160
f 168/205/186 162/196/177 161/195/176
f 161/195/176 167/206/187 168/205/186
f 167/206/187 161/195/176 118/152/133
f 118/152/133 144/177/158 167/206/187
f 170/209/190 143/178/159 121/155/136
f 121/155/136 187/197/178 170/209/190
f 171/210/191 173/211/192 172/212/193
f 172/212/193 174/213/194 171/210/191
f 148/181/162 171/210/191 149/183/164
f 149/183/164 171/210/191 174/213/194
f 175/214/195 176/215/196 146/180/161
f 146/180/161 147/182/163 175/214/195
f 174/213/194 172/212/193 188/198/179
f 188/198/179 119/154/135 174/213/194
f 149/183/164 174/213/194 120/153/134
f 120/153/134 174/213/194 119/154/135
f 160/194/175 175/214/195 147/182/163
f 147/182/163 150/184/165 160/194/175
f 177/216/197 179/217/198 178/218/199
f 178/218/199 180/219/200 177/216/197
f 178/218/199 179/217/198 153/186/167
f 153/186/167 151/185/166 178/218/199
f 152/187/168 193/220/201 181/221/202
f 181/221/202 154/188/169 152/187/168
f 177/216/197 165/201/182 179/217/198
f 177/216/197 163/199/180 165/201/182
f 179/217/198 165/201/182 122/156/137
f 122/156/137 153/186/167 179/217/198
f 125/159/140 189/203/184 152/187/168
f 152/187/168 189/203/184 193/220/201
f 182/222/203 183/223/204 192/224/205
f 184/225/206 192/224/205 183/223/204
f 157/190/171 184/225/206 158/192/173
f 158/192/173 184/225/206 183/223/204
f 185/226/207 155/189/170 156/191/172
f 156/191/172 186/227/208 185/226/207
f 183/223/204 182/222/203 123/158/139
f 123/158/139 182/222/203 190/202/183
f 158/192/173 183/223/204 124/157/138
f 124/157/138 183/223/204 123/158/139
f 164/200/181 186/227/208 156/191/172
f 156/191/172 159/193/174 164/200/181
f 110/144/125 187/228/178 113/147/128
f 187/228/178 188/229/179 113/147/128
f 189/230/184 190/231/183 111/146/127
f 111/146/127 112/145/126 189/230/184
f 163/199/180 114/148/129 115/150/131
f 115/150/131 164/200/181 163/199/180
f 160/194/175 117/151/132 116/149/130
f 117/151/132 160/194/175 162/196/177
f 126/160/141 191/232/189 170/233/190
f 170/233/190 129/163/144 126/160/141
f 192/234/205 127/162/143 128/161/142
f 128/161/142 182/235/203 192/234/205
f 129/163/144 170/233/190 110/144/125
f 170/233/190 187/228/178 110/144/125
f 182/235/203 128/161/142 111/146/127
f 111/146/127 190/231/183 182/235/203
f 193/236/201 130/164/145 181/237/202
f 130/164/145 131/166/147 181/237/202
f 132/165/146 172/238/193 173/239/192
f 173/239/192 133/167/148 132/165/146
f 193/236/201 189/230/184 112/145/126
f 112/145/126 130/164/145 193/236/201
f 188/229/179 132/165/146 113/147/128
f 132/165/146 188/229/179 172/238/193
f 186/227/208 134/168/149 185/226/207
f 134/168/149 135/170/151 185/226/207
f 136/169/150 168/205/186 137/171/152
f 137/171/152 168/205/186 166/204/185
f 164/200/181 115/150/131 186/227/208
f 115/150/131 134/168/149 186/227/208
f 117/151/132 162/196/177 168/205/186
f 168/205/186 136/169/150 117/151/132
f 138/172/153 176/215/196 175/214/195
f 175/214/195 141/175/156 138/172/153
f 180/219/200 139/174/155 177/216/197
f 139/174/155 140/173/154 177/216/197
f 175/214/195 116/149/130 141/175/156
f 175/214/195 160/194/175 116/149/130
f 177/216/197 140/173/154 163/199/180
f 140/173/154 114/148/129 163/199/180
f 194/240/209 195/241/210 180/219/200
f 139/174/155 180/219/200 195/241/210
f 195/241/210 196/242/211 139/174/155
f 196/242/211 138/172/153 139/174/155
f 196/242/211 197/243/212 138/172/153
f 197/243/212 176/215/196 138/172/153
f 197/243/212 107/244/213 146/180/161
f 146/180/161 176/215/196 197/243/212
f 146/180/161 107/244/213 198/245/214
f 198/245/214 148/181/162 146/180/161
f 148/181/162 198/245/214 171/210/191
f 198/245/214 199/246/215 171/210/191
f 171/210/191 199/246/215 200/247/216
f 200/247/216 173/211/192 171/210/191
f 133/167/148 173/239/192 200/248/216
f 200/248/216 105/249/217 133/167/148
f 131/166/147 133/167/148 105/249/217
f 105/249/217 109/250/218 131/166/147
f 181/237/202 131/166/147 109/250/218
f 109/250/218 201/251/219 181/237/202
f 106/252/220 154/188/169 181/221/202
f 181/221/202 201/253/219 106/252/220
f 151/185/166 106/252/220 108/254/221
f 151/185/166 154/188/169 106/252/220
f 178/218/199 108/254/221 104/255/222
f 178/218/199 151/185/166 108/254/221
f 104/255/222 194/240/209 180/219/200
f 180/219/200 178/218/199 104/255/222
f 166/204/185 203/256/223 202/257/224
f 202/257/224 137/171/152 166/204/185
f 135/170/151 137/171/152 202/257/224
f 202/257/224 204/258/225 135/170/151
f 185/226/207 135/170/151 204/258/225
f 204/258/225 327/259/226 185/226/207
f 185/226/207 327/259/226 155/189/170
f 327/259/226 205/260/227 155/189/170
f 157/190/171 155/189/170 205/260/227
f 205/260/227 206/261/228 157/190/171
f 184/225/206 157/190/171 206/261/228
f 206/261/228 207/262/229 184/225/206
f 207/262/229 208/263/230 192/224/205
f 192/224/205 184/225/206 207/262/229
f 209/264/231 127/162/143 192/234/205
f 192/234/205 208/265/230 209/264/231
f 209/264/231 210/266/232 127/162/143
f 210/266/232 126/160/141 127/162/143
f 210/266/232 212/267/233 126/160/141
f 212/267/233 191/232/189 126/160/141
f 145/179/160 212/268/233 211/269/234
f 145/179/160 191/208/189 212/268/233
f 142/176/157 211/269/234 213/270/235
f 142/176/157 145/179/160 211/269/234
f 169/207/188 213/270/235 214/271/236
f 169/207/188 142/176/157 213/270/235
f 166/204/185 214/271/236 203/256/223
f 166/204/185 169/207/188 214/271/236
f 215/1/237 216/2/238 241/3/239
f 241/3/239 242/4/240 215/1/237
f 217/5/241 216/2/238 218/6/242
f 216/2/238 215/1/237 218/6/242
f 229/7/243 217/5/241 219/8/244
f 217/5/241 218/6/242 219/8/244
f 220/9/245 222/10/246 221/11/247
f 220/9/245 223/12/248 222/10/246
f 224/13/249 223/12/248 220/9/245
f 224/13/249 225/14/250 223/12/248
f 226/15/251 225/14/250 224/13/249
f 226/15/251 227/16/252 225/14/250
f 228/17/253 230/18/254 229/19/243
f 229/19/243 219/20/244 228/17/253
f 231/21/255 232/22/256 230/18/254
f 230/18/254 228/17/253 231/21/255
f 233/23/257 234/24/258 232/22/256
f 232/22/256 231/21/255 233/23/257
f 221/11/247 222/10/246 234/24/258
f 234/24/258 233/23/257 221/11/247
f 226/15/251 235/25/259 227/16/252
f 227/16/252 235/25/259 236/94/260
f 235/25/259 237/103/261 236/94/260
f 236/94/260 237/103/261 238/272/262
f 237/103/261 239/113/263 238/272/262
f 238/272/262 239/113/263 240/27/264
f 241/29/239 240/27/264 242/122/240
f 240/27/264 239/113/263 242/122/240
f 243/30/265 245/31/266 244/32/267
f 244/32/267 246/33/268 243/30/265
f 246/33/268 244/32/267 247/34/269
f 244/32/267 324/35/270 247/34/269
f 247/34/269 324/35/270 216/2/238
f 324/35/270 241/3/239 216/2/238
f 248/39/271 325/38/272 249/273/273
f 249/273/273 250/274/274 248/39/271
f 251/36/275 326/37/276 325/38/272
f 325/38/272 248/39/271 251/36/275
f 215/1/237 242/4/240 251/36/275
f 251/36/275 242/4/240 326/37/276
f 252/40/277 243/30/265 253/41/278
f 243/30/265 246/33/268 253/41/278
f 253/41/278 246/33/268 254/42/279
f 246/33/268 247/34/269 254/42/279
f 254/42/279 247/34/269 216/2/238
f 216/2/238 217/5/241 254/42/279
f 255/44/280 248/39/271 250/274/274
f 250/274/274 256/275/281 255/44/280
f 257/43/282 251/36/275 248/39/271
f 248/39/271 255/44/280 257/43/282
f 215/1/237 257/43/282 218/6/242
f 215/1/237 251/36/275 257/43/282
f 258/45/283 252/40/277 259/46/284
f 252/40/277 253/41/278 259/46/284
f 259/46/284 253/41/278 254/42/279
f 254/42/279 260/47/285 259/46/284
f 260/47/285 254/42/279 217/5/241
f 217/5/241 229/7/243 260/47/285
f 261/49/286 255/44/280 289/276/287
f 255/44/280 256/275/281 289/276/287
f 293/48/288 257/43/282 261/49/286
f 257/43/282 255/44/280 261/49/286
f 218/6/242 293/48/288 219/8/244
f 218/6/242 257/43/282 293/48/288
f 262/50/289 264/51/290 263/52/291
f 264/51/290 265/53/292 263/52/291
f 266/54/293 267/55/294 262/50/289
f 267/55/294 264/51/290 262/50/289
f 223/12/248 266/54/293 222/10/246
f 223/12/248 267/55/294 266/54/293
f 268/277/295 270/278/296 269/56/297
f 270/278/296 271/57/298 269/56/297
f 269/56/297 271/57/298 272/58/299
f 272/58/299 273/59/300 269/56/297
f 273/59/300 272/58/299 220/9/245
f 220/9/245 221/11/247 273/59/300
f 274/60/301 265/53/292 264/51/290
f 274/60/301 275/61/302 265/53/292
f 267/55/294 276/62/303 274/60/301
f 274/60/301 264/51/290 267/55/294
f 225/14/250 267/55/294 223/12/248
f 225/14/250 276/62/303 267/55/294
f 270/278/296 277/279/304 271/57/298
f 277/279/304 278/63/305 271/57/298
f 271/57/298 278/63/305 272/58/299
f 278/63/305 279/64/306 272/58/299
f 272/58/299 279/64/306 224/13/249
f 224/13/249 220/9/245 272/58/299
f 274/60/301 281/65/307 280/66/308
f 280/66/308 275/61/302 274/60/301
f 276/62/303 282/67/309 281/65/307
f 281/65/307 274/60/301 276/62/303
f 225/14/250 227/16/252 282/67/309
f 282/67/309 276/62/303 225/14/250
f 277/279/304 284/280/310 283/68/311
f 283/68/311 278/63/305 277/279/304
f 278/63/305 283/68/311 279/64/306
f 283/68/311 285/69/312 279/64/306
f 279/64/306 285/69/312 224/13/249
f 285/69/312 226/15/251 224/13/249
f 286/70/313 287/71/314 258/72/283
f 258/72/283 259/73/284 286/70/313
f 288/74/315 286/70/313 259/73/284
f 259/73/284 260/75/285 288/74/315
f 230/18/254 288/74/315 260/75/285
f 260/75/285 229/19/243 230/18/254
f 289/281/287 291/282/316 290/79/317
f 290/79/317 261/78/286 289/281/287
f 292/76/318 293/77/288 261/78/286
f 261/78/286 290/79/317 292/76/318
f 228/17/253 219/20/244 293/77/288
f 293/77/288 292/76/318 228/17/253
f 294/80/319 295/81/320 287/71/314
f 287/71/314 286/70/313 294/80/319
f 296/82/321 294/80/319 286/70/313
f 286/70/313 288/74/315 296/82/321
f 232/22/256 296/82/321 288/74/315
f 288/74/315 230/18/254 232/22/256
f 291/282/316 297/283/322 290/79/317
f 298/84/323 290/79/317 297/283/322
f 299/83/324 292/76/318 290/79/317
f 290/79/317 298/84/323 299/83/324
f 231/21/255 228/17/253 292/76/318
f 292/76/318 299/83/324 231/21/255
f 300/85/325 301/86/326 295/81/320
f 295/81/320 294/80/319 300/85/325
f 300/85/325 294/80/319 296/82/321
f 296/82/321 302/87/327 300/85/325
f 302/87/327 296/82/321 232/22/256
f 232/22/256 234/24/258 302/87/327
f 297/283/322 303/284/328 298/84/323
f 304/89/329 298/84/323 303/284/328
f 305/88/330 299/83/324 304/89/329
f 304/89/329 299/83/324 298/84/323
f 233/23/257 231/21/255 305/88/330
f 305/88/330 231/21/255 299/83/324
f 263/52/291 301/86/326 300/85/325
f 300/85/325 262/50/289 263/52/291
f 262/50/289 300/85/325 302/87/327
f 302/87/327 266/54/293 262/50/289
f 266/54/293 302/87/327 234/24/258
f 234/24/258 222/10/246 266/54/293
f 303/284/328 268/277/295 304/89/329
f 269/56/297 304/89/329 268/277/295
f 304/89/329 269/56/297 305/88/330
f 273/59/300 305/88/330 269/56/297
f 305/88/330 273/59/300 233/23/257
f 221/11/247 233/23/257 273/59/300
f 306/90/331 280/66/308 307/91/332
f 281/65/307 307/91/332 280/66/308
f 307/91/332 281/65/307 308/92/333
f 282/67/309 308/92/333 281/65/307
f 308/92/333 282/67/309 236/94/260
f 227/16/252 236/94/260 282/67/309
f 283/68/311 284/280/310 309/285/334
f 309/285/334 310/95/335 283/68/311
f 283/68/311 310/95/335 311/96/336
f 311/96/336 285/69/312 283/68/311
f 285/69/312 311/96/336 235/25/259
f 235/25/259 226/15/251 285/69/312
f 312/97/337 306/90/331 313/98/338
f 307/91/332 313/98/338 306/90/331
f 308/92/333 314/100/339 307/91/332
f 307/91/332 314/100/339 313/98/338
f 236/94/260 238/272/262 308/92/333
f 308/92/333 238/272/262 314/100/339
f 310/95/335 309/285/334 315/286/340
f 315/286/340 316/101/341 310/95/335
f 310/95/335 316/101/341 317/102/342
f 317/102/342 311/96/336 310/95/335
f 311/96/336 317/102/342 237/103/261
f 237/103/261 235/25/259 311/96/336
f 318/105/343 312/97/337 319/106/344
f 313/98/338 319/106/344 312/97/337
f 314/100/339 320/117/345 319/106/344
f 319/106/344 313/98/338 314/100/339
f 238/272/262 240/27/264 320/117/345
f 320/117/345 314/100/339 238/272/262
f 316/101/341 315/286/340 321/287/346
f 321/287/346 322/111/347 316/101/341
f 317/102/342 316/101/341 322/111/347
f 322/111/347 323/112/348 317/102/342
f 237/103/261 317/102/342 323/112/348
f 323/112/348 239/113/263 237/103/261
f 245/115/266 318/105/343 244/116/267
f 319/106/344 244/116/267 318/105/343
f 244/116/267 319/106/344 320/117/345
f 320/117/345 324/118/270 244/116/267
f 324/118/270 320/117/345 241/29/239
f 320/117/345 240/27/264 241/29/239
f 322/111/347 321/287/346 249/288/273
f 249/288/273 325/120/272 322/111/347
f 323/112/348 322/111/347 325/120/272
f 325/120/272 326/121/276 323/112/348
f 323/112/348 326/121/276 242/122/240
f 242/122/240 239/113/263 323/112/348
f 205/289/227 303/284/328 297/283/322
f 297/283/322 206/290/228 205/289/227
f 206/290/228 297/283/322 291/282/316
f 291/282/316 207/291/229 206/290/228
f 213/292/235 211/293/234 315/286/340
f 315/286/340 211/293/234 321/287/346
f 214/294/236 213/292/235 309/285/334
f 309/285/334 213/292/235 315/286/340
f 211/293/234 212/295/233 249/288/273
f 249/288/273 321/287/346 211/293/234
f 203/296/223 214/294/236 284/280/310
f 284/280/310 214/294/236 309/285/334
f 250/274/274 249/273/273 210/297/232
f 249/273/273 212/298/233 210/297/232
f 202/299/224 203/296/223 284/280/310
f 284/280/310 277/279/304 202/299/224
f 256/275/281 250/274/274 210/297/232
f 210/297/232 209/300/231 256/275/281
f 202/299/224 270/278/296 204/301/225
f 202/299/224 277/279/304 270/278/296
f 289/276/287 256/275/281 208/302/230
f 256/275/281 209/300/231 208/302/230
f 327/303/226 204/301/225 270/278/296
f 270/278/296 268/277/295 327/303/226
f 291/282/316 289/281/287 208/304/230
f 208/304/230 207/291/229 291/282/316
f 327/303/226 268/277/295 303/284/328
f 303/284/328 205/289/227 327/303/226
f 280/66/308 91/123/110 275/61/302
f 91/123/110 280/66/308 92/124/111
f 275/61/302 90/125/108 265/53/292
f 275/61/302 91/123/110 90/125/108
f 263/52/291 265/53/292 90/125/108
f 90/125/108 328/126/109 263/52/291
f 263/52/291 328/126/109 329/127/121
f 329/127/121 301/86/326 263/52/291
f 301/86/326 329/127/121 295/81/320
f 329/127/121 330/128/120 295/81/320
f 295/81/320 330/128/120 287/71/314
f 330/128/120 98/129/119 287/71/314
f 287/71/314 98/129/119 97/130/118
f 97/130/118 258/72/283 287/71/314
f 96/131/117 252/40/277 97/132/118
f 97/132/118 252/40/277 258/45/283
f 94/133/116 243/30/265 96/131/117
f 96/131/117 243/30/265 252/40/277
f 94/133/116 95/134/115 243/30/265
f 95/134/115 245/31/266 243/30/265
f 318/105/343 95/135/115 93/136/114
f 318/105/343 245/115/266 95/135/115
f 312/97/337 93/136/114 331/137/113
f 312/97/337 318/105/343 93/136/114
f 306/90/331 331/137/113 332/138/112
f 306/90/331 312/97/337 331/137/113
f 280/66/308 332/138/112 92/124/111
f 280/66/308 306/90/331 332/138/112
f 333/1/349 334/2/2 357/3/350
f 357/3/350 335/4/351 333/1/349
f 336/5/5 334/2/2 337/6/6
f 334/2/2 333/1/349 337/6/6
f 338/7/7 336/5/5 339/8/8
f 336/5/5 337/6/6 339/8/8
f 340/9/9 342/10/10 341/11/11
f 340/9/9 343/12/12 342/10/10
f 344/13/13 343/12/12 340/9/9
f 344/13/13 345/14/14 343/12/12
f 346/15/352 345/14/14 344/13/13
f 346/15/352 347/16/353 345/14/14
f 348/17/17 349/18/18 338/19/7
f 338/19/7 339/20/8 348/17/17
f 350/21/19 351/22/20 349/18/18
f 349/18/18 348/17/17 350/21/19
f 352/23/21 353/24/22 351/22/20
f 351/22/20 350/21/19 352/23/21
f 341/11/11 342/10/10 353/24/22
f 353/24/22 352/23/21 341/11/11
f 346/15/352 1072/25/354 347/16/353
f 347/16/353 1072/25/354 1071/94/355
f 357/29/350 1075/27/356 335/122/351
f 358/30/27 438/31/357 439/32/29
f 439/32/29 359/33/30 358/30/27
f 359/33/30 439/32/29 360/34/31
f 439/32/29 440/35/32 360/34/31
f 360/34/31 440/35/32 334/2/2
f 440/35/32 357/3/350 334/2/2
f 361/39/358 363/38/359 362/273/360
f 362/273/360 364/274/361 361/39/358
f 365/36/362 441/37/363 363/38/359
f 363/38/359 361/39/358 365/36/362
f 333/1/349 335/4/351 365/36/362
f 365/36/362 335/4/351 441/37/363
f 366/40/37 358/30/27 367/41/38
f 358/30/27 359/33/30 367/41/38
f 367/41/38 359/33/30 368/42/39
f 359/33/30 360/34/31 368/42/39
f 368/42/39 360/34/31 334/2/2
f 334/2/2 336/5/5 368/42/39
f 369/44/364 361/39/358 364/274/361
f 364/274/361 370/275/365 369/44/364
f 371/43/366 365/36/362 361/39/358
f 361/39/358 369/44/364 371/43/366
f 333/1/349 371/43/366 337/6/6
f 333/1/349 365/36/362 371/43/366
f 372/45/367 366/40/37 401/46/368
f 366/40/37 367/41/38 401/46/368
f 401/46/368 367/41/38 368/42/39
f 368/42/39 373/47/44 401/46/368
f 373/47/44 368/42/39 336/5/5
f 336/5/5 338/7/7 373/47/44
f 405/49/369 369/44/364 374/276/370
f 369/44/364 370/275/365 374/276/370
f 407/48/371 371/43/366 405/49/369
f 371/43/366 369/44/364 405/49/369
f 337/6/6 407/48/371 339/8/8
f 337/6/6 371/43/366 407/48/371
f 375/50/47 377/51/48 376/52/49
f 377/51/48 378/53/50 376/52/49
f 379/54/51 380/55/52 375/50/47
f 380/55/52 377/51/48 375/50/47
f 343/12/12 379/54/51 342/10/10
f 343/12/12 380/55/52 379/54/51
f 381/277/372 383/278/373 382/56/374
f 383/278/373 384/57/375 382/56/374
f 382/56/374 384/57/375 385/58/376
f 385/58/376 386/59/377 382/56/374
f 386/59/377 385/58/376 340/9/9
f 340/9/9 341/11/11 386/59/377
f 387/60/57 378/53/50 377/51/48
f 387/60/57 388/61/58 378/53/50
f 380/55/52 389/62/59 387/60/57
f 387/60/57 377/51/48 380/55/52
f 345/14/14 380/55/52 343/12/12
f 345/14/14 389/62/59 380/55/52
f 383/278/373 390/279/378 384/57/375
f 390/279/378 391/63/379 384/57/375
f 384/57/375 391/63/379 385/58/376
f 391/63/379 392/64/380 385/58/376
f 385/58/376 392/64/380 344/13/13
f 344/13/13 340/9/9 385/58/376
f 387/60/57 394/65/62 393/66/63
f 393/66/63 388/61/58 387/60/57
f 389/62/59 395/67/381 394/65/62
f 394/65/62 387/60/57 389/62/59
f 345/14/14 347/16/353 395/67/381
f 395/67/381 389/62/59 345/14/14
f 390/279/378 397/280/382 396/68/383
f 396/68/383 391/63/379 390/279/378
f 391/63/379 396/68/383 392/64/380
f 396/68/383 398/69/384 392/64/380
f 392/64/380 398/69/384 344/13/13
f 398/69/384 346/15/352 344/13/13
f 399/70/67 400/71/68 372/72/367
f 372/72/367 401/73/368 399/70/67
f 402/74/69 399/70/67 401/73/368
f 401/73/368 373/75/44 402/74/69
f 349/18/18 402/74/69 373/75/44
f 373/75/44 338/19/7 349/18/18
f 374/281/370 404/282/385 403/79/386
f 403/79/386 405/78/369 374/281/370
f 406/76/387 407/77/371 405/78/369
f 405/78/369 403/79/386 406/76/387
f 348/17/17 339/20/8 407/77/371
f 407/77/371 406/76/387 348/17/17
f 408/80/72 409/81/73 400/71/68
f 400/71/68 399/70/67 408/80/72
f 410/82/74 408/80/72 399/70/67
f 399/70/67 402/74/69 410/82/74
f 351/22/20 410/82/74 402/74/69
f 402/74/69 349/18/18 351/22/20
f 404/282/385 411/283/388 403/79/386
f 412/84/389 403/79/386 411/283/388
f 413/83/390 406/76/387 403/79/386
f 403/79/386 412/84/389 413/83/390
f 350/21/19 348/17/17 406/76/387
f 406/76/387 413/83/390 350/21/19
f 414/85/391 415/86/78 409/81/73
f 409/81/73 408/80/72 414/85/391
f 414/85/391 408/80/72 410/82/74
f 410/82/74 416/87/79 414/85/391
f 416/87/79 410/82/74 351/22/20
f 351/22/20 353/24/22 416/87/79
f 411/283/388 417/284/392 412/84/389
f 418/89/393 412/84/389 417/284/392
f 419/88/394 413/83/390 418/89/393
f 418/89/393 413/83/390 412/84/389
f 352/23/21 350/21/19 419/88/394
f 419/88/394 350/21/19 413/83/390
f 376/52/49 415/86/78 414/85/391
f 414/85/391 375/50/47 376/52/49
f 375/50/47 414/85/391 416/87/79
f 416/87/79 379/54/51 375/50/47
f 379/54/51 416/87/79 353/24/22
f 353/24/22 342/10/10 379/54/51
f 417/284/392 381/277/372 418/89/393
f 382/56/374 418/89/393 381/277/372
f 418/89/393 382/56/374 419/88/394
f 386/59/377 419/88/394 382/56/374
f 419/88/394 386/59/377 352/23/21
f 341/11/11 352/23/21 386/59/377
f 420/90/82 393/66/63 421/91/83
f 394/65/62 421/91/83 393/66/63
f 421/91/83 394/65/62 422/92/395
f 395/67/381 422/92/395 394/65/62
f 452/93/396 422/92/395 395/67/381
f 347/16/353 1071/94/355 395/67/381
f 396/68/383 397/280/382 423/285/397
f 423/285/397 424/95/398 396/68/383
f 396/68/383 424/95/398 425/96/399
f 425/96/399 398/69/384 396/68/383
f 425/96/399 454/305/400 398/69/384
f 1072/25/354 346/15/352 398/69/384
f 426/97/89 420/90/82 427/98/90
f 421/91/83 427/98/90 420/90/82
f 421/91/83 422/92/395 455/99/401
f 421/91/83 428/100/402 427/98/90
f 424/95/398 423/285/397 429/286/403
f 429/286/403 430/101/404 424/95/398
f 424/95/398 430/101/404 431/102/405
f 431/102/405 425/96/399 424/95/398
f 425/96/399 431/102/405 354/103/406
f 432/105/96 426/97/89 433/106/97
f 427/98/90 433/106/97 426/97/89
f 433/106/97 428/100/402 457/107/407
f 433/106/97 427/98/90 428/100/402
f 459/108/408 355/109/409 1074/110/410
f 430/101/404 429/286/403 435/287/411
f 435/287/411 436/111/412 430/101/404
f 431/102/405 430/101/404 436/111/412
f 436/111/412 437/112/413 431/102/405
f 354/103/406 431/102/405 437/112/413
f 437/112/413 356/113/414 453/114/415
f 438/115/357 432/105/96 439/116/29
f 433/106/97 439/116/29 432/105/96
f 439/116/29 433/106/97 434/117/416
f 434/117/416 440/118/32 439/116/29
f 440/118/32 434/117/416 357/29/350
f 357/29/350 434/117/416 1074/119/410
f 436/111/412 435/287/411 362/288/360
f 362/288/360 363/120/359 436/111/412
f 437/112/413 436/111/412 363/120/359
f 363/120/359 441/121/363 437/112/413
f 441/306/363 356/113/414 437/112/413
f 674/289/417 417/284/392 411/283/388
f 411/283/388 675/290/418 674/289/417
f 675/290/418 411/283/388 404/282/385
f 404/282/385 676/291/419 675/290/418
f 679/292/420 678/293/421 429/286/403
f 429/286/403 678/293/421 435/287/411
f 680/294/422 679/292/420 423/285/397
f 423/285/397 679/292/420 429/286/403
f 678/293/421 677/295/423 362/288/360
f 362/288/360 435/287/411 678/293/421
f 442/296/424 680/294/422 397/280/382
f 397/280/382 680/294/422 423/285/397
f 364/274/361 362/273/360 443/297/425
f 362/273/360 677/298/423 443/297/425
f 672/299/426 442/296/424 397/280/382
f 397/280/382 390/279/378 672/299/426
f 370/275/365 364/274/361 443/297/425
f 443/297/425 444/300/427 370/275/365
f 672/299/426 383/278/373 673/301/428
f 672/299/426 390/279/378 383/278/373
f 374/276/370 370/275/365 445/302/429
f 370/275/365 444/300/427 445/302/429
f 446/303/430 673/301/428 383/278/373
f 383/278/373 381/277/372 446/303/430
f 404/282/385 374/281/370 445/304/429
f 445/304/429 676/291/419 404/282/385
f 446/303/430 381/277/372 417/284/392
f 417/284/392 674/289/417 446/303/430
f 393/66/63 447/123/60 388/61/58
f 447/123/60 393/66/63 448/124/65
f 388/61/58 46/125/54 378/53/50
f 388/61/58 447/123/60 46/125/54
f 376/52/49 378/53/50 46/125/54
f 46/125/54 45/126/53 376/52/49
f 376/52/49 45/126/53 70/127/81
f 70/127/81 415/86/78 376/52/49
f 415/86/78 70/127/81 409/81/73
f 70/127/81 449/128/76 409/81/73
f 409/81/73 449/128/76 400/71/68
f 449/128/76 60/129/71 400/71/68
f 400/71/68 60/129/71 61/130/46
f 61/130/46 372/72/367 400/71/68
f 450/131/41 366/40/37 61/132/46
f 61/132/46 366/40/37 372/45/367
f 29/133/36 358/30/27 450/131/41
f 450/131/41 358/30/27 366/40/37
f 29/133/36 88/134/35 358/30/27
f 88/134/35 438/31/357 358/30/27
f 432/105/96 88/135/35 451/136/102
f 432/105/96 438/115/357 88/135/35
f 426/97/89 451/136/102 80/137/93
f 426/97/89 432/105/96 451/136/102
f 420/90/82 80/137/93 75/138/87
f 420/90/82 426/97/89 80/137/93
f 393/66/63 75/138/87 448/124/65
f 393/66/63 420/90/82 75/138/87
f 452/93/396 1076/139/431 456/140/432
f 1074/307/410 434/117/416 458/141/433
f 459/108/408 457/107/407 428/100/402
f 458/141/433 434/117/416 457/107/407
f 458/141/433 459/108/408 1074/110/410
f 455/99/401 422/92/395 456/140/432
f 455/99/401 1076/143/431 355/109/409
f 335/122/351 356/113/414 441/306/363
f 354/103/406 1073/308/434 425/96/399
f 398/69/384 454/305/400 1072/25/354
f 425/96/399 1073/308/434 454/309/400
f 460/1/435 462/2/436 461/3/437
f 461/3/437 487/4/438 460/1/435
f 463/5/439 462/2/436 464/6/440
f 462/2/436 460/1/435 464/6/440
f 474/7/441 463/5/439 476/8/442
f 463/5/439 464/6/440 476/8/442
f 465/9/443 467/10/444 466/11/445
f 465/9/443 468/12/446 467/10/444
f 469/13/447 468/12/446 465/9/443
f 469/13/447 470/14/448 468/12/446
f 471/15/449 470/14/448 469/13/447
f 471/15/449 472/16/450 470/14/448
f 473/17/451 475/18/452 474/19/441
f 474/19/441 476/20/442 473/17/451
f 477/21/453 478/22/454 475/18/452
f 475/18/452 473/17/451 477/21/453
f 479/23/455 480/24/456 478/22/454
f 478/22/454 477/21/453 479/23/455
f 466/11/445 467/10/444 480/24/456
f 480/24/456 479/23/455 466/11/445
f 471/15/449 481/25/457 472/16/450
f 472/16/450 481/25/457 482/94/458
f 481/25/457 483/103/459 482/94/458
f 482/94/458 483/103/459 484/272/460
f 483/103/459 485/113/461 484/272/460
f 484/272/460 485/113/461 486/27/462
f 461/29/437 486/27/462 487/122/438
f 486/27/462 485/113/461 487/122/438
f 488/30/463 489/31/464 568/32/465
f 568/32/465 490/33/466 488/30/463
f 490/33/466 568/32/465 491/34/467
f 568/32/465 569/35/468 491/34/467
f 491/34/467 569/35/468 462/2/436
f 569/35/468 461/3/437 462/2/436
f 492/39/469 571/38/470 570/273/471
f 570/273/471 493/274/472 492/39/469
f 494/36/473 495/37/474 571/38/470
f 571/38/470 492/39/469 494/36/473
f 460/1/435 487/4/438 494/36/473
f 494/36/473 487/4/438 495/37/474
f 496/40/475 488/30/463 497/41/476
f 488/30/463 490/33/466 497/41/476
f 497/41/476 490/33/466 498/42/477
f 490/33/466 491/34/467 498/42/477
f 498/42/477 491/34/467 462/2/436
f 462/2/436 463/5/439 498/42/477
f 499/44/478 492/39/469 493/274/472
f 493/274/472 500/275/479 499/44/478
f 501/43/480 494/36/473 492/39/469
f 492/39/469 499/44/478 501/43/480
f 460/1/435 501/43/480 464/6/440
f 460/1/435 494/36/473 501/43/480
f 502/45/481 496/40/475 532/46/482
f 496/40/475 497/41/476 532/46/482
f 532/46/482 497/41/476 498/42/477
f 498/42/477 534/47/483 532/46/482
f 534/47/483 498/42/477 463/5/439
f 463/5/439 474/7/441 534/47/483
f 503/49/484 499/44/478 504/276/485
f 499/44/478 500/275/479 504/276/485
f 505/48/486 501/43/480 503/49/484
f 501/43/480 499/44/478 503/49/484
f 464/6/440 505/48/486 476/8/442
f 464/6/440 501/43/480 505/48/486
f 506/50/487 508/51/488 507/52/489
f 508/51/488 509/53/490 507/52/489
f 510/54/491 511/55/492 506/50/487
f 511/55/492 508/51/488 506/50/487
f 468/12/446 510/54/491 467/10/444
f 468/12/446 511/55/492 510/54/491
f 512/277/493 514/278/494 513/56/495
f 514/278/494 515/57/496 513/56/495
f 513/56/495 515/57/496 516/58/497
f 516/58/497 517/59/498 513/56/495
f 517/59/498 516/58/497 465/9/443
f 465/9/443 466/11/445 517/59/498
f 518/60/499 509/53/490 508/51/488
f 518/60/499 519/61/500 509/53/490
f 511/55/492 520/62/501 518/60/499
f 518/60/499 508/51/488 511/55/492
f 470/14/448 511/55/492 468/12/446
f 470/14/448 520/62/501 511/55/492
f 514/278/494 521/279/502 515/57/496
f 521/279/502 522/63/503 515/57/496
f 515/57/496 522/63/503 516/58/497
f 522/63/503 523/64/504 516/58/497
f 516/58/497 523/64/504 469/13/447
f 469/13/447 465/9/443 516/58/497
f 518/60/499 525/65/505 524/66/506
f 524/66/506 519/61/500 518/60/499
f 520/62/501 526/67/507 525/65/505
f 525/65/505 518/60/499 520/62/501
f 470/14/448 472/16/450 526/67/507
f 526/67/507 520/62/501 470/14/448
f 521/279/502 528/280/508 527/68/509
f 527/68/509 522/63/503 521/279/502
f 522/63/503 527/68/509 523/64/504
f 527/68/509 529/69/510 523/64/504
f 523/64/504 529/69/510 469/13/447
f 529/69/510 471/15/449 469/13/447
f 530/70/511 531/71/512 502/72/481
f 502/72/481 532/73/482 530/70/511
f 533/74/513 530/70/511 532/73/482
f 532/73/482 534/75/483 533/74/513
f 475/18/452 533/74/513 534/75/483
f 534/75/483 474/19/441 475/18/452
f 504/281/485 536/282/514 535/79/515
f 535/79/515 503/78/484 504/281/485
f 537/76/516 505/77/486 503/78/484
f 503/78/484 535/79/515 537/76/516
f 473/17/451 476/20/442 505/77/486
f 505/77/486 537/76/516 473/17/451
f 538/80/517 539/81/518 531/71/512
f 531/71/512 530/70/511 538/80/517
f 540/82/519 538/80/517 530/70/511
f 530/70/511 533/74/513 540/82/519
f 478/22/454 540/82/519 533/74/513
f 533/74/513 475/18/452 478/22/454
f 536/282/514 541/283/520 535/79/515
f 542/84/521 535/79/515 541/283/520
f 543/83/522 537/76/516 535/79/515
f 535/79/515 542/84/521 543/83/522
f 477/21/453 473/17/451 537/76/516
f 537/76/516 543/83/522 477/21/453
f 544/85/523 545/86/524 539/81/518
f 539/81/518 538/80/517 544/85/523
f 544/85/523 538/80/517 540/82/519
f 540/82/519 546/87/525 544/85/523
f 546/87/525 540/82/519 478/22/454
f 478/22/454 480/24/456 546/87/525
f 541/283/520 547/284/526 542/84/521
f 548/89/527 542/84/521 547/284/526
f 549/88/528 543/83/522 548/89/527
f 548/89/527 543/83/522 542/84/521
f 479/23/455 477/21/453 549/88/528
f 549/88/528 477/21/453 543/83/522
f 507/52/489 545/86/524 544/85/523
f 544/85/523 506/50/487 507/52/489
f 506/50/487 544/85/523 546/87/525
f 546/87/525 510/54/491 506/50/487
f 510/54/491 546/87/525 480/24/456
f 480/24/456 467/10/444 510/54/491
f 547/284/526 512/277/493 548/89/527
f 513/56/495 548/89/527 512/277/493
f 548/89/527 513/56/495 549/88/528
f 517/59/498 549/88/528 513/56/495
f 549/88/528 517/59/498 479/23/455
f 466/11/445 479/23/455 517/59/498
f 550/90/529 524/66/506 551/91/530
f 525/65/505 551/91/530 524/66/506
f 551/91/530 525/65/505 552/92/531
f 526/67/507 552/92/531 525/65/505
f 552/92/531 526/67/507 482/94/458
f 472/16/450 482/94/458 526/67/507
f 527/68/509 528/280/508 553/285/532
f 553/285/532 554/95/533 527/68/509
f 527/68/509 554/95/533 555/96/534
f 555/96/534 529/69/510 527/68/509
f 529/69/510 555/96/534 481/25/457
f 481/25/457 471/15/449 529/69/510
f 556/97/535 550/90/529 557/98/536
f 551/91/530 557/98/536 550/90/529
f 552/92/531 558/100/537 551/91/530
f 551/91/530 558/100/537 557/98/536
f 482/94/458 484/272/460 552/92/531
f 552/92/531 484/272/460 558/100/537
f 554/95/533 553/285/532 559/286/538
f 559/286/538 560/101/539 554/95/533
f 554/95/533 560/101/539 561/102/540
f 561/102/540 555/96/534 554/95/533
f 555/96/534 561/102/540 483/103/459
f 483/103/459 481/25/457 555/96/534
f 562/105/541 556/97/535 563/106/542
f 557/98/536 563/106/542 556/97/535
f 558/100/537 564/117/543 563/106/542
f 563/106/542 557/98/536 558/100/537
f 484/272/460 486/27/462 564/117/543
f 564/117/543 558/100/537 484/272/460
f 560/101/539 559/286/538 565/287/544
f 565/287/544 566/111/545 560/101/539
f 561/102/540 560/101/539 566/111/545
f 566/111/545 567/112/546 561/102/540
f 483/103/459 561/102/540 567/112/546
f 567/112/546 485/113/461 483/103/459
f 489/115/464 562/105/541 568/116/465
f 563/106/542 568/116/465 562/105/541
f 568/116/465 563/106/542 564/117/543
f 564/117/543 569/118/468 568/116/465
f 569/118/468 564/117/543 461/29/437
f 564/117/543 486/27/462 461/29/437
f 566/111/545 565/287/544 570/288/471
f 570/288/471 571/120/470 566/111/545
f 567/112/546 566/111/545 571/120/470
f 571/120/470 495/121/474 567/112/546
f 567/112/546 495/121/474 487/122/438
f 487/122/438 485/113/461 567/112/546
f 572/289/122 547/284/526 541/283/520
f 541/283/520 573/290/100 572/289/122
f 573/290/100 541/283/520 536/282/514
f 536/282/514 574/291/101 573/290/100
f 575/292/105 23/293/104 559/286/538
f 559/286/538 23/293/104 565/287/544
f 576/294/95 575/292/105 553/285/532
f 553/285/532 575/292/105 559/286/538
f 23/293/104 577/295/4 570/288/471
f 570/288/471 565/287/544 23/293/104
f 22/296/23 576/294/95 528/280/508
f 528/280/508 576/294/95 553/285/532
f 493/274/472 570/273/471 578/297/26
f 570/273/471 577/298/4 578/297/26
f 579/299/24 22/296/23 528/280/508
f 528/280/508 521/279/502 579/299/24
f 500/275/479 493/274/472 578/297/26
f 578/297/26 24/300/25 500/275/479
f 579/299/24 514/278/494 580/301/86
f 579/299/24 521/279/502 514/278/494
f 504/276/485 500/275/479 582/302/107
f 500/275/479 24/300/25 582/302/107
f 581/303/85 580/301/86 514/278/494
f 514/278/494 512/277/493 581/303/85
f 536/282/514 504/281/485 582/304/107
f 582/304/107 574/291/101 536/282/514
f 581/303/85 512/277/493 547/284/526
f 547/284/526 572/289/122 581/303/85
f 524/66/506 971/123/547 519/61/500
f 971/123/547 524/66/506 583/124/548
f 519/61/500 584/125/549 509/53/490
f 519/61/500 971/123/547 584/125/549
f 507/52/489 509/53/490 584/125/549
f 584/125/549 585/126/550 507/52/489
f 507/52/489 585/126/550 972/127/551
f 972/127/551 545/86/524 507/52/489
f 545/86/524 972/127/551 539/81/518
f 972/127/551 973/128/552 539/81/518
f 539/81/518 973/128/552 531/71/512
f 973/128/552 974/129/553 531/71/512
f 531/71/512 974/129/553 975/130/554
f 975/130/554 502/72/481 531/71/512
f 976/131/555 496/40/475 975/132/554
f 975/132/554 496/40/475 502/45/481
f 977/133/556 488/30/463 976/131/555
f 976/131/555 488/30/463 496/40/475
f 977/133/556 979/134/557 488/30/463
f 979/134/557 489/31/464 488/30/463
f 562/105/541 979/135/557 978/136/558
f 562/105/541 489/115/464 979/135/557
f 556/97/535 978/136/558 586/137/559
f 556/97/535 562/105/541 978/136/558
f 550/90/529 586/137/559 587/138/560
f 550/90/529 556/97/535 586/137/559
f 524/66/506 587/138/560 583/124/548
f 524/66/506 550/90/529 587/138/560
f 588/144/125 590/145/561 589/146/127
f 588/144/125 591/147/562 590/145/561
f 592/148/563 594/149/564 593/150/131
f 594/149/564 595/151/132 593/150/131
f 596/152/565 598/153/566 597/154/567
f 597/154/567 599/155/136 596/152/565
f 600/156/568 602/157/138 601/158/139
f 601/158/139 603/159/569 600/156/568
f 604/160/570 606/161/142 605/162/571
f 604/160/570 607/163/144 606/161/142
f 607/163/144 589/146/127 606/161/142
f 607/163/144 588/144/125 589/146/127
f 608/164/572 610/165/573 609/166/574
f 610/165/573 611/167/575 609/166/574
f 590/145/561 591/147/562 610/165/573
f 610/165/573 608/164/572 590/145/561
f 612/168/149 614/169/150 613/170/576
f 614/169/150 615/171/577 613/170/576
f 593/150/131 595/151/132 612/168/149
f 595/151/132 614/169/150 612/168/149
f 616/172/578 618/173/579 617/174/580
f 616/172/578 619/175/581 618/173/579
f 619/175/581 592/148/563 618/173/579
f 619/175/581 594/149/564 592/148/563
f 620/176/582 622/177/158 621/178/159
f 621/178/159 623/179/583 620/176/582
f 622/177/158 596/152/565 599/155/136
f 599/155/136 621/178/159 622/177/158
f 624/180/584 626/181/585 625/182/586
f 625/182/586 626/181/585 627/183/587
f 625/182/586 627/183/587 628/184/588
f 628/184/588 627/183/587 598/153/566
f 629/185/589 631/186/590 630/187/591
f 630/187/591 632/188/592 629/185/589
f 631/186/590 600/156/568 603/159/569
f 603/159/569 630/187/591 631/186/590
f 633/189/593 635/190/594 634/191/172
f 634/191/172 635/190/594 636/192/173
f 634/191/172 636/192/173 637/193/174
f 637/193/174 636/192/173 602/157/138
f 638/194/595 628/184/588 639/195/176
f 639/195/176 640/196/177 638/194/595
f 639/195/176 628/184/588 598/153/566
f 598/153/566 596/152/565 639/195/176
f 666/197/178 599/155/136 667/198/596
f 597/154/567 667/198/596 599/155/136
f 641/199/597 642/200/181 637/193/174
f 637/193/174 643/201/598 641/199/597
f 643/201/598 637/193/174 602/157/138
f 602/157/138 600/156/568 643/201/598
f 601/158/139 644/202/183 603/159/569
f 603/159/569 644/202/183 668/203/599
f 645/204/600 647/205/186 646/206/187
f 646/206/187 648/207/601 645/204/600
f 648/207/601 646/206/187 622/177/158
f 622/177/158 620/176/582 648/207/601
f 669/208/602 623/179/583 649/209/190
f 621/178/159 649/209/190 623/179/583
f 647/205/186 640/196/177 639/195/176
f 639/195/176 646/206/187 647/205/186
f 646/206/187 639/195/176 596/152/565
f 596/152/565 622/177/158 646/206/187
f 649/209/190 621/178/159 599/155/136
f 599/155/136 666/197/178 649/209/190
f 650/210/603 671/211/604 651/212/605
f 651/212/605 652/213/606 650/210/603
f 626/181/585 650/210/603 627/183/587
f 627/183/587 650/210/603 652/213/606
f 653/214/607 654/215/608 624/180/584
f 624/180/584 625/182/586 653/214/607
f 652/213/606 651/212/605 667/198/596
f 667/198/596 597/154/567 652/213/606
f 627/183/587 652/213/606 598/153/566
f 598/153/566 652/213/606 597/154/567
f 638/194/595 653/214/607 625/182/586
f 625/182/586 628/184/588 638/194/595
f 655/216/609 657/217/610 656/218/611
f 656/218/611 658/219/612 655/216/609
f 656/218/611 657/217/610 631/186/590
f 631/186/590 629/185/589 656/218/611
f 630/187/591 670/220/613 659/221/614
f 659/221/614 632/188/592 630/187/591
f 655/216/609 643/201/598 657/217/610
f 655/216/609 641/199/597 643/201/598
f 657/217/610 643/201/598 600/156/568
f 600/156/568 631/186/590 657/217/610
f 603/159/569 668/203/599 630/187/591
f 630/187/591 668/203/599 670/220/613
f 660/222/615 662/223/204 661/224/616
f 663/225/617 661/224/616 662/223/204
f 635/190/594 663/225/617 636/192/173
f 636/192/173 663/225/617 662/223/204
f 664/226/618 633/189/593 634/191/172
f 634/191/172 665/227/208 664/226/618
f 662/223/204 660/222/615 601/158/139
f 601/158/139 660/222/615 644/202/183
f 636/192/173 662/223/204 602/157/138
f 602/157/138 662/223/204 601/158/139
f 642/200/181 665/227/208 634/191/172
f 634/191/172 637/193/174 642/200/181
f 588/144/125 666/228/178 591/147/562
f 666/228/178 667/229/596 591/147/562
f 668/230/599 644/231/183 589/146/127
f 589/146/127 590/145/561 668/230/599
f 641/199/597 592/148/563 593/150/131
f 593/150/131 642/200/181 641/199/597
f 638/194/595 595/151/132 594/149/564
f 595/151/132 638/194/595 640/196/177
f 604/160/570 669/232/602 649/233/190
f 649/233/190 607/163/144 604/160/570
f 661/234/616 605/162/571 606/161/142
f 606/161/142 660/235/615 661/234/616
f 607/163/144 649/233/190 588/144/125
f 649/233/190 666/228/178 588/144/125
f 660/235/615 606/161/142 589/146/127
f 589/146/127 644/231/183 660/235/615
f 670/236/613 608/164/572 659/237/614
f 608/164/572 609/166/574 659/237/614
f 610/165/573 651/238/605 671/239/604
f 671/239/604 611/167/575 610/165/573
f 670/236/613 668/230/599 590/145/561
f 590/145/561 608/164/572 670/236/613
f 667/229/596 610/165/573 591/147/562
f 610/165/573 667/229/596 651/238/605
f 665/227/208 612/168/149 664/226/618
f 612/168/149 613/170/576 664/226/618
f 614/169/150 647/205/186 615/171/577
f 615/171/577 647/205/186 645/204/600
f 642/200/181 593/150/131 665/227/208
f 593/150/131 612/168/149 665/227/208
f 595/151/132 640/196/177 647/205/186
f 647/205/186 614/169/150 595/151/132
f 616/172/578 654/215/608 653/214/607
f 653/214/607 619/175/581 616/172/578
f 658/219/612 617/174/580 655/216/609
f 617/174/580 618/173/579 655/216/609
f 653/214/607 594/149/564 619/175/581
f 653/214/607 638/194/595 594/149/564
f 655/216/609 618/173/579 641/199/597
f 618/173/579 592/148/563 641/199/597
f 442/240/424 672/241/426 658/219/612
f 617/174/580 658/219/612 672/241/426
f 672/241/426 673/242/428 617/174/580
f 673/242/428 616/172/578 617/174/580
f 673/242/428 446/243/430 616/172/578
f 446/243/430 654/215/608 616/172/578
f 446/243/430 674/244/417 624/180/584
f 624/180/584 654/215/608 446/243/430
f 624/180/584 674/244/417 675/245/418
f 675/245/418 626/181/585 624/180/584
f 626/181/585 675/245/418 650/210/603
f 675/245/418 676/246/419 650/210/603
f 650/210/603 676/246/419 445/247/429
f 445/247/429 671/211/604 650/210/603
f 611/167/575 671/239/604 445/248/429
f 445/248/429 444/249/427 611/167/575
f 609/166/574 611/167/575 444/249/427
f 444/249/427 443/250/425 609/166/574
f 659/237/614 609/166/574 443/250/425
f 443/250/425 677/251/423 659/237/614
f 678/252/421 632/188/592 659/221/614
f 659/221/614 677/253/423 678/252/421
f 629/185/589 678/252/421 679/254/420
f 629/185/589 632/188/592 678/252/421
f 656/218/611 679/254/420 680/255/422
f 656/218/611 629/185/589 679/254/420
f 680/255/422 442/240/424 658/219/612
f 658/219/612 656/218/611 680/255/422
f 645/204/600 758/256/619 681/257/620
f 681/257/620 615/171/577 645/204/600
f 613/170/576 615/171/577 681/257/620
f 681/257/620 757/258/621 613/170/576
f 664/226/618 613/170/576 757/258/621
f 757/258/621 682/259/622 664/226/618
f 664/226/618 682/259/622 633/189/593
f 682/259/622 683/260/623 633/189/593
f 635/190/594 633/189/593 683/260/623
f 683/260/623 684/261/624 635/190/594
f 663/225/617 635/190/594 684/261/624
f 684/261/624 685/262/625 663/225/617
f 685/262/625 686/263/626 661/224/616
f 661/224/616 663/225/617 685/262/625
f 687/264/627 605/162/571 661/234/616
f 661/234/616 686/265/626 687/264/627
f 687/264/627 688/266/628 605/162/571
f 688/266/628 604/160/570 605/162/571
f 688/266/628 689/267/629 604/160/570
f 689/267/629 669/232/602 604/160/570
f 623/179/583 689/268/629 690/269/630
f 623/179/583 669/208/602 689/268/629
f 620/176/582 690/269/630 691/270/631
f 620/176/582 623/179/583 690/269/630
f 648/207/601 691/270/631 759/271/632
f 648/207/601 620/176/582 691/270/631
f 645/204/600 759/271/632 758/256/619
f 645/204/600 648/207/601 759/271/632
f 692/144/633 694/145/634 693/146/635
f 692/144/633 695/147/636 694/145/634
f 696/148/637 698/149/638 697/150/639
f 698/149/638 699/151/640 697/150/639
f 700/152/641 702/153/642 701/154/643
f 701/154/643 703/155/644 700/152/641
f 704/156/645 706/157/646 705/158/647
f 705/158/647 707/159/648 704/156/645
f 708/160/649 710/161/650 709/162/651
f 708/160/649 711/163/652 710/161/650
f 711/163/652 693/146/635 710/161/650
f 711/163/652 692/144/633 693/146/635
f 694/145/634 695/147/636 805/165/653
f 805/165/653 803/164/654 694/145/634
f 712/168/655 714/169/656 713/170/657
f 714/169/656 715/171/658 713/170/657
f 697/150/639 699/151/640 712/168/655
f 699/151/640 714/169/656 712/168/655
f 716/175/659 696/148/637 804/173/660
f 716/175/659 698/149/638 696/148/637
f 717/176/661 719/177/662 718/178/663
f 718/178/663 720/179/664 717/176/661
f 719/177/662 700/152/641 703/155/644
f 703/155/644 718/178/663 719/177/662
f 802/182/665 721/183/666 722/184/667
f 722/184/667 721/183/666 702/153/642
f 724/186/668 704/156/645 707/159/648
f 707/159/648 723/187/669 724/186/668
f 725/189/670 727/190/671 726/191/672
f 726/191/672 727/190/671 728/192/673
f 726/191/672 728/192/673 729/193/674
f 729/193/674 728/192/673 706/157/646
f 730/194/675 722/184/667 731/195/676
f 731/195/676 732/196/677 730/194/675
f 731/195/676 722/184/667 702/153/642
f 702/153/642 700/152/641 731/195/676
f 733/197/678 703/155/644 734/198/679
f 701/154/643 734/198/679 703/155/644
f 735/199/680 736/200/681 729/193/674
f 729/193/674 737/201/682 735/199/680
f 737/201/682 729/193/674 706/157/646
f 706/157/646 704/156/645 737/201/682
f 705/158/647 738/202/683 707/159/648
f 707/159/648 738/202/683 756/203/684
f 739/204/685 741/205/686 740/206/687
f 740/206/687 742/207/688 739/204/685
f 742/207/688 740/206/687 719/177/662
f 719/177/662 717/176/661 742/207/688
f 743/208/689 720/179/664 744/209/690
f 718/178/663 744/209/690 720/179/664
f 741/205/686 732/196/677 731/195/676
f 731/195/676 740/206/687 741/205/686
f 740/206/687 731/195/676 700/152/641
f 700/152/641 719/177/662 740/206/687
f 744/209/690 718/178/663 703/155/644
f 703/155/644 733/197/678 744/209/690
f 745/213/691 806/212/692 734/198/679
f 734/198/679 701/154/643 745/213/691
f 721/183/666 745/213/691 702/153/642
f 702/153/642 745/213/691 701/154/643
f 730/194/675 746/214/693 802/182/665
f 802/182/665 722/184/667 730/194/675
f 747/216/694 737/201/682 748/217/695
f 747/216/694 735/199/680 737/201/682
f 748/217/695 737/201/682 704/156/645
f 704/156/645 724/186/668 748/217/695
f 707/159/648 756/203/684 723/187/669
f 723/187/669 756/203/684 749/220/696
f 750/222/697 752/223/698 751/224/699
f 753/225/700 751/224/699 752/223/698
f 727/190/671 753/225/700 728/192/673
f 728/192/673 753/225/700 752/223/698
f 754/226/701 725/189/670 726/191/672
f 726/191/672 755/227/702 754/226/701
f 752/223/698 750/222/697 705/158/647
f 705/158/647 750/222/697 738/202/683
f 728/192/673 752/223/698 706/157/646
f 706/157/646 752/223/698 705/158/647
f 736/200/681 755/227/702 726/191/672
f 726/191/672 729/193/674 736/200/681
f 692/144/633 733/228/678 695/147/636
f 733/228/678 734/229/679 695/147/636
f 756/230/684 738/231/683 693/146/635
f 693/146/635 694/145/634 756/230/684
f 735/199/680 696/148/637 697/150/639
f 697/150/639 736/200/681 735/199/680
f 730/194/675 699/151/640 698/149/638
f 699/151/640 730/194/675 732/196/677
f 708/160/649 743/232/689 744/233/690
f 744/233/690 711/163/652 708/160/649
f 751/234/699 709/162/651 710/161/650
f 710/161/650 750/235/697 751/234/699
f 711/163/652 744/233/690 692/144/633
f 744/233/690 733/228/678 692/144/633
f 750/235/697 710/161/650 693/146/635
f 693/146/635 738/231/683 750/235/697
f 749/236/696 756/230/684 694/145/634
f 694/145/634 803/164/654 749/236/696
f 734/229/679 805/165/653 695/147/636
f 805/165/653 734/229/679 806/238/692
f 755/227/702 712/168/655 754/226/701
f 712/168/655 713/170/657 754/226/701
f 714/169/656 741/205/686 715/171/658
f 715/171/658 741/205/686 739/204/685
f 736/200/681 697/150/639 755/227/702
f 697/150/639 712/168/655 755/227/702
f 699/151/640 732/196/677 741/205/686
f 741/205/686 714/169/656 699/151/640
f 746/214/693 698/149/638 716/175/659
f 746/214/693 730/194/675 698/149/638
f 747/216/694 804/173/660 735/199/680
f 804/173/660 696/148/637 735/199/680
f 739/204/685 682/256/622 757/257/621
f 757/257/621 715/171/658 739/204/685
f 713/170/657 715/171/658 757/257/621
f 757/257/621 681/258/620 713/170/657
f 754/226/701 713/170/657 681/258/620
f 681/258/620 758/259/619 754/226/701
f 754/226/701 758/259/619 725/189/670
f 758/259/619 759/260/632 725/189/670
f 727/190/671 725/189/670 759/260/632
f 759/260/632 691/261/631 727/190/671
f 753/225/700 727/190/671 691/261/631
f 691/261/631 690/262/630 753/225/700
f 690/262/630 689/263/629 751/224/699
f 751/224/699 753/225/700 690/262/630
f 688/264/628 709/162/651 751/234/699
f 751/234/699 689/265/629 688/264/628
f 688/264/628 687/266/627 709/162/651
f 687/266/627 708/160/649 709/162/651
f 687/266/627 686/267/626 708/160/649
f 686/267/626 743/232/689 708/160/649
f 720/179/664 686/268/626 685/269/625
f 720/179/664 743/208/689 686/268/626
f 717/176/661 685/269/625 684/270/624
f 717/176/661 720/179/664 685/269/625
f 742/207/688 684/270/624 683/271/623
f 742/207/688 717/176/661 684/270/624
f 739/204/685 683/271/623 682/256/622
f 739/204/685 742/207/688 683/271/623
f 760/39/271 761/38/703 800/273/704
f 800/273/704 762/274/705 760/39/271
f 763/36/706 801/37/707 761/38/703
f 761/38/703 760/39/271 763/36/706
f 764/44/280 760/39/271 762/274/705
f 762/274/705 765/275/708 764/44/280
f 766/43/282 763/36/706 760/39/271
f 760/39/271 764/44/280 766/43/282
f 767/49/286 764/44/280 780/276/709
f 764/44/280 765/275/708 780/276/709
f 784/48/288 766/43/282 767/49/286
f 766/43/282 764/44/280 767/49/286
f 768/277/710 770/278/711 769/56/297
f 770/278/711 771/57/298 769/56/297
f 769/56/297 771/57/298 772/58/299
f 772/58/299 773/59/300 769/56/297
f 770/278/711 774/279/712 771/57/298
f 774/279/712 775/63/305 771/57/298
f 771/57/298 775/63/305 772/58/299
f 775/63/305 776/64/306 772/58/299
f 774/279/712 778/280/713 777/68/311
f 777/68/311 775/63/305 774/279/712
f 775/63/305 777/68/311 776/64/306
f 777/68/311 779/69/714 776/64/306
f 780/281/709 782/282/715 781/79/317
f 781/79/317 767/78/286 780/281/709
f 783/76/318 784/77/288 767/78/286
f 767/78/286 781/79/317 783/76/318
f 782/282/715 785/283/716 781/79/317
f 786/84/323 781/79/317 785/283/716
f 787/83/324 783/76/318 781/79/317
f 781/79/317 786/84/323 787/83/324
f 785/283/716 788/284/717 786/84/323
f 789/89/329 786/84/323 788/284/717
f 790/88/330 787/83/324 789/89/329
f 789/89/329 787/83/324 786/84/323
f 788/284/717 768/277/710 789/89/329
f 769/56/297 789/89/329 768/277/710
f 789/89/329 769/56/297 790/88/330
f 773/59/300 790/88/330 769/56/297
f 777/68/311 778/280/713 791/285/718
f 791/285/718 792/95/335 777/68/311
f 777/68/311 792/95/335 793/96/719
f 793/96/719 779/69/714 777/68/311
f 792/95/335 791/285/718 794/286/720
f 794/286/720 795/101/341 792/95/335
f 792/95/335 795/101/341 796/102/721
f 796/102/721 793/96/719 792/95/335
f 795/101/341 794/286/720 797/287/722
f 797/287/722 798/111/347 795/101/341
f 796/102/721 795/101/341 798/111/347
f 798/111/347 799/112/723 796/102/721
f 798/111/347 797/287/722 800/288/704
f 800/288/704 761/120/703 798/111/347
f 799/112/723 798/111/347 761/120/703
f 761/120/703 801/121/707 799/112/723
f 802/289/665 788/284/717 785/283/716
f 785/283/716 721/290/666 802/289/665
f 721/290/666 785/283/716 782/282/715
f 782/282/715 745/291/691 721/290/666
f 724/292/668 723/293/669 794/286/720
f 794/286/720 723/293/669 797/287/722
f 748/294/695 724/292/668 791/285/718
f 791/285/718 724/292/668 794/286/720
f 723/293/669 749/295/696 800/288/704
f 800/288/704 797/287/722 723/293/669
f 747/296/694 748/294/695 778/280/713
f 778/280/713 748/294/695 791/285/718
f 762/274/705 800/273/704 803/297/654
f 800/273/704 749/298/696 803/297/654
f 804/299/660 747/296/694 778/280/713
f 778/280/713 774/279/712 804/299/660
f 765/275/708 762/274/705 803/297/654
f 803/297/654 805/300/653 765/275/708
f 804/299/660 770/278/711 716/301/659
f 804/299/660 774/279/712 770/278/711
f 780/276/709 765/275/708 806/302/692
f 765/275/708 805/300/653 806/302/692
f 746/303/693 716/301/659 770/278/711
f 770/278/711 768/277/710 746/303/693
f 782/282/715 780/281/709 806/304/692
f 806/304/692 745/291/691 782/282/715
f 746/303/693 768/277/710 788/284/717
f 788/284/717 802/289/665 746/303/693
f 815/310/724 817/311/725 816/312/726
f 815/310/724 818/313/727 817/311/725
f 819/314/728 821/315/729 820/316/730
f 821/315/729 822/317/731 820/316/730
f 823/318/732 825/319/733 824/320/734
f 824/320/734 826/321/735 823/318/732
f 827/322/736 829/323/737 828/324/738
f 828/324/738 830/325/739 827/322/736
f 831/326/740 833/327/741 832/328/742
f 831/326/740 834/329/743 833/327/741
f 834/329/743 816/312/726 833/327/741
f 834/329/743 815/310/724 816/312/726
f 817/311/725 818/313/727 835/330/744
f 835/330/744 896/331/745 817/311/725
f 836/332/746 838/333/747 837/334/748
f 837/334/748 839/335/749 836/332/746
f 820/316/730 822/317/731 838/333/747
f 822/317/731 837/334/748 838/333/747
f 840/336/750 819/314/728 841/337/751
f 819/314/728 840/336/750 821/315/729
f 842/338/752 844/339/753 843/340/754
f 843/340/754 845/341/755 842/338/752
f 844/339/753 823/318/732 826/321/735
f 826/321/735 843/340/754 844/339/753
f 846/342/756 847/343/757 825/319/733
f 825/319/733 848/344/758 846/342/756
f 827/322/736 830/325/739 849/345/759
f 849/345/759 850/346/760 827/322/736
f 851/347/761 853/348/762 852/349/763
f 852/349/763 853/348/762 854/350/764
f 852/349/763 854/350/764 855/351/765
f 855/351/765 854/350/764 829/323/737
f 856/352/766 848/344/758 857/353/767
f 857/353/767 858/354/768 856/352/766
f 857/353/767 848/344/758 825/319/733
f 825/319/733 823/318/732 857/353/767
f 859/355/769 826/321/735 879/356/770
f 824/320/734 879/356/770 826/321/735
f 860/357/771 861/358/772 855/351/765
f 855/351/765 862/359/773 860/357/771
f 862/359/773 855/351/765 829/323/737
f 829/323/737 827/322/736 862/359/773
f 828/324/738 880/360/774 830/325/739
f 830/325/739 880/360/774 863/361/775
f 864/362/776 866/363/777 865/364/778
f 865/364/778 867/365/779 864/362/776
f 867/365/779 865/364/778 844/339/753
f 844/339/753 842/338/752 867/365/779
f 868/366/780 845/341/755 869/367/781
f 843/340/754 869/367/781 845/341/755
f 866/363/777 858/354/768 857/353/767
f 857/353/767 865/364/778 866/363/777
f 865/364/778 857/353/767 823/318/732
f 823/318/732 844/339/753 865/364/778
f 869/367/781 843/340/754 826/321/735
f 826/321/735 859/355/769 869/367/781
f 879/356/770 824/320/734 883/368/782
f 870/369/783 883/368/782 824/320/734
f 847/343/757 870/369/783 825/319/733
f 825/319/733 870/369/783 824/320/734
f 848/344/758 856/352/766 871/370/784
f 871/370/784 846/342/756 848/344/758
f 872/371/785 873/372/786 860/357/771
f 860/357/771 862/359/773 872/371/785
f 872/371/785 862/359/773 827/322/736
f 827/322/736 850/346/760 872/371/785
f 830/325/739 863/361/775 882/373/787
f 882/373/787 849/345/759 830/325/739
f 874/374/788 875/375/789 881/376/790
f 876/377/791 881/376/790 875/375/789
f 853/348/762 876/377/791 854/350/764
f 854/350/764 876/377/791 875/375/789
f 877/378/792 851/347/761 852/349/763
f 852/349/763 878/379/793 877/378/792
f 875/375/789 874/374/788 828/324/738
f 828/324/738 874/374/788 880/360/774
f 854/350/764 875/375/789 829/323/737
f 829/323/737 875/375/789 828/324/738
f 861/358/772 878/379/793 852/349/763
f 852/349/763 855/351/765 861/358/772
f 815/310/724 859/380/769 818/313/727
f 859/380/769 879/381/770 818/313/727
f 863/382/775 880/383/774 816/312/726
f 816/312/726 817/311/725 863/382/775
f 860/357/771 819/314/728 820/316/730
f 820/316/730 861/358/772 860/357/771
f 856/352/766 822/317/731 821/315/729
f 822/317/731 856/352/766 858/354/768
f 831/326/740 868/384/780 869/385/781
f 869/385/781 834/329/743 831/326/740
f 881/386/790 832/328/742 833/327/741
f 833/327/741 874/387/788 881/386/790
f 834/329/743 869/385/781 815/310/724
f 869/385/781 859/380/769 815/310/724
f 874/387/788 833/327/741 816/312/726
f 816/312/726 880/383/774 874/387/788
f 863/382/775 817/311/725 882/388/787
f 817/311/725 896/331/745 882/388/787
f 818/313/727 879/381/770 883/389/782
f 883/389/782 835/330/744 818/313/727
f 877/378/792 878/379/793 838/333/747
f 838/333/747 836/332/746 877/378/792
f 837/334/748 866/363/777 839/335/749
f 839/335/749 866/363/777 864/362/776
f 861/358/772 820/316/730 878/379/793
f 820/316/730 838/333/747 878/379/793
f 822/317/731 858/354/768 866/363/777
f 866/363/777 837/334/748 822/317/731
f 871/370/784 821/315/729 840/336/750
f 821/315/729 871/370/784 856/352/766
f 873/372/786 841/337/751 819/314/728
f 819/314/728 860/357/771 873/372/786
f 864/362/776 885/390/794 884/391/795
f 884/391/795 839/335/749 864/362/776
f 836/332/746 839/335/749 884/391/795
f 884/391/795 886/392/796 836/332/746
f 877/378/792 836/332/746 886/392/796
f 886/392/796 887/393/797 877/378/792
f 877/378/792 887/393/797 851/347/761
f 887/393/797 888/394/798 851/347/761
f 853/348/762 851/347/761 888/394/798
f 888/394/798 1081/395/799 853/348/762
f 853/348/762 1081/395/799 876/377/791
f 1081/395/799 1080/396/800 876/377/791
f 1080/396/800 1079/397/801 881/376/790
f 881/376/790 876/377/791 1080/396/800
f 889/398/802 832/328/742 881/386/790
f 881/386/790 1079/399/801 889/398/802
f 889/398/802 890/400/803 832/328/742
f 890/400/803 831/326/740 832/328/742
f 890/400/803 892/401/804 831/326/740
f 892/401/804 868/384/780 831/326/740
f 845/341/755 892/402/804 891/403/805
f 845/341/755 868/366/780 892/402/804
f 842/338/752 891/403/805 893/404/806
f 842/338/752 845/341/755 891/403/805
f 867/365/779 893/404/806 894/405/807
f 867/365/779 842/338/752 893/404/806
f 864/362/776 894/405/807 885/390/794
f 864/362/776 867/365/779 894/405/807
f 849/345/759 882/373/787 895/406/808
f 895/406/808 882/373/787 896/407/745
f 850/346/760 849/345/759 897/408/809
f 897/408/809 849/345/759 895/406/808
f 872/371/785 850/346/760 898/409/810
f 898/409/810 850/346/760 897/408/809
f 873/372/786 872/371/785 898/409/810
f 899/410/811 895/406/808 896/407/745
f 896/407/745 835/411/744 899/410/811
f 900/412/812 897/408/809 895/406/808
f 895/406/808 899/410/811 900/412/812
f 901/413/813 898/409/810 897/408/809
f 897/408/809 900/412/812 901/413/813
f 841/337/751 873/372/786 901/413/813
f 873/372/786 898/409/810 901/413/813
f 870/369/783 899/410/811 835/411/744
f 835/411/744 883/368/782 870/369/783
f 847/343/757 900/412/812 899/410/811
f 899/410/811 870/369/783 847/343/757
f 846/342/756 901/413/813 900/412/812
f 900/412/812 847/343/757 846/342/756
f 846/342/756 871/370/784 840/336/750
f 840/336/750 841/337/751 901/413/813
f 901/413/813 846/342/756 840/336/750
f 902/310/814 903/312/815 904/311/816
f 902/310/814 904/311/816 905/313/817
f 906/314/818 907/316/819 908/315/820
f 908/315/820 907/316/819 909/317/821
f 910/318/822 911/320/823 912/319/824
f 911/320/823 910/318/822 913/321/825
f 914/322/826 915/324/827 916/323/828
f 915/324/827 914/322/826 917/325/829
f 918/326/830 919/328/831 920/327/832
f 918/326/830 920/327/832 921/329/833
f 921/329/833 920/327/832 903/312/815
f 921/329/833 903/312/815 902/310/814
f 904/311/816 922/330/834 905/313/817
f 922/330/834 904/311/816 981/331/835
f 923/332/836 924/334/837 925/333/838
f 924/334/837 923/332/836 926/335/839
f 907/316/819 925/333/838 909/317/821
f 909/317/821 925/333/838 924/334/837
f 927/336/840 928/337/841 906/314/818
f 906/314/818 908/315/820 927/336/840
f 929/338/842 930/340/843 931/339/844
f 930/340/843 929/338/842 932/341/845
f 931/339/844 913/321/825 910/318/822
f 913/321/825 931/339/844 930/340/843
f 933/342/846 912/319/824 934/343/847
f 912/319/824 933/342/846 935/344/848
f 914/322/826 936/345/849 917/325/829
f 936/345/849 914/322/826 937/346/850
f 938/347/851 939/349/852 940/348/853
f 939/349/852 941/350/854 940/348/853
f 939/349/852 942/351/855 941/350/854
f 942/351/855 916/323/828 941/350/854
f 943/352/856 944/353/857 935/344/848
f 944/353/857 943/352/856 945/354/858
f 944/353/857 912/319/824 935/344/848
f 912/319/824 944/353/857 910/318/822
f 946/355/859 966/356/860 913/321/825
f 911/320/823 913/321/825 966/356/860
f 947/357/861 942/351/855 948/358/862
f 942/351/855 947/357/861 949/359/863
f 949/359/863 916/323/828 942/351/855
f 916/323/828 949/359/863 914/322/826
f 915/324/827 917/325/829 967/360/864
f 917/325/829 950/361/865 967/360/864
f 951/362/866 952/364/867 953/363/868
f 952/364/867 951/362/866 954/365/869
f 954/365/869 931/339/844 952/364/867
f 931/339/844 954/365/869 929/338/842
f 955/366/870 956/367/871 932/341/845
f 930/340/843 932/341/845 956/367/871
f 953/363/868 944/353/857 945/354/858
f 944/353/857 953/363/868 952/364/867
f 952/364/867 910/318/822 944/353/857
f 910/318/822 952/364/867 931/339/844
f 956/367/871 913/321/825 930/340/843
f 913/321/825 956/367/871 946/355/859
f 966/356/860 970/368/872 911/320/823
f 957/369/873 911/320/823 970/368/872
f 934/343/847 912/319/824 957/369/873
f 912/319/824 911/320/823 957/369/873
f 935/344/848 958/370/874 943/352/856
f 958/370/874 935/344/848 933/342/846
f 959/371/875 947/357/861 960/372/876
f 947/357/861 959/371/875 949/359/863
f 959/371/875 914/322/826 949/359/863
f 914/322/826 959/371/875 937/346/850
f 917/325/829 969/373/877 950/361/865
f 969/373/877 917/325/829 936/345/849
f 961/374/878 968/376/879 962/375/880
f 963/377/881 962/375/880 968/376/879
f 940/348/853 941/350/854 963/377/881
f 941/350/854 962/375/880 963/377/881
f 964/378/882 939/349/852 938/347/851
f 939/349/852 964/378/882 965/379/883
f 962/375/880 915/324/827 961/374/878
f 915/324/827 967/360/864 961/374/878
f 941/350/854 916/323/828 962/375/880
f 916/323/828 915/324/827 962/375/880
f 948/358/862 939/349/852 965/379/883
f 939/349/852 948/358/862 942/351/855
f 902/310/814 905/313/817 946/380/859
f 946/380/859 905/313/817 966/381/860
f 950/382/865 903/312/815 967/383/864
f 903/312/815 950/382/865 904/311/816
f 947/357/861 907/316/819 906/314/818
f 907/316/819 947/357/861 948/358/862
f 943/352/856 908/315/820 909/317/821
f 909/317/821 945/354/858 943/352/856
f 918/326/830 956/385/871 955/384/870
f 956/385/871 918/326/830 921/329/833
f 968/386/879 920/327/832 919/328/831
f 920/327/832 968/386/879 961/387/878
f 921/329/833 902/310/814 956/385/871
f 956/385/871 902/310/814 946/380/859
f 961/387/878 903/312/815 920/327/832
f 903/312/815 961/387/878 967/383/864
f 950/382/865 969/388/877 904/311/816
f 904/311/816 969/388/877 981/331/835
f 905/313/817 970/389/872 966/381/860
f 970/389/872 905/313/817 922/330/834
f 964/378/882 925/333/838 965/379/883
f 925/333/838 964/378/882 923/332/836
f 924/334/837 926/335/839 953/363/868
f 926/335/839 951/362/866 953/363/868
f 948/358/862 965/379/883 907/316/819
f 907/316/819 965/379/883 925/333/838
f 909/317/821 953/363/868 945/354/858
f 953/363/868 909/317/821 924/334/837
f 958/370/874 927/336/840 908/315/820
f 908/315/820 943/352/856 958/370/874
f 960/372/876 906/314/818 928/337/841
f 906/314/818 960/372/876 947/357/861
f 951/362/866 971/391/547 583/390/548
f 971/391/547 951/362/866 926/335/839
f 923/332/836 971/391/547 926/335/839
f 971/391/547 923/332/836 584/392/549
f 964/378/882 584/392/549 923/332/836
f 584/392/549 964/378/882 585/393/550
f 964/378/882 938/347/851 585/393/550
f 585/393/550 938/347/851 972/394/551
f 940/348/853 972/394/551 938/347/851
f 972/394/551 940/348/853 973/395/552
f 940/348/853 963/377/881 973/395/552
f 973/395/552 963/377/881 974/396/553
f 974/396/553 968/376/879 975/397/554
f 968/376/879 974/396/553 963/377/881
f 976/398/555 968/386/879 919/328/831
f 968/386/879 976/398/555 975/399/554
f 976/398/555 919/328/831 977/400/556
f 977/400/556 919/328/831 918/326/830
f 977/400/556 918/326/830 979/401/557
f 979/401/557 918/326/830 955/384/870
f 932/341/845 978/403/558 979/402/557
f 932/341/845 979/402/557 955/366/870
f 929/338/842 586/404/559 978/403/558
f 929/338/842 978/403/558 932/341/845
f 954/365/869 587/405/560 586/404/559
f 954/365/869 586/404/559 929/338/842
f 951/362/866 583/390/548 587/405/560
f 951/362/866 587/405/560 954/365/869
f 936/345/849 980/406/884 969/373/877
f 980/406/884 981/407/835 969/373/877
f 937/346/850 982/408/885 936/345/849
f 982/408/885 980/406/884 936/345/849
f 959/371/875 983/409/886 937/346/850
f 983/409/886 982/408/885 937/346/850
f 960/372/876 983/409/886 959/371/875
f 984/410/887 981/407/835 980/406/884
f 981/407/835 984/410/887 922/411/834
f 985/412/888 980/406/884 982/408/885
f 980/406/884 985/412/888 984/410/887
f 986/413/889 982/408/885 983/409/886
f 982/408/885 986/413/889 985/412/888
f 928/337/841 986/413/889 960/372/876
f 960/372/876 986/413/889 983/409/886
f 957/369/873 922/411/834 984/410/887
f 922/411/834 957/369/873 970/368/872
f 934/343/847 984/410/887 985/412/888
f 984/410/887 934/343/847 957/369/873
f 933/342/846 985/412/888 986/413/889
f 985/412/888 933/342/846 934/343/847
f 933/342/846 927/336/840 958/370/874
f 927/336/840 986/413/889 928/337/841
f 986/413/889 927/336/840 933/342/846
f 987/414/890 989/415/891 988/416/892
f 988/416/892 990/417/893 987/414/890
f 987/414/890 992/418/894 991/419/895
f 987/414/890 990/417/893 992/418/894
f 992/418/894 994/420/896 993/421/897
f 993/421/897 991/419/895 992/418/894
f 1013/422/898 1014/423/899 995/424/900
f 995/424/900 996/425/901 1013/422/898
f 995/424/900 997/426/902 996/425/901
f 997/426/902 998/427/903 996/425/901
f 997/426/902 999/428/904 998/427/903
f 999/428/904 1000/429/905 998/427/903
f 999/430/904 1001/431/906 1000/432/905
f 1002/433/907 1000/432/905 1001/431/906
f 1001/431/906 1003/434/908 1002/433/907
f 1004/435/909 1002/433/907 1003/434/908
f 1005/436/910 1006/437/911 1004/435/909
f 1004/435/909 1003/434/908 1005/436/910
f 989/415/891 1006/437/911 988/416/892
f 988/416/892 1006/437/911 1005/436/910
f 994/420/896 1007/438/912 993/421/897
f 994/420/896 1008/439/913 1007/438/912
f 1008/439/913 1009/440/914 1007/438/912
f 1008/439/913 1010/441/915 1009/440/914
f 1010/441/915 1011/442/916 1009/440/914
f 1010/441/915 1012/443/917 1011/442/916
f 1012/443/917 1013/444/898 1011/442/916
f 1012/443/917 1014/445/899 1013/444/898
f 1015/446/918 1017/447/919 1016/448/920
f 1016/448/920 1018/449/921 1015/446/918
f 988/416/892 1015/446/918 990/417/893
f 988/416/892 1017/447/919 1015/446/918
f 1019/450/922 1021/451/923 1020/452/924
f 1021/451/923 1022/453/925 1020/452/924
f 1020/452/924 1022/453/925 987/414/890
f 1022/453/925 989/415/891 987/414/890
f 1015/446/918 1024/454/926 1023/455/927
f 1015/446/918 1018/449/921 1024/454/926
f 990/417/893 1023/455/927 992/418/894
f 990/417/893 1015/446/918 1023/455/927
f 1025/456/928 1019/450/922 1020/452/924
f 1020/452/924 1026/457/929 1025/456/928
f 1026/457/929 1020/452/924 987/414/890
f 987/414/890 991/419/895 1026/457/929
f 1027/458/930 1023/455/927 1024/454/926
f 1024/454/926 1028/459/931 1027/458/930
f 994/420/896 992/418/894 1027/458/930
f 1027/458/930 992/418/894 1023/455/927
f 1029/460/932 1025/456/928 1030/461/933
f 1025/456/928 1026/457/929 1030/461/933
f 1030/461/933 1026/457/929 991/419/895
f 991/419/895 993/421/897 1030/461/933
f 1031/462/934 1033/463/935 1032/464/936
f 1033/463/935 1034/465/937 1032/464/936
f 1032/464/936 1034/465/937 995/424/900
f 995/424/900 1014/423/899 1032/464/936
f 1035/466/938 1037/467/939 1036/468/940
f 1035/466/938 1038/469/941 1037/467/939
f 1013/422/898 996/425/901 1035/466/938
f 1035/466/938 1036/468/940 1013/422/898
f 1033/463/935 1040/470/942 1039/471/943
f 1039/471/943 1034/465/937 1033/463/935
f 1034/465/937 1039/471/943 997/426/902
f 997/426/902 995/424/900 1034/465/937
f 1041/472/944 1042/473/945 1035/466/938
f 1035/466/938 1042/473/945 1038/469/941
f 998/427/903 1035/466/938 996/425/901
f 998/427/903 1041/472/944 1035/466/938
f 1040/470/942 1043/474/946 1039/471/943
f 1046/475/947 1039/471/943 1043/474/946
f 1039/471/943 1046/475/947 997/426/902
f 1046/475/947 999/428/904 997/426/902
f 1044/476/948 1042/473/945 1041/472/944
f 1044/476/948 1045/477/949 1042/473/945
f 998/427/903 1000/429/905 1044/476/948
f 1044/476/948 1041/472/944 998/427/903
f 1043/478/946 1047/479/950 1046/480/947
f 1048/481/951 1046/480/947 1047/479/950
f 1046/480/947 1048/481/951 999/430/904
f 1048/481/951 1001/431/906 999/430/904
f 1049/482/952 1050/483/953 1045/484/949
f 1045/484/949 1044/485/948 1049/482/952
f 1002/433/907 1049/482/952 1044/485/948
f 1044/485/948 1000/432/905 1002/433/907
f 1047/479/950 1051/486/954 1048/481/951
f 1052/487/955 1048/481/951 1051/486/954
f 1048/481/951 1052/487/955 1001/431/906
f 1003/434/908 1001/431/906 1052/487/955
f 1053/488/956 1054/489/957 1050/483/953
f 1050/483/953 1049/482/952 1053/488/956
f 1004/435/909 1053/488/956 1049/482/952
f 1049/482/952 1002/433/907 1004/435/909
f 1051/486/954 1055/490/958 1052/487/955
f 1056/491/959 1052/487/955 1055/490/958
f 1056/491/959 1005/436/910 1003/434/908
f 1003/434/908 1052/487/955 1056/491/959
f 1057/492/960 1058/493/961 1054/489/957
f 1054/489/957 1053/488/956 1057/492/960
f 1006/437/911 1057/492/960 1053/488/956
f 1053/488/956 1004/435/909 1006/437/911
f 1055/490/958 1016/448/920 1056/491/959
f 1017/447/919 1056/491/959 1016/448/920
f 988/416/892 1005/436/910 1017/447/919
f 1017/447/919 1005/436/910 1056/491/959
f 1022/453/925 1021/451/923 1058/493/961
f 1058/493/961 1057/492/960 1022/453/925
f 989/415/891 1022/453/925 1057/492/960
f 1057/492/960 1006/437/911 989/415/891
f 1028/459/931 1059/494/962 1027/458/930
f 1028/459/931 1060/495/963 1059/494/962
f 1027/458/930 1008/439/913 994/420/896
f 1027/458/930 1059/494/962 1008/439/913
f 1030/461/933 1061/496/964 1029/460/932
f 1030/461/933 1062/497/965 1061/496/964
f 993/421/897 1062/497/965 1030/461/933
f 993/421/897 1007/438/912 1062/497/965
f 1060/495/963 1063/498/966 1059/494/962
f 1060/495/963 1064/499/967 1063/498/966
f 1059/494/962 1010/441/915 1008/439/913
f 1059/494/962 1063/498/966 1010/441/915
f 1062/497/965 1065/500/968 1061/496/964
f 1062/497/965 1066/501/969 1065/500/968
f 1007/438/912 1066/501/969 1062/497/965
f 1007/438/912 1009/440/914 1066/501/969
f 1064/499/967 1067/502/970 1063/498/966
f 1064/499/967 1068/503/971 1067/502/970
f 1063/498/966 1012/443/917 1010/441/915
f 1063/498/966 1067/502/970 1012/443/917
f 1066/501/969 1069/504/972 1065/500/968
f 1066/501/969 1070/505/973 1069/504/972
f 1009/440/914 1070/505/973 1066/501/969
f 1009/440/914 1011/442/916 1070/505/973
f 1068/503/971 1031/506/934 1032/507/936
f 1068/503/971 1032/507/936 1067/502/970
f 1067/502/970 1014/445/899 1012/443/917
f 1067/502/970 1032/507/936 1014/445/899
f 1036/508/940 1037/509/939 1070/505/973
f 1070/505/973 1037/509/939 1069/504/972
f 1011/442/916 1036/508/940 1070/505/973
f 1011/442/916 1013/444/898 1036/508/940
f 452/510/396 1071/511/355 1029/460/932
f 1025/456/928 1029/460/932 1071/511/355
f 1071/511/355 1072/512/354 1019/450/922
f 1019/450/922 1025/456/928 1071/511/355
f 1072/512/354 454/513/400 1019/450/922
f 454/513/400 1021/451/923 1019/450/922
f 1021/451/923 454/513/400 1073/514/434
f 1073/514/434 1058/493/961 1021/451/923
f 1058/493/961 1073/514/434 354/515/406
f 354/515/406 1054/489/957 1058/493/961
f 1054/489/957 354/515/406 453/516/415
f 453/516/415 1050/483/953 1054/489/957
f 1050/483/953 453/516/415 356/517/414
f 356/517/414 1045/484/949 1050/483/953
f 1042/473/945 1045/477/949 356/518/414
f 356/518/414 335/519/351 1042/473/945
f 1038/469/941 1042/473/945 335/519/351
f 1038/469/941 335/519/351 1075/520/356
f 1069/504/972 1075/521/356 1074/522/410
f 1069/504/972 1037/509/939 1075/521/356
f 1065/500/968 1074/522/410 355/523/409
f 1065/500/968 1069/504/972 1074/522/410
f 1061/496/964 355/523/409 1076/524/431
f 1061/496/964 1065/500/968 355/523/409
f 1029/460/932 1061/496/964 1076/524/431
f 1076/524/431 452/510/396 1029/460/932
f 1018/449/921 1016/448/920 1077/525/974
f 1077/525/974 886/526/975 1018/449/921
f 1024/454/926 1018/449/921 886/526/975
f 886/526/975 1078/527/976 1024/454/926
f 1024/454/926 1078/527/976 885/528/794
f 885/528/794 1028/459/931 1024/454/926
f 1060/495/963 885/528/794 894/529/807
f 885/528/794 1060/495/963 1028/459/931
f 893/530/806 1064/499/967 894/529/807
f 894/529/807 1064/499/967 1060/495/963
f 891/531/805 1068/503/971 893/530/806
f 893/530/806 1068/503/971 1064/499/967
f 891/531/805 1031/506/934 1068/503/971
f 891/531/805 892/532/804 1031/506/934
f 890/533/803 1033/463/935 892/534/804
f 892/534/804 1033/463/935 1031/462/934
f 890/533/803 889/535/802 1033/463/935
f 889/535/802 1040/470/942 1033/463/935
f 1040/470/942 889/535/802 1079/536/801
f 1079/536/801 1043/474/946 1040/470/942
f 1079/537/801 1080/538/800 1043/478/946
f 1047/479/950 1043/478/946 1080/538/800
f 1080/538/800 1081/539/799 1047/479/950
f 1051/486/954 1047/479/950 1081/539/799
f 1081/539/799 888/540/798 1051/486/954
f 1055/490/958 1051/486/954 888/540/798
f 888/540/798 1077/525/974 1055/490/958
f 1016/448/920 1055/490/958 1077/525/974
f 1082/144/977 1084/145/978 1083/146/979
f 1082/144/977 1085/147/980 1084/145/978
f 1086/148/981 1088/149/982 1087/150/983
f 1088/149/982 1089/151/984 1087/150/983
f 1090/152/985 1092/153/986 1091/154/987
f 1091/154/987 1093/155/988 1090/152/985
f 1094/156/989 1096/157/990 1095/158/991
f 1095/158/991 1097/159/992 1094/156/989
f 1098/160/993 1100/161/994 1099/162/995
f 1098/160/993 1101/163/996 1100/161/994
f 1101/163/996 1083/146/979 1100/161/994
f 1101/163/996 1082/144/977 1083/146/979
f 1102/164/997 1104/165/998 1103/166/999
f 1104/165/998 1105/167/1000 1103/166/999
f 1084/145/978 1085/147/980 1104/165/998
f 1104/165/998 1102/164/997 1084/145/978
f 1106/168/1001 1108/169/1002 1107/170/1003
f 1108/169/1002 1109/171/1004 1107/170/1003
f 1087/150/983 1089/151/984 1106/168/1001
f 1089/151/984 1108/169/1002 1106/168/1001
f 1110/172/1005 1112/173/1006 1111/174/1007
f 1110/172/1005 1113/175/1008 1112/173/1006
f 1113/175/1008 1086/148/981 1112/173/1006
f 1113/175/1008 1088/149/982 1086/148/981
f 1114/176/1009 1116/177/1010 1115/178/1011
f 1115/178/1011 1117/179/1012 1114/176/1009
f 1116/177/1010 1090/152/985 1093/155/988
f 1093/155/988 1115/178/1011 1116/177/1010
f 1118/180/1013 1120/181/1014 1119/182/1015
f 1119/182/1015 1120/181/1014 1121/183/1016
f 1119/182/1015 1121/183/1016 1122/184/1017
f 1122/184/1017 1121/183/1016 1092/153/986
f 1123/185/1018 1125/186/1019 1124/187/1020
f 1124/187/1020 1126/188/1021 1123/185/1018
f 1125/186/1019 1094/156/989 1097/159/992
f 1097/159/992 1124/187/1020 1125/186/1019
f 1127/189/1022 1129/190/1023 1128/191/1024
f 1128/191/1024 1129/190/1023 1130/192/1025
f 1128/191/1024 1130/192/1025 1131/193/1026
f 1131/193/1026 1130/192/1025 1096/157/990
f 1132/194/1027 1122/184/1017 1133/195/1028
f 1133/195/1028 1134/196/1029 1132/194/1027
f 1133/195/1028 1122/184/1017 1092/153/986
f 1092/153/986 1090/152/985 1133/195/1028
f 1160/197/1030 1093/155/988 1161/198/1031
f 1091/154/987 1161/198/1031 1093/155/988
f 1135/199/1032 1136/200/1033 1131/193/1026
f 1131/193/1026 1137/201/1034 1135/199/1032
f 1137/201/1034 1131/193/1026 1096/157/990
f 1096/157/990 1094/156/989 1137/201/1034
f 1095/158/991 1138/202/1035 1097/159/992
f 1097/159/992 1138/202/1035 1162/203/1036
f 1139/204/1037 1141/205/1038 1140/206/1039
f 1140/206/1039 1142/207/1040 1139/204/1037
f 1142/207/1040 1140/206/1039 1116/177/1010
f 1116/177/1010 1114/176/1009 1142/207/1040
f 1163/208/1041 1117/179/1012 1143/209/1042
f 1115/178/1011 1143/209/1042 1117/179/1012
f 1141/205/1038 1134/196/1029 1133/195/1028
f 1133/195/1028 1140/206/1039 1141/205/1038
f 1140/206/1039 1133/195/1028 1090/152/985
f 1090/152/985 1116/177/1010 1140/206/1039
f 1143/209/1042 1115/178/1011 1093/155/988
f 1093/155/988 1160/197/1030 1143/209/1042
f 1144/210/1043 1165/211/1044 1145/212/1045
f 1145/212/1045 1146/213/1046 1144/210/1043
f 1120/181/1014 1144/210/1043 1121/183/1016
f 1121/183/1016 1144/210/1043 1146/213/1046
f 1147/214/1047 1148/215/1048 1118/180/1013
f 1118/180/1013 1119/182/1015 1147/214/1047
f 1146/213/1046 1145/212/1045 1161/198/1031
f 1161/198/1031 1091/154/987 1146/213/1046
f 1121/183/1016 1146/213/1046 1092/153/986
f 1092/153/986 1146/213/1046 1091/154/987
f 1132/194/1027 1147/214/1047 1119/182/1015
f 1119/182/1015 1122/184/1017 1132/194/1027
f 1149/216/1049 1151/217/1050 1150/218/1051
f 1150/218/1051 1152/219/1052 1149/216/1049
f 1150/218/1051 1151/217/1050 1125/186/1019
f 1125/186/1019 1123/185/1018 1150/218/1051
f 1124/187/1020 1164/220/1053 1153/221/1054
f 1153/221/1054 1126/188/1021 1124/187/1020
f 1149/216/1049 1137/201/1034 1151/217/1050
f 1149/216/1049 1135/199/1032 1137/201/1034
f 1151/217/1050 1137/201/1034 1094/156/989
f 1094/156/989 1125/186/1019 1151/217/1050
f 1097/159/992 1162/203/1036 1124/187/1020
f 1124/187/1020 1162/203/1036 1164/220/1053
f 1154/222/1055 1156/223/1056 1155/224/1057
f 1157/225/1058 1155/224/1057 1156/223/1056
f 1129/190/1023 1157/225/1058 1130/192/1025
f 1130/192/1025 1157/225/1058 1156/223/1056
f 1158/226/1059 1127/189/1022 1128/191/1024
f 1128/191/1024 1159/227/1060 1158/226/1059
f 1156/223/1056 1154/222/1055 1095/158/991
f 1095/158/991 1154/222/1055 1138/202/1035
f 1130/192/1025 1156/223/1056 1096/157/990
f 1096/157/990 1156/223/1056 1095/158/991
f 1136/200/1033 1159/227/1060 1128/191/1024
f 1128/191/1024 1131/193/1026 1136/200/1033
f 1082/144/977 1160/228/1030 1085/147/980
f 1160/228/1030 1161/229/1031 1085/147/980
f 1162/230/1036 1138/231/1035 1083/146/979
f 1083/146/979 1084/145/978 1162/230/1036
f 1135/199/1032 1086/148/981 1087/150/983
f 1087/150/983 1136/200/1033 1135/199/1032
f 1132/194/1027 1089/151/984 1088/149/982
f 1089/151/984 1132/194/1027 1134/196/1029
f 1098/160/993 1163/232/1041 1143/233/1042
f 1143/233/1042 1101/163/996 1098/160/993
f 1155/234/1057 1099/162/995 1100/161/994
f 1100/161/994 1154/235/1055 1155/234/1057
f 1101/163/996 1143/233/1042 1082/144/977
f 1143/233/1042 1160/228/1030 1082/144/977
f 1154/235/1055 1100/161/994 1083/146/979
f 1083/146/979 1138/231/1035 1154/235/1055
f 1164/236/1053 1102/164/997 1153/237/1054
f 1102/164/997 1103/166/999 1153/237/1054
f 1104/165/998 1145/238/1045 1165/239/1044
f 1165/239/1044 1105/167/1000 1104/165/998
f 1164/236/1053 1162/230/1036 1084/145/978
f 1084/145/978 1102/164/997 1164/236/1053
f 1161/229/1031 1104/165/998 1085/147/980
f 1104/165/998 1161/229/1031 1145/238/1045
f 1159/227/1060 1106/168/1001 1158/226/1059
f 1106/168/1001 1107/170/1003 1158/226/1059
f 1108/169/1002 1141/205/1038 1109/171/1004
f 1109/171/1004 1141/205/1038 1139/204/1037
f 1136/200/1033 1087/150/983 1159/227/1060
f 1087/150/983 1106/168/1001 1159/227/1060
f 1089/151/984 1134/196/1029 1141/205/1038
f 1141/205/1038 1108/169/1002 1089/151/984
f 1110/172/1005 1148/215/1048 1147/214/1047
f 1147/214/1047 1113/175/1008 1110/172/1005
f 1152/219/1052 1111/174/1007 1149/216/1049
f 1111/174/1007 1112/173/1006 1149/216/1049
f 1147/214/1047 1088/149/982 1113/175/1008
f 1147/214/1047 1132/194/1027 1088/149/982
f 1149/216/1049 1112/173/1006 1135/199/1032
f 1112/173/1006 1086/148/981 1135/199/1032
f 1166/240/1061 1262/241/1062 1152/219/1052
f 1111/174/1007 1152/219/1052 1262/241/1062
f 1262/241/1062 1261/242/1063 1111/174/1007
f 1261/242/1063 1110/172/1005 1111/174/1007
f 1261/242/1063 1260/243/1064 1110/172/1005
f 1260/243/1064 1148/215/1048 1110/172/1005
f 1260/243/1064 1167/244/1065 1118/180/1013
f 1118/180/1013 1148/215/1048 1260/243/1064
f 1118/180/1013 1167/244/1065 1270/245/1066
f 1270/245/1066 1120/181/1014 1118/180/1013
f 1120/181/1014 1270/245/1066 1144/210/1043
f 1270/245/1066 1168/246/1067 1144/210/1043
f 1144/210/1043 1168/246/1067 1269/247/1068
f 1269/247/1068 1165/211/1044 1144/210/1043
f 1105/167/1000 1165/239/1044 1269/248/1068
f 1269/248/1068 1268/249/1069 1105/167/1000
f 1103/166/999 1105/167/1000 1268/249/1069
f 1268/249/1069 1267/250/1070 1103/166/999
f 1153/237/1054 1103/166/999 1267/250/1070
f 1267/250/1070 1266/251/1071 1153/237/1054
f 1265/252/1072 1126/188/1021 1153/221/1054
f 1153/221/1054 1266/253/1071 1265/252/1072
f 1123/185/1018 1265/252/1072 1264/254/1073
f 1123/185/1018 1126/188/1021 1265/252/1072
f 1150/218/1051 1264/254/1073 1263/255/1074
f 1150/218/1051 1123/185/1018 1264/254/1073
f 1263/255/1074 1166/240/1061 1152/219/1052
f 1152/219/1052 1150/218/1051 1263/255/1074
f 1139/204/1037 2161/256/1075 1169/257/1076
f 1169/257/1076 1109/171/1004 1139/204/1037
f 1107/170/1003 1109/171/1004 1169/257/1076
f 1169/257/1076 2160/258/1077 1107/170/1003
f 1158/226/1059 1107/170/1003 2160/258/1077
f 2160/258/1077 1170/259/1078 1158/226/1059
f 1158/226/1059 1170/259/1078 1127/189/1022
f 1170/259/1078 1171/260/1079 1127/189/1022
f 1129/190/1023 1127/189/1022 1171/260/1079
f 1171/260/1079 1172/261/1080 1129/190/1023
f 1157/225/1058 1129/190/1023 1172/261/1080
f 1172/261/1080 1173/262/1081 1157/225/1058
f 1173/262/1081 1174/263/1082 1155/224/1057
f 1155/224/1057 1157/225/1058 1173/262/1081
f 1175/264/1083 1099/162/995 1155/234/1057
f 1155/234/1057 1174/265/1082 1175/264/1083
f 1175/264/1083 2166/266/1084 1099/162/995
f 2166/266/1084 1098/160/993 1099/162/995
f 2166/266/1084 2165/267/1085 1098/160/993
f 2165/267/1085 1163/232/1041 1098/160/993
f 1117/179/1012 2165/268/1085 2164/269/1086
f 1117/179/1012 1163/208/1041 2165/268/1085
f 1114/176/1009 2164/269/1086 2163/270/1087
f 1114/176/1009 1117/179/1012 2164/269/1086
f 1142/207/1040 2163/270/1087 2162/271/1088
f 1142/207/1040 1114/176/1009 2163/270/1087
f 1139/204/1037 2162/271/1088 2161/256/1075
f 1139/204/1037 1142/207/1040 2162/271/1088
f 1176/144/1089 1178/145/1090 1177/146/1091
f 1176/144/1089 1179/147/1092 1178/145/1090
f 1180/148/1093 1182/149/1094 1181/150/1095
f 1182/149/1094 1183/151/1096 1181/150/1095
f 1184/152/1097 1186/153/1098 1185/154/1099
f 1185/154/1099 1187/155/1100 1184/152/1097
f 1188/156/1101 1190/157/1102 1189/158/1103
f 1189/158/1103 1191/159/1104 1188/156/1101
f 1192/160/1105 1194/161/1106 1193/162/1107
f 1192/160/1105 1195/163/1108 1194/161/1106
f 1195/163/1108 1177/146/1091 1194/161/1106
f 1195/163/1108 1176/144/1089 1177/146/1091
f 1196/164/1109 1198/165/1110 1197/166/1111
f 1198/165/1110 1199/167/1112 1197/166/1111
f 1178/145/1090 1179/147/1092 1198/165/1110
f 1198/165/1110 1196/164/1109 1178/145/1090
f 1200/168/1113 1202/169/1114 1201/170/1115
f 1202/169/1114 1203/171/1116 1201/170/1115
f 1181/150/1095 1183/151/1096 1200/168/1113
f 1183/151/1096 1202/169/1114 1200/168/1113
f 1204/172/1117 1206/173/1118 1205/174/1119
f 1204/172/1117 1207/175/1120 1206/173/1118
f 1207/175/1120 1180/148/1093 1206/173/1118
f 1207/175/1120 1182/149/1094 1180/148/1093
f 1208/176/1121 1210/177/1122 1209/178/1123
f 1209/178/1123 1211/179/1124 1208/176/1121
f 1210/177/1122 1184/152/1097 1187/155/1100
f 1187/155/1100 1209/178/1123 1210/177/1122
f 1212/180/1125 1214/181/1126 1213/182/1127
f 1213/182/1127 1214/181/1126 1215/183/1128
f 1213/182/1127 1215/183/1128 1216/184/1129
f 1216/184/1129 1215/183/1128 1186/153/1098
f 1217/185/1130 1219/186/1131 1218/187/1132
f 1218/187/1132 1220/188/1133 1217/185/1130
f 1219/186/1131 1188/156/1101 1191/159/1104
f 1191/159/1104 1218/187/1132 1219/186/1131
f 1221/189/1134 1223/190/1135 1222/191/1136
f 1222/191/1136 1223/190/1135 1224/192/1137
f 1222/191/1136 1224/192/1137 1225/193/1138
f 1225/193/1138 1224/192/1137 1190/157/1102
f 1226/194/1139 1216/184/1129 1227/195/1140
f 1227/195/1140 1228/196/1141 1226/194/1139
f 1227/195/1140 1216/184/1129 1186/153/1098
f 1186/153/1098 1184/152/1097 1227/195/1140
f 1254/197/1142 1187/155/1100 1255/198/1143
f 1185/154/1099 1255/198/1143 1187/155/1100
f 1229/199/1144 1230/200/1145 1225/193/1138
f 1225/193/1138 1231/201/1146 1229/199/1144
f 1231/201/1146 1225/193/1138 1190/157/1102
f 1190/157/1102 1188/156/1101 1231/201/1146
f 1189/158/1103 1232/202/1147 1191/159/1104
f 1191/159/1104 1232/202/1147 1256/203/1148
f 1233/204/1149 1235/205/1150 1234/206/1151
f 1234/206/1151 1236/207/1152 1233/204/1149
f 1236/207/1152 1234/206/1151 1210/177/1122
f 1210/177/1122 1208/176/1121 1236/207/1152
f 1257/208/1153 1211/179/1124 1237/209/1154
f 1209/178/1123 1237/209/1154 1211/179/1124
f 1235/205/1150 1228/196/1141 1227/195/1140
f 1227/195/1140 1234/206/1151 1235/205/1150
f 1234/206/1151 1227/195/1140 1184/152/1097
f 1184/152/1097 1210/177/1122 1234/206/1151
f 1237/209/1154 1209/178/1123 1187/155/1100
f 1187/155/1100 1254/197/1142 1237/209/1154
f 1238/210/1155 1259/211/1156 1239/212/1157
f 1239/212/1157 1240/213/1158 1238/210/1155
f 1214/181/1126 1238/210/1155 1215/183/1128
f 1215/183/1128 1238/210/1155 1240/213/1158
f 1241/214/1159 1242/215/1160 1212/180/1125
f 1212/180/1125 1213/182/1127 1241/214/1159
f 1240/213/1158 1239/212/1157 1255/198/1143
f 1255/198/1143 1185/154/1099 1240/213/1158
f 1215/183/1128 1240/213/1158 1186/153/1098
f 1186/153/1098 1240/213/1158 1185/154/1099
f 1226/194/1139 1241/214/1159 1213/182/1127
f 1213/182/1127 1216/184/1129 1226/194/1139
f 1243/216/1161 1245/217/1162 1244/218/1163
f 1244/218/1163 1246/219/1164 1243/216/1161
f 1244/218/1163 1245/217/1162 1219/186/1131
f 1219/186/1131 1217/185/1130 1244/218/1163
f 1218/187/1132 1258/220/1165 1247/221/1166
f 1247/221/1166 1220/188/1133 1218/187/1132
f 1243/216/1161 1231/201/1146 1245/217/1162
f 1243/216/1161 1229/199/1144 1231/201/1146
f 1245/217/1162 1231/201/1146 1188/156/1101
f 1188/156/1101 1219/186/1131 1245/217/1162
f 1191/159/1104 1256/203/1148 1218/187/1132
f 1218/187/1132 1256/203/1148 1258/220/1165
f 1248/222/1167 1250/223/1168 1249/224/1169
f 1251/225/1170 1249/224/1169 1250/223/1168
f 1223/190/1135 1251/225/1170 1224/192/1137
f 1224/192/1137 1251/225/1170 1250/223/1168
f 1252/226/1171 1221/189/1134 1222/191/1136
f 1222/191/1136 1253/227/1172 1252/226/1171
f 1250/223/1168 1248/222/1167 1189/158/1103
f 1189/158/1103 1248/222/1167 1232/202/1147
f 1224/192/1137 1250/223/1168 1190/157/1102
f 1190/157/1102 1250/223/1168 1189/158/1103
f 1230/200/1145 1253/227/1172 1222/191/1136
f 1222/191/1136 1225/193/1138 1230/200/1145
f 1176/144/1089 1254/228/1142 1179/147/1092
f 1254/228/1142 1255/229/1143 1179/147/1092
f 1256/230/1148 1232/231/1147 1177/146/1091
f 1177/146/1091 1178/145/1090 1256/230/1148
f 1229/199/1144 1180/148/1093 1181/150/1095
f 1181/150/1095 1230/200/1145 1229/199/1144
f 1226/194/1139 1183/151/1096 1182/149/1094
f 1183/151/1096 1226/194/1139 1228/196/1141
f 1192/160/1105 1257/232/1153 1237/233/1154
f 1237/233/1154 1195/163/1108 1192/160/1105
f 1249/234/1169 1193/162/1107 1194/161/1106
f 1194/161/1106 1248/235/1167 1249/234/1169
f 1195/163/1108 1237/233/1154 1176/144/1089
f 1237/233/1154 1254/228/1142 1176/144/1089
f 1248/235/1167 1194/161/1106 1177/146/1091
f 1177/146/1091 1232/231/1147 1248/235/1167
f 1258/236/1165 1196/164/1109 1247/237/1166
f 1196/164/1109 1197/166/1111 1247/237/1166
f 1198/165/1110 1239/238/1157 1259/239/1156
f 1259/239/1156 1199/167/1112 1198/165/1110
f 1258/236/1165 1256/230/1148 1178/145/1090
f 1178/145/1090 1196/164/1109 1258/236/1165
f 1255/229/1143 1198/165/1110 1179/147/1092
f 1198/165/1110 1255/229/1143 1239/238/1157
f 1253/227/1172 1200/168/1113 1252/226/1171
f 1200/168/1113 1201/170/1115 1252/226/1171
f 1202/169/1114 1235/205/1150 1203/171/1116
f 1203/171/1116 1235/205/1150 1233/204/1149
f 1230/200/1145 1181/150/1095 1253/227/1172
f 1181/150/1095 1200/168/1113 1253/227/1172
f 1183/151/1096 1228/196/1141 1235/205/1150
f 1235/205/1150 1202/169/1114 1183/151/1096
f 1204/172/1117 1242/215/1160 1241/214/1159
f 1241/214/1159 1207/175/1120 1204/172/1117
f 1246/219/1164 1205/174/1119 1243/216/1161
f 1205/174/1119 1206/173/1118 1243/216/1161
f 1241/214/1159 1182/149/1094 1207/175/1120
f 1241/214/1159 1226/194/1139 1182/149/1094
f 1243/216/1161 1206/173/1118 1229/199/1144
f 1206/173/1118 1180/148/1093 1229/199/1144
f 1260/240/1064 1261/241/1063 1246/219/1164
f 1205/174/1119 1246/219/1164 1261/241/1063
f 1261/241/1063 1262/242/1062 1205/174/1119
f 1262/242/1062 1204/172/1117 1205/174/1119
f 1262/242/1062 1166/243/1061 1204/172/1117
f 1166/243/1061 1242/215/1160 1204/172/1117
f 1166/243/1061 1263/244/1074 1212/180/1125
f 1212/180/1125 1242/215/1160 1166/243/1061
f 1212/180/1125 1263/244/1074 1264/245/1073
f 1264/245/1073 1214/181/1126 1212/180/1125
f 1214/181/1126 1264/245/1073 1238/210/1155
f 1264/245/1073 1265/246/1072 1238/210/1155
f 1238/210/1155 1265/246/1072 1266/247/1071
f 1266/247/1071 1259/211/1156 1238/210/1155
f 1199/167/1112 1259/239/1156 1266/248/1071
f 1266/248/1071 1267/249/1070 1199/167/1112
f 1197/166/1111 1199/167/1112 1267/249/1070
f 1267/249/1070 1268/250/1069 1197/166/1111
f 1247/237/1166 1197/166/1111 1268/250/1069
f 1268/250/1069 1269/251/1068 1247/237/1166
f 1168/252/1067 1220/188/1133 1247/221/1166
f 1247/221/1166 1269/253/1068 1168/252/1067
f 1217/185/1130 1168/252/1067 1270/254/1066
f 1217/185/1130 1220/188/1133 1168/252/1067
f 1244/218/1163 1270/254/1066 1167/255/1065
f 1244/218/1163 1217/185/1130 1270/254/1066
f 1167/255/1065 1260/240/1064 1246/219/1164
f 1246/219/1164 1244/218/1163 1167/255/1065
f 1233/204/1149 1361/256/1173 1271/257/1174
f 1271/257/1174 1203/171/1116 1233/204/1149
f 1201/170/1115 1203/171/1116 1271/257/1174
f 1271/257/1174 1272/258/1175 1201/170/1115
f 1252/226/1171 1201/170/1115 1272/258/1175
f 1272/258/1175 1360/259/1176 1252/226/1171
f 1252/226/1171 1360/259/1176 1221/189/1134
f 1360/259/1176 1368/260/1177 1221/189/1134
f 1223/190/1135 1221/189/1134 1368/260/1177
f 1368/260/1177 1367/261/1178 1223/190/1135
f 1251/225/1170 1223/190/1135 1367/261/1178
f 1367/261/1178 1366/262/1179 1251/225/1170
f 1366/262/1179 1365/263/1180 1249/224/1169
f 1249/224/1169 1251/225/1170 1366/262/1179
f 1273/264/1181 1193/162/1107 1249/234/1169
f 1249/234/1169 1365/265/1180 1273/264/1181
f 1273/264/1181 1364/266/1182 1193/162/1107
f 1364/266/1182 1192/160/1105 1193/162/1107
f 1364/266/1182 1363/267/1183 1192/160/1105
f 1363/267/1183 1257/232/1153 1192/160/1105
f 1211/179/1124 1363/268/1183 1274/269/1184
f 1211/179/1124 1257/208/1153 1363/268/1183
f 1208/176/1121 1274/269/1184 1362/270/1185
f 1208/176/1121 1211/179/1124 1274/269/1184
f 1236/207/1152 1362/270/1185 1275/271/1186
f 1236/207/1152 1208/176/1121 1362/270/1185
f 1233/204/1149 1275/271/1186 1361/256/1173
f 1233/204/1149 1236/207/1152 1275/271/1186
f 1276/144/1187 1278/145/1188 1277/146/1189
f 1276/144/1187 1279/147/1190 1278/145/1188
f 1280/148/1191 1282/149/1192 1281/150/1193
f 1282/149/1192 1283/151/1194 1281/150/1193
f 1284/152/1195 1286/153/1196 1285/154/1197
f 1285/154/1197 1287/155/1198 1284/152/1195
f 1288/156/1199 1290/157/1200 1289/158/1201
f 1289/158/1201 1291/159/1202 1288/156/1199
f 1292/160/1203 1294/161/1204 1293/162/1205
f 1292/160/1203 1295/163/1206 1294/161/1204
f 1295/163/1206 1277/146/1189 1294/161/1204
f 1295/163/1206 1276/144/1187 1277/146/1189
f 1296/164/1207 1298/165/1208 1297/166/1209
f 1298/165/1208 1299/167/1210 1297/166/1209
f 1278/145/1188 1279/147/1190 1298/165/1208
f 1298/165/1208 1296/164/1207 1278/145/1188
f 1300/168/1211 1302/169/1212 1301/170/1213
f 1302/169/1212 1303/171/1214 1301/170/1213
f 1281/150/1193 1283/151/1194 1300/168/1211
f 1283/151/1194 1302/169/1212 1300/168/1211
f 1304/172/1215 1306/173/1216 1305/174/1217
f 1304/172/1215 1307/175/1218 1306/173/1216
f 1307/175/1218 1280/148/1191 1306/173/1216
f 1307/175/1218 1282/149/1192 1280/148/1191
f 1308/176/1219 1310/177/1220 1309/178/1221
f 1309/178/1221 1311/179/1222 1308/176/1219
f 1310/177/1220 1284/152/1195 1287/155/1198
f 1287/155/1198 1309/178/1221 1310/177/1220
f 1312/180/1223 1314/181/1224 1313/182/1225
f 1313/182/1225 1314/181/1224 1315/183/1226
f 1313/182/1225 1315/183/1226 1316/184/1227
f 1316/184/1227 1315/183/1226 1286/153/1196
f 1317/185/1228 1319/186/1229 1318/187/1230
f 1318/187/1230 1320/188/1231 1317/185/1228
f 1319/186/1229 1288/156/1199 1291/159/1202
f 1291/159/1202 1318/187/1230 1319/186/1229
f 1321/189/1232 1323/190/1233 1322/191/1234
f 1322/191/1234 1323/190/1233 1324/192/1235
f 1322/191/1234 1324/192/1235 1325/193/1236
f 1325/193/1236 1324/192/1235 1290/157/1200
f 1326/194/1237 1316/184/1227 1327/195/1238
f 1327/195/1238 1328/196/1239 1326/194/1237
f 1327/195/1238 1316/184/1227 1286/153/1196
f 1286/153/1196 1284/152/1195 1327/195/1238
f 1353/197/1240 1287/155/1198 1354/198/1241
f 1285/154/1197 1354/198/1241 1287/155/1198
f 1329/199/1242 1330/200/1243 1325/193/1236
f 1325/193/1236 1331/201/1244 1329/199/1242
f 1331/201/1244 1325/193/1236 1290/157/1200
f 1290/157/1200 1288/156/1199 1331/201/1244
f 1289/158/1201 1332/202/1245 1291/159/1202
f 1291/159/1202 1332/202/1245 1355/203/1246
f 1333/204/1247 1335/205/1248 1334/206/1249
f 1334/206/1249 1336/207/1250 1333/204/1247
f 1336/207/1250 1334/206/1249 1310/177/1220
f 1310/177/1220 1308/176/1219 1336/207/1250
f 1356/208/1251 1311/179/1222 1337/209/1252
f 1309/178/1221 1337/209/1252 1311/179/1222
f 1335/205/1248 1328/196/1239 1327/195/1238
f 1327/195/1238 1334/206/1249 1335/205/1248
f 1334/206/1249 1327/195/1238 1284/152/1195
f 1284/152/1195 1310/177/1220 1334/206/1249
f 1337/209/1252 1309/178/1221 1287/155/1198
f 1287/155/1198 1353/197/1240 1337/209/1252
f 1338/210/1253 1358/211/1254 1339/212/1255
f 1339/212/1255 1340/213/1256 1338/210/1253
f 1314/181/1224 1338/210/1253 1315/183/1226
f 1315/183/1226 1338/210/1253 1340/213/1256
f 1341/214/1257 1342/215/1258 1312/180/1223
f 1312/180/1223 1313/182/1225 1341/214/1257
f 1340/213/1256 1339/212/1255 1354/198/1241
f 1354/198/1241 1285/154/1197 1340/213/1256
f 1315/183/1226 1340/213/1256 1286/153/1196
f 1286/153/1196 1340/213/1256 1285/154/1197
f 1326/194/1237 1341/214/1257 1313/182/1225
f 1313/182/1225 1316/184/1227 1326/194/1237
f 1343/216/1259 1345/217/1260 1344/218/1261
f 1344/218/1261 1359/219/1262 1343/216/1259
f 1344/218/1261 1345/217/1260 1319/186/1229
f 1319/186/1229 1317/185/1228 1344/218/1261
f 1318/187/1230 1357/220/1263 1346/221/1264
f 1346/221/1264 1320/188/1231 1318/187/1230
f 1343/216/1259 1331/201/1244 1345/217/1260
f 1343/216/1259 1329/199/1242 1331/201/1244
f 1345/217/1260 1331/201/1244 1288/156/1199
f 1288/156/1199 1319/186/1229 1345/217/1260
f 1291/159/1202 1355/203/1246 1318/187/1230
f 1318/187/1230 1355/203/1246 1357/220/1263
f 1347/222/1265 1349/223/1266 1348/224/1267
f 1350/225/1268 1348/224/1267 1349/223/1266
f 1323/190/1233 1350/225/1268 1324/192/1235
f 1324/192/1235 1350/225/1268 1349/223/1266
f 1351/226/1269 1321/189/1232 1322/191/1234
f 1322/191/1234 1352/227/1270 1351/226/1269
f 1349/223/1266 1347/222/1265 1289/158/1201
f 1289/158/1201 1347/222/1265 1332/202/1245
f 1324/192/1235 1349/223/1266 1290/157/1200
f 1290/157/1200 1349/223/1266 1289/158/1201
f 1330/200/1243 1352/227/1270 1322/191/1234
f 1322/191/1234 1325/193/1236 1330/200/1243
f 1276/144/1187 1353/228/1240 1279/147/1190
f 1353/228/1240 1354/229/1241 1279/147/1190
f 1355/230/1246 1332/231/1245 1277/146/1189
f 1277/146/1189 1278/145/1188 1355/230/1246
f 1329/199/1242 1280/148/1191 1281/150/1193
f 1281/150/1193 1330/200/1243 1329/199/1242
f 1326/194/1237 1283/151/1194 1282/149/1192
f 1283/151/1194 1326/194/1237 1328/196/1239
f 1292/160/1203 1356/232/1251 1337/233/1252
f 1337/233/1252 1295/163/1206 1292/160/1203
f 1348/234/1267 1293/162/1205 1294/161/1204
f 1294/161/1204 1347/235/1265 1348/234/1267
f 1295/163/1206 1337/233/1252 1276/144/1187
f 1337/233/1252 1353/228/1240 1276/144/1187
f 1347/235/1265 1294/161/1204 1277/146/1189
f 1277/146/1189 1332/231/1245 1347/235/1265
f 1357/236/1263 1296/164/1207 1346/237/1264
f 1296/164/1207 1297/166/1209 1346/237/1264
f 1298/165/1208 1339/238/1255 1358/239/1254
f 1358/239/1254 1299/167/1210 1298/165/1208
f 1357/236/1263 1355/230/1246 1278/145/1188
f 1278/145/1188 1296/164/1207 1357/236/1263
f 1354/229/1241 1298/165/1208 1279/147/1190
f 1298/165/1208 1354/229/1241 1339/238/1255
f 1352/227/1270 1300/168/1211 1351/226/1269
f 1300/168/1211 1301/170/1213 1351/226/1269
f 1302/169/1212 1335/205/1248 1303/171/1214
f 1303/171/1214 1335/205/1248 1333/204/1247
f 1330/200/1243 1281/150/1193 1352/227/1270
f 1281/150/1193 1300/168/1211 1352/227/1270
f 1283/151/1194 1328/196/1239 1335/205/1248
f 1335/205/1248 1302/169/1212 1283/151/1194
f 1304/172/1215 1342/215/1258 1341/214/1257
f 1341/214/1257 1307/175/1218 1304/172/1215
f 1359/219/1262 1305/174/1217 1343/216/1259
f 1305/174/1217 1306/173/1216 1343/216/1259
f 1341/214/1257 1282/149/1192 1307/175/1218
f 1341/214/1257 1326/194/1237 1282/149/1192
f 1343/216/1259 1306/173/1216 1329/199/1242
f 1306/173/1216 1280/148/1191 1329/199/1242
f 1333/204/1247 1360/256/1176 1272/257/1175
f 1272/257/1175 1303/171/1214 1333/204/1247
f 1301/170/1213 1303/171/1214 1272/257/1175
f 1272/257/1175 1271/258/1174 1301/170/1213
f 1351/226/1269 1301/170/1213 1271/258/1174
f 1271/258/1174 1361/259/1173 1351/226/1269
f 1351/226/1269 1361/259/1173 1321/189/1232
f 1361/259/1173 1275/260/1186 1321/189/1232
f 1323/190/1233 1321/189/1232 1275/260/1186
f 1275/260/1186 1362/261/1185 1323/190/1233
f 1350/225/1268 1323/190/1233 1362/261/1185
f 1362/261/1185 1274/262/1184 1350/225/1268
f 1274/262/1184 1363/263/1183 1348/224/1267
f 1348/224/1267 1350/225/1268 1274/262/1184
f 1364/264/1182 1293/162/1205 1348/234/1267
f 1348/234/1267 1363/265/1183 1364/264/1182
f 1364/264/1182 1273/266/1181 1293/162/1205
f 1273/266/1181 1292/160/1203 1293/162/1205
f 1273/266/1181 1365/267/1180 1292/160/1203
f 1365/267/1180 1356/232/1251 1292/160/1203
f 1311/179/1222 1365/268/1180 1366/269/1179
f 1311/179/1222 1356/208/1251 1365/268/1180
f 1308/176/1219 1366/269/1179 1367/270/1178
f 1308/176/1219 1311/179/1222 1366/269/1179
f 1336/207/1250 1367/270/1178 1368/271/1177
f 1336/207/1250 1308/176/1219 1367/270/1178
f 1333/204/1247 1368/271/1177 1360/256/1176
f 1333/204/1247 1336/207/1250 1368/271/1177
f 1369/541/1271 1371/542/1272 1370/543/1273
f 1371/542/1272 1372/544/1274 1370/543/1273
f 1371/542/1272 1374/545/1275 1373/546/1276
f 1373/546/1276 1372/544/1274 1371/542/1272
f 1374/545/1275 1375/547/1277 1373/546/1276
f 1375/547/1277 1384/548/1278 1373/546/1276
f 1376/549/1279 1378/550/1280 1377/551/1281
f 1376/549/1279 1379/552/1282 1378/550/1280
f 1377/551/1281 1381/553/1283 1380/554/1284
f 1377/551/1281 1378/550/1280 1381/553/1283
f 1380/554/1284 1383/555/1285 1382/556/1286
f 1380/554/1284 1381/553/1283 1383/555/1285
f 1375/557/1277 1385/558/1287 1384/559/1278
f 1386/560/1288 1384/559/1278 1385/558/1287
f 1385/558/1287 1387/561/1289 1386/560/1288
f 1388/562/1290 1386/560/1288 1387/561/1289
f 1387/561/1289 1389/563/1291 1388/562/1290
f 1390/564/1292 1388/562/1290 1389/563/1291
f 1389/563/1291 1379/552/1282 1390/564/1292
f 1376/549/1279 1390/564/1292 1379/552/1282
f 1383/555/1285 1391/565/1293 1382/556/1286
f 1383/555/1285 1392/566/1294 1391/565/1293
f 1392/566/1294 1393/567/1295 1391/565/1293
f 1392/566/1294 1394/568/1296 1393/567/1295
f 1394/568/1296 1395/569/1297 1393/567/1295
f 1394/568/1296 1396/570/1298 1395/569/1297
f 1397/571/1299 1369/572/1271 1396/570/1298
f 1397/571/1299 1402/573/1300 1369/572/1271
f 1493/574/1301 1399/575/1302 1398/576/1303
f 1398/576/1303 1492/577/1304 1493/574/1301
f 1492/577/1304 1398/576/1303 1400/578/1305
f 1400/578/1305 1494/579/1306 1492/577/1304
f 1494/579/1306 1400/578/1305 1401/580/1307
f 1401/580/1307 1402/581/1300 1494/579/1306
f 1402/581/1300 1401/580/1307 1369/541/1271
f 1401/580/1307 1371/542/1272 1369/541/1271
f 1403/582/1308 1405/583/1309 1404/584/1310
f 1403/582/1308 1406/585/1311 1405/583/1309
f 1407/586/1312 1408/587/1313 1404/584/1310
f 1404/584/1310 1408/587/1313 1403/582/1308
f 1370/543/1273 1372/544/1274 1407/586/1312
f 1407/586/1312 1372/544/1274 1408/587/1313
f 1399/575/1302 1410/588/1314 1409/589/1315
f 1409/589/1315 1398/576/1303 1399/575/1302
f 1398/576/1303 1409/589/1315 1411/590/1316
f 1411/590/1316 1400/578/1305 1398/576/1303
f 1400/578/1305 1411/590/1316 1412/591/1317
f 1412/591/1317 1401/580/1307 1400/578/1305
f 1401/580/1307 1412/591/1317 1374/545/1275
f 1374/545/1275 1371/542/1272 1401/580/1307
f 1413/592/1318 1406/585/1311 1403/582/1308
f 1413/592/1318 1414/593/1319 1406/585/1311
f 1408/587/1313 1415/594/1320 1403/582/1308
f 1403/582/1308 1415/594/1320 1413/592/1318
f 1372/544/1274 1373/546/1276 1408/587/1313
f 1408/587/1313 1373/546/1276 1415/594/1320
f 1410/588/1314 1416/595/1321 1449/596/1322
f 1449/596/1322 1409/589/1315 1410/588/1314
f 1409/589/1315 1449/596/1322 1417/597/1323
f 1417/597/1323 1411/590/1316 1409/589/1315
f 1411/590/1316 1417/597/1323 1418/598/1324
f 1418/598/1324 1412/591/1317 1411/590/1316
f 1412/591/1317 1418/598/1324 1374/545/1275
f 1375/547/1277 1374/545/1275 1418/598/1324
f 1419/599/1325 1414/593/1319 1413/592/1318
f 1419/599/1325 1420/600/1326 1414/593/1319
f 1415/594/1320 1457/601/1327 1413/592/1318
f 1413/592/1318 1457/601/1327 1419/599/1325
f 1373/546/1276 1384/548/1278 1415/594/1320
f 1415/594/1320 1384/548/1278 1457/601/1327
f 1421/602/1328 1423/603/1329 1422/604/1330
f 1422/604/1330 1424/605/1331 1421/602/1328
f 1425/606/1332 1426/607/1333 1421/602/1328
f 1421/602/1328 1426/607/1333 1423/603/1329
f 1427/608/1334 1428/609/1335 1425/606/1332
f 1425/606/1332 1428/609/1335 1426/607/1333
f 1379/552/1282 1427/608/1334 1378/550/1280
f 1379/552/1282 1428/609/1335 1427/608/1334
f 1429/610/1336 1431/611/1337 1430/612/1338
f 1430/612/1338 1432/613/1339 1429/610/1336
f 1429/610/1336 1432/613/1339 1433/614/1340
f 1433/614/1340 1434/615/1341 1429/610/1336
f 1434/615/1341 1433/614/1340 1376/549/1279
f 1376/549/1279 1377/551/1281 1434/615/1341
f 1421/602/1328 1436/616/1342 1435/617/1343
f 1421/602/1328 1424/605/1331 1436/616/1342
f 1437/618/1344 1425/606/1332 1435/617/1343
f 1435/617/1343 1425/606/1332 1421/602/1328
f 1438/619/1345 1427/608/1334 1437/618/1344
f 1437/618/1344 1427/608/1334 1425/606/1332
f 1378/550/1280 1438/619/1345 1381/553/1283
f 1378/550/1280 1427/608/1334 1438/619/1345
f 1439/620/1346 1431/611/1337 1429/610/1336
f 1429/610/1336 1440/621/1347 1439/620/1346
f 1440/621/1347 1429/610/1336 1434/615/1341
f 1434/615/1341 1441/622/1348 1440/621/1347
f 1441/622/1348 1434/615/1341 1377/551/1281
f 1377/551/1281 1380/554/1284 1441/622/1348
f 1435/617/1343 1443/623/1349 1442/624/1350
f 1435/617/1343 1436/616/1342 1443/623/1349
f 1444/625/1351 1437/618/1344 1442/624/1350
f 1442/624/1350 1437/618/1344 1435/617/1343
f 1445/626/1352 1438/619/1345 1444/625/1351
f 1444/625/1351 1438/619/1345 1437/618/1344
f 1381/553/1283 1445/626/1352 1383/555/1285
f 1381/553/1283 1438/619/1345 1445/626/1352
f 1446/627/1353 1439/620/1346 1440/621/1347
f 1440/621/1347 1447/628/1354 1446/627/1353
f 1447/628/1354 1440/621/1347 1441/622/1348
f 1441/622/1348 1448/629/1355 1447/628/1354
f 1448/629/1355 1441/622/1348 1380/554/1284
f 1380/554/1284 1382/556/1286 1448/629/1355
f 1416/630/1321 1450/631/1356 1449/632/1322
f 1451/633/1357 1449/632/1322 1450/631/1356
f 1449/632/1322 1451/633/1357 1417/634/1323
f 1452/635/1358 1417/634/1323 1451/633/1357
f 1417/634/1323 1452/635/1358 1418/636/1324
f 1453/637/1359 1418/636/1324 1452/635/1358
f 1418/636/1324 1453/637/1359 1375/557/1277
f 1385/558/1287 1375/557/1277 1453/637/1359
f 1454/638/1360 1455/639/1361 1420/640/1326
f 1420/640/1326 1419/641/1325 1454/638/1360
f 1456/642/1362 1454/638/1360 1419/641/1325
f 1419/641/1325 1457/643/1327 1456/642/1362
f 1386/560/1288 1456/642/1362 1457/643/1327
f 1457/643/1327 1384/559/1278 1386/560/1288
f 1450/631/1356 1458/644/1363 1451/633/1357
f 1459/645/1364 1451/633/1357 1458/644/1363
f 1451/633/1357 1459/645/1364 1452/635/1358
f 1460/646/1365 1452/635/1358 1459/645/1364
f 1452/635/1358 1460/646/1365 1453/637/1359
f 1461/647/1366 1453/637/1359 1460/646/1365
f 1453/637/1359 1461/647/1366 1385/558/1287
f 1387/561/1289 1385/558/1287 1461/647/1366
f 1462/648/1367 1463/649/1368 1455/639/1361
f 1455/639/1361 1454/638/1360 1462/648/1367
f 1462/648/1367 1456/642/1362 1464/650/1369
f 1462/648/1367 1454/638/1360 1456/642/1362
f 1388/562/1290 1464/650/1369 1456/642/1362
f 1456/642/1362 1386/560/1288 1388/562/1290
f 1458/644/1363 1465/651/1370 1459/645/1364
f 1466/652/1371 1459/645/1364 1465/651/1370
f 1459/645/1364 1466/652/1371 1460/646/1365
f 1467/653/1372 1460/646/1365 1466/652/1371
f 1460/646/1365 1467/653/1372 1461/647/1366
f 1468/654/1373 1461/647/1366 1467/653/1372
f 1461/647/1366 1468/654/1373 1387/561/1289
f 1389/563/1291 1387/561/1289 1468/654/1373
f 1469/655/1374 1470/656/1375 1463/649/1368
f 1463/649/1368 1462/648/1367 1469/655/1374
f 1469/655/1374 1464/650/1369 1471/657/1376
f 1469/655/1374 1462/648/1367 1464/650/1369
f 1471/657/1376 1464/650/1369 1388/562/1290
f 1388/562/1290 1390/564/1292 1471/657/1376
f 1465/651/1370 1422/604/1330 1466/652/1371
f 1423/603/1329 1466/652/1371 1422/604/1330
f 1466/652/1371 1423/603/1329 1467/653/1372
f 1426/607/1333 1467/653/1372 1423/603/1329
f 1467/653/1372 1426/607/1333 1468/654/1373
f 1428/609/1335 1468/654/1373 1426/607/1333
f 1468/654/1373 1428/609/1335 1389/563/1291
f 1379/552/1282 1389/563/1291 1428/609/1335
f 1432/613/1339 1430/612/1338 1470/656/1375
f 1470/656/1375 1469/655/1374 1432/613/1339
f 1432/613/1339 1471/657/1376 1433/614/1340
f 1432/613/1339 1469/655/1374 1471/657/1376
f 1433/614/1340 1471/657/1376 1390/564/1292
f 1390/564/1292 1376/549/1279 1433/614/1340
f 1443/623/1349 1472/658/1377 1442/624/1350
f 1443/623/1349 1473/659/1378 1472/658/1377
f 1442/624/1350 1472/658/1377 1474/660/1379
f 1442/624/1350 1474/660/1379 1444/625/1351
f 1444/625/1351 1474/660/1379 1475/661/1380
f 1444/625/1351 1475/661/1380 1445/626/1352
f 1445/626/1352 1392/566/1294 1383/555/1285
f 1445/626/1352 1475/661/1380 1392/566/1294
f 1447/628/1354 1476/662/1381 1446/627/1353
f 1447/628/1354 1477/663/1382 1476/662/1381
f 1447/628/1354 1448/629/1355 1478/664/1383
f 1478/664/1383 1477/663/1382 1447/628/1354
f 1448/629/1355 1382/556/1286 1391/565/1293
f 1391/565/1293 1478/664/1383 1448/629/1355
f 1473/659/1378 1479/665/1384 1472/658/1377
f 1473/659/1378 1480/666/1385 1479/665/1384
f 1472/658/1377 1479/665/1384 1481/667/1386
f 1472/658/1377 1481/667/1386 1474/660/1379
f 1474/660/1379 1482/668/1387 1475/661/1380
f 1474/660/1379 1481/667/1386 1482/668/1387
f 1475/661/1380 1394/568/1296 1392/566/1294
f 1475/661/1380 1482/668/1387 1394/568/1296
f 1477/663/1382 1483/669/1388 1476/662/1381
f 1477/663/1382 1484/670/1389 1483/669/1388
f 1477/663/1382 1478/664/1383 1485/671/1390
f 1485/671/1390 1484/670/1389 1477/663/1382
f 1478/664/1383 1391/565/1293 1393/567/1295
f 1393/567/1295 1485/671/1390 1478/664/1383
f 1480/666/1385 1486/672/1391 1479/665/1384
f 1480/666/1385 1487/673/1392 1486/672/1391
f 1479/665/1384 1488/674/1393 1481/667/1386
f 1479/665/1384 1486/672/1391 1488/674/1393
f 1481/667/1386 1397/571/1299 1482/668/1387
f 1481/667/1386 1488/674/1393 1397/571/1299
f 1482/668/1387 1396/570/1298 1394/568/1296
f 1482/668/1387 1397/571/1299 1396/570/1298
f 1484/670/1389 1489/675/1394 1483/669/1388
f 1484/670/1389 1490/676/1395 1489/675/1394
f 1484/670/1389 1485/671/1390 1491/677/1396
f 1491/677/1396 1490/676/1395 1484/670/1389
f 1485/671/1390 1393/567/1295 1395/569/1297
f 1395/569/1297 1491/677/1396 1485/671/1390
f 1490/676/1395 1405/678/1309 1489/675/1394
f 1490/676/1395 1404/679/1310 1405/678/1309
f 1404/679/1310 1490/676/1395 1491/677/1396
f 1491/677/1396 1407/680/1312 1404/679/1310
f 1491/677/1396 1395/569/1297 1407/680/1312
f 1395/569/1297 1370/681/1273 1407/680/1312
f 1396/570/1298 1370/681/1273 1395/569/1297
f 1396/570/1298 1369/572/1271 1370/681/1273
f 1487/673/1392 1492/682/1304 1486/672/1391
f 1487/673/1392 1493/683/1301 1492/682/1304
f 1486/672/1391 1494/684/1306 1488/674/1393
f 1486/672/1391 1492/682/1304 1494/684/1306
f 1488/674/1393 1402/573/1300 1397/571/1299
f 1488/674/1393 1494/684/1306 1402/573/1300
f 1495/685/1397 1439/620/1346 1496/686/1398
f 1496/686/1398 1439/620/1346 1446/627/1353
f 1497/687/1399 1431/611/1337 1439/620/1346
f 1439/620/1346 1495/685/1397 1497/687/1399
f 1497/687/1399 1651/688/1400 1430/612/1338
f 1430/612/1338 1431/611/1337 1497/687/1399
f 1430/612/1338 1651/688/1400 1652/689/1401
f 1652/689/1401 1470/656/1375 1430/612/1338
f 1470/656/1375 1652/689/1401 1653/690/1402
f 1653/690/1402 1463/649/1368 1470/656/1375
f 1463/649/1368 1653/690/1402 1654/691/1403
f 1654/691/1403 1455/639/1361 1463/649/1368
f 1455/639/1361 1654/691/1403 1656/692/1404
f 1656/692/1404 1420/640/1326 1455/639/1361
f 1414/593/1319 1420/600/1326 1656/693/1404
f 1656/693/1404 1655/694/1405 1414/593/1319
f 1406/585/1311 1414/593/1319 1655/694/1405
f 1655/694/1405 1498/695/1406 1406/585/1311
f 1406/585/1311 1499/696/1407 1405/583/1309
f 1406/585/1311 1498/695/1406 1499/696/1407
f 1489/675/1394 1499/697/1407 1500/698/1408
f 1489/675/1394 1405/678/1309 1499/697/1407
f 1483/669/1388 1500/698/1408 1501/699/1409
f 1483/669/1388 1489/675/1394 1500/698/1408
f 1476/662/1381 1501/699/1409 1502/700/1410
f 1476/662/1381 1483/669/1388 1501/699/1409
f 1446/627/1353 1502/700/1410 1496/686/1398
f 1446/627/1353 1476/662/1381 1502/700/1410
f 1422/604/1330 1503/701/1411 1424/605/1331
f 1503/701/1411 1422/604/1330 1504/702/1412
f 1436/616/1342 1424/605/1331 1503/701/1411
f 1503/701/1411 1505/703/1413 1436/616/1342
f 1436/616/1342 1505/703/1413 1506/704/1414
f 1506/704/1414 1443/623/1349 1436/616/1342
f 1506/704/1414 1473/659/1378 1443/623/1349
f 1506/704/1414 1507/705/1415 1473/659/1378
f 1507/705/1415 1480/666/1385 1473/659/1378
f 1507/705/1415 1508/706/1416 1480/666/1385
f 1508/706/1416 1487/673/1392 1480/666/1385
f 1508/706/1416 1509/707/1417 1487/673/1392
f 1509/707/1417 1493/683/1301 1487/673/1392
f 1509/707/1417 1511/708/1418 1493/683/1301
f 1510/709/1419 1399/575/1302 1511/710/1418
f 1511/710/1418 1399/575/1302 1493/574/1301
f 1512/711/1420 1410/588/1314 1399/575/1302
f 1399/575/1302 1510/709/1419 1512/711/1420
f 1512/711/1420 1513/712/1421 1410/588/1314
f 1513/712/1421 1416/595/1321 1410/588/1314
f 1513/713/1421 1514/714/1422 1416/630/1321
f 1450/631/1356 1416/630/1321 1514/714/1422
f 1514/714/1422 1515/715/1423 1450/631/1356
f 1458/644/1363 1450/631/1356 1515/715/1423
f 1515/715/1423 1516/716/1424 1458/644/1363
f 1465/651/1370 1458/644/1363 1516/716/1424
f 1516/716/1424 1504/702/1412 1465/651/1370
f 1422/604/1330 1465/651/1370 1504/702/1412
f 1517/541/1425 1518/543/1426 1519/542/1427
f 1519/542/1427 1518/543/1426 1520/544/1428
f 1519/542/1427 1521/546/1429 1522/545/1430
f 1521/546/1429 1519/542/1427 1520/544/1428
f 1522/545/1430 1521/546/1429 1523/547/1431
f 1523/547/1431 1521/546/1429 1532/548/1432
f 1524/549/1433 1525/551/1434 1526/550/1435
f 1524/549/1433 1526/550/1435 1527/552/1436
f 1525/551/1434 1528/554/1437 1529/553/1438
f 1525/551/1434 1529/553/1438 1526/550/1435
f 1528/554/1437 1530/556/1439 1531/555/1440
f 1528/554/1437 1531/555/1440 1529/553/1438
f 1523/557/1431 1532/559/1432 1533/558/1441
f 1534/560/1442 1533/558/1441 1532/559/1432
f 1533/558/1441 1534/560/1442 1535/561/1443
f 1536/562/1444 1535/561/1443 1534/560/1442
f 1535/561/1443 1536/562/1444 1537/563/1445
f 1538/564/1446 1537/563/1445 1536/562/1444
f 1537/563/1445 1538/564/1446 1527/552/1436
f 1524/549/1433 1527/552/1436 1538/564/1446
f 1531/555/1440 1530/556/1439 1539/565/1447
f 1531/555/1440 1539/565/1447 1540/566/1448
f 1540/566/1448 1539/565/1447 1541/567/1449
f 1540/566/1448 1541/567/1449 1542/568/1450
f 1542/568/1450 1541/567/1449 1543/569/1451
f 1542/568/1450 1543/569/1451 1544/570/1452
f 1545/571/1453 1544/570/1452 1517/572/1425
f 1545/571/1453 1517/572/1425 1550/573/1454
f 1641/574/1455 1546/576/1456 1547/575/1457
f 1546/576/1456 1641/574/1455 1640/577/1458
f 1640/577/1458 1548/578/1459 1546/576/1456
f 1548/578/1459 1640/577/1458 1642/579/1460
f 1642/579/1460 1549/580/1461 1548/578/1459
f 1549/580/1461 1642/579/1460 1550/581/1454
f 1550/581/1454 1517/541/1425 1549/580/1461
f 1549/580/1461 1517/541/1425 1519/542/1427
f 1551/582/1462 1552/584/1463 1553/583/1464
f 1551/582/1462 1553/583/1464 1554/585/1465
f 1555/586/1466 1552/584/1463 1556/587/1467
f 1552/584/1463 1551/582/1462 1556/587/1467
f 1518/543/1426 1555/586/1466 1520/544/1428
f 1555/586/1466 1556/587/1467 1520/544/1428
f 1547/575/1457 1557/589/1468 1558/588/1469
f 1557/589/1468 1547/575/1457 1546/576/1456
f 1546/576/1456 1559/590/1470 1557/589/1468
f 1559/590/1470 1546/576/1456 1548/578/1459
f 1548/578/1459 1560/591/1471 1559/590/1470
f 1560/591/1471 1548/578/1459 1549/580/1461
f 1549/580/1461 1522/545/1430 1560/591/1471
f 1522/545/1430 1549/580/1461 1519/542/1427
f 1561/592/1472 1551/582/1462 1554/585/1465
f 1561/592/1472 1554/585/1465 1562/593/1473
f 1556/587/1467 1551/582/1462 1563/594/1474
f 1551/582/1462 1561/592/1472 1563/594/1474
f 1520/544/1428 1556/587/1467 1521/546/1429
f 1556/587/1467 1563/594/1474 1521/546/1429
f 1558/588/1469 1597/596/1475 1564/595/1476
f 1597/596/1475 1558/588/1469 1557/589/1468
f 1557/589/1468 1565/597/1477 1597/596/1475
f 1565/597/1477 1557/589/1468 1559/590/1470
f 1559/590/1470 1566/598/1478 1565/597/1477
f 1566/598/1478 1559/590/1470 1560/591/1471
f 1560/591/1471 1522/545/1430 1566/598/1478
f 1523/547/1431 1566/598/1478 1522/545/1430
f 1567/599/1479 1561/592/1472 1562/593/1473
f 1567/599/1479 1562/593/1473 1568/600/1480
f 1563/594/1474 1561/592/1472 1605/601/1481
f 1561/592/1472 1567/599/1479 1605/601/1481
f 1521/546/1429 1563/594/1474 1532/548/1432
f 1563/594/1474 1605/601/1481 1532/548/1432
f 1569/602/1482 1570/604/1483 1571/603/1484
f 1570/604/1483 1569/602/1482 1572/605/1485
f 1573/606/1486 1569/602/1482 1574/607/1487
f 1569/602/1482 1571/603/1484 1574/607/1487
f 1575/608/1488 1573/606/1486 1576/609/1489
f 1573/606/1486 1574/607/1487 1576/609/1489
f 1527/552/1436 1526/550/1435 1575/608/1488
f 1527/552/1436 1575/608/1488 1576/609/1489
f 1577/610/1490 1578/612/1491 1579/611/1492
f 1578/612/1491 1577/610/1490 1580/613/1493
f 1577/610/1490 1581/614/1494 1580/613/1493
f 1581/614/1494 1577/610/1490 1582/615/1495
f 1582/615/1495 1524/549/1433 1581/614/1494
f 1524/549/1433 1582/615/1495 1525/551/1434
f 1569/602/1482 1583/617/1496 1584/616/1497
f 1569/602/1482 1584/616/1497 1572/605/1485
f 1585/618/1498 1583/617/1496 1573/606/1486
f 1583/617/1496 1569/602/1482 1573/606/1486
f 1586/619/1499 1585/618/1498 1575/608/1488
f 1585/618/1498 1573/606/1486 1575/608/1488
f 1526/550/1435 1529/553/1438 1586/619/1499
f 1526/550/1435 1586/619/1499 1575/608/1488
f 1587/620/1500 1577/610/1490 1579/611/1492
f 1577/610/1490 1587/620/1500 1588/621/1501
f 1588/621/1501 1582/615/1495 1577/610/1490
f 1582/615/1495 1588/621/1501 1589/622/1502
f 1589/622/1502 1525/551/1434 1582/615/1495
f 1525/551/1434 1589/622/1502 1528/554/1437
f 1583/617/1496 1590/624/1503 1591/623/1504
f 1583/617/1496 1591/623/1504 1584/616/1497
f 1592/625/1505 1590/624/1503 1585/618/1498
f 1590/624/1503 1583/617/1496 1585/618/1498
f 1593/626/1506 1592/625/1505 1586/619/1499
f 1592/625/1505 1585/618/1498 1586/619/1499
f 1529/553/1438 1531/555/1440 1593/626/1506
f 1529/553/1438 1593/626/1506 1586/619/1499
f 1594/627/1507 1588/621/1501 1587/620/1500
f 1588/621/1501 1594/627/1507 1595/628/1508
f 1595/628/1508 1589/622/1502 1588/621/1501
f 1589/622/1502 1595/628/1508 1596/629/1509
f 1596/629/1509 1528/554/1437 1589/622/1502
f 1528/554/1437 1596/629/1509 1530/556/1439
f 1564/630/1476 1597/632/1475 1598/631/1510
f 1599/633/1511 1598/631/1510 1597/632/1475
f 1597/632/1475 1565/634/1477 1599/633/1511
f 1600/635/1512 1599/633/1511 1565/634/1477
f 1565/634/1477 1566/636/1478 1600/635/1512
f 1601/637/1513 1600/635/1512 1566/636/1478
f 1566/636/1478 1523/557/1431 1601/637/1513
f 1533/558/1441 1601/637/1513 1523/557/1431
f 1602/638/1514 1568/640/1480 1603/639/1515
f 1568/640/1480 1602/638/1514 1567/641/1479
f 1604/642/1516 1567/641/1479 1602/638/1514
f 1567/641/1479 1604/642/1516 1605/643/1481
f 1534/560/1442 1605/643/1481 1604/642/1516
f 1605/643/1481 1534/560/1442 1532/559/1432
f 1598/631/1510 1599/633/1511 1606/644/1517
f 1607/645/1518 1606/644/1517 1599/633/1511
f 1599/633/1511 1600/635/1512 1607/645/1518
f 1608/646/1519 1607/645/1518 1600/635/1512
f 1600/635/1512 1601/637/1513 1608/646/1519
f 1609/647/1520 1608/646/1519 1601/637/1513
f 1601/637/1513 1533/558/1441 1609/647/1520
f 1535/561/1443 1609/647/1520 1533/558/1441
f 1610/648/1521 1603/639/1515 1611/649/1522
f 1603/639/1515 1610/648/1521 1602/638/1514
f 1610/648/1521 1612/650/1523 1604/642/1516
f 1610/648/1521 1604/642/1516 1602/638/1514
f 1536/562/1444 1604/642/1516 1612/650/1523
f 1604/642/1516 1536/562/1444 1534/560/1442
f 1606/644/1517 1607/645/1518 1613/651/1524
f 1614/652/1525 1613/651/1524 1607/645/1518
f 1607/645/1518 1608/646/1519 1614/652/1525
f 1615/653/1526 1614/652/1525 1608/646/1519
f 1608/646/1519 1609/647/1520 1615/653/1526
f 1616/654/1527 1615/653/1526 1609/647/1520
f 1609/647/1520 1535/561/1443 1616/654/1527
f 1537/563/1445 1616/654/1527 1535/561/1443
f 1617/655/1528 1611/649/1522 1618/656/1529
f 1611/649/1522 1617/655/1528 1610/648/1521
f 1617/655/1528 1619/657/1530 1612/650/1523
f 1617/655/1528 1612/650/1523 1610/648/1521
f 1619/657/1530 1536/562/1444 1612/650/1523
f 1536/562/1444 1619/657/1530 1538/564/1446
f 1613/651/1524 1614/652/1525 1570/604/1483
f 1571/603/1484 1570/604/1483 1614/652/1525
f 1614/652/1525 1615/653/1526 1571/603/1484
f 1574/607/1487 1571/603/1484 1615/653/1526
f 1615/653/1526 1616/654/1527 1574/607/1487
f 1576/609/1489 1574/607/1487 1616/654/1527
f 1616/654/1527 1537/563/1445 1576/609/1489
f 1527/552/1436 1576/609/1489 1537/563/1445
f 1580/613/1493 1618/656/1529 1578/612/1491
f 1618/656/1529 1580/613/1493 1617/655/1528
f 1580/613/1493 1581/614/1494 1619/657/1530
f 1580/613/1493 1619/657/1530 1617/655/1528
f 1581/614/1494 1538/564/1446 1619/657/1530
f 1538/564/1446 1581/614/1494 1524/549/1433
f 1591/623/1504 1590/624/1503 1620/658/1531
f 1591/623/1504 1620/658/1531 1621/659/1532
f 1590/624/1503 1622/660/1533 1620/658/1531
f 1590/624/1503 1592/625/1505 1622/660/1533
f 1592/625/1505 1623/661/1534 1622/660/1533
f 1592/625/1505 1593/626/1506 1623/661/1534
f 1593/626/1506 1531/555/1440 1540/566/1448
f 1593/626/1506 1540/566/1448 1623/661/1534
f 1595/628/1508 1594/627/1507 1624/662/1535
f 1595/628/1508 1624/662/1535 1625/663/1536
f 1595/628/1508 1626/664/1537 1596/629/1509
f 1626/664/1537 1595/628/1508 1625/663/1536
f 1596/629/1509 1539/565/1447 1530/556/1439
f 1539/565/1447 1596/629/1509 1626/664/1537
f 1621/659/1532 1620/658/1531 1627/665/1538
f 1621/659/1532 1627/665/1538 1628/666/1539
f 1620/658/1531 1629/667/1540 1627/665/1538
f 1620/658/1531 1622/660/1533 1629/667/1540
f 1622/660/1533 1623/661/1534 1630/668/1541
f 1622/660/1533 1630/668/1541 1629/667/1540
f 1623/661/1534 1540/566/1448 1542/568/1450
f 1623/661/1534 1542/568/1450 1630/668/1541
f 1625/663/1536 1624/662/1535 1631/669/1542
f 1625/663/1536 1631/669/1542 1632/670/1543
f 1625/663/1536 1633/671/1544 1626/664/1537
f 1633/671/1544 1625/663/1536 1632/670/1543
f 1626/664/1537 1541/567/1449 1539/565/1447
f 1541/567/1449 1626/664/1537 1633/671/1544
f 1628/666/1539 1627/665/1538 1634/672/1545
f 1628/666/1539 1634/672/1545 1635/673/1546
f 1627/665/1538 1629/667/1540 1636/674/1547
f 1627/665/1538 1636/674/1547 1634/672/1545
f 1629/667/1540 1630/668/1541 1545/571/1453
f 1629/667/1540 1545/571/1453 1636/674/1547
f 1630/668/1541 1542/568/1450 1544/570/1452
f 1630/668/1541 1544/570/1452 1545/571/1453
f 1632/670/1543 1631/669/1542 1637/675/1548
f 1632/670/1543 1637/675/1548 1638/676/1549
f 1632/670/1543 1639/677/1550 1633/671/1544
f 1639/677/1550 1632/670/1543 1638/676/1549
f 1633/671/1544 1543/569/1451 1541/567/1449
f 1543/569/1451 1633/671/1544 1639/677/1550
f 1638/676/1549 1637/675/1548 1553/678/1464
f 1638/676/1549 1553/678/1464 1552/679/1463
f 1552/679/1463 1639/677/1550 1638/676/1549
f 1639/677/1550 1552/679/1463 1555/680/1466
f 1639/677/1550 1555/680/1466 1543/569/1451
f 1543/569/1451 1555/680/1466 1518/681/1426
f 1544/570/1452 1543/569/1451 1518/681/1426
f 1544/570/1452 1518/681/1426 1517/572/1425
f 1635/673/1546 1634/672/1545 1640/682/1458
f 1635/673/1546 1640/682/1458 1641/683/1455
f 1634/672/1545 1636/674/1547 1642/684/1460
f 1634/672/1545 1642/684/1460 1640/682/1458
f 1636/674/1547 1545/571/1453 1550/573/1454
f 1636/674/1547 1550/573/1454 1642/684/1460
f 1749/685/1551 1643/686/1552 1587/620/1500
f 1643/686/1552 1594/627/1507 1587/620/1500
f 1644/687/1553 1587/620/1500 1579/611/1492
f 1587/620/1500 1644/687/1553 1749/685/1551
f 1644/687/1553 1578/612/1491 1645/688/1554
f 1578/612/1491 1644/687/1553 1579/611/1492
f 1578/612/1491 1646/689/1555 1645/688/1554
f 1646/689/1555 1578/612/1491 1618/656/1529
f 1618/656/1529 1750/690/1556 1646/689/1555
f 1750/690/1556 1618/656/1529 1611/649/1522
f 1611/649/1522 1647/691/1557 1750/690/1556
f 1647/691/1557 1611/649/1522 1603/639/1515
f 1603/639/1515 1648/692/1558 1647/691/1557
f 1648/692/1558 1603/639/1515 1568/640/1480
f 1562/593/1473 1648/693/1558 1568/600/1480
f 1648/693/1558 1562/593/1473 1751/694/1559
f 1554/585/1465 1751/694/1559 1562/593/1473
f 1751/694/1559 1554/585/1465 1752/695/1560
f 1554/585/1465 1553/583/1464 1649/696/1561
f 1554/585/1465 1649/696/1561 1752/695/1560
f 1637/675/1548 1753/698/1562 1649/697/1561
f 1637/675/1548 1649/697/1561 1553/678/1464
f 1631/669/1542 1754/699/1563 1753/698/1562
f 1631/669/1542 1753/698/1562 1637/675/1548
f 1624/662/1535 1650/700/1564 1754/699/1563
f 1624/662/1535 1754/699/1563 1631/669/1542
f 1594/627/1507 1643/686/1552 1650/700/1564
f 1594/627/1507 1650/700/1564 1624/662/1535
f 1570/604/1483 1572/605/1485 1495/701/1397
f 1495/701/1397 1496/702/1398 1570/604/1483
f 1584/616/1497 1495/701/1397 1572/605/1485
f 1495/701/1397 1584/616/1497 1497/703/1399
f 1584/616/1497 1651/704/1400 1497/703/1399
f 1651/704/1400 1584/616/1497 1591/623/1504
f 1651/704/1400 1591/623/1504 1621/659/1532
f 1651/704/1400 1621/659/1532 1652/705/1401
f 1652/705/1401 1621/659/1532 1628/666/1539
f 1652/705/1401 1628/666/1539 1653/706/1402
f 1653/706/1402 1628/666/1539 1635/673/1546
f 1653/706/1402 1635/673/1546 1654/707/1403
f 1654/707/1403 1635/673/1546 1641/683/1455
f 1654/707/1403 1641/683/1455 1656/708/1404
f 1655/709/1405 1656/710/1404 1547/575/1457
f 1656/710/1404 1641/574/1455 1547/575/1457
f 1498/711/1406 1547/575/1457 1558/588/1469
f 1547/575/1457 1498/711/1406 1655/709/1405
f 1498/711/1406 1558/588/1469 1499/712/1407
f 1499/712/1407 1558/588/1469 1564/595/1476
f 1499/713/1407 1564/630/1476 1500/714/1408
f 1598/631/1510 1500/714/1408 1564/630/1476
f 1500/714/1408 1598/631/1510 1501/715/1409
f 1606/644/1517 1501/715/1409 1598/631/1510
f 1501/715/1409 1606/644/1517 1502/716/1410
f 1613/651/1524 1502/716/1410 1606/644/1517
f 1502/716/1410 1613/651/1524 1496/702/1398
f 1570/604/1483 1496/702/1398 1613/651/1524
f 1657/414/1565 1659/415/1566 1658/416/1567
f 1658/416/1567 1660/417/1568 1657/414/1565
f 1657/414/1565 1662/418/1569 1661/419/1570
f 1657/414/1565 1660/417/1568 1662/418/1569
f 1662/418/1569 1664/420/1571 1663/421/1572
f 1663/421/1572 1661/419/1570 1662/418/1569
f 1684/422/1573 1666/423/1574 1665/424/1575
f 1665/424/1575 1667/425/1576 1684/422/1573
f 1665/424/1575 1668/426/1577 1667/425/1576
f 1668/426/1577 1669/427/1578 1667/425/1576
f 1668/426/1577 1670/428/1579 1669/427/1578
f 1670/428/1579 1671/429/1580 1669/427/1578
f 1670/430/1579 1672/431/1581 1671/432/1580
f 1673/433/1582 1671/432/1580 1672/431/1581
f 1672/431/1581 1674/434/1583 1673/433/1582
f 1675/435/1584 1673/433/1582 1674/434/1583
f 1676/436/1585 1677/437/1586 1675/435/1584
f 1675/435/1584 1674/434/1583 1676/436/1585
f 1659/415/1566 1677/437/1586 1658/416/1567
f 1658/416/1567 1677/437/1586 1676/436/1585
f 1664/420/1571 1678/438/1587 1663/421/1572
f 1664/420/1571 1679/439/1588 1678/438/1587
f 1679/439/1588 1680/440/1589 1678/438/1587
f 1679/439/1588 1681/441/1590 1680/440/1589
f 1681/441/1590 1682/442/1591 1680/440/1589
f 1681/441/1590 1683/443/1592 1682/442/1591
f 1683/443/1592 1684/444/1573 1682/442/1591
f 1683/443/1592 1666/445/1574 1684/444/1573
f 1685/446/1593 1687/447/1594 1686/448/1595
f 1686/448/1595 1688/449/1596 1685/446/1593
f 1658/416/1567 1685/446/1593 1660/417/1568
f 1658/416/1567 1687/447/1594 1685/446/1593
f 1689/450/1597 1691/451/1598 1690/452/1599
f 1691/451/1598 1692/453/1600 1690/452/1599
f 1690/452/1599 1692/453/1600 1657/414/1565
f 1692/453/1600 1659/415/1566 1657/414/1565
f 1685/446/1593 1694/454/1601 1693/455/1602
f 1685/446/1593 1688/449/1596 1694/454/1601
f 1660/417/1568 1693/455/1602 1662/418/1569
f 1660/417/1568 1685/446/1593 1693/455/1602
f 1695/456/1603 1689/450/1597 1690/452/1599
f 1690/452/1599 1696/457/1604 1695/456/1603
f 1696/457/1604 1690/452/1599 1657/414/1565
f 1657/414/1565 1661/419/1570 1696/457/1604
f 1697/458/1605 1693/455/1602 1694/454/1601
f 1694/454/1601 1698/459/1606 1697/458/1605
f 1664/420/1571 1662/418/1569 1697/458/1605
f 1697/458/1605 1662/418/1569 1693/455/1602
f 1699/460/1607 1695/456/1603 1700/461/1608
f 1695/456/1603 1696/457/1604 1700/461/1608
f 1700/461/1608 1696/457/1604 1661/419/1570
f 1661/419/1570 1663/421/1572 1700/461/1608
f 1701/462/1609 1702/463/1610 1740/464/1611
f 1702/463/1610 1703/465/1612 1740/464/1611
f 1740/464/1611 1703/465/1612 1665/424/1575
f 1665/424/1575 1666/423/1574 1740/464/1611
f 1704/466/1613 1706/467/1614 1705/468/1615
f 1704/466/1613 1707/469/1616 1706/467/1614
f 1684/422/1573 1667/425/1576 1704/466/1613
f 1704/466/1613 1705/468/1615 1684/422/1573
f 1702/463/1610 1709/470/1617 1708/471/1618
f 1708/471/1618 1703/465/1612 1702/463/1610
f 1703/465/1612 1708/471/1618 1668/426/1577
f 1668/426/1577 1665/424/1575 1703/465/1612
f 1710/472/1619 1711/473/1620 1704/466/1613
f 1704/466/1613 1711/473/1620 1707/469/1616
f 1669/427/1578 1704/466/1613 1667/425/1576
f 1669/427/1578 1710/472/1619 1704/466/1613
f 1709/470/1617 1712/474/1621 1708/471/1618
f 1713/475/1622 1708/471/1618 1712/474/1621
f 1708/471/1618 1713/475/1622 1668/426/1577
f 1713/475/1622 1670/428/1579 1668/426/1577
f 1714/476/1623 1711/473/1620 1710/472/1619
f 1714/476/1623 1718/477/1624 1711/473/1620
f 1669/427/1578 1671/429/1580 1714/476/1623
f 1714/476/1623 1710/472/1619 1669/427/1578
f 1712/478/1621 1715/479/1625 1713/480/1622
f 1716/481/1626 1713/480/1622 1715/479/1625
f 1713/480/1622 1716/481/1626 1670/430/1579
f 1716/481/1626 1672/431/1581 1670/430/1579
f 1717/482/1627 1719/483/1628 1718/484/1624
f 1718/484/1624 1714/485/1623 1717/482/1627
f 1673/433/1582 1717/482/1627 1714/485/1623
f 1714/485/1623 1671/432/1580 1673/433/1582
f 1715/479/1625 1720/486/1629 1716/481/1626
f 1721/487/1630 1716/481/1626 1720/486/1629
f 1716/481/1626 1721/487/1630 1672/431/1581
f 1674/434/1583 1672/431/1581 1721/487/1630
f 1722/488/1631 1723/489/1632 1719/483/1628
f 1719/483/1628 1717/482/1627 1722/488/1631
f 1675/435/1584 1722/488/1631 1717/482/1627
f 1717/482/1627 1673/433/1582 1675/435/1584
f 1720/486/1629 1724/490/1633 1721/487/1630
f 1725/491/1634 1721/487/1630 1724/490/1633
f 1725/491/1634 1676/436/1585 1674/434/1583
f 1674/434/1583 1721/487/1630 1725/491/1634
f 1726/492/1635 1727/493/1636 1723/489/1632
f 1723/489/1632 1722/488/1631 1726/492/1635
f 1677/437/1586 1726/492/1635 1722/488/1631
f 1722/488/1631 1675/435/1584 1677/437/1586
f 1724/490/1633 1686/448/1595 1725/491/1634
f 1687/447/1594 1725/491/1634 1686/448/1595
f 1658/416/1567 1676/436/1585 1687/447/1594
f 1687/447/1594 1676/436/1585 1725/491/1634
f 1692/453/1600 1691/451/1598 1727/493/1636
f 1727/493/1636 1726/492/1635 1692/453/1600
f 1659/415/1566 1692/453/1600 1726/492/1635
f 1726/492/1635 1677/437/1586 1659/415/1566
f 1698/459/1606 1728/494/1637 1697/458/1605
f 1698/459/1606 1729/495/1638 1728/494/1637
f 1697/458/1605 1679/439/1588 1664/420/1571
f 1697/458/1605 1728/494/1637 1679/439/1588
f 1700/461/1608 1730/496/1639 1699/460/1607
f 1700/461/1608 1731/497/1640 1730/496/1639
f 1663/421/1572 1731/497/1640 1700/461/1608
f 1663/421/1572 1678/438/1587 1731/497/1640
f 1729/495/1638 1732/498/1641 1728/494/1637
f 1729/495/1638 1733/499/1642 1732/498/1641
f 1728/494/1637 1681/441/1590 1679/439/1588
f 1728/494/1637 1732/498/1641 1681/441/1590
f 1731/497/1640 1734/500/1643 1730/496/1639
f 1731/497/1640 1735/501/1644 1734/500/1643
f 1678/438/1587 1735/501/1644 1731/497/1640
f 1678/438/1587 1680/440/1589 1735/501/1644
f 1733/499/1642 1736/502/1645 1732/498/1641
f 1733/499/1642 1737/503/1646 1736/502/1645
f 1732/498/1641 1683/443/1592 1681/441/1590
f 1732/498/1641 1736/502/1645 1683/443/1592
f 1735/501/1644 1738/504/1647 1734/500/1643
f 1735/501/1644 1739/505/1648 1738/504/1647
f 1680/440/1589 1739/505/1648 1735/501/1644
f 1680/440/1589 1682/442/1591 1739/505/1648
f 1737/503/1646 1701/506/1609 1740/507/1611
f 1737/503/1646 1740/507/1611 1736/502/1645
f 1736/502/1645 1666/445/1574 1683/443/1592
f 1736/502/1645 1740/507/1611 1666/445/1574
f 1705/508/1615 1706/509/1614 1739/505/1648
f 1739/505/1648 1706/509/1614 1738/504/1647
f 1682/442/1591 1705/508/1615 1739/505/1648
f 1682/442/1591 1684/444/1573 1705/508/1615
f 1741/510/1649 1742/511/1650 1699/460/1607
f 1695/456/1603 1699/460/1607 1742/511/1650
f 1742/511/1650 1891/512/1651 1689/450/1597
f 1689/450/1597 1695/456/1603 1742/511/1650
f 1891/512/1651 1892/513/1652 1689/450/1597
f 1892/513/1652 1691/451/1598 1689/450/1597
f 1691/451/1598 1892/513/1652 1743/514/1653
f 1743/514/1653 1727/493/1636 1691/451/1598
f 1727/493/1636 1743/514/1653 1744/515/1654
f 1744/515/1654 1723/489/1632 1727/493/1636
f 1723/489/1632 1744/515/1654 1896/516/1655
f 1896/516/1655 1719/483/1628 1723/489/1632
f 1719/483/1628 1896/516/1655 1745/517/1656
f 1745/517/1656 1718/484/1624 1719/483/1628
f 1711/473/1620 1718/477/1624 1745/518/1656
f 1745/518/1656 1895/519/1657 1711/473/1620
f 1707/469/1616 1711/473/1620 1895/519/1657
f 1895/519/1657 1894/717/1658 1707/469/1616
f 1706/467/1614 1707/469/1616 1894/717/1658
f 1894/717/1658 1746/520/1659 1706/467/1614
f 1738/504/1647 1746/521/1659 1893/522/1660
f 1738/504/1647 1706/509/1614 1746/521/1659
f 1734/500/1643 1893/522/1660 1747/523/1661
f 1734/500/1643 1738/504/1647 1893/522/1660
f 1730/496/1639 1747/523/1661 1748/524/1662
f 1730/496/1639 1734/500/1643 1747/523/1661
f 1699/460/1607 1730/496/1639 1748/524/1662
f 1748/524/1662 1741/510/1649 1699/460/1607
f 1688/449/1596 1686/448/1595 1643/525/1552
f 1643/525/1552 1749/526/1551 1688/449/1596
f 1694/454/1601 1688/449/1596 1749/526/1551
f 1749/526/1551 1644/527/1553 1694/454/1601
f 1694/454/1601 1644/527/1553 1645/528/1554
f 1645/528/1554 1698/459/1606 1694/454/1601
f 1729/495/1638 1645/528/1554 1646/529/1555
f 1645/528/1554 1729/495/1638 1698/459/1606
f 1750/530/1556 1733/499/1642 1646/529/1555
f 1646/529/1555 1733/499/1642 1729/495/1638
f 1647/531/1557 1737/503/1646 1750/530/1556
f 1750/530/1556 1737/503/1646 1733/499/1642
f 1647/531/1557 1701/506/1609 1737/503/1646
f 1647/531/1557 1648/532/1558 1701/506/1609
f 1751/533/1559 1702/463/1610 1648/534/1558
f 1648/534/1558 1702/463/1610 1701/462/1609
f 1751/533/1559 1752/535/1560 1702/463/1610
f 1752/535/1560 1709/470/1617 1702/463/1610
f 1709/470/1617 1752/535/1560 1649/536/1561
f 1649/536/1561 1712/474/1621 1709/470/1617
f 1649/537/1561 1753/538/1562 1712/478/1621
f 1715/479/1625 1712/478/1621 1753/538/1562
f 1753/538/1562 1754/539/1563 1715/479/1625
f 1720/486/1629 1715/479/1625 1754/539/1563
f 1754/539/1563 1650/540/1564 1720/486/1629
f 1724/490/1633 1720/486/1629 1650/540/1564
f 1650/540/1564 1643/525/1552 1724/490/1633
f 1686/448/1595 1724/490/1633 1643/525/1552
f 1782/541/1663 1755/542/1664 1880/543/1665
f 1755/542/1664 1756/544/1666 1880/543/1665
f 1755/542/1664 1758/545/1667 1757/546/1668
f 1757/546/1668 1756/544/1666 1755/542/1664
f 1758/545/1667 1768/547/1669 1757/546/1668
f 1768/547/1669 1759/548/1670 1757/546/1668
f 1760/549/1671 1762/550/1672 1761/551/1673
f 1760/549/1671 1763/552/1674 1762/550/1672
f 1761/551/1673 1765/553/1675 1764/554/1676
f 1761/551/1673 1762/550/1672 1765/553/1675
f 1764/554/1676 1767/555/1677 1766/556/1678
f 1764/554/1676 1765/553/1675 1767/555/1677
f 1768/557/1669 1769/558/1679 1759/559/1670
f 1770/560/1680 1759/559/1670 1769/558/1679
f 1769/558/1679 1771/561/1681 1770/560/1680
f 1772/562/1682 1770/560/1680 1771/561/1681
f 1771/561/1681 1773/563/1683 1772/562/1682
f 1774/564/1684 1772/562/1682 1773/563/1683
f 1773/563/1683 1763/552/1674 1774/564/1684
f 1760/549/1671 1774/564/1684 1763/552/1674
f 1767/555/1677 1775/565/1685 1766/556/1678
f 1767/555/1677 1776/566/1686 1775/565/1685
f 1776/566/1686 1777/567/1687 1775/565/1685
f 1776/566/1686 1778/568/1688 1777/567/1687
f 1778/568/1688 1779/569/1689 1777/567/1687
f 1778/568/1688 1780/570/1690 1779/569/1689
f 1781/571/1691 1782/572/1663 1780/570/1690
f 1781/571/1691 1790/573/1692 1782/572/1663
f 1783/574/1693 1785/575/1694 1784/576/1695
f 1784/576/1695 1786/577/1696 1783/574/1693
f 1786/577/1696 1784/576/1695 1787/578/1697
f 1787/578/1697 1788/579/1698 1786/577/1696
f 1788/579/1698 1787/578/1697 1789/580/1699
f 1789/580/1699 1790/581/1692 1788/579/1698
f 1790/581/1692 1789/580/1699 1782/541/1663
f 1789/580/1699 1755/542/1664 1782/541/1663
f 1791/582/1700 1793/583/1701 1792/584/1702
f 1791/582/1700 1794/585/1703 1793/583/1701
f 1879/586/1704 1795/587/1705 1792/584/1702
f 1792/584/1702 1795/587/1705 1791/582/1700
f 1880/543/1665 1756/544/1666 1879/586/1704
f 1879/586/1704 1756/544/1666 1795/587/1705
f 1785/575/1694 1797/588/1706 1796/589/1707
f 1796/589/1707 1784/576/1695 1785/575/1694
f 1784/576/1695 1796/589/1707 1798/590/1708
f 1798/590/1708 1787/578/1697 1784/576/1695
f 1787/578/1697 1798/590/1708 1799/591/1709
f 1799/591/1709 1789/580/1699 1787/578/1697
f 1789/580/1699 1799/591/1709 1758/545/1667
f 1758/545/1667 1755/542/1664 1789/580/1699
f 1800/592/1710 1794/585/1703 1791/582/1700
f 1800/592/1710 1801/593/1711 1794/585/1703
f 1795/587/1705 1802/594/1712 1791/582/1700
f 1791/582/1700 1802/594/1712 1800/592/1710
f 1756/544/1666 1757/546/1668 1795/587/1705
f 1795/587/1705 1757/546/1668 1802/594/1712
f 1797/588/1706 1804/595/1713 1803/596/1714
f 1803/596/1714 1796/589/1707 1797/588/1706
f 1796/589/1707 1803/596/1714 1805/597/1715
f 1805/597/1715 1798/590/1708 1796/589/1707
f 1798/590/1708 1805/597/1715 1839/598/1716
f 1839/598/1716 1799/591/1709 1798/590/1708
f 1799/591/1709 1839/598/1716 1758/545/1667
f 1768/547/1669 1758/545/1667 1839/598/1716
f 1806/599/1717 1801/593/1711 1800/592/1710
f 1806/599/1717 1842/600/1718 1801/593/1711
f 1802/594/1712 1807/601/1719 1800/592/1710
f 1800/592/1710 1807/601/1719 1806/599/1717
f 1757/546/1668 1759/548/1670 1802/594/1712
f 1802/594/1712 1759/548/1670 1807/601/1719
f 1808/602/1720 1810/603/1721 1809/604/1722
f 1809/604/1722 1811/605/1723 1808/602/1720
f 1812/606/1724 1813/607/1725 1808/602/1720
f 1808/602/1720 1813/607/1725 1810/603/1721
f 1814/608/1726 1815/609/1727 1812/606/1724
f 1812/606/1724 1815/609/1727 1813/607/1725
f 1763/552/1674 1814/608/1726 1762/550/1672
f 1763/552/1674 1815/609/1727 1814/608/1726
f 1816/610/1728 1818/611/1729 1817/612/1730
f 1817/612/1730 1819/613/1731 1816/610/1728
f 1816/610/1728 1819/613/1731 1820/614/1732
f 1820/614/1732 1821/615/1733 1816/610/1728
f 1821/615/1733 1820/614/1732 1760/549/1671
f 1760/549/1671 1761/551/1673 1821/615/1733
f 1808/602/1720 1823/616/1734 1822/617/1735
f 1808/602/1720 1811/605/1723 1823/616/1734
f 1824/618/1736 1812/606/1724 1822/617/1735
f 1822/617/1735 1812/606/1724 1808/602/1720
f 1825/619/1737 1814/608/1726 1824/618/1736
f 1824/618/1736 1814/608/1726 1812/606/1724
f 1762/550/1672 1825/619/1737 1765/553/1675
f 1762/550/1672 1814/608/1726 1825/619/1737
f 1826/620/1738 1818/611/1729 1816/610/1728
f 1816/610/1728 1827/621/1739 1826/620/1738
f 1827/621/1739 1816/610/1728 1821/615/1733
f 1821/615/1733 1828/622/1740 1827/621/1739
f 1828/622/1740 1821/615/1733 1761/551/1673
f 1761/551/1673 1764/554/1676 1828/622/1740
f 1822/617/1735 1830/623/1741 1829/624/1742
f 1822/617/1735 1823/616/1734 1830/623/1741
f 1831/625/1743 1824/618/1736 1829/624/1742
f 1829/624/1742 1824/618/1736 1822/617/1735
f 1832/626/1744 1825/619/1737 1831/625/1743
f 1831/625/1743 1825/619/1737 1824/618/1736
f 1765/553/1675 1832/626/1744 1767/555/1677
f 1765/553/1675 1825/619/1737 1832/626/1744
f 1833/627/1745 1826/620/1738 1827/621/1739
f 1827/621/1739 1834/628/1746 1833/627/1745
f 1834/628/1746 1827/621/1739 1828/622/1740
f 1828/622/1740 1835/629/1747 1834/628/1746
f 1835/629/1747 1828/622/1740 1764/554/1676
f 1764/554/1676 1766/556/1678 1835/629/1747
f 1804/630/1713 1836/631/1748 1803/632/1714
f 1837/633/1749 1803/632/1714 1836/631/1748
f 1803/632/1714 1837/633/1749 1805/634/1715
f 1838/635/1750 1805/634/1715 1837/633/1749
f 1805/634/1715 1838/635/1750 1839/636/1716
f 1840/637/1751 1839/636/1716 1838/635/1750
f 1839/636/1716 1840/637/1751 1768/557/1669
f 1769/558/1679 1768/557/1669 1840/637/1751
f 1841/638/1752 1843/639/1753 1842/640/1718
f 1842/640/1718 1806/641/1717 1841/638/1752
f 1844/642/1754 1841/638/1752 1806/641/1717
f 1806/641/1717 1807/643/1719 1844/642/1754
f 1770/560/1680 1844/642/1754 1807/643/1719
f 1807/643/1719 1759/559/1670 1770/560/1680
f 1836/631/1748 1845/644/1755 1837/633/1749
f 1846/645/1756 1837/633/1749 1845/644/1755
f 1837/633/1749 1846/645/1756 1838/635/1750
f 1847/646/1757 1838/635/1750 1846/645/1756
f 1838/635/1750 1847/646/1757 1840/637/1751
f 1848/647/1758 1840/637/1751 1847/646/1757
f 1840/637/1751 1848/647/1758 1769/558/1679
f 1771/561/1681 1769/558/1679 1848/647/1758
f 1849/648/1759 1850/649/1760 1843/639/1753
f 1843/639/1753 1841/638/1752 1849/648/1759
f 1849/648/1759 1844/642/1754 1851/650/1761
f 1849/648/1759 1841/638/1752 1844/642/1754
f 1772/562/1682 1851/650/1761 1844/642/1754
f 1844/642/1754 1770/560/1680 1772/562/1682
f 1845/644/1755 1852/651/1762 1846/645/1756
f 1853/652/1763 1846/645/1756 1852/651/1762
f 1846/645/1756 1853/652/1763 1847/646/1757
f 1854/653/1764 1847/646/1757 1853/652/1763
f 1847/646/1757 1854/653/1764 1848/647/1758
f 1855/654/1765 1848/647/1758 1854/653/1764
f 1848/647/1758 1855/654/1765 1771/561/1681
f 1773/563/1683 1771/561/1681 1855/654/1765
f 1856/655/1766 1857/656/1767 1850/649/1760
f 1850/649/1760 1849/648/1759 1856/655/1766
f 1856/655/1766 1851/650/1761 1858/657/1768
f 1856/655/1766 1849/648/1759 1851/650/1761
f 1858/657/1768 1851/650/1761 1772/562/1682
f 1772/562/1682 1774/564/1684 1858/657/1768
f 1852/651/1762 1809/604/1722 1853/652/1763
f 1810/603/1721 1853/652/1763 1809/604/1722
f 1853/652/1763 1810/603/1721 1854/653/1764
f 1813/607/1725 1854/653/1764 1810/603/1721
f 1854/653/1764 1813/607/1725 1855/654/1765
f 1815/609/1727 1855/654/1765 1813/607/1725
f 1855/654/1765 1815/609/1727 1773/563/1683
f 1763/552/1674 1773/563/1683 1815/609/1727
f 1819/613/1731 1817/612/1730 1857/656/1767
f 1857/656/1767 1856/655/1766 1819/613/1731
f 1819/613/1731 1858/657/1768 1820/614/1732
f 1819/613/1731 1856/655/1766 1858/657/1768
f 1820/614/1732 1858/657/1768 1774/564/1684
f 1774/564/1684 1760/549/1671 1820/614/1732
f 1830/623/1741 1859/658/1769 1829/624/1742
f 1830/623/1741 1860/659/1770 1859/658/1769
f 1829/624/1742 1859/658/1769 1861/660/1771
f 1829/624/1742 1861/660/1771 1831/625/1743
f 1831/625/1743 1861/660/1771 1862/661/1772
f 1831/625/1743 1862/661/1772 1832/626/1744
f 1832/626/1744 1776/566/1686 1767/555/1677
f 1832/626/1744 1862/661/1772 1776/566/1686
f 1834/628/1746 1863/662/1773 1833/627/1745
f 1834/628/1746 1864/663/1774 1863/662/1773
f 1834/628/1746 1835/629/1747 1865/664/1775
f 1865/664/1775 1864/663/1774 1834/628/1746
f 1835/629/1747 1766/556/1678 1775/565/1685
f 1775/565/1685 1865/664/1775 1835/629/1747
f 1860/659/1770 1866/665/1776 1859/658/1769
f 1860/659/1770 1867/666/1777 1866/665/1776
f 1859/658/1769 1866/665/1776 1868/667/1778
f 1859/658/1769 1868/667/1778 1861/660/1771
f 1861/660/1771 1869/668/1779 1862/661/1772
f 1861/660/1771 1868/667/1778 1869/668/1779
f 1862/661/1772 1778/568/1688 1776/566/1686
f 1862/661/1772 1869/668/1779 1778/568/1688
f 1864/663/1774 1870/669/1780 1863/662/1773
f 1864/663/1774 1871/670/1781 1870/669/1780
f 1864/663/1774 1865/664/1775 1872/671/1782
f 1872/671/1782 1871/670/1781 1864/663/1774
f 1865/664/1775 1775/565/1685 1777/567/1687
f 1777/567/1687 1872/671/1782 1865/664/1775
f 1867/666/1777 1873/672/1783 1866/665/1776
f 1867/666/1777 1874/673/1784 1873/672/1783
f 1866/665/1776 1875/674/1785 1868/667/1778
f 1866/665/1776 1873/672/1783 1875/674/1785
f 1868/667/1778 1781/571/1691 1869/668/1779
f 1868/667/1778 1875/674/1785 1781/571/1691
f 1869/668/1779 1780/570/1690 1778/568/1688
f 1869/668/1779 1781/571/1691 1780/570/1690
f 1871/670/1781 1876/675/1786 1870/669/1780
f 1871/670/1781 1877/676/1787 1876/675/1786
f 1871/670/1781 1872/671/1782 1878/677/1788
f 1878/677/1788 1877/676/1787 1871/670/1781
f 1872/671/1782 1777/567/1687 1779/569/1689
f 1779/569/1689 1878/677/1788 1872/671/1782
f 1877/676/1787 1793/678/1701 1876/675/1786
f 1877/676/1787 1792/679/1702 1793/678/1701
f 1792/679/1702 1877/676/1787 1878/677/1788
f 1878/677/1788 1879/680/1704 1792/679/1702
f 1878/677/1788 1779/569/1689 1879/680/1704
f 1779/569/1689 1880/681/1665 1879/680/1704
f 1780/570/1690 1880/681/1665 1779/569/1689
f 1780/570/1690 1782/572/1663 1880/681/1665
f 1874/673/1784 1786/682/1696 1873/672/1783
f 1874/673/1784 1783/683/1693 1786/682/1696
f 1873/672/1783 1788/684/1698 1875/674/1785
f 1873/672/1783 1786/682/1696 1788/684/1698
f 1875/674/1785 1790/573/1692 1781/571/1691
f 1875/674/1785 1788/684/1698 1790/573/1692
f 1881/685/1789 1826/620/1738 1882/686/1790
f 1882/686/1790 1826/620/1738 1833/627/1745
f 1883/687/1791 1818/611/1729 1826/620/1738
f 1826/620/1738 1881/685/1789 1883/687/1791
f 1883/687/1791 1884/688/1792 1817/612/1730
f 1817/612/1730 1818/611/1729 1883/687/1791
f 1817/612/1730 1884/688/1792 1885/689/1793
f 1885/689/1793 1857/656/1767 1817/612/1730
f 1857/656/1767 1885/689/1793 1886/690/1794
f 1886/690/1794 1850/649/1760 1857/656/1767
f 1850/649/1760 1886/690/1794 2033/691/1795
f 2033/691/1795 1843/639/1753 1850/649/1760
f 1843/639/1753 2033/691/1795 1887/692/1796
f 1887/692/1796 1842/640/1718 1843/639/1753
f 1801/593/1711 1842/600/1718 1887/693/1796
f 1887/693/1796 1888/694/1797 1801/593/1711
f 1794/585/1703 1801/593/1711 1888/694/1797
f 1888/694/1797 1889/695/1798 1794/585/1703
f 1794/585/1703 1890/696/1799 1793/583/1701
f 1794/585/1703 1889/695/1798 1890/696/1799
f 1876/675/1786 1890/697/1799 2032/698/1800
f 1876/675/1786 1793/678/1701 1890/697/1799
f 1870/669/1780 2032/698/1800 2031/699/1801
f 1870/669/1780 1876/675/1786 2032/698/1800
f 1863/662/1773 2031/699/1801 2030/700/1802
f 1863/662/1773 1870/669/1780 2031/699/1801
f 1833/627/1745 2030/700/1802 1882/686/1790
f 1833/627/1745 1863/662/1773 2030/700/1802
f 1809/604/1722 1891/701/1651 1811/605/1723
f 1891/701/1651 1809/604/1722 1892/702/1652
f 1823/616/1734 1811/605/1723 1891/701/1651
f 1891/701/1651 1742/703/1650 1823/616/1734
f 1823/616/1734 1742/703/1650 1741/704/1649
f 1741/704/1649 1830/623/1741 1823/616/1734
f 1741/704/1649 1860/659/1770 1830/623/1741
f 1741/704/1649 1748/705/1662 1860/659/1770
f 1748/705/1662 1867/666/1777 1860/659/1770
f 1748/705/1662 1747/706/1661 1867/666/1777
f 1747/706/1661 1874/673/1784 1867/666/1777
f 1747/706/1661 1893/707/1660 1874/673/1784
f 1893/707/1660 1783/683/1693 1874/673/1784
f 1893/707/1660 1746/708/1659 1783/683/1693
f 1894/709/1658 1785/575/1694 1746/710/1659
f 1746/710/1659 1785/575/1694 1783/574/1693
f 1895/711/1657 1797/588/1706 1785/575/1694
f 1785/575/1694 1894/709/1658 1895/711/1657
f 1895/711/1657 1745/712/1656 1797/588/1706
f 1745/712/1656 1804/595/1713 1797/588/1706
f 1745/713/1656 1896/714/1655 1804/630/1713
f 1836/631/1748 1804/630/1713 1896/714/1655
f 1896/714/1655 1744/715/1654 1836/631/1748
f 1845/644/1755 1836/631/1748 1744/715/1654
f 1744/715/1654 1743/716/1653 1845/644/1755
f 1852/651/1762 1845/644/1755 1743/716/1653
f 1743/716/1653 1892/702/1652 1852/651/1762
f 1809/604/1722 1852/651/1762 1892/702/1652
f 1924/541/1803 1897/542/1804 2022/543/1805
f 1897/542/1804 1898/544/1806 2022/543/1805
f 1897/542/1804 1900/545/1807 1899/546/1808
f 1899/546/1808 1898/544/1806 1897/542/1804
f 1900/545/1807 1910/547/1809 1899/546/1808
f 1910/547/1809 1901/548/1810 1899/546/1808
f 1902/549/1811 1904/550/1812 1903/551/1813
f 1902/549/1811 1905/552/1814 1904/550/1812
f 1903/551/1813 1907/553/1815 1906/554/1816
f 1903/551/1813 1904/550/1812 1907/553/1815
f 1906/554/1816 1909/555/1817 1908/556/1818
f 1906/554/1816 1907/553/1815 1909/555/1817
f 1910/557/1809 1911/558/1819 1901/559/1810
f 1912/560/1820 1901/559/1810 1911/558/1819
f 1911/558/1819 1913/561/1821 1912/560/1820
f 1914/562/1822 1912/560/1820 1913/561/1821
f 1913/561/1821 1915/563/1823 1914/562/1822
f 1916/564/1824 1914/562/1822 1915/563/1823
f 1915/563/1823 1905/552/1814 1916/564/1824
f 1902/549/1811 1916/564/1824 1905/552/1814
f 1909/555/1817 1917/565/1825 1908/556/1818
f 1909/555/1817 1918/566/1826 1917/565/1825
f 1918/566/1826 1919/567/1827 1917/565/1825
f 1918/566/1826 1920/568/1828 1919/567/1827
f 1920/568/1828 1921/569/1829 1919/567/1827
f 1920/568/1828 1922/570/1830 1921/569/1829
f 1923/571/1831 1924/572/1803 1922/570/1830
f 1923/571/1831 1932/573/1832 1924/572/1803
f 1925/574/1833 1927/575/1834 1926/576/1835
f 1926/576/1835 1928/577/1836 1925/574/1833
f 1928/577/1836 1926/576/1835 1929/578/1837
f 1929/578/1837 1930/579/1838 1928/577/1836
f 1930/579/1838 1929/578/1837 1931/580/1839
f 1931/580/1839 1932/581/1832 1930/579/1838
f 1932/581/1832 1931/580/1839 1924/541/1803
f 1931/580/1839 1897/542/1804 1924/541/1803
f 1933/582/1840 1935/583/1841 1934/584/1842
f 1933/582/1840 1936/585/1843 1935/583/1841
f 2021/586/1844 1937/587/1845 1934/584/1842
f 1934/584/1842 1937/587/1845 1933/582/1840
f 2022/543/1805 1898/544/1806 2021/586/1844
f 2021/586/1844 1898/544/1806 1937/587/1845
f 1927/575/1834 1939/588/1846 1938/589/1847
f 1938/589/1847 1926/576/1835 1927/575/1834
f 1926/576/1835 1938/589/1847 1940/590/1848
f 1940/590/1848 1929/578/1837 1926/576/1835
f 1929/578/1837 1940/590/1848 1941/591/1849
f 1941/591/1849 1931/580/1839 1929/578/1837
f 1931/580/1839 1941/591/1849 1900/545/1807
f 1900/545/1807 1897/542/1804 1931/580/1839
f 1942/592/1850 1936/585/1843 1933/582/1840
f 1942/592/1850 1943/593/1851 1936/585/1843
f 1937/587/1845 1944/594/1852 1933/582/1840
f 1933/582/1840 1944/594/1852 1942/592/1850
f 1898/544/1806 1899/546/1808 1937/587/1845
f 1937/587/1845 1899/546/1808 1944/594/1852
f 1939/588/1846 1946/595/1853 1945/596/1854
f 1945/596/1854 1938/589/1847 1939/588/1846
f 1938/589/1847 1945/596/1854 1947/597/1855
f 1947/597/1855 1940/590/1848 1938/589/1847
f 1940/590/1848 1947/597/1855 1981/598/1856
f 1981/598/1856 1941/591/1849 1940/590/1848
f 1941/591/1849 1981/598/1856 1900/545/1807
f 1910/547/1809 1900/545/1807 1981/598/1856
f 1948/599/1857 1943/593/1851 1942/592/1850
f 1948/599/1857 1984/600/1858 1943/593/1851
f 1944/594/1852 1949/601/1859 1942/592/1850
f 1942/592/1850 1949/601/1859 1948/599/1857
f 1899/546/1808 1901/548/1810 1944/594/1852
f 1944/594/1852 1901/548/1810 1949/601/1859
f 1950/602/1860 1952/603/1861 1951/604/1862
f 1951/604/1862 1953/605/1863 1950/602/1860
f 1954/606/1864 1955/607/1865 1950/602/1860
f 1950/602/1860 1955/607/1865 1952/603/1861
f 1956/608/1866 1957/609/1867 1954/606/1864
f 1954/606/1864 1957/609/1867 1955/607/1865
f 1905/552/1814 1956/608/1866 1904/550/1812
f 1905/552/1814 1957/609/1867 1956/608/1866
f 1958/610/1868 1960/611/1869 1959/612/1870
f 1959/612/1870 1961/613/1871 1958/610/1868
f 1958/610/1868 1961/613/1871 1962/614/1872
f 1962/614/1872 1963/615/1873 1958/610/1868
f 1963/615/1873 1962/614/1872 1902/549/1811
f 1902/549/1811 1903/551/1813 1963/615/1873
f 1950/602/1860 1965/616/1874 1964/617/1875
f 1950/602/1860 1953/605/1863 1965/616/1874
f 1966/618/1876 1954/606/1864 1964/617/1875
f 1964/617/1875 1954/606/1864 1950/602/1860
f 1967/619/1877 1956/608/1866 1966/618/1876
f 1966/618/1876 1956/608/1866 1954/606/1864
f 1904/550/1812 1967/619/1877 1907/553/1815
f 1904/550/1812 1956/608/1866 1967/619/1877
f 1968/620/1878 1960/611/1869 1958/610/1868
f 1958/610/1868 1969/621/1879 1968/620/1878
f 1969/621/1879 1958/610/1868 1963/615/1873
f 1963/615/1873 1970/622/1880 1969/621/1879
f 1970/622/1880 1963/615/1873 1903/551/1813
f 1903/551/1813 1906/554/1816 1970/622/1880
f 1964/617/1875 1972/623/1881 1971/624/1882
f 1964/617/1875 1965/616/1874 1972/623/1881
f 1973/625/1883 1966/618/1876 1971/624/1882
f 1971/624/1882 1966/618/1876 1964/617/1875
f 1974/626/1884 1967/619/1877 1973/625/1883
f 1973/625/1883 1967/619/1877 1966/618/1876
f 1907/553/1815 1974/626/1884 1909/555/1817
f 1907/553/1815 1967/619/1877 1974/626/1884
f 1975/627/1885 1968/620/1878 1969/621/1879
f 1969/621/1879 1976/628/1886 1975/627/1885
f 1976/628/1886 1969/621/1879 1970/622/1880
f 1970/622/1880 1977/629/1887 1976/628/1886
f 1977/629/1887 1970/622/1880 1906/554/1816
f 1906/554/1816 1908/556/1818 1977/629/1887
f 1946/630/1853 1978/631/1888 1945/632/1854
f 1979/633/1889 1945/632/1854 1978/631/1888
f 1945/632/1854 1979/633/1889 1947/634/1855
f 1980/635/1890 1947/634/1855 1979/633/1889
f 1947/634/1855 1980/635/1890 1981/636/1856
f 1982/637/1891 1981/636/1856 1980/635/1890
f 1981/636/1856 1982/637/1891 1910/557/1809
f 1911/558/1819 1910/557/1809 1982/637/1891
f 1983/638/1892 1985/639/1893 1984/640/1858
f 1984/640/1858 1948/641/1857 1983/638/1892
f 1986/642/1894 1983/638/1892 1948/641/1857
f 1948/641/1857 1949/643/1859 1986/642/1894
f 1912/560/1820 1986/642/1894 1949/643/1859
f 1949/643/1859 1901/559/1810 1912/560/1820
f 1978/631/1888 1987/644/1895 1979/633/1889
f 1988/645/1896 1979/633/1889 1987/644/1895
f 1979/633/1889 1988/645/1896 1980/635/1890
f 1989/646/1897 1980/635/1890 1988/645/1896
f 1980/635/1890 1989/646/1897 1982/637/1891
f 1990/647/1898 1982/637/1891 1989/646/1897
f 1982/637/1891 1990/647/1898 1911/558/1819
f 1913/561/1821 1911/558/1819 1990/647/1898
f 1991/648/1899 1992/649/1900 1985/639/1893
f 1985/639/1893 1983/638/1892 1991/648/1899
f 1991/648/1899 1986/642/1894 1993/650/1901
f 1991/648/1899 1983/638/1892 1986/642/1894
f 1914/562/1822 1993/650/1901 1986/642/1894
f 1986/642/1894 1912/560/1820 1914/562/1822
f 1987/644/1895 1994/651/1902 1988/645/1896
f 1995/652/1903 1988/645/1896 1994/651/1902
f 1988/645/1896 1995/652/1903 1989/646/1897
f 1996/653/1904 1989/646/1897 1995/652/1903
f 1989/646/1897 1996/653/1904 1990/647/1898
f 1997/654/1905 1990/647/1898 1996/653/1904
f 1990/647/1898 1997/654/1905 1913/561/1821
f 1915/563/1823 1913/561/1821 1997/654/1905
f 1998/655/1906 1999/656/1907 1992/649/1900
f 1992/649/1900 1991/648/1899 1998/655/1906
f 1998/655/1906 1993/650/1901 2000/657/1908
f 1998/655/1906 1991/648/1899 1993/650/1901
f 2000/657/1908 1993/650/1901 1914/562/1822
f 1914/562/1822 1916/564/1824 2000/657/1908
f 1994/651/1902 1951/604/1862 1995/652/1903
f 1952/603/1861 1995/652/1903 1951/604/1862
f 1995/652/1903 1952/603/1861 1996/653/1904
f 1955/607/1865 1996/653/1904 1952/603/1861
f 1996/653/1904 1955/607/1865 1997/654/1905
f 1957/609/1867 1997/654/1905 1955/607/1865
f 1997/654/1905 1957/609/1867 1915/563/1823
f 1905/552/1814 1915/563/1823 1957/609/1867
f 1961/613/1871 1959/612/1870 1999/656/1907
f 1999/656/1907 1998/655/1906 1961/613/1871
f 1961/613/1871 2000/657/1908 1962/614/1872
f 1961/613/1871 1998/655/1906 2000/657/1908
f 1962/614/1872 2000/657/1908 1916/564/1824
f 1916/564/1824 1902/549/1811 1962/614/1872
f 1972/623/1881 2001/658/1909 1971/624/1882
f 1972/623/1881 2002/659/1910 2001/658/1909
f 1971/624/1882 2001/658/1909 2003/660/1911
f 1971/624/1882 2003/660/1911 1973/625/1883
f 1973/625/1883 2003/660/1911 2004/661/1912
f 1973/625/1883 2004/661/1912 1974/626/1884
f 1974/626/1884 1918/566/1826 1909/555/1817
f 1974/626/1884 2004/661/1912 1918/566/1826
f 1976/628/1886 2005/662/1913 1975/627/1885
f 1976/628/1886 2006/663/1914 2005/662/1913
f 1976/628/1886 1977/629/1887 2007/664/1915
f 2007/664/1915 2006/663/1914 1976/628/1886
f 1977/629/1887 1908/556/1818 1917/565/1825
f 1917/565/1825 2007/664/1915 1977/629/1887
f 2002/659/1910 2008/665/1916 2001/658/1909
f 2002/659/1910 2009/666/1917 2008/665/1916
f 2001/658/1909 2008/665/1916 2010/667/1918
f 2001/658/1909 2010/667/1918 2003/660/1911
f 2003/660/1911 2011/668/1919 2004/661/1912
f 2003/660/1911 2010/667/1918 2011/668/1919
f 2004/661/1912 1920/568/1828 1918/566/1826
f 2004/661/1912 2011/668/1919 1920/568/1828
f 2006/663/1914 2012/669/1920 2005/662/1913
f 2006/663/1914 2013/670/1921 2012/669/1920
f 2006/663/1914 2007/664/1915 2014/671/1922
f 2014/671/1922 2013/670/1921 2006/663/1914
f 2007/664/1915 1917/565/1825 1919/567/1827
f 1919/567/1827 2014/671/1922 2007/664/1915
f 2009/666/1917 2015/672/1923 2008/665/1916
f 2009/666/1917 2016/673/1924 2015/672/1923
f 2008/665/1916 2017/674/1925 2010/667/1918
f 2008/665/1916 2015/672/1923 2017/674/1925
f 2010/667/1918 1923/571/1831 2011/668/1919
f 2010/667/1918 2017/674/1925 1923/571/1831
f 2011/668/1919 1922/570/1830 1920/568/1828
f 2011/668/1919 1923/571/1831 1922/570/1830
f 2013/670/1921 2018/675/1926 2012/669/1920
f 2013/670/1921 2019/676/1927 2018/675/1926
f 2013/670/1921 2014/671/1922 2020/677/1928
f 2020/677/1928 2019/676/1927 2013/670/1921
f 2014/671/1922 1919/567/1827 1921/569/1829
f 1921/569/1829 2020/677/1928 2014/671/1922
f 2019/676/1927 1935/678/1841 2018/675/1926
f 2019/676/1927 1934/679/1842 1935/678/1841
f 1934/679/1842 2019/676/1927 2020/677/1928
f 2020/677/1928 2021/680/1844 1934/679/1842
f 2020/677/1928 1921/569/1829 2021/680/1844
f 1921/569/1829 2022/681/1805 2021/680/1844
f 1922/570/1830 2022/681/1805 1921/569/1829
f 1922/570/1830 1924/572/1803 2022/681/1805
f 2016/673/1924 1928/682/1836 2015/672/1923
f 2016/673/1924 1925/683/1833 1928/682/1836
f 2015/672/1923 1930/684/1838 2017/674/1925
f 2015/672/1923 1928/682/1836 1930/684/1838
f 2017/674/1925 1932/573/1832 1923/571/1831
f 2017/674/1925 1930/684/1838 1932/573/1832
f 2023/685/1929 1968/620/1878 2024/686/1930
f 2024/686/1930 1968/620/1878 1975/627/1885
f 2167/687/1931 1960/611/1869 1968/620/1878
f 1968/620/1878 2023/685/1929 2167/687/1931
f 2167/687/1931 2168/688/1932 1959/612/1870
f 1959/612/1870 1960/611/1869 2167/687/1931
f 1959/612/1870 2168/688/1932 2025/689/1933
f 2025/689/1933 1999/656/1907 1959/612/1870
f 1999/656/1907 2025/689/1933 2026/690/1934
f 2026/690/1934 1992/649/1900 1999/656/1907
f 1992/649/1900 2026/690/1934 2173/691/1935
f 2173/691/1935 1985/639/1893 1992/649/1900
f 1985/639/1893 2173/691/1935 2172/692/1936
f 2172/692/1936 1984/640/1858 1985/639/1893
f 1943/593/1851 1984/600/1858 2172/693/1936
f 2172/693/1936 2027/694/1937 1943/593/1851
f 1936/585/1843 1943/593/1851 2027/694/1937
f 2027/694/1937 2170/695/1938 1936/585/1843
f 1936/585/1843 2171/696/1939 1935/583/1841
f 1936/585/1843 2170/695/1938 2171/696/1939
f 2018/675/1926 2171/697/1939 2169/698/1940
f 2018/675/1926 1935/678/1841 2171/697/1939
f 2012/669/1920 2169/698/1940 2028/699/1941
f 2012/669/1920 2018/675/1926 2169/698/1940
f 2005/662/1913 2028/699/1941 2029/700/1942
f 2005/662/1913 2012/669/1920 2028/699/1941
f 1975/627/1885 2029/700/1942 2024/686/1930
f 1975/627/1885 2005/662/1913 2029/700/1942
f 1951/604/1862 1883/701/1791 1953/605/1863
f 1883/701/1791 1951/604/1862 1884/702/1792
f 1965/616/1874 1953/605/1863 1883/701/1791
f 1883/701/1791 1881/703/1789 1965/616/1874
f 1965/616/1874 1881/703/1789 1882/704/1790
f 1882/704/1790 1972/623/1881 1965/616/1874
f 1882/704/1790 2002/659/1910 1972/623/1881
f 1882/704/1790 2030/705/1802 2002/659/1910
f 2030/705/1802 2009/666/1917 2002/659/1910
f 2030/705/1802 2031/706/1801 2009/666/1917
f 2031/706/1801 2016/673/1924 2009/666/1917
f 2031/706/1801 2032/707/1800 2016/673/1924
f 2032/707/1800 1925/683/1833 2016/673/1924
f 2032/707/1800 1890/708/1799 1925/683/1833
f 1889/709/1798 1927/575/1834 1890/710/1799
f 1890/710/1799 1927/575/1834 1925/574/1833
f 1888/711/1797 1939/588/1846 1927/575/1834
f 1927/575/1834 1889/709/1798 1888/711/1797
f 1888/711/1797 1887/712/1796 1939/588/1846
f 1887/712/1796 1946/595/1853 1939/588/1846
f 1887/713/1796 2033/714/1795 1946/630/1853
f 1978/631/1888 1946/630/1853 2033/714/1795
f 2033/714/1795 1886/715/1794 1978/631/1888
f 1987/644/1895 1978/631/1888 1886/715/1794
f 1886/715/1794 1885/716/1793 1987/644/1895
f 1994/651/1902 1987/644/1895 1885/716/1793
f 1885/716/1793 1884/702/1792 1994/651/1902
f 1951/604/1862 1994/651/1902 1884/702/1792
f 2061/541/1943 2034/542/1944 2159/543/1945
f 2034/542/1944 2035/544/1946 2159/543/1945
f 2034/542/1944 2037/545/1947 2036/546/1948
f 2036/546/1948 2035/544/1946 2034/542/1944
f 2037/545/1947 2047/547/1949 2036/546/1948
f 2047/547/1949 2038/548/1950 2036/546/1948
f 2039/549/1951 2041/550/1952 2040/551/1953
f 2039/549/1951 2042/552/1954 2041/550/1952
f 2040/551/1953 2044/553/1955 2043/554/1956
f 2040/551/1953 2041/550/1952 2044/553/1955
f 2043/554/1956 2046/555/1957 2045/556/1958
f 2043/554/1956 2044/553/1955 2046/555/1957
f 2047/557/1949 2048/558/1959 2038/559/1950
f 2049/560/1960 2038/559/1950 2048/558/1959
f 2048/558/1959 2050/561/1961 2049/560/1960
f 2051/562/1962 2049/560/1960 2050/561/1961
f 2050/561/1961 2052/563/1963 2051/562/1962
f 2053/564/1964 2051/562/1962 2052/563/1963
f 2052/563/1963 2042/552/1954 2053/564/1964
f 2039/549/1951 2053/564/1964 2042/552/1954
f 2046/555/1957 2054/565/1965 2045/556/1958
f 2046/555/1957 2055/566/1966 2054/565/1965
f 2055/566/1966 2056/567/1967 2054/565/1965
f 2055/566/1966 2057/568/1968 2056/567/1967
f 2057/568/1968 2058/569/1969 2056/567/1967
f 2057/568/1968 2059/570/1970 2058/569/1969
f 2060/571/1971 2061/572/1943 2059/570/1970
f 2060/571/1971 2069/573/1972 2061/572/1943
f 2062/574/1973 2064/575/1974 2063/576/1975
f 2063/576/1975 2065/577/1976 2062/574/1973
f 2065/577/1976 2063/576/1975 2066/578/1977
f 2066/578/1977 2067/579/1978 2065/577/1976
f 2067/579/1978 2066/578/1977 2068/580/1979
f 2068/580/1979 2069/581/1972 2067/579/1978
f 2069/581/1972 2068/580/1979 2061/541/1943
f 2068/580/1979 2034/542/1944 2061/541/1943
f 2070/582/1980 2072/583/1981 2071/584/1982
f 2070/582/1980 2073/585/1983 2072/583/1981
f 2158/586/1984 2074/587/1985 2071/584/1982
f 2071/584/1982 2074/587/1985 2070/582/1980
f 2159/543/1945 2035/544/1946 2158/586/1984
f 2158/586/1984 2035/544/1946 2074/587/1985
f 2064/575/1974 2076/588/1986 2075/589/1987
f 2075/589/1987 2063/576/1975 2064/575/1974
f 2063/576/1975 2075/589/1987 2077/590/1988
f 2077/590/1988 2066/578/1977 2063/576/1975
f 2066/578/1977 2077/590/1988 2078/591/1989
f 2078/591/1989 2068/580/1979 2066/578/1977
f 2068/580/1979 2078/591/1989 2037/545/1947
f 2037/545/1947 2034/542/1944 2068/580/1979
f 2079/592/1990 2073/585/1983 2070/582/1980
f 2079/592/1990 2080/593/1991 2073/585/1983
f 2074/587/1985 2081/594/1992 2070/582/1980
f 2070/582/1980 2081/594/1992 2079/592/1990
f 2035/544/1946 2036/546/1948 2074/587/1985
f 2074/587/1985 2036/546/1948 2081/594/1992
f 2076/588/1986 2083/595/1993 2082/596/1994
f 2082/596/1994 2075/589/1987 2076/588/1986
f 2075/589/1987 2082/596/1994 2084/597/1995
f 2084/597/1995 2077/590/1988 2075/589/1987
f 2077/590/1988 2084/597/1995 2118/598/1996
f 2118/598/1996 2078/591/1989 2077/590/1988
f 2078/591/1989 2118/598/1996 2037/545/1947
f 2047/547/1949 2037/545/1947 2118/598/1996
f 2085/599/1997 2080/593/1991 2079/592/1990
f 2085/599/1997 2121/600/1998 2080/593/1991
f 2081/594/1992 2086/601/1999 2079/592/1990
f 2079/592/1990 2086/601/1999 2085/599/1997
f 2036/546/1948 2038/548/1950 2081/594/1992
f 2081/594/1992 2038/548/1950 2086/601/1999
f 2087/602/2000 2089/603/2001 2088/604/2002
f 2088/604/2002 2090/605/2003 2087/602/2000
f 2091/606/2004 2092/607/2005 2087/602/2000
f 2087/602/2000 2092/607/2005 2089/603/2001
f 2093/608/2006 2094/609/2007 2091/606/2004
f 2091/606/2004 2094/609/2007 2092/607/2005
f 2042/552/1954 2093/608/2006 2041/550/1952
f 2042/552/1954 2094/609/2007 2093/608/2006
f 2095/610/2008 2097/611/2009 2096/612/2010
f 2096/612/2010 2098/613/2011 2095/610/2008
f 2095/610/2008 2098/613/2011 2099/614/2012
f 2099/614/2012 2100/615/2013 2095/610/2008
f 2100/615/2013 2099/614/2012 2039/549/1951
f 2039/549/1951 2040/551/1953 2100/615/2013
f 2087/602/2000 2102/616/2014 2101/617/2015
f 2087/602/2000 2090/605/2003 2102/616/2014
f 2103/618/2016 2091/606/2004 2101/617/2015
f 2101/617/2015 2091/606/2004 2087/602/2000
f 2104/619/2017 2093/608/2006 2103/618/2016
f 2103/618/2016 2093/608/2006 2091/606/2004
f 2041/550/1952 2104/619/2017 2044/553/1955
f 2041/550/1952 2093/608/2006 2104/619/2017
f 2105/620/2018 2097/611/2009 2095/610/2008
f 2095/610/2008 2106/621/2019 2105/620/2018
f 2106/621/2019 2095/610/2008 2100/615/2013
f 2100/615/2013 2107/622/2020 2106/621/2019
f 2107/622/2020 2100/615/2013 2040/551/1953
f 2040/551/1953 2043/554/1956 2107/622/2020
f 2101/617/2015 2109/623/2021 2108/624/2022
f 2101/617/2015 2102/616/2014 2109/623/2021
f 2110/625/2023 2103/618/2016 2108/624/2022
f 2108/624/2022 2103/618/2016 2101/617/2015
f 2111/626/2024 2104/619/2017 2110/625/2023
f 2110/625/2023 2104/619/2017 2103/618/2016
f 2044/553/1955 2111/626/2024 2046/555/1957
f 2044/553/1955 2104/619/2017 2111/626/2024
f 2112/627/2025 2105/620/2018 2106/621/2019
f 2106/621/2019 2113/628/2026 2112/627/2025
f 2113/628/2026 2106/621/2019 2107/622/2020
f 2107/622/2020 2114/629/2027 2113/628/2026
f 2114/629/2027 2107/622/2020 2043/554/1956
f 2043/554/1956 2045/556/1958 2114/629/2027
f 2083/630/1993 2115/631/2028 2082/632/1994
f 2116/633/2029 2082/632/1994 2115/631/2028
f 2082/632/1994 2116/633/2029 2084/634/1995
f 2117/635/2030 2084/634/1995 2116/633/2029
f 2084/634/1995 2117/635/2030 2118/636/1996
f 2119/637/2031 2118/636/1996 2117/635/2030
f 2118/636/1996 2119/637/2031 2047/557/1949
f 2048/558/1959 2047/557/1949 2119/637/2031
f 2120/638/2032 2122/639/2033 2121/640/1998
f 2121/640/1998 2085/641/1997 2120/638/2032
f 2123/642/2034 2120/638/2032 2085/641/1997
f 2085/641/1997 2086/643/1999 2123/642/2034
f 2049/560/1960 2123/642/2034 2086/643/1999
f 2086/643/1999 2038/559/1950 2049/560/1960
f 2115/631/2028 2124/644/2035 2116/633/2029
f 2125/645/2036 2116/633/2029 2124/644/2035
f 2116/633/2029 2125/645/2036 2117/635/2030
f 2126/646/2037 2117/635/2030 2125/645/2036
f 2117/635/2030 2126/646/2037 2119/637/2031
f 2127/647/2038 2119/637/2031 2126/646/2037
f 2119/637/2031 2127/647/2038 2048/558/1959
f 2050/561/1961 2048/558/1959 2127/647/2038
f 2128/648/2039 2129/649/2040 2122/639/2033
f 2122/639/2033 2120/638/2032 2128/648/2039
f 2128/648/2039 2123/642/2034 2130/650/2041
f 2128/648/2039 2120/638/2032 2123/642/2034
f 2051/562/1962 2130/650/2041 2123/642/2034
f 2123/642/2034 2049/560/1960 2051/562/1962
f 2124/644/2035 2131/651/2042 2125/645/2036
f 2132/652/2043 2125/645/2036 2131/651/2042
f 2125/645/2036 2132/652/2043 2126/646/2037
f 2133/653/2044 2126/646/2037 2132/652/2043
f 2126/646/2037 2133/653/2044 2127/647/2038
f 2134/654/2045 2127/647/2038 2133/653/2044
f 2127/647/2038 2134/654/2045 2050/561/1961
f 2052/563/1963 2050/561/1961 2134/654/2045
f 2135/655/2046 2136/656/2047 2129/649/2040
f 2129/649/2040 2128/648/2039 2135/655/2046
f 2135/655/2046 2130/650/2041 2137/657/2048
f 2135/655/2046 2128/648/2039 2130/650/2041
f 2137/657/2048 2130/650/2041 2051/562/1962
f 2051/562/1962 2053/564/1964 2137/657/2048
f 2131/651/2042 2088/604/2002 2132/652/2043
f 2089/603/2001 2132/652/2043 2088/604/2002
f 2132/652/2043 2089/603/2001 2133/653/2044
f 2092/607/2005 2133/653/2044 2089/603/2001
f 2133/653/2044 2092/607/2005 2134/654/2045
f 2094/609/2007 2134/654/2045 2092/607/2005
f 2134/654/2045 2094/609/2007 2052/563/1963
f 2042/552/1954 2052/563/1963 2094/609/2007
f 2098/613/2011 2096/612/2010 2136/656/2047
f 2136/656/2047 2135/655/2046 2098/613/2011
f 2098/613/2011 2137/657/2048 2099/614/2012
f 2098/613/2011 2135/655/2046 2137/657/2048
f 2099/614/2012 2137/657/2048 2053/564/1964
f 2053/564/1964 2039/549/1951 2099/614/2012
f 2109/623/2021 2138/658/2049 2108/624/2022
f 2109/623/2021 2139/659/2050 2138/658/2049
f 2108/624/2022 2138/658/2049 2140/660/2051
f 2108/624/2022 2140/660/2051 2110/625/2023
f 2110/625/2023 2140/660/2051 2141/661/2052
f 2110/625/2023 2141/661/2052 2111/626/2024
f 2111/626/2024 2055/566/1966 2046/555/1957
f 2111/626/2024 2141/661/2052 2055/566/1966
f 2113/628/2026 2142/662/2053 2112/627/2025
f 2113/628/2026 2143/663/2054 2142/662/2053
f 2113/628/2026 2114/629/2027 2144/664/2055
f 2144/664/2055 2143/663/2054 2113/628/2026
f 2114/629/2027 2045/556/1958 2054/565/1965
f 2054/565/1965 2144/664/2055 2114/629/2027
f 2139/659/2050 2145/665/2056 2138/658/2049
f 2139/659/2050 2146/666/2057 2145/665/2056
f 2138/658/2049 2145/665/2056 2147/667/2058
f 2138/658/2049 2147/667/2058 2140/660/2051
f 2140/660/2051 2148/668/2059 2141/661/2052
f 2140/660/2051 2147/667/2058 2148/668/2059
f 2141/661/2052 2057/568/1968 2055/566/1966
f 2141/661/2052 2148/668/2059 2057/568/1968
f 2143/663/2054 2149/669/2060 2142/662/2053
f 2143/663/2054 2150/670/2061 2149/669/2060
f 2143/663/2054 2144/664/2055 2151/671/2062
f 2151/671/2062 2150/670/2061 2143/663/2054
f 2144/664/2055 2054/565/1965 2056/567/1967
f 2056/567/1967 2151/671/2062 2144/664/2055
f 2146/666/2057 2152/672/2063 2145/665/2056
f 2146/666/2057 2153/673/2064 2152/672/2063
f 2145/665/2056 2154/674/2065 2147/667/2058
f 2145/665/2056 2152/672/2063 2154/674/2065
f 2147/667/2058 2060/571/1971 2148/668/2059
f 2147/667/2058 2154/674/2065 2060/571/1971
f 2148/668/2059 2059/570/1970 2057/568/1968
f 2148/668/2059 2060/571/1971 2059/570/1970
f 2150/670/2061 2155/675/2066 2149/669/2060
f 2150/670/2061 2156/676/2067 2155/675/2066
f 2150/670/2061 2151/671/2062 2157/677/2068
f 2157/677/2068 2156/676/2067 2150/670/2061
f 2151/671/2062 2056/567/1967 2058/569/1969
f 2058/569/1969 2157/677/2068 2151/671/2062
f 2156/676/2067 2072/678/1981 2155/675/2066
f 2156/676/2067 2071/679/1982 2072/678/1981
f 2071/679/1982 2156/676/2067 2157/677/2068
f 2157/677/2068 2158/680/1984 2071/679/1982
f 2157/677/2068 2058/569/1969 2158/680/1984
f 2058/569/1969 2159/681/1945 2158/680/1984
f 2059/570/1970 2159/681/1945 2058/569/1969
f 2059/570/1970 2061/572/1943 2159/681/1945
f 2153/673/2064 2065/682/1976 2152/672/2063
f 2153/673/2064 2062/683/1973 2065/682/1976
f 2152/672/2063 2067/684/1978 2154/674/2065
f 2152/672/2063 2065/682/1976 2067/684/1978
f 2154/674/2065 2069/573/1972 2060/571/1971
f 2154/674/2065 2067/684/1978 2069/573/1972
f 2160/685/1077 2105/620/2018 1170/686/1078
f 1170/686/1078 2105/620/2018 2112/627/2025
f 1169/687/1076 2097/611/2009 2105/620/2018
f 2105/620/2018 2160/685/1077 1169/687/1076
f 1169/687/1076 2161/688/1075 2096/612/2010
f 2096/612/2010 2097/611/2009 1169/687/1076
f 2096/612/2010 2161/688/1075 2162/689/1088
f 2162/689/1088 2136/656/2047 2096/612/2010
f 2136/656/2047 2162/689/1088 2163/690/1087
f 2163/690/1087 2129/649/2040 2136/656/2047
f 2129/649/2040 2163/690/1087 2164/691/1086
f 2164/691/1086 2122/639/2033 2129/649/2040
f 2122/639/2033 2164/691/1086 2165/692/1085
f 2165/692/1085 2121/640/1998 2122/639/2033
f 2080/593/1991 2121/600/1998 2165/693/1085
f 2165/693/1085 2166/694/1084 2080/593/1991
f 2073/585/1983 2080/593/1991 2166/694/1084
f 2166/694/1084 1175/695/1083 2073/585/1983
f 2073/585/1983 1174/696/1082 2072/583/1981
f 2073/585/1983 1175/695/1083 1174/696/1082
f 2155/675/2066 1174/697/1082 1173/698/1081
f 2155/675/2066 2072/678/1981 1174/697/1082
f 2149/669/2060 1173/698/1081 1172/699/1080
f 2149/669/2060 2155/675/2066 1173/698/1081
f 2142/662/2053 1172/699/1080 1171/700/1079
f 2142/662/2053 2149/669/2060 1172/699/1080
f 2112/627/2025 1171/700/1079 1170/686/1078
f 2112/627/2025 2142/662/2053 1171/700/1079
f 2088/604/2002 2167/701/1931 2090/605/2003
f 2167/701/1931 2088/604/2002 2168/702/1932
f 2102/616/2014 2090/605/2003 2167/701/1931
f 2167/701/1931 2023/703/1929 2102/616/2014
f 2102/616/2014 2023/703/1929 2024/704/1930
f 2024/704/1930 2109/623/2021 2102/616/2014
f 2024/704/1930 2139/659/2050 2109/623/2021
f 2024/704/1930 2029/705/1942 2139/659/2050
f 2029/705/1942 2146/666/2057 2139/659/2050
f 2029/705/1942 2028/706/1941 2146/666/2057
f 2028/706/1941 2153/673/2064 2146/666/2057
f 2028/706/1941 2169/707/1940 2153/673/2064
f 2169/707/1940 2062/683/1973 2153/673/2064
f 2169/707/1940 2171/708/1939 2062/683/1973
f 2170/709/1938 2064/575/1974 2171/710/1939
f 2171/710/1939 2064/575/1974 2062/574/1973
f 2027/711/1937 2076/588/1986 2064/575/1974
f 2064/575/1974 2170/709/1938 2027/711/1937
f 2027/711/1937 2172/712/1936 2076/588/1986
f 2172/712/1936 2083/595/1993 2076/588/1986
f 2172/713/1936 2173/714/1935 2083/630/1993
f 2115/631/2028 2083/630/1993 2173/714/1935
f 2173/714/1935 2026/715/1934 2115/631/2028
f 2124/644/2035 2115/631/2028 2026/715/1934
f 2026/715/1934 2025/716/1933 2124/644/2035
f 2131/651/2042 2124/644/2035 2025/716/1933
f 2025/716/1933 2168/702/1932 2131/651/2042
f 2088/604/2002 2131/651/2042 2168/702/1932
f 2174/144/2069 2176/145/2070 2175/146/2071
f 2174/144/2069 2177/147/2072 2176/145/2070
f 2178/148/2073 2180/149/2074 2179/150/2075
f 2180/149/2074 2181/151/2076 2179/150/2075
f 2182/152/2077 2184/153/2078 2183/154/2079
f 2183/154/2079 2185/155/2080 2182/152/2077
f 2186/156/2081 2188/157/2082 2187/158/2083
f 2187/158/2083 2189/159/2084 2186/156/2081
f 2190/160/2085 2192/161/2086 2191/162/2087
f 2190/160/2085 2193/163/2088 2192/161/2086
f 2193/163/2088 2175/146/2071 2192/161/2086
f 2193/163/2088 2174/144/2069 2175/146/2071
f 2194/164/2089 2196/165/2090 2195/166/2091
f 2196/165/2090 2197/167/2092 2195/166/2091
f 2176/145/2070 2177/147/2072 2196/165/2090
f 2196/165/2090 2194/164/2089 2176/145/2070
f 2198/168/2093 2200/169/2094 2199/170/2095
f 2200/169/2094 2201/171/2096 2199/170/2095
f 2179/150/2075 2181/151/2076 2198/168/2093
f 2181/151/2076 2200/169/2094 2198/168/2093
f 2202/172/2097 2204/173/2098 2203/174/2099
f 2202/172/2097 2205/175/2100 2204/173/2098
f 2205/175/2100 2178/148/2073 2204/173/2098
f 2205/175/2100 2180/149/2074 2178/148/2073
f 2206/176/2101 2208/177/2102 2207/178/2103
f 2207/178/2103 2209/179/2104 2206/176/2101
f 2208/177/2102 2182/152/2077 2185/155/2080
f 2185/155/2080 2207/178/2103 2208/177/2102
f 2210/180/2105 2212/181/2106 2211/182/2107
f 2211/182/2107 2212/181/2106 2213/183/2108
f 2211/182/2107 2213/183/2108 2214/184/2109
f 2214/184/2109 2213/183/2108 2184/153/2078
f 2215/185/2110 2217/186/2111 2216/187/2112
f 2216/187/2112 2218/188/2113 2215/185/2110
f 2217/186/2111 2186/156/2081 2189/159/2084
f 2189/159/2084 2216/187/2112 2217/186/2111
f 2219/189/2114 2221/190/2115 2220/191/2116
f 2220/191/2116 2221/190/2115 2222/192/2117
f 2220/191/2116 2222/192/2117 2223/193/2118
f 2223/193/2118 2222/192/2117 2188/157/2082
f 2224/194/2119 2214/184/2109 2225/195/2120
f 2225/195/2120 2226/196/2121 2224/194/2119
f 2225/195/2120 2214/184/2109 2184/153/2078
f 2184/153/2078 2182/152/2077 2225/195/2120
f 2252/197/2122 2185/155/2080 2253/198/2123
f 2183/154/2079 2253/198/2123 2185/155/2080
f 2227/199/2124 2228/200/2125 2223/193/2118
f 2223/193/2118 2229/201/2126 2227/199/2124
f 2229/201/2126 2223/193/2118 2188/157/2082
f 2188/157/2082 2186/156/2081 2229/201/2126
f 2187/158/2083 2230/202/2127 2189/159/2084
f 2189/159/2084 2230/202/2127 2254/203/2128
f 2231/204/2129 2233/205/2130 2232/206/2131
f 2232/206/2131 2234/207/2132 2231/204/2129
f 2234/207/2132 2232/206/2131 2208/177/2102
f 2208/177/2102 2206/176/2101 2234/207/2132
f 2255/208/2133 2209/179/2104 2235/209/2134
f 2207/178/2103 2235/209/2134 2209/179/2104
f 2233/205/2130 2226/196/2121 2225/195/2120
f 2225/195/2120 2232/206/2131 2233/205/2130
f 2232/206/2131 2225/195/2120 2182/152/2077
f 2182/152/2077 2208/177/2102 2232/206/2131
f 2235/209/2134 2207/178/2103 2185/155/2080
f 2185/155/2080 2252/197/2122 2235/209/2134
f 2236/210/2135 2257/211/2136 2237/212/2137
f 2237/212/2137 2238/213/2138 2236/210/2135
f 2212/181/2106 2236/210/2135 2213/183/2108
f 2213/183/2108 2236/210/2135 2238/213/2138
f 2239/214/2139 2240/215/2140 2210/180/2105
f 2210/180/2105 2211/182/2107 2239/214/2139
f 2238/213/2138 2237/212/2137 2253/198/2123
f 2253/198/2123 2183/154/2079 2238/213/2138
f 2213/183/2108 2238/213/2138 2184/153/2078
f 2184/153/2078 2238/213/2138 2183/154/2079
f 2224/194/2119 2239/214/2139 2211/182/2107
f 2211/182/2107 2214/184/2109 2224/194/2119
f 2241/216/2141 2243/217/2142 2242/218/2143
f 2242/218/2143 2244/219/2144 2241/216/2141
f 2242/218/2143 2243/217/2142 2217/186/2111
f 2217/186/2111 2215/185/2110 2242/218/2143
f 2216/187/2112 2256/220/2145 2245/221/2146
f 2245/221/2146 2218/188/2113 2216/187/2112
f 2241/216/2141 2229/201/2126 2243/217/2142
f 2241/216/2141 2227/199/2124 2229/201/2126
f 2243/217/2142 2229/201/2126 2186/156/2081
f 2186/156/2081 2217/186/2111 2243/217/2142
f 2189/159/2084 2254/203/2128 2216/187/2112
f 2216/187/2112 2254/203/2128 2256/220/2145
f 2246/222/2147 2248/223/2148 2247/224/2149
f 2249/225/2150 2247/224/2149 2248/223/2148
f 2221/190/2115 2249/225/2150 2222/192/2117
f 2222/192/2117 2249/225/2150 2248/223/2148
f 2250/226/2151 2219/189/2114 2220/191/2116
f 2220/191/2116 2251/227/2152 2250/226/2151
f 2248/223/2148 2246/222/2147 2187/158/2083
f 2187/158/2083 2246/222/2147 2230/202/2127
f 2222/192/2117 2248/223/2148 2188/157/2082
f 2188/157/2082 2248/223/2148 2187/158/2083
f 2228/200/2125 2251/227/2152 2220/191/2116
f 2220/191/2116 2223/193/2118 2228/200/2125
f 2174/144/2069 2252/228/2122 2177/147/2072
f 2252/228/2122 2253/229/2123 2177/147/2072
f 2254/230/2128 2230/231/2127 2175/146/2071
f 2175/146/2071 2176/145/2070 2254/230/2128
f 2227/199/2124 2178/148/2073 2179/150/2075
f 2179/150/2075 2228/200/2125 2227/199/2124
f 2224/194/2119 2181/151/2076 2180/149/2074
f 2181/151/2076 2224/194/2119 2226/196/2121
f 2190/160/2085 2255/232/2133 2235/233/2134
f 2235/233/2134 2193/163/2088 2190/160/2085
f 2247/234/2149 2191/162/2087 2192/161/2086
f 2192/161/2086 2246/235/2147 2247/234/2149
f 2193/163/2088 2235/233/2134 2174/144/2069
f 2235/233/2134 2252/228/2122 2174/144/2069
f 2246/235/2147 2192/161/2086 2175/146/2071
f 2175/146/2071 2230/231/2127 2246/235/2147
f 2256/236/2145 2194/164/2089 2245/237/2146
f 2194/164/2089 2195/166/2091 2245/237/2146
f 2196/165/2090 2237/238/2137 2257/239/2136
f 2257/239/2136 2197/167/2092 2196/165/2090
f 2256/236/2145 2254/230/2128 2176/145/2070
f 2176/145/2070 2194/164/2089 2256/236/2145
f 2253/229/2123 2196/165/2090 2177/147/2072
f 2196/165/2090 2253/229/2123 2237/238/2137
f 2251/227/2152 2198/168/2093 2250/226/2151
f 2198/168/2093 2199/170/2095 2250/226/2151
f 2200/169/2094 2233/205/2130 2201/171/2096
f 2201/171/2096 2233/205/2130 2231/204/2129
f 2228/200/2125 2179/150/2075 2251/227/2152
f 2179/150/2075 2198/168/2093 2251/227/2152
f 2181/151/2076 2226/196/2121 2233/205/2130
f 2233/205/2130 2200/169/2094 2181/151/2076
f 2202/172/2097 2240/215/2140 2239/214/2139
f 2239/214/2139 2205/175/2100 2202/172/2097
f 2244/219/2144 2203/174/2099 2241/216/2141
f 2203/174/2099 2204/173/2098 2241/216/2141
f 2239/214/2139 2180/149/2074 2205/175/2100
f 2239/214/2139 2224/194/2119 2180/149/2074
f 2241/216/2141 2204/173/2098 2227/199/2124
f 2204/173/2098 2178/148/2073 2227/199/2124
f 3497/240/2153 2258/241/2154 2244/219/2144
f 2203/174/2099 2244/219/2144 2258/241/2154
f 2258/241/2154 2259/242/2155 2203/174/2099
f 2259/242/2155 2202/172/2097 2203/174/2099
f 2259/242/2155 3499/243/2156 2202/172/2097
f 3499/243/2156 2240/215/2140 2202/172/2097
f 3499/243/2156 3494/244/2157 2210/180/2105
f 2210/180/2105 2240/215/2140 3499/243/2156
f 2210/180/2105 3494/244/2157 2260/245/2158
f 2260/245/2158 2212/181/2106 2210/180/2105
f 2212/181/2106 2260/245/2158 2236/210/2135
f 2260/245/2158 2261/246/2159 2236/210/2135
f 2236/210/2135 2261/246/2159 3500/247/2160
f 3500/247/2160 2257/211/2136 2236/210/2135
f 2197/167/2092 2257/239/2136 3500/248/2160
f 3500/248/2160 3498/249/2161 2197/167/2092
f 2195/166/2091 2197/167/2092 3498/249/2161
f 3498/249/2161 2262/250/2162 2195/166/2091
f 2245/237/2146 2195/166/2091 2262/250/2162
f 2262/250/2162 2263/251/2163 2245/237/2146
f 2264/252/2164 2218/188/2113 2245/221/2146
f 2245/221/2146 2263/253/2163 2264/252/2164
f 2215/185/2110 2264/252/2164 3495/254/2165
f 2215/185/2110 2218/188/2113 2264/252/2164
f 2242/218/2143 3495/254/2165 3496/255/2166
f 2242/218/2143 2215/185/2110 3495/254/2165
f 3496/255/2166 3497/240/2153 2244/219/2144
f 2244/219/2144 2242/218/2143 3496/255/2166
f 2231/204/2129 3602/256/2167 3601/257/2168
f 3601/257/2168 2201/171/2096 2231/204/2129
f 2199/170/2095 2201/171/2096 3601/257/2168
f 3601/257/2168 2265/258/2169 2199/170/2095
f 2250/226/2151 2199/170/2095 2265/258/2169
f 2265/258/2169 2266/259/2170 2250/226/2151
f 2250/226/2151 2266/259/2170 2219/189/2114
f 2266/259/2170 3611/260/2171 2219/189/2114
f 2221/190/2115 2219/189/2114 3611/260/2171
f 3611/260/2171 3610/261/2172 2221/190/2115
f 2249/225/2150 2221/190/2115 3610/261/2172
f 3610/261/2172 3609/262/2173 2249/225/2150
f 3609/262/2173 3608/263/2174 2247/224/2149
f 2247/224/2149 2249/225/2150 3609/262/2173
f 3607/264/2175 2191/162/2087 2247/234/2149
f 2247/234/2149 3608/265/2174 3607/264/2175
f 3607/264/2175 3606/266/2176 2191/162/2087
f 3606/266/2176 2190/160/2085 2191/162/2087
f 3606/266/2176 3605/267/2177 2190/160/2085
f 3605/267/2177 2255/232/2133 2190/160/2085
f 2209/179/2104 3605/268/2177 3604/269/2178
f 2209/179/2104 2255/208/2133 3605/268/2177
f 2206/176/2101 3604/269/2178 3603/270/2179
f 2206/176/2101 2209/179/2104 3604/269/2178
f 2234/207/2132 3603/270/2179 2267/271/2180
f 2234/207/2132 2206/176/2101 3603/270/2179
f 2231/204/2129 2267/271/2180 3602/256/2167
f 2231/204/2129 2234/207/2132 2267/271/2180
f 2268/541/2181 2269/543/2182 2270/542/2183
f 2270/542/2183 2269/543/2182 2271/544/2184
f 2270/542/2183 2272/546/2185 2273/545/2186
f 2272/546/2185 2270/542/2183 2271/544/2184
f 2273/545/2186 2272/546/2185 2274/547/2187
f 2274/547/2187 2272/546/2185 2283/548/2188
f 2275/549/2189 2276/551/2190 2277/550/2191
f 2275/549/2189 2277/550/2191 2278/552/2192
f 2276/551/2190 2279/554/2193 2280/553/2194
f 2276/551/2190 2280/553/2194 2277/550/2191
f 2279/554/2193 2281/556/2195 2282/555/2196
f 2279/554/2193 2282/555/2196 2280/553/2194
f 2274/557/2187 2283/559/2188 2284/558/2197
f 2285/560/2198 2284/558/2197 2283/559/2188
f 2284/558/2197 2285/560/2198 2286/561/2199
f 2287/562/2200 2286/561/2199 2285/560/2198
f 2286/561/2199 2287/562/2200 2288/563/2201
f 2289/564/2202 2288/563/2201 2287/562/2200
f 2288/563/2201 2289/564/2202 2278/552/2192
f 2275/549/2189 2278/552/2192 2289/564/2202
f 2282/555/2196 2281/556/2195 2290/565/2203
f 2282/555/2196 2290/565/2203 2291/566/2204
f 2291/566/2204 2290/565/2203 2292/567/2205
f 2291/566/2204 2292/567/2205 2293/568/2206
f 2293/568/2206 2292/567/2205 2294/569/2207
f 2293/568/2206 2294/569/2207 2295/570/2208
f 2296/571/2209 2295/570/2208 2268/572/2181
f 2296/571/2209 2268/572/2181 2301/573/2210
f 2392/574/2211 2297/576/2212 2298/575/2213
f 2297/576/2212 2392/574/2211 2391/577/2214
f 2391/577/2214 2299/578/2215 2297/576/2212
f 2299/578/2215 2391/577/2214 2393/579/2216
f 2393/579/2216 2300/580/2217 2299/578/2215
f 2300/580/2217 2393/579/2216 2301/581/2210
f 2301/581/2210 2268/541/2181 2300/580/2217
f 2300/580/2217 2268/541/2181 2270/542/2183
f 2302/582/2218 2303/584/2219 2304/583/2220
f 2302/582/2218 2304/583/2220 2305/585/2221
f 2306/586/2222 2303/584/2219 2307/587/2223
f 2303/584/2219 2302/582/2218 2307/587/2223
f 2269/543/2182 2306/586/2222 2271/544/2184
f 2306/586/2222 2307/587/2223 2271/544/2184
f 2298/575/2213 2308/589/2224 2309/588/2225
f 2308/589/2224 2298/575/2213 2297/576/2212
f 2297/576/2212 2310/590/2226 2308/589/2224
f 2310/590/2226 2297/576/2212 2299/578/2215
f 2299/578/2215 2311/591/2227 2310/590/2226
f 2311/591/2227 2299/578/2215 2300/580/2217
f 2300/580/2217 2273/545/2186 2311/591/2227
f 2273/545/2186 2300/580/2217 2270/542/2183
f 2312/592/2228 2302/582/2218 2305/585/2221
f 2312/592/2228 2305/585/2221 2313/593/2229
f 2307/587/2223 2302/582/2218 2314/594/2230
f 2302/582/2218 2312/592/2228 2314/594/2230
f 2271/544/2184 2307/587/2223 2272/546/2185
f 2307/587/2223 2314/594/2230 2272/546/2185
f 2309/588/2225 2348/596/2231 2315/595/2232
f 2348/596/2231 2309/588/2225 2308/589/2224
f 2308/589/2224 2316/597/2233 2348/596/2231
f 2316/597/2233 2308/589/2224 2310/590/2226
f 2310/590/2226 2317/598/2234 2316/597/2233
f 2317/598/2234 2310/590/2226 2311/591/2227
f 2311/591/2227 2273/545/2186 2317/598/2234
f 2274/547/2187 2317/598/2234 2273/545/2186
f 2318/599/2235 2312/592/2228 2313/593/2229
f 2318/599/2235 2313/593/2229 2319/600/2236
f 2314/594/2230 2312/592/2228 2356/601/2237
f 2312/592/2228 2318/599/2235 2356/601/2237
f 2272/546/2185 2314/594/2230 2283/548/2188
f 2314/594/2230 2356/601/2237 2283/548/2188
f 2320/602/2238 2321/604/2239 2322/603/2240
f 2321/604/2239 2320/602/2238 2323/605/2241
f 2324/606/2242 2320/602/2238 2325/607/2243
f 2320/602/2238 2322/603/2240 2325/607/2243
f 2326/608/2244 2324/606/2242 2327/609/2245
f 2324/606/2242 2325/607/2243 2327/609/2245
f 2278/552/2192 2277/550/2191 2326/608/2244
f 2278/552/2192 2326/608/2244 2327/609/2245
f 2328/610/2246 2329/612/2247 2330/611/2248
f 2329/612/2247 2328/610/2246 2331/613/2249
f 2328/610/2246 2332/614/2250 2331/613/2249
f 2332/614/2250 2328/610/2246 2333/615/2251
f 2333/615/2251 2275/549/2189 2332/614/2250
f 2275/549/2189 2333/615/2251 2276/551/2190
f 2320/602/2238 2334/617/2252 2335/616/2253
f 2320/602/2238 2335/616/2253 2323/605/2241
f 2336/618/2254 2334/617/2252 2324/606/2242
f 2334/617/2252 2320/602/2238 2324/606/2242
f 2337/619/2255 2336/618/2254 2326/608/2244
f 2336/618/2254 2324/606/2242 2326/608/2244
f 2277/550/2191 2280/553/2194 2337/619/2255
f 2277/550/2191 2337/619/2255 2326/608/2244
f 2338/620/2256 2328/610/2246 2330/611/2248
f 2328/610/2246 2338/620/2256 2339/621/2257
f 2339/621/2257 2333/615/2251 2328/610/2246
f 2333/615/2251 2339/621/2257 2340/622/2258
f 2340/622/2258 2276/551/2190 2333/615/2251
f 2276/551/2190 2340/622/2258 2279/554/2193
f 2334/617/2252 2341/624/2259 2342/623/2260
f 2334/617/2252 2342/623/2260 2335/616/2253
f 2343/625/2261 2341/624/2259 2336/618/2254
f 2341/624/2259 2334/617/2252 2336/618/2254
f 2344/626/2262 2343/625/2261 2337/619/2255
f 2343/625/2261 2336/618/2254 2337/619/2255
f 2280/553/2194 2282/555/2196 2344/626/2262
f 2280/553/2194 2344/626/2262 2337/619/2255
f 2345/627/2263 2339/621/2257 2338/620/2256
f 2339/621/2257 2345/627/2263 2346/628/2264
f 2346/628/2264 2340/622/2258 2339/621/2257
f 2340/622/2258 2346/628/2264 2347/629/2265
f 2347/629/2265 2279/554/2193 2340/622/2258
f 2279/554/2193 2347/629/2265 2281/556/2195
f 2315/630/2232 2348/632/2231 2349/631/2266
f 2350/633/2267 2349/631/2266 2348/632/2231
f 2348/632/2231 2316/634/2233 2350/633/2267
f 2351/635/2268 2350/633/2267 2316/634/2233
f 2316/634/2233 2317/636/2234 2351/635/2268
f 2352/637/2269 2351/635/2268 2317/636/2234
f 2317/636/2234 2274/557/2187 2352/637/2269
f 2284/558/2197 2352/637/2269 2274/557/2187
f 2353/638/2270 2319/640/2236 2354/639/2271
f 2319/640/2236 2353/638/2270 2318/641/2235
f 2355/642/2272 2318/641/2235 2353/638/2270
f 2318/641/2235 2355/642/2272 2356/643/2237
f 2285/560/2198 2356/643/2237 2355/642/2272
f 2356/643/2237 2285/560/2198 2283/559/2188
f 2349/631/2266 2350/633/2267 2357/644/2273
f 2358/645/2274 2357/644/2273 2350/633/2267
f 2350/633/2267 2351/635/2268 2358/645/2274
f 2359/646/2275 2358/645/2274 2351/635/2268
f 2351/635/2268 2352/637/2269 2359/646/2275
f 2360/647/2276 2359/646/2275 2352/637/2269
f 2352/637/2269 2284/558/2197 2360/647/2276
f 2286/561/2199 2360/647/2276 2284/558/2197
f 2361/648/2277 2354/639/2271 2362/649/2278
f 2354/639/2271 2361/648/2277 2353/638/2270
f 2361/648/2277 2363/650/2279 2355/642/2272
f 2361/648/2277 2355/642/2272 2353/638/2270
f 2287/562/2200 2355/642/2272 2363/650/2279
f 2355/642/2272 2287/562/2200 2285/560/2198
f 2357/644/2273 2358/645/2274 2364/651/2280
f 2365/652/2281 2364/651/2280 2358/645/2274
f 2358/645/2274 2359/646/2275 2365/652/2281
f 2366/653/2282 2365/652/2281 2359/646/2275
f 2359/646/2275 2360/647/2276 2366/653/2282
f 2367/654/2283 2366/653/2282 2360/647/2276
f 2360/647/2276 2286/561/2199 2367/654/2283
f 2288/563/2201 2367/654/2283 2286/561/2199
f 2368/655/2284 2362/649/2278 2369/656/2285
f 2362/649/2278 2368/655/2284 2361/648/2277
f 2368/655/2284 2370/657/2286 2363/650/2279
f 2368/655/2284 2363/650/2279 2361/648/2277
f 2370/657/2286 2287/562/2200 2363/650/2279
f 2287/562/2200 2370/657/2286 2289/564/2202
f 2364/651/2280 2365/652/2281 2321/604/2239
f 2322/603/2240 2321/604/2239 2365/652/2281
f 2365/652/2281 2366/653/2282 2322/603/2240
f 2325/607/2243 2322/603/2240 2366/653/2282
f 2366/653/2282 2367/654/2283 2325/607/2243
f 2327/609/2245 2325/607/2243 2367/654/2283
f 2367/654/2283 2288/563/2201 2327/609/2245
f 2278/552/2192 2327/609/2245 2288/563/2201
f 2331/613/2249 2369/656/2285 2329/612/2247
f 2369/656/2285 2331/613/2249 2368/655/2284
f 2331/613/2249 2332/614/2250 2370/657/2286
f 2331/613/2249 2370/657/2286 2368/655/2284
f 2332/614/2250 2289/564/2202 2370/657/2286
f 2289/564/2202 2332/614/2250 2275/549/2189
f 2342/623/2260 2341/624/2259 2371/658/2287
f 2342/623/2260 2371/658/2287 2372/659/2288
f 2341/624/2259 2373/660/2289 2371/658/2287
f 2341/624/2259 2343/625/2261 2373/660/2289
f 2343/625/2261 2374/661/2290 2373/660/2289
f 2343/625/2261 2344/626/2262 2374/661/2290
f 2344/626/2262 2282/555/2196 2291/566/2204
f 2344/626/2262 2291/566/2204 2374/661/2290
f 2346/628/2264 2345/627/2263 2375/662/2291
f 2346/628/2264 2375/662/2291 2376/663/2292
f 2346/628/2264 2377/664/2293 2347/629/2265
f 2377/664/2293 2346/628/2264 2376/663/2292
f 2347/629/2265 2290/565/2203 2281/556/2195
f 2290/565/2203 2347/629/2265 2377/664/2293
f 2372/659/2288 2371/658/2287 2378/665/2294
f 2372/659/2288 2378/665/2294 2379/666/2295
f 2371/658/2287 2380/667/2296 2378/665/2294
f 2371/658/2287 2373/660/2289 2380/667/2296
f 2373/660/2289 2374/661/2290 2381/668/2297
f 2373/660/2289 2381/668/2297 2380/667/2296
f 2374/661/2290 2291/566/2204 2293/568/2206
f 2374/661/2290 2293/568/2206 2381/668/2297
f 2376/663/2292 2375/662/2291 2382/669/2298
f 2376/663/2292 2382/669/2298 2383/670/2299
f 2376/663/2292 2384/671/2300 2377/664/2293
f 2384/671/2300 2376/663/2292 2383/670/2299
f 2377/664/2293 2292/567/2205 2290/565/2203
f 2292/567/2205 2377/664/2293 2384/671/2300
f 2379/666/2295 2378/665/2294 2385/672/2301
f 2379/666/2295 2385/672/2301 2386/673/2302
f 2378/665/2294 2380/667/2296 2387/674/2303
f 2378/665/2294 2387/674/2303 2385/672/2301
f 2380/667/2296 2381/668/2297 2296/571/2209
f 2380/667/2296 2296/571/2209 2387/674/2303
f 2381/668/2297 2293/568/2206 2295/570/2208
f 2381/668/2297 2295/570/2208 2296/571/2209
f 2383/670/2299 2382/669/2298 2388/675/2304
f 2383/670/2299 2388/675/2304 2389/676/2305
f 2383/670/2299 2390/677/2306 2384/671/2300
f 2390/677/2306 2383/670/2299 2389/676/2305
f 2384/671/2300 2294/569/2207 2292/567/2205
f 2294/569/2207 2384/671/2300 2390/677/2306
f 2389/676/2305 2388/675/2304 2304/678/2220
f 2389/676/2305 2304/678/2220 2303/679/2219
f 2303/679/2219 2390/677/2306 2389/676/2305
f 2390/677/2306 2303/679/2219 2306/680/2222
f 2390/677/2306 2306/680/2222 2294/569/2207
f 2294/569/2207 2306/680/2222 2269/681/2182
f 2295/570/2208 2294/569/2207 2269/681/2182
f 2295/570/2208 2269/681/2182 2268/572/2181
f 2386/673/2302 2385/672/2301 2391/682/2214
f 2386/673/2302 2391/682/2214 2392/683/2211
f 2385/672/2301 2387/674/2303 2393/684/2216
f 2385/672/2301 2393/684/2216 2391/682/2214
f 2387/674/2303 2296/571/2209 2301/573/2210
f 2387/674/2303 2301/573/2210 2393/684/2216
f 2394/685/2307 810/686/2308 2338/620/2256
f 810/686/2308 2345/627/2263 2338/620/2256
f 2394/687/2307 2338/620/2256 2330/611/2248
f 2394/687/2307 2329/612/2247 811/688/2309
f 2329/612/2247 2394/687/2307 2330/611/2248
f 811/688/2309 2329/612/2247 813/718/2310
f 2395/689/2311 2329/612/2247 2369/656/2285
f 2395/690/2311 2369/656/2285 2362/649/2278
f 2362/649/2278 2396/691/2312 2395/690/2311
f 2396/691/2312 2362/649/2278 2354/639/2271
f 2354/639/2271 807/692/2313 2396/691/2312
f 807/692/2313 2354/639/2271 2319/640/2236
f 2313/593/2229 807/693/2313 2319/600/2236
f 807/693/2313 2313/593/2229 812/694/2314
f 2305/585/2221 812/694/2314 2313/593/2229
f 812/694/2314 2305/585/2221 2397/695/2315
f 2305/585/2221 2304/583/2220 2397/696/2315
f 2388/675/2304 808/698/2316 2397/697/2315
f 2388/675/2304 2397/697/2315 2304/678/2220
f 2382/669/2298 809/699/2317 808/698/2316
f 2382/669/2298 808/698/2316 2388/675/2304
f 2375/662/2291 814/700/2318 809/699/2317
f 2375/662/2291 809/699/2317 2382/669/2298
f 2345/627/2263 810/686/2308 814/700/2318
f 2345/627/2263 814/700/2318 2375/662/2291
f 2321/604/2239 2323/605/2241 3373/701/2319
f 3373/701/2319 2398/702/2320 2321/604/2239
f 2335/616/2253 3373/701/2319 2323/605/2241
f 3373/701/2319 2335/616/2253 3374/703/2321
f 2335/616/2253 2399/704/2322 3374/703/2321
f 2399/704/2322 2335/616/2253 2342/623/2260
f 2399/704/2322 2342/623/2260 2372/659/2288
f 2399/704/2322 2372/659/2288 3375/705/2323
f 3375/705/2323 2372/659/2288 2379/666/2295
f 3375/705/2323 2379/666/2295 3376/706/2324
f 3376/706/2324 2379/666/2295 2386/673/2302
f 3376/706/2324 2386/673/2302 2400/707/2325
f 2400/707/2325 2386/673/2302 2392/683/2211
f 2400/707/2325 2392/683/2211 3377/708/2326
f 3378/709/2327 3377/710/2326 2298/575/2213
f 3377/710/2326 2392/574/2211 2298/575/2213
f 2401/711/2328 2298/575/2213 2309/588/2225
f 2298/575/2213 2401/711/2328 3378/709/2327
f 2401/711/2328 2309/588/2225 2402/712/2329
f 2402/712/2329 2309/588/2225 2315/595/2232
f 2402/713/2329 2315/630/2232 3379/714/2330
f 2349/631/2266 3379/714/2330 2315/630/2232
f 3379/714/2330 2349/631/2266 3380/715/2331
f 2357/644/2273 3380/715/2331 2349/631/2266
f 3380/715/2331 2357/644/2273 3381/716/2332
f 2364/651/2280 3381/716/2332 2357/644/2273
f 3381/716/2332 2364/651/2280 2398/702/2320
f 2321/604/2239 2398/702/2320 2364/651/2280
f 2329/612/2247 2395/689/2311 813/718/2310
f 2403/144/2333 2405/145/2334 2404/146/2335
f 2403/144/2333 2406/147/2336 2405/145/2334
f 2407/148/2337 2409/149/2338 2408/150/2339
f 2409/149/2338 2410/151/2340 2408/150/2339
f 2411/152/2341 2413/153/2342 2412/154/2343
f 2412/154/2343 2414/155/2344 2411/152/2341
f 2415/156/2345 2417/157/2346 2416/158/2347
f 2416/158/2347 2418/159/2348 2415/156/2345
f 2419/160/2349 2421/161/2350 2420/162/2351
f 2419/160/2349 2422/163/2352 2421/161/2350
f 2422/163/2352 2404/146/2335 2421/161/2350
f 2422/163/2352 2403/144/2333 2404/146/2335
f 2423/164/2353 2425/165/2354 2424/166/2355
f 2425/165/2354 2426/167/2356 2424/166/2355
f 2405/145/2334 2406/147/2336 2425/165/2354
f 2425/165/2354 2423/164/2353 2405/145/2334
f 2427/168/2357 2429/169/2358 2428/170/2359
f 2429/169/2358 2430/171/2360 2428/170/2359
f 2408/150/2339 2410/151/2340 2427/168/2357
f 2410/151/2340 2429/169/2358 2427/168/2357
f 2431/172/2361 2433/173/2362 2432/174/2363
f 2431/172/2361 2434/175/2364 2433/173/2362
f 2434/175/2364 2407/148/2337 2433/173/2362
f 2434/175/2364 2409/149/2338 2407/148/2337
f 2435/176/2365 2437/177/2366 2436/178/2367
f 2436/178/2367 2438/179/2368 2435/176/2365
f 2437/177/2366 2411/152/2341 2414/155/2344
f 2414/155/2344 2436/178/2367 2437/177/2366
f 2439/180/2369 2441/181/2370 2440/182/2371
f 2440/182/2371 2441/181/2370 2442/183/2372
f 2440/182/2371 2442/183/2372 2443/184/2373
f 2443/184/2373 2442/183/2372 2413/153/2342
f 2444/185/2374 2446/186/2375 2445/187/2376
f 2445/187/2376 2447/188/2377 2444/185/2374
f 2446/186/2375 2415/156/2345 2418/159/2348
f 2418/159/2348 2445/187/2376 2446/186/2375
f 2448/189/2378 2450/190/2379 2449/191/2380
f 2449/191/2380 2450/190/2379 2451/192/2381
f 2449/191/2380 2451/192/2381 2452/193/2382
f 2452/193/2382 2451/192/2381 2417/157/2346
f 2453/194/2383 2443/184/2373 2454/195/2384
f 2454/195/2384 2455/196/2385 2453/194/2383
f 2454/195/2384 2443/184/2373 2413/153/2342
f 2413/153/2342 2411/152/2341 2454/195/2384
f 2481/197/2386 2414/155/2344 2482/198/2387
f 2412/154/2343 2482/198/2387 2414/155/2344
f 2456/199/2388 2457/200/2389 2452/193/2382
f 2452/193/2382 2458/201/2390 2456/199/2388
f 2458/201/2390 2452/193/2382 2417/157/2346
f 2417/157/2346 2415/156/2345 2458/201/2390
f 2416/158/2347 2459/202/2391 2418/159/2348
f 2418/159/2348 2459/202/2391 2483/203/2392
f 2460/204/2393 2462/205/2394 2461/206/2395
f 2461/206/2395 2463/207/2396 2460/204/2393
f 2463/207/2396 2461/206/2395 2437/177/2366
f 2437/177/2366 2435/176/2365 2463/207/2396
f 2484/208/2397 2438/179/2368 2464/209/2398
f 2436/178/2367 2464/209/2398 2438/179/2368
f 2462/205/2394 2455/196/2385 2454/195/2384
f 2454/195/2384 2461/206/2395 2462/205/2394
f 2461/206/2395 2454/195/2384 2411/152/2341
f 2411/152/2341 2437/177/2366 2461/206/2395
f 2464/209/2398 2436/178/2367 2414/155/2344
f 2414/155/2344 2481/197/2386 2464/209/2398
f 2465/210/2399 2486/211/2400 2466/212/2401
f 2466/212/2401 2467/213/2402 2465/210/2399
f 2441/181/2370 2465/210/2399 2442/183/2372
f 2442/183/2372 2465/210/2399 2467/213/2402
f 2468/214/2403 2469/215/2404 2439/180/2369
f 2439/180/2369 2440/182/2371 2468/214/2403
f 2467/213/2402 2466/212/2401 2482/198/2387
f 2482/198/2387 2412/154/2343 2467/213/2402
f 2442/183/2372 2467/213/2402 2413/153/2342
f 2413/153/2342 2467/213/2402 2412/154/2343
f 2453/194/2383 2468/214/2403 2440/182/2371
f 2440/182/2371 2443/184/2373 2453/194/2383
f 2470/216/2405 2472/217/2406 2471/218/2407
f 2471/218/2407 2473/219/2408 2470/216/2405
f 2471/218/2407 2472/217/2406 2446/186/2375
f 2446/186/2375 2444/185/2374 2471/218/2407
f 2445/187/2376 2485/220/2409 2474/221/2410
f 2474/221/2410 2447/188/2377 2445/187/2376
f 2470/216/2405 2458/201/2390 2472/217/2406
f 2470/216/2405 2456/199/2388 2458/201/2390
f 2472/217/2406 2458/201/2390 2415/156/2345
f 2415/156/2345 2446/186/2375 2472/217/2406
f 2418/159/2348 2483/203/2392 2445/187/2376
f 2445/187/2376 2483/203/2392 2485/220/2409
f 2475/222/2411 2477/223/2412 2476/224/2413
f 2478/225/2414 2476/224/2413 2477/223/2412
f 2450/190/2379 2478/225/2414 2451/192/2381
f 2451/192/2381 2478/225/2414 2477/223/2412
f 2479/226/2415 2448/189/2378 2449/191/2380
f 2449/191/2380 2480/227/2416 2479/226/2415
f 2477/223/2412 2475/222/2411 2416/158/2347
f 2416/158/2347 2475/222/2411 2459/202/2391
f 2451/192/2381 2477/223/2412 2417/157/2346
f 2417/157/2346 2477/223/2412 2416/158/2347
f 2457/200/2389 2480/227/2416 2449/191/2380
f 2449/191/2380 2452/193/2382 2457/200/2389
f 2403/144/2333 2481/228/2386 2406/147/2336
f 2481/228/2386 2482/229/2387 2406/147/2336
f 2483/230/2392 2459/231/2391 2404/146/2335
f 2404/146/2335 2405/145/2334 2483/230/2392
f 2456/199/2388 2407/148/2337 2408/150/2339
f 2408/150/2339 2457/200/2389 2456/199/2388
f 2453/194/2383 2410/151/2340 2409/149/2338
f 2410/151/2340 2453/194/2383 2455/196/2385
f 2419/160/2349 2484/232/2397 2464/233/2398
f 2464/233/2398 2422/163/2352 2419/160/2349
f 2476/234/2413 2420/162/2351 2421/161/2350
f 2421/161/2350 2475/235/2411 2476/234/2413
f 2422/163/2352 2464/233/2398 2403/144/2333
f 2464/233/2398 2481/228/2386 2403/144/2333
f 2475/235/2411 2421/161/2350 2404/146/2335
f 2404/146/2335 2459/231/2391 2475/235/2411
f 2485/236/2409 2423/164/2353 2474/237/2410
f 2423/164/2353 2424/166/2355 2474/237/2410
f 2425/165/2354 2466/238/2401 2486/239/2400
f 2486/239/2400 2426/167/2356 2425/165/2354
f 2485/236/2409 2483/230/2392 2405/145/2334
f 2405/145/2334 2423/164/2353 2485/236/2409
f 2482/229/2387 2425/165/2354 2406/147/2336
f 2425/165/2354 2482/229/2387 2466/238/2401
f 2480/227/2416 2427/168/2357 2479/226/2415
f 2427/168/2357 2428/170/2359 2479/226/2415
f 2429/169/2358 2462/205/2394 2430/171/2360
f 2430/171/2360 2462/205/2394 2460/204/2393
f 2457/200/2389 2408/150/2339 2480/227/2416
f 2408/150/2339 2427/168/2357 2480/227/2416
f 2410/151/2340 2455/196/2385 2462/205/2394
f 2462/205/2394 2429/169/2358 2410/151/2340
f 2431/172/2361 2469/215/2404 2468/214/2403
f 2468/214/2403 2434/175/2364 2431/172/2361
f 2473/219/2408 2432/174/2363 2470/216/2405
f 2432/174/2363 2433/173/2362 2470/216/2405
f 2468/214/2403 2409/149/2338 2434/175/2364
f 2468/214/2403 2453/194/2383 2409/149/2338
f 2470/216/2405 2433/173/2362 2456/199/2388
f 2433/173/2362 2407/148/2337 2456/199/2388
f 2487/240/2417 2488/241/2418 2473/219/2408
f 2432/174/2363 2473/219/2408 2488/241/2418
f 2488/241/2418 3363/242/2419 2432/174/2363
f 3363/242/2419 2431/172/2361 2432/174/2363
f 3363/242/2419 2489/243/2420 2431/172/2361
f 2489/243/2420 2469/215/2404 2431/172/2361
f 2489/243/2420 3372/244/2421 2439/180/2369
f 2439/180/2369 2469/215/2404 2489/243/2420
f 2439/180/2369 3372/244/2421 3371/245/2422
f 3371/245/2422 2441/181/2370 2439/180/2369
f 2441/181/2370 3371/245/2422 2465/210/2399
f 3371/245/2422 3370/246/2423 2465/210/2399
f 2465/210/2399 3370/246/2423 3369/247/2424
f 3369/247/2424 2486/211/2400 2465/210/2399
f 2426/167/2356 2486/239/2400 3369/248/2424
f 3369/248/2424 3368/249/2425 2426/167/2356
f 2424/166/2355 2426/167/2356 3368/249/2425
f 3368/249/2425 3367/250/2426 2424/166/2355
f 2474/237/2410 2424/166/2355 3367/250/2426
f 3367/250/2426 3366/251/2427 2474/237/2410
f 3365/252/2428 2447/188/2377 2474/221/2410
f 2474/221/2410 3366/253/2427 3365/252/2428
f 2444/185/2374 3365/252/2428 2490/254/2429
f 2444/185/2374 2447/188/2377 3365/252/2428
f 2471/218/2407 2490/254/2429 3364/255/2430
f 2471/218/2407 2444/185/2374 2490/254/2429
f 3364/255/2430 2487/240/2417 2473/219/2408
f 2473/219/2408 2471/218/2407 3364/255/2430
f 2460/204/2393 3272/256/2431 2491/257/2432
f 2491/257/2432 2430/171/2360 2460/204/2393
f 2428/170/2359 2430/171/2360 2491/257/2432
f 2491/257/2432 3271/258/2433 2428/170/2359
f 2479/226/2415 2428/170/2359 3271/258/2433
f 3271/258/2433 2492/259/2434 2479/226/2415
f 2479/226/2415 2492/259/2434 2448/189/2378
f 2492/259/2434 2493/260/2435 2448/189/2378
f 2450/190/2379 2448/189/2378 2493/260/2435
f 2493/260/2435 2494/261/2436 2450/190/2379
f 2478/225/2414 2450/190/2379 2494/261/2436
f 2494/261/2436 2495/262/2437 2478/225/2414
f 2495/262/2437 3278/263/2438 2476/224/2413
f 2476/224/2413 2478/225/2414 2495/262/2437
f 3277/264/2439 2420/162/2351 2476/234/2413
f 2476/234/2413 3278/265/2438 3277/264/2439
f 3277/264/2439 3276/266/2440 2420/162/2351
f 3276/266/2440 2419/160/2349 2420/162/2351
f 3276/266/2440 3275/267/2441 2419/160/2349
f 3275/267/2441 2484/232/2397 2419/160/2349
f 2438/179/2368 3275/268/2441 3274/269/2442
f 2438/179/2368 2484/208/2397 3275/268/2441
f 2435/176/2365 3274/269/2442 3273/270/2443
f 2435/176/2365 2438/179/2368 3274/269/2442
f 2463/207/2396 3273/270/2443 2496/271/2444
f 2463/207/2396 2435/176/2365 3273/270/2443
f 2460/204/2393 2496/271/2444 3272/256/2431
f 2460/204/2393 2463/207/2396 2496/271/2444
f 2497/719/2445 3712/720/2446 2498/721/2447
f 2498/721/2447 2499/722/2448 2497/719/2445
f 2577/723/2449 2576/724/2450 2603/725/2451
f 2603/725/2451 2500/726/2452 2577/723/2449
f 2501/727/2453 2567/728/2454 2502/729/2455
f 2502/729/2455 2567/728/2454 2503/730/2456
f 2504/731/2457 2554/732/2458 2505/733/2459
f 2504/731/2457 2553/734/2460 2554/732/2458
f 2506/735/2461 2603/725/2451 2499/722/2448
f 2499/722/2448 2498/721/2447 2506/735/2461
f 2505/733/2459 2501/727/2453 2502/729/2455
f 2502/729/2455 2507/736/2462 2505/733/2459
f 2506/735/2461 2500/726/2452 2603/725/2451
f 2500/726/2452 2506/735/2461 2508/737/2463
f 3711/738/2464 2544/739/2465 2498/721/2447
f 2498/721/2447 2544/739/2465 2509/740/2466
f 2502/729/2455 2503/730/2456 2510/741/2467
f 2510/741/2467 2511/742/2468 2502/729/2455
f 2509/740/2466 2506/735/2461 2498/721/2447
f 2506/735/2461 2509/740/2466 2512/743/2469
f 2502/729/2455 2511/742/2468 2513/744/2470
f 2513/744/2470 2507/736/2462 2502/729/2455
f 2508/737/2463 2506/735/2461 2504/731/2457
f 2512/743/2469 2504/731/2457 2506/735/2461
f 2577/723/2449 2500/726/2452 2513/744/2470
f 2513/744/2470 2578/745/2471 2577/723/2449
f 2512/743/2469 2557/746/2472 2553/734/2460
f 2553/734/2460 2504/731/2457 2512/743/2469
f 2500/726/2452 2508/737/2463 2507/736/2462
f 2507/736/2462 2513/744/2470 2500/726/2452
f 2507/736/2462 2508/737/2463 2504/731/2457
f 2504/731/2457 2505/733/2459 2507/736/2462
f 2514/747/2473 2516/748/2474 2515/749/2475
f 2515/749/2475 2517/750/2476 2514/747/2473
f 2518/751/2477 2520/752/2478 2519/753/2479
f 2518/751/2477 2521/754/2480 2520/752/2478
f 2522/755/2481 2524/756/2482 2523/757/2483
f 2523/757/2483 2525/758/2484 2522/755/2481
f 2526/759/2485 2528/760/2486 2527/761/2487
f 2527/761/2487 2529/762/2488 2526/759/2485
f 2514/747/2473 2530/763/2489 2518/751/2477
f 2518/751/2477 2519/753/2479 2514/747/2473
f 2531/764/2490 2529/762/2488 2527/761/2487
f 2527/761/2487 2523/757/2483 2531/764/2490
f 2515/749/2475 2533/765/2491 2532/766/2492
f 2532/766/2492 2517/750/2476 2515/749/2475
f 2534/767/2493 2524/756/2482 2522/755/2481
f 2522/755/2481 2535/768/2494 2534/767/2493
f 2534/767/2493 2530/763/2489 2524/756/2482
f 2524/756/2482 2530/763/2489 2536/769/2495
f 2537/770/2496 2538/771/2497 2518/751/2477
f 2518/751/2477 2538/771/2497 2521/754/2480
f 2526/759/2485 2529/762/2488 2539/772/2498
f 2539/772/2498 2540/773/2499 2526/759/2485
f 2534/767/2493 2537/770/2496 2530/763/2489
f 2537/770/2496 2518/751/2477 2530/763/2489
f 2539/772/2498 2529/762/2488 2531/764/2490
f 2532/766/2492 2539/772/2498 2531/764/2490
f 2531/764/2490 2523/757/2483 2524/756/2482
f 2524/756/2482 2536/769/2495 2531/764/2490
f 2517/750/2476 2536/769/2495 2530/763/2489
f 2530/763/2489 2514/747/2473 2517/750/2476
f 3708/774/2500 2620/775/2501 3709/776/2502
f 3710/777/2503 2544/778/2465 3711/779/2464
f 2538/771/2497 3708/774/2500 2541/780/2504
f 2541/780/2504 2521/754/2480 2538/771/2497
f 2616/781/2505 2520/752/2478 2521/754/2480
f 2541/780/2504 2615/782/2506 2616/781/2505
f 2546/783/2507 2548/784/2508 2547/785/2509
f 2547/785/2509 2548/784/2508 2549/786/2510
f 2547/785/2509 2549/786/2510 2550/787/2511
f 2550/787/2511 2549/786/2510 2551/788/2512
f 2552/789/2513 2554/790/2458 2553/791/2460
f 2553/791/2460 2555/792/2514 2552/789/2513
f 2548/784/2508 2552/789/2513 2549/786/2510
f 2549/786/2510 2552/789/2513 2555/792/2514
f 2525/758/2484 2546/783/2507 2547/785/2509
f 2547/785/2509 2522/755/2481 2525/758/2484
f 2555/792/2514 2553/791/2460 2556/793/2515
f 2556/793/2515 2553/791/2460 2557/794/2472
f 2549/786/2510 2555/792/2514 2551/788/2512
f 2551/788/2512 2555/792/2514 2556/793/2515
f 2535/768/2494 2522/755/2481 2547/785/2509
f 2547/785/2509 2550/787/2511 2535/768/2494
f 2558/795/2516 2560/796/2517 2559/797/2518
f 2559/797/2518 2561/798/2519 2558/795/2516
f 2559/797/2518 2562/799/2520 2561/798/2519
f 2562/799/2520 2559/797/2518 2563/800/2521
f 2510/801/2467 2565/802/2522 2564/803/2523
f 2565/802/2522 2510/801/2467 2503/804/2456
f 2564/803/2523 2559/797/2518 2560/796/2517
f 2559/797/2518 2564/803/2523 2565/802/2522
f 2540/773/2499 2558/795/2516 2561/798/2519
f 2561/798/2519 2526/759/2485 2540/773/2499
f 2503/804/2456 2566/805/2524 2565/802/2522
f 2566/805/2524 2503/804/2456 2567/806/2454
f 2559/797/2518 2565/802/2522 2563/800/2521
f 2563/800/2521 2565/802/2522 2566/805/2524
f 2526/759/2485 2561/798/2519 2528/760/2486
f 2561/798/2519 2562/799/2520 2528/760/2486
f 2568/807/2525 2570/808/2526 2569/809/2527
f 2569/809/2527 2571/810/2528 2568/807/2525
f 2570/808/2526 2568/807/2525 2572/811/2529
f 2572/811/2529 2573/812/2530 2570/808/2526
f 2574/813/2531 2576/814/2450 2575/815/2532
f 2575/815/2532 2576/814/2450 2577/816/2449
f 2575/815/2532 2568/807/2525 2571/810/2528
f 2571/810/2528 2574/813/2531 2575/815/2532
f 2516/748/2474 2569/809/2527 2570/808/2526
f 2570/808/2526 2515/749/2475 2516/748/2474
f 2578/817/2471 2579/818/2533 2575/815/2532
f 2575/815/2532 2577/816/2449 2578/817/2471
f 2575/815/2532 2572/811/2529 2568/807/2525
f 2572/811/2529 2575/815/2532 2579/818/2533
f 2573/812/2530 2533/765/2491 2515/749/2475
f 2515/749/2475 2570/808/2526 2573/812/2530
f 2527/761/2487 2528/760/2486 2580/819/2534
f 2580/819/2534 2752/820/2535 2527/761/2487
f 2523/757/2483 2527/761/2487 2752/820/2535
f 2752/820/2535 2581/821/2536 2523/757/2483
f 2525/758/2484 2523/757/2483 2581/821/2536
f 2581/821/2536 2753/822/2537 2525/758/2484
f 2753/822/2537 2546/783/2507 2525/758/2484
f 2753/822/2537 2754/823/2538 2546/783/2507
f 2548/784/2508 2546/783/2507 2754/823/2538
f 2754/823/2538 2582/824/2539 2548/784/2508
f 2548/784/2508 2582/824/2539 2552/789/2513
f 2582/824/2539 2583/825/2540 2552/789/2513
f 2552/789/2513 2583/825/2540 2755/826/2541
f 2755/826/2541 2554/790/2458 2552/789/2513
f 2755/827/2541 2584/828/2542 2554/732/2458
f 2584/828/2542 2505/733/2459 2554/732/2458
f 2584/828/2542 2585/829/2543 2505/733/2459
f 2585/829/2543 2501/727/2453 2505/733/2459
f 2585/829/2543 2756/830/2544 2501/727/2453
f 2756/830/2544 2567/728/2454 2501/727/2453
f 2586/831/2545 2566/805/2524 2567/806/2454
f 2567/806/2454 2756/832/2544 2586/831/2545
f 2563/800/2521 2586/831/2545 2587/833/2546
f 2563/800/2521 2566/805/2524 2586/831/2545
f 2562/799/2520 2587/833/2546 2757/834/2547
f 2562/799/2520 2563/800/2521 2587/833/2546
f 2528/760/2486 2757/834/2547 2580/819/2534
f 2528/760/2486 2562/799/2520 2757/834/2547
f 2533/765/2491 3911/835/2548 2588/836/2549
f 2588/836/2549 2532/766/2492 2533/765/2491
f 2532/766/2492 2588/836/2549 2589/837/2550
f 2589/837/2550 2539/772/2498 2532/766/2492
f 2589/837/2550 2590/838/2551 2540/773/2499
f 2540/773/2499 2539/772/2498 2589/837/2550
f 2540/773/2499 2590/838/2551 3914/839/2552
f 3914/839/2552 2558/795/2516 2540/773/2499
f 2558/795/2516 3914/839/2552 2591/840/2553
f 2591/840/2553 2560/796/2517 2558/795/2516
f 2564/803/2523 2560/796/2517 2591/840/2553
f 2591/840/2553 2592/841/2554 2564/803/2523
f 2564/803/2523 2592/841/2554 3913/842/2555
f 3913/842/2555 2510/801/2467 2564/803/2523
f 2510/741/2467 3913/843/2555 2511/742/2468
f 3913/843/2555 2593/844/2556 2511/742/2468
f 2511/742/2468 2593/844/2556 2513/744/2470
f 2593/844/2556 3912/845/2557 2513/744/2470
f 2513/744/2470 3912/845/2557 2595/846/2558
f 2595/846/2558 2578/745/2471 2513/744/2470
f 2579/818/2533 2595/847/2558 2594/848/2559
f 2595/847/2558 2579/818/2533 2578/817/2471
f 2572/811/2529 2594/848/2559 2596/849/2560
f 2572/811/2529 2579/818/2533 2594/848/2559
f 2573/812/2530 2596/849/2560 2597/850/2561
f 2573/812/2530 2572/811/2529 2596/849/2560
f 2533/765/2491 2573/812/2530 3911/835/2548
f 3911/835/2548 2573/812/2530 2597/850/2561
f 2598/851/2562 2599/852/2563 2571/810/2528
f 2571/810/2528 2599/852/2563 2574/813/2531
f 2600/853/2564 2571/810/2528 2569/809/2527
f 2600/853/2564 2598/851/2562 2571/810/2528
f 2601/854/2565 2600/853/2564 2516/748/2474
f 2516/748/2474 2600/853/2564 2569/809/2527
f 2599/852/2563 2576/814/2450 2574/813/2531
f 2599/852/2563 2602/855/2566 2576/814/2450
f 2603/856/2451 2576/814/2450 2602/855/2566
f 2499/857/2448 2604/858/2567 2497/859/2445
f 2605/860/2568 2545/861/2569 2497/859/2445
f 2497/859/2445 2604/858/2567 2605/860/2568
f 2606/862/2570 3713/863/2571 2545/861/2569
f 2545/861/2569 2605/860/2568 2606/862/2570
f 2607/864/2572 2618/865/2573 2619/866/2574
f 2619/866/2574 3713/863/2571 2606/862/2570
f 2520/752/2478 2607/864/2572 2608/867/2575
f 2520/752/2478 3707/868/2576 2618/865/2573
f 2608/867/2575 2519/753/2479 2520/752/2478
f 2531/764/2490 2517/750/2476 2532/766/2492
f 2531/764/2490 2536/769/2495 2517/750/2476
f 2603/856/2451 2604/858/2567 2499/857/2448
f 2603/856/2451 2602/855/2566 2604/858/2567
f 2599/852/2563 2605/860/2568 2604/858/2567
f 2604/858/2567 2602/855/2566 2599/852/2563
f 2598/851/2562 2606/862/2570 2605/860/2568
f 2605/860/2568 2599/852/2563 2598/851/2562
f 2600/853/2564 2607/864/2572 2606/862/2570
f 2606/862/2570 2598/851/2562 2600/853/2564
f 2601/854/2565 2608/867/2575 2607/864/2572
f 2607/864/2572 2600/853/2564 2601/854/2565
f 2516/748/2474 2514/747/2473 2601/854/2565
f 2609/869/2577 2509/870/2466 2544/778/2465
f 2544/778/2465 3710/777/2503 2609/869/2577
f 2537/770/2496 2610/871/2578 2538/771/2497
f 2538/771/2497 2610/871/2578 3708/774/2500
f 2610/871/2578 2611/872/2579 3708/774/2500
f 2620/775/2501 3708/774/2500 2611/872/2579
f 2542/873/2580 2611/872/2579 3710/777/2503
f 2611/872/2579 2609/869/2577 3710/777/2503
f 2556/793/2515 2557/794/2472 2512/874/2469
f 2512/874/2469 2612/875/2581 2556/793/2515
f 2551/788/2512 2612/875/2581 2613/876/2582
f 2612/875/2581 2551/788/2512 2556/793/2515
f 2614/877/2583 2550/787/2511 2551/788/2512
f 2551/788/2512 2613/876/2582 2614/877/2583
f 2535/768/2494 2614/877/2583 2534/767/2493
f 2614/877/2583 2535/768/2494 2550/787/2511
f 2612/875/2581 2512/874/2469 2509/870/2466
f 2509/870/2466 2609/869/2577 2612/875/2581
f 2613/876/2582 2609/869/2577 2611/872/2579
f 2613/876/2582 2612/875/2581 2609/869/2577
f 2614/877/2583 2611/872/2579 2610/871/2578
f 2614/877/2583 2613/876/2582 2611/872/2579
f 2534/767/2493 2610/871/2578 2537/770/2496
f 2534/767/2493 2614/877/2583 2610/871/2578
f 2519/753/2479 2601/854/2565 2514/747/2473
f 2519/753/2479 2608/867/2575 2601/854/2565
f 2615/782/2584 2543/878/2585 3707/868/2576
f 2615/782/2506 3707/868/2576 2616/781/2505
f 2616/781/2505 3707/868/2576 2520/752/2478
f 2618/865/2573 2543/878/2585 2617/879/2586
f 2618/865/2573 2617/879/2586 2619/866/2574
f 2619/866/2574 2617/879/2586 3713/863/2571
f 2620/775/2501 2542/873/2580 3709/880/2502
f 2498/721/2447 3712/720/2446 3711/738/2464
f 2648/541/2587 2746/543/2588 2621/542/2589
f 2621/542/2589 2746/543/2588 2622/544/2590
f 2621/542/2589 2623/546/2591 2624/545/2592
f 2623/546/2591 2621/542/2589 2622/544/2590
f 2624/545/2592 2623/546/2591 2634/547/2593
f 2634/547/2593 2623/546/2591 2625/548/2594
f 2626/549/2595 2627/551/2596 2628/550/2597
f 2626/549/2595 2628/550/2597 2629/552/2598
f 2627/551/2596 2630/554/2599 2631/553/2600
f 2627/551/2596 2631/553/2600 2628/550/2597
f 2630/554/2599 2632/556/2601 2633/555/2602
f 2630/554/2599 2633/555/2602 2631/553/2600
f 2634/557/2593 2625/559/2594 2635/558/2603
f 2636/560/2604 2635/558/2603 2625/559/2594
f 2635/558/2603 2636/560/2604 2637/561/2605
f 2638/562/2606 2637/561/2605 2636/560/2604
f 2637/561/2605 2638/562/2606 2639/563/2607
f 2640/564/2608 2639/563/2607 2638/562/2606
f 2639/563/2607 2640/564/2608 2629/552/2598
f 2626/549/2595 2629/552/2598 2640/564/2608
f 2633/555/2602 2632/556/2601 2641/565/2609
f 2633/555/2602 2641/565/2609 2642/566/2610
f 2642/566/2610 2641/565/2609 2643/567/2611
f 2642/566/2610 2643/567/2611 2644/568/2612
f 2644/568/2612 2643/567/2611 2645/569/2613
f 2644/568/2612 2645/569/2613 2646/570/2614
f 2647/571/2615 2646/570/2614 2648/572/2587
f 2647/571/2615 2648/572/2587 2656/573/2616
f 2649/574/2617 2650/576/2618 2651/575/2619
f 2650/576/2618 2649/574/2617 2652/577/2620
f 2652/577/2620 2653/578/2621 2650/576/2618
f 2653/578/2621 2652/577/2620 2654/579/2622
f 2654/579/2622 2655/580/2623 2653/578/2621
f 2655/580/2623 2654/579/2622 2656/581/2616
f 2656/581/2616 2648/541/2587 2655/580/2623
f 2655/580/2623 2648/541/2587 2621/542/2589
f 2657/582/2624 2658/584/2625 2659/583/2626
f 2657/582/2624 2659/583/2626 2660/585/2627
f 2745/586/2628 2658/584/2625 2661/587/2629
f 2658/584/2625 2657/582/2624 2661/587/2629
f 2746/543/2588 2745/586/2628 2622/544/2590
f 2745/586/2628 2661/587/2629 2622/544/2590
f 2651/575/2619 2662/589/2630 2663/588/2631
f 2662/589/2630 2651/575/2619 2650/576/2618
f 2650/576/2618 2664/590/2632 2662/589/2630
f 2664/590/2632 2650/576/2618 2653/578/2621
f 2653/578/2621 2665/591/2633 2664/590/2632
f 2665/591/2633 2653/578/2621 2655/580/2623
f 2655/580/2623 2624/545/2592 2665/591/2633
f 2624/545/2592 2655/580/2623 2621/542/2589
f 2666/592/2634 2657/582/2624 2660/585/2627
f 2666/592/2634 2660/585/2627 2667/593/2635
f 2661/587/2629 2657/582/2624 2668/594/2636
f 2657/582/2624 2666/592/2634 2668/594/2636
f 2622/544/2590 2661/587/2629 2623/546/2591
f 2661/587/2629 2668/594/2636 2623/546/2591
f 2663/588/2631 2669/596/2637 2670/595/2638
f 2669/596/2637 2663/588/2631 2662/589/2630
f 2662/589/2630 2671/597/2639 2669/596/2637
f 2671/597/2639 2662/589/2630 2664/590/2632
f 2664/590/2632 2705/598/2640 2671/597/2639
f 2705/598/2640 2664/590/2632 2665/591/2633
f 2665/591/2633 2624/545/2592 2705/598/2640
f 2634/547/2593 2705/598/2640 2624/545/2592
f 2672/599/2641 2666/592/2634 2667/593/2635
f 2672/599/2641 2667/593/2635 2708/600/2642
f 2668/594/2636 2666/592/2634 2673/601/2643
f 2666/592/2634 2672/599/2641 2673/601/2643
f 2623/546/2591 2668/594/2636 2625/548/2594
f 2668/594/2636 2673/601/2643 2625/548/2594
f 2674/602/2644 2675/604/2645 2676/603/2646
f 2675/604/2645 2674/602/2644 2677/605/2647
f 2678/606/2648 2674/602/2644 2679/607/2649
f 2674/602/2644 2676/603/2646 2679/607/2649
f 2680/608/2650 2678/606/2648 2681/609/2651
f 2678/606/2648 2679/607/2649 2681/609/2651
f 2629/552/2598 2628/550/2597 2680/608/2650
f 2629/552/2598 2680/608/2650 2681/609/2651
f 2682/610/2652 2683/612/2653 2684/611/2654
f 2683/612/2653 2682/610/2652 2685/613/2655
f 2682/610/2652 2686/614/2656 2685/613/2655
f 2686/614/2656 2682/610/2652 2687/615/2657
f 2687/615/2657 2626/549/2595 2686/614/2656
f 2626/549/2595 2687/615/2657 2627/551/2596
f 2674/602/2644 2688/617/2658 2689/616/2659
f 2674/602/2644 2689/616/2659 2677/605/2647
f 2690/618/2660 2688/617/2658 2678/606/2648
f 2688/617/2658 2674/602/2644 2678/606/2648
f 2691/619/2661 2690/618/2660 2680/608/2650
f 2690/618/2660 2678/606/2648 2680/608/2650
f 2628/550/2597 2631/553/2600 2691/619/2661
f 2628/550/2597 2691/619/2661 2680/608/2650
f 2692/620/2662 2682/610/2652 2684/611/2654
f 2682/610/2652 2692/620/2662 2693/621/2663
f 2693/621/2663 2687/615/2657 2682/610/2652
f 2687/615/2657 2693/621/2663 2694/622/2664
f 2694/622/2664 2627/551/2596 2687/615/2657
f 2627/551/2596 2694/622/2664 2630/554/2599
f 2688/617/2658 2695/624/2665 2696/623/2666
f 2688/617/2658 2696/623/2666 2689/616/2659
f 2697/625/2667 2695/624/2665 2690/618/2660
f 2695/624/2665 2688/617/2658 2690/618/2660
f 2698/626/2668 2697/625/2667 2691/619/2661
f 2697/625/2667 2690/618/2660 2691/619/2661
f 2631/553/2600 2633/555/2602 2698/626/2668
f 2631/553/2600 2698/626/2668 2691/619/2661
f 2699/627/2669 2693/621/2663 2692/620/2662
f 2693/621/2663 2699/627/2669 2700/628/2670
f 2700/628/2670 2694/622/2664 2693/621/2663
f 2694/622/2664 2700/628/2670 2701/629/2671
f 2701/629/2671 2630/554/2599 2694/622/2664
f 2630/554/2599 2701/629/2671 2632/556/2601
f 2670/630/2638 2669/632/2637 2702/631/2672
f 2703/633/2673 2702/631/2672 2669/632/2637
f 2669/632/2637 2671/634/2639 2703/633/2673
f 2704/635/2674 2703/633/2673 2671/634/2639
f 2671/634/2639 2705/636/2640 2704/635/2674
f 2706/637/2675 2704/635/2674 2705/636/2640
f 2705/636/2640 2634/557/2593 2706/637/2675
f 2635/558/2603 2706/637/2675 2634/557/2593
f 2707/638/2676 2708/640/2642 2709/639/2677
f 2708/640/2642 2707/638/2676 2672/641/2641
f 2710/642/2678 2672/641/2641 2707/638/2676
f 2672/641/2641 2710/642/2678 2673/643/2643
f 2636/560/2604 2673/643/2643 2710/642/2678
f 2673/643/2643 2636/560/2604 2625/559/2594
f 2702/631/2672 2703/633/2673 2711/644/2679
f 2712/645/2680 2711/644/2679 2703/633/2673
f 2703/633/2673 2704/635/2674 2712/645/2680
f 2713/646/2681 2712/645/2680 2704/635/2674
f 2704/635/2674 2706/637/2675 2713/646/2681
f 2714/647/2682 2713/646/2681 2706/637/2675
f 2706/637/2675 2635/558/2603 2714/647/2682
f 2637/561/2605 2714/647/2682 2635/558/2603
f 2715/648/2683 2709/639/2677 2716/649/2684
f 2709/639/2677 2715/648/2683 2707/638/2676
f 2715/648/2683 2717/650/2685 2710/642/2678
f 2715/648/2683 2710/642/2678 2707/638/2676
f 2638/562/2606 2710/642/2678 2717/650/2685
f 2710/642/2678 2638/562/2606 2636/560/2604
f 2711/644/2679 2712/645/2680 2718/651/2686
f 2719/652/2687 2718/651/2686 2712/645/2680
f 2712/645/2680 2713/646/2681 2719/652/2687
f 2720/653/2688 2719/652/2687 2713/646/2681
f 2713/646/2681 2714/647/2682 2720/653/2688
f 2721/654/2689 2720/653/2688 2714/647/2682
f 2714/647/2682 2637/561/2605 2721/654/2689
f 2639/563/2607 2721/654/2689 2637/561/2605
f 2722/655/2690 2716/649/2684 2723/656/2691
f 2716/649/2684 2722/655/2690 2715/648/2683
f 2722/655/2690 2724/657/2692 2717/650/2685
f 2722/655/2690 2717/650/2685 2715/648/2683
f 2724/657/2692 2638/562/2606 2717/650/2685
f 2638/562/2606 2724/657/2692 2640/564/2608
f 2718/651/2686 2719/652/2687 2675/604/2645
f 2676/603/2646 2675/604/2645 2719/652/2687
f 2719/652/2687 2720/653/2688 2676/603/2646
f 2679/607/2649 2676/603/2646 2720/653/2688
f 2720/653/2688 2721/654/2689 2679/607/2649
f 2681/609/2651 2679/607/2649 2721/654/2689
f 2721/654/2689 2639/563/2607 2681/609/2651
f 2629/552/2598 2681/609/2651 2639/563/2607
f 2685/613/2655 2723/656/2691 2683/612/2653
f 2723/656/2691 2685/613/2655 2722/655/2690
f 2685/613/2655 2686/614/2656 2724/657/2692
f 2685/613/2655 2724/657/2692 2722/655/2690
f 2686/614/2656 2640/564/2608 2724/657/2692
f 2640/564/2608 2686/614/2656 2626/549/2595
f 2696/623/2666 2695/624/2665 2725/658/2693
f 2696/623/2666 2725/658/2693 2726/659/2694
f 2695/624/2665 2727/660/2695 2725/658/2693
f 2695/624/2665 2697/625/2667 2727/660/2695
f 2697/625/2667 2728/661/2696 2727/660/2695
f 2697/625/2667 2698/626/2668 2728/661/2696
f 2698/626/2668 2633/555/2602 2642/566/2610
f 2698/626/2668 2642/566/2610 2728/661/2696
f 2700/628/2670 2699/627/2669 2729/662/2697
f 2700/628/2670 2729/662/2697 2730/663/2698
f 2700/628/2670 2731/664/2699 2701/629/2671
f 2731/664/2699 2700/628/2670 2730/663/2698
f 2701/629/2671 2641/565/2609 2632/556/2601
f 2641/565/2609 2701/629/2671 2731/664/2699
f 2726/659/2694 2725/658/2693 2732/665/2700
f 2726/659/2694 2732/665/2700 2733/666/2701
f 2725/658/2693 2734/667/2702 2732/665/2700
f 2725/658/2693 2727/660/2695 2734/667/2702
f 2727/660/2695 2728/661/2696 2735/668/2703
f 2727/660/2695 2735/668/2703 2734/667/2702
f 2728/661/2696 2642/566/2610 2644/568/2612
f 2728/661/2696 2644/568/2612 2735/668/2703
f 2730/663/2698 2729/662/2697 2736/669/2704
f 2730/663/2698 2736/669/2704 2737/670/2705
f 2730/663/2698 2738/671/2706 2731/664/2699
f 2738/671/2706 2730/663/2698 2737/670/2705
f 2731/664/2699 2643/567/2611 2641/565/2609
f 2643/567/2611 2731/664/2699 2738/671/2706
f 2733/666/2701 2732/665/2700 2739/672/2707
f 2733/666/2701 2739/672/2707 2740/673/2708
f 2732/665/2700 2734/667/2702 2741/674/2709
f 2732/665/2700 2741/674/2709 2739/672/2707
f 2734/667/2702 2735/668/2703 2647/571/2615
f 2734/667/2702 2647/571/2615 2741/674/2709
f 2735/668/2703 2644/568/2612 2646/570/2614
f 2735/668/2703 2646/570/2614 2647/571/2615
f 2737/670/2705 2736/669/2704 2742/675/2710
f 2737/670/2705 2742/675/2710 2743/676/2711
f 2737/670/2705 2744/677/2712 2738/671/2706
f 2744/677/2712 2737/670/2705 2743/676/2711
f 2738/671/2706 2645/569/2613 2643/567/2611
f 2645/569/2613 2738/671/2706 2744/677/2712
f 2743/676/2711 2742/675/2710 2659/678/2626
f 2743/676/2711 2659/678/2626 2658/679/2625
f 2658/679/2625 2744/677/2712 2743/676/2711
f 2744/677/2712 2658/679/2625 2745/680/2628
f 2744/677/2712 2745/680/2628 2645/569/2613
f 2645/569/2613 2745/680/2628 2746/681/2588
f 2646/570/2614 2645/569/2613 2746/681/2588
f 2646/570/2614 2746/681/2588 2648/572/2587
f 2740/673/2708 2739/672/2707 2652/682/2620
f 2740/673/2708 2652/682/2620 2649/683/2617
f 2739/672/2707 2741/674/2709 2654/684/2622
f 2739/672/2707 2654/684/2622 2652/682/2620
f 2741/674/2709 2647/571/2615 2656/573/2616
f 2741/674/2709 2656/573/2616 2654/684/2622
f 2884/685/2713 2885/686/2714 2692/620/2662
f 2885/686/2714 2699/627/2669 2692/620/2662
f 2886/687/2715 2692/620/2662 2684/611/2654
f 2692/620/2662 2886/687/2715 2884/685/2713
f 2886/687/2715 2683/612/2653 2887/688/2716
f 2683/612/2653 2886/687/2715 2684/611/2654
f 2683/612/2653 2888/689/2717 2887/688/2716
f 2888/689/2717 2683/612/2653 2723/656/2691
f 2723/656/2691 2747/690/2718 2888/689/2717
f 2747/690/2718 2723/656/2691 2716/649/2684
f 2716/649/2684 2748/691/2719 2747/690/2718
f 2748/691/2719 2716/649/2684 2709/639/2677
f 2709/639/2677 2889/692/2720 2748/691/2719
f 2889/692/2720 2709/639/2677 2708/640/2642
f 2667/593/2635 2889/693/2720 2708/600/2642
f 2889/693/2720 2667/593/2635 2749/694/2721
f 2660/585/2627 2749/694/2721 2667/593/2635
f 2749/694/2721 2660/585/2627 2890/695/2722
f 2660/585/2627 2659/583/2626 2750/696/2723
f 2660/585/2627 2750/696/2723 2890/695/2722
f 2742/675/2710 2891/698/2724 2750/697/2723
f 2742/675/2710 2750/697/2723 2659/678/2626
f 2736/669/2704 2751/699/2725 2891/698/2724
f 2736/669/2704 2891/698/2724 2742/675/2710
f 2729/662/2697 2892/700/2726 2751/699/2725
f 2729/662/2697 2751/699/2725 2736/669/2704
f 2699/627/2669 2885/686/2714 2892/700/2726
f 2699/627/2669 2892/700/2726 2729/662/2697
f 2675/604/2645 2677/605/2647 2752/701/2535
f 2752/701/2535 2580/702/2534 2675/604/2645
f 2689/616/2659 2752/701/2535 2677/605/2647
f 2752/701/2535 2689/616/2659 2581/703/2536
f 2689/616/2659 2753/704/2537 2581/703/2536
f 2753/704/2537 2689/616/2659 2696/623/2666
f 2753/704/2537 2696/623/2666 2726/659/2694
f 2753/704/2537 2726/659/2694 2754/705/2538
f 2754/705/2538 2726/659/2694 2733/666/2701
f 2754/705/2538 2733/666/2701 2582/706/2539
f 2582/706/2539 2733/666/2701 2740/673/2708
f 2582/706/2539 2740/673/2708 2583/707/2540
f 2583/707/2540 2740/673/2708 2649/683/2617
f 2583/707/2540 2649/683/2617 2755/708/2541
f 2584/709/2542 2755/710/2541 2651/575/2619
f 2755/710/2541 2649/574/2617 2651/575/2619
f 2585/711/2543 2651/575/2619 2663/588/2631
f 2651/575/2619 2585/711/2543 2584/709/2542
f 2585/711/2543 2663/588/2631 2756/712/2544
f 2756/712/2544 2663/588/2631 2670/595/2638
f 2756/713/2544 2670/630/2638 2586/714/2545
f 2702/631/2672 2586/714/2545 2670/630/2638
f 2586/714/2545 2702/631/2672 2587/715/2546
f 2711/644/2679 2587/715/2546 2702/631/2672
f 2587/715/2546 2711/644/2679 2757/716/2547
f 2718/651/2686 2757/716/2547 2711/644/2679
f 2757/716/2547 2718/651/2686 2580/702/2534
f 2675/604/2645 2580/702/2534 2718/651/2686
f 2785/541/2727 2758/542/2728 2883/543/2729
f 2758/542/2728 2759/544/2730 2883/543/2729
f 2758/542/2728 2761/545/2731 2760/546/2732
f 2760/546/2732 2759/544/2730 2758/542/2728
f 2761/545/2731 2771/547/2733 2760/546/2732
f 2771/547/2733 2762/548/2734 2760/546/2732
f 2763/549/2735 2765/550/2736 2764/551/2737
f 2763/549/2735 2766/552/2738 2765/550/2736
f 2764/551/2737 2768/553/2739 2767/554/2740
f 2764/551/2737 2765/550/2736 2768/553/2739
f 2767/554/2740 2770/555/2741 2769/556/2742
f 2767/554/2740 2768/553/2739 2770/555/2741
f 2771/557/2733 2772/558/2743 2762/559/2734
f 2773/560/2744 2762/559/2734 2772/558/2743
f 2772/558/2743 2774/561/2745 2773/560/2744
f 2775/562/2746 2773/560/2744 2774/561/2745
f 2774/561/2745 2776/563/2747 2775/562/2746
f 2777/564/2748 2775/562/2746 2776/563/2747
f 2776/563/2747 2766/552/2738 2777/564/2748
f 2763/549/2735 2777/564/2748 2766/552/2738
f 2770/555/2741 2778/565/2749 2769/556/2742
f 2770/555/2741 2779/566/2750 2778/565/2749
f 2779/566/2750 2780/567/2751 2778/565/2749
f 2779/566/2750 2781/568/2752 2780/567/2751
f 2781/568/2752 2782/569/2753 2780/567/2751
f 2781/568/2752 2783/570/2754 2782/569/2753
f 2784/571/2755 2785/572/2727 2783/570/2754
f 2784/571/2755 2793/573/2756 2785/572/2727
f 2786/574/2757 2788/575/2758 2787/576/2759
f 2787/576/2759 2789/577/2760 2786/574/2757
f 2789/577/2760 2787/576/2759 2790/578/2761
f 2790/578/2761 2791/579/2762 2789/577/2760
f 2791/579/2762 2790/578/2761 2792/580/2763
f 2792/580/2763 2793/581/2756 2791/579/2762
f 2793/581/2756 2792/580/2763 2785/541/2727
f 2792/580/2763 2758/542/2728 2785/541/2727
f 2794/582/2764 2796/583/2765 2795/584/2766
f 2794/582/2764 2797/585/2767 2796/583/2765
f 2882/586/2768 2798/587/2769 2795/584/2766
f 2795/584/2766 2798/587/2769 2794/582/2764
f 2883/543/2729 2759/544/2730 2882/586/2768
f 2882/586/2768 2759/544/2730 2798/587/2769
f 2788/575/2758 2800/588/2770 2799/589/2771
f 2799/589/2771 2787/576/2759 2788/575/2758
f 2787/576/2759 2799/589/2771 2801/590/2772
f 2801/590/2772 2790/578/2761 2787/576/2759
f 2790/578/2761 2801/590/2772 2802/591/2773
f 2802/591/2773 2792/580/2763 2790/578/2761
f 2792/580/2763 2802/591/2773 2761/545/2731
f 2761/545/2731 2758/542/2728 2792/580/2763
f 2803/592/2774 2797/585/2767 2794/582/2764
f 2803/592/2774 2804/593/2775 2797/585/2767
f 2798/587/2769 2805/594/2776 2794/582/2764
f 2794/582/2764 2805/594/2776 2803/592/2774
f 2759/544/2730 2760/546/2732 2798/587/2769
f 2798/587/2769 2760/546/2732 2805/594/2776
f 2800/588/2770 2807/595/2777 2806/596/2778
f 2806/596/2778 2799/589/2771 2800/588/2770
f 2799/589/2771 2806/596/2778 2808/597/2779
f 2808/597/2779 2801/590/2772 2799/589/2771
f 2801/590/2772 2808/597/2779 2842/598/2780
f 2842/598/2780 2802/591/2773 2801/590/2772
f 2802/591/2773 2842/598/2780 2761/545/2731
f 2771/547/2733 2761/545/2731 2842/598/2780
f 2809/599/2781 2804/593/2775 2803/592/2774
f 2809/599/2781 2845/600/2782 2804/593/2775
f 2805/594/2776 2810/601/2783 2803/592/2774
f 2803/592/2774 2810/601/2783 2809/599/2781
f 2760/546/2732 2762/548/2734 2805/594/2776
f 2805/594/2776 2762/548/2734 2810/601/2783
f 2811/602/2784 2813/603/2785 2812/604/2786
f 2812/604/2786 2814/605/2787 2811/602/2784
f 2815/606/2788 2816/607/2789 2811/602/2784
f 2811/602/2784 2816/607/2789 2813/603/2785
f 2817/608/2790 2818/609/2791 2815/606/2788
f 2815/606/2788 2818/609/2791 2816/607/2789
f 2766/552/2738 2817/608/2790 2765/550/2736
f 2766/552/2738 2818/609/2791 2817/608/2790
f 2819/610/2792 2821/611/2793 2820/612/2794
f 2820/612/2794 2822/613/2795 2819/610/2792
f 2819/610/2792 2822/613/2795 2823/614/2796
f 2823/614/2796 2824/615/2797 2819/610/2792
f 2824/615/2797 2823/614/2796 2763/549/2735
f 2763/549/2735 2764/551/2737 2824/615/2797
f 2811/602/2784 2826/616/2798 2825/617/2799
f 2811/602/2784 2814/605/2787 2826/616/2798
f 2827/618/2800 2815/606/2788 2825/617/2799
f 2825/617/2799 2815/606/2788 2811/602/2784
f 2828/619/2801 2817/608/2790 2827/618/2800
f 2827/618/2800 2817/608/2790 2815/606/2788
f 2765/550/2736 2828/619/2801 2768/553/2739
f 2765/550/2736 2817/608/2790 2828/619/2801
f 2829/620/2802 2821/611/2793 2819/610/2792
f 2819/610/2792 2830/621/2803 2829/620/2802
f 2830/621/2803 2819/610/2792 2824/615/2797
f 2824/615/2797 2831/622/2804 2830/621/2803
f 2831/622/2804 2824/615/2797 2764/551/2737
f 2764/551/2737 2767/554/2740 2831/622/2804
f 2825/617/2799 2833/623/2805 2832/624/2806
f 2825/617/2799 2826/616/2798 2833/623/2805
f 2834/625/2807 2827/618/2800 2832/624/2806
f 2832/624/2806 2827/618/2800 2825/617/2799
f 2835/626/2808 2828/619/2801 2834/625/2807
f 2834/625/2807 2828/619/2801 2827/618/2800
f 2768/553/2739 2835/626/2808 2770/555/2741
f 2768/553/2739 2828/619/2801 2835/626/2808
f 2836/627/2809 2829/620/2802 2830/621/2803
f 2830/621/2803 2837/628/2810 2836/627/2809
f 2837/628/2810 2830/621/2803 2831/622/2804
f 2831/622/2804 2838/629/2811 2837/628/2810
f 2838/629/2811 2831/622/2804 2767/554/2740
f 2767/554/2740 2769/556/2742 2838/629/2811
f 2807/630/2777 2839/631/2812 2806/632/2778
f 2840/633/2813 2806/632/2778 2839/631/2812
f 2806/632/2778 2840/633/2813 2808/634/2779
f 2841/635/2814 2808/634/2779 2840/633/2813
f 2808/634/2779 2841/635/2814 2842/636/2780
f 2843/637/2815 2842/636/2780 2841/635/2814
f 2842/636/2780 2843/637/2815 2771/557/2733
f 2772/558/2743 2771/557/2733 2843/637/2815
f 2844/638/2816 2846/639/2817 2845/640/2782
f 2845/640/2782 2809/641/2781 2844/638/2816
f 2847/642/2818 2844/638/2816 2809/641/2781
f 2809/641/2781 2810/643/2783 2847/642/2818
f 2773/560/2744 2847/642/2818 2810/643/2783
f 2810/643/2783 2762/559/2734 2773/560/2744
f 2839/631/2812 2848/644/2819 2840/633/2813
f 2849/645/2820 2840/633/2813 2848/644/2819
f 2840/633/2813 2849/645/2820 2841/635/2814
f 2850/646/2821 2841/635/2814 2849/645/2820
f 2841/635/2814 2850/646/2821 2843/637/2815
f 2851/647/2822 2843/637/2815 2850/646/2821
f 2843/637/2815 2851/647/2822 2772/558/2743
f 2774/561/2745 2772/558/2743 2851/647/2822
f 2852/648/2823 2853/649/2824 2846/639/2817
f 2846/639/2817 2844/638/2816 2852/648/2823
f 2852/648/2823 2847/642/2818 2854/650/2825
f 2852/648/2823 2844/638/2816 2847/642/2818
f 2775/562/2746 2854/650/2825 2847/642/2818
f 2847/642/2818 2773/560/2744 2775/562/2746
f 2848/644/2819 2855/651/2826 2849/645/2820
f 2856/652/2827 2849/645/2820 2855/651/2826
f 2849/645/2820 2856/652/2827 2850/646/2821
f 2857/653/2828 2850/646/2821 2856/652/2827
f 2850/646/2821 2857/653/2828 2851/647/2822
f 2858/654/2829 2851/647/2822 2857/653/2828
f 2851/647/2822 2858/654/2829 2774/561/2745
f 2776/563/2747 2774/561/2745 2858/654/2829
f 2859/655/2830 2860/656/2831 2853/649/2824
f 2853/649/2824 2852/648/2823 2859/655/2830
f 2859/655/2830 2854/650/2825 2861/657/2832
f 2859/655/2830 2852/648/2823 2854/650/2825
f 2861/657/2832 2854/650/2825 2775/562/2746
f 2775/562/2746 2777/564/2748 2861/657/2832
f 2855/651/2826 2812/604/2786 2856/652/2827
f 2813/603/2785 2856/652/2827 2812/604/2786
f 2856/652/2827 2813/603/2785 2857/653/2828
f 2816/607/2789 2857/653/2828 2813/603/2785
f 2857/653/2828 2816/607/2789 2858/654/2829
f 2818/609/2791 2858/654/2829 2816/607/2789
f 2858/654/2829 2818/609/2791 2776/563/2747
f 2766/552/2738 2776/563/2747 2818/609/2791
f 2822/613/2795 2820/612/2794 2860/656/2831
f 2860/656/2831 2859/655/2830 2822/613/2795
f 2822/613/2795 2861/657/2832 2823/614/2796
f 2822/613/2795 2859/655/2830 2861/657/2832
f 2823/614/2796 2861/657/2832 2777/564/2748
f 2777/564/2748 2763/549/2735 2823/614/2796
f 2833/623/2805 2862/658/2833 2832/624/2806
f 2833/623/2805 2863/659/2834 2862/658/2833
f 2832/624/2806 2862/658/2833 2864/660/2835
f 2832/624/2806 2864/660/2835 2834/625/2807
f 2834/625/2807 2864/660/2835 2865/661/2836
f 2834/625/2807 2865/661/2836 2835/626/2808
f 2835/626/2808 2779/566/2750 2770/555/2741
f 2835/626/2808 2865/661/2836 2779/566/2750
f 2837/628/2810 2866/662/2837 2836/627/2809
f 2837/628/2810 2867/663/2838 2866/662/2837
f 2837/628/2810 2838/629/2811 2868/664/2839
f 2868/664/2839 2867/663/2838 2837/628/2810
f 2838/629/2811 2769/556/2742 2778/565/2749
f 2778/565/2749 2868/664/2839 2838/629/2811
f 2863/659/2834 2869/665/2840 2862/658/2833
f 2863/659/2834 2870/666/2841 2869/665/2840
f 2862/658/2833 2869/665/2840 2871/667/2842
f 2862/658/2833 2871/667/2842 2864/660/2835
f 2864/660/2835 2872/668/2843 2865/661/2836
f 2864/660/2835 2871/667/2842 2872/668/2843
f 2865/661/2836 2781/568/2752 2779/566/2750
f 2865/661/2836 2872/668/2843 2781/568/2752
f 2867/663/2838 2873/669/2844 2866/662/2837
f 2867/663/2838 2874/670/2845 2873/669/2844
f 2867/663/2838 2868/664/2839 2875/671/2846
f 2875/671/2846 2874/670/2845 2867/663/2838
f 2868/664/2839 2778/565/2749 2780/567/2751
f 2780/567/2751 2875/671/2846 2868/664/2839
f 2870/666/2841 2876/672/2847 2869/665/2840
f 2870/666/2841 2877/673/2848 2876/672/2847
f 2869/665/2840 2878/674/2849 2871/667/2842
f 2869/665/2840 2876/672/2847 2878/674/2849
f 2871/667/2842 2784/571/2755 2872/668/2843
f 2871/667/2842 2878/674/2849 2784/571/2755
f 2872/668/2843 2783/570/2754 2781/568/2752
f 2872/668/2843 2784/571/2755 2783/570/2754
f 2874/670/2845 2879/675/2850 2873/669/2844
f 2874/670/2845 2880/676/2851 2879/675/2850
f 2874/670/2845 2875/671/2846 2881/677/2852
f 2881/677/2852 2880/676/2851 2874/670/2845
f 2875/671/2846 2780/567/2751 2782/569/2753
f 2782/569/2753 2881/677/2852 2875/671/2846
f 2880/676/2851 2796/678/2765 2879/675/2850
f 2880/676/2851 2795/679/2766 2796/678/2765
f 2795/679/2766 2880/676/2851 2881/677/2852
f 2881/677/2852 2882/680/2768 2795/679/2766
f 2881/677/2852 2782/569/2753 2882/680/2768
f 2782/569/2753 2883/681/2729 2882/680/2768
f 2783/570/2754 2883/681/2729 2782/569/2753
f 2783/570/2754 2785/572/2727 2883/681/2729
f 2877/673/2848 2789/682/2760 2876/672/2847
f 2877/673/2848 2786/683/2757 2789/682/2760
f 2876/672/2847 2791/684/2762 2878/674/2849
f 2876/672/2847 2789/682/2760 2791/684/2762
f 2878/674/2849 2793/573/2756 2784/571/2755
f 2878/674/2849 2791/684/2762 2793/573/2756
f 3028/685/2853 2829/620/2802 3029/686/2854
f 3029/686/2854 2829/620/2802 2836/627/2809
f 3026/687/2855 2821/611/2793 2829/620/2802
f 2829/620/2802 3028/685/2853 3026/687/2855
f 3026/687/2855 3027/688/2856 2820/612/2794
f 2820/612/2794 2821/611/2793 3026/687/2855
f 2820/612/2794 3027/688/2856 3039/689/2857
f 3039/689/2857 2860/656/2831 2820/612/2794
f 2860/656/2831 3039/689/2857 3038/690/2858
f 3038/690/2858 2853/649/2824 2860/656/2831
f 2853/649/2824 3038/690/2858 3037/691/2859
f 3037/691/2859 2846/639/2817 2853/649/2824
f 2846/639/2817 3037/691/2859 3036/692/2860
f 3036/692/2860 2845/640/2782 2846/639/2817
f 2804/593/2775 2845/600/2782 3036/693/2860
f 3036/693/2860 3035/694/2861 2804/593/2775
f 2797/585/2767 2804/593/2775 3035/694/2861
f 3035/694/2861 3033/695/2862 2797/585/2767
f 2797/585/2767 3034/696/2863 2796/583/2765
f 2797/585/2767 3033/695/2862 3034/696/2863
f 2879/675/2850 3034/697/2863 3032/698/2864
f 2879/675/2850 2796/678/2765 3034/697/2863
f 2873/669/2844 3032/698/2864 3031/699/2865
f 2873/669/2844 2879/675/2850 3032/698/2864
f 2866/662/2837 3031/699/2865 3030/700/2866
f 2866/662/2837 2873/669/2844 3031/699/2865
f 2836/627/2809 3030/700/2866 3029/686/2854
f 2836/627/2809 2866/662/2837 3030/700/2866
f 2812/604/2786 2884/701/2713 2814/605/2787
f 2884/701/2713 2812/604/2786 2885/702/2714
f 2826/616/2798 2814/605/2787 2884/701/2713
f 2884/701/2713 2886/703/2715 2826/616/2798
f 2826/616/2798 2886/703/2715 2887/704/2716
f 2887/704/2716 2833/623/2805 2826/616/2798
f 2887/704/2716 2863/659/2834 2833/623/2805
f 2887/704/2716 2888/705/2717 2863/659/2834
f 2888/705/2717 2870/666/2841 2863/659/2834
f 2888/705/2717 2747/706/2718 2870/666/2841
f 2747/706/2718 2877/673/2848 2870/666/2841
f 2747/706/2718 2748/707/2719 2877/673/2848
f 2748/707/2719 2786/683/2757 2877/673/2848
f 2748/707/2719 2889/708/2720 2786/683/2757
f 2749/709/2721 2788/575/2758 2889/710/2720
f 2889/710/2720 2788/575/2758 2786/574/2757
f 2890/711/2722 2800/588/2770 2788/575/2758
f 2788/575/2758 2749/709/2721 2890/711/2722
f 2890/711/2722 2750/712/2723 2800/588/2770
f 2750/712/2723 2807/595/2777 2800/588/2770
f 2750/713/2723 2891/714/2724 2807/630/2777
f 2839/631/2812 2807/630/2777 2891/714/2724
f 2891/714/2724 2751/715/2725 2839/631/2812
f 2848/644/2819 2839/631/2812 2751/715/2725
f 2751/715/2725 2892/716/2726 2848/644/2819
f 2855/651/2826 2848/644/2819 2892/716/2726
f 2892/716/2726 2885/702/2714 2855/651/2826
f 2812/604/2786 2855/651/2826 2885/702/2714
f 2920/541/2867 2893/542/2868 3018/543/2869
f 2893/542/2868 2894/544/2870 3018/543/2869
f 2893/542/2868 2896/545/2871 2895/546/2872
f 2895/546/2872 2894/544/2870 2893/542/2868
f 2896/545/2871 2906/547/2873 2895/546/2872
f 2906/547/2873 2897/548/2874 2895/546/2872
f 2898/549/2875 2900/550/2876 2899/551/2877
f 2898/549/2875 2901/552/2878 2900/550/2876
f 2899/551/2877 2903/553/2879 2902/554/2880
f 2899/551/2877 2900/550/2876 2903/553/2879
f 2902/554/2880 2905/555/2881 2904/556/2882
f 2902/554/2880 2903/553/2879 2905/555/2881
f 2906/557/2873 2907/558/2883 2897/559/2874
f 2908/560/2884 2897/559/2874 2907/558/2883
f 2907/558/2883 2909/561/2885 2908/560/2884
f 2910/562/2886 2908/560/2884 2909/561/2885
f 2909/561/2885 2911/563/2887 2910/562/2886
f 2912/564/2888 2910/562/2886 2911/563/2887
f 2911/563/2887 2901/552/2878 2912/564/2888
f 2898/549/2875 2912/564/2888 2901/552/2878
f 2905/555/2881 2913/565/2889 2904/556/2882
f 2905/555/2881 2914/566/2890 2913/565/2889
f 2914/566/2890 2915/567/2891 2913/565/2889
f 2914/566/2890 2916/568/2892 2915/567/2891
f 2916/568/2892 2917/569/2893 2915/567/2891
f 2916/568/2892 2918/570/2894 2917/569/2893
f 2919/571/2895 2920/572/2867 2918/570/2894
f 2919/571/2895 2928/573/2896 2920/572/2867
f 2921/574/2897 2923/575/2898 2922/576/2899
f 2922/576/2899 2924/577/2900 2921/574/2897
f 2924/577/2900 2922/576/2899 2925/578/2901
f 2925/578/2901 2926/579/2902 2924/577/2900
f 2926/579/2902 2925/578/2901 2927/580/2903
f 2927/580/2903 2928/581/2896 2926/579/2902
f 2928/581/2896 2927/580/2903 2920/541/2867
f 2927/580/2903 2893/542/2868 2920/541/2867
f 2929/582/2904 2931/583/2905 2930/584/2906
f 2929/582/2904 2932/585/2907 2931/583/2905
f 3017/586/2908 2933/587/2909 2930/584/2906
f 2930/584/2906 2933/587/2909 2929/582/2904
f 3018/543/2869 2894/544/2870 3017/586/2908
f 3017/586/2908 2894/544/2870 2933/587/2909
f 2923/575/2898 2935/588/2910 2934/589/2911
f 2934/589/2911 2922/576/2899 2923/575/2898
f 2922/576/2899 2934/589/2911 2936/590/2912
f 2936/590/2912 2925/578/2901 2922/576/2899
f 2925/578/2901 2936/590/2912 2937/591/2913
f 2937/591/2913 2927/580/2903 2925/578/2901
f 2927/580/2903 2937/591/2913 2896/545/2871
f 2896/545/2871 2893/542/2868 2927/580/2903
f 2938/592/2914 2932/585/2907 2929/582/2904
f 2938/592/2914 2939/593/2915 2932/585/2907
f 2933/587/2909 2940/594/2916 2929/582/2904
f 2929/582/2904 2940/594/2916 2938/592/2914
f 2894/544/2870 2895/546/2872 2933/587/2909
f 2933/587/2909 2895/546/2872 2940/594/2916
f 2935/588/2910 2942/595/2917 2941/596/2918
f 2941/596/2918 2934/589/2911 2935/588/2910
f 2934/589/2911 2941/596/2918 2943/597/2919
f 2943/597/2919 2936/590/2912 2934/589/2911
f 2936/590/2912 2943/597/2919 2977/598/2920
f 2977/598/2920 2937/591/2913 2936/590/2912
f 2937/591/2913 2977/598/2920 2896/545/2871
f 2906/547/2873 2896/545/2871 2977/598/2920
f 2944/599/2921 2939/593/2915 2938/592/2914
f 2944/599/2921 2980/600/2922 2939/593/2915
f 2940/594/2916 2945/601/2923 2938/592/2914
f 2938/592/2914 2945/601/2923 2944/599/2921
f 2895/546/2872 2897/548/2874 2940/594/2916
f 2940/594/2916 2897/548/2874 2945/601/2923
f 2946/602/2924 2948/603/2925 2947/604/2926
f 2947/604/2926 2949/605/2927 2946/602/2924
f 2950/606/2928 2951/607/2929 2946/602/2924
f 2946/602/2924 2951/607/2929 2948/603/2925
f 2952/608/2930 2953/609/2931 2950/606/2928
f 2950/606/2928 2953/609/2931 2951/607/2929
f 2901/552/2878 2952/608/2930 2900/550/2876
f 2901/552/2878 2953/609/2931 2952/608/2930
f 2954/610/2932 2956/611/2933 2955/612/2934
f 2955/612/2934 2957/613/2935 2954/610/2932
f 2954/610/2932 2957/613/2935 2958/614/2936
f 2958/614/2936 2959/615/2937 2954/610/2932
f 2959/615/2937 2958/614/2936 2898/549/2875
f 2898/549/2875 2899/551/2877 2959/615/2937
f 2946/602/2924 2961/616/2938 2960/617/2939
f 2946/602/2924 2949/605/2927 2961/616/2938
f 2962/618/2940 2950/606/2928 2960/617/2939
f 2960/617/2939 2950/606/2928 2946/602/2924
f 2963/619/2941 2952/608/2930 2962/618/2940
f 2962/618/2940 2952/608/2930 2950/606/2928
f 2900/550/2876 2963/619/2941 2903/553/2879
f 2900/550/2876 2952/608/2930 2963/619/2941
f 2964/620/2942 2956/611/2933 2954/610/2932
f 2954/610/2932 2965/621/2943 2964/620/2942
f 2965/621/2943 2954/610/2932 2959/615/2937
f 2959/615/2937 2966/622/2944 2965/621/2943
f 2966/622/2944 2959/615/2937 2899/551/2877
f 2899/551/2877 2902/554/2880 2966/622/2944
f 2960/617/2939 2968/623/2945 2967/624/2946
f 2960/617/2939 2961/616/2938 2968/623/2945
f 2969/625/2947 2962/618/2940 2967/624/2946
f 2967/624/2946 2962/618/2940 2960/617/2939
f 2970/626/2948 2963/619/2941 2969/625/2947
f 2969/625/2947 2963/619/2941 2962/618/2940
f 2903/553/2879 2970/626/2948 2905/555/2881
f 2903/553/2879 2963/619/2941 2970/626/2948
f 2971/627/2949 2964/620/2942 2965/621/2943
f 2965/621/2943 2972/628/2950 2971/627/2949
f 2972/628/2950 2965/621/2943 2966/622/2944
f 2966/622/2944 2973/629/2951 2972/628/2950
f 2973/629/2951 2966/622/2944 2902/554/2880
f 2902/554/2880 2904/556/2882 2973/629/2951
f 2942/630/2917 2974/631/2952 2941/632/2918
f 2975/633/2953 2941/632/2918 2974/631/2952
f 2941/632/2918 2975/633/2953 2943/634/2919
f 2976/635/2954 2943/634/2919 2975/633/2953
f 2943/634/2919 2976/635/2954 2977/636/2920
f 2978/637/2955 2977/636/2920 2976/635/2954
f 2977/636/2920 2978/637/2955 2906/557/2873
f 2907/558/2883 2906/557/2873 2978/637/2955
f 2979/638/2956 2981/639/2957 2980/640/2922
f 2980/640/2922 2944/641/2921 2979/638/2956
f 2982/642/2958 2979/638/2956 2944/641/2921
f 2944/641/2921 2945/643/2923 2982/642/2958
f 2908/560/2884 2982/642/2958 2945/643/2923
f 2945/643/2923 2897/559/2874 2908/560/2884
f 2974/631/2952 2983/644/2959 2975/633/2953
f 2984/645/2960 2975/633/2953 2983/644/2959
f 2975/633/2953 2984/645/2960 2976/635/2954
f 2985/646/2961 2976/635/2954 2984/645/2960
f 2976/635/2954 2985/646/2961 2978/637/2955
f 2986/647/2962 2978/637/2955 2985/646/2961
f 2978/637/2955 2986/647/2962 2907/558/2883
f 2909/561/2885 2907/558/2883 2986/647/2962
f 2987/648/2963 2988/649/2964 2981/639/2957
f 2981/639/2957 2979/638/2956 2987/648/2963
f 2987/648/2963 2982/642/2958 2989/650/2965
f 2987/648/2963 2979/638/2956 2982/642/2958
f 2910/562/2886 2989/650/2965 2982/642/2958
f 2982/642/2958 2908/560/2884 2910/562/2886
f 2983/644/2959 2990/651/2966 2984/645/2960
f 2991/652/2967 2984/645/2960 2990/651/2966
f 2984/645/2960 2991/652/2967 2985/646/2961
f 2992/653/2968 2985/646/2961 2991/652/2967
f 2985/646/2961 2992/653/2968 2986/647/2962
f 2993/654/2969 2986/647/2962 2992/653/2968
f 2986/647/2962 2993/654/2969 2909/561/2885
f 2911/563/2887 2909/561/2885 2993/654/2969
f 2994/655/2970 2995/656/2971 2988/649/2964
f 2988/649/2964 2987/648/2963 2994/655/2970
f 2994/655/2970 2989/650/2965 2996/657/2972
f 2994/655/2970 2987/648/2963 2989/650/2965
f 2996/657/2972 2989/650/2965 2910/562/2886
f 2910/562/2886 2912/564/2888 2996/657/2972
f 2990/651/2966 2947/604/2926 2991/652/2967
f 2948/603/2925 2991/652/2967 2947/604/2926
f 2991/652/2967 2948/603/2925 2992/653/2968
f 2951/607/2929 2992/653/2968 2948/603/2925
f 2992/653/2968 2951/607/2929 2993/654/2969
f 2953/609/2931 2993/654/2969 2951/607/2929
f 2993/654/2969 2953/609/2931 2911/563/2887
f 2901/552/2878 2911/563/2887 2953/609/2931
f 2957/613/2935 2955/612/2934 2995/656/2971
f 2995/656/2971 2994/655/2970 2957/613/2935
f 2957/613/2935 2996/657/2972 2958/614/2936
f 2957/613/2935 2994/655/2970 2996/657/2972
f 2958/614/2936 2996/657/2972 2912/564/2888
f 2912/564/2888 2898/549/2875 2958/614/2936
f 2968/623/2945 2997/658/2973 2967/624/2946
f 2968/623/2945 2998/659/2974 2997/658/2973
f 2967/624/2946 2997/658/2973 2999/660/2975
f 2967/624/2946 2999/660/2975 2969/625/2947
f 2969/625/2947 2999/660/2975 3000/661/2976
f 2969/625/2947 3000/661/2976 2970/626/2948
f 2970/626/2948 2914/566/2890 2905/555/2881
f 2970/626/2948 3000/661/2976 2914/566/2890
f 2972/628/2950 3001/662/2977 2971/627/2949
f 2972/628/2950 3002/663/2978 3001/662/2977
f 2972/628/2950 2973/629/2951 3003/664/2979
f 3003/664/2979 3002/663/2978 2972/628/2950
f 2973/629/2951 2904/556/2882 2913/565/2889
f 2913/565/2889 3003/664/2979 2973/629/2951
f 2998/659/2974 3004/665/2980 2997/658/2973
f 2998/659/2974 3005/666/2981 3004/665/2980
f 2997/658/2973 3004/665/2980 3006/667/2982
f 2997/658/2973 3006/667/2982 2999/660/2975
f 2999/660/2975 3007/668/2983 3000/661/2976
f 2999/660/2975 3006/667/2982 3007/668/2983
f 3000/661/2976 2916/568/2892 2914/566/2890
f 3000/661/2976 3007/668/2983 2916/568/2892
f 3002/663/2978 3008/669/2984 3001/662/2977
f 3002/663/2978 3009/670/2985 3008/669/2984
f 3002/663/2978 3003/664/2979 3010/671/2986
f 3010/671/2986 3009/670/2985 3002/663/2978
f 3003/664/2979 2913/565/2889 2915/567/2891
f 2915/567/2891 3010/671/2986 3003/664/2979
f 3005/666/2981 3011/672/2987 3004/665/2980
f 3005/666/2981 3012/673/2988 3011/672/2987
f 3004/665/2980 3013/674/2989 3006/667/2982
f 3004/665/2980 3011/672/2987 3013/674/2989
f 3006/667/2982 2919/571/2895 3007/668/2983
f 3006/667/2982 3013/674/2989 2919/571/2895
f 3007/668/2983 2918/570/2894 2916/568/2892
f 3007/668/2983 2919/571/2895 2918/570/2894
f 3009/670/2985 3014/675/2990 3008/669/2984
f 3009/670/2985 3015/676/2991 3014/675/2990
f 3009/670/2985 3010/671/2986 3016/677/2992
f 3016/677/2992 3015/676/2991 3009/670/2985
f 3010/671/2986 2915/567/2891 2917/569/2893
f 2917/569/2893 3016/677/2992 3010/671/2986
f 3015/676/2991 2931/678/2905 3014/675/2990
f 3015/676/2991 2930/679/2906 2931/678/2905
f 2930/679/2906 3015/676/2991 3016/677/2992
f 3016/677/2992 3017/680/2908 2930/679/2906
f 3016/677/2992 2917/569/2893 3017/680/2908
f 2917/569/2893 3018/681/2869 3017/680/2908
f 2918/570/2894 3018/681/2869 2917/569/2893
f 2918/570/2894 2920/572/2867 3018/681/2869
f 3012/673/2988 2924/682/2900 3011/672/2987
f 3012/673/2988 2921/683/2897 2924/682/2900
f 3011/672/2987 2926/684/2902 3013/674/2989
f 3011/672/2987 2924/682/2900 2926/684/2902
f 3013/674/2989 2928/573/2896 2919/571/2895
f 3013/674/2989 2926/684/2902 2928/573/2896
f 3019/685/2993 2964/620/2942 3176/686/2994
f 3176/686/2994 2964/620/2942 2971/627/2949
f 3175/687/2995 2956/611/2933 2964/620/2942
f 2964/620/2942 3019/685/2993 3175/687/2995
f 3175/687/2995 3020/688/2996 2955/612/2934
f 2955/612/2934 2956/611/2933 3175/687/2995
f 2955/612/2934 3020/688/2996 3021/689/2997
f 3021/689/2997 2995/656/2971 2955/612/2934
f 2995/656/2971 3021/689/2997 3181/690/2998
f 3181/690/2998 2988/649/2964 2995/656/2971
f 2988/649/2964 3181/690/2998 3022/691/2999
f 3022/691/2999 2981/639/2957 2988/649/2964
f 2981/639/2957 3022/691/2999 3180/692/3000
f 3180/692/3000 2980/640/2922 2981/639/2957
f 2939/593/2915 2980/600/2922 3180/693/3000
f 3180/693/3000 3179/694/3001 2939/593/2915
f 2932/585/2907 2939/593/2915 3179/694/3001
f 3179/694/3001 3178/695/3002 2932/585/2907
f 2932/585/2907 3023/696/3003 2931/583/2905
f 2932/585/2907 3178/695/3002 3023/696/3003
f 3014/675/2990 3023/697/3003 3177/698/3004
f 3014/675/2990 2931/678/2905 3023/697/3003
f 3008/669/2984 3177/698/3004 3024/699/3005
f 3008/669/2984 3014/675/2990 3177/698/3004
f 3001/662/2977 3024/699/3005 3025/700/3006
f 3001/662/2977 3008/669/2984 3024/699/3005
f 2971/627/2949 3025/700/3006 3176/686/2994
f 2971/627/2949 3001/662/2977 3025/700/3006
f 2947/604/2926 3026/701/2855 2949/605/2927
f 3026/701/2855 2947/604/2926 3027/702/2856
f 2961/616/2938 2949/605/2927 3026/701/2855
f 3026/701/2855 3028/703/2853 2961/616/2938
f 2961/616/2938 3028/703/2853 3029/704/2854
f 3029/704/2854 2968/623/2945 2961/616/2938
f 3029/704/2854 2998/659/2974 2968/623/2945
f 3029/704/2854 3030/705/2866 2998/659/2974
f 3030/705/2866 3005/666/2981 2998/659/2974
f 3030/705/2866 3031/706/2865 3005/666/2981
f 3031/706/2865 3012/673/2988 3005/666/2981
f 3031/706/2865 3032/707/2864 3012/673/2988
f 3032/707/2864 2921/683/2897 3012/673/2988
f 3032/707/2864 3034/708/2863 2921/683/2897
f 3033/709/2862 2923/575/2898 3034/710/2863
f 3034/710/2863 2923/575/2898 2921/574/2897
f 3035/711/2861 2935/588/2910 2923/575/2898
f 2923/575/2898 3033/709/2862 3035/711/2861
f 3035/711/2861 3036/712/2860 2935/588/2910
f 3036/712/2860 2942/595/2917 2935/588/2910
f 3036/713/2860 3037/714/2859 2942/630/2917
f 2974/631/2952 2942/630/2917 3037/714/2859
f 3037/714/2859 3038/715/2858 2974/631/2952
f 2983/644/2959 2974/631/2952 3038/715/2858
f 3038/715/2858 3039/716/2857 2983/644/2959
f 2990/651/2966 2983/644/2959 3039/716/2857
f 3039/716/2857 3027/702/2856 2990/651/2966
f 2947/604/2926 2990/651/2966 3027/702/2856
f 3067/541/3007 3040/542/3008 3165/543/3009
f 3040/542/3008 3041/544/3010 3165/543/3009
f 3040/542/3008 3043/545/3011 3042/546/3012
f 3042/546/3012 3041/544/3010 3040/542/3008
f 3043/545/3011 3053/547/3013 3042/546/3012
f 3053/547/3013 3044/548/3014 3042/546/3012
f 3045/549/3015 3047/550/3016 3046/551/3017
f 3045/549/3015 3048/552/3018 3047/550/3016
f 3046/551/3017 3050/553/3019 3049/554/3020
f 3046/551/3017 3047/550/3016 3050/553/3019
f 3049/554/3020 3052/555/3021 3051/556/3022
f 3049/554/3020 3050/553/3019 3052/555/3021
f 3053/557/3013 3054/558/3023 3044/559/3014
f 3055/560/3024 3044/559/3014 3054/558/3023
f 3054/558/3023 3056/561/3025 3055/560/3024
f 3057/562/3026 3055/560/3024 3056/561/3025
f 3056/561/3025 3058/563/3027 3057/562/3026
f 3059/564/3028 3057/562/3026 3058/563/3027
f 3058/563/3027 3048/552/3018 3059/564/3028
f 3045/549/3015 3059/564/3028 3048/552/3018
f 3052/555/3021 3060/565/3029 3051/556/3022
f 3052/555/3021 3061/566/3030 3060/565/3029
f 3061/566/3030 3062/567/3031 3060/565/3029
f 3061/566/3030 3063/568/3032 3062/567/3031
f 3063/568/3032 3064/569/3033 3062/567/3031
f 3063/568/3032 3065/570/3034 3064/569/3033
f 3066/571/3035 3067/572/3007 3065/570/3034
f 3066/571/3035 3075/573/3036 3067/572/3007
f 3068/574/3037 3070/575/3038 3069/576/3039
f 3069/576/3039 3071/577/3040 3068/574/3037
f 3071/577/3040 3069/576/3039 3072/578/3041
f 3072/578/3041 3073/579/3042 3071/577/3040
f 3073/579/3042 3072/578/3041 3074/580/3043
f 3074/580/3043 3075/581/3036 3073/579/3042
f 3075/581/3036 3074/580/3043 3067/541/3007
f 3074/580/3043 3040/542/3008 3067/541/3007
f 3076/582/3044 3078/583/3045 3077/584/3046
f 3076/582/3044 3079/585/3047 3078/583/3045
f 3164/586/3048 3080/587/3049 3077/584/3046
f 3077/584/3046 3080/587/3049 3076/582/3044
f 3165/543/3009 3041/544/3010 3164/586/3048
f 3164/586/3048 3041/544/3010 3080/587/3049
f 3070/575/3038 3082/588/3050 3081/589/3051
f 3081/589/3051 3069/576/3039 3070/575/3038
f 3069/576/3039 3081/589/3051 3083/590/3052
f 3083/590/3052 3072/578/3041 3069/576/3039
f 3072/578/3041 3083/590/3052 3084/591/3053
f 3084/591/3053 3074/580/3043 3072/578/3041
f 3074/580/3043 3084/591/3053 3043/545/3011
f 3043/545/3011 3040/542/3008 3074/580/3043
f 3085/592/3054 3079/585/3047 3076/582/3044
f 3085/592/3054 3086/593/3055 3079/585/3047
f 3080/587/3049 3087/594/3056 3076/582/3044
f 3076/582/3044 3087/594/3056 3085/592/3054
f 3041/544/3010 3042/546/3012 3080/587/3049
f 3080/587/3049 3042/546/3012 3087/594/3056
f 3082/588/3050 3089/595/3057 3088/596/3058
f 3088/596/3058 3081/589/3051 3082/588/3050
f 3081/589/3051 3088/596/3058 3090/597/3059
f 3090/597/3059 3083/590/3052 3081/589/3051
f 3083/590/3052 3090/597/3059 3124/598/3060
f 3124/598/3060 3084/591/3053 3083/590/3052
f 3084/591/3053 3124/598/3060 3043/545/3011
f 3053/547/3013 3043/545/3011 3124/598/3060
f 3091/599/3061 3086/593/3055 3085/592/3054
f 3091/599/3061 3127/600/3062 3086/593/3055
f 3087/594/3056 3092/601/3063 3085/592/3054
f 3085/592/3054 3092/601/3063 3091/599/3061
f 3042/546/3012 3044/548/3014 3087/594/3056
f 3087/594/3056 3044/548/3014 3092/601/3063
f 3093/602/3064 3095/603/3065 3094/604/3066
f 3094/604/3066 3096/605/3067 3093/602/3064
f 3097/606/3068 3098/607/3069 3093/602/3064
f 3093/602/3064 3098/607/3069 3095/603/3065
f 3099/608/3070 3100/609/3071 3097/606/3068
f 3097/606/3068 3100/609/3071 3098/607/3069
f 3048/552/3018 3099/608/3070 3047/550/3016
f 3048/552/3018 3100/609/3071 3099/608/3070
f 3101/610/3072 3103/611/3073 3102/612/3074
f 3102/612/3074 3104/613/3075 3101/610/3072
f 3101/610/3072 3104/613/3075 3105/614/3076
f 3105/614/3076 3106/615/3077 3101/610/3072
f 3106/615/3077 3105/614/3076 3045/549/3015
f 3045/549/3015 3046/551/3017 3106/615/3077
f 3093/602/3064 3108/616/3078 3107/617/3079
f 3093/602/3064 3096/605/3067 3108/616/3078
f 3109/618/3080 3097/606/3068 3107/617/3079
f 3107/617/3079 3097/606/3068 3093/602/3064
f 3110/619/3081 3099/608/3070 3109/618/3080
f 3109/618/3080 3099/608/3070 3097/606/3068
f 3047/550/3016 3110/619/3081 3050/553/3019
f 3047/550/3016 3099/608/3070 3110/619/3081
f 3111/620/3082 3103/611/3073 3101/610/3072
f 3101/610/3072 3112/621/3083 3111/620/3082
f 3112/621/3083 3101/610/3072 3106/615/3077
f 3106/615/3077 3113/622/3084 3112/621/3083
f 3113/622/3084 3106/615/3077 3046/551/3017
f 3046/551/3017 3049/554/3020 3113/622/3084
f 3107/617/3079 3115/623/3085 3114/624/3086
f 3107/617/3079 3108/616/3078 3115/623/3085
f 3116/625/3087 3109/618/3080 3114/624/3086
f 3114/624/3086 3109/618/3080 3107/617/3079
f 3117/626/3088 3110/619/3081 3116/625/3087
f 3116/625/3087 3110/619/3081 3109/618/3080
f 3050/553/3019 3117/626/3088 3052/555/3021
f 3050/553/3019 3110/619/3081 3117/626/3088
f 3118/627/3089 3111/620/3082 3112/621/3083
f 3112/621/3083 3119/628/3090 3118/627/3089
f 3119/628/3090 3112/621/3083 3113/622/3084
f 3113/622/3084 3120/629/3091 3119/628/3090
f 3120/629/3091 3113/622/3084 3049/554/3020
f 3049/554/3020 3051/556/3022 3120/629/3091
f 3089/630/3057 3121/631/3092 3088/632/3058
f 3122/633/3093 3088/632/3058 3121/631/3092
f 3088/632/3058 3122/633/3093 3090/634/3059
f 3123/635/3094 3090/634/3059 3122/633/3093
f 3090/634/3059 3123/635/3094 3124/636/3060
f 3125/637/3095 3124/636/3060 3123/635/3094
f 3124/636/3060 3125/637/3095 3053/557/3013
f 3054/558/3023 3053/557/3013 3125/637/3095
f 3126/638/3096 3128/639/3097 3127/640/3062
f 3127/640/3062 3091/641/3061 3126/638/3096
f 3129/642/3098 3126/638/3096 3091/641/3061
f 3091/641/3061 3092/643/3063 3129/642/3098
f 3055/560/3024 3129/642/3098 3092/643/3063
f 3092/643/3063 3044/559/3014 3055/560/3024
f 3121/631/3092 3130/644/3099 3122/633/3093
f 3131/645/3100 3122/633/3093 3130/644/3099
f 3122/633/3093 3131/645/3100 3123/635/3094
f 3132/646/3101 3123/635/3094 3131/645/3100
f 3123/635/3094 3132/646/3101 3125/637/3095
f 3133/647/3102 3125/637/3095 3132/646/3101
f 3125/637/3095 3133/647/3102 3054/558/3023
f 3056/561/3025 3054/558/3023 3133/647/3102
f 3134/648/3103 3135/649/3104 3128/639/3097
f 3128/639/3097 3126/638/3096 3134/648/3103
f 3134/648/3103 3129/642/3098 3136/650/3105
f 3134/648/3103 3126/638/3096 3129/642/3098
f 3057/562/3026 3136/650/3105 3129/642/3098
f 3129/642/3098 3055/560/3024 3057/562/3026
f 3130/644/3099 3137/651/3106 3131/645/3100
f 3138/652/3107 3131/645/3100 3137/651/3106
f 3131/645/3100 3138/652/3107 3132/646/3101
f 3139/653/3108 3132/646/3101 3138/652/3107
f 3132/646/3101 3139/653/3108 3133/647/3102
f 3140/654/3109 3133/647/3102 3139/653/3108
f 3133/647/3102 3140/654/3109 3056/561/3025
f 3058/563/3027 3056/561/3025 3140/654/3109
f 3141/655/3110 3142/656/3111 3135/649/3104
f 3135/649/3104 3134/648/3103 3141/655/3110
f 3141/655/3110 3136/650/3105 3143/657/3112
f 3141/655/3110 3134/648/3103 3136/650/3105
f 3143/657/3112 3136/650/3105 3057/562/3026
f 3057/562/3026 3059/564/3028 3143/657/3112
f 3137/651/3106 3094/604/3066 3138/652/3107
f 3095/603/3065 3138/652/3107 3094/604/3066
f 3138/652/3107 3095/603/3065 3139/653/3108
f 3098/607/3069 3139/653/3108 3095/603/3065
f 3139/653/3108 3098/607/3069 3140/654/3109
f 3100/609/3071 3140/654/3109 3098/607/3069
f 3140/654/3109 3100/609/3071 3058/563/3027
f 3048/552/3018 3058/563/3027 3100/609/3071
f 3104/613/3075 3102/612/3074 3142/656/3111
f 3142/656/3111 3141/655/3110 3104/613/3075
f 3104/613/3075 3143/657/3112 3105/614/3076
f 3104/613/3075 3141/655/3110 3143/657/3112
f 3105/614/3076 3143/657/3112 3059/564/3028
f 3059/564/3028 3045/549/3015 3105/614/3076
f 3115/623/3085 3144/658/3113 3114/624/3086
f 3115/623/3085 3145/659/3114 3144/658/3113
f 3114/624/3086 3144/658/3113 3146/660/3115
f 3114/624/3086 3146/660/3115 3116/625/3087
f 3116/625/3087 3146/660/3115 3147/661/3116
f 3116/625/3087 3147/661/3116 3117/626/3088
f 3117/626/3088 3061/566/3030 3052/555/3021
f 3117/626/3088 3147/661/3116 3061/566/3030
f 3119/628/3090 3148/662/3117 3118/627/3089
f 3119/628/3090 3149/663/3118 3148/662/3117
f 3119/628/3090 3120/629/3091 3150/664/3119
f 3150/664/3119 3149/663/3118 3119/628/3090
f 3120/629/3091 3051/556/3022 3060/565/3029
f 3060/565/3029 3150/664/3119 3120/629/3091
f 3145/659/3114 3151/665/3120 3144/658/3113
f 3145/659/3114 3152/666/3121 3151/665/3120
f 3144/658/3113 3151/665/3120 3153/667/3122
f 3144/658/3113 3153/667/3122 3146/660/3115
f 3146/660/3115 3154/668/3123 3147/661/3116
f 3146/660/3115 3153/667/3122 3154/668/3123
f 3147/661/3116 3063/568/3032 3061/566/3030
f 3147/661/3116 3154/668/3123 3063/568/3032
f 3149/663/3118 3155/669/3124 3148/662/3117
f 3149/663/3118 3156/670/3125 3155/669/3124
f 3149/663/3118 3150/664/3119 3157/671/3126
f 3157/671/3126 3156/670/3125 3149/663/3118
f 3150/664/3119 3060/565/3029 3062/567/3031
f 3062/567/3031 3157/671/3126 3150/664/3119
f 3152/666/3121 3158/672/3127 3151/665/3120
f 3152/666/3121 3159/673/3128 3158/672/3127
f 3151/665/3120 3160/674/3129 3153/667/3122
f 3151/665/3120 3158/672/3127 3160/674/3129
f 3153/667/3122 3066/571/3035 3154/668/3123
f 3153/667/3122 3160/674/3129 3066/571/3035
f 3154/668/3123 3065/570/3034 3063/568/3032
f 3154/668/3123 3066/571/3035 3065/570/3034
f 3156/670/3125 3161/675/3130 3155/669/3124
f 3156/670/3125 3162/676/3131 3161/675/3130
f 3156/670/3125 3157/671/3126 3163/677/3132
f 3163/677/3132 3162/676/3131 3156/670/3125
f 3157/671/3126 3062/567/3031 3064/569/3033
f 3064/569/3033 3163/677/3132 3157/671/3126
f 3162/676/3131 3078/678/3045 3161/675/3130
f 3162/676/3131 3077/679/3046 3078/678/3045
f 3077/679/3046 3162/676/3131 3163/677/3132
f 3163/677/3132 3164/680/3048 3077/679/3046
f 3163/677/3132 3064/569/3033 3164/680/3048
f 3064/569/3033 3165/681/3009 3164/680/3048
f 3065/570/3034 3165/681/3009 3064/569/3033
f 3065/570/3034 3067/572/3007 3165/681/3009
f 3159/673/3128 3071/682/3040 3158/672/3127
f 3159/673/3128 3068/683/3037 3071/682/3040
f 3158/672/3127 3073/684/3042 3160/674/3129
f 3158/672/3127 3071/682/3040 3073/684/3042
f 3160/674/3129 3075/573/3036 3066/571/3035
f 3160/674/3129 3073/684/3042 3075/573/3036
f 3267/685/3133 3111/620/3082 3166/686/3134
f 3166/686/3134 3111/620/3082 3118/627/3089
f 3167/687/3135 3103/611/3073 3111/620/3082
f 3111/620/3082 3267/685/3133 3167/687/3135
f 3167/687/3135 3266/688/3136 3102/612/3074
f 3102/612/3074 3103/611/3073 3167/687/3135
f 3102/612/3074 3266/688/3136 3168/689/3137
f 3168/689/3137 3142/656/3111 3102/612/3074
f 3142/656/3111 3168/689/3137 3169/690/3138
f 3169/690/3138 3135/649/3104 3142/656/3111
f 3135/649/3104 3169/690/3138 3270/691/3139
f 3270/691/3139 3128/639/3097 3135/649/3104
f 3128/639/3097 3270/691/3139 3170/692/3140
f 3170/692/3140 3127/640/3062 3128/639/3097
f 3086/593/3055 3127/600/3062 3170/693/3140
f 3170/693/3140 3269/694/3141 3086/593/3055
f 3079/585/3047 3086/593/3055 3269/694/3141
f 3269/694/3141 3171/695/3142 3079/585/3047
f 3079/585/3047 3268/696/3143 3078/583/3045
f 3079/585/3047 3171/695/3142 3268/696/3143
f 3161/675/3130 3268/697/3143 3172/698/3144
f 3161/675/3130 3078/678/3045 3268/697/3143
f 3155/669/3124 3172/698/3144 3173/699/3145
f 3155/669/3124 3161/675/3130 3172/698/3144
f 3148/662/3117 3173/699/3145 3174/700/3146
f 3148/662/3117 3155/669/3124 3173/699/3145
f 3118/627/3089 3174/700/3146 3166/686/3134
f 3118/627/3089 3148/662/3117 3174/700/3146
f 3094/604/3066 3175/701/2995 3096/605/3067
f 3175/701/2995 3094/604/3066 3020/702/2996
f 3108/616/3078 3096/605/3067 3175/701/2995
f 3175/701/2995 3019/703/2993 3108/616/3078
f 3108/616/3078 3019/703/2993 3176/704/2994
f 3176/704/2994 3115/623/3085 3108/616/3078
f 3176/704/2994 3145/659/3114 3115/623/3085
f 3176/704/2994 3025/705/3006 3145/659/3114
f 3025/705/3006 3152/666/3121 3145/659/3114
f 3025/705/3006 3024/706/3005 3152/666/3121
f 3024/706/3005 3159/673/3128 3152/666/3121
f 3024/706/3005 3177/707/3004 3159/673/3128
f 3177/707/3004 3068/683/3037 3159/673/3128
f 3177/707/3004 3023/708/3003 3068/683/3037
f 3178/709/3002 3070/575/3038 3023/710/3003
f 3023/710/3003 3070/575/3038 3068/574/3037
f 3179/711/3001 3082/588/3050 3070/575/3038
f 3070/575/3038 3178/709/3002 3179/711/3001
f 3179/711/3001 3180/712/3000 3082/588/3050
f 3180/712/3000 3089/595/3057 3082/588/3050
f 3180/713/3000 3022/714/2999 3089/630/3057
f 3121/631/3092 3089/630/3057 3022/714/2999
f 3022/714/2999 3181/715/2998 3121/631/3092
f 3130/644/3099 3121/631/3092 3181/715/2998
f 3181/715/2998 3021/716/2997 3130/644/3099
f 3137/651/3106 3130/644/3099 3021/716/2997
f 3021/716/2997 3020/702/2996 3137/651/3106
f 3094/604/3066 3137/651/3106 3020/702/2996
f 3182/144/3147 3184/145/3148 3183/146/3149
f 3182/144/3147 3185/147/3150 3184/145/3148
f 3186/148/3151 3188/149/3152 3187/150/3153
f 3188/149/3152 3189/151/3154 3187/150/3153
f 3190/152/3155 3192/153/3156 3191/154/3157
f 3191/154/3157 3193/155/3158 3190/152/3155
f 3194/156/3159 3196/157/3160 3195/158/3161
f 3195/158/3161 3197/159/3162 3194/156/3159
f 3198/160/3163 3200/161/3164 3199/162/3165
f 3198/160/3163 3201/163/3166 3200/161/3164
f 3201/163/3166 3183/146/3149 3200/161/3164
f 3201/163/3166 3182/144/3147 3183/146/3149
f 3202/164/3167 3204/165/3168 3203/166/3169
f 3204/165/3168 3205/167/3170 3203/166/3169
f 3184/145/3148 3185/147/3150 3204/165/3168
f 3204/165/3168 3202/164/3167 3184/145/3148
f 3206/168/3171 3208/169/3172 3207/170/3173
f 3208/169/3172 3209/171/3174 3207/170/3173
f 3187/150/3153 3189/151/3154 3206/168/3171
f 3189/151/3154 3208/169/3172 3206/168/3171
f 3210/172/3175 3212/173/3176 3211/174/3177
f 3210/172/3175 3213/175/3178 3212/173/3176
f 3213/175/3178 3186/148/3151 3212/173/3176
f 3213/175/3178 3188/149/3152 3186/148/3151
f 3214/176/3179 3216/177/3180 3215/178/3181
f 3215/178/3181 3217/179/3182 3214/176/3179
f 3216/177/3180 3190/152/3155 3193/155/3158
f 3193/155/3158 3215/178/3181 3216/177/3180
f 3218/180/3183 3220/181/3184 3219/182/3185
f 3219/182/3185 3220/181/3184 3221/183/3186
f 3219/182/3185 3221/183/3186 3222/184/3187
f 3222/184/3187 3221/183/3186 3192/153/3156
f 3223/185/3188 3225/186/3189 3224/187/3190
f 3224/187/3190 3226/188/3191 3223/185/3188
f 3225/186/3189 3194/156/3159 3197/159/3162
f 3197/159/3162 3224/187/3190 3225/186/3189
f 3227/189/3192 3229/190/3193 3228/191/3194
f 3228/191/3194 3229/190/3193 3230/192/3195
f 3228/191/3194 3230/192/3195 3231/193/3196
f 3231/193/3196 3230/192/3195 3196/157/3160
f 3232/194/3197 3222/184/3187 3233/195/3198
f 3233/195/3198 3234/196/3199 3232/194/3197
f 3233/195/3198 3222/184/3187 3192/153/3156
f 3192/153/3156 3190/152/3155 3233/195/3198
f 3260/197/3200 3193/155/3158 3261/198/3201
f 3191/154/3157 3261/198/3201 3193/155/3158
f 3235/199/3202 3236/200/3203 3231/193/3196
f 3231/193/3196 3237/201/3204 3235/199/3202
f 3237/201/3204 3231/193/3196 3196/157/3160
f 3196/157/3160 3194/156/3159 3237/201/3204
f 3195/158/3161 3238/202/3205 3197/159/3162
f 3197/159/3162 3238/202/3205 3262/203/3206
f 3239/204/3207 3241/205/3208 3240/206/3209
f 3240/206/3209 3242/207/3210 3239/204/3207
f 3242/207/3210 3240/206/3209 3216/177/3180
f 3216/177/3180 3214/176/3179 3242/207/3210
f 3263/208/3211 3217/179/3182 3243/209/3212
f 3215/178/3181 3243/209/3212 3217/179/3182
f 3241/205/3208 3234/196/3199 3233/195/3198
f 3233/195/3198 3240/206/3209 3241/205/3208
f 3240/206/3209 3233/195/3198 3190/152/3155
f 3190/152/3155 3216/177/3180 3240/206/3209
f 3243/209/3212 3215/178/3181 3193/155/3158
f 3193/155/3158 3260/197/3200 3243/209/3212
f 3244/210/3213 3265/211/3214 3245/212/3215
f 3245/212/3215 3246/213/3216 3244/210/3213
f 3220/181/3184 3244/210/3213 3221/183/3186
f 3221/183/3186 3244/210/3213 3246/213/3216
f 3247/214/3217 3248/215/3218 3218/180/3183
f 3218/180/3183 3219/182/3185 3247/214/3217
f 3246/213/3216 3245/212/3215 3261/198/3201
f 3261/198/3201 3191/154/3157 3246/213/3216
f 3221/183/3186 3246/213/3216 3192/153/3156
f 3192/153/3156 3246/213/3216 3191/154/3157
f 3232/194/3197 3247/214/3217 3219/182/3185
f 3219/182/3185 3222/184/3187 3232/194/3197
f 3249/216/3219 3251/217/3220 3250/218/3221
f 3250/218/3221 3252/219/3222 3249/216/3219
f 3250/218/3221 3251/217/3220 3225/186/3189
f 3225/186/3189 3223/185/3188 3250/218/3221
f 3224/187/3190 3264/220/3223 3253/221/3224
f 3253/221/3224 3226/188/3191 3224/187/3190
f 3249/216/3219 3237/201/3204 3251/217/3220
f 3249/216/3219 3235/199/3202 3237/201/3204
f 3251/217/3220 3237/201/3204 3194/156/3159
f 3194/156/3159 3225/186/3189 3251/217/3220
f 3197/159/3162 3262/203/3206 3224/187/3190
f 3224/187/3190 3262/203/3206 3264/220/3223
f 3254/222/3225 3256/223/3226 3255/224/3227
f 3257/225/3228 3255/224/3227 3256/223/3226
f 3229/190/3193 3257/225/3228 3230/192/3195
f 3230/192/3195 3257/225/3228 3256/223/3226
f 3258/226/3229 3227/189/3192 3228/191/3194
f 3228/191/3194 3259/227/3230 3258/226/3229
f 3256/223/3226 3254/222/3225 3195/158/3161
f 3195/158/3161 3254/222/3225 3238/202/3205
f 3230/192/3195 3256/223/3226 3196/157/3160
f 3196/157/3160 3256/223/3226 3195/158/3161
f 3236/200/3203 3259/227/3230 3228/191/3194
f 3228/191/3194 3231/193/3196 3236/200/3203
f 3182/144/3147 3260/228/3200 3185/147/3150
f 3260/228/3200 3261/229/3201 3185/147/3150
f 3262/230/3206 3238/231/3205 3183/146/3149
f 3183/146/3149 3184/145/3148 3262/230/3206
f 3235/199/3202 3186/148/3151 3187/150/3153
f 3187/150/3153 3236/200/3203 3235/199/3202
f 3232/194/3197 3189/151/3154 3188/149/3152
f 3189/151/3154 3232/194/3197 3234/196/3199
f 3198/160/3163 3263/232/3211 3243/233/3212
f 3243/233/3212 3201/163/3166 3198/160/3163
f 3255/234/3227 3199/162/3165 3200/161/3164
f 3200/161/3164 3254/235/3225 3255/234/3227
f 3201/163/3166 3243/233/3212 3182/144/3147
f 3243/233/3212 3260/228/3200 3182/144/3147
f 3254/235/3225 3200/161/3164 3183/146/3149
f 3183/146/3149 3238/231/3205 3254/235/3225
f 3264/236/3223 3202/164/3167 3253/237/3224
f 3202/164/3167 3203/166/3169 3253/237/3224
f 3204/165/3168 3245/238/3215 3265/239/3214
f 3265/239/3214 3205/167/3170 3204/165/3168
f 3264/236/3223 3262/230/3206 3184/145/3148
f 3184/145/3148 3202/164/3167 3264/236/3223
f 3261/229/3201 3204/165/3168 3185/147/3150
f 3204/165/3168 3261/229/3201 3245/238/3215
f 3259/227/3230 3206/168/3171 3258/226/3229
f 3206/168/3171 3207/170/3173 3258/226/3229
f 3208/169/3172 3241/205/3208 3209/171/3174
f 3209/171/3174 3241/205/3208 3239/204/3207
f 3236/200/3203 3187/150/3153 3259/227/3230
f 3187/150/3153 3206/168/3171 3259/227/3230
f 3189/151/3154 3234/196/3199 3241/205/3208
f 3241/205/3208 3208/169/3172 3189/151/3154
f 3210/172/3175 3248/215/3218 3247/214/3217
f 3247/214/3217 3213/175/3178 3210/172/3175
f 3252/219/3222 3211/174/3177 3249/216/3219
f 3211/174/3177 3212/173/3176 3249/216/3219
f 3247/214/3217 3188/149/3152 3213/175/3178
f 3247/214/3217 3232/194/3197 3188/149/3152
f 3249/216/3219 3212/173/3176 3235/199/3202
f 3212/173/3176 3186/148/3151 3235/199/3202
f 3266/240/3136 3167/241/3135 3252/219/3222
f 3211/174/3177 3252/219/3222 3167/241/3135
f 3167/241/3135 3267/242/3133 3211/174/3177
f 3267/242/3133 3210/172/3175 3211/174/3177
f 3267/242/3133 3166/243/3134 3210/172/3175
f 3166/243/3134 3248/215/3218 3210/172/3175
f 3166/243/3134 3174/244/3146 3218/180/3183
f 3218/180/3183 3248/215/3218 3166/243/3134
f 3218/180/3183 3174/244/3146 3173/245/3145
f 3173/245/3145 3220/181/3184 3218/180/3183
f 3220/181/3184 3173/245/3145 3244/210/3213
f 3173/245/3145 3172/246/3144 3244/210/3213
f 3244/210/3213 3172/246/3144 3268/247/3143
f 3268/247/3143 3265/211/3214 3244/210/3213
f 3205/167/3170 3265/239/3214 3268/248/3143
f 3268/248/3143 3171/249/3142 3205/167/3170
f 3203/166/3169 3205/167/3170 3171/249/3142
f 3171/249/3142 3269/250/3141 3203/166/3169
f 3253/237/3224 3203/166/3169 3269/250/3141
f 3269/250/3141 3170/251/3140 3253/237/3224
f 3270/252/3139 3226/188/3191 3253/221/3224
f 3253/221/3224 3170/253/3140 3270/252/3139
f 3223/185/3188 3270/252/3139 3169/254/3138
f 3223/185/3188 3226/188/3191 3270/252/3139
f 3250/218/3221 3169/254/3138 3168/255/3137
f 3250/218/3221 3223/185/3188 3169/254/3138
f 3168/255/3137 3266/240/3136 3252/219/3222
f 3252/219/3222 3250/218/3221 3168/255/3137
f 3239/204/3207 2492/256/2434 3271/257/2433
f 3271/257/2433 3209/171/3174 3239/204/3207
f 3207/170/3173 3209/171/3174 3271/257/2433
f 3271/257/2433 2491/258/2432 3207/170/3173
f 3258/226/3229 3207/170/3173 2491/258/2432
f 2491/258/2432 3272/259/2431 3258/226/3229
f 3258/226/3229 3272/259/2431 3227/189/3192
f 3272/259/2431 2496/260/2444 3227/189/3192
f 3229/190/3193 3227/189/3192 2496/260/2444
f 2496/260/2444 3273/261/2443 3229/190/3193
f 3257/225/3228 3229/190/3193 3273/261/2443
f 3273/261/2443 3274/262/2442 3257/225/3228
f 3274/262/2442 3275/263/2441 3255/224/3227
f 3255/224/3227 3257/225/3228 3274/262/2442
f 3276/264/2440 3199/162/3165 3255/234/3227
f 3255/234/3227 3275/265/2441 3276/264/2440
f 3276/264/2440 3277/266/2439 3199/162/3165
f 3277/266/2439 3198/160/3163 3199/162/3165
f 3277/266/2439 3278/267/2438 3198/160/3163
f 3278/267/2438 3263/232/3211 3198/160/3163
f 3217/179/3182 3278/268/2438 2495/269/2437
f 3217/179/3182 3263/208/3211 3278/268/2438
f 3214/176/3179 2495/269/2437 2494/270/2436
f 3214/176/3179 3217/179/3182 2495/269/2437
f 3242/207/3210 2494/270/2436 2493/271/2435
f 3242/207/3210 3214/176/3179 2494/270/2436
f 3239/204/3207 2493/271/2435 2492/256/2434
f 3239/204/3207 3242/207/3210 2493/271/2435
f 3279/144/3231 3281/145/3232 3280/146/3233
f 3279/144/3231 3282/147/3234 3281/145/3232
f 3283/148/3235 3285/149/3236 3284/150/3237
f 3285/149/3236 3286/151/3238 3284/150/3237
f 3287/152/3239 3289/153/3240 3288/154/3241
f 3288/154/3241 3290/155/3242 3287/152/3239
f 3291/156/3243 3293/157/3244 3292/158/3245
f 3292/158/3245 3294/159/3246 3291/156/3243
f 3295/160/3247 3297/161/3248 3296/162/3249
f 3295/160/3247 3298/163/3250 3297/161/3248
f 3298/163/3250 3280/146/3233 3297/161/3248
f 3298/163/3250 3279/144/3231 3280/146/3233
f 3299/164/3251 3301/165/3252 3300/166/3253
f 3301/165/3252 3302/167/3254 3300/166/3253
f 3281/145/3232 3282/147/3234 3301/165/3252
f 3301/165/3252 3299/164/3251 3281/145/3232
f 3303/168/3255 3305/169/3256 3304/170/3257
f 3305/169/3256 3306/171/3258 3304/170/3257
f 3284/150/3237 3286/151/3238 3303/168/3255
f 3286/151/3238 3305/169/3256 3303/168/3255
f 3307/172/3259 3309/173/3260 3308/174/3261
f 3307/172/3259 3310/175/3262 3309/173/3260
f 3310/175/3262 3283/148/3235 3309/173/3260
f 3310/175/3262 3285/149/3236 3283/148/3235
f 3311/176/3263 3313/177/3264 3312/178/3265
f 3312/178/3265 3314/179/3266 3311/176/3263
f 3313/177/3264 3287/152/3239 3290/155/3242
f 3290/155/3242 3312/178/3265 3313/177/3264
f 3315/180/3267 3317/181/3268 3316/182/3269
f 3316/182/3269 3317/181/3268 3318/183/3270
f 3316/182/3269 3318/183/3270 3319/184/3271
f 3319/184/3271 3318/183/3270 3289/153/3240
f 3320/185/3272 3322/186/3273 3321/187/3274
f 3321/187/3274 3323/188/3275 3320/185/3272
f 3322/186/3273 3291/156/3243 3294/159/3246
f 3294/159/3246 3321/187/3274 3322/186/3273
f 3324/189/3276 3326/190/3277 3325/191/3278
f 3325/191/3278 3326/190/3277 3327/192/3279
f 3325/191/3278 3327/192/3279 3328/193/3280
f 3328/193/3280 3327/192/3279 3293/157/3244
f 3329/194/3281 3319/184/3271 3330/195/3282
f 3330/195/3282 3331/196/3283 3329/194/3281
f 3330/195/3282 3319/184/3271 3289/153/3240
f 3289/153/3240 3287/152/3239 3330/195/3282
f 3357/197/3284 3290/155/3242 3358/198/3285
f 3288/154/3241 3358/198/3285 3290/155/3242
f 3332/199/3286 3333/200/3287 3328/193/3280
f 3328/193/3280 3334/201/3288 3332/199/3286
f 3334/201/3288 3328/193/3280 3293/157/3244
f 3293/157/3244 3291/156/3243 3334/201/3288
f 3292/158/3245 3335/202/3289 3294/159/3246
f 3294/159/3246 3335/202/3289 3359/203/3290
f 3336/204/3291 3338/205/3292 3337/206/3293
f 3337/206/3293 3339/207/3294 3336/204/3291
f 3339/207/3294 3337/206/3293 3313/177/3264
f 3313/177/3264 3311/176/3263 3339/207/3294
f 3360/208/3295 3314/179/3266 3340/209/3296
f 3312/178/3265 3340/209/3296 3314/179/3266
f 3338/205/3292 3331/196/3283 3330/195/3282
f 3330/195/3282 3337/206/3293 3338/205/3292
f 3337/206/3293 3330/195/3282 3287/152/3239
f 3287/152/3239 3313/177/3264 3337/206/3293
f 3340/209/3296 3312/178/3265 3290/155/3242
f 3290/155/3242 3357/197/3284 3340/209/3296
f 3341/210/3297 3362/211/3298 3342/212/3299
f 3342/212/3299 3343/213/3300 3341/210/3297
f 3317/181/3268 3341/210/3297 3318/183/3270
f 3318/183/3270 3341/210/3297 3343/213/3300
f 3344/214/3301 3345/215/3302 3315/180/3267
f 3315/180/3267 3316/182/3269 3344/214/3301
f 3343/213/3300 3342/212/3299 3358/198/3285
f 3358/198/3285 3288/154/3241 3343/213/3300
f 3318/183/3270 3343/213/3300 3289/153/3240
f 3289/153/3240 3343/213/3300 3288/154/3241
f 3329/194/3281 3344/214/3301 3316/182/3269
f 3316/182/3269 3319/184/3271 3329/194/3281
f 3346/216/3303 3348/217/3304 3347/218/3305
f 3347/218/3305 3349/219/3306 3346/216/3303
f 3347/218/3305 3348/217/3304 3322/186/3273
f 3322/186/3273 3320/185/3272 3347/218/3305
f 3321/187/3274 3361/220/3307 3350/221/3308
f 3350/221/3308 3323/188/3275 3321/187/3274
f 3346/216/3303 3334/201/3288 3348/217/3304
f 3346/216/3303 3332/199/3286 3334/201/3288
f 3348/217/3304 3334/201/3288 3291/156/3243
f 3291/156/3243 3322/186/3273 3348/217/3304
f 3294/159/3246 3359/203/3290 3321/187/3274
f 3321/187/3274 3359/203/3290 3361/220/3307
f 3351/222/3309 3353/223/3310 3352/224/3311
f 3354/225/3312 3352/224/3311 3353/223/3310
f 3326/190/3277 3354/225/3312 3327/192/3279
f 3327/192/3279 3354/225/3312 3353/223/3310
f 3355/226/3313 3324/189/3276 3325/191/3278
f 3325/191/3278 3356/227/3314 3355/226/3313
f 3353/223/3310 3351/222/3309 3292/158/3245
f 3292/158/3245 3351/222/3309 3335/202/3289
f 3327/192/3279 3353/223/3310 3293/157/3244
f 3293/157/3244 3353/223/3310 3292/158/3245
f 3333/200/3287 3356/227/3314 3325/191/3278
f 3325/191/3278 3328/193/3280 3333/200/3287
f 3279/144/3231 3357/228/3284 3282/147/3234
f 3357/228/3284 3358/229/3285 3282/147/3234
f 3359/230/3290 3335/231/3289 3280/146/3233
f 3280/146/3233 3281/145/3232 3359/230/3290
f 3332/199/3286 3283/148/3235 3284/150/3237
f 3284/150/3237 3333/200/3287 3332/199/3286
f 3329/194/3281 3286/151/3238 3285/149/3236
f 3286/151/3238 3329/194/3281 3331/196/3283
f 3295/160/3247 3360/232/3295 3340/233/3296
f 3340/233/3296 3298/163/3250 3295/160/3247
f 3352/234/3311 3296/162/3249 3297/161/3248
f 3297/161/3248 3351/235/3309 3352/234/3311
f 3298/163/3250 3340/233/3296 3279/144/3231
f 3340/233/3296 3357/228/3284 3279/144/3231
f 3351/235/3309 3297/161/3248 3280/146/3233
f 3280/146/3233 3335/231/3289 3351/235/3309
f 3361/236/3307 3299/164/3251 3350/237/3308
f 3299/164/3251 3300/166/3253 3350/237/3308
f 3301/165/3252 3342/238/3299 3362/239/3298
f 3362/239/3298 3302/167/3254 3301/165/3252
f 3361/236/3307 3359/230/3290 3281/145/3232
f 3281/145/3232 3299/164/3251 3361/236/3307
f 3358/229/3285 3301/165/3252 3282/147/3234
f 3301/165/3252 3358/229/3285 3342/238/3299
f 3356/227/3314 3303/168/3255 3355/226/3313
f 3303/168/3255 3304/170/3257 3355/226/3313
f 3305/169/3256 3338/205/3292 3306/171/3258
f 3306/171/3258 3338/205/3292 3336/204/3291
f 3333/200/3287 3284/150/3237 3356/227/3314
f 3284/150/3237 3303/168/3255 3356/227/3314
f 3286/151/3238 3331/196/3283 3338/205/3292
f 3338/205/3292 3305/169/3256 3286/151/3238
f 3307/172/3259 3345/215/3302 3344/214/3301
f 3344/214/3301 3310/175/3262 3307/172/3259
f 3349/219/3306 3308/174/3261 3346/216/3303
f 3308/174/3261 3309/173/3260 3346/216/3303
f 3344/214/3301 3285/149/3236 3310/175/3262
f 3344/214/3301 3329/194/3281 3285/149/3236
f 3346/216/3303 3309/173/3260 3332/199/3286
f 3309/173/3260 3283/148/3235 3332/199/3286
f 2489/240/2420 3363/241/2419 3349/219/3306
f 3308/174/3261 3349/219/3306 3363/241/2419
f 3363/241/2419 2488/242/2418 3308/174/3261
f 2488/242/2418 3307/172/3259 3308/174/3261
f 2488/242/2418 2487/243/2417 3307/172/3259
f 2487/243/2417 3345/215/3302 3307/172/3259
f 2487/243/2417 3364/244/2430 3315/180/3267
f 3315/180/3267 3345/215/3302 2487/243/2417
f 3315/180/3267 3364/244/2430 2490/245/2429
f 2490/245/2429 3317/181/3268 3315/180/3267
f 3317/181/3268 2490/245/2429 3341/210/3297
f 2490/245/2429 3365/246/2428 3341/210/3297
f 3341/210/3297 3365/246/2428 3366/247/2427
f 3366/247/2427 3362/211/3298 3341/210/3297
f 3302/167/3254 3362/239/3298 3366/248/2427
f 3366/248/2427 3367/249/2426 3302/167/3254
f 3300/166/3253 3302/167/3254 3367/249/2426
f 3367/249/2426 3368/250/2425 3300/166/3253
f 3350/237/3308 3300/166/3253 3368/250/2425
f 3368/250/2425 3369/251/2424 3350/237/3308
f 3370/252/2423 3323/188/3275 3350/221/3308
f 3350/221/3308 3369/253/2424 3370/252/2423
f 3320/185/3272 3370/252/2423 3371/254/2422
f 3320/185/3272 3323/188/3275 3370/252/2423
f 3347/218/3305 3371/254/2422 3372/255/2421
f 3347/218/3305 3320/185/3272 3371/254/2422
f 3372/255/2421 2489/240/2420 3349/219/3306
f 3349/219/3306 3347/218/3305 3372/255/2421
f 3336/204/3291 2398/256/2320 3373/257/2319
f 3373/257/2319 3306/171/3258 3336/204/3291
f 3304/170/3257 3306/171/3258 3373/257/2319
f 3373/257/2319 3374/258/2321 3304/170/3257
f 3355/226/3313 3304/170/3257 3374/258/2321
f 3374/258/2321 2399/259/2322 3355/226/3313
f 3355/226/3313 2399/259/2322 3324/189/3276
f 2399/259/2322 3375/260/2323 3324/189/3276
f 3326/190/3277 3324/189/3276 3375/260/2323
f 3375/260/2323 3376/261/2324 3326/190/3277
f 3354/225/3312 3326/190/3277 3376/261/2324
f 3376/261/2324 2400/262/2325 3354/225/3312
f 2400/262/2325 3377/263/2326 3352/224/3311
f 3352/224/3311 3354/225/3312 2400/262/2325
f 3378/264/2327 3296/162/3249 3352/234/3311
f 3352/234/3311 3377/265/2326 3378/264/2327
f 3378/264/2327 2401/266/2328 3296/162/3249
f 2401/266/2328 3295/160/3247 3296/162/3249
f 2401/266/2328 2402/267/2329 3295/160/3247
f 2402/267/2329 3360/232/3295 3295/160/3247
f 3314/179/3266 2402/268/2329 3379/269/2330
f 3314/179/3266 3360/208/3295 2402/268/2329
f 3311/176/3263 3379/269/2330 3380/270/2331
f 3311/176/3263 3314/179/3266 3379/269/2330
f 3339/207/3294 3380/270/2331 3381/271/2332
f 3339/207/3294 3311/176/3263 3380/270/2331
f 3336/204/3291 3381/271/2332 2398/256/2320
f 3336/204/3291 3339/207/3294 3381/271/2332
f 3382/1/3315 3384/2/3316 3383/3/3317
f 3383/3/3317 3385/4/3318 3382/1/3315
f 3386/5/3319 3384/2/3316 3387/6/3320
f 3384/2/3316 3382/1/3315 3387/6/3320
f 3397/7/3321 3386/5/3319 3399/8/3322
f 3386/5/3319 3387/6/3320 3399/8/3322
f 3388/9/3323 3390/10/3324 3389/11/3325
f 3388/9/3323 3391/12/3326 3390/10/3324
f 3392/13/3327 3391/12/3326 3388/9/3323
f 3392/13/3327 3393/14/3328 3391/12/3326
f 3394/15/3329 3393/14/3328 3392/13/3327
f 3394/15/3329 3395/16/3330 3393/14/3328
f 3396/17/3331 3398/18/3332 3397/19/3321
f 3397/19/3321 3399/20/3322 3396/17/3331
f 3400/21/3333 3401/22/3334 3398/18/3332
f 3398/18/3332 3396/17/3331 3400/21/3333
f 3402/23/3335 3403/24/3336 3401/22/3334
f 3401/22/3334 3400/21/3333 3402/23/3335
f 3389/11/3325 3390/10/3324 3403/24/3336
f 3403/24/3336 3402/23/3335 3389/11/3325
f 3394/15/3329 3404/25/3337 3395/16/3330
f 3395/16/3330 3404/25/3337 3405/94/3338
f 3404/25/3337 3406/103/3339 3405/94/3338
f 3405/94/3338 3406/103/3339 3407/272/3340
f 3406/103/3339 3408/113/3341 3407/272/3340
f 3407/272/3340 3408/113/3341 3409/27/3342
f 3383/29/3317 3409/27/3342 3385/122/3318
f 3409/27/3342 3408/113/3341 3385/122/3318
f 3410/30/3343 3411/31/3344 3490/32/3345
f 3490/32/3345 3412/33/3346 3410/30/3343
f 3412/33/3346 3490/32/3345 3413/34/3347
f 3490/32/3345 3491/35/3348 3413/34/3347
f 3413/34/3347 3491/35/3348 3384/2/3316
f 3491/35/3348 3383/3/3317 3384/2/3316
f 3414/39/3349 3415/38/3350 3492/273/3351
f 3492/273/3351 3416/274/3352 3414/39/3349
f 3417/36/3353 3493/37/3354 3415/38/3350
f 3415/38/3350 3414/39/3349 3417/36/3353
f 3382/1/3315 3385/4/3318 3417/36/3353
f 3417/36/3353 3385/4/3318 3493/37/3354
f 3418/40/3355 3410/30/3343 3419/41/3356
f 3410/30/3343 3412/33/3346 3419/41/3356
f 3419/41/3356 3412/33/3346 3420/42/3357
f 3412/33/3346 3413/34/3347 3420/42/3357
f 3420/42/3357 3413/34/3347 3384/2/3316
f 3384/2/3316 3386/5/3319 3420/42/3357
f 3421/44/3358 3414/39/3349 3416/274/3352
f 3416/274/3352 3422/275/3359 3421/44/3358
f 3423/43/3360 3417/36/3353 3414/39/3349
f 3414/39/3349 3421/44/3358 3423/43/3360
f 3382/1/3315 3423/43/3360 3387/6/3320
f 3382/1/3315 3417/36/3353 3423/43/3360
f 3424/45/3361 3418/40/3355 3455/46/3362
f 3418/40/3355 3419/41/3356 3455/46/3362
f 3455/46/3362 3419/41/3356 3420/42/3357
f 3420/42/3357 3425/47/3363 3455/46/3362
f 3425/47/3363 3420/42/3357 3386/5/3319
f 3386/5/3319 3397/7/3321 3425/47/3363
f 3426/49/3364 3421/44/3358 3427/276/3365
f 3421/44/3358 3422/275/3359 3427/276/3365
f 3428/48/3366 3423/43/3360 3426/49/3364
f 3423/43/3360 3421/44/3358 3426/49/3364
f 3387/6/3320 3428/48/3366 3399/8/3322
f 3387/6/3320 3423/43/3360 3428/48/3366
f 3429/50/3367 3431/51/3368 3430/52/3369
f 3431/51/3368 3432/53/3370 3430/52/3369
f 3433/54/3371 3434/55/3372 3429/50/3367
f 3434/55/3372 3431/51/3368 3429/50/3367
f 3391/12/3326 3433/54/3371 3390/10/3324
f 3391/12/3326 3434/55/3372 3433/54/3371
f 3435/277/3373 3437/278/3374 3436/56/3375
f 3437/278/3374 3438/57/3376 3436/56/3375
f 3436/56/3375 3438/57/3376 3439/58/3377
f 3439/58/3377 3440/59/3378 3436/56/3375
f 3440/59/3378 3439/58/3377 3388/9/3323
f 3388/9/3323 3389/11/3325 3440/59/3378
f 3441/60/3379 3432/53/3370 3431/51/3368
f 3441/60/3379 3442/61/3380 3432/53/3370
f 3434/55/3372 3443/62/3381 3441/60/3379
f 3441/60/3379 3431/51/3368 3434/55/3372
f 3393/14/3328 3434/55/3372 3391/12/3326
f 3393/14/3328 3443/62/3381 3434/55/3372
f 3437/278/3374 3444/279/3382 3438/57/3376
f 3444/279/3382 3445/63/3383 3438/57/3376
f 3438/57/3376 3445/63/3383 3439/58/3377
f 3445/63/3383 3446/64/3384 3439/58/3377
f 3439/58/3377 3446/64/3384 3392/13/3327
f 3392/13/3327 3388/9/3323 3439/58/3377
f 3441/60/3379 3448/65/3385 3447/66/3386
f 3447/66/3386 3442/61/3380 3441/60/3379
f 3443/62/3381 3449/67/3387 3448/65/3385
f 3448/65/3385 3441/60/3379 3443/62/3381
f 3393/14/3328 3395/16/3330 3449/67/3387
f 3449/67/3387 3443/62/3381 3393/14/3328
f 3444/279/3382 3451/280/3388 3450/68/3389
f 3450/68/3389 3445/63/3383 3444/279/3382
f 3445/63/3383 3450/68/3389 3446/64/3384
f 3450/68/3389 3452/69/3390 3446/64/3384
f 3446/64/3384 3452/69/3390 3392/13/3327
f 3452/69/3390 3394/15/3329 3392/13/3327
f 3453/70/3391 3454/71/3392 3424/72/3361
f 3424/72/3361 3455/73/3362 3453/70/3391
f 3456/74/3393 3453/70/3391 3455/73/3362
f 3455/73/3362 3425/75/3363 3456/74/3393
f 3398/18/3332 3456/74/3393 3425/75/3363
f 3425/75/3363 3397/19/3321 3398/18/3332
f 3427/281/3365 3458/282/3394 3457/79/3395
f 3457/79/3395 3426/78/3364 3427/281/3365
f 3459/76/3396 3428/77/3366 3426/78/3364
f 3426/78/3364 3457/79/3395 3459/76/3396
f 3396/17/3331 3399/20/3322 3428/77/3366
f 3428/77/3366 3459/76/3396 3396/17/3331
f 3460/80/3397 3461/81/3398 3454/71/3392
f 3454/71/3392 3453/70/3391 3460/80/3397
f 3462/82/3399 3460/80/3397 3453/70/3391
f 3453/70/3391 3456/74/3393 3462/82/3399
f 3401/22/3334 3462/82/3399 3456/74/3393
f 3456/74/3393 3398/18/3332 3401/22/3334
f 3458/282/3394 3463/283/3400 3457/79/3395
f 3464/84/3401 3457/79/3395 3463/283/3400
f 3465/83/3402 3459/76/3396 3457/79/3395
f 3457/79/3395 3464/84/3401 3465/83/3402
f 3400/21/3333 3396/17/3331 3459/76/3396
f 3459/76/3396 3465/83/3402 3400/21/3333
f 3466/85/3403 3467/86/3404 3461/81/3398
f 3461/81/3398 3460/80/3397 3466/85/3403
f 3466/85/3403 3460/80/3397 3462/82/3399
f 3462/82/3399 3468/87/3405 3466/85/3403
f 3468/87/3405 3462/82/3399 3401/22/3334
f 3401/22/3334 3403/24/3336 3468/87/3405
f 3463/283/3400 3469/284/3406 3464/84/3401
f 3470/89/3407 3464/84/3401 3469/284/3406
f 3471/88/3408 3465/83/3402 3470/89/3407
f 3470/89/3407 3465/83/3402 3464/84/3401
f 3402/23/3335 3400/21/3333 3471/88/3408
f 3471/88/3408 3400/21/3333 3465/83/3402
f 3430/52/3369 3467/86/3404 3466/85/3403
f 3466/85/3403 3429/50/3367 3430/52/3369
f 3429/50/3367 3466/85/3403 3468/87/3405
f 3468/87/3405 3433/54/3371 3429/50/3367
f 3433/54/3371 3468/87/3405 3403/24/3336
f 3403/24/3336 3390/10/3324 3433/54/3371
f 3469/284/3406 3435/277/3373 3470/89/3407
f 3436/56/3375 3470/89/3407 3435/277/3373
f 3470/89/3407 3436/56/3375 3471/88/3408
f 3440/59/3378 3471/88/3408 3436/56/3375
f 3471/88/3408 3440/59/3378 3402/23/3335
f 3389/11/3325 3402/23/3335 3440/59/3378
f 3472/90/3409 3447/66/3386 3473/91/3410
f 3448/65/3385 3473/91/3410 3447/66/3386
f 3473/91/3410 3448/65/3385 3474/92/3411
f 3449/67/3387 3474/92/3411 3448/65/3385
f 3474/92/3411 3449/67/3387 3405/94/3338
f 3395/16/3330 3405/94/3338 3449/67/3387
f 3450/68/3389 3451/280/3388 3475/285/3412
f 3475/285/3412 3476/95/3413 3450/68/3389
f 3450/68/3389 3476/95/3413 3477/96/3414
f 3477/96/3414 3452/69/3390 3450/68/3389
f 3452/69/3390 3477/96/3414 3404/25/3337
f 3404/25/3337 3394/15/3329 3452/69/3390
f 3478/97/3415 3472/90/3409 3479/98/3416
f 3473/91/3410 3479/98/3416 3472/90/3409
f 3474/92/3411 3480/100/3417 3473/91/3410
f 3473/91/3410 3480/100/3417 3479/98/3416
f 3405/94/3338 3407/272/3340 3474/92/3411
f 3474/92/3411 3407/272/3340 3480/100/3417
f 3476/95/3413 3475/285/3412 3481/286/3418
f 3481/286/3418 3482/101/3419 3476/95/3413
f 3476/95/3413 3482/101/3419 3483/102/3420
f 3483/102/3420 3477/96/3414 3476/95/3413
f 3477/96/3414 3483/102/3420 3406/103/3339
f 3406/103/3339 3404/25/3337 3477/96/3414
f 3484/105/3421 3478/97/3415 3485/106/3422
f 3479/98/3416 3485/106/3422 3478/97/3415
f 3480/100/3417 3486/117/3423 3485/106/3422
f 3485/106/3422 3479/98/3416 3480/100/3417
f 3407/272/3340 3409/27/3342 3486/117/3423
f 3486/117/3423 3480/100/3417 3407/272/3340
f 3482/101/3419 3481/286/3418 3487/287/3424
f 3487/287/3424 3488/111/3425 3482/101/3419
f 3483/102/3420 3482/101/3419 3488/111/3425
f 3488/111/3425 3489/112/3426 3483/102/3420
f 3406/103/3339 3483/102/3420 3489/112/3426
f 3489/112/3426 3408/113/3341 3406/103/3339
f 3411/115/3344 3484/105/3421 3490/116/3345
f 3485/106/3422 3490/116/3345 3484/105/3421
f 3490/116/3345 3485/106/3422 3486/117/3423
f 3486/117/3423 3491/118/3348 3490/116/3345
f 3491/118/3348 3486/117/3423 3383/29/3317
f 3486/117/3423 3409/27/3342 3383/29/3317
f 3488/111/3425 3487/287/3424 3492/288/3351
f 3492/288/3351 3415/120/3350 3488/111/3425
f 3489/112/3426 3488/111/3425 3415/120/3350
f 3415/120/3350 3493/121/3354 3489/112/3426
f 3489/112/3426 3493/121/3354 3385/122/3318
f 3385/122/3318 3408/113/3341 3489/112/3426
f 3494/289/2157 3469/284/3406 3463/283/3400
f 3463/283/3400 2260/290/2158 3494/289/2157
f 2260/290/2158 3463/283/3400 3458/282/3394
f 3458/282/3394 2261/291/2159 2260/290/2158
f 3495/292/2165 2264/293/2164 3481/286/3418
f 3481/286/3418 2264/293/2164 3487/287/3424
f 3496/294/2166 3495/292/2165 3475/285/3412
f 3475/285/3412 3495/292/2165 3481/286/3418
f 2264/293/2164 2263/295/2163 3492/288/3351
f 3492/288/3351 3487/287/3424 2264/293/2164
f 3497/296/2153 3496/294/2166 3451/280/3388
f 3451/280/3388 3496/294/2166 3475/285/3412
f 3416/274/3352 3492/273/3351 2262/297/2162
f 3492/273/3351 2263/298/2163 2262/297/2162
f 2258/299/2154 3497/296/2153 3451/280/3388
f 3451/280/3388 3444/279/3382 2258/299/2154
f 3422/275/3359 3416/274/3352 2262/297/2162
f 2262/297/2162 3498/300/2161 3422/275/3359
f 2258/299/2154 3437/278/3374 2259/301/2155
f 2258/299/2154 3444/279/3382 3437/278/3374
f 3427/276/3365 3422/275/3359 3500/302/2160
f 3422/275/3359 3498/300/2161 3500/302/2160
f 3499/303/2156 2259/301/2155 3437/278/3374
f 3437/278/3374 3435/277/3373 3499/303/2156
f 3458/282/3394 3427/281/3365 3500/304/2160
f 3500/304/2160 2261/291/2159 3458/282/3394
f 3499/303/2156 3435/277/3373 3469/284/3406
f 3469/284/3406 3494/289/2157 3499/303/2156
f 3447/66/3386 3501/123/3427 3442/61/3380
f 3501/123/3427 3447/66/3386 3771/124/3428
f 3442/61/3380 3770/125/3429 3432/53/3370
f 3442/61/3380 3501/123/3427 3770/125/3429
f 3430/52/3369 3432/53/3370 3770/125/3429
f 3770/125/3429 3502/126/3430 3430/52/3369
f 3430/52/3369 3502/126/3430 3776/127/3431
f 3776/127/3431 3467/86/3404 3430/52/3369
f 3467/86/3404 3776/127/3431 3461/81/3398
f 3776/127/3431 3775/128/3432 3461/81/3398
f 3461/81/3398 3775/128/3432 3454/71/3392
f 3775/128/3432 3774/129/3433 3454/71/3392
f 3454/71/3392 3774/129/3433 3773/130/3434
f 3773/130/3434 3424/72/3361 3454/71/3392
f 3503/131/3435 3418/40/3355 3773/132/3434
f 3773/132/3434 3418/40/3355 3424/45/3361
f 3504/133/3436 3410/30/3343 3503/131/3435
f 3503/131/3435 3410/30/3343 3418/40/3355
f 3504/133/3436 3772/134/3437 3410/30/3343
f 3772/134/3437 3411/31/3344 3410/30/3343
f 3484/105/3421 3772/135/3437 3505/136/3438
f 3484/105/3421 3411/115/3344 3772/135/3437
f 3478/97/3415 3505/136/3438 3506/137/3439
f 3478/97/3415 3484/105/3421 3505/136/3438
f 3472/90/3409 3506/137/3439 3507/138/3440
f 3472/90/3409 3478/97/3415 3506/137/3439
f 3447/66/3386 3507/138/3440 3771/124/3428
f 3447/66/3386 3472/90/3409 3507/138/3440
f 3508/144/3441 3510/145/3442 3509/146/3443
f 3508/144/3441 3511/147/3444 3510/145/3442
f 3512/148/3445 3514/149/3446 3513/150/3447
f 3514/149/3446 3515/151/3448 3513/150/3447
f 3516/152/3449 3518/153/3450 3517/154/3451
f 3517/154/3451 3519/155/3452 3516/152/3449
f 3520/156/3453 3522/157/3454 3521/158/3455
f 3521/158/3455 3523/159/3456 3520/156/3453
f 3524/160/3457 3526/161/3458 3525/162/3459
f 3524/160/3457 3527/163/3460 3526/161/3458
f 3527/163/3460 3509/146/3443 3526/161/3458
f 3527/163/3460 3508/144/3441 3509/146/3443
f 3528/164/3461 3530/165/3462 3529/166/3463
f 3530/165/3462 3531/167/3464 3529/166/3463
f 3510/145/3442 3511/147/3444 3530/165/3462
f 3530/165/3462 3528/164/3461 3510/145/3442
f 3532/168/3465 3534/169/3466 3533/170/3467
f 3534/169/3466 3535/171/3468 3533/170/3467
f 3513/150/3447 3515/151/3448 3532/168/3465
f 3515/151/3448 3534/169/3466 3532/168/3465
f 3536/172/3469 3538/173/3470 3537/174/3471
f 3536/172/3469 3539/175/3472 3538/173/3470
f 3539/175/3472 3512/148/3445 3538/173/3470
f 3539/175/3472 3514/149/3446 3512/148/3445
f 3540/176/3473 3542/177/3474 3541/178/3475
f 3541/178/3475 3543/179/3476 3540/176/3473
f 3542/177/3474 3516/152/3449 3519/155/3452
f 3519/155/3452 3541/178/3475 3542/177/3474
f 3544/180/3477 3546/181/3478 3545/182/3479
f 3545/182/3479 3546/181/3478 3547/183/3480
f 3545/182/3479 3547/183/3480 3548/184/3481
f 3548/184/3481 3547/183/3480 3518/153/3450
f 3549/185/3482 3551/186/3483 3550/187/3484
f 3550/187/3484 3552/188/3485 3549/185/3482
f 3551/186/3483 3520/156/3453 3523/159/3456
f 3523/159/3456 3550/187/3484 3551/186/3483
f 3553/189/3486 3555/190/3487 3554/191/3488
f 3554/191/3488 3555/190/3487 3556/192/3489
f 3554/191/3488 3556/192/3489 3557/193/3490
f 3557/193/3490 3556/192/3489 3522/157/3454
f 3558/194/3491 3548/184/3481 3559/195/3492
f 3559/195/3492 3560/196/3493 3558/194/3491
f 3559/195/3492 3548/184/3481 3518/153/3450
f 3518/153/3450 3516/152/3449 3559/195/3492
f 3586/197/3494 3519/155/3452 3587/198/3495
f 3517/154/3451 3587/198/3495 3519/155/3452
f 3561/199/3496 3562/200/3497 3557/193/3490
f 3557/193/3490 3563/201/3498 3561/199/3496
f 3563/201/3498 3557/193/3490 3522/157/3454
f 3522/157/3454 3520/156/3453 3563/201/3498
f 3521/158/3455 3564/202/3499 3523/159/3456
f 3523/159/3456 3564/202/3499 3588/203/3500
f 3565/204/3501 3567/205/3502 3566/206/3503
f 3566/206/3503 3568/207/3504 3565/204/3501
f 3568/207/3504 3566/206/3503 3542/177/3474
f 3542/177/3474 3540/176/3473 3568/207/3504
f 3589/208/3505 3543/179/3476 3569/209/3506
f 3541/178/3475 3569/209/3506 3543/179/3476
f 3567/205/3502 3560/196/3493 3559/195/3492
f 3559/195/3492 3566/206/3503 3567/205/3502
f 3566/206/3503 3559/195/3492 3516/152/3449
f 3516/152/3449 3542/177/3474 3566/206/3503
f 3569/209/3506 3541/178/3475 3519/155/3452
f 3519/155/3452 3586/197/3494 3569/209/3506
f 3570/210/3507 3591/211/3508 3571/212/3509
f 3571/212/3509 3572/213/3510 3570/210/3507
f 3546/181/3478 3570/210/3507 3547/183/3480
f 3547/183/3480 3570/210/3507 3572/213/3510
f 3573/214/3511 3574/215/3512 3544/180/3477
f 3544/180/3477 3545/182/3479 3573/214/3511
f 3572/213/3510 3571/212/3509 3587/198/3495
f 3587/198/3495 3517/154/3451 3572/213/3510
f 3547/183/3480 3572/213/3510 3518/153/3450
f 3518/153/3450 3572/213/3510 3517/154/3451
f 3558/194/3491 3573/214/3511 3545/182/3479
f 3545/182/3479 3548/184/3481 3558/194/3491
f 3575/216/3513 3577/217/3514 3576/218/3515
f 3576/218/3515 3578/219/3516 3575/216/3513
f 3576/218/3515 3577/217/3514 3551/186/3483
f 3551/186/3483 3549/185/3482 3576/218/3515
f 3550/187/3484 3590/220/3517 3579/221/3518
f 3579/221/3518 3552/188/3485 3550/187/3484
f 3575/216/3513 3563/201/3498 3577/217/3514
f 3575/216/3513 3561/199/3496 3563/201/3498
f 3577/217/3514 3563/201/3498 3520/156/3453
f 3520/156/3453 3551/186/3483 3577/217/3514
f 3523/159/3456 3588/203/3500 3550/187/3484
f 3550/187/3484 3588/203/3500 3590/220/3517
f 3580/222/3519 3582/223/3520 3581/224/3521
f 3583/225/3522 3581/224/3521 3582/223/3520
f 3555/190/3487 3583/225/3522 3556/192/3489
f 3556/192/3489 3583/225/3522 3582/223/3520
f 3584/226/3523 3553/189/3486 3554/191/3488
f 3554/191/3488 3585/227/3524 3584/226/3523
f 3582/223/3520 3580/222/3519 3521/158/3455
f 3521/158/3455 3580/222/3519 3564/202/3499
f 3556/192/3489 3582/223/3520 3522/157/3454
f 3522/157/3454 3582/223/3520 3521/158/3455
f 3562/200/3497 3585/227/3524 3554/191/3488
f 3554/191/3488 3557/193/3490 3562/200/3497
f 3508/144/3441 3586/228/3494 3511/147/3444
f 3586/228/3494 3587/229/3495 3511/147/3444
f 3588/230/3500 3564/231/3499 3509/146/3443
f 3509/146/3443 3510/145/3442 3588/230/3500
f 3561/199/3496 3512/148/3445 3513/150/3447
f 3513/150/3447 3562/200/3497 3561/199/3496
f 3558/194/3491 3515/151/3448 3514/149/3446
f 3515/151/3448 3558/194/3491 3560/196/3493
f 3524/160/3457 3589/232/3505 3569/233/3506
f 3569/233/3506 3527/163/3460 3524/160/3457
f 3581/234/3521 3525/162/3459 3526/161/3458
f 3526/161/3458 3580/235/3519 3581/234/3521
f 3527/163/3460 3569/233/3506 3508/144/3441
f 3569/233/3506 3586/228/3494 3508/144/3441
f 3580/235/3519 3526/161/3458 3509/146/3443
f 3509/146/3443 3564/231/3499 3580/235/3519
f 3590/236/3517 3528/164/3461 3579/237/3518
f 3528/164/3461 3529/166/3463 3579/237/3518
f 3530/165/3462 3571/238/3509 3591/239/3508
f 3591/239/3508 3531/167/3464 3530/165/3462
f 3590/236/3517 3588/230/3500 3510/145/3442
f 3510/145/3442 3528/164/3461 3590/236/3517
f 3587/229/3495 3530/165/3462 3511/147/3444
f 3530/165/3462 3587/229/3495 3571/238/3509
f 3585/227/3524 3532/168/3465 3584/226/3523
f 3532/168/3465 3533/170/3467 3584/226/3523
f 3534/169/3466 3567/205/3502 3535/171/3468
f 3535/171/3468 3567/205/3502 3565/204/3501
f 3562/200/3497 3513/150/3447 3585/227/3524
f 3513/150/3447 3532/168/3465 3585/227/3524
f 3515/151/3448 3560/196/3493 3567/205/3502
f 3567/205/3502 3534/169/3466 3515/151/3448
f 3536/172/3469 3574/215/3512 3573/214/3511
f 3573/214/3511 3539/175/3472 3536/172/3469
f 3578/219/3516 3537/174/3471 3575/216/3513
f 3537/174/3471 3538/173/3470 3575/216/3513
f 3573/214/3511 3514/149/3446 3539/175/3472
f 3573/214/3511 3558/194/3491 3514/149/3446
f 3575/216/3513 3538/173/3470 3561/199/3496
f 3538/173/3470 3512/148/3445 3561/199/3496
f 3592/240/3525 3593/241/3526 3578/219/3516
f 3537/174/3471 3578/219/3516 3593/241/3526
f 3593/241/3526 3594/242/3527 3537/174/3471
f 3594/242/3527 3536/172/3469 3537/174/3471
f 3594/242/3527 3595/243/3528 3536/172/3469
f 3595/243/3528 3574/215/3512 3536/172/3469
f 3595/243/3528 3596/244/3529 3544/180/3477
f 3544/180/3477 3574/215/3512 3595/243/3528
f 3544/180/3477 3596/244/3529 3910/245/3530
f 3910/245/3530 3546/181/3478 3544/180/3477
f 3546/181/3478 3910/245/3530 3570/210/3507
f 3910/245/3530 3597/246/3531 3570/210/3507
f 3570/210/3507 3597/246/3531 3598/247/3532
f 3598/247/3532 3591/211/3508 3570/210/3507
f 3531/167/3464 3591/239/3508 3598/248/3532
f 3598/248/3532 3909/249/3533 3531/167/3464
f 3529/166/3463 3531/167/3464 3909/249/3533
f 3909/249/3533 3908/250/3534 3529/166/3463
f 3579/237/3518 3529/166/3463 3908/250/3534
f 3908/250/3534 3599/251/3535 3579/237/3518
f 3907/252/3536 3552/188/3485 3579/221/3518
f 3579/221/3518 3599/253/3535 3907/252/3536
f 3549/185/3482 3907/252/3536 3906/254/3537
f 3549/185/3482 3552/188/3485 3907/252/3536
f 3576/218/3515 3906/254/3537 3600/255/3538
f 3576/218/3515 3549/185/3482 3906/254/3537
f 3600/255/3538 3592/240/3525 3578/219/3516
f 3578/219/3516 3576/218/3515 3600/255/3538
f 3565/204/3501 2266/256/2170 2265/257/2169
f 2265/257/2169 3535/171/3468 3565/204/3501
f 3533/170/3467 3535/171/3468 2265/257/2169
f 2265/257/2169 3601/258/2168 3533/170/3467
f 3584/226/3523 3533/170/3467 3601/258/2168
f 3601/258/2168 3602/259/2167 3584/226/3523
f 3584/226/3523 3602/259/2167 3553/189/3486
f 3602/259/2167 2267/260/2180 3553/189/3486
f 3555/190/3487 3553/189/3486 2267/260/2180
f 2267/260/2180 3603/261/2179 3555/190/3487
f 3583/225/3522 3555/190/3487 3603/261/2179
f 3603/261/2179 3604/262/2178 3583/225/3522
f 3604/262/2178 3605/263/2177 3581/224/3521
f 3581/224/3521 3583/225/3522 3604/262/2178
f 3606/264/2176 3525/162/3459 3581/234/3521
f 3581/234/3521 3605/265/2177 3606/264/2176
f 3606/264/2176 3607/266/2175 3525/162/3459
f 3607/266/2175 3524/160/3457 3525/162/3459
f 3607/266/2175 3608/267/2174 3524/160/3457
f 3608/267/2174 3589/232/3505 3524/160/3457
f 3543/179/3476 3608/268/2174 3609/269/2173
f 3543/179/3476 3589/208/3505 3608/268/2174
f 3540/176/3473 3609/269/2173 3610/270/2172
f 3540/176/3473 3543/179/3476 3609/269/2173
f 3568/207/3504 3610/270/2172 3611/271/2171
f 3568/207/3504 3540/176/3473 3610/270/2172
f 3565/204/3501 3611/271/2171 2266/256/2170
f 3565/204/3501 3568/207/3504 3611/271/2171
f 3612/144/3539 3614/145/3540 3613/146/3541
f 3612/144/3539 3615/147/3542 3614/145/3540
f 3616/148/3543 3618/149/3544 3617/150/3545
f 3618/149/3544 3619/151/3546 3617/150/3545
f 3620/152/3547 3622/153/3548 3621/154/3549
f 3621/154/3549 3623/155/3550 3620/152/3547
f 3624/156/3551 3626/157/3552 3625/158/3553
f 3625/158/3553 3627/159/3554 3624/156/3551
f 3628/160/3555 3630/161/3556 3629/162/3557
f 3628/160/3555 3631/163/3558 3630/161/3556
f 3631/163/3558 3613/146/3541 3630/161/3556
f 3631/163/3558 3612/144/3539 3613/146/3541
f 3632/164/3559 3634/165/3560 3633/166/3561
f 3634/165/3560 3635/167/3562 3633/166/3561
f 3614/145/3540 3615/147/3542 3634/165/3560
f 3634/165/3560 3632/164/3559 3614/145/3540
f 3636/168/3563 3638/169/3564 3637/170/3565
f 3638/169/3564 3639/171/3566 3637/170/3565
f 3617/150/3545 3619/151/3546 3636/168/3563
f 3619/151/3546 3638/169/3564 3636/168/3563
f 3640/172/3567 3642/173/3568 3641/174/3569
f 3640/172/3567 3643/175/3570 3642/173/3568
f 3643/175/3570 3616/148/3543 3642/173/3568
f 3643/175/3570 3618/149/3544 3616/148/3543
f 3644/176/3571 3646/177/3572 3645/178/3573
f 3645/178/3573 3647/179/3574 3644/176/3571
f 3646/177/3572 3620/152/3547 3623/155/3550
f 3623/155/3550 3645/178/3573 3646/177/3572
f 3648/180/3575 3650/181/3576 3649/182/3577
f 3649/182/3577 3650/181/3576 3651/183/3578
f 3649/182/3577 3651/183/3578 3652/184/3579
f 3652/184/3579 3651/183/3578 3622/153/3548
f 3653/185/3580 3655/186/3581 3654/187/3582
f 3654/187/3582 3656/188/3583 3653/185/3580
f 3655/186/3581 3624/156/3551 3627/159/3554
f 3627/159/3554 3654/187/3582 3655/186/3581
f 3657/189/3584 3659/190/3585 3658/191/3586
f 3658/191/3586 3659/190/3585 3660/192/3587
f 3658/191/3586 3660/192/3587 3661/193/3588
f 3661/193/3588 3660/192/3587 3626/157/3552
f 3662/194/3589 3652/184/3579 3663/195/3590
f 3663/195/3590 3664/196/3591 3662/194/3589
f 3663/195/3590 3652/184/3579 3622/153/3548
f 3622/153/3548 3620/152/3547 3663/195/3590
f 3690/197/3592 3623/155/3550 3691/198/3593
f 3621/154/3549 3691/198/3593 3623/155/3550
f 3665/199/3594 3666/200/3595 3661/193/3588
f 3661/193/3588 3667/201/3596 3665/199/3594
f 3667/201/3596 3661/193/3588 3626/157/3552
f 3626/157/3552 3624/156/3551 3667/201/3596
f 3625/158/3553 3668/202/3597 3627/159/3554
f 3627/159/3554 3668/202/3597 3692/203/3598
f 3669/204/3599 3671/205/3600 3670/206/3601
f 3670/206/3601 3672/207/3602 3669/204/3599
f 3672/207/3602 3670/206/3601 3646/177/3572
f 3646/177/3572 3644/176/3571 3672/207/3602
f 3693/208/3603 3647/179/3574 3673/209/3604
f 3645/178/3573 3673/209/3604 3647/179/3574
f 3671/205/3600 3664/196/3591 3663/195/3590
f 3663/195/3590 3670/206/3601 3671/205/3600
f 3670/206/3601 3663/195/3590 3620/152/3547
f 3620/152/3547 3646/177/3572 3670/206/3601
f 3673/209/3604 3645/178/3573 3623/155/3550
f 3623/155/3550 3690/197/3592 3673/209/3604
f 3674/210/3605 3695/211/3606 3675/212/3607
f 3675/212/3607 3676/213/3608 3674/210/3605
f 3650/181/3576 3674/210/3605 3651/183/3578
f 3651/183/3578 3674/210/3605 3676/213/3608
f 3677/214/3609 3678/215/3610 3648/180/3575
f 3648/180/3575 3649/182/3577 3677/214/3609
f 3676/213/3608 3675/212/3607 3691/198/3593
f 3691/198/3593 3621/154/3549 3676/213/3608
f 3651/183/3578 3676/213/3608 3622/153/3548
f 3622/153/3548 3676/213/3608 3621/154/3549
f 3662/194/3589 3677/214/3609 3649/182/3577
f 3649/182/3577 3652/184/3579 3662/194/3589
f 3679/216/3611 3681/217/3612 3680/218/3613
f 3680/218/3613 3682/219/3614 3679/216/3611
f 3680/218/3613 3681/217/3612 3655/186/3581
f 3655/186/3581 3653/185/3580 3680/218/3613
f 3654/187/3582 3694/220/3615 3683/221/3616
f 3683/221/3616 3656/188/3583 3654/187/3582
f 3679/216/3611 3667/201/3596 3681/217/3612
f 3679/216/3611 3665/199/3594 3667/201/3596
f 3681/217/3612 3667/201/3596 3624/156/3551
f 3624/156/3551 3655/186/3581 3681/217/3612
f 3627/159/3554 3692/203/3598 3654/187/3582
f 3654/187/3582 3692/203/3598 3694/220/3615
f 3684/222/3617 3686/223/3618 3685/224/3619
f 3687/225/3620 3685/224/3619 3686/223/3618
f 3659/190/3585 3687/225/3620 3660/192/3587
f 3660/192/3587 3687/225/3620 3686/223/3618
f 3688/226/3621 3657/189/3584 3658/191/3586
f 3658/191/3586 3689/227/3622 3688/226/3621
f 3686/223/3618 3684/222/3617 3625/158/3553
f 3625/158/3553 3684/222/3617 3668/202/3597
f 3660/192/3587 3686/223/3618 3626/157/3552
f 3626/157/3552 3686/223/3618 3625/158/3553
f 3666/200/3595 3689/227/3622 3658/191/3586
f 3658/191/3586 3661/193/3588 3666/200/3595
f 3612/144/3539 3690/228/3592 3615/147/3542
f 3690/228/3592 3691/229/3593 3615/147/3542
f 3692/230/3598 3668/231/3597 3613/146/3541
f 3613/146/3541 3614/145/3540 3692/230/3598
f 3665/199/3594 3616/148/3543 3617/150/3545
f 3617/150/3545 3666/200/3595 3665/199/3594
f 3662/194/3589 3619/151/3546 3618/149/3544
f 3619/151/3546 3662/194/3589 3664/196/3591
f 3628/160/3555 3693/232/3603 3673/233/3604
f 3673/233/3604 3631/163/3558 3628/160/3555
f 3685/234/3619 3629/162/3557 3630/161/3556
f 3630/161/3556 3684/235/3617 3685/234/3619
f 3631/163/3558 3673/233/3604 3612/144/3539
f 3673/233/3604 3690/228/3592 3612/144/3539
f 3684/235/3617 3630/161/3556 3613/146/3541
f 3613/146/3541 3668/231/3597 3684/235/3617
f 3694/236/3615 3632/164/3559 3683/237/3616
f 3632/164/3559 3633/166/3561 3683/237/3616
f 3634/165/3560 3675/238/3607 3695/239/3606
f 3695/239/3606 3635/167/3562 3634/165/3560
f 3694/236/3615 3692/230/3598 3614/145/3540
f 3614/145/3540 3632/164/3559 3694/236/3615
f 3691/229/3593 3634/165/3560 3615/147/3542
f 3634/165/3560 3691/229/3593 3675/238/3607
f 3689/227/3622 3636/168/3563 3688/226/3621
f 3636/168/3563 3637/170/3565 3688/226/3621
f 3638/169/3564 3671/205/3600 3639/171/3566
f 3639/171/3566 3671/205/3600 3669/204/3599
f 3666/200/3595 3617/150/3545 3689/227/3622
f 3617/150/3545 3636/168/3563 3689/227/3622
f 3619/151/3546 3664/196/3591 3671/205/3600
f 3671/205/3600 3638/169/3564 3619/151/3546
f 3640/172/3567 3678/215/3610 3677/214/3609
f 3677/214/3609 3643/175/3570 3640/172/3567
f 3682/219/3614 3641/174/3569 3679/216/3611
f 3641/174/3569 3642/173/3568 3679/216/3611
f 3677/214/3609 3618/149/3544 3643/175/3570
f 3677/214/3609 3662/194/3589 3618/149/3544
f 3679/216/3611 3642/173/3568 3665/199/3594
f 3642/173/3568 3616/148/3543 3665/199/3594
f 3903/240/3623 3696/241/3624 3682/219/3614
f 3641/174/3569 3682/219/3614 3696/241/3624
f 3696/241/3624 3697/242/3625 3641/174/3569
f 3697/242/3625 3640/172/3567 3641/174/3569
f 3697/242/3625 3698/243/3626 3640/172/3567
f 3698/243/3626 3678/215/3610 3640/172/3567
f 3698/243/3626 3699/244/3627 3648/180/3575
f 3648/180/3575 3678/215/3610 3698/243/3626
f 3648/180/3575 3699/244/3627 3700/245/3628
f 3700/245/3628 3650/181/3576 3648/180/3575
f 3650/181/3576 3700/245/3628 3674/210/3605
f 3700/245/3628 3701/246/3629 3674/210/3605
f 3674/210/3605 3701/246/3629 3702/247/3630
f 3702/247/3630 3695/211/3606 3674/210/3605
f 3635/167/3562 3695/239/3606 3702/248/3630
f 3702/248/3630 3703/249/3631 3635/167/3562
f 3633/166/3561 3635/167/3562 3703/249/3631
f 3703/249/3631 3704/250/3632 3633/166/3561
f 3683/237/3616 3633/166/3561 3704/250/3632
f 3704/250/3632 3705/251/3633 3683/237/3616
f 3905/252/3634 3656/188/3583 3683/221/3616
f 3683/221/3616 3705/253/3633 3905/252/3634
f 3653/185/3580 3905/252/3634 3706/254/3635
f 3653/185/3580 3656/188/3583 3905/252/3634
f 3680/218/3613 3706/254/3635 3904/255/3636
f 3680/218/3613 3653/185/3580 3706/254/3635
f 3904/255/3636 3903/240/3623 3682/219/3614
f 3682/219/3614 3680/218/3613 3904/255/3636
f 3669/204/3599 2617/256/2586 3707/257/3637
f 3707/257/3637 3639/171/3566 3669/204/3599
f 3637/170/3565 3639/171/3566 3707/257/3637
f 3707/257/3637 2615/258/2506 3637/170/3565
f 3688/226/3621 3637/170/3565 2615/258/2506
f 2615/258/2506 2541/259/2504 3688/226/3621
f 3688/226/3621 2541/259/2504 3657/189/3584
f 2541/259/2504 3708/260/2500 3657/189/3584
f 3659/190/3585 3657/189/3584 3708/260/2500
f 3708/260/2500 3709/261/2502 3659/190/3585
f 3687/225/3620 3659/190/3585 3709/261/2502
f 3709/261/2502 2542/262/2580 3687/225/3620
f 2542/262/2580 3710/263/2503 3685/224/3619
f 3685/224/3619 3687/225/3620 2542/262/2580
f 3711/264/2464 3629/162/3557 3685/234/3619
f 3685/234/3619 3710/265/2503 3711/264/2464
f 3711/264/2464 3712/266/2446 3629/162/3557
f 3712/266/2446 3628/160/3555 3629/162/3557
f 3712/266/2446 2497/267/2445 3628/160/3555
f 2497/267/2445 3693/232/3603 3628/160/3555
f 3647/179/3574 2497/268/2445 2545/269/2569
f 3647/179/3574 3693/208/3603 2497/268/2445
f 3644/176/3571 2545/269/2569 3713/270/2571
f 3644/176/3571 3647/179/3574 2545/269/2569
f 3672/207/3602 3644/176/3571 3713/270/2571
f 3669/204/3599 3713/271/2571 2617/256/2586
f 3669/204/3599 3672/207/3602 3713/271/2571
f 3768/574/3638 3716/575/3639 3715/576/3640
f 3715/576/3640 3767/577/3641 3768/574/3638
f 3767/577/3641 3715/576/3640 3717/578/3642
f 3717/578/3642 3769/579/3643 3767/577/3641
f 3769/579/3643 3717/578/3642 3718/580/3644
f 3718/580/3644 3719/581/3645 3769/579/3643
f 3716/575/3639 3721/588/3646 3720/589/3647
f 3720/589/3647 3715/576/3640 3716/575/3639
f 3715/576/3640 3720/589/3647 3722/590/3648
f 3722/590/3648 3717/578/3642 3715/576/3640
f 3717/578/3642 3722/590/3648 3723/591/3649
f 3723/591/3649 3718/580/3644 3717/578/3642
f 3721/588/3646 3724/595/3650 3743/596/3651
f 3743/596/3651 3720/589/3647 3721/588/3646
f 3720/589/3647 3743/596/3651 3725/597/3652
f 3725/597/3652 3722/590/3648 3720/589/3647
f 3722/590/3648 3725/597/3652 3726/598/3653
f 3726/598/3653 3723/591/3649 3722/590/3648
f 3727/602/3654 3729/603/3655 3728/604/3656
f 3728/604/3656 3730/605/3657 3727/602/3654
f 3731/606/3658 3732/607/3659 3727/602/3654
f 3727/602/3654 3732/607/3659 3729/603/3655
f 3733/608/3660 3734/609/3661 3731/606/3658
f 3731/606/3658 3734/609/3661 3732/607/3659
f 3727/602/3654 3736/616/3662 3735/617/3663
f 3727/602/3654 3730/605/3657 3736/616/3662
f 3737/618/3664 3731/606/3658 3735/617/3663
f 3735/617/3663 3731/606/3658 3727/602/3654
f 3738/619/3665 3733/608/3660 3737/618/3664
f 3737/618/3664 3733/608/3660 3731/606/3658
f 3735/617/3663 3740/623/3666 3739/624/3667
f 3735/617/3663 3736/616/3662 3740/623/3666
f 3741/625/3668 3737/618/3664 3739/624/3667
f 3739/624/3667 3737/618/3664 3735/617/3663
f 3742/626/3669 3738/619/3665 3741/625/3668
f 3741/625/3668 3738/619/3665 3737/618/3664
f 3724/630/3650 3744/631/3670 3743/632/3651
f 3745/633/3671 3743/632/3651 3744/631/3670
f 3743/632/3651 3745/633/3671 3725/634/3652
f 3746/635/3672 3725/634/3652 3745/633/3671
f 3725/634/3652 3746/635/3672 3726/636/3653
f 3747/637/3673 3726/636/3653 3746/635/3672
f 3744/631/3670 3748/644/3674 3745/633/3671
f 3749/645/3675 3745/633/3671 3748/644/3674
f 3745/633/3671 3749/645/3675 3746/635/3672
f 3750/646/3676 3746/635/3672 3749/645/3675
f 3746/635/3672 3750/646/3676 3747/637/3673
f 3751/647/3677 3747/637/3673 3750/646/3676
f 3748/644/3674 3752/651/3678 3749/645/3675
f 3753/652/3679 3749/645/3675 3752/651/3678
f 3749/645/3675 3753/652/3679 3750/646/3676
f 3754/653/3680 3750/646/3676 3753/652/3679
f 3750/646/3676 3754/653/3680 3751/647/3677
f 3755/654/3681 3751/647/3677 3754/653/3680
f 3752/651/3678 3728/604/3656 3753/652/3679
f 3729/603/3655 3753/652/3679 3728/604/3656
f 3753/652/3679 3729/603/3655 3754/653/3680
f 3732/607/3659 3754/653/3680 3729/603/3655
f 3754/653/3680 3732/607/3659 3755/654/3681
f 3734/609/3661 3755/654/3681 3732/607/3659
f 3740/623/3666 3756/658/3682 3739/624/3667
f 3740/623/3666 3757/659/3683 3756/658/3682
f 3739/624/3667 3756/658/3682 3758/660/3684
f 3739/624/3667 3758/660/3684 3741/625/3668
f 3741/625/3668 3758/660/3684 3759/661/3685
f 3741/625/3668 3759/661/3685 3742/626/3669
f 3757/659/3683 3760/665/3686 3756/658/3682
f 3757/659/3683 3761/666/3687 3760/665/3686
f 3756/658/3682 3760/665/3686 3762/667/3688
f 3756/658/3682 3762/667/3688 3758/660/3684
f 3758/660/3684 3763/668/3689 3759/661/3685
f 3758/660/3684 3762/667/3688 3763/668/3689
f 3761/666/3687 3764/672/3690 3760/665/3686
f 3761/666/3687 3765/673/3691 3764/672/3690
f 3760/665/3686 3766/674/3692 3762/667/3688
f 3760/665/3686 3764/672/3690 3766/674/3692
f 3762/667/3688 3714/571/3693 3763/668/3689
f 3762/667/3688 3766/674/3692 3714/571/3693
f 3765/673/3691 3767/682/3641 3764/672/3690
f 3765/673/3691 3768/683/3638 3767/682/3641
f 3764/672/3690 3769/684/3643 3766/674/3692
f 3764/672/3690 3767/682/3641 3769/684/3643
f 3766/674/3692 3719/573/3645 3714/571/3693
f 3766/674/3692 3769/684/3643 3719/573/3645
f 3728/604/3656 3770/701/3429 3730/605/3657
f 3770/701/3429 3728/604/3656 3502/702/3430
f 3736/616/3662 3730/605/3657 3770/701/3429
f 3770/701/3429 3501/703/3427 3736/616/3662
f 3736/616/3662 3501/703/3427 3771/704/3428
f 3771/704/3428 3740/623/3666 3736/616/3662
f 3771/704/3428 3757/659/3683 3740/623/3666
f 3771/704/3428 3507/705/3440 3757/659/3683
f 3507/705/3440 3761/666/3687 3757/659/3683
f 3507/705/3440 3506/706/3439 3761/666/3687
f 3506/706/3439 3765/673/3691 3761/666/3687
f 3506/706/3439 3505/707/3438 3765/673/3691
f 3505/707/3438 3768/683/3638 3765/673/3691
f 3505/707/3438 3772/708/3437 3768/683/3638
f 3504/709/3436 3716/575/3639 3772/710/3437
f 3772/710/3437 3716/575/3639 3768/574/3638
f 3503/711/3435 3721/588/3646 3716/575/3639
f 3716/575/3639 3504/709/3436 3503/711/3435
f 3503/711/3435 3773/712/3434 3721/588/3646
f 3773/712/3434 3724/595/3650 3721/588/3646
f 3773/713/3434 3774/714/3433 3724/630/3650
f 3744/631/3670 3724/630/3650 3774/714/3433
f 3774/714/3433 3775/715/3432 3744/631/3670
f 3748/644/3674 3744/631/3670 3775/715/3432
f 3775/715/3432 3776/716/3431 3748/644/3674
f 3752/651/3678 3748/644/3674 3776/716/3431
f 3776/716/3431 3502/702/3430 3752/651/3678
f 3728/604/3656 3752/651/3678 3502/702/3430
f 3777/541/3694 3779/542/3695 3778/543/3696
f 3779/542/3695 3780/544/3697 3778/543/3696
f 3779/542/3695 3782/545/3698 3781/546/3699
f 3781/546/3699 3780/544/3697 3779/542/3695
f 3782/545/3698 3783/547/3700 3781/546/3699
f 3783/547/3700 3792/548/3701 3781/546/3699
f 3784/549/3702 3786/550/3703 3785/551/3704
f 3784/549/3702 3787/552/3705 3786/550/3703
f 3785/551/3704 3789/553/3706 3788/554/3707
f 3785/551/3704 3786/550/3703 3789/553/3706
f 3788/554/3707 3791/555/3708 3790/556/3709
f 3788/554/3707 3789/553/3706 3791/555/3708
f 3783/557/3700 3793/558/3710 3792/559/3701
f 3794/560/3711 3792/559/3701 3793/558/3710
f 3793/558/3710 3795/561/3712 3794/560/3711
f 3796/562/3713 3794/560/3711 3795/561/3712
f 3795/561/3712 3797/563/3714 3796/562/3713
f 3798/564/3715 3796/562/3713 3797/563/3714
f 3797/563/3714 3787/552/3705 3798/564/3715
f 3784/549/3702 3798/564/3715 3787/552/3705
f 3791/555/3708 3799/565/3716 3790/556/3709
f 3791/555/3708 3800/566/3717 3799/565/3716
f 3800/566/3717 3801/567/3718 3799/565/3716
f 3800/566/3717 3802/568/3719 3801/567/3718
f 3802/568/3719 3803/569/3720 3801/567/3718
f 3802/568/3719 3804/570/3721 3803/569/3720
f 3805/571/3722 3777/572/3694 3804/570/3721
f 3805/571/3722 3810/573/3723 3777/572/3694
f 3901/574/3724 3807/575/3725 3806/576/3726
f 3806/576/3726 3900/577/3727 3901/574/3724
f 3900/577/3727 3806/576/3726 3808/578/3728
f 3808/578/3728 3902/579/3729 3900/577/3727
f 3902/579/3729 3808/578/3728 3809/580/3730
f 3809/580/3730 3810/581/3723 3902/579/3729
f 3810/581/3723 3809/580/3730 3777/541/3694
f 3809/580/3730 3779/542/3695 3777/541/3694
f 3811/582/3731 3813/583/3732 3812/584/3733
f 3811/582/3731 3814/585/3734 3813/583/3732
f 3815/586/3735 3816/587/3736 3812/584/3733
f 3812/584/3733 3816/587/3736 3811/582/3731
f 3778/543/3696 3780/544/3697 3815/586/3735
f 3815/586/3735 3780/544/3697 3816/587/3736
f 3807/575/3725 3818/588/3737 3817/589/3738
f 3817/589/3738 3806/576/3726 3807/575/3725
f 3806/576/3726 3817/589/3738 3819/590/3739
f 3819/590/3739 3808/578/3728 3806/576/3726
f 3808/578/3728 3819/590/3739 3820/591/3740
f 3820/591/3740 3809/580/3730 3808/578/3728
f 3809/580/3730 3820/591/3740 3782/545/3698
f 3782/545/3698 3779/542/3695 3809/580/3730
f 3821/592/3741 3814/585/3734 3811/582/3731
f 3821/592/3741 3822/593/3742 3814/585/3734
f 3816/587/3736 3823/594/3743 3811/582/3731
f 3811/582/3731 3823/594/3743 3821/592/3741
f 3780/544/3697 3781/546/3699 3816/587/3736
f 3816/587/3736 3781/546/3699 3823/594/3743
f 3818/588/3737 3824/595/3744 3857/596/3745
f 3857/596/3745 3817/589/3738 3818/588/3737
f 3817/589/3738 3857/596/3745 3825/597/3746
f 3825/597/3746 3819/590/3739 3817/589/3738
f 3819/590/3739 3825/597/3746 3826/598/3747
f 3826/598/3747 3820/591/3740 3819/590/3739
f 3820/591/3740 3826/598/3747 3782/545/3698
f 3783/547/3700 3782/545/3698 3826/598/3747
f 3827/599/3748 3822/593/3742 3821/592/3741
f 3827/599/3748 3828/600/3749 3822/593/3742
f 3823/594/3743 3865/601/3750 3821/592/3741
f 3821/592/3741 3865/601/3750 3827/599/3748
f 3781/546/3699 3792/548/3701 3823/594/3743
f 3823/594/3743 3792/548/3701 3865/601/3750
f 3829/602/3751 3831/603/3752 3830/604/3753
f 3830/604/3753 3832/605/3754 3829/602/3751
f 3833/606/3755 3834/607/3756 3829/602/3751
f 3829/602/3751 3834/607/3756 3831/603/3752
f 3835/608/3757 3836/609/3758 3833/606/3755
f 3833/606/3755 3836/609/3758 3834/607/3756
f 3787/552/3705 3835/608/3757 3786/550/3703
f 3787/552/3705 3836/609/3758 3835/608/3757
f 3837/610/3759 3839/611/3760 3838/612/3761
f 3838/612/3761 3840/613/3762 3837/610/3759
f 3837/610/3759 3840/613/3762 3841/614/3763
f 3841/614/3763 3842/615/3764 3837/610/3759
f 3842/615/3764 3841/614/3763 3784/549/3702
f 3784/549/3702 3785/551/3704 3842/615/3764
f 3829/602/3751 3844/616/3765 3843/617/3766
f 3829/602/3751 3832/605/3754 3844/616/3765
f 3845/618/3767 3833/606/3755 3843/617/3766
f 3843/617/3766 3833/606/3755 3829/602/3751
f 3846/619/3768 3835/608/3757 3845/618/3767
f 3845/618/3767 3835/608/3757 3833/606/3755
f 3786/550/3703 3846/619/3768 3789/553/3706
f 3786/550/3703 3835/608/3757 3846/619/3768
f 3847/620/3769 3839/611/3760 3837/610/3759
f 3837/610/3759 3848/621/3770 3847/620/3769
f 3848/621/3770 3837/610/3759 3842/615/3764
f 3842/615/3764 3849/622/3771 3848/621/3770
f 3849/622/3771 3842/615/3764 3785/551/3704
f 3785/551/3704 3788/554/3707 3849/622/3771
f 3843/617/3766 3851/623/3772 3850/624/3773
f 3843/617/3766 3844/616/3765 3851/623/3772
f 3852/625/3774 3845/618/3767 3850/624/3773
f 3850/624/3773 3845/618/3767 3843/617/3766
f 3853/626/3775 3846/619/3768 3852/625/3774
f 3852/625/3774 3846/619/3768 3845/618/3767
f 3789/553/3706 3853/626/3775 3791/555/3708
f 3789/553/3706 3846/619/3768 3853/626/3775
f 3854/627/3776 3847/620/3769 3848/621/3770
f 3848/621/3770 3855/628/3777 3854/627/3776
f 3855/628/3777 3848/621/3770 3849/622/3771
f 3849/622/3771 3856/629/3778 3855/628/3777
f 3856/629/3778 3849/622/3771 3788/554/3707
f 3788/554/3707 3790/556/3709 3856/629/3778
f 3824/630/3744 3858/631/3779 3857/632/3745
f 3859/633/3780 3857/632/3745 3858/631/3779
f 3857/632/3745 3859/633/3780 3825/634/3746
f 3860/635/3781 3825/634/3746 3859/633/3780
f 3825/634/3746 3860/635/3781 3826/636/3747
f 3861/637/3782 3826/636/3747 3860/635/3781
f 3826/636/3747 3861/637/3782 3783/557/3700
f 3793/558/3710 3783/557/3700 3861/637/3782
f 3862/638/3783 3863/639/3784 3828/640/3749
f 3828/640/3749 3827/641/3748 3862/638/3783
f 3864/642/3785 3862/638/3783 3827/641/3748
f 3827/641/3748 3865/643/3750 3864/642/3785
f 3794/560/3711 3864/642/3785 3865/643/3750
f 3865/643/3750 3792/559/3701 3794/560/3711
f 3858/631/3779 3866/644/3786 3859/633/3780
f 3867/645/3787 3859/633/3780 3866/644/3786
f 3859/633/3780 3867/645/3787 3860/635/3781
f 3868/646/3788 3860/635/3781 3867/645/3787
f 3860/635/3781 3868/646/3788 3861/637/3782
f 3869/647/3789 3861/637/3782 3868/646/3788
f 3861/637/3782 3869/647/3789 3793/558/3710
f 3795/561/3712 3793/558/3710 3869/647/3789
f 3870/648/3790 3871/649/3791 3863/639/3784
f 3863/639/3784 3862/638/3783 3870/648/3790
f 3870/648/3790 3864/642/3785 3872/650/3792
f 3870/648/3790 3862/638/3783 3864/642/3785
f 3796/562/3713 3872/650/3792 3864/642/3785
f 3864/642/3785 3794/560/3711 3796/562/3713
f 3866/644/3786 3873/651/3793 3867/645/3787
f 3874/652/3794 3867/645/3787 3873/651/3793
f 3867/645/3787 3874/652/3794 3868/646/3788
f 3875/653/3795 3868/646/3788 3874/652/3794
f 3868/646/3788 3875/653/3795 3869/647/3789
f 3876/654/3796 3869/647/3789 3875/653/3795
f 3869/647/3789 3876/654/3796 3795/561/3712
f 3797/563/3714 3795/561/3712 3876/654/3796
f 3877/655/3797 3878/656/3798 3871/649/3791
f 3871/649/3791 3870/648/3790 3877/655/3797
f 3877/655/3797 3872/650/3792 3879/657/3799
f 3877/655/3797 3870/648/3790 3872/650/3792
f 3879/657/3799 3872/650/3792 3796/562/3713
f 3796/562/3713 3798/564/3715 3879/657/3799
f 3873/651/3793 3830/604/3753 3874/652/3794
f 3831/603/3752 3874/652/3794 3830/604/3753
f 3874/652/3794 3831/603/3752 3875/653/3795
f 3834/607/3756 3875/653/3795 3831/603/3752
f 3875/653/3795 3834/607/3756 3876/654/3796
f 3836/609/3758 3876/654/3796 3834/607/3756
f 3876/654/3796 3836/609/3758 3797/563/3714
f 3787/552/3705 3797/563/3714 3836/609/3758
f 3840/613/3762 3838/612/3761 3878/656/3798
f 3878/656/3798 3877/655/3797 3840/613/3762
f 3840/613/3762 3879/657/3799 3841/614/3763
f 3840/613/3762 3877/655/3797 3879/657/3799
f 3841/614/3763 3879/657/3799 3798/564/3715
f 3798/564/3715 3784/549/3702 3841/614/3763
f 3851/623/3772 3880/658/3800 3850/624/3773
f 3851/623/3772 3881/659/3801 3880/658/3800
f 3850/624/3773 3880/658/3800 3882/660/3802
f 3850/624/3773 3882/660/3802 3852/625/3774
f 3852/625/3774 3882/660/3802 3883/661/3803
f 3852/625/3774 3883/661/3803 3853/626/3775
f 3853/626/3775 3800/566/3717 3791/555/3708
f 3853/626/3775 3883/661/3803 3800/566/3717
f 3855/628/3777 3884/662/3804 3854/627/3776
f 3855/628/3777 3885/663/3805 3884/662/3804
f 3855/628/3777 3856/629/3778 3886/664/3806
f 3886/664/3806 3885/663/3805 3855/628/3777
f 3856/629/3778 3790/556/3709 3799/565/3716
f 3799/565/3716 3886/664/3806 3856/629/3778
f 3881/659/3801 3887/665/3807 3880/658/3800
f 3881/659/3801 3888/666/3808 3887/665/3807
f 3880/658/3800 3887/665/3807 3889/667/3809
f 3880/658/3800 3889/667/3809 3882/660/3802
f 3882/660/3802 3890/668/3810 3883/661/3803
f 3882/660/3802 3889/667/3809 3890/668/3810
f 3883/661/3803 3802/568/3719 3800/566/3717
f 3883/661/3803 3890/668/3810 3802/568/3719
f 3885/663/3805 3891/669/3811 3884/662/3804
f 3885/663/3805 3892/670/3812 3891/669/3811
f 3885/663/3805 3886/664/3806 3893/671/3813
f 3893/671/3813 3892/670/3812 3885/663/3805
f 3886/664/3806 3799/565/3716 3801/567/3718
f 3801/567/3718 3893/671/3813 3886/664/3806
f 3888/666/3808 3894/672/3814 3887/665/3807
f 3888/666/3808 3895/673/3815 3894/672/3814
f 3887/665/3807 3896/674/3816 3889/667/3809
f 3887/665/3807 3894/672/3814 3896/674/3816
f 3889/667/3809 3805/571/3722 3890/668/3810
f 3889/667/3809 3896/674/3816 3805/571/3722
f 3890/668/3810 3804/570/3721 3802/568/3719
f 3890/668/3810 3805/571/3722 3804/570/3721
f 3892/670/3812 3897/675/3817 3891/669/3811
f 3892/670/3812 3898/676/3818 3897/675/3817
f 3892/670/3812 3893/671/3813 3899/677/3819
f 3899/677/3819 3898/676/3818 3892/670/3812
f 3893/671/3813 3801/567/3718 3803/569/3720
f 3803/569/3720 3899/677/3819 3893/671/3813
f 3898/676/3818 3813/678/3732 3897/675/3817
f 3898/676/3818 3812/679/3733 3813/678/3732
f 3812/679/3733 3898/676/3818 3899/677/3819
f 3899/677/3819 3815/680/3735 3812/679/3733
f 3899/677/3819 3803/569/3720 3815/680/3735
f 3803/569/3720 3778/681/3696 3815/680/3735
f 3804/570/3721 3778/681/3696 3803/569/3720
f 3804/570/3721 3777/572/3694 3778/681/3696
f 3895/673/3815 3900/682/3727 3894/672/3814
f 3895/673/3815 3901/683/3724 3900/682/3727
f 3894/672/3814 3902/684/3729 3896/674/3816
f 3894/672/3814 3900/682/3727 3902/684/3729
f 3896/674/3816 3810/573/3723 3805/571/3722
f 3896/674/3816 3902/684/3729 3810/573/3723
f 3697/685/3625 3847/620/3769 3698/686/3626
f 3698/686/3626 3847/620/3769 3854/627/3776
f 3696/687/3624 3839/611/3760 3847/620/3769
f 3847/620/3769 3697/685/3625 3696/687/3624
f 3696/687/3624 3903/688/3623 3838/612/3761
f 3838/612/3761 3839/611/3760 3696/687/3624
f 3838/612/3761 3903/688/3623 3904/689/3636
f 3904/689/3636 3878/656/3798 3838/612/3761
f 3878/656/3798 3904/689/3636 3706/690/3635
f 3706/690/3635 3871/649/3791 3878/656/3798
f 3871/649/3791 3706/690/3635 3905/691/3634
f 3905/691/3634 3863/639/3784 3871/649/3791
f 3863/639/3784 3905/691/3634 3705/692/3633
f 3705/692/3633 3828/640/3749 3863/639/3784
f 3822/593/3742 3828/600/3749 3705/693/3633
f 3705/693/3633 3704/694/3632 3822/593/3742
f 3814/585/3734 3822/593/3742 3704/694/3632
f 3704/694/3632 3703/695/3631 3814/585/3734
f 3814/585/3734 3702/696/3630 3813/583/3732
f 3814/585/3734 3703/695/3631 3702/696/3630
f 3897/675/3817 3702/697/3630 3701/698/3629
f 3897/675/3817 3813/678/3732 3702/697/3630
f 3891/669/3811 3701/698/3629 3700/699/3628
f 3891/669/3811 3897/675/3817 3701/698/3629
f 3884/662/3804 3700/699/3628 3699/700/3627
f 3884/662/3804 3891/669/3811 3700/699/3628
f 3854/627/3776 3699/700/3627 3698/686/3626
f 3854/627/3776 3884/662/3804 3699/700/3627
f 3830/604/3753 3594/701/3527 3832/605/3754
f 3594/701/3527 3830/604/3753 3595/702/3528
f 3844/616/3765 3832/605/3754 3594/701/3527
f 3594/701/3527 3593/703/3526 3844/616/3765
f 3844/616/3765 3593/703/3526 3592/704/3525
f 3592/704/3525 3851/623/3772 3844/616/3765
f 3592/704/3525 3881/659/3801 3851/623/3772
f 3592/704/3525 3600/705/3538 3881/659/3801
f 3600/705/3538 3888/666/3808 3881/659/3801
f 3600/705/3538 3906/706/3537 3888/666/3808
f 3906/706/3537 3895/673/3815 3888/666/3808
f 3906/706/3537 3907/707/3536 3895/673/3815
f 3907/707/3536 3901/683/3724 3895/673/3815
f 3907/707/3536 3599/708/3535 3901/683/3724
f 3908/709/3534 3807/575/3725 3599/710/3535
f 3599/710/3535 3807/575/3725 3901/574/3724
f 3909/711/3533 3818/588/3737 3807/575/3725
f 3807/575/3725 3908/709/3534 3909/711/3533
f 3909/711/3533 3598/712/3532 3818/588/3737
f 3598/712/3532 3824/595/3744 3818/588/3737
f 3598/713/3532 3597/714/3531 3824/630/3744
f 3858/631/3779 3824/630/3744 3597/714/3531
f 3597/714/3531 3910/715/3530 3858/631/3779
f 3866/644/3786 3858/631/3779 3910/715/3530
f 3910/715/3530 3596/716/3529 3866/644/3786
f 3873/651/3793 3866/644/3786 3596/716/3529
f 3596/716/3529 3595/702/3528 3873/651/3793
f 3830/604/3753 3873/651/3793 3595/702/3528
f 15/16/16 579/26/24 580/94/86
f 581/93/85 55/67/64 580/94/86
f 73/91/83 99/99/91 79/100/92
f 83/106/97 101/107/98 84/117/106
f 85/112/103 575/114/105 576/103/95
f 2/29/3 582/119/107 24/27/25
f 581/93/85 100/140/123 74/92/84
f 574/142/101 102/141/124 103/307/99
f 102/141/124 582/119/107 84/117/106
f 101/107/98 573/109/100 103/108/99
f 102/141/124 101/107/98 103/108/99
f 99/99/91 100/140/123 572/143/122
f 99/99/91 573/109/100 79/100/92
f 452/93/396 395/67/381 1071/94/355
f 421/91/83 455/99/401 428/100/402
f 433/106/97 457/107/407 434/117/416
f 437/112/413 453/114/415 354/103/406
f 357/29/350 1074/119/410 1075/27/356
f 452/93/396 456/140/432 422/92/395
f 459/108/408 428/100/402 355/109/409
f 458/141/433 457/107/407 459/108/408
f 455/99/401 456/140/432 1076/143/431
f 455/99/401 355/109/409 428/100/402
f 1038/469/941 1075/520/356 1037/467/939
f 2616/781/2505 2521/754/2480 2541/780/2504
f 2619/866/2574 2606/862/2570 2607/864/2572
f 2520/752/2478 2618/865/2573 2607/864/2572
f 2618/865/2573 3707/868/2576 2543/878/2585
f 2620/775/2501 2611/872/2579 2542/873/2580
