# Blender 4.4.3
# www.blender.org
mtllib cave_map_small.mtl
o cave_map_small.014
v -116.391762 -1.764657 93.324226
v -118.393532 -2.286794 90.641823
v -117.460594 -2.138283 88.638008
v -116.830681 -2.286794 90.641823
v -118.393547 -2.217947 88.638008
v -118.271935 -2.560902 92.645607
v -119.956398 -2.286794 90.641823
v -119.956413 -2.272413 88.276802
v -120.077980 -2.560902 92.645607
v -121.326698 -2.170434 88.638008
v -121.519264 1.236452 88.638008
v -121.519249 1.236452 90.641823
v -119.956413 1.236452 88.638008
v -119.956398 0.689091 90.641823
v -120.077980 0.963199 92.645607
v -121.884026 1.510560 92.645607
v -118.393547 1.554916 88.638008
v -118.393532 0.689091 90.641823
v -118.271935 0.963199 92.645607
v -117.253670 0.445834 90.641823
v -116.830696 1.236452 88.638008
v -116.888908 0.719942 92.645607
v -121.803154 -1.405983 90.641823
v -122.277107 -1.405983 88.638008
v -121.519249 -2.286794 90.641823
v -122.212120 -1.543036 92.645607
v -121.884026 -2.560902 92.645607
v -122.434837 -0.525171 88.638008
v -122.568306 -0.525171 90.641823
v -123.001793 -0.525171 92.645607
v -122.277107 0.355641 88.638008
v -122.566505 0.355641 90.641823
v -122.975456 0.492695 92.645607
v -116.231499 0.355641 88.638008
v -117.039116 0.220135 90.641823
v -117.344460 -0.525171 88.638008
v -116.989830 -0.525171 90.641823
v -116.556328 -0.525171 92.645607
v -117.632896 -1.405983 88.638008
v -117.147545 -1.405983 90.641823
v -116.465904 -2.304843 92.645607
v -121.421242 0.379061 87.075874
v -121.754707 -1.395115 87.075874
v -116.432167 -1.395115 87.075874
v -116.432167 0.379061 87.075874
v -118.235924 -2.282203 87.075874
v -118.393547 1.664223 86.942390
v -119.762398 -2.282203 87.075874
v -119.762413 1.696968 87.075874
v -121.096611 -2.169476 87.075874
v -116.257317 -0.525168 93.285744
v -116.510704 0.094576 93.028206
v -120.510094 -14.454432 23.856384
v -118.343025 -14.452127 23.153793
v -118.384163 -13.959560 25.940842
v -120.137840 -14.014748 25.940842
v -118.384163 -10.753466 25.940840
v -118.145454 -10.243106 24.289122
v -119.898750 -10.753466 25.940840
v -119.898750 -10.753466 24.141218
v -121.399071 -12.049662 24.229673
v -121.688484 -13.024377 25.940842
v -121.130531 -12.150765 25.940840
v -121.688484 -13.024377 24.141220
v -116.043159 -12.150765 25.940840
v -115.668617 -13.454701 23.558548
v -115.444023 -12.457276 23.688704
v -115.751167 -13.024377 25.940842
v -118.384178 -13.942865 27.740433
v -118.384178 -13.833933 29.540039
v -119.898750 -13.897987 27.740433
v -119.898750 -13.905348 29.540039
v -119.898750 -10.403544 29.540037
v -118.384178 -10.403544 29.540037
v -118.384178 -10.403544 27.740431
v -119.898750 -10.403544 27.740431
v -122.202644 -11.277155 29.540037
v -120.977669 -11.277155 27.740431
v -122.355492 -12.150765 29.540037
v -121.130531 -12.150765 27.740431
v -120.977669 -11.277155 25.940840
v -116.441582 -12.150765 29.540037
v -116.153374 -13.024377 27.740433
v -116.000511 -12.150765 27.740431
v -117.032173 -13.024377 29.540039
v -115.486900 -11.351097 24.157820
v -121.080406 -10.549219 25.940840
v -121.240181 -11.277155 24.141218
v -121.413353 -10.403544 24.141218
v -121.071648 -13.611774 25.940842
v -117.397667 -10.869748 25.940840
v -115.529793 -10.244916 24.626997
v -116.196022 -11.277155 25.940840
v -115.950081 -13.897987 25.940842
v -122.248848 -13.024377 29.540039
v -121.688484 -13.024377 27.740433
v -121.080406 -10.549219 27.740431
v -121.489464 -10.182071 29.540037
v -117.397667 -10.869748 27.740431
v -116.594429 -11.277155 29.540037
v -116.153374 -11.277155 27.740431
v -117.228874 -10.403544 30.193083
v -121.387733 -13.822160 23.995285
v -115.893181 -14.452127 23.428406
v -116.869560 -13.897987 27.740433
v -117.192146 -13.588186 29.540039
v -121.111198 -14.018261 29.540039
v -121.413353 -13.897987 27.740433
v -118.238213 -10.205227 31.402235
v -119.752800 -9.979272 31.402235
v -119.426567 -14.453279 23.505096
v -119.948830 0.855281 81.284325
v -121.351830 0.133662 79.430489
v -121.475304 0.855281 81.284325
v -119.948830 0.422341 79.430489
v -118.033455 0.712753 81.284325
v -118.033455 0.279814 79.430489
v -117.053947 0.038716 81.284325
v -117.053947 -0.394224 79.430489
v -117.770912 -2.931762 81.284325
v -118.422371 -3.791525 79.430489
v -118.422371 -3.063080 81.284325
v -119.948830 -3.549270 79.430489
v -119.948830 -3.063080 81.284325
v -122.066139 -3.463214 79.430489
v -122.066139 -3.030275 81.284325
v -122.731239 -2.904437 79.430489
v -122.731239 -2.471498 81.284325
v -122.885292 -2.017349 79.430489
v -122.885292 -1.584410 81.284325
v -122.731239 -1.130261 79.430489
v -122.731239 -0.697321 81.284325
v -116.618614 -0.697321 81.284325
v -116.618614 -1.130261 79.430489
v -117.131447 -1.584410 81.284325
v -117.131447 -2.017349 79.430489
v -117.285515 -2.471498 81.284325
v -117.285515 -2.904437 79.430489
v -117.770912 -3.364701 79.430489
v -119.948830 -0.010598 77.576637
v -121.475304 -1.109052 75.722801
v -121.498741 -0.382950 77.576637
v -119.948830 -0.589223 75.722801
v -119.948830 1.055646 84.992012
v -119.948830 1.288220 83.138176
v -121.475304 1.055646 84.992012
v -121.475304 1.288220 83.138176
v -118.422371 -0.676112 77.576637
v -118.422371 -1.109052 75.722801
v -118.422371 1.055646 84.141823
v -118.422371 0.622706 83.138176
v -117.084145 -1.076628 77.576637
v -116.895897 -1.109052 75.722801
v -117.118294 0.842962 84.992012
v -116.895897 0.622706 83.138176
v -118.422371 -4.780924 75.722801
v -118.422371 -4.224465 77.576637
v -118.422371 -2.630140 83.138176
v -118.422371 -2.349790 84.992012
v -119.948830 -4.351946 76.600746
v -119.948830 -4.657405 75.722801
v -119.948830 -2.630140 83.138176
v -119.948830 -2.492707 84.992012
v -121.066902 -4.367383 75.722801
v -121.769920 -3.769162 77.576637
v -121.475304 -2.492707 84.992012
v -121.752602 -3.770317 75.722801
v -122.731239 -3.337377 77.576637
v -122.731239 -2.038558 83.138176
v -122.368126 -1.605619 84.992012
v -121.475304 -2.925647 83.138176
v -122.709831 -2.883228 75.722801
v -121.906654 -2.450289 77.576637
v -122.144493 -1.151470 83.138176
v -121.906654 -0.718531 84.992012
v -122.600349 -1.996140 75.722801
v -121.752602 -1.563200 77.576637
v -122.731239 -0.264382 83.138176
v -121.509315 0.168558 84.992012
v -116.618614 -1.563200 77.576637
v -116.618614 -1.996140 75.722801
v -116.618614 0.168558 84.992012
v -116.618614 -0.264382 83.138176
v -117.532249 -2.450289 77.576637
v -117.411842 -2.883228 75.722801
v -116.005745 -0.718531 84.992012
v -116.221947 -1.151470 83.108803
v -117.686317 -3.337377 77.576637
v -117.565880 -3.770317 75.722801
v -116.618614 -1.605619 84.992012
v -116.618614 -2.038558 83.138176
v -118.294106 -3.589994 77.576637
v -116.895897 -4.657405 75.722801
v -116.895897 -2.925647 83.138176
v -117.237114 -2.060707 84.992012
v -117.103050 0.946283 87.075905
v -121.523613 1.337488 87.075905
v -121.720222 -0.508026 87.075905
v -117.127831 -2.106504 87.075905
v -116.618187 -0.508026 87.075905
v -117.103050 -2.092520 73.818886
v -116.618187 -3.546830 73.818886
v -116.432182 -4.433918 73.818886
v -121.096611 -5.208279 73.818886
v -121.754723 -4.433918 73.818886
v -121.489128 -2.701160 73.853004
v -119.897774 -2.025346 68.166008
v -121.300774 -2.746965 66.312172
v -121.424263 -2.025346 68.166008
v -119.897774 -2.458285 66.312172
v -117.982414 -2.167873 68.166008
v -117.982414 -2.600812 66.312172
v -117.002892 -2.841910 68.166008
v -117.002892 -3.274850 66.312172
v -118.371315 -6.672152 66.312172
v -118.371315 -5.943705 68.166008
v -119.897774 -6.429896 66.312172
v -119.897774 -5.943705 68.166008
v -122.015083 -6.343840 66.312172
v -122.015083 -5.910901 68.166008
v -122.680183 -5.785064 66.312172
v -122.680183 -5.352124 68.166008
v -122.834236 -4.897975 66.312172
v -122.834236 -4.465036 68.166008
v -122.680183 -4.010887 66.312172
v -122.680183 -3.577947 68.166008
v -116.567558 -3.577947 68.166008
v -116.567558 -4.010887 66.312172
v -117.080391 -4.465036 68.166008
v -117.080391 -4.897975 66.312172
v -117.234459 -5.352124 68.166008
v -117.234459 -5.785064 66.312172
v -117.719856 -5.812388 68.166008
v -117.719856 -6.245327 66.312172
v -119.897774 -2.891224 64.458321
v -121.424263 -3.989678 62.604473
v -121.447685 -3.263576 64.458321
v -119.897774 -3.469849 62.604473
v -119.897774 -1.824980 71.873695
v -119.897774 -1.592407 70.019844
v -121.424263 -1.824980 71.873695
v -121.424263 -1.592407 70.019844
v -118.371315 -3.556738 64.458321
v -118.371315 -3.989678 62.604473
v -118.371315 -1.824981 71.023491
v -118.371315 -2.257920 70.019844
v -117.033089 -3.957254 64.458321
v -116.844841 -3.989678 62.604473
v -117.067253 -2.037663 71.873695
v -116.844841 -2.257920 70.019844
v -116.844841 -7.538031 62.604473
v -118.243050 -6.470620 64.458321
v -118.371315 -7.661550 62.604473
v -118.371315 -7.105091 64.458321
v -118.371315 -5.666905 70.019844
v -116.844841 -5.806273 70.019844
v -117.186073 -4.941334 71.873695
v -118.371315 -5.490487 71.873695
v -119.897774 -7.232572 63.482418
v -119.897774 -7.538031 62.604473
v -119.897774 -5.641794 70.019844
v -121.015846 -7.248008 62.604473
v -121.424263 -5.806273 70.019844
v -121.424263 -5.373333 71.873695
v -121.718864 -6.649788 64.458321
v -121.701546 -6.650943 62.604473
v -122.680183 -6.218003 64.458321
v -122.680183 -4.919184 70.019844
v -122.317085 -4.486245 71.873695
v -122.658775 -5.763854 62.604473
v -121.855598 -5.330915 64.458321
v -122.093437 -4.032097 70.019844
v -121.855598 -3.599157 71.873695
v -122.549309 -4.876766 62.604473
v -121.701546 -4.443826 64.458321
v -122.680183 -3.145008 70.019844
v -121.458260 -2.712069 71.873695
v -116.567558 -4.443826 64.458321
v -116.567558 -4.876766 62.604473
v -116.567558 -2.712069 71.873695
v -116.567558 -3.145008 70.019844
v -117.481194 -5.330915 64.458321
v -117.360786 -5.763854 62.604473
v -115.954689 -3.599157 71.873695
v -116.170891 -4.032097 69.990501
v -117.635262 -6.218003 64.458321
v -117.514839 -6.650943 62.604473
v -116.567558 -4.486245 71.873695
v -116.567558 -4.919184 70.019844
v -118.235924 -1.571276 73.818916
v -119.762398 -1.341835 73.818916
v -121.523598 -1.701315 73.818916
v -121.720207 -3.546830 73.818916
v -118.235924 -5.321006 73.818916
v -117.127815 -5.145306 73.818916
v -116.432167 -2.659741 73.818916
v -121.600166 -4.543976 60.643551
v -119.838966 -4.184495 60.643551
v -118.312492 -4.413936 60.643551
v -117.179619 -4.935180 60.643551
v -116.508720 -5.502402 60.643551
v -116.508720 -7.276579 60.643551
v -121.831276 -7.276579 60.643551
v -121.796776 -6.389490 60.643551
v -121.497795 -5.502402 60.643551
v -119.978416 -5.629290 71.943825
v -119.762398 -5.321006 73.818916
v -121.201775 -5.280477 72.846291
v -120.025398 -5.026183 54.852016
v -121.428398 -5.747802 52.998180
v -121.551872 -5.026183 54.852016
v -120.025398 -5.459123 52.998180
v -118.110023 -5.168710 54.852016
v -118.110023 -5.601650 52.998180
v -117.130516 -5.842748 54.852016
v -117.130516 -6.275687 52.998180
v -118.498924 -9.672990 52.998180
v -118.498924 -8.944544 54.852016
v -120.025398 -9.430733 52.998180
v -120.025398 -8.944544 54.852016
v -122.142708 -9.344678 52.998180
v -122.142708 -8.911739 54.852016
v -122.807808 -8.785901 52.998180
v -122.807808 -8.352962 54.852016
v -122.961845 -7.898813 52.998180
v -122.961845 -7.465874 54.852016
v -122.807808 -7.011724 52.998180
v -122.807808 -6.578785 54.852016
v -116.695183 -6.578785 54.852016
v -116.695183 -7.011724 52.998180
v -117.208015 -7.465874 54.852016
v -117.208015 -7.898813 52.998180
v -117.362083 -8.352962 54.852016
v -117.362083 -8.785901 52.998180
v -117.847481 -8.813226 54.852016
v -117.847481 -9.246164 52.998180
v -120.025398 -5.892062 51.144329
v -121.551872 -6.990515 49.290493
v -121.575310 -6.264413 51.144329
v -120.025398 -6.470686 49.290493
v -120.025398 -4.825818 58.559704
v -120.025398 -4.593244 56.705868
v -121.551872 -4.825818 58.559704
v -121.551872 -4.593244 56.705868
v -118.498924 -6.557576 51.144329
v -118.498924 -6.990515 49.290493
v -118.498924 -4.825818 57.709499
v -118.498924 -5.258757 56.705868
v -117.160698 -6.958092 51.144329
v -116.972466 -6.990515 49.290493
v -117.194862 -5.038502 58.559704
v -116.972466 -5.258757 56.705868
v -116.972466 -10.538869 49.290493
v -117.847664 -9.728365 51.258892
v -118.498924 -10.662388 49.290493
v -118.498924 -10.105928 51.144329
v -118.498924 -8.511603 56.705868
v -116.972466 -8.807111 56.705868
v -117.313683 -7.942170 58.559704
v -118.498924 -8.231253 58.559704
v -120.025398 -10.233410 50.168423
v -120.025398 -10.538869 49.290493
v -120.025398 -8.511603 56.705868
v -120.025398 -8.374169 58.559704
v -121.471550 -10.442586 49.407818
v -121.551872 -8.807111 56.705868
v -121.551872 -8.374169 58.559704
v -121.816216 -9.873371 51.149761
v -121.829170 -9.651781 49.290493
v -122.807808 -9.218841 51.144329
v -122.807808 -7.920021 56.705868
v -122.444695 -7.487082 58.559704
v -122.786400 -8.764692 49.290493
v -121.983208 -8.331753 51.144329
v -122.221062 -7.032934 56.705868
v -121.983208 -6.599994 58.559704
v -122.676918 -7.877604 49.290493
v -121.829170 -7.444664 51.144329
v -122.807808 -6.145846 56.705868
v -121.585884 -5.712906 58.559704
v -116.695183 -7.444664 51.144329
v -116.695183 -7.877604 49.290493
v -116.695183 -5.712906 58.559704
v -116.695183 -6.145846 56.705868
v -117.608818 -8.331753 51.144329
v -117.488396 -8.764692 49.290493
v -116.082314 -6.599994 58.559704
v -116.298515 -7.032934 56.676495
v -117.762886 -9.218841 51.144329
v -117.642448 -9.651781 49.290493
v -116.695183 -7.487082 58.559704
v -116.695183 -7.920021 56.705868
v -121.173164 -8.050940 60.643566
v -119.838982 -8.163666 60.643566
v -118.312508 -8.163666 60.643566
v -117.204384 -7.987967 60.643566
v -116.694756 -6.389490 60.643566
v -118.312492 -7.452740 47.386578
v -117.179619 -7.973984 47.386578
v -116.508736 -8.541205 47.386578
v -116.694756 -9.428293 47.386578
v -121.831291 -10.315381 47.386578
v -75.914528 1.465809 92.356056
v -78.243660 -0.240818 92.700752
v -74.276176 -0.706683 92.607796
v -75.925041 -2.152565 92.940773
v -77.021095 -2.219835 92.653572
v -114.489296 -12.141935 39.337933
v -114.489296 -11.821402 41.210827
v -116.414696 -12.106301 39.337933
v -116.414696 -11.669340 41.210827
v -118.340080 -11.669340 41.210827
v -118.340080 -12.450497 38.774883
v -120.265480 -12.141935 39.337933
v -120.265480 -7.618062 41.210827
v -118.340080 -7.057065 41.210827
v -118.340080 -7.377600 39.337933
v -120.265480 -7.938598 39.337933
v -116.414696 -7.057065 41.210827
v -116.414696 -7.377600 39.337933
v -114.489296 -7.618062 41.210827
v -114.489296 -7.938598 39.337933
v -120.265480 -11.821402 41.210827
v -121.937462 -11.091103 39.337933
v -121.937462 -10.770566 41.210827
v -122.131752 -10.040267 39.337933
v -122.131752 -9.719732 41.210827
v -120.615273 -8.989432 39.337933
v -120.615273 -8.668897 41.210827
v -114.287621 -9.266800 40.190334
v -113.766121 -10.040267 39.337933
v -113.307930 -11.091103 39.337933
v -114.139534 -11.411635 37.465038
v -118.176186 -12.782903 34.430721
v -118.376717 -13.024415 32.850582
v -117.248543 -12.802973 35.788494
v -116.414696 -12.426836 37.465038
v -114.489296 -12.462470 37.465038
v -118.236961 -11.388052 44.238140
v -116.861214 -11.287173 44.245235
v -116.809135 -11.394415 45.825283
v -118.376717 -11.061949 45.825283
v -115.051048 -11.564010 43.328274
v -117.247353 -11.352103 42.882671
v -119.760094 -13.175068 34.430721
v -119.944298 -13.482145 32.850582
v -118.977028 -12.794230 35.788494
v -118.340080 -12.771032 37.465038
v -119.825859 -11.375925 44.238140
v -119.944298 -11.338139 45.825283
v -119.067101 -11.347293 42.882671
v -121.511879 -13.482145 32.850582
v -120.712395 -12.787995 35.788906
v -120.265480 -12.462470 37.465038
v -121.385780 -11.602315 44.245235
v -121.349953 -11.178189 45.825283
v -119.817482 -9.261467 34.437527
v -121.196678 -10.238817 32.850582
v -121.362755 -9.719012 34.430965
v -119.944298 -9.714378 32.850582
v -119.034370 -8.646748 35.796276
v -120.765770 -9.032460 35.796673
v -118.340080 -7.867150 37.465038
v -120.265480 -8.259132 37.465038
v -119.768196 -7.731174 44.411663
v -121.324211 -8.049394 45.825283
v -119.944298 -8.192144 45.825283
v -121.371162 -8.120962 44.243938
v -120.849541 -7.738352 42.882671
v -119.027611 -7.181211 42.882671
v -118.244133 -9.272844 34.437527
v -118.376717 -10.059958 32.850582
v -117.309914 -8.655962 35.796276
v -116.414696 -7.867150 37.465038
v -118.376717 -7.972227 45.825283
v -118.168816 -7.725438 44.411663
v -117.207817 -7.185914 42.882671
v -116.630898 -9.741834 34.430965
v -116.809135 -10.059958 32.850582
v -115.593025 -9.060236 35.796673
v -114.489296 -8.259132 37.465038
v -116.896629 -8.060836 45.825283
v -116.577171 -8.112222 44.243938
v -115.297691 -7.920623 42.898815
v -121.347664 -13.174376 34.430920
v -122.207664 -12.626597 32.850582
v -121.642021 -12.312374 34.432461
v -120.291054 -11.842944 35.790432
v -121.196434 -11.411635 37.465038
v -122.032722 -10.736558 44.245220
v -121.796638 -10.538867 45.825283
v -121.207451 -10.731925 42.882671
v -120.888893 -11.732148 42.882671
v -122.365868 -11.771052 32.850582
v -121.076927 -11.455285 34.431332
v -120.476494 -10.901669 35.792263
v -121.390755 -10.360801 37.465038
v -122.554802 -9.770451 44.245144
v -121.954857 -9.683320 45.825283
v -121.380684 -9.732757 42.882671
v -121.796638 -10.915505 32.850582
v -120.917168 -10.587962 34.431179
v -120.317345 -9.964891 35.794308
v -120.615273 -9.309967 37.465038
v -122.376686 -8.893898 44.243649
v -121.796638 -8.827773 45.825283
v -121.187737 -8.735024 42.882671
v -116.361656 -10.630585 34.431179
v -115.840981 -10.915505 32.850582
v -115.255043 -9.995497 35.794308
v -114.139534 -9.309967 37.465038
v -115.750221 -8.827773 45.825283
v -116.307091 -9.007272 44.243649
v -115.827385 -8.750935 43.273235
v -116.197212 -11.486847 34.431332
v -115.682762 -11.771052 32.850582
v -115.062111 -10.933648 35.792263
v -113.945213 -10.360801 37.465038
v -115.339897 -9.683320 45.825283
v -116.713402 -9.899569 44.245144
v -115.653053 -9.749714 43.273235
v -116.333946 -12.327987 34.432461
v -116.524376 -12.626597 32.850582
v -115.221977 -11.872751 35.790432
v -116.524376 -10.538867 45.825283
v -116.332054 -10.778028 44.245220
v -115.847176 -10.748014 43.273235
v -116.839821 -12.719922 34.430920
v -116.809135 -13.330085 32.850582
v -115.527596 -12.814367 35.788906
v -119.838966 -7.223299 47.386578
v -121.600166 -7.582780 47.386578
v -121.497795 -8.541206 47.386578
v -121.796776 -9.428294 47.386578
v -121.173149 -11.089743 47.386578
v -119.838966 -11.202470 47.386578
v -118.312492 -11.202471 47.386578
v -117.204369 -11.026772 47.386578
v -116.508736 -10.315383 47.386578
v -121.500282 -10.333292 31.402235
v -117.114113 -10.718552 31.402235
v -116.448448 -11.277157 31.402235
v -116.633034 -12.150766 31.402235
v -116.448448 -13.024377 31.402237
v -118.238197 -13.897989 31.402237
v -117.138695 -13.724958 31.402237
v -119.752800 -13.897989 31.402237
v -121.076607 -13.786974 31.402237
v -121.729607 -13.024377 31.402237
v -121.695396 -12.150766 31.402235
v -121.398735 -11.277157 31.402235
v -115.591835 -11.461939 43.718349
v -114.434258 -11.571583 42.883434
v -84.310616 -8.737949 73.692543
v -84.145042 -8.693810 73.103981
v -84.717873 -8.694754 73.032417
v -84.794548 -8.738819 73.640114
v -84.724052 -6.465574 73.052513
v -84.151222 -6.464630 73.124077
v -84.790382 -6.470492 73.577660
v -84.294334 -6.469612 73.632698
v -84.432823 -7.446062 74.125740
v -84.864357 -8.055255 74.183968
v -84.841621 -7.446027 73.995979
v -84.459053 -8.054451 74.219475
v -84.618874 -7.429507 72.232094
v -83.898033 -8.034920 72.225670
v -83.927315 -7.428465 72.329201
v -84.604393 -8.035975 72.125359
v -83.198006 -8.653404 74.047691
v -82.855888 -8.650710 73.696068
v -83.473289 -8.652039 73.293282
v -83.724892 -8.654640 73.733940
v -85.536140 -8.685081 72.995705
v -86.354561 -8.611279 72.959526
v -85.602531 -8.658796 73.521111
v -86.420738 -8.665852 73.484230
v -83.485023 -5.969694 73.302437
v -82.866508 -6.220973 73.704323
v -83.736626 -5.972296 73.743111
v -83.208641 -6.223668 74.055977
v -86.427483 -6.231067 73.506187
v -86.361168 -6.226149 72.981041
v -85.542961 -6.224212 73.017876
v -85.609276 -6.229130 73.543022
v -83.736702 -7.442736 74.600090
v -84.024864 -8.050282 74.256752
v -83.978447 -7.442339 74.172859
v -83.604912 -8.049154 74.465294
v -86.526665 -6.845965 74.299522
v -85.654823 -6.840050 73.911629
v -86.531685 -7.453878 74.347038
v -85.659828 -7.447963 73.959145
v -84.836601 -6.838113 73.948448
v -86.272758 -7.434675 72.296547
v -85.440239 -8.039217 72.227974
v -85.435234 -7.431305 72.180458
v -86.296928 -8.044008 72.495857
v -82.459602 -6.825223 73.286736
v -83.183937 -6.826661 72.778801
v -82.422417 -7.432386 73.249184
v -83.240273 -7.434705 72.880028
v -83.943459 -6.821552 72.385994
v -84.842506 -6.332317 73.988640
v -84.420067 -6.838143 74.079872
v -84.438103 -6.231296 74.143517
v -84.680641 -6.543221 72.709740
v -84.008766 -6.216350 72.617653
v -84.627251 -6.822587 72.290565
v -83.915154 -8.642991 72.286980
v -83.507378 -6.370633 74.363197
v -83.955711 -6.834642 74.130455
v -83.908882 -6.350576 74.046364
v -83.610237 -6.834286 74.469429
v -83.913658 -8.415343 74.063515
v -86.525337 -8.060948 74.304588
v -85.668831 -8.663714 74.046257
v -85.682564 -8.057192 74.147133
v -85.660728 -6.334254 73.951805
v -86.497566 -6.082243 74.059105
v -85.498878 -6.545158 72.672905
v -86.281136 -6.827754 72.355034
v -85.443611 -6.824385 72.238945
v -86.607521 -6.223101 72.567116
v -86.302834 -8.436543 72.547783
v -83.221672 -8.649436 72.852638
v -82.574440 -8.522128 73.406609
v -83.178627 -8.041529 72.774666
v -82.454292 -8.040092 73.282600
v -82.556709 -6.337309 73.386009
v -83.232307 -6.219699 72.860909
v -84.399635 -8.460836 74.008644
v -84.836220 -8.461666 73.966408
v -84.611427 -8.644037 72.188866
v -83.540108 -8.656099 74.399330
v -85.469902 -8.648959 72.470818
v -86.473595 -8.748297 73.903908
v -87.450783 -8.549416 73.989998
v -87.269646 -8.616615 72.937172
v -87.157234 -8.002901 72.279243
v -87.170692 -7.396137 72.353142
v -82.749748 -6.124241 74.758675
v -83.034096 -6.483389 75.043831
v -81.919609 -6.206825 73.927284
v -81.942589 -6.863308 73.950920
v -81.853111 -8.077520 73.862480
v -82.353264 -8.688870 74.364067
v -83.196404 -8.087981 75.207970
v -83.152122 -7.480182 75.163002
v -79.842491 -4.455773 76.486168
v -80.102638 -4.948017 75.594719
v -79.457253 -4.452772 76.100304
v -80.457588 -4.753101 75.950081
v -80.325478 -4.557131 76.970024
v -80.940575 -4.854460 76.433922
v -80.570641 -5.020605 77.216057
v -81.185753 -5.317933 76.679955
v -80.830223 -7.641547 76.326118
v -80.216011 -7.141870 76.862907
v -80.445686 -7.472663 75.940804
v -79.830757 -7.138870 76.477028
v -79.911583 -7.409575 75.405769
v -79.296486 -7.112247 75.941872
v -79.745415 -7.025645 75.238930
v -79.130318 -6.728317 75.775047
v -79.709190 -6.417908 75.202049
v -79.094078 -6.120579 75.738167
v -79.750725 -5.810777 75.243095
v -79.135628 -5.513448 75.779182
v -80.678322 -5.525462 77.324394
v -81.293419 -5.822790 76.788292
v -80.546242 -6.131888 77.192696
v -81.161324 -6.429216 76.656578
v -80.504707 -6.739019 77.151680
v -81.119804 -7.036347 76.615562
v -80.380821 -7.053230 77.027885
v -80.995903 -7.350559 76.491783
v -81.072685 -5.050429 75.413963
v -81.300545 -5.800469 74.490410
v -80.680412 -5.302351 75.021278
v -81.687355 -5.447516 74.877510
v -78.610298 -4.316826 77.556831
v -79.227394 -4.158444 77.022270
v -78.225060 -4.313826 77.170952
v -78.842155 -4.155444 76.636421
v -81.455956 -5.509140 75.798271
v -82.071037 -5.806469 75.262184
v -79.278236 -4.320226 77.697319
v -79.610649 -4.617154 77.406609
v -81.792488 -5.786023 76.135628
v -82.456291 -5.809468 75.648033
v -79.324028 -4.468023 78.271858
v -79.995903 -4.620154 77.792473
v -82.445671 -8.239204 75.639778
v -81.479591 -7.504673 75.823906
v -82.060051 -8.320785 75.253593
v -81.445320 -7.938875 75.790001
v -79.600899 -6.844543 77.398994
v -79.985268 -7.049890 77.784203
v -79.285347 -6.456079 78.235054
v -78.985359 -6.651699 77.934776
v -81.384163 -8.023628 75.122139
v -81.675179 -8.233205 74.868004
v -79.215645 -6.841541 77.013145
v -78.599663 -6.746561 77.548546
v -81.393867 -8.032414 74.586067
v -78.829536 -7.040890 76.626579
v -78.214424 -6.743561 77.162682
v -80.601830 -7.620528 74.944847
v -81.222603 -7.622225 74.414101
v -80.360512 -7.322973 74.702827
v -78.515205 -6.430988 76.311165
v -77.991753 -6.134372 76.939049
v -80.983665 -7.012910 74.174202
v -80.571266 -6.717160 74.913353
v -78.665947 -5.824708 76.461540
v -78.110863 -5.527846 77.057777
v -81.013939 -6.405691 74.203957
v -80.612816 -6.110029 74.954369
v -78.520531 -5.216120 76.315285
v -78.213799 -4.921193 77.160286
v -81.908531 -6.120119 76.252174
v -82.523628 -6.417447 75.716057
v -79.448128 -4.930804 78.396599
v -80.063225 -5.228133 77.860512
v -81.675285 -6.725757 76.019142
v -82.320778 -7.023322 75.513481
v -79.600151 -5.539443 78.549477
v -80.170433 -5.836360 77.950233
v -81.633751 -7.332889 75.978142
v -82.279228 -7.630453 75.472466
v -79.442802 -6.145672 78.392464
v -80.057915 -6.443001 77.856361
v -78.350960 -4.037175 78.592293
v -77.520836 -4.119758 77.760887
v -78.753319 -5.393115 78.996635
v -82.365181 -5.964130 74.373344
v -83.201714 -6.873111 75.212105
v -83.018715 -8.573736 75.030449
v -82.738518 -8.691870 74.749931
v -82.016884 -8.609056 74.027046
v -81.864464 -7.470153 73.873283
v -76.968544 -3.803755 82.365242
v -76.761070 -3.241156 83.570168
v -76.244972 -3.245646 83.480476
v -76.545830 -4.124051 81.819221
v -75.725639 -3.354925 83.416573
v -75.842613 -0.458318 82.462547
v -76.370674 -0.067232 82.457069
v -76.597038 -0.844638 81.270714
v -76.068977 -1.235724 81.276192
v -76.886787 -0.062742 82.546776
v -77.113136 -0.752955 81.360435
v -77.390923 -0.444848 82.731651
v -77.617287 -0.927215 81.545296
v -75.935570 -3.837292 82.191887
v -75.553612 -3.117039 81.733116
v -75.327248 -2.634672 82.919472
v -75.523918 -2.601186 81.545784
v -75.297569 -1.910974 82.732124
v -75.952827 -1.873498 81.438164
v -75.726463 -1.183286 82.624504
v -77.462288 -1.168184 82.926216
v -77.688652 -1.650551 81.739876
v -77.714882 -1.889943 83.152290
v -77.941231 -2.372310 81.965935
v -77.640388 -2.614548 83.321510
v -77.866753 -3.096915 82.135170
v -78.100334 -3.808471 81.391457
v -77.483879 -3.823822 82.460991
v -78.000984 -5.868491 79.438896
v -77.170952 -5.256866 79.976051
v -77.517387 -5.658879 79.290123
v -77.586952 -5.216308 80.158775
v -77.222771 -5.081338 80.463829
v -77.797829 -5.092990 80.598122
v -77.397804 -4.590889 81.190010
v -78.051552 -4.532491 81.282204
v -76.642723 -1.943651 84.958870
v -77.090813 -1.794107 84.965858
v -77.005440 -1.804060 85.531136
v -76.391197 -1.925701 85.562325
v -76.770821 -2.422711 84.490486
v -76.612770 -5.522685 79.701103
v -77.096992 -5.974869 78.919670
v -76.645042 -5.071440 80.329628
v -76.740990 -4.824052 81.162743
v -75.908546 -1.987931 84.947548
v -75.826439 -1.853959 85.674812
v -75.863930 -2.521204 84.252663
v -76.103554 -5.518672 79.513954
v -76.650810 -5.975649 78.648384
v -76.064857 -5.063200 80.195518
v -75.583534 -2.024660 84.952217
v -75.442940 -2.095530 84.277412
v -76.985390 -2.827764 79.215294
v -77.165825 -3.740919 78.305244
v -76.471260 -3.140451 79.058632
v -77.532829 -3.378949 78.525871
v -76.839241 -2.212666 79.776039
v -76.256950 -2.474481 79.633049
v -76.823647 -1.443035 80.478462
v -76.165459 -1.708917 80.395851
v -75.972984 0.670840 84.403603
v -75.327049 0.643970 85.121712
v -75.779045 0.549670 85.086494
v -75.458382 0.374116 84.352333
v -75.408730 -0.049826 83.595436
v -76.008568 0.226811 83.604317
v -77.467461 -2.838939 79.443153
v -77.872261 -3.616288 78.925346
v -77.391716 -2.222822 79.980782
v -77.467552 -1.447347 80.626335
v -76.277458 0.705826 84.982552
v -76.494087 0.679499 84.426155
v -76.653038 0.475857 83.506996
v -77.922127 -3.166212 79.742180
v -78.253075 -3.615514 79.282295
v -77.914131 -2.505039 80.247231
v -78.097176 -1.721853 80.839455
v -76.759743 0.649128 84.933998
v -77.019951 0.602089 84.421364
v -77.212151 -0.304216 83.705208
v -76.634377 -5.386663 78.368843
v -76.149040 -4.925280 79.408180
v -76.240028 -4.412508 80.071388
v -76.091362 -4.607043 81.024467
v -75.739204 -3.879852 80.849190
v -75.408028 -1.429867 84.795631
v -75.316628 -1.712981 85.732033
v -75.272362 -1.072845 85.558693
v -75.271523 -2.374704 84.249397
v -76.698357 -4.797247 78.227531
v -76.400887 -4.336500 79.360298
v -76.220589 -3.763333 79.960121
v -75.712532 -3.155076 80.659309
v -75.241692 -0.765619 84.622719
v -75.187462 -0.483779 85.422249
v -75.235298 -1.686552 83.700966
v -76.939049 -4.207471 78.251869
v -76.528938 -3.739677 79.253105
v -76.336403 -3.118103 79.831993
v -76.010170 -2.432473 80.543922
v -75.127800 -0.161555 84.469521
v -75.204918 0.106220 85.272255
v -75.332130 -0.998339 83.543495
v -77.923866 -3.778697 79.914268
v -78.385857 -4.204531 79.608025
v -77.957970 -3.150364 80.433586
v -78.175835 -2.446976 81.041267
v -77.160805 0.124031 85.013283
v -77.280312 -0.221501 84.583260
v -77.279457 -0.991420 83.891945
v -77.896385 -4.368593 80.066414
v -78.321861 -4.793948 79.749321
v -77.954979 -3.797318 80.603462
v -78.203636 -3.084567 81.231438
v -77.327263 -0.464293 85.138924
v -77.144371 -0.837415 84.730721
v -77.314079 -0.624722 84.440529
v -77.777504 -4.947302 80.173454
v -78.015007 -5.383858 79.662971
v -77.934166 -4.444407 80.465645
v -76.977852 -1.057315 85.332863
v -77.265205 -1.441674 84.886574
v -77.288094 -1.313175 84.434364
v -77.221382 -2.002232 84.360176
v -77.317741 -3.341454 83.483070
v -76.681252 0.732791 86.062538
v -77.263054 -0.618901 86.068733
v -77.966393 -3.877066 78.206963
v -78.635307 -4.396324 78.877480
v -78.802925 -4.786047 79.045753
v -78.797615 -6.000915 79.041618
v -78.339699 -6.604805 78.583549
v -78.619911 -6.486673 78.864098
v -77.954475 -6.601805 78.197685
v -77.618095 -6.521992 77.860695
v -77.454323 -5.990454 77.696098
v -77.465675 -5.383088 77.706902
v -77.543770 -4.776242 77.784538
v -90.451210 -9.972181 71.735542
v -89.581856 -9.409582 72.197838
v -89.830574 -9.414073 72.730431
v -90.928047 -10.292476 72.144066
v -90.055550 -9.523351 73.273689
v -90.712379 -6.626744 72.978798
v -90.551308 -6.235659 72.406868
v -91.438866 -6.718027 71.936378
v -91.599922 -7.109113 72.508339
v -90.302574 -6.231169 71.874275
v -91.190117 -6.713537 71.403801
v -89.966179 -6.613275 71.381035
v -90.853737 -7.095642 70.910561
v -90.943108 -10.005718 72.803200
v -91.323311 -9.285465 73.191994
v -90.435768 -8.803099 73.662453
v -91.512611 -8.561767 73.172005
v -90.625069 -8.079400 73.642494
v -91.480904 -7.834078 72.678795
v -90.593361 -7.351711 73.149284
v -89.756783 -7.336611 71.357994
v -90.644341 -7.818978 70.887535
v -89.460045 -8.058370 71.147942
v -90.347603 -8.540736 70.677483
v -89.320946 -8.782974 71.275429
v -90.208488 -9.265341 70.804939
v -90.977135 -9.749647 70.742973
v -90.196907 -9.992248 71.205437
v -92.511101 -11.846417 69.925560
v -92.358162 -11.201946 70.869102
v -92.854027 -11.626645 70.319069
v -91.984550 -11.149030 70.604393
v -91.813362 -11.003419 71.047401
v -91.423103 -11.005164 70.627113
v -91.338753 -10.454549 71.265068
v -91.084450 -10.474615 70.734978
v -88.324638 -8.826307 72.620201
v -88.171257 -8.747839 72.141029
v -87.538200 -8.601527 72.392189
v -87.627556 -8.533580 72.961342
v -88.938438 -8.959502 72.704659
v -92.886467 -11.499873 71.205742
v -93.386818 -11.973650 70.547340
v -92.204628 -11.003590 71.469917
v -91.533699 -10.696232 71.821800
v -88.518822 -8.827149 73.169914
v -87.749931 -8.580763 73.514717
v -89.133202 -8.960431 73.341621
v -93.305626 -11.506461 71.547340
v -93.835304 -11.981358 70.848717
v -92.596779 -11.005564 71.894447
v -88.666100 -8.991187 73.720879
v -89.263466 -9.229891 73.995293
v -93.317955 -8.619411 70.746391
v -94.028481 -9.593401 70.257866
v -93.698601 -8.964502 71.097725
v -93.669365 -9.200247 70.015617
v -92.789284 -7.951568 71.133369
v -93.185387 -8.242867 71.548943
v -92.156288 -7.316865 71.512108
v -92.401711 -7.591479 72.047813
v -89.088432 -6.293039 73.220482
v -88.420509 -6.324029 74.028236
v -88.306465 -6.414409 73.533455
v -89.306007 -6.594270 73.758476
v -89.972450 -6.477592 73.730293
v -89.793907 -6.089406 73.081337
v -92.866219 -8.620044 70.445351
v -93.127464 -9.445415 69.865669
v -92.332558 -7.950597 70.763344
v -91.853539 -7.312375 71.012016
v -88.244469 -6.253978 72.973686
v -88.895958 -6.279826 72.666405
v -89.528618 -6.088404 72.475090
v -92.341591 -8.958021 70.190880
v -92.617424 -9.436307 69.662819
v -91.815346 -8.240055 70.439003
v -91.493401 -7.578009 70.547508
v -88.133553 -6.306504 72.443382
v -88.727684 -6.560494 72.098030
v -89.176582 -6.474597 71.911598
v -94.137184 -11.356191 70.753914
v -93.414925 -10.872702 71.477272
v -92.672081 -10.309025 71.709419
v -91.830650 -10.488086 72.332741
v -92.086815 -9.766105 72.575935
v -88.888237 -8.398374 73.909050
v -87.868690 -8.478686 74.018791
v -88.010521 -8.041008 74.182487
v -89.560661 -8.541359 74.073433
v -94.267570 -10.727603 70.643532
v -93.373650 -10.239829 71.260628
v -92.816277 -9.616559 71.692436
v -92.271126 -9.042406 72.530968
v -89.111977 -7.735698 74.049797
v -88.172066 -7.452779 74.244240
v -89.740654 -7.853216 74.056465
v -94.161278 -10.094790 70.439018
v -93.449409 -9.601274 71.121086
v -92.921043 -8.926776 71.555016
v -92.302940 -8.316445 72.234093
v -89.299324 -7.132735 74.138649
v -88.313210 -6.862736 74.192696
v -89.867195 -7.165208 73.917534
v -92.140083 -9.610220 70.250633
v -92.223518 -10.060189 69.668419
v -91.579704 -8.926538 70.469139
v -91.284645 -8.301344 70.552101
v -87.924095 -6.828045 72.028465
v -88.484001 -7.173859 71.854362
v -88.974922 -7.161900 71.878609
v -91.973122 -10.239048 70.326439
v -92.093132 -10.688776 69.778801
v -91.335869 -9.615749 70.378319
v -91.100334 -9.025043 70.597084
v -87.746346 -7.414827 71.876488
v -88.384071 -7.790850 72.032326
v -88.794838 -7.849773 71.895180
v -91.894066 -10.858086 70.458717
v -92.288033 -11.323172 70.018562
v -91.523857 -10.311592 70.470711
v -87.671227 -8.010757 72.295341
v -88.191902 -8.393945 71.936699
v -88.808495 -8.538175 71.923500
v -88.679176 -9.227116 72.084373
v -89.309364 -9.509880 71.675926
v -87.276741 -6.049061 72.960335
v -87.204109 -6.402019 72.540443
v -87.373726 -5.897285 73.523155
v -87.484428 -6.149580 74.168694
v -87.476143 -6.805487 74.125130
v -87.493370 -7.413947 74.229622
v -87.493858 -8.021484 74.236809
v -87.366173 -8.621944 73.498589
v -87.199867 -8.492440 72.530693
v -87.160606 -6.788070 72.290199
v -93.790382 -9.664013 69.532692
v -93.279762 -9.827096 69.323067
v -92.897179 -10.205453 69.163658
v -92.667992 -10.619076 69.066429
v -92.720848 -11.270114 69.081947
v -92.649834 -11.919897 69.047020
v -93.241371 -12.576385 69.282036
v -94.422142 -11.937830 69.769157
v -94.419731 -11.287304 69.774193
v -92.640373 -12.684330 58.981365
v -93.245415 -12.642868 58.450588
v -92.855171 -12.642959 58.026882
v -92.304222 -12.684381 58.632046
v -92.856041 -10.123099 58.026928
v -93.246284 -10.123008 58.450634
v -92.380211 -10.121412 58.549557
v -92.723732 -10.121355 58.909054
v -92.207817 -11.217946 59.361294
v -91.817314 -11.904262 59.167126
v -91.992851 -11.218261 58.974606
v -92.105629 -11.904246 59.450710
v -93.591133 -11.223927 57.219097
v -94.154091 -11.910724 57.653713
v -94.053596 -11.223783 57.742077
v -93.682625 -11.910874 57.118313
v -93.146797 -12.591542 60.051846
v -93.672112 -12.592773 59.839993
v -93.618629 -12.594162 58.986095
v -93.075310 -12.592623 59.358837
v -92.244972 -12.629758 57.491741
v -91.746269 -12.543607 56.906445
v -91.769157 -12.592799 58.014385
v -91.335091 -12.599095 57.294521
v -93.619667 -9.562134 58.986111
v -93.673058 -9.846284 59.840038
v -93.076347 -9.560596 59.358868
v -93.147743 -9.845052 60.051876
v -91.333214 -9.846822 57.296597
v -91.744453 -9.847465 56.908474
v -92.245949 -9.847996 57.491787
v -91.770103 -9.846310 58.014431
v -92.328285 -11.216378 60.382183
v -92.433540 -11.904182 59.799328
v -92.539757 -11.217860 59.726620
v -92.526314 -11.903465 60.302212
v -90.708153 -10.532466 57.886471
v -91.430916 -10.531730 58.386730
v -90.667122 -11.219024 57.925106
v -91.382668 -11.218183 58.439449
v -92.041115 -10.531809 58.921856
v -92.272804 -11.221534 56.409634
v -92.946068 -11.910349 56.721966
v -92.994347 -11.223898 56.669247
v -92.112923 -11.907906 56.560482
v -94.293526 -10.534360 59.589672
v -94.261345 -10.536113 58.545635
v -94.346321 -11.221107 59.568310
v -94.133736 -11.222374 58.633022
v -94.001091 -10.536994 57.788372
v -92.009026 -9.959566 58.957317
v -92.260796 -10.531490 59.315029
v -92.201286 -9.844679 59.367458
v -93.165932 -10.215591 57.686504
v -93.768944 -9.849637 57.992214
v -93.543343 -10.537134 57.271847
v -94.085228 -12.597130 57.713909
v -92.687996 -10.007435 60.237270
v -92.594841 -10.531393 59.688992
v -92.700706 -9.985093 59.616512
v -92.526787 -10.530220 60.302212
v -92.670097 -12.318788 59.636929
v -90.696541 -11.905690 57.897259
v -91.293327 -12.591112 58.537045
v -91.207115 -11.904184 58.632000
v -91.398827 -9.959488 58.422161
v -90.901207 -9.672077 57.704357
v -92.555733 -10.215513 57.151363
v -92.230843 -10.534847 56.449322
v -92.946556 -10.537105 56.721981
v -91.860420 -9.847990 56.394741
v -92.069786 -12.350969 56.601131
v -94.161949 -12.595700 58.613338
v -94.105171 -12.450954 59.665356
v -94.260872 -11.909358 58.545635
v -94.293068 -11.907604 59.589657
v -94.147911 -9.981652 59.648495
v -94.162895 -9.849212 58.613354
v -92.318291 -12.366590 59.263988
v -92.010948 -12.366621 58.954266
v -93.619896 -12.597277 57.186947
v -92.621498 -12.590312 60.263714
v -92.720833 -12.596173 56.969097
v -91.005943 -12.687325 57.605145
v -90.263039 -9.744062 57.028881
v -91.423241 -12.411544 55.983624
v -93.295631 -9.894877 60.660168
v -92.735344 -10.247112 60.735821
v -93.917534 -9.744384 60.633297
v -94.672310 -9.996701 60.686153
v -94.620415 -10.652603 60.682140
v -94.741768 -11.261065 60.690334
v -94.749352 -11.868600 60.690533
v -94.459846 -12.396521 60.669918
v -93.257713 -12.462376 60.665829
v -92.716637 -12.337506 60.738781
v -92.483116 -11.240903 60.770046
v -92.400932 -10.632733 60.780987
v -90.113655 -14.152164 47.303646
v -90.910164 -14.880600 46.914364
v -90.642540 -14.145597 47.556744
v -90.439857 -14.667798 46.645443
v -89.442238 -14.268446 47.003994
v -89.768440 -14.784080 46.345776
v -89.066002 -14.783617 46.926327
v -89.392204 -15.299253 46.268124
v -89.680534 -17.868713 46.922268
v -89.478172 -17.547958 46.760571
v -89.370491 -17.129066 47.543301
v -90.222679 -17.678505 47.144894
v -89.899376 -17.122501 47.796398
v -90.960960 -17.604164 47.485134
v -90.634758 -17.088528 48.143353
v -91.221947 -17.177715 47.525143
v -90.895744 -16.662083 48.183346
v -91.323845 -16.504593 47.439129
v -90.997643 -15.988956 48.097332
v -91.318977 -15.832790 47.302029
v -90.992760 -15.317156 47.960232
v -88.874916 -15.343447 46.946712
v -89.201118 -15.859082 46.288509
v -89.004097 -16.013706 47.143307
v -89.330299 -16.529339 46.485088
v -89.008949 -16.685505 47.280407
v -89.335167 -17.201141 46.622189
v -89.151955 -17.032322 47.418774
v -90.766060 -15.183433 45.987225
v -91.584755 -16.196999 45.665813
v -91.282707 -15.459030 46.291042
v -91.084297 -15.809505 45.347332
v -89.424843 -13.625392 48.703762
v -89.787437 -13.636529 47.961849
v -89.953712 -13.618826 48.956860
v -90.316322 -13.629963 48.214962
v -90.200783 -15.694496 45.817822
v -90.527000 -16.210133 45.159603
v -89.056435 -13.717922 48.123821
v -89.222176 -14.147591 47.792446
v -89.715218 -16.003864 45.646282
v -89.998116 -16.216698 44.906490
v -88.432518 -13.798792 48.261181
v -88.693291 -14.154158 47.539349
v -89.804070 -18.906548 45.352718
v -90.326195 -18.993618 45.621365
v -90.006737 -18.384346 46.264034
v -89.044289 -16.613434 48.201504
v -88.499245 -16.844009 47.985577
v -88.314888 -15.999427 48.646023
v -88.709740 -16.213470 48.878918
v -90.712837 -18.573093 46.158031
v -90.861839 -18.893417 45.858944
v -89.573158 -16.606869 48.454601
v -89.230797 -16.315243 49.149990
v -91.265083 -18.668755 46.007854
v -91.191475 -18.024803 46.761852
v -90.085884 -16.824314 48.744884
v -91.535301 -18.213196 46.046459
v -91.548164 -17.693352 46.866940
v -90.569557 -16.146448 48.841564
v -89.759682 -16.308678 49.403088
v -90.117531 -15.632375 49.439587
v -91.915459 -17.536613 46.093609
v -91.310982 -17.024437 46.618649
v -90.414772 -15.476508 48.632717
v -90.006157 -14.961896 49.251492
v -91.926048 -16.864624 45.963909
v -91.306114 -16.352634 46.481548
v -90.666557 -14.801522 48.618450
v -89.917000 -14.291142 49.074062
v -89.527321 -16.374718 45.630276
v -89.853539 -16.890350 44.972073
v -88.222496 -14.312179 48.263134
v -88.548698 -14.827812 47.604931
v -89.795372 -17.043251 45.893337
v -90.079842 -17.559402 45.215160
v -87.961647 -14.987278 48.273067
v -88.368309 -15.504950 47.639431
v -89.800224 -17.715050 46.030437
v -90.084724 -18.231205 45.352261
v -88.125481 -15.657104 48.486248
v -88.451683 -16.172741 47.828045
v -89.997017 -17.903934 46.162991
v -89.834282 -14.787849 49.686306
v -88.704765 -16.168312 49.296200
v -87.994560 -15.485230 49.055523
v -91.924812 -16.576855 45.043743
v -91.275459 -16.302471 44.737988
v -90.711174 -16.483688 44.471264
v -90.291420 -16.890011 44.272167
v -90.108391 -18.017529 44.182964
v -90.037285 -18.705032 44.147686
v -90.292198 -19.254425 44.266613
v -91.264565 -19.384460 44.725155
v -91.757530 -19.294083 44.958019
v -92.002663 -18.692806 45.075207
v -91.992363 -18.005810 45.072063
v -91.884392 -17.319416 45.022808
v -89.722038 -13.777100 53.031155
v -90.038628 -13.214500 53.959316
v -89.545021 -13.218991 54.134655
v -89.147011 -14.097395 52.961147
v -89.061226 -13.328270 54.334057
v -88.789055 -10.431663 53.668880
v -89.246346 -10.040577 53.404766
v -88.922218 -10.522944 52.458187
v -88.464912 -10.914030 52.722286
v -89.739983 -10.036087 53.229427
v -89.415855 -10.518455 52.282833
v -90.269936 -10.418192 53.142879
v -89.945793 -10.900560 52.196270
v -88.737099 -13.810636 53.387463
v -88.240395 -13.090384 53.373440
v -88.564537 -12.608017 54.320034
v -88.122536 -12.366685 53.224834
v -88.446678 -11.884318 54.171429
v -88.443291 -11.638997 52.920452
v -88.767433 -11.156631 53.867031
v -90.427635 -11.141529 53.277309
v -90.103508 -11.623896 52.330715
v -90.758705 -11.863288 53.350170
v -90.434578 -12.345654 52.403591
v -90.776939 -12.587893 53.534176
v -90.452797 -13.070260 52.587582
v -89.962669 -13.554566 51.996929
v -90.217964 -13.797167 52.861462
v -89.429115 -15.559596 50.241619
v -88.783974 -14.957345 51.059948
v -88.837013 -15.353629 50.377605
v -89.301735 -14.904740 51.039928
v -89.072258 -14.772276 51.474926
v -89.731178 -14.769857 51.340954
v -89.397911 -14.259467 52.084560
v -89.893837 -14.279533 51.914883
v -90.619514 -12.784483 55.248119
v -91.010536 -12.701672 54.989452
v -91.281059 -12.535380 55.635281
v -90.880379 -12.469411 56.017773
v -90.126289 -12.764421 54.782253
v -88.075951 -15.244287 51.059383
v -88.214272 -15.685974 50.289623
v -88.410637 -14.776549 51.610149
v -88.926567 -14.501150 52.314373
v -90.159431 -12.778632 55.531460
v -90.464531 -12.498583 56.346157
v -89.690514 -12.765350 55.017315
v -87.459557 -15.253499 51.116802
v -87.608208 -15.695601 50.300518
v -87.746544 -14.782571 51.746563
v -89.728722 -12.957370 55.850018
v -89.288673 -13.034810 55.309658
v -88.212044 -12.485651 50.468487
v -88.026253 -13.406480 49.728283
v -87.606941 -12.818410 50.554317
v -88.524940 -13.029195 49.717312
v -88.328850 -11.855116 51.037975
v -87.659676 -12.137303 51.166409
v -88.686852 -11.121783 51.663860
v -88.193626 -11.396397 51.843639
v -89.766853 -9.912061 55.151943
v -89.724236 -9.939986 56.251186
v -90.097389 -10.048080 55.953060
v -89.296303 -10.245797 55.410732
v -88.954979 -10.282511 54.631359
v -89.386009 -9.894324 54.377254
v -88.820137 -12.484004 50.459515
v -89.070290 -13.263451 49.873898
v -88.998451 -11.851037 50.977169
v -89.197884 -11.117292 51.548702
v -90.476707 -9.873261 55.566647
v -90.228523 -9.903971 54.863979
v -89.852852 -9.893321 54.212292
v -89.435951 -12.805428 50.525372
v -89.642830 -13.254045 49.971737
v -89.668297 -12.125162 50.984020
v -89.726692 -11.382927 51.498150
v -90.869423 -9.938959 55.238811
v -90.680809 -10.228139 54.548901
v -90.355522 -10.279514 54.136425
v -87.469124 -15.096122 50.070889
v -87.452293 -14.646901 51.003933
v -87.864082 -14.114618 51.560070
v -88.412956 -14.293003 52.440884
v -88.089668 -13.571023 52.419003
v -89.471611 -12.284519 55.833050
v -90.082726 -12.377150 56.648022
v -89.892708 -11.880167 56.670422
v -89.057060 -12.346278 55.137676
v -87.478661 -14.493843 49.915630
v -87.686256 -14.039783 50.851696
v -87.786873 -13.452528 51.471203
v -87.990379 -12.847324 52.257397
v -89.242439 -11.533236 55.778225
v -89.751991 -11.214112 56.599758
v -88.947945 -11.658134 54.995327
v -87.753883 -13.887197 49.805798
v -87.763603 -13.427809 50.701061
v -87.841209 -12.791546 51.307369
v -88.148506 -12.121364 52.037777
v -89.068336 -10.850142 55.709866
v -89.693016 -10.547348 56.456631
v -88.932808 -10.970127 54.819866
v -89.524086 -13.429858 50.676739
v -89.929131 -13.851463 50.177547
v -89.806984 -12.782071 51.129452
v -89.867241 -12.106262 51.650448
v -91.255089 -10.533774 55.072140
v -90.985481 -10.924911 54.538723
v -90.502968 -10.966818 54.265026
v -89.572273 -14.032050 50.823238
v -89.919594 -14.453744 50.332806
v -89.889351 -13.441862 51.280788
v -89.966530 -12.829961 51.812054
v -91.460945 -11.199263 55.085079
v -90.940742 -11.620580 54.749599
v -90.612343 -11.654690 54.407207
v -89.504234 -14.625300 50.969753
v -89.544884 -15.062022 50.425625
v -89.804619 -14.105021 51.164196
v -91.254768 -11.868331 55.463207
v -91.122139 -12.303916 54.816204
v -90.589729 -12.343094 54.413967
v -90.596031 -13.032034 54.604504
v -90.542107 -13.314799 53.808056
v -91.129356 -9.644734 56.248699
v -91.428169 -10.048642 55.979534
v -90.726967 -9.466529 56.611095
v -90.290504 -10.485944 57.004040
v -90.212181 -11.172445 57.074490
v -90.203560 -11.859053 57.082165
v -90.377388 -12.458687 56.925518
v -90.729042 -12.546477 56.608791
v -91.131310 -12.547091 56.246517
v -91.606194 -11.861196 55.818951
v -91.556709 -11.174499 55.863613
v -91.605263 -10.487951 55.819973
v -88.715645 -13.086322 49.309063
v -88.084694 -13.368282 49.092602
v -89.261024 -13.260969 49.494930
v -89.664833 -13.662416 49.631725
v -89.903236 -14.100399 49.711926
v -89.898384 -15.474554 49.706203
v -89.250755 -16.165245 49.482830
v -89.647606 -16.026939 49.618847
v -88.227821 -16.083675 49.133480
v -88.009300 -14.798084 49.062603
v -88.118675 -14.110408 49.102016
v -109.141212 -11.571955 45.608990
v -108.919472 -11.533660 46.260189
v -109.424294 -11.533671 46.285900
v -109.425102 -11.572045 45.731228
v -109.424309 -9.304394 46.285900
v -108.919182 -9.304382 46.260357
v -109.424980 -9.304395 45.806850
v -109.193199 -9.304314 45.818829
v -109.287529 -10.275830 45.215649
v -109.425789 -10.883415 45.240765
v -109.425545 -10.275971 45.417248
v -109.322075 -10.883261 45.122982
v -109.423241 -10.275971 47.026363
v -108.443031 -10.883524 47.027843
v -108.495781 -10.276068 46.942776
v -109.423103 -10.883415 47.118725
v -108.082680 -11.490880 45.394238
v -107.618309 -11.490959 45.665142
v -108.213615 -11.490919 46.070751
v -108.620155 -11.490830 45.598537
v -110.066505 -11.522063 46.216885
v -110.770576 -11.446320 46.021420
v -110.037804 -11.490858 45.743587
v -110.503624 -11.495976 45.569759
v -108.213295 -8.808533 46.070965
v -107.618004 -9.061186 45.665356
v -108.597435 -8.808457 45.714748
v -108.082375 -9.061106 45.394421
v -110.503624 -9.061085 45.569759
v -110.770576 -9.061085 46.021420
v -110.172615 -9.061085 46.235882
v -110.037804 -9.061085 45.743587
v -108.806541 -10.275870 44.971935
v -109.088936 -10.883288 45.100353
v -109.011452 -10.275862 45.182644
v -108.631355 -10.883345 45.074139
v -110.097542 -9.668529 44.882732
v -109.756371 -9.668529 45.387859
v -110.070595 -10.275971 44.837154
v -109.738075 -10.275971 45.339001
v -109.451836 -9.668529 45.439236
v -111.112984 -10.275970 46.600704
v -110.371178 -10.883414 46.960964
v -110.384773 -10.275970 47.010662
v -111.008888 -10.883414 46.424587
v -107.069344 -9.668722 45.985424
v -107.759483 -9.668678 46.491833
v -107.022545 -10.276174 46.012737
v -107.849617 -10.276104 46.408276
v -108.523369 -9.668616 46.898235
v -109.425529 -9.162376 45.433117
v -109.269615 -9.668393 45.263592
v -109.289757 -9.060943 45.209362
v -109.423851 -9.385248 46.597942
v -108.645149 -9.061142 46.701931
v -109.423302 -9.668529 46.978024
v -108.653725 -11.490930 46.894100
v -108.488792 -9.205647 45.157330
v -108.971336 -9.668426 45.225262
v -108.894112 -9.184875 45.307308
v -108.631203 -9.668456 45.074261
v -108.916130 -11.249526 45.283993
v -110.089394 -10.883415 44.868954
v -109.704262 -11.490858 45.248592
v -109.671349 -10.883415 45.160641
v -109.744072 -9.162376 45.355022
v -110.223244 -8.907088 45.095394
v -110.260414 -9.385248 46.556515
v -111.086037 -9.668528 46.555126
v -110.371178 -9.668528 46.960964
v -111.235191 -9.061085 46.228725
v -110.980690 -11.275447 46.376873
v -107.883080 -11.490986 46.396465
v -107.235481 -11.364662 45.888485
v -107.759636 -10.883565 46.491741
v -107.069481 -10.883609 45.985332
v -107.198189 -9.180031 45.910275
v -107.882774 -9.061212 46.396679
v -109.250145 -11.291718 45.316296
v -109.425529 -11.291848 45.435879
v -109.423195 -11.490857 47.055798
v -108.547066 -11.490801 45.123302
v -110.307426 -11.490857 46.728161
v -110.289909 -11.574489 45.208202
v -111.903114 -9.012236 46.046719
v -111.555092 -8.766077 45.499844
v -111.253471 -8.923189 45.025860
v -111.034492 -11.370546 44.681789
v -111.882896 -9.668529 46.014935
v -108.190636 -9.012169 44.475368
v -106.999870 -11.694361 39.641766
v -107.596230 -11.626914 39.508373
v -107.489418 -11.624161 38.928097
v -106.902168 -11.692397 39.155560
v -107.324944 -9.261537 39.020351
v -107.431740 -9.264289 39.600643
v -106.815300 -9.285345 39.218182
v -106.914253 -9.287416 39.717220
v -106.475380 -10.339926 39.792049
v -106.329582 -10.986952 39.386593
v -106.472511 -10.334402 39.338848
v -106.419258 -10.988215 39.789654
v -108.184334 -10.254429 38.674389
v -108.447868 -10.897557 39.332607
v -108.303276 -10.258238 39.380245
v -108.327415 -10.893617 38.611111
v -107.342766 -11.604045 40.475414
v -107.811134 -11.584053 40.445415
v -107.760078 -11.578995 39.867519
v -107.256950 -11.601616 39.991802
v -107.267113 -11.610239 38.143612
v -106.930138 -11.523519 37.481274
v -106.809685 -11.584686 38.458599
v -106.342232 -11.593075 37.796795
v -107.562172 -8.736159 39.978512
v -107.631859 -9.008940 40.545956
v -107.059013 -8.758781 40.102810
v -107.163475 -9.028931 40.575985
v -106.528801 -8.987112 37.888577
v -106.915154 -8.992558 37.499859
v -107.181740 -8.999084 38.208355
v -106.725380 -9.006640 38.522488
v -106.522865 -10.347657 40.572491
v -106.617592 -10.984569 40.163815
v -106.670906 -10.336377 40.164715
v -106.744469 -10.983890 40.536022
v -105.944939 -9.623384 38.475109
v -106.421379 -9.656534 38.730297
v -105.909767 -10.267389 38.509609
v -106.396385 -10.301808 38.746044
v -106.479134 -9.688221 39.344036
v -107.418312 -10.288652 36.991833
v -107.917122 -10.921491 37.697704
v -107.942116 -10.276217 37.681957
v -107.271461 -10.931084 37.138683
v -108.230156 -9.629094 40.485378
v -108.220161 -9.620929 39.796047
v -108.322243 -10.270856 40.457195
v -108.147026 -10.270010 39.800060
v -108.206230 -9.616793 39.417141
v -106.407219 -9.153407 39.378399
v -106.482796 -9.693813 39.805401
v -106.378807 -9.052679 39.843884
v -107.662849 -9.331718 38.888165
v -107.931282 -8.983299 39.494122
v -108.088081 -9.613053 38.719479
v -108.424721 -11.544374 39.322796
v -106.764259 -9.199686 40.596264
v -106.676872 -9.690316 40.177288
v -106.739052 -9.173423 40.173138
v -106.654839 -9.696333 40.586300
v -106.863792 -11.362820 40.094509
v -105.612892 -10.954856 38.300350
v -106.253502 -11.625429 38.529156
v -106.249336 -10.949102 38.845776
v -106.372856 -9.120007 38.764919
v -106.122078 -8.817989 38.298016
v -107.490227 -9.338109 37.995190
v -107.375496 -9.643548 37.035809
v -107.874977 -9.632467 37.729641
v -106.976173 -8.996699 37.016628
v -107.233116 -11.346491 37.176678
v -108.263222 -11.556374 39.743206
v -108.187920 -11.433652 40.425884
v -108.309807 -10.908485 39.745785
v -108.319786 -10.916651 40.435101
v -108.064079 -9.116744 40.513912
v -108.083946 -8.981259 39.843761
v -106.660149 -11.411661 39.725262
v -106.567284 -11.410118 39.289120
v -108.305305 -11.540521 38.611950
v -106.874382 -11.624037 40.505428
v -107.722404 -11.569575 37.830273
v -105.979637 -11.682425 38.046200
v -106.677116 -8.964368 36.462185
v -106.231956 -8.701967 36.922695
v -105.852379 -8.867659 37.314098
v -105.574699 -9.245651 37.599712
v -105.413246 -9.657366 37.765133
v -105.470039 -10.302086 37.704540
v -105.433693 -10.946554 37.740063
v -106.277809 -11.593395 36.866421
v -106.610588 -11.512383 36.523006
v -106.766457 -10.950143 36.363811
v -106.747612 -10.305527 36.385250
v -106.662514 -9.660728 36.475124
v -106.866936 -8.814961 41.483395
v -106.469490 -9.190793 41.531796
v -108.027321 -8.917874 41.334133
v -107.995323 -9.614001 41.333691
v -108.120598 -10.903966 41.309139
v -75.960793 -1.954921 89.636391
v -76.818626 -1.899250 89.623024
v -76.795403 -2.112688 88.877357
v -76.028572 -2.172282 88.902718
v -76.840630 1.053144 88.875557
v -76.782799 1.521685 89.620308
v -76.179024 1.048739 88.897408
v -76.041374 1.524461 89.631783
v -75.325508 0.036267 89.644295
v -75.365181 -1.198857 88.924507
v -75.621239 -0.334595 88.915962
v -75.190636 -0.895342 89.647285
v -77.843529 -0.319801 88.842567
v -78.097084 -0.906225 89.602272
v -77.944374 0.026461 89.603737
v -77.958763 -1.181591 88.838844
v -76.165367 -1.831107 91.481667
v -76.935249 -1.833424 91.565804
v -76.946617 -1.834244 90.434303
v -76.064522 -1.831468 90.448555
v -76.786308 -2.096087 87.933998
v -76.737236 -1.790973 87.190163
v -76.125328 -2.056178 87.955818
v -76.169548 -1.840630 87.211861
v -76.895348 2.282005 90.431190
v -76.895195 1.895066 91.535103
v -76.013252 2.284781 90.445473
v -76.125313 1.897383 91.450966
v -76.169548 0.594263 87.211861
v -76.737236 0.594263 87.190163
v -76.836250 1.398785 87.932014
v -76.174644 1.394380 87.953865
v -74.945015 0.036750 91.335121
v -75.010582 -0.896036 90.464729
v -75.171043 0.035573 90.461250
v -75.245613 -0.896247 91.374550
v -75.306038 -0.013181 87.244911
v -75.691017 0.528603 87.969917
v -75.248741 -0.620624 87.247108
v -75.611916 -0.334481 87.972633
v -75.700356 0.528489 88.913277
v -77.465340 -0.620624 87.162300
v -77.773735 -1.182646 87.901283
v -77.852852 -0.319562 87.898598
v -77.243980 -1.228068 87.170753
v -77.814949 0.960205 91.642220
v -77.954109 0.958929 90.415291
v -77.902672 0.027849 91.658394
v -77.758934 0.027429 90.419350
v -77.859779 0.958893 89.604164
v -75.665733 1.246985 88.914345
v -75.390572 0.968138 89.642403
v -75.296043 1.900607 89.642982
v -77.269920 0.941190 88.861366
v -77.520302 1.892279 89.608528
v -77.789085 0.542394 88.844276
v -78.009468 -1.838012 89.604530
v -75.453957 1.677506 91.379158
v -75.248451 0.967445 90.459084
v -75.410789 1.708963 90.455757
v -75.225578 0.967997 91.359200
v -75.401863 -1.459200 90.458931
v -75.288719 -1.228068 87.245583
v -75.463722 -2.060582 87.977699
v -75.355858 -1.198743 87.981178
v -75.656410 1.247098 87.970985
v -75.573326 0.748259 87.234688
v -77.260597 0.941304 87.918037
v -77.408043 -0.013181 87.164497
v -77.798393 0.542633 87.900307
v -77.166542 0.594263 86.879311
v -77.183998 -1.620100 87.173042
v -77.828712 -1.837020 90.420021
v -77.567787 -1.641431 91.633583
v -77.977333 -0.905374 90.416695
v -77.834969 -0.904040 91.657570
v -77.689461 1.411763 91.625771
v -77.782265 1.891585 90.417183
v -75.499168 -1.523233 89.643105
v -75.626335 -1.777085 88.915932
v -77.859535 -2.044809 88.842201
v -75.395485 -1.828791 91.397530
v -77.448555 -2.047368 87.912117
v -75.715126 -1.919141 87.229256
v -77.087563 0.376626 86.066963
v -76.134346 0.888878 86.056587
v -75.504173 0.641536 86.049629
v -75.542061 -0.014688 86.049934
v -75.436134 -0.622330 86.048653
v -75.424919 -1.229797 86.048470
v -75.661568 -1.759606 86.050972
v -76.139473 -1.835900 86.056190
v -76.686058 -1.834873 86.062202
v -77.082619 -1.713817 86.066597
v -77.330803 -1.226218 86.069374
v -77.328514 -0.011335 86.069557
v -75.066322 1.405832 92.304390
v -76.713341 1.478965 92.523567
v -77.552025 1.409876 92.753639
v -78.204720 0.619925 92.833565
v -78.282616 -1.101561 92.567940
v -77.840096 -2.159560 92.685677
v -74.604607 -2.146470 92.942909
v -74.324486 -0.122925 92.265358
v -74.267540 0.937816 92.155281
v -74.525795 -1.218640 92.998238
v -94.058525 -12.531272 64.547783
v -93.530357 -12.350506 65.563911
v -93.949348 -12.531124 65.619148
v -93.639534 -12.350654 64.492546
v -94.703209 -12.656949 65.718483
v -94.812386 -12.657097 64.647118
v -94.849297 -9.575199 64.651390
v -95.481895 -9.755966 64.734764
v -95.372704 -9.755818 65.806114
v -94.740120 -9.575051 65.722740
v -94.094017 -9.569016 64.551903
v -93.984840 -9.568869 65.623253
v -93.564430 -9.764050 64.482155
v -93.455254 -9.763901 65.553520
v -95.711082 -12.146784 64.765419
v -95.272133 -12.708364 65.793449
v -95.601906 -12.146637 65.836784
v -95.381310 -12.708511 64.722084
v -95.281639 -11.288649 65.033989
v -95.688362 -11.292500 65.848000
v -95.731560 -10.437264 64.767799
v -95.622368 -10.437117 65.839134
v -93.491341 -10.418926 64.472664
v -93.382164 -10.418778 65.544014
v -93.404884 -11.273063 64.461433
v -93.295708 -11.272914 65.532784
v -93.170799 -12.125989 64.430763
v -93.061623 -12.125841 65.502113
v -93.619850 -12.694239 68.517509
v -93.021523 -12.687877 68.322685
v -93.766106 -12.654572 67.275963
v -93.908272 -12.483004 66.699471
v -93.526451 -12.487827 62.763836
v -92.988853 -12.483455 62.732800
v -93.465385 -12.439104 61.676373
v -93.543999 -12.677759 63.848690
v -94.219261 -12.622817 68.713478
v -94.632378 -12.626710 67.493462
v -94.528511 -12.488081 66.781181
v -94.064049 -12.492201 62.794888
v -93.991402 -12.480813 61.511303
v -94.165245 -12.682814 63.884579
v -94.816475 -12.706964 68.907127
v -95.020210 -12.503393 66.845955
v -94.601646 -12.496574 62.825924
v -94.474724 -12.414547 61.734676
v -94.786507 -12.687867 63.920452
v -95.205299 -10.090802 67.604317
v -94.688240 -10.388805 68.889412
v -94.575417 -9.535896 67.543907
v -94.253960 -10.136941 68.750572
v -95.179985 -9.885094 66.866508
v -94.566032 -9.355433 66.785515
v -94.569115 -10.065673 61.741756
v -94.630745 -10.066919 62.829296
v -94.031517 -10.061299 61.710720
v -94.088631 -10.440009 62.797726
v -94.194359 -10.252569 63.887936
v -94.820137 -9.880158 63.924343
v -93.955879 -9.542724 67.474327
v -93.655632 -10.130578 68.555779
v -93.945793 -9.350356 66.703819
v -93.496544 -9.837311 61.679958
v -93.551033 -10.435636 62.766689
v -93.573112 -10.247514 63.852062
v -93.166374 -10.259645 68.395058
v -93.199577 -10.113065 67.297127
v -93.319267 -9.869860 66.621376
v -93.156929 -10.600197 62.743801
v -92.956322 -10.052551 61.648617
v -93.095360 -10.411396 63.824368
v -95.353813 -12.040862 67.585121
v -94.934258 -12.057711 68.952232
v -95.253242 -12.692534 67.561852
v -95.267448 -11.991796 66.878426
v -94.706581 -11.889956 62.832409
v -94.807976 -11.890035 61.754284
v -94.907768 -11.986858 63.927944
v -95.090614 -11.393197 67.567513
v -94.780510 -11.405569 68.908913
v -95.066643 -11.288157 66.851830
v -94.869499 -11.283063 61.758266
v -94.977058 -11.284682 62.848461
v -95.187813 -11.287142 63.944592
v -95.016090 -10.743452 67.571098
v -94.729210 -10.754517 68.898964
v -95.012459 -10.585717 66.844566
v -94.822533 -10.675208 61.755978
v -94.983727 -10.677263 62.849255
v -95.187172 -10.585140 63.945049
v -92.940071 -10.735491 68.316429
v -92.739418 -10.768633 67.269203
v -92.885750 -10.568308 66.564384
v -92.742928 -10.658289 61.635876
v -93.081261 -10.755240 62.739330
v -93.003365 -10.660829 63.818859
v -92.622490 -11.382620 68.206261
v -92.689018 -11.419744 67.256294
v -92.814751 -11.269723 66.555183
v -93.118492 -11.268818 61.657146
v -93.058159 -11.269072 62.737637
v -92.970680 -11.269104 63.816555
v -92.673805 -12.033672 68.216225
v -93.123253 -12.065586 67.261162
v -93.181374 -11.974719 66.603615
v -93.210442 -11.877039 61.662045
v -93.105125 -11.876926 62.739925
v -93.024971 -11.971541 63.819210
v -93.429741 -12.454861 67.265724
v -93.450829 -12.438052 66.639198
v -93.145119 -12.381557 61.657909
v -92.922752 -12.672705 63.812817
v -92.383018 -11.847540 60.783688
v -93.884911 -12.469031 60.629528
v -93.438774 -9.769378 69.281914
v -94.373146 -9.933517 69.767723
v -94.329262 -10.635887 69.743340
v -93.749657 -12.581526 69.489143
v -94.195076 -12.503370 69.671410
v -92.874184 -12.443828 69.133614
v -92.797035 -19.483749 41.838665
v -92.144554 -19.444408 41.530865
v -91.803444 -19.442310 42.265514
v -92.455940 -19.481655 42.573330
v -91.812355 -16.920784 42.276028
v -92.153481 -16.922882 41.541363
v -92.376030 -16.917278 42.542019
v -92.717125 -16.919373 41.807369
v -93.269341 -18.014862 42.065212
v -93.035774 -18.699158 42.848919
v -92.830544 -18.013374 42.753765
v -93.376869 -18.701252 42.114269
v -90.937279 -18.025150 41.860302
v -91.167274 -18.715000 41.071468
v -91.278374 -18.027248 41.125637
v -90.826180 -18.712906 41.806133
v -93.390602 -19.396667 40.327724
v -92.826942 -19.400173 40.061718
v -92.485832 -19.398079 40.796383
v -93.049492 -19.394569 41.062405
v -91.462395 -19.427086 43.000225
v -91.121574 -19.339317 43.735256
v -92.026176 -19.388283 43.266384
v -91.685051 -19.391975 44.001019
v -92.496559 -16.364044 40.809032
v -92.836647 -16.651867 40.073162
v -93.060234 -16.360538 41.075039
v -93.400322 -16.648361 40.339184
v -91.694771 -16.637878 44.012493
v -91.131126 -16.641388 43.746487
v -91.472221 -16.643482 43.011822
v -92.035896 -16.639977 43.277828
v -94.274269 -18.017044 40.748196
v -93.717979 -18.703350 41.379589
v -93.610451 -18.016956 41.330563
v -94.059090 -18.705444 40.644924
v -92.549751 -17.319622 44.414257
v -92.434975 -17.324554 43.464458
v -92.604210 -18.006344 44.438259
v -92.489433 -18.011276 43.488461
v -92.776085 -17.326649 42.729794
v -90.403313 -18.020039 43.399578
v -90.634743 -18.709877 42.611446
v -90.580284 -18.023155 42.587460
v -90.620674 -18.705746 43.500439
v -92.168175 -17.343086 39.755993
v -91.827080 -17.340992 40.490658
v -92.108864 -18.030518 39.726284
v -91.956779 -18.027245 40.550137
v -91.337685 -17.339817 41.155346
v -92.816353 -16.753906 42.750225
v -93.214897 -17.328136 42.041241
v -93.281776 -16.640659 42.074505
v -91.444908 -17.014523 42.102367
v -91.590782 -16.651180 41.276485
v -90.996590 -17.337723 41.890011
v -91.238869 -19.401615 41.103558
v -93.893013 -16.808857 40.571285
v -93.555992 -17.330235 41.306576
v -93.448296 -16.783955 41.257122
v -94.063942 -17.331291 40.650646
v -93.470955 -19.119087 41.261990
v -92.562080 -18.693668 44.416668
v -92.589821 -19.384777 43.532391
v -92.694649 -18.697063 43.583584
v -92.475227 -16.751812 43.484890
v -92.287376 -16.460014 44.292599
v -91.103813 -17.012424 42.837048
v -90.462624 -17.332607 43.429287
v -90.639595 -17.335724 42.617168
v -90.577385 -16.643303 43.810192
v -90.678658 -19.148800 43.526699
v -91.922173 -19.401585 40.530376
v -92.362801 -19.260136 39.843044
v -91.822212 -18.715145 40.484921
v -92.163307 -18.717239 39.750256
v -92.326591 -16.789379 39.832119
v -91.931892 -16.653278 40.541821
v -93.145668 -19.164658 42.003994
v -92.804573 -19.162563 42.738659
v -90.897774 -19.399521 41.838223
v -93.954262 -19.393158 40.593746
v -90.898842 -19.395298 42.734356
v -92.135933 -19.477974 44.213589
v -90.700920 -19.387966 44.459133
v -90.042152 -17.330879 44.153378
v -93.627388 -16.316921 39.672558
v -92.460304 -18.031979 39.117504
v -93.052818 -19.402416 39.393719
v -94.354591 -18.707256 40.009777
v -107.484001 -11.571910 42.526455
v -106.902763 -11.533620 42.673992
v -106.761772 -11.533709 43.559795
v -107.113518 -11.572003 43.119625
v -106.761497 -9.304431 43.559978
v -106.902473 -9.304343 42.674175
v -107.038124 -9.304364 43.157391
v -107.404488 -9.304271 42.546734
v -107.899864 -10.275777 42.420940
v -108.014793 -10.883223 42.630718
v -107.839439 -10.275808 42.718472
v -107.997871 -10.883205 42.396038
v -106.026222 -10.276130 43.927837
v -106.029991 -10.883490 42.895550
v -106.126701 -10.276032 42.871044
v -105.934578 -10.883588 43.973675
v -107.427330 -11.490670 41.782986
v -106.921089 -11.490738 41.851254
v -106.823296 -11.490775 42.159817
v -107.329033 -11.490707 42.089458
v -106.929741 -11.522118 44.021420
v -107.097710 -11.446389 44.483059
v -107.405525 -11.490834 43.783382
v -107.573494 -11.495968 44.245007
v -106.822960 -8.808390 42.160046
v -106.920799 -9.060965 41.851437
v -107.328697 -8.808323 42.089672
v -107.427025 -9.060897 41.783184
v -107.573189 -9.061077 44.245190
v -107.097404 -9.061155 44.483242
v -106.929436 -9.061139 44.021618
v -107.405220 -9.061061 43.783566
v -108.216423 -10.275678 41.676662
v -107.926567 -10.883183 42.006374
v -107.827827 -10.275754 42.020138
v -108.025444 -10.883146 41.702374
v -108.296989 -9.668403 43.883053
v -107.744209 -9.668448 43.613949
v -108.345070 -10.275838 43.858974
v -107.792305 -10.275884 43.589886
v -107.791359 -9.668373 42.742535
v -106.487343 -10.276141 44.788479
v -106.228889 -10.883582 44.372082
v -106.180809 -10.276147 44.396160
v -106.672920 -10.883554 44.695583
v -106.322701 -9.668489 41.932049
v -106.225456 -9.668526 42.243114
v -106.271675 -10.275939 41.938900
v -106.344093 -10.275953 42.226559
v -106.177284 -9.668581 42.858242
v -107.823555 -9.162215 42.726437
v -107.849129 -9.668341 42.433865
v -107.906441 -9.060889 42.419338
v -106.451607 -9.385337 43.715023
v -106.400444 -9.061106 42.801617
v -106.074165 -9.668678 43.903866
v -106.096001 -11.490923 42.878765
v -107.870033 -9.205446 41.723446
v -107.776726 -9.668317 42.027294
v -107.678291 -9.184762 42.041012
v -108.025291 -9.668261 41.702465
v -107.706291 -11.249413 42.036999
v -108.311653 -10.883286 43.875683
v -107.881294 -11.490756 43.545330
v -107.967644 -10.883299 43.502132
v -107.776421 -9.162292 43.597851
v -108.072853 -8.907000 43.995205
v -106.619591 -9.385353 44.176647
v -106.535271 -9.668690 44.764507
v -106.228737 -9.668696 44.372173
v -106.795448 -9.061220 44.832348
v -106.723228 -11.275578 44.670422
v -106.317558 -11.490843 42.230175
v -106.503792 -11.364431 41.907513
v -106.225594 -10.883412 42.243008
v -106.322853 -10.883375 41.931957
v -106.463158 -9.179800 41.913143
v -106.317253 -9.061069 42.230373
v -107.793480 -11.291668 42.447903
v -107.821083 -11.291688 42.727642
v -105.997139 -11.491021 43.942364
v -107.933556 -11.490602 41.714733
v -106.453957 -11.490989 44.259472
v -107.954369 -11.574418 44.054440
v -106.841637 -9.280278 45.225628
v -107.187325 -8.923292 45.033382
v -107.653130 -8.766102 44.774319
v -108.159477 -9.668468 44.492702
v -108.250786 -10.275896 44.441891
v -108.261375 -10.883337 44.436001
v -108.060616 -11.413623 44.547634
v -107.653481 -11.490883 44.774090
v -107.187645 -11.490961 45.033169
v -106.849464 -11.370706 45.221233
v -106.637108 -10.883611 45.339367
v -106.693810 -10.276157 45.307827
v -106.636955 -9.668724 45.339458
v -107.404457 -8.652163 41.415661
v -106.235268 -9.601214 41.559063
v -106.304710 -10.246247 41.545925
v -106.242897 -10.890325 41.549603
v -106.491371 -11.409001 41.514370
v -106.883049 -11.539503 41.463390
v -107.421562 -11.543416 41.394421
v -107.891762 -11.464928 41.334759
v -108.104622 -10.259323 41.315441
v -113.777870 -11.572045 44.487865
v -113.376396 -11.533672 43.975842
v -112.945518 -11.533671 44.329708
v -113.346977 -11.572045 44.841732
v -112.945518 -9.304394 44.329708
v -113.376396 -9.304395 43.975842
v -113.292244 -9.304394 44.771923
v -113.723137 -9.304394 44.418056
v -114.065224 -10.275970 44.854336
v -113.701973 -10.883414 45.294476
v -113.574242 -10.275970 45.131573
v -114.132866 -10.883414 44.940609
v -112.274040 -10.275973 43.482861
v -112.773628 -10.883416 43.207058
v -112.840477 -10.275972 43.292324
v -112.215889 -10.883416 43.391476
v -114.611946 -11.562778 43.677807
v -114.235878 -11.570350 43.227505
v -113.765526 -11.570002 43.529949
v -114.218956 -11.562428 44.088543
v -112.261787 -11.522063 44.502102
v -111.783302 -11.446320 44.788754
v -112.861351 -11.490857 45.125820
v -112.084938 -11.495976 45.262737
v -113.808037 -8.253030 43.585003
v -114.267601 -8.565753 43.267864
v -114.261467 -8.245459 44.143597
v -114.643654 -8.558181 43.718166
v -112.084938 -9.061085 45.262737
v -111.783302 -9.061085 44.788754
v -112.261787 -9.061085 44.502102
v -112.861351 -9.061085 45.125820
v -115.214119 -10.048674 44.400066
v -114.764366 -10.802330 44.761120
v -114.685555 -10.052658 44.664623
v -115.064262 -10.802681 44.220013
v -112.543770 -9.668528 45.983730
v -113.108345 -9.668528 45.440823
v -112.574211 -10.275970 46.031567
v -113.143333 -10.275970 45.485439
v -113.539238 -9.668528 45.086926
v -111.396431 -10.275973 44.180828
v -111.817513 -10.883416 43.803982
v -111.787071 -10.275973 43.756161
v -111.514061 -10.883415 44.365643
v -113.815285 -9.325849 42.725658
v -113.258614 -9.325499 42.907238
v -113.769402 -10.077763 42.670132
v -113.355278 -10.074873 43.025738
v -112.875481 -9.668530 43.336941
v -113.562767 -9.162375 45.116924
v -114.030235 -9.668528 44.809719
v -114.069862 -9.061084 44.860271
v -112.719673 -9.385249 44.041668
v -113.029655 -9.061088 43.533596
v -112.304482 -9.668530 43.530697
v -112.819176 -11.490859 43.265148
v -114.970879 -8.730375 44.109829
v -114.649422 -9.302273 44.620708
v -114.568886 -8.705778 44.521969
v -115.080132 -9.300382 44.240200
v -114.561043 -11.258465 44.510235
v -112.552971 -10.883414 45.998196
v -113.208092 -11.490857 45.568035
v -113.271080 -10.883414 45.648357
v -113.131859 -9.162375 45.470821
v -112.401741 -8.907088 45.760555
v -112.065315 -9.385249 44.193386
v -111.426872 -9.668529 44.228664
v -111.817513 -9.668530 43.803982
v -111.379601 -9.061087 44.531216
v -111.545921 -11.275447 44.415722
v -113.312096 -11.577572 42.971325
v -113.927528 -11.420335 42.858395
v -113.239357 -10.827798 42.882305
v -113.799431 -10.828148 42.705471
v -113.926064 -8.719471 42.858791
v -113.350609 -8.572974 43.021191
v -113.991646 -11.291848 44.760509
v -113.560768 -11.291848 45.114376
v -112.255516 -11.490859 43.453747
v -114.988014 -11.555206 44.128094
v -111.960136 -11.490859 44.028133
v -112.326408 -11.574489 45.642178
v -111.029610 -9.280118 44.674099
v -111.941963 -10.275971 46.107769
v -111.948784 -10.883414 46.118481
v -111.818733 -11.413667 45.914135
v -111.555092 -11.490858 45.499844
v -111.253471 -11.490858 45.025860
v -110.897041 -10.883415 44.465771
v -110.933784 -10.275972 44.523525
v -110.897041 -9.668529 44.465771
v -114.894371 -8.186864 42.364162
v -114.432716 -8.583774 41.879314
v -113.745232 -9.327081 42.387844
v -113.822411 -10.025509 42.052288
v -113.718712 -10.829380 42.367779
v -114.009987 -11.451192 42.561962
v -96.193291 -16.690073 37.159740
v -97.012672 -16.127474 36.621105
v -96.780785 -16.131966 36.263638
v -95.750984 -17.010370 36.951458
v -95.734734 -16.723608 36.441692
v -96.571266 -16.241243 35.892956
v -95.952400 -13.344636 36.258068
v -96.101707 -12.953550 36.664242
v -95.265175 -13.435918 37.212978
v -95.115868 -13.827004 36.806805
v -96.333595 -12.949060 37.021725
v -95.497078 -13.431427 37.570461
v -96.648109 -13.331165 37.330471
v -95.811577 -13.813532 37.879208
v -95.378639 -16.003359 36.222561
v -96.215172 -15.520989 35.673809
v -95.200523 -15.279659 36.277752
v -96.037056 -14.797292 35.729000
v -95.228462 -14.551970 36.650585
v -96.064995 -14.069603 36.101849
v -96.844948 -14.054502 37.304119
v -96.008415 -14.536869 37.852856
v -97.123222 -14.776261 37.403332
v -96.286705 -15.258629 37.952068
v -97.254539 -15.500865 37.275982
v -96.418007 -15.983233 37.824734
v -96.012276 -16.467537 38.167889
v -96.430428 -16.710142 37.514111
v -95.755974 -17.192505 38.264889
v -94.489174 -18.732235 38.830837
v -94.324257 -18.275497 38.314388
v -94.036308 -18.500614 38.685574
v -94.903252 -17.667652 37.945766
v -95.228996 -17.671436 38.330837
v -95.432625 -17.172441 37.803051
v -98.205132 -15.713453 35.763973
v -98.389854 -15.645377 36.158962
v -99.040367 -15.484982 35.854412
v -98.820107 -15.204638 35.388287
v -98.090569 -16.223997 36.579479
v -97.726173 -15.896352 36.112148
v -93.977760 -18.375626 38.001507
v -93.638893 -18.864357 38.420681
v -94.576622 -17.665659 37.558590
v -95.167076 -17.414125 37.310558
v -97.974190 -15.688889 35.311642
v -98.712456 -15.407421 34.919109
v -97.422844 -15.876953 35.617580
v -93.208229 -18.871124 38.227505
v -94.249214 -17.665354 37.169460
v -97.180565 -16.165785 35.095760
v -93.705544 -15.323392 38.426083
v -93.059242 -16.340351 38.774517
v -93.373177 -15.687933 38.113110
v -93.365211 -15.925944 39.010983
v -94.095833 -14.806593 38.079784
v -93.751762 -15.076377 37.702648
v -94.741920 -14.034756 37.595287
v -94.432411 -14.309370 37.121990
v -97.453194 -12.775167 35.451839
v -97.964470 -12.782476 34.523983
v -98.130638 -12.910261 34.935040
v -97.203468 -13.095467 35.018856
v -96.557777 -13.006777 35.379803
v -96.772926 -12.581656 35.913418
v -94.097649 -15.325319 38.685680
v -93.820976 -16.188686 39.150021
v -94.478065 -14.808921 38.399380
v -95.104439 -14.030267 38.027569
v -98.248695 -12.752145 35.403957
v -97.682625 -12.785681 35.907986
v -97.076241 -12.600970 36.408047
v -94.551125 -15.684846 38.895336
v -94.251640 -16.181923 39.343182
v -94.898399 -15.083454 38.661282
v -95.519981 -14.295899 38.418911
v -98.414986 -12.838005 35.845196
v -97.892632 -13.133679 36.385662
v -97.467751 -13.064735 36.863598
v -93.583458 -18.382059 37.738064
v -92.954933 -18.206902 38.275799
v -93.409431 -17.711123 37.800503
v -94.201347 -17.012907 37.362301
v -94.802193 -17.205976 36.870739
v -94.683571 -16.483999 36.583416
v -97.551613 -15.160601 34.710140
v -98.540520 -15.265714 34.500439
v -98.377037 -14.753560 34.370373
v -97.791389 -15.852373 34.854870
v -96.969978 -15.371816 35.077572
v -92.849327 -17.540359 38.390362
v -93.648705 -17.040173 37.934887
v -94.039909 -16.364428 37.418377
v -94.504829 -15.760297 36.649639
v -97.312813 -14.390536 34.605602
v -98.202797 -14.072803 34.327511
v -96.783745 -14.579926 35.098843
v -92.943565 -16.870674 38.594555
v -93.586220 -16.363350 38.074108
v -93.944023 -15.718218 37.551281
v -94.508705 -15.034337 36.933605
v -97.189308 -13.698218 34.696896
v -98.060600 -13.395365 34.379040
v -96.658607 -13.792310 35.219585
v -94.722694 -16.376476 38.824490
v -94.579765 -16.844967 39.328457
v -94.901314 -15.727504 38.684704
v -95.727989 -15.019236 38.387585
v -98.672920 -13.458796 36.183422
v -98.082909 -13.845156 36.421719
v -97.678780 -13.857344 36.883099
v -94.864403 -17.043247 38.740490
v -94.685371 -17.511513 39.213924
v -95.063667 -16.373837 38.630703
v -95.906715 -15.742933 38.321362
v -98.872704 -14.142200 36.301510
v -98.176186 -14.547793 36.264660
v -97.865150 -14.648935 36.862148
v -94.729652 -17.699871 38.679287
v -94.516304 -18.182369 38.976162
v -95.159813 -17.021622 38.497326
v -98.910973 -14.808869 35.943722
v -98.379890 -15.247116 36.333096
v -97.990181 -15.436994 36.741009
v -97.266960 -16.227774 36.965374
v -94.649590 -18.007885 38.545116
v -99.278053 -12.531418 35.299389
v -99.379936 -12.953710 35.660076
v -99.146355 -12.334262 34.823544
v -99.001808 -12.597618 34.287823
v -99.021843 -13.352375 34.339809
v -99.007103 -14.046635 34.266430
v -99.014732 -14.743797 34.274685
v -99.079521 -15.359915 34.494244
v -99.193581 -15.463184 34.908276
v -99.322563 -15.479923 35.379253
v -99.414101 -15.353922 35.717434
v -99.464424 -14.802166 35.916912
v -99.438179 -14.102587 35.840618
v -99.443367 -13.407084 35.879101
v -93.063072 -16.498138 39.405819
v -92.643318 -16.904457 39.206722
v -94.276695 -16.591305 39.978313
v -94.236275 -17.333866 39.957394
v -94.344261 -18.020260 40.006618
v -93.616463 -19.398911 39.659725
v -94.109428 -19.308533 39.892605
v -92.644096 -19.268879 39.201183
v -92.389168 -18.719482 39.082256
v -92.394035 -17.345329 39.088009
v -102.735161 -12.890908 35.983517
v -103.605415 -12.328305 36.440762
v -103.804573 -12.332800 35.967831
v -102.659904 -13.211202 35.493740
v -103.069603 -12.924445 35.199932
v -104.027184 -12.442081 35.506069
v -103.378395 -9.545475 35.196941
v -103.092659 -9.154386 35.628628
v -102.167839 -9.636753 35.247051
v -102.419121 -10.027839 34.894695
v -102.893532 -9.149892 36.101574
v -102.003380 -9.632262 35.640133
v -102.780983 -9.531995 36.615765
v -101.925743 -10.014368 36.073940
v -103.049782 -12.204192 34.782284
v -104.037910 -11.721832 35.018093
v -102.903770 -11.480494 34.666302
v -103.895821 -10.998135 34.893078
v -102.611626 -10.752806 34.899609
v -103.576759 -10.270443 35.188305
v -102.906990 -10.255329 36.778973
v -102.058479 -10.737704 36.221661
v -102.963081 -10.977087 37.108242
v -102.133476 -11.459463 36.507412
v -103.145378 -11.701691 37.137798
v -102.312691 -12.184069 36.544064
v -101.830299 -12.668374 36.279598
v -102.576210 -12.910975 36.379177
v -101.603981 -13.393342 36.130260
v -100.330482 -14.640878 35.441067
v -100.716057 -14.046386 35.007381
v -100.237587 -14.433890 35.042431
v -101.379097 -13.868488 35.294415
v -101.248512 -13.872272 35.752636
v -101.799095 -13.373276 35.633358
v -104.866081 -11.808298 36.732388
v -104.619270 -11.727459 37.095669
v -105.247414 -11.579287 37.415661
v -105.579506 -11.565362 36.984234
v -104.057518 -12.252306 37.089245
v -104.248772 -11.972742 36.564739
v -100.826622 -14.320328 34.579052
v -100.279015 -14.752979 34.610500
v -101.510933 -13.866495 34.834393
v -102.052467 -13.614960 35.165508
v -105.134270 -11.806342 36.305447
v -105.996696 -11.547925 36.615536
v -104.510109 -11.978371 36.059719
v -100.239891 -14.756633 34.198544
v -101.643898 -13.866189 34.372692
v -104.841545 -12.269182 35.574139
v -100.314293 -11.622567 34.641476
v -99.677055 -12.520854 34.422985
v -100.431419 -11.942389 34.223995
v -99.616035 -12.156532 34.774990
v -100.807320 -11.007427 34.733273
v -100.920921 -11.277212 34.264919
v -101.575233 -10.235592 34.983105
v -101.787682 -10.510205 34.491009
v -104.614601 -9.113920 36.097164
v -105.735252 -9.146497 36.075481
v -105.495232 -9.246608 36.360241
v -104.860634 -9.430670 35.655087
v -104.120613 -9.346177 35.379589
v -103.758293 -8.929280 35.856335
v -100.274269 -11.626738 35.068371
v -99.715965 -12.391022 35.171871
v -100.762901 -11.009757 35.201168
v -101.426796 -10.231101 35.495068
v -105.168587 -9.080840 36.645229
v -104.341667 -9.102760 36.525646
v -103.496941 -8.923573 36.361370
v -100.309090 -11.947082 35.507824
v -99.755074 -12.387365 35.583828
v -100.787697 -11.284290 35.668377
v -101.342400 -10.496736 36.026867
v -104.902031 -9.141033 36.944180
v -104.043968 -9.403406 36.939953
v -103.336510 -9.329066 36.894711
v -100.868996 -14.323523 34.148327
v -100.071999 -14.168680 34.053036
v -100.727654 -13.729973 34.065380
v -101.457924 -13.213741 34.437069
v -102.205727 -13.406812 34.647747
v -102.374321 -12.684833 34.403210
v -105.407402 -11.347105 35.668789
v -106.313026 -11.435316 36.243862
v -106.176079 -10.969037 36.233807
v -105.440910 -11.977732 35.905407
v -104.708305 -11.538783 35.434322
v -99.917519 -13.579475 34.048809
v -100.726311 -13.138174 34.307659
v -101.319481 -12.565264 34.340313
v -102.217659 -11.961134 34.298306
v -105.335991 -10.642521 35.458309
v -106.085030 -10.343693 36.116573
v -104.554329 -10.808426 35.334850
v -99.781166 -12.988572 34.235760
v -100.570930 -12.540134 34.347942
v -101.155342 -11.919055 34.335445
v -101.986259 -11.235173 34.451244
v -105.159584 -10.000622 35.441769
v -105.934319 -9.717361 36.061367
v -104.347832 -10.077279 35.337048
v -100.456749 -12.558883 35.584011
v -99.929771 -12.974684 35.800915
v -100.770088 -11.928339 35.683041
v -101.487038 -11.220071 36.173122
v -104.794228 -9.698471 37.246090
v -104.146233 -10.057156 37.077572
v -103.468788 -10.058150 37.035656
v -100.601540 -13.148544 35.631664
v -100.084251 -13.563890 35.805141
v -100.907310 -12.574675 35.781597
v -101.643700 -11.943769 36.278027
v -104.837746 -10.323028 37.412716
v -104.274330 -10.735984 37.262539
v -103.622551 -10.788217 37.135387
v -100.588707 -13.728354 35.505550
v -100.213799 -14.155426 35.546597
v -101.072014 -13.222459 35.786419
v -104.961678 -11.030880 37.644451
v -104.444878 -11.352633 37.200420
v -103.829308 -11.519787 37.132900
v -103.429756 -12.428600 36.924908
v -100.669548 -13.999838 35.369701
v -105.895592 -11.592365 37.261120
v -105.616081 -11.463948 37.550137
vn -0.0059 0.9957 0.0922
vn -0.7891 0.5560 0.2610
vn -0.7018 0.7065 -0.0914
vn -0.0535 0.9985 -0.0083
vn -0.0405 0.9991 0.0145
vn -0.7726 0.6217 0.1290
vn 0.0034 0.9965 0.0830
vn 0.0303 0.9995 -0.0014
vn -0.0111 0.9989 0.0447
vn 0.5753 0.8020 0.1608
vn 0.4007 0.9161 0.0156
vn 0.5394 0.8243 0.1719
vn 0.4059 -0.9138 -0.0115
vn 0.0635 -0.9820 -0.1780
vn 0.2006 -0.9788 0.0404
vn -0.1414 -0.9859 -0.0899
vn -0.1441 -0.9515 0.2719
vn 0.2966 -0.9348 0.1953
vn -0.0180 -0.9774 -0.2106
vn -0.1038 -0.9855 -0.1342
vn -0.0858 -0.9488 0.3040
vn -0.5613 -0.8157 -0.1401
vn -0.4989 -0.8579 -0.1229
vn -0.6130 -0.7184 0.3288
vn 0.8870 0.4592 0.0478
vn 0.8648 0.4924 0.0982
vn 0.8786 0.4214 0.2246
vn 0.9790 0.0367 0.2006
vn 0.9284 0.3411 0.1476
vn 0.9426 0.3099 0.1243
vn 0.9089 -0.3533 0.2217
vn 0.9003 -0.4050 0.1593
vn 0.9043 -0.4083 0.1248
vn -0.9785 0.0676 -0.1946
vn -0.9397 -0.3418 0.0079
vn -0.7651 -0.3038 0.5677
vn -0.8578 0.4667 -0.2153
vn -0.9770 0.0633 0.2037
vn -0.9537 -0.0163 0.3003
vn -0.5376 0.0532 0.8415
vn -0.9786 0.0293 -0.2038
vn -0.9676 -0.0770 0.2403
vn -0.7994 0.2635 0.5399
vn 0.9693 -0.0965 0.2262
vn 0.9689 -0.1781 0.1720
vn 0.9506 0.3070 0.0462
vn -0.9813 0.0368 -0.1891
vn -0.9218 0.2848 -0.2630
vn -0.9444 -0.3014 0.1316
vn -0.4706 0.8817 -0.0340
vn -0.5665 -0.8104 0.1492
vn -0.0874 0.9960 -0.0168
vn -0.1654 -0.9830 0.0793
vn 0.0290 0.9987 -0.0414
vn 0.0789 -0.9969 -0.0037
vn 0.3988 0.9153 -0.0567
vn 0.6979 -0.7041 0.1312
vn -0.0576 0.9830 -0.1746
vn -0.0253 0.9943 -0.1031
vn -0.0262 0.9822 -0.1859
vn 0.2334 0.9441 -0.2327
vn 0.1969 0.9691 -0.1487
vn -0.0565 -0.9967 -0.0578
vn -0.0213 -0.9993 0.0292
vn 0.0726 -0.9653 -0.2508
vn 0.0320 -0.9994 -0.0123
vn 0.9497 -0.2933 -0.1102
vn 0.9281 -0.3639 -0.0783
vn 0.9889 0.1448 -0.0347
vn 0.9872 0.1350 -0.0846
vn -0.9755 -0.2095 -0.0666
vn -0.9391 0.1664 -0.3008
vn -0.9749 0.1800 -0.1313
vn -0.9966 -0.0308 -0.0762
vn -0.0162 0.9985 -0.0529
vn 0.0205 0.9997 0.0099
vn -0.1095 0.9940 -0.0054
vn -0.0525 0.9984 -0.0187
vn -0.0045 -0.9954 0.0953
vn -0.1922 -0.9792 0.0648
vn -0.0910 -0.9894 0.1128
vn 0.0608 -0.9936 0.0954
vn 0.9518 -0.2848 0.1143
vn 0.9921 -0.0247 0.1231
vn 0.9580 -0.0155 0.2865
vn 0.9194 -0.3119 0.2396
vn 0.9973 -0.0163 -0.0718
vn -0.9812 0.1285 -0.1440
vn -0.9879 -0.0371 -0.1505
vn -0.8815 0.3764 -0.2852
vn -0.9107 0.4073 -0.0683
vn 0.6756 -0.7336 -0.0729
vn 0.9870 -0.0052 -0.1609
vn 0.7081 -0.6811 -0.1861
vn 0.7188 0.6575 -0.2258
vn 0.5584 0.8287 -0.0387
vn -0.2363 -0.9565 -0.1711
vn -0.5332 -0.1548 -0.8317
vn -0.8576 0.0401 -0.5128
vn -0.7338 -0.6726 -0.0961
vn -0.5118 0.8362 -0.1971
vn -0.6579 0.7310 -0.1813
vn 0.9352 0.3524 0.0350
vn 0.2937 0.9536 -0.0657
vn 0.5614 0.8083 0.1774
vn 0.9738 -0.1034 0.2024
vn 0.6698 -0.6945 0.2628
vn 0.4218 -0.9015 0.0968
vn -0.3822 -0.9239 0.0196
vn -0.7695 -0.6332 -0.0833
vn -0.8851 -0.4649 -0.0213
vn -0.4650 -0.8831 0.0624
vn -0.3837 0.9026 -0.1955
vn -0.6003 0.7975 -0.0608
vn -0.4971 -0.8622 0.0980
vn -0.2491 -0.9673 0.0481
vn 0.0419 -0.9875 0.1518
vn 0.7253 -0.6881 -0.0221
vn 0.9894 -0.1441 -0.0198
vn 0.9899 -0.1363 0.0392
vn 0.9261 0.3760 -0.0307
vn 0.3800 0.9175 -0.1176
vn -0.0033 0.9846 -0.1747
vn -0.0832 0.9668 -0.2417
vn -0.3883 0.9156 -0.1044
vn -0.9504 0.3106 0.0137
vn -0.9911 0.0504 0.1232
vn -0.9058 -0.3069 0.2922
vn -0.0562 -0.9764 0.2085
vn 0.4186 -0.8654 0.2755
vn 0.4414 -0.8651 0.2383
vn 0.0286 -0.9641 0.2641
vn -0.3007 -0.8988 0.3189
vn -0.2702 -0.9527 0.1392
vn -0.7132 -0.6699 0.2065
vn -0.7312 -0.6559 0.1877
vn -0.4127 0.9023 -0.1248
vn -0.6061 0.7908 -0.0850
vn -0.2299 0.9512 -0.2058
vn -0.0794 0.9563 -0.2815
vn 0.0879 0.9621 -0.2582
vn -0.0115 0.9766 -0.2146
vn 0.3422 0.9204 -0.1890
vn 0.3754 0.9061 -0.1952
vn 0.9016 0.4321 0.0189
vn 0.8567 0.4997 -0.1281
vn 0.9724 0.0040 0.2335
vn 0.9938 -0.0580 -0.0947
vn 0.8793 -0.4063 0.2487
vn 0.9264 -0.3758 0.0211
vn -0.9894 -0.0739 0.1248
vn -0.9996 -0.0159 0.0253
vn -0.9299 0.3503 0.1119
vn -0.9281 0.3714 -0.0261
vn -0.8862 0.4496 0.1122
vn -0.8859 0.4638 -0.0098
vn -0.0723 -0.9615 0.2652
vn 0.6205 -0.7173 0.3170
vn 0.5190 -0.8331 0.1911
vn -0.0047 -0.9486 0.3165
vn 0.0385 -0.9965 0.0748
vn 0.7277 -0.6858 -0.0074
vn -0.1462 -0.9845 0.0965
vn 0.4477 -0.8942 -0.0061
vn -0.2133 -0.9434 0.2539
vn -0.2931 -0.9025 0.3157
vn -0.1456 -0.9706 0.1915
vn -0.1597 -0.9658 0.2042
vn -0.5282 -0.8304 0.1774
vn -0.5493 -0.8041 0.2273
vn -0.5582 -0.8239 0.0976
vn -0.6399 -0.7548 0.1440
vn -0.7813 0.3740 -0.4997
vn -0.0501 0.9362 -0.3479
vn -0.7464 0.6457 -0.1610
vn -0.5934 0.7757 -0.2150
vn 0.0253 0.9805 -0.1951
vn -0.4114 0.9038 -0.1176
vn -0.5457 0.8280 -0.1292
vn -0.1536 0.9836 -0.0948
vn 0.1432 0.9305 -0.3371
vn 0.1408 0.9482 -0.2848
vn -0.0940 0.9842 -0.1498
vn -0.0479 0.9907 -0.1276
vn 0.4347 0.8623 -0.2597
vn 0.3022 0.9450 -0.1252
vn 0.2209 0.9593 -0.1759
vn 0.3723 0.8983 -0.2333
vn 0.6902 0.7236 0.0026
vn 0.9645 0.2636 -0.0152
vn 0.9569 0.2026 -0.2082
vn 0.9698 0.0990 -0.2228
vn 0.9696 0.1936 0.1495
vn 0.9301 -0.3654 0.0364
vn 0.9831 -0.0450 -0.1772
vn 0.9222 -0.3355 -0.1925
vn 0.9086 -0.4105 0.0764
vn 0.9460 -0.2646 0.1874
vn 0.9810 -0.1074 -0.1618
vn 0.9446 -0.2865 -0.1601
vn -0.9991 0.0291 -0.0293
vn -0.9857 0.1654 -0.0309
vn -0.8536 -0.5201 0.0280
vn -0.9145 -0.3825 0.1321
vn -0.8926 0.4501 -0.0257
vn -0.8828 0.3873 -0.2658
vn -0.9982 -0.0540 -0.0242
vn -0.9857 0.0818 0.1472
vn -0.7770 0.6268 -0.0587
vn -0.9356 -0.1792 -0.3044
vn -0.7366 0.6748 -0.0447
vn -0.9252 0.3763 0.0497
vn 0.7113 -0.6253 0.3211
vn -0.0044 -0.9587 0.2845
vn -0.2532 -0.9557 0.1498
vn -0.5383 -0.8343 0.1192
vn -0.9717 -0.2218 -0.0818
vn -0.9455 -0.0495 -0.3219
vn -0.9363 0.2842 -0.2064
vn -0.4223 0.9045 -0.0587
vn -0.1085 0.9831 -0.1477
vn 0.0465 0.9755 -0.2148
vn 0.4182 0.8766 -0.2380
vn 0.9232 0.3362 -0.1863
vn 0.9926 -0.0704 0.0994
vn 0.9589 -0.1353 0.2494
vn -0.3006 -0.8988 0.3189
vn -0.4241 0.8999 -0.1015
vn -0.0807 0.9667 -0.2430
vn -0.0007 0.9820 -0.1888
vn 0.9265 -0.3758 0.0211
vn -0.9299 0.3504 0.1119
vn 0.5190 -0.8384 0.1664
vn -0.0095 -0.9523 0.3051
vn 0.0085 -0.9995 0.0293
vn 0.7050 -0.7092 -0.0010
vn -0.2119 -0.9452 0.2486
vn -0.1445 -0.9777 0.1521
vn -0.5558 -0.7994 0.2281
vn -0.5338 -0.8444 0.0458
vn -0.8005 0.3789 -0.4643
vn -0.0516 0.9411 -0.3342
vn -0.7464 0.6457 -0.1609
vn -0.0242 0.9891 -0.1454
vn -0.4813 0.8716 -0.0937
vn -0.5786 0.8066 -0.1210
vn -0.2458 0.9651 -0.0908
vn 0.1426 0.9340 -0.3277
vn -0.0443 0.9954 -0.0844
vn 0.0315 0.9906 -0.1328
vn 0.4292 0.8638 -0.2638
vn 0.2612 0.9531 -0.1530
vn 0.4510 0.8636 -0.2254
vn 0.6888 0.7247 -0.0174
vn 0.9713 0.0923 -0.2191
vn 0.9727 0.1955 0.1253
vn 0.9220 -0.3333 -0.1973
vn 0.9110 -0.4094 0.0502
vn 0.9577 -0.2638 -0.1149
vn -0.9851 0.1721 -0.0014
vn -0.8550 -0.5187 0.0004
vn -0.8902 0.3910 -0.2339
vn -0.9967 -0.0668 -0.0466
vn -0.9434 -0.1834 -0.2762
vn -0.7399 0.6723 -0.0260
vn 0.3903 0.9105 -0.1369
vn 0.7288 -0.6118 0.3074
vn -0.0009 -0.9544 0.2986
vn -0.2519 -0.9511 0.1788
vn -0.5297 -0.8322 0.1639
vn -0.9714 -0.2357 -0.0278
vn -0.9635 -0.0427 -0.2642
vn -0.9465 0.2684 -0.1790
vn -0.4237 0.9032 -0.0684
vn -0.0877 0.9879 -0.1282
vn 0.0379 0.9823 -0.1835
vn 0.4147 0.8690 -0.2698
vn 0.9217 0.3211 -0.2177
vn 0.9916 -0.1049 0.0758
vn 0.9667 -0.1108 0.2305
vn -0.6365 0.7568 -0.1487
vn -0.1797 0.9447 -0.2744
vn 0.0732 0.9593 -0.2727
vn 0.3583 0.9073 -0.2200
vn 0.8793 -0.4062 0.2487
vn -0.0722 -0.9615 0.2652
vn 0.0143 -0.9981 0.0594
vn -0.1442 -0.9751 0.1685
vn -0.5416 -0.8363 0.0855
vn -0.8108 0.3937 -0.4330
vn -0.0274 0.9498 -0.3117
vn -0.8064 0.5550 -0.2040
vn -0.1823 0.9479 -0.2612
vn 0.0605 0.9452 -0.3207
vn 0.0631 0.9522 -0.2989
vn 0.5340 0.8183 -0.2127
vn 0.3477 0.9255 -0.1504
vn 0.8220 0.5677 0.0448
vn 0.9787 0.2050 -0.0073
vn 0.9693 0.1915 0.1540
vn 0.9092 -0.4085 0.0809
vn -0.9807 0.1934 -0.0284
vn -0.9466 -0.2063 -0.2478
vn -0.7366 0.6748 -0.0446
vn 0.7045 -0.5859 0.4006
vn -0.0017 -0.9285 0.3712
vn -0.2817 -0.9249 0.2553
vn -0.4865 -0.8561 0.1743
vn -0.9172 -0.3068 -0.2541
vn -0.8615 -0.0222 -0.5072
vn -0.8807 0.3316 -0.3381
vn -0.4028 0.9020 -0.1553
vn -0.0808 0.9923 -0.0941
vn 0.0244 0.9843 -0.1746
vn 0.4241 0.8906 -0.1643
vn 0.9369 0.3430 -0.0683
vn 0.9929 -0.0871 0.0811
vn 0.9537 -0.1518 0.2595
vn -0.3891 0.9162 -0.0959
vn -0.0230 0.9780 -0.2075
vn -0.3432 0.9289 -0.1388
vn 0.0515 0.9817 -0.1833
vn -0.0089 0.9693 -0.2456
vn -0.0259 0.9737 -0.2261
vn 0.3275 0.9328 -0.1503
vn 0.1883 0.9761 -0.1085
vn 0.6410 -0.7533 0.1469
vn 0.1378 -0.9683 0.2082
vn 0.1218 -0.9903 0.0676
vn 0.6826 -0.7182 0.1351
vn -0.1287 -0.9715 0.1990
vn -0.1718 -0.9850 -0.0154
vn -0.7575 -0.6445 0.1036
vn -0.7491 -0.6542 -0.1044
vn 0.8367 0.5426 0.0736
vn 0.8605 0.4795 -0.1724
vn 0.9270 -0.3261 0.1855
vn 0.9357 -0.3401 -0.0933
vn 0.7969 -0.5954 0.1019
vn 0.8082 -0.5632 0.1722
vn -0.8567 -0.5158 0.0010
vn -0.9302 -0.3667 0.0134
vn -0.9943 -0.0771 0.0734
vn -0.9353 -0.3539 0.0004
vn -0.9017 -0.4322 0.0135
vn -0.9877 0.1246 -0.0940
vn -0.9740 0.2216 0.0465
vn -0.8922 0.2944 0.3425
vn -0.6327 0.7711 0.0711
vn -0.4848 0.8393 -0.2458
vn -0.0498 0.9591 -0.2788
vn -0.0828 0.9899 -0.1155
vn -0.3167 0.9485 -0.0101
vn -0.0318 0.9986 -0.0430
vn -0.5053 0.8257 0.2509
vn -0.0583 0.9809 -0.1855
vn 0.0101 0.9983 -0.0570
vn -0.4980 0.8439 -0.1998
vn -0.3159 0.9434 -0.1007
vn 0.0188 0.9958 -0.0898
vn 0.0590 0.9936 -0.0966
vn 0.0350 0.9943 -0.1007
vn -0.1178 0.9678 -0.2225
vn -0.1099 0.9746 -0.1950
vn -0.0122 0.9938 -0.1105
vn -0.0008 0.9878 -0.1559
vn -0.1142 0.9907 -0.0744
vn -0.0609 0.9943 -0.0876
vn -0.0764 0.9923 -0.0979
vn 0.4696 0.8743 -0.1228
vn 0.5293 0.7645 -0.3680
vn 0.6495 0.5545 -0.5203
vn 0.5086 0.8563 -0.0898
vn 0.4742 0.8802 0.0196
vn 0.5218 0.8345 -0.1771
vn 0.4115 0.9106 -0.0387
vn 0.1258 -0.9293 0.3472
vn 0.9398 -0.3402 -0.0337
vn 0.6128 -0.7902 0.0037
vn 0.1074 -0.9671 0.2306
vn 0.0935 -0.9192 0.3825
vn 0.8645 -0.4978 0.0698
vn 0.0952 -0.9442 0.3153
vn 0.6204 -0.7670 0.1639
vn 0.1252 -0.9684 -0.2158
vn 0.0109 -0.9932 0.1163
vn 0.5671 -0.8178 0.0976
vn 0.5407 -0.8387 0.0642
vn 0.6669 -0.7391 0.0948
vn 0.1422 -0.9788 -0.1473
vn -0.1207 -0.9470 0.2976
vn -0.0810 -0.9006 0.4271
vn -0.1093 -0.8702 0.4805
vn -0.1081 -0.9238 0.3673
vn -0.0477 -0.9976 0.0511
vn -0.0846 -0.9629 -0.2561
vn -0.1632 -0.9483 -0.2722
vn -0.4187 -0.8525 0.3129
vn -0.5805 -0.6568 0.4814
vn -0.5020 -0.5908 0.6316
vn -0.6683 -0.6572 0.3486
vn -0.3517 -0.9337 -0.0663
vn -0.6146 -0.7392 -0.2753
vn -0.3892 -0.8140 -0.4312
vn 0.9346 0.3549 -0.0248
vn 0.8582 -0.0886 -0.5055
vn 0.9809 -0.0332 -0.1917
vn 0.8491 0.4656 0.2496
vn 0.8381 0.5264 0.1430
vn 0.8923 0.4223 -0.1593
vn 0.9520 0.3031 0.0436
vn 0.9757 -0.2170 -0.0310
vn 0.8254 -0.2981 -0.4794
vn 0.9989 0.0059 0.0474
vn 0.8923 -0.1846 0.4121
vn 0.9825 0.0964 0.1594
vn 0.9783 -0.0141 -0.2067
vn 0.9882 -0.0116 0.1529
vn 0.8485 -0.5140 -0.1261
vn 0.9297 0.0432 -0.3658
vn 0.9933 0.0841 -0.0792
vn 0.8941 -0.4261 0.1378
vn 0.8698 -0.4694 0.1523
vn 0.9048 -0.4017 -0.1415
vn 0.8686 -0.4132 0.2734
vn -0.8968 -0.2961 0.3286
vn -0.8781 -0.4643 0.1156
vn -0.7471 -0.2068 0.6318
vn -0.9077 -0.2673 0.3234
vn -0.8318 -0.5449 -0.1059
vn -0.9968 -0.0434 -0.0665
vn -0.2713 -0.2368 -0.9329
vn -0.7388 -0.6332 -0.2309
vn -0.9801 -0.0072 0.1984
vn -0.9661 0.2407 0.0932
vn -0.8031 -0.0083 0.5958
vn -0.9151 -0.0574 0.3991
vn -0.9810 0.1932 -0.0193
vn -0.9755 0.1548 -0.1565
vn 0.2051 0.0089 -0.9787
vn -0.8020 0.5425 0.2501
vn -0.8620 0.5064 -0.0230
vn -0.8201 0.2018 0.5354
vn -0.8377 0.5438 -0.0505
vn -0.9463 0.2010 -0.2530
vn -0.0130 -0.1595 -0.9871
vn 0.2956 0.6842 -0.6667
vn -0.1646 0.9853 -0.0462
vn -0.6603 0.7485 0.0623
vn -0.0281 0.9485 -0.3154
vn -0.0412 0.9983 0.0407
vn 0.0127 0.9982 0.0579
vn 0.0829 0.9496 -0.3023
vn -0.1510 -0.9844 0.0904
vn 0.2888 -0.9573 -0.0146
vn -0.1055 -0.9894 0.1002
vn 0.2129 -0.9645 0.1560
vn 0.1830 -0.1396 -0.9732
vn 0.0868 0.1191 -0.9891
vn 0.1718 -0.1869 -0.9672
vn 0.0850 0.1700 -0.9818
vn -0.1002 -0.1358 0.9857
vn -0.3879 -0.0308 0.9212
vn -0.3902 -0.1392 0.9102
vn -0.0373 -0.0108 0.9992
vn 0.0821 0.9965 -0.0137
vn -0.1021 0.9846 0.1418
vn -0.0665 0.9978 -0.0058
vn 0.0222 0.9696 -0.2436
vn 0.0805 0.9957 0.0456
vn 0.0255 0.9721 0.2331
vn -0.0248 0.9991 -0.0350
vn 0.0433 0.9907 0.1294
vn 0.0707 -0.9637 0.2574
vn -0.1185 -0.9911 0.0612
vn 0.2989 -0.9267 -0.2278
vn 0.0662 -0.9757 -0.2089
vn -0.1570 -0.9876 0.0089
vn -0.1822 -0.9750 0.1272
vn -0.1128 -0.9435 0.3115
vn -0.1322 -0.9807 -0.1438
vn 0.7739 -0.1005 -0.6253
vn 0.3092 0.2659 -0.9131
vn 0.5126 -0.1532 -0.8448
vn 0.6781 0.2976 -0.6720
vn -0.1341 -0.1294 -0.9825
vn -0.1823 0.0004 -0.9832
vn -0.1447 -0.0030 -0.9895
vn -0.1493 -0.1520 -0.9770
vn 0.1741 0.0010 -0.9847
vn 0.0815 0.0472 0.9956
vn 0.1915 0.1961 0.9617
vn 0.0646 -0.0350 0.9973
vn 0.0302 0.2163 0.9759
vn -0.6567 -0.1462 0.7399
vn -0.4808 -0.0421 0.8758
vn -0.6239 0.0096 0.7815
vn -0.5217 -0.0064 0.8531
vn -0.2629 -0.2623 0.9285
vn 0.1799 -0.8116 -0.5558
vn 0.1743 -0.0247 -0.9844
vn 0.0697 -0.7897 -0.6095
vn 0.0536 0.6272 -0.7770
vn 0.0350 0.6471 -0.7616
vn 0.0154 -0.9002 0.4351
vn 0.0965 -0.8865 0.4526
vn -0.0841 -0.5122 0.8547
vn -0.2973 0.6698 0.6804
vn 0.0216 0.6965 0.7172
vn 0.5371 -0.7008 -0.4695
vn 0.4072 -0.1547 -0.9001
vn 0.3332 -0.6290 -0.7024
vn 0.7666 -0.2268 -0.6008
vn 0.5166 0.8009 -0.3029
vn 0.2632 0.6919 -0.6724
vn -0.0532 0.2135 -0.9755
vn -0.1579 0.7620 -0.6280
vn 0.0940 0.9283 -0.3598
vn -0.1043 -0.0430 -0.9936
vn -0.2009 -0.6529 -0.7303
vn -0.1325 -0.8834 -0.4494
vn -0.0457 -0.7782 0.6264
vn -0.0235 -0.2853 0.9581
vn 0.0318 -0.5076 0.8610
vn -0.1232 -0.7854 0.6066
vn 0.0609 0.6556 0.7526
vn 0.1962 0.8206 0.5368
vn -0.4624 0.7501 0.4728
vn -0.4651 0.7075 0.5322
vn -0.6092 -0.0066 0.7930
vn -0.6100 0.1682 0.7743
vn -0.4658 -0.6501 0.6004
vn -0.3080 -0.6369 0.7067
vn 0.0832 -0.7545 0.6510
vn -0.0751 -0.8577 0.5086
vn -0.0089 -0.9711 0.2384
vn 0.0178 -0.6968 -0.7170
vn 0.0372 -0.0072 -0.9993
vn 0.0674 -0.1447 -0.9872
vn 0.0453 0.2210 -0.9742
vn 0.0459 0.8199 -0.5707
vn 0.0541 0.9984 0.0184
vn 0.0341 0.9562 0.2907
vn -0.1637 0.8117 0.5607
vn -0.1938 0.2154 0.9571
vn -0.2961 0.2189 0.9297
vn -0.1936 -0.1200 0.9737
vn 0.4665 -0.8657 -0.1815
vn 0.6585 -0.6073 -0.4445
vn 0.2879 -0.9251 0.2478
vn -0.3203 -0.5391 0.7790
vn -0.5481 -0.0587 0.8344
vn -0.6204 -0.0193 0.7840
vn -0.7252 0.2306 0.6488
vn -0.5265 0.8038 0.2770
vn -0.2086 0.9756 -0.0686
vn -0.0138 0.9734 -0.2286
vn 0.3770 0.7738 -0.5090
vn 0.6542 0.1819 -0.7341
vn 0.5570 -0.0343 -0.8298
vn 0.7020 -0.1031 -0.7046
vn 0.2912 -0.9472 0.1344
vn -0.1910 -0.7080 0.6799
vn -0.0771 -0.7605 0.6447
vn 0.2382 -0.9159 0.3231
vn 0.4181 -0.8894 -0.1848
vn 0.6136 -0.7884 -0.0441
vn 0.7243 -0.4287 -0.5401
vn 0.7344 -0.4503 -0.5079
vn 0.2745 0.7630 -0.5852
vn -0.0157 0.8897 -0.4562
vn 0.4659 0.5697 -0.6770
vn -0.1985 0.8976 -0.3935
vn -0.3812 0.9132 -0.1440
vn -0.2209 0.9468 -0.2339
vn -0.5179 0.8346 0.1877
vn -0.5335 0.8142 0.2290
vn -0.6424 0.2550 0.7227
vn -0.7141 0.3202 0.6224
vn -0.4989 -0.0026 0.8666
vn -0.7133 -0.0541 0.6988
vn -0.4590 -0.2391 0.8557
vn -0.6163 -0.2143 0.7578
vn 0.7269 -0.0575 -0.6843
vn 0.6738 -0.0108 -0.7389
vn 0.7128 0.2098 -0.6693
vn 0.6206 0.2202 -0.7526
vn 0.7022 0.2647 -0.6609
vn 0.6132 0.2919 -0.7340
vn 0.3621 -0.9143 0.1817
vn -0.3018 -0.6340 0.7120
vn -0.2132 -0.5847 0.7827
vn 0.3366 -0.8892 0.3099
vn 0.0451 -0.9958 0.0791
vn 0.2677 -0.9596 -0.0867
vn -0.4867 -0.6643 0.5673
vn -0.3382 -0.8425 0.4192
vn 0.6309 -0.7721 -0.0761
vn 0.4880 -0.8728 -0.0111
vn 0.3392 -0.9390 -0.0571
vn 0.3806 -0.9247 -0.0008
vn 0.6424 -0.6527 -0.4017
vn 0.6065 -0.7585 -0.2382
vn 0.5619 -0.6798 -0.4714
vn 0.5992 -0.6777 -0.4263
vn 0.1288 0.4286 -0.8943
vn 0.4337 0.4912 -0.7554
vn -0.3140 0.8645 -0.3925
vn 0.1593 0.7287 -0.6660
vn -0.2629 0.9511 -0.1618
vn 0.1917 0.8274 -0.5280
vn 0.3086 0.7564 -0.5768
vn 0.0814 0.9464 -0.3126
vn -0.4601 0.8827 -0.0955
vn -0.5107 0.8467 -0.1495
vn -0.0508 0.9579 -0.2824
vn -0.0870 0.9740 -0.2091
vn -0.6675 0.7023 0.2474
vn -0.4659 0.8496 0.2473
vn -0.3875 0.9203 0.0541
vn -0.5582 0.8120 0.1706
vn -0.5714 0.4701 0.6727
vn -0.6457 0.2634 0.7168
vn -0.7716 0.1662 0.6140
vn -0.7852 0.0616 0.6161
vn -0.5489 0.0825 0.8318
vn -0.6241 -0.2088 0.7529
vn -0.7585 -0.0446 0.6501
vn -0.7591 -0.1631 0.6302
vn -0.5859 -0.2582 0.7681
vn -0.5271 -0.1670 0.8333
vn -0.7531 -0.0963 0.6509
vn -0.7548 -0.1829 0.6299
vn 0.6357 0.0287 -0.7714
vn 0.6325 0.1005 -0.7680
vn 0.6511 -0.2808 -0.7052
vn 0.7232 -0.2165 -0.6558
vn 0.6066 0.2798 -0.7441
vn 0.4485 0.2262 -0.8647
vn 0.6408 -0.0438 -0.7665
vn 0.7427 0.0769 -0.6652
vn 0.5241 0.4600 -0.7168
vn 0.4347 -0.0923 -0.8958
vn 0.5542 0.4358 -0.7092
vn 0.6701 0.2160 -0.7102
vn 0.7319 -0.6039 -0.3156
vn 0.5583 -0.8281 -0.0506
vn 0.3293 -0.8532 0.4044
vn -0.3964 -0.5047 0.7669
vn -0.5920 -0.0929 0.8006
vn -0.6290 -0.0846 0.7728
vn -0.7446 0.1855 0.6413
vn -0.5848 0.7901 0.1835
vn -0.2678 0.9371 -0.2240
vn -0.1487 0.9245 -0.3511
vn 0.1945 0.7725 -0.6045
vn 0.5274 0.2534 -0.8109
vn 0.6477 -0.0013 -0.7619
vn 0.7981 -0.1608 -0.5807
vn 0.4478 0.7192 -0.5313
vn 0.4434 0.6772 -0.5872
vn -0.0517 0.8782 -0.4755
vn -0.0147 0.7921 -0.6103
vn -0.0052 0.8299 -0.5579
vn -0.0666 0.8255 -0.5605
vn -0.5832 0.7499 -0.3123
vn -0.4717 0.7723 -0.4255
vn -0.7685 -0.4674 0.4370
vn -0.2677 -0.8346 0.4815
vn -0.2596 -0.7496 0.6089
vn -0.7854 -0.4485 0.4265
vn 0.3974 -0.8563 0.3299
vn 0.2034 -0.8077 0.5533
vn 0.8569 -0.5151 -0.0200
vn 0.7904 -0.5869 0.1756
vn -0.9662 0.2543 0.0416
vn -0.9639 0.2662 -0.0104
vn -0.9501 -0.1578 0.2689
vn -0.9549 -0.1737 0.2409
vn -0.9135 -0.2832 0.2920
vn -0.8998 -0.2379 0.3657
vn 0.9645 -0.2381 -0.1140
vn 0.9442 -0.2537 -0.2101
vn 0.9738 -0.1492 -0.1716
vn 0.9663 -0.1629 -0.1994
vn 0.9218 0.1787 -0.3441
vn 0.9284 0.1498 -0.3401
vn 0.9755 0.1229 -0.1826
vn 0.7442 0.5637 -0.3583
vn -0.0409 0.7287 -0.6836
vn -0.0461 0.8725 -0.4864
vn -0.1962 0.8522 -0.4850
vn 0.2592 0.8424 -0.4724
vn -0.0523 0.9156 -0.3986
vn 0.5494 0.7983 -0.2468
vn 0.0498 0.8053 -0.5907
vn 0.1397 0.8980 -0.4172
vn 0.7457 0.6186 -0.2476
vn 0.7238 0.6805 -0.1144
vn 0.0564 0.9909 -0.1220
vn 0.8227 0.3515 -0.4467
vn 0.2899 0.7148 -0.6364
vn -0.0519 0.8495 -0.5251
vn -0.1049 0.8698 -0.4822
vn -0.1123 0.8866 -0.4486
vn -0.0717 0.8305 -0.5524
vn -0.0172 0.9492 -0.3142
vn -0.1468 0.9710 -0.1885
vn -0.3081 0.6902 -0.6547
vn -0.8061 0.5845 -0.0923
vn -0.6636 0.7344 0.1420
vn -0.8383 0.4458 -0.3139
vn -0.6954 0.6667 -0.2682
vn -0.4355 0.8772 -0.2023
vn -0.8106 0.4480 -0.3772
vn 0.2174 0.9156 -0.3382
vn 0.0899 -0.7027 0.7058
vn -0.4327 -0.5418 0.7205
vn -0.7355 -0.2369 0.6348
vn 0.2863 -0.7874 0.5459
vn 0.0661 -0.6796 0.7306
vn -0.7080 -0.3497 0.6135
vn -0.0379 -0.7469 0.6639
vn -0.6678 -0.5503 0.5011
vn -0.1854 -0.9446 0.2709
vn -0.6724 -0.7370 0.0688
vn -0.0098 -0.9973 0.0723
vn -0.6959 -0.6336 0.3380
vn -0.8217 -0.4748 0.3151
vn -0.3618 -0.8428 0.3986
vn 0.4891 -0.6402 0.5924
vn 0.6049 -0.7129 0.3548
vn 0.4361 -0.5848 0.6839
vn 0.3451 -0.6792 0.6478
vn -0.0255 -0.9993 0.0257
vn 0.0282 -0.9852 0.1693
vn 0.2228 -0.9099 0.3499
vn 0.9116 -0.3881 0.1352
vn 0.8181 -0.5661 0.1010
vn 0.8245 -0.2754 0.4943
vn 0.8697 -0.4252 0.2506
vn 0.4079 -0.9058 -0.1152
vn 0.6622 -0.7453 0.0782
vn 0.9452 -0.3264 -0.0028
vn -0.7983 0.1350 0.5869
vn -0.9486 -0.1787 0.2612
vn -0.9732 -0.0422 0.2261
vn -0.9422 0.2859 0.1747
vn -0.9675 0.1906 -0.1659
vn -0.9823 0.1328 -0.1318
vn -0.3031 0.9039 -0.3018
vn -0.7434 -0.1516 0.6515
vn -0.9187 -0.2203 0.3279
vn -0.8962 0.0146 0.4435
vn -0.9135 -0.0563 0.4030
vn -0.9838 0.1611 -0.0792
vn -0.9803 0.0101 -0.1974
vn -0.9986 0.0049 0.0518
vn -0.7200 -0.2939 0.6287
vn -0.9105 -0.0141 0.4132
vn -0.9286 0.0421 0.3686
vn -0.9193 -0.2003 0.3388
vn -0.9592 -0.2142 0.1845
vn -0.9570 -0.2230 -0.1854
vn -0.9421 -0.1473 0.3013
vn 0.9495 -0.1152 -0.2918
vn 0.8127 -0.2557 -0.5236
vn 0.9842 0.0207 0.1760
vn 0.9947 -0.1012 0.0160
vn 0.9126 -0.4071 -0.0385
vn 0.9855 -0.1507 0.0784
vn 0.8760 -0.4428 0.1914
vn 0.9254 0.0068 -0.3788
vn 0.7120 0.1352 -0.6891
vn 0.9882 0.0471 0.1457
vn 0.9985 0.0419 -0.0342
vn 0.9977 0.0594 0.0339
vn 0.9678 0.0880 -0.2359
vn 0.9832 -0.0568 -0.1737
vn 0.8773 0.3753 -0.2992
vn 0.6083 0.3513 -0.7117
vn 0.9825 0.1254 0.1374
vn 0.9702 0.2369 0.0516
vn 0.9815 0.1002 -0.1632
vn 0.9591 0.0417 -0.2801
vn 0.3368 -0.9295 0.1503
vn 0.7061 -0.6830 0.1869
vn -0.1970 -0.9797 0.0373
vn -0.8221 -0.5692 -0.0132
vn -0.9264 -0.3537 -0.1293
vn -0.9398 -0.3374 -0.0544
vn -0.9864 0.0822 -0.1425
vn -0.7004 0.6913 -0.1778
vn -0.1481 0.9858 -0.0794
vn 0.1763 0.9840 -0.0253
vn 0.6438 0.7347 0.2139
vn 0.9704 0.1187 0.2105
vn 0.9877 -0.1315 0.0851
vn 0.9736 -0.1782 0.1429
vn -0.5358 0.7643 0.3588
vn -0.4673 0.8727 -0.1411
vn -0.5647 0.7819 0.2643
vn -0.3698 0.8826 -0.2904
vn -0.4615 0.8666 -0.1895
vn -0.4838 0.8650 -0.1329
vn -0.1040 0.7606 -0.6408
vn -0.1627 0.8831 -0.4401
vn 0.6279 -0.5059 -0.5914
vn 0.5781 -0.8150 -0.0400
vn 0.4050 -0.9079 -0.1081
vn 0.6349 -0.4649 -0.6171
vn 0.3266 -0.8329 0.4467
vn 0.1030 -0.9244 0.3673
vn -0.1421 -0.4990 0.8549
vn -0.2728 -0.5500 0.7893
vn 0.3808 0.3342 -0.8622
vn 0.3647 0.2883 -0.8854
vn 0.5909 -0.1598 -0.7908
vn 0.5438 -0.1753 -0.8207
vn 0.5791 -0.2959 -0.7597
vn 0.6483 -0.2513 -0.7187
vn -0.4177 -0.2732 0.8666
vn -0.3298 -0.2468 0.9112
vn -0.5260 -0.1826 0.8307
vn -0.2998 -0.0952 0.9492
vn -0.6456 0.1549 0.7478
vn -0.4095 0.2573 0.8753
vn -0.4883 0.1706 0.8558
vn -0.7163 0.5163 0.4695
vn -0.6249 0.7363 -0.2596
vn -0.3789 0.8425 -0.3829
vn -0.4179 0.8691 -0.2648
vn -0.5484 0.8333 0.0696
vn -0.3977 0.8766 -0.2709
vn -0.6023 0.7198 0.3452
vn -0.6054 0.7832 -0.1417
vn -0.2585 0.9659 -0.0153
vn -0.4897 0.7118 0.5035
vn -0.3818 0.7430 0.5496
vn -0.0993 0.9951 0.0025
vn -0.6544 0.7436 0.1369
vn -0.3440 0.9132 -0.2184
vn -0.4114 0.8606 -0.3001
vn -0.4515 0.8426 -0.2935
vn -0.3587 0.8818 -0.3063
vn -0.4309 0.8690 -0.2433
vn -0.2858 0.9573 0.0428
vn -0.1366 0.9891 -0.0558
vn -0.3288 0.9348 0.1345
vn 0.3556 0.7307 -0.5827
vn 0.2115 0.5669 -0.7962
vn 0.0615 0.4870 -0.8712
vn 0.1309 0.6694 -0.7313
vn -0.3300 0.8402 -0.4304
vn -0.0317 0.6657 -0.7456
vn -0.2378 0.7001 -0.6732
vn 0.5891 -0.6968 0.4091
vn 0.8793 -0.2331 -0.4153
vn 0.8481 -0.5131 -0.1322
vn 0.3956 -0.7658 0.5070
vn 0.5827 -0.7411 0.3334
vn 0.8195 -0.3901 -0.4199
vn 0.6253 -0.7691 0.1322
vn 0.6909 -0.5210 -0.5013
vn -0.0501 -0.9683 -0.2446
vn 0.1870 -0.9823 0.0091
vn 0.2628 -0.7328 -0.6277
vn 0.1562 -0.6786 -0.7177
vn 0.3514 -0.5547 -0.7542
vn 0.1027 -0.9544 -0.2805
vn 0.0843 -0.6980 0.7111
vn 0.2887 -0.6240 0.7261
vn 0.3673 -0.6096 0.7025
vn 0.4855 -0.6920 0.5343
vn 0.1085 -0.9939 0.0191
vn -0.1350 -0.9797 0.1483
vn -0.1516 -0.9737 0.1702
vn -0.2474 -0.5620 0.7893
vn -0.2638 -0.3939 0.8805
vn 0.0249 -0.2740 0.9614
vn 0.0975 -0.4034 0.9098
vn -0.0922 -0.8924 0.4416
vn -0.1819 -0.6434 0.7436
vn -0.3938 -0.6099 0.6877
vn 0.8316 0.1556 -0.5331
vn 0.5801 -0.1301 -0.8041
vn 0.5923 -0.0016 -0.8057
vn 0.5664 0.2998 -0.7676
vn -0.0590 0.2427 -0.9683
vn 0.1147 0.2644 -0.9576
vn 0.0891 0.1205 -0.9887
vn 0.8824 -0.1203 -0.4548
vn 0.6259 -0.1735 -0.7604
vn 0.7241 0.0461 -0.6881
vn 0.7344 -0.0247 -0.6782
vn 0.0360 0.1469 -0.9885
vn 0.0673 0.0273 -0.9974
vn 0.2589 -0.0065 -0.9659
vn 0.8585 -0.2514 -0.4470
vn 0.7025 0.0212 -0.7114
vn 0.6642 0.0790 -0.7434
vn 0.6662 -0.1676 -0.7267
vn 0.2169 -0.2408 -0.9460
vn 0.0721 -0.2213 -0.9725
vn 0.4710 -0.2353 -0.8502
vn -0.5829 -0.1742 0.7937
vn -0.7798 -0.2697 0.5650
vn -0.2712 -0.0920 0.9581
vn -0.2417 -0.0841 0.9667
vn -0.2343 -0.4440 0.8649
vn -0.0346 -0.1149 0.9928
vn -0.3232 -0.2074 0.9233
vn -0.6821 0.0062 0.7312
vn -0.8898 0.1127 0.4422
vn -0.4397 0.0324 0.8976
vn -0.2784 0.0067 0.9604
vn -0.3101 0.0524 0.9493
vn -0.2081 0.1360 0.9686
vn -0.5054 0.0112 0.8628
vn -0.6287 0.3136 0.7116
vn -0.8810 0.3251 0.3436
vn -0.3889 0.1648 0.9064
vn -0.2431 0.3020 0.9218
vn -0.2801 0.1081 0.9539
vn -0.5442 0.0757 0.8355
vn 0.2987 -0.8465 0.4407
vn 0.8657 -0.4957 -0.0698
vn -0.2723 -0.7494 0.6036
vn -0.5515 -0.6071 0.5721
vn -0.8183 -0.1882 0.5431
vn -0.9591 -0.0415 0.2801
vn -0.9756 0.2029 0.0842
vn -0.6502 0.7391 -0.1763
vn -0.2905 0.9069 -0.3053
vn -0.0791 0.9438 -0.3208
vn 0.3825 0.8037 -0.4558
vn 0.8550 0.2251 -0.4671
vn 0.9470 -0.0690 -0.3139
vn 0.9615 -0.0661 -0.2668
vn -0.1530 0.9565 -0.2482
vn 0.0090 0.9992 0.0385
vn 0.0493 0.9987 -0.0085
vn -0.2510 0.9548 -0.1595
vn 0.1930 -0.9805 -0.0364
vn 0.1517 -0.9884 -0.0092
vn -0.2389 -0.9473 0.2135
vn -0.1296 -0.9565 0.2615
vn -0.7867 -0.1744 -0.5922
vn -0.7568 -0.2262 -0.6132
vn -0.6945 0.1257 -0.7084
vn -0.6997 0.1856 -0.6899
vn 0.7066 -0.1486 0.6918
vn 0.9080 -0.1452 0.3931
vn 0.9109 -0.0238 0.4120
vn 0.6486 0.0018 0.7611
vn -0.0851 0.9942 -0.0656
vn 0.0712 0.9954 -0.0648
vn 0.1593 0.9858 -0.0535
vn -0.1261 0.9815 -0.1442
vn -0.0528 0.9952 0.0827
vn -0.0024 0.9989 -0.0471
vn 0.1404 0.9727 0.1848
vn 0.0535 0.9926 0.1092
vn 0.0747 -0.9702 0.2306
vn -0.3487 -0.9370 0.0190
vn 0.1623 -0.9801 -0.1145
vn -0.1667 -0.9677 -0.1888
vn 0.1377 -0.9851 -0.1031
vn 0.2827 -0.9523 0.1149
vn 0.2721 -0.9618 -0.0302
vn 0.0337 -0.9837 -0.1764
vn -0.9913 -0.1260 -0.0376
vn -0.9579 -0.1603 -0.2382
vn -0.8828 0.2960 -0.3649
vn -0.9488 0.3159 0.0043
vn -0.7508 -0.1245 -0.6487
vn -0.7501 -0.0127 -0.6612
vn -0.6174 -0.0077 -0.7866
vn -0.6469 -0.1880 -0.7390
vn -0.7765 -0.0100 -0.6301
vn 0.4916 0.0476 0.8695
vn 0.4916 -0.0320 0.8702
vn 0.3394 0.2181 0.9150
vn 0.5349 0.2085 0.8188
vn 0.9710 -0.1510 0.1856
vn 0.9711 0.0195 0.2380
vn 0.9717 -0.0400 0.2329
vn 0.9873 0.0048 0.1585
vn 0.8052 -0.2947 0.5146
vn -0.5159 -0.8064 -0.2892
vn -0.7906 -0.0434 -0.6108
vn -0.4618 -0.7670 -0.4454
vn -0.5067 0.6782 -0.5323
vn -0.4635 0.6979 -0.5460
vn 0.2141 -0.9140 0.3447
vn 0.2066 -0.8747 0.4385
vn 0.5996 -0.5396 0.5910
vn 0.6792 0.6765 0.2846
vn 0.4063 0.7055 0.5807
vn -0.6951 -0.7098 -0.1139
vn -0.6873 -0.6808 -0.2534
vn -0.9348 -0.1752 -0.3090
vn -0.9694 -0.1982 0.1449
vn -0.5874 0.8010 -0.1156
vn -0.6217 0.7463 -0.2375
vn -0.8189 0.1761 -0.5463
vn -0.3612 0.9255 -0.1135
vn -0.4086 0.7370 -0.5383
vn -0.7160 -0.0532 -0.6961
vn -0.4284 -0.6343 -0.6435
vn -0.2469 -0.9044 -0.3479
vn 0.4222 -0.8060 0.4149
vn 0.4514 -0.5240 0.7223
vn 0.5957 -0.2909 0.7486
vn 0.5331 -0.7558 0.3802
vn 0.0904 0.8411 0.5333
vn 0.3842 0.6754 0.6295
vn 0.6820 0.7308 -0.0283
vn 0.9984 -0.0034 0.0565
vn 0.6435 0.7629 0.0619
vn 0.9574 0.1868 0.2202
vn 0.7121 -0.6958 0.0935
vn 0.6910 -0.6699 0.2716
vn 0.6134 -0.5378 0.5783
vn 0.4352 -0.8264 0.3572
vn 0.1500 -0.9622 0.2275
vn -0.5745 -0.7176 -0.3936
vn -0.7957 -0.2299 -0.5603
vn -0.8100 -0.2017 -0.5506
vn -0.7917 0.1204 -0.5989
vn -0.5576 0.7671 -0.3172
vn -0.1538 0.9880 -0.0126
vn -0.0061 0.9962 0.0869
vn 0.5109 0.8136 0.2776
vn 0.7988 0.1726 0.5763
vn 0.8336 0.2650 0.4846
vn 0.8182 -0.0433 0.5733
vn -0.6404 -0.7403 -0.2048
vn -0.2659 -0.9582 -0.1055
vn 0.0505 -0.9961 -0.0724
vn 0.8010 -0.5880 0.1124
vn 0.9710 -0.0418 0.2352
vn 0.9717 -0.0825 0.2212
vn 0.9545 0.2192 0.2024
vn 0.5908 0.7994 0.1092
vn 0.0801 0.9963 -0.0315
vn -0.1019 0.9875 -0.1204
vn -0.6177 0.7503 -0.2357
vn -0.9418 0.2389 -0.2364
vn -0.9169 -0.0454 -0.3964
vn -0.9813 -0.1742 -0.0813
vn 0.1267 -0.8320 0.5400
vn 0.7100 -0.6487 0.2742
vn 0.7734 -0.6130 0.1614
vn 0.3209 -0.7835 0.5321
vn -0.1451 -0.6395 0.7550
vn -0.2091 -0.8126 0.5440
vn -0.6371 -0.3685 0.6770
vn -0.6683 -0.3538 0.6544
vn -0.7121 0.6992 -0.0632
vn -0.8359 0.5268 0.1539
vn -0.5241 0.7851 -0.3301
vn -0.3957 0.7623 -0.5122
vn -0.1082 0.7770 -0.6201
vn -0.2466 0.8332 -0.4949
vn 0.2450 0.7294 -0.6387
vn 0.2890 0.7104 -0.6417
vn 0.8470 0.2244 -0.4819
vn 0.7540 0.2679 -0.5997
vn 0.9695 0.0322 -0.2428
vn 0.8633 -0.0720 -0.4995
vn 0.9700 -0.1814 -0.1620
vn 0.9131 -0.1979 -0.3566
vn -0.8367 -0.0361 0.5465
vn -0.8859 -0.0003 0.4639
vn -0.8509 0.2183 0.4778
vn -0.9098 0.2073 0.3595
vn -0.8440 0.2652 0.4662
vn -0.8976 0.2753 0.3442
vn 0.1541 -0.7783 0.6087
vn 0.8583 -0.4908 0.1495
vn 0.8093 -0.5847 -0.0562
vn 0.2541 -0.7873 0.5618
vn 0.1868 -0.9690 0.1619
vn 0.6077 -0.7597 -0.2315
vn -0.0731 -0.8978 0.4343
vn 0.5785 -0.8147 -0.0399
vn -0.1286 -0.8063 0.5773
vn -0.1810 -0.6230 0.7610
vn -0.0687 -0.8500 0.5223
vn -0.0272 -0.8264 0.5624
vn -0.5018 -0.5612 0.6582
vn -0.3670 -0.6981 0.6148
vn -0.6215 -0.6176 0.4820
vn -0.5072 -0.5995 0.6192
vn -0.8799 0.4266 -0.2092
vn -0.2828 0.8286 -0.4832
vn -0.8936 0.4350 0.1108
vn -0.7525 0.6304 -0.1907
vn -0.1660 0.8432 -0.5112
vn -0.7288 0.6846 0.0110
vn -0.6368 0.7603 -0.1278
vn -0.4294 0.8793 -0.2058
vn 0.0221 0.7990 -0.6009
vn -0.0371 0.7364 -0.6755
vn -0.3455 0.8748 -0.3397
vn -0.2840 0.8653 -0.4131
vn 0.4141 0.6536 -0.6334
vn 0.2972 0.7607 -0.5770
vn 0.0694 0.8196 -0.5687
vn 0.1505 0.6462 -0.7482
vn 0.7762 0.4599 -0.4313
vn 0.8315 0.2499 -0.4961
vn 0.7701 0.1161 -0.6273
vn 0.7866 0.0255 -0.6170
vn 0.9387 0.1047 -0.3284
vn 0.9115 -0.1878 -0.3660
vn 0.8251 -0.0771 -0.5598
vn 0.8578 -0.1625 -0.4876
vn 0.9152 -0.2224 -0.3360
vn 0.9605 -0.1354 -0.2430
vn 0.8336 -0.1262 -0.5378
vn 0.9123 -0.1403 -0.3847
vn -0.9120 0.0289 0.4091
vn -0.9447 0.0959 0.3135
vn -0.8914 -0.2981 0.3415
vn -0.7952 -0.1776 0.5797
vn -0.9046 0.2608 0.3373
vn -0.9760 0.1637 0.1435
vn -0.9520 -0.0732 0.2973
vn -0.8409 0.1044 0.5310
vn -0.8755 0.4265 0.2273
vn -0.9760 -0.1493 0.1585
vn -0.9142 0.3637 0.1790
vn -0.8819 0.2133 0.4205
vn -0.8301 -0.4330 0.3514
vn -0.1894 -0.9298 0.3157
vn 0.2990 -0.9526 0.0558
vn 0.5512 -0.7946 0.2548
vn 0.9632 -0.2687 -0.0044
vn 0.9949 0.0038 -0.1005
vn 0.8770 0.0934 -0.4714
vn 0.3717 0.6070 -0.7024
vn 0.1416 0.8520 -0.5041
vn 0.0811 0.9610 -0.2645
vn -0.4246 0.9041 0.0493
vn -0.8948 0.3882 0.2206
vn -0.9620 0.1378 0.2356
vn -0.9262 0.0256 0.3762
vn 0.8074 -0.5783 -0.1173
vn 0.1758 -0.9007 0.3972
vn -0.3326 -0.8851 0.3256
vn -0.7127 -0.6025 0.3594
vn -0.9388 -0.1243 0.3212
vn -0.9797 -0.0287 0.1983
vn -0.9264 0.1589 0.3413
vn -0.5821 0.7884 0.1991
vn -0.1893 0.9811 -0.0403
vn 0.0004 0.9824 -0.1867
vn 0.3918 0.7978 -0.4583
vn 0.7759 0.2332 -0.5861
vn 0.8705 -0.0060 -0.4921
vn 0.9162 -0.0499 -0.3977
vn 0.6421 0.7593 -0.1058
vn 0.6208 0.7536 -0.2161
vn 0.2366 0.8717 -0.4291
vn 0.0326 0.8866 -0.4615
vn 0.2548 0.8662 -0.4297
vn 0.1929 0.8682 -0.4571
vn -0.4015 0.7356 -0.5457
vn -0.2188 0.8595 -0.4619
vn -0.8754 -0.4792 -0.0634
vn -0.3854 -0.9031 0.1893
vn -0.4572 -0.8115 0.3639
vn -0.8952 -0.4448 -0.0282
vn 0.2264 -0.9162 0.3307
vn 0.1076 -0.8230 0.5578
vn 0.7834 -0.5261 0.3311
vn 0.7161 -0.4674 0.5184
vn -0.8793 0.3041 -0.3666
vn -0.8565 0.2373 -0.4584
vn -0.9714 -0.1486 -0.1850
vn -0.9339 -0.1803 -0.3086
vn -0.9468 -0.2713 -0.1729
vn -0.9556 -0.2486 -0.1584
vn 0.9258 -0.2625 0.2721
vn 0.8758 -0.2213 0.4289
vn 0.9656 -0.1816 0.1859
vn 0.8783 -0.0860 0.4704
vn 0.9909 0.1231 0.0540
vn 0.9059 0.2332 0.3536
vn 0.9495 0.1317 0.2847
vn 0.7666 0.6072 -0.2088
vn 0.3336 0.7016 -0.6296
vn 0.1717 0.8624 -0.4763
vn 0.0763 0.8359 -0.5436
vn 0.4127 0.8390 -0.3547
vn 0.1433 0.9055 -0.3994
vn 0.6745 0.7382 -0.0141
vn 0.3292 0.8389 -0.4334
vn 0.1375 0.9872 -0.0808
vn 0.6142 0.7502 0.2448
vn 0.7253 0.6884 0.0071
vn 0.0942 0.9926 -0.0761
vn 0.4693 0.8042 -0.3647
vn 0.0017 0.9516 -0.3073
vn 0.1818 0.8272 -0.5317
vn 0.1547 0.8719 -0.4646
vn 0.1095 0.8744 -0.4727
vn 0.1636 0.8797 -0.4464
vn 0.2362 0.9699 -0.0585
vn 0.0552 0.9855 -0.1605
vn 0.3136 0.9484 -0.0468
vn -0.6897 0.5725 -0.4434
vn -0.6144 0.7779 -0.1317
vn -0.5794 0.3860 -0.7178
vn -0.5236 0.6316 -0.5718
vn -0.2346 0.8790 -0.4151
vn -0.5566 0.6268 -0.5453
vn -0.3627 0.8217 -0.4396
vn -0.2274 -0.6745 0.7024
vn -0.7675 -0.5749 0.2837
vn -0.9296 -0.2031 0.3076
vn -0.0778 -0.9041 0.4202
vn -0.2666 -0.7023 0.6600
vn -0.9131 -0.3968 0.0940
vn -0.3635 -0.7562 0.5441
vn -0.8274 -0.5552 0.0843
vn -0.2498 -0.9642 -0.0890
vn -0.6668 -0.7105 -0.2251
vn -0.1434 -0.9798 0.1395
vn -0.7669 -0.6009 -0.2253
vn -0.8482 -0.4830 -0.2174
vn -0.3614 -0.9314 -0.0433
vn 0.1332 -0.6302 0.7649
vn 0.3160 -0.8651 0.3896
vn 0.0846 -0.6039 0.7926
vn 0.0442 -0.7003 0.7125
vn -0.0619 -0.9942 0.0883
vn 0.1714 -0.9730 0.1545
vn 0.2274 -0.9611 0.1565
vn 0.7317 -0.4402 0.5204
vn 0.6757 -0.6172 0.4030
vn 0.6648 -0.3500 0.6599
vn 0.6278 -0.4424 0.6404
vn 0.4344 -0.8596 0.2689
vn 0.6106 -0.5594 0.5606
vn 0.7652 -0.5230 0.3754
vn -0.9624 0.1425 0.2312
vn -0.9659 -0.1875 -0.1787
vn -0.9220 -0.0847 -0.3779
vn -0.9057 0.2385 -0.3504
vn -0.8105 0.2601 -0.5249
vn -0.7872 0.2191 -0.5765
vn -0.8465 0.1260 -0.5172
vn -0.9487 -0.1620 0.2716
vn -0.9665 -0.2396 -0.0918
vn -0.9842 -0.0227 -0.1758
vn -0.9827 -0.0736 -0.1698
vn -0.8605 0.1692 -0.4806
vn -0.7748 0.0156 -0.6320
vn -0.9121 0.0164 -0.4096
vn -0.9133 -0.3159 0.2569
vn -0.9996 -0.0103 0.0259
vn -0.9673 0.0164 -0.2531
vn -0.9473 -0.1895 -0.2584
vn -0.9099 -0.1682 -0.3793
vn -0.7618 -0.1995 -0.6163
vn -0.9606 -0.1587 -0.2280
vn 0.9844 -0.1429 0.1023
vn 0.9596 -0.2512 -0.1268
vn 0.9210 -0.0586 0.3852
vn 0.9141 -0.1185 0.3878
vn 0.8134 -0.3732 0.4463
vn 0.6592 -0.0654 0.7491
vn 0.8572 -0.1540 0.4914
vn 0.9998 -0.0030 0.0186
vn 0.9467 0.1750 -0.2704
vn 0.9487 0.0329 0.3146
vn 0.9190 0.0254 0.3935
vn 0.8924 0.0594 0.4473
vn 0.7589 0.1457 0.6347
vn 0.9303 0.0162 0.3664
vn 0.9114 0.4036 0.0805
vn 0.8428 0.3533 -0.4061
vn 0.9102 0.1274 0.3942
vn 0.8350 0.2724 0.4780
vn 0.8227 0.1351 0.5522
vn 0.9632 0.0598 0.2619
vn 0.0158 0.9300 0.3673
vn 0.0213 0.9987 -0.0461
vn -0.0372 0.9988 -0.0303
vn 0.1222 0.9542 0.2730
vn -0.1643 -0.9765 -0.1392
vn -0.1385 -0.9811 -0.1353
vn 0.2867 -0.9569 -0.0462
vn 0.1888 -0.9668 -0.1722
vn 0.5120 -0.1282 0.8494
vn 0.3301 -0.1626 0.9298
vn 0.3084 0.1023 0.9457
vn 0.4291 0.1331 0.8934
vn -0.0367 -0.1148 -0.9927
vn -0.3723 -0.1274 -0.9193
vn -0.3746 0.0641 -0.9250
vn -0.0039 0.0124 -0.9999
vn 0.0434 0.9987 0.0280
vn -0.0528 0.9983 0.0235
vn -0.1096 0.9870 -0.1177
vn 0.0027 0.9624 0.2717
vn 0.0850 0.9964 0.0035
vn -0.0080 1.0000 0.0058
vn 0.1207 0.9712 -0.2055
vn 0.0757 0.9941 -0.0772
vn 0.0192 -0.9529 -0.3027
vn 0.2903 -0.9528 0.0890
vn -0.1629 -0.9847 -0.0613
vn 0.1070 -0.9863 0.1256
vn -0.0345 -0.9991 -0.0240
vn -0.0175 -0.9251 -0.3793
vn -0.1071 -0.9645 -0.2416
vn -0.1737 -0.9840 0.0393
vn 0.6701 -0.1278 0.7312
vn 0.4064 -0.1716 0.8974
vn 0.1267 0.2257 0.9659
vn 0.5314 0.2987 0.7927
vn -0.5936 -0.1567 0.7893
vn -0.6163 -0.0117 0.7874
vn -0.5443 -0.0172 0.8387
vn -0.5336 -0.1395 0.8341
vn 0.2753 -0.0213 0.9611
vn 0.4927 0.0635 -0.8679
vn 0.2847 -0.0218 -0.9584
vn 0.3895 0.2086 -0.8971
vn 0.4730 0.2280 -0.8510
vn -0.7241 -0.2067 -0.6580
vn -0.7168 0.0474 -0.6956
vn -0.4980 -0.0649 -0.8648
vn -0.5378 -0.0063 -0.8430
vn -0.2639 -0.2251 -0.9379
vn 0.3626 -0.9015 0.2363
vn 0.4265 -0.0443 0.9034
vn 0.2636 -0.7403 0.6185
vn 0.2318 0.5871 0.7756
vn 0.0487 0.6833 0.7285
vn 0.0166 -0.8743 -0.4851
vn 0.0720 -0.8728 -0.4827
vn -0.0276 -0.4800 -0.8769
vn -0.2108 0.7460 -0.6317
vn 0.0118 0.6881 -0.7255
vn 0.4984 -0.7072 0.5014
vn 0.1909 -0.6900 0.6982
vn 0.2549 -0.1523 0.9549
vn 0.5893 -0.2617 0.7643
vn 0.5129 0.8341 0.2031
vn 0.1491 0.6196 0.7706
vn -0.4898 0.1693 0.8552
vn -0.0637 0.9353 0.3482
vn -0.4776 0.7595 0.4417
vn -0.4783 -0.0300 0.8777
vn -0.5039 -0.7077 0.4952
vn -0.2176 -0.9104 0.3520
vn 0.1038 -0.7621 -0.6390
vn 0.2315 -0.4784 -0.8471
vn 0.4268 -0.2960 -0.8545
vn 0.1314 -0.7021 -0.6998
vn 0.3360 0.8093 -0.4818
vn 0.3862 0.6478 -0.6566
vn -0.4199 0.7950 -0.4378
vn -0.6161 0.0374 -0.7868
vn -0.5249 0.7109 -0.4682
vn -0.7073 0.1765 -0.6846
vn -0.6075 -0.6371 -0.4744
vn -0.3347 -0.6421 -0.6897
vn 0.2367 -0.6249 -0.7440
vn 0.0737 -0.9973 -0.0059
vn -0.2447 -0.9226 0.2983
vn -0.4596 -0.6562 0.5985
vn -0.4486 -0.1983 0.8715
vn -0.4838 -0.0291 0.8747
vn -0.3868 0.2076 0.8985
vn -0.2227 0.7776 0.5880
vn -0.0394 0.9869 0.1565
vn 0.0100 0.9963 -0.0857
vn 0.1369 0.8091 -0.5715
vn 0.2985 0.2123 -0.9305
vn 0.3276 -0.0697 -0.9422
vn 0.2757 -0.1023 -0.9558
vn 0.7202 -0.6805 0.1354
vn 0.0233 -0.9960 0.0865
vn -0.3581 -0.9213 -0.1514
vn -0.7104 -0.5911 -0.3819
vn -0.9081 -0.2083 -0.3634
vn -0.9194 -0.0051 -0.3933
vn -0.9239 0.1864 -0.3343
vn -0.6371 0.7465 -0.1920
vn -0.1937 0.9810 -0.0129
vn 0.0461 0.9984 0.0336
vn 0.5426 0.8285 0.1384
vn 0.9434 0.2334 0.2355
vn 0.9510 -0.0949 0.2941
vn 0.9767 -0.0939 0.1929
vn -0.2565 0.9464 -0.1965
vn 0.0709 0.9965 0.0443
vn 0.0971 0.9946 -0.0373
vn -0.3011 0.9533 0.0226
vn 0.1474 -0.9784 -0.1448
vn 0.1310 -0.9847 -0.1152
vn -0.1962 -0.8997 0.3898
vn -0.0286 -0.9494 0.3128
vn -0.9631 -0.0661 -0.2608
vn -0.9901 -0.1188 -0.0746
vn -0.9710 0.1831 -0.1539
vn -0.9124 0.2274 -0.3402
vn 0.9619 -0.1917 0.1947
vn 0.9785 -0.1830 -0.0947
vn 0.9934 -0.0844 -0.0778
vn 0.9621 -0.0761 0.2617
vn -0.0431 0.9990 0.0083
vn 0.0962 0.9923 -0.0781
vn 0.2327 0.9706 -0.0612
vn -0.1550 0.9737 -0.1669
vn -0.0157 0.9956 0.0926
vn -0.0241 0.9997 -0.0016
vn 0.1838 0.9703 0.1572
vn 0.0594 0.9931 0.1010
vn 0.0976 -0.9601 0.2621
vn -0.4275 -0.9004 0.0809
vn 0.1148 -0.9917 -0.0578
vn -0.2603 -0.9628 -0.0730
vn 0.0253 -0.9993 -0.0260
vn 0.3767 -0.9263 0.0091
vn 0.3119 -0.9487 -0.0514
vn -0.0308 -0.9785 -0.2042
vn -0.9621 -0.0315 0.2709
vn -0.9923 -0.0760 -0.0976
vn -0.8889 0.3258 -0.3221
vn -0.9418 0.3251 0.0857
vn -0.7121 -0.1334 -0.6893
vn -0.6597 -0.0494 -0.7499
vn -0.8334 0.0316 -0.5518
vn -0.8264 -0.1097 -0.5522
vn -0.9969 0.0581 -0.0538
vn 0.7420 0.0460 0.6688
vn 0.8884 -0.0619 0.4549
vn 0.8021 0.1782 0.5699
vn 0.7374 0.2172 0.6395
vn 0.9786 -0.1851 -0.0896
vn 0.9989 -0.0374 -0.0277
vn 0.9889 -0.1283 0.0752
vn 0.9969 -0.0683 -0.0389
vn 0.9448 -0.3028 0.1253
vn -0.6527 -0.7569 0.0337
vn -0.9609 0.0395 -0.2740
vn -0.6279 -0.7341 -0.2585
vn -0.7034 0.6455 -0.2975
vn -0.7250 0.6648 -0.1803
vn 0.4053 -0.9063 0.1193
vn 0.2428 -0.9283 0.2816
vn 0.8206 -0.5492 0.1580
vn 0.7716 0.6326 -0.0663
vn 0.7134 0.6569 0.2439
vn -0.7605 -0.6268 0.1695
vn -0.7854 -0.5903 -0.1863
vn -0.9712 -0.0773 -0.2252
vn -0.9618 -0.1499 0.2290
vn -0.4902 0.8479 0.2021
vn -0.6910 0.6976 -0.1895
vn -0.8226 0.1509 -0.5482
vn -0.3822 0.9193 -0.0942
vn -0.3718 0.8377 -0.4000
vn -0.8692 0.0410 -0.4928
vn -0.5140 -0.7078 -0.4846
vn -0.2713 -0.9257 -0.2637
vn 0.6062 -0.7735 0.1850
vn 0.7773 -0.5142 0.3625
vn 0.7327 -0.3292 0.5957
vn 0.6507 -0.7017 0.2901
vn 0.4101 0.8065 0.4258
vn 0.5834 0.6267 0.5166
vn 0.6465 0.7347 -0.2057
vn 0.9811 -0.0580 -0.1846
vn 0.7482 0.6483 -0.1409
vn 0.9930 0.0922 -0.0741
vn 0.7583 -0.6517 -0.0152
vn 0.6873 -0.6986 0.1988
vn 0.5527 -0.5216 0.6499
vn 0.0038 -0.9987 0.0501
vn -0.3249 -0.8803 -0.3457
vn -0.5798 -0.6647 -0.4712
vn -0.7176 -0.1939 -0.6689
vn -0.7108 -0.0547 -0.7012
vn -0.6716 0.1599 -0.7234
vn -0.3288 0.8555 -0.4001
vn -0.1103 0.9905 -0.0820
vn 0.0742 0.9944 0.0749
vn 0.4184 0.7564 0.5028
vn 0.5382 0.1962 0.8197
vn 0.5352 -0.0882 0.8401
vn 0.5675 -0.1475 0.8101
vn -0.8123 -0.5732 0.1078
vn -0.4076 -0.9088 -0.0886
vn 0.0442 -0.9853 -0.1647
vn 0.7616 -0.5996 -0.2459
vn 0.9818 -0.1084 -0.1558
vn 0.9928 -0.1194 0.0038
vn 0.9566 0.2119 -0.1998
vn 0.5960 0.7984 -0.0856
vn 0.0893 0.9918 -0.0909
vn -0.1779 0.9831 -0.0429
vn -0.6921 0.7179 0.0745
vn -0.9812 0.1785 0.0739
vn -0.9860 0.0067 0.1669
vn -0.9712 -0.2288 0.0658
vn -0.3335 0.9263 -0.1752
vn 0.0589 0.9916 -0.1150
vn 0.0465 0.9833 -0.1758
vn -0.3252 0.9445 -0.0469
vn 0.1272 -0.9862 0.1057
vn 0.1093 -0.9827 0.1492
vn -0.0771 -0.8029 0.5912
vn 0.1045 -0.8489 0.5182
vn -0.9499 -0.1111 0.2922
vn -0.9560 -0.1901 0.2236
vn -0.9871 0.1315 0.0914
vn -0.9740 0.1332 0.1830
vn 0.9901 -0.1070 0.0912
vn 0.9918 -0.1267 -0.0170
vn 0.9993 -0.0344 0.0127
vn 0.9866 0.0266 0.1609
vn -0.0360 0.9881 0.1495
vn 0.0216 0.9974 -0.0688
vn 0.1381 0.9785 0.1532
vn -0.2435 0.9655 -0.0921
vn 0.0213 0.9739 0.2260
vn -0.0463 0.9918 0.1187
vn 0.1961 0.9646 0.1764
vn 0.0992 0.9814 0.1644
vn 0.2041 -0.9600 0.1914
vn -0.3502 -0.9232 0.1585
vn 0.2276 -0.8996 -0.3727
vn -0.2118 -0.9161 -0.3405
vn 0.0212 -0.9538 0.2998
vn 0.3100 -0.9164 0.2531
vn 0.0297 -0.9582 0.2844
vn -0.1388 -0.9654 0.2209
vn -0.9313 -0.0634 0.3587
vn -0.9703 -0.1475 0.1920
vn -0.9626 0.2666 0.0487
vn -0.9341 0.2987 0.1954
vn -0.9825 -0.1413 -0.1214
vn -0.9883 -0.0057 -0.1524
vn -0.9693 -0.0096 -0.2455
vn -0.9711 -0.1497 -0.1861
vn -0.9787 -0.0308 0.2029
vn 0.9462 0.0753 0.3148
vn 0.9641 -0.0244 0.2643
vn 0.9084 0.1891 0.3728
vn 0.9373 0.2363 0.2560
vn 0.9695 -0.2451 -0.0098
vn 0.9812 -0.0009 0.1928
vn 0.9977 -0.0464 0.0503
vn 0.9987 -0.0189 -0.0480
vn 0.9401 -0.2427 0.2395
vn -0.5570 -0.6997 0.4474
vn -0.9684 -0.0169 0.2487
vn -0.5438 -0.8128 0.2089
vn -0.8124 0.5831 -0.0032
vn -0.7909 0.6082 -0.0675
vn 0.4848 -0.8288 0.2795
vn 0.2679 -0.8799 0.3923
vn 0.8948 -0.4209 0.1491
vn 0.7554 0.6488 -0.0915
vn 0.6587 0.7503 0.0565
vn -0.5923 -0.8056 -0.0127
vn -0.8121 -0.5829 0.0280
vn -0.9838 -0.1561 0.0879
vn -0.8803 -0.2182 0.4212
vn -0.5068 0.7769 0.3737
vn -0.7328 0.6801 0.0191
vn -0.9829 0.1835 0.0152
vn -0.3714 0.8988 0.2327
vn -0.6274 0.7767 -0.0557
vn -0.9951 -0.0571 -0.0810
vn -0.6821 -0.7168 0.1445
vn -0.5401 -0.8008 0.2590
vn 0.6254 -0.7161 0.3099
vn 0.8188 -0.4775 0.3186
vn 0.9273 -0.2018 0.3152
vn 0.6111 -0.7800 0.1344
vn 0.4866 0.7911 0.3707
vn 0.7128 0.6377 0.2920
vn 0.6285 0.7539 -0.1917
vn 0.9873 -0.0097 -0.1584
vn 0.6719 0.7201 0.1731
vn 0.9600 0.1806 0.2139
vn 0.7674 -0.6025 -0.2190
vn 0.7280 -0.6829 0.0606
vn -0.2170 -0.9220 0.3206
vn -0.0517 -0.9901 0.1302
vn 0.1415 -0.9847 0.1014
vn 0.3757 -0.6353 0.6747
vn 0.5950 -0.2602 0.7604
vn 0.6787 -0.1075 0.7265
vn 0.6481 0.1254 0.7512
vn 0.2455 0.8720 0.4236
vn 0.0048 0.9834 0.1815
vn -0.0236 0.9955 0.0915
vn -0.3681 0.8244 0.4299
vn -0.5771 0.3107 0.7553
vn -0.4821 0.5513 0.6809
vn -0.4838 0.2850 0.8274
vn -0.3461 -0.3362 0.8759
vn -0.2509 0.9591 -0.1314
vn -0.2518 0.9678 0.0084
vn -0.4513 0.8922 0.0192
vn -0.4525 0.8644 -0.2193
vn -0.1307 0.9892 -0.0656
vn -0.1132 0.9930 -0.0337
vn 0.4422 0.8834 -0.1554
vn 0.5300 0.8263 0.1904
vn 0.1223 -0.9627 0.2411
vn 0.6637 -0.7353 -0.1374
vn 0.7021 -0.6663 0.2512
vn 0.1949 -0.9806 0.0199
vn -0.0925 -0.9258 0.3665
vn -0.2054 -0.9763 0.0676
vn -0.6590 -0.7099 0.2485
vn -0.7750 -0.6293 0.0576
vn 0.9586 -0.0100 0.2846
vn 0.9608 0.2412 -0.1365
vn 0.9362 0.1156 0.3319
vn 0.9940 0.0575 -0.0929
vn 0.9537 0.0160 0.3003
vn 0.9504 -0.1655 -0.2634
vn -0.9659 -0.1109 -0.2341
vn -0.9670 -0.1547 0.2024
vn -0.9679 -0.1366 -0.2109
vn -0.9752 -0.1141 0.1896
vn -0.8714 0.4903 0.0145
vn -0.9084 0.4175 -0.0241
vn -0.0224 0.9990 -0.0383
vn -0.4906 0.8650 0.1052
vn -0.5849 0.7831 0.2114
vn -0.2354 0.9529 0.1914
vn -0.0773 0.9929 0.0901
vn -0.5541 0.8312 0.0465
vn -0.0088 0.9930 0.1177
vn -0.7770 0.6067 0.1678
vn -0.6914 0.7023 -0.1697
vn -0.1187 0.9929 -0.0079
vn -0.0486 0.9919 -0.1176
vn -0.7290 0.6277 -0.2730
vn -0.0110 0.9984 -0.0559
vn -0.0240 0.9945 0.1015
vn -0.0225 0.9980 0.0590
vn 0.0035 0.9939 0.1101
vn 0.0415 0.9991 0.0055
vn -0.0317 0.9995 0.0029
vn 0.5137 0.7842 -0.3481
vn 0.6476 0.7611 0.0353
vn 0.4701 0.8808 0.0566
vn 0.6352 0.7489 0.1890
vn 0.5541 0.8323 0.0176
vn 0.4813 0.8306 0.2800
vn 0.9424 -0.2501 -0.2221
vn 0.3092 -0.8934 -0.3260
vn 0.8585 -0.4223 -0.2909
vn 0.2816 -0.9543 -0.1000
vn 0.8854 -0.4304 -0.1756
vn 0.3167 -0.9474 -0.0463
vn 0.5335 -0.8455 -0.0249
vn 0.1287 -0.9794 -0.1553
vn 0.2526 -0.9664 0.0478
vn -0.2574 -0.9585 -0.1223
vn -0.1976 -0.9015 0.3851
vn 0.2066 -0.8815 0.4246
vn -0.3074 -0.9088 -0.2822
vn -0.1270 -0.9916 0.0254
vn -0.3225 -0.9465 -0.0093
vn 0.0008 -0.9837 -0.1796
vn -0.2064 -0.9626 -0.1754
vn -0.1512 -0.8921 0.4258
vn -0.7426 -0.6651 -0.0786
vn -0.6687 -0.7385 0.0870
vn -0.7536 -0.6560 0.0422
vn -0.6500 -0.7131 -0.2627
vn -0.7132 -0.6850 -0.1487
vn -0.7787 -0.6249 -0.0559
vn 0.9900 -0.0916 -0.1071
vn 0.9127 0.0145 -0.4084
vn 0.9909 0.0729 -0.1133
vn 0.9500 0.3121 -0.0106
vn 0.9496 0.2907 0.1171
vn 0.9152 0.1591 0.3703
vn 0.9612 -0.2451 -0.1269
vn 0.9399 -0.1713 -0.2953
vn 0.9479 -0.1856 -0.2590
vn 0.9957 0.0311 0.0873
vn 0.9673 0.2045 0.1503
vn 0.9725 0.1884 0.1367
vn 0.9912 0.0648 -0.1155
vn 0.9442 -0.0957 -0.3150
vn 0.9663 0.0882 -0.2420
vn 0.9764 -0.1860 0.1096
vn 0.9590 -0.2342 0.1597
vn 0.9339 -0.1459 0.3264
vn -0.9321 -0.3565 0.0646
vn -0.9548 -0.2967 -0.0179
vn -0.9140 -0.3365 0.2266
vn -0.9234 0.0497 -0.3805
vn -0.9813 -0.1870 -0.0449
vn -0.9541 -0.1908 -0.2308
vn -0.9856 -0.1490 0.0800
vn -0.9660 0.2381 0.1004
vn -0.9355 0.1780 0.3052
vn -0.9106 0.2480 -0.3307
vn -0.9969 0.0221 0.0752
vn -0.9682 0.0118 -0.2497
vn -0.9323 0.2873 0.2197
vn -0.8134 0.5359 0.2261
vn -0.8787 0.4612 0.1231
vn -0.9484 0.0024 -0.3171
vn -0.9949 -0.0483 0.0886
vn -0.9724 -0.0030 -0.2334
vn -0.1450 -0.9012 0.4085
vn 0.2999 0.9503 -0.0838
vn -0.0444 0.9990 -0.0066
vn -0.0216 0.9989 0.0416
vn 0.2590 0.9446 -0.2014
vn -0.0340 -0.9794 0.1989
vn -0.0589 -0.9865 0.1530
vn -0.0475 -0.9603 -0.2748
vn -0.1829 -0.9740 -0.1338
vn 0.8764 -0.1453 -0.4590
vn 0.8597 -0.1997 -0.4700
vn 0.8932 0.1099 -0.4359
vn 0.8965 0.1730 -0.4078
vn -0.8938 -0.1365 0.4272
vn -0.7894 -0.1387 0.5980
vn -0.8026 -0.0270 0.5959
vn -0.9342 -0.0033 0.3568
vn 0.0491 0.9969 -0.0619
vn 0.0062 0.9983 0.0580
vn -0.1178 0.9921 0.0443
vn 0.2532 0.9660 -0.0528
vn -0.0609 0.9952 -0.0767
vn 0.0476 0.9989 -0.0024
vn -0.1845 0.9799 0.0753
vn -0.1030 0.9946 0.0081
vn -0.2281 -0.9725 -0.0475
vn 0.2609 -0.9324 -0.2502
vn -0.1314 -0.9878 0.0836
vn 0.1367 -0.9739 -0.1810
vn 0.0492 -0.9863 0.1574
vn -0.2407 -0.9406 0.2393
vn -0.0675 -0.9661 0.2492
vn 0.1668 -0.9807 0.1018
vn 0.8944 -0.0854 -0.4391
vn 0.8083 -0.1510 -0.5691
vn 0.8463 0.2619 -0.4639
vn 0.8570 0.3119 -0.4102
vn 0.9342 -0.1343 -0.3304
vn 0.9472 -0.0090 -0.3204
vn 0.9870 -0.0043 -0.1604
vn 0.9684 -0.1606 -0.1910
vn 0.8772 -0.0037 -0.4801
vn -0.9518 0.0437 0.3035
vn -0.9533 -0.0345 0.3002
vn -0.9685 0.2074 0.1379
vn -0.9051 0.2321 0.3563
vn -0.8930 -0.2265 0.3890
vn -0.9335 0.0531 0.3545
vn -0.8819 -0.0554 0.4682
vn -0.8659 -0.0004 0.5003
vn -0.8449 -0.2622 0.4663
vn 0.5065 -0.8000 -0.3217
vn 0.8912 -0.0226 -0.4530
vn 0.5692 -0.7888 -0.2319
vn 0.7076 0.6395 -0.3006
vn 0.6975 0.6541 -0.2926
vn -0.4009 -0.9032 0.1533
vn -0.4422 -0.8969 0.0078
vn -0.7705 -0.5209 0.3673
vn -0.5752 0.6883 0.4420
vn -0.6772 0.7103 0.1919
vn 0.6270 -0.6324 -0.4549
vn 0.7058 -0.5933 -0.3872
vn 0.8503 -0.1619 -0.5008
vn 0.8588 -0.2853 -0.4256
vn 0.5644 0.7572 -0.3288
vn 0.6292 0.7049 -0.3273
vn 0.8944 0.1945 -0.4027
vn 0.3111 0.9139 -0.2608
vn 0.6454 0.7605 -0.0721
vn 0.9661 -0.0466 -0.2538
vn 0.7405 -0.6712 -0.0328
vn 0.4669 -0.8801 -0.0868
vn -0.5502 -0.7827 0.2911
vn -0.8119 -0.5090 0.2860
vn -0.8671 -0.2994 0.3981
vn -0.5060 -0.7884 0.3499
vn -0.5529 0.8326 -0.0327
vn -0.6909 0.6808 0.2433
vn -0.4174 0.7865 0.4552
vn -0.7827 -0.0023 0.6224
vn -0.5889 0.7542 0.2906
vn -0.9180 0.1772 0.3548
vn -0.6365 -0.6623 0.3951
vn -0.6819 -0.6757 0.2801
vn 0.6813 -0.5179 -0.5172
vn -0.0654 -0.9580 -0.2793
vn -0.5128 -0.8471 -0.1395
vn -0.7605 -0.5697 0.3114
vn -0.8696 -0.2321 0.4357
vn -0.8728 0.0198 0.4877
vn -0.8640 0.1833 0.4689
vn -0.4802 0.7765 0.4080
vn 0.0166 0.9608 0.2768
vn 0.2146 0.9368 0.2764
vn 0.6201 0.7824 0.0576
vn 0.9412 0.2453 -0.2322
vn 0.9764 -0.0620 -0.2068
vn 0.9089 -0.1034 -0.4039
vn 0.3959 0.9171 -0.0467
vn -0.0253 0.9994 -0.0244
vn -0.0545 0.9975 0.0441
vn -0.0632 0.9922 0.1070
vn -0.2790 -0.9415 0.1891
vn -0.1016 -0.9913 0.0838
vn 0.1439 -0.9417 -0.3040
vn -0.0459 -0.9672 -0.2500
vn 0.9898 -0.1425 0.0036
vn 0.9783 -0.1682 -0.1213
vn 0.9941 0.1080 -0.0052
vn 0.9776 0.1602 0.1367
vn -0.9865 -0.1210 -0.1102
vn -0.9720 -0.1159 0.2042
vn -0.9815 -0.0176 0.1909
vn -0.9699 0.0140 -0.2429
vn 0.1496 0.9714 -0.1843
vn -0.0718 0.9910 0.1126
vn -0.1227 0.9911 -0.0523
vn 0.2060 0.9754 0.0781
vn 0.0236 0.9922 -0.1226
vn 0.0149 0.9997 0.0181
vn -0.1850 0.9795 -0.0799
vn -0.0659 0.9950 -0.0747
vn -0.1863 -0.9809 -0.0557
vn 0.3139 -0.9489 -0.0320
vn -0.1659 -0.9857 0.0309
vn 0.3386 -0.9110 -0.2355
vn -0.0842 -0.9767 0.1975
vn -0.3617 -0.9314 0.0396
vn -0.2987 -0.9389 0.1709
vn 0.0169 -0.9794 0.2014
vn 0.9635 -0.1007 -0.2479
vn 0.9436 -0.1342 -0.3026
vn 0.9532 0.2702 -0.1359
vn 0.9154 0.2894 -0.2798
vn 0.8908 -0.1193 0.4385
vn 0.8877 -0.0131 0.4602
vn 0.8628 -0.0084 0.5055
vn 0.8693 -0.1496 0.4711
vn 0.9931 -0.0072 -0.1174
vn -0.8781 0.0301 -0.4775
vn -0.8647 -0.0366 -0.5010
vn -0.7055 0.1962 -0.6810
vn -0.8798 0.2274 -0.4175
vn -0.9770 -0.2075 0.0500
vn -0.9946 0.0819 -0.0635
vn -0.9881 -0.0674 0.1381
vn -0.9987 0.0234 0.0455
vn -0.9721 -0.2253 0.0654
vn 0.6153 -0.7702 -0.1676
vn 0.9988 -0.0401 0.0264
vn 0.6165 -0.7830 0.0827
vn 0.7500 0.6538 0.0999
vn 0.6903 0.7214 0.0561
vn -0.5212 -0.8520 -0.0486
vn -0.3379 -0.9272 -0.1613
vn -0.8727 -0.4763 -0.1071
vn -0.6998 0.6983 0.1504
vn -0.6981 0.6654 -0.2643
vn 0.7575 -0.4419 -0.4805
vn 0.7360 -0.6708 -0.0914
vn 0.9623 -0.1516 -0.2260
vn 0.9264 -0.2296 -0.2984
vn 0.6454 0.7129 -0.2741
vn 0.7141 0.6762 -0.1813
vn 0.9316 0.1496 0.3314
vn 0.4285 0.9036 0.0006
vn 0.4988 0.8139 0.2979
vn 0.9316 -0.0535 0.3595
vn 0.4806 -0.7523 0.4508
vn 0.3857 -0.8749 0.2929
vn -0.6265 -0.7634 -0.1574
vn -0.7662 -0.4955 -0.4091
vn -0.8974 -0.3029 -0.3209
vn -0.6342 -0.7705 -0.0636
vn -0.2773 0.8307 -0.4827
vn -0.6434 0.6891 -0.3334
vn -0.5945 0.7187 0.3605
vn -0.9467 0.0112 0.3219
vn -0.6425 0.7479 0.1670
vn -0.9885 0.1462 0.0388
vn -0.7742 -0.5799 0.2537
vn -0.7451 -0.6638 0.0654
vn 0.1760 0.9574 -0.2288
vn -0.0400 0.9992 0.0098
vn -0.0432 0.9990 0.0086
vn 0.1280 0.9452 -0.3003
vn 0.0994 -0.9736 0.2057
vn 0.0513 -0.9839 0.1711
vn -0.3556 -0.8615 -0.3625
vn -0.4168 -0.8889 -0.1901
vn 0.3865 -0.1536 -0.9094
vn 0.5533 -0.2075 -0.8067
vn 0.6144 0.1109 -0.7812
vn 0.4736 0.2017 -0.8574
vn -0.4014 -0.1326 0.9063
vn -0.4229 -0.1471 0.8941
vn -0.4420 -0.0190 0.8968
vn -0.5039 0.0073 0.8637
vn 0.0275 0.9954 -0.0919
vn -0.0066 0.9995 0.0306
vn -0.0889 0.9925 0.0838
vn 0.1766 0.9671 -0.1833
vn -0.1132 0.9932 -0.0278
vn 0.0533 0.9985 -0.0141
vn -0.1065 0.9814 0.1598
vn -0.0596 0.9961 0.0657
vn -0.3143 -0.9491 -0.0233
vn 0.0341 -0.9141 -0.4040
vn -0.0913 -0.9845 0.1497
vn 0.1016 -0.9718 -0.2129
vn 0.1615 -0.9815 0.1031
vn -0.0538 -0.9258 0.3742
vn 0.1083 -0.9553 0.2752
vn 0.2054 -0.9787 0.0042
vn 0.7295 -0.0859 -0.6785
vn 0.3751 -0.1407 -0.9163
vn 0.5532 0.2603 -0.7913
vn 0.7463 0.2415 -0.6203
vn 0.4045 -0.1350 -0.9045
vn 0.4299 -0.0139 -0.9028
vn 0.6642 -0.0088 -0.7475
vn 0.6213 -0.1691 -0.7651
vn 0.5655 -0.0089 -0.8247
vn -0.6503 0.0347 0.7589
vn -0.6465 -0.0363 0.7621
vn -0.7783 0.2058 0.5932
vn -0.5622 0.2391 0.7917
vn -0.7633 -0.3065 0.5687
vn -0.8816 0.0619 0.4679
vn -0.6237 -0.1088 0.7741
vn -0.5730 0.0063 0.8195
vn -0.6131 -0.2815 0.7382
vn 0.2892 -0.8005 -0.5249
vn 0.3987 -0.0344 -0.9164
vn 0.1294 -0.6725 -0.7287
vn 0.4110 0.6534 -0.6357
vn 0.5190 0.6620 -0.5408
vn -0.1759 -0.9355 0.3063
vn -0.6961 -0.7106 -0.1028
vn -0.3240 -0.5508 0.7692
vn -0.3250 0.7435 0.5845
vn -0.4347 0.6890 0.5799
vn 0.4961 -0.6330 -0.5943
vn 0.2924 -0.5809 -0.7597
vn 0.4568 -0.1598 -0.8751
vn 0.7182 -0.1959 -0.6677
vn 0.2500 0.7989 -0.5471
vn 0.4012 0.6690 -0.6257
vn 0.3215 0.1851 -0.9286
vn 0.0216 0.9271 -0.3741
vn 0.4827 0.7344 -0.4771
vn 0.5751 -0.0420 -0.8170
vn 0.5586 -0.6346 -0.5340
vn 0.2413 -0.9112 -0.3338
vn -0.2001 -0.7971 0.5697
vn -0.5330 -0.5082 0.6764
vn -0.4993 -0.3101 0.8090
vn -0.2162 -0.7878 0.5767
vn -0.5029 0.8352 0.2226
vn -0.4465 0.6959 0.5625
vn -0.2169 0.7462 0.6293
vn -0.4214 -0.0211 0.9066
vn -0.3832 0.8418 0.3801
vn -0.8826 0.0856 0.4623
vn -0.4347 -0.6969 0.5704
vn -0.5922 -0.6628 0.4582
vn 0.6454 0.7372 -0.2000
vn 0.4680 0.8651 0.1808
vn 0.4226 0.8422 -0.3348
vn 0.2092 0.9288 0.3058
vn 0.4466 0.8600 0.2471
vn 0.3879 0.9137 0.1210
vn 0.0579 0.6941 0.7175
vn 0.0040 0.9072 0.4206
vn -0.7460 -0.3919 0.5384
vn -0.6370 -0.7709 -0.0005
vn -0.5252 -0.8488 0.0613
vn -0.6827 -0.4281 0.5922
vn -0.2686 -0.7988 -0.5382
vn -0.1017 -0.8663 -0.4890
vn 0.3693 -0.4803 -0.7955
vn 0.3179 -0.4364 -0.8417
vn -0.3856 0.2247 0.8949
vn -0.5416 0.2252 0.8099
vn -0.5664 -0.1632 0.8078
vn -0.6642 -0.1110 0.7393
vn -0.5697 -0.2452 0.7844
vn -0.7364 -0.1752 0.6535
vn 0.4413 -0.1851 -0.8780
vn 0.6101 -0.2289 -0.7585
vn 0.5096 -0.1161 -0.8526
vn 0.5941 -0.1231 -0.7949
vn 0.5775 0.1383 -0.8046
vn 0.6720 0.1445 -0.7264
vn 0.6320 0.1428 -0.7617
vn 0.6475 0.5828 -0.4910
vn 0.6001 0.7068 0.3746
vn 0.2836 0.8641 0.4157
vn 0.5217 0.7485 0.4093
vn 0.8340 0.5511 -0.0260
vn 0.5023 0.8065 0.3119
vn 0.6640 0.7052 -0.2486
vn 0.5475 0.8137 0.1953
vn 0.3386 0.9238 0.1790
vn 0.5359 0.7879 -0.3031
vn 0.6185 0.7074 -0.3422
vn 0.0983 0.9934 0.0595
vn 0.5962 0.7902 -0.1420
vn 0.1860 0.9200 0.3450
vn 0.4710 0.8298 0.2993
vn 0.4912 0.7637 0.4189
vn 0.4253 0.8100 0.4038
vn 0.4048 0.8682 0.2870
vn 0.4158 0.9094 -0.0146
vn 0.1699 0.9855 -0.0028
vn 0.3512 0.9350 -0.0503
vn -0.2819 0.6980 0.6583
vn -0.1968 0.5404 0.8181
vn -0.1130 0.4371 0.8923
vn -0.1807 0.6096 0.7718
vn 0.1252 0.7969 0.5911
vn -0.0351 0.5757 0.8169
vn -0.0753 0.8438 0.5314
vn -0.6155 -0.6614 -0.4286
vn -0.9173 -0.2362 0.3205
vn -0.8766 -0.4387 0.1975
vn -0.4288 -0.7079 -0.5613
vn -0.6008 -0.7138 -0.3599
vn -0.8589 -0.3974 0.3229
vn -0.6420 -0.7350 -0.2183
vn -0.7265 -0.5074 0.4635
vn -0.0791 -0.9668 0.2431
vn -0.1579 -0.9841 -0.0809
vn -0.3888 -0.7085 0.5889
vn -0.4891 -0.5633 0.6659
vn -0.6049 -0.4830 0.6331
vn -0.2757 -0.9394 0.2036
vn -0.1417 -0.7485 -0.6478
vn -0.2636 -0.5958 -0.7586
vn -0.3290 -0.6187 -0.7134
vn -0.4096 -0.6734 -0.6155
vn -0.1054 -0.9934 -0.0456
vn 0.2134 -0.9574 -0.1944
vn 0.1444 -0.9469 -0.2875
vn 0.2971 -0.6412 -0.7076
vn 0.3479 -0.3376 -0.8747
vn 0.0495 -0.3004 -0.9525
vn 0.2466 -0.4337 -0.8667
vn 0.2161 -0.8543 -0.4726
vn 0.5122 -0.5577 -0.6532
vn 0.4992 -0.5225 -0.6912
vn -0.7557 0.0962 0.6478
vn -0.6577 -0.1154 0.7444
vn -0.6970 -0.0030 0.7171
vn -0.5284 0.2471 0.8122
vn -0.3448 0.2718 0.8985
vn -0.1901 0.2090 0.9593
vn -0.5318 0.1775 0.8281
vn -0.7619 -0.1345 0.6336
vn -0.7007 -0.2002 0.6848
vn -0.8051 0.0628 0.5898
vn -0.6888 -0.0632 0.7222
vn -0.4686 0.0854 0.8793
vn -0.1963 0.0174 0.9804
vn -0.6530 0.0650 0.7546
vn -0.7534 -0.3189 0.5751
vn -0.7708 0.0130 0.6370
vn -0.7750 0.0213 0.6316
vn -0.6580 -0.1998 0.7260
vn -0.5530 -0.1951 0.8100
vn -0.2571 -0.1449 0.9555
vn -0.7234 -0.0978 0.6834
vn 0.6779 -0.1233 -0.7247
vn 0.8842 -0.1704 -0.4350
vn 0.4326 -0.0278 -0.9012
vn 0.5292 -0.1259 -0.8391
vn 0.3538 -0.3402 -0.8713
vn 0.5291 -0.1088 -0.8415
vn 0.6080 -0.1789 -0.7735
vn 0.7965 0.0610 -0.6016
vn 0.9396 0.1074 -0.3249
vn 0.4584 0.0334 -0.8881
vn 0.5325 0.0180 -0.8462
vn 0.3654 0.0333 -0.9303
vn 0.5914 0.0387 -0.8054
vn 0.7331 -0.0562 -0.6777
vn 0.8227 0.3155 -0.4730
vn 0.9665 0.1748 -0.1881
vn 0.4987 0.1254 -0.8577
vn 0.2872 0.2315 -0.9295
vn 0.6243 0.0060 -0.7812
vn 0.6999 0.0189 -0.7140
vn -0.0874 -0.7837 -0.6150
vn -0.0955 -0.5547 -0.8266
vn -0.2462 -0.9689 0.0231
vn -0.1514 -0.5211 0.8400
vn -0.1576 -0.0695 0.9851
vn -0.1482 -0.0298 0.9885
vn -0.1169 0.2080 0.9711
vn 0.0560 0.7784 0.6253
vn 0.1972 0.9780 0.0682
vn 0.1690 0.9784 -0.1191
vn 0.4102 0.7595 -0.5049
vn 0.3427 0.2223 -0.9128
vn 0.4229 -0.0330 -0.9056
vn 0.1646 -0.1783 -0.9701
vn 0.1195 0.7659 -0.6318
vn 0.4120 0.8661 -0.2831
vn 0.0509 0.7880 -0.6136
vn 0.4619 0.8856 -0.0481
vn 0.4440 0.8634 -0.2397
vn 0.4164 0.8650 -0.2800
vn 0.6187 0.7032 0.3502
vn 0.4031 0.8907 0.2101
vn 0.0913 -0.4470 0.8899
vn -0.3675 -0.7741 0.5155
vn -0.2100 -0.8741 0.4381
vn 0.0784 -0.4236 0.9024
vn -0.6115 -0.7879 -0.0731
vn -0.4743 -0.8684 -0.1446
vn -0.5638 -0.4491 -0.6931
vn -0.5848 -0.4492 -0.6755
vn 0.4813 0.2477 0.8408
vn 0.4068 0.2375 0.8821
vn 0.2863 -0.1456 0.9470
vn 0.3034 -0.1500 0.9410
vn 0.2867 -0.2400 0.9275
vn 0.1586 -0.2349 0.9590
vn -0.5412 -0.1964 -0.8176
vn -0.4448 -0.1907 -0.8751
vn -0.3942 -0.1132 -0.9120
vn -0.5041 -0.0715 -0.8607
vn -0.2675 0.1596 -0.9502
vn -0.3935 0.1993 -0.8975
vn -0.3572 0.1422 -0.9231
vn -0.0402 0.5853 -0.8098
vn 0.7242 0.6321 -0.2757
vn 0.6274 0.7777 -0.0385
vn 0.4984 0.8155 -0.2943
vn 0.3838 0.6868 -0.6172
vn 0.3686 0.9136 -0.1714
vn 0.0938 0.7694 -0.6319
vn 0.4550 0.8150 -0.3588
vn 0.2006 0.9578 -0.2057
vn -0.0267 0.8059 -0.5914
vn 0.0642 0.7219 -0.6890
vn 0.1151 0.9855 -0.1245
vn 0.3691 0.7244 -0.5823
vn 0.4361 0.8986 -0.0477
vn 0.5634 0.7929 -0.2321
vn 0.5265 0.7944 -0.3030
vn 0.4344 0.8910 -0.1317
vn 0.4660 0.8682 -0.1704
vn 0.1690 0.9308 -0.3241
vn 0.1531 0.9881 -0.0173
vn 0.2180 0.9068 -0.3609
vn 0.3152 0.6992 0.6417
vn 0.4615 0.5941 0.6588
vn 0.6308 0.5117 0.5834
vn 0.5390 0.5982 0.5930
vn 0.4716 0.8370 0.2775
vn 0.6152 0.4316 0.6598
vn 0.4541 0.8274 0.3305
vn -0.7150 -0.6205 0.3221
vn -0.2758 -0.1861 0.9430
vn -0.1584 -0.5000 0.8514
vn -0.5068 -0.8579 0.0845
vn -0.6614 -0.6834 0.3092
vn -0.2633 -0.3727 0.8898
vn -0.5285 -0.7359 0.4232
vn -0.0088 -0.4988 0.8667
vn 0.1452 -0.9592 0.2428
vn -0.1202 -0.9830 0.1389
vn 0.1223 -0.7202 0.6830
vn 0.2437 -0.5918 0.7684
vn 0.2259 -0.5329 0.8155
vn 0.0474 -0.9494 0.3105
vn -0.5517 -0.7558 -0.3526
vn -0.7785 -0.6081 -0.1553
vn -0.7782 -0.6142 -0.1313
vn -0.7453 -0.6668 -0.0027
vn -0.0601 -0.9931 0.1005
vn -0.0042 -0.9619 -0.2732
vn -0.1551 -0.9506 -0.2690
vn -0.5226 -0.5478 -0.6533
vn -0.4553 -0.3774 -0.8064
vn -0.7304 -0.3060 -0.6106
vn -0.6354 -0.4046 -0.6577
vn -0.2091 -0.8629 -0.4602
vn -0.1143 -0.5369 -0.8359
vn -0.2817 -0.5279 -0.8012
vn -0.0432 0.1218 0.9916
vn 0.1730 -0.1305 0.9762
vn 0.2092 -0.0150 0.9778
vn 0.3825 0.2366 0.8932
vn 0.4757 0.2193 0.8519
vn 0.4695 0.0647 0.8806
vn 0.4556 0.1078 0.8836
vn -0.0813 -0.1522 0.9850
vn 0.1156 -0.2017 0.9726
vn 0.0299 0.0579 0.9979
vn 0.2171 -0.0625 0.9741
vn 0.4421 0.0325 0.8964
vn 0.4978 -0.0078 0.8673
vn 0.3551 -0.0226 0.9345
vn -0.0298 -0.2472 0.9685
vn 0.0153 0.0103 0.9998
vn 0.0728 0.0220 0.9971
vn 0.2375 -0.1964 0.9513
vn 0.3384 -0.2543 0.9060
vn 0.4815 -0.1667 0.8605
vn 0.2134 -0.1859 0.9591
vn -0.1318 -0.1175 -0.9843
vn 0.0523 -0.2212 -0.9738
vn -0.4624 -0.0256 -0.8863
vn -0.4618 -0.1005 -0.8813
vn -0.4270 -0.3019 -0.8524
vn -0.2235 -0.1799 -0.9579
vn -0.2215 -0.1652 -0.9611
vn -0.0359 0.0609 -0.9975
vn 0.2827 0.1227 -0.9513
vn -0.4498 0.0380 -0.8923
vn -0.4734 0.0416 -0.8799
vn -0.3816 -0.1964 -0.9032
vn -0.3128 -0.0583 -0.9480
vn -0.1036 -0.0703 -0.9921
vn 0.0688 0.3146 -0.9467
vn 0.4057 0.1624 -0.8995
vn -0.4411 0.1259 -0.8886
vn -0.3303 0.1389 -0.9336
vn -0.2428 0.2889 -0.9261
vn -0.0230 0.0684 -0.9974
vt 0.648549 0.094122
vt 0.640130 0.039716
vt 0.735836 0.045977
vt 0.740708 0.078684
vt 0.553791 0.104221
vt 0.545811 0.040859
vt 0.657016 0.148446
vt 0.765524 0.131836
vt 0.563800 0.167332
vt 0.665409 0.202671
vt 0.757288 0.184756
vt 0.575005 0.230322
vt 0.129470 0.715391
vt 0.120940 0.662178
vt 0.222046 0.709977
vt 0.215541 0.641264
vt 0.305381 0.641817
vt 0.317716 0.711935
vt 0.108252 0.606188
vt 0.211212 0.579434
vt 0.305904 0.575124
vt 0.104763 0.551295
vt 0.209408 0.526463
vt 0.307798 0.519326
vt 0.118452 0.935135
vt 0.123587 0.879635
vt 0.216243 0.895784
vt 0.211970 0.948960
vt 0.311265 0.910608
vt 0.308768 0.972268
vt 0.127574 0.827852
vt 0.220732 0.835571
vt 0.314799 0.844195
vt 0.129834 0.774793
vt 0.223004 0.779578
vt 0.315761 0.783758
vt 0.110070 0.499599
vt 0.209459 0.500162
vt 0.307260 0.491583
vt 0.114838 0.440936
vt 0.209189 0.449141
vt 0.304460 0.435582
vt 0.400126 0.420233
vt 0.114118 0.389634
vt 0.207463 0.392579
vt 0.300862 0.372096
vt 0.112729 0.347470
vt 0.206655 0.338021
vt 0.295205 0.314653
vt 0.049284 0.767957
vt 0.043415 0.823209
vt 0.043221 0.878789
vt 0.029925 0.446371
vt 0.024604 0.393364
vt 0.031457 0.493972
vt 0.033045 0.343167
vt 0.025520 0.549428
vt 0.818950 0.068227
vt 0.811989 0.020000
vt 0.030524 0.617574
vt 0.827034 0.122689
vt 0.041477 0.674471
vt 0.834452 0.163728
vt 0.048930 0.723897
vt 0.038792 0.929155
vt 0.645791 0.140075
vt 0.724613 0.175057
vt 0.644041 0.169120
vt 0.647542 0.111030
vt 0.727149 0.115868
vt 0.349425 0.602746
vt 0.370881 0.538159
vt 0.427338 0.622381
vt 0.447231 0.565356
vt 0.509054 0.402678
vt 0.431436 0.378028
vt 0.453763 0.316189
vt 0.529757 0.344262
vt 0.296584 0.765046
vt 0.372067 0.794795
vt 0.350477 0.852100
vt 0.275845 0.824067
vt 0.804501 0.179803
vt 0.811192 0.113972
vt 0.887158 0.186574
vt 0.892569 0.121917
vt 0.212261 0.489686
vt 0.271109 0.572677
vt 0.193580 0.548942
vt 0.292078 0.509455
vt 0.253001 0.359850
vt 0.274653 0.307461
vt 0.334083 0.408680
vt 0.357848 0.350326
vt 0.409033 0.436625
vt 0.141541 0.711097
vt 0.220496 0.738650
vt 0.199697 0.795774
vt 0.115433 0.771163
vt 0.390477 0.487155
vt 0.489145 0.459430
vt 0.470498 0.511496
vt 0.545915 0.298686
vt 0.470987 0.271410
vt 0.337334 0.647341
vt 0.418042 0.682736
vt 0.392388 0.738740
vt 0.318117 0.705464
vt 0.331756 0.909836
vt 0.254734 0.881650
vt 0.298891 0.256020
vt 0.329906 0.186823
vt 0.400028 0.229070
vt 0.377315 0.287061
vt 0.309666 0.457556
vt 0.226637 0.429498
vt 0.257894 0.624160
vt 0.240838 0.680811
vt 0.163007 0.652197
vt 0.152074 0.582695
vt 0.169454 0.856287
vt 0.100920 0.807606
vt 0.650369 0.048434
vt 0.733072 0.053292
vt 0.717027 0.278128
vt 0.635592 0.271569
vt 0.801133 0.245386
vt 0.885458 0.241524
vt 0.818218 0.050299
vt 0.898357 0.056726
vt 0.096428 0.584906
vt 0.110330 0.531223
vt 0.125344 0.469701
vt 0.151290 0.398799
vt 0.167118 0.333381
vt 0.193457 0.273134
vt 0.222192 0.215934
vt 0.246006 0.159636
vt 0.980000 0.081834
vt 0.974894 0.136191
vt 0.970489 0.199045
vt 0.968532 0.246161
vt 0.037856 0.733870
vt 0.020000 0.786938
vt 0.063182 0.682137
vt 0.081743 0.627847
vt 0.393259 0.285088
vt 0.452000 0.279731
vt 0.466377 0.371665
vt 0.403111 0.370434
vt 0.323636 0.377228
vt 0.317012 0.293170
vt 0.267867 0.398883
vt 0.261283 0.309978
vt 0.935712 0.605488
vt 0.940193 0.690236
vt 0.904481 0.703105
vt 0.908812 0.607223
vt 0.841925 0.700543
vt 0.844513 0.604028
vt 0.751383 0.688424
vt 0.755857 0.600739
vt 0.729036 0.444099
vt 0.683074 0.430905
vt 0.728115 0.349497
vt 0.681023 0.339607
vt 0.626804 0.410348
vt 0.622601 0.323522
vt 0.569013 0.392124
vt 0.565014 0.308283
vt 0.211269 0.331576
vt 0.219887 0.420977
vt 0.153006 0.358538
vt 0.160536 0.447324
vt 0.095598 0.383220
vt 0.104125 0.472066
vt 0.061429 0.399478
vt 0.070120 0.486982
vt 0.409836 0.455134
vt 0.480471 0.458982
vt 0.493929 0.554921
vt 0.419193 0.544815
vt 0.388999 0.120316
vt 0.460684 0.119743
vt 0.390058 0.200166
vt 0.445409 0.198319
vt 0.348507 0.566617
vt 0.334252 0.480244
vt 0.324703 0.162412
vt 0.319972 0.212806
vt 0.270693 0.494733
vt 0.289160 0.571767
vt 0.260594 0.137149
vt 0.262870 0.219683
vt 0.974227 0.888836
vt 0.903999 0.896844
vt 0.941923 0.770806
vt 0.906116 0.791945
vt 0.913258 0.520273
vt 0.968982 0.431362
vt 0.980000 0.531747
vt 0.920351 0.430664
vt 0.835330 0.877710
vt 0.835539 0.828574
vt 0.848809 0.516336
vt 0.850904 0.433414
vt 0.785837 0.866742
vt 0.758993 0.774413
vt 0.782041 0.518914
vt 0.786834 0.431680
vt 0.731550 0.635712
vt 0.684336 0.615918
vt 0.725098 0.536535
vt 0.679445 0.519631
vt 0.670805 0.250824
vt 0.656442 0.162386
vt 0.729202 0.167239
vt 0.750505 0.258022
vt 0.621532 0.592499
vt 0.617747 0.504436
vt 0.610930 0.231649
vt 0.591950 0.145402
vt 0.565235 0.574388
vt 0.557440 0.484614
vt 0.553215 0.224813
vt 0.527406 0.129775
vt 0.231919 0.509173
vt 0.237843 0.598701
vt 0.211069 0.153433
vt 0.207624 0.242771
vt 0.163874 0.536985
vt 0.174112 0.623610
vt 0.149812 0.176575
vt 0.150417 0.264650
vt 0.106852 0.563826
vt 0.120042 0.652075
vt 0.088196 0.199151
vt 0.092156 0.288865
vt 0.071729 0.691552
vt 0.082802 0.571160
vt 0.035544 0.313608
vt 0.049840 0.211934
vt 0.241979 0.046509
vt 0.304565 0.030982
vt 0.374430 0.020244
vt 0.458282 0.024269
vt 0.529988 0.036897
vt 0.596474 0.051462
vt 0.659302 0.065447
vt 0.721011 0.069317
vt 0.805121 0.337300
vt 0.861823 0.340211
vt 0.925030 0.338803
vt 0.973398 0.339027
vt 0.020000 0.124061
vt 0.074581 0.105550
vt 0.132319 0.083530
vt 0.191802 0.061538
vt 0.502973 0.648873
vt 0.419939 0.643896
vt 0.349923 0.657486
vt 0.288888 0.676656
vt 0.240629 0.696483
vt 0.184047 0.724704
vt 0.131598 0.758195
vt 0.085452 0.777794
vt 0.903954 0.978315
vt 0.952837 0.980000
vt 0.840857 0.973669
vt 0.784568 0.968856
vt 0.744937 0.736960
vt 0.689186 0.714159
vt 0.632241 0.694790
vt 0.564414 0.678893
vt 0.917722 0.433250
vt 0.494135 0.030583
vt 0.852030 0.432367
vt 0.806103 0.336552
vt 0.690157 0.067382
vt 0.688727 0.115851
vt 0.963405 0.574514
vt 0.903384 0.590878
vt 0.946294 0.489870
vt 0.886379 0.498818
vt 0.844208 0.602213
vt 0.826479 0.510248
vt 0.782393 0.609023
vt 0.767396 0.523924
vt 0.428442 0.351674
vt 0.361290 0.422646
vt 0.368871 0.341116
vt 0.420414 0.437575
vt 0.308857 0.414645
vt 0.318455 0.336395
vt 0.247755 0.411237
vt 0.262033 0.335393
vt 0.656324 0.523045
vt 0.586138 0.494718
vt 0.671423 0.425438
vt 0.597820 0.406592
vt 0.536560 0.474562
vt 0.545623 0.389419
vt 0.469929 0.455950
vt 0.479345 0.368383
vt 0.214153 0.332454
vt 0.195862 0.415035
vt 0.156882 0.336461
vt 0.185518 0.334458
vt 0.137343 0.417051
vt 0.106502 0.333329
vt 0.085137 0.420930
vt 0.079496 0.515974
vt 0.020000 0.424773
vt 0.023572 0.528965
vt 0.948566 0.889426
vt 0.898331 0.889082
vt 0.893111 0.818728
vt 0.934240 0.810813
vt 0.908151 0.753419
vt 0.961339 0.742211
vt 0.919277 0.674741
vt 0.980000 0.660115
vt 0.804483 0.374866
vt 0.837038 0.296346
vt 0.846083 0.366362
vt 0.786711 0.304241
vt 0.905389 0.419431
vt 0.845998 0.428552
vt 0.846968 0.905662
vt 0.840842 0.831776
vt 0.854503 0.764023
vt 0.860196 0.686278
vt 0.754869 0.384369
vt 0.737255 0.315490
vt 0.790375 0.439029
vt 0.798221 0.913139
vt 0.791642 0.840270
vt 0.800615 0.773504
vt 0.798281 0.694956
vt 0.705617 0.395357
vt 0.693347 0.322247
vt 0.731678 0.453870
vt 0.354057 0.663716
vt 0.407978 0.682043
vt 0.393658 0.756568
vt 0.343620 0.737535
vt 0.349071 0.591854
vt 0.406140 0.608761
vt 0.346821 0.505930
vt 0.405154 0.522005
vt 0.425019 0.203018
vt 0.439290 0.140116
vt 0.488644 0.144596
vt 0.482109 0.218471
vt 0.455819 0.279559
vt 0.395605 0.271932
vt 0.287228 0.733736
vt 0.300559 0.652933
vt 0.294448 0.580721
vt 0.292795 0.494712
vt 0.382341 0.131591
vt 0.368315 0.194890
vt 0.343448 0.267390
vt 0.238455 0.723220
vt 0.236452 0.650056
vt 0.234464 0.572573
vt 0.236636 0.486737
vt 0.329988 0.125392
vt 0.304549 0.194918
vt 0.282680 0.264605
vt 0.566052 0.839644
vt 0.519106 0.818502
vt 0.583926 0.765229
vt 0.539888 0.746346
vt 0.596075 0.694106
vt 0.551812 0.668635
vt 0.624946 0.615236
vt 0.569205 0.585304
vt 0.628298 0.260158
vt 0.635356 0.186820
vt 0.672561 0.196636
vt 0.677578 0.273789
vt 0.618278 0.328607
vt 0.672529 0.341551
vt 0.477757 0.798533
vt 0.498307 0.719234
vt 0.503899 0.647580
vt 0.515959 0.561121
vt 0.577421 0.243759
vt 0.587944 0.172651
vt 0.561678 0.313022
vt 0.432653 0.775135
vt 0.454002 0.699234
vt 0.456111 0.626569
vt 0.457129 0.542885
vt 0.533081 0.230173
vt 0.538122 0.158505
vt 0.507679 0.296178
vt 0.181605 0.662137
vt 0.184336 0.734716
vt 0.182657 0.585624
vt 0.186583 0.497066
vt 0.273550 0.114040
vt 0.247452 0.182602
vt 0.231331 0.254253
vt 0.248417 0.298530
vt 0.130000 0.673423
vt 0.140003 0.746983
vt 0.131145 0.595371
vt 0.134448 0.505802
vt 0.228059 0.104101
vt 0.193157 0.170489
vt 0.177265 0.248387
vt 0.082675 0.686787
vt 0.091062 0.762361
vt 0.080980 0.608090
vt 0.174586 0.092938
vt 0.143368 0.162637
vt 0.122377 0.237593
vt 0.128521 0.081582
vt 0.112206 0.150954
vt 0.095313 0.231288
vt 0.077812 0.252070
vt 0.043703 0.319128
vt 0.068249 0.224983
vt 0.058310 0.697263
vt 0.054286 0.775461
vt 0.031413 0.624639
vt 0.388868 0.061570
vt 0.343724 0.059993
vt 0.440192 0.060512
vt 0.498457 0.073876
vt 0.544952 0.091968
vt 0.592085 0.106085
vt 0.638159 0.119381
vt 0.683158 0.130885
vt 0.686491 0.256189
vt 0.729518 0.249348
vt 0.777709 0.240192
vt 0.811564 0.231592
vt 0.164115 0.021066
vt 0.206027 0.032443
vt 0.253508 0.036295
vt 0.304518 0.051382
vt 0.325311 0.804398
vt 0.381977 0.824371
vt 0.271908 0.799204
vt 0.223883 0.801063
vt 0.182391 0.807404
vt 0.133741 0.822084
vt 0.089065 0.834078
vt 0.047360 0.846661
vt 0.910516 0.970640
vt 0.945851 0.961729
vt 0.861586 0.975899
vt 0.818328 0.980000
vt 0.557942 0.910574
vt 0.515353 0.890535
vt 0.470513 0.869789
vt 0.426192 0.846752
vt 0.087375 0.279156
vt 0.485132 0.093968
vt 0.481869 0.157624
vt 0.563047 0.161806
vt 0.565728 0.098579
vt 0.515172 0.649194
vt 0.590817 0.681873
vt 0.534935 0.591785
vt 0.613435 0.618285
vt 0.666856 0.452161
vt 0.606619 0.370795
vt 0.585310 0.429619
vt 0.684654 0.393241
vt 0.551510 0.788898
vt 0.472745 0.765350
vt 0.533268 0.847843
vt 0.455686 0.823080
vt 0.633588 0.561390
vt 0.566100 0.490136
vt 0.548816 0.540298
vt 0.647412 0.512427
vt 0.703636 0.335220
vt 0.620073 0.327184
vt 0.416658 0.940591
vt 0.496690 0.956615
vt 0.434786 0.881020
vt 0.513455 0.905984
vt 0.567197 0.737967
vt 0.491269 0.708084
vt 0.570057 0.046765
vt 0.487274 0.031006
vt 0.478635 0.211237
vt 0.558802 0.225603
vt 0.679464 0.657148
vt 0.702848 0.589306
vt 0.653796 0.713806
vt 0.631287 0.766090
vt 0.618423 0.811297
vt 0.599730 0.869111
vt 0.581342 0.926882
vt 0.562353 0.980000
vt 0.411477 0.161782
vt 0.408936 0.209245
vt 0.414689 0.098742
vt 0.416632 0.043079
vt 0.751784 0.415019
vt 0.771017 0.359308
vt 0.734986 0.473297
vt 0.716393 0.531796
vt 0.609076 0.840204
vt 0.761401 0.387164
vt 0.459429 0.107196
vt 0.366370 0.123364
vt 0.358679 0.078590
vt 0.451029 0.062707
vt 0.383967 0.206273
vt 0.472285 0.191812
vt 0.388190 0.267863
vt 0.484471 0.253145
vt 0.411009 0.656650
vt 0.499951 0.722161
vt 0.408831 0.716589
vt 0.501820 0.660594
vt 0.413896 0.586178
vt 0.503481 0.586703
vt 0.414012 0.538319
vt 0.502913 0.534236
vt 0.409554 0.922261
vt 0.505859 0.920164
vt 0.511349 0.977706
vt 0.408353 0.980000
vt 0.407548 0.849756
vt 0.500809 0.849737
vt 0.407385 0.777450
vt 0.498506 0.779791
vt 0.405564 0.489906
vt 0.499367 0.482361
vt 0.495876 0.411028
vt 0.399457 0.346108
vt 0.493052 0.339038
vt 0.493255 0.289290
vt 0.390318 0.303774
vt 0.088199 0.177515
vt 0.079728 0.123316
vt 0.176622 0.125826
vt 0.182075 0.164109
vt 0.275759 0.147113
vt 0.267980 0.100509
vt 0.098770 0.233201
vt 0.189931 0.218420
vt 0.284032 0.210470
vt 0.106373 0.289463
vt 0.199110 0.275244
vt 0.290637 0.260664
vt 0.687222 0.720998
vt 0.682666 0.652254
vt 0.784784 0.715702
vt 0.785038 0.660963
vt 0.591525 0.725098
vt 0.592405 0.653631
vt 0.683831 0.599628
vt 0.786016 0.594615
vt 0.593422 0.597758
vt 0.690041 0.530903
vt 0.786535 0.537623
vt 0.593874 0.527221
vt 0.702688 0.882355
vt 0.797093 0.866372
vt 0.803521 0.919864
vt 0.709706 0.935398
vt 0.605535 0.903308
vt 0.613333 0.953660
vt 0.699995 0.825182
vt 0.791804 0.809705
vt 0.606790 0.839943
vt 0.696289 0.773303
vt 0.787104 0.751953
vt 0.602920 0.781263
vt 0.784324 0.485995
vt 0.688821 0.464028
vt 0.596326 0.460068
vt 0.780811 0.422350
vt 0.688695 0.410841
vt 0.594481 0.405077
vt 0.785247 0.370025
vt 0.691236 0.346099
vt 0.591509 0.339224
vt 0.793300 0.308702
vt 0.693555 0.304494
vt 0.594287 0.291016
vt 0.852539 0.601263
vt 0.853710 0.535408
vt 0.847569 0.658337
vt 0.846117 0.710674
vt 0.851184 0.751639
vt 0.852758 0.805086
vt 0.857911 0.858482
vt 0.865500 0.906354
vt 0.037266 0.242511
vt 0.043841 0.281582
vt 0.028338 0.188074
vt 0.020000 0.140041
vt 0.855265 0.320735
vt 0.848184 0.373049
vt 0.845180 0.427858
vt 0.844424 0.482282
vt 0.908059 0.362120
s 1
usemtl Cave_Material.020
f 2/1/1 4/2/2 3/3/3
f 3/3/3 5/4/4 2/1/1
f 6/5/5 41/6/6 4/2/2
f 4/2/2 2/1/1 6/5/5
f 7/7/7 2/1/1 5/4/4
f 5/4/4 8/8/8 7/7/7
f 9/9/9 6/5/5 2/1/1
f 2/1/1 7/7/7 9/9/9
f 25/10/10 7/7/7 10/11/11
f 7/7/7 8/8/8 10/11/11
f 27/12/12 9/9/9 25/10/10
f 9/9/9 7/7/7 25/10/10
f 11/13/13 13/14/14 12/15/15
f 13/14/14 14/16/16 12/15/15
f 12/15/15 14/16/16 15/17/17
f 15/17/17 16/18/18 12/15/15
f 13/14/14 17/19/19 14/16/16
f 17/19/19 18/20/20 14/16/16
f 14/16/16 18/20/20 15/17/17
f 18/20/20 19/21/21 15/17/17
f 17/19/19 21/22/22 20/23/23
f 20/23/23 18/20/20 17/19/19
f 18/20/20 20/23/23 19/21/21
f 20/23/23 22/24/24 19/21/21
f 10/25/11 24/26/25 23/27/26
f 23/27/26 25/28/10 10/25/11
f 26/29/27 27/30/12 25/28/10
f 25/28/10 23/27/26 26/29/27
f 24/26/25 28/31/28 23/27/26
f 29/32/29 23/27/26 28/31/28
f 30/33/30 26/29/27 23/27/26
f 23/27/26 29/32/29 30/33/30
f 28/31/28 31/34/31 29/32/29
f 32/35/32 29/32/29 31/34/31
f 33/36/33 30/33/30 32/35/32
f 32/35/32 30/33/30 29/32/29
f 31/34/31 11/13/13 32/35/32
f 12/15/15 32/35/32 11/13/13
f 32/35/32 12/15/15 33/36/33
f 16/18/18 33/36/33 12/15/15
f 20/23/23 21/22/22 34/37/34
f 34/37/34 35/38/35 20/23/23
f 20/23/23 35/38/35 52/39/36
f 52/39/36 22/24/24 20/23/23
f 35/38/35 34/37/34 36/40/37
f 36/40/37 37/41/38 35/38/35
f 35/38/35 37/41/38 38/42/39
f 38/42/39 52/39/36 35/38/35
f 52/39/36 38/42/39 51/43/40
f 37/41/38 36/40/37 39/44/41
f 39/44/41 40/45/42 37/41/38
f 38/42/39 37/41/38 40/45/42
f 40/45/42 1/46/43 38/42/39
f 51/43/40 38/42/39 1/46/43
f 40/45/42 39/44/41 3/47/3
f 3/47/3 4/48/2 40/45/42
f 1/46/43 40/45/42 4/48/2
f 4/48/2 41/49/6 1/46/43
f 42/50/44 31/34/31 28/31/28
f 28/31/28 198/51/45 42/50/44
f 198/51/45 28/31/28 24/26/25
f 24/26/25 43/52/46 198/51/45
f 200/53/47 44/54/48 36/40/37
f 36/40/37 44/54/48 39/44/41
f 45/55/49 200/53/47 34/37/34
f 34/37/34 200/53/47 36/40/37
f 44/54/48 199/56/50 3/47/3
f 3/47/3 39/44/41 44/54/48
f 196/57/51 45/55/49 21/22/22
f 21/22/22 45/55/49 34/37/34
f 5/4/4 3/3/3 46/58/52
f 3/3/3 199/59/50 46/58/52
f 47/60/53 196/57/51 21/22/22
f 21/22/22 17/19/19 47/60/53
f 8/8/8 5/4/4 46/58/52
f 46/58/52 48/61/54 8/8/8
f 47/60/53 13/14/14 49/62/55
f 47/60/53 17/19/19 13/14/14
f 10/11/11 8/8/8 50/63/56
f 8/8/8 48/61/54 50/63/56
f 197/64/57 49/62/55 13/14/14
f 13/14/14 11/13/13 197/64/57
f 24/26/25 10/25/11 50/65/56
f 50/65/56 43/52/46 24/26/25
f 197/64/57 11/13/13 31/34/31
f 31/34/31 42/50/44 197/64/57
f 111/66/58 55/67/59 54/68/60
f 53/69/61 56/70/62 55/67/59
f 57/71/63 59/72/64 58/73/65
f 59/72/64 60/74/66 58/73/65
f 61/75/67 63/76/68 62/77/69
f 62/77/69 64/78/70 61/75/67
f 65/79/71 67/80/72 66/81/73
f 66/81/73 68/82/74 65/79/71
f 69/83/75 71/84/76 70/85/77
f 71/84/76 72/86/78 70/85/77
f 55/67/59 56/70/62 71/84/76
f 71/84/76 69/83/75 55/67/59
f 73/87/79 75/88/80 74/89/81
f 73/87/79 76/90/82 75/88/80
f 76/90/82 57/71/63 75/88/80
f 76/90/82 59/72/64 57/71/63
f 77/91/83 79/92/84 78/93/85
f 78/93/85 79/92/84 80/94/86
f 78/93/85 80/94/86 81/95/87
f 81/95/87 80/94/86 63/76/68
f 82/96/88 84/97/89 83/98/90
f 83/98/90 85/99/91 82/96/88
f 84/97/89 65/79/71 68/82/74
f 68/82/74 83/98/90 84/97/89
f 87/100/92 81/95/87 88/101/93
f 88/101/93 89/102/94 87/100/92
f 88/101/93 81/95/87 63/76/68
f 63/76/68 61/75/67 88/101/93
f 103/103/95 64/78/70 90/104/96
f 62/77/69 90/104/96 64/78/70
f 91/105/97 92/106/98 86/107/99
f 86/107/99 93/108/100 91/105/97
f 93/108/100 86/107/99 67/80/72
f 67/80/72 65/79/71 93/108/100
f 66/81/73 104/109/101 68/82/74
f 68/82/74 104/109/101 94/110/102
f 95/111/103 107/112/104 108/113/105
f 108/113/105 96/114/106 95/111/103
f 79/92/84 95/111/103 80/94/86
f 80/94/86 95/111/103 96/114/106
f 97/115/107 98/116/108 77/91/83
f 77/91/83 78/93/85 97/115/107
f 96/114/106 108/113/105 90/104/96
f 90/104/96 62/77/69 96/114/106
f 80/94/86 96/114/106 63/76/68
f 63/76/68 96/114/106 62/77/69
f 87/100/92 97/115/107 78/93/85
f 78/93/85 81/95/87 87/100/92
f 99/117/109 101/118/110 100/119/111
f 100/119/111 102/120/112 99/117/109
f 100/119/111 101/118/110 84/97/89
f 84/97/89 82/96/88 100/119/111
f 83/98/90 105/121/113 106/122/114
f 106/122/114 85/99/91 83/98/90
f 99/117/109 93/108/100 101/118/110
f 99/117/109 91/105/97 93/108/100
f 101/118/110 93/108/100 65/79/71
f 65/79/71 84/97/89 101/118/110
f 68/82/74 94/110/102 83/98/90
f 83/98/90 94/110/102 105/121/113
f 53/69/61 103/123/95 56/70/62
f 103/123/95 90/124/96 56/70/62
f 94/125/102 104/126/101 54/68/60
f 54/68/60 55/67/59 94/125/102
f 91/105/97 57/71/63 58/73/65
f 58/73/65 92/106/98 91/105/97
f 87/100/92 60/74/66 59/72/64
f 60/74/66 87/100/92 89/102/94
f 105/127/113 69/83/75 106/128/114
f 69/83/75 70/85/77 106/128/114
f 71/84/76 108/129/105 107/130/104
f 107/130/104 72/86/78 71/84/76
f 105/127/113 94/125/102 55/67/59
f 55/67/59 69/83/75 105/127/113
f 90/124/96 71/84/76 56/70/62
f 71/84/76 90/124/96 108/129/105
f 73/87/79 98/116/108 97/115/107
f 97/115/107 76/90/82 73/87/79
f 102/120/112 74/89/81 99/117/109
f 74/89/81 75/88/80 99/117/109
f 97/115/107 59/72/64 76/90/82
f 97/115/107 87/100/92 59/72/64
f 99/117/109 75/88/80 91/105/97
f 75/88/80 57/71/63 91/105/97
f 541/131/115 109/132/116 102/120/112
f 74/89/81 102/120/112 109/132/116
f 109/132/116 110/133/117 74/89/81
f 110/133/117 73/87/79 74/89/81
f 110/133/117 540/134/118 73/87/79
f 540/134/118 98/116/108 73/87/79
f 540/134/118 551/135/119 77/91/83
f 77/91/83 98/116/108 540/134/118
f 77/91/83 551/135/119 550/136/120
f 550/136/120 79/92/84 77/91/83
f 79/92/84 550/136/120 95/111/103
f 550/136/120 549/137/121 95/111/103
f 95/111/103 549/137/121 548/138/122
f 548/138/122 107/112/104 95/111/103
f 72/86/78 107/130/104 548/139/122
f 548/139/122 547/140/123 72/86/78
f 70/85/77 72/86/78 547/140/123
f 547/140/123 545/141/124 70/85/77
f 106/128/114 70/85/77 545/141/124
f 545/141/124 546/142/125 106/128/114
f 544/143/126 85/99/91 106/122/114
f 106/122/114 546/144/125 544/143/126
f 82/96/88 544/143/126 543/145/127
f 82/96/88 85/99/91 544/143/126
f 100/119/111 543/145/127 542/146/128
f 100/119/111 82/96/88 543/145/127
f 542/146/128 541/131/115 102/120/112
f 102/120/112 100/119/111 542/146/128
f 53/69/61 55/67/59 111/66/58
f 112/147/129 114/148/130 113/149/131
f 113/149/131 115/150/132 112/147/129
f 112/147/129 117/151/133 116/152/134
f 112/147/129 115/150/132 117/151/133
f 117/151/133 119/153/135 118/154/136
f 118/154/136 116/152/134 117/151/133
f 120/155/137 139/156/138 121/157/139
f 121/157/139 122/158/140 120/155/137
f 121/157/139 123/159/141 122/158/140
f 123/159/141 124/160/142 122/158/140
f 123/159/141 125/161/143 124/160/142
f 125/161/143 126/162/144 124/160/142
f 125/163/143 127/164/145 126/165/144
f 128/166/146 126/165/144 127/164/145
f 127/164/145 129/167/147 128/166/146
f 130/168/148 128/166/146 129/167/147
f 131/169/149 132/170/150 130/168/148
f 130/168/148 129/167/147 131/169/149
f 114/148/130 132/170/150 113/149/131
f 113/149/131 132/170/150 131/169/149
f 119/153/135 133/171/151 118/154/136
f 119/153/135 134/172/152 133/171/151
f 134/172/152 135/173/153 133/171/151
f 134/172/152 136/174/154 135/173/153
f 136/174/154 137/175/155 135/173/153
f 136/174/154 138/176/156 137/175/155
f 138/176/156 120/177/137 137/175/155
f 138/176/156 139/178/138 120/177/137
f 140/179/157 142/180/158 141/181/159
f 141/181/159 143/182/160 140/179/157
f 113/149/131 140/179/157 115/150/132
f 113/149/131 142/180/158 140/179/157
f 144/183/161 146/184/162 145/185/163
f 146/184/162 147/186/164 145/185/163
f 145/185/163 147/186/164 112/147/129
f 147/186/164 114/148/130 112/147/129
f 140/179/157 149/187/165 148/188/166
f 140/179/157 143/182/160 149/187/165
f 115/150/132 148/188/166 117/151/133
f 115/150/132 140/179/157 148/188/166
f 150/189/167 144/183/161 145/185/163
f 145/185/163 151/190/168 150/189/167
f 151/190/168 145/185/163 112/147/129
f 112/147/129 116/152/134 151/190/168
f 152/191/169 148/188/166 149/187/165
f 149/187/165 153/192/170 152/191/169
f 119/153/135 117/151/133 152/191/169
f 152/191/169 117/151/133 148/188/166
f 154/193/171 150/189/167 155/194/172
f 150/189/167 151/190/168 155/194/172
f 155/194/172 151/190/168 116/152/134
f 116/152/134 118/154/136 155/194/172
f 193/195/173 156/196/174 192/197/175
f 156/196/174 157/198/176 192/197/175
f 192/197/175 157/198/176 121/157/139
f 121/157/139 139/156/138 192/197/175
f 158/199/177 195/200/178 194/201/179
f 158/199/177 159/202/180 195/200/178
f 120/155/137 122/158/140 158/199/177
f 158/199/177 194/201/179 120/155/137
f 156/196/174 161/203/181 160/204/182
f 160/204/182 157/198/176 156/196/174
f 157/198/176 160/204/182 123/159/141
f 123/159/141 121/157/139 157/198/176
f 162/205/183 163/206/184 158/199/177
f 158/199/177 163/206/184 159/202/180
f 124/160/142 158/199/177 122/158/140
f 124/160/142 162/205/183 158/199/177
f 161/203/181 164/207/185 160/204/182
f 165/208/186 160/204/182 164/207/185
f 160/204/182 165/208/186 123/159/141
f 165/208/186 125/161/143 123/159/141
f 171/209/187 163/206/184 162/205/183
f 171/209/187 166/210/188 163/206/184
f 124/160/142 126/162/144 171/209/187
f 171/209/187 162/205/183 124/160/142
f 164/211/185 167/212/189 165/213/186
f 168/214/190 165/213/186 167/212/189
f 165/213/186 168/214/190 125/163/143
f 168/214/190 127/164/145 125/163/143
f 169/215/191 170/216/192 166/217/188
f 166/217/188 171/218/187 169/215/191
f 128/166/146 169/215/191 171/218/187
f 171/218/187 126/165/144 128/166/146
f 167/212/189 172/219/193 168/214/190
f 173/220/194 168/214/190 172/219/193
f 168/214/190 173/220/194 127/164/145
f 129/167/147 127/164/145 173/220/194
f 174/221/195 175/222/196 170/216/192
f 170/216/192 169/215/191 174/221/195
f 130/168/148 174/221/195 169/215/191
f 169/215/191 128/166/146 130/168/148
f 172/219/193 176/223/197 173/220/194
f 177/224/198 173/220/194 176/223/197
f 177/224/198 131/169/149 129/167/147
f 129/167/147 173/220/194 177/224/198
f 178/225/199 179/226/200 175/222/196
f 175/222/196 174/221/195 178/225/199
f 132/170/150 178/225/199 174/221/195
f 174/221/195 130/168/148 132/170/150
f 176/223/197 141/181/159 177/224/198
f 142/180/158 177/224/198 141/181/159
f 113/149/131 131/169/149 142/180/158
f 142/180/158 131/169/149 177/224/198
f 147/186/164 146/184/162 179/226/200
f 179/226/200 178/225/199 147/186/164
f 114/148/130 147/186/164 178/225/199
f 178/225/199 132/170/150 114/148/130
f 153/192/170 180/227/201 152/191/169
f 153/192/170 181/228/202 180/227/201
f 152/191/169 134/172/152 119/153/135
f 152/191/169 180/227/201 134/172/152
f 155/194/172 182/229/203 154/193/171
f 155/194/172 183/230/204 182/229/203
f 118/154/136 183/230/204 155/194/172
f 118/154/136 133/171/151 183/230/204
f 181/228/202 184/231/205 180/227/201
f 181/228/202 185/232/206 184/231/205
f 180/227/201 136/174/154 134/172/152
f 180/227/201 184/231/205 136/174/154
f 183/230/204 186/233/207 182/229/203
f 183/230/204 187/234/208 186/233/207
f 133/171/151 187/234/208 183/230/204
f 133/171/151 135/173/153 187/234/208
f 185/232/206 188/235/209 184/231/205
f 185/232/206 189/236/210 188/235/209
f 184/231/205 138/176/156 136/174/154
f 184/231/205 188/235/209 138/176/156
f 187/234/208 190/237/211 186/233/207
f 187/234/208 191/238/212 190/237/211
f 135/173/153 191/238/212 187/234/208
f 135/173/153 137/175/155 191/238/212
f 189/236/210 193/239/173 192/240/175
f 189/236/210 192/240/175 188/235/209
f 188/235/209 139/178/138 138/176/156
f 188/235/209 192/240/175 139/178/138
f 194/241/179 195/242/178 191/238/212
f 191/238/212 195/242/178 190/237/211
f 137/175/155 194/241/179 191/238/212
f 137/175/155 120/177/137 194/241/179
f 196/243/51 47/244/53 154/193/171
f 150/189/167 154/193/171 47/244/53
f 47/244/53 49/245/55 144/183/161
f 144/183/161 150/189/167 47/244/53
f 49/245/55 197/246/57 144/183/161
f 197/246/57 146/184/162 144/183/161
f 146/184/162 197/246/57 42/247/44
f 42/247/44 179/226/200 146/184/162
f 179/226/200 42/247/44 198/248/45
f 198/248/45 175/222/196 179/226/200
f 175/222/196 198/248/45 43/249/46
f 43/249/46 170/216/192 175/222/196
f 170/216/192 43/249/46 50/250/56
f 50/250/56 166/217/188 170/216/192
f 163/206/184 166/210/188 50/251/56
f 50/251/56 48/252/54 163/206/184
f 159/202/180 163/206/184 48/252/54
f 48/252/54 46/253/52 159/202/180
f 195/200/178 159/202/180 46/253/52
f 46/253/52 199/254/50 195/200/178
f 190/237/211 199/255/50 44/256/48
f 190/237/211 195/242/178 199/255/50
f 186/233/207 44/256/48 200/257/47
f 186/233/207 190/237/211 44/256/48
f 182/229/203 200/257/47 45/258/49
f 182/229/203 186/233/207 200/257/47
f 154/193/171 182/229/203 45/258/49
f 45/258/49 196/243/51 154/193/171
f 143/182/160 141/181/159 292/259/213
f 292/259/213 291/260/214 143/182/160
f 149/187/165 143/182/160 291/260/214
f 291/260/214 290/261/215 149/187/165
f 149/187/165 290/261/215 201/262/216
f 201/262/216 153/192/170 149/187/165
f 181/228/202 201/262/216 296/263/217
f 201/262/216 181/228/202 153/192/170
f 202/264/218 185/232/206 296/263/217
f 296/263/217 185/232/206 181/228/202
f 203/265/219 189/236/210 202/264/218
f 202/264/218 189/236/210 185/232/206
f 203/265/219 193/239/173 189/236/210
f 203/265/219 295/266/220 193/239/173
f 294/267/221 156/196/174 295/268/220
f 295/268/220 156/196/174 193/195/173
f 294/267/221 307/269/222 156/196/174
f 307/269/222 161/203/181 156/196/174
f 161/203/181 307/269/222 204/270/223
f 204/270/223 164/207/185 161/203/181
f 204/271/223 205/272/224 164/211/185
f 167/212/189 164/211/185 205/272/224
f 205/272/224 293/273/225 167/212/189
f 172/219/193 167/212/189 293/273/225
f 293/273/225 206/274/226 172/219/193
f 176/223/197 172/219/193 206/274/226
f 206/274/226 292/259/213 176/223/197
f 141/181/159 176/223/197 292/259/213
f 207/147/129 209/148/130 208/149/131
f 208/149/131 210/150/132 207/147/129
f 207/147/129 212/151/227 211/152/134
f 207/147/129 210/150/132 212/151/227
f 212/151/227 214/153/135 213/154/136
f 213/154/136 211/152/134 212/151/227
f 233/155/228 234/156/138 215/157/139
f 215/157/139 216/158/229 233/155/228
f 215/157/139 217/159/141 216/158/229
f 217/159/141 218/160/230 216/158/229
f 217/159/141 219/161/143 218/160/230
f 219/161/143 220/162/144 218/160/230
f 219/163/143 221/164/145 220/165/144
f 222/166/146 220/165/144 221/164/145
f 221/164/145 223/167/147 222/166/146
f 224/168/148 222/166/146 223/167/147
f 225/169/149 226/170/231 224/168/148
f 224/168/148 223/167/147 225/169/149
f 209/148/130 226/170/231 208/149/131
f 208/149/131 226/170/231 225/169/149
f 214/153/135 227/171/151 213/154/136
f 214/153/135 228/172/152 227/171/151
f 228/172/152 229/173/232 227/171/151
f 228/172/152 230/174/154 229/173/232
f 230/174/154 231/175/155 229/173/232
f 230/174/154 232/176/156 231/175/155
f 232/176/156 233/177/228 231/175/155
f 232/176/156 234/178/138 233/177/228
f 235/179/157 237/180/158 236/181/233
f 236/181/233 238/182/234 235/179/157
f 208/149/131 235/179/157 210/150/132
f 208/149/131 237/180/158 235/179/157
f 239/183/235 241/184/236 240/185/163
f 241/184/236 242/186/164 240/185/163
f 240/185/163 242/186/164 207/147/129
f 242/186/164 209/148/130 207/147/129
f 235/179/157 244/187/237 243/188/166
f 235/179/157 238/182/234 244/187/237
f 210/150/132 243/188/166 212/151/227
f 210/150/132 235/179/157 243/188/166
f 245/189/238 239/183/235 240/185/163
f 240/185/163 246/190/168 245/189/238
f 246/190/168 240/185/163 207/147/129
f 207/147/129 211/152/134 246/190/168
f 247/191/169 243/188/166 244/187/237
f 244/187/237 248/192/239 247/191/169
f 214/153/135 212/151/227 247/191/169
f 247/191/169 212/151/227 243/188/166
f 249/193/240 245/189/238 250/194/172
f 245/189/238 246/190/168 250/194/172
f 250/194/172 246/190/168 211/152/134
f 211/152/134 213/154/136 250/194/172
f 251/195/241 253/196/242 252/197/243
f 253/196/242 254/198/176 252/197/243
f 252/197/243 254/198/176 215/157/139
f 215/157/139 234/156/138 252/197/243
f 255/199/244 257/200/245 256/201/246
f 255/199/244 258/202/247 257/200/245
f 233/155/228 216/158/229 255/199/244
f 255/199/244 256/201/246 233/155/228
f 253/196/242 260/203/248 259/204/182
f 259/204/182 254/198/176 253/196/242
f 254/198/176 259/204/182 217/159/141
f 217/159/141 215/157/139 254/198/176
f 261/205/249 306/206/250 255/199/244
f 306/206/250 258/275/247 255/199/244
f 218/160/230 255/199/244 216/158/229
f 218/160/230 261/205/249 255/199/244
f 260/203/248 262/207/251 259/204/182
f 265/208/186 259/204/182 262/207/251
f 259/204/182 265/208/186 217/159/141
f 265/208/186 219/161/143 217/159/141
f 263/209/252 306/206/250 261/205/249
f 263/209/252 264/210/253 306/206/250
f 218/160/230 220/162/144 263/209/252
f 263/209/252 261/205/249 218/160/230
f 262/211/251 266/212/254 265/213/186
f 267/214/190 265/213/186 266/212/254
f 265/213/186 267/214/190 219/163/143
f 267/214/190 221/164/145 219/163/143
f 268/215/191 269/216/255 264/217/253
f 264/217/253 263/218/252 268/215/191
f 222/166/146 268/215/191 263/218/252
f 263/218/252 220/165/144 222/166/146
f 266/212/254 270/219/256 267/214/190
f 271/220/194 267/214/190 270/219/256
f 267/214/190 271/220/194 221/164/145
f 223/167/147 221/164/145 271/220/194
f 272/221/195 273/222/257 269/216/255
f 269/216/255 268/215/191 272/221/195
f 224/168/148 272/221/195 268/215/191
f 268/215/191 222/166/146 224/168/148
f 270/219/256 274/223/258 271/220/194
f 275/224/198 271/220/194 274/223/258
f 275/224/198 225/169/149 223/167/147
f 223/167/147 271/220/194 275/224/198
f 276/225/199 277/226/259 273/222/257
f 273/222/257 272/221/195 276/225/199
f 226/170/231 276/225/199 272/221/195
f 272/221/195 224/168/148 226/170/231
f 274/223/258 236/181/233 275/224/198
f 237/180/158 275/224/198 236/181/233
f 208/149/131 225/169/149 237/180/158
f 237/180/158 225/169/149 275/224/198
f 242/186/164 241/184/236 277/226/259
f 277/226/259 276/225/199 242/186/164
f 209/148/130 242/186/164 276/225/199
f 276/225/199 226/170/231 209/148/130
f 248/192/239 278/227/201 247/191/169
f 248/192/239 279/228/260 278/227/201
f 247/191/169 228/172/152 214/153/135
f 247/191/169 278/227/201 228/172/152
f 250/194/172 280/229/261 249/193/240
f 250/194/172 281/230/204 280/229/261
f 213/154/136 281/230/204 250/194/172
f 213/154/136 227/171/151 281/230/204
f 279/228/260 282/231/205 278/227/201
f 279/228/260 283/232/262 282/231/205
f 278/227/201 230/174/154 228/172/152
f 278/227/201 282/231/205 230/174/154
f 281/230/204 284/233/263 280/229/261
f 281/230/204 285/234/208 284/233/263
f 227/171/151 285/234/208 281/230/204
f 227/171/151 229/173/232 285/234/208
f 283/232/262 286/235/209 282/231/205
f 283/232/262 287/236/264 286/235/209
f 282/231/205 232/176/156 230/174/154
f 282/231/205 286/235/209 232/176/156
f 285/234/208 288/237/265 284/233/263
f 285/234/208 289/238/212 288/237/265
f 229/173/232 289/238/212 285/234/208
f 229/173/232 231/175/155 289/238/212
f 287/236/264 251/239/241 252/240/243
f 287/236/264 252/240/243 286/235/209
f 286/235/209 234/178/138 232/176/156
f 286/235/209 252/240/243 234/178/138
f 256/241/246 257/242/245 289/238/212
f 289/238/212 257/242/245 288/237/265
f 231/175/155 256/241/246 289/238/212
f 231/175/155 233/177/228 256/241/246
f 201/243/216 290/244/215 249/193/240
f 245/189/238 249/193/240 290/244/215
f 290/244/215 291/245/214 239/183/235
f 239/183/235 245/189/238 290/244/215
f 291/245/214 292/246/213 239/183/235
f 292/246/213 241/184/236 239/183/235
f 241/184/236 292/246/213 206/276/226
f 293/247/225 277/226/259 241/184/236
f 258/202/247 306/277/250 307/278/222
f 293/248/225 273/222/257 277/226/259
f 273/222/257 293/248/225 205/249/224
f 205/249/224 269/216/255 273/222/257
f 205/249/224 204/279/223 269/216/255
f 308/280/266 264/217/253 269/216/255
f 306/206/250 264/210/253 307/251/222
f 257/200/245 258/202/247 294/253/221
f 294/253/221 295/254/220 257/200/245
f 288/237/265 295/255/220 203/256/219
f 288/237/265 257/242/245 295/255/220
f 284/233/263 203/256/219 202/257/218
f 284/233/263 288/237/265 203/256/219
f 280/229/261 202/257/218 296/258/217
f 280/229/261 284/233/263 202/257/218
f 249/193/240 280/229/261 296/258/217
f 296/258/217 201/243/216 249/193/240
f 238/182/234 236/181/233 297/259/267
f 297/259/267 298/260/268 238/182/234
f 244/187/237 238/182/234 298/260/268
f 298/260/268 299/261/269 244/187/237
f 244/187/237 299/261/269 300/262/270
f 300/262/270 248/192/239 244/187/237
f 279/228/260 300/262/270 301/263/271
f 300/262/270 279/228/260 248/192/239
f 397/264/272 283/232/262 301/263/271
f 301/263/271 283/232/262 279/228/260
f 302/265/273 287/236/264 397/264/272
f 397/264/272 287/236/264 283/232/262
f 302/265/273 251/239/241 287/236/264
f 302/265/273 396/266/274 251/239/241
f 395/267/275 253/196/242 396/268/274
f 396/268/274 253/196/242 251/195/241
f 395/267/275 394/269/276 253/196/242
f 394/269/276 260/203/248 253/196/242
f 260/203/248 394/269/276 393/270/277
f 393/270/277 262/207/251 260/203/248
f 393/271/277 303/272/278 262/211/251
f 266/212/254 262/211/251 303/272/278
f 303/272/278 304/273/279 266/212/254
f 270/219/256 266/212/254 304/273/279
f 304/273/279 305/274/280 270/219/256
f 274/223/258 270/219/256 305/274/280
f 305/274/280 297/259/267 274/223/258
f 236/181/233 274/223/258 297/259/267
f 308/280/266 204/279/223 307/250/222
f 269/216/255 204/279/223 308/280/266
f 307/250/222 264/217/253 308/280/266
f 309/147/129 311/148/130 310/149/131
f 310/149/131 312/150/132 309/147/129
f 309/147/129 314/151/133 313/152/134
f 309/147/129 312/150/132 314/151/133
f 314/151/133 316/153/135 315/154/136
f 315/154/136 313/152/134 314/151/133
f 335/155/137 336/156/281 317/157/282
f 317/157/282 318/158/140 335/155/137
f 317/157/282 319/159/283 318/158/140
f 319/159/283 320/160/142 318/158/140
f 319/159/283 321/161/284 320/160/142
f 321/161/284 322/162/144 320/160/142
f 321/163/284 323/164/145 322/165/144
f 324/166/146 322/165/144 323/164/145
f 323/164/145 325/167/147 324/166/146
f 326/168/148 324/166/146 325/167/147
f 327/169/285 328/170/231 326/168/148
f 326/168/148 325/167/147 327/169/285
f 311/148/130 328/170/231 310/149/131
f 310/149/131 328/170/231 327/169/285
f 316/153/135 329/171/151 315/154/136
f 316/153/135 330/172/152 329/171/151
f 330/172/152 331/173/232 329/171/151
f 330/172/152 332/174/154 331/173/232
f 332/174/154 333/175/155 331/173/232
f 332/174/154 334/176/156 333/175/155
f 334/176/156 335/177/137 333/175/155
f 334/176/156 336/178/281 335/177/137
f 337/179/286 339/180/158 338/181/159
f 338/181/159 340/182/160 337/179/286
f 310/149/131 337/179/286 312/150/132
f 310/149/131 339/180/158 337/179/286
f 341/183/287 343/184/162 342/185/163
f 343/184/162 344/186/164 342/185/163
f 342/185/163 344/186/164 309/147/129
f 344/186/164 311/148/130 309/147/129
f 337/179/286 346/187/165 345/188/166
f 337/179/286 340/182/160 346/187/165
f 312/150/132 345/188/166 314/151/133
f 312/150/132 337/179/286 345/188/166
f 347/189/288 341/183/287 342/185/163
f 342/185/163 348/190/168 347/189/288
f 348/190/168 342/185/163 309/147/129
f 309/147/129 313/152/134 348/190/168
f 349/191/169 345/188/166 346/187/165
f 346/187/165 350/192/170 349/191/169
f 316/153/135 314/151/133 349/191/169
f 349/191/169 314/151/133 345/188/166
f 351/193/289 347/189/288 352/194/172
f 347/189/288 348/190/168 352/194/172
f 352/194/172 348/190/168 313/152/134
f 313/152/134 315/154/136 352/194/172
f 353/195/290 355/196/291 354/197/292
f 355/196/291 356/198/293 354/197/292
f 354/197/292 356/198/293 317/157/282
f 317/157/282 336/156/281 354/197/292
f 357/199/177 359/200/178 358/201/179
f 357/199/177 360/202/180 359/200/178
f 335/155/137 318/158/140 357/199/177
f 357/199/177 358/201/179 335/155/137
f 355/196/291 362/203/294 361/204/295
f 361/204/295 356/198/293 355/196/291
f 356/198/293 361/204/295 319/159/283
f 319/159/283 317/157/282 356/198/293
f 363/205/183 364/206/184 357/199/177
f 357/199/177 364/206/184 360/202/180
f 320/160/142 357/199/177 318/158/140
f 320/160/142 363/205/183 357/199/177
f 362/203/294 365/207/296 361/204/295
f 368/208/297 361/204/295 365/207/296
f 361/204/295 368/208/297 319/159/283
f 368/208/297 321/161/284 319/159/283
f 366/209/187 364/206/184 363/205/183
f 366/209/187 367/210/188 364/206/184
f 320/160/142 322/162/144 366/209/187
f 366/209/187 363/205/183 320/160/142
f 365/211/296 369/212/298 368/213/297
f 370/214/299 368/213/297 369/212/298
f 368/213/297 370/214/299 321/163/284
f 370/214/299 323/164/145 321/163/284
f 371/215/191 372/216/192 367/217/188
f 367/217/188 366/218/187 371/215/191
f 324/166/146 371/215/191 366/218/187
f 366/218/187 322/165/144 324/166/146
f 369/212/298 373/219/300 370/214/299
f 374/220/194 370/214/299 373/219/300
f 370/214/299 374/220/194 323/164/145
f 325/167/147 323/164/145 374/220/194
f 375/221/195 376/222/196 372/216/192
f 372/216/192 371/215/191 375/221/195
f 326/168/148 375/221/195 371/215/191
f 371/215/191 324/166/146 326/168/148
f 373/219/300 377/223/301 374/220/194
f 378/224/198 374/220/194 377/223/301
f 378/224/198 327/169/285 325/167/147
f 325/167/147 374/220/194 378/224/198
f 379/225/199 380/226/200 376/222/196
f 376/222/196 375/221/195 379/225/199
f 328/170/231 379/225/199 375/221/195
f 375/221/195 326/168/148 328/170/231
f 377/223/301 338/181/159 378/224/198
f 339/180/158 378/224/198 338/181/159
f 310/149/131 327/169/285 339/180/158
f 339/180/158 327/169/285 378/224/198
f 344/186/164 343/184/162 380/226/200
f 380/226/200 379/225/199 344/186/164
f 311/148/130 344/186/164 379/225/199
f 379/225/199 328/170/231 311/148/130
f 350/192/170 381/227/201 349/191/169
f 350/192/170 382/228/202 381/227/201
f 349/191/169 330/172/152 316/153/135
f 349/191/169 381/227/201 330/172/152
f 352/194/172 383/229/203 351/193/289
f 352/194/172 384/230/204 383/229/203
f 315/154/136 384/230/204 352/194/172
f 315/154/136 329/171/151 384/230/204
f 382/228/202 385/231/205 381/227/201
f 382/228/202 386/232/206 385/231/205
f 381/227/201 332/174/154 330/172/152
f 381/227/201 385/231/205 332/174/154
f 384/230/204 387/233/207 383/229/203
f 384/230/204 388/234/208 387/233/207
f 329/171/151 388/234/208 384/230/204
f 329/171/151 331/173/232 388/234/208
f 386/232/206 389/235/302 385/231/205
f 386/232/206 390/236/303 389/235/302
f 385/231/205 334/176/156 332/174/154
f 385/231/205 389/235/302 334/176/156
f 388/234/208 391/237/304 387/233/207
f 388/234/208 392/238/212 391/237/304
f 331/173/232 392/238/212 388/234/208
f 331/173/232 333/175/155 392/238/212
f 390/236/303 353/239/290 354/240/292
f 390/236/303 354/240/292 389/235/302
f 389/235/302 336/178/281 334/176/156
f 389/235/302 354/240/292 336/178/281
f 358/241/179 359/242/178 392/238/212
f 392/238/212 359/242/178 391/237/304
f 333/175/155 358/241/179 392/238/212
f 333/175/155 335/177/137 358/241/179
f 300/243/270 299/244/269 351/193/289
f 347/189/288 351/193/289 299/244/269
f 299/244/269 298/245/268 341/183/287
f 341/183/287 347/189/288 299/244/269
f 298/245/268 297/246/267 341/183/287
f 297/246/267 343/184/162 341/183/287
f 343/184/162 297/246/267 305/247/280
f 305/247/280 380/226/200 343/184/162
f 380/226/200 305/247/280 304/248/279
f 304/248/279 376/222/196 380/226/200
f 376/222/196 304/248/279 303/249/278
f 303/249/278 372/216/192 376/222/196
f 372/216/192 303/249/278 393/250/277
f 393/250/277 367/217/188 372/216/192
f 364/206/184 367/210/188 393/251/277
f 393/251/277 394/252/276 364/206/184
f 360/202/180 364/206/184 394/252/276
f 394/252/276 395/253/275 360/202/180
f 359/200/178 360/202/180 395/253/275
f 395/253/275 396/254/274 359/200/178
f 391/237/304 396/255/274 302/256/273
f 391/237/304 359/242/178 396/255/274
f 387/233/207 302/256/273 397/257/272
f 387/233/207 391/237/304 302/256/273
f 383/229/203 397/257/272 301/258/271
f 383/229/203 387/233/207 397/257/272
f 351/193/289 383/229/203 301/258/271
f 301/258/271 300/243/270 351/193/289
f 340/182/160 338/181/159 532/259/305
f 532/259/305 531/260/306 340/182/160
f 346/187/165 340/182/160 531/260/306
f 531/260/306 398/261/307 346/187/165
f 346/187/165 398/261/307 399/262/308
f 399/262/308 350/192/170 346/187/165
f 382/228/202 399/262/308 400/263/309
f 399/262/308 382/228/202 350/192/170
f 401/264/310 386/232/206 400/263/309
f 400/263/309 386/232/206 382/228/202
f 539/265/311 390/236/303 401/264/310
f 401/264/310 390/236/303 386/232/206
f 539/265/311 353/239/290 390/236/303
f 539/265/311 538/266/312 353/239/290
f 537/267/313 355/196/291 538/268/312
f 538/268/312 355/196/291 353/195/290
f 537/267/313 536/269/314 355/196/291
f 536/269/314 362/203/294 355/196/291
f 362/203/294 536/269/314 535/270/315
f 535/270/315 365/207/296 362/203/294
f 535/271/315 402/272/316 365/211/296
f 369/212/298 365/211/296 402/272/316
f 402/272/316 534/273/317 369/212/298
f 373/219/300 369/212/298 534/273/317
f 534/273/317 533/274/318 373/219/300
f 377/223/301 373/219/300 533/274/318
f 533/274/318 532/259/305 377/223/301
f 338/181/159 377/223/301 532/259/305
f 408/281/319 410/282/320 409/283/321
f 410/282/320 411/284/322 409/283/321
f 410/282/320 413/285/323 412/286/324
f 412/286/324 411/284/322 410/282/320
f 413/285/323 414/287/325 412/286/324
f 414/287/325 423/288/326 412/286/324
f 415/289/327 417/290/328 416/291/329
f 415/289/327 418/292/330 417/290/328
f 416/291/329 420/293/331 419/294/332
f 416/291/329 417/290/328 420/293/331
f 419/294/332 422/295/333 421/296/334
f 419/294/332 420/293/331 422/295/333
f 414/297/325 424/298/335 423/299/326
f 425/300/336 423/299/326 424/298/335
f 424/298/335 426/301/337 425/300/336
f 427/302/338 425/300/336 426/301/337
f 426/301/337 428/303/339 427/302/338
f 429/304/340 427/302/338 428/303/339
f 428/303/339 418/292/330 429/304/340
f 415/289/327 429/304/340 418/292/330
f 422/295/333 2080/305/341 421/296/334
f 422/295/333 430/306/342 2080/305/341
f 2082/307/343 2081/308/344 430/306/342
f 430/306/342 431/309/345 2082/307/343
f 431/309/345 2083/310/346 2082/307/343
f 431/309/345 432/311/347 2083/310/346
f 433/312/348 408/313/319 432/311/347
f 433/312/348 438/314/349 408/313/319
f 529/315/350 435/316/351 434/317/352
f 434/317/352 528/318/353 529/315/350
f 528/318/353 434/317/352 436/319/354
f 436/319/354 530/320/355 528/318/353
f 530/320/355 436/319/354 437/321/356
f 437/321/356 438/322/349 530/320/355
f 438/322/349 437/321/356 408/281/319
f 437/321/356 410/282/320 408/281/319
f 439/323/357 441/324/358 440/325/359
f 439/323/357 442/326/360 441/324/358
f 443/327/361 444/328/362 440/325/359
f 440/325/359 444/328/362 439/323/357
f 409/283/321 411/284/322 443/327/361
f 443/327/361 411/284/322 444/328/362
f 435/316/351 446/329/363 445/330/364
f 445/330/364 434/317/352 435/316/351
f 434/317/352 445/330/364 447/331/365
f 447/331/365 436/319/354 434/317/352
f 436/319/354 447/331/365 448/332/366
f 448/332/366 437/321/356 436/319/354
f 437/321/356 448/332/366 413/285/323
f 413/285/323 410/282/320 437/321/356
f 449/333/367 442/326/360 439/323/357
f 449/333/367 450/334/368 442/326/360
f 444/328/362 451/335/369 439/323/357
f 439/323/357 451/335/369 449/333/367
f 411/284/322 412/286/324 444/328/362
f 444/328/362 412/286/324 451/335/369
f 446/329/363 452/336/370 485/337/371
f 485/337/371 445/330/364 446/329/363
f 445/330/364 485/337/371 453/338/372
f 453/338/372 447/331/365 445/330/364
f 447/331/365 453/338/372 454/339/373
f 454/339/373 448/332/366 447/331/365
f 448/332/366 454/339/373 413/285/323
f 414/287/325 413/285/323 454/339/373
f 455/340/374 450/334/368 449/333/367
f 455/340/374 456/341/375 450/334/368
f 451/335/369 493/342/376 449/333/367
f 449/333/367 493/342/376 455/340/374
f 412/286/324 423/288/326 451/335/369
f 451/335/369 423/288/326 493/342/376
f 457/343/377 459/344/378 458/345/379
f 458/345/379 460/346/380 457/343/377
f 461/347/381 462/348/382 457/343/377
f 457/343/377 462/348/382 459/344/378
f 463/349/383 464/350/384 461/347/381
f 461/347/381 464/350/384 462/348/382
f 418/292/330 463/349/383 417/290/328
f 418/292/330 464/350/384 463/349/383
f 465/351/385 467/352/386 466/353/387
f 466/353/387 468/354/388 465/351/385
f 465/351/385 468/354/388 469/355/389
f 469/355/389 470/356/390 465/351/385
f 470/356/390 469/355/389 415/289/327
f 415/289/327 416/291/329 470/356/390
f 457/343/377 472/357/391 471/358/392
f 457/343/377 460/346/380 472/357/391
f 473/359/393 461/347/381 471/358/392
f 471/358/392 461/347/381 457/343/377
f 474/360/394 463/349/383 473/359/393
f 473/359/393 463/349/383 461/347/381
f 417/290/328 474/360/394 420/293/331
f 417/290/328 463/349/383 474/360/394
f 475/361/395 467/352/386 465/351/385
f 465/351/385 476/362/396 475/361/395
f 476/362/396 465/351/385 470/356/390
f 470/356/390 477/363/397 476/362/396
f 477/363/397 470/356/390 416/291/329
f 416/291/329 419/294/332 477/363/397
f 471/358/392 479/364/398 478/365/399
f 471/358/392 472/357/391 479/364/398
f 480/366/400 473/359/393 478/365/399
f 478/365/399 473/359/393 471/358/392
f 481/367/401 474/360/394 480/366/400
f 480/366/400 474/360/394 473/359/393
f 420/293/331 481/367/401 422/295/333
f 420/293/331 474/360/394 481/367/401
f 482/368/402 475/361/395 476/362/396
f 476/362/396 483/369/403 482/368/402
f 483/369/403 476/362/396 477/363/397
f 477/363/397 484/370/404 483/369/403
f 484/370/404 477/363/397 419/294/332
f 419/294/332 421/296/334 484/370/404
f 452/371/370 486/372/405 485/373/371
f 487/374/406 485/373/371 486/372/405
f 485/373/371 487/374/406 453/375/372
f 488/376/407 453/375/372 487/374/406
f 453/375/372 488/376/407 454/377/373
f 489/378/408 454/377/373 488/376/407
f 454/377/373 489/378/408 414/297/325
f 424/298/335 414/297/325 489/378/408
f 490/379/409 491/380/410 456/381/375
f 456/381/375 455/382/374 490/379/409
f 492/383/411 490/379/409 455/382/374
f 455/382/374 493/384/376 492/383/411
f 425/300/336 492/383/411 493/384/376
f 493/384/376 423/299/326 425/300/336
f 486/372/405 494/385/412 487/374/406
f 495/386/413 487/374/406 494/385/412
f 487/374/406 495/386/413 488/376/407
f 496/387/414 488/376/407 495/386/413
f 488/376/407 496/387/414 489/378/408
f 497/388/415 489/378/408 496/387/414
f 489/378/408 497/388/415 424/298/335
f 426/301/337 424/298/335 497/388/415
f 498/389/416 499/390/417 491/380/410
f 491/380/410 490/379/409 498/389/416
f 498/389/416 492/383/411 500/391/418
f 498/389/416 490/379/409 492/383/411
f 427/302/338 500/391/418 492/383/411
f 492/383/411 425/300/336 427/302/338
f 494/385/412 501/392/419 495/386/413
f 502/393/420 495/386/413 501/392/419
f 495/386/413 502/393/420 496/387/414
f 503/394/421 496/387/414 502/393/420
f 496/387/414 503/394/421 497/388/415
f 504/395/422 497/388/415 503/394/421
f 497/388/415 504/395/422 426/301/337
f 428/303/339 426/301/337 504/395/422
f 505/396/423 506/397/424 499/390/417
f 499/390/417 498/389/416 505/396/423
f 505/396/423 500/391/418 507/398/425
f 505/396/423 498/389/416 500/391/418
f 507/398/425 500/391/418 427/302/338
f 427/302/338 429/304/340 507/398/425
f 501/392/419 458/345/379 502/393/420
f 459/344/378 502/393/420 458/345/379
f 502/393/420 459/344/378 503/394/421
f 462/348/382 503/394/421 459/344/378
f 503/394/421 462/348/382 504/395/422
f 464/350/384 504/395/422 462/348/382
f 504/395/422 464/350/384 428/303/339
f 418/292/330 428/303/339 464/350/384
f 468/354/388 466/353/387 506/397/424
f 506/397/424 505/396/423 468/354/388
f 468/354/388 507/398/425 469/355/389
f 468/354/388 505/396/423 507/398/425
f 469/355/389 507/398/425 429/304/340
f 429/304/340 415/289/327 469/355/389
f 479/364/398 508/399/426 478/365/399
f 479/364/398 509/400/427 508/399/426
f 478/365/399 508/399/426 510/401/428
f 478/365/399 510/401/428 480/366/400
f 480/366/400 510/401/428 511/402/429
f 480/366/400 511/402/429 481/367/401
f 481/367/401 430/306/342 422/295/333
f 481/367/401 511/402/429 430/306/342
f 483/369/403 512/403/430 482/368/402
f 483/369/403 513/404/431 512/403/430
f 483/369/403 484/370/404 514/405/432
f 514/405/432 513/404/431 483/369/403
f 2079/406/433 421/296/334 2080/305/341
f 509/400/427 515/407/434 508/399/426
f 509/400/427 516/408/435 515/407/434
f 508/399/426 515/407/434 517/409/436
f 508/399/426 517/409/436 510/401/428
f 510/401/428 518/410/437 511/402/429
f 510/401/428 517/409/436 518/410/437
f 511/402/429 431/309/345 430/306/342
f 511/402/429 518/410/437 431/309/345
f 513/404/431 519/411/438 512/403/430
f 513/404/431 520/412/439 519/411/438
f 513/404/431 514/405/432 521/413/440
f 521/413/440 520/412/439 513/404/431
f 516/408/435 522/414/441 515/407/434
f 516/408/435 523/415/442 522/414/441
f 515/407/434 524/416/443 517/409/436
f 515/407/434 522/414/441 524/416/443
f 517/409/436 433/312/348 518/410/437
f 517/409/436 524/416/443 433/312/348
f 518/410/437 432/311/347 431/309/345
f 518/410/437 433/312/348 432/311/347
f 520/412/439 525/417/444 519/411/438
f 520/412/439 526/418/445 525/417/444
f 520/412/439 521/413/440 527/419/446
f 527/419/446 526/418/445 520/412/439
f 526/418/445 441/420/358 525/417/444
f 526/418/445 440/421/359 441/420/358
f 440/421/359 526/418/445 527/419/446
f 527/419/446 552/422/447 440/421/359
f 553/423/448 409/424/321 443/425/361
f 432/311/347 409/424/321 2083/310/346
f 432/311/347 408/313/319 409/424/321
f 523/415/442 528/426/353 522/414/441
f 523/415/442 529/427/350 528/426/353
f 522/414/441 530/428/355 524/416/443
f 522/414/441 528/426/353 530/428/355
f 524/416/443 438/314/349 433/312/348
f 524/416/443 530/428/355 438/314/349
f 398/429/307 475/361/395 399/430/308
f 399/430/308 475/361/395 482/368/402
f 531/431/306 467/352/386 475/361/395
f 475/361/395 398/429/307 531/431/306
f 531/431/306 532/432/305 466/353/387
f 466/353/387 467/352/386 531/431/306
f 466/353/387 532/432/305 533/433/318
f 533/433/318 506/397/424 466/353/387
f 506/397/424 533/433/318 534/434/317
f 534/434/317 499/390/417 506/397/424
f 499/390/417 534/434/317 402/435/316
f 402/435/316 491/380/410 499/390/417
f 491/380/410 402/435/316 535/436/315
f 535/436/315 456/381/375 491/380/410
f 450/334/368 456/341/375 535/437/315
f 535/437/315 536/438/314 450/334/368
f 442/326/360 450/334/368 536/438/314
f 536/438/314 537/439/313 442/326/360
f 442/326/360 538/440/312 441/324/358
f 442/326/360 537/439/313 538/440/312
f 525/417/444 538/441/312 539/442/311
f 525/417/444 441/420/358 538/441/312
f 519/411/438 539/442/311 401/443/310
f 519/411/438 525/417/444 539/442/311
f 512/403/430 401/443/310 400/444/309
f 512/403/430 519/411/438 401/443/310
f 482/368/402 400/444/309 399/430/308
f 482/368/402 512/403/430 400/444/309
f 458/345/379 110/445/117 460/346/380
f 110/445/117 458/345/379 540/446/118
f 472/357/391 460/346/380 110/445/117
f 110/445/117 109/447/116 472/357/391
f 472/357/391 109/447/116 541/448/115
f 541/448/115 479/364/398 472/357/391
f 541/448/115 509/400/427 479/364/398
f 541/448/115 542/449/128 509/400/427
f 542/449/128 516/408/435 509/400/427
f 542/449/128 543/450/127 516/408/435
f 543/450/127 523/415/442 516/408/435
f 543/450/127 544/451/126 523/415/442
f 544/451/126 529/427/350 523/415/442
f 544/451/126 546/452/125 529/427/350
f 545/453/124 435/316/351 546/454/125
f 546/454/125 435/316/351 529/315/350
f 547/455/123 446/329/363 435/316/351
f 435/316/351 545/453/124 547/455/123
f 547/455/123 548/456/122 446/329/363
f 548/456/122 452/336/370 446/329/363
f 548/457/122 549/458/121 452/371/370
f 486/372/405 452/371/370 549/458/121
f 549/458/121 550/459/120 486/372/405
f 494/385/412 486/372/405 550/459/120
f 550/459/120 551/460/119 494/385/412
f 501/392/419 494/385/412 551/460/119
f 551/460/119 540/446/118 501/392/419
f 458/345/379 501/392/419 540/446/118
f 484/370/404 421/296/334 2079/406/433
f 430/306/342 2081/308/344 2080/305/341
f 2083/310/346 409/424/321 2084/461/449
f 440/421/359 552/422/447 443/425/361
f 2084/461/449 409/424/321 553/423/448
f 554/69/450 555/68/451 556/67/452
f 554/69/450 556/67/452 557/70/453
f 558/71/454 559/73/455 560/72/456
f 560/72/456 559/73/455 561/74/457
f 562/75/458 563/77/459 564/76/460
f 563/77/459 562/75/458 565/78/461
f 566/79/462 567/81/463 568/80/464
f 567/81/463 566/79/462 569/82/465
f 570/462/466 571/463/467 572/464/468
f 570/462/466 572/464/468 573/465/469
f 573/465/469 572/464/468 555/68/451
f 573/465/469 555/68/451 554/69/450
f 574/83/470 575/85/471 576/84/472
f 576/84/472 575/85/471 577/86/473
f 556/67/452 576/84/472 557/70/453
f 576/84/472 556/67/452 574/83/470
f 578/466/474 579/467/475 580/468/476
f 580/468/476 579/467/475 581/469/477
f 559/73/455 578/466/474 561/74/457
f 561/74/457 578/466/474 580/468/476
f 582/87/478 583/89/479 584/88/480
f 582/87/478 584/88/480 585/90/481
f 585/90/481 584/88/480 558/71/454
f 585/90/481 558/71/454 560/72/456
f 586/470/482 587/471/483 588/472/484
f 587/471/483 586/470/482 589/473/485
f 588/472/484 565/78/461 562/75/458
f 565/78/461 588/472/484 587/471/483
f 590/91/486 591/93/487 592/92/488
f 591/93/487 593/94/489 592/92/488
f 591/93/487 594/95/490 593/94/489
f 594/95/490 564/76/460 593/94/489
f 595/96/491 596/98/492 597/97/493
f 596/98/492 595/96/491 598/99/494
f 597/97/493 569/82/465 566/79/462
f 569/82/465 597/97/493 596/98/492
f 599/474/495 600/475/496 601/476/497
f 600/475/496 602/477/498 601/476/497
f 600/475/496 603/107/499 602/477/498
f 603/107/499 568/80/464 602/477/498
f 604/100/500 605/101/501 594/95/490
f 605/101/501 604/100/500 606/102/502
f 605/101/501 564/76/460 594/95/490
f 564/76/460 605/101/501 562/75/458
f 632/103/503 633/104/504 565/78/461
f 563/77/459 565/78/461 633/104/504
f 607/105/505 603/107/499 608/106/506
f 603/107/499 607/105/505 609/108/507
f 609/108/507 568/80/464 603/107/499
f 568/80/464 609/108/507 566/79/462
f 567/81/463 569/82/465 610/109/508
f 569/82/465 634/110/509 610/109/508
f 611/478/510 612/479/511 613/480/512
f 612/479/511 611/478/510 614/481/513
f 614/481/513 588/472/484 612/479/511
f 588/472/484 614/481/513 586/470/482
f 635/482/514 615/483/515 589/473/485
f 587/471/483 589/473/485 615/483/515
f 613/480/512 605/101/501 606/102/502
f 605/101/501 613/480/512 612/479/511
f 612/479/511 562/75/458 605/101/501
f 562/75/458 612/479/511 588/472/484
f 615/483/515 565/78/461 587/471/483
f 565/78/461 615/483/515 632/103/503
f 616/111/516 617/113/517 637/112/518
f 617/113/517 616/111/516 618/114/519
f 592/92/488 593/94/489 616/111/516
f 593/94/489 618/114/519 616/111/516
f 619/115/520 590/91/486 620/116/521
f 590/91/486 619/115/520 591/93/487
f 618/114/519 633/104/504 617/113/517
f 633/104/504 618/114/519 563/77/459
f 593/94/489 564/76/460 618/114/519
f 564/76/460 563/77/459 618/114/519
f 604/100/500 591/93/487 619/115/520
f 591/93/487 604/100/500 594/95/490
f 621/117/522 622/119/523 623/118/524
f 622/119/523 621/117/522 624/120/525
f 622/119/523 597/97/493 623/118/524
f 597/97/493 622/119/523 595/96/491
f 596/98/492 625/122/526 636/121/527
f 625/122/526 596/98/492 598/99/494
f 621/117/522 623/118/524 609/108/507
f 621/117/522 609/108/507 607/105/505
f 623/118/524 566/79/462 609/108/507
f 566/79/462 623/118/524 597/97/493
f 569/82/465 596/98/492 634/110/509
f 596/98/492 636/121/527 634/110/509
f 626/484/528 627/485/529 628/486/530
f 629/487/531 628/486/530 627/485/529
f 601/476/497 602/477/498 629/487/531
f 602/477/498 628/486/530 629/487/531
f 630/488/532 600/475/496 599/474/495
f 600/475/496 630/488/532 631/489/533
f 628/486/530 567/81/463 626/484/528
f 567/81/463 610/109/508 626/484/528
f 602/477/498 568/80/464 628/486/530
f 568/80/464 567/81/463 628/486/530
f 608/106/506 600/475/496 631/489/533
f 600/475/496 608/106/506 603/107/499
f 554/69/450 557/70/453 632/123/503
f 632/123/503 557/70/453 633/124/504
f 634/125/509 555/68/451 610/126/508
f 555/68/451 634/125/509 556/67/452
f 607/105/505 559/73/455 558/71/454
f 559/73/455 607/105/505 608/106/506
f 604/100/500 560/72/456 561/74/457
f 561/74/457 606/102/502 604/100/500
f 570/462/466 615/490/515 635/491/514
f 615/490/515 570/462/466 573/465/469
f 627/492/529 572/464/468 571/463/467
f 572/464/468 627/492/529 626/493/528
f 573/465/469 554/69/450 615/490/515
f 615/490/515 554/69/450 632/123/503
f 626/493/528 555/68/451 572/464/468
f 555/68/451 626/493/528 610/126/508
f 636/127/527 625/128/526 574/83/470
f 574/83/470 625/128/526 575/85/471
f 576/84/472 637/130/518 617/129/517
f 637/130/518 576/84/472 577/86/473
f 636/127/527 556/67/452 634/125/509
f 556/67/452 636/127/527 574/83/470
f 633/124/504 557/70/453 576/84/472
f 576/84/472 617/129/517 633/124/504
f 631/489/533 630/488/532 578/466/474
f 578/466/474 630/488/532 579/467/475
f 580/468/476 581/469/477 613/480/512
f 581/469/477 611/478/510 613/480/512
f 608/106/506 631/489/533 559/73/455
f 559/73/455 631/489/533 578/466/474
f 561/74/457 613/480/512 606/102/502
f 613/480/512 561/74/457 580/468/476
f 582/87/478 619/115/520 620/116/521
f 619/115/520 582/87/478 585/90/481
f 624/120/525 621/117/522 583/89/479
f 583/89/479 621/117/522 584/88/480
f 619/115/520 585/90/481 560/72/456
f 619/115/520 560/72/456 604/100/500
f 621/117/522 607/105/505 584/88/480
f 584/88/480 607/105/505 558/71/454
f 1009/131/534 624/120/525 1008/132/535
f 583/89/479 1008/132/535 624/120/525
f 1008/132/535 583/89/479 1010/133/536
f 1010/133/536 583/89/479 582/87/478
f 1010/133/536 582/87/478 1011/134/537
f 1011/134/537 582/87/478 620/116/521
f 1011/134/537 590/91/486 1012/135/538
f 590/91/486 1011/134/537 620/116/521
f 590/91/486 1013/136/539 1012/135/538
f 1013/136/539 590/91/486 592/92/488
f 592/92/488 616/111/516 1013/136/539
f 1013/136/539 616/111/516 1014/137/540
f 616/111/516 638/138/541 1014/137/540
f 638/138/541 616/111/516 637/112/518
f 577/86/473 638/139/541 637/130/518
f 638/139/541 577/86/473 1015/140/542
f 575/85/471 1015/140/542 577/86/473
f 1015/140/542 575/85/471 639/141/543
f 625/128/526 639/141/543 575/85/471
f 639/141/543 625/128/526 1016/142/544
f 640/143/545 625/122/526 598/99/494
f 625/122/526 640/143/545 1016/144/544
f 595/96/491 641/145/546 640/143/545
f 595/96/491 640/143/545 598/99/494
f 622/119/523 1017/146/547 641/145/546
f 622/119/523 641/145/546 595/96/491
f 1017/146/547 624/120/525 1009/131/534
f 624/120/525 1017/146/547 622/119/523
f 611/478/510 642/494/548 643/495/549
f 642/494/548 611/478/510 581/469/477
f 579/467/475 642/494/548 581/469/477
f 642/494/548 579/467/475 737/496/550
f 630/488/532 737/496/550 579/467/475
f 737/496/550 630/488/532 644/497/551
f 630/488/532 599/474/495 644/497/551
f 644/497/551 599/474/495 645/498/552
f 601/476/497 645/498/552 599/474/495
f 645/498/552 601/476/497 742/499/553
f 629/487/531 742/499/553 601/476/497
f 742/499/553 629/487/531 646/500/554
f 646/500/554 627/485/529 741/501/555
f 627/485/529 646/500/554 629/487/531
f 647/502/556 627/492/529 571/463/467
f 627/492/529 647/502/556 741/503/555
f 647/502/556 571/463/467 740/504/557
f 740/504/557 571/463/467 570/462/466
f 740/504/557 570/462/466 739/505/558
f 739/505/558 570/462/466 635/491/514
f 589/473/485 648/506/559 739/507/558
f 589/473/485 739/507/558 635/482/514
f 586/470/482 649/508/560 648/506/559
f 586/470/482 648/506/559 589/473/485
f 614/481/513 738/509/561 649/508/560
f 614/481/513 649/508/560 586/470/482
f 611/478/510 643/495/549 738/509/561
f 611/478/510 738/509/561 614/481/513
f 650/147/562 651/149/563 652/148/564
f 651/149/563 650/147/562 653/150/565
f 650/147/562 654/152/566 655/151/567
f 650/147/562 655/151/567 653/150/565
f 655/151/567 656/154/568 657/153/569
f 656/154/568 655/151/567 654/152/566
f 676/155/570 658/157/571 677/156/572
f 658/157/571 676/155/570 659/158/573
f 658/157/571 659/158/573 660/159/574
f 660/159/574 659/158/573 661/160/575
f 660/159/574 661/160/575 662/161/576
f 662/161/576 661/160/575 663/162/577
f 662/163/576 663/165/577 664/164/578
f 665/166/579 664/164/578 663/165/577
f 664/164/578 665/166/579 666/167/580
f 667/168/581 666/167/580 665/166/579
f 668/169/582 667/168/581 669/170/583
f 667/168/581 668/169/582 666/167/580
f 652/148/564 651/149/563 669/170/583
f 651/149/563 668/169/582 669/170/583
f 657/153/569 656/154/568 670/171/584
f 657/153/569 670/171/584 671/172/585
f 671/172/585 670/171/584 672/173/586
f 671/172/585 672/173/586 673/174/587
f 673/174/587 672/173/586 674/175/588
f 673/174/587 674/175/588 675/176/589
f 675/176/589 674/175/588 676/177/570
f 675/176/589 676/177/570 677/178/572
f 678/179/590 679/181/591 680/180/592
f 679/181/591 678/179/590 681/182/593
f 651/149/563 653/150/565 678/179/590
f 651/149/563 678/179/590 680/180/592
f 682/183/594 683/185/595 684/184/596
f 684/184/596 683/185/595 685/186/597
f 683/185/595 650/147/562 685/186/597
f 685/186/597 650/147/562 652/148/564
f 678/179/590 686/188/598 687/187/599
f 678/179/590 687/187/599 681/182/593
f 653/150/565 655/151/567 686/188/598
f 653/150/565 686/188/598 678/179/590
f 688/189/600 683/185/595 682/183/594
f 683/185/595 688/189/600 689/190/601
f 689/190/601 650/147/562 683/185/595
f 650/147/562 689/190/601 654/152/566
f 690/191/602 687/187/599 686/188/598
f 687/187/599 690/191/602 691/192/603
f 657/153/569 690/191/602 655/151/567
f 690/191/602 686/188/598 655/151/567
f 692/193/604 693/194/605 688/189/600
f 688/189/600 693/194/605 689/190/601
f 693/194/605 654/152/566 689/190/601
f 654/152/566 693/194/605 656/154/568
f 694/195/606 695/197/607 696/196/608
f 696/196/608 695/197/607 697/198/609
f 695/197/607 658/157/571 697/198/609
f 658/157/571 695/197/607 677/156/572
f 698/199/610 699/201/611 700/200/612
f 698/199/610 700/200/612 701/202/613
f 676/155/570 698/199/610 659/158/573
f 698/199/610 676/155/570 699/201/611
f 696/196/608 702/204/614 703/203/615
f 702/204/614 696/196/608 697/198/609
f 697/198/609 660/159/574 702/204/614
f 660/159/574 697/198/609 658/157/571
f 704/205/616 698/199/610 705/206/617
f 698/199/610 701/202/613 705/206/617
f 661/160/575 659/158/573 698/199/610
f 661/160/575 698/199/610 704/205/616
f 703/203/615 702/204/614 706/207/618
f 709/208/619 706/207/618 702/204/614
f 702/204/614 660/159/574 709/208/619
f 709/208/619 660/159/574 662/161/576
f 707/209/620 704/205/616 705/206/617
f 707/209/620 705/206/617 708/210/621
f 661/160/575 707/209/620 663/162/577
f 707/209/620 661/160/575 704/205/616
f 706/211/618 709/213/619 710/212/622
f 711/214/623 710/212/622 709/213/619
f 709/213/619 662/163/576 711/214/623
f 711/214/623 662/163/576 664/164/578
f 712/215/624 708/217/621 713/216/625
f 708/217/621 712/215/624 707/218/620
f 665/166/579 707/218/620 712/215/624
f 707/218/620 665/166/579 663/165/577
f 710/212/622 711/214/623 714/219/626
f 715/220/627 714/219/626 711/214/623
f 711/214/623 664/164/578 715/220/627
f 666/167/580 715/220/627 664/164/578
f 716/221/628 713/216/625 717/222/629
f 713/216/625 716/221/628 712/215/624
f 667/168/581 712/215/624 716/221/628
f 712/215/624 667/168/581 665/166/579
f 714/219/626 715/220/627 718/223/630
f 719/224/631 718/223/630 715/220/627
f 719/224/631 666/167/580 668/169/582
f 666/167/580 719/224/631 715/220/627
f 720/225/632 717/222/629 721/226/633
f 717/222/629 720/225/632 716/221/628
f 669/170/583 716/221/628 720/225/632
f 716/221/628 669/170/583 667/168/581
f 718/223/630 719/224/631 679/181/591
f 680/180/592 679/181/591 719/224/631
f 651/149/563 680/180/592 668/169/582
f 680/180/592 719/224/631 668/169/582
f 685/186/597 721/226/633 684/184/596
f 721/226/633 685/186/597 720/225/632
f 652/148/564 720/225/632 685/186/597
f 720/225/632 652/148/564 669/170/583
f 691/192/603 690/191/602 722/227/634
f 691/192/603 722/227/634 723/228/635
f 690/191/602 657/153/569 671/172/585
f 690/191/602 671/172/585 722/227/634
f 693/194/605 692/193/604 724/229/636
f 693/194/605 724/229/636 725/230/637
f 656/154/568 693/194/605 725/230/637
f 656/154/568 725/230/637 670/171/584
f 723/228/635 722/227/634 726/231/638
f 723/228/635 726/231/638 727/232/639
f 722/227/634 671/172/585 673/174/587
f 722/227/634 673/174/587 726/231/638
f 725/230/637 724/229/636 728/233/640
f 725/230/637 728/233/640 729/234/641
f 670/171/584 725/230/637 729/234/641
f 670/171/584 729/234/641 672/173/586
f 727/232/639 726/231/638 730/235/642
f 727/232/639 730/235/642 731/236/643
f 726/231/638 673/174/587 675/176/589
f 726/231/638 675/176/589 730/235/642
f 729/234/641 728/233/640 732/237/644
f 729/234/641 732/237/644 733/238/645
f 672/173/586 729/234/641 733/238/645
f 672/173/586 733/238/645 674/175/588
f 731/236/643 695/240/607 694/239/606
f 731/236/643 730/235/642 695/240/607
f 730/235/642 675/176/589 677/178/572
f 730/235/642 677/178/572 695/240/607
f 699/241/611 733/238/645 700/242/612
f 733/238/645 732/237/644 700/242/612
f 674/175/588 733/238/645 699/241/611
f 674/175/588 699/241/611 676/177/570
f 872/243/646 692/193/604 734/244/647
f 688/189/600 734/244/647 692/193/604
f 734/244/647 682/183/594 871/245/648
f 682/183/594 734/244/647 688/189/600
f 871/245/648 682/183/594 735/246/649
f 735/246/649 682/183/594 684/184/596
f 684/184/596 881/247/650 735/246/649
f 881/247/650 684/184/596 721/226/633
f 721/226/633 880/248/651 881/247/650
f 880/248/651 721/226/633 717/222/629
f 717/222/629 879/249/652 880/248/651
f 879/249/652 717/222/629 713/216/625
f 713/216/625 878/250/653 879/249/652
f 878/250/653 713/216/625 708/217/621
f 705/206/617 878/251/653 708/210/621
f 878/251/653 705/206/617 877/252/654
f 701/202/613 877/252/654 705/206/617
f 877/252/654 701/202/613 875/253/655
f 700/200/612 875/253/655 701/202/613
f 875/253/655 700/200/612 876/254/656
f 732/237/644 874/256/657 876/255/656
f 732/237/644 876/255/656 700/242/612
f 728/233/640 736/257/658 874/256/657
f 728/233/640 874/256/657 732/237/644
f 724/229/636 873/258/659 736/257/658
f 724/229/636 736/257/658 728/233/640
f 692/193/604 873/258/659 724/229/636
f 873/258/659 692/193/604 872/243/646
f 681/182/593 644/259/551 679/181/591
f 644/259/551 681/182/593 737/260/550
f 687/187/599 737/260/550 681/182/593
f 737/260/550 687/187/599 642/261/548
f 687/187/599 643/262/549 642/261/548
f 643/262/549 687/187/599 691/192/603
f 723/228/635 738/263/561 643/262/549
f 643/262/549 691/192/603 723/228/635
f 649/264/560 738/263/561 727/232/639
f 738/263/561 723/228/635 727/232/639
f 648/265/559 649/264/560 731/236/643
f 649/264/560 727/232/639 731/236/643
f 648/265/559 731/236/643 694/239/606
f 648/265/559 694/239/606 739/266/558
f 740/267/557 739/268/558 696/196/608
f 739/268/558 694/195/606 696/196/608
f 740/267/557 696/196/608 647/269/556
f 647/269/556 696/196/608 703/203/615
f 703/203/615 741/270/555 647/269/556
f 741/270/555 703/203/615 706/207/618
f 741/271/555 706/211/618 646/272/554
f 710/212/622 646/272/554 706/211/618
f 646/272/554 710/212/622 742/273/553
f 714/219/626 742/273/553 710/212/622
f 742/273/553 714/219/626 645/274/552
f 718/223/630 645/274/552 714/219/626
f 645/274/552 718/223/630 644/259/551
f 679/181/591 644/259/551 718/223/630
f 770/281/660 868/283/661 743/282/662
f 743/282/662 868/283/661 744/284/663
f 743/282/662 745/286/664 746/285/665
f 745/286/664 743/282/662 744/284/663
f 746/285/665 745/286/664 756/287/666
f 756/287/666 745/286/664 747/288/667
f 748/289/668 749/291/669 750/290/670
f 748/289/668 750/290/670 751/292/671
f 749/291/669 752/294/672 753/293/673
f 749/291/669 753/293/673 750/290/670
f 752/294/672 754/296/674 755/295/675
f 752/294/672 755/295/675 753/293/673
f 756/297/666 747/299/667 757/298/676
f 758/300/677 757/298/676 747/299/667
f 757/298/676 758/300/677 759/301/678
f 760/302/679 759/301/678 758/300/677
f 759/301/678 760/302/679 761/303/680
f 762/304/681 761/303/680 760/302/679
f 761/303/680 762/304/681 751/292/671
f 748/289/668 751/292/671 762/304/681
f 755/295/675 754/296/674 763/305/682
f 755/295/675 763/305/682 764/306/683
f 764/306/683 763/305/682 765/307/684
f 764/306/683 765/307/684 766/309/685
f 766/309/685 765/307/684 767/310/686
f 766/309/685 767/310/686 768/311/687
f 769/312/688 768/311/687 770/313/660
f 769/312/688 770/313/660 778/314/689
f 771/315/690 772/317/691 773/316/692
f 772/317/691 771/315/690 774/318/693
f 774/318/693 775/319/694 772/317/691
f 775/319/694 774/318/693 776/320/695
f 776/320/695 777/321/696 775/319/694
f 777/321/696 776/320/695 778/322/689
f 778/322/689 770/281/660 777/321/696
f 777/321/696 770/281/660 743/282/662
f 779/323/697 780/325/698 781/324/699
f 779/323/697 781/324/699 782/326/700
f 867/327/701 780/325/698 783/328/702
f 780/325/698 779/323/697 783/328/702
f 868/283/661 867/327/701 744/284/663
f 867/327/701 783/328/702 744/284/663
f 773/316/692 784/330/703 785/329/704
f 784/330/703 773/316/692 772/317/691
f 772/317/691 786/331/705 784/330/703
f 786/331/705 772/317/691 775/319/694
f 775/319/694 787/332/706 786/331/705
f 787/332/706 775/319/694 777/321/696
f 777/321/696 746/285/665 787/332/706
f 746/285/665 777/321/696 743/282/662
f 788/333/707 779/323/697 782/326/700
f 788/333/707 782/326/700 789/334/708
f 783/328/702 779/323/697 790/335/709
f 779/323/697 788/333/707 790/335/709
f 744/284/663 783/328/702 745/286/664
f 783/328/702 790/335/709 745/286/664
f 785/329/704 791/337/710 792/336/711
f 791/337/710 785/329/704 784/330/703
f 784/330/703 793/338/712 791/337/710
f 793/338/712 784/330/703 786/331/705
f 786/331/705 827/339/713 793/338/712
f 827/339/713 786/331/705 787/332/706
f 787/332/706 746/285/665 827/339/713
f 756/287/666 827/339/713 746/285/665
f 794/340/714 788/333/707 789/334/708
f 794/340/714 789/334/708 830/341/715
f 790/335/709 788/333/707 795/342/716
f 788/333/707 794/340/714 795/342/716
f 745/286/664 790/335/709 747/288/667
f 790/335/709 795/342/716 747/288/667
f 796/343/717 797/345/718 798/344/719
f 797/345/718 796/343/717 799/346/720
f 800/347/721 796/343/717 801/348/722
f 796/343/717 798/344/719 801/348/722
f 802/349/723 800/347/721 803/350/724
f 800/347/721 801/348/722 803/350/724
f 751/292/671 750/290/670 802/349/723
f 751/292/671 802/349/723 803/350/724
f 804/351/725 805/353/726 806/352/727
f 805/353/726 804/351/725 807/354/728
f 804/351/725 808/355/729 807/354/728
f 808/355/729 804/351/725 809/356/730
f 809/356/730 748/289/668 808/355/729
f 748/289/668 809/356/730 749/291/669
f 796/343/717 810/358/731 811/357/732
f 796/343/717 811/357/732 799/346/720
f 812/359/733 810/358/731 800/347/721
f 810/358/731 796/343/717 800/347/721
f 813/360/734 812/359/733 802/349/723
f 812/359/733 800/347/721 802/349/723
f 750/290/670 753/293/673 813/360/734
f 750/290/670 813/360/734 802/349/723
f 814/361/735 804/351/725 806/352/727
f 804/351/725 814/361/735 815/362/736
f 815/362/736 809/356/730 804/351/725
f 809/356/730 815/362/736 816/363/737
f 816/363/737 749/291/669 809/356/730
f 749/291/669 816/363/737 752/294/672
f 810/358/731 817/365/738 818/364/739
f 810/358/731 818/364/739 811/357/732
f 819/366/740 817/365/738 812/359/733
f 817/365/738 810/358/731 812/359/733
f 820/367/741 819/366/740 813/360/734
f 819/366/740 812/359/733 813/360/734
f 753/293/673 755/295/675 820/367/741
f 753/293/673 820/367/741 813/360/734
f 821/368/742 815/362/736 814/361/735
f 815/362/736 821/368/742 822/369/743
f 822/369/743 816/363/737 815/362/736
f 816/363/737 822/369/743 823/370/744
f 823/370/744 752/294/672 816/363/737
f 752/294/672 823/370/744 754/296/674
f 792/371/711 791/373/710 824/372/745
f 825/374/746 824/372/745 791/373/710
f 791/373/710 793/375/712 825/374/746
f 826/376/747 825/374/746 793/375/712
f 793/375/712 827/377/713 826/376/747
f 828/378/748 826/376/747 827/377/713
f 827/377/713 756/297/666 828/378/748
f 757/298/676 828/378/748 756/297/666
f 829/379/749 830/381/715 831/380/750
f 830/381/715 829/379/749 794/382/714
f 832/383/751 794/382/714 829/379/749
f 794/382/714 832/383/751 795/384/716
f 758/300/677 795/384/716 832/383/751
f 795/384/716 758/300/677 747/299/667
f 824/372/745 825/374/746 833/385/752
f 834/386/753 833/385/752 825/374/746
f 825/374/746 826/376/747 834/386/753
f 835/387/754 834/386/753 826/376/747
f 826/376/747 828/378/748 835/387/754
f 836/388/755 835/387/754 828/378/748
f 828/378/748 757/298/676 836/388/755
f 759/301/678 836/388/755 757/298/676
f 837/389/756 831/380/750 838/390/757
f 831/380/750 837/389/756 829/379/749
f 837/389/756 839/391/758 832/383/751
f 837/389/756 832/383/751 829/379/749
f 760/302/679 832/383/751 839/391/758
f 832/383/751 760/302/679 758/300/677
f 833/385/752 834/386/753 840/392/759
f 841/393/760 840/392/759 834/386/753
f 834/386/753 835/387/754 841/393/760
f 842/394/761 841/393/760 835/387/754
f 835/387/754 836/388/755 842/394/761
f 843/395/762 842/394/761 836/388/755
f 836/388/755 759/301/678 843/395/762
f 761/303/680 843/395/762 759/301/678
f 844/396/763 838/390/757 845/397/764
f 838/390/757 844/396/763 837/389/756
f 844/396/763 846/398/765 839/391/758
f 844/396/763 839/391/758 837/389/756
f 846/398/765 760/302/679 839/391/758
f 760/302/679 846/398/765 762/304/681
f 840/392/759 841/393/760 797/345/718
f 798/344/719 797/345/718 841/393/760
f 841/393/760 842/394/761 798/344/719
f 801/348/722 798/344/719 842/394/761
f 842/394/761 843/395/762 801/348/722
f 803/350/724 801/348/722 843/395/762
f 843/395/762 761/303/680 803/350/724
f 751/292/671 803/350/724 761/303/680
f 807/354/728 845/397/764 805/353/726
f 845/397/764 807/354/728 844/396/763
f 807/354/728 808/355/729 846/398/765
f 807/354/728 846/398/765 844/396/763
f 808/355/729 762/304/681 846/398/765
f 762/304/681 808/355/729 748/289/668
f 818/364/739 817/365/738 847/399/766
f 818/364/739 847/399/766 848/400/767
f 817/365/738 849/401/768 847/399/766
f 817/365/738 819/366/740 849/401/768
f 819/366/740 850/402/769 849/401/768
f 819/366/740 820/367/741 850/402/769
f 820/367/741 755/295/675 764/306/683
f 820/367/741 764/306/683 850/402/769
f 822/369/743 821/368/742 851/403/770
f 822/369/743 851/403/770 852/404/771
f 822/369/743 853/405/772 823/370/744
f 853/405/772 822/369/743 852/404/771
f 823/370/744 763/305/682 754/296/674
f 763/305/682 823/370/744 853/405/772
f 848/400/767 847/399/766 854/407/773
f 848/400/767 854/407/773 855/408/774
f 847/399/766 856/409/775 854/407/773
f 847/399/766 849/401/768 856/409/775
f 849/401/768 850/402/769 857/410/776
f 849/401/768 857/410/776 856/409/775
f 850/402/769 764/306/683 766/309/685
f 850/402/769 766/309/685 857/410/776
f 852/404/771 851/403/770 858/411/777
f 852/404/771 858/411/777 859/412/778
f 852/404/771 860/413/779 853/405/772
f 860/413/779 852/404/771 859/412/778
f 853/405/772 765/307/684 763/305/682
f 765/307/684 853/405/772 860/413/779
f 855/408/774 854/407/773 861/414/780
f 855/408/774 861/414/780 862/415/781
f 854/407/773 856/409/775 863/416/782
f 854/407/773 863/416/782 861/414/780
f 856/409/775 857/410/776 769/312/688
f 856/409/775 769/312/688 863/416/782
f 857/410/776 766/309/685 768/311/687
f 857/410/776 768/311/687 769/312/688
f 859/412/778 858/411/777 864/417/783
f 859/412/778 864/417/783 865/418/784
f 859/412/778 866/419/785 860/413/779
f 866/419/785 859/412/778 865/418/784
f 860/413/779 767/310/686 765/307/684
f 767/310/686 860/413/779 866/419/785
f 865/418/784 864/417/783 781/420/699
f 865/418/784 781/420/699 780/421/698
f 780/421/698 866/419/785 865/418/784
f 866/419/785 780/421/698 867/425/701
f 866/419/785 867/425/701 767/310/686
f 767/310/686 867/425/701 868/424/661
f 768/311/687 767/310/686 868/424/661
f 768/311/687 868/424/661 770/313/660
f 862/415/781 861/414/780 774/426/693
f 862/415/781 774/426/693 771/427/690
f 861/414/780 863/416/782 776/428/695
f 861/414/780 776/428/695 774/426/693
f 863/416/782 769/312/688 778/314/689
f 863/416/782 778/314/689 776/428/695
f 869/429/786 1648/430/787 814/361/735
f 1648/430/787 821/368/742 814/361/735
f 1649/431/788 814/361/735 806/352/727
f 814/361/735 1649/431/788 869/429/786
f 1649/431/788 805/353/726 1650/432/789
f 805/353/726 1649/431/788 806/352/727
f 805/353/726 1651/433/790 1650/432/789
f 1651/433/790 805/353/726 845/397/764
f 845/397/764 1652/434/791 1651/433/790
f 1652/434/791 845/397/764 838/390/757
f 838/390/757 1653/435/792 1652/434/791
f 1653/435/792 838/390/757 831/380/750
f 831/380/750 1654/436/793 1653/435/792
f 1654/436/793 831/380/750 830/381/715
f 789/334/708 1654/437/793 830/341/715
f 1654/437/793 789/334/708 1655/438/794
f 782/326/700 1655/438/794 789/334/708
f 1655/438/794 782/326/700 1656/439/795
f 782/326/700 781/324/699 1657/440/796
f 782/326/700 1657/440/796 1656/439/795
f 864/417/783 1658/442/797 1657/441/796
f 864/417/783 1657/441/796 781/420/699
f 858/411/777 870/443/798 1658/442/797
f 858/411/777 1658/442/797 864/417/783
f 851/403/770 1659/444/799 870/443/798
f 851/403/770 870/443/798 858/411/777
f 821/368/742 1648/430/787 1659/444/799
f 821/368/742 1659/444/799 851/403/770
f 797/345/718 799/346/720 871/445/648
f 871/445/648 735/446/649 797/345/718
f 811/357/732 871/445/648 799/346/720
f 871/445/648 811/357/732 734/447/647
f 811/357/732 872/448/646 734/447/647
f 872/448/646 811/357/732 818/364/739
f 872/448/646 818/364/739 848/400/767
f 872/448/646 848/400/767 873/449/659
f 873/449/659 848/400/767 855/408/774
f 873/449/659 855/408/774 736/450/658
f 736/450/658 855/408/774 862/415/781
f 736/450/658 862/415/781 874/451/657
f 874/451/657 862/415/781 771/427/690
f 874/451/657 771/427/690 876/452/656
f 875/453/655 876/454/656 773/316/692
f 876/454/656 771/315/690 773/316/692
f 877/455/654 773/316/692 785/329/704
f 773/316/692 877/455/654 875/453/655
f 877/455/654 785/329/704 878/456/653
f 878/456/653 785/329/704 792/336/711
f 878/457/653 792/371/711 879/458/652
f 824/372/745 879/458/652 792/371/711
f 879/458/652 824/372/745 880/459/651
f 833/385/752 880/459/651 824/372/745
f 880/459/651 833/385/752 881/460/650
f 840/392/759 881/460/650 833/385/752
f 881/460/650 840/392/759 735/446/649
f 797/345/718 735/446/649 840/392/759
f 909/281/800 882/282/801 1007/283/802
f 882/282/801 883/284/803 1007/283/802
f 882/282/801 885/285/804 884/286/805
f 884/286/805 883/284/803 882/282/801
f 885/285/804 895/287/806 884/286/805
f 895/287/806 886/288/807 884/286/805
f 887/289/808 889/290/809 888/291/810
f 887/289/808 890/292/811 889/290/809
f 888/291/810 892/293/812 891/294/813
f 888/291/810 889/290/809 892/293/812
f 891/294/813 894/295/814 893/296/815
f 891/294/813 892/293/812 894/295/814
f 895/297/806 896/298/816 886/299/807
f 897/300/817 886/299/807 896/298/816
f 896/298/816 898/301/818 897/300/817
f 899/302/819 897/300/817 898/301/818
f 898/301/818 900/303/820 899/302/819
f 901/304/821 899/302/819 900/303/820
f 900/303/820 890/292/811 901/304/821
f 887/289/808 901/304/821 890/292/811
f 894/295/814 902/305/822 893/296/815
f 894/295/814 903/306/823 902/305/822
f 903/306/823 904/307/824 902/305/822
f 903/306/823 905/309/825 904/307/824
f 905/309/825 906/310/826 904/307/824
f 905/309/825 907/311/827 906/310/826
f 908/312/828 909/313/800 907/311/827
f 908/312/828 917/314/829 909/313/800
f 910/315/830 912/316/831 911/317/832
f 911/317/832 913/318/833 910/315/830
f 913/318/833 911/317/832 914/319/834
f 914/319/834 915/320/835 913/318/833
f 915/320/835 914/319/834 916/321/836
f 916/321/836 917/322/829 915/320/835
f 917/322/829 916/321/836 909/281/800
f 916/321/836 882/282/801 909/281/800
f 918/323/837 920/324/838 919/325/839
f 918/323/837 921/326/840 920/324/838
f 1006/327/841 922/328/842 919/325/839
f 919/325/839 922/328/842 918/323/837
f 1007/283/802 883/284/803 1006/327/841
f 1006/327/841 883/284/803 922/328/842
f 912/316/831 924/329/843 923/330/844
f 923/330/844 911/317/832 912/316/831
f 911/317/832 923/330/844 925/331/845
f 925/331/845 914/319/834 911/317/832
f 914/319/834 925/331/845 926/332/846
f 926/332/846 916/321/836 914/319/834
f 916/321/836 926/332/846 885/285/804
f 885/285/804 882/282/801 916/321/836
f 927/333/847 921/326/840 918/323/837
f 927/333/847 928/334/848 921/326/840
f 922/328/842 929/335/849 918/323/837
f 918/323/837 929/335/849 927/333/847
f 883/284/803 884/286/805 922/328/842
f 922/328/842 884/286/805 929/335/849
f 924/329/843 931/336/850 930/337/851
f 930/337/851 923/330/844 924/329/843
f 923/330/844 930/337/851 932/338/852
f 932/338/852 925/331/845 923/330/844
f 925/331/845 932/338/852 966/339/853
f 966/339/853 926/332/846 925/331/845
f 926/332/846 966/339/853 885/285/804
f 895/287/806 885/285/804 966/339/853
f 933/340/854 928/334/848 927/333/847
f 933/340/854 969/341/855 928/334/848
f 929/335/849 934/342/856 927/333/847
f 927/333/847 934/342/856 933/340/854
f 884/286/805 886/288/807 929/335/849
f 929/335/849 886/288/807 934/342/856
f 935/343/857 937/344/858 936/345/859
f 936/345/859 938/346/860 935/343/857
f 939/347/861 940/348/862 935/343/857
f 935/343/857 940/348/862 937/344/858
f 941/349/863 942/350/864 939/347/861
f 939/347/861 942/350/864 940/348/862
f 890/292/811 941/349/863 889/290/809
f 890/292/811 942/350/864 941/349/863
f 943/351/865 945/352/866 944/353/867
f 944/353/867 946/354/868 943/351/865
f 943/351/865 946/354/868 947/355/869
f 947/355/869 948/356/870 943/351/865
f 948/356/870 947/355/869 887/289/808
f 887/289/808 888/291/810 948/356/870
f 935/343/857 950/357/871 949/358/872
f 935/343/857 938/346/860 950/357/871
f 951/359/873 939/347/861 949/358/872
f 949/358/872 939/347/861 935/343/857
f 952/360/874 941/349/863 951/359/873
f 951/359/873 941/349/863 939/347/861
f 889/290/809 952/360/874 892/293/812
f 889/290/809 941/349/863 952/360/874
f 953/361/875 945/352/866 943/351/865
f 943/351/865 954/362/876 953/361/875
f 954/362/876 943/351/865 948/356/870
f 948/356/870 955/363/877 954/362/876
f 955/363/877 948/356/870 888/291/810
f 888/291/810 891/294/813 955/363/877
f 949/358/872 957/364/878 956/365/879
f 949/358/872 950/357/871 957/364/878
f 958/366/880 951/359/873 956/365/879
f 956/365/879 951/359/873 949/358/872
f 959/367/881 952/360/874 958/366/880
f 958/366/880 952/360/874 951/359/873
f 892/293/812 959/367/881 894/295/814
f 892/293/812 952/360/874 959/367/881
f 960/368/882 953/361/875 954/362/876
f 954/362/876 961/369/883 960/368/882
f 961/369/883 954/362/876 955/363/877
f 955/363/877 962/370/884 961/369/883
f 962/370/884 955/363/877 891/294/813
f 891/294/813 893/296/815 962/370/884
f 931/371/850 963/372/885 930/373/851
f 964/374/886 930/373/851 963/372/885
f 930/373/851 964/374/886 932/375/852
f 965/376/887 932/375/852 964/374/886
f 932/375/852 965/376/887 966/377/853
f 967/378/888 966/377/853 965/376/887
f 966/377/853 967/378/888 895/297/806
f 896/298/816 895/297/806 967/378/888
f 968/379/889 970/380/890 969/381/855
f 969/381/855 933/382/854 968/379/889
f 971/383/891 968/379/889 933/382/854
f 933/382/854 934/384/856 971/383/891
f 897/300/817 971/383/891 934/384/856
f 934/384/856 886/299/807 897/300/817
f 963/372/885 972/385/892 964/374/886
f 973/386/893 964/374/886 972/385/892
f 964/374/886 973/386/893 965/376/887
f 974/387/894 965/376/887 973/386/893
f 965/376/887 974/387/894 967/378/888
f 975/388/895 967/378/888 974/387/894
f 967/378/888 975/388/895 896/298/816
f 898/301/818 896/298/816 975/388/895
f 976/389/896 977/390/897 970/380/890
f 970/380/890 968/379/889 976/389/896
f 976/389/896 971/383/891 978/391/898
f 976/389/896 968/379/889 971/383/891
f 899/302/819 978/391/898 971/383/891
f 971/383/891 897/300/817 899/302/819
f 972/385/892 979/392/899 973/386/893
f 980/393/900 973/386/893 979/392/899
f 973/386/893 980/393/900 974/387/894
f 981/394/901 974/387/894 980/393/900
f 974/387/894 981/394/901 975/388/895
f 982/395/902 975/388/895 981/394/901
f 975/388/895 982/395/902 898/301/818
f 900/303/820 898/301/818 982/395/902
f 983/396/903 984/397/904 977/390/897
f 977/390/897 976/389/896 983/396/903
f 983/396/903 978/391/898 985/398/905
f 983/396/903 976/389/896 978/391/898
f 985/398/905 978/391/898 899/302/819
f 899/302/819 901/304/821 985/398/905
f 979/392/899 936/345/859 980/393/900
f 937/344/858 980/393/900 936/345/859
f 980/393/900 937/344/858 981/394/901
f 940/348/862 981/394/901 937/344/858
f 981/394/901 940/348/862 982/395/902
f 942/350/864 982/395/902 940/348/862
f 982/395/902 942/350/864 900/303/820
f 890/292/811 900/303/820 942/350/864
f 946/354/868 944/353/867 984/397/904
f 984/397/904 983/396/903 946/354/868
f 946/354/868 985/398/905 947/355/869
f 946/354/868 983/396/903 985/398/905
f 947/355/869 985/398/905 901/304/821
f 901/304/821 887/289/808 947/355/869
f 957/364/878 986/399/906 956/365/879
f 957/364/878 987/400/907 986/399/906
f 956/365/879 986/399/906 988/401/908
f 956/365/879 988/401/908 958/366/880
f 958/366/880 988/401/908 989/402/909
f 958/366/880 989/402/909 959/367/881
f 959/367/881 903/306/823 894/295/814
f 959/367/881 989/402/909 903/306/823
f 961/369/883 990/403/910 960/368/882
f 961/369/883 991/404/911 990/403/910
f 961/369/883 962/370/884 992/405/912
f 992/405/912 991/404/911 961/369/883
f 962/370/884 893/296/815 902/305/822
f 902/305/822 992/405/912 962/370/884
f 987/400/907 993/407/913 986/399/906
f 987/400/907 994/408/914 993/407/913
f 986/399/906 993/407/913 995/409/915
f 986/399/906 995/409/915 988/401/908
f 988/401/908 996/410/916 989/402/909
f 988/401/908 995/409/915 996/410/916
f 989/402/909 905/309/825 903/306/823
f 989/402/909 996/410/916 905/309/825
f 991/404/911 997/411/917 990/403/910
f 991/404/911 998/412/918 997/411/917
f 991/404/911 992/405/912 999/413/919
f 999/413/919 998/412/918 991/404/911
f 992/405/912 902/305/822 904/307/824
f 904/307/824 999/413/919 992/405/912
f 994/408/914 1000/414/920 993/407/913
f 994/408/914 1001/415/921 1000/414/920
f 993/407/913 1002/416/922 995/409/915
f 993/407/913 1000/414/920 1002/416/922
f 995/409/915 908/312/828 996/410/916
f 995/409/915 1002/416/922 908/312/828
f 996/410/916 907/311/827 905/309/825
f 996/410/916 908/312/828 907/311/827
f 998/412/918 1003/417/923 997/411/917
f 998/412/918 1004/418/924 1003/417/923
f 998/412/918 999/413/919 1005/419/925
f 1005/419/925 1004/418/924 998/412/918
f 999/413/919 904/307/824 906/310/826
f 906/310/826 1005/419/925 999/413/919
f 1004/418/924 920/420/838 1003/417/923
f 1004/418/924 919/421/839 920/420/838
f 919/421/839 1004/418/924 1005/419/925
f 1005/419/925 1006/425/841 919/421/839
f 1005/419/925 906/310/826 1006/425/841
f 906/310/826 1007/424/802 1006/425/841
f 907/311/827 1007/424/802 906/310/826
f 907/311/827 909/313/800 1007/424/802
f 1001/415/921 913/426/833 1000/414/920
f 1001/415/921 910/427/830 913/426/833
f 1000/414/920 915/428/835 1002/416/922
f 1000/414/920 913/426/833 915/428/835
f 1002/416/922 917/314/829 908/312/828
f 1002/416/922 915/428/835 917/314/829
f 1008/429/535 953/361/875 1009/430/534
f 1009/430/534 953/361/875 960/368/882
f 1010/431/536 945/352/866 953/361/875
f 953/361/875 1008/429/535 1010/431/536
f 1010/431/536 1011/432/537 944/353/867
f 944/353/867 945/352/866 1010/431/536
f 944/353/867 1011/432/537 1012/433/538
f 1012/433/538 984/397/904 944/353/867
f 984/397/904 1012/433/538 1013/434/539
f 1013/434/539 977/390/897 984/397/904
f 977/390/897 1013/434/539 1014/435/540
f 1014/435/540 970/380/890 977/390/897
f 970/380/890 1014/435/540 638/436/541
f 638/436/541 969/381/855 970/380/890
f 928/334/848 969/341/855 638/437/541
f 638/437/541 1015/438/542 928/334/848
f 921/326/840 928/334/848 1015/438/542
f 1015/438/542 639/439/543 921/326/840
f 921/326/840 1016/440/544 920/324/838
f 921/326/840 639/439/543 1016/440/544
f 1003/417/923 1016/441/544 640/442/545
f 1003/417/923 920/420/838 1016/441/544
f 997/411/917 640/442/545 641/443/546
f 997/411/917 1003/417/923 640/442/545
f 990/403/910 641/443/546 1017/444/547
f 990/403/910 997/411/917 641/443/546
f 960/368/882 1017/444/547 1009/430/534
f 960/368/882 990/403/910 1017/444/547
f 936/345/859 1018/445/926 938/346/860
f 1018/445/926 936/345/859 1785/446/927
f 950/357/871 938/346/860 1018/445/926
f 1018/445/926 1019/447/928 950/357/871
f 950/357/871 1019/447/928 1020/448/929
f 1020/448/929 957/364/878 950/357/871
f 1020/448/929 987/400/907 957/364/878
f 1020/448/929 1021/449/930 987/400/907
f 1021/449/930 994/408/914 987/400/907
f 1021/449/930 1022/450/931 994/408/914
f 1022/450/931 1001/415/921 994/408/914
f 1022/450/931 1023/451/932 1001/415/921
f 1023/451/932 910/427/830 1001/415/921
f 1023/451/932 1789/452/933 910/427/830
f 1024/453/934 912/316/831 1789/454/933
f 1789/454/933 912/316/831 910/315/830
f 1787/455/935 924/329/843 912/316/831
f 912/316/831 1024/453/934 1787/455/935
f 1787/455/935 1788/456/936 924/329/843
f 1788/456/936 931/336/850 924/329/843
f 1788/457/936 1025/458/937 931/371/850
f 963/372/885 931/371/850 1025/458/937
f 1025/458/937 1026/459/938 963/372/885
f 972/385/892 963/372/885 1026/459/938
f 1026/459/938 1786/460/939 972/385/892
f 979/392/899 972/385/892 1786/460/939
f 1786/460/939 1785/446/927 979/392/899
f 936/345/859 979/392/899 1785/446/927
f 1027/69/940 1029/67/941 1028/68/942
f 1027/69/940 1030/70/943 1029/67/941
f 1031/71/944 1033/72/945 1032/73/946
f 1033/72/945 1034/74/947 1032/73/946
f 1035/75/948 1037/76/949 1036/77/950
f 1036/77/950 1038/78/951 1035/75/948
f 1039/79/952 1041/80/953 1040/81/954
f 1040/81/954 1042/82/955 1039/79/952
f 1043/462/956 1045/464/957 1044/463/958
f 1043/462/956 1046/465/959 1045/464/957
f 1046/465/959 1028/68/942 1045/464/957
f 1046/465/959 1027/69/940 1028/68/942
f 1047/83/960 1049/84/961 1048/85/962
f 1049/84/961 1050/86/963 1048/85/962
f 1029/67/941 1030/70/943 1049/84/961
f 1049/84/961 1047/83/960 1029/67/941
f 1051/466/964 1053/468/965 1052/467/966
f 1053/468/965 1054/469/967 1052/467/966
f 1032/73/946 1034/74/947 1051/466/964
f 1034/74/947 1053/468/965 1051/466/964
f 1055/87/968 1057/88/969 1056/89/970
f 1055/87/968 1058/90/971 1057/88/969
f 1058/90/971 1031/71/944 1057/88/969
f 1058/90/971 1033/72/945 1031/71/944
f 1059/470/972 1061/472/973 1060/471/974
f 1060/471/974 1062/473/975 1059/470/972
f 1061/472/973 1035/75/948 1038/78/951
f 1038/78/951 1060/471/974 1061/472/973
f 1063/91/976 1065/92/977 1064/93/978
f 1064/93/978 1065/92/977 1066/94/979
f 1064/93/978 1066/94/979 1067/95/980
f 1067/95/980 1066/94/979 1037/76/949
f 1068/96/981 1070/97/982 1069/98/983
f 1069/98/983 1071/99/984 1068/96/981
f 1070/97/982 1039/79/952 1042/82/955
f 1042/82/955 1069/98/983 1070/97/982
f 1072/474/985 1074/476/986 1073/475/987
f 1073/475/987 1074/476/986 1075/477/988
f 1073/475/987 1075/477/988 1076/107/989
f 1076/107/989 1075/477/988 1041/80/953
f 1077/100/990 1067/95/980 1078/101/991
f 1078/101/991 1079/102/992 1077/100/990
f 1078/101/991 1067/95/980 1037/76/949
f 1037/76/949 1035/75/948 1078/101/991
f 1105/103/993 1038/78/951 1106/104/994
f 1036/77/950 1106/104/994 1038/78/951
f 1080/105/995 1081/106/996 1076/107/989
f 1076/107/989 1082/108/997 1080/105/995
f 1082/108/997 1076/107/989 1041/80/953
f 1041/80/953 1039/79/952 1082/108/997
f 1040/81/954 1083/109/998 1042/82/955
f 1042/82/955 1083/109/998 1107/110/999
f 1084/478/1000 1086/480/1001 1085/479/1002
f 1085/479/1002 1087/481/1003 1084/478/1000
f 1087/481/1003 1085/479/1002 1061/472/973
f 1061/472/973 1059/470/972 1087/481/1003
f 1108/482/1004 1062/473/975 1088/483/1005
f 1060/471/974 1088/483/1005 1062/473/975
f 1086/480/1001 1079/102/992 1078/101/991
f 1078/101/991 1085/479/1002 1086/480/1001
f 1085/479/1002 1078/101/991 1035/75/948
f 1035/75/948 1061/472/973 1085/479/1002
f 1088/483/1005 1060/471/974 1038/78/951
f 1038/78/951 1105/103/993 1088/483/1005
f 1089/111/1006 1110/112/1007 1090/113/1008
f 1090/113/1008 1091/114/1009 1089/111/1006
f 1065/92/977 1089/111/1006 1066/94/979
f 1066/94/979 1089/111/1006 1091/114/1009
f 1092/115/1010 1093/116/1011 1063/91/976
f 1063/91/976 1064/93/978 1092/115/1010
f 1091/114/1009 1090/113/1008 1106/104/994
f 1106/104/994 1036/77/950 1091/114/1009
f 1066/94/979 1091/114/1009 1037/76/949
f 1037/76/949 1091/114/1009 1036/77/950
f 1077/100/990 1092/115/1010 1064/93/978
f 1064/93/978 1067/95/980 1077/100/990
f 1094/117/1012 1096/118/1013 1095/119/1014
f 1095/119/1014 1097/120/1015 1094/117/1012
f 1095/119/1014 1096/118/1013 1070/97/982
f 1070/97/982 1068/96/981 1095/119/1014
f 1069/98/983 1109/121/1016 1098/122/1017
f 1098/122/1017 1071/99/984 1069/98/983
f 1094/117/1012 1082/108/997 1096/118/1013
f 1094/117/1012 1080/105/995 1082/108/997
f 1096/118/1013 1082/108/997 1039/79/952
f 1039/79/952 1070/97/982 1096/118/1013
f 1042/82/955 1107/110/999 1069/98/983
f 1069/98/983 1107/110/999 1109/121/1016
f 1099/484/1018 1101/486/1019 1100/485/1020
f 1102/487/1021 1100/485/1020 1101/486/1019
f 1074/476/986 1102/487/1021 1075/477/988
f 1075/477/988 1102/487/1021 1101/486/1019
f 1103/488/1022 1072/474/985 1073/475/987
f 1073/475/987 1104/489/1023 1103/488/1022
f 1101/486/1019 1099/484/1018 1040/81/954
f 1040/81/954 1099/484/1018 1083/109/998
f 1075/477/988 1101/486/1019 1041/80/953
f 1041/80/953 1101/486/1019 1040/81/954
f 1081/106/996 1104/489/1023 1073/475/987
f 1073/475/987 1076/107/989 1081/106/996
f 1027/69/940 1105/123/993 1030/70/943
f 1105/123/993 1106/124/994 1030/70/943
f 1107/125/999 1083/126/998 1028/68/942
f 1028/68/942 1029/67/941 1107/125/999
f 1080/105/995 1031/71/944 1032/73/946
f 1032/73/946 1081/106/996 1080/105/995
f 1077/100/990 1034/74/947 1033/72/945
f 1034/74/947 1077/100/990 1079/102/992
f 1043/462/956 1108/491/1004 1088/490/1005
f 1088/490/1005 1046/465/959 1043/462/956
f 1100/492/1020 1044/463/958 1045/464/957
f 1045/464/957 1099/493/1018 1100/492/1020
f 1046/465/959 1088/490/1005 1027/69/940
f 1088/490/1005 1105/123/993 1027/69/940
f 1099/493/1018 1045/464/957 1028/68/942
f 1028/68/942 1083/126/998 1099/493/1018
f 1109/127/1016 1047/83/960 1098/128/1017
f 1047/83/960 1048/85/962 1098/128/1017
f 1049/84/961 1090/129/1008 1110/130/1007
f 1110/130/1007 1050/86/963 1049/84/961
f 1109/127/1016 1107/125/999 1029/67/941
f 1029/67/941 1047/83/960 1109/127/1016
f 1106/124/994 1049/84/961 1030/70/943
f 1049/84/961 1106/124/994 1090/129/1008
f 1104/489/1023 1051/466/964 1103/488/1022
f 1051/466/964 1052/467/966 1103/488/1022
f 1053/468/965 1086/480/1001 1054/469/967
f 1054/469/967 1086/480/1001 1084/478/1000
f 1081/106/996 1032/73/946 1104/489/1023
f 1032/73/946 1051/466/964 1104/489/1023
f 1034/74/947 1079/102/992 1086/480/1001
f 1086/480/1001 1053/468/965 1034/74/947
f 1055/87/968 1093/116/1011 1092/115/1010
f 1092/115/1010 1058/90/971 1055/87/968
f 1097/120/1015 1056/89/970 1094/117/1012
f 1056/89/970 1057/88/969 1094/117/1012
f 1092/115/1010 1033/72/945 1058/90/971
f 1092/115/1010 1077/100/990 1033/72/945
f 1094/117/1012 1057/88/969 1080/105/995
f 1057/88/969 1031/71/944 1080/105/995
f 1351/131/1024 1350/132/1025 1097/120/1015
f 1056/89/970 1097/120/1015 1350/132/1025
f 1350/132/1025 1352/133/1026 1056/89/970
f 1352/133/1026 1055/87/968 1056/89/970
f 1352/133/1026 1111/134/1027 1055/87/968
f 1111/134/1027 1093/116/1011 1055/87/968
f 1111/134/1027 1353/135/1028 1063/91/976
f 1063/91/976 1093/116/1011 1111/134/1027
f 1063/91/976 1353/135/1028 1354/136/1029
f 1354/136/1029 1065/92/977 1063/91/976
f 1065/92/977 1354/136/1029 1089/111/1006
f 1354/136/1029 1355/137/1030 1089/111/1006
f 1089/111/1006 1355/137/1030 1356/138/1031
f 1356/138/1031 1110/112/1007 1089/111/1006
f 1050/86/963 1110/130/1007 1356/139/1031
f 1356/139/1031 1357/140/1032 1050/86/963
f 1048/85/962 1050/86/963 1357/140/1032
f 1357/140/1032 1358/141/1033 1048/85/962
f 1098/128/1017 1048/85/962 1358/141/1033
f 1358/141/1033 1112/142/1034 1098/128/1017
f 1359/143/1035 1071/99/984 1098/122/1017
f 1098/122/1017 1112/144/1034 1359/143/1035
f 1068/96/981 1359/143/1035 1360/145/1036
f 1068/96/981 1071/99/984 1359/143/1035
f 1095/119/1014 1360/145/1036 1361/146/1037
f 1095/119/1014 1068/96/981 1360/145/1036
f 1361/146/1037 1351/131/1024 1097/120/1015
f 1097/120/1015 1095/119/1014 1361/146/1037
f 1084/478/1000 1114/495/1038 1113/494/1039
f 1113/494/1039 1054/469/967 1084/478/1000
f 1052/467/966 1054/469/967 1113/494/1039
f 1113/494/1039 1115/496/1040 1052/467/966
f 1103/488/1022 1052/467/966 1115/496/1040
f 1115/496/1040 1116/497/1041 1103/488/1022
f 1103/488/1022 1116/497/1041 1072/474/985
f 1116/497/1041 1117/498/1042 1072/474/985
f 1074/476/986 1072/474/985 1117/498/1042
f 1117/498/1042 1118/499/1043 1074/476/986
f 1102/487/1021 1074/476/986 1118/499/1043
f 1118/499/1043 1119/500/1044 1102/487/1021
f 1119/500/1044 1120/501/1045 1100/485/1020
f 1100/485/1020 1102/487/1021 1119/500/1044
f 1783/502/1046 1044/463/958 1100/492/1020
f 1100/492/1020 1120/503/1045 1783/502/1046
f 1783/502/1046 1121/504/1047 1044/463/958
f 1121/504/1047 1043/462/956 1044/463/958
f 1121/504/1047 1122/505/1048 1043/462/956
f 1122/505/1048 1108/491/1004 1043/462/956
f 1062/473/975 1122/507/1048 1782/506/1049
f 1062/473/975 1108/482/1004 1122/507/1048
f 1059/470/972 1782/506/1049 1123/508/1050
f 1059/470/972 1062/473/975 1782/506/1049
f 1087/481/1003 1123/508/1050 1124/509/1051
f 1087/481/1003 1059/470/972 1123/508/1050
f 1084/478/1000 1124/509/1051 1114/495/1038
f 1084/478/1000 1087/481/1003 1124/509/1051
f 1125/147/1052 1127/148/1053 1126/149/1054
f 1126/149/1054 1128/150/1055 1125/147/1052
f 1125/147/1052 1130/151/1056 1129/152/1057
f 1125/147/1052 1128/150/1055 1130/151/1056
f 1130/151/1056 1132/153/1058 1131/154/1059
f 1131/154/1059 1129/152/1057 1130/151/1056
f 1152/155/1060 1134/156/1061 1133/157/1062
f 1133/157/1062 1135/158/1063 1152/155/1060
f 1133/157/1062 1136/159/1064 1135/158/1063
f 1136/159/1064 1137/160/1065 1135/158/1063
f 1136/159/1064 1138/161/1066 1137/160/1065
f 1138/161/1066 1139/162/1067 1137/160/1065
f 1138/163/1066 1140/164/1068 1139/165/1067
f 1141/166/1069 1139/165/1067 1140/164/1068
f 1140/164/1068 1142/167/1070 1141/166/1069
f 1143/168/1071 1141/166/1069 1142/167/1070
f 1144/169/1072 1145/170/1073 1143/168/1071
f 1143/168/1071 1142/167/1070 1144/169/1072
f 1127/148/1053 1145/170/1073 1126/149/1054
f 1126/149/1054 1145/170/1073 1144/169/1072
f 1132/153/1058 1146/171/1074 1131/154/1059
f 1132/153/1058 1147/172/1075 1146/171/1074
f 1147/172/1075 1148/173/1076 1146/171/1074
f 1147/172/1075 1149/174/1077 1148/173/1076
f 1149/174/1077 1150/175/1078 1148/173/1076
f 1149/174/1077 1151/176/1079 1150/175/1078
f 1151/176/1079 1152/177/1060 1150/175/1078
f 1151/176/1079 1134/178/1061 1152/177/1060
f 1153/179/1080 1155/180/1081 1154/181/1082
f 1154/181/1082 1156/182/1083 1153/179/1080
f 1126/149/1054 1153/179/1080 1128/150/1055
f 1126/149/1054 1155/180/1081 1153/179/1080
f 1157/183/1084 1159/184/1085 1158/185/1086
f 1159/184/1085 1160/186/1087 1158/185/1086
f 1158/185/1086 1160/186/1087 1125/147/1052
f 1160/186/1087 1127/148/1053 1125/147/1052
f 1153/179/1080 1162/187/1088 1161/188/1089
f 1153/179/1080 1156/182/1083 1162/187/1088
f 1128/150/1055 1161/188/1089 1130/151/1056
f 1128/150/1055 1153/179/1080 1161/188/1089
f 1163/189/1090 1157/183/1084 1158/185/1086
f 1158/185/1086 1164/190/1091 1163/189/1090
f 1164/190/1091 1158/185/1086 1125/147/1052
f 1125/147/1052 1129/152/1057 1164/190/1091
f 1165/191/1092 1161/188/1089 1162/187/1088
f 1162/187/1088 1166/192/1093 1165/191/1092
f 1132/153/1058 1130/151/1056 1165/191/1092
f 1165/191/1092 1130/151/1056 1161/188/1089
f 1167/193/1094 1163/189/1090 1168/194/1095
f 1163/189/1090 1164/190/1091 1168/194/1095
f 1168/194/1095 1164/190/1091 1129/152/1057
f 1129/152/1057 1131/154/1059 1168/194/1095
f 1169/195/1096 1170/196/1097 1208/197/1098
f 1170/196/1097 1171/198/1099 1208/197/1098
f 1208/197/1098 1171/198/1099 1133/157/1062
f 1133/157/1062 1134/156/1061 1208/197/1098
f 1172/199/1100 1174/200/1101 1173/201/1102
f 1172/199/1100 1175/202/1103 1174/200/1101
f 1152/155/1060 1135/158/1063 1172/199/1100
f 1172/199/1100 1173/201/1102 1152/155/1060
f 1170/196/1097 1177/203/1104 1176/204/1105
f 1176/204/1105 1171/198/1099 1170/196/1097
f 1171/198/1099 1176/204/1105 1136/159/1064
f 1136/159/1064 1133/157/1062 1171/198/1099
f 1178/205/1106 1179/206/1107 1172/199/1100
f 1172/199/1100 1179/206/1107 1175/202/1103
f 1137/160/1065 1172/199/1100 1135/158/1063
f 1137/160/1065 1178/205/1106 1172/199/1100
f 1177/203/1104 1180/207/1108 1176/204/1105
f 1181/208/1109 1176/204/1105 1180/207/1108
f 1176/204/1105 1181/208/1109 1136/159/1064
f 1181/208/1109 1138/161/1066 1136/159/1064
f 1182/209/1110 1179/206/1107 1178/205/1106
f 1182/209/1110 1186/210/1111 1179/206/1107
f 1137/160/1065 1139/162/1067 1182/209/1110
f 1182/209/1110 1178/205/1106 1137/160/1065
f 1180/211/1108 1183/212/1112 1181/213/1109
f 1184/214/1113 1181/213/1109 1183/212/1112
f 1181/213/1109 1184/214/1113 1138/163/1066
f 1184/214/1113 1140/164/1068 1138/163/1066
f 1185/215/1114 1187/216/1115 1186/217/1111
f 1186/217/1111 1182/218/1110 1185/215/1114
f 1141/166/1069 1185/215/1114 1182/218/1110
f 1182/218/1110 1139/165/1067 1141/166/1069
f 1183/212/1112 1188/219/1116 1184/214/1113
f 1189/220/1117 1184/214/1113 1188/219/1116
f 1184/214/1113 1189/220/1117 1140/164/1068
f 1142/167/1070 1140/164/1068 1189/220/1117
f 1190/221/1118 1191/222/1119 1187/216/1115
f 1187/216/1115 1185/215/1114 1190/221/1118
f 1143/168/1071 1190/221/1118 1185/215/1114
f 1185/215/1114 1141/166/1069 1143/168/1071
f 1188/219/1116 1192/223/1120 1189/220/1117
f 1193/224/1121 1189/220/1117 1192/223/1120
f 1193/224/1121 1144/169/1072 1142/167/1070
f 1142/167/1070 1189/220/1117 1193/224/1121
f 1194/225/1122 1195/226/1123 1191/222/1119
f 1191/222/1119 1190/221/1118 1194/225/1122
f 1145/170/1073 1194/225/1122 1190/221/1118
f 1190/221/1118 1143/168/1071 1145/170/1073
f 1192/223/1120 1154/181/1082 1193/224/1121
f 1155/180/1081 1193/224/1121 1154/181/1082
f 1126/149/1054 1144/169/1072 1155/180/1081
f 1155/180/1081 1144/169/1072 1193/224/1121
f 1160/186/1087 1159/184/1085 1195/226/1123
f 1195/226/1123 1194/225/1122 1160/186/1087
f 1127/148/1053 1160/186/1087 1194/225/1122
f 1194/225/1122 1145/170/1073 1127/148/1053
f 1166/192/1093 1196/227/1124 1165/191/1092
f 1166/192/1093 1197/228/1125 1196/227/1124
f 1165/191/1092 1147/172/1075 1132/153/1058
f 1165/191/1092 1196/227/1124 1147/172/1075
f 1168/194/1095 1198/229/1126 1167/193/1094
f 1168/194/1095 1199/230/1127 1198/229/1126
f 1131/154/1059 1199/230/1127 1168/194/1095
f 1131/154/1059 1146/171/1074 1199/230/1127
f 1197/228/1125 1200/231/1128 1196/227/1124
f 1197/228/1125 1201/232/1129 1200/231/1128
f 1196/227/1124 1149/174/1077 1147/172/1075
f 1196/227/1124 1200/231/1128 1149/174/1077
f 1199/230/1127 1202/233/1130 1198/229/1126
f 1199/230/1127 1203/234/1131 1202/233/1130
f 1146/171/1074 1203/234/1131 1199/230/1127
f 1146/171/1074 1148/173/1076 1203/234/1131
f 1201/232/1129 1204/235/1132 1200/231/1128
f 1201/232/1129 1205/236/1133 1204/235/1132
f 1200/231/1128 1151/176/1079 1149/174/1077
f 1200/231/1128 1204/235/1132 1151/176/1079
f 1203/234/1131 1206/237/1134 1202/233/1130
f 1203/234/1131 1207/238/1135 1206/237/1134
f 1148/173/1076 1207/238/1135 1203/234/1131
f 1148/173/1076 1150/175/1078 1207/238/1135
f 1205/236/1133 1169/239/1096 1208/240/1098
f 1205/236/1133 1208/240/1098 1204/235/1132
f 1204/235/1132 1134/178/1061 1151/176/1079
f 1204/235/1132 1208/240/1098 1134/178/1061
f 1173/241/1102 1174/242/1101 1207/238/1135
f 1207/238/1135 1174/242/1101 1206/237/1134
f 1150/175/1078 1173/241/1102 1207/238/1135
f 1150/175/1078 1152/177/1060 1173/241/1102
f 1363/243/1136 1362/244/1137 1167/193/1094
f 1163/189/1090 1167/193/1094 1362/244/1137
f 1362/244/1137 1364/245/1138 1157/183/1084
f 1157/183/1084 1163/189/1090 1362/244/1137
f 1364/245/1138 1365/246/1139 1157/183/1084
f 1365/246/1139 1159/184/1085 1157/183/1084
f 1159/184/1085 1365/246/1139 1366/247/1140
f 1366/247/1140 1195/226/1123 1159/184/1085
f 1195/226/1123 1366/247/1140 1209/248/1141
f 1209/248/1141 1191/222/1119 1195/226/1123
f 1191/222/1119 1209/248/1141 1367/249/1142
f 1367/249/1142 1187/216/1115 1191/222/1119
f 1187/216/1115 1367/249/1142 1369/250/1143
f 1369/250/1143 1186/217/1111 1187/216/1115
f 1179/206/1107 1186/210/1111 1369/251/1143
f 1369/251/1143 1368/252/1144 1179/206/1107
f 1175/202/1103 1179/206/1107 1368/252/1144
f 1368/252/1144 1210/253/1145 1175/202/1103
f 1174/200/1101 1175/202/1103 1210/253/1145
f 1210/253/1145 1370/254/1146 1174/200/1101
f 1206/237/1134 1370/255/1146 1211/256/1147
f 1206/237/1134 1174/242/1101 1370/255/1146
f 1202/233/1130 1211/256/1147 1371/257/1148
f 1202/233/1130 1206/237/1134 1211/256/1147
f 1198/229/1126 1371/257/1148 1372/258/1149
f 1198/229/1126 1202/233/1130 1371/257/1148
f 1167/193/1094 1198/229/1126 1372/258/1149
f 1372/258/1149 1363/243/1136 1167/193/1094
f 1156/182/1083 1154/181/1082 1212/259/1150
f 1212/259/1150 1213/260/1151 1156/182/1083
f 1162/187/1088 1156/182/1083 1213/260/1151
f 1213/260/1151 1214/261/1152 1162/187/1088
f 1162/187/1088 1214/261/1152 1215/262/1153
f 1215/262/1153 1166/192/1093 1162/187/1088
f 1197/228/1125 1215/262/1153 1875/263/1154
f 1215/262/1153 1197/228/1125 1166/192/1093
f 1216/264/1155 1201/232/1129 1875/263/1154
f 1875/263/1154 1201/232/1129 1197/228/1125
f 1217/265/1156 1205/236/1133 1216/264/1155
f 1216/264/1155 1205/236/1133 1201/232/1129
f 1217/265/1156 1169/239/1096 1205/236/1133
f 1217/265/1156 1218/266/1157 1169/239/1096
f 1874/267/1158 1170/196/1097 1218/268/1157
f 1218/268/1157 1170/196/1097 1169/195/1096
f 1874/267/1158 1219/269/1159 1170/196/1097
f 1219/269/1159 1177/203/1104 1170/196/1097
f 1177/203/1104 1219/269/1159 1220/270/1160
f 1220/270/1160 1180/207/1108 1177/203/1104
f 1220/271/1160 1221/272/1161 1180/211/1108
f 1183/212/1112 1180/211/1108 1221/272/1161
f 1221/272/1161 1222/273/1162 1183/212/1112
f 1188/219/1116 1183/212/1112 1222/273/1162
f 1222/273/1162 1223/274/1163 1188/219/1116
f 1192/223/1120 1188/219/1116 1223/274/1163
f 1223/274/1163 1212/259/1150 1192/223/1120
f 1154/181/1082 1192/223/1120 1212/259/1150
f 1251/281/1164 1349/283/1165 1224/282/1166
f 1224/282/1166 1349/283/1165 1225/284/1167
f 1224/282/1166 1226/286/1168 1227/285/1169
f 1226/286/1168 1224/282/1166 1225/284/1167
f 1227/285/1169 1226/286/1168 1237/287/1170
f 1237/287/1170 1226/286/1168 1228/288/1171
f 1229/289/1172 1230/291/1173 1231/290/1174
f 1229/289/1172 1231/290/1174 1232/292/1175
f 1230/291/1173 1233/294/1176 1234/293/1177
f 1230/291/1173 1234/293/1177 1231/290/1174
f 1233/294/1176 1235/296/1178 1236/295/1179
f 1233/294/1176 1236/295/1179 1234/293/1177
f 1237/297/1170 1228/299/1171 1238/298/1180
f 1239/300/1181 1238/298/1180 1228/299/1171
f 1238/298/1180 1239/300/1181 1240/301/1182
f 1241/302/1183 1240/301/1182 1239/300/1181
f 1240/301/1182 1241/302/1183 1242/303/1184
f 1243/304/1185 1242/303/1184 1241/302/1183
f 1242/303/1184 1243/304/1185 1232/292/1175
f 1229/289/1172 1232/292/1175 1243/304/1185
f 1236/295/1179 1235/296/1178 1244/305/1186
f 1236/295/1179 1244/305/1186 1245/306/1187
f 1245/306/1187 1244/305/1186 1246/307/1188
f 1245/306/1187 1246/307/1188 1247/309/1189
f 1247/309/1189 1246/307/1188 1248/310/1190
f 1247/309/1189 1248/310/1190 1249/311/1191
f 1250/312/1192 1249/311/1191 1251/313/1164
f 1250/312/1192 1251/313/1164 1259/314/1193
f 1252/315/1194 1253/317/1195 1254/316/1196
f 1253/317/1195 1252/315/1194 1255/318/1197
f 1255/318/1197 1256/319/1198 1253/317/1195
f 1256/319/1198 1255/318/1197 1257/320/1199
f 1257/320/1199 1258/321/1200 1256/319/1198
f 1258/321/1200 1257/320/1199 1259/322/1193
f 1259/322/1193 1251/281/1164 1258/321/1200
f 1258/321/1200 1251/281/1164 1224/282/1166
f 1260/323/1201 1261/325/1202 1262/324/1203
f 1260/323/1201 1262/324/1203 1263/326/1204
f 1348/327/1205 1261/325/1202 1264/328/1206
f 1261/325/1202 1260/323/1201 1264/328/1206
f 1349/283/1165 1348/327/1205 1225/284/1167
f 1348/327/1205 1264/328/1206 1225/284/1167
f 1254/316/1196 1265/330/1207 1266/329/1208
f 1265/330/1207 1254/316/1196 1253/317/1195
f 1253/317/1195 1267/331/1209 1265/330/1207
f 1267/331/1209 1253/317/1195 1256/319/1198
f 1256/319/1198 1268/332/1210 1267/331/1209
f 1268/332/1210 1256/319/1198 1258/321/1200
f 1258/321/1200 1227/285/1169 1268/332/1210
f 1227/285/1169 1258/321/1200 1224/282/1166
f 1269/333/1211 1260/323/1201 1263/326/1204
f 1269/333/1211 1263/326/1204 1270/334/1212
f 1264/328/1206 1260/323/1201 1271/335/1213
f 1260/323/1201 1269/333/1211 1271/335/1213
f 1225/284/1167 1264/328/1206 1226/286/1168
f 1264/328/1206 1271/335/1213 1226/286/1168
f 1266/329/1208 1272/337/1214 1273/336/1215
f 1272/337/1214 1266/329/1208 1265/330/1207
f 1265/330/1207 1274/338/1216 1272/337/1214
f 1274/338/1216 1265/330/1207 1267/331/1209
f 1267/331/1209 1308/339/1217 1274/338/1216
f 1308/339/1217 1267/331/1209 1268/332/1210
f 1268/332/1210 1227/285/1169 1308/339/1217
f 1237/287/1170 1308/339/1217 1227/285/1169
f 1275/340/1218 1269/333/1211 1270/334/1212
f 1275/340/1218 1270/334/1212 1311/341/1219
f 1271/335/1213 1269/333/1211 1276/342/1220
f 1269/333/1211 1275/340/1218 1276/342/1220
f 1226/286/1168 1271/335/1213 1228/288/1171
f 1271/335/1213 1276/342/1220 1228/288/1171
f 1277/343/1221 1278/345/1222 1279/344/1223
f 1278/345/1222 1277/343/1221 1280/346/1224
f 1281/347/1225 1277/343/1221 1282/348/1226
f 1277/343/1221 1279/344/1223 1282/348/1226
f 1283/349/1227 1281/347/1225 1284/350/1228
f 1281/347/1225 1282/348/1226 1284/350/1228
f 1232/292/1175 1231/290/1174 1283/349/1227
f 1232/292/1175 1283/349/1227 1284/350/1228
f 1285/351/1229 1286/353/1230 1287/352/1231
f 1286/353/1230 1285/351/1229 1288/354/1232
f 1285/351/1229 1289/355/1233 1288/354/1232
f 1289/355/1233 1285/351/1229 1290/356/1234
f 1290/356/1234 1229/289/1172 1289/355/1233
f 1229/289/1172 1290/356/1234 1230/291/1173
f 1277/343/1221 1291/358/1235 1292/357/1236
f 1277/343/1221 1292/357/1236 1280/346/1224
f 1293/359/1237 1291/358/1235 1281/347/1225
f 1291/358/1235 1277/343/1221 1281/347/1225
f 1294/360/1238 1293/359/1237 1283/349/1227
f 1293/359/1237 1281/347/1225 1283/349/1227
f 1231/290/1174 1234/293/1177 1294/360/1238
f 1231/290/1174 1294/360/1238 1283/349/1227
f 1295/361/1239 1285/351/1229 1287/352/1231
f 1285/351/1229 1295/361/1239 1296/362/1240
f 1296/362/1240 1290/356/1234 1285/351/1229
f 1290/356/1234 1296/362/1240 1297/363/1241
f 1297/363/1241 1230/291/1173 1290/356/1234
f 1230/291/1173 1297/363/1241 1233/294/1176
f 1291/358/1235 1298/365/1242 1299/364/1243
f 1291/358/1235 1299/364/1243 1292/357/1236
f 1300/366/1244 1298/365/1242 1293/359/1237
f 1298/365/1242 1291/358/1235 1293/359/1237
f 1301/367/1245 1300/366/1244 1294/360/1238
f 1300/366/1244 1293/359/1237 1294/360/1238
f 1234/293/1177 1236/295/1179 1301/367/1245
f 1234/293/1177 1301/367/1245 1294/360/1238
f 1302/368/1246 1296/362/1240 1295/361/1239
f 1296/362/1240 1302/368/1246 1303/369/1247
f 1303/369/1247 1297/363/1241 1296/362/1240
f 1297/363/1241 1303/369/1247 1304/370/1248
f 1304/370/1248 1233/294/1176 1297/363/1241
f 1233/294/1176 1304/370/1248 1235/296/1178
f 1273/371/1215 1272/373/1214 1305/372/1249
f 1306/374/1250 1305/372/1249 1272/373/1214
f 1272/373/1214 1274/375/1216 1306/374/1250
f 1307/376/1251 1306/374/1250 1274/375/1216
f 1274/375/1216 1308/377/1217 1307/376/1251
f 1309/378/1252 1307/376/1251 1308/377/1217
f 1308/377/1217 1237/297/1170 1309/378/1252
f 1238/298/1180 1309/378/1252 1237/297/1170
f 1310/379/1253 1311/381/1219 1312/380/1254
f 1311/381/1219 1310/379/1253 1275/382/1218
f 1313/383/1255 1275/382/1218 1310/379/1253
f 1275/382/1218 1313/383/1255 1276/384/1220
f 1239/300/1181 1276/384/1220 1313/383/1255
f 1276/384/1220 1239/300/1181 1228/299/1171
f 1305/372/1249 1306/374/1250 1314/385/1256
f 1315/386/1257 1314/385/1256 1306/374/1250
f 1306/374/1250 1307/376/1251 1315/386/1257
f 1316/387/1258 1315/386/1257 1307/376/1251
f 1307/376/1251 1309/378/1252 1316/387/1258
f 1317/388/1259 1316/387/1258 1309/378/1252
f 1309/378/1252 1238/298/1180 1317/388/1259
f 1240/301/1182 1317/388/1259 1238/298/1180
f 1318/389/1260 1312/380/1254 1319/390/1261
f 1312/380/1254 1318/389/1260 1310/379/1253
f 1318/389/1260 1320/391/1262 1313/383/1255
f 1318/389/1260 1313/383/1255 1310/379/1253
f 1241/302/1183 1313/383/1255 1320/391/1262
f 1313/383/1255 1241/302/1183 1239/300/1181
f 1314/385/1256 1315/386/1257 1321/392/1263
f 1322/393/1264 1321/392/1263 1315/386/1257
f 1315/386/1257 1316/387/1258 1322/393/1264
f 1323/394/1265 1322/393/1264 1316/387/1258
f 1316/387/1258 1317/388/1259 1323/394/1265
f 1324/395/1266 1323/394/1265 1317/388/1259
f 1317/388/1259 1240/301/1182 1324/395/1266
f 1242/303/1184 1324/395/1266 1240/301/1182
f 1325/396/1267 1319/390/1261 1326/397/1268
f 1319/390/1261 1325/396/1267 1318/389/1260
f 1325/396/1267 1327/398/1269 1320/391/1262
f 1325/396/1267 1320/391/1262 1318/389/1260
f 1327/398/1269 1241/302/1183 1320/391/1262
f 1241/302/1183 1327/398/1269 1243/304/1185
f 1321/392/1263 1322/393/1264 1278/345/1222
f 1279/344/1223 1278/345/1222 1322/393/1264
f 1322/393/1264 1323/394/1265 1279/344/1223
f 1282/348/1226 1279/344/1223 1323/394/1265
f 1323/394/1265 1324/395/1266 1282/348/1226
f 1284/350/1228 1282/348/1226 1324/395/1266
f 1324/395/1266 1242/303/1184 1284/350/1228
f 1232/292/1175 1284/350/1228 1242/303/1184
f 1288/354/1232 1326/397/1268 1286/353/1230
f 1326/397/1268 1288/354/1232 1325/396/1267
f 1288/354/1232 1289/355/1233 1327/398/1269
f 1288/354/1232 1327/398/1269 1325/396/1267
f 1289/355/1233 1243/304/1185 1327/398/1269
f 1243/304/1185 1289/355/1233 1229/289/1172
f 1299/364/1243 1298/365/1242 1328/399/1270
f 1299/364/1243 1328/399/1270 1329/400/1271
f 1298/365/1242 1330/401/1272 1328/399/1270
f 1298/365/1242 1300/366/1244 1330/401/1272
f 1300/366/1244 1331/402/1273 1330/401/1272
f 1300/366/1244 1301/367/1245 1331/402/1273
f 1301/367/1245 1236/295/1179 1245/306/1187
f 1301/367/1245 1245/306/1187 1331/402/1273
f 1303/369/1247 1302/368/1246 1332/403/1274
f 1303/369/1247 1332/403/1274 1333/404/1275
f 1303/369/1247 1334/405/1276 1304/370/1248
f 1334/405/1276 1303/369/1247 1333/404/1275
f 1304/370/1248 1244/305/1186 1235/296/1178
f 1244/305/1186 1304/370/1248 1334/405/1276
f 1329/400/1271 1328/399/1270 1335/407/1277
f 1329/400/1271 1335/407/1277 1336/408/1278
f 1328/399/1270 1337/409/1279 1335/407/1277
f 1328/399/1270 1330/401/1272 1337/409/1279
f 1330/401/1272 1331/402/1273 1338/410/1280
f 1330/401/1272 1338/410/1280 1337/409/1279
f 1331/402/1273 1245/306/1187 1247/309/1189
f 1331/402/1273 1247/309/1189 1338/410/1280
f 1333/404/1275 1332/403/1274 1339/411/1281
f 1333/404/1275 1339/411/1281 1340/412/1282
f 1333/404/1275 1341/413/1283 1334/405/1276
f 1341/413/1283 1333/404/1275 1340/412/1282
f 1334/405/1276 1246/307/1188 1244/305/1186
f 1246/307/1188 1334/405/1276 1341/413/1283
f 1336/408/1278 1335/407/1277 1342/414/1284
f 1336/408/1278 1342/414/1284 1343/415/1285
f 1335/407/1277 1337/409/1279 1344/416/1286
f 1335/407/1277 1344/416/1286 1342/414/1284
f 1337/409/1279 1338/410/1280 1250/312/1192
f 1337/409/1279 1250/312/1192 1344/416/1286
f 1338/410/1280 1247/309/1189 1249/311/1191
f 1338/410/1280 1249/311/1191 1250/312/1192
f 1340/412/1282 1339/411/1281 1345/417/1287
f 1340/412/1282 1345/417/1287 1346/418/1288
f 1340/412/1282 1347/419/1289 1341/413/1283
f 1347/419/1289 1340/412/1282 1346/418/1288
f 1341/413/1283 1248/310/1190 1246/307/1188
f 1248/310/1190 1341/413/1283 1347/419/1289
f 1346/418/1288 1345/417/1287 1262/420/1203
f 1346/418/1288 1262/420/1203 1261/421/1202
f 1261/421/1202 1347/419/1289 1346/418/1288
f 1347/419/1289 1261/421/1202 1348/425/1205
f 1347/419/1289 1348/425/1205 1248/310/1190
f 1248/310/1190 1348/425/1205 1349/424/1165
f 1249/311/1191 1248/310/1190 1349/424/1165
f 1249/311/1191 1349/424/1165 1251/313/1164
f 1343/415/1285 1342/414/1284 1255/426/1197
f 1343/415/1285 1255/426/1197 1252/427/1194
f 1342/414/1284 1344/416/1286 1257/428/1199
f 1342/414/1284 1257/428/1199 1255/426/1197
f 1344/416/1286 1250/312/1192 1259/314/1193
f 1344/416/1286 1259/314/1193 1257/428/1199
f 1350/429/1025 1351/430/1024 1295/361/1239
f 1351/430/1024 1302/368/1246 1295/361/1239
f 1352/431/1026 1295/361/1239 1287/352/1231
f 1295/361/1239 1352/431/1026 1350/429/1025
f 1352/431/1026 1286/353/1230 1111/432/1027
f 1286/353/1230 1352/431/1026 1287/352/1231
f 1286/353/1230 1353/433/1028 1111/432/1027
f 1353/433/1028 1286/353/1230 1326/397/1268
f 1326/397/1268 1354/434/1029 1353/433/1028
f 1354/434/1029 1326/397/1268 1319/390/1261
f 1319/390/1261 1355/435/1030 1354/434/1029
f 1355/435/1030 1319/390/1261 1312/380/1254
f 1312/380/1254 1356/436/1031 1355/435/1030
f 1356/436/1031 1312/380/1254 1311/381/1219
f 1270/334/1212 1356/437/1031 1311/341/1219
f 1356/437/1031 1270/334/1212 1357/438/1032
f 1263/326/1204 1357/438/1032 1270/334/1212
f 1357/438/1032 1263/326/1204 1358/439/1033
f 1263/326/1204 1262/324/1203 1112/440/1034
f 1263/326/1204 1112/440/1034 1358/439/1033
f 1345/417/1287 1359/442/1035 1112/441/1034
f 1345/417/1287 1112/441/1034 1262/420/1203
f 1339/411/1281 1360/443/1036 1359/442/1035
f 1339/411/1281 1359/442/1035 1345/417/1287
f 1332/403/1274 1361/444/1037 1360/443/1036
f 1332/403/1274 1360/443/1036 1339/411/1281
f 1302/368/1246 1351/430/1024 1361/444/1037
f 1302/368/1246 1361/444/1037 1332/403/1274
f 1278/345/1222 1280/346/1224 1362/445/1137
f 1362/445/1137 1363/446/1136 1278/345/1222
f 1292/357/1236 1362/445/1137 1280/346/1224
f 1362/445/1137 1292/357/1236 1364/447/1138
f 1292/357/1236 1365/448/1139 1364/447/1138
f 1365/448/1139 1292/357/1236 1299/364/1243
f 1365/448/1139 1299/364/1243 1329/400/1271
f 1365/448/1139 1329/400/1271 1366/449/1140
f 1366/449/1140 1329/400/1271 1336/408/1278
f 1366/449/1140 1336/408/1278 1209/450/1141
f 1209/450/1141 1336/408/1278 1343/415/1285
f 1209/450/1141 1343/415/1285 1367/451/1142
f 1367/451/1142 1343/415/1285 1252/427/1194
f 1367/451/1142 1252/427/1194 1369/452/1143
f 1368/453/1144 1369/454/1143 1254/316/1196
f 1369/454/1143 1252/315/1194 1254/316/1196
f 1210/455/1145 1254/316/1196 1266/329/1208
f 1254/316/1196 1210/455/1145 1368/453/1144
f 1210/455/1145 1266/329/1208 1370/456/1146
f 1370/456/1146 1266/329/1208 1273/336/1215
f 1370/457/1146 1273/371/1215 1211/458/1147
f 1305/372/1249 1211/458/1147 1273/371/1215
f 1211/458/1147 1305/372/1249 1371/459/1148
f 1314/385/1256 1371/459/1148 1305/372/1249
f 1371/459/1148 1314/385/1256 1372/460/1149
f 1321/392/1263 1372/460/1149 1314/385/1256
f 1372/460/1149 1321/392/1263 1363/446/1136
f 1278/345/1222 1363/446/1136 1321/392/1263
f 1373/69/1290 1375/67/1291 1374/68/1292
f 1373/69/1290 1376/70/1293 1375/67/1291
f 1377/71/1294 1379/72/1295 1378/73/1296
f 1379/72/1295 1380/74/1297 1378/73/1296
f 1381/75/1298 1383/76/1299 1382/77/1300
f 1382/77/1300 1384/78/1301 1381/75/1298
f 1385/79/1302 1387/80/1303 1386/81/1304
f 1386/81/1304 1388/82/1305 1385/79/1302
f 1389/462/1306 1391/464/1307 1390/463/1308
f 1389/462/1306 1392/465/1309 1391/464/1307
f 1392/465/1309 1374/68/1292 1391/464/1307
f 1392/465/1309 1373/69/1290 1374/68/1292
f 1393/83/1310 1395/84/1311 1394/85/1312
f 1395/84/1311 1396/86/1313 1394/85/1312
f 1375/67/1291 1376/70/1293 1395/84/1311
f 1395/84/1311 1393/83/1310 1375/67/1291
f 1397/466/1314 1399/468/1315 1398/467/1316
f 1399/468/1315 1400/469/1317 1398/467/1316
f 1378/73/1296 1380/74/1297 1397/466/1314
f 1380/74/1297 1399/468/1315 1397/466/1314
f 1401/87/1318 1403/88/1319 1402/89/1320
f 1401/87/1318 1404/90/1321 1403/88/1319
f 1404/90/1321 1377/71/1294 1403/88/1319
f 1404/90/1321 1379/72/1295 1377/71/1294
f 1405/470/1322 1407/472/1323 1406/471/1324
f 1406/471/1324 1408/473/1325 1405/470/1322
f 1407/472/1323 1381/75/1298 1384/78/1301
f 1384/78/1301 1406/471/1324 1407/472/1323
f 1409/91/1326 1411/92/1327 1410/93/1328
f 1410/93/1328 1411/92/1327 1412/94/1329
f 1410/93/1328 1412/94/1329 1413/95/1330
f 1413/95/1330 1412/94/1329 1383/76/1299
f 1414/96/1331 1416/97/1332 1415/98/1333
f 1415/98/1333 1417/99/1334 1414/96/1331
f 1416/97/1332 1385/79/1302 1388/82/1305
f 1388/82/1305 1415/98/1333 1416/97/1332
f 1418/474/1335 1420/476/1336 1419/475/1337
f 1419/475/1337 1420/476/1336 1421/477/1338
f 1419/475/1337 1421/477/1338 1422/107/1339
f 1422/107/1339 1421/477/1338 1387/80/1303
f 1423/100/1340 1413/95/1330 1424/101/1341
f 1424/101/1341 1425/102/1342 1423/100/1340
f 1424/101/1341 1413/95/1330 1383/76/1299
f 1383/76/1299 1381/75/1298 1424/101/1341
f 1451/103/1343 1384/78/1301 1452/104/1344
f 1382/77/1300 1452/104/1344 1384/78/1301
f 1426/105/1345 1427/106/1346 1422/107/1339
f 1422/107/1339 1428/108/1347 1426/105/1345
f 1428/108/1347 1422/107/1339 1387/80/1303
f 1387/80/1303 1385/79/1302 1428/108/1347
f 1386/81/1304 1429/109/1348 1388/82/1305
f 1388/82/1305 1429/109/1348 1453/110/1349
f 1430/478/1350 1432/480/1351 1431/479/1352
f 1431/479/1352 1433/481/1353 1430/478/1350
f 1433/481/1353 1431/479/1352 1407/472/1323
f 1407/472/1323 1405/470/1322 1433/481/1353
f 1454/482/1354 1408/473/1325 1434/483/1355
f 1406/471/1324 1434/483/1355 1408/473/1325
f 1432/480/1351 1425/102/1342 1424/101/1341
f 1424/101/1341 1431/479/1352 1432/480/1351
f 1431/479/1352 1424/101/1341 1381/75/1298
f 1381/75/1298 1407/472/1323 1431/479/1352
f 1434/483/1355 1406/471/1324 1384/78/1301
f 1384/78/1301 1451/103/1343 1434/483/1355
f 1435/111/1356 1456/112/1357 1436/113/1358
f 1436/113/1358 1437/114/1359 1435/111/1356
f 1411/92/1327 1435/111/1356 1412/94/1329
f 1412/94/1329 1435/111/1356 1437/114/1359
f 1438/115/1360 1439/116/1361 1409/91/1326
f 1409/91/1326 1410/93/1328 1438/115/1360
f 1437/114/1359 1436/113/1358 1452/104/1344
f 1452/104/1344 1382/77/1300 1437/114/1359
f 1412/94/1329 1437/114/1359 1383/76/1299
f 1383/76/1299 1437/114/1359 1382/77/1300
f 1423/100/1340 1438/115/1360 1410/93/1328
f 1410/93/1328 1413/95/1330 1423/100/1340
f 1440/117/1362 1442/118/1363 1441/119/1364
f 1441/119/1364 1443/120/1365 1440/117/1362
f 1441/119/1364 1442/118/1363 1416/97/1332
f 1416/97/1332 1414/96/1331 1441/119/1364
f 1415/98/1333 1455/121/1366 1444/122/1367
f 1444/122/1367 1417/99/1334 1415/98/1333
f 1440/117/1362 1428/108/1347 1442/118/1363
f 1440/117/1362 1426/105/1345 1428/108/1347
f 1442/118/1363 1428/108/1347 1385/79/1302
f 1385/79/1302 1416/97/1332 1442/118/1363
f 1388/82/1305 1453/110/1349 1415/98/1333
f 1415/98/1333 1453/110/1349 1455/121/1366
f 1445/484/1368 1447/486/1369 1446/485/1370
f 1448/487/1371 1446/485/1370 1447/486/1369
f 1420/476/1336 1448/487/1371 1421/477/1338
f 1421/477/1338 1448/487/1371 1447/486/1369
f 1449/488/1372 1418/474/1335 1419/475/1337
f 1419/475/1337 1450/489/1373 1449/488/1372
f 1447/486/1369 1445/484/1368 1386/81/1304
f 1386/81/1304 1445/484/1368 1429/109/1348
f 1421/477/1338 1447/486/1369 1387/80/1303
f 1387/80/1303 1447/486/1369 1386/81/1304
f 1427/106/1346 1450/489/1373 1419/475/1337
f 1419/475/1337 1422/107/1339 1427/106/1346
f 1373/69/1290 1451/123/1343 1376/70/1293
f 1451/123/1343 1452/124/1344 1376/70/1293
f 1453/125/1349 1429/126/1348 1374/68/1292
f 1374/68/1292 1375/67/1291 1453/125/1349
f 1426/105/1345 1377/71/1294 1378/73/1296
f 1378/73/1296 1427/106/1346 1426/105/1345
f 1423/100/1340 1380/74/1297 1379/72/1295
f 1380/74/1297 1423/100/1340 1425/102/1342
f 1389/462/1306 1454/491/1354 1434/490/1355
f 1434/490/1355 1392/465/1309 1389/462/1306
f 1446/492/1370 1390/463/1308 1391/464/1307
f 1391/464/1307 1445/493/1368 1446/492/1370
f 1392/465/1309 1434/490/1355 1373/69/1290
f 1434/490/1355 1451/123/1343 1373/69/1290
f 1445/493/1368 1391/464/1307 1374/68/1292
f 1374/68/1292 1429/126/1348 1445/493/1368
f 1455/127/1366 1393/83/1310 1444/128/1367
f 1393/83/1310 1394/85/1312 1444/128/1367
f 1395/84/1311 1436/129/1358 1456/130/1357
f 1456/130/1357 1396/86/1313 1395/84/1311
f 1455/127/1366 1453/125/1349 1375/67/1291
f 1375/67/1291 1393/83/1310 1455/127/1366
f 1452/124/1344 1395/84/1311 1376/70/1293
f 1395/84/1311 1452/124/1344 1436/129/1358
f 1450/489/1373 1397/466/1314 1449/488/1372
f 1397/466/1314 1398/467/1316 1449/488/1372
f 1399/468/1315 1432/480/1351 1400/469/1317
f 1400/469/1317 1432/480/1351 1430/478/1350
f 1427/106/1346 1378/73/1296 1450/489/1373
f 1378/73/1296 1397/466/1314 1450/489/1373
f 1380/74/1297 1425/102/1342 1432/480/1351
f 1432/480/1351 1399/468/1315 1380/74/1297
f 1401/87/1318 1439/116/1361 1438/115/1360
f 1438/115/1360 1404/90/1321 1401/87/1318
f 1443/120/1365 1402/89/1320 1440/117/1362
f 1402/89/1320 1403/88/1319 1440/117/1362
f 1438/115/1360 1379/72/1295 1404/90/1321
f 1438/115/1360 1423/100/1340 1379/72/1295
f 1440/117/1362 1403/88/1319 1426/105/1345
f 1403/88/1319 1377/71/1294 1426/105/1345
f 1457/131/1374 1458/132/1375 1443/120/1365
f 1402/89/1320 1443/120/1365 1458/132/1375
f 1458/132/1375 1459/133/1376 1402/89/1320
f 1459/133/1376 1401/87/1318 1402/89/1320
f 1459/133/1376 2070/134/1377 1401/87/1318
f 2070/134/1377 1439/116/1361 1401/87/1318
f 2070/134/1377 2078/135/1378 1409/91/1326
f 1409/91/1326 1439/116/1361 2070/134/1377
f 1409/91/1326 2078/135/1378 2077/136/1379
f 2077/136/1379 1411/92/1327 1409/91/1326
f 1411/92/1327 2077/136/1379 1435/111/1356
f 2077/136/1379 2076/137/1380 1435/111/1356
f 1435/111/1356 2076/137/1380 1460/138/1381
f 1460/138/1381 1456/112/1357 1435/111/1356
f 1396/86/1313 1456/130/1357 1460/139/1381
f 1460/139/1381 2075/140/1382 1396/86/1313
f 1394/85/1312 1396/86/1313 2075/140/1382
f 2075/140/1382 2074/141/1383 1394/85/1312
f 1444/128/1367 1394/85/1312 2074/141/1383
f 2074/141/1383 2073/142/1384 1444/128/1367
f 2072/143/1385 1417/99/1334 1444/122/1367
f 1444/122/1367 2073/144/1384 2072/143/1385
f 1414/96/1331 2072/143/1385 2071/145/1386
f 1414/96/1331 1417/99/1334 2072/143/1385
f 1441/119/1364 2071/145/1386 1461/146/1387
f 1441/119/1364 1414/96/1331 2071/145/1386
f 1461/146/1387 1457/131/1374 1443/120/1365
f 1443/120/1365 1441/119/1364 1461/146/1387
f 1430/478/1350 1462/495/1388 1966/494/1389
f 1966/494/1389 1400/469/1317 1430/478/1350
f 1398/467/1316 1400/469/1317 1966/494/1389
f 1966/494/1389 1965/496/1390 1398/467/1316
f 1449/488/1372 1398/467/1316 1965/496/1390
f 1965/496/1390 1964/497/1391 1449/488/1372
f 1449/488/1372 1964/497/1391 1418/474/1335
f 1964/497/1391 1976/498/1392 1418/474/1335
f 1420/476/1336 1418/474/1335 1976/498/1392
f 1976/498/1392 1975/499/1393 1420/476/1336
f 1448/487/1371 1420/476/1336 1975/499/1393
f 1975/499/1393 1974/500/1394 1448/487/1371
f 1974/500/1394 1973/501/1395 1446/485/1370
f 1446/485/1370 1448/487/1371 1974/500/1394
f 1972/502/1396 1390/463/1308 1446/492/1370
f 1446/492/1370 1973/503/1395 1972/502/1396
f 1972/502/1396 1971/504/1397 1390/463/1308
f 1971/504/1397 1389/462/1306 1390/463/1308
f 1971/504/1397 1970/505/1398 1389/462/1306
f 1970/505/1398 1454/491/1354 1389/462/1306
f 1408/473/1325 1970/507/1398 1969/506/1399
f 1408/473/1325 1454/482/1354 1970/507/1398
f 1405/470/1322 1969/506/1399 1968/508/1400
f 1405/470/1322 1408/473/1325 1969/506/1399
f 1433/481/1353 1968/508/1400 1967/509/1401
f 1433/481/1353 1405/470/1322 1968/508/1400
f 1430/478/1350 1967/509/1401 1462/495/1388
f 1430/478/1350 1433/481/1353 1967/509/1401
f 1463/69/1402 1465/67/1403 1464/68/1404
f 1463/69/1402 1466/70/1405 1465/67/1403
f 1467/71/1406 1469/72/1407 1468/73/1408
f 1469/72/1407 1470/74/1409 1468/73/1408
f 1471/75/1410 1473/76/1411 1472/77/1412
f 1472/77/1412 1474/78/1413 1471/75/1410
f 1475/79/1414 1477/80/1415 1476/81/1416
f 1476/81/1416 1478/82/1417 1475/79/1414
f 1479/462/1418 1481/464/1419 1480/463/1420
f 1479/462/1418 1482/465/1421 1481/464/1419
f 1482/465/1421 1464/68/1404 1481/464/1419
f 1482/465/1421 1463/69/1402 1464/68/1404
f 1483/83/1422 1485/84/1423 1484/85/1424
f 1485/84/1423 1486/86/1425 1484/85/1424
f 1465/67/1403 1466/70/1405 1485/84/1423
f 1485/84/1423 1483/83/1422 1465/67/1403
f 1487/466/1426 1489/468/1427 1488/467/1428
f 1489/468/1427 1490/469/1429 1488/467/1428
f 1468/73/1408 1470/74/1409 1487/466/1426
f 1470/74/1409 1489/468/1427 1487/466/1426
f 1491/87/1430 1493/88/1431 1492/89/1432
f 1491/87/1430 1494/90/1433 1493/88/1431
f 1494/90/1433 1467/71/1406 1493/88/1431
f 1494/90/1433 1469/72/1407 1467/71/1406
f 1495/470/1434 1497/472/1435 1496/471/1436
f 1496/471/1436 1498/473/1437 1495/470/1434
f 1497/472/1435 1471/75/1410 1474/78/1413
f 1474/78/1413 1496/471/1436 1497/472/1435
f 1499/91/1438 1501/92/1439 1500/93/1440
f 1500/93/1440 1501/92/1439 1502/94/1441
f 1500/93/1440 1502/94/1441 1503/95/1442
f 1503/95/1442 1502/94/1441 1473/76/1411
f 1504/96/1443 1506/97/1444 1505/98/1445
f 1505/98/1445 1507/99/1446 1504/96/1443
f 1506/97/1444 1475/79/1414 1478/82/1417
f 1478/82/1417 1505/98/1445 1506/97/1444
f 1508/474/1447 1510/476/1448 1509/475/1449
f 1509/475/1449 1510/476/1448 1511/477/1450
f 1509/475/1449 1511/477/1450 1512/107/1451
f 1512/107/1451 1511/477/1450 1477/80/1415
f 1513/100/1452 1503/95/1442 1514/101/1453
f 1514/101/1453 1515/102/1454 1513/100/1452
f 1514/101/1453 1503/95/1442 1473/76/1411
f 1473/76/1411 1471/75/1410 1514/101/1453
f 1541/103/1455 1474/78/1413 1542/104/1456
f 1472/77/1412 1542/104/1456 1474/78/1413
f 1516/105/1457 1517/106/1458 1512/107/1451
f 1512/107/1451 1518/108/1459 1516/105/1457
f 1518/108/1459 1512/107/1451 1477/80/1415
f 1477/80/1415 1475/79/1414 1518/108/1459
f 1476/81/1416 1519/109/1460 1478/82/1417
f 1478/82/1417 1519/109/1460 1543/110/1461
f 1520/478/1462 1522/480/1463 1521/479/1464
f 1521/479/1464 1523/481/1465 1520/478/1462
f 1523/481/1465 1521/479/1464 1497/472/1435
f 1497/472/1435 1495/470/1434 1523/481/1465
f 1544/482/1466 1498/473/1437 1524/483/1467
f 1496/471/1436 1524/483/1467 1498/473/1437
f 1522/480/1463 1515/102/1454 1514/101/1453
f 1514/101/1453 1521/479/1464 1522/480/1463
f 1521/479/1464 1514/101/1453 1471/75/1410
f 1471/75/1410 1497/472/1435 1521/479/1464
f 1524/483/1467 1496/471/1436 1474/78/1413
f 1474/78/1413 1541/103/1455 1524/483/1467
f 1525/111/1468 1546/112/1469 1526/113/1470
f 1526/113/1470 1527/114/1471 1525/111/1468
f 1501/92/1439 1525/111/1468 1502/94/1441
f 1502/94/1441 1525/111/1468 1527/114/1471
f 1528/115/1472 1529/116/1473 1499/91/1438
f 1499/91/1438 1500/93/1440 1528/115/1472
f 1527/114/1471 1526/113/1470 1542/104/1456
f 1542/104/1456 1472/77/1412 1527/114/1471
f 1502/94/1441 1527/114/1471 1473/76/1411
f 1473/76/1411 1527/114/1471 1472/77/1412
f 1513/100/1452 1528/115/1472 1500/93/1440
f 1500/93/1440 1503/95/1442 1513/100/1452
f 1530/117/1474 1532/118/1475 1531/119/1476
f 1531/119/1476 1533/120/1477 1530/117/1474
f 1531/119/1476 1532/118/1475 1506/97/1444
f 1506/97/1444 1504/96/1443 1531/119/1476
f 1505/98/1445 1545/121/1478 1534/122/1479
f 1534/122/1479 1507/99/1446 1505/98/1445
f 1530/117/1474 1518/108/1459 1532/118/1475
f 1530/117/1474 1516/105/1457 1518/108/1459
f 1532/118/1475 1518/108/1459 1475/79/1414
f 1475/79/1414 1506/97/1444 1532/118/1475
f 1478/82/1417 1543/110/1461 1505/98/1445
f 1505/98/1445 1543/110/1461 1545/121/1478
f 1535/484/1480 1537/486/1481 1536/485/1482
f 1538/487/1483 1536/485/1482 1537/486/1481
f 1510/476/1448 1538/487/1483 1511/477/1450
f 1511/477/1450 1538/487/1483 1537/486/1481
f 1539/488/1484 1508/474/1447 1509/475/1449
f 1509/475/1449 1540/489/1485 1539/488/1484
f 1537/486/1481 1535/484/1480 1476/81/1416
f 1476/81/1416 1535/484/1480 1519/109/1460
f 1511/477/1450 1537/486/1481 1477/80/1415
f 1477/80/1415 1537/486/1481 1476/81/1416
f 1517/106/1458 1540/489/1485 1509/475/1449
f 1509/475/1449 1512/107/1451 1517/106/1458
f 1463/69/1402 1541/123/1455 1466/70/1405
f 1541/123/1455 1542/124/1456 1466/70/1405
f 1543/125/1461 1519/126/1460 1464/68/1404
f 1464/68/1404 1465/67/1403 1543/125/1461
f 1516/105/1457 1467/71/1406 1468/73/1408
f 1468/73/1408 1517/106/1458 1516/105/1457
f 1513/100/1452 1470/74/1409 1469/72/1407
f 1470/74/1409 1513/100/1452 1515/102/1454
f 1479/462/1418 1544/491/1466 1524/490/1467
f 1524/490/1467 1482/465/1421 1479/462/1418
f 1536/492/1482 1480/463/1420 1481/464/1419
f 1481/464/1419 1535/493/1480 1536/492/1482
f 1482/465/1421 1524/490/1467 1463/69/1402
f 1524/490/1467 1541/123/1455 1463/69/1402
f 1535/493/1480 1481/464/1419 1464/68/1404
f 1464/68/1404 1519/126/1460 1535/493/1480
f 1545/127/1478 1483/83/1422 1534/128/1479
f 1483/83/1422 1484/85/1424 1534/128/1479
f 1485/84/1423 1526/129/1470 1546/130/1469
f 1546/130/1469 1486/86/1425 1485/84/1423
f 1545/127/1478 1543/125/1461 1465/67/1403
f 1465/67/1403 1483/83/1422 1545/127/1478
f 1542/124/1456 1485/84/1423 1466/70/1405
f 1485/84/1423 1542/124/1456 1526/129/1470
f 1540/489/1485 1487/466/1426 1539/488/1484
f 1487/466/1426 1488/467/1428 1539/488/1484
f 1489/468/1427 1522/480/1463 1490/469/1429
f 1490/469/1429 1522/480/1463 1520/478/1462
f 1517/106/1458 1468/73/1408 1540/489/1485
f 1468/73/1408 1487/466/1426 1540/489/1485
f 1470/74/1409 1515/102/1454 1522/480/1463
f 1522/480/1463 1489/468/1427 1470/74/1409
f 1491/87/1430 1529/116/1473 1528/115/1472
f 1528/115/1472 1494/90/1433 1491/87/1430
f 1533/120/1477 1492/89/1432 1530/117/1474
f 1492/89/1432 1493/88/1431 1530/117/1474
f 1528/115/1472 1469/72/1407 1494/90/1433
f 1528/115/1472 1513/100/1452 1469/72/1407
f 1530/117/1474 1493/88/1431 1516/105/1457
f 1493/88/1431 1467/71/1406 1516/105/1457
f 1547/131/1486 1548/132/1487 1533/120/1477
f 1492/89/1432 1533/120/1477 1548/132/1487
f 1548/132/1487 1549/133/1488 1492/89/1432
f 1549/133/1488 1491/87/1430 1492/89/1432
f 1549/133/1488 1550/134/1489 1491/87/1430
f 1550/134/1489 1529/116/1473 1491/87/1430
f 1550/134/1489 1551/135/1490 1499/91/1438
f 1499/91/1438 1529/116/1473 1550/134/1489
f 1499/91/1438 1551/135/1490 1552/136/1491
f 1552/136/1491 1501/92/1439 1499/91/1438
f 1501/92/1439 1552/136/1491 1525/111/1468
f 1552/136/1491 1553/137/1492 1525/111/1468
f 1525/111/1468 1553/137/1492 2362/138/1493
f 2362/138/1493 1546/112/1469 1525/111/1468
f 1486/86/1425 1546/130/1469 2362/139/1493
f 2362/139/1493 2361/140/1494 1486/86/1425
f 1484/85/1424 1486/86/1425 2361/140/1494
f 2361/140/1494 1554/141/1495 1484/85/1424
f 1534/128/1479 1484/85/1424 1554/141/1495
f 1554/141/1495 1555/142/1496 1534/128/1479
f 1556/143/1497 1507/99/1446 1534/122/1479
f 1534/122/1479 1555/144/1496 1556/143/1497
f 1504/96/1443 1556/143/1497 1557/145/1498
f 1504/96/1443 1507/99/1446 1556/143/1497
f 1531/119/1476 1557/145/1498 1558/146/1499
f 1531/119/1476 1504/96/1443 1557/145/1498
f 1558/146/1499 1547/131/1486 1533/120/1477
f 1533/120/1477 1531/119/1476 1558/146/1499
f 1520/478/1462 1560/495/1500 1559/494/1501
f 1559/494/1501 1490/469/1429 1520/478/1462
f 1488/467/1428 1490/469/1429 1559/494/1501
f 1559/494/1501 1977/496/1502 1488/467/1428
f 1539/488/1484 1488/467/1428 1977/496/1502
f 1977/496/1502 1561/497/1503 1539/488/1484
f 1539/488/1484 1561/497/1503 1508/474/1447
f 1561/497/1503 1562/498/1504 1508/474/1447
f 1510/476/1448 1508/474/1447 1562/498/1504
f 1562/498/1504 1985/499/1505 1510/476/1448
f 1538/487/1483 1510/476/1448 1985/499/1505
f 1985/499/1505 1563/500/1506 1538/487/1483
f 1563/500/1506 1984/501/1507 1536/485/1482
f 1536/485/1482 1538/487/1483 1563/500/1506
f 1983/502/1508 1480/463/1420 1536/492/1482
f 1536/492/1482 1984/503/1507 1983/502/1508
f 1983/502/1508 1982/504/1509 1480/463/1420
f 1982/504/1509 1479/462/1418 1480/463/1420
f 1982/504/1509 1981/505/1510 1479/462/1418
f 1981/505/1510 1544/491/1466 1479/462/1418
f 1498/473/1437 1981/507/1510 1980/506/1511
f 1498/473/1437 1544/482/1466 1981/507/1510
f 1495/470/1434 1980/506/1511 1979/508/1512
f 1495/470/1434 1498/473/1437 1980/506/1511
f 1523/481/1465 1979/508/1512 1978/509/1513
f 1523/481/1465 1495/470/1434 1979/508/1512
f 1520/478/1462 1978/509/1513 1560/495/1500
f 1520/478/1462 1523/481/1465 1978/509/1513
f 1564/69/1514 1566/67/1515 1565/68/1516
f 1564/69/1514 1567/70/1517 1566/67/1515
f 1568/71/1518 1570/72/1519 1569/73/1520
f 1570/72/1519 1571/74/1521 1569/73/1520
f 1572/75/1522 1574/76/1523 1573/77/1524
f 1573/77/1524 1575/78/1525 1572/75/1522
f 1576/79/1526 1578/80/1527 1577/81/1528
f 1577/81/1528 1579/82/1529 1576/79/1526
f 1580/462/1530 1582/464/1531 1581/463/1532
f 1580/462/1530 1583/465/1533 1582/464/1531
f 1583/465/1533 1565/68/1516 1582/464/1531
f 1583/465/1533 1564/69/1514 1565/68/1516
f 1584/83/1534 1586/84/1535 1585/85/1536
f 1586/84/1535 1587/86/1537 1585/85/1536
f 1566/67/1515 1567/70/1517 1586/84/1535
f 1586/84/1535 1584/83/1534 1566/67/1515
f 1588/466/1538 1590/468/1539 1589/467/1540
f 1590/468/1539 1591/469/1541 1589/467/1540
f 1569/73/1520 1571/74/1521 1588/466/1538
f 1571/74/1521 1590/468/1539 1588/466/1538
f 1592/87/1542 1594/88/1543 1593/89/1544
f 1592/87/1542 1595/90/1545 1594/88/1543
f 1595/90/1545 1568/71/1518 1594/88/1543
f 1595/90/1545 1570/72/1519 1568/71/1518
f 1596/470/1546 1598/472/1547 1597/471/1548
f 1597/471/1548 1599/473/1549 1596/470/1546
f 1598/472/1547 1572/75/1522 1575/78/1525
f 1575/78/1525 1597/471/1548 1598/472/1547
f 1600/91/1550 1602/92/1551 1601/93/1552
f 1601/93/1552 1602/92/1551 1603/94/1553
f 1601/93/1552 1603/94/1553 1604/95/1554
f 1604/95/1554 1603/94/1553 1574/76/1523
f 1605/96/1555 1607/97/1556 1606/98/1557
f 1606/98/1557 1608/99/1558 1605/96/1555
f 1607/97/1556 1576/79/1526 1579/82/1529
f 1579/82/1529 1606/98/1557 1607/97/1556
f 1609/474/1559 1611/476/1560 1610/475/1561
f 1610/475/1561 1611/476/1560 1612/477/1562
f 1610/475/1561 1612/477/1562 1613/107/1563
f 1613/107/1563 1612/477/1562 1578/80/1527
f 1614/100/1564 1604/95/1554 1615/101/1565
f 1615/101/1565 1616/102/1566 1614/100/1564
f 1615/101/1565 1604/95/1554 1574/76/1523
f 1574/76/1523 1572/75/1522 1615/101/1565
f 1642/103/1567 1575/78/1525 1643/104/1568
f 1573/77/1524 1643/104/1568 1575/78/1525
f 1617/105/1569 1618/106/1570 1613/107/1563
f 1613/107/1563 1619/108/1571 1617/105/1569
f 1619/108/1571 1613/107/1563 1578/80/1527
f 1578/80/1527 1576/79/1526 1619/108/1571
f 1577/81/1528 1620/109/1572 1579/82/1529
f 1579/82/1529 1620/109/1572 1644/110/1573
f 1621/478/1574 1623/480/1575 1622/479/1576
f 1622/479/1576 1624/481/1577 1621/478/1574
f 1624/481/1577 1622/479/1576 1598/472/1547
f 1598/472/1547 1596/470/1546 1624/481/1577
f 1645/482/1578 1599/473/1549 1625/483/1579
f 1597/471/1548 1625/483/1579 1599/473/1549
f 1623/480/1575 1616/102/1566 1615/101/1565
f 1615/101/1565 1622/479/1576 1623/480/1575
f 1622/479/1576 1615/101/1565 1572/75/1522
f 1572/75/1522 1598/472/1547 1622/479/1576
f 1625/483/1579 1597/471/1548 1575/78/1525
f 1575/78/1525 1642/103/1567 1625/483/1579
f 1626/111/1580 1647/112/1581 1627/113/1582
f 1627/113/1582 1628/114/1583 1626/111/1580
f 1602/92/1551 1626/111/1580 1603/94/1553
f 1603/94/1553 1626/111/1580 1628/114/1583
f 1629/115/1584 1630/116/1585 1600/91/1550
f 1600/91/1550 1601/93/1552 1629/115/1584
f 1628/114/1583 1627/113/1582 1643/104/1568
f 1643/104/1568 1573/77/1524 1628/114/1583
f 1603/94/1553 1628/114/1583 1574/76/1523
f 1574/76/1523 1628/114/1583 1573/77/1524
f 1614/100/1564 1629/115/1584 1601/93/1552
f 1601/93/1552 1604/95/1554 1614/100/1564
f 1631/117/1586 1633/118/1587 1632/119/1588
f 1632/119/1588 1634/120/1589 1631/117/1586
f 1632/119/1588 1633/118/1587 1607/97/1556
f 1607/97/1556 1605/96/1555 1632/119/1588
f 1606/98/1557 1646/121/1590 1635/122/1591
f 1635/122/1591 1608/99/1558 1606/98/1557
f 1631/117/1586 1619/108/1571 1633/118/1587
f 1631/117/1586 1617/105/1569 1619/108/1571
f 1633/118/1587 1619/108/1571 1576/79/1526
f 1576/79/1526 1607/97/1556 1633/118/1587
f 1579/82/1529 1644/110/1573 1606/98/1557
f 1606/98/1557 1644/110/1573 1646/121/1590
f 1636/484/1592 1638/486/1593 1637/485/1594
f 1639/487/1595 1637/485/1594 1638/486/1593
f 1611/476/1560 1639/487/1595 1612/477/1562
f 1612/477/1562 1639/487/1595 1638/486/1593
f 1640/488/1596 1609/474/1559 1610/475/1561
f 1610/475/1561 1641/489/1597 1640/488/1596
f 1638/486/1593 1636/484/1592 1577/81/1528
f 1577/81/1528 1636/484/1592 1620/109/1572
f 1612/477/1562 1638/486/1593 1578/80/1527
f 1578/80/1527 1638/486/1593 1577/81/1528
f 1618/106/1570 1641/489/1597 1610/475/1561
f 1610/475/1561 1613/107/1563 1618/106/1570
f 1564/69/1514 1642/123/1567 1567/70/1517
f 1642/123/1567 1643/124/1568 1567/70/1517
f 1644/125/1573 1620/126/1572 1565/68/1516
f 1565/68/1516 1566/67/1515 1644/125/1573
f 1617/105/1569 1568/71/1518 1569/73/1520
f 1569/73/1520 1618/106/1570 1617/105/1569
f 1614/100/1564 1571/74/1521 1570/72/1519
f 1571/74/1521 1614/100/1564 1616/102/1566
f 1580/462/1530 1645/491/1578 1625/490/1579
f 1625/490/1579 1583/465/1533 1580/462/1530
f 1637/492/1594 1581/463/1532 1582/464/1531
f 1582/464/1531 1636/493/1592 1637/492/1594
f 1583/465/1533 1625/490/1579 1564/69/1514
f 1625/490/1579 1642/123/1567 1564/69/1514
f 1636/493/1592 1582/464/1531 1565/68/1516
f 1565/68/1516 1620/126/1572 1636/493/1592
f 1646/127/1590 1584/83/1534 1635/128/1591
f 1584/83/1534 1585/85/1536 1635/128/1591
f 1586/84/1535 1627/129/1582 1647/130/1581
f 1647/130/1581 1587/86/1537 1586/84/1535
f 1646/127/1590 1644/125/1573 1566/67/1515
f 1566/67/1515 1584/83/1534 1646/127/1590
f 1643/124/1568 1586/84/1535 1567/70/1517
f 1586/84/1535 1643/124/1568 1627/129/1582
f 1641/489/1597 1588/466/1538 1640/488/1596
f 1588/466/1538 1589/467/1540 1640/488/1596
f 1590/468/1539 1623/480/1575 1591/469/1541
f 1591/469/1541 1623/480/1575 1621/478/1574
f 1618/106/1570 1569/73/1520 1641/489/1597
f 1569/73/1520 1588/466/1538 1641/489/1597
f 1571/74/1521 1616/102/1566 1623/480/1575
f 1623/480/1575 1590/468/1539 1571/74/1521
f 1592/87/1542 1630/116/1585 1629/115/1584
f 1629/115/1584 1595/90/1545 1592/87/1542
f 1634/120/1589 1593/89/1544 1631/117/1586
f 1593/89/1544 1594/88/1543 1631/117/1586
f 1629/115/1584 1570/72/1519 1595/90/1545
f 1629/115/1584 1614/100/1564 1570/72/1519
f 1631/117/1586 1594/88/1543 1617/105/1569
f 1594/88/1543 1568/71/1518 1617/105/1569
f 1648/131/787 869/132/786 1634/120/1589
f 1593/89/1544 1634/120/1589 869/132/786
f 869/132/786 1649/133/788 1593/89/1544
f 1649/133/788 1592/87/1542 1593/89/1544
f 1649/133/788 1650/134/789 1592/87/1542
f 1650/134/789 1630/116/1585 1592/87/1542
f 1650/134/789 1651/135/790 1600/91/1550
f 1600/91/1550 1630/116/1585 1650/134/789
f 1600/91/1550 1651/135/790 1652/136/791
f 1652/136/791 1602/92/1551 1600/91/1550
f 1602/92/1551 1652/136/791 1626/111/1580
f 1652/136/791 1653/137/792 1626/111/1580
f 1626/111/1580 1653/137/792 1654/138/793
f 1654/138/793 1647/112/1581 1626/111/1580
f 1587/86/1537 1647/130/1581 1654/139/793
f 1654/139/793 1655/140/794 1587/86/1537
f 1585/85/1536 1587/86/1537 1655/140/794
f 1655/140/794 1656/141/795 1585/85/1536
f 1635/128/1591 1585/85/1536 1656/141/795
f 1656/141/795 1657/142/796 1635/128/1591
f 1658/143/797 1608/99/1558 1635/122/1591
f 1635/122/1591 1657/144/796 1658/143/797
f 1605/96/1555 1658/143/797 870/145/798
f 1605/96/1555 1608/99/1558 1658/143/797
f 1632/119/1588 870/145/798 1659/146/799
f 1632/119/1588 1605/96/1555 870/145/798
f 1659/146/799 1648/131/787 1634/120/1589
f 1634/120/1589 1632/119/1588 1659/146/799
f 1621/478/1574 1660/495/1598 403/494/1599
f 403/494/1599 1591/469/1541 1621/478/1574
f 1589/467/1540 1591/469/1541 403/494/1599
f 403/494/1599 1661/496/1600 1589/467/1540
f 1640/488/1596 1589/467/1540 1661/496/1600
f 1661/496/1600 1662/497/1601 1640/488/1596
f 1640/488/1596 1662/497/1601 1609/474/1559
f 1662/497/1601 1663/498/1602 1609/474/1559
f 1611/476/1560 1609/474/1559 1663/498/1602
f 1611/476/1560 1663/498/1602 404/510/1603
f 1639/487/1595 1611/476/1560 1664/499/1604
f 1664/499/1604 1665/500/1605 1639/487/1595
f 1665/500/1605 407/501/1606 1637/485/1594
f 1637/485/1594 1639/487/1595 1665/500/1605
f 407/502/1606 1581/463/1532 1637/492/1594
f 407/502/1606 406/504/1607 1581/463/1532
f 406/504/1607 1580/462/1530 1581/463/1532
f 406/504/1607 1666/505/1608 1580/462/1530
f 1666/505/1608 1645/491/1578 1580/462/1530
f 1666/507/1608 1669/511/1609 1599/473/1549
f 1599/473/1549 1645/482/1578 1666/507/1608
f 1596/470/1546 405/506/1610 1667/508/1611
f 1596/470/1546 1599/473/1549 405/506/1610
f 1624/481/1577 1667/508/1611 1668/509/1612
f 1624/481/1577 1596/470/1546 1667/508/1611
f 1621/478/1574 1668/509/1612 1660/495/1598
f 1621/478/1574 1624/481/1577 1668/509/1612
f 1599/473/1549 1669/511/1609 405/506/1610
f 1670/512/1613 1672/513/1614 1671/514/1615
f 1671/514/1615 1673/515/1616 1670/512/1613
f 1674/516/1617 1672/513/1614 1675/517/1618
f 1672/513/1614 1670/512/1613 1675/517/1618
f 1685/518/1619 1674/516/1617 1687/519/1620
f 1674/516/1617 1675/517/1618 1687/519/1620
f 1676/520/1621 1678/521/1622 1677/522/1623
f 1676/520/1621 1679/523/1624 1678/521/1622
f 1680/524/1625 1679/523/1624 1676/520/1621
f 1680/524/1625 1681/525/1626 1679/523/1624
f 1682/526/1627 1681/525/1626 1680/524/1625
f 1682/526/1627 1683/527/1628 1681/525/1626
f 1684/528/1629 1686/529/1630 1685/530/1619
f 1685/530/1619 1687/531/1620 1684/528/1629
f 1688/532/1631 1689/533/1632 1686/529/1630
f 1686/529/1630 1684/528/1629 1688/532/1631
f 1690/534/1633 1691/535/1634 1689/533/1632
f 1689/533/1632 1688/532/1631 1690/534/1633
f 1677/522/1623 1678/521/1622 1691/535/1634
f 1691/535/1634 1690/534/1633 1677/522/1623
f 1682/526/1627 1692/536/1635 1683/527/1628
f 1683/527/1628 1692/536/1635 1693/537/1636
f 1692/536/1635 1694/43/1637 1693/537/1636
f 1693/537/1636 1694/43/1637 1695/538/1638
f 1694/43/1637 1696/539/1639 1695/538/1638
f 1695/538/1638 1696/539/1639 1697/540/1640
f 1671/541/1615 1697/540/1640 1673/542/1616
f 1697/540/1640 1696/539/1639 1673/542/1616
f 1698/543/1641 1699/544/1642 1778/545/1643
f 1778/545/1643 1700/546/1644 1698/543/1641
f 1700/546/1644 1778/545/1643 1701/547/1645
f 1778/545/1643 1779/548/1646 1701/547/1645
f 1701/547/1645 1779/548/1646 1672/513/1614
f 1779/548/1646 1671/514/1615 1672/513/1614
f 1702/1/1647 1703/2/1648 1780/3/1649
f 1780/3/1649 1704/4/1650 1702/1/1647
f 1705/5/1651 1781/6/1652 1703/2/1648
f 1703/2/1648 1702/1/1647 1705/5/1651
f 1670/512/1613 1673/515/1616 1705/5/1651
f 1705/5/1651 1673/515/1616 1781/6/1652
f 1706/549/1653 1698/543/1641 1707/550/1654
f 1698/543/1641 1700/546/1644 1707/550/1654
f 1707/550/1654 1700/546/1644 1708/551/1655
f 1700/546/1644 1701/547/1645 1708/551/1655
f 1708/551/1655 1701/547/1645 1672/513/1614
f 1672/513/1614 1674/516/1617 1708/551/1655
f 1709/7/1656 1702/1/1647 1704/4/1650
f 1704/4/1650 1710/8/1657 1709/7/1656
f 1711/9/1658 1705/5/1651 1702/1/1647
f 1702/1/1647 1709/7/1656 1711/9/1658
f 1670/512/1613 1711/9/1658 1675/517/1618
f 1670/512/1613 1705/5/1651 1711/9/1658
f 1712/552/1659 1706/549/1653 1743/553/1660
f 1706/549/1653 1707/550/1654 1743/553/1660
f 1743/553/1660 1707/550/1654 1708/551/1655
f 1708/551/1655 1713/554/1661 1743/553/1660
f 1713/554/1661 1708/551/1655 1674/516/1617
f 1674/516/1617 1685/518/1619 1713/554/1661
f 1714/10/1662 1709/7/1656 1715/11/1663
f 1709/7/1656 1710/8/1657 1715/11/1663
f 1716/12/1664 1711/9/1658 1714/10/1662
f 1711/9/1658 1709/7/1656 1714/10/1662
f 1675/517/1618 1716/12/1664 1687/519/1620
f 1675/517/1618 1711/9/1658 1716/12/1664
f 1717/555/1665 1719/556/1666 1718/557/1667
f 1719/556/1666 1720/558/1668 1718/557/1667
f 1721/559/1669 1722/560/1670 1717/555/1665
f 1722/560/1670 1719/556/1666 1717/555/1665
f 1679/523/1624 1721/559/1669 1678/521/1622
f 1679/523/1624 1722/560/1670 1721/559/1669
f 1723/13/1671 1725/14/1672 1724/15/1673
f 1725/14/1672 1726/16/1674 1724/15/1673
f 1724/15/1673 1726/16/1674 1727/17/1675
f 1727/17/1675 1728/18/1676 1724/15/1673
f 1728/18/1676 1727/17/1675 1676/520/1621
f 1676/520/1621 1677/522/1623 1728/18/1676
f 1729/561/1677 1720/558/1668 1719/556/1666
f 1729/561/1677 1730/562/1678 1720/558/1668
f 1722/560/1670 1731/563/1679 1729/561/1677
f 1729/561/1677 1719/556/1666 1722/560/1670
f 1681/525/1626 1722/560/1670 1679/523/1624
f 1681/525/1626 1731/563/1679 1722/560/1670
f 1725/14/1672 1732/19/1680 1726/16/1674
f 1732/19/1680 1733/20/1681 1726/16/1674
f 1726/16/1674 1733/20/1681 1727/17/1675
f 1733/20/1681 1734/21/1682 1727/17/1675
f 1727/17/1675 1734/21/1682 1680/524/1625
f 1680/524/1625 1676/520/1621 1727/17/1675
f 1729/561/1677 1736/564/1683 1735/565/1684
f 1735/565/1684 1730/562/1678 1729/561/1677
f 1731/563/1679 1737/566/1685 1736/564/1683
f 1736/564/1683 1729/561/1677 1731/563/1679
f 1681/525/1626 1683/527/1628 1737/566/1685
f 1737/566/1685 1731/563/1679 1681/525/1626
f 1732/19/1680 1739/22/1686 1738/23/1687
f 1738/23/1687 1733/20/1681 1732/19/1680
f 1733/20/1681 1738/23/1687 1734/21/1682
f 1738/23/1687 1740/24/1688 1734/21/1682
f 1734/21/1682 1740/24/1688 1680/524/1625
f 1740/24/1688 1682/526/1627 1680/524/1625
f 1741/567/1689 1742/568/1690 1712/569/1659
f 1712/569/1659 1743/570/1660 1741/567/1689
f 1744/571/1691 1741/567/1689 1743/570/1660
f 1743/570/1660 1713/572/1661 1744/571/1691
f 1686/529/1630 1744/571/1691 1713/572/1661
f 1713/572/1661 1685/530/1619 1686/529/1630
f 1715/25/1663 1746/26/1692 1745/27/1693
f 1745/27/1693 1714/28/1662 1715/25/1663
f 1747/29/1694 1716/30/1664 1714/28/1662
f 1714/28/1662 1745/27/1693 1747/29/1694
f 1684/528/1629 1687/531/1620 1716/30/1664
f 1716/30/1664 1747/29/1694 1684/528/1629
f 1748/573/1695 1749/574/1696 1742/568/1690
f 1742/568/1690 1741/567/1689 1748/573/1695
f 1750/575/1697 1748/573/1695 1741/567/1689
f 1741/567/1689 1744/571/1691 1750/575/1697
f 1689/533/1632 1750/575/1697 1744/571/1691
f 1744/571/1691 1686/529/1630 1689/533/1632
f 1746/26/1692 1751/31/1698 1745/27/1693
f 1752/32/1699 1745/27/1693 1751/31/1698
f 1753/33/1700 1747/29/1694 1745/27/1693
f 1745/27/1693 1752/32/1699 1753/33/1700
f 1688/532/1631 1684/528/1629 1747/29/1694
f 1747/29/1694 1753/33/1700 1688/532/1631
f 1754/576/1701 1755/577/1702 1749/574/1696
f 1749/574/1696 1748/573/1695 1754/576/1701
f 1754/576/1701 1748/573/1695 1750/575/1697
f 1750/575/1697 1756/578/1703 1754/576/1701
f 1756/578/1703 1750/575/1697 1689/533/1632
f 1689/533/1632 1691/535/1634 1756/578/1703
f 1751/31/1698 1757/34/1704 1752/32/1699
f 1758/35/1705 1752/32/1699 1757/34/1704
f 1759/36/1706 1753/33/1700 1758/35/1705
f 1758/35/1705 1753/33/1700 1752/32/1699
f 1690/534/1633 1688/532/1631 1759/36/1706
f 1759/36/1706 1688/532/1631 1753/33/1700
f 1718/557/1667 1755/577/1702 1754/576/1701
f 1754/576/1701 1717/555/1665 1718/557/1667
f 1717/555/1665 1754/576/1701 1756/578/1703
f 1756/578/1703 1721/559/1669 1717/555/1665
f 1721/559/1669 1756/578/1703 1691/535/1634
f 1691/535/1634 1678/521/1622 1721/559/1669
f 1757/34/1704 1723/13/1671 1758/35/1705
f 1724/15/1673 1758/35/1705 1723/13/1671
f 1758/35/1705 1724/15/1673 1759/36/1706
f 1728/18/1676 1759/36/1706 1724/15/1673
f 1759/36/1706 1728/18/1676 1690/534/1633
f 1677/522/1623 1690/534/1633 1728/18/1676
f 1760/579/1707 1735/565/1684 1761/580/1708
f 1736/564/1683 1761/580/1708 1735/565/1684
f 1761/580/1708 1736/564/1683 1762/581/1709
f 1737/566/1685 1762/581/1709 1736/564/1683
f 1762/581/1709 1737/566/1685 1693/537/1636
f 1683/527/1628 1693/537/1636 1737/566/1685
f 1738/23/1687 1739/22/1686 1763/37/1710
f 1763/37/1710 1764/38/1711 1738/23/1687
f 1738/23/1687 1764/38/1711 1765/39/1712
f 1765/39/1712 1740/24/1688 1738/23/1687
f 1740/24/1688 1765/39/1712 1692/536/1635
f 1692/536/1635 1682/526/1627 1740/24/1688
f 1766/582/1713 1760/579/1707 1767/583/1714
f 1761/580/1708 1767/583/1714 1760/579/1707
f 1762/581/1709 1768/584/1715 1761/580/1708
f 1761/580/1708 1768/584/1715 1767/583/1714
f 1693/537/1636 1695/538/1638 1762/581/1709
f 1762/581/1709 1695/538/1638 1768/584/1715
f 1764/38/1711 1763/37/1710 1769/40/1716
f 1769/40/1716 1770/41/1717 1764/38/1711
f 1764/38/1711 1770/41/1717 1771/42/1718
f 1771/42/1718 1765/39/1712 1764/38/1711
f 1765/39/1712 1771/42/1718 1694/43/1637
f 1694/43/1637 1692/536/1635 1765/39/1712
f 1772/585/1719 1766/582/1713 1773/586/1720
f 1767/583/1714 1773/586/1720 1766/582/1713
f 1768/584/1715 1774/587/1721 1773/586/1720
f 1773/586/1720 1767/583/1714 1768/584/1715
f 1695/538/1638 1697/540/1640 1774/587/1721
f 1774/587/1721 1768/584/1715 1695/538/1638
f 1770/41/1717 1769/40/1716 1775/44/1722
f 1775/44/1722 1776/45/1723 1770/41/1717
f 1771/42/1718 1770/41/1717 1776/45/1723
f 1776/45/1723 1777/46/1724 1771/42/1718
f 1694/43/1637 1771/42/1718 1777/46/1724
f 1777/46/1724 1696/539/1639 1694/43/1637
f 1699/588/1642 1772/585/1719 1778/589/1643
f 1773/586/1720 1778/589/1643 1772/585/1719
f 1778/589/1643 1773/586/1720 1774/587/1721
f 1774/587/1721 1779/590/1646 1778/589/1643
f 1779/590/1646 1774/587/1721 1671/541/1615
f 1774/587/1721 1697/540/1640 1671/541/1615
f 1776/45/1723 1775/44/1722 1780/47/1649
f 1780/47/1649 1703/48/1648 1776/45/1723
f 1777/46/1724 1776/45/1723 1703/48/1648
f 1703/48/1648 1781/49/1652 1777/46/1724
f 1777/46/1724 1781/49/1652 1673/542/1616
f 1673/542/1616 1696/539/1639 1777/46/1724
f 1117/50/1042 1757/34/1704 1751/31/1698
f 1751/31/1698 1118/51/1043 1117/50/1042
f 1118/51/1043 1751/31/1698 1746/26/1692
f 1746/26/1692 1119/52/1044 1118/51/1043
f 1123/53/1050 1782/54/1049 1769/40/1716
f 1769/40/1716 1782/54/1049 1775/44/1722
f 1124/55/1051 1123/53/1050 1763/37/1710
f 1763/37/1710 1123/53/1050 1769/40/1716
f 1782/54/1049 1122/56/1048 1780/47/1649
f 1780/47/1649 1775/44/1722 1782/54/1049
f 1114/57/1038 1124/55/1051 1739/22/1686
f 1739/22/1686 1124/55/1051 1763/37/1710
f 1704/4/1650 1780/3/1649 1121/58/1047
f 1780/3/1649 1122/59/1048 1121/58/1047
f 1113/60/1039 1114/57/1038 1739/22/1686
f 1739/22/1686 1732/19/1680 1113/60/1039
f 1710/8/1657 1704/4/1650 1121/58/1047
f 1121/58/1047 1783/61/1046 1710/8/1657
f 1113/60/1039 1725/14/1672 1115/62/1040
f 1113/60/1039 1732/19/1680 1725/14/1672
f 1715/11/1663 1710/8/1657 1120/63/1045
f 1710/8/1657 1783/61/1046 1120/63/1045
f 1116/64/1041 1115/62/1040 1725/14/1672
f 1725/14/1672 1723/13/1671 1116/64/1041
f 1746/26/1692 1715/25/1663 1120/65/1045
f 1120/65/1045 1119/52/1044 1746/26/1692
f 1116/64/1041 1723/13/1671 1757/34/1704
f 1757/34/1704 1117/50/1042 1116/64/1041
f 1735/565/1684 1784/591/1725 1730/562/1678
f 1784/591/1725 1735/565/1684 1020/592/929
f 1730/562/1678 1018/593/926 1720/558/1668
f 1730/562/1678 1784/591/1725 1018/593/926
f 1718/557/1667 1720/558/1668 1018/593/926
f 1018/593/926 1785/594/927 1718/557/1667
f 1718/557/1667 1785/594/927 1786/595/939
f 1786/595/939 1755/577/1702 1718/557/1667
f 1755/577/1702 1786/595/939 1749/574/1696
f 1786/595/939 1026/596/938 1749/574/1696
f 1749/574/1696 1026/596/938 1742/568/1690
f 1026/596/938 1025/597/937 1742/568/1690
f 1742/568/1690 1025/597/937 1788/598/936
f 1788/598/936 1712/569/1659 1742/568/1690
f 1787/599/935 1706/549/1653 1788/600/936
f 1788/600/936 1706/549/1653 1712/552/1659
f 1024/601/934 1698/543/1641 1787/599/935
f 1787/599/935 1698/543/1641 1706/549/1653
f 1024/601/934 1789/602/933 1698/543/1641
f 1789/602/933 1699/544/1642 1698/543/1641
f 1772/585/1719 1789/603/933 1023/604/932
f 1772/585/1719 1699/588/1642 1789/603/933
f 1766/582/1713 1023/604/932 1022/605/931
f 1766/582/1713 1772/585/1719 1023/604/932
f 1760/579/1707 1022/605/931 1021/606/930
f 1760/579/1707 1766/582/1713 1022/605/931
f 1735/565/1684 1021/606/930 1020/592/929
f 1735/565/1684 1760/579/1707 1021/606/930
f 1790/69/1726 1792/67/1727 1791/68/1728
f 1790/69/1726 1793/70/1729 1792/67/1727
f 1794/71/1730 1796/72/1731 1795/73/1732
f 1796/72/1731 1797/74/1733 1795/73/1732
f 1798/75/1734 1800/76/1735 1799/77/1736
f 1799/77/1736 1801/78/1737 1798/75/1734
f 1802/79/1738 1804/80/1739 1803/81/1740
f 1803/81/1740 1805/82/1741 1802/79/1738
f 1806/462/1742 1808/464/1743 1807/463/1744
f 1806/462/1742 1809/465/1745 1808/464/1743
f 1809/465/1745 1791/68/1728 1808/464/1743
f 1809/465/1745 1790/69/1726 1791/68/1728
f 1810/83/1746 1812/84/1747 1811/85/1748
f 1812/84/1747 1813/86/1749 1811/85/1748
f 1792/67/1727 1793/70/1729 1812/84/1747
f 1812/84/1747 1810/83/1746 1792/67/1727
f 1814/466/1750 1816/468/1751 1815/467/1752
f 1816/468/1751 1817/469/1753 1815/467/1752
f 1795/73/1732 1797/74/1733 1814/466/1750
f 1797/74/1733 1816/468/1751 1814/466/1750
f 1818/87/1754 1820/88/1755 1819/89/1756
f 1818/87/1754 1821/90/1757 1820/88/1755
f 1821/90/1757 1794/71/1730 1820/88/1755
f 1821/90/1757 1796/72/1731 1794/71/1730
f 1822/470/1758 1824/472/1759 1823/471/1760
f 1823/471/1760 1825/473/1761 1822/470/1758
f 1824/472/1759 1798/75/1734 1801/78/1737
f 1801/78/1737 1823/471/1760 1824/472/1759
f 1826/91/1762 1828/92/1763 1827/93/1764
f 1827/93/1764 1828/92/1763 1829/94/1765
f 1827/93/1764 1829/94/1765 1830/95/1766
f 1830/95/1766 1829/94/1765 1800/76/1735
f 1831/96/1767 1833/97/1768 1832/98/1769
f 1832/98/1769 1834/99/1770 1831/96/1767
f 1833/97/1768 1802/79/1738 1805/82/1741
f 1805/82/1741 1832/98/1769 1833/97/1768
f 1835/474/1771 1837/476/1772 1836/475/1773
f 1836/475/1773 1837/476/1772 1838/477/1774
f 1836/475/1773 1838/477/1774 1839/107/1775
f 1839/107/1775 1838/477/1774 1804/80/1739
f 1840/100/1776 1830/95/1766 1841/101/1777
f 1841/101/1777 1842/102/1778 1840/100/1776
f 1841/101/1777 1830/95/1766 1800/76/1735
f 1800/76/1735 1798/75/1734 1841/101/1777
f 1868/103/1779 1801/78/1737 1869/104/1780
f 1799/77/1736 1869/104/1780 1801/78/1737
f 1843/105/1781 1844/106/1782 1839/107/1775
f 1839/107/1775 1845/108/1783 1843/105/1781
f 1845/108/1783 1839/107/1775 1804/80/1739
f 1804/80/1739 1802/79/1738 1845/108/1783
f 1803/81/1740 1846/109/1784 1805/82/1741
f 1805/82/1741 1846/109/1784 1870/110/1785
f 1847/478/1786 1849/480/1787 1848/479/1788
f 1848/479/1788 1850/481/1789 1847/478/1786
f 1850/481/1789 1848/479/1788 1824/472/1759
f 1824/472/1759 1822/470/1758 1850/481/1789
f 1871/482/1790 1825/473/1761 1851/483/1791
f 1823/471/1760 1851/483/1791 1825/473/1761
f 1849/480/1787 1842/102/1778 1841/101/1777
f 1841/101/1777 1848/479/1788 1849/480/1787
f 1848/479/1788 1841/101/1777 1798/75/1734
f 1798/75/1734 1824/472/1759 1848/479/1788
f 1851/483/1791 1823/471/1760 1801/78/1737
f 1801/78/1737 1868/103/1779 1851/483/1791
f 1852/111/1792 1873/112/1793 1853/113/1794
f 1853/113/1794 1854/114/1795 1852/111/1792
f 1828/92/1763 1852/111/1792 1829/94/1765
f 1829/94/1765 1852/111/1792 1854/114/1795
f 1855/115/1796 1856/116/1797 1826/91/1762
f 1826/91/1762 1827/93/1764 1855/115/1796
f 1854/114/1795 1853/113/1794 1869/104/1780
f 1869/104/1780 1799/77/1736 1854/114/1795
f 1829/94/1765 1854/114/1795 1800/76/1735
f 1800/76/1735 1854/114/1795 1799/77/1736
f 1840/100/1776 1855/115/1796 1827/93/1764
f 1827/93/1764 1830/95/1766 1840/100/1776
f 1857/117/1798 1859/118/1799 1858/119/1800
f 1858/119/1800 1860/120/1801 1857/117/1798
f 1858/119/1800 1859/118/1799 1833/97/1768
f 1833/97/1768 1831/96/1767 1858/119/1800
f 1832/98/1769 1872/121/1802 1861/122/1803
f 1861/122/1803 1834/99/1770 1832/98/1769
f 1857/117/1798 1845/108/1783 1859/118/1799
f 1857/117/1798 1843/105/1781 1845/108/1783
f 1859/118/1799 1845/108/1783 1802/79/1738
f 1802/79/1738 1833/97/1768 1859/118/1799
f 1805/82/1741 1870/110/1785 1832/98/1769
f 1832/98/1769 1870/110/1785 1872/121/1802
f 1862/484/1804 1864/486/1805 1863/485/1806
f 1865/487/1807 1863/485/1806 1864/486/1805
f 1837/476/1772 1865/487/1807 1838/477/1774
f 1838/477/1774 1865/487/1807 1864/486/1805
f 1866/488/1808 1835/474/1771 1836/475/1773
f 1836/475/1773 1867/489/1809 1866/488/1808
f 1864/486/1805 1862/484/1804 1803/81/1740
f 1803/81/1740 1862/484/1804 1846/109/1784
f 1838/477/1774 1864/486/1805 1804/80/1739
f 1804/80/1739 1864/486/1805 1803/81/1740
f 1844/106/1782 1867/489/1809 1836/475/1773
f 1836/475/1773 1839/107/1775 1844/106/1782
f 1790/69/1726 1868/123/1779 1793/70/1729
f 1868/123/1779 1869/124/1780 1793/70/1729
f 1870/125/1785 1846/126/1784 1791/68/1728
f 1791/68/1728 1792/67/1727 1870/125/1785
f 1843/105/1781 1794/71/1730 1795/73/1732
f 1795/73/1732 1844/106/1782 1843/105/1781
f 1840/100/1776 1797/74/1733 1796/72/1731
f 1797/74/1733 1840/100/1776 1842/102/1778
f 1806/462/1742 1871/491/1790 1851/490/1791
f 1851/490/1791 1809/465/1745 1806/462/1742
f 1863/492/1806 1807/463/1744 1808/464/1743
f 1808/464/1743 1862/493/1804 1863/492/1806
f 1809/465/1745 1851/490/1791 1790/69/1726
f 1851/490/1791 1868/123/1779 1790/69/1726
f 1862/493/1804 1808/464/1743 1791/68/1728
f 1791/68/1728 1846/126/1784 1862/493/1804
f 1872/127/1802 1810/83/1746 1861/128/1803
f 1810/83/1746 1811/85/1748 1861/128/1803
f 1812/84/1747 1853/129/1794 1873/130/1793
f 1873/130/1793 1813/86/1749 1812/84/1747
f 1872/127/1802 1870/125/1785 1792/67/1727
f 1792/67/1727 1810/83/1746 1872/127/1802
f 1869/124/1780 1812/84/1747 1793/70/1729
f 1812/84/1747 1869/124/1780 1853/129/1794
f 1867/489/1809 1814/466/1750 1866/488/1808
f 1814/466/1750 1815/467/1752 1866/488/1808
f 1816/468/1751 1849/480/1787 1817/469/1753
f 1817/469/1753 1849/480/1787 1847/478/1786
f 1844/106/1782 1795/73/1732 1867/489/1809
f 1795/73/1732 1814/466/1750 1867/489/1809
f 1797/74/1733 1842/102/1778 1849/480/1787
f 1849/480/1787 1816/468/1751 1797/74/1733
f 1818/87/1754 1856/116/1797 1855/115/1796
f 1855/115/1796 1821/90/1757 1818/87/1754
f 1860/120/1801 1819/89/1756 1857/117/1798
f 1819/89/1756 1820/88/1755 1857/117/1798
f 1855/115/1796 1796/72/1731 1821/90/1757
f 1855/115/1796 1840/100/1776 1796/72/1731
f 1857/117/1798 1820/88/1755 1843/105/1781
f 1820/88/1755 1794/71/1730 1843/105/1781
f 1215/131/1153 1214/132/1152 1860/120/1801
f 1819/89/1756 1860/120/1801 1214/132/1152
f 1214/132/1152 1213/133/1151 1819/89/1756
f 1213/133/1151 1818/87/1754 1819/89/1756
f 1213/133/1151 1212/134/1150 1818/87/1754
f 1212/134/1150 1856/116/1797 1818/87/1754
f 1212/134/1150 1223/135/1163 1826/91/1762
f 1826/91/1762 1856/116/1797 1212/134/1150
f 1826/91/1762 1223/135/1163 1222/136/1162
f 1222/136/1162 1828/92/1763 1826/91/1762
f 1828/92/1763 1222/136/1162 1852/111/1792
f 1222/136/1162 1221/137/1161 1852/111/1792
f 1852/111/1792 1221/137/1161 1220/138/1160
f 1220/138/1160 1873/112/1793 1852/111/1792
f 1813/86/1749 1873/130/1793 1220/139/1160
f 1220/139/1160 1219/140/1159 1813/86/1749
f 1811/85/1748 1813/86/1749 1219/140/1159
f 1219/140/1159 1874/141/1158 1811/85/1748
f 1861/128/1803 1811/85/1748 1874/141/1158
f 1874/141/1158 1218/142/1157 1861/128/1803
f 1217/143/1156 1834/99/1770 1861/122/1803
f 1861/122/1803 1218/144/1157 1217/143/1156
f 1831/96/1767 1217/143/1156 1216/145/1155
f 1831/96/1767 1834/99/1770 1217/143/1156
f 1858/119/1800 1216/145/1155 1875/146/1154
f 1858/119/1800 1831/96/1767 1216/145/1155
f 1875/146/1154 1215/131/1153 1860/120/1801
f 1860/120/1801 1858/119/1800 1875/146/1154
f 1847/478/1786 2227/495/1810 1876/494/1811
f 1876/494/1811 1817/469/1753 1847/478/1786
f 1815/467/1752 1817/469/1753 1876/494/1811
f 1876/494/1811 2225/496/1812 1815/467/1752
f 1866/488/1808 1815/467/1752 2225/496/1812
f 2225/496/1812 2226/497/1813 1866/488/1808
f 1866/488/1808 2226/497/1813 1835/474/1771
f 2226/497/1813 2234/498/1814 1835/474/1771
f 1837/476/1772 1835/474/1771 2234/498/1814
f 2234/498/1814 1877/499/1815 1837/476/1772
f 1865/487/1807 1837/476/1772 1877/499/1815
f 1877/499/1815 2233/500/1816 1865/487/1807
f 2233/500/1816 2232/501/1817 1863/485/1806
f 1863/485/1806 1865/487/1807 2233/500/1816
f 1878/502/1818 1807/463/1744 1863/492/1806
f 1863/492/1806 2232/503/1817 1878/502/1818
f 1878/502/1818 2230/504/1819 1807/463/1744
f 2230/504/1819 1806/462/1742 1807/463/1744
f 2230/504/1819 2231/505/1820 1806/462/1742
f 2231/505/1820 1871/491/1790 1806/462/1742
f 1825/473/1761 2231/507/1820 1879/506/1821
f 1825/473/1761 1871/482/1790 2231/507/1820
f 1822/470/1758 1879/506/1821 2229/508/1822
f 1822/470/1758 1825/473/1761 1879/506/1821
f 1850/481/1789 2229/508/1822 2228/509/1823
f 1850/481/1789 1822/470/1758 2229/508/1822
f 1847/478/1786 2228/509/1823 2227/495/1810
f 1847/478/1786 1850/481/1789 2228/509/1823
f 1880/69/1824 1882/67/1825 1881/68/1826
f 1880/69/1824 1883/70/1827 1882/67/1825
f 1884/71/1828 1886/72/1829 1885/73/1830
f 1886/72/1829 1887/74/1831 1885/73/1830
f 1888/75/1832 1890/76/1833 1889/77/1834
f 1889/77/1834 1891/78/1835 1888/75/1832
f 1892/79/1836 1894/80/1837 1893/81/1838
f 1893/81/1838 1895/82/1839 1892/79/1836
f 1896/462/1840 1898/464/1841 1897/463/1842
f 1896/462/1840 1899/465/1843 1898/464/1841
f 1899/465/1843 1881/68/1826 1898/464/1841
f 1899/465/1843 1880/69/1824 1881/68/1826
f 1900/83/1844 1902/84/1845 1901/85/1846
f 1902/84/1845 1903/86/1847 1901/85/1846
f 1882/67/1825 1883/70/1827 1902/84/1845
f 1902/84/1845 1900/83/1844 1882/67/1825
f 1904/466/1848 1906/468/1849 1905/467/1850
f 1906/468/1849 1907/469/1851 1905/467/1850
f 1885/73/1830 1887/74/1831 1904/466/1848
f 1887/74/1831 1906/468/1849 1904/466/1848
f 1908/87/1852 1910/88/1853 1909/89/1854
f 1908/87/1852 1911/90/1855 1910/88/1853
f 1911/90/1855 1884/71/1828 1910/88/1853
f 1911/90/1855 1886/72/1829 1884/71/1828
f 1912/470/1856 1914/472/1857 1913/471/1858
f 1913/471/1858 1915/473/1859 1912/470/1856
f 1914/472/1857 1888/75/1832 1891/78/1835
f 1891/78/1835 1913/471/1858 1914/472/1857
f 1916/91/1860 1918/92/1861 1917/93/1862
f 1917/93/1862 1918/92/1861 1919/94/1863
f 1917/93/1862 1919/94/1863 1920/95/1864
f 1920/95/1864 1919/94/1863 1890/76/1833
f 1921/96/1865 1923/97/1866 1922/98/1867
f 1922/98/1867 1924/99/1868 1921/96/1865
f 1923/97/1866 1892/79/1836 1895/82/1839
f 1895/82/1839 1922/98/1867 1923/97/1866
f 1925/474/1869 1927/476/1870 1926/475/1871
f 1926/475/1871 1927/476/1870 1928/477/1872
f 1926/475/1871 1928/477/1872 1929/107/1873
f 1929/107/1873 1928/477/1872 1894/80/1837
f 1930/100/1874 1920/95/1864 1931/101/1875
f 1931/101/1875 1932/102/1876 1930/100/1874
f 1931/101/1875 1920/95/1864 1890/76/1833
f 1890/76/1833 1888/75/1832 1931/101/1875
f 1958/103/1877 1891/78/1835 1959/104/1878
f 1889/77/1834 1959/104/1878 1891/78/1835
f 1933/105/1879 1934/106/1880 1929/107/1873
f 1929/107/1873 1935/108/1881 1933/105/1879
f 1935/108/1881 1929/107/1873 1894/80/1837
f 1894/80/1837 1892/79/1836 1935/108/1881
f 1893/81/1838 1936/109/1882 1895/82/1839
f 1895/82/1839 1936/109/1882 1960/110/1883
f 1937/478/1884 1939/480/1885 1938/479/1886
f 1938/479/1886 1940/481/1887 1937/478/1884
f 1940/481/1887 1938/479/1886 1914/472/1857
f 1914/472/1857 1912/470/1856 1940/481/1887
f 1961/482/1888 1915/473/1859 1941/483/1889
f 1913/471/1858 1941/483/1889 1915/473/1859
f 1939/480/1885 1932/102/1876 1931/101/1875
f 1931/101/1875 1938/479/1886 1939/480/1885
f 1938/479/1886 1931/101/1875 1888/75/1832
f 1888/75/1832 1914/472/1857 1938/479/1886
f 1941/483/1889 1913/471/1858 1891/78/1835
f 1891/78/1835 1958/103/1877 1941/483/1889
f 1942/111/1890 1963/112/1891 1943/113/1892
f 1943/113/1892 1944/114/1893 1942/111/1890
f 1918/92/1861 1942/111/1890 1919/94/1863
f 1919/94/1863 1942/111/1890 1944/114/1893
f 1945/115/1894 1946/116/1895 1916/91/1860
f 1916/91/1860 1917/93/1862 1945/115/1894
f 1944/114/1893 1943/113/1892 1959/104/1878
f 1959/104/1878 1889/77/1834 1944/114/1893
f 1919/94/1863 1944/114/1893 1890/76/1833
f 1890/76/1833 1944/114/1893 1889/77/1834
f 1930/100/1874 1945/115/1894 1917/93/1862
f 1917/93/1862 1920/95/1864 1930/100/1874
f 1947/117/1896 1949/118/1897 1948/119/1898
f 1948/119/1898 1950/120/1899 1947/117/1896
f 1948/119/1898 1949/118/1897 1923/97/1866
f 1923/97/1866 1921/96/1865 1948/119/1898
f 1922/98/1867 1962/121/1900 1951/122/1901
f 1951/122/1901 1924/99/1868 1922/98/1867
f 1947/117/1896 1935/108/1881 1949/118/1897
f 1947/117/1896 1933/105/1879 1935/108/1881
f 1949/118/1897 1935/108/1881 1892/79/1836
f 1892/79/1836 1923/97/1866 1949/118/1897
f 1895/82/1839 1960/110/1883 1922/98/1867
f 1922/98/1867 1960/110/1883 1962/121/1900
f 1952/484/1902 1954/486/1903 1953/485/1904
f 1955/487/1905 1953/485/1904 1954/486/1903
f 1927/476/1870 1955/487/1905 1928/477/1872
f 1928/477/1872 1955/487/1905 1954/486/1903
f 1956/488/1906 1925/474/1869 1926/475/1871
f 1926/475/1871 1957/489/1907 1956/488/1906
f 1954/486/1903 1952/484/1902 1893/81/1838
f 1893/81/1838 1952/484/1902 1936/109/1882
f 1928/477/1872 1954/486/1903 1894/80/1837
f 1894/80/1837 1954/486/1903 1893/81/1838
f 1934/106/1880 1957/489/1907 1926/475/1871
f 1926/475/1871 1929/107/1873 1934/106/1880
f 1880/69/1824 1958/123/1877 1883/70/1827
f 1958/123/1877 1959/124/1878 1883/70/1827
f 1960/125/1883 1936/126/1882 1881/68/1826
f 1881/68/1826 1882/67/1825 1960/125/1883
f 1933/105/1879 1884/71/1828 1885/73/1830
f 1885/73/1830 1934/106/1880 1933/105/1879
f 1930/100/1874 1887/74/1831 1886/72/1829
f 1887/74/1831 1930/100/1874 1932/102/1876
f 1896/462/1840 1961/491/1888 1941/490/1889
f 1941/490/1889 1899/465/1843 1896/462/1840
f 1953/492/1904 1897/463/1842 1898/464/1841
f 1898/464/1841 1952/493/1902 1953/492/1904
f 1899/465/1843 1941/490/1889 1880/69/1824
f 1941/490/1889 1958/123/1877 1880/69/1824
f 1952/493/1902 1898/464/1841 1881/68/1826
f 1881/68/1826 1936/126/1882 1952/493/1902
f 1962/127/1900 1900/83/1844 1951/128/1901
f 1900/83/1844 1901/85/1846 1951/128/1901
f 1902/84/1845 1943/129/1892 1963/130/1891
f 1963/130/1891 1903/86/1847 1902/84/1845
f 1962/127/1900 1960/125/1883 1882/67/1825
f 1882/67/1825 1900/83/1844 1962/127/1900
f 1959/124/1878 1902/84/1845 1883/70/1827
f 1902/84/1845 1959/124/1878 1943/129/1892
f 1957/489/1907 1904/466/1848 1956/488/1906
f 1904/466/1848 1905/467/1850 1956/488/1906
f 1906/468/1849 1939/480/1885 1907/469/1851
f 1907/469/1851 1939/480/1885 1937/478/1884
f 1934/106/1880 1885/73/1830 1957/489/1907
f 1885/73/1830 1904/466/1848 1957/489/1907
f 1887/74/1831 1932/102/1876 1939/480/1885
f 1939/480/1885 1906/468/1849 1887/74/1831
f 1908/87/1852 1946/116/1895 1945/115/1894
f 1945/115/1894 1911/90/1855 1908/87/1852
f 1950/120/1899 1909/89/1854 1947/117/1896
f 1909/89/1854 1910/88/1853 1947/117/1896
f 1945/115/1894 1886/72/1829 1911/90/1855
f 1945/115/1894 1930/100/1874 1886/72/1829
f 1947/117/1896 1910/88/1853 1933/105/1879
f 1910/88/1853 1884/71/1828 1933/105/1879
f 1964/131/1391 1965/132/1390 1950/120/1899
f 1909/89/1854 1950/120/1899 1965/132/1390
f 1965/132/1390 1966/133/1389 1909/89/1854
f 1966/133/1389 1908/87/1852 1909/89/1854
f 1966/133/1389 1462/134/1388 1908/87/1852
f 1462/134/1388 1946/116/1895 1908/87/1852
f 1462/134/1388 1967/135/1401 1916/91/1860
f 1916/91/1860 1946/116/1895 1462/134/1388
f 1916/91/1860 1967/135/1401 1968/136/1400
f 1968/136/1400 1918/92/1861 1916/91/1860
f 1918/92/1861 1968/136/1400 1942/111/1890
f 1968/136/1400 1969/137/1399 1942/111/1890
f 1942/111/1890 1969/137/1399 1970/138/1398
f 1970/138/1398 1963/112/1891 1942/111/1890
f 1903/86/1847 1963/130/1891 1970/139/1398
f 1970/139/1398 1971/140/1397 1903/86/1847
f 1901/85/1846 1903/86/1847 1971/140/1397
f 1971/140/1397 1972/141/1396 1901/85/1846
f 1951/128/1901 1901/85/1846 1972/141/1396
f 1972/141/1396 1973/142/1395 1951/128/1901
f 1974/143/1394 1924/99/1868 1951/122/1901
f 1951/122/1901 1973/144/1395 1974/143/1394
f 1921/96/1865 1974/143/1394 1975/145/1393
f 1921/96/1865 1924/99/1868 1974/143/1394
f 1948/119/1898 1975/145/1393 1976/146/1392
f 1948/119/1898 1921/96/1865 1975/145/1393
f 1976/146/1392 1964/131/1391 1950/120/1899
f 1950/120/1899 1948/119/1898 1976/146/1392
f 1937/478/1884 1561/495/1503 1977/494/1502
f 1977/494/1502 1907/469/1851 1937/478/1884
f 1905/467/1850 1907/469/1851 1977/494/1502
f 1977/494/1502 1559/496/1501 1905/467/1850
f 1956/488/1906 1905/467/1850 1559/496/1501
f 1559/496/1501 1560/497/1500 1956/488/1906
f 1956/488/1906 1560/497/1500 1925/474/1869
f 1560/497/1500 1978/498/1513 1925/474/1869
f 1927/476/1870 1925/474/1869 1978/498/1513
f 1978/498/1513 1979/499/1512 1927/476/1870
f 1955/487/1905 1927/476/1870 1979/499/1512
f 1979/499/1512 1980/500/1511 1955/487/1905
f 1980/500/1511 1981/501/1510 1953/485/1904
f 1953/485/1904 1955/487/1905 1980/500/1511
f 1982/502/1509 1897/463/1842 1953/492/1904
f 1953/492/1904 1981/503/1510 1982/502/1509
f 1982/502/1509 1983/504/1508 1897/463/1842
f 1983/504/1508 1896/462/1840 1897/463/1842
f 1983/504/1508 1984/505/1507 1896/462/1840
f 1984/505/1507 1961/491/1888 1896/462/1840
f 1915/473/1859 1984/507/1507 1563/506/1506
f 1915/473/1859 1961/482/1888 1984/507/1507
f 1912/470/1856 1563/506/1506 1985/508/1505
f 1912/470/1856 1915/473/1859 1563/506/1506
f 1940/481/1887 1985/508/1505 1562/509/1504
f 1940/481/1887 1912/470/1856 1985/508/1505
f 1937/478/1884 1562/509/1504 1561/495/1503
f 1937/478/1884 1940/481/1887 1562/509/1504
f 1986/69/1908 1988/67/1909 1987/68/1910
f 1986/69/1908 1989/70/1911 1988/67/1909
f 1990/71/1912 1992/72/1913 1991/73/1914
f 1992/72/1913 1993/74/1915 1991/73/1914
f 1994/75/1916 1996/76/1917 1995/77/1918
f 1995/77/1918 1997/78/1919 1994/75/1916
f 1998/79/1920 2000/80/1921 1999/81/1922
f 1999/81/1922 2001/82/1923 1998/79/1920
f 2002/462/1924 2004/464/1925 2003/463/1926
f 2002/462/1924 2005/465/1927 2004/464/1925
f 2005/465/1927 1987/68/1910 2004/464/1925
f 2005/465/1927 1986/69/1908 1987/68/1910
f 2006/83/1928 2008/84/1929 2007/85/1930
f 2008/84/1929 2009/86/1931 2007/85/1930
f 1988/67/1909 1989/70/1911 2008/84/1929
f 2008/84/1929 2006/83/1928 1988/67/1909
f 2010/466/1932 2012/468/1933 2011/467/1934
f 2012/468/1933 2013/469/1935 2011/467/1934
f 1991/73/1914 1993/74/1915 2010/466/1932
f 1993/74/1915 2012/468/1933 2010/466/1932
f 2014/87/1936 2016/88/1937 2015/89/1938
f 2014/87/1936 2017/90/1939 2016/88/1937
f 2017/90/1939 1990/71/1912 2016/88/1937
f 2017/90/1939 1992/72/1913 1990/71/1912
f 2018/470/1940 2020/472/1941 2019/471/1942
f 2019/471/1942 2021/473/1943 2018/470/1940
f 2020/472/1941 1994/75/1916 1997/78/1919
f 1997/78/1919 2019/471/1942 2020/472/1941
f 2022/91/1944 2024/92/1945 2023/93/1946
f 2023/93/1946 2024/92/1945 2025/94/1947
f 2023/93/1946 2025/94/1947 2026/95/1948
f 2026/95/1948 2025/94/1947 1996/76/1917
f 2027/96/1949 2029/97/1950 2028/98/1951
f 2028/98/1951 2030/99/1952 2027/96/1949
f 2029/97/1950 1998/79/1920 2001/82/1923
f 2001/82/1923 2028/98/1951 2029/97/1950
f 2031/474/1953 2033/476/1954 2032/475/1955
f 2032/475/1955 2033/476/1954 2034/477/1956
f 2032/475/1955 2034/477/1956 2035/107/1957
f 2035/107/1957 2034/477/1956 2000/80/1921
f 2036/100/1958 2026/95/1948 2037/101/1959
f 2037/101/1959 2038/102/1960 2036/100/1958
f 2037/101/1959 2026/95/1948 1996/76/1917
f 1996/76/1917 1994/75/1916 2037/101/1959
f 2064/103/1961 1997/78/1919 2065/104/1962
f 1995/77/1918 2065/104/1962 1997/78/1919
f 2039/105/1963 2040/106/1964 2035/107/1957
f 2035/107/1957 2041/108/1965 2039/105/1963
f 2041/108/1965 2035/107/1957 2000/80/1921
f 2000/80/1921 1998/79/1920 2041/108/1965
f 1999/81/1922 2042/109/1966 2001/82/1923
f 2001/82/1923 2042/109/1966 2066/110/1967
f 2043/478/1968 2045/480/1969 2044/479/1970
f 2044/479/1970 2046/481/1971 2043/478/1968
f 2046/481/1971 2044/479/1970 2020/472/1941
f 2020/472/1941 2018/470/1940 2046/481/1971
f 2067/482/1972 2021/473/1943 2047/483/1973
f 2019/471/1942 2047/483/1973 2021/473/1943
f 2045/480/1969 2038/102/1960 2037/101/1959
f 2037/101/1959 2044/479/1970 2045/480/1969
f 2044/479/1970 2037/101/1959 1994/75/1916
f 1994/75/1916 2020/472/1941 2044/479/1970
f 2047/483/1973 2019/471/1942 1997/78/1919
f 1997/78/1919 2064/103/1961 2047/483/1973
f 2048/111/1974 2069/112/1975 2049/113/1976
f 2049/113/1976 2050/114/1977 2048/111/1974
f 2024/92/1945 2048/111/1974 2025/94/1947
f 2025/94/1947 2048/111/1974 2050/114/1977
f 2051/115/1978 2052/116/1979 2022/91/1944
f 2022/91/1944 2023/93/1946 2051/115/1978
f 2050/114/1977 2049/113/1976 2065/104/1962
f 2065/104/1962 1995/77/1918 2050/114/1977
f 2025/94/1947 2050/114/1977 1996/76/1917
f 1996/76/1917 2050/114/1977 1995/77/1918
f 2036/100/1958 2051/115/1978 2023/93/1946
f 2023/93/1946 2026/95/1948 2036/100/1958
f 2053/117/1980 2055/118/1981 2054/119/1982
f 2054/119/1982 2056/120/1983 2053/117/1980
f 2054/119/1982 2055/118/1981 2029/97/1950
f 2029/97/1950 2027/96/1949 2054/119/1982
f 2028/98/1951 2068/121/1984 2057/122/1985
f 2057/122/1985 2030/99/1952 2028/98/1951
f 2053/117/1980 2041/108/1965 2055/118/1981
f 2053/117/1980 2039/105/1963 2041/108/1965
f 2055/118/1981 2041/108/1965 1998/79/1920
f 1998/79/1920 2029/97/1950 2055/118/1981
f 2001/82/1923 2066/110/1967 2028/98/1951
f 2028/98/1951 2066/110/1967 2068/121/1984
f 2058/484/1986 2060/486/1987 2059/485/1988
f 2061/487/1989 2059/485/1988 2060/486/1987
f 2033/476/1954 2061/487/1989 2034/477/1956
f 2034/477/1956 2061/487/1989 2060/486/1987
f 2062/488/1990 2031/474/1953 2032/475/1955
f 2032/475/1955 2063/489/1991 2062/488/1990
f 2060/486/1987 2058/484/1986 1999/81/1922
f 1999/81/1922 2058/484/1986 2042/109/1966
f 2034/477/1956 2060/486/1987 2000/80/1921
f 2000/80/1921 2060/486/1987 1999/81/1922
f 2040/106/1964 2063/489/1991 2032/475/1955
f 2032/475/1955 2035/107/1957 2040/106/1964
f 1986/69/1908 2064/123/1961 1989/70/1911
f 2064/123/1961 2065/124/1962 1989/70/1911
f 2066/125/1967 2042/126/1966 1987/68/1910
f 1987/68/1910 1988/67/1909 2066/125/1967
f 2039/105/1963 1990/71/1912 1991/73/1914
f 1991/73/1914 2040/106/1964 2039/105/1963
f 2036/100/1958 1993/74/1915 1992/72/1913
f 1993/74/1915 2036/100/1958 2038/102/1960
f 2002/462/1924 2067/491/1972 2047/490/1973
f 2047/490/1973 2005/465/1927 2002/462/1924
f 2059/492/1988 2003/463/1926 2004/464/1925
f 2004/464/1925 2058/493/1986 2059/492/1988
f 2005/465/1927 2047/490/1973 1986/69/1908
f 2047/490/1973 2064/123/1961 1986/69/1908
f 2058/493/1986 2004/464/1925 1987/68/1910
f 1987/68/1910 2042/126/1966 2058/493/1986
f 2068/127/1984 2006/83/1928 2057/128/1985
f 2006/83/1928 2007/85/1930 2057/128/1985
f 2008/84/1929 2049/129/1976 2069/130/1975
f 2069/130/1975 2009/86/1931 2008/84/1929
f 2068/127/1984 2066/125/1967 1988/67/1909
f 1988/67/1909 2006/83/1928 2068/127/1984
f 2065/124/1962 2008/84/1929 1989/70/1911
f 2008/84/1929 2065/124/1962 2049/129/1976
f 2063/489/1991 2010/466/1932 2062/488/1990
f 2010/466/1932 2011/467/1934 2062/488/1990
f 2012/468/1933 2045/480/1969 2013/469/1935
f 2013/469/1935 2045/480/1969 2043/478/1968
f 2040/106/1964 1991/73/1914 2063/489/1991
f 1991/73/1914 2010/466/1932 2063/489/1991
f 1993/74/1915 2038/102/1960 2045/480/1969
f 2045/480/1969 2012/468/1933 1993/74/1915
f 2014/87/1936 2052/116/1979 2051/115/1978
f 2051/115/1978 2017/90/1939 2014/87/1936
f 2056/120/1983 2015/89/1938 2053/117/1980
f 2015/89/1938 2016/88/1937 2053/117/1980
f 2051/115/1978 1992/72/1913 2017/90/1939
f 2051/115/1978 2036/100/1958 1992/72/1913
f 2053/117/1980 2016/88/1937 2039/105/1963
f 2016/88/1937 1990/71/1912 2039/105/1963
f 2070/131/1377 1459/132/1376 2056/120/1983
f 2015/89/1938 2056/120/1983 1459/132/1376
f 1459/132/1376 1458/133/1375 2015/89/1938
f 1458/133/1375 2014/87/1936 2015/89/1938
f 1458/133/1375 1457/134/1374 2014/87/1936
f 1457/134/1374 2052/116/1979 2014/87/1936
f 1457/134/1374 1461/135/1387 2022/91/1944
f 2022/91/1944 2052/116/1979 1457/134/1374
f 2022/91/1944 1461/135/1387 2071/136/1386
f 2071/136/1386 2024/92/1945 2022/91/1944
f 2024/92/1945 2071/136/1386 2048/111/1974
f 2071/136/1386 2072/137/1385 2048/111/1974
f 2048/111/1974 2072/137/1385 2073/138/1384
f 2073/138/1384 2069/112/1975 2048/111/1974
f 2009/86/1931 2069/130/1975 2073/139/1384
f 2073/139/1384 2074/140/1383 2009/86/1931
f 2007/85/1930 2009/86/1931 2074/140/1383
f 2074/140/1383 2075/141/1382 2007/85/1930
f 2057/128/1985 2007/85/1930 2075/141/1382
f 2075/141/1382 1460/142/1381 2057/128/1985
f 2076/143/1380 2030/99/1952 2057/122/1985
f 2057/122/1985 1460/144/1381 2076/143/1380
f 2027/96/1949 2076/143/1380 2077/145/1379
f 2027/96/1949 2030/99/1952 2076/143/1380
f 2054/119/1982 2077/145/1379 2078/146/1378
f 2054/119/1982 2027/96/1949 2077/145/1379
f 2078/146/1378 2070/131/1377 2056/120/1983
f 2056/120/1983 2054/119/1982 2078/146/1378
f 484/494/404 2013/469/1935 2043/478/1968
f 2011/467/1934 2013/469/1935 484/494/404
f 484/494/404 2079/496/433 2011/467/1934
f 2062/488/1990 2011/467/1934 2079/496/433
f 2079/496/433 2080/497/341 2062/488/1990
f 2062/488/1990 2080/497/341 2031/474/1953
f 2080/497/341 2081/498/344 2031/474/1953
f 2033/476/1954 2031/474/1953 2081/498/344
f 2081/498/344 2082/499/343 2033/476/1954
f 2061/487/1989 2033/476/1954 2082/499/343
f 2082/499/343 2083/500/346 2061/487/1989
f 2083/500/346 2084/501/449 2059/485/1988
f 2059/485/1988 2061/487/1989 2083/500/346
f 553/502/448 2003/463/1926 2059/492/1988
f 2059/492/1988 2084/503/449 553/502/448
f 553/502/448 443/504/361 2003/463/1926
f 443/504/361 2002/462/1924 2003/463/1926
f 443/504/361 552/505/447 2002/462/1924
f 552/505/447 2067/491/1972 2002/462/1924
f 2021/473/1943 552/507/447 527/506/446
f 2021/473/1943 2067/482/1972 552/507/447
f 2018/470/1940 527/506/446 521/508/440
f 2018/470/1940 2021/473/1943 527/506/446
f 2046/481/1971 521/508/440 514/509/432
f 2046/481/1971 2018/470/1940 521/508/440
f 2043/478/1968 514/509/432 484/495/404
f 2043/478/1968 2046/481/1971 514/509/432
f 2112/281/1992 2085/282/1993 2209/283/1994
f 2085/282/1993 2086/284/1995 2209/283/1994
f 2085/282/1993 2088/285/1996 2087/286/1997
f 2087/286/1997 2086/284/1995 2085/282/1993
f 2088/285/1996 2089/287/1998 2087/286/1997
f 2089/287/1998 2090/288/1999 2087/286/1997
f 2091/289/2000 2093/290/2001 2092/291/2002
f 2091/289/2000 2094/292/2003 2093/290/2001
f 2092/291/2002 2096/293/2004 2095/294/2005
f 2092/291/2002 2093/290/2001 2096/293/2004
f 2095/294/2005 2098/295/2006 2097/296/2007
f 2095/294/2005 2096/293/2004 2098/295/2006
f 2089/297/1998 2099/298/2008 2090/299/1999
f 2100/300/2009 2090/299/1999 2099/298/2008
f 2099/298/2008 2101/301/2010 2100/300/2009
f 2102/302/2011 2100/300/2009 2101/301/2010
f 2101/301/2010 2103/303/2012 2102/302/2011
f 2104/304/2013 2102/302/2011 2103/303/2012
f 2103/303/2012 2094/292/2003 2104/304/2013
f 2091/289/2000 2104/304/2013 2094/292/2003
f 2098/295/2006 2105/305/2014 2097/296/2007
f 2098/295/2006 2106/306/2015 2105/305/2014
f 2106/306/2015 2107/307/2016 2105/305/2014
f 2106/306/2015 2108/309/2017 2107/307/2016
f 2108/309/2017 2109/310/2018 2107/307/2016
f 2108/309/2017 2110/311/2019 2109/310/2018
f 2111/312/2020 2112/313/1992 2110/311/2019
f 2111/312/2020 2113/314/2021 2112/313/1992
f 2114/315/2022 2116/316/2023 2115/317/2024
f 2115/317/2024 2210/318/2025 2114/315/2022
f 2210/318/2025 2115/317/2024 2117/319/2026
f 2117/319/2026 2118/320/2027 2210/318/2025
f 2118/320/2027 2117/319/2026 2119/321/2028
f 2119/321/2028 2113/322/2021 2118/320/2027
f 2113/322/2021 2119/321/2028 2112/281/1992
f 2119/321/2028 2085/282/1993 2112/281/1992
f 2120/323/2029 2122/324/2030 2121/325/2031
f 2120/323/2029 2123/326/2032 2122/324/2030
f 2124/327/2033 2125/328/2034 2121/325/2031
f 2121/325/2031 2125/328/2034 2120/323/2029
f 2209/283/1994 2086/284/1995 2124/327/2033
f 2124/327/2033 2086/284/1995 2125/328/2034
f 2116/316/2023 2127/329/2035 2126/330/2036
f 2126/330/2036 2115/317/2024 2116/316/2023
f 2115/317/2024 2126/330/2036 2128/331/2037
f 2128/331/2037 2117/319/2026 2115/317/2024
f 2117/319/2026 2128/331/2037 2129/332/2038
f 2129/332/2038 2119/321/2028 2117/319/2026
f 2119/321/2028 2129/332/2038 2088/285/1996
f 2088/285/1996 2085/282/1993 2119/321/2028
f 2130/333/2039 2123/326/2032 2120/323/2029
f 2130/333/2039 2131/334/2040 2123/326/2032
f 2125/328/2034 2132/335/2041 2120/323/2029
f 2120/323/2029 2132/335/2041 2130/333/2039
f 2086/284/1995 2087/286/1997 2125/328/2034
f 2125/328/2034 2087/286/1997 2132/335/2041
f 2127/329/2035 2133/336/2042 2164/337/2043
f 2164/337/2043 2126/330/2036 2127/329/2035
f 2126/330/2036 2164/337/2043 2134/338/2044
f 2134/338/2044 2128/331/2037 2126/330/2036
f 2128/331/2037 2134/338/2044 2168/339/2045
f 2168/339/2045 2129/332/2038 2128/331/2037
f 2129/332/2038 2168/339/2045 2088/285/1996
f 2089/287/1998 2088/285/1996 2168/339/2045
f 2173/340/2046 2131/334/2040 2130/333/2039
f 2173/340/2046 2171/341/2047 2131/334/2040
f 2132/335/2041 2135/342/2048 2130/333/2039
f 2130/333/2039 2135/342/2048 2173/340/2046
f 2087/286/1997 2090/288/1999 2132/335/2041
f 2132/335/2041 2090/288/1999 2135/342/2048
f 2136/343/2049 2138/344/2050 2137/345/2051
f 2137/345/2051 2139/346/2052 2136/343/2049
f 2140/347/2053 2141/348/2054 2136/343/2049
f 2136/343/2049 2141/348/2054 2138/344/2050
f 2142/349/2055 2143/350/2056 2140/347/2053
f 2140/347/2053 2143/350/2056 2141/348/2054
f 2094/292/2003 2142/349/2055 2093/290/2001
f 2094/292/2003 2143/350/2056 2142/349/2055
f 2144/351/2057 2146/352/2058 2145/353/2059
f 2145/353/2059 2147/354/2060 2144/351/2057
f 2144/351/2057 2147/354/2060 2148/355/2061
f 2148/355/2061 2149/356/2062 2144/351/2057
f 2149/356/2062 2148/355/2061 2091/289/2000
f 2091/289/2000 2092/291/2002 2149/356/2062
f 2136/343/2049 2151/357/2063 2150/358/2064
f 2136/343/2049 2139/346/2052 2151/357/2063
f 2152/359/2065 2140/347/2053 2150/358/2064
f 2150/358/2064 2140/347/2053 2136/343/2049
f 2153/360/2066 2142/349/2055 2152/359/2065
f 2152/359/2065 2142/349/2055 2140/347/2053
f 2093/290/2001 2153/360/2066 2096/293/2004
f 2093/290/2001 2142/349/2055 2153/360/2066
f 2154/361/2067 2146/352/2058 2144/351/2057
f 2144/351/2057 2155/362/2068 2154/361/2067
f 2155/362/2068 2144/351/2057 2149/356/2062
f 2149/356/2062 2156/363/2069 2155/362/2068
f 2156/363/2069 2149/356/2062 2092/291/2002
f 2092/291/2002 2095/294/2005 2156/363/2069
f 2150/358/2064 2158/364/2070 2157/365/2071
f 2150/358/2064 2151/357/2063 2158/364/2070
f 2159/366/2072 2152/359/2065 2157/365/2071
f 2157/365/2071 2152/359/2065 2150/358/2064
f 2160/367/2073 2153/360/2066 2159/366/2072
f 2159/366/2072 2153/360/2066 2152/359/2065
f 2096/293/2004 2160/367/2073 2098/295/2006
f 2096/293/2004 2153/360/2066 2160/367/2073
f 2161/368/2074 2154/361/2067 2155/362/2068
f 2155/362/2068 2162/369/2075 2161/368/2074
f 2162/369/2075 2155/362/2068 2156/363/2069
f 2156/363/2069 2163/370/2076 2162/369/2075
f 2163/370/2076 2156/363/2069 2095/294/2005
f 2095/294/2005 2097/296/2007 2163/370/2076
f 2133/371/2042 2165/372/2077 2164/373/2043
f 2166/374/2078 2164/373/2043 2165/372/2077
f 2164/373/2043 2166/374/2078 2134/375/2044
f 2167/376/2079 2134/375/2044 2166/374/2078
f 2134/375/2044 2167/376/2079 2168/377/2045
f 2169/378/2080 2168/377/2045 2167/376/2079
f 2168/377/2045 2169/378/2080 2089/297/1998
f 2099/298/2008 2089/297/1998 2169/378/2080
f 2170/379/2081 2172/380/2082 2171/381/2047
f 2171/381/2047 2173/382/2046 2170/379/2081
f 2174/383/2083 2170/379/2081 2173/382/2046
f 2173/382/2046 2135/384/2048 2174/383/2083
f 2100/300/2009 2174/383/2083 2135/384/2048
f 2135/384/2048 2090/299/1999 2100/300/2009
f 2165/372/2077 2175/385/2084 2166/374/2078
f 2176/386/2085 2166/374/2078 2175/385/2084
f 2166/374/2078 2176/386/2085 2167/376/2079
f 2177/387/2086 2167/376/2079 2176/386/2085
f 2167/376/2079 2177/387/2086 2169/378/2080
f 2178/388/2087 2169/378/2080 2177/387/2086
f 2169/378/2080 2178/388/2087 2099/298/2008
f 2101/301/2010 2099/298/2008 2178/388/2087
f 2179/389/2088 2180/390/2089 2172/380/2082
f 2172/380/2082 2170/379/2081 2179/389/2088
f 2179/389/2088 2174/383/2083 2181/391/2090
f 2179/389/2088 2170/379/2081 2174/383/2083
f 2102/302/2011 2181/391/2090 2174/383/2083
f 2174/383/2083 2100/300/2009 2102/302/2011
f 2175/385/2084 2182/392/2091 2176/386/2085
f 2183/393/2092 2176/386/2085 2182/392/2091
f 2176/386/2085 2183/393/2092 2177/387/2086
f 2184/394/2093 2177/387/2086 2183/393/2092
f 2177/387/2086 2184/394/2093 2178/388/2087
f 2185/395/2094 2178/388/2087 2184/394/2093
f 2178/388/2087 2185/395/2094 2101/301/2010
f 2103/303/2012 2101/301/2010 2185/395/2094
f 2186/396/2095 2187/397/2096 2180/390/2089
f 2180/390/2089 2179/389/2088 2186/396/2095
f 2186/396/2095 2181/391/2090 2188/398/2097
f 2186/396/2095 2179/389/2088 2181/391/2090
f 2188/398/2097 2181/391/2090 2102/302/2011
f 2102/302/2011 2104/304/2013 2188/398/2097
f 2182/392/2091 2137/345/2051 2183/393/2092
f 2138/344/2050 2183/393/2092 2137/345/2051
f 2183/393/2092 2138/344/2050 2184/394/2093
f 2141/348/2054 2184/394/2093 2138/344/2050
f 2184/394/2093 2141/348/2054 2185/395/2094
f 2143/350/2056 2185/395/2094 2141/348/2054
f 2185/395/2094 2143/350/2056 2103/303/2012
f 2094/292/2003 2103/303/2012 2143/350/2056
f 2147/354/2060 2145/353/2059 2187/397/2096
f 2187/397/2096 2186/396/2095 2147/354/2060
f 2147/354/2060 2188/398/2097 2148/355/2061
f 2147/354/2060 2186/396/2095 2188/398/2097
f 2148/355/2061 2188/398/2097 2104/304/2013
f 2104/304/2013 2091/289/2000 2148/355/2061
f 2158/364/2070 2189/399/2098 2157/365/2071
f 2158/364/2070 2190/400/2099 2189/399/2098
f 2157/365/2071 2189/399/2098 2191/401/2100
f 2157/365/2071 2191/401/2100 2159/366/2072
f 2159/366/2072 2191/401/2100 2192/402/2101
f 2159/366/2072 2192/402/2101 2160/367/2073
f 2160/367/2073 2106/306/2015 2098/295/2006
f 2160/367/2073 2192/402/2101 2106/306/2015
f 2162/369/2075 2193/403/2102 2161/368/2074
f 2162/369/2075 2194/404/2103 2193/403/2102
f 2162/369/2075 2163/370/2076 2195/405/2104
f 2195/405/2104 2194/404/2103 2162/369/2075
f 2163/370/2076 2097/296/2007 2105/305/2014
f 2105/305/2014 2195/405/2104 2163/370/2076
f 2190/400/2099 2196/407/2105 2189/399/2098
f 2190/400/2099 2197/408/2106 2196/407/2105
f 2189/399/2098 2196/407/2105 2198/409/2107
f 2189/399/2098 2198/409/2107 2191/401/2100
f 2191/401/2100 2199/410/2108 2192/402/2101
f 2191/401/2100 2198/409/2107 2199/410/2108
f 2192/402/2101 2108/309/2017 2106/306/2015
f 2192/402/2101 2199/410/2108 2108/309/2017
f 2194/404/2103 2200/411/2109 2193/403/2102
f 2194/404/2103 2201/412/2110 2200/411/2109
f 2194/404/2103 2195/405/2104 2202/413/2111
f 2202/413/2111 2201/412/2110 2194/404/2103
f 2195/405/2104 2105/305/2014 2107/307/2016
f 2107/307/2016 2202/413/2111 2195/405/2104
f 2197/408/2106 2203/414/2112 2196/407/2105
f 2197/408/2106 2204/415/2113 2203/414/2112
f 2196/407/2105 2205/416/2114 2198/409/2107
f 2196/407/2105 2203/414/2112 2205/416/2114
f 2198/409/2107 2111/312/2020 2199/410/2108
f 2198/409/2107 2205/416/2114 2111/312/2020
f 2199/410/2108 2110/311/2019 2108/309/2017
f 2199/410/2108 2111/312/2020 2110/311/2019
f 2201/412/2110 2206/417/2115 2200/411/2109
f 2201/412/2110 2207/418/2116 2206/417/2115
f 2201/412/2110 2202/413/2111 2208/419/2117
f 2208/419/2117 2207/418/2116 2201/412/2110
f 2202/413/2111 2107/307/2016 2109/310/2018
f 2109/310/2018 2208/419/2117 2202/413/2111
f 2207/418/2116 2122/420/2030 2206/417/2115
f 2207/418/2116 2121/421/2031 2122/420/2030
f 2121/421/2031 2207/418/2116 2208/419/2117
f 2208/419/2117 2124/425/2033 2121/421/2031
f 2208/419/2117 2109/310/2018 2124/425/2033
f 2109/310/2018 2209/424/1994 2124/425/2033
f 2110/311/2019 2209/424/1994 2109/310/2018
f 2110/311/2019 2112/313/1992 2209/424/1994
f 2204/415/2113 2210/426/2025 2203/414/2112
f 2204/415/2113 2114/427/2022 2210/426/2025
f 2203/414/2112 2118/428/2027 2205/416/2114
f 2203/414/2112 2210/426/2025 2118/428/2027
f 2205/416/2114 2113/314/2021 2111/312/2020
f 2205/416/2114 2118/428/2027 2113/314/2021
f 2211/429/2118 2154/361/2067 2212/430/2119
f 2212/430/2119 2154/361/2067 2161/368/2074
f 2213/431/2120 2146/352/2058 2154/361/2067
f 2154/361/2067 2211/429/2118 2213/431/2120
f 2213/431/2120 2214/432/2121 2145/353/2059
f 2145/353/2059 2146/352/2058 2213/431/2120
f 2145/353/2059 2214/432/2121 2215/433/2122
f 2215/433/2122 2187/397/2096 2145/353/2059
f 2187/397/2096 2215/433/2122 2216/434/2123
f 2216/434/2123 2180/390/2089 2187/397/2096
f 2180/390/2089 2216/434/2123 2217/435/2124
f 2217/435/2124 2172/380/2082 2180/390/2089
f 2172/380/2082 2217/435/2124 2218/436/2125
f 2218/436/2125 2171/381/2047 2172/380/2082
f 2131/334/2040 2171/341/2047 2218/437/2125
f 2218/437/2125 2219/438/2126 2131/334/2040
f 2123/326/2032 2131/334/2040 2219/438/2126
f 2219/438/2126 2220/439/2127 2123/326/2032
f 2123/326/2032 2221/440/2128 2122/324/2030
f 2123/326/2032 2220/439/2127 2221/440/2128
f 2206/417/2115 2221/441/2128 2222/442/2129
f 2206/417/2115 2122/420/2030 2221/441/2128
f 2200/411/2109 2222/442/2129 2223/443/2130
f 2200/411/2109 2206/417/2115 2222/442/2129
f 2193/403/2102 2223/443/2130 2224/444/2131
f 2193/403/2102 2200/411/2109 2223/443/2130
f 2161/368/2074 2224/444/2131 2212/430/2119
f 2161/368/2074 2193/403/2102 2224/444/2131
f 2137/345/2051 2225/445/1812 2139/346/2052
f 2225/445/1812 2137/345/2051 2226/446/1813
f 2151/357/2063 2139/346/2052 2225/445/1812
f 2225/445/1812 1876/447/1811 2151/357/2063
f 2151/357/2063 1876/447/1811 2227/448/1810
f 2227/448/1810 2158/364/2070 2151/357/2063
f 2227/448/1810 2190/400/2099 2158/364/2070
f 2227/448/1810 2228/449/1823 2190/400/2099
f 2228/449/1823 2197/408/2106 2190/400/2099
f 2228/449/1823 2229/450/1822 2197/408/2106
f 2229/450/1822 2204/415/2113 2197/408/2106
f 2229/450/1822 1879/451/1821 2204/415/2113
f 1879/451/1821 2114/427/2022 2204/415/2113
f 1879/451/1821 2231/452/1820 2114/427/2022
f 2230/453/1819 2116/316/2023 2231/454/1820
f 2231/454/1820 2116/316/2023 2114/315/2022
f 1878/455/1818 2127/329/2035 2116/316/2023
f 2116/316/2023 2230/453/1819 1878/455/1818
f 1878/455/1818 2232/456/1817 2127/329/2035
f 2232/456/1817 2133/336/2042 2127/329/2035
f 2232/457/1817 2233/458/1816 2133/371/2042
f 2165/372/2077 2133/371/2042 2233/458/1816
f 2233/458/1816 1877/459/1815 2165/372/2077
f 2175/385/2084 2165/372/2077 1877/459/1815
f 1877/459/1815 2234/460/1814 2175/385/2084
f 2182/392/2091 2175/385/2084 2234/460/1814
f 2234/460/1814 2226/446/1813 2182/392/2091
f 2137/345/2051 2182/392/2091 2226/446/1813
f 2262/281/2132 2235/282/2133 2359/283/2134
f 2235/282/2133 2236/284/2135 2359/283/2134
f 2235/282/2133 2238/285/2136 2237/286/2137
f 2237/286/2137 2236/284/2135 2235/282/2133
f 2238/285/2136 2239/287/2138 2237/286/2137
f 2239/287/2138 2240/288/2139 2237/286/2137
f 2241/289/2140 2243/290/2141 2242/291/2142
f 2241/289/2140 2244/292/2143 2243/290/2141
f 2242/291/2142 2246/293/2144 2245/294/2145
f 2242/291/2142 2243/290/2141 2246/293/2144
f 2245/294/2145 2248/295/2146 2247/296/2147
f 2245/294/2145 2246/293/2144 2248/295/2146
f 2239/297/2138 2249/298/2148 2240/299/2139
f 2250/300/2149 2240/299/2139 2249/298/2148
f 2249/298/2148 2251/301/2150 2250/300/2149
f 2252/302/2151 2250/300/2149 2251/301/2150
f 2251/301/2150 2253/303/2152 2252/302/2151
f 2254/304/2153 2252/302/2151 2253/303/2152
f 2253/303/2152 2244/292/2143 2254/304/2153
f 2241/289/2140 2254/304/2153 2244/292/2143
f 2248/295/2146 2255/305/2154 2247/296/2147
f 2248/295/2146 2256/306/2155 2255/305/2154
f 2256/306/2155 2257/307/2156 2255/305/2154
f 2256/306/2155 2258/309/2157 2257/307/2156
f 2258/309/2157 2259/310/2158 2257/307/2156
f 2258/309/2157 2260/311/2159 2259/310/2158
f 2261/312/2160 2262/313/2132 2260/311/2159
f 2261/312/2160 2263/314/2161 2262/313/2132
f 2264/315/2162 2266/316/2163 2265/317/2164
f 2265/317/2164 2360/318/2165 2264/315/2162
f 2360/318/2165 2265/317/2164 2267/319/2166
f 2267/319/2166 2268/320/2167 2360/318/2165
f 2268/320/2167 2267/319/2166 2269/321/2168
f 2269/321/2168 2263/322/2161 2268/320/2167
f 2263/322/2161 2269/321/2168 2262/281/2132
f 2269/321/2168 2235/282/2133 2262/281/2132
f 2270/323/2169 2272/324/2170 2271/325/2171
f 2270/323/2169 2273/326/2172 2272/324/2170
f 2274/327/2173 2275/328/2174 2271/325/2171
f 2271/325/2171 2275/328/2174 2270/323/2169
f 2359/283/2134 2236/284/2135 2274/327/2173
f 2274/327/2173 2236/284/2135 2275/328/2174
f 2266/316/2163 2277/329/2175 2276/330/2176
f 2276/330/2176 2265/317/2164 2266/316/2163
f 2265/317/2164 2276/330/2176 2278/331/2177
f 2278/331/2177 2267/319/2166 2265/317/2164
f 2267/319/2166 2278/331/2177 2279/332/2178
f 2279/332/2178 2269/321/2168 2267/319/2166
f 2269/321/2168 2279/332/2178 2238/285/2136
f 2238/285/2136 2235/282/2133 2269/321/2168
f 2280/333/2179 2273/326/2172 2270/323/2169
f 2280/333/2179 2281/334/2180 2273/326/2172
f 2275/328/2174 2282/335/2181 2270/323/2169
f 2270/323/2169 2282/335/2181 2280/333/2179
f 2236/284/2135 2237/286/2137 2275/328/2174
f 2275/328/2174 2237/286/2137 2282/335/2181
f 2277/329/2175 2283/336/2182 2314/337/2183
f 2314/337/2183 2276/330/2176 2277/329/2175
f 2276/330/2176 2314/337/2183 2284/338/2184
f 2284/338/2184 2278/331/2177 2276/330/2176
f 2278/331/2177 2284/338/2184 2318/339/2185
f 2318/339/2185 2279/332/2178 2278/331/2177
f 2279/332/2178 2318/339/2185 2238/285/2136
f 2239/287/2138 2238/285/2136 2318/339/2185
f 2323/340/2186 2281/334/2180 2280/333/2179
f 2323/340/2186 2321/341/2187 2281/334/2180
f 2282/335/2181 2285/342/2188 2280/333/2179
f 2280/333/2179 2285/342/2188 2323/340/2186
f 2237/286/2137 2240/288/2139 2282/335/2181
f 2282/335/2181 2240/288/2139 2285/342/2188
f 2286/343/2189 2288/344/2190 2287/345/2191
f 2287/345/2191 2289/346/2192 2286/343/2189
f 2290/347/2193 2291/348/2194 2286/343/2189
f 2286/343/2189 2291/348/2194 2288/344/2190
f 2292/349/2195 2293/350/2196 2290/347/2193
f 2290/347/2193 2293/350/2196 2291/348/2194
f 2244/292/2143 2292/349/2195 2243/290/2141
f 2244/292/2143 2293/350/2196 2292/349/2195
f 2294/351/2197 2296/352/2198 2295/353/2199
f 2295/353/2199 2297/354/2200 2294/351/2197
f 2294/351/2197 2297/354/2200 2298/355/2201
f 2298/355/2201 2299/356/2202 2294/351/2197
f 2299/356/2202 2298/355/2201 2241/289/2140
f 2241/289/2140 2242/291/2142 2299/356/2202
f 2286/343/2189 2301/357/2203 2300/358/2204
f 2286/343/2189 2289/346/2192 2301/357/2203
f 2302/359/2205 2290/347/2193 2300/358/2204
f 2300/358/2204 2290/347/2193 2286/343/2189
f 2303/360/2206 2292/349/2195 2302/359/2205
f 2302/359/2205 2292/349/2195 2290/347/2193
f 2243/290/2141 2303/360/2206 2246/293/2144
f 2243/290/2141 2292/349/2195 2303/360/2206
f 2304/361/2207 2296/352/2198 2294/351/2197
f 2294/351/2197 2305/362/2208 2304/361/2207
f 2305/362/2208 2294/351/2197 2299/356/2202
f 2299/356/2202 2306/363/2209 2305/362/2208
f 2306/363/2209 2299/356/2202 2242/291/2142
f 2242/291/2142 2245/294/2145 2306/363/2209
f 2300/358/2204 2308/364/2210 2307/365/2211
f 2300/358/2204 2301/357/2203 2308/364/2210
f 2309/366/2212 2302/359/2205 2307/365/2211
f 2307/365/2211 2302/359/2205 2300/358/2204
f 2310/367/2213 2303/360/2206 2309/366/2212
f 2309/366/2212 2303/360/2206 2302/359/2205
f 2246/293/2144 2310/367/2213 2248/295/2146
f 2246/293/2144 2303/360/2206 2310/367/2213
f 2311/368/2214 2304/361/2207 2305/362/2208
f 2305/362/2208 2312/369/2215 2311/368/2214
f 2312/369/2215 2305/362/2208 2306/363/2209
f 2306/363/2209 2313/370/2216 2312/369/2215
f 2313/370/2216 2306/363/2209 2245/294/2145
f 2245/294/2145 2247/296/2147 2313/370/2216
f 2283/371/2182 2315/372/2217 2314/373/2183
f 2316/374/2218 2314/373/2183 2315/372/2217
f 2314/373/2183 2316/374/2218 2284/375/2184
f 2317/376/2219 2284/375/2184 2316/374/2218
f 2284/375/2184 2317/376/2219 2318/377/2185
f 2319/378/2220 2318/377/2185 2317/376/2219
f 2318/377/2185 2319/378/2220 2239/297/2138
f 2249/298/2148 2239/297/2138 2319/378/2220
f 2320/379/2221 2322/380/2222 2321/381/2187
f 2321/381/2187 2323/382/2186 2320/379/2221
f 2324/383/2223 2320/379/2221 2323/382/2186
f 2323/382/2186 2285/384/2188 2324/383/2223
f 2250/300/2149 2324/383/2223 2285/384/2188
f 2285/384/2188 2240/299/2139 2250/300/2149
f 2315/372/2217 2325/385/2224 2316/374/2218
f 2326/386/2225 2316/374/2218 2325/385/2224
f 2316/374/2218 2326/386/2225 2317/376/2219
f 2327/387/2226 2317/376/2219 2326/386/2225
f 2317/376/2219 2327/387/2226 2319/378/2220
f 2328/388/2227 2319/378/2220 2327/387/2226
f 2319/378/2220 2328/388/2227 2249/298/2148
f 2251/301/2150 2249/298/2148 2328/388/2227
f 2329/389/2228 2330/390/2229 2322/380/2222
f 2322/380/2222 2320/379/2221 2329/389/2228
f 2329/389/2228 2324/383/2223 2331/391/2230
f 2329/389/2228 2320/379/2221 2324/383/2223
f 2252/302/2151 2331/391/2230 2324/383/2223
f 2324/383/2223 2250/300/2149 2252/302/2151
f 2325/385/2224 2332/392/2231 2326/386/2225
f 2333/393/2232 2326/386/2225 2332/392/2231
f 2326/386/2225 2333/393/2232 2327/387/2226
f 2334/394/2233 2327/387/2226 2333/393/2232
f 2327/387/2226 2334/394/2233 2328/388/2227
f 2335/395/2234 2328/388/2227 2334/394/2233
f 2328/388/2227 2335/395/2234 2251/301/2150
f 2253/303/2152 2251/301/2150 2335/395/2234
f 2336/396/2235 2337/397/2236 2330/390/2229
f 2330/390/2229 2329/389/2228 2336/396/2235
f 2336/396/2235 2331/391/2230 2338/398/2237
f 2336/396/2235 2329/389/2228 2331/391/2230
f 2338/398/2237 2331/391/2230 2252/302/2151
f 2252/302/2151 2254/304/2153 2338/398/2237
f 2332/392/2231 2287/345/2191 2333/393/2232
f 2288/344/2190 2333/393/2232 2287/345/2191
f 2333/393/2232 2288/344/2190 2334/394/2233
f 2291/348/2194 2334/394/2233 2288/344/2190
f 2334/394/2233 2291/348/2194 2335/395/2234
f 2293/350/2196 2335/395/2234 2291/348/2194
f 2335/395/2234 2293/350/2196 2253/303/2152
f 2244/292/2143 2253/303/2152 2293/350/2196
f 2297/354/2200 2295/353/2199 2337/397/2236
f 2337/397/2236 2336/396/2235 2297/354/2200
f 2297/354/2200 2338/398/2237 2298/355/2201
f 2297/354/2200 2336/396/2235 2338/398/2237
f 2298/355/2201 2338/398/2237 2254/304/2153
f 2254/304/2153 2241/289/2140 2298/355/2201
f 2308/364/2210 2339/399/2238 2307/365/2211
f 2308/364/2210 2340/400/2239 2339/399/2238
f 2307/365/2211 2339/399/2238 2341/401/2240
f 2307/365/2211 2341/401/2240 2309/366/2212
f 2309/366/2212 2341/401/2240 2342/402/2241
f 2309/366/2212 2342/402/2241 2310/367/2213
f 2310/367/2213 2256/306/2155 2248/295/2146
f 2310/367/2213 2342/402/2241 2256/306/2155
f 2312/369/2215 2343/403/2242 2311/368/2214
f 2312/369/2215 2344/404/2243 2343/403/2242
f 2312/369/2215 2313/370/2216 2345/405/2244
f 2345/405/2244 2344/404/2243 2312/369/2215
f 2313/370/2216 2247/296/2147 2255/305/2154
f 2255/305/2154 2345/405/2244 2313/370/2216
f 2340/400/2239 2346/407/2245 2339/399/2238
f 2340/400/2239 2347/408/2246 2346/407/2245
f 2339/399/2238 2346/407/2245 2348/409/2247
f 2339/399/2238 2348/409/2247 2341/401/2240
f 2341/401/2240 2349/410/2248 2342/402/2241
f 2341/401/2240 2348/409/2247 2349/410/2248
f 2342/402/2241 2258/309/2157 2256/306/2155
f 2342/402/2241 2349/410/2248 2258/309/2157
f 2344/404/2243 2350/411/2249 2343/403/2242
f 2344/404/2243 2351/412/2250 2350/411/2249
f 2344/404/2243 2345/405/2244 2352/413/2251
f 2352/413/2251 2351/412/2250 2344/404/2243
f 2345/405/2244 2255/305/2154 2257/307/2156
f 2257/307/2156 2352/413/2251 2345/405/2244
f 2347/408/2246 2353/414/2252 2346/407/2245
f 2347/408/2246 2354/415/2253 2353/414/2252
f 2346/407/2245 2355/416/2254 2348/409/2247
f 2346/407/2245 2353/414/2252 2355/416/2254
f 2348/409/2247 2261/312/2160 2349/410/2248
f 2348/409/2247 2355/416/2254 2261/312/2160
f 2349/410/2248 2260/311/2159 2258/309/2157
f 2349/410/2248 2261/312/2160 2260/311/2159
f 2351/412/2250 2356/417/2255 2350/411/2249
f 2351/412/2250 2357/418/2256 2356/417/2255
f 2351/412/2250 2352/413/2251 2358/419/2257
f 2358/419/2257 2357/418/2256 2351/412/2250
f 2352/413/2251 2257/307/2156 2259/310/2158
f 2259/310/2158 2358/419/2257 2352/413/2251
f 2357/418/2256 2272/420/2170 2356/417/2255
f 2357/418/2256 2271/421/2171 2272/420/2170
f 2271/421/2171 2357/418/2256 2358/419/2257
f 2358/419/2257 2274/425/2173 2271/421/2171
f 2358/419/2257 2259/310/2158 2274/425/2173
f 2259/310/2158 2359/424/2134 2274/425/2173
f 2260/311/2159 2359/424/2134 2259/310/2158
f 2260/311/2159 2262/313/2132 2359/424/2134
f 2354/415/2253 2360/426/2165 2353/414/2252
f 2354/415/2253 2264/427/2162 2360/426/2165
f 2353/414/2252 2268/428/2167 2355/416/2254
f 2353/414/2252 2360/426/2165 2268/428/2167
f 2355/416/2254 2263/314/2161 2261/312/2160
f 2355/416/2254 2268/428/2167 2263/314/2161
f 1549/429/1488 2304/361/2207 1550/430/1489
f 1550/430/1489 2304/361/2207 2311/368/2214
f 1548/431/1487 2296/352/2198 2304/361/2207
f 2304/361/2207 1549/429/1488 1548/431/1487
f 1548/431/1487 1547/432/1486 2295/353/2199
f 2295/353/2199 2296/352/2198 1548/431/1487
f 2295/353/2199 1547/432/1486 1558/433/1499
f 1558/433/1499 2337/397/2236 2295/353/2199
f 2337/397/2236 1558/433/1499 1557/434/1498
f 1557/434/1498 2330/390/2229 2337/397/2236
f 2330/390/2229 1557/434/1498 1556/435/1497
f 1556/435/1497 2322/380/2222 2330/390/2229
f 2322/380/2222 1556/435/1497 1555/436/1496
f 1555/436/1496 2321/381/2187 2322/380/2222
f 2281/334/2180 2321/341/2187 1555/437/1496
f 1555/437/1496 1554/438/1495 2281/334/2180
f 2273/326/2172 2281/334/2180 1554/438/1495
f 1554/438/1495 2361/439/1494 2273/326/2172
f 2273/326/2172 2362/440/1493 2272/324/2170
f 2273/326/2172 2361/439/1494 2362/440/1493
f 2356/417/2255 2362/441/1493 1553/442/1492
f 2356/417/2255 2272/420/2170 2362/441/1493
f 2350/411/2249 1553/442/1492 1552/443/1491
f 2350/411/2249 2356/417/2255 1553/442/1492
f 2343/403/2242 1552/443/1491 1551/444/1490
f 2343/403/2242 2350/411/2249 1552/443/1491
f 2311/368/2214 1551/444/1490 1550/430/1489
f 2311/368/2214 2343/403/2242 1551/444/1490
f 2287/345/2191 2213/445/2120 2289/346/2192
f 2213/445/2120 2287/345/2191 2214/446/2121
f 2301/357/2203 2289/346/2192 2213/445/2120
f 2213/445/2120 2211/447/2118 2301/357/2203
f 2301/357/2203 2211/447/2118 2212/448/2119
f 2212/448/2119 2308/364/2210 2301/357/2203
f 2212/448/2119 2340/400/2239 2308/364/2210
f 2212/448/2119 2224/449/2131 2340/400/2239
f 2224/449/2131 2347/408/2246 2340/400/2239
f 2224/449/2131 2223/450/2130 2347/408/2246
f 2223/450/2130 2354/415/2253 2347/408/2246
f 2223/450/2130 2222/451/2129 2354/415/2253
f 2222/451/2129 2264/427/2162 2354/415/2253
f 2222/451/2129 2221/452/2128 2264/427/2162
f 2220/453/2127 2266/316/2163 2221/454/2128
f 2221/454/2128 2266/316/2163 2264/315/2162
f 2219/455/2126 2277/329/2175 2266/316/2163
f 2266/316/2163 2220/453/2127 2219/455/2126
f 2219/455/2126 2218/456/2125 2277/329/2175
f 2218/456/2125 2283/336/2182 2277/329/2175
f 2218/457/2125 2217/458/2124 2283/371/2182
f 2315/372/2217 2283/371/2182 2217/458/2124
f 2217/458/2124 2216/459/2123 2315/372/2217
f 2325/385/2224 2315/372/2217 2216/459/2123
f 2216/459/2123 2215/460/2122 2325/385/2224
f 2332/392/2231 2325/385/2224 2215/460/2122
f 2215/460/2122 2214/446/2121 2332/392/2231
f 2287/345/2191 2332/392/2231 2214/446/2121
f 241/184/236 206/276/226 293/247/225
f 258/202/247 307/278/222 294/607/221
f 1611/476/1560 404/510/1603 1664/499/1604
