# Blender 4.4.3
# www.blender.org
mtllib multipledynamite.mtl
g MultipleDynamites_LOD_0_Mesh
v -0.577070 0.005186 -0.652296
v -0.590232 1.005877 -0.576517
v -0.543509 0.005186 -0.641467
v -0.573786 1.005885 -0.568694
v -0.516642 0.005186 -0.618619
v -0.500564 0.005186 -0.587227
v -0.497724 0.005186 -0.552072
v -0.508553 0.005186 -0.518509
v -0.579464 1.005879 -0.550721
v -0.531403 0.005186 -0.491643
v -0.571968 0.005186 -0.472754
v -0.591778 1.005878 -0.549279
v -0.615265 0.005186 -0.476489
v -0.646070 0.005186 -0.493657
v -0.600407 1.005880 -0.556673
v -0.672510 0.005186 -0.529758
v -0.677294 0.005186 -0.572949
v -0.600146 1.005879 -0.568517
v -0.661966 0.005186 -0.614991
v -0.620261 0.005186 -0.647512
v -0.589775 1.005878 -0.653576
v -0.538800 1.005878 -0.639487
v -0.508553 1.005878 -0.606514
v -0.497724 1.005878 -0.572949
v -0.500564 1.005878 -0.537796
v -0.516641 1.005878 -0.506405
v -0.550565 1.005878 -0.479247
v -0.594785 1.005878 -0.472415
v -0.628711 1.005878 -0.482059
v -0.661966 1.005878 -0.510033
v -0.677294 1.005878 -0.552073
v -0.672510 1.005878 -0.595265
v -0.639988 1.005878 -0.636968
v -0.567937 1.191790 -0.588494
v -0.561766 1.197350 -0.583507
v -0.563962 1.204398 -0.578443
v -0.575958 1.207437 -0.577344
v -0.583208 1.200117 -0.583703
v -0.576623 1.192051 -0.589174
v -0.599934 1.041283 -0.563966
v -0.574368 1.046472 -0.574720
v -0.576272 1.043957 -0.563931
v -0.600850 1.047547 -0.576697
v -0.586949 1.041983 -0.558462
v -0.580805 1.050325 -0.583235
v -0.592825 1.051074 -0.584432
v -0.590829 1.153570 -0.570726
v -0.564901 1.154972 -0.567103
v -0.573978 1.153211 -0.560286
v -0.584183 1.153420 -0.561729
v -0.304236 0.005186 -0.026083
v -0.379008 1.005878 -0.008061
v -0.301604 0.005186 0.018586
v -0.379655 1.005886 0.010138
v -0.321011 0.005186 0.057467
v -0.356688 0.005186 0.084472
v -0.409364 0.005186 0.089178
v -0.398403 1.005880 0.012068
v -0.455779 0.005186 0.063822
v -0.477325 0.005186 0.026084
v -0.404619 1.005879 0.001340
v -0.479957 0.005186 -0.018585
v -0.401261 1.005881 -0.009518
v -0.460550 0.005186 -0.057468
v -0.426866 0.005186 -0.083373
v -0.390288 1.005880 -0.013983
v -0.374371 0.005186 -0.089886
v -0.325783 0.005186 -0.063822
v -0.299763 1.005879 -0.003705
v -0.312529 1.005879 -0.045243
v -0.309689 1.005879 0.039929
v -0.331142 1.005879 0.067923
v -0.361676 1.005879 0.085575
v -0.396636 1.005879 0.090200
v -0.438267 1.005879 0.077737
v -0.469032 1.005879 0.045244
v -0.481798 1.005879 0.003705
v -0.471873 1.005879 -0.039928
v -0.450422 1.005879 -0.067920
v -0.418435 1.005879 -0.086226
v -0.374465 1.005879 -0.089370
v -0.335798 1.005879 -0.071743
v -0.359162 1.191789 0.007641
v -0.361288 1.197352 0.015287
v -0.366806 1.204398 0.015282
v -0.372581 1.207437 0.004709
v -0.369623 1.200117 -0.004470
v -0.361988 1.192050 -0.000600
v -0.394381 1.041281 -0.011981
v -0.374355 1.046470 0.007209
v -0.385015 1.043956 0.009749
v -0.383064 1.047543 -0.017878
v -0.394276 1.041983 0.002122
v -0.369098 1.050327 -0.002081
v -0.372774 1.051074 -0.013583
v -0.384561 1.153567 -0.006309
v -0.377585 1.154973 0.018925
v -0.387448 1.153211 0.013303
v -0.390177 1.153420 0.003363
v -0.212416 0.005186 -0.084504
v -0.189841 1.005878 -0.007350
v -0.169119 0.005186 -0.080769
v -0.138314 0.005186 -0.063601
v -0.111874 0.005186 -0.027500
v -0.182889 1.005880 0.004729
v -0.107090 0.005186 0.015691
v -0.122418 0.005186 0.057733
v -0.190308 1.005881 0.018309
v -0.164123 0.005186 0.090254
v -0.207314 0.005186 0.095038
v -0.240876 0.005186 0.084209
v -0.206437 1.005878 0.015706
v -0.267742 0.005186 0.061361
v -0.283820 0.005186 0.029969
v -0.286660 0.005186 -0.005185
v -0.275831 0.005186 -0.038749
v -0.205113 1.005879 -0.006337
v -0.252981 0.005186 -0.065615
v -0.189599 1.005879 -0.084843
v -0.155673 1.005879 -0.075200
v -0.122418 1.005879 -0.047225
v -0.107090 1.005879 -0.005186
v -0.111874 1.005879 0.038007
v -0.144396 1.005879 0.079710
v -0.194609 1.005879 0.096318
v -0.245584 1.005879 0.082229
v -0.275831 1.005879 0.049255
v -0.286660 1.005879 0.015691
v -0.283820 1.005879 -0.019462
v -0.267743 1.005879 -0.050853
v -0.233819 1.005879 -0.078011
v -0.177302 1.191790 -0.020729
v -0.171132 1.197351 -0.015742
v -0.173327 1.204397 -0.010679
v -0.185322 1.207438 -0.009579
v -0.192573 1.200116 -0.015940
v -0.185989 1.192050 -0.021409
v -0.183734 1.046475 -0.006958
v -0.211198 1.005911 0.006106
v -0.185639 1.043956 0.003835
v -0.210216 1.047544 -0.008931
v -0.195407 1.042350 0.009076
v -0.190171 1.050326 -0.015472
v -0.202189 1.051074 -0.016668
v -0.206104 1.040040 0.006668
v -0.200194 1.153567 -0.002960
v -0.174265 1.154975 0.000659
v -0.183343 1.153211 0.007478
v -0.193549 1.153419 0.006035
v 0.048484 0.005186 0.079024
v -0.001380 1.005878 0.020014
v 0.016483 0.005186 0.093840
v -0.017163 0.005186 0.095381
v -0.050588 0.005186 0.084086
v -0.014683 1.005880 0.015859
v -0.077804 0.005186 0.059232
v -0.095068 0.005186 0.017947
v -0.018446 1.005881 0.000848
v -0.089617 0.005186 -0.025162
v -0.071242 0.005186 -0.055261
v -0.044116 0.005186 -0.075238
v -0.004831 1.005878 -0.008183
v -0.001136 0.005186 -0.085316
v 0.042339 0.005186 -0.071162
v 0.068276 0.005186 -0.047265
v 0.085540 0.005186 -0.005980
v 0.009152 1.005879 0.008909
v 0.076968 0.005186 0.046206
v 0.028847 1.005879 0.090649
v 0.063821 1.005879 0.064860
v -0.017204 1.005879 0.095678
v -0.050436 1.005879 0.083827
v -0.075892 1.005879 0.061761
v -0.091821 1.005879 0.030299
v -0.093834 1.005879 -0.013106
v -0.073349 1.005879 -0.052892
v -0.038375 1.005879 -0.078681
v 0.014326 1.005879 -0.083086
v 0.054112 1.005879 -0.062601
v 0.079901 1.005879 -0.027627
v 0.084306 1.005879 0.025075
v -0.001514 1.191790 0.038351
v -0.011253 1.204399 0.033664
v -0.003186 1.207437 0.024717
v 0.006455 1.200118 0.024470
v 0.005329 1.192051 0.032957
v 0.005180 1.005911 -0.004360
v -0.011970 1.043511 0.008851
v 0.015711 1.048271 0.009776
v 0.010555 1.051338 0.022832
v -0.005149 1.047619 0.025299
v 0.001055 1.040040 -0.001317
v 0.003246 1.153571 0.009765
v -0.018257 1.154975 0.024697
v -0.016216 1.153213 0.013532
v -0.007736 1.153420 0.007666
v -0.009431 1.197351 0.038873
v 0.210484 0.005186 -0.075686
v 0.207079 1.005878 0.001496
v 0.252522 0.005186 -0.060360
v 0.285046 0.005186 -0.018656
v 0.214033 1.005880 0.013574
v 0.289831 0.005186 0.024537
v 0.274504 0.005186 0.066578
v 0.206614 1.005881 0.027155
v 0.232800 0.005186 0.099100
v 0.189607 0.005186 0.103884
v 0.147568 0.005186 0.088556
v 0.190482 1.005878 0.024551
v 0.119593 0.005186 0.055301
v 0.109950 0.005186 0.021375
v 0.116782 0.005186 -0.022845
v 0.191808 1.005879 0.002509
v 0.143940 0.005186 -0.056769
v 0.175331 0.005186 -0.072846
v 0.224762 1.005879 -0.072846
v 0.189607 1.005879 -0.075686
v 0.256153 1.005879 -0.056769
v 0.279001 1.005879 -0.029906
v 0.291111 1.005879 0.011832
v 0.277021 1.005879 0.062810
v 0.244047 1.005879 0.093055
v 0.210484 1.005879 0.103884
v 0.167293 1.005879 0.099100
v 0.131192 1.005879 0.072660
v 0.114024 1.005879 0.041855
v 0.110289 1.005879 -0.001442
v 0.129178 1.005879 -0.042007
v 0.156044 1.005879 -0.064857
v 0.219619 1.191790 -0.011883
v 0.225789 1.197351 -0.006896
v 0.223594 1.204397 -0.001833
v 0.211598 1.207438 -0.000733
v 0.204348 1.200117 -0.007093
v 0.210932 1.192051 -0.012564
v 0.213187 1.046475 0.001888
v 0.185724 1.005914 0.014953
v 0.211282 1.043957 0.012681
v 0.186705 1.047543 -0.000085
v 0.201514 1.042351 0.017922
v 0.206749 1.050327 -0.006626
v 0.194732 1.051074 -0.007822
v 0.190817 1.040041 0.015514
v 0.196727 1.153567 0.005885
v 0.222656 1.154975 0.009505
v 0.213578 1.153211 0.016324
v 0.203372 1.153419 0.014881
v 0.309690 0.005186 0.038222
v 0.380596 1.005878 0.000347
v 0.305311 0.005186 -0.014483
v 0.330950 0.005186 -0.060738
v 0.390995 1.005880 -0.008932
v 0.368817 0.005186 -0.082050
v 0.413504 0.005186 -0.084410
v 0.405809 1.005881 -0.004446
v 0.452267 0.005186 -0.064763
v 0.474422 0.005186 -0.037327
v 0.484393 0.005186 -0.003495
v 0.480659 0.005186 0.031574
v 0.406559 1.005878 0.011873
v 0.463786 0.005186 0.062547
v 0.436351 0.005186 0.084701
v 0.404086 0.005186 0.094379
v 0.368921 0.005186 0.091554
v 0.384710 1.005879 0.015085
v 0.336476 0.005186 0.074066
v 0.304210 1.005879 -0.001765
v 0.311465 1.005879 0.042393
v 0.313526 1.005879 -0.035775
v 0.335152 1.005879 -0.063638
v 0.365792 1.005879 -0.081100
v 0.400786 1.005879 -0.085510
v 0.434798 1.005879 -0.076194
v 0.468321 1.005879 -0.048541
v 0.484051 1.005879 -0.006647
v 0.479684 1.005879 0.036585
v 0.447564 1.005879 0.078600
v 0.404118 1.005879 0.094678
v 0.369005 1.005879 0.091266
v 0.338946 1.005879 0.076053
v 0.364936 1.191790 -0.009194
v 0.368555 1.197353 -0.016254
v 0.373960 1.204397 -0.015140
v 0.377490 1.207438 -0.003624
v 0.372747 1.200118 0.004775
v 0.366046 1.192051 -0.000551
v 0.379731 1.046472 -0.005714
v 0.398136 1.005911 0.018498
v 0.390685 1.043956 -0.006057
v 0.383217 1.047543 0.020612
v 0.397814 1.042350 0.002433
v 0.372712 1.050328 0.002331
v 0.374002 1.051075 0.014338
v 0.397644 1.040043 0.013395
v 0.387009 1.153566 0.009581
v 0.385251 1.154974 -0.016541
v 0.393781 1.153213 -0.009050
v 0.394456 1.153419 0.001236
v 0.674604 0.005186 -0.013546
v 0.601038 1.005878 0.006414
v 0.676925 0.005186 0.031142
v 0.596729 1.005885 0.024110
v 0.657245 0.005186 0.069888
v 0.631119 0.005186 0.091155
v 0.597543 0.005186 0.101970
v 0.560883 0.005186 0.098197
v 0.577976 1.005880 0.022212
v 0.529926 0.005186 0.081298
v 0.503170 0.005186 0.045431
v 0.574057 1.005879 0.010450
v 0.498008 0.005186 0.002281
v 0.508542 0.005186 -0.031374
v 0.579537 1.005881 0.000495
v 0.538500 0.005186 -0.064614
v 0.579813 0.005186 -0.078095
v 0.591185 1.005880 -0.001662
v 0.624093 0.005186 -0.071652
v 0.658255 0.005186 -0.044791
v 0.678037 1.005879 0.018425
v 0.668691 1.005879 0.052429
v 0.639308 1.005879 0.087459
v 0.588677 1.005879 0.102778
v 0.547385 1.005879 0.092744
v 0.513886 1.005879 0.065063
v 0.498191 1.005879 0.023162
v 0.500722 1.005879 -0.012017
v 0.521336 1.005879 -0.050274
v 0.559372 1.005879 -0.073842
v 0.602634 1.005879 -0.077956
v 0.643364 1.005879 -0.059424
v 0.670817 1.005879 -0.025741
v 0.617304 1.191791 0.025804
v 0.613679 1.197350 0.032860
v 0.608274 1.204399 0.031742
v 0.604755 1.207438 0.020223
v 0.609504 1.200119 0.011828
v 0.616201 1.192051 0.017160
v 0.586774 1.041282 -0.000527
v 0.602510 1.046473 0.022312
v 0.591559 1.043957 0.022646
v 0.599051 1.047546 -0.004017
v 0.584030 1.041983 0.013308
v 0.609536 1.050325 0.014277
v 0.608259 1.051075 0.002265
v 0.595246 1.153569 0.007011
v 0.596981 1.154973 0.033133
v 0.588457 1.153211 0.025635
v 0.587792 1.153419 0.015350
v 0.776632 0.005186 -0.078845
v 0.781189 1.005878 -0.002755
v 0.820856 0.005186 -0.072015
v 0.797636 1.005885 0.005068
v 0.854781 0.005186 -0.044856
v 0.870858 0.005186 -0.013465
v 0.873698 0.005186 0.021690
v 0.862869 0.005186 0.055253
v 0.791958 1.005880 0.023040
v 0.840019 0.005186 0.082119
v 0.799454 0.005186 0.101008
v 0.779644 1.005879 0.024482
v 0.756157 0.005186 0.097273
v 0.725352 0.005186 0.080105
v 0.771015 1.005881 0.017089
v 0.698912 0.005186 0.044004
v 0.694128 0.005186 0.000811
v 0.771275 1.005880 0.005246
v 0.709456 0.005186 -0.041228
v 0.742711 0.005186 -0.069203
v 0.808631 1.005879 -0.075693
v 0.840019 1.005879 -0.059618
v 0.862869 1.005879 -0.032752
v 0.873698 1.005879 0.000811
v 0.870858 1.005879 0.035966
v 0.854781 1.005879 0.067357
v 0.820857 1.005879 0.094515
v 0.776637 1.005879 0.101347
v 0.742711 1.005879 0.091703
v 0.709456 1.005879 0.063729
v 0.694128 1.005879 0.021690
v 0.698912 1.005879 -0.021503
v 0.725352 1.005879 -0.057604
v 0.763921 1.005879 -0.077622
v 0.803486 1.191791 -0.014732
v 0.809656 1.197352 -0.009745
v 0.807460 1.204398 -0.004681
v 0.795466 1.207438 -0.003582
v 0.788214 1.200119 -0.009941
v 0.794798 1.192051 -0.015412
v 0.771488 1.041282 0.009796
v 0.797054 1.046473 -0.000958
v 0.795150 1.043956 0.009830
v 0.770572 1.047546 -0.002935
v 0.784474 1.041983 0.015300
v 0.790618 1.050325 -0.009474
v 0.778598 1.051075 -0.010670
v 0.780594 1.153569 0.003037
v 0.806521 1.154973 0.006659
v 0.797444 1.153211 0.013476
v 0.787240 1.153419 0.012033
v 0.703877 0.005186 -0.130836
v 0.768443 1.005878 -0.178726
v 0.691796 0.005186 -0.182324
v 0.710355 0.005186 -0.231846
v 0.777367 1.005880 -0.189433
v 0.744676 0.005186 -0.258495
v 0.788531 0.005186 -0.267400
v 0.792677 1.005881 -0.187174
v 0.838055 0.005186 -0.248841
v 0.864704 0.005186 -0.214518
v 0.873609 0.005186 -0.170665
v 0.795819 1.005878 -0.171141
v 0.859876 0.005186 -0.129435
v 0.835997 0.005186 -0.103487
v 0.805506 0.005186 -0.089170
v 0.770307 0.005186 -0.086793
v 0.774681 1.005879 -0.164752
v 0.735644 0.005186 -0.099320
v 0.695660 1.005879 -0.152124
v 0.693621 1.005879 -0.195535
v 0.714085 1.005879 -0.235332
v 0.741824 1.005879 -0.257111
v 0.775789 1.005879 -0.266618
v 0.810801 1.005879 -0.262405
v 0.841541 1.005879 -0.245111
v 0.863320 1.005879 -0.217371
v 0.872827 1.005879 -0.183407
v 0.868613 1.005879 -0.148395
v 0.846191 1.005879 -0.111171
v 0.805581 1.005879 -0.088879
v 0.770348 1.005879 -0.087091
v 0.738379 1.005879 -0.097718
v 0.711610 1.005879 -0.120672
v 0.751550 1.191791 -0.185860
v 0.754092 1.197352 -0.193376
v 0.759602 1.204398 -0.193069
v 0.764788 1.207438 -0.182197
v 0.761331 1.200117 -0.173192
v 0.753920 1.192051 -0.177474
v 0.766696 1.046476 -0.184593
v 0.788463 1.005911 -0.163352
v 0.777481 1.043956 -0.186543
v 0.774015 1.047542 -0.159066
v 0.785781 1.042351 -0.179194
v 0.760937 1.050328 -0.175604
v 0.763978 1.051075 -0.163917
v 0.787226 1.040040 -0.168325
v 0.776145 1.153566 -0.170535
v 0.770563 1.154976 -0.196115
v 0.780104 1.153212 -0.189959
v 0.782284 1.153419 -0.179885
v 0.549930 0.005186 -0.085230
v 0.583551 1.005878 -0.154405
v 0.520676 0.005186 -0.104924
v 0.569912 1.005886 -0.166474
v 0.497359 0.005186 -0.143117
v 0.496220 0.005186 -0.186561
v 0.515023 0.005186 -0.227164
v 0.580342 1.005880 -0.182173
v 0.550509 0.005186 -0.252246
v 0.592441 0.005186 -0.259144
v 0.592574 1.005879 -0.180152
v 0.641777 0.005186 -0.240057
v 0.668439 0.005186 -0.202918
v 0.598820 1.005881 -0.170657
v 0.675199 0.005186 -0.168308
v 0.664678 0.005186 -0.124811
v 0.595291 1.005880 -0.159349
v 0.634771 0.005186 -0.093290
v 0.592759 0.005186 -0.077872
v 0.559667 1.005879 -0.081319
v 0.522949 1.005879 -0.102714
v 0.502437 1.005879 -0.131404
v 0.494466 1.005879 -0.165755
v 0.503628 1.005879 -0.210548
v 0.540860 1.005879 -0.248126
v 0.581948 1.005879 -0.258961
v 0.624586 1.005879 -0.250568
v 0.658339 1.005879 -0.221189
v 0.675048 1.005879 -0.181073
v 0.669371 1.005879 -0.136686
v 0.650716 1.005879 -0.106756
v 0.612565 1.005879 -0.081564
v 0.558812 1.191789 -0.149067
v 0.554262 1.197352 -0.155569
v 0.557774 1.204398 -0.159825
v 0.569605 1.207437 -0.157562
v 0.574812 1.200117 -0.149444
v 0.566970 1.192051 -0.146009
v 0.596348 1.041282 -0.163781
v 0.568804 1.046470 -0.160520
v 0.573620 1.043957 -0.170364
v 0.593706 1.047544 -0.151296
v 0.585393 1.041983 -0.172664
v 0.572634 1.050325 -0.150557
v 0.583852 1.051073 -0.146083
v 0.585727 1.153569 -0.159806
v 0.561813 1.154974 -0.170461
v 0.572424 1.153211 -0.174501
v 0.581831 1.153420 -0.170290
v 0.399768 0.005186 -0.269303
v 0.386605 1.005878 -0.193524
v 0.433334 0.005186 -0.258473
v 0.403052 1.005886 -0.185701
v 0.466307 0.005186 -0.228225
v 0.479425 0.005186 -0.186794
v 0.472593 0.005186 -0.142574
v 0.397374 1.005880 -0.167728
v 0.445435 0.005186 -0.108650
v 0.404870 0.005186 -0.089761
v 0.385060 1.005879 -0.166286
v 0.361574 0.005186 -0.093496
v 0.323332 0.005186 -0.116730
v 0.376431 1.005881 -0.173680
v 0.302384 0.005186 -0.154805
v 0.299544 0.005186 -0.189956
v 0.376691 1.005880 -0.185524
v 0.310374 0.005186 -0.223523
v 0.333223 0.005186 -0.250388
v 0.364614 0.005186 -0.266463
v 0.414042 1.005879 -0.266463
v 0.378891 1.005879 -0.269303
v 0.452117 1.005879 -0.245515
v 0.475351 1.005879 -0.207273
v 0.479086 1.005879 -0.163977
v 0.460197 1.005879 -0.123412
v 0.426273 1.005879 -0.096254
v 0.382053 1.005879 -0.089422
v 0.340622 1.005879 -0.102540
v 0.310374 1.005879 -0.135513
v 0.299544 1.005879 -0.169079
v 0.302384 1.005879 -0.204233
v 0.318459 1.005879 -0.235624
v 0.345324 1.005879 -0.258473
v 0.408901 1.191790 -0.205500
v 0.415072 1.197352 -0.200513
v 0.412876 1.204398 -0.195450
v 0.400880 1.207437 -0.194350
v 0.393630 1.200118 -0.200710
v 0.400215 1.192050 -0.206181
v 0.376903 1.041284 -0.180974
v 0.402470 1.046470 -0.191727
v 0.400565 1.043956 -0.180938
v 0.375988 1.047546 -0.193704
v 0.389889 1.041983 -0.175468
v 0.396033 1.050324 -0.200242
v 0.384013 1.051073 -0.201438
v 0.386009 1.153570 -0.187733
v 0.411938 1.154974 -0.184112
v 0.402861 1.153211 -0.177293
v 0.392656 1.153420 -0.178736
v 0.114152 0.005186 -0.170887
v 0.191064 1.005878 -0.170577
v 0.119218 0.005186 -0.205787
v 0.196028 1.005886 -0.188098
v 0.137253 0.005186 -0.236093
v 0.165514 0.005186 -0.257190
v 0.209271 0.005186 -0.266565
v 0.214695 1.005880 -0.185506
v 0.250647 0.005186 -0.253275
v 0.276850 0.005186 -0.229674
v 0.294581 0.005186 -0.188588
v 0.218177 1.005879 -0.173606
v 0.286600 0.005186 -0.136306
v 0.212329 1.005881 -0.163861
v 0.258488 0.005186 -0.103167
v 0.228153 0.005186 -0.088527
v 0.194580 0.005186 -0.085749
v 0.200608 1.005880 -0.162138
v 0.159479 0.005186 -0.096987
v 0.126087 0.005186 -0.129102
v 0.115139 1.005879 -0.193687
v 0.117641 1.005879 -0.150302
v 0.135173 1.005879 -0.233700
v 0.162677 1.005879 -0.255776
v 0.198102 1.005879 -0.265934
v 0.241554 1.005879 -0.258513
v 0.274909 1.005879 -0.232181
v 0.291195 1.005879 -0.200901
v 0.293698 1.005879 -0.157516
v 0.273663 1.005879 -0.117504
v 0.246160 1.005879 -0.095427
v 0.212297 1.005879 -0.085557
v 0.169261 1.005879 -0.091566
v 0.133927 1.005879 -0.119022
v 0.175530 1.191791 -0.190556
v 0.179416 1.197352 -0.197474
v 0.184774 1.204398 -0.196155
v 0.187864 1.207438 -0.184511
v 0.182805 1.200117 -0.176301
v 0.176311 1.192051 -0.181878
v 0.205061 1.041281 -0.163108
v 0.190183 1.046471 -0.186516
v 0.201141 1.043956 -0.186443
v 0.192664 1.047543 -0.160076
v 0.208318 1.041983 -0.176830
v 0.182864 1.050327 -0.178746
v 0.183694 1.051074 -0.166698
v 0.196874 1.153570 -0.170956
v 0.196110 1.154974 -0.197125
v 0.204351 1.153211 -0.189315
v 0.204633 1.153419 -0.179010
v -0.069430 0.005186 -0.216525
v -0.002037 1.005878 -0.180908
v -0.040628 0.005186 -0.250773
v 0.013189 1.005885 -0.190901
v 0.009696 0.005186 -0.267040
v 0.051915 0.005186 -0.256736
v 0.086158 0.005186 -0.227935
v 0.025600 1.005880 -0.176716
v 0.101046 0.005186 -0.187109
v 0.096124 0.005186 -0.142634
v 0.020436 1.005879 -0.165442
v 0.070449 0.005186 -0.107572
v 0.032885 0.005186 -0.087705
v 0.007488 1.005935 -0.162352
v -0.011191 0.005186 -0.088259
v -0.044197 0.005186 -0.104652
v -0.000348 1.005880 -0.168280
v -0.067260 0.005186 -0.131339
v -0.079732 0.005186 -0.174311
v -0.050120 1.005879 -0.242235
v -0.070803 1.005879 -0.213667
v -0.020083 1.005879 -0.260711
v 0.023011 1.005879 -0.266305
v 0.071238 1.005879 -0.244598
v 0.096096 1.005879 -0.207391
v 0.101689 1.005879 -0.164297
v 0.084565 1.005879 -0.122959
v 0.051839 1.005879 -0.094363
v 0.015218 1.005879 -0.086045
v -0.019778 1.005879 -0.090613
v -0.060786 1.005879 -0.120331
v -0.079537 1.005879 -0.169784
v -0.000693 1.191790 -0.206182
v 0.006773 1.197351 -0.208864
v 0.009959 1.204398 -0.204359
v 0.004669 1.207437 -0.193536
v -0.004530 1.200118 -0.190643
v -0.005787 1.192051 -0.199111
v 0.011482 1.045753 -0.192501
v -0.007704 1.047546 -0.171927
v 0.016740 1.042517 -0.179732
v -0.002882 1.050326 -0.192454
v -0.010147 1.051075 -0.182803
v 0.010539 1.042580 -0.169068
v 0.002602 1.153568 -0.177391
v 0.019162 1.154974 -0.197669
v 0.020275 1.153211 -0.186370
v 0.013743 1.153420 -0.178399
v -0.118481 0.005186 -0.217117
v -0.187015 1.005878 -0.181454
v -0.111068 0.005186 -0.182639
v -0.117412 0.005186 -0.147948
v -0.143089 0.005186 -0.111296
v -0.193994 1.005880 -0.169393
v -0.182448 0.005186 -0.092871
v -0.209466 1.005881 -0.169024
v -0.217709 0.005186 -0.092327
v -0.258662 0.005186 -0.110360
v -0.284411 0.005186 -0.145365
v -0.292170 0.005186 -0.189436
v -0.215280 1.005878 -0.184293
v -0.272327 0.005186 -0.238458
v -0.237322 0.005186 -0.264206
v -0.193251 0.005186 -0.271964
v -0.195530 1.005879 -0.194172
v -0.144231 0.005186 -0.252124
v -0.111461 1.005879 -0.195402
v -0.128924 1.005879 -0.235194
v -0.116296 1.005879 -0.150916
v -0.134382 1.005879 -0.120639
v -0.162676 1.005879 -0.099589
v -0.196876 1.005879 -0.090967
v -0.239665 1.005879 -0.098554
v -0.273967 1.005879 -0.127288
v -0.291432 1.005879 -0.167081
v -0.284134 1.005879 -0.219460
v -0.255398 1.005879 -0.253763
v -0.215608 1.005879 -0.271226
v -0.163228 1.005879 -0.263929
v -0.169157 1.191789 -0.177292
v -0.170389 1.197352 -0.169453
v -0.175871 1.204398 -0.168822
v -0.182825 1.207437 -0.178659
v -0.180944 1.200118 -0.188118
v -0.172914 1.192050 -0.185153
v -0.184301 1.046475 -0.175970
v -0.209349 1.005911 -0.193217
v -0.194597 1.043956 -0.172222
v -0.195837 1.047546 -0.199889
v -0.204023 1.042351 -0.178058
v -0.180147 1.050327 -0.185803
v -0.185124 1.051075 -0.196809
v -0.207288 1.040043 -0.188524
v -0.195994 1.153569 -0.188225
v -0.186160 1.154973 -0.163962
v -0.196603 1.153211 -0.168410
v -0.200459 1.153420 -0.177970
v -0.409860 0.005186 -0.276739
v -0.387287 1.005878 -0.199586
v -0.366564 0.005186 -0.273004
v -0.328322 0.005186 -0.249770
v -0.307374 0.005186 -0.211695
v -0.380332 1.005880 -0.187508
v -0.304534 0.005186 -0.176544
v -0.315364 0.005186 -0.142977
v -0.387752 1.005881 -0.173926
v -0.338214 0.005186 -0.116112
v -0.369604 0.005186 -0.100037
v -0.404758 0.005186 -0.097197
v -0.438324 0.005186 -0.108027
v -0.403881 1.005878 -0.176529
v -0.471297 0.005186 -0.138275
v -0.484415 0.005186 -0.179706
v -0.477583 0.005186 -0.223926
v -0.402558 1.005879 -0.198572
v -0.450425 0.005186 -0.257850
v -0.387043 1.005879 -0.277078
v -0.345612 1.005879 -0.263960
v -0.315364 1.005879 -0.230987
v -0.304534 1.005879 -0.197421
v -0.307374 1.005879 -0.162267
v -0.323449 1.005879 -0.130877
v -0.350314 1.005879 -0.108027
v -0.383881 1.005879 -0.097197
v -0.419032 1.005879 -0.100037
v -0.457107 1.005879 -0.120985
v -0.480341 1.005879 -0.159227
v -0.484076 1.005879 -0.202523
v -0.465187 1.005879 -0.243088
v -0.431263 1.005879 -0.270247
v -0.374745 1.191791 -0.212963
v -0.368576 1.197351 -0.207977
v -0.370770 1.204398 -0.202914
v -0.382765 1.207438 -0.201813
v -0.390017 1.200118 -0.208174
v -0.383433 1.192051 -0.213644
v -0.381178 1.046475 -0.199193
v -0.408641 1.005911 -0.186128
v -0.383083 1.043956 -0.188400
v -0.407661 1.047543 -0.201165
v -0.392851 1.042350 -0.183159
v -0.387617 1.050327 -0.207708
v -0.399635 1.051076 -0.208902
v -0.403548 1.040040 -0.185567
v -0.397638 1.153567 -0.195196
v -0.371709 1.154976 -0.191576
v -0.380787 1.153212 -0.184757
v -0.390993 1.153419 -0.186200
v -0.324764 0.005186 -0.312328
v -0.385274 1.005878 -0.365249
v -0.372511 0.005186 -0.289586
v -0.415716 0.005186 -0.294249
v -0.446144 0.005186 -0.312073
v -0.397632 1.005880 -0.371693
v -0.467438 0.005186 -0.340188
v -0.476353 0.005186 -0.374311
v -0.398677 1.005881 -0.387136
v -0.471529 0.005186 -0.409250
v -0.453705 0.005186 -0.439679
v -0.425589 0.005186 -0.460974
v -0.391467 0.005186 -0.469888
v -0.383679 1.005878 -0.393610
v -0.347398 0.005186 -0.462109
v -0.314064 0.005186 -0.434226
v -0.296051 0.005186 -0.393267
v -0.372945 1.005879 -0.374311
v -0.300714 0.005186 -0.350062
v -0.350973 1.005879 -0.295617
v -0.395332 1.005879 -0.289737
v -0.436471 1.005879 -0.303742
v -0.466004 1.005879 -0.337360
v -0.477214 1.005879 -0.379343
v -0.462036 1.005879 -0.430006
v -0.428416 1.005879 -0.459540
v -0.386435 1.005879 -0.470749
v -0.335774 1.005879 -0.455571
v -0.302083 1.005879 -0.414805
v -0.296203 1.005879 -0.370446
v -0.310207 1.005879 -0.329308
v -0.388658 1.191791 -0.347226
v -0.396542 1.197352 -0.348113
v -0.397412 1.204398 -0.353563
v -0.387889 1.207438 -0.360939
v -0.378356 1.200117 -0.359474
v -0.380967 1.192051 -0.351322
v -0.390636 1.046476 -0.362294
v -0.374503 1.005911 -0.388076
v -0.394833 1.043957 -0.372418
v -0.367247 1.047542 -0.374870
v -0.389414 1.042351 -0.382091
v -0.380629 1.050328 -0.358577
v -0.369855 1.051075 -0.364031
v -0.379103 1.040040 -0.385811
v -0.378906 1.153566 -0.374514
v -0.402717 1.154976 -0.363626
v -0.398730 1.153213 -0.374256
v -0.389348 1.153419 -0.378528
v -0.119246 0.005186 -0.330030
v -0.179826 1.005878 -0.377418
v -0.144642 0.005186 -0.305558
v -0.194489 1.005886 -0.366616
v -0.177470 0.005186 -0.292669
v -0.212735 0.005186 -0.293323
v -0.245063 0.005186 -0.307423
v -0.269532 0.005186 -0.332818
v -0.207649 1.005880 -0.380109
v -0.284313 0.005186 -0.375055
v -0.276309 0.005186 -0.417771
v -0.203103 1.005879 -0.391646
v -0.249403 0.005186 -0.453522
v -0.209442 0.005186 -0.470597
v -0.192512 1.005881 -0.395759
v -0.164765 0.005186 -0.468089
v -0.121568 0.005186 -0.437577
v -0.182196 1.005880 -0.389936
v -0.104493 0.005186 -0.397617
v -0.105147 0.005186 -0.362358
v -0.117483 1.005879 -0.332664
v -0.142004 1.005879 -0.307317
v -0.174360 1.005879 -0.293284
v -0.217813 1.005879 -0.293856
v -0.256306 1.005879 -0.316668
v -0.276383 1.005879 -0.345667
v -0.284300 1.005879 -0.388392
v -0.264032 1.005879 -0.439668
v -0.219741 1.005879 -0.468594
v -0.177294 1.005879 -0.470565
v -0.144494 1.005879 -0.457611
v -0.114170 1.005879 -0.426481
v -0.102616 1.005879 -0.374870
v -0.179800 1.191791 -0.352109
v -0.187110 1.197350 -0.349026
v -0.190536 1.204398 -0.353352
v -0.185840 1.207438 -0.364445
v -0.176810 1.200119 -0.367832
v -0.175097 1.192051 -0.359445
v -0.186308 1.041283 -0.391897
v -0.188900 1.046474 -0.364283
v -0.197513 1.043957 -0.371058
v -0.174654 1.047545 -0.386693
v -0.197292 1.041983 -0.383051
v -0.178358 1.050325 -0.365935
v -0.171626 1.051075 -0.375964
v -0.184648 1.153566 -0.380679
v -0.200086 1.154976 -0.359533
v -0.201810 1.153211 -0.370756
v -0.195719 1.153419 -0.379070
v -0.070446 0.005186 -0.429940
v -0.010879 1.005878 -0.381286
v -0.036465 0.005186 -0.459049
v 0.004009 1.005886 -0.391778
v 0.015835 0.005186 -0.466922
v 0.055819 0.005186 -0.449893
v 0.079750 0.005186 -0.423984
v 0.016882 1.005880 -0.378011
v 0.093636 0.005186 -0.381448
v 0.084733 0.005186 -0.338911
v 0.012094 1.005879 -0.366573
v 0.057080 0.005186 -0.303735
v 0.016769 0.005186 -0.287505
v 0.001419 1.005881 -0.362684
v -0.027845 0.005186 -0.290954
v -0.070390 0.005186 -0.322368
v -0.008774 1.005880 -0.368724
v -0.086620 0.005186 -0.362679
v -0.085223 0.005186 -0.397916
v -0.072265 1.005879 -0.427344
v -0.040507 1.005879 -0.457002
v 0.003066 1.005879 -0.467175
v 0.037627 1.005879 -0.460139
v 0.066862 1.005879 -0.440414
v 0.089757 1.005879 -0.403477
v 0.091234 1.005879 -0.358755
v 0.073241 1.005879 -0.319198
v 0.036876 1.005879 -0.293123
v -0.006010 1.005879 -0.286107
v -0.054927 1.005879 -0.306207
v -0.081002 1.005879 -0.342573
v -0.088018 1.005879 -0.385460
v -0.010371 1.191791 -0.406591
v -0.002998 1.197351 -0.409520
v 0.000336 1.204398 -0.405122
v -0.004592 1.207438 -0.394131
v -0.013692 1.200119 -0.390935
v -0.015228 1.192051 -0.399355
v -0.004703 1.041283 -0.366674
v -0.001530 1.046474 -0.394229
v 0.006939 1.043957 -0.387274
v -0.016244 1.047544 -0.372123
v 0.006466 1.041983 -0.375288
v -0.012106 1.050325 -0.392798
v -0.019046 1.051075 -0.382913
v -0.006126 1.153566 -0.377925
v 0.009754 1.154976 -0.398741
v 0.011242 1.153211 -0.387484
v 0.004976 1.153419 -0.379301
v 0.218380 0.005186 -0.455670
v 0.214975 1.005878 -0.378488
v 0.260422 0.005186 -0.440341
v 0.292943 0.005186 -0.398637
v 0.221929 1.005880 -0.366409
v 0.297727 0.005186 -0.355447
v 0.282398 0.005186 -0.313405
v 0.214509 1.005881 -0.352829
v 0.240694 0.005186 -0.280884
v 0.197504 0.005186 -0.276100
v 0.155461 0.005186 -0.291429
v 0.198379 1.005878 -0.355433
v 0.122941 0.005186 -0.333133
v 0.118157 0.005186 -0.376323
v 0.133486 0.005186 -0.418365
v 0.199703 1.005879 -0.377475
v 0.175190 0.005186 -0.450886
v 0.240694 1.005879 -0.450886
v 0.197503 1.005879 -0.455670
v 0.282398 1.005879 -0.418365
v 0.297727 1.005879 -0.376323
v 0.292943 1.005879 -0.333133
v 0.260422 1.005879 -0.291429
v 0.218380 1.005879 -0.276100
v 0.175190 1.005879 -0.280884
v 0.133486 1.005879 -0.313405
v 0.118157 1.005879 -0.355447
v 0.122941 1.005879 -0.398637
v 0.155461 1.005879 -0.440341
v 0.227514 1.191790 -0.391868
v 0.231490 1.204398 -0.381817
v 0.219493 1.207437 -0.380717
v 0.212244 1.200117 -0.387077
v 0.218828 1.192050 -0.392548
v 0.193619 1.005911 -0.365032
v 0.215182 1.043512 -0.363103
v 0.195474 1.048272 -0.382562
v 0.208120 1.051337 -0.388656
v 0.221330 1.047616 -0.379813
v 0.198713 1.040042 -0.364470
v 0.204624 1.153573 -0.374098
v 0.230552 1.154976 -0.370479
v 0.221475 1.153211 -0.363660
v 0.211269 1.153420 -0.365103
v 0.233685 1.197351 -0.386880
v 0.492888 0.005186 -0.370054
v 0.416976 1.005878 -0.355698
v 0.490030 0.005186 -0.334902
v 0.473938 0.005186 -0.303519
v 0.438775 0.005186 -0.275845
v 0.406813 1.005880 -0.346166
v 0.395773 0.005186 -0.269568
v 0.391893 1.005881 -0.350278
v 0.361858 0.005186 -0.279227
v 0.327853 0.005186 -0.308318
v 0.313308 0.005186 -0.349266
v 0.316165 0.005186 -0.384417
v 0.390734 1.005878 -0.366576
v 0.332257 0.005186 -0.415802
v 0.359135 0.005186 -0.438638
v 0.392705 0.005186 -0.449450
v 0.427858 0.005186 -0.446592
v 0.412495 1.005879 -0.370332
v 0.459239 0.005186 -0.430501
v 0.482075 0.005186 -0.403625
v 0.493392 1.005879 -0.355506
v 0.488109 1.005879 -0.390376
v 0.484928 1.005879 -0.321268
v 0.458123 1.005879 -0.287065
v 0.416641 1.005879 -0.270291
v 0.373306 1.005879 -0.273576
v 0.336312 1.005879 -0.298752
v 0.318088 1.005879 -0.328944
v 0.312856 1.005879 -0.372085
v 0.334967 1.005879 -0.420127
v 0.372382 1.005879 -0.444671
v 0.415524 1.005879 -0.449901
v 0.463566 1.005879 -0.427789
v 0.432871 1.191790 -0.346556
v 0.429429 1.197352 -0.339407
v 0.423998 1.204397 -0.340385
v 0.420180 1.207438 -0.351810
v 0.424712 1.200117 -0.360325
v 0.431545 1.192051 -0.355167
v 0.417990 1.046475 -0.349662
v 0.398990 1.005911 -0.373408
v 0.407051 1.043956 -0.349048
v 0.413853 1.047546 -0.375894
v 0.399712 1.042351 -0.357356
v 0.424807 1.050326 -0.357878
v 0.423220 1.051074 -0.369852
v 0.399607 1.040043 -0.368320
v 0.410334 1.153569 -0.364772
v 0.412744 1.154973 -0.338703
v 0.404029 1.153211 -0.345979
v 0.403098 1.153419 -0.356244
v 0.681686 0.005186 -0.344475
v 0.605198 1.005878 -0.355352
v 0.662350 0.005186 -0.304119
v 0.617688 0.005186 -0.275797
v 0.592502 1.005880 -0.349604
v 0.574237 0.005186 -0.275227
v 0.533880 0.005186 -0.294562
v 0.579705 1.005881 -0.358306
v 0.505559 0.005186 -0.339224
v 0.504988 0.005186 -0.382675
v 0.524323 0.005186 -0.423031
v 0.583862 1.005878 -0.374107
v 0.568986 0.005186 -0.451353
v 0.612437 0.005186 -0.451924
v 0.652793 0.005186 -0.432589
v 0.605672 1.005879 -0.370650
v 0.681115 0.005186 -0.387926
v 0.674760 1.005879 -0.322731
v 0.683711 1.005879 -0.365253
v 0.638346 1.005879 -0.284379
v 0.595016 1.005879 -0.273201
v 0.552493 1.005879 -0.282152
v 0.514141 1.005879 -0.318566
v 0.502963 1.005879 -0.361897
v 0.511914 1.005879 -0.404419
v 0.548327 1.005879 -0.442771
v 0.591658 1.005879 -0.453949
v 0.634181 1.005879 -0.444998
v 0.672534 1.005879 -0.408584
v 0.617298 1.191790 -0.341575
v 0.606910 1.204398 -0.338593
v 0.606979 1.207437 -0.350640
v 0.614012 1.200118 -0.357238
v 0.618818 1.192050 -0.350153
v 0.593877 1.005911 -0.377913
v 0.589865 1.043511 -0.356640
v 0.611145 1.048272 -0.374367
v 0.615983 1.051337 -0.361189
v 0.605900 1.047615 -0.348899
v 0.592823 1.040040 -0.372898
v 0.601833 1.153573 -0.366081
v 0.595716 1.154976 -0.340626
v 0.589810 1.153212 -0.350321
v 0.592236 1.153420 -0.360341
v 0.611735 1.197351 -0.335916
v 0.816811 0.005186 -0.632612
v 0.794100 1.005878 -0.557745
v 0.810545 1.005886 -0.549922
v 0.855382 0.005186 -0.612594
v 0.877274 0.005186 -0.584944
v 0.886918 0.005186 -0.551020
v 0.880088 0.005186 -0.506796
v 0.804869 1.005880 -0.531951
v 0.852929 0.005186 -0.472871
v 0.821538 0.005186 -0.456794
v 0.786383 0.005186 -0.453954
v 0.792555 1.005879 -0.530507
v 0.752820 0.005186 -0.464783
v 0.725954 0.005186 -0.487633
v 0.783924 1.005881 -0.537902
v 0.709879 0.005186 -0.519021
v 0.707038 0.005186 -0.554175
v 0.784186 1.005880 -0.549746
v 0.717865 0.005186 -0.587740
v 0.740714 0.005186 -0.614605
v 0.772108 0.005186 -0.630684
v 0.821538 1.005879 -0.630684
v 0.786384 1.005879 -0.633524
v 0.852931 1.005879 -0.614605
v 0.875780 1.005879 -0.587740
v 0.886607 1.005879 -0.554175
v 0.883766 1.005879 -0.519021
v 0.867691 1.005879 -0.487633
v 0.840825 1.005879 -0.464783
v 0.807262 1.005879 -0.453954
v 0.772107 1.005879 -0.456794
v 0.740716 1.005879 -0.472871
v 0.713557 1.005879 -0.506796
v 0.707066 1.005879 -0.559285
v 0.725955 1.005879 -0.599847
v 0.752821 1.005879 -0.622695
v 0.816395 1.191789 -0.569721
v 0.822566 1.197352 -0.564734
v 0.820370 1.204398 -0.559671
v 0.808373 1.207437 -0.558571
v 0.801124 1.200117 -0.564931
v 0.807709 1.192051 -0.570402
v 0.784397 1.041283 -0.545194
v 0.809962 1.046474 -0.555951
v 0.808060 1.043957 -0.545159
v 0.783480 1.047544 -0.557923
v 0.797382 1.041983 -0.539689
v 0.803525 1.050326 -0.564464
v 0.791507 1.051074 -0.565660
v 0.793503 1.153567 -0.551954
v 0.819433 1.154976 -0.548334
v 0.810354 1.153211 -0.541514
v 0.800148 1.153420 -0.542958
v 0.509582 0.005186 -0.517835
v 0.581965 1.005878 -0.552804
v 0.506136 0.005186 -0.561155
v 0.517996 0.005186 -0.594364
v 0.540484 0.005186 -0.619448
v 0.592732 1.005880 -0.561653
v 0.571965 0.005186 -0.635370
v 0.618285 0.005186 -0.636156
v 0.607352 1.005881 -0.556570
v 0.656217 0.005186 -0.614954
v 0.677242 0.005186 -0.586642
v 0.685832 0.005186 -0.552433
v 0.680680 0.005186 -0.517545
v 0.607439 1.005878 -0.540234
v 0.662565 0.005186 -0.487282
v 0.625664 0.005186 -0.461971
v 0.572825 0.005186 -0.459732
v 0.585478 1.005879 -0.537911
v 0.534893 0.005186 -0.480934
v 0.504463 1.005879 -0.548494
v 0.516416 1.005879 -0.591615
v 0.540301 1.005879 -0.619686
v 0.572044 1.005879 -0.635080
v 0.605622 1.005879 -0.637771
v 0.639226 1.005879 -0.627084
v 0.666189 1.005879 -0.604345
v 0.682395 1.005879 -0.573023
v 0.685382 1.005879 -0.537879
v 0.674694 1.005879 -0.504273
v 0.643947 1.005879 -0.470439
v 0.592746 1.005879 -0.457140
v 0.551884 1.005879 -0.468805
v 0.519510 1.005879 -0.497793
v 0.566705 1.191791 -0.562972
v 0.570608 1.197352 -0.569879
v 0.575963 1.204399 -0.568547
v 0.579023 1.207438 -0.556898
v 0.573943 1.200117 -0.548698
v 0.567463 1.192050 -0.554291
v 0.581347 1.046472 -0.558894
v 0.598754 1.005911 -0.533957
v 0.592305 1.043956 -0.558793
v 0.583763 1.047543 -0.532448
v 0.599085 1.042350 -0.550021
v 0.574008 1.050328 -0.551141
v 0.574809 1.051076 -0.539091
v 0.598470 1.040042 -0.539074
v 0.587999 1.153567 -0.543317
v 0.587301 1.154974 -0.569488
v 0.595521 1.153212 -0.561658
v 0.595778 1.153419 -0.551353
v 0.401473 0.005186 -0.642804
v 0.415781 1.005878 -0.565312
v 0.436503 0.005186 -0.638730
v 0.467309 0.005186 -0.621562
v 0.493750 0.005186 -0.585461
v 0.422736 1.005880 -0.553233
v 0.498534 0.005186 -0.542270
v 0.487705 0.005186 -0.508707
v 0.415315 1.005881 -0.539651
v 0.464857 0.005186 -0.481840
v 0.433462 0.005186 -0.465763
v 0.398311 0.005186 -0.462923
v 0.356270 0.005186 -0.478250
v 0.399187 1.005878 -0.542254
v 0.323748 0.005186 -0.519954
v 0.318964 0.005186 -0.563147
v 0.334292 0.005186 -0.605186
v 0.400510 1.005879 -0.564298
v 0.367547 0.005186 -0.633161
v 0.424290 1.005879 -0.642465
v 0.464858 1.005879 -0.623574
v 0.487705 1.005879 -0.596709
v 0.498534 1.005879 -0.563147
v 0.493750 1.005879 -0.519954
v 0.461228 1.005879 -0.478251
v 0.411016 1.005879 -0.461643
v 0.360038 1.005879 -0.475733
v 0.329792 1.005879 -0.508707
v 0.318964 1.005879 -0.542270
v 0.323748 1.005879 -0.585461
v 0.350188 1.005879 -0.621562
v 0.380993 1.005879 -0.638730
v 0.428322 1.191791 -0.578690
v 0.432296 1.204399 -0.568640
v 0.420303 1.207438 -0.567539
v 0.413050 1.200118 -0.573900
v 0.419635 1.192051 -0.579370
v 0.394426 1.005909 -0.551854
v 0.415989 1.043511 -0.549926
v 0.396281 1.048271 -0.569385
v 0.408927 1.051338 -0.575478
v 0.422137 1.047617 -0.566635
v 0.399520 1.040041 -0.551293
v 0.405430 1.153571 -0.560921
v 0.431359 1.154976 -0.557302
v 0.422282 1.153213 -0.550483
v 0.412075 1.153419 -0.551926
v 0.434492 1.197351 -0.573703
v 0.124342 0.005186 -0.528799
v 0.197809 1.005878 -0.552702
v 0.123939 0.005186 -0.573544
v 0.145260 0.005186 -0.611411
v 0.206679 1.005880 -0.563450
v 0.173644 0.005186 -0.632348
v 0.215175 0.005186 -0.641332
v 0.221999 1.005881 -0.561270
v 0.249334 0.005186 -0.632465
v 0.280176 0.005186 -0.611041
v 0.299815 0.005186 -0.572277
v 0.301456 0.005186 -0.537049
v 0.225222 1.005878 -0.545252
v 0.284708 0.005186 -0.495557
v 0.250521 0.005186 -0.468731
v 0.217863 0.005186 -0.460471
v 0.182856 0.005186 -0.464830
v 0.204117 1.005879 -0.538756
v 0.143982 0.005186 -0.490034
v 0.120990 1.005879 -0.551373
v 0.131670 1.005879 -0.509250
v 0.133077 1.005879 -0.594457
v 0.155896 1.005879 -0.621345
v 0.187269 1.005879 -0.637456
v 0.224016 1.005879 -0.640300
v 0.265094 1.005879 -0.624312
v 0.292488 1.005879 -0.591826
v 0.303168 1.005879 -0.549702
v 0.287353 1.005879 -0.499236
v 0.253366 1.005879 -0.470129
v 0.217882 1.005879 -0.460171
v 0.182953 1.005879 -0.465114
v 0.153590 1.005879 -0.481623
v 0.180880 1.191789 -0.559745
v 0.183384 1.197351 -0.567274
v 0.188896 1.204398 -0.566995
v 0.194136 1.207437 -0.556148
v 0.190725 1.200118 -0.547127
v 0.183292 1.192050 -0.551373
v 0.196035 1.046470 -0.558557
v 0.217904 1.005911 -0.537425
v 0.206806 1.043956 -0.560561
v 0.203478 1.047546 -0.533067
v 0.215144 1.042351 -0.553254
v 0.190320 1.050327 -0.549542
v 0.193418 1.051075 -0.537868
v 0.216643 1.040043 -0.542394
v 0.205553 1.153569 -0.544546
v 0.199843 1.154974 -0.570096
v 0.209413 1.153211 -0.563990
v 0.211644 1.153420 -0.553927
v 0.066719 0.005186 -0.630451
v 0.014417 1.005878 -0.573590
v 0.089015 0.005186 -0.591654
v 0.087044 0.005186 -0.538805
v 0.011959 1.005880 -0.559872
v 0.062894 0.005186 -0.502678
v 0.026214 0.005186 -0.481222
v -0.002463 1.005881 -0.554259
v -0.026685 0.005186 -0.481375
v -0.064879 0.005186 -0.506503
v -0.087176 0.005186 -0.545302
v -0.013127 1.005878 -0.566637
v -0.085204 0.005186 -0.598150
v -0.061054 0.005186 -0.634276
v -0.022254 0.005186 -0.656573
v 0.002080 1.005879 -0.582650
v 0.030593 0.005186 -0.654601
v 0.057823 1.005879 -0.639611
v 0.087753 1.005879 -0.596007
v 0.089662 1.005879 -0.551302
v 0.076336 1.005879 -0.518651
v 0.044865 1.005879 -0.488685
v -0.006872 1.005879 -0.477718
v -0.048906 1.005879 -0.493061
v -0.078871 1.005879 -0.524531
v -0.089839 1.005879 -0.576266
v -0.074496 1.005879 -0.618303
v -0.043026 1.005879 -0.648268
v 0.008709 1.005879 -0.659236
v 0.032625 1.191789 -0.575754
v 0.034135 1.197351 -0.567965
v 0.029195 1.204398 -0.565505
v 0.019308 1.207437 -0.572388
v 0.017857 1.200118 -0.581922
v 0.026417 1.192050 -0.581868
v 0.018835 1.046473 -0.569357
v -0.010588 1.005911 -0.577047
v 0.010431 1.043956 -0.562328
v -0.000153 1.047546 -0.587921
v -0.000419 1.042351 -0.564607
v 0.019394 1.050327 -0.580017
v 0.010969 1.051075 -0.588671
v -0.007052 1.040042 -0.573336
v 0.003669 1.153570 -0.576898
v 0.021174 1.154973 -0.557432
v 0.009842 1.153212 -0.558060
v 0.002961 1.153420 -0.565737
v -0.192129 0.005186 -0.664883
v -0.205291 1.005878 -0.589104
v -0.158566 0.005186 -0.654054
v -0.188845 1.005886 -0.581281
v -0.131700 0.005186 -0.631206
v -0.112811 0.005186 -0.590644
v -0.119302 0.005186 -0.538155
v -0.194521 1.005880 -0.563310
v -0.146461 0.005186 -0.504230
v -0.177852 0.005186 -0.488153
v -0.213007 0.005186 -0.485313
v -0.206835 1.005879 -0.561866
v -0.246570 0.005186 -0.496142
v -0.273436 0.005186 -0.518992
v -0.215466 1.005881 -0.569261
v -0.292325 0.005186 -0.559557
v -0.285832 0.005186 -0.612044
v -0.215204 1.005880 -0.581104
v -0.258676 0.005186 -0.645965
v -0.227283 0.005186 -0.662043
v -0.169814 1.005879 -0.660099
v -0.213007 1.005879 -0.664883
v -0.133711 1.005879 -0.633657
v -0.113695 1.005879 -0.595089
v -0.115624 1.005879 -0.550380
v -0.131699 1.005879 -0.518992
v -0.158565 1.005879 -0.496142
v -0.192128 1.005879 -0.485313
v -0.227283 1.005879 -0.488153
v -0.258674 1.005879 -0.504230
v -0.285832 1.005879 -0.538154
v -0.292664 1.005879 -0.582374
v -0.279545 1.005879 -0.623806
v -0.246569 1.005879 -0.654054
v -0.182996 1.191790 -0.601081
v -0.176824 1.197352 -0.596092
v -0.179020 1.204398 -0.591030
v -0.191017 1.207437 -0.589930
v -0.198266 1.200117 -0.596290
v -0.191681 1.192051 -0.601761
v -0.214993 1.041283 -0.576553
v -0.189428 1.046470 -0.587309
v -0.191331 1.043957 -0.576517
v -0.215910 1.047544 -0.589282
v -0.202008 1.041983 -0.571048
v -0.195865 1.050325 -0.595823
v -0.207883 1.051073 -0.597018
v -0.205887 1.153568 -0.583313
v -0.179958 1.154973 -0.579691
v -0.189036 1.153211 -0.572873
v -0.199242 1.153421 -0.574317
v -0.300256 0.005186 -0.558205
v -0.376276 1.005878 -0.569890
v -0.310431 0.005186 -0.524435
v -0.383778 1.005885 -0.553295
v -0.340032 0.005186 -0.490879
v -0.381201 0.005186 -0.476958
v -0.425545 0.005186 -0.482928
v -0.401858 1.005880 -0.558622
v -0.459990 0.005186 -0.509422
v -0.479665 0.005186 -0.549611
v -0.401124 1.005883 -0.577355
v -0.474194 0.005186 -0.602214
v -0.447703 0.005186 -0.636657
v -0.407514 0.005186 -0.656333
v -0.364155 0.005186 -0.653443
v -0.384467 1.005880 -0.579646
v -0.325463 0.005186 -0.630955
v -0.303779 0.005186 -0.593296
v -0.302818 1.005879 -0.543877
v -0.300662 1.005879 -0.579077
v -0.323021 1.005879 -0.505402
v -0.360803 1.005879 -0.481429
v -0.404019 1.005879 -0.476853
v -0.444944 1.005879 -0.494949
v -0.472757 1.005879 -0.528338
v -0.480447 1.005879 -0.572417
v -0.468137 1.005879 -0.614097
v -0.435755 1.005879 -0.644980
v -0.394265 1.005879 -0.657899
v -0.350594 1.005879 -0.648132
v -0.316803 1.005879 -0.620812
v -0.363869 1.191790 -0.547832
v -0.368735 1.197350 -0.541566
v -0.373840 1.204398 -0.543662
v -0.375172 1.207437 -0.555635
v -0.368955 1.200118 -0.563007
v -0.363357 1.192051 -0.556530
v -0.389013 1.041286 -0.579346
v -0.377765 1.046472 -0.553994
v -0.388588 1.043956 -0.555688
v -0.376302 1.047548 -0.580509
v -0.394265 1.041983 -0.566256
v -0.369376 1.050326 -0.560595
v -0.368414 1.051074 -0.572637
v -0.382078 1.153567 -0.570374
v -0.385196 1.154973 -0.544380
v -0.392189 1.153211 -0.553323
v -0.390944 1.153420 -0.563554
v -0.675520 0.005186 -0.369885
v -0.600766 1.005878 -0.389392
v -0.675071 0.005186 -0.405149
v -0.661161 0.005186 -0.437558
v -0.627970 0.005186 -0.467571
v -0.591279 1.005880 -0.399597
v -0.575904 0.005186 -0.476846
v -0.576112 1.005881 -0.396515
v -0.535483 0.005186 -0.460901
v -0.505469 0.005186 -0.427713
v -0.496268 0.005186 -0.385244
v -0.573842 1.005878 -0.380335
v -0.503587 0.005186 -0.350741
v -0.523551 0.005186 -0.321667
v -0.553122 0.005186 -0.302448
v -0.597393 0.005186 -0.295931
v -0.595296 1.005879 -0.375099
v -0.637819 0.005186 -0.311878
v -0.662439 0.005186 -0.337131
v -0.677017 1.005879 -0.384363
v -0.669363 1.005879 -0.349935
v -0.670913 1.005879 -0.419099
v -0.646507 1.005879 -0.455054
v -0.606269 1.005879 -0.474623
v -0.571004 1.005879 -0.475414
v -0.538127 1.005879 -0.462650
v -0.507625 1.005879 -0.431698
v -0.496283 1.005879 -0.388414
v -0.502388 1.005879 -0.353675
v -0.521320 1.005879 -0.323920
v -0.550199 1.005879 -0.303675
v -0.586212 1.005879 -0.295837
v -0.620781 1.005879 -0.302839
v -0.649117 1.005879 -0.321058
v -0.617249 1.191791 -0.397428
v -0.614303 1.197352 -0.404796
v -0.608818 1.204398 -0.404190
v -0.604229 1.207438 -0.393052
v -0.608169 1.200117 -0.384249
v -0.615337 1.192051 -0.388928
v -0.602192 1.046476 -0.395344
v -0.581611 1.005911 -0.372954
v -0.591320 1.043956 -0.396707
v -0.596269 1.047544 -0.369457
v -0.583430 1.042351 -0.388920
v -0.608430 1.050327 -0.386682
v -0.606028 1.051074 -0.374846
v -0.582576 1.040042 -0.377988
v -0.593520 1.153569 -0.380794
v -0.597707 1.154974 -0.406638
v -0.588514 1.153211 -0.399975
v -0.586884 1.153419 -0.389797
v -0.665546 0.005186 -0.244100
v -0.607057 1.005878 -0.194154
v -0.639124 0.005186 -0.267456
v -0.591945 1.005886 -0.204315
v -0.596292 0.005186 -0.280411
v -0.553959 0.005186 -0.270581
v -0.519395 0.005186 -0.242165
v -0.579376 1.005880 -0.190272
v -0.504051 0.005186 -0.201509
v -0.506218 0.005186 -0.166307
v -0.521693 0.005186 -0.134614
v -0.584410 1.005879 -0.178942
v -0.548116 0.005186 -0.111257
v -0.581469 0.005186 -0.099788
v -0.595171 1.005881 -0.175285
v -0.625996 0.005186 -0.104212
v -0.667845 0.005186 -0.136550
v -0.605228 1.005880 -0.181546
v -0.683188 0.005186 -0.177203
v -0.681021 0.005186 -0.212407
v -0.650058 1.005879 -0.260860
v -0.607367 1.005879 -0.278860
v -0.563454 1.005879 -0.275050
v -0.528038 1.005879 -0.251560
v -0.509228 1.005879 -0.221733
v -0.503262 1.005879 -0.186973
v -0.511051 1.005879 -0.152577
v -0.531412 1.005879 -0.123779
v -0.561244 1.005879 -0.104965
v -0.604273 1.005879 -0.098889
v -0.645800 1.005879 -0.115550
v -0.670076 1.005879 -0.141141
v -0.682707 1.005879 -0.174069
v -0.680270 1.005879 -0.217457
v -0.605998 1.191790 -0.219439
v -0.598561 1.197352 -0.222206
v -0.595325 1.204398 -0.217736
v -0.600494 1.207437 -0.206854
v -0.609660 1.200117 -0.203859
v -0.611011 1.192051 -0.212313
v -0.601204 1.041279 -0.179408
v -0.597429 1.046470 -0.206886
v -0.589113 1.043957 -0.199748
v -0.612623 1.047544 -0.185107
v -0.589850 1.041984 -0.187774
v -0.608034 1.050326 -0.205687
v -0.615188 1.051074 -0.195957
v -0.602379 1.153567 -0.190688
v -0.586049 1.154975 -0.211151
v -0.584808 1.153212 -0.199867
v -0.591253 1.153420 -0.191819
v -0.643478 0.006116 0.075979
v -0.596433 1.004947 0.015132
v -0.673485 0.006116 0.042783
v -0.607318 1.004954 0.000530
v -0.682751 0.006116 -0.009283
v -0.666799 0.006116 -0.049706
v -0.633604 0.006116 -0.079712
v -0.593900 1.004949 -0.012707
v -0.591133 0.006116 -0.088906
v -0.558144 0.006116 -0.082065
v -0.582338 1.004948 -0.008226
v -0.528563 0.006116 -0.062850
v -0.508349 0.006116 -0.032036
v -0.578480 1.005004 0.004515
v -0.501841 0.006116 0.012236
v -0.517793 0.006116 0.052658
v -0.583929 1.004949 0.012691
v -0.549098 0.006116 0.081396
v -0.600827 0.006116 0.092449
v -0.654772 1.004948 0.066798
v -0.625021 1.004948 0.085734
v -0.675016 1.004948 0.037915
v -0.682663 1.004948 0.003485
v -0.676554 1.004948 -0.031249
v -0.652143 1.004948 -0.067199
v -0.611897 1.004948 -0.086762
v -0.576638 1.004948 -0.087546
v -0.536615 1.004948 -0.070617
v -0.509576 1.004948 -0.034959
v -0.501930 1.004948 -0.000533
v -0.508038 1.004948 0.034200
v -0.532450 1.004948 0.070152
v -0.580690 1.004948 0.091827
v -0.621741 1.190513 0.015302
v -0.620559 1.203099 0.004559
v -0.609440 1.206131 0.009192
v -0.606001 1.198826 0.018203
v -0.614379 1.190773 0.019963
v -0.605940 1.044080 -0.000242
v -0.589065 1.047262 0.022047
v -0.596382 1.041518 -0.003683
v -0.603092 1.050322 0.021526
v -0.585367 1.041581 0.001869
v -0.610195 1.047147 0.010240
v -0.593199 1.152364 0.010288
v -0.614431 1.153766 -0.005028
v -0.603220 1.152006 -0.006814
v -0.594872 1.152214 -0.000770
v -0.624866 1.196064 0.008009
v 0.796673 0.005186 -0.453360
v 0.793268 1.005878 -0.376178
v 0.838715 0.005186 -0.438031
v 0.871236 0.005186 -0.396327
v 0.800222 1.005880 -0.364099
v 0.876020 0.005186 -0.353137
v 0.860691 0.005186 -0.311094
v 0.792803 1.005881 -0.350519
v 0.818987 0.005186 -0.278574
v 0.775796 0.005186 -0.273790
v 0.733754 0.005186 -0.289119
v 0.776672 1.005878 -0.353123
v 0.701234 0.005186 -0.330823
v 0.696450 0.005186 -0.374013
v 0.711779 0.005186 -0.416056
v 0.777997 1.005879 -0.375165
v 0.753483 0.005186 -0.448576
v 0.818987 1.005879 -0.448576
v 0.775796 1.005879 -0.453360
v 0.860691 1.005879 -0.416055
v 0.876020 1.005879 -0.374013
v 0.871236 1.005879 -0.330823
v 0.838715 1.005879 -0.289119
v 0.796673 1.005879 -0.273790
v 0.753483 1.005879 -0.278574
v 0.711779 1.005879 -0.311094
v 0.696450 1.005879 -0.353137
v 0.701234 1.005879 -0.396327
v 0.733754 1.005879 -0.438031
v 0.805807 1.191790 -0.389558
v 0.809783 1.204398 -0.379507
v 0.797786 1.207437 -0.378407
v 0.790537 1.200117 -0.384767
v 0.797121 1.192050 -0.390238
v 0.771912 1.005911 -0.362721
v 0.793475 1.043512 -0.360793
v 0.773767 1.048272 -0.380252
v 0.786413 1.051337 -0.386346
v 0.799623 1.047615 -0.377503
v 0.777006 1.040040 -0.362159
v 0.782917 1.153572 -0.371788
v 0.808845 1.154975 -0.368169
v 0.799768 1.153212 -0.361350
v 0.789560 1.153420 -0.362794
v 0.811978 1.197351 -0.384570
vn -0.5882 0.0035 -0.8087
vn -0.8087 -0.0035 -0.5882
vn -0.9265 0.0031 -0.3763
vn 0.8192 0.0027 -0.5735
vn 0.6617 -0.0024 -0.7498
vn 0.4688 0.0020 -0.8833
vn 0.8643 0.0020 -0.5030
vn 0.7840 -0.0016 -0.6208
vn 0.5219 0.0022 -0.8530
vn 0.3634 0.0021 0.9316
vn 0.6010 -0.0023 0.7992
vn 0.7611 0.0027 0.6486
vn 0.7205 0.0020 -0.6934
vn 0.5762 -0.0020 -0.8173
vn 0.3870 0.0020 -0.9221
vn 0.4027 0.0027 0.9153
vn 0.6063 -0.0024 0.7953
vn 0.7748 0.0020 0.6321
vn 0.8730 0.0023 -0.4876
vn 0.6977 -0.0023 -0.7164
vn 0.5959 0.0014 -0.8030
vn -0.0632 0.8321 -0.5509
vn -0.0000 1.0000 -0.0000
vn 0.1709 0.9056 0.3882
vn -0.5647 0.7909 -0.2357
vn -0.4896 0.7939 0.3606
vn 0.3025 0.7931 -0.5286
vn 0.8213 0.3470 -0.4529
vn 0.5994 0.7893 0.1334
vn 0.8838 0.0079 0.4678
vn 0.4252 0.7893 -0.4430
vn 0.9478 0.1182 0.2960
vn 0.8641 0.0121 -0.5031
vn 0.2397 0.1181 0.9636
vn -0.2193 0.9510 0.2180
vn -0.4895 0.1868 0.8518
vn 0.6035 0.7974 0.0002
vn 0.7214 -0.0802 0.6878
vn 0.2525 0.8321 0.4938
vn -0.1369 0.8650 0.4827
vn 0.0098 0.1605 0.9870
vn -0.8391 0.1006 0.5346
vn 0.2532 0.8668 0.4295
vn -0.3962 0.0357 0.9175
vn -0.3097 0.8870 0.3426
vn -0.3710 0.8764 -0.3071
vn -0.8173 0.1359 -0.5600
vn 0.0070 0.8254 -0.5646
vn 0.0099 0.1605 0.9870
vn -0.8390 0.1006 0.5347
vn 0.6019 -0.0133 -0.7985
vn 0.4178 0.5818 -0.6979
vn 0.9634 0.2478 -0.1027
vn -0.1474 0.0051 0.9891
vn 0.4303 0.1646 0.8876
vn -0.1913 0.5800 0.7918
vn -0.9320 0.0027 -0.3625
vn -0.9929 -0.0027 -0.1191
vn -0.9929 0.0027 0.1191
vn -0.8643 0.0020 0.5030
vn -0.7840 -0.0016 0.6208
vn -0.5219 0.0022 0.8530
vn 0.9929 0.0027 -0.1191
vn 0.9320 -0.0027 -0.3625
vn -0.9993 0.0027 0.0375
vn -0.9585 -0.0027 0.2851
vn -0.8639 0.0027 0.5037
vn 0.6598 0.0016 0.7515
vn 0.7694 -0.0023 0.6388
vn 0.9051 0.0024 0.4253
vn 0.9050 -0.0031 0.4253
vn 0.9808 0.0035 0.1950
vn -0.0705 0.0034 0.9975
vn -0.2886 -0.0031 0.9574
vn 0.2604 -0.0033 0.9655
vn -0.6582 0.0017 -0.7529
vn -0.7718 -0.0022 -0.6359
vn -0.9051 0.0024 -0.4252
vn 0.5882 0.0035 0.8087
vn 0.8087 -0.0035 0.5882
vn 0.9265 0.0031 0.3763
vn -0.7008 -0.0031 0.7134
vn -0.5241 0.0029 0.8517
vn -0.9970 0.0028 -0.0768
vn -0.9878 -0.0032 0.1557
vn -0.9153 0.0027 0.4027
vn 0.0001 1.0000 -0.0000
vn 0.4084 0.7855 -0.4650
vn 0.0001 1.0000 -0.0002
vn 0.1059 0.8642 -0.4919
vn -0.0000 1.0000 -0.0001
vn 0.7418 0.3470 0.5738
vn 0.1157 0.7893 0.6030
vn -0.0782 0.0079 0.9969
vn 0.5994 0.7892 0.1333
vn 0.2393 0.1174 0.9638
vn 0.8838 0.0079 0.4677
vn 0.8214 0.1174 -0.5582
vn 0.2805 0.9510 0.1303
vn 0.9689 0.1841 0.1654
vn -0.1368 0.8650 0.4827
vn 0.3455 0.8650 0.3638
vn 0.8542 0.1605 0.4947
vn 0.0324 0.1006 0.9944
vn 0.4597 0.8870 -0.0442
vn -0.5334 -0.1150 -0.8380
vn 0.1026 0.8668 -0.4879
vn -0.3588 0.7856 -0.5040
vn -0.9380 0.0051 -0.3466
vn -0.3361 -0.0682 -0.9394
vn 0.0919 0.8668 -0.4901
vn 0.9020 0.0357 -0.4302
vn 0.4586 0.8870 -0.0542
vn 0.4488 -0.1176 -0.8858
vn 0.8212 0.3469 -0.4530
vn 0.9564 -0.0802 -0.2807
vn -0.6768 -0.1150 0.7271
vn -0.0718 0.2425 0.9675
vn -0.5767 0.2075 0.7901
vn -0.1873 0.0051 0.9823
vn 0.3939 0.1646 0.9043
vn -0.2232 0.5800 0.7834
vn -0.0244 0.0030 -0.9997
vn -0.3764 -0.0032 -0.9264
vn -0.5761 0.0038 -0.8174
vn 0.4394 0.0028 -0.8983
vn 0.1022 -0.0026 -0.9948
vn -0.0319 0.0019 -0.9995
vn -0.9619 0.0017 -0.2734
vn -0.9933 -0.0017 -0.1155
vn -0.9933 0.0017 0.1155
vn -0.7748 0.0020 -0.6321
vn -0.8735 -0.0017 -0.4868
vn 0.1534 0.0027 0.9882
vn 0.3946 -0.0027 0.9189
vn 0.6015 0.0027 0.7988
vn 0.0244 0.0030 0.9997
vn 0.3764 -0.0032 0.9264
vn 0.5761 0.0038 0.8174
vn -0.4868 0.0017 -0.8735
vn -0.6207 -0.0017 -0.7840
vn -0.7840 0.0017 -0.6207
vn 0.9929 -0.0027 0.1191
vn 0.2902 0.0031 0.9569
vn 0.5497 -0.0028 0.8353
vn 0.7164 0.0024 0.6977
vn -0.9619 -0.0017 0.2734
vn -0.8087 0.0035 0.5882
vn -0.5882 -0.0035 0.8087
vn -0.3763 0.0031 0.9265
vn -0.2875 0.0020 0.9578
vn -0.1155 -0.0017 0.9933
vn 0.1155 0.0017 0.9933
vn -0.4924 0.8673 -0.0724
vn -0.0001 1.0000 -0.0000
vn 0.3146 0.8995 -0.3031
vn 0.5760 0.7909 -0.2067
vn 0.8212 0.3470 -0.4529
vn 0.5994 0.7893 0.1333
vn 0.8945 0.1175 -0.4313
vn 0.2583 0.9510 0.1700
vn 0.9340 0.1841 0.3061
vn -0.3610 0.7837 -0.5054
vn -0.8531 -0.0133 -0.5216
vn 0.0420 -0.0921 -0.9949
vn -0.2776 0.8725 0.4020
vn -0.5327 0.1318 0.8360
vn -0.5628 0.8252 0.0480
vn 0.4489 -0.1176 -0.8858
vn -0.5516 -0.1150 -0.8262
vn -0.9250 0.2424 -0.2927
vn -0.6360 0.2076 -0.7432
vn -0.8531 -0.0133 -0.5217
vn -0.9578 0.1637 0.2363
vn -0.7351 0.5818 -0.3480
vn 0.1399 0.8253 0.5471
vn 0.9122 0.1318 0.3879
vn -0.4027 0.0027 -0.9153
vn -0.6063 -0.0024 -0.7953
vn 0.5939 0.0025 0.8046
vn 0.7681 -0.0019 0.6403
vn 0.9302 0.0018 0.3671
vn 0.6484 0.0023 -0.7613
vn 0.5055 -0.0022 -0.8628
vn 0.1952 0.0029 -0.9808
vn -0.6928 0.0016 0.7211
vn -0.5539 -0.0019 0.8326
vn -0.3763 0.0018 0.9265
vn 0.8081 0.0023 -0.5891
vn 0.7085 -0.0023 -0.7057
vn 0.4349 0.0023 -0.9005
vn -0.3525 0.0021 -0.9358
vn 0.0420 -0.0023 -0.9991
vn -0.4200 -0.0007 -0.9075
vn 0.6081 0.7837 0.1264
vn 0.0002 1.0000 -0.0000
vn 0.3808 0.8254 -0.4168
vn -0.1749 0.8253 -0.5369
vn -0.0001 1.0000 -0.0004
vn -0.2777 0.8725 0.4020
vn -0.2960 0.3469 0.8900
vn -0.5307 0.7893 0.3087
vn -0.9668 0.0098 0.2552
vn -0.0494 0.7893 -0.6120
vn 0.8504 0.1174 -0.5129
vn 0.1863 0.0079 -0.9825
vn -0.9833 0.1163 0.1402
vn -0.1957 0.9510 -0.2395
vn -0.8023 0.1796 -0.5692
vn 0.9307 -0.0833 -0.3562
vn 0.5458 0.8370 0.0381
vn 0.9139 -0.1176 -0.3886
vn 0.9200 0.3470 0.1823
vn 0.9125 -0.0802 0.4012
vn -0.4848 -0.1132 -0.8673
vn -0.9147 0.2425 -0.3232
vn -0.6110 0.2075 -0.7639
vn 0.8189 0.0500 0.5717
vn 0.0940 0.1419 0.9854
vn -0.9568 0.1646 0.2397
vn -0.7360 0.5800 -0.3492
vn -0.8819 0.0031 -0.4714
vn -0.9794 -0.0028 -0.2020
vn -0.9999 0.0024 0.0132
vn 0.2931 -0.0020 -0.9561
vn 0.0622 0.0024 -0.9981
vn 0.8735 -0.0017 0.4868
vn 0.9619 0.0017 0.2734
vn 0.9993 0.0027 -0.0375
vn 0.9585 -0.0027 -0.2851
vn -0.1191 -0.0027 0.9929
vn 0.1191 0.0027 0.9929
vn -0.1155 0.0017 -0.9933
vn -0.2734 -0.0017 -0.9619
vn 0.5373 0.0027 -0.8434
vn 0.3105 -0.0027 -0.9506
vn 0.0769 0.0027 -0.9970
vn -0.3625 0.0027 0.9320
vn 0.1007 0.0023 0.9949
vn 0.3557 0.8995 -0.2535
vn -0.0855 0.8322 -0.5479
vn 0.1754 0.8996 0.4000
vn -0.4797 0.8434 0.2421
vn 0.2349 0.1163 0.9650
vn 0.8834 0.0098 0.4685
vn -0.4906 0.1841 0.8517
vn -0.5883 0.7974 -0.1346
vn -0.5503 -0.0802 -0.8311
vn -0.1363 0.8321 -0.5376
vn 0.4721 0.8668 -0.1604
vn 0.8175 0.0357 0.5748
vn 0.2723 0.8870 0.3730
vn -0.4711 0.8726 0.1291
vn -0.9458 0.1318 0.2967
vn -0.4611 0.8253 -0.3261
vn -0.9788 -0.1176 -0.1678
vn -0.6749 0.3470 -0.6512
vn 0.9715 0.1605 -0.1746
vn 0.9216 0.1868 0.3403
vn 0.6674 0.1006 0.7378
vn 0.0979 -0.1176 0.9882
vn 0.6781 0.2424 0.6938
vn 0.2112 0.2076 0.9552
vn -0.7351 0.5817 -0.3481
vn -0.1958 0.2478 -0.9488
vn -0.4944 0.0051 -0.8692
vn -0.8864 0.1647 -0.4326
vn -0.3382 0.5800 -0.7411
vn 0.5252 0.0988 0.8452
vn -0.5628 0.8252 0.0474
vn -0.4479 0.0022 0.8941
vn -0.2966 -0.0017 0.9550
vn 0.0280 0.0017 0.9996
vn -0.8943 0.0019 -0.4475
vn -0.9778 -0.0027 -0.2097
vn -0.9987 0.0017 -0.0518
vn 0.0359 0.0020 0.9994
vn 0.2245 -0.0020 0.9745
vn 0.4287 0.0020 0.9034
vn -0.7953 0.0024 -0.6063
vn -0.9153 -0.0027 -0.4027
vn -0.9848 0.0027 -0.1737
vn -0.8141 0.0027 0.5807
vn -0.6551 -0.0024 0.7555
vn 0.8139 0.0021 -0.5810
vn 0.6290 -0.0023 -0.7774
vn 0.4605 0.0023 -0.8877
vn 0.8856 0.0024 0.4645
vn 0.9783 -0.0021 0.2074
vn 0.9986 0.0020 0.0529
vn -0.6546 0.0004 -0.7560
vn -0.7088 -0.0018 -0.7054
vn -0.6321 -0.0020 -0.7748
vn 0.4664 0.0029 0.8846
vn -0.1651 0.8321 -0.5294
vn 0.1184 0.7939 -0.5965
vn 0.4423 0.8725 0.2076
vn -0.6114 0.3472 -0.7111
vn 0.0079 0.7893 -0.6140
vn 0.2771 0.0079 -0.9608
vn -0.0825 0.7893 -0.6085
vn 0.1328 0.0079 -0.9911
vn -0.7200 0.1174 -0.6840
vn 0.0678 0.9510 -0.3017
vn -0.0442 0.1841 -0.9819
vn -0.5947 0.7974 -0.1025
vn -0.5945 -0.0802 -0.8001
vn -0.3611 0.7837 -0.5054
vn -0.3485 0.7855 0.5114
vn -0.0004 0.0051 1.0000
vn -0.7648 -0.0682 0.6406
vn -0.4822 0.8321 0.2738
vn -0.9979 0.0499 -0.0417
vn -0.3630 0.8996 -0.2430
vn 0.9915 -0.1150 0.0603
vn 0.6300 -0.0725 0.7732
vn -0.1988 0.2425 -0.9496
vn 0.3355 0.2075 -0.9189
vn -0.1422 0.1637 -0.9762
vn 0.1651 0.0027 -0.9863
vn -0.0856 -0.0027 -0.9963
vn -0.3188 0.0027 -0.9478
vn -0.5447 -0.0027 -0.8386
vn -0.7284 0.0027 -0.6852
vn 0.5505 0.0018 0.8349
vn 0.7783 -0.0023 0.6278
vn 0.9120 0.0021 -0.4103
vn 0.7692 -0.0023 -0.6391
vn 0.6109 0.0027 -0.7917
vn 0.2065 -0.0021 -0.9784
vn 0.0704 0.0014 -0.9975
vn -0.5623 0.0023 0.8269
vn -0.3695 -0.0032 0.9292
vn -0.1201 0.0027 0.9928
vn 0.9933 0.0017 -0.1155
vn 0.9619 -0.0017 -0.2734
vn 0.8735 0.0017 -0.4868
vn 0.9796 -0.0027 0.2009
vn 0.9933 -0.0017 0.1155
vn -0.9603 0.0020 -0.2791
vn -0.9957 -0.0020 -0.0922
vn -0.9898 0.0024 0.1423
vn -0.0851 0.7909 -0.6060
vn -0.5598 0.7939 -0.2374
vn 0.0001 1.0000 -0.0001
vn 0.6107 0.3469 0.7118
vn -0.0084 0.7893 0.6140
vn -0.2779 0.0079 0.9606
vn 0.2388 0.1184 -0.9638
vn 0.2959 0.9509 -0.0905
vn 0.8331 0.1823 -0.5222
vn 0.5224 0.7909 -0.3187
vn 0.3348 0.8668 0.3695
vn -0.7083 -0.0003 -0.7059
vn -0.0624 0.8876 -0.4563
vn 0.4493 -0.1150 -0.8860
vn 0.8212 0.3471 -0.4529
vn 0.9599 -0.0725 -0.2708
vn -0.4800 -0.1018 0.8713
vn -0.2704 0.2482 0.9302
vn -0.7264 0.2106 0.6542
vn 0.8175 0.0357 0.5749
vn -0.9267 -0.0164 -0.3755
vn -0.9567 0.1670 0.2382
vn -0.7360 0.5800 -0.3491
vn -0.4524 0.1646 -0.8765
vn -0.9357 0.1318 -0.3273
vn 0.3946 -0.0027 -0.9188
vn 0.3763 0.0031 -0.9265
vn 0.1191 -0.0027 -0.9929
vn -0.1191 0.0027 -0.9929
vn 0.7748 -0.0020 -0.6321
vn 0.6209 0.0020 -0.7839
vn -0.4688 0.0020 0.8833
vn -0.2931 -0.0020 0.9561
vn -0.0623 0.0024 0.9981
vn -0.9771 0.0021 -0.2126
vn -0.9979 -0.0031 -0.0641
vn -0.9669 0.0023 0.2553
vn 0.4023 -0.0021 -0.9155
vn 0.2552 0.0020 -0.9669
vn 0.6251 0.0030 -0.7806
vn 0.3085 -0.0032 -0.9512
vn 0.0855 0.0038 -0.9963
vn 0.5541 0.0023 -0.8324
vn 0.3289 -0.0025 -0.9444
vn 0.1639 0.0019 -0.9865
vn 0.3657 0.8995 -0.2389
vn -0.0855 0.7893 -0.6080
vn 0.8185 0.1174 -0.5624
vn 0.1278 0.0079 -0.9918
vn -0.8946 0.1181 0.4310
vn -0.2581 0.9510 -0.1703
vn -0.9336 0.1868 -0.3058
vn -0.3267 0.9079 -0.2626
vn -0.9871 0.1572 0.0298
vn -0.5494 0.1010 -0.8294
vn -0.4574 0.8870 0.0638
vn -0.8746 0.1605 -0.4574
vn -0.3608 0.8650 -0.3486
vn 0.9589 -0.1150 0.2594
vn -0.5331 0.7756 0.3381
vn -0.0809 0.8373 0.5408
vn -0.7866 -0.0082 0.6174
vn -0.9643 0.1605 0.2107
vn -0.6944 0.1006 -0.7125
vn -0.5698 0.7909 -0.2233
vn 0.8892 0.2424 -0.3881
vn 0.9680 0.2076 0.1412
vn -0.7819 -0.0164 0.6232
vn -0.2621 0.1670 0.9505
vn -0.6654 0.5800 0.4699
vn -0.2159 0.0021 -0.9764
vn -0.4690 -0.0023 -0.8832
vn -0.6506 0.0027 -0.7594
vn 0.9457 0.0023 0.3250
vn 0.9982 -0.0021 0.0604
vn 0.9970 0.0014 -0.0770
vn -0.7707 0.0005 -0.6372
vn -0.8049 -0.0017 -0.5935
vn 0.8785 -0.0021 0.4777
vn 0.9420 0.0020 0.3355
vn -0.9590 -0.0021 0.2834
vn -0.9111 0.0014 0.4122
vn 0.3111 0.0019 -0.9504
vn 0.0786 -0.0025 -0.9969
vn -0.0771 0.0014 -0.9970
vn 0.1737 -0.0027 0.9848
vn 0.3214 0.0006 0.9469
vn 0.3602 -0.0022 0.9329
vn -0.5732 0.7974 -0.1888
vn -0.1584 0.8870 -0.4338
vn -0.4980 0.8668 0.0235
vn 0.3534 0.8650 0.3562
vn -0.0245 0.8434 0.5368
vn -0.0860 0.7909 0.6059
vn 0.0262 0.7974 0.6029
vn -0.7092 0.3470 -0.6136
vn 0.5994 0.7892 0.1332
vn 0.9113 0.1174 -0.3947
vn 0.2512 0.9510 0.1804
vn 0.9209 0.1841 0.3437
vn 0.4733 0.8725 0.1212
vn 0.9687 0.1318 0.2103
vn 0.2396 0.8253 0.5114
vn 0.6042 0.7909 -0.0968
vn 0.8945 -0.1150 0.4319
vn 0.1695 0.8668 0.4689
vn 0.5736 0.7856 0.2321
vn 0.9772 0.0051 -0.2120
vn 0.7885 -0.0682 0.6113
vn 0.3784 0.7743 0.5072
vn 0.5419 0.8389 0.0517
vn 0.5180 -0.0146 0.8553
vn 0.8176 0.0357 0.5748
vn 0.0290 0.3470 -0.9374
vn 0.2560 -0.0725 -0.9640
vn -0.9589 -0.1176 -0.2581
vn -0.8889 0.2424 0.3888
vn -0.9681 0.2075 -0.1404
vn 0.4872 0.5821 0.6510
vn 0.4289 0.0500 -0.9019
vn 0.9565 0.1419 -0.2549
vn 0.2735 0.0016 -0.9619
vn 0.1339 -0.0020 -0.9910
vn -0.2347 0.0024 -0.9721
vn -0.4563 -0.0027 -0.8898
vn -0.6546 0.0027 -0.7560
vn -0.7498 0.0024 0.6617
vn -0.5735 -0.0027 0.8192
vn -0.3893 0.0020 0.9211
vn -0.1132 -0.0019 0.9936
vn 0.0726 0.0019 0.9974
vn 0.9506 0.0027 -0.3105
vn 0.8434 -0.0027 -0.5373
vn 0.6916 0.0027 -0.7223
vn 0.9911 0.0021 -0.1332
vn 0.9180 -0.0024 -0.3965
vn 0.8114 0.0028 -0.5845
vn -0.8620 0.0035 0.5070
vn -0.6639 -0.0035 0.7478
vn -0.4644 0.0031 0.8856
vn 0.6123 -0.0031 -0.7906
vn 0.6927 0.0021 0.7213
vn 0.8614 -0.0023 0.5079
vn -0.0850 0.7909 -0.6060
vn -0.4127 0.8434 -0.3441
vn -0.0044 0.7939 -0.6081
vn -0.9145 0.3470 0.2078
vn -0.5390 0.7893 -0.2940
vn -0.7199 0.0079 -0.6941
vn 0.5993 0.7893 0.1333
vn 0.8839 0.0079 0.4677
vn -0.9626 0.1181 -0.2437
vn -0.0886 0.9510 -0.2963
vn -0.5196 0.1868 -0.8337
vn -0.4973 0.8650 0.0661
vn -0.9019 0.1605 0.4010
vn -0.8240 0.1006 -0.5576
vn 0.0992 0.8321 0.5457
vn -0.3691 0.0500 0.9281
vn -0.3492 0.8996 0.2624
vn 0.4660 0.8726 0.1465
vn 0.9559 0.1318 0.2624
vn 0.2113 0.8253 0.5237
vn -0.4490 0.3471 0.8234
vn -0.6555 -0.0802 0.7510
vn 0.9455 0.2425 -0.2172
vn 0.9253 0.2075 0.3175
vn 0.5222 -0.0367 -0.8520
vn 0.9895 0.1229 0.0759
vn 0.6779 0.1646 -0.7164
vn 0.8083 0.5800 -0.1012
vn 0.6515 0.0004 -0.7587
vn 0.5935 -0.0018 -0.8048
vn -0.9578 -0.0020 0.2875
vn -0.8644 0.0024 0.5027
vn 0.7863 0.0027 0.6179
vn 0.9153 -0.0027 0.4027
vn 0.9848 0.0027 0.1737
vn 0.2875 0.0020 -0.9578
vn 0.1155 -0.0017 -0.9933
vn 0.9970 -0.0027 -0.0769
vn -0.5373 0.0027 0.8434
vn -0.3105 -0.0027 0.9506
vn -0.0769 0.0027 0.9970
vn -0.9954 0.0029 -0.0962
vn -0.9971 -0.0023 0.0757
vn -0.9231 0.0020 0.3845
vn -0.2189 0.7903 0.5723
vn 0.3020 0.7974 -0.5225
vn -0.5621 0.7909 -0.2420
vn 0.1829 0.8104 -0.5565
vn -0.2194 0.9510 0.2180
vn -0.4895 0.1868 0.8517
vn -0.0751 0.1006 -0.9921
vn 0.2637 0.1605 -0.9512
vn 0.2651 0.8651 -0.4259
vn -0.3756 0.7855 0.4918
vn -0.0546 0.0051 0.9985
vn -0.7985 -0.0683 0.5981
vn -0.1678 0.8321 -0.5286
vn 0.2478 0.0500 -0.9675
vn 0.3130 0.8996 -0.3047
vn -0.9870 -0.1176 -0.1096
vn -0.7124 0.3470 -0.6100
vn -0.5985 -0.0802 -0.7971
vn 0.5688 -0.1150 0.8144
vn 0.9309 0.2424 0.2732
vn 0.6515 0.2076 0.7297
vn -0.6265 0.0357 -0.7786
vn 0.0363 0.1181 -0.9923
vn 0.3574 -0.0164 -0.9338
vn -0.2567 0.1670 -0.9520
vn 0.3348 0.5800 -0.7426
vn 0.5027 -0.0024 -0.8644
vn -0.1737 -0.0027 -0.9848
vn -0.8462 0.0004 0.5328
vn -0.8044 -0.0018 0.5940
vn 0.5070 0.0035 0.8620
vn 0.7478 -0.0035 0.6639
vn 0.8856 0.0031 0.4644
vn -0.8446 0.0031 0.5354
vn -0.6738 -0.0027 0.7389
vn -0.4833 0.0026 0.8755
vn -0.7944 0.0026 0.6074
vn -0.6126 -0.0020 0.7904
vn -0.3690 0.0021 0.9294
vn 0.1548 0.0023 -0.9879
vn -0.1152 -0.0020 -0.9933
vn -0.3435 0.0023 -0.9392
vn 0.4618 0.0016 0.8870
vn 0.6117 -0.0020 0.7911
vn 0.7777 0.0024 0.6286
vn -0.2697 0.8764 0.3991
vn -0.0001 1.0000 0.0002
vn 0.4592 0.8877 -0.0348
vn -0.5837 0.3470 -0.7341
vn 0.0312 0.7893 -0.6132
vn 0.3134 0.0079 -0.9496
vn -0.8273 0.1163 -0.5496
vn 0.2730 0.9510 0.1453
vn 0.9585 0.1841 0.2176
vn 0.5777 0.7974 0.1745
vn 0.4920 -0.0802 0.8669
vn 0.9542 0.1006 -0.2816
vn 0.9112 0.0357 -0.4104
vn -0.4549 0.8726 -0.1779
vn 0.9650 -0.1176 0.2343
vn 0.6289 0.3471 0.6957
vn -0.1988 0.2424 -0.9496
vn -0.8835 0.1175 0.4535
vn -0.9377 0.1418 0.3171
vn -0.1691 0.0051 -0.9856
vn -0.6862 0.1646 -0.7086
vn -0.0658 0.5800 -0.8120
vn -0.3225 0.8253 -0.4635
vn -0.9903 0.1318 -0.0431
vn -0.8001 0.0027 0.5998
vn -0.6256 -0.0027 0.7801
vn -0.4224 0.0027 0.9064
vn 0.9363 0.0027 -0.3511
vn 0.8195 -0.0027 -0.5731
vn 0.6460 0.0032 -0.7633
vn -0.9999 0.0027 -0.0123
vn -0.9715 -0.0027 0.2370
vn -0.8963 0.0023 0.4435
vn 0.9914 0.0027 0.1312
vn 0.9928 -0.0027 -0.1197
vn 0.9607 0.0017 -0.2774
vn 0.9037 -0.0017 -0.4281
vn 0.7814 0.0017 -0.6240
vn 0.2630 -0.0016 0.9648
vn 0.8620 0.0035 -0.5070
vn 0.6639 -0.0035 -0.7478
vn 0.4644 0.0031 -0.8856
vn 0.9794 0.0029 0.2018
vn 0.9917 -0.0028 -0.1283
vn 0.9639 0.0016 -0.2663
vn -0.9997 0.0017 0.0224
vn -0.9832 -0.0017 0.1826
vn -0.9151 0.0017 0.4033
vn 0.0003 1.0000 0.0002
vn 0.3195 0.8743 0.3654
vn 0.4737 0.7939 -0.3813
vn 0.2418 0.8253 0.5103
vn 0.0002 1.0000 0.0004
vn 0.5538 0.8321 0.0284
vn 0.5280 0.8434 -0.0998
vn 0.1754 0.8995 0.4001
vn 0.0394 0.3473 -0.9369
vn 0.2398 0.1181 0.9636
vn -0.4887 0.1796 0.8538
vn -0.5005 0.8650 -0.0357
vn -0.0853 0.0500 0.9951
vn -0.2587 0.8995 0.3520
vn 0.9916 -0.1176 -0.0543
vn 0.8030 0.3470 0.4846
vn 0.0721 0.1291 -0.9890
vn 0.6601 0.1272 -0.7403
vn 0.4492 -0.1150 -0.8860
vn -0.1987 0.2425 -0.9496
vn -0.9568 0.1670 0.2382
vn -0.9641 0.0023 0.2656
vn -0.8568 -0.0021 0.5156
vn -0.7679 0.0020 0.6406
vn 0.6434 -0.0021 0.7655
vn 0.7423 0.0014 0.6700
vn 0.9884 0.0021 -0.1519
vn 0.9119 -0.0023 -0.4105
vn 0.8001 0.0027 -0.5998
vn -0.1979 -0.0024 0.9802
vn 0.6179 -0.0027 0.7863
vn 0.8087 0.0035 -0.5882
vn 0.5882 -0.0035 -0.8087
vn 1.0000 0.0024 -0.0062
vn 0.9262 -0.0024 -0.3770
vn 0.8802 0.0011 -0.4747
vn -0.8414 0.0025 -0.5405
vn -0.9450 -0.0019 -0.3272
vn -0.9999 0.0018 -0.0142
vn -0.1376 0.0031 -0.9905
vn -0.3935 -0.0027 -0.9193
vn -0.5998 0.0027 -0.8001
vn -0.4816 0.7939 0.3712
vn 0.3021 0.7974 -0.5224
vn 0.5539 0.8321 0.0284
vn -0.0002 1.0000 -0.0002
vn 0.4739 0.8726 0.1186
vn 0.1844 0.7893 0.5856
vn 0.0371 0.0079 0.9993
vn 0.0075 0.7893 0.6140
vn -0.2530 0.0079 0.9674
vn -0.7891 0.1181 0.6028
vn -0.2872 0.9510 -0.1148
vn -0.9761 0.1868 -0.1109
vn -0.5952 0.7974 -0.0995
vn 0.0497 0.7855 -0.6168
vn 0.3478 -0.0683 -0.9351
vn 0.3921 0.0500 -0.9186
vn 0.4607 -0.0725 0.8846
vn 0.6442 -0.0921 0.7593
vn 0.7875 0.2479 0.5643
vn 0.3744 0.2091 0.9034
vn 0.9806 -0.0133 -0.1956
vn 0.7762 0.5818 -0.2431
vn 0.0046 0.0051 1.0000
vn 0.5603 0.1646 0.8118
vn -0.0687 0.5800 0.8117
vn 0.5433 0.1637 -0.8234
vn -0.2376 0.1359 -0.9618
vn 0.8793 0.0028 -0.4763
vn 0.7778 -0.0028 -0.6285
vn -0.9981 -0.0024 0.0622
vn -0.9561 0.0020 0.2931
vn 0.9578 -0.0020 -0.2875
vn 0.8644 0.0024 -0.5027
vn 0.4868 0.0017 0.8735
vn 0.6207 -0.0017 0.7840
vn 0.7840 0.0017 0.6207
vn -0.6916 0.0027 0.7223
vn -0.5027 -0.0024 0.8644
vn -0.7223 -0.0027 0.6916
vn 0.2734 -0.0017 0.9619
vn -0.3338 0.0023 -0.9426
vn -0.5585 -0.0025 -0.8295
vn -0.6804 0.0014 -0.7328
vn -0.5124 -0.0020 0.8587
vn -0.0000 1.0000 0.0007
vn -0.3347 0.8434 -0.4203
vn -0.4268 0.8370 0.3423
vn 0.3025 0.7931 -0.5287
vn -0.5771 0.7893 0.2098
vn -0.9967 0.0079 0.0809
vn -0.0727 0.8764 -0.4761
vn -0.4704 -0.0802 -0.8788
vn 0.5743 0.7909 0.2113
vn -0.0816 0.8668 0.4919
vn -0.4381 0.7856 0.4370
vn -0.8711 -0.0682 0.4863
vn 0.4055 0.8321 0.3784
vn 0.2585 0.0500 0.9647
vn -0.1234 0.8996 0.4190
vn -0.9477 -0.1176 -0.2969
vn -0.5819 0.3470 -0.7355
vn -0.4344 -0.0802 -0.8971
vn -0.9865 -0.1176 -0.1143
vn -0.8220 0.2424 0.5154
vn -0.9782 0.2076 0.0035
vn -0.9242 0.0027 0.3819
vn -0.7910 -0.0031 0.6118
vn -0.6206 0.0035 0.7841
vn -0.0983 0.0027 0.9952
vn 0.1672 -0.0031 0.9859
vn 0.3995 0.0035 0.9167
vn -0.9320 -0.0027 0.3625
vn -0.8192 0.0027 0.5735
vn -0.7863 0.0027 -0.6179
vn -0.7893 -0.0031 -0.6140
vn -0.9139 0.0035 -0.4060
vn -0.8515 -0.0020 0.5243
vn -0.6818 0.0020 0.7315
vn -0.6617 -0.0024 0.7498
vn 0.5527 0.0031 -0.8334
vn 0.4218 -0.0021 -0.9067
vn 0.0143 0.0017 -0.9999
vn -0.3450 0.0025 0.9386
vn -0.0793 -0.0031 0.9968
vn 0.1423 0.0034 0.9898
vn -0.0000 1.0000 -0.0002
vn 0.0179 0.8725 -0.4883
vn 0.4487 0.8253 -0.3428
vn 0.0132 0.8434 -0.5371
vn -0.0909 0.8370 0.5396
vn -0.4029 0.9056 0.1324
vn -0.2625 0.9510 -0.1635
vn -0.9414 0.1841 -0.2826
vn 0.3354 0.2075 -0.9189
vn -0.2904 0.1620 0.9431
vn -0.6806 0.5800 0.4477
vn -0.9794 0.0021 -0.2021
vn -0.9978 -0.0023 0.0670
vn 0.9932 -0.0035 -0.1166
vn 0.9359 0.0031 -0.3521
vn -0.5070 0.0035 -0.8619
vn -0.7478 -0.0035 -0.6639
vn -0.8856 0.0031 -0.4644
vn 0.9166 0.0032 -0.3997
vn 0.7994 -0.0028 -0.6008
vn -0.8535 0.0023 -0.5212
vn -0.9287 -0.0028 -0.3708
vn -0.9983 0.0028 -0.0574
vn 0.4589 -0.0033 0.8885
vn 0.6432 0.0029 0.7657
vn 0.3819 0.0027 0.9242
vn 0.5999 -0.0027 0.8001
vn 0.7728 0.0027 0.6346
vn -0.8688 -0.0024 -0.4951
vn -0.9506 0.0027 0.3105
vn -0.8434 -0.0027 0.5373
vn 0.5380 0.7837 -0.3103
vn 0.0002 1.0000 -0.0001
vn -0.3618 0.9026 0.2333
vn 0.0113 0.3469 0.9378
vn -0.4006 0.7893 0.4654
vn -0.8297 0.0079 0.5582
vn 0.9573 0.1181 0.2640
vn 0.0823 0.9510 0.2981
vn 0.5019 0.1868 0.8445
vn 0.8648 0.1605 0.4757
vn 0.0541 0.1006 0.9935
vn 0.0084 0.3470 -0.9378
vn 0.2349 -0.0726 -0.9693
vn 0.4833 0.1868 0.8553
vn 0.3355 0.2076 -0.9189
vn 0.5561 0.1646 0.8146
vn -0.9832 -0.1140 0.1426
vn -0.9376 0.3473 0.0164
vn 0.4536 0.0023 0.8912
vn 0.6540 -0.0026 0.7565
vn 0.8122 0.0027 0.5834
vn 0.9570 0.0027 -0.2900
vn 0.8622 -0.0024 -0.5065
vn -0.5709 -0.0016 0.8210
vn -0.2701 0.0013 0.9628
vn 0.4833 0.0020 -0.8754
vn 0.2437 -0.0021 -0.9698
vn 0.1131 0.0013 -0.9936
vn 0.1262 -0.0023 -0.9920
vn -0.0147 0.0017 -0.9999
vn -1.0000 0.0028 0.0084
vn -0.9427 -0.0029 0.3336
vn -0.5071 0.0023 -0.8619
vn -0.6328 -0.0023 -0.7743
vn -0.9880 0.0023 -0.1547
vn -0.9915 -0.0023 0.1297
vn -0.9454 0.0023 0.3258
vn 0.9064 -0.0027 0.4223
vn 0.9806 0.0027 0.1959
vn -0.1131 0.0031 0.9936
vn 0.1525 -0.0027 0.9883
vn -0.9905 0.0031 0.1376
vn -0.9193 -0.0027 0.3936
vn 0.1462 0.0028 -0.9893
vn -0.0364 -0.0028 -0.9993
vn -0.9288 -0.0027 0.3707
vn -0.2696 0.8764 0.3991
vn 0.4103 0.7893 -0.4568
vn 0.8412 0.0079 -0.5406
vn 0.2567 0.7855 -0.5631
vn 0.6453 -0.0683 -0.7609
vn -0.8928 0.0357 0.4491
vn 0.4503 0.8725 0.1894
vn 0.9273 0.1318 0.3504
vn 0.1618 0.8253 0.5410
vn -0.9974 -0.0725 -0.0052
vn 0.7061 0.1868 -0.6830
vn -0.1957 0.2478 -0.9488
vn 0.3378 0.2092 -0.9177
vn 0.7686 -0.0164 -0.6395
vn 0.2420 0.1670 -0.9558
vn 0.6554 0.5800 -0.4838
vn 0.9098 -0.0031 0.4150
vn -0.9265 -0.0031 0.3763
vn 0.9989 0.0017 0.0460
vn 0.9934 -0.0017 -0.1150
vn 0.9340 0.0020 -0.3572
vn 0.3763 -0.0031 0.9265
vn -0.8726 -0.0025 0.4885
vn -0.7862 0.0014 0.6180
vn -0.3489 -0.0035 0.9372
vn 0.9265 -0.0031 -0.3763
vn 0.8737 -0.0016 -0.4864
vn 0.6524 0.0022 -0.7579
vn -0.0002 1.0000 -0.0001
vn -0.4375 0.1175 0.8915
vn -0.3082 0.9510 0.0255
vn -0.9238 0.1841 0.3358
vn 0.4968 0.7931 0.3524
vn 0.2642 -0.0833 0.9608
vn 0.9861 -0.0921 0.1383
vn -0.5833 0.7909 0.1851
vn -0.9486 -0.1150 -0.2948
vn -0.2371 0.8668 -0.4387
vn -0.2774 0.8726 0.4021
vn 0.4593 0.2424 -0.8546
vn 0.8484 0.2075 -0.4871
vn -0.9380 0.0051 -0.3465
vn 0.0464 0.0017 0.9989
vn 0.2344 -0.0024 0.9721
vn 0.8990 0.0020 0.4380
vn 0.9618 -0.0017 0.2739
vn -0.4864 -0.0016 -0.8737
vn -0.7579 0.0022 -0.6524
vn 0.9985 -0.0027 -0.0543
vn -0.9975 0.0035 -0.0707
vn -0.9708 -0.0035 0.2400
vn -0.8845 0.0031 0.4666
vn -0.3304 0.0021 0.9438
vn -0.0662 -0.0023 0.9978
vn -0.8833 -0.0020 0.4688
vn -0.8240 -0.0021 0.5666
vn -0.7260 0.0020 0.6877
vn 0.4722 0.7939 0.3831
vn 0.9100 0.1181 -0.3974
vn 0.2516 0.9510 0.1799
vn -0.3593 0.7855 -0.5039
vn -0.4869 0.8726 -0.0390
vn -0.2145 -0.0725 0.9740
vn -0.8487 0.2424 0.4700
vn -0.9770 0.2076 -0.0495
vn -0.2028 0.0357 0.9786
vn -0.0235 -0.0164 -0.9996
vn -0.5986 0.1670 -0.7834
vn 0.0282 0.5800 -0.8142
vn 0.9698 0.1318 0.2053
vn -0.3763 -0.0031 -0.9265
vn -0.9766 -0.0027 -0.2149
vn -0.9997 0.0027 0.0222
vn 0.2741 0.0004 -0.9617
vn 0.2166 -0.0013 -0.9763
vn -0.1154 0.0016 -0.9933
vn -0.0222 0.0027 -0.9997
vn -0.2847 -0.0031 -0.9586
vn -0.2149 -0.0027 0.9766
vn 0.0222 0.0027 0.9997
vn -0.9586 -0.0031 0.2847
vn -0.0002 1.0000 -0.0000
vn -0.0002 1.0000 0.0002
vn 0.3712 0.3469 0.8613
vn -0.1908 0.7893 0.5836
vn -0.5520 0.0098 0.8338
vn 0.4202 0.7893 -0.4477
vn 0.9513 0.1181 0.2848
vn 0.8529 0.0079 -0.5221
vn 0.0757 0.9510 0.2999
vn -0.5588 0.0357 0.8285
vn -0.4780 0.1359 0.8678
vn -0.5625 0.8254 0.0478
vn 0.4688 0.3469 0.8123
vn 0.2895 -0.0725 0.9544
vn -0.7360 0.5799 -0.3492
vn -0.5626 0.8254 0.0479
vn 0.9997 0.0027 -0.0222
vn 0.9586 -0.0031 -0.2847
vn 0.2149 -0.0027 -0.9766
vn -0.2555 -0.0020 -0.9668
vn -0.2400 -0.0035 -0.9708
vn -0.4666 0.0031 -0.8845
vn -0.2035 -0.0030 0.9791
vn -0.0786 0.0011 0.9969
vn -0.7954 0.0020 -0.6061
vn -0.8735 -0.0016 -0.4868
vn -0.9878 0.0022 -0.1557
vn 0.6321 -0.0020 0.7748
vn 0.7839 0.0020 0.6209
vn -0.2724 0.0017 -0.9622
vn -0.4118 -0.0019 -0.9113
vn -0.6216 0.0017 -0.7834
vn -0.6321 0.0020 0.7748
vn -0.4868 -0.0017 0.8735
vn -0.2734 0.0017 0.9619
vn -0.7490 -0.0020 -0.6626
vn -0.8828 0.0024 -0.4698
vn -0.2931 0.0020 -0.9561
vn -0.4688 -0.0020 -0.8833
vn -0.6617 0.0024 -0.7498
vn 0.8212 0.3471 -0.4530
vn -0.7149 0.1174 0.6893
vn -0.4673 0.7894 -0.3980
vn -0.5665 0.0066 -0.8241
vn 0.9599 -0.0725 -0.2709
vn 0.3046 0.0500 -0.9512
vn 0.9138 0.1418 -0.3805
vn 0.8806 0.2092 0.4252
vn 0.9155 -0.0021 0.4023
vn 0.9620 0.0014 0.2729
vn 0.7223 -0.0027 -0.6916
vn -0.9684 -0.0027 -0.2495
vn 0.2847 -0.0031 0.9586
vn 0.1741 0.0021 -0.9847
vn -0.0807 -0.0020 -0.9967
vn 0.5176 0.0031 0.8556
vn 0.7290 -0.0025 0.6845
vn 0.8666 0.0021 0.4991
vn 0.9938 0.0017 0.1113
vn 0.9988 -0.0017 -0.0497
vn -0.2319 -0.0029 0.9727
vn -0.0122 0.0033 0.9999
vn 0.9267 0.0023 0.3758
vn 0.9934 -0.0021 0.1145
vn 0.9997 0.0014 -0.0228
vn -0.4199 0.7855 0.4546
vn 0.0328 0.7893 -0.6131
vn 0.3158 0.0079 -0.9488
vn -0.4887 0.1796 0.8537
vn -0.2193 0.9510 0.2181
vn -0.8507 -0.0682 0.5212
vn 0.8213 0.3470 -0.4528
vn 0.9598 -0.0725 -0.2710
vn 0.8789 0.2425 -0.4109
vn 0.9713 0.2076 0.1162
vn -0.9588 0.1181 0.2584
vn -0.2153 -0.0164 0.9764
vn 0.3947 0.1670 0.9035
vn -0.2213 0.5799 0.7840
vn -0.8192 -0.0027 -0.5735
vn 0.0246 0.0027 0.9997
vn 0.2736 -0.0019 0.9618
vn 0.5764 0.0027 0.8172
vn 0.4521 -0.0028 -0.8920
vn -0.6179 -0.0027 -0.7863
vn -0.9214 0.0023 0.3885
vn -0.7839 -0.0020 0.6209
vn 0.9949 0.0023 -0.1007
vn 0.9318 -0.0021 -0.3629
vn 0.8732 0.0014 -0.4873
vn 0.6602 -0.0020 -0.7511
vn -0.9073 0.0027 0.4204
vn -0.7741 -0.0027 0.6330
vn -0.6024 0.0027 0.7982
vn 0.1163 -0.0024 0.9932
vn 0.3445 0.0020 0.9388
vn 0.0002 1.0000 -0.0003
vn 0.3457 0.8743 -0.3406
vn -0.0001 1.0000 -0.0001
vn 0.8213 0.3469 -0.4530
vn -0.3589 0.7856 -0.5040
vn -0.3362 -0.0682 -0.9393
vn -0.4781 0.1359 0.8678
vn -0.5626 0.8254 0.0478
vn -0.8611 0.1868 -0.4729
vn -0.1989 0.2424 -0.9496
vn 0.3354 0.2076 -0.9189
vn 0.2527 0.0500 -0.9662
vn 0.8919 0.1418 -0.4294
vn -0.9949 0.0023 0.1007
vn -0.9263 -0.0023 0.3768
vn -0.8640 0.0017 0.5034
vn -0.5557 0.0021 0.8314
vn -0.3133 -0.0023 0.9496
vn -0.2909 0.0011 -0.9567
vn -0.3796 -0.0020 -0.9251
vn 0.8261 0.0023 0.5636
vn 0.9513 -0.0023 0.3081
vn 0.9852 0.0017 0.1712
vn 0.8896 0.0026 -0.4566
vn 0.7542 -0.0023 -0.6566
vn 0.5813 0.0024 -0.8137
vn -0.6830 -0.0027 -0.7304
vn -0.8364 0.0027 -0.5482
vn 0.3629 0.0021 -0.9318
vn 0.1153 -0.0020 -0.9933
vn -0.1009 0.0020 -0.9949
vn 0.1464 0.0018 -0.9892
vn 0.0207 -0.0017 -0.9998
vn 0.9632 0.0020 0.2688
vn 0.9954 -0.0017 0.0961
vn 0.9882 0.0020 -0.1532
vn -0.3458 0.7855 0.5132
vn 0.3305 0.8996 -0.2856
vn -0.1216 0.7893 0.6019
vn -0.4505 0.0079 0.8928
vn -0.2985 0.9510 -0.0809
vn -0.9829 0.1841 0.0013
vn 0.5675 0.7974 -0.2052
vn 0.3222 0.8870 -0.3309
vn 0.4988 0.8650 0.0543
vn -0.9039 0.2424 0.3525
vn -0.9616 0.2076 -0.1796
vn 0.7228 0.2424 -0.6472
vn 0.9635 0.2075 -0.1692
vn -0.8062 0.1418 0.5743
vn -0.7953 -0.0164 0.6059
vn -0.2828 0.1670 0.9445
vn -0.6756 0.5800 0.4552
vn 0.5112 0.1647 0.8435
vn 0.9214 -0.0023 0.3885
vn 0.9669 0.0017 0.2550
vn -0.7953 -0.0024 0.6063
vn 0.9996 0.0023 0.0277
vn 0.9670 -0.0023 -0.2549
vn -0.7436 -0.0021 0.6687
vn -0.6484 0.0013 0.7613
vn 0.9318 -0.0027 0.3629
vn -0.9796 -0.0027 -0.2009
vn 0.8233 0.0031 0.5676
vn 0.9437 -0.0027 0.3308
vn 0.9952 0.0027 0.0983
vn -0.5483 0.0028 0.8363
vn 0.9766 -0.0027 0.2149
vn -0.9512 -0.0031 -0.3086
vn 0.0001 1.0000 0.0001
vn 0.3727 0.7893 0.4879
vn 0.3750 0.0079 0.9270
vn 0.2811 0.9510 0.1289
vn 0.9697 0.1841 0.1604
vn -0.7617 -0.0683 0.6444
vn -0.8194 0.2424 0.5195
vn -0.9782 0.2075 0.0084
vn 0.8897 0.1418 -0.4339
vn -0.0727 0.5800 0.8114
vn -0.9970 -0.0027 0.0769
vn -0.7280 -0.0028 0.6856
vn -0.8432 0.0023 -0.5377
vn -0.9213 -0.0028 -0.3888
vn -0.8222 -0.0027 -0.5692
vn -0.9267 0.0023 -0.3758
vn -0.5030 0.0020 -0.8643
vn -0.6321 -0.0020 -0.7749
vn -0.1545 0.0027 0.9880
vn 0.0962 -0.0027 0.9954
vn 0.3289 0.0027 0.9443
vn -0.4797 0.8434 0.2420
vn -0.5598 0.7938 -0.2375
vn -0.0362 0.8434 0.5361
vn 0.2711 0.9510 -0.1488
vn -0.5651 0.7974 -0.2119
vn -0.2342 0.8870 0.3981
vn 0.4301 0.0357 -0.9021
vn -0.0004 0.1318 -0.9913
vn -0.9183 0.2425 -0.3130
vn -0.6196 0.2076 -0.7570
vn -0.9267 -0.0164 -0.3754
vn 0.3768 -0.0023 0.9263
vn 0.5034 0.0017 0.8640
vn 0.7356 0.0027 0.6774
vn 0.8741 -0.0024 0.4858
vn 0.6857 -0.0026 0.7278
vn 0.2923 -0.0023 -0.9563
vn -0.0408 0.0023 -0.9992
vn -0.3848 -0.0027 0.9230
vn 0.9263 0.0023 0.3768
vn 0.9949 -0.0023 0.1007
vn 0.9982 0.0025 0.0596
vn 0.9815 -0.0023 -0.1914
vn 0.8187 -0.0024 -0.5742
vn -0.1932 -0.0023 -0.9812
vn -0.2348 0.0023 -0.9720
vn -0.4401 -0.0032 -0.8979
vn -0.6547 0.0027 -0.7559
vn -0.6291 0.0025 -0.7773
vn -0.7959 -0.0019 -0.6054
vn -0.9456 0.0018 -0.3252
vn -0.3889 0.9056 -0.1692
vn 0.0724 0.9510 0.3007
vn 0.4714 0.1820 0.8630
vn 0.6996 0.1270 0.7032
vn 0.9454 0.1419 -0.2935
vn -0.9568 0.1670 0.2381
vn -0.4420 -0.0833 0.8931
vn -0.9593 0.0988 -0.2646
vn 0.4060 0.0035 -0.9139
vn 0.1048 -0.0035 -0.9945
vn -0.9770 0.0022 -0.2132
vn -0.9908 -0.0022 0.1350
vn -0.9669 0.0016 0.2553
vn -0.9268 0.0020 -0.3755
vn -0.9782 -0.0017 -0.2076
vn 0.9520 -0.0020 -0.3060
vn 0.9581 0.1613 0.2368
vn 0.1227 0.0051 -0.9924
vn 0.8375 -0.0683 -0.5422
vn -0.4276 -0.0725 -0.9010
vn -0.9030 0.2424 0.3548
vn -0.9621 0.2076 -0.1771
vn 0.1788 -0.0164 -0.9837
vn -0.4281 0.1670 -0.8882
vn 0.1919 0.5800 -0.7917
vn 0.1738 0.0004 -0.9848
vn 0.1004 -0.0018 -0.9949
vn 0.5034 -0.0017 0.8640
vn 0.6882 0.0017 0.7255
vn -0.8138 -0.0024 -0.5811
vn -0.9945 -0.0035 -0.1048
vn 0.5536 -0.0027 0.8327
vn 0.9135 0.0017 0.4069
vn 0.9669 -0.0017 0.2550
vn 0.9997 0.0017 0.0264
vn 0.9337 0.0020 -0.3580
vn 0.8127 -0.0021 -0.5826
vn 0.7150 0.0019 -0.6991
vn -0.9951 0.0021 -0.0988
vn -0.9853 -0.0023 0.1707
vn 0.7957 -0.0017 0.6056
vn -0.8385 -0.0017 0.5450
vn 0.9888 -0.0020 -0.1489
vn 0.7925 0.2424 -0.5596
vn 0.9766 0.2075 -0.0572
vn 0.7866 -0.0164 0.6172
vn 0.9853 0.1670 0.0359
vn 0.6106 0.5800 0.5392
vn -0.9154 0.0006 0.4026
vn -0.8980 -0.0022 0.4399
vn -0.6912 0.0016 0.7226
vn 0.7722 -0.0024 0.6353
vn 0.9883 -0.0027 -0.1525
vn 0.8243 -0.0026 0.5661
vn -0.9846 -0.0032 0.1749
vn -0.9950 -0.0023 -0.0997
vn -0.9997 0.0009 0.0231
vn 0.0007 1.0000 -0.0000
vn -0.2222 0.9510 -0.2151
vn 0.1364 0.7931 0.5936
vn 0.9598 -0.0726 -0.2711
vn -0.6090 0.1418 -0.7804
vn 0.1714 0.5800 -0.7964
vn 0.6141 0.0020 -0.7892
vn 0.7059 -0.0013 -0.7083
vn 0.3803 -0.0018 -0.9249
vn 0.1877 0.0019 -0.9822
vn -0.0041 -0.0020 -1.0000
vn 0.6625 -0.0035 0.7491
vn -0.5665 -0.0024 0.8241
vn 0.6140 -0.0031 -0.7893
vn -0.7749 0.0035 -0.6321
vn -0.9152 -0.0029 -0.4031
vn 0.6212 0.0006 -0.7836
vn 0.5884 -0.0022 -0.8086
vn 0.9417 -0.0017 0.3363
vn 0.8212 0.3469 -0.4531
vn 0.0133 0.9510 -0.3090
vn -0.2202 0.1796 -0.9588
vn -0.2698 0.8763 0.3990
vn -0.5626 0.1418 0.8145
vn -0.1167 0.5799 0.8063
vn -0.8922 0.0988 0.4407
vn -0.0000 -1.0000 -0.0000
vn 0.2368 -0.0013 0.9716
vn -0.1173 0.0008 0.9931
vn -0.1398 -0.0000 0.9902
vn 0.1833 -0.0020 -0.9831
vn -0.4997 0.0026 -0.8662
vn -0.3792 -0.0019 -0.9253
vn -0.7681 -0.0028 -0.6404
vn -0.4870 -0.0020 -0.8734
vn -0.1558 0.0022 -0.9878
vn -0.0329 -0.0020 -0.9995
vn -0.0004 1.0000 0.0001
vn -0.0002 1.0000 0.0001
vn 0.7250 -0.0707 -0.6851
vn -0.9781 -0.0707 -0.1956
vn -0.1390 -0.0001 0.9903
vn -0.4923 0.0004 0.8704
vn -0.5343 -0.0012 0.8453
vn 0.1772 0.0005 -0.9842
vn 0.8731 -0.0009 0.4876
vn 0.6212 -0.0006 0.7836
vn -0.9722 -0.0014 -0.2343
vn -0.8309 0.0012 -0.5564
vn -0.7978 -0.0008 -0.6030
vn 0.0002 1.0000 0.0001
vn 0.0001 1.0000 0.0004
vn -0.5598 0.7939 -0.2375
vn -0.9803 -0.0707 -0.1846
vn -0.9889 0.0001 0.1488
vn -0.9350 -0.0016 0.3548
vn -0.0000 1.0000 0.0004
vn -0.3408 -0.0707 -0.9375
vn -0.8920 -0.0012 -0.4519
vn -0.8175 -0.0012 0.5760
vn -0.7611 0.0012 -0.6487
vn -0.7368 -0.0000 -0.6761
vn -0.5040 -0.0000 0.8637
vn -0.5079 -0.0001 0.8614
vn 0.4424 -0.0020 -0.8968
vn -0.9435 -0.0016 -0.3312
vn 0.0003 1.0000 -0.0003
vn 0.9928 -0.0019 0.1199
vn 0.8528 0.0016 0.5222
vn 0.8088 -0.0016 0.5881
vn 0.4863 -0.0006 -0.8738
vn 0.2748 -0.0009 -0.9615
vn 0.6206 -0.0006 -0.7841
vn 0.1052 -0.0000 0.9944
vn -0.2788 -0.0000 0.9604
vn -0.2831 -0.0001 0.9591
vn -0.9671 -0.0004 -0.2543
vn -0.2793 -0.0011 -0.9602
vn 0.8859 -0.0014 -0.4639
vn -0.5881 -0.0016 0.8088
vn 0.4660 -0.0013 0.8848
vn -0.0000 1.0000 0.0001
vn 0.9307 -0.0707 -0.3590
vn 0.9646 -0.0020 -0.2637
vn -0.9615 -0.0009 -0.2747
vn -0.7841 -0.0006 -0.6206
vn -0.2409 -0.0008 -0.9706
vn 0.9917 0.0011 -0.1285
vn 0.9548 -0.0004 0.2972
vn 0.9960 0.0001 -0.0898
vn 0.1055 0.0001 0.9944
vn 0.5691 -0.0008 -0.8222
vn 0.4760 -0.0002 0.8795
vn -0.4710 0.0009 -0.8821
vn -0.4162 -0.0016 -0.9093
vn 1.0000 -0.0006 -0.0021
vn 0.9322 0.0006 0.3619
vn 0.9190 -0.0006 0.3944
vn -0.0004 1.0000 -0.0000
vn -0.0001 1.0000 -0.0002
vn -0.0616 -0.0020 -0.9981
vn -0.4175 -0.0011 -0.9087
vn -0.0412 -0.0005 -0.9992
vn -0.6530 -0.0008 0.7574
vn -0.9115 0.0009 0.4113
vn 0.7993 -0.0009 0.6009
vn 0.4713 0.0008 0.8820
vn 0.4407 -0.0005 0.8976
vn 0.9087 -0.0011 -0.4175
vn 0.1017 -0.0011 -0.9948
vn 0.9997 -0.0020 0.0224
vn -0.3726 -0.0014 0.9280
vn -0.6737 0.0010 0.7390
vn -0.7224 -0.0012 0.6915
vn 0.9769 -0.0014 0.2138
vn -0.1017 -0.0011 0.9948
vn -0.4863 -0.0006 0.8738
vn 0.3189 0.8434 0.4325
vn -0.9841 -0.0707 -0.1631
vn -0.2346 -0.0018 0.9721
vn 0.4991 -0.0014 -0.8666
vn 0.7706 0.0010 -0.6373
vn 0.8122 -0.0012 -0.5834
vn -0.7473 -0.0014 -0.6645
vn -0.7431 -0.0006 -0.6692
vn -0.4598 0.0006 -0.8880
vn -0.4137 -0.0011 -0.9104
vn -0.9424 -0.0014 -0.3345
vn -0.9998 -0.0009 0.0214
vn -0.9164 0.0008 -0.4002
vn 0.4069 0.0020 -0.9135
vn 0.0497 -0.0020 -0.9988
vn 0.0903 -0.0028 0.9959
vn 0.0662 0.0001 0.9978
vn 0.0617 -0.0000 0.9981
vn -0.1405 0.7939 0.5916
vn -0.0003 1.0000 0.0007
vn 0.7310 -0.0019 -0.6824
vn 0.9487 0.0016 -0.3162
vn 0.9707 -0.0016 -0.2401
vn 0.8484 -0.0707 -0.5246
vn 0.9999 -0.0014 -0.0149
vn 0.9480 0.0012 0.3181
vn 0.9228 -0.0012 0.3854
vn -0.4710 0.0011 -0.8821
vn -0.4363 0.0001 -0.8998
vn -0.8789 -0.0017 0.4770
vn -0.9982 -0.0004 0.0598
vn -0.9934 -0.0006 -0.1148
vn 0.0004 1.0000 -0.0002
vn -0.8821 0.0011 0.4710
vn -0.8998 0.0001 0.4363
vn -0.1729 -0.0020 -0.9849
vn -0.2591 0.0026 0.9658
vn -0.4730 -0.0020 0.8810
vn -0.6645 -0.0014 0.7473
vn -0.0004 1.0000 -0.0001
vn -0.7778 0.0012 -0.6286
vn 0.9873 -0.0707 0.1424
vn 0.8210 -0.0006 0.5709
vn 0.5692 0.0006 0.8222
vn 0.5401 -0.0006 0.8416
vn -0.3068 0.0026 -0.9518
vn -0.6165 -0.0028 -0.7873
vn 0.8504 0.0012 0.5262
vn -0.9966 0.0016 0.0825
vn -0.6083 -0.0000 -0.7937
vn -0.2628 -0.0000 -0.9648
vn 0.3163 -0.0034 0.9487
vn 0.4171 -0.0017 -0.9089
vn 0.6364 -0.0005 -0.7713
vn 0.8735 0.0006 -0.4868
vn 0.8901 -0.0006 -0.4559
vn 0.1967 0.0005 0.9805
vn -0.2126 -0.0004 0.9771
vn 0.1765 0.0001 0.9843
vn 0.5910 -0.0013 0.8067
vn -0.0556 0.0015 -0.9985
vn -0.9912 -0.0016 -0.1321
vn -0.8832 0.0012 -0.4689
vn -0.8592 -0.0004 -0.5116
vn 0.2503 -0.0000 0.9682
vn -0.1345 -0.0000 0.9909
vn 0.3076 -0.0014 -0.9515
vn -0.0000 1.0000 -0.0004
vn -0.8673 -0.0707 0.4927
vn 0.9933 0.0006 -0.1154
vn 0.9981 -0.0012 -0.0622
vn -0.9621 -0.0009 0.2726
vn 0.9858 -0.0017 0.1681
vn -0.1345 -0.0017 0.9909
vn 0.0003 1.0000 0.0003
vn 0.0681 -0.0707 0.9952
vn -0.6118 0.0001 -0.7910
vn 0.1278 0.0008 0.9918
vn -0.5222 0.0016 0.8528
vn 0.6618 -0.0012 -0.7497
vn 0.6062 0.0012 -0.7953
vn -0.0003 1.0000 -0.0003
vn -0.3418 -0.0008 0.9398
vn -0.3204 -0.0000 0.9473
vn 0.8346 0.0016 0.5509
vn -0.0004 1.0000 -0.0002
vn -0.6266 0.0005 0.7793
vn 0.9877 -0.0016 -0.1561
vn -0.7883 0.0004 0.6153
vn 0.3301 0.0020 -0.9439
vn 0.7954 -0.0008 -0.6061
vn 0.9763 0.0009 -0.2162
vn 0.6981 -0.0006 0.7160
vn 0.4012 0.0006 0.9160
vn 0.3538 -0.0011 0.9353
vn 0.4873 -0.0014 -0.8732
vn 0.0077 0.0013 1.0000
vn -0.1144 -0.0020 0.9934
vn 0.8692 0.0009 -0.4945
vn 0.8897 -0.0009 -0.4566
vn 0.7228 0.0006 0.6911
vn 0.9992 0.0008 -0.0410
vn 0.2722 0.0008 0.9622
vn 0.7594 0.0012 -0.6506
vn 0.9076 0.0011 -0.4199
vn 0.9346 -0.0012 -0.3557
vn -0.9879 -0.0001 0.1548
vn -0.3165 -0.0001 -0.9486
vn 0.5489 -0.0000 -0.8359
vn -0.4526 -0.0001 -0.8917
vn 0.8917 -0.0001 -0.4526
vn 0.6204 -0.0001 -0.7843
vt 0.386514 0.004504
vt 0.345109 0.329981
vt 0.335456 0.005553
vt 0.584166 0.006781
vt 0.576304 0.331098
vt 0.550969 0.005445
vt 0.037096 0.669675
vt 0.017183 0.994703
vt 0.004045 0.672485
vt 0.536856 0.005113
vt 0.501453 0.329103
vt 0.465107 0.004109
vt 0.157724 0.667101
vt 0.131840 0.990359
vt 0.094665 0.667269
vt 0.291266 0.667405
vt 0.255388 0.991913
vt 0.240500 0.666876
vt 0.465106 0.004109
vt 0.424605 0.328840
vt 0.402200 0.004275
vt 0.153155 0.517911
vt 0.075684 0.631582
vt 0.031208 0.586996
vt 0.178110 0.515615
vt 0.237151 0.640471
vt 0.145608 0.656431
vt 0.147015 0.482216
vt 0.106178 0.346702
vt 0.166377 0.473079
vt 0.142101 0.497683
vt 0.022266 0.569332
vt 0.006396 0.477523
vt 0.560597 0.666981
vt 0.569194 0.668329
vt 0.583763 0.690829
vt 0.608550 0.678795
vt 0.605733 0.716579
vt 0.598348 0.704303
vt 0.623808 0.690477
vt 0.622173 0.723167
vt 0.562815 0.736133
vt 0.561385 0.720935
vt 0.575805 0.740389
vt 0.188937 0.501402
vt 0.169243 0.500756
vt 0.172900 0.484261
vt 0.569610 0.738359
vt 0.577737 0.728369
vt 0.588960 0.745490
vt 0.295547 0.591456
vt 0.315635 0.601296
vt 0.474193 0.738076
vt 0.661715 0.716033
vt 0.673597 0.680992
vt 0.674135 0.722912
vt 0.538404 0.725497
vt 0.499070 0.668097
vt 0.523129 0.677827
vt 0.501054 0.730725
vt 0.477354 0.686536
vt 0.495120 0.683464
vt 0.793573 0.007366
vt 0.758045 0.331418
vt 0.721641 0.011648
vt 0.658765 0.010867
vt 0.634421 0.330554
vt 0.599557 0.006112
vt 0.094666 0.667269
vt 0.057028 0.992139
vt 0.024554 0.670741
vt 0.414115 0.667391
vt 0.375423 0.992437
vt 0.338045 0.667621
vt 0.064613 0.668207
vt 0.041823 0.992843
vt 0.013178 0.671614
vt 0.424607 0.328840
vt 0.386516 0.004504
vt 0.263541 0.667145
vt 0.295206 0.992261
vt 0.240500 0.991713
vt 0.689946 0.011730
vt 0.664303 0.332169
vt 0.629279 0.009090
vt 0.232411 0.670154
vt 0.208347 0.992335
vt 0.171833 0.667498
vt 0.298680 0.992290
vt 0.263420 0.667149
vt 0.752615 0.010624
vt 0.712592 0.332667
vt 0.673328 0.011208
vt 0.147779 0.510711
vt 0.006585 0.525923
vt 0.007698 0.462854
vt 0.154667 0.475918
vt 0.093567 0.353887
vt 0.185004 0.338062
vt 0.147777 0.510711
vt 0.007698 0.462853
vt 0.560597 0.666980
vt 0.583760 0.690827
vt 0.608550 0.678793
vt 0.605733 0.716578
vt 0.598347 0.704294
vt 0.605732 0.716577
vt 0.623807 0.690477
vt 0.622174 0.723167
vt 0.188936 0.501404
vt 0.169244 0.500754
vt 0.172899 0.484254
vt 0.188936 0.501405
vt 0.169245 0.500753
vt 0.172899 0.484255
vt 0.176104 0.517704
vt 0.655261 0.702088
vt 0.686745 0.674719
vt 0.703464 0.669446
vt 0.579829 0.731021
vt 0.501051 0.730717
vt 0.656738 0.700652
vt 0.569610 0.738360
vt 0.588958 0.745489
vt 0.551924 0.717381
vt 0.560592 0.666978
vt 0.561378 0.720932
vt 0.539175 0.722149
vt 0.523128 0.677828
vt 0.543947 0.669313
vt 0.501050 0.730721
vt 0.479154 0.004242
vt 0.386518 0.004504
vt 0.384009 0.667549
vt 0.325445 0.992407
vt 0.306879 0.667520
vt 0.781693 0.008697
vt 0.758044 0.331419
vt 0.721642 0.011648
vt 0.821847 0.004045
vt 0.812046 0.326439
vt 0.126104 0.666895
vt 0.086263 0.991054
vt 0.050079 0.669025
vt 0.352570 0.667607
vt 0.298681 0.992290
vt 0.402193 0.004275
vt 0.377802 0.329275
vt 0.345878 0.005276
vt 0.171836 0.667498
vt 0.131839 0.990359
vt 0.390240 0.004468
vt 0.350450 0.329839
vt 0.695668 0.332863
vt 0.643124 0.009859
vt 0.601862 0.327459
vt 0.592256 0.005260
vt 0.400737 0.667498
vt 0.338047 0.667621
vt 0.147778 0.510711
vt 0.006585 0.525926
vt 0.007700 0.462844
vt 0.178111 0.515614
vt 0.297651 0.589251
vt 0.252397 0.633083
vt 0.147016 0.482212
vt 0.560591 0.666978
vt 0.583758 0.690826
vt 0.598346 0.704293
vt 0.605731 0.716576
vt 0.622174 0.723166
vt 0.579828 0.731022
vt 0.538419 0.725482
vt 0.684970 0.686243
vt 0.295568 0.591474
vt 0.315681 0.601332
vt 0.474194 0.738075
vt 0.560592 0.666979
vt 0.561379 0.720932
vt 0.539177 0.722148
vt 0.523125 0.677829
vt 0.543950 0.669312
vt 0.495333 0.721299
vt 0.477350 0.686537
vt 0.474195 0.738076
vt 0.315648 0.601308
vt 0.416775 0.004199
vt 0.377799 0.329275
vt 0.345880 0.005276
vt 0.634423 0.330554
vt 0.602630 0.006470
vt 0.695670 0.332863
vt 0.643201 0.009826
vt 0.402198 0.004275
vt 0.348164 0.005216
vt 0.386521 0.004504
vt 0.365295 0.329549
vt 0.414113 0.667391
vt 0.446143 0.991954
vt 0.403454 0.992319
vt 0.154669 0.475918
vt 0.184837 0.337812
vt 0.175094 0.475115
vt 0.175092 0.475114
vt 0.257143 0.364256
vt 0.188162 0.491299
vt 0.319464 0.454261
vt 0.322745 0.531398
vt 0.559776 0.666685
vt 0.569195 0.668329
vt 0.583761 0.690828
vt 0.608550 0.678794
vt 0.598347 0.704296
vt 0.623812 0.690478
vt 0.622176 0.723167
vt 0.562813 0.736133
vt 0.560335 0.720605
vt 0.575807 0.740390
vt 0.561384 0.720934
vt 0.539178 0.722147
vt 0.523126 0.677829
vt 0.543953 0.669312
vt 0.650025 0.708937
vt 0.659384 0.672965
vt 0.660285 0.715219
vt 0.477353 0.686536
vt 0.144571 0.667090
vt 0.100279 0.990628
vt 0.064608 0.668208
vt 0.529976 0.329590
vt 0.496037 0.004352
vt 0.216678 0.669196
vt 0.193626 0.991547
vt 0.157727 0.667101
vt 0.536857 0.005113
vt 0.501454 0.329103
vt 0.338046 0.667621
vt 0.439141 0.328755
vt 0.560851 0.005830
vt 0.529974 0.329590
vt 0.414114 0.667391
vt 0.178112 0.515613
vt 0.130982 0.655131
vt 0.324049 0.516718
vt 0.178108 0.515615
vt 0.188162 0.491296
vt 0.183965 0.482642
vt 0.257144 0.364257
vt 0.300826 0.409631
vt 0.583758 0.690827
vt 0.608551 0.678795
vt 0.605731 0.716577
vt 0.598346 0.704294
vt 0.562812 0.736132
vt 0.561383 0.720934
vt 0.575802 0.740389
vt 0.569607 0.738359
vt 0.577738 0.728369
vt 0.588961 0.745490
vt 0.295548 0.591457
vt 0.315648 0.601307
vt 0.474192 0.738076
vt 0.560596 0.666979
vt 0.661719 0.716036
vt 0.674141 0.722915
vt 0.539172 0.722150
vt 0.523130 0.677826
vt 0.543949 0.669312
vt 0.538408 0.725497
vt 0.499069 0.668097
vt 0.495334 0.721298
vt 0.477349 0.686537
vt 0.579403 0.729188
vt 0.477351 0.686537
vt 0.315681 0.601334
vt 0.216677 0.669196
vt 0.144632 0.667068
vt 0.572854 0.006252
vt 0.543261 0.329962
vt 0.525042 0.004803
vt 0.188307 0.667878
vt 0.163364 0.990669
vt 0.126103 0.666895
vt 0.800007 0.327736
vt 0.765972 0.009672
vt 0.291269 0.667405
vt 0.543259 0.329962
vt 0.525039 0.004803
vt 0.037098 0.669675
vt 0.030624 0.993736
vt 0.204857 0.992176
vt 0.171835 0.667498
vt 0.130976 0.655130
vt 0.176109 0.517702
vt 0.153157 0.517913
vt 0.073304 0.629988
vt 0.147776 0.510711
vt 0.073305 0.629989
vt 0.166380 0.473079
vt 0.106181 0.346700
vt 0.184836 0.337812
vt 0.188161 0.491300
vt 0.323860 0.468319
vt 0.322747 0.531389
vt 0.569193 0.668329
vt 0.608551 0.678794
vt 0.605729 0.716575
vt 0.622172 0.723167
vt 0.575805 0.740390
vt 0.579825 0.731025
vt 0.538462 0.725485
vt 0.684970 0.686242
vt 0.579941 0.730991
vt 0.501053 0.730723
vt 0.656867 0.700632
vt 0.575803 0.740389
vt 0.577736 0.728368
vt 0.588956 0.745488
vt 0.561380 0.720933
vt 0.543944 0.669313
vt 0.650028 0.708939
vt 0.659385 0.672965
vt 0.681150 0.332480
vt 0.643128 0.009859
vt 0.053612 0.668880
vt 0.017185 0.994702
vt 0.448134 0.004109
vt 0.407746 0.328909
vt 0.372639 0.004678
vt 0.179440 0.991175
vt 0.157733 0.667101
vt 0.752616 0.010624
vt 0.712592 0.332666
vt 0.673327 0.011208
vt 0.069882 0.991467
vt 0.037095 0.669675
vt 0.566220 0.330720
vt 0.069880 0.991467
vt 0.429857 0.667280
vt 0.406174 0.992303
vt 0.369735 0.667614
vt 0.147017 0.482212
vt 0.032796 0.404989
vt 0.078056 0.361155
vt 0.010981 0.539981
vt 0.560598 0.666981
vt 0.605732 0.716578
vt 0.623811 0.690478
vt 0.622173 0.723168
vt 0.169242 0.500758
vt 0.655256 0.702090
vt 0.686744 0.674720
vt 0.703464 0.669447
vt 0.569608 0.738359
vt 0.572762 0.725929
vt 0.560596 0.666980
vt 0.530073 0.726974
vt 0.543949 0.669313
vt 0.650025 0.708936
vt 0.661716 0.716034
vt 0.477352 0.686536
vt 0.474194 0.738076
vt 0.315653 0.601312
vt 0.345104 0.329981
vt 0.543262 0.329962
vt 0.689950 0.011730
vt 0.324824 0.485262
vt 0.029624 0.584618
vt 0.297650 0.589252
vt 0.583765 0.690829
vt 0.598348 0.704302
vt 0.186087 0.490649
vt 0.169242 0.500757
vt 0.172900 0.484262
vt 0.176107 0.517703
vt 0.188937 0.501398
vt 0.655331 0.702073
vt 0.686746 0.674714
vt 0.703462 0.669451
vt 0.495764 0.744143
vt 0.462915 0.739036
vt 0.655326 0.702074
vt 0.686745 0.674717
vt 0.703461 0.669451
vt 0.539179 0.722147
vt 0.543952 0.669312
vt 0.495332 0.721299
vt 0.208345 0.992335
vt 0.446143 0.667117
vt 0.421336 0.992171
vt 0.400747 0.667498
vt 0.807749 0.005940
vt 0.773185 0.330248
vt 0.752625 0.010624
vt 0.030623 0.993736
vt 0.013181 0.671614
vt 0.157734 0.667101
vt 0.329253 0.992419
vt 0.126114 0.666895
vt 0.117423 0.990541
vt 0.142102 0.497679
vt 0.176107 0.517702
vt 0.118762 0.650340
vt 0.188936 0.501399
vt 0.183964 0.482644
vt 0.130985 0.655132
vt 0.147017 0.482213
vt 0.024255 0.421522
vt 0.090069 0.355880
vt 0.207883 0.651803
vt 0.130973 0.655130
vt 0.115001 0.649546
vt 0.039048 0.595916
vt 0.560595 0.666979
vt 0.583757 0.690826
vt 0.623805 0.690476
vt 0.622175 0.723166
vt 0.295608 0.591514
vt 0.315555 0.601231
vt 0.655349 0.702066
vt 0.686746 0.674716
vt 0.703463 0.669449
vt 0.579936 0.730992
vt 0.501050 0.730720
vt 0.656859 0.700634
vt 0.495785 0.744154
vt 0.462916 0.739035
vt 0.495335 0.721298
vt 0.588957 0.745488
vt 0.560598 0.666980
vt 0.561381 0.720933
vt 0.523129 0.677826
vt 0.543939 0.669312
vt 0.538527 0.725476
vt 0.499065 0.668095
vt 0.650033 0.708942
vt 0.495331 0.721299
vt 0.477348 0.686537
vt 0.525035 0.004803
vt 0.501452 0.329103
vt 0.208344 0.992335
vt 0.793575 0.007366
vt 0.758043 0.331419
vt 0.601858 0.327458
vt 0.811888 0.005384
vt 0.781699 0.329774
vt 0.752626 0.010624
vt 0.030625 0.993736
vt 0.013183 0.671614
vt 0.439142 0.328755
vt 0.673330 0.011208
vt 0.634424 0.330554
vt 0.208348 0.992335
vt 0.171832 0.667498
vt 0.417703 0.992193
vt 0.007699 0.462847
vt 0.147015 0.482215
vt 0.226910 0.347743
vt 0.183964 0.482642
vt 0.166378 0.473079
vt 0.153156 0.517913
vt 0.100898 0.645406
vt 0.049233 0.609459
vt 0.598348 0.704304
vt 0.577741 0.728370
vt 0.295534 0.591444
vt 0.315687 0.601340
vt 0.674137 0.722913
vt 0.523126 0.677828
vt 0.543950 0.669314
vt 0.650026 0.708937
vt 0.661719 0.716035
vt 0.567032 0.723433
vt 0.582279 0.730681
vt 0.277440 0.667316
vt 0.270144 0.992059
vt 0.695673 0.332863
vt 0.658759 0.010866
vt 0.179443 0.991175
vt 0.140774 0.667028
vt 0.525030 0.004803
vt 0.435669 0.667222
vt 0.406173 0.992303
vt 0.291265 0.667405
vt 0.270142 0.992059
vt 0.147016 0.482214
vt 0.142101 0.497680
vt 0.029618 0.584610
vt 0.005621 0.508980
vt 0.147015 0.482214
vt 0.006396 0.477524
vt 0.093288 0.353774
vt 0.583759 0.690827
vt 0.598347 0.704295
vt 0.169243 0.500755
vt 0.188937 0.501403
vt 0.655335 0.702070
vt 0.686747 0.674715
vt 0.579847 0.731015
vt 0.501063 0.730737
vt 0.656789 0.700643
vt 0.575806 0.740390
vt 0.588963 0.745491
vt 0.661717 0.716034
vt 0.495337 0.721297
vt 0.576888 0.006441
vt 0.555251 0.330264
vt 0.456055 0.328804
vt 0.807748 0.005940
vt 0.800008 0.327736
vt 0.566222 0.330720
vt 0.793283 0.007354
vt 0.708549 0.011596
vt 0.793281 0.007354
vt 0.758044 0.331418
vt 0.308179 0.424910
vt 0.324049 0.516720
vt 0.176108 0.517702
vt 0.193864 0.656219
vt 0.608551 0.678796
vt 0.605730 0.716575
vt 0.598347 0.704299
vt 0.623810 0.690478
vt 0.622176 0.723166
vt 0.561386 0.720935
vt 0.295501 0.591411
vt 0.539173 0.722149
vt 0.523128 0.677827
vt 0.650027 0.708938
vt 0.659385 0.672966
vt 0.660284 0.715219
vt 0.474196 0.738076
vt 0.315715 0.601363
vt 0.298679 0.992290
vt 0.338048 0.667621
vt 0.312407 0.992383
vt 0.724481 0.332668
vt 0.360688 0.992443
vt 0.345106 0.329981
vt 0.525033 0.004803
vt 0.465105 0.004109
vt 0.193865 0.656219
vt 0.130986 0.655132
vt 0.166380 0.473080
vt 0.153474 0.337050
vt 0.229546 0.348837
vt 0.196671 0.338556
vt 0.153156 0.517912
vt 0.183964 0.482643
vt 0.130975 0.655130
vt 0.577740 0.728370
vt 0.673596 0.680991
vt 0.674138 0.722914
vt 0.653600 0.711162
vt 0.670796 0.721109
vt 0.543946 0.669313
vt 0.064610 0.668208
vt 0.221476 0.992959
vt 0.109160 0.667155
vt 0.057309 0.992150
vt 0.037090 0.669675
vt 0.793572 0.007366
vt 0.215444 0.344697
vt 0.166375 0.473079
vt 0.022267 0.569335
vt 0.142101 0.497684
vt 0.153159 0.517914
vt 0.093295 0.353771
vt 0.324049 0.516716
vt 0.188161 0.491298
vt 0.605734 0.716579
vt 0.579832 0.731021
vt 0.501068 0.730739
vt 0.656791 0.700642
vt 0.577737 0.728368
vt 0.588955 0.745488
vt 0.530074 0.726973
vt 0.538439 0.725490
vt 0.499066 0.668095
vt 0.501066 0.730734
vt 0.315645 0.601306
vt 0.812777 0.005264
vt 0.727327 0.332610
vt 0.069884 0.991467
vt 0.277432 0.667316
vt 0.255390 0.991913
vt 0.434830 0.992067
vt 0.621968 0.329352
vt 0.312414 0.992383
vt 0.216675 0.669196
vt 0.193631 0.991547
vt 0.157726 0.667101
vt 0.821847 0.325122
vt 0.308056 0.420480
vt 0.007700 0.462845
vt 0.183965 0.482643
vt 0.308178 0.424907
vt 0.153158 0.517913
vt 0.100912 0.645411
vt 0.051254 0.611486
vt 0.029623 0.584618
vt 0.142101 0.497679
vt 0.598347 0.704297
vt 0.623810 0.690477
vt 0.622175 0.723167
vt 0.295537 0.591447
vt 0.562813 0.736132
vt 0.656798 0.700645
vt 0.650030 0.708940
vt 0.765973 0.009672
vt 0.572853 0.006252
vt 0.509354 0.004574
vt 0.131838 0.990359
vt 0.681151 0.332480
vt 0.643127 0.009859
vt 0.781692 0.008697
vt 0.216681 0.669197
vt 0.193624 0.991547
vt 0.607183 0.328080
vt 0.650550 0.331361
vt 0.420860 0.328873
vt 0.386597 0.004511
vt 0.291399 0.398329
vt 0.188162 0.491302
vt 0.175090 0.475114
vt 0.086260 0.636509
vt 0.093401 0.353977
vt 0.145607 0.656431
vt 0.623809 0.690477
vt 0.575804 0.740390
vt 0.655324 0.702074
vt 0.539176 0.722148
vt 0.543945 0.669313
vt 0.643122 0.009859
vt 0.421340 0.992171
vt 0.348170 0.329900
vt 0.421339 0.992171
vt 0.384063 0.667553
vt 0.689948 0.011730
vt 0.615230 0.007637
vt 0.093294 0.353772
vt 0.176108 0.517703
vt 0.039046 0.595913
vt 0.165222 0.335464
vt 0.175093 0.475114
vt 0.154668 0.475917
vt 0.318247 0.450577
vt 0.560595 0.666980
vt 0.169243 0.500757
vt 0.172900 0.484259
vt 0.655317 0.702076
vt 0.673598 0.680993
vt 0.674140 0.722914
vt 0.543948 0.669313
vt 0.556822 0.719162
vt 0.559776 0.666686
vt 0.222288 0.669538
vt 0.193632 0.991547
vt 0.078708 0.667806
vt 0.157737 0.667101
vt 0.456054 0.328804
vt 0.658767 0.010867
vt 0.634419 0.330553
vt 0.602632 0.006471
vt 0.414116 0.667391
vt 0.375422 0.992437
vt 0.343770 0.992464
vt 0.306877 0.667520
vt 0.050078 0.669025
vt 0.188162 0.491298
vt 0.308181 0.424912
vt 0.655262 0.702088
vt 0.501065 0.730735
vt 0.656794 0.700642
vt 0.569609 0.738359
vt 0.295503 0.591416
vt 0.315559 0.601237
vt 0.673595 0.680991
vt 0.674139 0.722914
vt 0.543944 0.669312
vt 0.501060 0.730730
vt 0.263417 0.667149
vt 0.433419 0.004083
vt 0.094667 0.667268
vt 0.057029 0.992139
vt 0.024551 0.670741
vt 0.439139 0.328755
vt 0.386420 0.004514
vt 0.178109 0.515616
vt 0.324049 0.516717
vt 0.308180 0.424912
vt 0.263662 0.623628
vt 0.559775 0.666685
vt 0.560334 0.720605
vt 0.575808 0.740391
vt 0.579834 0.731020
vt 0.703463 0.669448
vt 0.295568 0.591478
vt 0.543945 0.669314
vt 0.495330 0.721299
vt 0.646145 0.010354
vt 0.618724 0.329027
vt 0.555246 0.330264
vt 0.695671 0.332863
vt 0.643129 0.009859
vt 0.250853 0.667015
vt 0.201317 0.668524
vt 0.163362 0.990669
vt 0.277439 0.667316
vt 0.145611 0.656431
vt 0.178112 0.515614
vt 0.304158 0.576254
vt 0.237153 0.640471
vt 0.168075 0.335462
vt 0.145610 0.656431
vt 0.153158 0.517914
vt 0.622177 0.723166
vt 0.501052 0.730720
vt 0.656737 0.700652
vt 0.295516 0.591425
vt 0.523131 0.677826
vt 0.543940 0.669313
vt 0.650028 0.708938
vt 0.659383 0.672964
vt 0.661720 0.716036
vt 0.315555 0.601232
vt 0.516540 0.329376
vt 0.681152 0.332480
vt 0.308178 0.424905
vt 0.029624 0.584619
vt 0.281215 0.384786
vt 0.315224 0.437833
vt 0.622178 0.723167
vt 0.575807 0.740391
vt 0.588962 0.745490
vt 0.315630 0.601292
vt 0.474193 0.738077
vt 0.315676 0.601330
vt 0.208407 0.992363
vt 0.812043 0.326440
vt 0.765705 0.009652
vt 0.277436 0.667316
vt 0.312413 0.992383
vt 0.100280 0.990628
vt 0.064606 0.668208
vt 0.434825 0.992067
vt 0.400740 0.667498
vt 0.041826 0.992843
vt 0.013177 0.671614
vt 0.433415 0.004083
vt 0.372638 0.004678
vt 0.297649 0.589255
vt 0.168076 0.335462
vt 0.326400 0.499912
vt 0.313036 0.561567
vt 0.193861 0.656219
vt 0.147016 0.482215
vt 0.093292 0.353773
vt 0.583755 0.690825
vt 0.169242 0.500756
vt 0.655330 0.702073
vt 0.660283 0.715218
vt 0.501072 0.730747
vt 0.377794 0.329275
vt 0.345882 0.005276
vt 0.012499 0.995149
vt 0.057030 0.992139
vt 0.509353 0.004574
vt 0.470787 0.328821
vt 0.677170 0.011252
vt 0.400746 0.667498
vt 0.375421 0.992437
vt 0.769460 0.009413
vt 0.721640 0.011648
vt 0.658766 0.010867
vt 0.007698 0.462857
vt 0.175091 0.475114
vt 0.154666 0.475918
vt 0.622176 0.723168
vt 0.623806 0.690476
vt 0.579908 0.730999
vt 0.656836 0.700638
vt 0.577650 0.728324
vt 0.543945 0.669312
vt 0.499064 0.668094
vt 0.315673 0.601327
vt 0.345105 0.329981
vt 0.352568 0.667607
vt 0.312416 0.992383
vt 0.263418 0.667149
vt 0.602629 0.006470
vt 0.037097 0.669675
vt 0.255387 0.991913
vt 0.277437 0.667316
vt 0.323859 0.468311
vt 0.175093 0.475115
vt 0.154668 0.475916
vt 0.015221 0.556410
vt 0.006396 0.477525
vt 0.142102 0.497684
vt 0.006585 0.525924
vt 0.324049 0.516719
vt 0.562814 0.736133
vt 0.655336 0.702070
vt 0.684970 0.686244
vt 0.579816 0.731027
vt 0.501049 0.730718
vt 0.656747 0.700654
vt 0.315656 0.601313
vt 0.674138 0.722913
vt 0.543951 0.669312
vt 0.681149 0.332480
vt 0.658768 0.010867
vt 0.050082 0.669025
vt 0.375424 0.992437
vt 0.755324 0.010483
vt 0.739869 0.332034
vt 0.266762 0.667183
vt 0.190962 0.667977
vt 0.175693 0.991082
vt 0.525031 0.004803
vt 0.386513 0.004504
vt 0.240517 0.638553
vt 0.165217 0.658780
vt 0.142102 0.497685
vt 0.193869 0.656218
vt 0.188161 0.491299
vt 0.322745 0.531396
vt 0.178109 0.515615
vt 0.579835 0.731020
vt 0.539173 0.722150
vt 0.543948 0.669312
vt 0.295523 0.591434
vt 0.523127 0.677828
vt 0.543950 0.669313
vt 0.501057 0.730727
vt 0.424604 0.328840
vt 0.402201 0.004275
vt 0.015221 0.556409
vt 0.281213 0.384784
vt 0.010981 0.539982
vt 0.583764 0.690829
vt 0.655262 0.702089
vt 0.656792 0.700642
vt 0.588959 0.745489
vt 0.295582 0.591490
vt 0.543951 0.669314
vt 0.812778 0.005264
vt 0.183963 0.482642
vt 0.147778 0.510710
vt 0.315473 0.601168
vt 0.501056 0.730727
vt 0.298678 0.992290
vt 0.555250 0.330264
vt 0.786645 0.329336
vt 0.735901 0.011078
vt 0.179444 0.991175
vt 0.416778 0.004199
vt 0.712580 0.332631
vt 0.086264 0.991054
vt 0.448141 0.004109
vt 0.618675 0.328981
vt 0.154668 0.475918
vt 0.093296 0.353771
vt 0.244013 0.357643
vt 0.178110 0.515616
vt 0.188163 0.491299
vt 0.029623 0.584617
vt 0.583763 0.690828
vt 0.655323 0.702075
vt 0.653600 0.711163
vt 0.670798 0.721110
vt 0.659382 0.672964
vt 0.560333 0.720604
vt 0.579401 0.729187
vt 0.386517 0.004504
vt 0.345107 0.329981
vt 0.188312 0.667878
vt 0.555247 0.330264
vt 0.044359 0.392319
vt 0.153154 0.517911
vt 0.598346 0.704292
vt 0.579845 0.731016
vt 0.501067 0.730735
vt 0.656786 0.700643
vt 0.588957 0.745489
vt 0.295503 0.591413
vt 0.543941 0.669312
vt 0.659381 0.672963
vt 0.501069 0.730742
vt 0.601859 0.327458
vt 0.015223 0.556414
vt 0.004045 0.494336
vt 0.093564 0.353889
vt 0.166381 0.473079
vt 0.323860 0.468318
vt 0.184838 0.337812
vt 0.252396 0.633084
vt 0.172899 0.484257
vt 0.577739 0.728369
vt 0.539174 0.722149
vt 0.543944 0.669314
vt 0.812050 0.326439
vt 0.572856 0.006252
vt 0.793574 0.007366
vt 0.057027 0.992139
vt 0.118732 0.650577
vt 0.300822 0.409625
vt 0.295448 0.591366
vt 0.650032 0.708941
vt 0.659380 0.672963
vt 0.579399 0.729186
vt 0.384010 0.667549
vt 0.403463 0.992319
vt 0.340915 0.992460
vt 0.282569 0.992197
vt 0.250848 0.667015
vt 0.387729 0.667533
vt 0.343769 0.992464
vt 0.566179 0.330730
vt 0.434822 0.992067
vt 0.562811 0.736132
vt 0.579831 0.731021
vt 0.295571 0.591481
vt 0.086567 0.305354
vt 0.029697 0.253137
vt 0.006593 0.194438
vt 0.007709 0.131360
vt 0.032881 0.073511
vt 0.078275 0.029697
vt 0.136977 0.006592
vt 0.200054 0.007710
vt 0.270566 0.044180
vt 0.316159 0.106492
vt 0.327366 0.168570
vt 0.305354 0.244843
vt 0.253137 0.301714
vt 0.177489 0.325785
vt 0.621388 0.667858
vt 0.637297 0.676396
vt 0.639115 0.686582
vt 0.609221 0.669286
vt 0.086569 0.305354
vt 0.029697 0.253136
vt 0.005626 0.177491
vt 0.017446 0.101196
vt 0.067267 0.039209
vt 0.244843 0.026057
vt 0.301714 0.078275
vt 0.325785 0.153920
vt 0.313964 0.230220
vt 0.267376 0.289723
vt 0.154134 0.005838
vt 0.181282 0.325076
vt 0.621390 0.667858
vt 0.637294 0.676393
vt 0.639114 0.686580
vt 0.609221 0.669285
vt 0.060845 0.287232
vt 0.015252 0.224919
vt 0.004045 0.162840
vt 0.026057 0.086569
vt 0.078274 0.029698
vt 0.153922 0.005626
vt 0.244844 0.026057
vt 0.324818 0.136974
vt 0.323702 0.200052
vt 0.298531 0.257901
vt 0.194435 0.324819
vt 0.131357 0.323701
vt 0.621387 0.667856
vt 0.637295 0.676394
vt 0.639116 0.686578
vt 0.609225 0.669281
vt 0.006593 0.194439
vt 0.007149 0.134179
vt 0.031290 0.075891
vt 0.153926 0.005626
vt 0.230215 0.017446
vt 0.282036 0.053413
vt 0.315060 0.103840
vt 0.325077 0.181284
vt 0.298530 0.257902
vt 0.177487 0.325785
vt 0.621389 0.667857
vt 0.637293 0.676393
vt 0.639115 0.686581
vt 0.609938 0.668764
vt 0.073509 0.298530
vt 0.029698 0.253137
vt 0.005837 0.177278
vt 0.026352 0.086508
vt 0.153920 0.005626
vt 0.244841 0.026056
vt 0.313964 0.230219
vt 0.277987 0.282047
vt 0.208494 0.320411
vt 0.131356 0.323701
vt 0.639116 0.686579
vt 0.609225 0.669282
vt 0.011000 0.208494
vt 0.013301 0.115334
vt 0.053416 0.049372
vt 0.122914 0.011002
vt 0.257897 0.032878
vt 0.301713 0.078273
vt 0.324818 0.136973
vt 0.323701 0.200054
vt 0.298535 0.257894
vt 0.255527 0.300117
vt 0.197244 0.324260
vt 0.060846 0.287232
vt 0.621386 0.667856
vt 0.639115 0.686579
vt 0.609221 0.669284
vt 0.011001 0.208497
vt 0.007710 0.131357
vt 0.031293 0.075887
vt 0.075896 0.031287
vt 0.136976 0.006592
vt 0.270566 0.044179
vt 0.253136 0.301715
vt 0.177491 0.325785
vt 0.101192 0.313964
vt 0.049372 0.277995
vt 0.621386 0.667857
vt 0.637297 0.676397
vt 0.609220 0.669286
vt 0.032882 0.073509
vt 0.049371 0.277994
vt 0.011000 0.208493
vt 0.216078 0.013301
vt 0.282040 0.053417
vt 0.320410 0.122914
vt 0.323701 0.200055
vt 0.621385 0.667856
vt 0.609222 0.669284
vt 0.086676 0.305149
vt 0.013301 0.115335
vt 0.053423 0.049365
vt 0.122987 0.011222
vt 0.267505 0.041796
vt 0.318977 0.119342
vt 0.298533 0.257897
vt 0.237853 0.309091
vt 0.162847 0.327366
vt 0.621387 0.667857
vt 0.609220 0.669285
vt 0.073508 0.298529
vt 0.006591 0.194429
vt 0.013301 0.115333
vt 0.053424 0.049364
vt 0.122917 0.011000
vt 0.200055 0.007710
vt 0.316159 0.106491
vt 0.325008 0.185377
vt 0.298528 0.257905
vt 0.194430 0.324820
vt 0.131354 0.323700
vt 0.637296 0.676395
vt 0.086568 0.305354
vt 0.006593 0.194437
vt 0.007709 0.131363
vt 0.032876 0.073517
vt 0.093667 0.022527
vt 0.168571 0.004045
vt 0.230213 0.017445
vt 0.292258 0.066969
vt 0.280018 0.280016
vt 0.230212 0.313967
vt 0.165703 0.327366
vt 0.637293 0.676392
vt 0.639114 0.686582
vt 0.122918 0.011000
vt 0.316158 0.106491
vt 0.325289 0.181509
vt 0.300118 0.255526
vt 0.115333 0.318110
vt 0.621385 0.667857
vt 0.639116 0.686580
vt 0.086570 0.305355
vt 0.044180 0.060845
vt 0.106492 0.015252
vt 0.301714 0.078274
vt 0.325785 0.153922
vt 0.305354 0.244844
vt 0.621388 0.667857
vt 0.637295 0.676395
vt 0.015253 0.224921
vt 0.006403 0.146034
vt 0.032883 0.073506
vt 0.136981 0.006591
vt 0.200058 0.007711
vt 0.257903 0.032882
vt 0.324820 0.136982
vt 0.318110 0.216079
vt 0.007710 0.131356
vt 0.032878 0.073515
vt 0.078271 0.029700
vt 0.136973 0.006593
vt 0.318110 0.216078
vt 0.277988 0.282046
vt 0.073515 0.298533
vt 0.029700 0.253140
vt 0.007709 0.131362
vt 0.032880 0.073511
vt 0.136974 0.006593
vt 0.216076 0.013301
vt 0.282047 0.053424
vt 0.320189 0.122987
vt 0.287232 0.270566
vt 0.208493 0.320411
vt 0.609222 0.669283
vt 0.073514 0.298533
vt 0.005838 0.177281
vt 0.026353 0.086508
vt 0.136982 0.006591
vt 0.216079 0.013301
vt 0.320411 0.122917
vt 0.005626 0.177487
vt 0.026057 0.086567
vt 0.153924 0.005626
vt 0.325785 0.153926
vt 0.637294 0.676394
vt 0.609939 0.668763
vt 0.073511 0.298531
vt 0.006592 0.194435
vt 0.044179 0.060845
vt 0.106490 0.015253
vt 0.168565 0.004045
vt 0.298529 0.257903
vt 0.194429 0.324820
vt 0.639117 0.686580
vt 0.078276 0.029697
vt 0.325785 0.153924
vt 0.022323 0.237858
vt 0.004045 0.162843
vt 0.017446 0.101197
vt 0.053417 0.049371
vt 0.122914 0.011001
vt 0.257902 0.032882
vt 0.301715 0.078276
vt 0.324819 0.136977
vt 0.253140 0.301712
vt 0.194439 0.324818
vt 0.131362 0.323702
vt 0.015254 0.224923
vt 0.004045 0.162848
vt 0.016350 0.103841
vt 0.051399 0.051389
vt 0.287052 0.270420
vt 0.049364 0.277987
vt 0.004045 0.162842
vt 0.200051 0.007709
vt 0.257905 0.032883
vt 0.305355 0.244842
vt 0.253136 0.301714
vt 0.177490 0.325785
vt 0.609937 0.668764
vt 0.119235 0.012221
vt 0.181628 0.004045
vt 0.017448 0.101192
vt 0.317834 0.216191
vt 0.277997 0.282037
vt 0.227575 0.315059
vt 0.165705 0.327366
vt 0.150070 0.006105
vt 0.241299 0.024542
vt 0.177485 0.325785
vt 0.007710 0.131359
vt 0.044478 0.060846
vt 0.324819 0.136976
vt 0.320411 0.122918
vt 0.323702 0.200050
vt 0.287056 0.270416
vt 0.224929 0.316155
vt 0.146032 0.325008
vt 0.006592 0.194434
vt 0.200050 0.007709
vt 0.270562 0.044175
vt 0.316154 0.106479
vt 0.327366 0.168567
vt 0.313966 0.230215
vt 0.277994 0.282040
vt 0.208427 0.320188
vt 0.013524 0.115400
vt 0.090115 0.306871
vt 0.005625 0.177489
vt 0.026056 0.086570
vt 0.280023 0.051400
vt 0.315064 0.103849
vt 0.181340 0.325306
vt 0.639116 0.686581
vt 0.086567 0.305353
vt 0.639114 0.686581
vt 0.555243 0.330264
vt 0.584166 0.331465
vt 0.350454 0.329839
vt 0.232411 0.993624
vt 0.219073 0.669342
vt 0.179380 0.991195
vt 0.555244 0.330264
vt 0.812044 0.326440
vt 0.073302 0.629987
vt 0.184834 0.337812
vt 0.032796 0.404988
vt 0.078050 0.361159
vt 0.297650 0.589253
vt 0.078049 0.361159
vt 0.308179 0.424911
vt 0.300822 0.409624
vt 0.324824 0.485259
vt 0.004045 0.494330
vt 0.017405 0.432685
vt 0.066781 0.370618
vt 0.495765 0.744144
vt 0.702098 0.673880
vt 0.702097 0.673882
vt 0.689067 0.669746
vt 0.468780 0.725666
vt 0.656787 0.700643
vt 0.156828 0.511456
vt 0.168548 0.502257
vt 0.543834 0.680940
vt 0.522372 0.731449
vt 0.648865 0.666876
vt 0.473248 0.725319
vt 0.462648 0.687483
vt 0.473249 0.725319
vt 0.335456 0.330238
vt 0.372646 0.004678
vt 0.813035 0.326307
vt 0.809895 0.005652
vt 0.193623 0.991547
vt 0.439135 0.328755
vt 0.496046 0.004352
vt 0.501449 0.329103
vt 0.434823 0.992067
vt 0.263662 0.623627
vt 0.032795 0.404990
vt 0.297648 0.589255
vt 0.252394 0.633085
vt 0.149632 0.337531
vt 0.153155 0.517912
vt 0.100899 0.645406
vt 0.039047 0.595913
vt 0.297649 0.589253
vt 0.291398 0.398329
vt 0.162369 0.658781
vt 0.073301 0.629986
vt 0.029622 0.584616
vt 0.161270 0.507759
vt 0.495770 0.744144
vt 0.462655 0.739302
vt 0.656860 0.700633
vt 0.156832 0.511455
vt 0.673598 0.680992
vt 0.499064 0.668095
vt 0.516909 0.734763
vt 0.522374 0.731448
vt 0.156829 0.511455
vt 0.004045 0.995955
vt 0.592256 0.326338
vt 0.199469 0.339113
vt 0.136581 0.338024
vt 0.211715 0.343668
vt 0.297649 0.589254
vt 0.237150 0.640472
vt 0.176762 0.656981
vt 0.237155 0.640470
vt 0.501068 0.730741
vt 0.702098 0.673881
vt 0.689069 0.669743
vt 0.656880 0.700630
vt 0.153122 0.512728
vt 0.162757 0.507941
vt 0.654328 0.711571
vt 0.542729 0.720444
vt 0.499065 0.668094
vt 0.462644 0.687483
vt 0.473239 0.725320
vt 0.470777 0.328821
vt 0.812040 0.326440
vt 0.343755 0.992464
vt 0.015172 0.994894
vt 0.067247 0.668102
vt 0.067247 0.991572
vt 0.263416 0.667149
vt 0.277170 0.613406
vt 0.317170 0.547421
vt 0.005833 0.508770
vt 0.026286 0.417991
vt 0.237153 0.640470
vt 0.053276 0.380836
vt 0.106182 0.346700
vt 0.501051 0.730720
vt 0.495767 0.744143
vt 0.473243 0.725319
vt 0.495787 0.744155
vt 0.462652 0.739303
vt 0.686746 0.674717
vt 0.156826 0.511456
vt 0.168548 0.502256
vt 0.673599 0.680993
vt 0.654328 0.711572
vt 0.499072 0.668097
vt 0.522373 0.731448
vt 0.462643 0.687483
vt 0.473250 0.725318
vt 0.201041 0.668535
vt 0.560552 0.005831
vt 0.755323 0.331560
vt 0.809897 0.005651
vt 0.809896 0.326728
vt 0.313040 0.561557
vt 0.324824 0.485260
vt 0.286389 0.601919
vt 0.224266 0.647541
vt 0.017409 0.432676
vt 0.322746 0.531396
vt 0.277171 0.613405
vt 0.224265 0.647542
vt 0.176109 0.517703
vt 0.154667 0.475919
vt 0.078051 0.361158
vt 0.501077 0.730750
vt 0.495789 0.744155
vt 0.100268 0.990629
vt 0.601857 0.327458
vt 0.154666 0.475917
vt 0.695660 0.332863
vt 0.304159 0.576252
vt 0.103534 0.646500
vt 0.180810 0.656712
vt 0.029619 0.584611
vt 0.093292 0.353772
vt 0.106174 0.346704
vt 0.049231 0.609458
vt 0.041737 0.598672
vt 0.702097 0.673885
vt 0.499078 0.668103
vt 0.686743 0.674723
vt 0.156833 0.511453
vt 0.522369 0.731451
vt 0.473244 0.725319
vt 0.097478 0.990683
vt 0.369746 0.667614
vt 0.375420 0.992437
vt 0.128979 0.990362
vt 0.812045 0.326440
vt 0.067251 0.991572
vt 0.263661 0.623628
vt 0.044061 0.392318
vt 0.473244 0.725320
vt 0.462653 0.739303
vt 0.656880 0.700627
vt 0.156830 0.511455
vt 0.168547 0.502258
vt 0.499063 0.668094
vt 0.566177 0.330730
vt 0.406161 0.992303
vt 0.196665 0.338555
vt 0.133783 0.338584
vt 0.049230 0.609456
vt 0.162364 0.658781
vt 0.060679 0.618698
vt 0.044061 0.392319
vt 0.032796 0.404990
vt 0.154667 0.475916
vt 0.066783 0.370616
vt 0.501058 0.730727
vt 0.499075 0.668101
vt 0.656897 0.700624
vt 0.522370 0.731450
vt 0.462645 0.687483
vt 0.447936 0.004117
vt 0.650807 0.331338
vt 0.727314 0.332610
vt 0.343760 0.992464
vt 0.695664 0.332863
vt 0.188162 0.491301
vt 0.324613 0.485474
vt 0.229537 0.348833
vt 0.291397 0.398327
vt 0.161270 0.507760
vt 0.702097 0.673883
vt 0.172448 0.489290
vt 0.155425 0.511937
vt 0.550973 0.005445
vt 0.429863 0.667280
vt 0.324613 0.485472
vt 0.005832 0.508768
vt 0.215557 0.344972
vt 0.015222 0.556412
vt 0.004045 0.494335
vt 0.686747 0.674716
vt 0.499079 0.668104
vt 0.692818 0.332835
vt 0.462653 0.687483
vt 0.282567 0.992197
vt 0.006586 0.525929
vt 0.308178 0.424908
vt 0.281214 0.384785
vt 0.060675 0.618695
vt 0.522371 0.731450
vt 0.017180 0.994703
vt 0.069872 0.991467
vt 0.555245 0.330264
vt 0.393959 0.329092
vt 0.465110 0.004109
vt 0.204708 0.668699
vt 0.148648 0.990584
vt 0.424643 0.328849
vt 0.784169 0.008478
vt 0.784168 0.329555
vt 0.153471 0.337050
vt 0.153494 0.337281
vt 0.229536 0.348833
vt 0.032794 0.404992
vt 0.016310 0.559045
vt 0.266714 0.373162
vt 0.013274 0.446822
vt 0.316949 0.547356
vt 0.016315 0.559057
vt 0.049231 0.609457
vt 0.495768 0.744143
vt 0.156831 0.511455
vt 0.462652 0.687483
vt 0.560553 0.005831
vt 0.812051 0.326439
vt 0.263664 0.623625
vt 0.100908 0.645410
vt 0.495781 0.744152
vt 0.501071 0.730742
vt 0.183966 0.482644
vt 0.317963 0.543649
vt 0.252389 0.633088
vt 0.689068 0.669743
vt 0.542728 0.720444
vt 0.516901 0.734768
vt 0.201314 0.668524
vt 0.758040 0.331419
vt 0.300823 0.409626
vt 0.176971 0.657193
vt 0.654332 0.711574
vt 0.656832 0.700636
vt 0.156832 0.511454
vt 0.126113 0.666895
vt 0.131835 0.990359
vt 0.483144 0.004271
vt 0.069875 0.991467
vt 0.576299 0.331098
vt 0.188161 0.491297
vt 0.136583 0.338024
vt 0.199470 0.339113
vt 0.166378 0.473078
vt 0.063731 0.621079
vt 0.175094 0.475114
vt 0.007700 0.462847
vt 0.078052 0.361157
vt 0.499081 0.668103
vt 0.522373 0.731449
vt 0.462647 0.687483
vt 0.550972 0.005445
vt 0.421245 0.992167
vt 0.176974 0.657193
vt 0.185003 0.338062
vt 0.136578 0.338025
vt 0.211556 0.650580
vt 0.013274 0.446823
vt 0.501051 0.730721
vt 0.499071 0.668099
vt 0.702097 0.673884
vt 0.386423 0.004514
vt 0.162756 0.507941
vt 0.172448 0.489292
vt 0.473251 0.725318
vt 0.049235 0.609461
vt 0.007699 0.462849
vt 0.257140 0.364254
vt 0.316949 0.547354
vt 0.656865 0.700632
vt 0.499058 0.668090
vt 0.039459 0.992994
vt 0.097479 0.667213
vt 0.712585 0.332631
vt 0.221471 0.992958
vt 0.073301 0.629987
vt 0.462654 0.739303
vt 0.499064 0.668092
vt 0.037099 0.669675
vt 0.041822 0.992843
vt 0.013180 0.671614
vt 0.069879 0.991467
vt 0.017182 0.994703
vt 0.128964 0.666892
vt 0.434817 0.992067
vt 0.529973 0.329590
vt 0.434821 0.992067
vt 0.053273 0.380839
vt 0.237044 0.640266
vt 0.161268 0.507761
vt 0.499080 0.668105
vt 0.656769 0.700647
vt 0.094670 0.667268
vt 0.100270 0.990629
vt 0.257145 0.364257
vt 0.300821 0.409623
vt 0.323859 0.468313
vt 0.495769 0.744144
vt 0.156829 0.511456
vt 0.499080 0.668103
vt 0.522370 0.731451
vt 0.576302 0.331098
vt 0.618582 0.007936
vt 0.288713 0.395575
vt 0.044056 0.392324
vt 0.168549 0.502256
vt 0.495787 0.744153
vt 0.462653 0.739302
vt 0.686743 0.674721
vt 0.156835 0.511452
vt 0.516898 0.734770
vt 0.039459 0.669524
vt 0.429865 0.667280
vt 0.255385 0.991913
vt 0.300821 0.409624
vt 0.032797 0.404988
vt 0.686743 0.674722
vt 0.499071 0.668098
vt 0.572858 0.006253
vt 0.576303 0.331098
vt 0.348169 0.329900
vt 0.307978 0.425024
vt 0.161269 0.507761
vt 0.656869 0.700632
vt 0.499080 0.668104
vt 0.086513 0.991069
vt 0.126118 0.666895
vt 0.015182 0.671423
vt 0.082437 0.667706
vt 0.030774 0.993752
vt 0.656874 0.700631
vt 0.078704 0.667806
vt 0.664299 0.332169
vt 0.721645 0.011648
vt 0.727317 0.332610
vt 0.324824 0.485261
vt 0.656834 0.700636
vt 0.784174 0.008477
vt 0.799871 0.327708
vt 0.255384 0.991913
vt 0.321441 0.667560
vt 0.329247 0.992419
vt 0.607180 0.328079
vt 0.658769 0.010867
vt 0.156831 0.511454
vt 0.516902 0.734767
vt 0.184835 0.337812
vt 0.656857 0.700633
vt 0.654330 0.711573
vt 0.462651 0.687483
vt 0.607182 0.328080
vt 0.813922 0.326187
vt 0.006586 0.525930
vt 0.133778 0.338585
vt 0.656880 0.700631
vt 0.372642 0.004678
vt 0.673600 0.680993
vt 0.343888 0.005329
vt 0.638640 0.717283
vt 0.348170 0.005215
vt 0.674044 0.722855
vt 0.248869 0.666988
vt 0.638639 0.717283
vt 0.588962 0.745491
vt 0.674043 0.722854
vt 0.015173 0.671424
vt 0.094669 0.667268
vt 0.638640 0.717282
vt 0.338050 0.667621
vt 0.638639 0.717282
vt 0.674043 0.722855
vt 0.638641 0.717281
vt 0.588964 0.745492
vt 0.638640 0.717281
vt 0.572857 0.006253
vt 0.348169 0.005215
vt 0.250849 0.667015
vt 0.602634 0.006471
vt 0.602636 0.006471
vt 0.588964 0.745491
s 1
f 926/1/1 912/2/2 925/3/3
f 121/4/4 103/5/5 120/6/6
f 23/7/7 5/8/8 22/9/9
f 169/10/10 150/11/11 170/12/12
f 872/13/13 854/14/14 871/15/15
f 27/16/16 10/17/17 26/18/18
f 70/19/19 68/20/20 82/21/21
f 1097/22/22 1114/23/23 1113/24/23
f 905/25/24 920/26/23 919/27/23
f 1441/28/25 1472/29/23 1457/30/26
f 899/31/27 917/32/23 915/33/23
f 35/34/28 36/35/29 48/36/30
f 636/37/31 648/38/32 647/39/33
f 398/38/34 386/40/35 399/41/36
f 651/42/37 687/43/38 655/44/39
f 510/45/40 544/46/41 540/47/42
f 302/48/43 340/49/44 307/50/45
f 1005/51/46 1033/52/47 1028/53/48
f 393/54/49 399/55/36 389/56/50
f 1030/57/51 1026/58/52 1027/59/53
f 290/60/54 295/61/55 285/62/56
f 380/63/57 365/64/58 379/65/59
f 127/66/60 113/67/61 126/68/62
f 122/69/63 104/70/64 121/71/4
f 77/72/65 60/73/66 76/74/67
f 72/75/68 55/76/69 71/77/70
f 170/12/12 168/78/71 181/79/72
f 1264/80/73 1250/81/74 1248/82/75
f 79/83/76 64/84/77 78/85/78
f 920/86/79 904/87/80 919/88/81
f 76/74/67 59/89/82 75/90/83
f 1320/91/84 1304/92/85 1319/93/86
f 302/94/43 320/95/87 319/96/23
f 960/97/88 975/98/23 974/99/89
f 605/100/90 623/95/91 621/101/23
f 84/102/92 85/35/93 97/103/94
f 134/104/95 148/105/96 147/106/97
f 449/107/98 436/108/99 450/109/100
f 1050/110/101 1085/111/41 1081/112/50
f 1451/113/102 1484/114/103 1480/115/104
f 1447/116/105 1484/114/103 1451/113/102
f 1441/117/25 1485/118/106 1443/119/107
f 213/120/108 239/121/109 242/122/110
f 852/123/111 889/49/112 856/124/113
f 743/125/114 733/126/115 738/127/116
f 494/128/117 488/129/118 483/130/119
f 1134/131/120 1139/61/121 1129/62/122
f 21/132/123 20/78/124 33/133/125
f 477/134/126 460/135/127 476/136/128
f 129/137/129 115/138/130 128/139/131
f 130/140/132 116/141/133 129/137/129
f 967/142/134 947/143/135 966/144/136
f 125/145/137 109/146/138 124/90/139
f 533/147/140 518/148/141 532/149/142
f 123/150/81 106/151/143 122/69/63
f 482/152/144 468/153/145 481/3/146
f 128/139/131 114/154/147 127/66/60
f 923/155/148 908/156/149 922/157/150
f 726/158/151 710/73/152 725/159/153
f 1494/160/154 1512/161/155 1510/162/23
f 407/163/156 425/164/23 424/165/23
f 302/94/43 319/96/23 300/166/157
f 133/167/158 134/35/95 147/168/97
f 232/104/159 246/105/96 245/169/97
f 297/170/160 284/108/161 298/171/162
f 1555/172/163 1576/173/164 1577/174/165
f 209/175/166 243/176/167 237/177/168
f 241/125/169 231/178/158 236/179/116
f 892/180/170 886/181/171 881/182/172
f 1182/183/173 1186/184/174 1178/62/175
f 1139/61/121 1132/185/176 1138/186/177
f 131/187/178 118/188/179 130/189/132
f 277/93/180 261/190/181 276/191/182
f 179/65/183 164/192/184 178/193/185
f 1421/194/186 1405/188/187 1420/195/188
f 1370/196/189 1356/197/190 1369/3/191
f 177/198/192 163/199/193 161/200/194
f 167/201/195 180/202/196 187/203/197
f 983/204/198 974/99/89 973/205/199
f 712/206/200 727/207/23 726/208/23
f 197/209/201 183/210/202 194/211/203
f 1424/212/204 1438/105/205 1437/213/206
f 1036/170/207 1025/214/208 1037/215/209
f 899/216/27 936/217/210 902/218/211
f 1282/125/212 1272/102/213 1277/219/214
f 643/220/215 639/221/216 634/222/217
f 238/223/218 246/224/96 240/225/219
f 239/121/109 244/226/220 234/62/221
f 474/227/222 456/228/223 473/229/224
f 120/6/6 102/230/225 119/231/226
f 26/232/18 8/233/227 25/234/228
f 69/235/229 51/236/230 70/19/19
f 1564/198/150 1549/73/231 1563/237/232
f 217/19/233 215/238/234 229/194/140
f 719/239/235 701/240/236 718/231/237
f 224/241/238 207/73/231 223/159/239
f 255/242/240 272/243/23 252/22/241
f 224/244/23 205/245/242 209/246/166
f 513/247/243 530/248/23 529/249/23
f 231/178/158 232/35/159 245/250/97
f 928/251/159 940/252/244 939/253/245
f 148/105/96 135/40/35 149/109/246
f 1389/254/247 1428/255/248 1393/256/249
f 503/257/250 542/258/251 507/259/252
f 1253/260/253 1284/261/254 1278/262/255
f 1433/125/256 1423/263/257 1428/255/248
f 595/264/258 601/55/259 591/265/260
f 792/266/261 786/267/262 781/268/263
f 934/269/164 930/270/264 931/59/265
f 1280/271/266 1285/272/267 1275/62/268
f 936/217/210 939/168/245 933/273/269
f 146/274/220 139/262/270 145/275/167
f 323/276/271 306/233/272 322/277/273
f 269/278/274 250/279/275 267/280/276
f 673/281/277 656/282/278 672/283/279
f 228/140/280 212/284/281 227/285/282
f 324/16/283 308/17/284 323/18/271
f 274/286/285 256/17/286 273/18/287
f 320/278/288 301/287/289 319/288/290
f 270/289/291 251/290/292 269/9/274
f 229/194/140 214/188/293 228/189/280
f 1264/86/73 1248/291/75 1263/292/294
f 373/293/23 352/160/250 357/294/252
f 404/295/295 422/243/23 421/296/23
f 1041/297/250 1065/243/23 1064/298/87
f 316/299/296 330/300/23 329/301/23
f 1105/302/297 1120/303/23 1119/304/23
f 282/263/298 283/305/299 296/103/300
f 435/306/301 449/107/98 448/213/302
f 797/307/303 784/40/304 798/308/305
f 401/216/306 439/127/307 404/309/295
f 1160/310/308 1182/311/173 1183/312/165
f 416/313/309 442/314/310 445/315/311
f 755/316/312 789/317/313 758/318/314
f 94/125/315 84/102/92 90/319/316
f 241/128/169 235/59/317 230/320/318
f 391/321/251 398/322/34 393/54/49
f 1030/57/51 1034/272/319 1026/62/52
f 329/63/320 315/64/321 328/65/322
f 328/65/322 314/323/323 327/324/324
f 321/325/325 303/326/326 320/9/288
f 331/327/327 318/328/328 330/329/329
f 273/276/287 254/330/330 272/331/331
f 1470/332/332 1455/333/333 1469/334/334
f 372/15/335 354/335/336 371/336/337
f 71/4/70 53/337/338 69/235/229
f 373/234/228 355/14/339 372/15/335
f 24/69/335 6/338/336 23/7/7
f 326/339/340 311/340/341 325/341/342
f 352/160/250 369/101/23 350/166/343
f 300/166/157 330/300/23 316/299/296
f 501/342/343 521/343/23 533/344/23
f 366/299/344 381/300/23 380/301/23
f 503/100/250 522/345/345 520/162/23
f 333/346/346 334/210/347 346/36/348
f 385/251/29 398/38/34 397/106/30
f 1537/347/349 1526/348/350 1538/349/351
f 360/45/40 393/350/49 389/47/50
f 357/294/252 393/350/49 360/45/40
f 52/351/352 94/352/315 54/353/353
f 1494/354/154 1529/355/354 1498/50/355
f 394/125/356 384/356/357 390/43/358
f 1532/357/359 1528/221/360 1524/358/361
f 42/359/362 49/322/34 44/360/41
f 392/271/363 396/184/364 387/62/365
f 990/361/366 983/362/198 989/363/367
f 330/329/329 317/364/368 329/3/320
f 1557/10/369 1540/11/370 1558/19/371
f 371/336/337 353/326/372 370/9/373
f 377/339/374 361/340/375 376/341/376
f 374/276/18 356/233/227 373/234/228
f 375/16/16 358/17/17 374/18/18
f 419/239/377 402/365/378 418/231/379
f 370/278/373 351/287/380 369/288/381
f 1259/132/382 1258/78/383 1270/79/384
f 829/91/385 814/92/386 828/366/387
f 528/367/23 510/45/40 513/247/243
f 404/295/295 421/296/23 420/368/23
f 1100/242/388 1119/304/23 1118/369/23
f 384/356/357 385/35/29 397/370/30
f 1226/212/389 1240/347/390 1239/371/391
f 347/38/392 335/40/393 348/41/394
f 1350/372/395 1381/373/396 1377/374/397
f 807/375/398 842/373/399 810/376/400
f 300/377/157 343/378/401 302/379/43
f 618/380/402 615/381/403 641/271/404
f 4/257/250 42/49/362 9/259/252
f 143/125/169 133/167/158 138/179/116
f 342/54/405 348/55/394 338/56/406
f 850/382/407 892/383/170 852/384/111
f 343/385/401 337/181/408 332/386/409
f 890/387/410 894/61/411 885/62/412
f 124/86/139 107/388/80 123/150/81
f 382/327/413 368/328/414 381/329/415
f 427/389/416 410/390/417 426/391/418
f 420/289/419 403/290/420 419/9/377
f 481/392/146 466/393/421 480/394/422
f 473/229/224 455/395/423 472/396/424
f 423/276/425 406/330/426 422/397/427
f 28/341/376 11/398/428 27/16/16
f 73/399/429 56/400/430 72/75/68
f 252/22/241 270/368/23 249/401/431
f 458/402/432 474/403/23 454/100/433
f 876/303/23 859/404/434 862/405/435
f 1097/22/22 1115/406/23 1114/23/23
f 452/407/436 470/408/23 482/409/23
f 856/375/113 873/410/23 872/411/87
f 507/402/252 524/412/23 503/100/250
f 755/22/312 771/413/23 751/401/437
f 434/414/438 435/35/301 448/415/302
f 734/212/439 748/347/96 747/169/97
f 1141/347/440 1128/416/441 1142/417/442
f 411/418/443 446/419/444 440/362/445
f 1341/420/446 1382/421/447 1343/422/448
f 767/423/449 790/424/450 793/425/451
f 1507/426/452 1504/427/453 1530/428/454
f 1041/257/250 1083/258/455 1046/429/252
f 1485/125/106 1475/430/456 1481/431/457
f 292/266/458 286/432/459 281/433/460
f 1530/434/454 1527/435/461 1528/221/360
f 1133/436/462 1141/224/440 1135/225/463
f 1576/437/164 1580/438/174 1572/62/264
f 1034/272/319 1028/53/48 1033/52/47
f 216/439/464 198/440/465 217/19/233
f 1516/86/466 1497/441/467 1515/292/468
f 32/442/3 17/443/58 31/65/59
f 225/85/469 208/444/470 224/157/238
f 583/445/471 567/446/472 582/447/473
f 523/229/474 504/448/475 522/449/476
f 521/12/233 519/450/234 533/147/140
f 479/451/477 463/452/478 478/191/479
f 1016/86/480 1000/453/481 1015/454/482
f 478/389/479 462/455/483 477/134/126
f 428/334/484 412/452/485 427/191/416
f 1060/456/23 1040/457/486 1041/297/250
f 80/458/23 63/459/487 66/460/488
f 1296/116/252 1313/243/23 1292/100/250
f 352/160/250 370/95/91 369/101/23
f 655/461/39 672/462/23 671/463/23
f 484/430/489 485/35/490 497/168/491
f 1077/37/492 1090/347/34 1089/464/493
f 847/105/494 835/40/495 848/41/496
f 61/113/497 93/114/498 89/115/499
f 948/316/500 984/465/501 950/50/502
f 1399/466/503 1435/467/504 1429/185/505
f 792/125/261 782/263/506 787/127/507
f 44/360/41 50/55/36 40/468/50
f 1382/180/447 1376/469/508 1371/470/509
f 1083/471/455 1090/224/34 1085/472/41
f 640/473/510 647/103/33 642/474/511
f 790/424/450 795/226/512 785/62/513
f 424/475/514 408/476/515 423/18/425
f 530/65/131 514/477/516 529/478/517
f 525/276/518 506/479/519 524/480/520
f 520/481/521 500/11/522 521/12/233
f 524/480/520 505/228/523 523/229/474
f 528/482/524 511/483/525 527/341/526
f 825/484/527 808/485/528 824/18/529
f 1494/160/154 1510/162/23 1492/486/530
f 700/487/531 720/488/23 719/489/23
f 605/100/90 621/101/23 603/490/532
f 1292/100/250 1309/491/23 1290/407/486
f 1341/490/446 1370/492/23 1355/30/533
f 535/430/357 536/35/492 548/493/97
f 334/251/347 347/38/392 346/494/348
f 1338/347/34 1326/214/534 1339/215/535
f 810/376/400 842/373/399 838/47/536
f 458/402/432 493/495/537 461/496/538
f 603/497/532 643/498/215 605/422/90
f 1404/499/539 1431/500/540 1434/501/541
f 1195/502/542 1232/258/543 1198/503/544
f 1235/125/545 1225/346/546 1230/43/547
f 842/360/399 848/55/496 838/468/536
f 843/385/548 837/181/549 832/182/550
f 491/223/551 498/224/552 493/504/537
f 1380/505/553 1384/61/554 1375/62/555
f 522/506/476 502/507/556 520/481/521
f 718/231/237 699/508/557 731/187/178
f 1471/509/558 1456/510/559 1470/332/332
f 477/134/126 462/455/483 460/135/127
f 1013/4/560 996/511/561 1011/10/562
f 1124/187/563 1110/188/564 1123/189/565
f 632/512/566 617/443/567 631/513/568
f 974/514/569 958/515/570 973/139/571
f 581/366/572 565/84/573 580/85/574
f 909/260/575 923/516/576 922/517/23
f 609/518/577 626/519/23 625/412/23
f 922/517/23 905/25/24 909/260/575
f 586/263/578 587/35/579 599/493/580
f 183/520/202 195/521/581 194/522/203
f 1438/105/205 1425/523/582 1439/524/583
f 944/216/584 982/525/585 948/316/500
f 461/496/538 493/495/537 489/112/586
f 1443/257/107 1482/258/587 1447/429/105
f 955/526/588 989/363/367 983/362/198
f 987/125/589 977/102/590 982/525/585
f 743/527/114 737/528/591 732/268/318
f 984/529/501 992/530/592 986/531/593
f 690/271/594 695/361/595 685/62/596
f 695/361/595 688/532/597 694/533/598
f 675/237/599 659/534/600 674/90/601
f 626/276/602 608/479/603 625/480/604
f 1210/235/605 1191/236/606 1211/12/607
f 627/16/608 610/17/609 626/18/602
f 1118/535/610 1102/536/611 1117/475/612
f 582/447/473 566/537/613 581/366/572
f 1022/79/614 1008/2/615 1021/3/616
f 579/241/617 561/538/618 578/74/619
f 33/133/125 19/539/2 32/3/3
f 1407/540/620 1388/236/621 1408/541/622
f 1447/116/105 1464/542/23 1463/543/87
f 629/367/623 612/404/624 615/459/403
f 816/544/625 830/545/23 829/546/23
f 1231/204/626 1221/547/576 1220/205/627
f 704/548/628 720/488/23 700/487/531
f 478/303/23 461/496/538 464/549/629
f 707/25/630 722/550/23 704/548/628
f 635/346/631 636/35/31 647/103/33
f 536/251/492 549/347/632 548/39/97
f 940/252/244 929/348/534 941/109/633
f 307/294/45 342/350/405 310/45/634
f 655/44/39 689/551/635 657/259/636
f 692/125/637 682/430/638 687/43/38
f 544/504/41 550/552/36 540/553/42
f 1531/554/639 1537/224/349 1533/555/640
f 1086/128/641 1080/129/642 1075/556/318
f 340/359/44 347/322/392 342/54/405
f 543/428/363 547/361/643 538/62/221
f 572/541/644 570/20/645 584/21/646
f 672/283/279 654/143/647 671/557/648
f 582/447/473 567/446/472 566/537/613
f 668/235/649 650/11/650 669/12/651
f 674/86/601 658/558/652 673/281/277
f 526/16/16 508/17/653 525/18/518
f 1559/4/654 1542/511/655 1557/10/369
f 220/559/656 201/560/657 219/561/658
f 774/286/659 759/17/660 773/18/661
f 679/562/662 664/138/663 678/139/664
f 878/563/23 862/405/435 865/564/665
f 121/565/23 101/566/666 105/567/667
f 913/201/163 926/568/23 925/202/668
f 411/418/443 426/304/23 407/163/156
f 1218/569/23 1198/25/544 1203/570/669
f 682/430/638 683/35/670 696/211/671
f 978/212/672 992/571/592 991/371/673
f 98/252/674 86/214/675 99/417/676
f 1192/42/677 1230/43/547 1195/502/542
f 1257/572/678 1280/573/266 1283/574/679
f 252/316/241 289/575/680 255/576/240
f 343/125/401 333/346/346 339/43/681
f 190/577/682 186/59/683 182/556/684
f 189/578/685 185/579/686 186/59/683
f 542/223/251 549/224/632 544/504/41
f 1233/580/687 1238/361/688 1228/62/689
f 193/438/690 187/53/197 192/581/691
f 830/582/692 815/510/693 829/91/385
f 227/285/282 211/583/694 226/83/695
f 721/69/335 703/584/696 720/561/697
f 724/585/698 708/586/699 723/18/700
f 727/389/701 711/587/702 726/158/151
f 529/478/517 512/588/703 528/191/524
f 725/159/153 709/589/704 724/585/698
f 623/278/705 604/287/706 621/288/707
f 723/590/700 706/591/227 722/592/228
f 583/445/471 569/593/708 567/446/472
f 615/459/403 630/594/709 629/367/623
f 1343/160/448 1358/595/23 1341/490/446
f 625/412/23 605/100/90 609/518/577
f 1046/116/252 1065/243/23 1041/297/250
f 313/596/710 328/248/23 327/597/23
f 155/598/711 173/599/23 172/600/23
f 1148/295/211 1164/601/23 1144/602/712
f 733/126/115 734/35/439 747/493/97
f 783/212/713 797/307/303 796/603/714
f 246/105/96 233/604/35 247/605/246
f 162/606/715 192/581/691 187/53/197
f 249/607/431 287/319/716 252/316/241
f 507/402/252 544/46/41 510/45/40
f 800/497/717 843/378/548 802/384/718
f 1109/572/719 1134/131/120 1137/608/720
f 1246/218/721 1279/258/722 1249/503/723
f 1136/125/724 1126/263/725 1131/431/726
f 444/266/727 438/59/728 433/268/729
f 140/609/218 148/224/96 142/531/219
f 189/271/685 193/438/690 185/62/686
f 879/140/730 864/284/731 878/610/732
f 770/611/733 752/279/734 769/612/735
f 379/65/59 364/323/736 378/324/737
f 730/140/738 715/284/281 729/285/282
f 722/592/228 705/613/339 721/69/335
f 678/139/664 663/614/739 677/615/740
f 531/616/129 515/443/130 530/65/131
f 824/617/529 806/618/741 823/234/742
f 30/324/737 14/619/743 29/157/374
f 777/334/744 764/620/745 776/191/746
f 1511/12/747 1509/621/748 1523/622/749
f 777/623/750 763/624/751 788/625/752
f 202/598/628 220/626/23 219/488/23
f 404/295/295 420/368/23 401/401/306
f 816/544/625 829/546/23 813/459/753
f 1492/486/530 1523/627/23 1507/460/452
f 411/418/443 427/303/23 426/304/23
f 1015/628/23 998/567/754 1001/25/755
f 782/263/506 783/35/713 796/415/714
f 1325/251/492 1338/347/34 1337/39/97
f 992/571/592 979/629/756 993/417/757
f 700/216/531 738/127/116 704/630/628
f 452/631/436 494/118/117 454/422/433
f 1097/316/22 1133/575/462 1100/576/388
f 292/125/458 282/263/298 287/319/716
f 143/632/169 137/528/591 132/633/758
f 641/271/404 646/226/759 638/62/760
f 571/235/761 551/236/762 572/541/644
f 181/79/72 166/2/763 180/3/764
f 1019/634/765 1004/156/766 1018/157/767
f 778/285/768 765/583/769 777/334/744
f 1366/482/770 1351/635/771 1365/341/772
f 1523/622/749 1508/636/773 1522/3/774
f 876/389/775 860/637/776 875/638/777
f 327/324/324 312/619/778 326/157/340
f 728/639/779 713/620/780 727/640/701
f 25/234/228 7/151/339 24/69/335
f 1009/201/781 1022/641/23 1021/202/782
f 1362/412/23 1343/160/448 1347/642/783
f 605/100/90 625/412/23 624/643/91
f 430/644/576 440/645/445 416/646/309
f 827/647/23 810/376/400 813/459/753
f 833/648/784 834/35/785 846/168/786
f 85/212/93 98/252/674 97/603/94
f 896/105/787 884/40/788 897/41/789
f 859/404/434 891/649/790 887/650/791
f 1347/642/783 1381/373/396 1350/372/395
f 1290/651/486 1334/118/641 1292/422/250
f 202/218/628 238/551/218 205/259/242
f 892/125/170 882/414/792 888/127/793
f 1484/264/103 1490/652/794 1480/653/104
f 1334/128/641 1328/129/317 1323/654/795
f 889/529/112 896/224/787 891/360/790
f 447/61/796 440/362/445 446/419/444
f 1534/655/797 1539/656/798 1529/355/354
f 629/482/799 613/483/800 628/341/801
f 873/657/802 855/658/803 872/13/13
f 823/234/742 805/151/804 822/659/805
f 1116/276/806 1099/479/807 1115/660/808
f 29/339/374 13/340/375 28/341/376
f 871/15/15 853/560/809 870/561/810
f 1111/612/811 1092/661/812 1124/187/563
f 1367/662/813 1352/663/814 1366/664/770
f 971/665/815 953/666/816 970/237/817
f 875/638/777 858/667/818 874/668/819
f 877/93/820 861/190/821 876/191/775
f 676/665/822 660/666/823 675/237/599
f 624/669/824 606/448/825 623/9/705
f 325/341/342 309/398/826 324/16/283
f 1447/116/105 1463/543/87 1443/297/107
f 1551/670/827 1565/671/576 1564/517/23
f 882/414/792 883/35/828 895/168/829
f 49/38/34 37/348/534 50/41/36
f 310/45/634 342/350/405 338/47/406
f 1040/672/486 1086/118/641 1041/119/250
f 666/499/830 690/673/594 693/674/831
f 802/675/718 840/49/832 807/124/398
f 260/676/833 294/677/834 288/185/835
f 494/125/117 484/430/489 490/431/836
f 493/504/537 499/678/837 489/679/586
f 1183/577/165 1179/528/838 1175/680/839
f 1331/223/251 1338/224/34 1333/264/41
f 841/681/840 845/61/841 836/62/842
f 1562/86/79 1546/453/80 1561/88/81
f 580/85/574 563/444/843 579/157/617
f 924/139/59 910/614/844 923/155/148
f 917/4/654 900/511/655 915/10/369
f 963/540/845 943/11/846 964/12/847
f 921/159/232 906/146/848 920/682/79
f 418/231/379 400/508/849 432/683/850
f 922/198/150 907/73/231 921/159/232
f 878/610/732 863/92/851 877/93/820
f 918/684/63 901/685/852 917/686/654
f 919/88/81 903/151/143 918/684/63
f 964/12/847 962/687/853 975/688/854
f 919/27/23 902/598/211 905/25/24
f 1203/570/669 1219/597/196 1218/569/23
f 1547/689/24 1562/26/23 1561/27/23
f 1001/25/755 1016/26/23 1015/628/23
f 971/690/23 950/245/502 955/526/588
f 1005/670/46 1019/691/855 1018/517/23
f 507/402/252 526/692/23 525/519/23
f 942/693/115 928/35/159 939/168/245
f 883/212/828 896/105/787 895/169/829
f 1287/170/856 1274/214/857 1288/417/858
f 995/607/859 1032/694/860 998/695/754
f 1009/696/781 1030/57/51 1031/174/861
f 552/351/862 596/118/863 554/697/864
f 112/698/865 145/275/167 139/262/270
f 1282/632/212 1276/469/866 1271/699/867
f 741/700/868 746/226/220 736/62/221
f 244/226/220 237/177/168 243/176/167
f 630/701/869 614/702/870 629/191/799
f 965/278/871 945/703/872 963/540/845
f 973/139/571 957/704/873 972/705/874
f 874/668/819 857/476/875 873/706/802
f 1267/155/876 1252/156/877 1266/157/878
f 968/707/879 949/708/880 967/142/134
f 226/83/695 210/84/881 225/85/469
f 970/237/817 952/89/882 969/709/883
f 527/341/526 509/398/428 526/16/16
f 452/407/436 482/409/23 467/30/884
f 1166/710/23 1148/295/211 1151/711/24
f 974/99/89 983/204/198 960/97/88
f 1151/711/24 1168/712/23 1167/713/23
f 1355/30/533 1370/492/23 1369/714/23
f 1263/715/23 1246/716/721 1249/25/723
f 977/102/590 978/35/672 991/211/673
f 36/251/29 49/38/34 48/106/30
f 600/105/885 588/523/886 601/717/259
f 117/120/887 141/718/109 144/719/110
f 1292/257/250 1331/258/251 1296/429/252
f 662/720/888 694/533/598 688/532/597
f 843/125/548 833/648/784 839/127/889
f 1433/632/256 1427/721/890 1422/722/891
f 91/723/892 98/724/674 93/725/498
f 92/700/893 96/226/894 87/62/895
f 1238/361/688 1231/362/626 1237/726/896
f 916/19/371 914/78/897 926/1/1
f 1018/198/767 1003/73/898 1017/159/899
f 1060/540/900 1039/727/901 1061/541/902
f 1020/65/903 1006/728/904 1019/634/765
f 1015/454/482 999/14/905 1014/69/906
f 1017/159/899 1002/146/907 1016/682/480
f 1018/517/23 1001/25/755 1005/670/46
f 1541/31/27 1559/32/23 1557/33/23
f 955/526/588 972/729/908 971/690/23
f 1041/297/250 1064/298/87 1063/730/87
f 209/246/166 226/731/909 225/732/23
f 1038/693/910 1024/35/911 1035/168/912
f 1476/520/913 1489/521/914 1488/371/915
f 1489/521/914 1477/214/916 1490/733/794
f 1541/216/27 1578/217/210 1544/734/211
f 1343/354/448 1379/49/917 1347/735/783
f 1551/260/827 1579/736/918 1574/53/919
f 1382/125/447 1372/34/920 1378/43/921
f 1577/577/165 1573/59/265 1569/633/839
f 141/437/109 146/274/220 136/62/922
f 1186/184/174 1180/737/923 1185/738/918
f 1012/12/924 1010/78/925 1022/79/614
f 1021/562/616 1007/443/926 1020/65/903
f 1061/541/902 1059/450/927 1074/21/140
f 1270/79/384 1256/2/928 1269/3/929
f 75/86/83 57/739/930 74/281/931
f 1073/140/932 1057/740/933 1072/741/934
f 119/231/226 100/508/557 131/187/178
f 1067/742/698 1047/17/935 1066/18/936
f 1068/74/153 1048/743/704 1067/742/698
f 1214/283/937 1196/744/938 1213/745/939
f 1070/389/940 1051/746/941 1069/747/942
f 1213/745/939 1194/748/943 1212/749/944
f 1566/65/59 1552/728/844 1565/634/148
f 1174/750/945 1161/328/946 1173/751/947
f 1068/752/23 1046/116/252 1050/110/101
f 467/30/884 482/409/23 481/753/23
f 12/45/40 29/754/23 28/755/23
f 707/25/630 723/756/23 722/550/23
f 2/757/486 33/758/23 18/460/344
f 1076/102/948 1077/210/492 1089/759/493
f 683/212/670 697/347/949 696/371/671
f 549/347/632 537/348/534 550/308/36
f 12/45/40 44/760/41 40/650/50
f 350/761/343 394/378/356 352/384/250
f 1525/212/950 1537/347/349 1536/253/951
f 454/257/433 491/258/551 458/576/432
f 545/125/641 535/430/357 541/525/952
f 1333/264/41 1339/552/535 1329/679/50
f 1430/529/953 1438/224/205 1432/762/954
f 1031/577/861 1027/59/53 1023/556/955
f 840/529/832 847/224/494 842/360/399
f 43/763/363 47/361/643 38/62/365
f 1074/21/140 1058/764/141 1073/765/932
f 1066/276/936 1045/330/956 1065/331/957
f 720/561/697 702/766/958 719/9/235
f 1212/4/944 1193/337/959 1210/235/605
f 1014/69/906 997/767/960 1013/686/560
f 925/562/3 911/443/58 924/139/59
f 1162/768/961 1143/769/962 1174/750/945
f 1121/770/963 1106/452/964 1120/191/965
f 1119/771/966 1103/772/967 1118/535/610
f 1123/140/565 1108/284/968 1122/773/969
f 915/10/369 898/11/370 916/19/371
f 1521/774/970 1505/323/971 1520/775/972
f 1100/242/388 1115/406/23 1097/22/22
f 249/401/431 269/95/23 267/776/23
f 1105/302/297 1119/304/23 1100/242/388
f 1460/491/23 1441/28/25 1443/297/107
f 279/644/909 288/777/835 265/778/973
f 1126/263/725 1127/35/974 1140/103/975
f 283/306/299 297/170/160 296/213/300
f 1582/170/244 1571/214/534 1583/779/976
f 1188/107/244 1177/780/977 1189/109/633
f 751/216/437 787/127/507 755/316/312
f 265/781/973 290/60/54 293/782/978
f 105/218/667 140/783/218 108/259/630
f 1334/125/641 1324/102/979 1330/431/980
f 93/725/498 99/552/676 89/265/499
f 987/220/589 981/267/981 976/784/982
f 1182/311/173 1178/785/175 1179/528/838
f 1379/223/917 1386/322/983 1381/360/396
f 594/700/984 598/61/985 589/62/986
f 746/226/220 739/362/168 745/786/167
f 1173/751/947 1159/787/987 1172/3/57
f 1168/788/988 1153/789/989 1167/790/990
f 625/480/604 607/744/991 624/669/824
f 731/187/178 717/188/992 730/189/738
f 1071/451/993 1052/452/994 1070/791/940
f 1165/69/995 1147/70/996 1164/792/997
f 1117/475/612 1101/793/998 1116/18/806
f 1364/16/999 1348/17/1000 1363/18/1001
f 1316/74/153 1298/743/704 1315/794/698
f 1469/334/334 1453/452/1002 1468/791/1003
f 1519/795/1004 1501/376/1005 1504/459/453
f 1172/301/668 1180/796/923 1160/797/308
f 554/100/864 573/798/1006 571/799/23
f 202/598/628 219/488/23 199/31/666
f 1296/116/252 1314/542/23 1313/243/23
f 1151/711/24 1167/713/23 1166/710/23
f 944/800/584 965/801/23 963/456/23
f 1266/802/23 1249/25/723 1253/260/253
f 1190/209/1007 1176/35/159 1187/168/245
f 1127/251/974 1141/347/440 1140/603/975
f 748/347/96 735/780/977 749/109/246
f 101/803/666 138/179/116 105/218/667
f 9/294/252 44/760/41 12/45/40
f 1492/804/530 1532/805/359 1494/422/154
f 716/806/1008 741/807/868 744/808/1009
f 352/675/250 391/317/251 357/50/252
f 909/260/575 937/809/1010 932/53/1011
f 45/125/641 35/34/28 41/43/952
f 1381/360/396 1387/55/1012 1377/810/397
f 394/385/356 388/181/1013 383/811/1014
f 441/609/1015 449/724/98 443/531/1016
f 934/271/164 938/438/174 930/62/264
f 1529/355/354 1536/36/951 1531/474/639
f 1580/438/174 1574/53/919 1579/736/918
f 1172/63/57 1158/138/58 1171/139/1017
f 1171/139/1017 1157/812/1018 1170/813/1019
f 771/814/1020 753/326/1021 770/9/733
f 1069/747/942 1049/815/152 1068/74/153
f 80/816/1022 65/817/1023 79/83/76
f 1262/69/1024 1245/70/1025 1261/792/1026
f 1217/237/1027 1200/534/1028 1216/818/1029
f 1269/562/929 1255/138/1030 1268/139/1031
f 1309/235/1032 1289/236/1033 1310/19/1034
f 1215/819/1035 1197/820/1036 1214/283/937
f 1358/821/1037 1340/11/1038 1359/12/1039
f 1558/19/371 1556/78/897 1568/822/1
f 862/405/435 877/623/23 876/303/23
f 1198/25/544 1216/823/23 1215/824/23
f 1009/201/781 1021/202/782 1028/203/48
f 1211/343/23 1208/97/1040 1192/825/677
f 807/375/398 824/826/23 823/293/23
f 1399/827/503 1415/828/23 1395/829/1041
f 350/166/343 381/300/23 366/299/344
f 913/201/163 925/202/668 932/203/1011
f 1225/346/546 1226/35/389 1239/103/391
f 1373/251/1042 1386/38/983 1385/106/1043
f 697/347/949 684/348/1044 698/417/1045
f 1243/803/1046 1277/219/214 1246/218/721
f 167/830/195 189/578/685 190/174/682
f 558/116/1047 595/114/258 562/113/1048
f 1136/831/724 1130/267/1049 1125/832/1050
f 1105/833/297 1138/186/177 1132/185/176
f 643/125/215 635/346/631 640/473/510
f 692/180/637 686/834/1051 681/835/1052
f 1576/173/164 1572/58/264 1573/59/265
f 689/471/635 697/724/949 691/531/1053
f 1483/836/1054 1487/226/1055 1478/62/1056
f 1436/61/1057 1429/185/505 1435/467/504
f 1314/276/936 1295/330/1058 1313/397/1059
f 1319/93/86 1302/190/1060 1318/191/940
f 1218/665/1061 1201/666/1062 1217/237/1027
f 1211/12/607 1209/837/1063 1223/838/1064
f 381/329/415 367/364/987 380/3/57
f 628/341/801 611/398/1065 627/16/608
f 78/85/78 62/444/1066 77/157/65
f 780/187/1067 768/188/1068 779/189/1069
f 1265/237/1070 1250/81/74 1264/80/73
f 1011/10/562 994/11/1071 1012/12/924
f 1268/139/1031 1254/614/1072 1267/155/876
f 1561/27/23 1544/567/211 1547/689/24
f 1192/825/677 1212/839/23 1210/491/23
f 813/459/753 829/546/23 828/840/23
f 407/163/156 422/243/23 404/295/295
f 1343/160/448 1360/841/1073 1358/595/23
f 571/799/23 552/28/862 554/100/864
f 1272/102/213 1273/35/1074 1286/842/1075
f 587/212/579 600/105/885 599/213/580
f 1240/347/390 1227/348/1076 1241/417/1077
f 1046/116/252 1085/111/41 1050/110/101
f 2/843/486 45/421/641 4/353/250
f 1208/499/1040 1233/580/687 1236/844/1078
f 404/309/295 441/258/1015 407/845/156
f 712/846/200 745/786/167 739/362/168
f 1235/180/545 1229/528/1079 1224/847/1080
f 1232/471/543 1240/724/390 1234/531/1081
f 442/700/310 447/61/796 437/62/1082
f 729/285/282 714/583/1083 728/639/779
f 1266/198/878 1251/666/1084 1265/237/1070
f 1321/848/1085 1305/510/1086 1320/91/84
f 1515/292/468 1496/14/1087 1514/69/1088
f 1322/21/1089 1307/764/1090 1321/765/1085
f 1362/480/1091 1345/744/1092 1361/229/1093
f 1317/747/942 1299/815/152 1316/74/153
f 363/596/243 379/248/23 378/597/23
f 1320/546/23 1303/849/1094 1306/460/1095
f 1468/303/23 1451/113/102 1454/459/1096
f 807/375/398 823/293/23 802/850/718
f 1470/546/23 1454/459/1096 1457/30/26
f 1324/102/979 1325/210/492 1337/493/97
f 485/251/490 498/105/552 497/464/491
f 498/105/552 486/523/1097 499/109/837
f 1093/607/1098 1131/431/726 1097/316/22
f 562/113/1048 595/114/258 591/112/260
f 58/116/1099 93/114/498 61/113/497
f 554/257/864 593/258/1100 558/50/1047
f 795/226/512 788/532/752 794/851/1101
f 444/125/727 434/414/438 439/127/307
f 891/360/790 897/55/789 887/679/791
f 1485/128/106 1479/129/1102 1474/654/1103
f 740/609/218 748/224/96 742/225/219
f 1084/852/1104 1088/226/643 1079/62/221
f 223/159/239 206/853/1105 222/709/1106
f 1315/794/698 1297/17/935 1314/18/936
f 1360/506/1107 1342/854/1108 1358/821/1037
f 1263/292/294 1247/151/1109 1262/69/1024
f 1369/392/191 1354/855/1110 1368/856/1111
f 1363/276/1001 1346/857/1112 1362/480/1091
f 1166/150/1113 1149/151/1114 1165/69/995
f 1310/19/1034 1308/238/234 1322/21/1089
f 831/858/1115 817/188/1116 830/189/692
f 378/324/737 362/619/743 377/157/374
f 180/562/764 165/443/1117 179/65/183
f 1368/856/1111 1353/859/1118 1367/662/813
f 1411/283/1119 1392/860/1120 1410/144/1121
f 1460/235/1122 1440/236/1123 1473/861/1124
f 178/193/185 163/862/193 177/157/192
f 503/100/250 520/162/23 501/342/343
f 1555/863/163 1568/864/23 1567/202/668
f 1355/30/533 1368/865/23 1350/372/395
f 123/710/23 105/567/667 108/866/630
f 177/517/23 158/25/1125 162/867/715
f 1261/868/23 1243/825/1046 1246/716/721
f 1372/34/920 1373/35/1042 1385/869/1043
f 1273/251/1074 1287/170/856 1286/253/1075
f 648/38/32 637/348/1126 649/41/1127
f 199/216/666 236/179/116 202/218/628
f 856/375/113 891/649/790 859/404/434
f 501/870/343 545/498/641 503/697/250
f 642/871/511 648/322/32 645/872/1128
f 935/577/165 931/59/265 927/556/839
f 289/436/680 297/873/160 291/225/1129
f 1332/852/1104 1336/61/1130 1327/62/221
f 191/874/1131 194/211/203 188/875/1132
f 1568/822/1 1554/2/2 1567/3/3
f 1560/684/63 1543/685/852 1559/686/654
f 680/876/1133 665/877/1134 679/3/662
f 175/86/1135 157/453/1136 174/878/1137
f 1409/278/1138 1390/879/1139 1407/540/620
f 1561/88/81 1545/151/143 1560/684/63
f 1359/12/1039 1357/450/1140 1370/196/189
f 1567/562/3 1553/443/58 1566/65/59
f 712/206/200 726/208/23 707/25/630
f 249/401/431 268/880/23 265/778/973
f 1393/881/249 1410/643/23 1389/31/247
f 1423/263/257 1424/35/204 1437/103/206
f 1570/212/159 1582/170/244 1581/882/245
f 1530/428/454 1535/272/1141 1527/62/461
f 960/883/88 985/884/1142 988/885/1143
f 54/257/353 91/258/892 58/886/1099
f 1203/887/669 1237/726/896 1231/362/626
f 596/125/863 586/263/578 592/431/1144
f 596/128/863 590/267/1145 585/888/1146
f 1482/529/587 1489/889/914 1484/264/103
f 341/890/1147 345/184/1148 336/62/1149
f 1578/217/210 1581/493/245 1575/273/269
f 1285/272/267 1278/262/255 1284/261/254
f 1412/878/1150 1394/857/1151 1411/283/1119
f 1468/389/1003 1452/746/1152 1467/747/1153
f 1410/144/1121 1391/326/1154 1409/9/1138
f 31/65/59 16/323/736 30/324/737
f 677/615/740 661/891/1155 676/157/822
f 1361/229/1093 1344/448/1156 1360/449/1107
f 1466/74/1157 1449/743/1158 1465/794/1159
f 1464/276/1160 1446/479/1161 1463/660/1162
f 880/858/1163 866/188/1164 879/189/730
f 1467/747/1153 1450/815/1165 1466/74/1157
f 1408/541/622 1406/238/1166 1421/194/186
f 1465/794/1159 1448/17/1167 1464/18/1160
f 376/341/376 359/398/428 375/16/16
f 454/100/433 472/892/155 471/893/23
f 603/490/532 633/894/23 618/895/402
f 856/375/113 872/411/87 852/94/111
f 1318/896/23 1300/113/101 1303/849/1094
f 1257/201/678 1269/897/750 1278/203/255
f 252/22/241 272/243/23 271/296/23
f 1100/242/388 1118/369/23 1117/898/23
f 1475/430/456 1476/210/913 1488/415/915
f 834/37/785 847/105/494 846/169/786
f 1090/347/34 1078/348/534 1091/215/535
f 1300/113/101 1333/111/41 1329/899/50
f 1492/804/530 1530/434/454 1532/805/359
f 1393/256/249 1430/900/953 1395/886/1041
f 1085/472/41 1091/552/535 1081/679/50
f 94/901/315 88/528/1168 83/902/1169
f 593/321/1100 600/224/885 595/264/258
f 492/852/1170 496/226/1171 487/62/1172
f 532/140/142 517/903/133 531/616/129
f 1523/622/749 1509/621/748 1508/636/773
f 1512/904/1173 1493/511/1174 1510/481/1175
f 1565/634/148 1550/156/149 1564/157/150
f 966/144/136 946/326/1176 965/9/871
f 779/140/1069 766/284/1177 778/285/768
f 1522/905/774 1506/138/1178 1521/774/970
f 1365/341/772 1349/398/1179 1364/16/999
f 1514/69/1088 1495/906/1180 1513/289/1181
f 322/907/23 302/94/43 307/294/45
f 1504/459/453 1520/908/1182 1519/795/1004
f 1097/22/22 1113/24/23 1093/602/1098
f 252/22/241 271/296/23 270/368/23
f 1296/116/252 1333/111/41 1300/113/101
f 1539/656/798 1525/35/950 1536/36/951
f 1176/251/159 1188/107/244 1187/882/245
f 1386/38/983 1374/348/1183 1387/41/1012
f 763/909/751 794/851/1101 788/532/752
f 151/216/1184 191/874/1131 155/218/711
f 605/354/90 640/473/510 609/886/577
f 1086/125/641 1076/102/948 1082/127/1185
f 545/220/641 539/834/591 534/654/1014
f 789/910/313 797/911/303 791/225/1186
f 985/428/1142 990/361/366 980/62/1187
f 1184/217/210 1187/168/245 1181/912/269
f 295/61/55 288/185/835 294/677/834
f 1518/913/1188 1502/914/1189 1500/915/1190
f 1517/136/1191 1499/916/1192 1516/917/466
f 769/612/735 750/661/1193 780/187/1067
f 1510/481/1175 1491/11/1194 1511/12/747
f 1318/389/940 1301/746/941 1317/747/942
f 669/12/651 667/837/1195 680/876/1133
f 826/918/1196 809/919/1197 825/484/527
f 218/278/1198 200/920/1199 216/439/464
f 1563/237/232 1548/146/848 1562/790/79
f 1518/913/1188 1500/915/1190 1517/136/1191
f 1120/389/965 1104/921/1200 1119/771/966
f 1555/863/163 1567/202/668 1574/203/919
f 1564/517/23 1547/689/24 1551/670/827
f 1584/693/1201 1570/35/159 1581/493/245
f 1024/251/911 1036/170/207 1035/253/912
f 195/521/581 184/214/1202 196/733/1203
f 1144/922/712 1184/217/210 1148/309/211
f 913/923/163 934/269/164 935/174/165
f 704/630/628 740/258/218 707/845/630
f 1156/924/1204 1185/738/918 1180/737/923
f 45/180/641 39/221/317 34/835/1014
f 1279/529/722 1287/873/856 1281/225/1205
f 1431/500/540 1436/61/1057 1426/62/1206
f 1032/694/860 1035/168/912 1029/273/1207
f 938/438/174 932/53/1011 937/809/1010
f 20/925/1208 1/926/1208 3/927/1208
f 3/927/1208 5/928/1208 6/929/1208
f 6/929/1208 7/930/1208 8/931/1208
f 8/931/1208 10/932/1208 11/933/1208
f 11/933/1208 13/934/1208 14/935/1208
f 16/936/1208 17/937/1208 19/938/1208
f 20/925/1208 3/927/1208 6/929/1208
f 6/929/1208 8/931/1208 11/933/1208
f 11/933/1208 14/935/1208 16/936/1208
f 16/936/1208 19/938/1208 20/925/1208
f 34/939/1014 39/940/317 38/941/365
f 36/251/29 35/942/28 34/939/1014
f 68/943/1208 51/944/1208 53/945/1208
f 53/945/1208 55/946/1208 56/947/1208
f 59/948/1208 60/949/1208 62/950/1208
f 62/950/1208 64/951/1208 65/952/1208
f 68/943/1208 53/945/1208 56/947/1208
f 56/947/1208 57/953/1208 59/948/1208
f 59/948/1208 62/950/1208 65/952/1208
f 65/952/1208 67/954/1208 68/943/1208
f 83/955/1169 88/956/1168 87/957/895
f 85/212/93 84/958/92 83/955/1169
f 100/959/1208 102/960/1208 103/961/1208
f 104/962/1208 106/963/1208 107/964/1208
f 109/965/1208 110/949/1208 111/966/1208
f 111/966/1208 113/967/1208 114/968/1208
f 114/968/1208 115/937/1208 116/969/1208
f 116/969/1208 118/970/1208 100/959/1208
f 100/959/1208 103/961/1208 104/962/1208
f 104/962/1208 107/964/1208 109/965/1208
f 109/965/1208 111/966/1208 114/968/1208
f 114/968/1208 116/969/1208 100/959/1208
f 132/971/758 137/972/591 136/973/922
f 134/104/95 133/974/158 132/971/758
f 168/925/1208 150/926/1208 152/975/1208
f 152/975/1208 153/976/1208 154/977/1208
f 154/977/1208 156/930/1208 157/978/1208
f 157/978/1208 159/979/1208 160/980/1208
f 160/980/1208 161/981/1208 163/982/1208
f 164/983/1208 165/937/1208 166/984/1208
f 168/925/1208 152/975/1208 154/977/1208
f 154/977/1208 157/978/1208 160/980/1208
f 160/980/1208 163/982/1208 164/983/1208
f 164/983/1208 166/984/1208 168/925/1208
f 182/985/684 186/986/683 185/987/686
f 183/520/202 197/988/201 182/985/684
f 215/989/1208 198/990/1208 200/991/1208
f 201/992/1208 203/963/1208 204/993/1208
f 206/994/1208 207/949/1208 208/950/1208
f 208/950/1208 210/995/1208 211/996/1208
f 212/997/1208 214/998/1208 215/989/1208
f 215/989/1208 200/991/1208 201/992/1208
f 201/992/1208 204/993/1208 206/994/1208
f 206/994/1208 208/950/1208 211/996/1208
f 211/996/1208 212/997/1208 215/989/1208
f 230/971/318 235/956/317 234/999/221
f 232/104/159 231/1000/158 230/971/318
f 250/1001/1208 251/1002/1208 253/1003/1208
f 254/1004/1208 256/932/1208 257/1005/1208
f 257/1005/1208 258/1006/1208 259/1007/1208
f 259/1007/1208 261/1008/1208 262/1009/1208
f 262/1009/1208 263/1010/1208 264/1011/1208
f 264/1011/1208 266/970/1208 248/1012/1208
f 248/1012/1208 250/1001/1208 253/1003/1208
f 253/1003/1208 254/1004/1208 257/1005/1208
f 257/1005/1208 259/1007/1208 262/1009/1208
f 262/1009/1208 264/1011/1208 248/1012/1208
f 281/1013/460 286/986/459 285/1014/56
f 283/306/299 282/1015/298 281/1013/460
f 301/1016/1208 303/1017/1208 304/1018/1208
f 304/1018/1208 305/1019/1208 306/1020/1208
f 306/1020/1208 308/932/1208 309/1021/1208
f 309/1021/1208 311/934/1208 312/935/1208
f 314/936/1208 315/1022/1208 317/1023/1208
f 317/1023/1208 318/1024/1208 299/1025/1208
f 299/1025/1208 301/1016/1208 304/1018/1208
f 304/1018/1208 306/1020/1208 309/1021/1208
f 309/1021/1208 312/935/1208 314/936/1208
f 314/936/1208 317/1023/1208 299/1025/1208
f 332/1026/409 337/1027/408 336/987/1149
f 334/251/347 333/1028/346 332/1026/409
f 351/1016/1208 353/1017/1208 354/1029/1208
f 354/1029/1208 355/930/1208 356/1020/1208
f 356/1020/1208 358/932/1208 359/1021/1208
f 359/1021/1208 361/934/1208 362/935/1208
f 364/936/1208 365/1022/1208 367/1023/1208
f 367/1023/1208 368/1024/1208 349/1030/1208
f 349/1030/1208 351/1016/1208 354/1029/1208
f 354/1029/1208 356/1020/1208 359/1021/1208
f 359/1021/1208 362/935/1208 364/936/1208
f 364/936/1208 367/1023/1208 349/1030/1208
f 383/1026/1014 388/1027/1013 387/941/365
f 385/251/29 384/958/357 383/1026/1014
f 402/1031/1208 403/1002/1208 405/1003/1208
f 406/1004/1208 408/1032/1208 409/1033/1208
f 410/1034/1208 412/1035/1208 413/1009/1208
f 413/1009/1208 414/1010/1208 415/1011/1208
f 415/1011/1208 417/970/1208 400/959/1208
f 400/959/1208 402/1031/1208 405/1003/1208
f 405/1003/1208 406/1004/1208 409/1033/1208
f 409/1033/1208 410/1034/1208 413/1009/1208
f 413/1009/1208 415/1011/1208 400/959/1208
f 433/1036/729 438/956/728 437/957/1082
f 435/306/301 434/1037/438 433/1036/729
f 469/1038/1208 451/944/1208 453/927/1208
f 453/927/1208 455/1039/1208 456/1040/1208
f 457/1041/1208 459/932/1208 460/1042/1208
f 462/1043/1208 463/1035/1208 465/1044/1208
f 465/1044/1208 466/1045/1208 468/1046/1208
f 469/1038/1208 453/927/1208 456/1040/1208
f 456/1040/1208 457/1041/1208 460/1042/1208
f 460/1042/1208 462/1043/1208 465/1044/1208
f 465/1044/1208 468/1046/1208 469/1038/1208
f 483/1047/119 488/972/118 487/1014/1172
f 485/251/490 484/1048/489 483/1047/119
f 519/1049/1208 500/944/1208 502/1050/1208
f 502/1050/1208 504/1051/1208 505/1052/1208
f 506/1053/1208 508/1054/1208 509/1021/1208
f 509/1021/1208 511/1055/1208 512/1056/1208
f 514/1057/1208 515/937/1208 517/1058/1208
f 517/1058/1208 518/1059/1208 519/1049/1208
f 519/1049/1208 502/1050/1208 505/1052/1208
f 505/1052/1208 506/1053/1208 509/1021/1208
f 509/1021/1208 512/1056/1208 514/1057/1208
f 514/1057/1208 517/1058/1208 519/1049/1208
f 534/1047/1014 539/1060/591 538/941/221
f 536/251/492 535/1028/357 534/1047/1014
f 570/1061/1208 551/944/1208 553/1062/1208
f 553/1062/1208 555/1063/1208 556/1064/1208
f 556/1064/1208 557/1065/1208 559/1066/1208
f 559/1066/1208 560/1067/1208 561/1068/1208
f 563/950/1208 565/995/1208 566/1069/1208
f 566/1069/1208 567/1070/1208 569/1071/1208
f 570/1061/1208 553/1062/1208 556/1064/1208
f 556/1064/1208 559/1066/1208 561/1068/1208
f 561/1068/1208 563/950/1208 566/1069/1208
f 566/1069/1208 569/1071/1208 570/1061/1208
f 585/971/1146 590/1072/1145 589/1073/986
f 587/212/579 586/1037/578 585/971/1146
f 604/1016/1208 606/1051/1208 607/1052/1208
f 608/1074/1208 610/932/1208 611/1021/1208
f 611/1021/1208 613/1075/1208 614/1076/1208
f 616/1077/1208 617/937/1208 619/1058/1208
f 619/1058/1208 620/1078/1208 602/1030/1208
f 602/1030/1208 604/1016/1208 607/1052/1208
f 607/1052/1208 608/1074/1208 611/1021/1208
f 611/1021/1208 614/1076/1208 616/1077/1208
f 616/1077/1208 619/1058/1208 602/1030/1208
f 634/1079/217 639/940/216 638/1080/760
f 636/37/31 635/1028/631 634/1079/217
f 667/1081/1208 650/926/1208 652/1062/1208
f 652/1062/1208 653/1063/1208 654/1082/1208
f 654/1082/1208 656/1083/1208 658/1066/1208
f 659/948/1208 660/1084/1208 661/1085/1208
f 663/1086/1208 664/937/1208 665/984/1208
f 667/1081/1208 652/1062/1208 654/1082/1208
f 654/1082/1208 658/1066/1208 659/948/1208
f 659/948/1208 661/1085/1208 663/1086/1208
f 663/1086/1208 665/984/1208 667/1081/1208
f 681/1087/1052 686/1088/1051 685/941/596
f 683/212/670 682/1048/638 681/1087/1052
f 699/959/1208 701/1089/1208 702/1090/1208
f 703/1091/1208 705/963/1208 706/1092/1208
f 706/1092/1208 708/1093/1208 709/1094/1208
f 709/1094/1208 710/949/1208 711/1095/1208
f 711/1095/1208 713/1096/1208 714/996/1208
f 715/997/1208 717/970/1208 699/959/1208
f 699/959/1208 702/1090/1208 703/1091/1208
f 703/1091/1208 706/1092/1208 709/1094/1208
f 709/1094/1208 711/1095/1208 714/996/1208
f 714/996/1208 715/997/1208 699/959/1208
f 732/1036/318 737/972/591 736/957/221
f 734/212/439 733/974/115 732/1036/318
f 752/1001/1208 753/1097/1208 754/1098/1208
f 754/1098/1208 756/1099/1208 757/1100/1208
f 757/1100/1208 759/1054/1208 760/1005/1208
f 760/1005/1208 761/1006/1208 762/1007/1208
f 762/1007/1208 764/1101/1208 765/1102/1208
f 766/997/1208 768/998/1208 750/1012/1208
f 750/1012/1208 752/1001/1208 754/1098/1208
f 754/1098/1208 757/1100/1208 760/1005/1208
f 760/1005/1208 762/1007/1208 765/1102/1208
f 765/1102/1208 766/997/1208 750/1012/1208
f 781/1036/263 786/986/262 785/957/513
f 783/212/713 782/1015/506 781/1036/263
f 818/1103/1208 799/1104/1208 801/975/1208
f 801/975/1208 803/1105/1208 804/1106/1208
f 804/1106/1208 805/930/1208 806/1107/1208
f 806/1107/1208 808/1108/1208 809/1109/1208
f 811/1110/1208 812/1008/1208 814/1111/1208
f 815/1112/1208 817/970/1208 818/1103/1208
f 818/1103/1208 801/975/1208 804/1106/1208
f 804/1106/1208 806/1107/1208 809/1109/1208
f 809/1109/1208 811/1110/1208 814/1111/1208
f 814/1111/1208 815/1112/1208 818/1103/1208
f 832/1036/550 837/1027/549 836/957/842
f 834/37/785 833/1113/784 832/1036/550
f 867/1114/1208 849/1104/1208 851/1115/1208
f 853/1116/1208 854/930/1208 855/1117/1208
f 855/1117/1208 857/1118/1208 858/1109/1208
f 860/1119/1208 861/1008/1208 863/1111/1208
f 864/997/1208 866/998/1208 867/1114/1208
f 867/1114/1208 851/1115/1208 853/1116/1208
f 853/1116/1208 855/1117/1208 858/1109/1208
f 858/1109/1208 860/1119/1208 863/1111/1208
f 863/1111/1208 864/997/1208 867/1114/1208
f 881/1079/172 886/1027/171 885/957/412
f 883/212/828 882/1113/792 881/1079/172
f 914/925/1208 898/990/1208 900/1120/1208
f 901/1121/1208 903/963/1208 904/1122/1208
f 906/965/1208 907/949/1208 908/1123/1208
f 910/1086/1208 911/937/1208 912/984/1208
f 914/925/1208 900/1120/1208 901/1121/1208
f 901/1121/1208 904/1122/1208 906/965/1208
f 906/965/1208 908/1123/1208 910/1086/1208
f 910/1086/1208 912/984/1208 914/925/1208
f 927/985/839 931/1124/265 930/987/264
f 928/251/159 942/1125/115 927/985/839
f 962/1126/1208 943/926/1208 945/1127/1208
f 945/1127/1208 946/1017/1208 947/1128/1208
f 947/1128/1208 949/1129/1208 951/1130/1208
f 952/948/1208 953/1084/1208 954/1007/1208
f 954/1007/1208 956/1035/1208 957/1131/1208
f 957/1131/1208 958/1022/1208 959/1132/1208
f 959/1132/1208 961/970/1208 962/1126/1208
f 962/1126/1208 945/1127/1208 947/1128/1208
f 947/1128/1208 951/1130/1208 952/948/1208
f 952/948/1208 954/1007/1208 957/1131/1208
f 957/1131/1208 959/1132/1208 962/1126/1208
f 976/1013/982 981/1072/981 980/1133/1187
f 978/212/672 977/958/590 976/1013/982
f 1010/925/1208 994/990/1208 996/1120/1208
f 997/1121/1208 999/1134/1208 1000/978/1208
f 1002/965/1208 1003/949/1208 1004/1135/1208
f 1006/1086/1208 1007/937/1208 1008/984/1208
f 1010/925/1208 996/1120/1208 997/1121/1208
f 997/1121/1208 1000/978/1208 1002/965/1208
f 1002/965/1208 1004/1135/1208 1006/1086/1208
f 1006/1086/1208 1008/984/1208 1010/925/1208
f 1023/985/955 1027/956/53 1026/987/52
f 1024/251/911 1038/1125/910 1023/985/955
f 1059/1049/1208 1039/1136/1208 1042/1137/1208
f 1042/1137/1208 1043/1138/1208 1044/1139/1208
f 1045/1140/1208 1047/1054/1208 1048/1141/1208
f 1048/1141/1208 1049/1142/1208 1051/1143/1208
f 1051/1143/1208 1052/1035/1208 1054/1044/1208
f 1054/1044/1208 1055/1144/1208 1057/1145/1208
f 1057/1145/1208 1058/1146/1208 1059/1049/1208
f 1059/1049/1208 1042/1137/1208 1044/1139/1208
f 1044/1139/1208 1045/1140/1208 1048/1141/1208
f 1048/1141/1208 1051/1143/1208 1054/1044/1208
f 1054/1044/1208 1057/1145/1208 1059/1049/1208
f 1075/1047/318 1080/1088/642 1079/1014/221
f 1077/37/492 1076/958/948 1075/1047/318
f 1092/1012/1208 1094/1147/1208 1095/1148/1208
f 1095/1148/1208 1096/1149/1208 1098/1150/1208
f 1099/1053/1208 1101/932/1208 1102/1005/1208
f 1102/1005/1208 1103/1006/1208 1104/1007/1208
f 1104/1007/1208 1106/1035/1208 1107/1151/1208
f 1108/997/1208 1110/970/1208 1092/1012/1208
f 1092/1012/1208 1095/1148/1208 1098/1150/1208
f 1098/1150/1208 1099/1053/1208 1102/1005/1208
f 1102/1005/1208 1104/1007/1208 1107/1151/1208
f 1107/1151/1208 1108/997/1208 1092/1012/1208
f 1125/1013/1050 1130/986/1049 1129/957/122
f 1127/251/974 1126/1015/725 1125/1013/1050
f 1143/1152/1208 1145/1147/1208 1146/1153/1208
f 1147/962/1208 1149/963/1208 1150/1100/1208
f 1150/1100/1208 1152/1154/1208 1153/1155/1208
f 1153/1155/1208 1154/1084/1208 1155/950/1208
f 1157/1156/1208 1158/1157/1208 1159/1158/1208
f 1159/1158/1208 1161/1024/1208 1143/1152/1208
f 1143/1152/1208 1146/1153/1208 1147/962/1208
f 1147/962/1208 1150/1100/1208 1153/1155/1208
f 1153/1155/1208 1155/950/1208 1157/1156/1208
f 1157/1156/1208 1159/1158/1208 1143/1152/1208
f 1175/971/839 1179/972/838 1178/941/175
f 1176/251/159 1190/1159/1007 1175/971/839
f 1197/1160/1208 1199/1161/1208 1200/948/1208
f 1209/1081/1208 1191/944/1208 1193/945/1208
f 1193/945/1208 1194/1162/1208 1196/1052/1208
f 1200/948/1208 1201/1084/1208 1202/1007/1208
f 1202/1007/1208 1204/1163/1208 1205/1164/1208
f 1205/1164/1208 1206/1165/1208 1207/1166/1208
f 1209/1081/1208 1193/945/1208 1196/1052/1208
f 1196/1052/1208 1197/1160/1208 1200/948/1208
f 1200/948/1208 1202/1007/1208 1205/1164/1208
f 1205/1164/1208 1207/1166/1208 1209/1081/1208
f 1224/939/1080 1229/972/1079 1228/941/689
f 1226/212/389 1225/1028/546 1224/939/1080
f 1258/925/1208 1242/944/1208 1244/945/1208
f 1245/962/1208 1247/963/1208 1248/1167/1208
f 1250/1168/1208 1251/1084/1208 1252/1135/1208
f 1254/1086/1208 1255/1022/1208 1256/1169/1208
f 1258/925/1208 1244/945/1208 1245/962/1208
f 1245/962/1208 1248/1167/1208 1250/1168/1208
f 1250/1168/1208 1252/1135/1208 1254/1086/1208
f 1254/1086/1208 1256/1169/1208 1258/925/1208
f 1271/985/867 1276/1060/866 1275/987/268
f 1273/251/1074 1272/958/213 1271/985/867
f 1308/989/1208 1289/944/1208 1291/1062/1208
f 1291/1062/1208 1293/1170/1208 1294/1171/1208
f 1295/1140/1208 1297/932/1208 1298/1094/1208
f 1298/1094/1208 1299/1142/1208 1301/1172/1208
f 1301/1172/1208 1302/1008/1208 1304/1111/1208
f 1305/1112/1208 1307/1146/1208 1308/989/1208
f 1308/989/1208 1291/1062/1208 1294/1171/1208
f 1294/1171/1208 1295/1140/1208 1298/1094/1208
f 1298/1094/1208 1301/1172/1208 1304/1111/1208
f 1304/1111/1208 1305/1112/1208 1308/989/1208
f 1323/1087/795 1328/972/317 1327/957/221
f 1325/251/492 1324/958/979 1323/1087/795
f 1357/1049/1208 1340/990/1208 1342/1050/1208
f 1342/1050/1208 1344/1051/1208 1345/1052/1208
f 1346/1074/1208 1348/1054/1208 1349/1021/1208
f 1351/1173/1208 1352/1174/1208 1353/1175/1208
f 1353/1175/1208 1354/1176/1208 1356/1177/1208
f 1357/1049/1208 1342/1050/1208 1345/1052/1208
f 1345/1052/1208 1346/1074/1208 1349/1021/1208
f 1349/1021/1208 1351/1173/1208 1353/1175/1208
f 1353/1175/1208 1356/1177/1208 1357/1049/1208
f 1371/939/509 1376/940/508 1375/941/555
f 1373/251/1042 1372/958/920 1371/939/509
f 1406/989/1208 1388/944/1208 1390/1178/1208
f 1390/1178/1208 1391/1097/1208 1392/1082/1208
f 1394/1074/1208 1396/1179/1208 1397/1180/1208
f 1397/1180/1208 1398/1181/1208 1400/1182/1208
f 1400/1182/1208 1401/1183/1208 1402/1184/1208
f 1403/1185/1208 1405/970/1208 1406/989/1208
f 1406/989/1208 1390/1178/1208 1392/1082/1208
f 1392/1082/1208 1394/1074/1208 1397/1180/1208
f 1397/1180/1208 1400/1182/1208 1402/1184/1208
f 1402/1184/1208 1403/1185/1208 1406/989/1208
f 1422/971/891 1427/1072/890 1426/987/1206
f 1424/212/204 1423/1037/257 1422/971/891
f 1459/989/1208 1440/944/1208 1442/1062/1208
f 1442/1062/1208 1444/1186/1208 1445/1040/1208
f 1446/1053/1208 1448/932/1208 1449/1094/1208
f 1449/1094/1208 1450/1142/1208 1452/1143/1208
f 1452/1143/1208 1453/1035/1208 1455/1111/1208
f 1456/1112/1208 1458/1146/1208 1459/989/1208
f 1459/989/1208 1442/1062/1208 1445/1040/1208
f 1445/1040/1208 1446/1053/1208 1449/1094/1208
f 1449/1094/1208 1452/1143/1208 1455/1111/1208
f 1455/1111/1208 1456/1112/1208 1459/989/1208
f 1474/1087/1103 1479/972/1102 1478/957/1056
f 1476/520/913 1475/1048/456 1474/1087/1103
f 1509/1187/1208 1491/944/1208 1493/1188/1208
f 1495/1189/1208 1496/930/1208 1497/993/1208
f 1497/993/1208 1499/979/1208 1500/1190/1208
f 1500/1190/1208 1502/1191/1208 1503/935/1208
f 1505/936/1208 1506/937/1208 1508/1192/1208
f 1509/1187/1208 1493/1188/1208 1495/1189/1208
f 1495/1189/1208 1497/993/1208 1500/1190/1208
f 1500/1190/1208 1503/935/1208 1505/936/1208
f 1505/936/1208 1508/1192/1208 1509/1187/1208
f 1524/1047/361 1528/940/360 1527/1193/461
f 1525/212/950 1539/988/798 1524/1047/361
f 1556/1194/1208 1540/990/1208 1542/1120/1208
f 1543/1121/1208 1545/930/1208 1546/978/1208
f 1548/965/1208 1549/949/1208 1550/1123/1208
f 1552/1086/1208 1553/937/1208 1554/984/1208
f 1556/1194/1208 1542/1120/1208 1543/1121/1208
f 1543/1121/1208 1546/978/1208 1548/965/1208
f 1548/965/1208 1550/1123/1208 1552/1086/1208
f 1552/1086/1208 1554/984/1208 1556/1194/1208
f 1569/985/839 1573/1124/265 1572/1195/264
f 1570/212/159 1584/1125/1201 1569/985/839
f 152/1196/1209 171/4/1210 153/1197/1211
f 67/1198/1212 82/21/21 68/20/20
f 921/159/232 907/73/231 906/146/848
f 723/590/700 708/1199/699 706/591/227
f 370/278/373 353/1197/372 351/287/380
f 873/657/802 857/1199/875 855/658/803
f 119/231/226 102/230/225 100/508/557
f 223/159/239 207/73/231 206/853/1105
f 475/1200/1213 459/1199/1214 457/1201/1215
f 1442/1202/1216 1461/4/1217 1444/1197/1218
f 30/324/737 16/323/736 14/619/743
f 29/339/374 14/199/743 13/340/375
f 28/341/376 13/340/375 11/398/428
f 32/442/3 19/1203/2 17/443/58
f 957/1131/1208 947/1128/1208 952/948/1208
f 1012/12/924 994/11/1071 1010/78/925
f 1565/671/576 1574/203/919 1566/248/1219
f 4/100/250 25/293/23 24/1204/87
f 31/248/23 18/460/344 32/1205/23
f 9/294/252 26/542/23 25/293/23
f 1040/457/486 1061/1206/23 1074/1207/23
f 905/25/24 922/517/23 921/1208/23
f 527/755/23 507/402/252 510/45/40
f 52/28/352 70/343/23 82/1209/23
f 1267/1210/1220 1266/802/23 1253/260/253
f 199/31/666 219/488/23 218/95/23
f 1350/372/395 1367/1211/23 1366/1212/23
f 121/565/23 120/1213/23 101/566/666
f 850/166/407 868/1214/23 880/1215/23
f 1571/214/534 1569/985/839 1572/1195/264
f 1426/987/1206 1439/524/583 1425/523/582
f 648/38/32 636/37/31 637/348/1126
f 341/890/1147 300/377/157 316/1216/296
f 63/459/487 61/113/497 89/115/499
f 1389/1217/247 1404/499/539 1434/501/541
f 1144/1218/712 1183/312/165 1184/1219/210
f 1533/1220/640 1535/272/1141 1504/427/453
f 52/351/352 95/1221/1221 94/352/315
f 657/829/636 689/1222/635 691/1223/1053
f 302/48/43 339/43/681 340/49/44
f 599/493/580 592/431/1144 586/263/578
f 545/220/641 534/654/1014 535/1224/357
f 342/54/405 347/322/392 348/55/394
f 643/220/215 644/1225/1222 639/221/216
f 1232/471/543 1239/1226/391 1240/724/390
f 1332/852/1104 1329/1227/50 1336/61/1130
f 569/636/708 584/21/646 570/20/645
f 1490/1228/794 1487/226/1055 1480/1229/104
f 924/139/59 911/443/58 910/614/844
f 415/1230/1223 431/1231/1224 417/188/1225
f 1408/541/622 1388/236/621 1406/238/1166
f 67/1232/1212 80/816/1022 81/1233/1226
f 269/278/274 251/1197/292 250/279/275
f 1150/1234/1227 1167/86/990 1152/1199/1228
f 867/1235/1229 868/1236/1230 849/1237/1231
f 72/75/68 56/400/430 55/76/69
f 25/234/228 8/233/227 7/151/339
f 227/285/282 212/284/281 211/583/694
f 75/90/83 59/89/82 57/82/930
f 225/85/469 210/84/881 208/444/470
f 1214/283/937 1197/820/1036 1196/744/938
f 79/83/76 65/817/1023 64/84/77
f 1402/1184/1208 1392/1082/1208 1397/1180/1208
f 77/72/65 62/1238/1066 60/73/66
f 307/294/45 325/755/23 324/1239/23
f 151/31/1184 169/33/23 170/1240/23
f 1296/116/252 1316/1241/23 1315/1242/23
f 66/460/488 82/1209/23 81/1243/23
f 948/1244/500 967/1245/23 966/1246/23
f 63/459/487 79/731/23 78/732/23
f 205/245/242 223/1247/23 222/898/23
f 902/598/211 919/27/23 918/1204/23
f 260/302/833 288/777/835 277/1248/1232
f 155/598/711 174/1249/23 173/599/23
f 324/1239/23 323/542/23 307/294/45
f 105/567/667 123/710/23 122/1250/23
f 684/348/1044 681/1087/1052 685/941/596
f 1410/643/23 1409/95/23 1389/31/247
f 288/777/835 279/644/909 278/458/1233
f 352/160/250 372/1250/87 371/1251/87
f 192/581/691 158/25/1125 188/1252/1132
f 1287/170/856 1273/251/1074 1274/214/857
f 1454/459/1096 1451/113/102 1480/115/104
f 852/123/111 892/125/170 888/127/793
f 1081/1229/50 1056/1253/1234 1053/1254/1094
f 1441/117/25 1486/1255/1235 1485/118/106
f 458/402/432 491/1256/551 493/495/537
f 1439/1257/583 1432/762/954 1438/224/205
f 1195/502/542 1230/43/547 1232/258/543
f 1485/128/106 1474/654/1103 1475/1224/456
f 686/834/1051 690/673/594 685/1258/596
f 1532/357/359 1530/1259/454 1528/221/360
f 1286/842/1075 1277/219/214 1272/102/213
f 1282/632/212 1283/1260/679 1276/469/866
f 593/321/1100 599/1226/580 600/224/885
f 1347/642/783 1379/1261/917 1381/373/396
f 492/852/1170 489/1227/586 496/226/1171
f 1471/3/558 1458/764/1236 1456/1230/559
f 71/77/70 55/76/69 53/1262/338
f 69/235/229 53/337/338 51/236/230
f 248/661/1237 267/280/276 250/279/275
f 376/341/376 361/340/375 359/398/428
f 459/17/1214 476/136/128 460/135/127
f 121/71/4 104/70/64 103/1262/5
f 23/7/7 6/338/336 5/8/8
f 215/989/1208 206/994/1208 211/996/1208
f 124/90/139 109/146/138 107/82/80
f 169/10/10 152/1196/1209 150/11/11
f 876/191/775 861/190/821 860/1263/776
f 127/66/60 114/154/147 113/67/61
f 1171/139/1017 1158/138/58 1157/812/1018
f 129/1264/668 117/863/887 130/1265/23
f 1132/204/176 1123/1265/1220 1122/1266/1238
f 158/25/1125 176/1267/23 175/1268/23
f 932/203/1011 925/202/668 924/205/1219
f 205/245/242 222/898/23 221/1269/23
f 858/1109/1208 867/1114/1208 853/1116/1208
f 670/798/23 668/491/23 651/825/37
f 58/116/1099 76/752/23 75/1270/23
f 558/116/1047 562/113/1048 578/752/23
f 657/829/636 676/569/23 675/1267/23
f 175/1268/23 174/1249/23 158/25/1125
f 944/800/584 966/1246/23 965/801/23
f 285/1014/56 298/171/162 284/108/161
f 297/170/160 283/306/299 284/108/161
f 641/1271/404 603/497/532 618/380/402
f 151/1272/1184 167/830/195 190/174/682
f 199/216/666 241/125/169 236/179/116
f 995/1272/859 1031/174/861 1032/1273/860
f 1181/912/269 1148/309/211 1184/217/210
f 501/870/343 546/1274/1239 545/498/641
f 1555/172/163 1574/53/919 1576/437/164
f 609/518/577 640/1275/510 642/1276/511
f 941/55/633 933/1277/269 940/724/244
f 191/1278/1131 182/556/684 197/1224/201
f 639/221/216 641/1271/404 638/1279/760
f 245/250/97 236/179/116 231/178/158
f 840/529/832 846/1226/786 847/224/494
f 741/700/868 739/362/168 746/226/220
f 200/1262/1199 219/561/658 201/560/657
f 897/1280/789 894/61/411 887/1281/791
f 224/241/238 208/1238/470 207/73/231
f 602/1282/1240 621/288/707 604/287/706
f 675/237/599 660/666/823 659/534/600
f 180/562/764 166/1283/763 165/443/1117
f 156/14/1241 174/878/1137 157/453/1136
f 176/237/1242 161/200/194 160/1284/1243
f 678/139/664 664/138/663 663/614/739
f 153/1285/1211 172/1286/1244 154/1287/1245
f 1445/228/1246 1463/660/1162 1446/479/1161
f 132/971/758 135/40/35 134/104/95
f 175/1288/1135 159/916/1247 157/82/1136
f 178/193/185 164/192/184 163/862/193
f 377/339/374 362/199/743 361/340/375
f 874/1289/23 859/404/434 875/1290/23
f 187/203/197 180/202/196 179/248/1248
f 1260/1291/23 1259/1292/23 1243/825/1046
f 181/641/23 180/202/196 167/201/195
f 86/214/675 83/955/1169 87/957/895
f 558/116/1047 578/752/23 577/898/23
f 124/1293/23 123/710/23 108/866/630
f 609/518/577 627/1239/23 626/519/23
f 1347/642/783 1363/519/23 1362/412/23
f 950/245/502 971/690/23 970/1267/23
f 562/113/1048 579/244/23 578/752/23
f 865/564/665 879/1265/23 878/563/23
f 1174/1294/23 1173/1295/23 1160/797/308
f 902/598/211 918/1204/23 917/32/23
f 1478/957/1056 1490/733/794 1477/214/916
f 398/38/34 385/251/29 386/40/35
f 691/1223/1053 662/720/888 657/829/636
f 651/1217/37 666/499/830 693/674/831
f 651/42/37 692/125/637 687/43/38
f 92/1296/893 52/351/352 66/1297/488
f 40/1298/50 18/1299/344 15/1300/1094
f 101/1272/666 144/719/110 143/1301/169
f 205/245/242 238/1302/218 240/1303/219
f 1257/572/678 1278/262/255 1280/271/266
f 1029/273/1207 998/695/754 1032/694/860
f 1037/1304/209 1029/1305/1207 1036/873/207
f 4/257/250 41/43/952 42/49/362
f 494/128/117 483/130/119 484/1224/489
f 235/59/317 239/121/109 234/1306/221
f 936/1278/210 935/577/165 927/556/839
f 497/168/491 490/431/836 484/430/489
f 987/220/589 988/1307/1143 981/267/981
f 1279/529/722 1286/1226/1075 1287/873/856
f 934/271/164 932/53/1011 938/438/174
f 164/983/1208 154/977/1208 160/980/1208
f 1387/1308/1012 1384/61/554 1377/1309/397
f 1568/822/1 1556/78/897 1554/2/2
f 131/187/178 100/508/557 118/188/179
f 120/6/6 103/5/5 102/230/225
f 203/613/1249 221/1310/1250 204/441/1251
f 181/79/72 168/78/71 166/2/763
f 229/194/140 215/238/234 214/188/293
f 226/83/695 211/583/694 210/84/881
f 22/1311/9 5/1197/8 3/1202/1252
f 959/1230/1253 975/688/854 961/188/1254
f 871/15/15 854/14/14 853/560/809
f 263/1312/1255 279/1313/1256 264/1314/1257
f 381/329/415 368/328/414 367/364/987
f 327/324/324 314/323/323 312/619/778
f 1473/861/1124 1440/236/1123 1459/238/1258
f 262/1009/1208 253/1003/1208 257/1005/1208
f 663/1086/1208 654/1082/1208 659/948/1208
f 275/1315/23 260/676/833 276/1316/23
f 1541/31/27 1557/33/23 1558/343/23
f 1395/829/1041 1414/1317/23 1413/1318/23
f 119/1319/23 117/863/887 101/566/666
f 1300/113/101 1317/1320/23 1316/1241/23
f 267/776/23 268/880/23 249/401/431
f 105/567/667 122/1250/23 121/565/23
f 1454/459/1096 1470/546/23 1469/623/23
f 1517/1321/23 1516/1322/23 1498/1323/355
f 976/1013/982 979/629/756 978/212/672
f 1404/1324/539 1408/1206/23 1421/1325/23
f 440/645/445 430/644/576 429/458/1233
f 87/957/895 99/417/676 86/214/675
f 98/252/674 85/212/93 86/214/675
f 1281/1303/1205 1253/260/253 1249/25/723
f 1243/1217/1046 1257/572/678 1283/574/679
f 1380/1326/553 1341/420/446 1355/1327/533
f 253/1328/1259 272/331/331 254/330/330
f 1243/1217/1046 1283/574/679 1282/1301/212
f 117/120/887 139/262/270 141/437/109
f 554/257/864 592/431/1144 593/258/1100
f 143/632/169 132/633/758 133/1224/158
f 93/725/498 98/724/674 99/552/676
f 94/901/315 95/1260/1221 88/528/1168
f 1029/1305/1207 1035/1226/912 1036/873/207
f 1182/183/173 1180/737/923 1186/184/174
f 1578/217/210 1584/693/1201 1581/493/245
f 749/1308/246 746/226/220 745/786/167
f 918/684/63 903/151/143 901/685/852
f 325/341/342 311/340/341 309/398/826
f 274/286/285 257/536/1260 256/17/286
f 1155/1329/1261 1170/813/1019 1157/812/1018
f 1074/21/140 1059/450/927 1058/764/141
f 779/1265/1232 788/625/752 767/1330/449
f 129/137/129 116/141/133 115/138/130
f 277/93/180 262/1331/1262 261/190/181
f 1262/69/1024 1247/151/1109 1245/70/1025
f 1050/110/101 1053/849/1094 1070/303/23
f 125/1332/23 124/1293/23 108/866/630
f 575/1333/91 558/116/1047 576/1334/23
f 423/542/23 422/243/23 407/163/156
f 852/94/111 870/1335/91 869/489/23
f 680/1336/23 679/897/89 666/97/830
f 265/778/973 268/880/23 280/1337/23
f 454/100/433 474/403/23 473/1338/155
f 322/907/23 321/1339/1263 302/94/43
f 1526/348/350 1524/1047/361 1527/1193/461
f 736/957/221 749/109/246 735/780/977
f 246/105/96 232/104/159 233/604/35
f 240/1303/219 209/246/166 205/245/242
f 751/1340/437 767/423/449 793/425/451
f 700/216/531 743/125/114 738/127/116
f 438/59/728 442/314/310 437/1341/1082
f 751/1340/437 793/425/451 792/1342/261
f 758/242/314 789/1343/313 791/1223/1186
f 1160/310/308 1180/737/923 1182/183/173
f 692/180/637 681/835/1052 682/1224/638
f 595/264/258 600/224/885 601/55/259
f 397/370/30 390/43/358 384/356/357
f 1382/180/447 1383/1344/1264 1376/469/508
f 1133/436/462 1140/1226/975 1141/224/440
f 1134/131/120 1132/185/176 1139/61/121
f 299/1282/1265 319/288/290 301/287/289
f 99/1228/676 96/226/894 89/1345/499
f 76/74/67 60/73/66 59/89/82
f 954/1263/1266 972/705/874 956/452/1267
f 1098/1346/1268 1115/660/808 1099/479/807
f 275/1347/1269 259/921/1270 258/1348/1271
f 322/277/273 306/233/272 305/1349/1272
f 329/63/320 317/1350/368 315/64/321
f 919/88/81 904/87/80 903/151/143
f 1412/878/1150 1396/1199/1273 1394/857/1151
f 321/325/325 304/1351/1274 303/326/326
f 1516/917/466 1499/916/1192 1497/82/467
f 973/139/571 958/515/570 957/704/873
f 364/936/1208 354/1029/1208 359/1021/1208
f 326/339/340 312/199/778 311/340/341
f 170/12/12 150/11/11 168/78/71
f 386/40/35 383/1026/1014 387/941/365
f 807/375/398 825/1352/23 824/826/23
f 352/160/250 371/1251/87 370/95/91
f 352/160/250 373/293/23 372/1250/87
f 813/459/753 828/840/23 827/647/23
f 375/1239/23 374/542/23 357/294/252
f 1040/457/486 1060/456/23 1061/1206/23
f 300/166/157 331/1353/23 330/300/23
f 1246/716/721 1263/715/23 1262/1250/23
f 387/941/365 399/41/36 386/40/35
f 195/521/581 183/520/202 184/214/1202
f 791/1223/1186 763/624/751 758/242/314
f 204/82/1251 222/709/1106 206/853/1105
f 605/354/90 643/125/215 640/473/510
f 392/890/363 350/761/343 366/1216/344
f 389/1354/50 366/1216/344 363/1355/243
f 350/761/343 395/1356/1239 394/378/356
f 1395/829/1041 1430/1357/953 1432/1358/954
f 388/181/1013 392/890/363 387/1359/365
f 704/630/628 738/127/116 740/258/218
f 394/385/356 383/811/1014 384/1224/357
f 393/54/49 398/322/34 399/55/36
f 296/103/300 287/319/716 282/263/298
f 394/385/356 395/1225/1239 388/181/1013
f 889/529/112 895/1226/829 896/224/787
f 890/387/410 887/1281/791 894/61/411
f 849/1237/1231 869/239/1275 851/1360/1276
f 1189/1308/633 1186/184/174 1185/738/918
f 122/69/63 106/151/143 104/70/64
f 1398/1361/1277 1416/389/1278 1400/199/1279
f 378/324/737 364/323/736 362/619/743
f 581/366/572 566/537/613 565/84/573
f 1359/12/1039 1340/11/1038 1357/450/1140
f 380/63/57 367/1350/987 365/64/58
f 970/237/817 953/666/816 952/89/882
f 1566/65/59 1553/443/58 1552/728/844
f 159/916/1247 176/237/1242 160/1284/1243
f 375/16/16 359/398/428 358/17/17
f 331/327/327 299/1282/1265 318/328/328
f 566/1069/1208 556/1064/1208 561/1068/1208
f 330/329/329 318/328/328 317/364/368
f 373/234/228 356/233/227 355/14/339
f 31/65/59 17/443/58 16/323/736
f 1419/1362/576 1404/1324/539 1420/1363/23
f 501/342/343 520/162/23 521/343/23
f 379/248/23 366/299/344 380/301/23
f 1451/113/102 1468/303/23 1467/1320/23
f 1212/839/23 1195/598/542 1213/1364/23
f 139/203/270 129/1264/668 128/205/1280
f 326/754/23 313/596/710 327/597/23
f 75/1270/23 74/1365/23 58/116/1099
f 802/850/718 823/293/23 822/1366/1263
f 350/166/343 382/1367/23 381/300/23
f 184/214/1202 182/985/684 185/987/686
f 440/645/445 429/458/1233 428/623/1232
f 1511/1368/23 1523/627/23 1492/486/530
f 716/1369/1008 731/1370/23 730/1265/1281
f 1228/941/689 1241/417/1077 1227/348/1076
f 1386/38/983 1373/251/1042 1374/348/1183
f 1084/852/1104 1040/672/486 1056/1253/1234
f 313/596/710 310/45/634 338/47/406
f 401/1340/306 416/313/309 445/315/311
f 302/48/43 343/125/401 339/43/681
f 886/181/171 890/1371/410 885/1372/412
f 603/497/532 644/1373/1222 643/498/215
f 307/294/45 340/1357/44 342/350/405
f 655/44/39 687/43/38 689/551/635
f 1381/360/396 1386/322/983 1387/55/1012
f 349/1282/1282 369/288/381 351/287/380
f 444/266/727 445/1374/311 438/59/728
f 789/910/313 796/1226/714 797/911/303
f 239/121/109 237/177/168 244/226/220
f 936/217/210 942/693/115 939/168/245
f 348/1375/394 345/184/1148 338/1354/406
f 916/19/371 898/11/370 914/78/897
f 405/1328/1283 422/397/427 406/330/426
f 776/191/746 764/620/745 762/1263/1284
f 266/188/1285 268/1376/1286 248/661/1237
f 419/239/377 403/1197/420 402/365/378
f 627/16/608 611/398/1065 610/17/609
f 1204/1377/1287 1220/139/1288 1205/1378/1289
f 424/475/514 409/1379/1290 408/476/515
f 420/289/419 405/1328/1283 403/290/420
f 474/227/222 475/1200/1213 457/1201/1215
f 21/132/123 1/11/1291 20/78/124
f 1559/686/654 1543/685/852 1542/1262/655
f 1014/69/906 999/14/905 997/767/960
f 580/85/574 565/84/573 563/444/843
f 465/1380/1292 480/394/422 466/393/421
f 465/1044/1208 456/1040/1208 460/1042/1208
f 382/327/413 349/1282/1282 368/328/414
f 125/1332/23 112/1381/865 126/1382/23
f 1395/829/1041 1413/1318/23 1412/1249/23
f 265/778/973 280/1337/23 279/644/909
f 464/549/629 480/1383/23 479/1384/23
f 852/94/111 872/411/87 871/1250/91
f 609/518/577 628/755/23 627/1239/23
f 1198/25/544 1217/1267/23 1216/823/23
f 374/542/23 373/293/23 357/294/252
f 1477/214/916 1474/1087/1103 1478/957/1056
f 1129/957/122 1142/417/442 1128/416/441
f 697/347/949 683/212/670 684/348/1044
f 1185/738/918 1151/711/24 1181/1385/269
f 700/1386/531 716/806/1008 744/808/1009
f 1389/254/247 1433/125/256 1428/255/248
f 612/404/624 642/1276/511 645/1387/1128
f 749/55/246 742/225/219 748/224/96
f 249/1340/431 293/782/978 292/1342/458
f 108/866/630 140/1388/218 142/1223/219
f 716/806/1008 739/362/168 741/700/868
f 252/316/241 287/319/716 289/575/680
f 1136/831/724 1125/832/1050 1126/1224/725
f 451/11/1293 471/1389/1294 453/1202/1295
f 292/266/458 293/1374/978 286/432/459
f 1379/223/917 1385/1226/1043 1386/322/983
f 392/271/363 389/1354/50 396/184/364
f 1288/1375/858 1285/272/267 1284/261/254
f 531/616/129 517/903/133 515/443/130
f 228/189/280 214/188/293 212/1230/281
f 831/858/1115 818/1235/1296 817/188/1116
f 417/188/1225 432/683/850 400/508/849
f 409/1379/1290 426/391/418 410/390/417
f 110/73/1297 126/1390/62 111/1238/1298
f 427/191/416 412/452/485 410/1263/417
f 125/145/137 110/73/1297 109/146/138
f 479/451/477 465/1380/1292 463/452/478
f 230/971/318 233/604/35 232/104/159
f 527/341/526 511/483/525 509/398/428
f 1168/712/23 1156/924/1204 1169/1391/23
f 651/825/37 668/491/23 669/1240/23
f 816/544/625 831/1215/23 830/545/23
f 273/519/23 272/243/23 255/242/240
f 503/100/250 524/412/23 523/1338/87
f 4/100/250 23/1251/87 22/1392/23
f 995/31/859 1013/32/23 1011/33/23
f 58/116/1099 61/113/497 76/752/23
f 281/1013/460 284/108/161 283/306/299
f 1053/849/1094 1072/1393/23 1071/1384/23
f 52/28/352 54/100/353 69/491/23
f 688/625/597 666/97/830 679/897/89
f 1246/716/721 1262/1250/23 1261/868/23
f 821/1394/1263 820/1395/23 802/850/718
f 1327/957/221 1339/215/535 1326/214/534
f 347/38/392 334/251/347 335/40/393
f 1432/1358/954 1399/827/503 1395/829/1041
f 564/549/1299 562/113/1048 591/112/260
f 1192/1217/677 1208/499/1040 1236/844/1078
f 1041/257/250 1086/125/641 1082/127/1185
f 1480/1229/104 1457/1253/26 1454/1254/1096
f 651/1217/37 693/674/831 692/1396/637
f 1447/116/105 1482/1357/587 1484/114/103
f 1328/129/317 1332/852/1104 1327/1397/221
f 1041/257/250 1082/127/1185 1083/258/455
f 1032/1278/860 1023/556/955 1038/1224/910
f 44/360/41 49/322/34 50/55/36
f 346/36/348 339/43/681 333/346/346
f 892/180/170 893/1225/1300 886/181/171
f 1083/471/455 1089/1226/493 1090/224/34
f 1483/836/1054 1480/1229/104 1487/226/1055
f 616/1398/1301 630/701/869 631/513/568
f 1091/1399/535 1088/226/643 1081/1229/50
f 559/82/1302 577/709/1303 560/1400/1304
f 1514/69/1088 1496/14/1087 1495/906/1180
f 720/561/697 703/584/696 702/766/958
f 964/12/847 943/11/846 962/687/853
f 774/286/659 760/536/1305 759/17/660
f 56/400/430 74/281/931 57/739/930
f 724/585/698 709/589/704 708/586/699
f 520/481/521 502/507/556 500/11/522
f 1153/1155/1208 1143/1152/1208 1147/962/1208
f 525/276/518 508/1199/653 506/479/519
f 528/482/524 512/199/703 511/483/525
f 529/478/517 514/477/516 512/588/703
f 1421/194/186 1406/238/1166 1405/188/187
f 1020/65/903 1007/443/926 1006/728/904
f 523/229/474 505/228/523 504/448/475
f 9/294/252 28/755/23 27/1239/23
f 1041/297/250 1062/1401/345 1060/456/23
f 554/100/864 575/1333/91 574/463/91
f 677/1402/908 676/569/23 662/720/888
f 712/206/200 739/645/168 728/1403/909
f 1219/597/196 1231/204/626 1220/205/627
f 862/405/435 878/563/23 877/623/23
f 1292/100/250 1312/1404/87 1311/892/345
f 61/113/497 77/244/23 76/752/23
f 436/108/99 433/1036/729 437/957/1082
f 785/957/513 798/308/305 784/40/304
f 449/107/98 435/306/301 436/108/99
f 1229/528/1079 1233/580/687 1228/1258/689
f 615/459/403 612/404/624 645/1387/1128
f 944/1217/584 960/883/88 988/885/1143
f 1343/354/448 1382/125/447 1378/43/921
f 944/1217/584 988/885/1143 987/498/589
f 1443/257/107 1481/431/457 1482/258/587
f 643/220/215 634/222/217 635/1224/631
f 1533/555/640 1537/224/349 1538/55/351
f 1140/103/975 1131/431/726 1126/263/725
f 45/180/641 46/1405/1239 39/221/317
f 340/359/44 346/1226/348 347/322/392
f 1380/505/553 1377/1309/397 1384/61/554
f 555/1406/1306 574/557/1307 556/1407/1308
f 399/1280/36 396/184/364 389/1354/50
f 823/234/742 806/618/741 805/151/804
f 1017/159/899 1003/73/898 1002/146/907
f 571/235/761 553/1408/1309 551/236/762
f 620/1409/1310 622/1410/1311 602/1282/1240
f 560/1400/1304 578/74/619 561/538/618
f 126/68/62 113/67/61 111/1263/1298
f 533/147/140 519/450/234 518/148/141
f 576/1411/1312 559/558/1302 557/1412/1313
f 1322/21/1089 1308/238/234 1307/764/1090
f 482/152/144 469/1413/1314 468/153/145
f 1205/1378/1289 1221/1414/1315 1206/1415/1316
f 579/241/617 563/921/843 561/538/618
f 624/669/824 607/744/991 606/448/825
f 418/231/379 402/365/378 400/508/849
f 1459/989/1208 1449/1094/1208 1455/1111/1208
f 1306/460/1095 1322/1209/23 1321/1416/23
f 568/460/1317 583/1417/23 582/1418/23
f 564/549/1299 568/460/1317 582/1418/23
f 52/28/352 69/491/23 70/343/23
f 612/404/624 629/367/623 628/755/23
f 568/460/1317 584/1209/23 583/1417/23
f 117/863/887 131/1370/23 130/1265/23
f 800/486/717 820/1395/23 819/1214/23
f 621/101/23 622/1419/23 603/490/532
f 155/598/711 171/1420/23 151/31/1184
f 615/459/403 631/1421/1318 630/594/709
f 767/1330/449 769/1422/23 780/1370/23
f 461/496/538 478/303/23 477/1423/23
f 923/516/576 932/203/1011 924/205/1219
f 800/486/717 819/1214/23 831/1215/23
f 1461/1424/91 1460/491/23 1443/297/107
f 1361/1425/1263 1360/841/1073 1343/160/448
f 1425/523/582 1422/971/891 1426/987/1206
f 185/987/686 196/733/1203 184/214/1202
f 1438/105/205 1424/212/204 1425/523/582
f 1332/852/1104 1290/651/486 1306/1426/1095
f 1053/849/1094 1050/110/101 1081/112/50
f 247/55/246 240/225/219 246/224/96
f 1389/1217/247 1434/501/541 1433/383/256
f 507/402/252 542/1427/251 544/46/41
f 454/257/433 490/431/836 491/258/551
f 241/128/169 230/320/318 231/1224/158
f 1239/103/391 1230/43/547 1225/346/546
f 1433/632/256 1434/1260/541 1427/721/890
f 1482/529/587 1488/1226/915 1489/889/914
f 290/60/54 288/185/835 295/61/55
f 453/1202/1295 472/4/424 455/1197/423
f 1339/1428/535 1336/61/1130 1329/1227/50
f 1242/11/1319 1260/1429/1320 1244/337/1321
f 474/227/222 457/1201/1215 456/228/223
f 478/191/479 463/452/478 462/1263/483
f 1265/237/1070 1251/666/1084 1250/81/74
f 1066/276/936 1047/1199/935 1045/330/956
f 730/189/738 717/188/992 715/1230/281
f 974/514/569 959/1430/1253 958/515/570
f 526/16/16 509/398/428 508/17/653
f 963/540/845 945/703/872 943/11/846
f 629/482/799 614/199/870 613/483/800
f 877/93/820 863/92/851 861/190/821
f 114/968/1208 104/962/1208 109/965/1208
f 972/705/874 957/704/873 956/452/1267
f 726/158/151 711/587/702 710/73/152
f 730/1265/1281 739/645/168 716/1369/1008
f 464/549/629 479/1384/23 478/303/23
f 1257/201/678 1259/1292/23 1270/641/23
f 588/523/886 585/971/1146 589/1073/986
f 657/829/636 675/1267/23 674/1270/23
f 167/201/195 170/1240/23 181/641/23
f 728/1403/909 727/207/23 712/206/200
f 270/368/23 269/95/23 249/401/431
f 255/242/240 274/1431/23 273/519/23
f 721/1250/23 720/488/23 704/548/628
f 755/22/312 772/1432/23 771/413/23
f 136/973/922 149/109/246 135/40/35
f 1582/170/244 1570/212/159 1571/214/534
f 249/607/431 292/125/458 287/319/716
f 1084/852/1104 1081/1229/50 1088/226/643
f 841/681/840 800/497/717 816/1433/625
f 1303/849/1094 1300/113/101 1329/899/50
f 539/834/591 543/1434/363 538/1258/221
f 1198/25/544 1232/1222/543 1234/1223/1081
f 292/266/458 281/433/460 282/1224/298
f 544/504/41 549/224/632 550/552/36
f 448/415/302 439/127/307 434/414/438
f 343/385/401 344/1225/1322 337/181/408
f 542/223/251 548/1226/97 549/224/632
f 43/763/363 40/1298/50 47/361/643
f 652/1202/1323 670/4/1324 653/1197/1325
f 798/1375/305 795/226/512 794/851/1101
f 628/341/801 613/483/800 611/398/1065
f 668/235/649 652/1202/1323 650/11/650
f 1363/276/1001 1348/1199/1000 1346/857/1112
f 1021/562/616 1008/1283/615 1007/443/926
f 473/229/224 456/228/223 455/395/423
f 653/1406/1325 671/557/648 654/143/647
f 1006/1086/1208 997/1121/1208 1002/965/1208
f 760/536/1305 775/1347/1326 761/1348/1327
f 625/480/604 608/479/603 607/744/991
f 632/512/566 619/903/1328 617/443/567
f 1563/237/232 1549/73/231 1548/146/848
f 1470/332/332 1456/510/559 1455/333/333
f 1061/541/902 1039/727/901 1059/450/927
f 818/1103/1208 809/1109/1208 814/1111/1208
f 679/562/662 665/740/1134 664/138/663
f 372/15/335 355/14/339 354/335/336
f 655/461/39 670/798/23 651/825/37
f 4/100/250 9/294/252 25/293/23
f 15/1435/1094 29/754/23 12/45/40
f 1050/110/101 1069/828/23 1068/752/23
f 825/1352/23 810/376/400 826/1436/23
f 1128/416/441 1125/1013/1050 1129/957/122
f 666/97/830 651/825/37 669/1240/23
f 874/1289/23 873/410/23 856/375/113
f 523/1338/87 522/345/345 503/100/250
f 704/548/628 722/550/23 721/1250/23
f 725/1247/23 724/1437/23 707/25/630
f 1026/987/52 1037/215/209 1025/214/208
f 148/105/96 134/104/95 135/40/35
f 1527/1193/461 1538/349/351 1526/348/350
f 1377/1309/397 1355/1327/533 1350/1355/395
f 995/1272/859 1009/696/781 1031/174/861
f 1243/803/1046 1282/125/212 1277/219/214
f 151/1272/1184 190/174/682 191/1438/1131
f 960/883/88 983/362/198 985/428/1142
f 1241/55/1077 1234/531/1081 1240/724/390
f 1184/1439/210 1175/680/839 1190/1224/1007
f 991/211/673 982/525/585 977/102/590
f 190/577/682 189/1440/685 186/59/683
f 42/359/362 48/1226/30 49/322/34
f 985/428/1142 983/362/198 990/361/366
f 16/936/1208 6/929/1208 11/933/1208
f 993/1375/757 990/361/366 989/363/367
f 677/615/740 663/614/739 661/891/1155
f 328/65/322 315/64/321 314/323/323
f 773/1441/661 759/1199/660 757/1234/1329
f 1072/741/934 1057/740/933 1055/1442/1330
f 524/480/520 506/479/519 505/228/523
f 721/69/335 705/613/339 703/584/696
f 1073/765/932 1058/764/141 1057/1230/933
f 722/592/228 706/591/227 705/613/339
f 728/639/779 714/583/1083 713/620/780
f 1464/276/1160 1448/1199/1167 1446/479/1161
f 1166/150/1113 1150/1234/1227 1149/151/1114
f 676/665/822 661/921/1155 660/666/823
f 127/1443/576 139/203/270 128/205/1280
f 755/22/312 773/1444/23 772/1432/23
f 528/367/23 527/755/23 510/45/40
f 1009/201/781 995/31/859 1012/343/23
f 758/242/314 774/1431/23 773/1444/23
f 1310/343/23 1322/1209/23 1290/407/486
f 944/800/584 963/456/23 964/1240/23
f 1404/1324/539 1421/1325/23 1420/1363/23
f 835/40/495 832/1036/550 836/957/842
f 788/625/752 778/563/1331 777/623/750
f 859/404/434 876/303/23 875/1290/23
f 1494/160/154 1498/1323/355 1515/715/23
f 885/957/412 897/41/789 884/40/788
f 1141/347/440 1127/251/974 1128/416/441
f 443/1223/1016 411/418/443 407/163/156
f 751/216/437 792/125/261 787/127/507
f 1189/55/633 1181/1445/269 1188/724/244
f 850/382/407 893/1446/1300 892/383/170
f 407/163/156 441/1447/1015 443/1223/1016
f 352/675/250 390/43/358 391/317/251
f 792/266/261 781/268/263 782/1224/506
f 786/267/262 790/424/450 785/1372/513
f 1089/759/493 1082/127/1185 1076/102/948
f 1136/831/724 1137/1405/720 1130/267/1049
f 1531/554/639 1536/1226/951 1537/224/349
f 1576/437/164 1574/53/919 1580/438/174
f 772/1448/1332 757/1234/1329 756/1449/1333
f 941/1308/633 938/438/174 937/809/1010
f 1068/74/153 1049/815/152 1048/743/704
f 812/190/1334 828/366/387 814/92/386
f 482/152/144 470/1450/1335 469/1413/1314
f 951/82/1336 969/709/883 952/89/882
f 1172/63/57 1159/1203/987 1158/138/58
f 771/814/1020 754/1451/1337 753/326/1021
f 719/239/235 702/1452/958 701/240/236
f 1511/12/747 1491/11/1194 1509/621/748
f 413/1009/1208 405/1003/1208 409/1033/1208
f 731/187/178 699/508/557 717/188/992
f 1358/821/1037 1342/854/1108 1340/11/1038
f 777/334/744 765/583/769 764/620/745
f 688/625/597 677/1402/908 662/1453/888
f 564/549/1299 582/1418/23 581/840/23
f 377/754/23 363/596/243 378/597/23
f 532/1454/23 531/1455/23 516/1456/344
f 758/242/314 775/1315/23 774/1431/23
f 739/645/168 729/563/1338 728/1403/909
f 1053/849/1094 1056/30/1234 1072/1393/23
f 1443/297/107 1462/1457/91 1461/1424/91
f 209/246/166 237/1458/168 226/731/909
f 1389/31/247 1407/1459/23 1408/1206/23
f 213/863/108 199/31/666 217/343/23
f 213/863/108 217/343/23 229/1460/23
f 22/1392/23 2/757/486 4/100/250
f 929/348/534 927/985/839 930/987/264
f 1359/1240/23 1370/492/23 1341/490/446
f 836/957/842 848/41/496 835/40/495
f 498/105/552 485/251/490 486/523/1097
f 742/1303/219 712/206/200 707/25/630
f 1093/607/1098 1136/125/724 1131/431/726
f 591/1229/260 568/1297/1317 564/1254/1299
f 1109/572/719 1132/185/176 1134/131/120
f 1142/552/442 1135/225/463 1141/224/440
f 404/309/295 439/127/307 441/258/1015
f 987/220/589 976/784/982 977/1224/590
f 286/432/459 290/60/54 285/1461/56
f 553/1408/1309 573/4/1339 555/1197/1306
f 843/385/548 844/1462/1340 837/181/549
f 289/436/680 296/1226/300 297/873/160
f 1032/694/860 1038/693/910 1035/168/912
f 298/1463/162 295/61/55 294/677/834
f 1165/69/995 1149/151/1114 1147/70/996
f 799/1237/1341 820/1464/1342 801/1196/1343
f 779/189/1069 768/188/1068 766/1230/1177
f 1370/196/189 1357/450/1140 1356/197/190
f 1205/1164/1208 1196/1052/1208 1200/948/1208
f 423/276/425 408/1199/515 406/330/426
f 1460/235/1122 1442/1202/1216 1440/236/1123
f 780/187/1067 750/661/1193 768/188/1068
f 826/918/1196 827/389/1344 811/1465/1345
f 826/918/1196 811/1465/1345 809/919/1197
f 948/1244/500 968/1466/23 967/1245/23
f 1393/881/249 1411/1245/23 1410/643/23
f 615/459/403 632/1467/1219 631/1421/1318
f 780/1370/23 779/1265/1232 767/1330/449
f 1494/160/154 1513/368/155 1512/161/155
f 1534/1278/797 1524/358/361 1539/1224/798
f 1056/30/1234 1074/1207/23 1073/1468/23
f 475/1469/23 474/403/23 458/402/432
f 969/898/23 968/1466/23 950/245/502
f 1093/602/1098 1112/801/23 1111/1470/23
f 1249/25/723 1266/802/23 1265/1267/23
f 537/348/534 534/1047/1014 538/941/221
f 1447/116/105 1465/1242/23 1464/542/23
f 1303/849/1094 1319/1248/23 1318/896/23
f 158/25/1125 177/517/23 176/1267/23
f 638/1080/760 649/41/1127 637/348/1126
f 896/105/787 883/212/828 884/40/788
f 590/267/1145 594/1471/984 589/1472/986
f 513/247/243 510/45/40 540/47/42
f 1093/1473/1098 1109/572/719 1137/608/720
f 1292/257/250 1334/125/641 1330/431/980
f 199/1272/666 242/122/110 241/118/169
f 1393/256/249 1428/255/248 1430/900/953
f 343/385/401 332/386/409 333/1224/346
f 493/504/537 498/224/552 499/678/837
f 1578/1278/210 1577/577/165 1569/633/839
f 696/211/671 687/43/38 682/430/638
f 740/609/218 747/1226/97 748/224/96
f 1529/355/354 1539/656/798 1536/36/951
f 442/700/310 440/362/445 447/61/796
f 818/1235/1296 819/1236/1346 799/1237/1341
f 149/1308/246 146/274/220 145/275/167
f 521/12/233 500/11/522 519/450/234
f 619/1230/1328 633/1474/1347 620/1409/1310
f 765/1102/1208 754/1098/1208 760/1005/1208
f 1269/562/929 1256/740/928 1255/138/1030
f 530/65/131 515/443/130 514/477/516
f 1558/19/371 1540/11/370 1556/78/897
f 1467/747/1153 1452/746/1152 1450/815/1165
f 1521/774/970 1506/138/1178 1505/323/971
f 1557/10/369 1542/511/655 1540/11/370
f 825/484/527 809/919/1197 808/485/528
f 33/133/125 20/78/124 19/539/2
f 875/638/777 860/637/776 858/667/818
f 879/1265/23 850/166/407 880/1215/23
f 1001/25/755 1017/1247/23 1016/26/23
f 1100/242/388 1117/898/23 1116/519/23
f 633/894/23 632/1467/1219 618/895/402
f 420/368/23 419/489/23 401/401/306
f 1296/116/252 1315/1242/23 1314/542/23
f 467/30/884 481/753/23 480/1383/23
f 63/459/487 80/458/23 79/731/23
f 205/245/242 224/244/23 223/1247/23
f 899/31/27 915/33/23 916/343/23
f 1075/1047/318 1078/348/534 1077/37/492
f 1113/24/23 1112/801/23 1093/602/1098
f 930/987/264 941/109/633 929/348/534
f 1338/347/34 1325/251/492 1326/214/534
f 1501/376/1005 1531/1475/639 1533/1476/640
f 813/459/753 810/376/400 838/47/536
f 802/675/718 843/125/548 839/127/889
f 837/181/549 841/681/840 836/1372/842
f 300/377/157 344/1356/1322 343/378/401
f 416/313/309 440/362/445 442/700/310
f 105/218/667 138/179/116 140/783/218
f 843/385/548 832/182/550 833/1224/784
f 842/360/399 847/224/494 848/55/496
f 1184/1439/210 1183/577/165 1175/680/839
f 846/168/786 839/127/889 833/648/784
f 1485/128/106 1486/1405/1235 1479/129/1102
f 441/609/1015 448/1226/302 449/724/98
f 841/681/840 838/1281/536 845/61/841
f 1/11/1291 22/1311/9 3/1202/1252
f 550/1280/36 547/361/643 540/1477/42
f 1268/139/1031 1255/138/1030 1254/614/1072
f 78/85/78 64/84/77 62/444/1066
f 1123/189/565 1110/188/564 1108/1230/968
f 879/189/730 866/188/1164 864/1230/731
f 923/155/148 910/614/844 908/156/149
f 323/276/271 308/1199/284 306/233/272
f 1227/348/1076 1224/939/1080 1228/941/689
f 915/10/369 900/511/655 898/11/370
f 920/682/79 906/146/848 904/82/80
f 880/858/1163 867/1235/1229 866/188/1164
f 128/139/131 115/138/130 114/154/147
f 54/100/353 73/1432/1263 72/1478/1073
f 905/25/24 921/1208/23 920/26/23
f 199/31/666 218/95/23 216/1479/23
f 71/798/87 69/491/23 54/100/353
f 1198/25/544 1218/569/23 1217/1267/23
f 1311/892/345 1309/491/23 1292/100/250
f 700/487/531 719/489/23 718/1319/23
f 1419/1362/576 1418/1480/627 1429/204/505
f 913/201/163 916/343/23 926/568/23
f 33/758/23 32/1205/23 18/460/344
f 199/31/666 216/1479/23 217/343/23
f 1501/376/1005 1519/795/1004 1518/1481/23
f 360/45/40 377/754/23 376/755/23
f 1050/110/101 1070/303/23 1069/828/23
f 1178/941/175 1189/109/633 1177/780/977
f 1240/347/390 1226/212/389 1227/348/1076
f 1033/52/47 1001/25/755 1029/1385/1207
f 352/675/250 394/125/356 390/43/358
f 1575/273/269 1544/734/211 1578/217/210
f 2/843/486 46/1482/1239 45/421/641
f 1249/25/723 1279/1261/722 1281/1303/1205
f 767/423/449 788/532/752 790/424/450
f 1288/55/858 1281/225/1205 1287/873/856
f 948/316/500 982/525/585 984/465/501
f 596/128/863 585/888/1146 586/1224/578
f 981/267/981 985/884/1142 980/1483/1187
f 1130/267/1049 1134/131/120 1129/1372/122
f 1235/180/545 1236/1260/1078 1229/528/1079
f 796/415/714 787/127/507 782/263/506
f 1030/57/51 1028/53/48 1034/272/319
f 1096/1484/1348 1114/1485/1349 1098/1346/1268
f 1241/1280/1077 1238/361/688 1237/726/896
f 1121/770/963 1122/773/969 1107/1486/1350
f 123/150/81 107/388/80 106/151/143
f 926/1/1 914/78/897 912/2/2
f 965/278/871 946/1197/1176 945/703/872
f 917/686/654 901/685/852 900/1262/655
f 971/665/815 954/921/1266 953/666/816
f 26/232/18 10/1199/17 8/233/227
f 371/336/337 354/335/336 353/326/372
f 1199/1199/1351 1215/819/1035 1216/86/1029
f 324/16/283 309/398/826 308/17/284
f 616/1077/1208 607/1052/1208 611/1021/1208
f 966/144/136 947/143/135 946/326/1176
f 217/19/233 198/440/465 215/238/234
f 674/90/601 659/534/600 658/82/652
f 968/707/879 951/1487/1336 949/708/880
f 61/113/497 78/732/23 77/244/23
f 167/201/195 151/31/1184 170/1240/23
f 950/245/502 970/1267/23 969/898/23
f 452/407/436 471/893/23 470/408/23
f 401/401/306 419/489/23 418/1319/23
f 507/402/252 525/519/23 524/412/23
f 1409/95/23 1407/1459/23 1389/31/247
f 960/97/88 944/800/584 964/1240/23
f 255/242/240 275/1315/23 274/1431/23
f 960/97/88 964/1240/23 975/98/23
f 260/302/833 277/1248/1232 276/1316/23
f 714/996/1208 703/1091/1208 709/1094/1208
f 998/567/754 1014/1488/23 1013/32/23
f 1275/987/268 1288/417/858 1274/214/857
f 600/105/885 587/212/579 588/523/886
f 1537/347/349 1525/212/950 1526/348/350
f 838/1281/536 816/1433/625 813/1489/753
f 558/116/1047 593/1261/1100 595/114/258
f 1404/499/539 1429/185/505 1431/500/540
f 137/528/591 141/718/109 136/1490/922
f 852/123/111 888/127/793 889/49/112
f 1235/180/545 1224/847/1080 1225/1224/546
f 645/1220/1128 646/226/759 615/381/403
f 689/471/635 696/1226/671 697/724/949
f 1233/580/687 1231/362/626 1238/361/688
f 640/473/510 635/346/631 647/103/33
f 1042/1262/1352 1063/1491/1353 1043/1492/1354
f 914/925/1208 906/965/1208 910/1086/1208
f 821/1493/1355 804/1494/1356 803/1495/1357
f 428/334/484 413/1331/1358 412/452/485
f 1011/10/562 996/511/561 994/11/1071
f 575/1496/1359 576/1411/1312 557/1412/1313
f 1018/198/767 1004/1497/766 1003/73/898
f 470/1450/1335 451/11/1293 469/1413/1314
f 1263/292/294 1248/291/75 1247/151/1109
f 1016/682/480 1002/146/907 1000/82/481
f 1094/1498/1360 1112/278/1361 1095/1452/1362
f 1015/454/482 1000/453/481 999/14/905
f 775/1347/1326 762/1499/1284 761/1348/1327
f 414/1312/1363 430/1313/1364 415/1314/1223
f 1019/634/765 1006/728/904 1004/156/766
f 522/506/476 504/1197/475 502/507/556
f 1162/768/961 1145/1498/1365 1143/769/962
f 672/283/279 656/282/278 654/143/647
f 1102/1005/1208 1092/1012/1208 1098/1150/1208
f 1019/691/855 1028/203/48 1020/248/1366
f 1028/203/48 1021/202/782 1020/248/1366
f 319/96/23 331/1353/23 300/166/157
f 416/646/309 418/1319/23 432/1500/23
f 810/376/400 827/647/23 826/1436/23
f 1009/201/781 1012/343/23 1022/641/23
f 850/166/407 869/489/23 868/1214/23
f 995/31/859 998/567/754 1013/32/23
f 735/780/977 732/1036/318 736/957/221
f 1249/25/723 1265/1267/23 1264/1501/23
f 998/567/754 1015/628/23 1014/1488/23
f 426/304/23 425/164/23 407/163/156
f 1208/97/1040 1211/343/23 1223/1209/23
f 411/827/443 440/645/445 428/623/1232
f 1362/412/23 1361/1425/1263 1343/160/448
f 1046/116/252 1068/752/23 1067/1242/23
f 980/1133/1187 993/417/757 979/629/756
f 1489/521/914 1476/520/913 1477/214/916
f 790/424/450 788/532/752 795/226/512
f 1579/736/918 1547/689/24 1575/1502/269
f 1541/1272/27 1555/172/163 1577/174/165
f 503/257/250 545/125/641 541/525/952
f 1479/129/1102 1483/836/1054 1478/1503/1056
f 552/351/862 597/1504/1367 596/118/863
f 856/375/113 889/1222/112 891/649/790
f 167/830/195 187/53/197 189/271/685
f 1343/354/448 1378/43/921 1379/49/917
f 1578/1278/210 1569/633/839 1584/1224/1201
f 1085/472/41 1090/224/34 1091/552/535
f 1043/1492/1354 1064/1505/1368 1044/1506/1369
f 933/1277/269 939/1226/245 940/724/244
f 1184/217/210 1190/209/1007 1187/168/245
f 601/1228/259 598/61/985 591/1229/260
f 1022/79/614 1010/78/925 1008/2/615
f 975/688/854 962/687/853 961/188/1254
f 216/439/464 200/920/1199 198/440/465
f 1013/686/560 997/767/960 996/1262/561
f 680/876/1133 667/837/1195 665/877/1134
f 65/952/1208 56/947/1208 59/948/1208
f 1111/612/811 1094/1498/1360 1092/661/812
f 1071/451/993 1054/1380/1370 1052/452/994
f 1218/665/1061 1202/921/1371 1201/666/1062
f 1069/747/942 1051/746/941 1049/815/152
f 1168/788/988 1154/666/1372 1153/789/989
f 1067/742/698 1048/743/704 1047/17/935
f 276/191/182 261/190/181 259/1263/1270
f 1195/598/542 1215/824/23 1214/1245/23
f 483/1047/119 486/523/1097 485/251/490
f 1116/519/23 1115/406/23 1100/242/388
f 1369/714/23 1368/865/23 1355/30/533
f 369/101/23 382/1367/23 350/166/343
f 1504/459/453 1521/1507/1373 1520/908/1182
f 411/827/443 428/623/1232 427/303/23
f 1270/641/23 1269/897/750 1257/201/678
f 120/1213/23 119/1319/23 101/566/666
f 1399/827/503 1417/1508/1232 1416/1509/23
f 1350/372/395 1368/865/23 1367/1211/23
f 1053/849/1094 1071/1384/23 1070/303/23
f 437/957/1082 450/109/100 436/108/99
f 49/38/34 36/251/29 37/348/534
f 492/852/1170 452/631/436 467/1510/884
f 54/257/353 94/125/315 90/319/316
f 450/55/100 443/531/1016 449/724/98
f 1192/1217/677 1236/844/1078 1235/1396/545
f 1296/116/252 1331/1511/251 1333/111/41
f 1498/1323/355 1529/1275/354 1531/1475/639
f 1097/316/22 1131/431/726 1133/575/462
f 1494/354/154 1534/655/797 1529/355/354
f 1334/128/641 1323/654/795 1324/1224/979
f 488/129/118 492/852/1170 487/1512/1172
f 895/168/829 888/127/793 882/414/792
f 494/128/117 495/1513/1374 488/129/118
f 984/529/501 991/1226/673 992/530/592
f 641/271/404 615/381/403 646/226/759
f 1060/540/900 1042/1514/1352 1039/727/901
f 1439/1280/583 1436/61/1057 1435/467/504
f 718/231/237 701/240/236 699/508/557
f 304/1351/1274 322/277/273 305/1349/1272
f 1116/276/806 1101/1199/998 1099/479/807
f 516/1456/344 533/344/23 532/1454/23
f 1121/770/963 1107/1486/1350 1106/452/964
f 673/281/277 658/558/652 656/282/278
f 1365/341/772 1351/635/771 1349/398/1179
f 1119/771/966 1104/921/1200 1103/772/967
f 827/1515/1344 812/190/1334 811/1263/1345
f 1120/191/965 1106/452/964 1104/1263/1200
f 1117/475/612 1102/536/611 1101/793/998
f 1118/535/610 1103/772/967 1102/536/611
f 1132/204/176 1122/1266/1238 1121/1516/1232
f 416/646/309 432/1500/23 431/1337/23
f 1105/302/297 1132/204/176 1121/1516/1232
f 995/31/859 1011/33/23 1012/343/23
f 716/1369/1008 718/1319/23 731/1370/23
f 454/100/433 473/1338/155 472/892/155
f 1472/29/23 1471/753/23 1457/30/26
f 1109/1330/719 1111/1470/23 1124/1370/23
f 770/95/23 769/1422/23 751/401/437
f 1148/295/211 1166/710/23 1165/1250/23
f 1274/214/857 1271/985/867 1275/987/268
f 771/413/23 770/95/23 751/401/437
f 1300/113/101 1318/896/23 1317/1320/23
f 1473/1517/23 1472/29/23 1441/28/25
f 1572/1195/264 1583/779/976 1571/214/534
f 797/307/303 783/212/713 784/40/304
f 291/1518/1129 260/676/833 255/242/240
f 363/596/243 360/45/40 389/47/50
f 249/1340/431 265/781/973 293/782/978
f 401/216/306 444/125/727 439/127/307
f 887/1281/791 865/1519/665 862/1520/435
f 700/1386/531 744/808/1009 743/1521/114
f 255/242/240 289/1522/680 291/1518/1129
f 149/55/246 142/531/219 148/224/96
f 755/316/312 787/127/507 789/317/313
f 1433/632/256 1422/722/891 1423/1224/257
f 97/103/94 90/319/316 84/102/92
f 935/577/165 934/1523/164 931/59/265
f 241/128/169 242/1260/110 235/59/317
f 391/321/251 397/1226/30 398/322/34
f 1181/1445/269 1187/1226/245 1188/724/244
f 1095/1262/1362 1113/1524/1375 1096/1484/1348
f 698/1375/1045 695/361/595 694/533/598
f 1044/1506/1369 1065/331/957 1045/330/956
f 1124/187/563 1092/661/812 1110/188/564
f 824/617/529 808/1199/528 806/618/741
f 1173/751/947 1161/328/946 1159/787/987
f 257/536/1260 275/1347/1269 258/1348/1271
f 1244/1262/1321 1261/792/1026 1245/70/1025
f 1174/750/945 1143/769/962 1161/328/946
f 631/513/568 617/443/567 616/1398/1301
f 320/278/288 303/1197/326 301/287/289
f 729/285/282 715/284/281 714/583/1083
f 262/1331/1262 278/816/1376 263/1312/1255
f 1154/666/1372 1169/1525/1377 1155/746/1261
f 1146/1262/1378 1164/792/997 1147/70/996
f 314/936/1208 304/1018/1208 309/1021/1208
f 1167/790/990 1153/789/989 1152/1526/1228
f 130/189/132 118/188/179 116/1230/133
f 1174/1294/23 1144/602/712 1162/1422/23
f 1170/1527/576 1180/796/923 1171/205/1280
f 1160/797/308 1173/1295/23 1172/301/668
f 1180/796/923 1172/301/668 1171/205/1280
f 552/28/862 571/799/23 572/1528/23
f 1326/214/534 1323/1087/795 1327/957/221
f 171/1420/23 169/33/23 151/31/1184
f 1192/825/677 1210/491/23 1211/343/23
f 1148/295/211 1165/1250/23 1164/601/23
f 564/549/1299 581/840/23 580/732/23
f 38/941/365 50/41/36 37/348/534
f 748/347/96 734/212/439 735/780/977
f 338/1354/406 316/1216/296 313/1355/710
f 1093/1473/1098 1137/608/720 1136/1529/724
f 1100/242/388 1133/1522/462 1135/1518/463
f 1208/499/1040 1231/362/626 1233/580/687
f 298/552/162 291/225/1129 297/873/160
f 1246/218/721 1277/219/214 1279/258/722
f 743/527/114 732/268/318 733/1224/115
f 737/528/591 741/807/868 736/1530/221
f 147/168/97 138/179/116 133/167/158
f 743/527/114 744/1405/1009 737/528/591
f 1331/223/251 1337/1226/97 1338/224/34
f 1280/271/266 1278/262/255 1285/272/267
f 1145/1498/1365 1163/1531/1379 1146/1532/1378
f 1037/1308/209 1034/272/319 1033/52/47
f 769/612/735 752/279/734 750/661/1193
f 1122/773/969 1108/284/968 1107/1486/1350
f 1054/1380/1370 1072/741/934 1055/1442/1330
f 623/278/705 606/1197/825 604/287/706
f 1357/1049/1208 1349/1021/1208 1353/1175/1208
f 1070/791/940 1052/452/994 1051/1263/941
f 1216/818/1029 1200/534/1028 1199/82/1351
f 1362/480/1091 1346/857/1112 1345/744/1092
f 572/541/644 551/236/762 570/20/645
f 273/276/287 256/1199/286 254/330/330
f 357/294/252 376/755/23 375/1239/23
f 688/625/597 679/897/89 678/205/1380
f 1544/567/211 1560/1204/23 1559/32/23
f 1195/598/542 1214/1245/23 1213/1364/23
f 1243/825/1046 1261/868/23 1260/1291/23
f 726/208/23 725/1247/23 707/25/630
f 1306/460/1095 1321/1416/23 1320/546/23
f 884/40/788 881/1079/172 885/957/412
f 685/941/596 698/417/1045 684/348/1044
f 992/571/592 978/212/672 979/629/756
f 341/890/1147 338/1354/406 345/184/1148
f 594/1471/984 552/351/862 568/1297/1317
f 899/1272/27 913/923/163 935/174/165
f 993/55/757 986/531/593 992/530/592
f 807/375/398 840/1222/832 842/373/399
f 666/499/830 688/532/597 690/271/594
f 202/218/628 236/179/116 238/551/218
f 1382/180/447 1371/470/509 1372/1224/920
f 1207/1533/1381 1223/838/1064 1209/837/1063
f 596/128/863 597/1307/1367 590/267/1145
f 642/871/511 647/1226/33 648/322/32
f 1492/804/530 1507/426/452 1530/434/454
f 543/428/363 540/1477/42 547/361/643
f 191/874/1131 197/209/201 194/211/203
f 848/1375/496 845/61/841 838/1281/536
f 1206/1415/1316 1222/140/1382 1207/593/1381
f 1515/292/468 1497/441/467 1496/14/1087
f 1210/235/605 1193/337/959 1191/236/606
f 1212/749/944 1194/748/943 1193/1262/959
f 1202/1263/1371 1219/324/1383 1204/1377/1287
f 626/276/602 610/1199/609 608/479/603
f 1217/237/1027 1201/666/1062 1200/534/1028
f 778/285/768 766/284/1177 765/583/769
f 922/198/150 908/1499/149 907/73/231
f 1267/155/876 1254/614/1072 1252/156/877
f 27/16/16 11/398/428 10/17/17
f 1417/1508/1232 1429/204/505 1418/1480/627
f 1266/198/878 1252/1497/877 1251/666/1084
f 374/276/18 358/1199/17 356/233/227
f 1278/203/255 1269/897/750 1268/205/1384
f 944/800/584 948/1244/500 966/1246/23
f 1290/407/486 1309/491/23 1310/343/23
f 476/1321/23 461/496/538 477/1423/23
f 899/31/27 902/598/211 917/32/23
f 237/1458/168 227/563/1338 226/731/909
f 913/201/163 899/31/27 916/343/23
f 1374/348/1183 1371/939/509 1375/941/555
f 178/1534/1281 177/517/23 162/867/715
f 1156/1381/1204 1170/1527/576 1169/1391/23
f 234/999/221 247/605/246 233/604/35
f 940/252/244 928/251/159 929/348/534
f 937/809/1010 905/25/24 933/1535/269
f 4/257/250 45/125/641 41/43/952
f 698/552/1045 691/531/1053 697/724/949
f 1541/1272/27 1577/174/165 1578/1438/210
f 1290/651/486 1335/1536/1239 1334/118/641
f 913/923/163 932/53/1011 934/271/164
f 936/1278/210 927/556/839 942/1224/115
f 88/528/1168 92/1296/893 87/1537/895
f 1577/577/165 1576/1523/164 1573/59/265
f 1032/1278/860 1031/577/861 1023/556/955
f 1385/869/1043 1378/43/921 1372/34/920
f 1575/1305/269 1581/1226/245 1582/873/244
f 141/437/109 139/262/270 146/274/220
f 264/1230/1257 280/1231/1385 266/188/1285
f 1583/1308/976 1580/438/174 1579/736/918
f 1270/79/384 1258/78/383 1256/2/928
f 1254/1086/1208 1245/962/1208 1250/1168/1208
f 1294/1538/1386 1313/397/1059 1295/330/1058
f 154/1287/1245 173/1539/1387 156/14/1241
f 1054/1044/1208 1044/1139/1208 1048/1141/1208
f 1315/794/698 1298/743/704 1297/17/935
f 1213/745/939 1196/744/938 1194/748/943
f 1461/1540/1217 1462/1541/1388 1444/1542/1218
f 1318/191/940 1302/190/1060 1301/1263/941
f 1319/93/86 1304/92/85 1302/190/1060
f 1211/12/607 1191/236/606 1209/837/1063
f 1317/747/942 1301/746/941 1299/815/152
f 822/659/805 805/151/804 804/1494/1356
f 70/19/19 51/236/230 68/20/20
f 202/598/628 221/1269/23 220/626/23
f 1257/201/678 1243/825/1046 1259/1292/23
f 1267/1210/1220 1278/203/255 1268/205/1384
f 802/850/718 822/1366/1263 821/1394/1263
f 1393/881/249 1412/1249/23 1411/1245/23
f 1463/543/87 1462/1457/91 1443/297/107
f 416/646/309 431/1337/23 430/644/576
f 112/1381/865 127/1443/576 126/1382/23
f 657/829/636 662/720/888 676/569/23
f 655/461/39 673/1365/23 672/462/23
f 1441/28/25 1460/491/23 1473/1517/23
f 1350/372/395 1366/1212/23 1365/755/23
f 213/863/108 229/1460/23 228/1265/1281
f 302/94/43 321/1339/1263 320/95/87
f 37/348/534 34/939/1014 38/941/365
f 1358/595/23 1359/1240/23 1341/490/446
f 1547/689/24 1563/1267/23 1562/26/23
f 1416/1509/23 1415/828/23 1399/827/503
f 1541/31/27 1544/567/211 1559/32/23
f 1066/519/23 1065/243/23 1046/116/252
f 589/1073/986 601/717/259 588/523/886
f 549/347/632 536/251/492 537/348/534
f 1431/500/540 1429/185/505 1436/61/1057
f 1234/1223/1081 1203/570/669 1198/25/544
f 1504/459/453 1501/376/1005 1533/1476/640
f 1443/257/107 1485/125/106 1481/431/457
f 1483/836/1054 1441/117/25 1457/1253/26
f 489/1227/586 467/1510/884 464/1254/629
f 452/631/436 495/1543/1374 494/118/117
f 950/245/502 984/1261/501 986/1223/593
f 1009/696/781 1028/53/48 1030/57/51
f 39/221/317 43/763/363 38/1258/365
f 503/257/250 541/525/952 542/258/251
f 1334/128/641 1335/1513/1239 1328/129/317
f 1282/632/212 1271/699/867 1272/1224/213
f 1484/264/103 1489/889/914 1490/652/794
f 1437/103/206 1428/255/248 1423/263/257
f 1086/128/641 1087/1405/1239 1080/129/642
f 491/223/551 497/1226/491 498/224/552
f 92/700/893 89/1345/499 96/226/894
f 1293/8/1389 1312/1544/1390 1294/1538/1386
f 50/1280/36 47/361/643 40/1298/50
f 1320/91/84 1305/510/1086 1304/92/85
f 1401/1545/1391 1418/1546/1392 1402/1547/1393
f 851/1262/1276 870/561/810 853/560/809
f 1309/235/1032 1291/1408/1394 1289/236/1033
f 1360/506/1107 1344/1197/1156 1342/854/1108
f 1500/1190/1208 1509/1187/1208 1495/1189/1208
f 1361/229/1093 1345/744/1092 1344/448/1156
f 1310/19/1034 1289/236/1033 1308/238/234
f 1316/74/153 1299/815/152 1298/743/704
f 1364/16/999 1349/398/1179 1348/17/1000
f 925/562/3 912/1283/2 911/443/58
f 727/640/701 713/620/780 711/1263/702
f 829/91/385 815/510/693 814/92/386
f 1367/662/813 1353/859/1118 1352/663/814
f 1369/392/191 1356/593/190 1354/855/1110
f 237/1458/168 228/1265/1281 227/563/1338
f 558/116/1047 577/898/23 576/1334/23
f 775/1315/23 763/624/751 776/1548/23
f 1494/160/154 1514/1204/155 1513/368/155
f 605/100/90 624/643/91 623/95/91
f 225/732/23 224/244/23 209/246/166
f 1105/302/297 1121/1516/1232 1120/303/23
f 1395/829/1041 1415/828/23 1414/1317/23
f 310/45/634 326/754/23 325/755/23
f 707/25/630 724/1437/23 723/756/23
f 784/40/304 781/1036/263 785/957/513
f 871/1250/91 870/1335/91 852/94/111
f 464/549/629 467/30/884 480/1383/23
f 538/941/221 550/308/36 537/348/534
f 1036/170/207 1024/251/911 1025/214/208
f 594/700/984 591/1229/260 598/61/985
f 890/1371/410 850/382/407 865/1519/665
f 862/405/435 859/404/434 887/650/791
f 1144/1218/712 1160/310/308 1183/312/165
f 1192/42/677 1235/125/545 1230/43/547
f 540/1477/42 516/1297/344 513/1489/243
f 800/497/717 844/1549/1340 843/378/548
f 9/294/252 42/1511/362 44/760/41
f 265/781/973 288/185/835 290/60/54
f 933/273/269 902/218/211 936/217/210
f 1427/721/890 1431/500/540 1426/1472/1206
f 444/266/727 433/268/729 434/1224/438
f 645/872/1128 648/322/32 649/55/1127
f 48/36/30 41/43/952 35/34/28
f 792/266/261 793/1374/451 786/267/262
f 140/609/218 147/1226/97 148/224/96
f 1402/1547/1393 1419/1550/1395 1403/1551/1396
f 450/1308/100 447/61/796 446/419/444
f 669/12/651 650/11/650 667/837/1195
f 532/149/142 518/148/141 517/1230/133
f 1410/144/1121 1392/860/1120 1391/326/1154
f 1409/278/1138 1391/1197/1154 1390/879/1139
f 1396/1552/1273 1414/1553/1397 1397/1554/1398
f 24/69/335 7/151/339 6/338/336
f 1400/1555/1279 1417/1556/1399 1401/1545/1391
f 1397/1554/1398 1415/747/1400 1398/1361/1277
f 1561/88/81 1546/453/80 1545/151/143
f 801/1196/1343 821/4/1355 803/1197/1357
f 634/1079/217 637/348/1126 636/37/31
f 1347/642/783 1365/755/23 1364/1352/23
f 1303/849/1094 1320/546/23 1319/1248/23
f 1555/863/163 1558/343/23 1568/864/23
f 1001/25/755 1018/517/23 1017/1247/23
f 972/729/908 983/204/198 973/205/199
f 1457/30/26 1471/753/23 1470/546/23
f 777/623/750 776/1548/23 763/624/751
f 1498/1323/355 1516/1322/23 1515/715/23
f 513/247/243 529/249/23 528/367/23
f 1296/116/252 1300/113/101 1316/1241/23
f 1177/780/977 1175/971/839 1178/941/175
f 1041/297/250 1063/730/87 1062/1401/345
f 1046/116/252 1067/1242/23 1066/519/23
f 1454/459/1096 1469/623/23 1468/303/23
f 574/463/91 573/798/1006 554/100/864
f 1547/689/24 1564/517/23 1563/1267/23
f 336/987/1149 348/41/394 335/40/393
f 1135/1518/463 1105/302/297 1100/242/388
f 101/1272/666 117/120/887 144/719/110
f 454/257/433 494/125/117 490/431/836
f 798/552/305 791/225/1186 797/911/303
f 707/25/630 740/1557/218 742/1303/219
f 1292/257/250 1330/431/980 1331/258/251
f 892/180/170 881/182/172 882/1224/792
f 337/181/408 341/890/1147 336/1359/1149
f 1183/577/165 1182/1558/173 1179/528/838
f 548/493/97 541/525/952 535/430/357
f 891/360/790 896/224/787 897/55/789
f 91/723/892 97/1226/94 98/724/674
f 413/1331/1358 429/816/1401 414/1312/1363
f 1142/1463/442 1139/61/121 1138/186/177
f 1411/283/1119 1394/857/1151 1392/860/1120
f 1407/540/620 1390/879/1139 1388/236/621
f 1420/195/188 1405/188/187 1403/1230/1396
f 179/65/183 165/443/1117 164/192/184
f 878/610/732 864/284/731 863/92/851
f 725/159/153 710/73/152 709/589/704
f 754/1451/1337 772/1448/1332 756/1449/1333
f 1465/794/1159 1449/743/1158 1448/17/1167
f 1366/664/770 1352/663/814 1351/1263/771
f 1314/276/936 1297/1199/935 1295/330/1058
f 1462/1541/1388 1445/228/1246 1444/1542/1218
f 1308/989/1208 1298/1094/1208 1304/1111/1208
f 1469/334/334 1455/333/333 1453/452/1002
f 379/65/59 365/64/58 364/323/736
f 967/142/134 949/708/880 947/143/135
f 1521/1507/1373 1507/460/452 1522/1559/23
f 1404/1324/539 1389/31/247 1408/1206/23
f 666/97/830 669/1240/23 680/1336/23
f 476/1321/23 475/1469/23 458/402/432
f 552/28/862 572/1528/23 584/1209/23
f 1451/113/102 1467/1320/23 1466/752/23
f 54/100/353 74/1365/23 73/1432/1263
f 1510/162/23 1511/1368/23 1492/486/530
f 1109/1330/719 1124/1370/23 1123/1265/1220
f 1447/116/105 1451/113/102 1466/752/23
f 335/40/393 332/1026/409 336/987/1149
f 1073/1468/23 1072/1393/23 1056/30/1234
f 2/757/486 21/1292/23 33/758/23
f 1079/1014/221 1091/215/535 1078/348/534
f 1090/347/34 1077/37/492 1078/348/534
f 986/1223/593 955/526/588 950/245/502
f 464/549/629 461/496/538 489/112/586
f 101/803/666 143/125/169 138/179/116
f 43/763/363 2/843/486 18/1299/344
f 89/1345/499 66/1297/488 63/1254/487
f 1040/672/486 1087/1560/1239 1086/118/641
f 1046/116/252 1083/1222/455 1085/111/41
f 1583/1304/976 1575/1305/269 1582/873/244
f 54/257/353 90/319/316 91/258/892
f 45/180/641 34/835/1014 35/1224/28
f 1276/469/866 1280/573/266 1275/435/268
f 1337/493/97 1330/431/980 1324/102/979
f 545/220/641 546/1513/1239 539/834/591
f 188/1561/1132 194/1226/203 195/889/581
f 690/271/594 688/532/597 695/361/595
f 1291/1408/1394 1311/4/1402 1293/1197/1389
f 499/1562/837 496/226/1171 489/1227/586
f 556/1407/1308 575/1496/1359 557/1412/1313
f 1502/914/1189 1519/389/1403 1503/199/1404
f 1510/481/1175 1493/511/1174 1491/11/1194
f 770/611/733 753/1197/1021 752/279/734
f 1321/765/1085 1307/764/1090 1305/1230/1086
f 1493/1262/1174 1513/289/1181 1495/906/1180
f 481/392/146 468/593/145 466/393/421
f 1503/1563/1404 1520/775/972 1505/323/971
f 830/189/692 817/188/1116 815/1230/693
f 1517/136/1191 1500/915/1190 1499/916/1192
f 220/559/656 203/613/1249 201/560/657
f 874/668/819 858/667/818 857/476/875
f 514/1057/1208 505/1052/1208 509/1021/1208
f 1522/905/774 1508/1564/773 1506/138/1178
f 1517/1321/23 1501/376/1005 1518/1481/23
f 54/100/353 72/1478/1073 71/798/87
f 1523/627/23 1522/1559/23 1507/460/452
f 622/1419/23 633/894/23 603/490/532
f 328/248/23 316/299/296 329/301/23
f 530/248/23 516/1456/344 531/1455/23
f 674/1270/23 673/1365/23 657/829/636
f 66/460/488 81/1243/23 80/458/23
f 1264/1501/23 1263/715/23 1249/25/723
f 1164/601/23 1163/1565/23 1144/602/712
f 323/542/23 322/907/23 307/294/45
f 1208/97/1040 1221/547/576 1231/204/626
f 4/100/250 24/1204/87 23/1251/87
f 1208/97/1040 1223/1209/23 1222/1566/23
f 487/1014/1172 499/109/837 486/523/1097
f 1555/863/163 1541/31/27 1558/343/23
f 1188/107/244 1176/251/159 1177/780/977
f 1530/428/454 1504/427/453 1535/272/1141
f 142/1223/219 112/1381/865 108/866/630
f 15/1435/1094 12/45/40 40/650/50
f 1534/1278/797 1532/357/359 1524/358/361
f 944/216/584 987/125/589 982/525/585
f 1329/1227/50 1306/1426/1095 1303/1254/1094
f 401/1340/306 445/315/311 444/1342/727
f 1341/420/446 1383/1567/1264 1382/421/447
f 357/294/252 391/1261/251 393/350/49
f 188/875/1132 155/218/711 191/874/1131
f 1080/129/642 1084/852/1104 1079/1512/221
f 213/120/108 237/177/168 239/121/109
f 1086/128/641 1075/556/318 1076/1224/948
f 1333/264/41 1338/224/34 1339/552/535
f 1494/422/154 1532/805/359 1534/1438/797
f 1488/415/915 1481/431/457 1475/430/456
f 143/632/169 144/1260/110 137/528/591
f 1430/529/953 1437/1226/206 1438/224/205
f 1472/1568/1405 1459/238/1258 1458/764/1236
f 196/1280/1203 193/438/690 192/581/691
f 1259/132/382 1242/11/1319 1258/78/383
f 270/289/291 253/1328/1259 251/290/292
f 1419/1550/1395 1420/140/188 1403/1551/1396
f 1560/684/63 1545/151/143 1543/685/852
f 1562/790/79 1548/146/848 1546/82/80
f 178/1534/1281 187/203/197 179/248/1248
f 1564/198/150 1550/1499/149 1549/73/231
f 1565/634/148 1552/728/844 1550/156/149
f 872/13/13 855/658/803 854/14/14
f 1468/791/1003 1453/452/1002 1452/1263/1152
f 1368/856/1111 1354/855/1110 1353/859/1118
f 1466/74/1157 1450/815/1165 1449/743/1158
f 1567/562/3 1554/1283/2 1553/443/58
f 288/777/835 278/458/1233 277/1248/1232
f 9/294/252 27/1239/23 26/542/23
f 1574/203/919 1567/202/668 1566/248/1219
f 15/1435/1094 31/248/23 30/597/23
f 1494/160/154 1515/715/23 1514/1204/155
f 407/163/156 424/165/23 423/542/23
f 562/113/1048 580/732/23 579/244/23
f 1447/116/105 1466/752/23 1465/1242/23
f 1144/602/712 1163/1565/23 1162/1422/23
f 1544/567/211 1561/27/23 1560/1204/23
f 1313/243/23 1312/1404/87 1292/100/250
f 1347/642/783 1364/1352/23 1363/519/23
f 1025/214/208 1023/985/955 1026/987/52
f 1375/941/555 1387/41/1012 1374/348/1183
f 847/105/494 834/37/785 835/40/495
f 543/1434/363 501/870/343 516/1297/344
f 199/1272/666 213/120/108 242/122/110
f 554/257/864 596/125/863 592/431/1144
f 899/1272/27 935/174/165 936/1438/210
f 196/1569/1203 188/1561/1132 195/889/581
f 58/116/1099 91/1357/892 93/114/498
f 802/675/718 839/127/889 840/49/832
f 94/901/315 83/902/1169 84/1224/92
f 1376/469/508 1380/1326/553 1375/1258/555
f 1031/577/861 1030/1523/51 1027/59/53
f 191/1278/1131 190/577/682 182/556/684
f 747/493/97 738/127/116 733/126/115
f 692/180/637 693/1260/831 686/834/1051
f 238/223/218 245/1226/97 246/224/96
f 189/271/685 187/53/197 193/438/690
f 1556/1194/1208 1548/965/1208 1552/1086/1208
f 247/1280/246 244/226/220 243/176/167
f 152/1196/1209 169/10/10 171/4/1210
f 67/1198/1212 81/1570/1226 82/21/21
f 1442/1202/1216 1460/235/1122 1461/4/1217
f 957/1131/1208 962/1126/1208 947/1128/1208
f 1565/671/576 1551/670/827 1574/203/919
f 31/248/23 15/1435/1094 18/460/344
f 527/755/23 526/692/23 507/402/252
f 1571/214/534 1570/212/159 1569/985/839
f 1426/987/1206 1436/1571/1057 1439/524/583
f 341/890/1147 344/1356/1322 300/377/157
f 1533/1220/640 1538/1308/351 1535/272/1141
f 599/493/580 593/258/1100 592/431/1144
f 569/636/708 583/1572/471 584/21/646
f 415/1230/1223 430/3/1364 431/1231/1224
f 67/1232/1212 65/817/1023 80/816/1022
f 1150/1234/1227 1166/150/1113 1167/86/990
f 867/1235/1229 880/858/1163 868/1236/1230
f 1402/1184/1208 1406/989/1208 1392/1082/1208
f 307/294/45 310/45/634 325/755/23
f 66/460/488 52/28/352 82/1209/23
f 155/598/711 158/25/1125 174/1249/23
f 684/348/1044 683/212/670 681/1087/1052
f 192/581/691 162/867/715 158/25/1125
f 1081/1229/50 1084/852/1104 1056/1253/1234
f 1439/1257/583 1435/1573/504 1432/762/954
f 686/834/1051 693/674/831 690/673/594
f 1286/842/1075 1279/258/722 1277/219/214
f 1471/3/558 1472/1568/1405 1458/764/1236
f 248/661/1237 268/1376/1286 267/280/276
f 459/17/1214 475/1574/1213 476/136/128
f 215/989/1208 201/992/1208 206/994/1208
f 129/1264/668 139/203/270 117/863/887
f 1132/204/176 1109/1330/719 1123/1265/1220
f 858/1109/1208 863/1111/1208 867/1114/1208
f 285/1014/56 295/1575/55 298/171/162
f 641/1271/404 644/1373/1222 603/497/532
f 1181/912/269 1151/1576/24 1148/309/211
f 941/55/633 937/1577/1010 933/1277/269
f 639/221/216 644/1373/1222 641/1271/404
f 245/250/97 238/551/218 236/179/116
f 200/1262/1199 218/9/1198 219/561/658
f 602/1282/1240 622/1410/1311 621/288/707
f 156/14/1241 173/1539/1387 174/878/1137
f 176/237/1242 177/198/192 161/200/194
f 153/1285/1211 171/1578/1210 172/1286/1244
f 1445/228/1246 1462/1541/1388 1463/660/1162
f 132/971/758 136/973/922 135/40/35
f 874/1289/23 856/375/113 859/404/434
f 86/214/675 85/212/93 83/955/1169
f 1478/957/1056 1487/1575/1055 1490/733/794
f 691/1223/1053 694/533/598 662/720/888
f 92/1296/893 95/1221/1221 52/351/352
f 40/1298/50 43/763/363 18/1299/344
f 1029/273/1207 1001/503/755 998/695/754
f 1037/1304/209 1033/1577/47 1029/1305/1207
f 235/59/317 242/122/110 239/121/109
f 497/168/491 491/258/551 490/431/836
f 164/983/1208 168/925/1208 154/977/1208
f 203/613/1249 220/559/656 221/1310/1250
f 959/1230/1253 974/3/569 975/688/854
f 263/1312/1255 278/816/1376 279/1313/1256
f 262/1009/1208 248/1012/1208 253/1003/1208
f 663/1086/1208 667/1081/1208 654/1082/1208
f 275/1315/23 255/242/240 260/676/833
f 119/1319/23 131/1370/23 117/863/887
f 976/1013/982 980/1133/1187 979/629/756
f 87/957/895 96/1575/894 99/417/676
f 1281/1303/1205 1284/261/254 1253/260/253
f 1380/1326/553 1383/1567/1264 1341/420/446
f 253/1328/1259 271/1579/1406 272/331/331
f 1155/1329/1261 1169/68/1377 1170/813/1019
f 779/1265/1232 778/563/1331 788/625/752
f 575/1333/91 554/100/864 558/116/1047
f 1526/348/350 1525/212/950 1524/1047/361
f 736/957/221 746/1580/220 749/109/246
f 240/1303/219 243/176/167 209/246/166
f 438/59/728 445/315/311 442/314/310
f 397/370/30 391/317/251 390/43/358
f 299/1282/1265 331/327/327 319/288/290
f 954/1263/1266 971/157/815 972/705/874
f 1098/1346/1268 1114/1485/1349 1115/660/808
f 275/1347/1269 276/482/182 259/921/1270
f 1412/878/1150 1413/86/1407 1396/1199/1273
f 364/936/1208 349/1030/1208 354/1029/1208
f 386/40/35 385/251/29 383/1026/1014
f 387/941/365 396/1575/364 399/41/36
f 791/1223/1186 794/851/1101 763/624/751
f 204/82/1251 221/18/1250 222/709/1106
f 392/890/363 395/1356/1239 350/761/343
f 389/1354/50 392/271/363 366/1216/344
f 388/181/1013 395/1356/1239 392/890/363
f 296/103/300 289/575/680 287/319/716
f 849/1237/1231 868/1236/1230 869/239/1275
f 1398/1361/1277 1415/747/1400 1416/389/1278
f 159/916/1247 175/1288/1135 176/237/1242
f 566/1069/1208 570/1061/1208 556/1064/1208
f 1419/1362/576 1429/204/505 1404/1324/539
f 379/248/23 363/596/243 366/299/344
f 1212/839/23 1192/825/677 1195/598/542
f 326/754/23 310/45/634 313/596/710
f 184/214/1202 183/520/202 182/985/684
f 1228/941/689 1238/1575/688 1241/417/1077
f 1084/852/1104 1087/1560/1239 1040/672/486
f 886/181/171 893/1446/1300 890/1371/410
f 349/1282/1282 382/327/413 369/288/381
f 405/1328/1283 421/1579/1408 422/397/427
f 266/188/1285 280/1231/1385 268/1376/1286
f 1204/1377/1287 1219/324/1383 1220/139/1288
f 424/475/514 425/1581/1409 409/1379/1290
f 420/289/419 421/1579/1408 405/1328/1283
f 465/1380/1292 479/451/477 480/394/422
f 465/1044/1208 469/1038/1208 456/1040/1208
f 125/1332/23 108/866/630 112/1381/865
f 609/518/577 612/404/624 628/755/23
f 1477/214/916 1476/520/913 1474/1087/1103
f 1129/957/122 1139/1575/121 1142/417/442
f 1185/738/918 1156/924/1204 1151/711/24
f 612/404/624 609/518/577 642/1276/511
f 749/55/246 745/1577/167 742/225/219
f 451/11/1293 470/1450/1335 471/1389/1294
f 417/188/1225 431/1231/1224 432/683/850
f 409/1379/1290 425/1581/1409 426/391/418
f 110/73/1297 125/145/137 126/1390/62
f 230/971/318 234/999/221 233/604/35
f 1168/712/23 1151/711/24 1156/924/1204
f 816/544/625 800/486/717 831/1215/23
f 281/1013/460 285/1014/56 284/108/161
f 1327/957/221 1336/1571/1130 1339/215/535
f 1432/1358/954 1435/467/504 1399/827/503
f 1480/1229/104 1483/836/1054 1457/1253/26
f 1328/129/317 1335/1536/1239 1332/852/1104
f 346/36/348 340/49/44 339/43/681
f 616/1398/1301 614/702/870 630/701/869
f 559/82/1302 576/18/1312 577/709/1303
f 56/400/430 73/399/429 74/281/931
f 1153/1155/1208 1157/1156/1208 1143/1152/1208
f 9/294/252 12/45/40 28/755/23
f 1219/597/196 1203/570/669 1231/204/626
f 436/108/99 435/306/301 433/1036/729
f 785/957/513 795/1575/512 798/308/305
f 1229/528/1079 1236/844/1078 1233/580/687
f 1140/103/975 1133/575/462 1131/431/726
f 555/1406/1306 573/77/1339 574/557/1307
f 620/1409/1310 633/1474/1347 622/1410/1311
f 560/1400/1304 577/709/1303 578/74/619
f 1205/1378/1289 1220/139/1288 1221/1414/1315
f 1459/989/1208 1445/1040/1208 1449/1094/1208
f 1306/460/1095 1290/407/486 1322/1209/23
f 568/460/1317 552/28/862 584/1209/23
f 800/486/717 802/850/718 820/1395/23
f 155/598/711 172/600/23 171/1420/23
f 767/1330/449 751/401/437 769/1422/23
f 923/516/576 909/670/575 932/203/1011
f 1425/523/582 1424/212/204 1422/971/891
f 185/987/686 193/1571/690 196/733/1203
f 1332/852/1104 1335/1536/1239 1290/651/486
f 247/55/246 243/1573/167 240/225/219
f 1239/103/391 1232/258/543 1230/43/547
f 453/1202/1295 471/1389/1294 472/4/424
f 1242/11/1319 1259/132/382 1260/1429/1320
f 114/968/1208 100/959/1208 104/962/1208
f 730/1265/1281 729/563/1338 739/645/168
f 588/523/886 587/212/579 585/971/1146
f 136/973/922 146/1580/220 149/109/246
f 841/681/840 844/1549/1340 800/497/717
f 539/834/591 546/1274/1239 543/1434/363
f 448/415/302 441/258/1015 439/127/307
f 652/1202/1323 668/235/649 670/4/1324
f 653/1406/1325 670/77/1324 671/557/648
f 1006/1086/1208 1010/925/1208 997/1121/1208
f 760/536/1305 774/286/659 775/1347/1326
f 818/1103/1208 804/1106/1208 809/1109/1208
f 655/461/39 671/463/23 670/798/23
f 15/1435/1094 30/597/23 29/754/23
f 825/1352/23 807/375/398 810/376/400
f 1128/416/441 1127/251/974 1125/1013/1050
f 1026/987/52 1034/1582/319 1037/215/209
f 1527/1193/461 1535/1575/1141 1538/349/351
f 1377/1309/397 1380/505/553 1355/1327/533
f 1241/55/1077 1237/1583/896 1234/531/1081
f 991/211/673 984/465/501 982/525/585
f 16/936/1208 20/925/1208 6/929/1208
f 127/1443/576 112/1381/865 139/203/270
f 755/22/312 758/242/314 773/1444/23
f 835/40/495 834/37/785 832/1036/550
f 885/957/412 894/1584/411 897/41/789
f 443/1223/1016 446/419/444 411/418/443
f 1189/55/633 1185/1577/918 1181/1445/269
f 786/267/262 793/425/451 790/424/450
f 1089/759/493 1083/258/455 1082/127/1185
f 772/1448/1332 773/1441/661 757/1234/1329
f 812/190/1334 827/1515/1344 828/366/387
f 951/82/1336 968/18/879 969/709/883
f 413/1009/1208 400/959/1208 405/1003/1208
f 688/625/597 678/205/1380 677/1402/908
f 377/754/23 360/45/40 363/596/243
f 22/1392/23 21/1292/23 2/757/486
f 929/348/534 928/251/159 927/985/839
f 836/957/842 845/1584/841 848/41/496
f 742/1303/219 745/786/167 712/206/200
f 591/1229/260 594/700/984 568/1297/1317
f 1142/552/442 1138/1573/177 1135/225/463
f 286/432/459 293/782/978 290/60/54
f 553/1408/1309 571/235/761 573/4/1339
f 799/1237/1341 819/1236/1346 820/1464/1342
f 1205/1164/1208 1209/1081/1208 1196/1052/1208
f 948/1244/500 950/245/502 968/1466/23
f 615/459/403 618/895/402 632/1467/1219
f 1056/30/1234 1040/457/486 1074/1207/23
f 537/348/534 536/251/492 534/1047/1014
f 638/1080/760 646/1571/759 649/41/1127
f 590/267/1145 597/1504/1367 594/1471/984
f 696/211/671 689/551/635 687/43/38
f 818/1235/1296 831/858/1115 819/1236/1346
f 619/1230/1328 632/3/566 633/1474/1347
f 765/1102/1208 750/1012/1208 754/1098/1208
f 879/1265/23 865/564/665 850/166/407
f 1075/1047/318 1079/1014/221 1078/348/534
f 930/987/264 938/1575/174 941/109/633
f 1501/376/1005 1498/1323/355 1531/1475/639
f 837/181/549 844/1549/1340 841/681/840
f 846/168/786 840/49/832 839/127/889
f 1/11/1291 21/132/123 22/1311/9
f 1227/348/1076 1226/212/389 1224/939/1080
f 1178/941/175 1186/1580/174 1189/109/633
f 1033/52/47 1005/670/46 1001/25/755
f 1575/273/269 1547/1585/24 1544/734/211
f 1288/55/858 1284/1577/254 1281/225/1205
f 981/267/981 988/885/1143 985/884/1142
f 1130/267/1049 1137/608/720 1134/131/120
f 796/415/714 789/317/313 787/127/507
f 1096/1484/1348 1113/1524/1375 1114/1485/1349
f 1199/1199/1351 1197/820/1036 1215/819/1035
f 616/1077/1208 602/1030/1208 607/1052/1208
f 61/113/497 63/459/487 78/732/23
f 452/407/436 454/100/433 471/893/23
f 714/996/1208 699/959/1208 703/1091/1208
f 1275/987/268 1285/1575/267 1288/417/858
f 838/1281/536 841/681/840 816/1433/625
f 137/528/591 144/719/110 141/718/109
f 645/1220/1128 649/1308/1127 646/226/759
f 1042/1262/1352 1062/9/1410 1063/1491/1353
f 914/925/1208 901/1121/1208 906/965/1208
f 821/1493/1355 822/659/805 804/1494/1356
f 1094/1498/1360 1111/612/811 1112/278/1361
f 775/1347/1326 776/482/746 762/1499/1284
f 414/1312/1363 429/816/1401 430/1313/1364
f 1102/1005/1208 1107/1151/1208 1092/1012/1208
f 1019/691/855 1005/670/46 1028/203/48
f 416/646/309 401/401/306 418/1319/23
f 850/166/407 852/94/111 869/489/23
f 735/780/977 734/212/439 732/1036/318
f 980/1133/1187 990/1575/366 993/417/757
f 1579/736/918 1551/670/827 1547/689/24
f 1479/129/1102 1486/1255/1235 1483/836/1054
f 1043/1492/1354 1063/1491/1353 1064/1505/1368
f 65/952/1208 68/943/1208 56/947/1208
f 1195/598/542 1198/25/544 1215/824/23
f 483/1047/119 487/1014/1172 486/523/1097
f 437/957/1082 447/1586/796 450/109/100
f 492/852/1170 495/1543/1374 452/631/436
f 450/55/100 446/1573/444 443/531/1016
f 488/129/118 495/1543/1374 492/852/1170
f 895/168/829 889/49/112 888/127/793
f 1060/540/900 1062/1587/1410 1042/1514/1352
f 304/1351/1274 321/325/325 322/277/273
f 516/1456/344 501/342/343 533/344/23
f 716/1369/1008 700/487/531 718/1319/23
f 1109/1330/719 1093/602/1098 1111/1470/23
f 1274/214/857 1273/251/1074 1271/985/867
f 1572/1195/264 1580/1575/174 1583/779/976
f 291/1518/1129 294/677/834 260/676/833
f 887/1281/791 890/387/410 865/1519/665
f 149/55/246 145/1577/167 142/531/219
f 97/103/94 91/258/892 90/319/316
f 1095/1262/1362 1112/9/1361 1113/1524/1375
f 1044/1506/1369 1064/1505/1368 1065/331/957
f 257/536/1260 274/286/285 275/1347/1269
f 1244/1262/1321 1260/9/1320 1261/792/1026
f 262/1331/1262 277/93/180 278/816/1376
f 1154/666/1372 1168/788/988 1169/1525/1377
f 1146/1262/1378 1163/9/1379 1164/792/997
f 314/936/1208 299/1025/1208 304/1018/1208
f 1174/1294/23 1160/797/308 1144/602/712
f 1170/1527/576 1156/1381/1204 1180/796/923
f 1326/214/534 1325/251/492 1323/1087/795
f 38/941/365 47/1575/643 50/41/36
f 338/1354/406 341/890/1147 316/1216/296
f 298/552/162 294/1573/834 291/225/1129
f 737/528/591 744/808/1009 741/807/868
f 147/168/97 140/783/218 138/179/116
f 1145/1498/1365 1162/768/961 1163/1531/1379
f 1054/1380/1370 1071/451/993 1072/741/934
f 1357/1049/1208 1345/1052/1208 1349/1021/1208
f 357/294/252 360/45/40 376/755/23
f 884/40/788 883/212/828 881/1079/172
f 685/941/596 695/1575/595 698/417/1045
f 594/1471/984 597/1504/1367 552/351/862
f 993/55/757 989/1573/367 986/531/593
f 1207/1533/1381 1222/1588/1382 1223/838/1064
f 1206/1415/1316 1221/1414/1315 1222/140/1382
f 1202/1263/1371 1218/157/1061 1219/324/1383
f 1417/1508/1232 1399/827/503 1429/204/505
f 476/1321/23 458/402/432 461/496/538
f 1374/348/1183 1373/251/1042 1371/939/509
f 234/999/221 244/1584/220 247/605/246
f 937/809/1010 909/260/575 905/25/24
f 698/552/1045 694/1573/598 691/531/1053
f 88/528/1168 95/1221/1221 92/1296/893
f 1385/869/1043 1379/49/917 1378/43/921
f 264/1230/1257 279/3/1256 280/1231/1385
f 1254/1086/1208 1258/925/1208 1245/962/1208
f 1294/1538/1386 1312/1544/1390 1313/397/1059
f 154/1287/1245 172/1286/1244 173/1539/1387
f 1054/1044/1208 1059/1049/1208 1044/1139/1208
f 202/598/628 205/245/242 221/1269/23
f 1267/1210/1220 1253/670/253 1278/203/255
f 1393/881/249 1395/829/1041 1412/1249/23
f 655/461/39 657/829/636 673/1365/23
f 37/348/534 36/251/29 34/939/1014
f 589/1073/986 598/1580/985 601/717/259
f 1234/1223/1081 1237/726/896 1203/570/669
f 1483/836/1054 1486/1255/1235 1441/117/25
f 489/1227/586 492/852/1170 467/1510/884
f 39/221/317 46/1482/1239 43/763/363
f 1437/103/206 1430/900/953 1428/255/248
f 1293/8/1389 1311/396/1402 1312/1544/1390
f 1401/1545/1391 1417/1556/1399 1418/1546/1392
f 851/1262/1276 869/9/1275 870/561/810
f 1500/1190/1208 1505/936/1208 1509/1187/1208
f 237/1458/168 213/863/108 228/1265/1281
f 775/1315/23 758/242/314 763/624/751
f 784/40/304 783/212/713 781/1036/263
f 538/941/221 547/1575/643 550/308/36
f 890/1371/410 893/1446/1300 850/382/407
f 540/1477/42 543/428/363 516/1297/344
f 933/273/269 905/1576/24 902/218/211
f 1427/721/890 1434/501/541 1431/500/540
f 48/36/30 42/49/362 41/43/952
f 1402/1547/1393 1418/1546/1392 1419/1550/1395
f 1396/1552/1273 1413/1589/1407 1414/1553/1397
f 1400/1555/1279 1416/1590/1278 1417/1556/1399
f 1397/1554/1398 1414/1553/1397 1415/747/1400
f 801/1196/1343 820/1464/1342 821/4/1355
f 634/1079/217 638/1080/760 637/348/1126
f 1347/642/783 1350/372/395 1365/755/23
f 972/729/908 955/1453/588 983/204/198
f 1177/780/977 1176/251/159 1175/971/839
f 336/987/1149 345/1575/1148 348/41/394
f 1135/1518/463 1138/186/177 1105/302/297
f 798/552/305 794/1577/1101 791/225/1186
f 337/181/408 344/1356/1322 341/890/1147
f 548/493/97 542/258/251 541/525/952
f 413/1331/1358 428/334/484 429/816/1401
f 754/1451/1337 771/814/1020 772/1448/1332
f 1308/989/1208 1294/1171/1208 1298/1094/1208
f 1521/1507/1373 1504/459/453 1507/460/452
f 54/100/353 58/116/1099 74/1365/23
f 335/40/393 334/251/347 332/1026/409
f 1079/1014/221 1088/1575/643 1091/215/535
f 986/1223/593 989/363/367 955/526/588
f 43/763/363 46/1482/1239 2/843/486
f 89/1345/499 92/700/893 66/1297/488
f 1583/1304/976 1579/1577/918 1575/1305/269
f 1276/469/866 1283/574/679 1280/573/266
f 1337/493/97 1331/258/251 1330/431/980
f 1291/1408/1394 1309/235/1032 1311/4/1402
f 556/1407/1308 574/557/1307 575/1496/1359
f 1502/914/1189 1518/913/1188 1519/389/1403
f 1493/1262/1174 1512/9/1173 1513/289/1181
f 1503/1563/1404 1519/1591/1403 1520/775/972
f 514/1057/1208 519/1049/1208 505/1052/1208
f 1517/1321/23 1498/1323/355 1501/376/1005
f 328/248/23 313/596/710 316/299/296
f 530/248/23 513/247/243 516/1456/344
f 1208/97/1040 1222/1566/23 1221/547/576
f 487/1014/1172 496/1575/1171 499/109/837
f 142/1223/219 145/275/167 112/1381/865
f 1329/1227/50 1332/852/1104 1306/1426/1095
f 188/875/1132 158/1592/1125 155/218/711
f 1080/129/642 1087/1560/1239 1084/852/1104
f 1488/415/915 1482/258/587 1481/431/457
f 1472/1568/1405 1473/861/1124 1459/238/1258
f 270/289/291 271/1579/1406 253/1328/1259
f 178/1534/1281 162/867/715 187/203/197
f 562/113/1048 564/549/1299 580/732/23
f 1025/214/208 1024/251/911 1023/985/955
f 1375/941/555 1384/1580/554 1387/41/1012
f 543/1434/363 546/1274/1239 501/870/343
f 196/1569/1203 192/1573/691 188/1561/1132
f 1376/469/508 1383/1567/1264 1380/1326/553
f 747/493/97 740/258/218 738/127/116
f 1556/1194/1208 1543/1121/1208 1548/965/1208
g MultipleDynamites_LOD_1_Mesh
v -0.558309 0.005186 -0.649842
v -0.573786 1.005885 -0.568694
v -0.516642 0.005186 -0.618619
v -0.495651 0.005186 -0.568951
v -0.518002 0.005186 -0.502112
v -0.579464 1.005879 -0.550721
v -0.571968 0.005186 -0.472754
v -0.598179 1.005882 -0.551819
v -0.633188 0.005186 -0.482556
v -0.679570 0.005186 -0.547043
v -0.596164 1.005880 -0.575367
v -0.661966 0.005186 -0.614991
v -0.620261 0.005186 -0.647512
v -0.589775 1.005878 -0.653576
v -0.538800 1.005878 -0.639487
v -0.500179 1.005878 -0.591714
v -0.505107 1.005878 -0.521410
v -0.550565 1.005878 -0.479247
v -0.611746 1.005878 -0.473675
v -0.672649 1.005878 -0.524228
v -0.672510 1.005878 -0.595265
v -0.639988 1.005878 -0.636968
v -0.562898 1.194537 -0.585889
v -0.567783 1.208357 -0.575851
v -0.582221 1.195799 -0.587185
v -0.599934 1.041283 -0.563966
v -0.579628 1.042895 -0.559392
v -0.598188 1.050568 -0.582445
v -0.575867 1.049147 -0.580236
v -0.590829 1.153570 -0.570726
v -0.564901 1.154972 -0.567103
v -0.579500 1.152185 -0.558991
v -0.312438 0.005186 -0.050762
v -0.301604 0.005186 0.018586
v -0.379655 1.005886 0.010138
v -0.340015 0.005186 0.078341
v -0.409364 0.005186 0.089178
v -0.398403 1.005880 0.012068
v -0.469124 0.005186 0.050763
v -0.404831 1.005883 -0.005545
v -0.479957 0.005186 -0.018585
v -0.443609 0.005186 -0.076423
v -0.382420 1.005881 -0.013048
v -0.374371 0.005186 -0.089886
v -0.299763 1.005879 -0.003705
v -0.317101 1.005879 0.055233
v -0.377739 1.005879 0.091156
v -0.438267 1.005879 0.077737
v -0.481412 1.005879 0.022373
v -0.464461 1.005879 -0.055232
v -0.395042 1.005879 -0.093254
v -0.322234 1.005879 -0.061487
v -0.359550 1.194536 0.013300
v -0.370702 1.208359 0.012805
v -0.366035 1.195798 -0.004947
v -0.394381 1.041281 -0.011981
v -0.390513 1.042896 0.008472
v -0.376729 1.050568 -0.017718
v -0.369890 1.049151 0.003644
v -0.384561 1.153567 -0.006309
v -0.377585 1.154973 0.018925
v -0.390830 1.152185 0.008748
v -0.212416 0.005186 -0.084504
v -0.184227 1.005889 -0.004238
v -0.151196 0.005186 -0.074702
v -0.104814 0.005186 -0.010215
v -0.122418 0.005186 0.057733
v -0.190308 1.005881 0.018309
v -0.164123 0.005186 0.090254
v -0.226076 0.005186 0.092584
v -0.210533 1.005911 0.011500
v -0.279276 0.005186 0.046356
v -0.286660 0.005186 -0.005185
v -0.266382 0.005186 -0.055146
v -0.205113 1.005879 -0.006337
v -0.172638 1.005879 -0.083584
v -0.111735 1.005879 -0.033031
v -0.111874 1.005879 0.038007
v -0.144396 1.005879 0.079710
v -0.194609 1.005879 0.096318
v -0.245584 1.005879 0.082229
v -0.284205 1.005879 0.034456
v -0.279277 1.005879 -0.035848
v -0.233819 1.005879 -0.078011
v -0.172264 1.194538 -0.018126
v -0.177148 1.208358 -0.008087
v -0.191588 1.195789 -0.019420
v -0.185639 1.043956 0.003835
v -0.207554 1.050568 -0.014681
v -0.202123 1.041823 0.009496
v -0.185232 1.049152 -0.012472
v -0.200194 1.153567 -0.002960
v -0.174265 1.154975 0.000659
v -0.188867 1.152186 0.008773
v 0.069060 0.005186 0.063120
v -0.007616 1.005889 0.021538
v 0.000594 0.005186 0.097563
v -0.066215 0.005186 0.075076
v -0.097889 0.005186 -0.000506
v -0.018446 1.005881 0.000848
v -0.060099 0.005186 -0.067184
v 0.001982 1.006153 -0.006732
v -0.001136 0.005186 -0.085316
v 0.058348 0.005186 -0.061071
v 0.085540 0.005186 -0.005980
v 0.009152 1.005879 0.008909
v 0.046335 1.005879 0.084108
v -0.017204 1.005879 0.095678
v -0.065729 1.005879 0.074531
v -0.098111 1.005879 0.005065
v -0.055863 1.005879 -0.072140
v 0.014326 1.005879 -0.083086
v 0.073360 1.005879 -0.045115
v 0.084306 1.005879 0.025075
v -0.006982 1.194536 0.039856
v -0.010204 1.208357 0.029168
v 0.008092 1.195798 0.027698
v -0.011970 1.043511 0.008851
v 0.015711 1.048271 0.009776
v 0.010555 1.051338 0.022832
v -0.005149 1.047619 0.025299
v 0.003246 1.153571 0.009765
v -0.018257 1.154975 0.024697
v -0.013034 1.152186 0.008831
v 0.238329 0.005186 -0.071041
v 0.212695 1.005889 0.004608
v 0.285046 0.005186 -0.018656
v 0.285186 0.005186 0.052384
v 0.206614 1.005881 0.027155
v 0.232800 0.005186 0.099100
v 0.161762 0.005186 0.099239
v 0.186389 1.005912 0.020347
v 0.111210 0.005186 0.038336
v 0.116782 0.005186 -0.022845
v 0.191808 1.005879 0.002509
v 0.158945 0.005186 -0.068303
v 0.206486 1.005879 -0.077759
v 0.269554 1.005879 -0.046300
v 0.291111 1.005879 0.011832
v 0.277021 1.005879 0.062810
v 0.229248 1.005879 0.101430
v 0.167293 1.005879 0.099100
v 0.120091 1.005879 0.059778
v 0.110289 1.005879 -0.001442
v 0.139647 1.005879 -0.055408
v 0.224657 1.194538 -0.009280
v 0.219773 1.208358 0.000759
v 0.205334 1.195788 -0.010575
v 0.211282 1.043957 0.012681
v 0.189367 1.050567 -0.005835
v 0.194799 1.041824 0.018342
v 0.211688 1.049152 -0.003626
v 0.196727 1.153567 0.005885
v 0.222656 1.154975 0.009505
v 0.208054 1.152186 0.017619
v 0.309690 0.005186 0.038222
v 0.382493 1.005889 -0.005787
v 0.305311 0.005186 -0.014483
v 0.344089 0.005186 -0.074001
v 0.413504 0.005186 -0.084410
v 0.405809 1.005881 -0.004446
v 0.466625 0.005186 -0.052435
v 0.485828 0.005186 0.015378
v 0.403279 1.005910 0.016744
v 0.463786 0.005186 0.062547
v 0.421844 0.005186 0.092177
v 0.351572 0.005186 0.086615
v 0.384710 1.005879 0.015085
v 0.305306 1.005879 -0.018731
v 0.311465 1.005879 0.042393
v 0.347923 1.005879 -0.074859
v 0.417752 1.005879 -0.084415
v 0.468321 1.005879 -0.048541
v 0.486577 1.005879 0.019235
v 0.431112 1.005879 0.090990
v 0.351910 1.005879 0.085968
v 0.366454 1.194537 -0.014658
v 0.377279 1.208357 -0.011930
v 0.369138 1.195787 0.004522
v 0.390685 1.043956 -0.006057
v 0.377043 1.050571 0.019182
v 0.399598 1.041824 0.008920
v 0.374639 1.049152 -0.003119
v 0.387009 1.153566 0.009581
v 0.385251 1.154974 -0.016541
v 0.396179 1.152187 -0.003908
v 0.676925 0.005186 0.031142
v 0.596729 1.005885 0.024110
v 0.646695 0.005186 0.082334
v 0.597543 0.005186 0.101970
v 0.542905 0.005186 0.092286
v 0.577976 1.005880 0.022212
v 0.503170 0.005186 0.045431
v 0.575240 1.005883 0.003665
v 0.500297 0.005186 -0.016502
v 0.553986 0.005186 -0.075047
v 0.598703 1.005881 0.000841
v 0.624093 0.005186 -0.071652
v 0.669917 0.005186 -0.029892
v 0.676927 1.005879 0.035390
v 0.639308 1.005879 0.087459
v 0.570556 1.005879 0.103209
v 0.513886 1.005879 0.065063
v 0.495969 1.005879 0.006300
v 0.521336 1.005879 -0.050274
v 0.584272 1.005879 -0.081348
v 0.663437 1.005879 -0.042890
v 0.615781 1.194537 0.031267
v 0.604959 1.208358 0.028530
v 0.613114 1.195798 0.012085
v 0.586774 1.041282 -0.000527
v 0.586431 1.042896 0.020285
v 0.605222 1.050570 -0.002582
v 0.607606 1.049152 0.019721
v 0.595246 1.153569 0.007011
v 0.596981 1.154973 0.033133
v 0.586065 1.152185 0.020492
v 0.820856 0.005186 -0.072015
v 0.797636 1.005885 0.005068
v 0.866315 0.005186 -0.029851
v 0.873698 0.005186 0.021690
v 0.853420 0.005186 0.071650
v 0.791958 1.005880 0.023040
v 0.799454 0.005186 0.101008
v 0.773242 1.005883 0.021942
v 0.738234 0.005186 0.091206
v 0.691852 0.005186 0.026718
v 0.775257 1.005881 -0.001604
v 0.709456 0.005186 -0.041228
v 0.759673 0.005186 -0.077585
v 0.825015 1.005879 -0.071151
v 0.871243 1.005879 -0.017952
v 0.866315 1.005879 0.052352
v 0.820857 1.005879 0.094515
v 0.759676 1.005879 0.100087
v 0.709456 1.005879 0.063729
v 0.691852 1.005879 -0.004217
v 0.745628 1.005879 -0.073889
v 0.808524 1.194536 -0.012128
v 0.803640 1.208357 -0.002089
v 0.789201 1.195798 -0.013423
v 0.771488 1.041282 0.009796
v 0.791794 1.042895 0.014370
v 0.773234 1.050571 -0.008684
v 0.795555 1.049152 -0.006475
v 0.780594 1.153569 0.003037
v 0.806521 1.154973 0.006659
v 0.791922 1.152185 0.014771
v 0.703877 0.005186 -0.130836
v 0.769418 1.005889 -0.185073
v 0.691796 0.005186 -0.182324
v 0.721401 0.005186 -0.246897
v 0.788531 0.005186 -0.267400
v 0.792677 1.005881 -0.187174
v 0.853106 0.005186 -0.237795
v 0.872787 0.005186 -0.152013
v 0.793292 1.005910 -0.165844
v 0.822746 0.005186 -0.093960
v 0.752420 0.005186 -0.089127
v 0.774681 1.005879 -0.164752
v 0.701021 1.005879 -0.133979
v 0.693621 1.005879 -0.195535
v 0.725067 1.005879 -0.248310
v 0.792731 1.005879 -0.268030
v 0.854518 1.005879 -0.234129
v 0.874238 1.005879 -0.166464
v 0.831740 1.005879 -0.096497
v 0.752660 1.005879 -0.089817
v 0.752249 1.194537 -0.191489
v 0.763358 1.208357 -0.190381
v 0.757723 1.195798 -0.172912
v 0.777481 1.043956 -0.186543
v 0.767699 1.050569 -0.159573
v 0.788500 1.041823 -0.173040
v 0.762042 1.049154 -0.181278
v 0.776145 1.153566 -0.170535
v 0.770563 1.154976 -0.196115
v 0.783231 1.152186 -0.185226
v 0.532580 0.005186 -0.092780
v 0.569912 1.005886 -0.166474
v 0.497359 0.005186 -0.143117
v 0.503187 0.005186 -0.213917
v 0.580342 1.005880 -0.182173
v 0.574401 0.005186 -0.260938
v 0.598023 1.005883 -0.175939
v 0.641777 0.005186 -0.240057
v 0.675369 0.005186 -0.185308
v 0.656028 0.005186 -0.108264
v 0.589569 1.005881 -0.153869
v 0.592759 0.005186 -0.077872
v 0.542176 1.005879 -0.086073
v 0.495336 1.005879 -0.146851
v 0.503628 1.005879 -0.210548
v 0.556591 1.005879 -0.257133
v 0.624586 1.005879 -0.250568
v 0.672865 1.005879 -0.199615
v 0.663467 1.005879 -0.120738
v 0.612565 1.005879 -0.081564
v 0.554690 1.194538 -0.152965
v 0.562163 1.208357 -0.161259
v 0.572901 1.195788 -0.146371
v 0.596348 1.041282 -0.163781
v 0.578101 1.042897 -0.173797
v 0.589556 1.050567 -0.146507
v 0.568718 1.049148 -0.154808
v 0.585727 1.153569 -0.159806
v 0.561813 1.154974 -0.170461
v 0.578089 1.152186 -0.174216
v 0.382891 0.005186 -0.271376
v 0.457281 0.005186 -0.243526
v 0.403052 1.005886 -0.185701
v 0.479425 0.005186 -0.186794
v 0.465364 0.005186 -0.125360
v 0.397374 1.005880 -0.167728
v 0.386540 0.005186 -0.086209
v 0.378659 1.005884 -0.168826
v 0.323332 0.005186 -0.116730
v 0.297471 0.005186 -0.173079
v 0.380674 1.005881 -0.192374
v 0.319822 0.005186 -0.239919
v 0.395768 1.005879 -0.271376
v 0.452117 1.005879 -0.245515
v 0.482638 1.005879 -0.182307
v 0.443487 1.005879 -0.103483
v 0.382053 1.005879 -0.089422
v 0.325321 1.005879 -0.111566
v 0.297471 1.005879 -0.185957
v 0.328928 1.005879 -0.249025
v 0.413940 1.194537 -0.202896
v 0.409055 1.208357 -0.192858
v 0.393630 1.200118 -0.200710
v 0.400215 1.192050 -0.206181
v 0.376903 1.041284 -0.180974
v 0.397209 1.042895 -0.176398
v 0.378650 1.050568 -0.199453
v 0.400971 1.049145 -0.197242
v 0.386009 1.153570 -0.187733
v 0.411938 1.154974 -0.184112
v 0.397337 1.152185 -0.175998
v 0.113435 0.005186 -0.189795
v 0.196028 1.005886 -0.188098
v 0.150119 0.005186 -0.249972
v 0.209271 0.005186 -0.266565
v 0.214695 1.005880 -0.185506
v 0.266767 0.005186 -0.243365
v 0.294581 0.005186 -0.188588
v 0.216743 1.005883 -0.166869
v 0.286600 0.005186 -0.136306
v 0.245347 0.005186 -0.093503
v 0.175073 0.005186 -0.087916
v 0.193190 1.005881 -0.164920
v 0.126087 0.005186 -0.129102
v 0.115139 1.005879 -0.193687
v 0.146017 1.005879 -0.246796
v 0.222496 1.005879 -0.267186
v 0.285639 1.005879 -0.218989
v 0.293698 1.005879 -0.157516
v 0.262818 1.005879 -0.104405
v 0.186338 1.005879 -0.084018
v 0.123197 1.005879 -0.132215
v 0.177256 1.194538 -0.195959
v 0.187969 1.208358 -0.192820
v 0.179207 1.195799 -0.176692
v 0.205061 1.041281 -0.163108
v 0.206177 1.042896 -0.183893
v 0.186550 1.050568 -0.161741
v 0.184997 1.049149 -0.184117
v 0.196874 1.153570 -0.170956
v 0.196110 1.154974 -0.197125
v 0.206550 1.152186 -0.184085
v -0.040628 0.005186 -0.250773
v 0.013189 1.005885 -0.190901
v 0.028353 0.005186 -0.267751
v 0.097114 0.005186 -0.212818
v 0.025994 1.005875 -0.171609
v 0.096124 0.005186 -0.142634
v 0.050559 0.005186 -0.091737
v 0.003860 1.005912 -0.162890
v -0.011191 0.005186 -0.088259
v -0.058960 0.005186 -0.116495
v -0.080443 0.005186 -0.192966
v -0.037730 1.005879 -0.253878
v 0.023011 1.005879 -0.266305
v 0.071238 1.005879 -0.244598
v 0.104450 1.005879 -0.182762
v 0.068726 1.005879 -0.102327
v -0.009046 1.005879 -0.086165
v -0.060786 1.005879 -0.120331
v -0.081295 1.005879 -0.187456
v 0.004148 1.194538 -0.209134
v 0.010190 1.208357 -0.199747
v -0.004530 1.200118 -0.190643
v -0.005787 1.192051 -0.199111
v 0.011482 1.045753 -0.192501
v -0.011235 1.050570 -0.177187
v 0.015519 1.041939 -0.172491
v -0.000503 1.006094 -0.187050
v 0.002602 1.153568 -0.177391
v 0.019162 1.154974 -0.197669
v 0.018514 1.152185 -0.180978
v -0.129470 0.005186 -0.240687
v -0.186900 1.005889 -0.175037
v -0.111047 0.005186 -0.163712
v -0.143089 0.005186 -0.111296
v -0.201002 0.005186 -0.089159
v -0.209466 1.005881 -0.169024
v -0.273422 0.005186 -0.121795
v -0.292170 0.005186 -0.189436
v -0.213687 1.005911 -0.189943
v -0.260892 0.005186 -0.253218
v -0.193251 0.005186 -0.271964
v -0.195530 1.005879 -0.194172
v -0.113994 1.005879 -0.213901
v -0.116296 1.005879 -0.150916
v -0.145702 1.005879 -0.107948
v -0.222875 1.005879 -0.090383
v -0.288898 1.005879 -0.148581
v -0.284134 1.005879 -0.219460
v -0.234107 1.005879 -0.268692
v -0.163228 1.005879 -0.263929
v -0.168892 1.194535 -0.171626
v -0.180027 1.208358 -0.170834
v -0.177436 1.195798 -0.189005
v -0.194597 1.043956 -0.172222
v -0.189527 1.050569 -0.200460
v -0.207745 1.041824 -0.183662
v -0.180274 1.049152 -0.180027
v -0.195994 1.153569 -0.188225
v -0.186160 1.154973 -0.163962
v -0.200488 1.152185 -0.172546
v -0.391530 0.005186 -0.280291
v -0.381671 1.005889 -0.196474
v -0.328322 0.005186 -0.249770
v -0.302461 0.005186 -0.193421
v -0.324812 0.005186 -0.126581
v -0.387752 1.005881 -0.173926
v -0.387881 0.005186 -0.095124
v -0.462271 0.005186 -0.122974
v -0.407976 1.005910 -0.180734
v -0.484415 0.005186 -0.179706
v -0.470354 0.005186 -0.241140
v -0.402558 1.005879 -0.198572
v -0.387043 1.005879 -0.277078
v -0.330311 1.005879 -0.254934
v -0.302461 1.005879 -0.180544
v -0.333918 1.005879 -0.117475
v -0.400758 1.005879 -0.095124
v -0.457107 1.005879 -0.120985
v -0.487628 1.005879 -0.184193
v -0.448477 1.005879 -0.263017
v -0.369708 1.194537 -0.210360
v -0.374592 1.208356 -0.200321
v -0.389030 1.195798 -0.211656
v -0.383083 1.043956 -0.188400
v -0.404998 1.050569 -0.206916
v -0.399567 1.041823 -0.182739
v -0.382677 1.049154 -0.204708
v -0.397638 1.153567 -0.195196
v -0.371709 1.154976 -0.191576
v -0.386310 1.152186 -0.183462
v -0.324764 0.005186 -0.312328
v -0.391682 1.005889 -0.364853
v -0.372511 0.005186 -0.289586
v -0.433507 0.005186 -0.300700
v -0.475459 0.005186 -0.357334
v -0.398677 1.005881 -0.387136
v -0.465078 0.005186 -0.427041
v -0.408444 0.005186 -0.468993
v -0.377963 1.005910 -0.392266
v -0.330343 0.005186 -0.454511
v -0.292893 0.005186 -0.374866
v -0.372945 1.005879 -0.374311
v -0.350973 1.005879 -0.295617
v -0.421121 1.005879 -0.293114
v -0.477523 1.005879 -0.360676
v -0.462036 1.005879 -0.430006
v -0.405101 1.005879 -0.471058
v -0.335774 1.005879 -0.455571
v -0.302083 1.005879 -0.414805
v -0.299579 1.005879 -0.344658
v -0.394306 1.194537 -0.346713
v -0.395584 1.208357 -0.357803
v -0.377316 1.195798 -0.356008
v -0.394833 1.043957 -0.372418
v -0.366401 1.050570 -0.368589
v -0.383978 1.041824 -0.386055
v -0.386408 1.049154 -0.358451
v -0.378906 1.153566 -0.374514
v -0.402717 1.154976 -0.363626
v -0.394767 1.152186 -0.378319
v -0.130275 0.005186 -0.314645
v -0.194489 1.005886 -0.366616
v -0.196147 0.005186 -0.289589
v -0.260442 0.005186 -0.318447
v -0.207649 1.005880 -0.380109
v -0.286033 0.005186 -0.393647
v -0.197843 1.005883 -0.396087
v -0.234900 0.005186 -0.465280
v -0.164765 0.005186 -0.468089
v -0.121568 0.005186 -0.437577
v -0.178039 1.005881 -0.383190
v -0.101413 0.005186 -0.378944
v -0.126602 1.005879 -0.318310
v -0.199924 1.005879 -0.288506
v -0.268603 1.005879 -0.328412
v -0.284300 1.005879 -0.388392
v -0.264032 1.005879 -0.439668
v -0.219741 1.005879 -0.468594
v -0.160543 1.005879 -0.467632
v -0.114170 1.005879 -0.426481
v -0.102616 1.005879 -0.374870
v -0.184474 1.194536 -0.348898
v -0.191016 1.208358 -0.357944
v -0.174206 1.195797 -0.365317
v -0.186308 1.041283 -0.391897
v -0.199929 1.042896 -0.376160
v -0.170843 1.050570 -0.381630
v -0.183332 1.049155 -0.362999
v -0.184648 1.153566 -0.380679
v -0.200086 1.154976 -0.359533
v -0.200343 1.152185 -0.376236
v -0.052733 0.005186 -0.451926
v 0.004009 1.005886 -0.391778
v 0.015835 0.005186 -0.466922
v 0.070964 0.005186 -0.438546
v 0.016882 1.005880 -0.378011
v 0.094963 0.005186 -0.362825
v 0.006742 1.005883 -0.362242
v 0.042334 0.005186 -0.292285
v -0.027845 0.005186 -0.290954
v -0.070390 0.005186 -0.322368
v -0.012787 1.005881 -0.375554
v -0.089306 0.005186 -0.381412
v -0.057120 1.005879 -0.448485
v 0.003066 1.005879 -0.467175
v 0.053350 1.005879 -0.453663
v 0.089757 1.005879 -0.403477
v 0.085331 1.005879 -0.333425
v 0.012536 1.005879 -0.283959
v -0.054927 1.005879 -0.306207
v -0.090166 1.005879 -0.366913
v -0.005630 1.194536 -0.409703
v 0.000720 1.208357 -0.400521
v -0.016242 1.195797 -0.393503
v -0.004703 1.041283 -0.366674
v 0.009247 1.042896 -0.382122
v -0.019948 1.050569 -0.377264
v -0.007070 1.049155 -0.395630
v -0.006126 1.153566 -0.377925
v 0.009754 1.154976 -0.398741
v 0.009659 1.152185 -0.382037
v 0.192475 0.005186 -0.457946
v 0.220590 1.005889 -0.375376
v 0.260422 0.005186 -0.440341
v 0.300003 0.005186 -0.381353
v 0.282398 0.005186 -0.313405
v 0.214509 1.005881 -0.352829
v 0.223409 0.005186 -0.273824
v 0.155461 0.005186 -0.291429
v 0.194359 1.006153 -0.361121
v 0.115881 0.005186 -0.350417
v 0.133486 0.005186 -0.418365
v 0.199703 1.005879 -0.377475
v 0.223409 1.005879 -0.457946
v 0.282398 1.005879 -0.418365
v 0.300003 1.005879 -0.350417
v 0.260422 1.005879 -0.291429
v 0.192475 1.005879 -0.273824
v 0.133486 1.005879 -0.313405
v 0.115881 1.005879 -0.381353
v 0.155461 1.005879 -0.440341
v 0.232553 1.194536 -0.389264
v 0.227668 1.208358 -0.379225
v 0.213230 1.195798 -0.390559
v 0.215182 1.043512 -0.363103
v 0.195474 1.048272 -0.382562
v 0.208120 1.051337 -0.388656
v 0.221330 1.047616 -0.379813
v 0.204624 1.153573 -0.374098
v 0.230552 1.154976 -0.370479
v 0.215950 1.152186 -0.362365
v 0.491042 0.005186 -0.386958
v 0.415233 1.005889 -0.349521
v 0.484586 0.005186 -0.316778
v 0.438775 0.005186 -0.275845
v 0.376935 0.005186 -0.271371
v 0.391893 1.005881 -0.350278
v 0.327853 0.005186 -0.308318
v 0.311401 0.005186 -0.368093
v 0.393891 1.005911 -0.371526
v 0.332257 0.005186 -0.415802
v 0.375801 0.005186 -0.447605
v 0.445980 0.005186 -0.441149
v 0.412495 1.005879 -0.370332
v 0.492721 1.005879 -0.338515
v 0.444308 1.005879 -0.275898
v 0.373306 1.005879 -0.273576
v 0.324772 1.005879 -0.311242
v 0.312856 1.005879 -0.372085
v 0.346337 1.005879 -0.433773
v 0.415524 1.005879 -0.449901
v 0.477213 1.005879 -0.416418
v 0.431490 1.194539 -0.341055
v 0.420600 1.208358 -0.343512
v 0.428326 1.195789 -0.360162
v 0.407051 1.043956 -0.349048
v 0.420058 1.050569 -0.374619
v 0.397766 1.041824 -0.363796
v 0.423017 1.049150 -0.352385
v 0.410334 1.153569 -0.364772
v 0.412744 1.154973 -0.338703
v 0.401505 1.152186 -0.351060
v 0.686464 0.005186 -0.370038
v 0.601556 1.005889 -0.350066
v 0.662350 0.005186 -0.304119
v 0.599800 0.005186 -0.270448
v 0.533880 0.005186 -0.294562
v 0.579705 1.005881 -0.358306
v 0.500210 0.005186 -0.357112
v 0.524323 0.005186 -0.423031
v 0.589913 1.006153 -0.377556
v 0.586874 0.005186 -0.456702
v 0.652793 0.005186 -0.432589
v 0.605672 1.005879 -0.370650
v 0.683463 1.005879 -0.339249
v 0.638346 1.005879 -0.284379
v 0.569012 1.005879 -0.273449
v 0.514141 1.005879 -0.318566
v 0.503211 1.005879 -0.387901
v 0.548327 1.005879 -0.442771
v 0.617663 1.005879 -0.453701
v 0.672534 1.005879 -0.408584
v 0.614218 1.194536 -0.336812
v 0.604701 1.208358 -0.342648
v 0.617382 1.195798 -0.355918
v 0.589865 1.043511 -0.356640
v 0.611145 1.048272 -0.374367
v 0.615983 1.051337 -0.361189
v 0.605900 1.047615 -0.348899
v 0.601833 1.153573 -0.366081
v 0.595716 1.154976 -0.340626
v 0.589057 1.152186 -0.355947
v 0.835106 0.005186 -0.628879
v 0.810545 1.005886 -0.549922
v 0.885658 0.005186 -0.567979
v 0.880088 0.005186 -0.506796
v 0.804869 1.005880 -0.531951
v 0.837924 0.005186 -0.461337
v 0.767620 0.005186 -0.456409
v 0.786153 1.005883 -0.533047
v 0.714421 0.005186 -0.502637
v 0.709493 0.005186 -0.572945
v 0.788168 1.005881 -0.556595
v 0.755722 0.005186 -0.626141
v 0.837924 1.005879 -0.626141
v 0.884152 1.005879 -0.572944
v 0.879224 1.005879 -0.502638
v 0.826025 1.005879 -0.456409
v 0.755722 1.005879 -0.461337
v 0.713557 1.005879 -0.506796
v 0.709549 1.005879 -0.576874
v 0.767622 1.005879 -0.631070
v 0.821434 1.194538 -0.567117
v 0.816548 1.208357 -0.557079
v 0.802110 1.195788 -0.568413
v 0.784397 1.041283 -0.545194
v 0.804704 1.042896 -0.540620
v 0.786143 1.050568 -0.563673
v 0.808465 1.049150 -0.561464
v 0.793503 1.153567 -0.551954
v 0.819433 1.154976 -0.548334
v 0.804830 1.152186 -0.540219
v 0.503060 0.005186 -0.535330
v 0.584109 1.005889 -0.558855
v 0.526478 0.005186 -0.608307
v 0.598458 0.005186 -0.641730
v 0.607352 1.005881 -0.556570
v 0.670064 0.005186 -0.602053
v 0.686502 0.005186 -0.533518
v 0.603965 1.005910 -0.535501
v 0.642605 0.005186 -0.467316
v 0.554656 0.005186 -0.464029
v 0.585478 1.005879 -0.537911
v 0.504463 1.005879 -0.548494
v 0.525928 1.005879 -0.608788
v 0.589391 1.005879 -0.639472
v 0.639226 1.005879 -0.627084
v 0.676884 1.005879 -0.591130
v 0.683600 1.005879 -0.520972
v 0.643947 1.005879 -0.470439
v 0.574620 1.005879 -0.457428
v 0.519510 1.005879 -0.497793
v 0.568444 1.194537 -0.568370
v 0.579149 1.208356 -0.565205
v 0.570346 1.195797 -0.549098
v 0.592305 1.043956 -0.558793
v 0.577651 1.050570 -0.534128
v 0.600604 1.041823 -0.543467
v 0.576154 1.049151 -0.556508
v 0.587999 1.153567 -0.543317
v 0.587301 1.154974 -0.569488
v 0.597708 1.152186 -0.556423
v 0.420353 0.005186 -0.644057
v 0.421396 1.005889 -0.562200
v 0.487882 0.005186 -0.602229
v 0.496080 0.005186 -0.523506
v 0.415315 1.005881 -0.539651
v 0.464857 0.005186 -0.481840
v 0.415188 0.005186 -0.460850
v 0.356270 0.005186 -0.478250
v 0.395166 1.006133 -0.547940
v 0.316688 0.005186 -0.537240
v 0.344742 0.005186 -0.620661
v 0.400510 1.005879 -0.564298
v 0.441880 1.005879 -0.639982
v 0.496080 1.005879 -0.581909
v 0.493750 1.005879 -0.519954
v 0.461228 1.005879 -0.478251
v 0.411016 1.005879 -0.461643
v 0.360038 1.005879 -0.475733
v 0.321418 1.005879 -0.523506
v 0.323748 1.005879 -0.585461
v 0.363070 1.005879 -0.632663
v 0.433360 1.194538 -0.576087
v 0.428475 1.208356 -0.566047
v 0.414038 1.195799 -0.577382
v 0.415989 1.043511 -0.549926
v 0.396281 1.048271 -0.569385
v 0.408927 1.051338 -0.575478
v 0.422137 1.047617 -0.566635
v 0.405430 1.153571 -0.560921
v 0.431359 1.154976 -0.557302
v 0.416758 1.152187 -0.549188
v 0.118919 0.005186 -0.556503
v 0.198752 1.005889 -0.559050
v 0.158204 0.005186 -0.625216
v 0.226789 0.005186 -0.641439
v 0.221999 1.005881 -0.561270
v 0.280176 0.005186 -0.611041
v 0.304103 0.005186 -0.553846
v 0.222722 1.005911 -0.539940
v 0.284708 0.005186 -0.495557
v 0.235703 0.005186 -0.461897
v 0.157323 0.005186 -0.474341
v 0.204117 1.005879 -0.538756
v 0.120446 1.005879 -0.532709
v 0.141243 1.005879 -0.609373
v 0.206155 1.005879 -0.642813
v 0.279973 1.005879 -0.613955
v 0.303168 1.005879 -0.549702
v 0.287353 1.005879 -0.499236
v 0.235891 1.005879 -0.461191
v 0.166106 1.005879 -0.471153
v 0.181550 1.194536 -0.565377
v 0.192663 1.208359 -0.564327
v 0.187118 1.195799 -0.546829
v 0.206806 1.043956 -0.560561
v 0.197161 1.050569 -0.533542
v 0.217894 1.041824 -0.547114
v 0.191396 1.049148 -0.555218
v 0.205553 1.153569 -0.544546
v 0.199843 1.154974 -0.570096
v 0.212565 1.152185 -0.559272
v 0.048364 0.005186 -0.648873
v 0.016709 1.005889 -0.567595
v 0.089015 0.005186 -0.591654
v 0.087044 0.005186 -0.538805
v 0.043699 0.005186 -0.486007
v -0.002463 1.005881 -0.554259
v -0.026685 0.005186 -0.481375
v -0.083194 0.005186 -0.527988
v -0.013552 1.005912 -0.572492
v -0.079476 0.005186 -0.615921
v -0.022254 0.005186 -0.656573
v 0.002080 1.005879 -0.582650
v 0.057823 1.005879 -0.639611
v 0.087753 1.005879 -0.596007
v 0.086540 1.005879 -0.534587
v 0.044865 1.005879 -0.488685
v -0.006872 1.005879 -0.477718
v -0.070193 1.005879 -0.508000
v -0.089839 1.005879 -0.576266
v -0.059557 1.005879 -0.639589
v 0.008709 1.005879 -0.659236
v 0.034803 1.194535 -0.570518
v 0.024603 1.208359 -0.565982
v 0.020854 1.195798 -0.583951
v 0.010431 1.043956 -0.562328
v 0.005585 1.050569 -0.590605
v -0.005827 1.041824 -0.568609
v 0.021241 1.049150 -0.574542
v 0.003669 1.153570 -0.576898
v 0.021174 1.154973 -0.557432
v 0.004780 1.152186 -0.560627
v -0.173367 0.005186 -0.662429
v -0.188845 1.005886 -0.581281
v -0.115294 0.005186 -0.608233
v -0.119302 0.005186 -0.538155
v -0.194521 1.005880 -0.563310
v -0.161467 0.005186 -0.492696
v -0.231770 0.005186 -0.487768
v -0.213237 1.005883 -0.564406
v -0.289842 0.005186 -0.541967
v -0.285832 0.005186 -0.612044
v -0.211222 1.005881 -0.587954
v -0.243668 0.005186 -0.657500
v -0.169814 1.005879 -0.660099
v -0.117428 1.005879 -0.613384
v -0.120166 1.005879 -0.533997
v -0.173365 1.005879 -0.487768
v -0.243669 1.005879 -0.492696
v -0.293540 1.005879 -0.554159
v -0.279545 1.005879 -0.623806
v -0.231769 1.005879 -0.662429
v -0.177956 1.194537 -0.598476
v -0.182841 1.208357 -0.588438
v -0.197279 1.195798 -0.599773
v -0.214993 1.041283 -0.576553
v -0.194686 1.042896 -0.571979
v -0.213247 1.050568 -0.595032
v -0.190925 1.049147 -0.592822
v -0.205887 1.153568 -0.583313
v -0.179958 1.154973 -0.579691
v -0.194560 1.152185 -0.571578
v -0.298511 0.005186 -0.575119
v -0.324910 0.005186 -0.500201
v -0.383778 1.005885 -0.553295
v -0.381201 0.005186 -0.476958
v -0.442896 0.005186 -0.489821
v -0.401858 1.005880 -0.558622
v -0.479665 0.005186 -0.549611
v -0.401124 1.005883 -0.577355
v -0.467301 0.005186 -0.619564
v -0.389254 0.005186 -0.660242
v -0.377541 1.005881 -0.575798
v -0.325463 0.005186 -0.630955
v -0.298261 1.005879 -0.562244
v -0.323021 1.005879 -0.505402
v -0.385624 1.005879 -0.473658
v -0.465194 1.005879 -0.511268
v -0.478129 1.005879 -0.598324
v -0.412930 1.005879 -0.657444
v -0.327551 1.005879 -0.636078
v -0.366374 1.194537 -0.542744
v -0.376506 1.208357 -0.547432
v -0.365455 1.195797 -0.562088
v -0.389013 1.041286 -0.579346
v -0.393193 1.042895 -0.558955
v -0.370504 1.050570 -0.577960
v -0.372279 1.049149 -0.555600
v -0.382078 1.153567 -0.570374
v -0.385196 1.154973 -0.544380
v -0.393591 1.152185 -0.558820
v -0.675520 0.005186 -0.369885
v -0.599449 1.005889 -0.395675
v -0.670878 0.005186 -0.423603
v -0.627970 0.005186 -0.467571
v -0.557324 0.005186 -0.475015
v -0.576112 1.005881 -0.396515
v -0.505469 0.005186 -0.427713
v -0.496779 0.005186 -0.366323
v -0.576653 1.005910 -0.375180
v -0.537288 0.005186 -0.308653
v -0.597393 0.005186 -0.295931
v -0.595296 1.005879 -0.375099
v -0.653265 0.005186 -0.322814
v -0.677508 1.005879 -0.401360
v -0.669363 1.005879 -0.349935
v -0.633487 1.005879 -0.467140
v -0.554241 1.005879 -0.472581
v -0.507625 1.005879 -0.431698
v -0.495792 1.005879 -0.371417
v -0.532989 1.005879 -0.311556
v -0.586212 1.005879 -0.295837
v -0.637245 1.005879 -0.309868
v -0.616246 1.194539 -0.403011
v -0.605214 1.208359 -0.401303
v -0.611786 1.195799 -0.384165
v -0.591320 1.043956 -0.396707
v -0.602548 1.050568 -0.370306
v -0.581048 1.041824 -0.382627
v -0.607020 1.049151 -0.392286
v -0.593520 1.153569 -0.380794
v -0.597707 1.154974 -0.406638
v -0.585648 1.152186 -0.395079
v -0.653872 0.005186 -0.258991
v -0.591945 1.005886 -0.204315
v -0.596292 0.005186 -0.280411
v -0.529237 0.005186 -0.256954
v -0.579376 1.005880 -0.190272
v -0.501776 0.005186 -0.182720
v -0.533368 0.005186 -0.119721
v -0.589859 1.005883 -0.174728
v -0.609597 0.005186 -0.097383
v -0.667845 0.005186 -0.136550
v -0.609091 1.005881 -0.188464
v -0.685463 0.005186 -0.195994
v -0.650058 1.005879 -0.260860
v -0.583165 1.005879 -0.282122
v -0.516258 1.005879 -0.239302
v -0.503600 1.005879 -0.169971
v -0.543673 1.005879 -0.111997
v -0.621971 1.005879 -0.100415
v -0.679238 1.005879 -0.155461
v -0.680270 1.005879 -0.217457
v -0.601189 1.194537 -0.222447
v -0.595043 1.208357 -0.213127
v -0.612153 1.195798 -0.206484
v -0.601204 1.041279 -0.179408
v -0.586919 1.042896 -0.194548
v -0.616213 1.050568 -0.190329
v -0.602935 1.049148 -0.208407
v -0.602379 1.153567 -0.190688
v -0.586049 1.154975 -0.211151
v -0.586510 1.152186 -0.194452
v -0.665927 0.006116 0.058860
v -0.596433 1.004947 0.015132
v -0.682751 0.006116 -0.009283
v -0.649681 0.006116 -0.072154
v -0.588826 1.004944 -0.013405
v -0.574820 0.006116 -0.088579
v -0.515654 0.006116 -0.050253
v -0.578800 1.004981 0.008168
v -0.501841 0.006116 0.012236
v -0.533022 0.006116 0.073016
v -0.600827 0.006116 0.092449
v -0.640911 1.004948 0.079681
v -0.675016 1.004948 0.037915
v -0.683152 1.004948 -0.013513
v -0.652143 1.004948 -0.067199
v -0.595323 1.004948 -0.090557
v -0.536615 1.004948 -0.070617
v -0.502621 1.004948 -0.019446
v -0.518131 1.004948 0.058168
v -0.580690 1.004948 0.091827
v -0.624979 1.193253 0.010645
v -0.615970 1.207049 0.004052
v -0.608501 1.194513 0.020820
v -0.602003 1.042439 -0.003727
v -0.589065 1.047262 0.022047
v -0.603092 1.050322 0.021526
v -0.585367 1.041581 0.001869
v -0.606913 1.005050 0.002823
v -0.593199 1.152364 0.010288
v -0.614431 1.153766 -0.005028
v -0.597732 1.150982 -0.005378
v 0.770768 0.005186 -0.455636
v 0.798883 1.005889 -0.373066
v 0.838715 0.005186 -0.438031
v 0.878296 0.005186 -0.379042
v 0.860691 0.005186 -0.311094
v 0.792803 1.005881 -0.350519
v 0.801702 0.005186 -0.271514
v 0.733754 0.005186 -0.289119
v 0.772652 1.006153 -0.358811
v 0.694174 0.005186 -0.348108
v 0.711779 0.005186 -0.416056
v 0.777997 1.005879 -0.375165
v 0.801702 1.005879 -0.455636
v 0.860691 1.005879 -0.416055
v 0.878296 1.005879 -0.348108
v 0.838715 1.005879 -0.289119
v 0.770768 1.005879 -0.271514
v 0.711779 1.005879 -0.311094
v 0.694174 1.005879 -0.379042
v 0.733754 1.005879 -0.438031
v 0.810845 1.194536 -0.386954
v 0.805962 1.208358 -0.376915
v 0.791524 1.195798 -0.388249
v 0.793475 1.043512 -0.360793
v 0.773767 1.048272 -0.380252
v 0.786413 1.051337 -0.386346
v 0.799623 1.047615 -0.377503
v 0.782917 1.153572 -0.371788
v 0.808845 1.154975 -0.368169
v 0.794243 1.152186 -0.360055
vn -0.5788 0.0070 -0.8155
vn -0.8155 -0.0070 -0.5788
vn -0.9857 0.0072 -0.1685
vn 0.9056 0.0072 -0.4242
vn 0.5246 -0.0067 -0.8513
vn 0.2957 0.0059 -0.9553
vn -0.1166 0.0029 0.9932
vn 0.0692 -0.0064 0.9976
vn 0.5553 0.0066 0.8316
vn 0.9537 0.0053 -0.3008
vn 0.7874 -0.0040 -0.6164
vn 0.5484 0.0045 -0.8362
vn 0.4069 0.0050 0.9135
vn 0.7660 -0.0055 0.6428
vn 0.9019 0.0059 0.4320
vn -0.2798 0.9039 -0.3236
vn -0.0000 1.0000 -0.0001
vn -0.0001 1.0000 -0.0001
vn 0.1331 0.9451 0.2986
vn -0.0000 1.0000 -0.0000
vn 0.0001 1.0000 -0.0000
vn 0.3754 0.9042 -0.2039
vn 0.0001 1.0000 -0.0001
vn 0.7652 0.2651 -0.5867
vn 0.1896 0.9405 0.2819
vn 0.8678 0.0123 0.4968
vn 0.3727 0.9238 -0.0879
vn 0.7615 0.1453 0.6316
vn 0.8850 0.0164 -0.4653
vn -0.2608 0.9271 0.2693
vn 0.5603 0.1046 0.8217
vn -0.8558 0.0822 0.5108
vn 0.2507 0.8919 0.3763
vn -0.6903 0.1046 0.7159
vn -0.3015 0.9087 0.2887
vn 0.5603 0.1046 0.8216
vn -0.1505 0.1808 0.9719
vn -0.8557 0.0822 0.5108
vn -0.5959 -0.0429 0.8019
vn 0.4788 0.2082 0.8529
vn -0.3466 0.5081 0.7885
vn -0.9537 0.0046 0.3007
vn -0.8784 -0.0042 0.4779
vn -0.5486 0.0042 0.8361
vn -0.0437 0.0073 -0.9990
vn 0.1857 -0.0057 -0.9826
vn -0.5656 -0.0070 -0.8247
vn 0.7847 -0.0076 0.6199
vn 0.9784 0.0070 0.2064
vn -0.1174 0.0038 0.9931
vn -0.3063 -0.0062 0.9519
vn 0.4577 -0.0037 0.8891
vn 0.5788 0.0070 0.8155
vn 0.8155 -0.0070 0.5788
vn 0.9857 0.0072 0.1685
vn -0.9751 0.0079 0.2215
vn -0.8377 -0.0072 0.5462
vn -0.5334 0.0064 0.8459
vn 0.3574 0.8430 -0.4020
vn 0.0001 1.0000 -0.0002
vn 0.8424 0.2650 0.4692
vn -0.1833 0.9405 0.2860
vn -0.1112 0.0123 0.9937
vn 0.1896 0.9406 0.2818
vn -0.1482 0.1719 0.9739
vn 0.8665 0.0083 0.4991
vn -0.2608 0.9271 0.2692
vn 0.0987 0.9271 0.3616
vn 0.9925 0.1046 -0.0633
vn 0.0033 0.0822 0.9966
vn 0.4174 0.9087 -0.0100
vn -0.4411 0.8959 0.0530
vn -0.1682 -0.1127 -0.9793
vn 0.0685 0.8919 -0.4470
vn 0.0588 0.8919 -0.4483
vn 0.9909 0.1046 -0.0850
vn 0.4171 0.9087 -0.0191
vn -0.9054 -0.1127 0.4092
vn 0.5350 0.5082 0.6750
vn -0.8976 0.2652 0.3520
vn -0.6279 -0.0429 0.7771
vn 0.4438 0.2082 0.8716
vn -0.3783 0.5083 0.7736
vn -0.0252 0.0043 -0.9997
vn -0.3432 -0.0044 -0.9393
vn -0.5761 0.0038 -0.8174
vn 0.4389 0.0055 -0.8985
vn -0.1405 -0.0061 -0.9901
vn -0.3083 0.0042 -0.9513
vn -0.9020 0.0055 -0.4317
vn -0.9927 -0.0039 -0.1209
vn 0.0252 0.0043 0.9997
vn 0.3432 -0.0044 0.9393
vn 0.5761 0.0038 0.8174
vn 0.9450 0.0054 0.3270
vn 0.9831 -0.0068 -0.1832
vn 0.2916 0.0052 0.9565
vn 0.7750 -0.0050 0.6320
vn 0.8696 0.0049 0.4937
vn -0.8155 0.0070 0.5788
vn -0.5788 -0.0070 0.8155
vn -0.1685 0.0072 0.9857
vn -0.4814 0.8746 -0.0584
vn -0.0012 1.0000 0.0006
vn -0.0001 1.0000 0.0007
vn -0.3093 0.8430 -0.4401
vn -0.0001 1.0000 -0.0002
vn -0.3599 0.9073 0.2175
vn -0.0001 1.0000 0.0002
vn 0.2737 0.9073 0.3193
vn -0.3831 0.8430 0.3776
vn 0.2900 0.8959 -0.3366
vn 0.7651 0.2652 -0.5868
vn 0.1895 0.9406 0.2818
vn -0.3254 0.8261 -0.4601
vn -0.8576 -0.0175 -0.5140
vn 0.0422 -0.0964 -0.9944
vn 0.6063 0.0074 0.7952
vn -0.1468 0.1835 0.9720
vn -0.3577 0.9091 0.2134
vn -0.1896 -0.1127 -0.9754
vn -0.7800 0.5083 0.3650
vn -0.1358 0.2651 -0.9546
vn -0.9850 -0.0203 0.1711
vn -0.5564 0.6672 0.4954
vn -0.8968 0.2161 -0.3860
vn -0.9302 0.2155 0.2972
vn -0.6986 0.5189 -0.4926
vn 0.9814 0.1354 -0.1360
vn -0.4069 0.0050 -0.9135
vn -0.7458 -0.0047 -0.6662
vn 0.4101 0.0056 0.9120
vn 0.7675 -0.0031 0.6410
vn 0.9811 0.0047 0.1936
vn 0.8380 0.0059 -0.5457
vn 0.6808 -0.0052 -0.7325
vn 0.2067 0.0051 -0.9784
vn 0.8310 0.0062 -0.5562
vn 0.7007 -0.0062 -0.7134
vn 0.1287 0.0053 -0.9917
vn -0.5757 0.0031 -0.8177
vn 0.0442 -0.0037 -0.9990
vn -0.6278 -0.0005 -0.7784
vn -0.7009 0.5082 -0.5005
vn 0.5512 0.8261 0.1173
vn 0.0019 1.0000 -0.0004
vn 0.1180 0.9091 -0.3994
vn 0.1066 0.9271 0.3594
vn -0.2939 0.9073 -0.3007
vn -0.0002 1.0000 -0.0003
vn -0.3602 0.9073 0.2170
vn -0.0003 1.0000 0.0003
vn 0.0001 1.0000 0.0002
vn -0.1692 0.2749 0.9464
vn -0.3306 0.9405 -0.0784
vn -0.9774 0.0173 0.2107
vn 0.2134 0.9405 -0.2643
vn 0.9743 0.1719 -0.1456
vn 0.2213 0.0083 -0.9752
vn -0.8503 0.0074 0.5263
vn -0.9532 0.1835 -0.2404
vn -0.1777 0.9091 -0.3767
vn -0.4174 0.8532 -0.3127
vn -0.0576 0.2953 -0.9537
vn 0.8254 0.0446 0.5628
vn -0.0273 0.1354 0.9904
vn -0.6631 -0.0429 -0.7473
vn -0.9328 0.2083 0.2942
vn -0.7009 0.5081 -0.5005
vn -0.8829 0.0020 -0.4696
vn -0.8611 -0.0047 -0.5084
vn -0.9657 0.0022 0.2597
vn 0.8355 0.0028 0.5495
vn 0.9125 -0.0044 0.4091
vn 0.9991 0.0050 -0.0428
vn 0.9991 0.0049 -0.0422
vn 0.8356 -0.0048 -0.5494
vn 0.7213 0.0054 -0.6926
vn 0.8049 0.0077 -0.5934
vn 0.4650 -0.0073 -0.8853
vn 0.1337 0.0070 -0.9910
vn 0.0693 0.0073 -0.9976
vn -0.4164 -0.0068 -0.9092
vn -0.6428 0.0055 -0.7660
vn 0.7113 0.0030 -0.7029
vn -0.0036 -0.0072 -1.0000
vn 0.0744 0.0029 -0.9972
vn -0.3570 0.0021 0.9341
vn -0.4228 -0.0048 0.9062
vn 0.3156 0.0003 0.9489
vn 0.2978 0.9266 -0.2296
vn -0.2927 0.9039 -0.3120
vn -0.0000 1.0000 0.0002
vn 0.1639 0.9266 0.3384
vn -0.3600 0.9073 0.2172
vn 0.2864 0.9073 0.3079
vn 0.0002 1.0000 -0.0000
vn 0.3267 0.5081 -0.7969
vn -0.2309 0.9406 0.2490
vn 0.7464 0.2652 0.6104
vn 0.8610 0.0172 0.5083
vn 0.4195 0.8919 -0.1688
vn 0.2213 0.9087 0.3540
vn 0.7164 0.1046 -0.6898
vn 0.9834 0.1808 -0.0140
vn 0.6467 0.0822 0.7583
vn -0.2234 -0.1168 0.9677
vn 0.8600 0.5083 0.0453
vn -0.3297 0.2651 0.9061
vn -0.0261 -0.0429 -0.9987
vn -0.9031 0.2083 -0.3754
vn -0.2139 0.5083 -0.8342
vn 0.9341 -0.0976 -0.3433
vn -0.9328 0.2082 0.2943
vn -0.0274 0.1354 0.9904
vn -0.2456 0.0084 0.9693
vn -0.0273 -0.0052 0.9996
vn 0.5639 0.0032 0.8259
vn -0.9135 -0.0050 -0.4069
vn -0.9856 0.0050 -0.1692
vn -0.8041 0.0056 0.5944
vn -0.4985 -0.0053 0.8669
vn -0.1821 0.0059 0.9833
vn 0.8209 0.0013 -0.5711
vn 0.7949 -0.0014 -0.6067
vn 0.2377 0.0014 -0.9713
vn -0.5039 0.0017 -0.8638
vn -0.5400 -0.0013 -0.8417
vn -0.9627 0.0019 -0.2707
vn 0.4984 0.0017 0.8670
vn -0.3354 0.9039 -0.2656
vn 0.4195 0.8919 -0.1689
vn 0.3120 0.9087 -0.2774
vn -0.2366 0.8919 -0.3854
vn -0.7309 0.2652 -0.6289
vn 0.2371 0.9406 -0.2432
vn 0.3113 0.0083 -0.9503
vn 0.1989 0.9405 -0.2755
vn 0.9650 0.1719 -0.1982
vn 0.1682 0.0083 -0.9857
vn -0.3246 0.8262 -0.4604
vn 0.0423 -0.0964 -0.9944
vn -0.1883 0.9039 0.3842
vn -0.9985 0.0445 -0.0307
vn -0.3201 0.9266 -0.1973
vn 0.7087 -0.1168 -0.6958
vn 0.5948 -0.0175 -0.8037
vn -0.2056 0.2156 -0.9546
vn 0.5580 0.5189 -0.6475
vn -0.0035 0.0087 -1.0000
vn -0.3804 -0.0079 -0.9248
vn -0.7206 0.0066 -0.6933
vn 0.5528 0.0040 0.8333
vn 0.6508 -0.0021 0.7592
vn 0.9741 0.0037 0.2259
vn 0.7901 0.0065 0.6130
vn 0.9785 -0.0062 0.2062
vn 0.9020 0.0055 0.4317
vn 0.9927 -0.0039 0.1209
vn 0.9483 0.0049 -0.3175
vn -0.2704 0.8959 -0.3525
vn -0.2705 0.8959 -0.3525
vn 0.7303 0.2650 0.6296
vn -0.2373 0.9405 0.2431
vn -0.3097 0.0123 0.9508
vn 0.1897 0.9405 0.2819
vn 0.2161 0.8959 -0.3882
vn 0.8915 -0.1127 0.4388
vn 0.3216 0.8919 0.3179
vn -0.2741 0.0465 -0.9606
vn 0.0781 0.9452 -0.3170
vn -0.5289 -0.0970 0.8431
vn 0.3872 0.5193 0.7618
vn -0.9493 0.2735 0.1549
vn -0.6480 -0.0436 -0.7604
vn -0.9327 0.2107 0.2927
vn -0.7008 0.5084 -0.5004
vn -0.5000 0.2083 -0.8406
vn -0.9704 0.1354 0.2000
vn 0.8002 0.0069 -0.5997
vn 0.3843 -0.0064 -0.9232
vn 0.8856 -0.0027 -0.4644
vn 0.4304 0.0043 -0.9026
vn 0.7458 -0.0047 0.6662
vn -0.9782 0.0029 -0.2076
vn -0.9951 -0.0030 -0.0990
vn -0.8812 0.0020 0.4727
vn 0.6263 0.0019 -0.7796
vn 0.5073 -0.0044 -0.8618
vn 0.0502 0.0056 -0.9987
vn 0.3068 0.9266 -0.2173
vn 0.7651 0.2651 -0.5868
vn 0.1973 0.9405 -0.2765
vn 0.9640 0.1719 -0.2031
vn 0.1632 0.0083 -0.9866
vn -0.2743 0.9271 -0.2555
vn -0.8106 0.1046 0.5762
vn -0.5274 0.0822 -0.8457
vn -0.4166 0.9087 0.0278
vn -0.9889 0.1046 0.1058
vn -0.1142 0.9271 -0.3570
vn 0.7845 -0.1127 0.6098
vn 0.2212 0.9087 0.3541
vn -0.9822 0.1808 0.0506
vn -0.6744 0.0822 -0.7338
vn -0.4399 0.8959 0.0627
vn 0.3472 0.5083 -0.7880
vn -0.9805 -0.0436 0.1915
vn -0.2028 0.2107 0.9563
vn 0.8356 -0.0046 0.5492
vn -0.6115 0.0016 -0.7913
vn -0.6575 -0.0021 -0.7534
vn -0.2957 0.0059 0.9552
vn 0.1692 -0.0050 0.9856
vn 0.1566 0.0067 0.9876
vn 0.5457 -0.0071 0.8379
vn -0.1147 0.9087 -0.4015
vn -0.4498 0.8919 0.0461
vn 0.1623 0.8959 0.4136
vn -0.0000 1.0000 0.0001
vn -0.8153 0.2651 -0.5147
vn 0.3472 0.8959 -0.2773
vn 0.6584 -0.1127 0.7441
vn 0.1769 0.8919 0.4162
vn -0.8260 -0.1168 -0.5514
vn 0.4192 0.0445 -0.9068
vn 0.9850 0.1719 -0.0142
vn -0.0316 0.0042 -0.9995
vn -0.6072 -0.0045 -0.7945
vn -0.6591 0.0021 -0.7521
vn -0.9450 0.0054 -0.3270
vn -0.9831 -0.0068 0.1832
vn -0.9056 0.0072 0.4242
vn -0.8688 0.0045 0.4952
vn 1.0000 0.0072 0.0036
vn 0.7029 -0.0030 -0.7113
vn 0.6994 0.0022 -0.7148
vn 0.0549 0.0022 -0.9985
vn -0.0523 -0.0045 -0.9986
vn -0.6559 0.0042 -0.7548
vn -0.8678 0.0070 0.4969
vn -0.6551 -0.0070 0.7555
vn -0.2633 0.0072 0.9647
vn 0.9493 0.0050 -0.3142
vn 0.6134 -0.0052 -0.7898
vn -0.3324 -0.0051 0.9431
vn 0.5254 0.0042 0.8508
vn 0.9707 -0.0051 0.2404
vn 0.9917 0.0031 0.1287
vn -0.3507 0.9271 -0.1324
vn -0.1041 0.9406 -0.3233
vn -0.6964 0.0123 -0.7176
vn -0.1506 0.1808 0.9719
vn -0.5315 0.1046 0.8406
vn -0.8087 0.0822 -0.5825
vn 0.3004 0.9039 0.3046
vn -0.3589 0.0446 0.9323
vn -0.2919 0.9266 0.2370
vn 0.4867 0.5083 -0.7104
vn 0.6015 0.2651 0.7536
vn 0.5673 -0.0496 -0.8220
vn 0.8572 0.1406 0.4954
vn 0.9609 -0.0429 0.2737
vn 0.6284 0.2082 -0.7495
vn -0.1896 0.0046 0.9818
vn -0.2370 -0.0015 0.9715
vn 0.4323 -0.0044 0.9017
vn 0.7805 0.0012 -0.6252
vn 0.7751 -0.0036 -0.6319
vn 0.1083 0.0016 -0.9941
vn -0.9986 0.0045 -0.0523
vn -0.9985 -0.0022 0.0549
vn -0.7113 0.0030 0.7029
vn 0.8660 0.0067 -0.5000
vn 0.6759 -0.0057 -0.7370
vn 0.1929 0.0057 -0.9812
vn 0.6175 0.0072 0.7865
vn 0.7865 -0.0072 0.6175
vn 0.0036 -0.0072 1.0000
vn -0.0744 0.0029 0.9972
vn -0.9982 0.0020 -0.0592
vn -0.9895 -0.0071 -0.1441
vn -0.7968 0.0025 0.6043
vn -0.1441 0.8050 0.5756
vn 0.1898 0.8613 -0.4714
vn -0.0003 1.0000 -0.0016
vn 0.3297 0.9073 0.2610
vn 0.0003 1.0000 0.0002
vn 0.7855 0.2962 -0.5433
vn 0.2686 0.9238 0.2728
vn -0.0461 0.0822 -0.9955
vn -0.3110 0.1046 -0.9446
vn 0.3251 0.9271 -0.1866
vn -0.3368 0.9039 -0.2639
vn 0.2372 0.0446 -0.9704
vn 0.2594 0.9266 -0.2722
vn -0.7856 0.1808 -0.5917
vn 0.2101 -0.1127 0.9712
vn 0.7721 0.5083 -0.3813
vn 0.1558 0.2650 0.9516
vn 0.7476 -0.0435 -0.6627
vn -0.3107 0.2107 -0.9269
vn -0.6175 0.0072 -0.7865
vn -0.9168 0.0059 0.3994
vn -0.8057 -0.0050 0.5922
vn -0.3042 0.0056 0.9526
vn 0.4969 0.0070 0.8678
vn 0.7555 -0.0070 0.6551
vn 0.9647 0.0072 0.2633
vn -0.8178 0.0057 0.5754
vn -0.4377 -0.0087 0.8991
vn -0.2203 0.0047 0.9754
vn -0.8015 0.0008 0.5980
vn -0.7925 -0.0015 0.6099
vn -0.2662 -0.0062 -0.9639
vn -0.6069 0.0056 -0.7947
vn -0.0029 1.0000 0.0021
vn 0.0004 1.0000 0.0017
vn 0.3131 0.9436 0.1078
vn -0.0001 1.0000 -0.0000
vn -0.0493 0.8919 0.4495
vn 0.4384 0.8959 -0.0719
vn -0.7063 0.2651 -0.6564
vn 0.2463 0.9405 -0.2340
vn 0.3448 0.0123 -0.9386
vn -0.5516 0.1835 -0.8137
vn 0.9637 0.0822 -0.2540
vn -0.7008 0.5084 -0.5005
vn -0.9820 0.1719 0.0787
vn 0.3154 -0.0429 -0.9480
vn -0.7214 0.2082 -0.6605
vn 0.0828 0.5083 -0.8572
vn -0.3682 0.9073 -0.2032
vn -0.8713 0.1354 0.4717
vn -0.9251 0.0084 0.3796
vn -0.7591 -0.0081 0.6509
vn 0.9992 0.0087 -0.0377
vn 0.9043 -0.0087 -0.4268
vn 0.6809 0.0055 -0.7323
vn -0.1952 0.0052 0.9808
vn 0.4273 -0.0049 0.9041
vn 0.6074 0.0055 0.7944
vn 0.8678 0.0070 -0.4969
vn 0.6551 -0.0070 -0.7555
vn 0.2633 0.0072 -0.9647
vn 0.9804 0.0048 0.1970
vn 0.9874 -0.0048 -0.1579
vn -0.8356 -0.0046 -0.5492
vn -0.9769 0.0051 -0.2134
vn -0.9841 -0.0038 0.1773
vn -0.9147 0.0037 0.4040
vn 0.0002 1.0000 0.0001
vn -0.1470 0.9175 0.3697
vn 0.1640 0.9266 0.3383
vn 0.3653 0.9039 -0.2227
vn -0.1422 0.1596 0.9769
vn -0.3168 0.9271 -0.2005
vn 0.3755 0.9039 0.2050
vn -0.0744 0.0446 0.9962
vn -0.2109 0.9266 0.3112
vn 0.5877 0.1752 -0.7898
vn 0.7166 0.1333 -0.6846
vn 0.7568 -0.1127 -0.6438
vn -0.7009 0.5081 -0.5006
vn 0.7651 0.2652 -0.5867
vn -0.6505 -0.0494 -0.7579
vn -0.7122 0.6672 -0.2183
vn -0.1373 0.2180 -0.9662
vn -0.9393 0.1751 0.2951
vn -0.3066 -0.0022 0.9518
vn 0.9493 0.0026 0.3144
vn 0.9874 -0.0057 0.1583
vn 0.9325 0.0064 -0.3611
vn 0.8155 0.0070 -0.5788
vn 0.5788 -0.0070 -0.8155
vn 0.1685 0.0072 -0.9857
vn 0.9342 -0.0066 -0.3568
vn 0.7448 0.0067 -0.6673
vn -0.8345 0.0014 -0.5510
vn -0.8571 -0.0016 -0.5151
vn -0.9720 0.0036 0.2350
vn -0.0017 1.0000 -0.0010
vn 0.3287 0.9073 0.2623
vn 0.0002 1.0000 -0.0001
vn 0.2608 0.9266 -0.2709
vn 0.8908 0.2650 0.3690
vn -0.1492 0.9405 0.3052
vn 0.0013 0.0083 1.0000
vn -0.2875 0.0083 0.9577
vn 0.3821 0.0445 -0.9231
vn 0.6437 -0.0964 0.7592
vn 0.8474 0.5189 -0.1121
vn -0.4671 -0.0429 0.8832
vn 0.6029 0.2082 0.7701
vn -0.2227 0.5083 0.8319
vn 0.8617 0.0027 -0.5074
vn 0.7998 -0.0027 -0.6003
vn 0.3617 0.0019 -0.9323
vn -0.9552 -0.0059 0.2957
vn 0.9986 0.0045 0.0523
vn 0.9985 -0.0022 -0.0549
vn -0.6994 0.0022 0.7148
vn -0.7029 -0.0030 0.7113
vn -0.0549 0.0022 0.9985
vn 0.0523 -0.0045 0.9986
vn 0.6559 0.0042 0.7548
vn 0.7548 -0.0042 0.6559
vn -0.0001 1.0000 0.0004
vn -0.3114 0.9405 -0.1358
vn -0.3986 0.1719 -0.9009
vn -0.9989 0.0083 0.0451
vn 0.4229 0.9039 0.0648
vn 0.2692 0.0446 0.9621
vn -0.0924 0.9266 0.3644
vn 0.6064 0.0074 0.7951
vn -0.3564 0.9091 0.2159
vn -0.8981 -0.1168 -0.4239
vn -0.2269 0.5083 0.8307
vn 0.8254 0.0445 0.5628
vn 0.9788 -0.0175 -0.2042
vn 0.4816 0.2155 -0.8494
vn -0.9975 0.0053 0.0703
vn -0.8122 -0.0045 0.5834
vn -0.6303 0.0058 0.7763
vn -0.4077 0.0053 0.9131
vn 0.1322 -0.0045 0.9912
vn 0.3881 0.0058 0.9216
vn -0.9797 0.0087 -0.2002
vn -0.9829 -0.0079 0.1841
vn -0.8255 0.0066 0.5643
vn -0.7865 -0.0072 -0.6175
vn -1.0000 0.0072 -0.0036
vn -0.3472 0.0072 -0.9378
vn -0.6390 -0.0072 -0.7692
vn -0.9091 0.0070 -0.4166
vn -0.5246 -0.0067 0.8513
vn 0.5217 0.0019 -0.8531
vn 0.6094 -0.0061 -0.7928
vn -0.2010 0.0002 -0.9796
vn -0.5159 0.0054 0.8567
vn -0.0978 -0.0062 0.9952
vn 0.1463 0.0054 0.9892
vn 0.4127 0.9029 0.1202
vn 0.1665 0.9042 0.3934
vn -0.3101 0.9451 0.1035
vn -0.2313 0.1675 0.9584
vn -0.9803 0.0009 -0.1977
vn -0.9854 -0.0020 -0.1702
vn -0.8658 0.0030 0.5004
vn 0.9937 -0.0063 -0.1118
vn -0.4969 0.0070 -0.8678
vn -0.7555 -0.0070 -0.6551
vn -0.9647 0.0072 -0.2633
vn 0.9343 0.0055 -0.3565
vn 0.6346 -0.0059 0.7728
vn 0.8036 0.0069 0.5952
vn 0.1375 0.0084 0.9905
vn 0.4562 -0.0092 0.8898
vn 0.8688 0.0092 0.4950
vn -0.9403 -0.0066 -0.3403
vn -0.9980 0.0051 -0.0625
vn 0.9992 -0.0055 -0.0390
vn 0.4895 0.8261 -0.2792
vn 0.0012 1.0000 -0.0016
vn -0.3497 0.9087 0.2281
vn -0.0001 1.0000 0.0001
vn -0.3058 0.8431 0.4424
vn -0.3380 0.9405 0.0340
vn -0.8477 0.0123 0.5303
vn -0.9518 0.1808 0.2479
vn 0.0252 0.0822 0.9963
vn 0.7595 0.1808 0.6249
vn -0.7008 0.5083 -0.5005
vn 0.5990 0.2082 0.7732
vn 0.9386 0.1354 -0.3172
vn 0.9602 0.0066 -0.2792
vn 0.7637 -0.0066 -0.6456
vn 0.5664 0.0043 -0.8241
vn -0.7391 -0.0036 0.6736
vn -0.0693 0.0034 0.9976
vn 0.4823 0.0036 -0.8760
vn 0.0340 -0.0047 -0.9994
vn -0.1048 0.0019 -0.9945
vn 0.1289 -0.0043 -0.9916
vn -0.0196 0.0025 -0.9998
vn -0.9996 0.0022 -0.0286
vn -0.9878 -0.0061 0.1554
vn -0.2432 0.0090 -0.9699
vn -0.8067 -0.0081 -0.5909
vn -0.9416 0.0093 -0.3367
vn -0.9886 0.0031 -0.1508
vn -0.9974 -0.0012 -0.0723
vn -0.8511 0.0013 0.5250
vn 0.1093 0.0020 -0.9940
vn 0.2127 -0.0058 -0.9771
vn -0.5609 0.0013 -0.8279
vn -0.9304 -0.0050 0.3664
vn -0.3576 0.9092 0.2134
vn 0.3387 0.9405 -0.0269
vn 0.8587 0.0123 -0.5123
vn 0.4137 0.1808 -0.8923
vn 0.7664 0.2750 -0.5805
vn 0.9763 -0.0436 -0.2120
vn 0.1826 0.2107 -0.9603
vn 0.8966 -0.0044 0.4429
vn -0.9857 -0.0072 0.1685
vn 0.2986 -0.0042 -0.9544
vn 0.9734 0.0077 0.2291
vn 0.9552 -0.0073 -0.2958
vn 0.1685 -0.0072 0.9857
vn -0.3048 -0.0058 0.9524
vn 0.9857 -0.0072 -0.1685
vn -0.0002 1.0000 0.0001
vn -0.0018 1.0000 -0.0031
vn -0.0018 1.0000 0.0002
vn 0.7730 0.1808 0.6081
vn 0.9857 -0.0964 0.1385
vn -0.3024 0.8959 0.3256
vn -0.7613 -0.1127 -0.6385
vn 0.9902 -0.1168 -0.0760
vn 0.9633 0.2650 0.0437
vn -0.9328 0.2082 0.2942
vn 0.6274 0.0082 0.7787
vn 0.9862 -0.0092 0.1654
vn -0.9966 0.0074 -0.0826
vn -0.9131 -0.0084 0.4076
vn -0.7629 0.0063 0.6465
vn -0.3091 0.0014 0.9510
vn -0.2826 -0.0003 0.9592
vn 0.4540 0.0048 0.8910
vn 0.3753 0.9042 -0.2040
vn 0.1313 0.9450 0.2994
vn -0.8738 -0.1168 -0.4720
vn -0.2716 0.5083 0.8172
vn -0.7863 0.2651 -0.5581
vn 0.4404 -0.0436 -0.8967
vn -0.6391 0.2107 -0.7397
vn 0.1810 0.5083 -0.8419
vn 0.9370 0.1354 -0.3220
vn -0.1685 -0.0072 -0.9857
vn 0.4472 0.0012 -0.8944
vn 0.4101 -0.0034 -0.9120
vn -0.3333 0.0036 -0.9428
vn -0.0721 -0.0072 -0.9974
vn -0.9974 -0.0072 0.0721
vn 0.5034 0.2750 0.8192
vn -0.2989 0.9405 0.1614
vn -0.5894 0.0173 0.8076
vn 0.3392 0.9405 -0.0194
vn 0.8697 0.0123 -0.4934
vn 0.7664 0.2749 -0.5805
vn 0.9974 -0.0072 -0.0721
vn -0.2513 -0.0070 -0.9679
vn -0.6457 0.0072 -0.7636
vn -0.2069 -0.0066 0.9783
vn -0.1692 -0.0050 -0.9856
vn 0.3171 0.0042 0.9484
vn 0.4323 -0.0032 0.9017
vn 0.8952 0.0030 0.4457
vn -0.0515 0.0066 -0.9987
vn -0.5985 -0.0067 -0.8011
vn -0.7773 0.0073 -0.6291
vn -0.9174 0.1719 0.3589
vn 0.7568 -0.1127 -0.6439
vn -0.0360 0.9404 -0.3381
vn -0.5482 0.0028 -0.8364
vn 0.2943 0.0445 -0.9547
vn 0.9544 0.1354 -0.2659
vn -0.4310 -0.0036 -0.9024
vn -0.9286 0.0025 -0.3710
vn -0.9991 -0.0083 -0.0416
vn -0.9825 0.0067 0.1864
vn 0.0721 -0.0072 0.9974
vn 0.3551 0.0073 -0.9348
vn 0.1263 -0.0073 -0.9920
vn -0.4656 0.0064 -0.8850
vn 0.5194 0.0020 0.8546
vn 0.4901 -0.0063 0.8716
vn 0.9594 0.0025 0.2821
vn 0.9847 -0.0045 0.1740
vn 0.8995 0.0037 -0.4370
vn 0.9918 -0.0063 0.1278
vn 0.9811 0.0068 -0.1936
vn -0.3675 0.8431 0.3926
vn -0.7047 0.2651 -0.6581
vn 0.2469 0.9405 -0.2334
vn 0.3496 0.0083 -0.9369
vn 0.9836 0.1719 -0.0541
vn 0.1638 0.9266 0.3385
vn 0.8395 -0.1168 0.5306
vn -0.6414 -0.0436 0.7660
vn 0.4444 0.2107 0.8707
vn -0.3764 0.5083 0.7746
vn -0.6978 -0.0079 -0.7162
vn -0.9339 0.0057 -0.3576
vn 0.0241 0.0009 0.9997
vn 0.0561 -0.0016 0.9984
vn 0.5765 0.0014 0.8171
vn -0.9203 0.0013 0.3911
vn -0.8954 -0.0024 0.4454
vn -0.4323 0.0032 0.9017
vn 0.7966 -0.0058 -0.6045
vn 0.9377 0.0052 -0.3474
vn 0.8475 -0.0073 -0.5307
vn -0.1529 -0.0046 0.9882
vn 0.5283 0.0046 0.8490
vn -0.0012 1.0000 -0.0013
vn -0.4154 0.9073 -0.0657
vn 0.1896 0.9405 0.2820
vn -0.9747 0.1808 -0.1317
vn 0.2422 0.0446 -0.9692
vn -0.9909 -0.0066 0.1345
vn -0.9485 0.0034 0.3168
vn -0.3171 -0.0042 0.9484
vn -0.8009 0.0084 -0.5988
vn 0.3745 0.0008 -0.9272
vn 0.3344 -0.0033 -0.9424
vn -0.3152 0.0030 -0.9490
vn -0.3033 0.8430 0.4443
vn 0.3138 0.9073 0.2799
vn 0.2751 0.9266 -0.2563
vn -0.8180 0.2650 -0.5105
vn -0.2782 0.9405 0.1951
vn -0.4798 0.0123 0.8773
vn 0.3091 0.9271 0.2121
vn -0.8030 -0.1168 -0.5844
vn 0.9570 -0.1168 0.2656
vn -0.9845 -0.0436 0.1700
vn -0.2237 0.2107 0.9516
vn -0.7878 0.5083 0.3478
vn 0.5562 0.2082 0.8045
vn -0.9710 0.0046 0.2390
vn -0.9282 -0.0046 0.3721
vn -0.4612 0.0046 0.8873
vn 0.9998 0.0010 -0.0205
vn 0.9993 -0.0011 -0.0376
vn 0.7172 0.0044 -0.6969
vn -0.5998 -0.0055 0.8001
vn -0.5101 0.0024 0.8601
vn -0.4242 0.0069 -0.9056
vn -0.8255 -0.0064 -0.5643
vn 0.9314 -0.0071 0.3640
vn -0.9793 -0.0071 -0.2021
vn -0.8785 -0.0087 -0.4776
vn 0.0001 1.0000 0.0001
vn -0.0364 0.9405 0.3378
vn 0.3416 0.0083 0.9398
vn -0.9003 -0.1168 -0.4194
vn -0.4715 -0.0429 0.8808
vn -0.8553 0.0038 -0.5181
vn -0.9200 -0.0039 -0.3920
vn -0.9832 0.0003 -0.1824
vn -0.4320 -0.0039 -0.9019
vn -0.3338 -0.0045 0.9426
vn -0.2370 0.9087 0.3437
vn 0.1868 0.9073 -0.3767
vn -0.5093 0.1354 -0.8499
vn -0.1148 0.2651 -0.9574
vn -0.9327 0.2107 0.2926
vn 0.9029 0.0033 0.4299
vn 0.7282 0.0022 0.6853
vn 0.7248 -0.0030 0.6889
vn 0.9998 0.0025 0.0179
vn 0.9292 0.0011 0.3696
vn 0.6597 0.0069 -0.7515
vn -0.0235 -0.0064 -0.9997
vn -0.8032 0.0100 0.5956
vn -0.5740 -0.0060 0.8189
vn 0.0158 0.0072 0.9998
vn 0.9392 0.0015 0.3433
vn 0.9634 -0.0032 0.2682
vn 0.9958 0.0008 0.0911
vn 0.9989 -0.0027 0.0459
vn -0.5247 -0.0066 0.8512
vn -0.2644 0.0051 0.9644
vn -0.5934 0.0023 -0.8049
vn -0.6666 -0.0028 -0.7454
vn -0.9563 0.0038 -0.2925
vn -0.0015 1.0000 -0.0010
vn -0.3003 0.9451 -0.1290
vn -0.7405 0.1719 0.6497
vn 0.7582 -0.1191 -0.6410
vn 0.9751 0.1354 -0.1757
vn -0.4533 -0.0976 0.8860
vn -0.9849 0.0074 -0.1728
vn 0.4166 0.0070 -0.9091
vn 0.0932 -0.0070 -0.9956
vn 0.9984 -0.0025 -0.0568
vn 0.4966 -0.0178 0.8678
vn 0.9629 0.2106 0.1685
vn 0.6124 -0.0436 -0.7893
vn -0.4765 0.2107 -0.8535
vn -0.6587 0.1354 0.7401
vn 0.3208 0.0013 -0.9471
vn 0.3116 -0.0008 -0.9502
vn -0.4999 0.0050 -0.8661
vn -0.9089 -0.0041 -0.4169
vn -0.9956 -0.0070 -0.0932
vn 0.6409 -0.0045 0.7676
vn 0.9776 0.0042 0.2105
vn -0.7099 -0.0039 0.7043
vn -0.5490 0.0037 0.8358
vn 0.9984 -0.0053 0.0558
vn -0.0017 1.0000 0.0003
vn 0.0465 0.8430 -0.5359
vn -0.3206 0.9038 -0.2834
vn 0.4122 -0.0436 0.9100
vn 0.9773 0.2107 -0.0231
vn -0.7548 -0.0042 -0.6559
vn -0.9135 0.0032 0.4068
vn -0.7855 -0.0057 0.6188
vn 0.8214 -0.0061 -0.5703
vn 0.6095 0.0055 -0.7928
vn 0.8927 -0.0049 0.4506
vn 0.9260 0.0072 0.3775
vn 0.9998 -0.0087 0.0162
vn -0.9824 -0.0074 0.1868
vn 0.5757 -0.0429 -0.8165
vn 0.1786 -0.0063 -0.9839
vn 0.6967 -0.0058 0.7174
vn -0.9961 -0.0054 -0.0884
vn 0.7802 -0.0078 -0.6255
vn -0.7752 0.0044 -0.6317
vn 0.3934 -0.0077 -0.9193
vn -0.5186 -0.0429 0.8540
vn 0.2510 -0.0976 0.9630
vn -0.0000 -1.0000 -0.0000
vn 0.3570 -0.0024 0.9341
vn 0.4063 -0.0009 -0.9137
vn -0.0116 -0.0033 -0.9999
vn -0.0004 1.0000 -0.0000
vn -0.3291 0.8430 0.4254
vn -0.8580 -0.0009 0.5137
vn 0.6165 -0.0011 0.7874
vn -0.9698 -0.0010 -0.2439
vn -0.9964 -0.0039 -0.0850
vn -0.6762 0.0035 -0.7367
vn -0.6084 -0.0028 -0.7936
vn 0.1433 -0.0043 -0.9897
vn -0.1374 0.9042 0.4045
vn 0.0002 1.0000 0.0004
vn -0.9220 -0.0005 0.3872
vn -0.9863 -0.0009 -0.1648
vn -0.5691 -0.0009 -0.8223
vn -0.6815 -0.0033 0.7318
vn -0.9995 0.0011 -0.0320
vn -0.9981 0.0001 -0.0609
vn -0.6981 0.0007 0.7160
vn 0.2262 0.8430 -0.4881
vn 0.2633 -0.0019 0.9647
vn -0.4289 0.0013 0.9033
vn -0.4507 -0.0003 0.8927
vn -0.2630 -0.0024 -0.9648
vn 0.0002 1.0000 0.0003
vn 0.1946 -0.0013 -0.9809
vn -0.5913 -0.0026 0.8064
vn 0.4975 0.8430 0.2046
vn 0.9354 -0.0010 0.3537
vn -0.0000 1.0000 -0.0002
vn 0.8910 -0.0024 -0.4540
vn 0.9783 -0.0009 0.2072
vn -0.7812 -0.0032 -0.6242
vn 0.1034 -0.0039 0.9946
vn -0.8267 -0.0014 0.5627
vn -0.0004 1.0000 0.0001
vn 0.0660 -0.0014 -0.9978
vn -0.2258 -0.0017 -0.9742
vn -0.9112 0.0010 0.4119
vn 0.7989 -0.0010 0.6014
vn 0.2443 0.0003 0.9697
vn 0.2207 -0.0013 0.9753
vn 0.9885 -0.0049 -0.1512
vn -0.3070 0.0012 0.9517
vn -0.8543 -0.0007 0.5198
vn -0.3151 0.0007 0.9490
vn -0.3097 0.8430 -0.4398
vn -0.0003 1.0000 0.0018
vn -0.9926 -0.0032 -0.1213
vn 0.7148 -0.0022 -0.6994
vn -0.7148 -0.0022 0.6994
vn 0.9972 -0.0029 -0.0744
vn -0.0004 1.0000 -0.0002
vn -0.0002 1.0000 0.0002
vn 0.0526 -0.0018 -0.9986
vn 0.1020 -0.0048 0.9948
vn -0.5672 -0.0019 0.8236
vn -0.9651 -0.0010 0.2620
vn 0.9584 -0.0010 -0.2853
vn 0.9137 -0.0009 0.4063
vn -0.0002 1.0000 -0.0001
vn 0.6393 -0.0023 0.7689
vn -0.9699 -0.0012 0.2433
vn -0.9486 -0.0017 -0.3166
vn -0.9972 -0.0029 0.0744
vn 0.0002 1.0000 -0.0003
vn -0.0002 1.0000 -0.0007
vn -0.2759 0.0030 -0.9612
vn 0.2837 -0.0025 -0.9589
vn -0.4737 -0.0062 -0.8807
vn -0.4702 0.0044 0.8825
vn -0.3095 0.8430 -0.4399
vn -0.6079 0.0012 -0.7940
vn -0.6030 0.0001 -0.7978
vn 0.7010 -0.0022 -0.7131
vn -0.0013 1.0000 -0.0002
vn 0.7023 0.0008 0.7118
vn 0.6856 -0.0008 0.7279
vn -0.9901 0.0009 -0.1406
vn -0.7494 -0.0024 -0.6621
vn 0.3891 -0.0021 0.9212
vn 0.9482 0.0008 -0.3178
vn 0.9553 -0.0008 -0.2957
vn 0.4459 -0.0024 0.8951
vn 0.9968 -0.0015 0.0800
vn 0.0003 1.0000 0.0003
vn -0.5478 0.0005 0.8366
vn -0.0031 1.0000 0.0010
vn 0.7490 -0.0018 -0.6626
vn 0.0938 -0.0029 0.9956
vn 0.8148 0.0005 0.5797
vn -0.0004 1.0000 0.0002
vn 0.0007 1.0000 -0.0035
vn 0.9285 -0.0009 -0.3713
vn 0.9204 -0.0008 0.3909
vn -0.0283 -0.0012 0.9996
vn 0.5511 -0.0022 0.8344
vn 0.0099 0.0022 0.9999
vn -0.1189 -0.0036 0.9929
vn -0.4351 -0.0020 -0.9004
vn 0.8664 0.0006 -0.4993
vn 0.8842 -0.0016 -0.4671
vn 0.9723 -0.0018 0.2336
vn 0.6059 0.0017 0.7955
vn 0.9837 0.0017 0.1799
vn -0.5299 -0.0025 0.8480
vn 0.9191 0.0009 -0.3940
vn 0.9577 -0.0000 -0.2877
vn -0.7444 -0.0007 -0.6678
vt 0.386514 0.004504
vt 0.345109 0.329981
vt 0.335456 0.005553
vt 0.584166 0.006781
vt 0.554423 0.330386
vt 0.521982 0.004868
vt 0.569020 0.330836
vt 0.507206 0.004698
vt 0.064284 0.668538
vt 0.017183 0.994703
vt 0.004045 0.672485
vt 0.291266 0.667405
vt 0.255388 0.991913
vt 0.240500 0.666876
vt 0.146462 0.505662
vt 0.104647 0.643916
vt 0.019440 0.557809
vt 0.178110 0.515615
vt 0.237151 0.640471
vt 0.115729 0.645504
vt 0.146463 0.505664
vt 0.022266 0.569332
vt 0.017305 0.447549
vt 0.560597 0.666981
vt 0.569194 0.668329
vt 0.583763 0.690829
vt 0.614554 0.683391
vt 0.614130 0.719944
vt 0.598348 0.704303
vt 0.186087 0.490649
vt 0.162101 0.506912
vt 0.172900 0.484261
vt 0.569610 0.738359
vt 0.577737 0.728369
vt 0.588960 0.745490
vt 0.654992 0.711952
vt 0.666644 0.677065
vt 0.674135 0.722912
vt 0.588273 0.713880
vt 0.477354 0.686536
vt 0.495120 0.683464
vt 0.688459 0.011236
vt 0.666744 0.331772
vt 0.599557 0.006112
vt 0.784830 0.007871
vt 0.813035 0.326307
vt 0.708734 0.332090
vt 0.456362 0.328949
vt 0.386516 0.004504
vt 0.263541 0.667145
vt 0.295206 0.992261
vt 0.240500 0.991713
vt 0.232411 0.670154
vt 0.208347 0.992335
vt 0.139946 0.667403
vt 0.382679 0.667486
vt 0.330393 0.992351
vt 0.263420 0.667149
vt 0.154667 0.475918
vt 0.070488 0.373294
vt 0.185004 0.338062
vt 0.560597 0.666980
vt 0.583760 0.690827
vt 0.614132 0.719944
vt 0.598347 0.704294
vt 0.186086 0.490650
vt 0.162099 0.506913
vt 0.172899 0.484254
vt 0.162100 0.506912
vt 0.172899 0.484255
vt 0.176104 0.517704
vt 0.588419 0.719714
vt 0.686745 0.674719
vt 0.703464 0.669446
vt 0.569610 0.738360
vt 0.588958 0.745489
vt 0.539175 0.722149
vt 0.509589 0.672353
vt 0.543876 0.676665
vt 0.588246 0.713882
vt 0.479154 0.004242
vt 0.424607 0.328840
vt 0.386518 0.004504
vt 0.384009 0.667549
vt 0.296580 0.992203
vt 0.272770 0.667208
vt 0.800656 0.006500
vt 0.758044 0.331419
vt 0.352570 0.667607
vt 0.298681 0.992290
vt 0.171836 0.667498
vt 0.087943 0.991404
vt 0.051183 0.669422
vt 0.390240 0.004468
vt 0.350450 0.329839
vt 0.643124 0.009859
vt 0.601862 0.327459
vt 0.592256 0.005260
vt 0.147778 0.510711
vt 0.006585 0.525926
vt 0.020944 0.432313
vt 0.154668 0.475918
vt 0.169770 0.338599
vt 0.181347 0.482860
vt 0.180758 0.341343
vt 0.181345 0.482859
vt 0.154666 0.475917
vt 0.147779 0.510711
vt 0.007172 0.492636
vt 0.155131 0.478385
vt 0.560591 0.666978
vt 0.583758 0.690826
vt 0.598346 0.704293
vt 0.579828 0.731022
vt 0.538419 0.725482
vt 0.684970 0.686243
vt 0.654328 0.711571
vt 0.666645 0.677065
vt 0.674043 0.722854
vt 0.539177 0.722148
vt 0.509576 0.672349
vt 0.543876 0.676663
vt 0.588276 0.713886
vt 0.499065 0.668094
vt 0.523126 0.677829
vt 0.495333 0.721299
vt 0.477350 0.686537
vt 0.388704 0.667911
vt 0.252942 0.559084
vt 0.416775 0.004199
vt 0.357801 0.329730
vt 0.345880 0.005276
vt 0.708248 0.010899
vt 0.634423 0.330554
vt 0.602630 0.006470
vt 0.763848 0.009136
vt 0.728585 0.332101
vt 0.643201 0.009826
vt 0.185571 0.668090
vt 0.149377 0.990967
vt 0.051541 0.669414
vt 0.446143 0.991954
vt 0.372185 0.992395
vt 0.638321 0.682129
vt 0.613697 0.668757
vt 0.154669 0.475918
vt 0.214717 0.348740
vt 0.183094 0.484399
vt 0.186087 0.490650
vt 0.300642 0.574686
vt 0.176107 0.517703
vt 0.181346 0.482858
vt 0.288798 0.401874
vt 0.181348 0.482860
vt 0.319464 0.454261
vt 0.309501 0.561930
vt 0.559776 0.666685
vt 0.569195 0.668329
vt 0.583761 0.690828
vt 0.614555 0.683392
vt 0.614132 0.719943
vt 0.598347 0.704296
vt 0.654328 0.711572
vt 0.666646 0.677066
vt 0.539178 0.722147
vt 0.543878 0.676664
vt 0.650025 0.708937
vt 0.668178 0.719600
vt 0.588172 0.713893
vt 0.477353 0.686536
vt 0.144571 0.667090
vt 0.149337 0.990980
vt 0.037466 0.670005
vt 0.201041 0.668535
vt 0.179290 0.991585
vt 0.109160 0.667155
vt 0.536857 0.005113
vt 0.431911 0.004196
vt 0.416302 0.004360
vt 0.357799 0.329730
vt 0.493408 0.004437
vt 0.410173 0.329001
vt 0.372478 0.004803
vt 0.560851 0.005830
vt 0.486598 0.329129
vt 0.496037 0.004352
vt 0.414114 0.667391
vt 0.412262 0.992208
vt 0.306063 0.667460
vt 0.178112 0.515613
vt 0.160676 0.655645
vt 0.146463 0.505662
vt 0.324049 0.516718
vt 0.178108 0.515615
vt 0.181349 0.482860
vt 0.229907 0.352383
vt 0.315710 0.456538
vt 0.388702 0.667908
vt 0.319955 0.516788
vt 0.638320 0.682129
vt 0.613694 0.668760
vt 0.560592 0.666979
vt 0.583758 0.690827
vt 0.598346 0.704294
vt 0.569607 0.738359
vt 0.577738 0.728369
vt 0.588961 0.745490
vt 0.654991 0.711951
vt 0.674141 0.722915
vt 0.539172 0.722150
vt 0.509575 0.672346
vt 0.495334 0.721298
vt 0.477349 0.686537
vt 0.560335 0.720605
vt 0.579403 0.729188
vt 0.477351 0.686537
vt 0.388721 0.667930
vt 0.252968 0.559104
vt 0.214185 0.669213
vt 0.194030 0.991877
vt 0.093656 0.667588
vt 0.821847 0.004045
vt 0.800007 0.327736
vt 0.765972 0.009672
vt 0.291269 0.667405
vt 0.285482 0.992161
vt 0.064281 0.668538
vt 0.059403 0.992452
vt 0.174771 0.991428
vt 0.171835 0.667498
vt 0.160675 0.655644
vt 0.176109 0.517702
vt 0.146464 0.505663
vt 0.050248 0.606041
vt 0.147776 0.510711
vt 0.050247 0.606040
vt 0.069730 0.373468
vt 0.214716 0.348740
vt 0.145319 0.652022
vt 0.147777 0.510711
vt 0.560596 0.666979
vt 0.569193 0.668329
vt 0.614131 0.719943
vt 0.579825 0.731025
vt 0.538462 0.725485
vt 0.684970 0.686242
vt 0.567938 0.737812
vt 0.577736 0.728368
vt 0.588956 0.745488
vt 0.509584 0.672349
vt 0.543874 0.676665
vt 0.538404 0.725497
vt 0.763848 0.009135
vt 0.712926 0.332041
vt 0.643128 0.009859
vt 0.053612 0.668880
vt 0.041022 0.993212
vt 0.566220 0.330720
vt 0.185566 0.668090
vt 0.131840 0.990359
vt 0.064285 0.668538
vt 0.155130 0.478385
vt 0.108940 0.348949
vt 0.010981 0.539981
vt 0.560598 0.666981
vt 0.614553 0.683391
vt 0.614129 0.719944
vt 0.186087 0.490648
vt 0.588416 0.719714
vt 0.686744 0.674720
vt 0.703464 0.669447
vt 0.569437 0.738103
vt 0.577429 0.728260
vt 0.530073 0.726974
vt 0.509566 0.672343
vt 0.477352 0.686536
vt 0.388686 0.667894
vt 0.252952 0.559091
vt 0.416938 0.004344
vt 0.345104 0.329981
vt 0.044996 0.992995
vt 0.543262 0.329962
vt 0.462996 0.004210
vt 0.323273 0.501606
vt 0.273764 0.612387
vt 0.560596 0.666980
vt 0.583765 0.690829
vt 0.614554 0.683390
vt 0.598348 0.704302
vt 0.172900 0.484262
vt 0.162100 0.506913
vt 0.588464 0.719703
vt 0.686746 0.674714
vt 0.703462 0.669451
vt 0.654989 0.711950
vt 0.588464 0.719709
vt 0.686745 0.674717
vt 0.703461 0.669451
vt 0.539179 0.722147
vt 0.509568 0.672344
vt 0.543877 0.676665
vt 0.495332 0.721299
vt 0.208345 0.992335
vt 0.398132 0.667456
vt 0.329253 0.992419
vt 0.155490 0.667359
vt 0.088710 0.991415
vt 0.037468 0.670005
vt 0.176107 0.517702
vt 0.118762 0.650340
vt 0.155129 0.478385
vt 0.015930 0.451518
vt 0.090069 0.355880
vt 0.207883 0.651803
vt 0.100538 0.641861
vt 0.087825 0.632982
vt 0.560595 0.666979
vt 0.583757 0.690826
vt 0.588487 0.719703
vt 0.686746 0.674716
vt 0.703463 0.669449
vt 0.588957 0.745488
vt 0.509591 0.672353
vt 0.543873 0.676663
vt 0.650033 0.708942
vt 0.666643 0.677064
vt 0.668179 0.719600
vt 0.495331 0.721299
vt 0.477348 0.686537
vt 0.179287 0.991585
vt 0.793575 0.007366
vt 0.712925 0.332041
vt 0.672947 0.010539
vt 0.657932 0.010337
vt 0.601858 0.327458
vt 0.109302 0.667515
vt 0.030625 0.993736
vt 0.013183 0.671614
vt 0.493407 0.004437
vt 0.472027 0.328939
vt 0.372476 0.004803
vt 0.208348 0.992335
vt 0.139944 0.667403
vt 0.446143 0.667117
vt 0.417703 0.992193
vt 0.429863 0.667280
vt 0.406767 0.992242
vt 0.609680 0.328080
vt 0.638320 0.682128
vt 0.613697 0.668758
vt 0.007174 0.492634
vt 0.155129 0.478386
vt 0.185126 0.342221
vt 0.155130 0.478387
vt 0.638319 0.682127
vt 0.613696 0.668759
vt 0.560598 0.666980
vt 0.598348 0.704304
vt 0.577741 0.728370
vt 0.674137 0.722913
vt 0.509569 0.672344
vt 0.543877 0.676666
vt 0.567032 0.723433
vt 0.582279 0.730681
vt 0.588279 0.713876
vt 0.688714 0.011201
vt 0.692818 0.332835
vt 0.618724 0.329027
vt 0.306056 0.667460
vt 0.300562 0.992226
vt 0.750000 0.010254
vt 0.728587 0.332101
vt 0.623947 0.008140
vt 0.306064 0.667460
vt 0.262700 0.991969
vt 0.216677 0.669196
vt 0.201330 0.992187
vt 0.435669 0.667222
vt 0.361037 0.992371
vt 0.369735 0.667614
vt 0.291265 0.667405
vt 0.300564 0.992226
vt 0.147016 0.482214
vt 0.147015 0.482214
vt 0.006396 0.477524
vt 0.225574 0.350840
vt 0.308178 0.424907
vt 0.583759 0.690827
vt 0.598347 0.704295
vt 0.162101 0.506913
vt 0.567939 0.737812
vt 0.588963 0.745491
vt 0.654990 0.711951
vt 0.509577 0.672349
vt 0.543877 0.676663
vt 0.495337 0.721297
vt 0.576888 0.006441
vt 0.573184 0.331009
vt 0.387481 0.004644
vt 0.807748 0.005940
vt 0.800008 0.327736
vt 0.703441 0.010986
vt 0.566222 0.330720
vt 0.507208 0.004698
vt 0.352952 0.329840
vt 0.793283 0.007354
vt 0.786544 0.328791
vt 0.793281 0.007354
vt 0.728588 0.332101
vt 0.672943 0.010539
vt 0.387757 0.667049
vt 0.308179 0.424910
vt 0.313139 0.546694
vt 0.180742 0.511814
vt 0.234821 0.637094
vt 0.115001 0.649546
vt 0.147778 0.510710
vt 0.011095 0.461803
vt 0.614134 0.719943
vt 0.598347 0.704299
vt 0.539173 0.722149
vt 0.509573 0.672346
vt 0.650027 0.708938
vt 0.388684 0.667892
vt 0.252984 0.559118
vt 0.382680 0.667486
vt 0.140774 0.667028
vt 0.787398 0.007549
vt 0.692950 0.332406
vt 0.657935 0.010337
vt 0.360688 0.992443
vt 0.345106 0.329981
vt 0.547616 0.005488
vt 0.501454 0.329103
vt 0.465105 0.004109
vt 0.319953 0.516791
vt 0.178204 0.479509
vt 0.153474 0.337050
vt 0.256809 0.367805
vt 0.100538 0.641860
vt 0.614131 0.719944
vt 0.577740 0.728370
vt 0.674138 0.722914
vt 0.653600 0.711162
vt 0.670796 0.721109
vt 0.543875 0.676665
vt 0.588267 0.713891
vt 0.499064 0.668095
vt 0.523127 0.677828
vt 0.495335 0.721298
vt 0.802656 0.327345
vt 0.570510 0.330898
vt 0.507207 0.004698
vt 0.057309 0.992150
vt 0.019653 0.671158
vt 0.215444 0.344697
vt 0.093295 0.353771
vt 0.214716 0.348739
vt 0.388727 0.667935
vt 0.178111 0.515614
vt 0.324049 0.516716
vt 0.577737 0.728368
vt 0.588955 0.745488
vt 0.530074 0.726973
vt 0.509570 0.672343
vt 0.543875 0.676664
vt 0.588209 0.713895
vt 0.812777 0.005264
vt 0.719549 0.011208
vt 0.697559 0.332401
vt 0.124446 0.667189
vt 0.102579 0.990882
vt 0.016595 0.671418
vt 0.434830 0.992067
vt 0.367654 0.667563
vt 0.345667 0.992412
vt 0.257943 0.667084
vt 0.216675 0.669196
vt 0.214095 0.992643
vt 0.279854 0.388201
vt 0.145542 0.652324
vt 0.560592 0.666978
vt 0.614130 0.719943
vt 0.598347 0.704297
vt 0.588481 0.719703
vt 0.654332 0.711574
vt 0.509577 0.672347
vt 0.543876 0.676664
vt 0.650030 0.708940
vt 0.765973 0.009672
vt 0.572853 0.006252
vt 0.543261 0.329962
vt 0.509354 0.004574
vt 0.734559 0.010523
vt 0.763847 0.009136
vt 0.643127 0.009859
vt 0.607183 0.328080
vt 0.673327 0.011208
vt 0.682274 0.331877
vt 0.420860 0.328873
vt 0.386597 0.004511
vt 0.146464 0.505665
vt 0.086260 0.636509
vt 0.017464 0.553643
vt 0.093401 0.353977
vt 0.178205 0.479510
vt 0.115728 0.645503
vt 0.588470 0.719702
vt 0.539176 0.722148
vt 0.509577 0.672345
vt 0.529838 0.329715
vt 0.643122 0.009859
vt 0.348170 0.329900
vt 0.421339 0.992171
vt 0.352170 0.667540
vt 0.628410 0.329453
vt 0.615230 0.007637
vt 0.102578 0.990882
vt 0.093294 0.353772
vt 0.176108 0.517703
vt 0.039046 0.595913
vt 0.134295 0.341351
vt 0.154668 0.475917
vt 0.560595 0.666980
vt 0.172900 0.484259
vt 0.588465 0.719703
vt 0.567940 0.737812
vt 0.674140 0.722914
vt 0.252891 0.559042
vt 0.559776 0.666686
vt 0.222288 0.669538
vt 0.164447 0.990986
vt 0.164442 0.990986
vt 0.051629 0.669380
vt 0.144536 0.990965
vt 0.129038 0.667154
vt 0.037090 0.669675
vt 0.486599 0.329129
vt 0.704027 0.010991
vt 0.609679 0.328080
vt 0.602632 0.006471
vt 0.414116 0.667391
vt 0.406769 0.992242
vt 0.050078 0.669025
vt 0.059406 0.992452
vt 0.160680 0.655645
vt 0.308181 0.424912
vt 0.313140 0.546694
vt 0.588422 0.719713
vt 0.569609 0.738359
vt 0.666643 0.677065
vt 0.674139 0.722914
vt 0.509566 0.672342
vt 0.588251 0.713885
vt 0.763849 0.009136
vt 0.560552 0.005831
vt 0.472025 0.328939
vt 0.330394 0.992351
vt 0.263417 0.667149
vt 0.712592 0.332667
vt 0.644115 0.009250
vt 0.024551 0.670741
vt 0.178109 0.515616
vt 0.324049 0.516717
vt 0.308180 0.424912
vt 0.313140 0.546693
vt 0.559775 0.666685
vt 0.614553 0.683390
vt 0.579834 0.731020
vt 0.703463 0.669448
vt 0.509568 0.672343
vt 0.543875 0.676663
vt 0.495330 0.721299
vt 0.388693 0.667903
vt 0.252956 0.559094
vt 0.300565 0.992226
vt 0.250853 0.667015
vt 0.201317 0.668524
vt 0.194031 0.991877
vt 0.078953 0.668216
vt 0.270289 0.667186
vt 0.145611 0.656431
vt 0.178112 0.515614
vt 0.304158 0.576254
vt 0.237153 0.640471
vt 0.145610 0.656431
vt 0.543873 0.676664
vt 0.252893 0.559044
vt 0.456363 0.328949
vt 0.541236 0.330088
vt 0.431912 0.004196
vt 0.036333 0.405323
vt 0.010490 0.477455
vt 0.614133 0.719943
vt 0.569608 0.738359
vt 0.588962 0.745490
vt 0.509572 0.672344
vt 0.456361 0.328949
vt 0.208407 0.992363
vt 0.456055 0.328804
vt 0.306061 0.667460
vt 0.285483 0.992161
vt 0.159966 0.667460
vt 0.072670 0.991674
vt 0.037467 0.670005
vt 0.712927 0.332041
vt 0.273767 0.612385
vt 0.134479 0.652388
vt 0.146462 0.505663
vt 0.200508 0.342518
vt 0.221504 0.645294
vt 0.614554 0.683392
vt 0.583755 0.690825
vt 0.588463 0.719703
vt 0.614549 0.683387
vt 0.668178 0.719599
vt 0.588255 0.713894
vt 0.345882 0.005276
vt 0.541622 0.330105
vt 0.533469 0.005212
vt 0.502017 0.329227
vt 0.401343 0.004397
vt 0.677170 0.011252
vt 0.682901 0.331842
vt 0.422183 0.667318
vt 0.406774 0.992242
vt 0.306058 0.667460
vt 0.681150 0.332480
vt 0.629140 0.008547
vt 0.155130 0.478386
vt 0.181345 0.482858
vt 0.154666 0.475918
vt 0.614130 0.719942
vt 0.577650 0.728324
vt 0.509575 0.672343
vt 0.388712 0.667922
vt 0.252963 0.559099
vt 0.370992 0.329538
vt 0.352568 0.667607
vt 0.345666 0.992412
vt 0.263418 0.667149
vt 0.673330 0.011208
vt 0.666745 0.331772
vt 0.602629 0.006470
vt 0.064288 0.668538
vt 0.036906 0.993588
vt 0.682905 0.331864
vt 0.312981 0.440600
vt 0.184836 0.337812
vt 0.154668 0.475916
vt 0.031283 0.581461
vt 0.006396 0.477525
vt 0.388708 0.667916
vt 0.655336 0.702070
vt 0.684970 0.686244
vt 0.703270 0.669453
vt 0.674138 0.722913
vt 0.793573 0.007366
vt 0.688462 0.011236
vt 0.422181 0.667318
vt 0.406770 0.992242
vt 0.386513 0.004504
vt 0.264058 0.618239
vt 0.017305 0.447550
vt 0.323271 0.501608
vt 0.178109 0.515615
vt 0.181348 0.482859
vt 0.579835 0.731020
vt 0.538439 0.725490
vt 0.539173 0.722150
vt 0.509574 0.672346
vt 0.551924 0.717381
vt 0.509567 0.672343
vt 0.650026 0.708937
vt 0.588255 0.713884
vt 0.388705 0.667912
vt 0.252968 0.559106
vt 0.703442 0.010986
vt 0.296135 0.667364
vt 0.392052 0.329292
vt 0.376471 0.004723
vt 0.408425 0.667384
vt 0.031283 0.581463
vt 0.010981 0.539982
vt 0.583764 0.690829
vt 0.614555 0.683391
vt 0.588428 0.719718
vt 0.588959 0.745489
vt 0.543877 0.676664
vt 0.812778 0.005264
vt 0.064286 0.668538
vt 0.306062 0.667460
vt 0.267907 0.379532
vt 0.388684 0.667890
vt 0.252861 0.559017
vt 0.588256 0.713884
vt 0.285484 0.992161
vt 0.064287 0.668538
vt 0.807749 0.005940
vt 0.743190 0.331269
vt 0.164443 0.990986
vt 0.416778 0.004199
vt 0.410171 0.329001
vt 0.448141 0.004109
vt 0.618675 0.328981
vt 0.093296 0.353771
vt 0.267488 0.379123
vt 0.178110 0.515616
vt 0.181344 0.482858
vt 0.583763 0.690828
vt 0.686747 0.674715
vt 0.509571 0.672344
vt 0.666642 0.677064
vt 0.668180 0.719600
vt 0.588267 0.713883
vt 0.560333 0.720604
vt 0.579401 0.729187
vt 0.087944 0.991404
vt 0.386517 0.004504
vt 0.345107 0.329981
vt 0.472026 0.328939
vt 0.365420 0.004937
vt 0.639116 0.686580
vt 0.044359 0.392319
vt 0.614133 0.719944
vt 0.598346 0.704292
vt 0.588957 0.745489
vt 0.588271 0.713888
vt 0.252943 0.559085
vt 0.209134 0.668953
vt 0.201331 0.992187
vt 0.017185 0.994702
vt 0.601859 0.327458
vt 0.376474 0.004723
vt 0.070490 0.373293
vt 0.129935 0.651725
vt 0.172899 0.484257
vt 0.538527 0.725476
vt 0.567937 0.737812
vt 0.577739 0.728369
vt 0.539174 0.722149
vt 0.509577 0.672348
vt 0.588269 0.713882
vt 0.812050 0.326439
vt 0.572856 0.006252
vt 0.541624 0.330106
vt 0.423862 0.992144
vt 0.384010 0.667549
vt 0.408426 0.667384
vt 0.149685 0.652901
vt 0.650032 0.708941
vt 0.668180 0.719601
vt 0.579399 0.729186
vt 0.252904 0.559052
vt 0.310346 0.992323
vt 0.456054 0.328804
vt 0.353014 0.005140
vt 0.387729 0.667533
vt 0.572854 0.006252
vt 0.541598 0.330112
vt 0.277308 0.667254
vt 0.579831 0.731021
vt 0.538408 0.725497
vt 0.654330 0.711573
vt 0.674044 0.722855
vt 0.509567 0.672344
vt 0.588218 0.713894
vt 0.560334 0.720605
vt 0.017505 0.222162
vt 0.007709 0.131360
vt 0.056837 0.050389
vt 0.086567 0.305354
vt 0.170264 0.007182
vt 0.270566 0.044180
vt 0.322073 0.139251
vt 0.283776 0.268344
vt 0.177489 0.325785
vt 0.298678 0.992290
vt 0.063067 0.283775
vt 0.005626 0.177491
vt 0.048345 0.062751
vt 0.154134 0.005838
vt 0.268345 0.047636
vt 0.325785 0.153920
vt 0.286572 0.265206
vt 0.181282 0.325076
vt 0.310418 0.230582
vt 0.253137 0.301714
vt 0.161147 0.324229
vt 0.060845 0.287232
vt 0.009338 0.192160
vt 0.047635 0.063067
vt 0.153922 0.005626
vt 0.244844 0.026057
vt 0.313906 0.109250
vt 0.063066 0.283776
vt 0.006858 0.165736
vt 0.053747 0.053813
vt 0.185447 0.010510
vt 0.297763 0.077427
vt 0.325077 0.181284
vt 0.274576 0.281022
vt 0.177487 0.325785
vt 0.100827 0.310417
vt 0.014899 0.206087
vt 0.026352 0.086508
vt 0.125192 0.014767
vt 0.244841 0.026056
vt 0.316643 0.125190
vt 0.294980 0.257567
vt 0.208494 0.320411
vt 0.313908 0.109256
vt 0.323701 0.200054
vt 0.278051 0.278004
vt 0.060846 0.287232
vt 0.011000 0.208494
vt 0.029877 0.088077
vt 0.122914 0.011002
vt 0.230583 0.020993
vt 0.165755 0.323993
vt 0.018938 0.104947
vt 0.075896 0.031287
vt 0.073848 0.294984
vt 0.011001 0.208497
vt 0.270566 0.044179
vt 0.283776 0.268345
vt 0.177491 0.325785
vt 0.020995 0.100827
vt 0.078275 0.029697
vt 0.283775 0.268345
vt 0.011000 0.208493
vt 0.243333 0.029877
vt 0.321770 0.154789
vt 0.017505 0.222161
vt 0.013301 0.115335
vt 0.096566 0.025709
vt 0.086676 0.305149
vt 0.239714 0.027752
vt 0.318977 0.119342
vt 0.310418 0.230583
vt 0.206854 0.316644
vt 0.050387 0.274573
vt 0.010753 0.145373
vt 0.053424 0.049364
vt 0.154791 0.009641
vt 0.289405 0.069926
vt 0.325008 0.185377
vt 0.274574 0.281024
vt 0.161145 0.324229
vt 0.613695 0.668760
vt 0.637296 0.676395
vt 0.639115 0.686582
vt 0.020991 0.100834
vt 0.093667 0.022527
vt 0.201101 0.011117
vt 0.086568 0.305354
vt 0.292258 0.066969
vt 0.297804 0.253925
vt 0.196540 0.320961
vt 0.088078 0.301534
vt 0.029879 0.088075
vt 0.321527 0.150599
vt 0.300118 0.255526
vt 0.222156 0.313907
vt 0.637297 0.676396
vt 0.063067 0.283776
vt 0.007182 0.161145
vt 0.044180 0.060845
vt 0.139251 0.009338
vt 0.268344 0.047635
vt 0.325785 0.153922
vt 0.042007 0.261485
vt 0.006403 0.146034
vt 0.056837 0.050388
vt 0.170266 0.007182
vt 0.281025 0.056838
vt 0.320658 0.186038
vt 0.277987 0.282047
vt 0.176620 0.321770
vt 0.020993 0.100828
vt 0.109257 0.017503
vt 0.301532 0.243336
vt 0.100828 0.310418
vt 0.017503 0.222154
vt 0.020995 0.100828
vt 0.109250 0.017505
vt 0.243334 0.029879
vt 0.321640 0.154832
vt 0.287232 0.270566
vt 0.208493 0.320411
vt 0.014898 0.206084
vt 0.026353 0.086508
vt 0.109254 0.017504
vt 0.243336 0.029879
vt 0.321770 0.154791
vt 0.005626 0.177487
vt 0.153924 0.005626
vt 0.325785 0.153926
vt 0.283777 0.268344
vt 0.313906 0.109251
vt 0.323701 0.200055
vt 0.274573 0.281024
vt 0.050389 0.274575
vt 0.007182 0.161147
vt 0.044179 0.060845
vt 0.139252 0.009338
vt 0.244843 0.026057
vt 0.161147 0.324230
vt 0.063067 0.283777
vt 0.153926 0.005626
vt 0.325785 0.153924
vt 0.100827 0.310416
vt 0.014770 0.206859
vt 0.036427 0.073849
vt 0.122914 0.011001
vt 0.230584 0.020994
vt 0.313907 0.109253
vt 0.222154 0.313909
vt 0.042006 0.261485
vt 0.009905 0.134747
vt 0.092460 0.028201
vt 0.230583 0.020994
vt 0.300970 0.243697
vt 0.176621 0.321770
vt 0.109251 0.017505
vt 0.200051 0.007709
vt 0.281024 0.056837
vt 0.017697 0.115536
vt 0.145960 0.320900
vt 0.031366 0.249987
vt 0.317834 0.216191
vt 0.253986 0.297762
vt 0.120271 0.314729
vt 0.014768 0.206221
vt 0.036431 0.073844
vt 0.139062 0.009623
vt 0.026057 0.086569
vt 0.120488 0.015826
vt 0.241299 0.024542
vt 0.316643 0.125192
vt 0.177485 0.325785
vt 0.030514 0.087625
vt 0.230585 0.020995
vt 0.313907 0.109252
vt 0.301082 0.243787
vt 0.050387 0.274574
vt 0.321771 0.154790
vt 0.261380 0.289319
vt 0.146032 0.325008
vt 0.029697 0.253136
vt 0.154790 0.009640
vt 0.270562 0.044175
vt 0.322071 0.139248
vt 0.294984 0.257562
vt 0.208427 0.320188
vt 0.013524 0.115400
vt 0.096523 0.025571
vt 0.230584 0.020995
vt 0.090115 0.306871
vt 0.014767 0.206218
vt 0.026056 0.086570
vt 0.125190 0.014768
vt 0.253928 0.033611
vt 0.320944 0.134782
vt 0.305354 0.244843
vt 0.210922 0.315586
vt 0.063066 0.283775
vt 0.047636 0.063066
vt 0.350454 0.329839
vt 0.547618 0.005488
vt 0.584166 0.331465
vt 0.543259 0.329962
vt 0.232411 0.993624
vt 0.219073 0.669342
vt 0.427266 0.992119
vt 0.812044 0.326440
vt 0.184834 0.337812
vt 0.288795 0.401871
vt 0.050250 0.606043
vt 0.313036 0.561567
vt 0.308179 0.424911
vt 0.319953 0.516789
vt 0.041650 0.592371
vt 0.011097 0.461796
vt 0.095622 0.357150
vt 0.638320 0.682135
vt 0.614151 0.668430
vt 0.638320 0.682134
vt 0.468780 0.725666
vt 0.473681 0.740712
vt 0.702098 0.673880
vt 0.579847 0.731015
vt 0.702097 0.673882
vt 0.689067 0.669746
vt 0.588211 0.713887
vt 0.156828 0.511456
vt 0.556466 0.719087
vt 0.556468 0.719088
vt 0.522372 0.731449
vt 0.648865 0.666876
vt 0.473248 0.725319
vt 0.424605 0.328840
vt 0.462648 0.687483
vt 0.473249 0.725319
vt 0.547620 0.005488
vt 0.534074 0.005219
vt 0.541600 0.330112
vt 0.214094 0.992643
vt 0.193716 0.991890
vt 0.434823 0.992067
vt 0.319348 0.532446
vt 0.263662 0.623627
vt 0.077264 0.629255
vt 0.056676 0.381860
vt 0.462655 0.739302
vt 0.062538 0.614711
vt 0.007173 0.492634
vt 0.146462 0.505664
vt 0.263934 0.376785
vt 0.613696 0.668760
vt 0.638321 0.682135
vt 0.161270 0.507759
vt 0.516909 0.734763
vt 0.522374 0.731448
vt 0.004045 0.995955
vt 0.335456 0.330238
vt 0.206252 0.648037
vt 0.273768 0.612384
vt 0.176762 0.656981
vt 0.015221 0.556410
vt 0.313139 0.546693
vt 0.237155 0.640470
vt 0.273769 0.612383
vt 0.007173 0.492635
vt 0.702098 0.673881
vt 0.689069 0.669743
vt 0.656515 0.701043
vt 0.473676 0.740709
vt 0.387756 0.667048
vt 0.153122 0.512728
vt 0.168154 0.497554
vt 0.425700 0.328980
vt 0.462644 0.687483
vt 0.473239 0.725320
vt 0.812040 0.326440
vt 0.098119 0.990992
vt 0.214190 0.669214
vt 0.015173 0.671424
vt 0.098083 0.667470
vt 0.005833 0.508770
vt 0.026286 0.417991
vt 0.237153 0.640470
vt 0.473243 0.725319
vt 0.462652 0.739303
vt 0.588210 0.713895
vt 0.588181 0.713892
vt 0.686746 0.674717
vt 0.156826 0.511456
vt 0.579832 0.731021
vt 0.556469 0.719088
vt 0.542729 0.720444
vt 0.522373 0.731448
vt 0.462643 0.687483
vt 0.473250 0.725318
vt 0.724076 0.332242
vt 0.809897 0.005651
vt 0.809896 0.326728
vt 0.441006 0.328862
vt 0.286389 0.601919
vt 0.191595 0.653474
vt 0.323272 0.501608
vt 0.273767 0.612384
vt 0.007172 0.492639
vt 0.154667 0.475919
vt 0.032796 0.404988
vt 0.104584 0.350411
vt 0.179440 0.991175
vt 0.588208 0.713898
vt 0.579829 0.731021
vt 0.387811 0.667100
vt 0.601857 0.327458
vt 0.095624 0.357149
vt 0.812046 0.326439
vt 0.057028 0.992139
vt 0.304159 0.576252
vt 0.029619 0.584611
vt 0.093292 0.353772
vt 0.041737 0.598672
vt 0.614147 0.668431
vt 0.638322 0.682136
vt 0.702097 0.673885
vt 0.579936 0.730992
vt 0.686743 0.674723
vt 0.156833 0.511453
vt 0.522369 0.731451
vt 0.441005 0.328862
vt 0.473244 0.725319
vt 0.634424 0.330554
vt 0.592256 0.326338
vt 0.174313 0.667945
vt 0.128979 0.990362
vt 0.812045 0.326440
vt 0.263661 0.623628
vt 0.050251 0.606044
vt 0.318247 0.450577
vt 0.050253 0.606045
vt 0.613695 0.668759
vt 0.473244 0.725320
vt 0.462653 0.739303
vt 0.588272 0.713888
vt 0.156830 0.511455
vt 0.556467 0.719087
vt 0.263416 0.667149
vt 0.257882 0.991913
vt 0.298680 0.992290
vt 0.196665 0.338555
vt 0.280195 0.388200
vt 0.041894 0.592959
vt 0.614149 0.668431
vt 0.579941 0.730991
vt 0.588277 0.713878
vt 0.522370 0.731450
vt 0.462645 0.687483
vt 0.355693 0.329778
vt 0.447936 0.004117
vt 0.650807 0.331338
vt 0.754283 0.009993
vt 0.754388 0.331155
vt 0.778661 0.008412
vt 0.793296 0.328130
vt 0.324613 0.485474
vt 0.304811 0.427247
vt 0.638319 0.682134
vt 0.354935 0.005095
vt 0.702097 0.673883
vt 0.579816 0.731027
vt 0.588209 0.713888
vt 0.161270 0.507760
vt 0.155425 0.511937
vt 0.421336 0.992171
vt 0.324613 0.485472
vt 0.005832 0.508768
vt 0.066781 0.370618
vt 0.185563 0.342334
vt 0.291397 0.398327
vt 0.181346 0.482859
vt 0.686747 0.674716
vt 0.462653 0.687483
vt 0.057027 0.992139
vt 0.012499 0.995149
vt 0.255390 0.991913
vt 0.621968 0.329352
vt 0.100279 0.990628
vt 0.308178 0.424908
vt 0.638319 0.682133
vt 0.304812 0.427249
vt 0.579845 0.731016
vt 0.588203 0.713896
vt 0.522371 0.731450
vt 0.357802 0.329730
vt 0.169921 0.667869
vt 0.221476 0.992959
vt 0.148648 0.990584
vt 0.424643 0.328849
vt 0.434822 0.992067
vt 0.013274 0.446822
vt 0.184918 0.342055
vt 0.153471 0.337050
vt 0.066783 0.370616
vt 0.016310 0.559045
vt 0.316949 0.547356
vt 0.041949 0.592587
vt 0.462652 0.687483
vt 0.644117 0.009250
vt 0.412259 0.992208
vt 0.185568 0.668090
vt 0.812051 0.326439
vt 0.570508 0.330898
vt 0.242620 0.361261
vt 0.154667 0.475916
vt 0.206247 0.648037
vt 0.263664 0.623625
vt 0.014735 0.537704
vt 0.025634 0.566995
vt 0.013178 0.671614
vt 0.086263 0.991054
vt 0.017180 0.994703
vt 0.429674 0.992098
vt 0.030623 0.993736
vt 0.812043 0.326440
vt 0.317963 0.543649
vt 0.073636 0.626438
vt 0.689068 0.669743
vt 0.516901 0.734768
vt 0.170242 0.667851
vt 0.164450 0.990986
vt 0.727327 0.332610
vt 0.638321 0.682134
vt 0.291399 0.398329
vt 0.588240 0.713886
vt 0.156832 0.511454
vt 0.618582 0.007936
vt 0.511086 0.004755
vt 0.576299 0.331098
vt 0.299160 0.412777
vt 0.020944 0.432314
vt 0.108938 0.348950
vt 0.124191 0.346207
vt 0.522373 0.731449
vt 0.462647 0.687483
vt 0.365295 0.329549
vt 0.421245 0.992167
vt 0.176974 0.657193
vt 0.050252 0.606045
vt 0.185003 0.338062
vt 0.238591 0.635263
vt 0.013274 0.446823
vt 0.702097 0.673884
vt 0.521989 0.004868
vt 0.529845 0.329715
vt 0.416300 0.004360
vt 0.790898 0.328343
vt 0.193864 0.656219
vt 0.005621 0.508980
vt 0.299161 0.412779
vt 0.556464 0.719086
vt 0.157847 0.510381
vt 0.172448 0.489292
vt 0.542728 0.720444
vt 0.473251 0.725318
vt 0.387483 0.004644
vt 0.031284 0.581463
vt 0.041891 0.592955
vt 0.017409 0.432676
vt 0.280197 0.388202
vt 0.093292 0.353773
vt 0.316949 0.547354
vt 0.156829 0.511455
vt 0.020910 0.994545
vt 0.791045 0.007201
vt 0.462654 0.739303
vt 0.064280 0.668539
vt 0.072664 0.991674
vt 0.434817 0.992067
vt 0.237044 0.640266
vt 0.273763 0.612388
vt 0.104587 0.350409
vt 0.613698 0.668757
vt 0.161268 0.507761
vt 0.588200 0.713890
vt 0.387753 0.667045
vt 0.522370 0.731451
vt 0.421340 0.992171
vt 0.288713 0.395575
vt 0.050253 0.606046
vt 0.044056 0.392324
vt 0.138850 0.340769
vt 0.613697 0.668760
vt 0.462653 0.739302
vt 0.579908 0.730999
vt 0.686743 0.674721
vt 0.156835 0.511452
vt 0.516898 0.734770
vt 0.429865 0.667280
vt 0.434825 0.992067
vt 0.255385 0.991913
vt 0.010735 0.476863
vt 0.081194 0.362823
vt 0.280193 0.388197
vt 0.686743 0.674722
vt 0.786546 0.328791
vt 0.576303 0.331098
vt 0.298679 0.992290
vt 0.100280 0.990628
vt 0.613696 0.668758
vt 0.821847 0.325122
vt 0.663178 0.716703
vt 0.434821 0.992067
vt 0.299162 0.412779
vt 0.307978 0.425024
vt 0.613694 0.668761
vt 0.161269 0.507761
vt 0.060183 0.992449
vt 0.697553 0.332401
vt 0.784174 0.008477
vt 0.799871 0.327708
vt 0.086264 0.991054
vt 0.255384 0.991913
vt 0.321441 0.667560
vt 0.329247 0.992419
vt 0.607180 0.328079
vt 0.688455 0.011236
vt 0.422179 0.667318
vt 0.427263 0.992119
vt 0.249249 0.631421
vt 0.614148 0.668430
vt 0.156831 0.511454
vt 0.516902 0.734767
vt 0.044994 0.992995
vt 0.030774 0.993752
vt 0.613693 0.668760
vt 0.462651 0.687483
vt 0.037466 0.670006
vt 0.044990 0.992995
vt 0.607182 0.328080
vt 0.588271 0.713894
vt 0.343888 0.005329
vt 0.638640 0.717283
vt 0.348170 0.005215
vt 0.638639 0.717283
vt 0.588962 0.745491
vt 0.015172 0.994894
vt 0.638640 0.717282
vt 0.560553 0.005831
vt 0.408428 0.667384
vt 0.638639 0.717282
vt 0.638641 0.717281
vt 0.588964 0.745492
vt 0.022534 0.670939
vt 0.638640 0.717281
vt 0.787027 0.007523
vt 0.051625 0.669380
vt 0.250849 0.667015
vt 0.602634 0.006471
vt 0.031059 0.670455
vt 0.588964 0.745491
s 1
f 2155/1593/1411 2146/1594/1412 2154/1595/1413
f 1661/1596/1414 1649/1597/1415 1660/1598/1416
f 1692/1596/1417 1681/1599/1418 1691/1600/1419
f 1600/1601/1420 1587/1602/1421 1599/1603/1422
f 1602/1604/1423 1589/1605/1424 1601/1606/1425
f 2258/1607/1426 2270/1608/1427 2269/1609/1428
f 2141/1610/1429 2151/1611/1430 2150/1612/1431
f 2137/1613/1432 2149/1614/1433 2148/1615/1427
f 1607/1616/1434 1608/1617/1435 1615/1618/1436
f 1975/1619/1437 1984/1620/1438 1983/1621/1439
f 1900/1622/1440 1918/1623/1441 1917/1624/1442
f 1772/1625/1443 1796/1626/1444 1776/1627/1445
f 1827/1628/1446 1832/1629/1447 1826/1630/1448
f 1765/1631/1449 1768/1632/1450 1763/1633/1451
f 1666/1634/1452 1656/1635/1453 1665/1636/1454
f 1635/1637/1455 1628/1638/1456 1626/1639/1457
f 1691/1600/1419 1679/1640/1458 1698/1641/1459
f 2364/1642/1460 2354/1643/1461 2352/1644/1462
f 2151/1645/1463 2140/1646/1464 2150/1647/1465
f 1633/1648/1466 1623/1649/1467 1632/1650/1468
f 2178/1651/1469 2186/1652/1427 2185/1653/1470
f 1637/1654/1471 1638/1617/1472 1645/1655/1473
f 1670/1619/1474 1678/1656/1475 1677/1657/1476
f 2234/1658/1477 2251/1659/1446 2250/1660/1448
f 2477/1658/1478 2494/1661/1479 2493/1662/1480
f 2474/1663/1481 2494/1661/1479 2477/1658/1478
f 2480/1664/1482 2496/1665/1483 2471/1666/1484
f 2107/1667/1485 2130/1626/1486 2110/1668/1487
f 1889/1669/1488 1885/1670/1489 1883/1671/1490
f 2281/1672/1491 2284/1632/1492 2279/1633/1493
f 1598/1673/1494 1597/1674/1495 1606/1675/1496
f 1879/1676/1497 1868/1677/1498 1878/1678/1499
f 1667/1679/1500 1657/1680/1501 1666/1634/1452
f 1664/1681/1502 1653/1682/1503 1663/1650/1504
f 1662/1683/1505 1650/1684/1506 1661/1685/1414
f 1882/1686/1507 1872/1687/1508 1881/1595/1509
f 2153/1688/1510 2143/1689/1511 2152/1690/1512
f 2527/1691/1513 2512/1692/1514 2511/1693/1515
f 1659/1694/1516 1667/1695/1517 1655/1696/1518
f 2275/1697/1519 2264/1698/1520 2267/1699/1521
f 1772/1700/1443 1784/1701/1431 1781/1702/1522
f 1669/1703/1523 1670/1617/1474 1677/1704/1476
f 1731/1619/1524 1739/1656/1475 1738/1705/1476
f 2542/1706/1525 2555/1707/1526 2556/1708/1527
f 2159/1709/1528 2165/1710/1529 2144/1711/1530
f 2132/1712/1531 2128/1713/1532 2126/1714/1533
f 1979/1715/1534 1976/1716/1535 1977/1717/1536
f 2312/1718/1526 2315/1719/1537 2310/1633/1538
f 2284/1632/1492 2264/1720/1520 2282/1721/1539
f 1668/1722/1540 1658/1723/1541 1667/1724/1500
f 1759/1725/1542 1749/1726/1543 1758/1727/1544
f 1697/1728/1545 1688/1729/1546 1696/1730/1547
f 2484/1731/1548 2473/1732/1549 2483/1733/1550
f 1695/1648/1551 1687/1734/1552 1685/1735/1553
f 1671/1736/1554 1670/1619/1474 1669/1737/1523
f 1690/1738/1555 1697/1739/1556 1686/1740/1557
f 2112/1741/1558 2122/1742/1430 2110/1743/1487
f 2174/1744/1559 2185/1653/1470 2184/1745/1560
f 2023/1746/1561 2032/1747/1562 2031/1748/1563
f 1699/1749/1564 1700/1750/1565 1707/1751/1566
f 2461/1752/1567 2469/1753/1568 2468/1754/1569
f 2220/1755/1570 2226/1756/1571 2205/1711/1572
f 1981/1757/1573 1977/1717/1536 1974/1758/1574
f 1733/1759/1575 1739/1710/1475 1735/1760/1576
f 1734/1761/1577 1737/1762/1578 1732/1633/1579
f 1877/1763/1580 1866/1764/1581 1876/1765/1582
f 1724/1766/1583 1712/1767/1584 1723/1768/1585
f 1629/1769/1586 1617/1640/1587 1636/1770/1588
f 2186/1771/1589 2177/1772/1590 2185/1595/1591
f 1721/1773/1592 1720/1774/1593 1729/1775/1594
f 2028/1776/1595 2015/1777/1596 2027/1778/1597
f 1726/1779/1598 1715/1780/1599 1725/1781/1600
f 1745/1782/1601 1756/1783/1427 1741/1784/1602
f 1726/1785/1603 1713/1786/1604 1716/1787/1605
f 1900/1622/1440 1911/1788/1430 1910/1789/1430
f 1748/1790/1606 1758/1791/1607 1745/1782/1601
f 2189/1792/1608 2188/1619/1609 2187/1793/1610
f 1730/1794/1523 1731/1617/1524 1738/1795/1476
f 2157/1619/1435 2165/1656/1529 2164/1796/1611
f 1895/1797/1612 1918/1798/1441 1898/1799/1613
f 1949/1800/1614 1954/1629/1615 1948/1801/1616
f 2071/1802/1617 2067/1803/1618 2065/1714/1619
f 2373/1804/1620 2376/1805/1621 2371/1633/1622
f 2162/1806/1623 2164/1704/1611 2159/1807/1528
f 1676/1808/1624 1655/1809/1518 1674/1810/1625
f 2000/1811/1626 1989/1812/1627 1999/1813/1628
f 1729/1814/1594 1718/1815/1629 1728/1816/1630
f 1787/1604/1631 1775/1605/1632 1786/1606/1633
f 1757/1817/1634 1746/1818/1635 1756/1606/1636
f 1755/1819/1637 1743/1820/1638 1753/1603/1639
f 2364/1645/1460 2352/1821/1462 2363/1822/1640
f 1817/1823/1430 1803/1691/1612 1807/1824/1613
f 1834/1825/1641 1848/1783/1427 1847/1826/1428
f 2228/1827/1642 2241/1783/1430 2240/1828/1431
f 1781/1702/1522 1791/1829/1430 1790/1830/1430
f 1928/1663/1643 1939/1831/1430 1925/1832/1644
f 1761/1833/1645 1762/1834/1646 1769/1655/1647
f 1854/1619/1648 1862/1835/1649 1861/1754/1650
f 2298/1836/1651 2312/1837/1526 2313/1838/1652
f 2046/1839/1653 2068/1840/1654 2050/1841/1655
f 1736/1669/1656 1732/1842/1579 1730/1843/1523
f 2221/1844/1657 2224/1805/1658 2219/1633/1659
f 1790/1845/1660 1780/1846/1661 1789/1847/1662
f 1785/1848/1663 1773/1849/1664 1784/1603/1665
f 1630/1596/1666 1618/1850/1667 1629/1769/1586
f 1817/1851/1668 1805/1852/1669 1816/1853/1670
f 1803/1691/1612 1815/1701/1427 1812/1702/1671
f 1903/1854/1672 1905/1693/1427 1912/1855/1430
f 1812/1702/1671 1822/1829/1430 1821/1739/1430
f 1895/1832/1612 1906/1856/1433 1905/1693/1427
f 1792/1857/1673 1793/1750/1674 1800/1618/1675
f 1824/1858/1676 1832/1859/1447 1831/1657/1436
f 1809/1860/1440 1827/1623/1446 1826/1624/1448
f 1807/1824/1613 1827/1623/1446 1809/1860/1440
f 1627/1861/1677 1643/1862/1678 1619/1863/1679
f 2527/1864/1513 2523/1865/1680 2504/1627/1681
f 2525/1866/1682 2522/1867/1683 2520/1671/1684
f 1828/1804/1685 1830/1719/1686 1825/1633/1687
f 2194/1868/1688 2174/1869/1559 2192/1870/1689
f 1791/1871/1690 1782/1872/1691 1790/1595/1660
f 1816/1853/1670 1804/1873/1692 1815/1603/1693
f 1818/1604/1423 1806/1605/1694 1817/1606/1668
f 1846/1776/1695 1835/1874/1696 1845/1875/1697
f 2360/1673/1698 2348/1640/1699 2368/1641/1700
f 1812/1702/1671 1821/1739/1430 1809/1860/1440
f 2261/1782/1701 2273/1876/1607 2272/1877/1430
f 1823/1878/1702 1824/1617/1676 1831/1879/1436
f 2339/1880/1703 2347/1656/1704 2346/1881/1705
f 2416/1622/1706 2432/1661/1707 2431/1882/1708
f 2079/1743/1709 2100/1883/1710 2081/1741/1711
f 1781/1884/1522 1798/1885/1712 1772/1886/1443
f 1586/1797/1612 1611/1626/1446 1590/1799/1713
f 1796/1887/1444 1801/1629/1714 1795/1630/1715
f 2116/1888/1716 2132/1889/1531 2107/1890/1485
f 1798/1891/1712 1794/1892/1717 1792/1893/1673
f 2131/1894/1718 2133/1632/1719 2128/1633/1532
f 1663/1645/1504 1651/1895/1720 1662/1683/1505
f 1847/1819/1721 1836/1820/1722 1846/1603/1695
f 1603/1896/1723 1591/1897/1724 1602/1604/1423
f 1631/1898/1725 1620/1899/1726 1630/1900/1666
f 1867/1901/1727 1877/1902/1430 1864/1832/1728
f 1873/1903/1729 1875/1904/1730 1882/1905/1430
f 2110/1743/1487 2121/1906/1430 2120/1907/1430
f 1898/1901/1613 1907/1908/1431 1895/1832/1612
f 1853/1909/1731 1854/1617/1648 1861/1910/1650
f 2036/1858/1435 2044/1835/1475 2043/1705/1476
f 2419/1911/1732 2434/1912/1733 2411/1913/1734
f 2228/1797/1642 2251/1798/1446 2231/1914/1613
f 1767/1802/1735 1763/1915/1451 1761/1916/1645
f 2280/1917/1736 2286/1918/1737 2282/1919/1539
f 2555/1920/1526 2558/1921/1537 2553/1633/1538
f 2515/1645/1738 2503/1922/1739 2514/1822/1740
f 1605/1923/1741 1594/1924/1742 1604/1925/1743
f 1727/1926/1744 1715/1927/1599 1726/1690/1598
f 1907/1928/1745 1894/1929/1746 1906/1930/1747
f 1905/1931/1748 1893/1932/1749 1912/1933/1750
f 2212/1645/1751 2201/1934/1752 2211/1935/1753
f 1880/1936/1754 1870/1937/1755 1879/1676/1497
f 1665/1938/1454 1654/1939/1756 1664/1681/1502
f 1851/1725/1757 1840/1940/1758 1850/1727/1759
f 1732/1941/1579 1731/1619/1524 1730/1942/1523
f 2239/1943/1427 2237/1944/1671 2228/1827/1642
f 1635/1945/1430 1624/1658/1760 1627/1946/1677
f 2383/1663/1613 2393/1783/1430 2380/1832/1642
f 1763/1947/1451 1762/1619/1646 1761/1948/1645
f 1883/1949/1490 1884/1617/1761 1891/1704/1762
f 2248/1619/1524 2256/1835/1763 2255/1950/1436
f 1624/1658/1760 1641/1661/1764 1640/1662/1765
f 2167/1839/1766 2190/1951/1767 2171/1627/1768
f 1611/1887/1446 1616/1629/1447 1610/1952/1448
f 2434/1712/1733 2430/1953/1769 2428/1954/1770
f 1978/1955/1771 1983/1655/1439 1980/1956/1772
f 2069/1957/1773 2072/1762/1774 2067/1633/1618
f 1971/1958/1775 1963/1959/1776 1961/1960/1777
f 1849/1961/1778 1839/1962/1779 1848/1606/1780
f 1911/1963/1781 1902/1964/1782 1910/1965/1783
f 1940/1966/1784 1929/1967/1785 1939/1606/1786
f 1908/1968/1787 1897/1969/1788 1907/1928/1745
f 1910/1970/1783 1899/1971/1789 1909/1972/1790
f 2090/1973/1791 2080/1974/1792 2089/1606/1793
f 2527/1691/1513 2511/1693/1515 2501/1975/1794
f 1956/1832/1795 1966/1701/1796 1981/1976/1573
f 2380/1832/1642 2391/1977/1427 2389/1944/1671
f 2325/1744/1797 2336/1978/1603 2335/1979/1798
f 1913/1949/1799 1914/1617/1800 1922/1980/1436
f 1793/1858/1674 1801/1620/1714 1800/1981/1675
f 2081/1741/1711 2100/1883/1710 2099/1624/1801
f 1867/1901/1727 1887/1982/1802 1869/1658/1803
f 2319/1983/1804 2341/1798/1805 2322/1984/1806
f 2100/1985/1710 2105/1629/1807 2099/1952/1801
f 2102/1891/1808 2098/1986/1809 2096/1987/1810
f 2433/1988/1811 2435/1632/1812 2430/1633/1769
f 1906/1989/1747 1894/1990/1746 1905/1931/1748
f 2027/1778/1597 2015/1777/1596 2034/1991/1813
f 2488/1992/1814 2479/1993/1815 2487/1994/1816
f 1879/1676/1497 1870/1937/1755 1868/1677/1498
f 2210/1596/1817 2199/1995/1818 2209/1996/1819
f 2276/1722/1820 2266/1997/1821 2275/1724/1822
f 1972/1998/1823 1964/1999/1824 1971/1958/1775
f 2185/2000/1591 2176/2001/1825 2184/2002/1826
f 2144/2003/1530 2153/2004/1827 2152/2005/1828
f 1959/2006/1829 1969/2007/1830 1968/2008/1430
f 2076/2009/1831 2087/2010/1430 2085/1944/1832
f 2152/2005/1828 2141/1610/1429 2144/2003/1530
f 1945/1833/1833 1946/1617/1834 1953/1980/1835
f 1700/1619/1565 1708/2011/1836 1707/2012/1566
f 1869/1658/1803 1887/1982/1802 1886/1660/1837
f 2471/1797/1484 2494/1798/1479 2474/1914/1481
f 2041/2013/1656 2037/2014/1838 2035/1714/1702
f 2190/2015/1767 2196/1710/1839 2192/1919/1689
f 2009/1804/1840 2012/1868/1841 2007/1633/1842
f 2012/1868/1841 1993/2016/1843 2010/2017/1844
f 2001/2018/1845 1991/1649/1846 2000/1650/1626
f 1969/1968/1847 1958/1969/1848 1968/2019/1849
f 1943/2020/1850 1933/2021/1851 1942/2022/1852
f 2216/1641/1853 2207/1594/1854 2215/1595/1855
f 1941/1779/1856 1930/2023/1857 1940/1966/1784
f 1606/1675/1496 1596/2024/1858 1605/1595/1741
f 2451/2025/1859 2438/2026/1860 2452/2027/1861
f 1970/2028/1862 1959/2006/1829 1962/2029/1863
f 2085/1944/1832 2094/2030/1430 2093/2031/1430
f 2020/1610/1864 2029/2032/1431 2016/1784/1865
f 1974/1857/1574 1975/1617/1437 1983/1655/1439
f 1914/1619/1800 1923/2033/1866 1922/1621/1436
f 1776/1824/1445 1796/1883/1444 1778/1860/1867
f 1986/1983/1868 2008/2034/1869 1990/1799/1870
f 1918/1887/1441 1923/1710/1866 1917/2035/1442
f 2523/2036/1680 2530/1629/1871 2526/2037/1872
f 2253/1669/1873 2249/1670/1874 2247/2038/1875
f 1919/2039/1876 1915/2040/1877 1916/2041/1878
f 1919/2042/1876 1921/1868/1879 1915/1633/1877
f 1943/2020/1850 1934/2043/1880 1933/2021/1851
f 1998/1596/1881 1987/2044/1882 1997/2045/1883
f 2544/1596/1884 2533/1995/1885 2543/2045/1886
f 1723/1768/1585 1711/2046/1887 1722/2047/1888
f 2060/1817/1889 2051/1818/1890 2059/1606/1891
f 2124/2048/1430 2112/1741/1558 2116/1903/1716
f 2147/1738/1525 2155/2049/1430 2154/2050/1892
f 1841/2051/1893 1850/1876/1894 1838/2052/1895
f 2334/2053/1894 2322/1610/1806 2325/1744/1797
f 2005/1949/1896 2006/1617/1897 2013/1751/1898
f 2188/1619/1609 2196/1656/1839 2195/1881/1899
f 1741/1983/1602 1764/2054/1900 1745/2055/1601
f 1704/2056/1901 1701/2057/1902 1699/2058/1564
f 2342/2059/1903 2345/1868/1904 2340/1633/1905
f 2094/2060/1906 2084/1993/1907 2093/2061/1908
f 1728/1816/1630 1717/2062/1909 1727/1926/1744
f 2029/2063/1910 2018/2064/1911 2028/2065/1595
f 2032/1936/1912 2022/2066/1913 2031/2067/1914
f 2031/2067/1914 2021/2068/1915 2030/2069/1916
f 2030/2070/1916 2019/2071/1917 2029/2063/1910
f 1962/2029/1863 1971/2072/1918 1970/2028/1862
f 2411/1691/1734 2421/1693/1431 2419/1944/1732
f 1968/2008/1430 1956/1832/1795 1959/2006/1829
f 2231/1663/1613 2241/1783/1430 2228/1827/1642
f 1778/1860/1867 1790/1830/1430 1789/1979/1430
f 2050/1782/1655 2059/2073/1830 2046/1784/1653
f 2035/2074/1702 2036/1617/1435 2043/1980/1476
f 2066/1619/1919 2074/2075/1920 2073/2076/1921
f 1898/1901/1613 1918/1623/1441 1900/1622/1440
f 2085/2077/1832 2102/1885/1808 2076/1890/1831
f 2349/1983/1922 2372/1798/1923 2353/1984/1924
f 2311/2078/1925 2317/1629/1529 2295/1711/1926
f 1859/1802/1927 1855/2079/1928 1853/2080/1731
f 1672/2081/1929 1678/1629/1475 1674/1760/1625
f 1703/1804/1930 1706/1921/1931 1701/1633/1902
f 2125/1814/1932 2115/1815/1933 2124/2082/1934
f 2058/2083/1935 2047/2084/1936 2057/2085/1937
f 1821/1728/1938 1811/1846/1939 1820/1847/1940
f 2034/1814/1813 2025/1815/1941 2033/2086/1942
f 2003/2087/1943 1994/1846/1944 2002/2088/1945
f 1604/1925/1743 1593/2089/1946 1603/1690/1723
f 2062/2090/1947 2054/2091/1948 2061/1727/1949
f 2511/1931/1950 2510/2092/1951 2519/2093/1952
f 1710/2094/1865 1723/2095/1431 1722/2096/1433
f 2085/1944/1832 2093/2031/1430 2081/1741/1711
f 2501/1975/1794 2519/2097/1519 2507/2098/1953
f 2211/2099/1730 2198/1613/1954 2202/1610/1955
f 2065/1833/1619 2066/1617/1919 2073/1910/1921
f 2400/1619/1435 2408/1835/1763 2407/1621/1436
f 1873/2100/1729 1889/1665/1488 1864/1913/1728
f 2258/1839/1426 2280/2054/1736 2261/2055/1701
f 1675/2101/1656 1671/2102/1554 1669/2038/1523
f 1979/1804/1534 1982/1762/1956 1976/1633/1535
f 1937/1769/1957 1924/2103/1958 1944/1770/1959
f 1698/1641/1459 1689/1594/1960 1697/1595/1545
f 2214/2104/1961 2204/1689/1962 2213/1690/1963
f 2063/1816/1964 2054/2091/1948 2062/2090/1947
f 2519/2093/1952 2509/2105/1965 2518/1595/1966
f 2123/1936/1967 2113/2106/1968 2122/2107/1969
f 1789/1847/1662 1779/2089/1970 1788/1690/1971
f 2033/2086/1942 2022/2108/1913 2032/2109/1912
f 1601/1851/1425 1588/2110/1972 1600/1601/1420
f 2208/1738/1973 2216/2111/1430 2215/1739/1974
f 2423/1908/1430 2411/1691/1734 2414/2112/1975
f 1956/1832/1795 1968/2008/1430 1967/2113/1427
f 1852/2114/1976 1841/1696/1893 1844/2115/1977
f 2096/2116/1810 2097/1617/1978 2104/1704/1979
f 1638/1880/1472 1646/1835/1980 1645/2076/1473
f 2112/1741/1558 2130/1883/1486 2129/2117/1981
f 2414/2112/1975 2432/1661/1707 2416/1622/1706
f 2389/2118/1671 2405/1665/1873 2380/1913/1642
f 1710/2119/1865 1733/2034/1575 1713/1799/1604
f 2494/1985/1479 2499/1710/1982 2493/2120/1480
f 2405/1669/1873 2401/1986/1983 2399/1671/1434
f 1860/1632/1984 1841/2051/1893 1858/2121/1985
f 2527/1864/1513 2520/2122/1684 2523/1865/1680
f 2121/2123/1986 2109/2124/1987 2120/2063/1988
f 2089/1851/1793 2078/2125/1989 2088/2126/1990
f 2271/1968/1991 2260/2127/1992 2270/2128/1993
f 2120/2063/1988 2108/2046/1994 2119/2129/1995
f 2268/2085/1996 2257/2130/1997 2276/1722/1820
f 2426/2131/1998 2417/2132/1999 2425/2133/2000
f 2183/2134/2001 2173/2135/2002 2182/1966/2003
f 1967/2136/2004 1957/2137/2005 1966/1603/2006
f 1788/1896/1971 1777/1897/2007 1787/1604/1631
f 2474/1663/1481 2484/2138/1430 2471/1827/1484
f 2539/1740/2008 2548/2139/1827 2547/2140/1828
f 2249/1941/1874 2248/1619/1524 2247/1793/1875
f 2126/1909/1533 2127/1617/2009 2134/1704/2010
f 1778/1860/1867 1796/1883/1444 1795/1624/1715
f 2237/2141/1671 2253/1665/1873 2228/1666/1642
f 2076/2142/1831 2100/1626/1710 2079/1668/1709
f 1887/1887/1802 1892/2143/2011 1886/2144/1837
f 2313/2056/1652 2310/2145/1538 2308/2058/2012
f 2101/2146/2013 2103/1632/2014 2098/1633/1809
f 2546/1645/1463 2535/1934/1464 2545/1935/1465
f 1942/2022/1852 1932/1927/2015 1941/1690/1856
f 2154/2147/1413 2145/1924/2016 2153/1688/1510
f 2149/1596/1884 2138/1995/1885 2148/2045/1886
f 1599/2148/1422 1585/2103/2017 1598/1673/1494
f 2179/2025/2018 2166/2149/2019 2186/1771/1589
f 2152/1648/1512 2142/2150/2020 2151/2151/1463
f 2124/2082/1934 2114/2152/2021 2123/2153/1967
f 2150/1647/1465 2139/1684/2022 2149/2154/1884
f 2150/1612/1431 2137/1613/1432 2141/1610/1429
f 2325/1744/1797 2335/1979/1798 2334/2053/1894
f 2536/2155/1429 2546/1611/1430 2545/2099/1431
f 2202/1610/1955 2212/1611/1430 2211/2099/1730
f 2183/2156/2023 2171/1786/1768 2174/1869/1559
f 2205/1740/1572 2214/2157/2024 2213/2158/2025
f 2156/2159/2012 2157/1617/1435 2164/1704/1611
f 2127/2160/2009 2135/1620/2026 2134/1705/2010
f 2208/2161/1973 2221/1844/1657 2222/1708/2027
f 1935/1861/2028 1951/1665/2029 1925/2162/1644
f 2375/2101/2030 2371/2163/1622 2369/2164/2031
f 2039/2165/1577 2042/1762/2032 2037/1633/1838
f 1737/1762/1578 1716/2166/1605 1735/2167/1576
f 1971/1958/1775 1961/1960/1777 1970/1727/2033
f 2122/2107/1969 2111/2168/2034 2121/2169/1986
f 2366/1688/2035 2355/1689/2036 2365/1690/2037
f 2181/2170/2038 2170/2171/2039 2180/2172/2040
f 1909/1972/1790 1899/1971/1789 1908/2173/1787
f 2301/2174/1431 2288/1784/2041 2291/2175/2042
f 2185/1653/1470 2174/1744/1559 2178/1651/1469
f 1864/1832/1728 1875/1904/1730 1873/1903/1729
f 2291/2175/2042 2303/2176/1430 2302/2177/1430
f 2363/2178/1730 2349/1613/1922 2353/1610/1924
f 2187/1654/1610 2188/1617/1609 2195/1751/1899
f 1608/1619/1435 1616/1620/1447 1615/1657/1436
f 2380/1797/1642 2403/1798/1446 2383/1914/1613
f 2466/2101/2043 2462/2057/2044 2460/2179/2045
f 1642/2165/2046 1644/1762/2047 1639/1633/2048
f 2345/1868/1904 2325/1869/1797 2343/2180/2049
f 2148/2045/1886 2136/2181/2050 2155/1593/1411
f 2239/2025/2051 2227/2182/2052 2246/2183/2053
f 2215/1728/1855 2206/1846/2054 2214/2104/1961
f 2213/2018/1963 2203/1649/2055 2212/2151/1751
f 2213/2158/2025 2202/1610/1955 2205/1740/1572
f 2532/1613/1432 2544/1614/1433 2543/1615/1427
f 2174/1869/1559 2184/1745/1560 2183/2156/2023
f 1834/1825/1641 1845/2184/1730 1844/2115/1977
f 2107/1700/1485 2118/2185/1430 2116/1903/1716
f 2217/2159/2056 2218/1617/2057 2225/1704/2058
f 2491/1619/2059 2499/2186/1982 2498/1881/2060
f 2411/2187/1734 2432/1626/1707 2414/2188/1975
f 2556/2056/1527 2553/2189/1538 2551/2164/2061
f 1673/1920/1577 1676/1808/1624 1671/1633/1554
f 2209/1996/1819 2197/2190/2062 2216/1641/1853
f 2368/1641/1700 2358/1594/2063 2367/1595/2064
f 1632/1645/1468 1621/2191/2065 1631/1898/1725
f 1660/1598/1416 1647/2192/2066 1668/1722/1540
f 2242/2193/2067 2232/2194/2068 2241/1606/2069
f 2332/2195/2070 2320/2196/2071 2331/2197/2072
f 2549/1728/1413 2540/2198/2016 2548/2104/1510
f 2242/2199/1430 2231/1663/1613 2234/1658/1477
f 2322/1610/1806 2332/2200/1427 2319/2201/1804
f 1873/1903/1729 1882/1905/1430 1881/2202/1430
f 2020/1610/1864 2030/2203/1430 2029/2032/1431
f 1885/1941/1489 1884/2204/1761 1883/1793/1490
f 2247/1654/1875 2248/1750/1524 2255/2205/1436
f 2006/1880/1897 2014/1656/2073 2013/1881/1898
f 1592/1741/1440 1611/1661/1446 1610/2117/1448
f 1812/2206/1671 1829/1885/2074 1803/1890/1612
f 2521/2207/2075 2530/1620/1871 2529/1796/2076
f 1864/1797/1728 1887/1798/1802 1867/2055/1727
f 2403/1887/1446 2408/1918/1763 2402/2144/1448
f 2463/2015/2077 2469/1629/1568 2465/2208/2078
f 2222/2056/2027 2219/2189/1659 2217/2164/2056
f 1612/2209/1685 1614/1868/1686 1609/1633/1838
f 2246/2183/2053 2238/1774/2079 2245/2210/2080
f 2331/1596/2072 2318/2211/2081 2330/2045/2082
f 2211/1935/1753 2200/1684/2083 2210/2154/1817
f 2299/2212/2084 2287/2213/2085 2307/2214/2086
f 2274/2215/2087 2265/2216/2088 2273/1727/2089
f 2273/2217/2089 2263/2218/2090 2272/2219/2091
f 2518/1845/1966 2508/2220/2092 2517/2221/2093
f 2261/1782/1701 2270/1608/1427 2258/1607/1426
f 2264/1698/1520 2273/1876/1607 2261/1782/1701
f 2482/1977/1430 2480/2222/1482 2471/1827/1484
f 1760/2114/1976 1748/2223/1606 1752/2224/2094
f 2277/1833/2095 2278/1617/2096 2285/1655/2097
f 1762/1619/1646 1770/2225/2098 1769/1754/1647
f 1648/1983/1865 1672/2226/1929 1652/1799/2099
f 1641/1800/1764 1646/2143/1980 1640/1801/1765
f 2193/1757/2100 2189/2227/1608 2187/2038/1610
f 1950/2165/2101 1952/1632/2102 1947/1633/2103
f 2042/1762/2032 2023/2228/1561 2040/2229/1625
f 2307/2214/2086 2297/2230/2104 2306/1595/2105
f 2303/2231/2106 2293/2232/2107 2302/2233/2108
f 1968/2019/1849 1957/2137/2005 1967/2136/2004
f 2244/2234/2109 2235/2235/2110 2243/2236/2111
f 2272/2219/2091 2262/1818/2112 2271/1606/1991
f 2300/2237/2113 2289/2238/2114 2299/1603/2084
f 2487/1994/1816 2478/2239/2115 2486/2236/2116
f 2517/2240/1894 2504/2006/1681 2507/2098/1953
f 2306/2241/2117 2295/1696/1926 2298/2242/1651
f 1925/1832/1644 1938/2243/1428 1937/2244/1830
f 2291/2175/2042 2302/2177/1430 2301/2174/1431
f 2365/2158/1519 2353/1610/1924 2356/2245/2118
f 2308/1749/2012 2309/1617/2119 2316/1704/1611
f 2278/1858/2096 2286/2075/1737 2285/2076/2097
f 1590/1824/1713 1611/1661/1446 1592/1741/1440
f 2501/2246/1794 2525/2247/1682 2527/2248/1513
f 1803/2142/1612 1827/1840/1446 1807/1627/1613
f 2432/1887/1707 2437/1629/2120 2431/2249/1708
f 1829/1891/2074 1825/1892/1687 1823/1987/1702
f 1856/2081/2121 1862/1629/1649 1858/1919/1985
f 2160/1804/1526 2163/1921/1537 2158/1633/1538
f 2306/2250/2105 2296/1924/2122 2305/2251/2123
f 2243/2252/2111 2233/2253/2124 2242/2193/2067
f 1635/1637/1455 1626/1639/1457 1634/1926/2125
f 2391/1769/2126 2379/2103/2127 2398/1770/2128
f 2543/2045/1886 2531/2181/2050 2550/2254/1411
f 2322/1610/1806 2333/2255/1430 2332/2200/1427
f 2208/1738/1973 2215/1739/1974 2205/1740/1572
f 2330/2256/1830 2329/1651/2129 2319/2201/1804
f 2446/1698/2130 2456/2257/1607 2443/2258/2131
f 2147/1738/1525 2154/2050/1892 2144/2259/1530
f 2338/1857/2132 2339/1617/1703 2346/1655/1705
f 2429/1619/2133 2437/1620/2120 2436/1657/2134
f 1690/2260/1555 1703/2261/1930 1704/1708/1901
f 1928/1663/1643 1949/1659/1614 1931/1658/2135
f 2283/2262/2136 2279/2263/1493 2277/2080/2095
f 1981/2264/1573 1974/1857/1574 1978/1955/1771
f 2011/1712/2137 2007/2265/1842 2005/1987/1896
f 2008/2266/1869 2014/1629/2073 2010/1919/1844
f 2495/2267/2138 2497/1762/2139 2492/1633/2140
f 2467/1632/2141 2446/2268/2130 2465/2269/2078
f 2396/2270/2142 2387/2239/2143 2395/1727/2144
f 2334/2134/2145 2324/2135/2146 2333/2271/2147
f 2330/2045/2082 2328/2272/2148 2337/2273/2149
f 1822/1871/2150 1813/1872/2151 1821/1595/1938
f 1970/2274/2033 1960/1897/2152 1969/2173/1847
f 1634/1926/2125 1625/1927/2153 1633/1690/1466
f 2365/1648/2037 2354/1643/1461 2364/1642/1460
f 2367/2087/2064 2357/1846/2154 2366/1688/2035
f 2545/2099/1431 2532/1613/1432 2536/2155/1429
f 2319/2201/1804 2331/2275/1428 2330/2256/1830
f 1838/2052/1895 1848/1783/1427 1834/1825/1641
f 2411/1691/1734 2422/2276/2155 2421/1693/1431
f 1937/2244/1830 1935/2222/2028 1925/1832/1644
f 2369/1654/2031 2370/1617/2156 2377/2277/2157
f 1946/2278/1834 1954/1753/1615 1953/1754/1835
f 2231/1663/1613 2251/1659/1446 2234/1658/1477
f 1595/2279/1671 1613/1912/2074 1586/1863/1612
f 1834/2119/1641 1856/1798/2121 1838/2280/1895
f 2344/1712/2158 2340/2265/1905 2338/2281/2132
f 2341/2266/1805 2347/1710/1704 2343/1919/2049
f 1857/2165/2159 1860/1632/1984 1855/1633/1928
f 2397/2282/2160 2388/1993/2161 2396/2270/2142
f 2514/1822/1740 2503/1922/1739 2513/2283/2162
f 2398/1770/2128 2390/1774/2163 2397/2210/2160
f 2395/2252/2144 2385/2253/2164 2394/2284/2067
f 1809/1860/1440 1821/1739/1430 1820/1979/1430
f 2396/2285/1430 2386/1658/1477 2389/1944/1671
f 2079/1743/1709 2089/1823/1430 2076/2009/1831
f 2487/2285/1430 2477/1658/1478 2480/2222/1482
f 2399/1654/1434 2400/1750/1435 2407/1980/1436
f 1884/2204/1761 1892/2033/2011 1891/1950/1762
f 1931/1658/2135 1949/1659/1614 1948/1660/1616
f 1622/1663/2165 1641/1661/1764 1624/1658/1760
f 1925/1797/1644 1949/1798/1614 1928/1627/1643
f 2072/1762/1774 2053/2286/2166 2070/2287/2167
f 2130/1985/1486 2135/1629/2026 2129/2144/1981
f 2496/1669/1483 2492/1986/2140 2490/1671/2168
f 2038/2081/1575 2044/1629/1475 2040/1919/1625
f 2252/2288/1685 2254/1762/2169 2249/1633/1874
f 2394/2284/2067 2384/2289/2068 2393/1606/2170
f 2422/1989/2171 2410/1990/2172 2421/1773/2173
f 2363/1822/1640 2352/1821/1462 2362/2290/2174
f 2427/2291/2175 2418/2292/2176 2426/2131/1998
f 2424/1968/2177 2413/1969/2178 2423/1928/2179
f 2301/1683/2180 2290/2293/2181 2300/2237/2113
f 2095/2294/2182 2086/2295/2183 2094/1724/1906
f 1820/1847/1940 1810/2089/2184 1819/1690/2185
f 2482/1769/2186 2470/2103/2187 2489/2296/2188
f 1696/1730/1547 1687/2297/1552 1695/1690/1551
f 1895/1832/1612 1905/1693/1427 1903/1854/1672
f 2542/1694/1525 2550/2298/1430 2549/1739/1892
f 2419/1944/1732 2426/2299/1430 2416/1622/1706
f 1662/2174/1431 1648/1613/1865 1652/2300/2099
f 1695/2158/2189 1684/1610/2190 1686/1740/1557
f 2053/2301/2166 2061/1791/1517 2050/1782/1655
f 2428/1616/1770 2429/1617/2133 2436/2302/2134
f 2370/1880/2156 2378/1753/2191 2377/1796/2157
f 2110/1743/1487 2130/1883/1486 2112/1741/1558
f 1903/2206/1672 1920/2303/2192 1895/2162/1612
f 2161/2056/1527 2158/2304/1538 2156/2164/2012
f 1764/1917/1900 1770/2305/2098 1766/2306/2193
f 2404/2307/1685 2406/1632/2169 2401/1633/1983
f 1705/2308/2194 1707/1751/1566 1702/2309/2195
f 2550/2254/1411 2541/1594/1412 2549/1595/1413
f 2545/1935/1465 2534/2310/2022 2544/2154/1884
f 2004/2311/2196 1995/2312/2197 2003/1595/1943
f 2421/1773/2173 2409/2313/2198 2427/2314/2175
f 1976/2315/1535 1975/1619/1437 1974/1793/1574
f 2023/1746/1561 2031/1748/1563 2020/1610/1864
f 1741/1784/1602 1754/2316/1730 1752/2224/2094
f 2460/1833/2045 2461/1617/1567 2468/1655/1569
f 2552/1619/1435 2560/2317/1529 2559/2318/1611
f 2524/2042/2199 2528/1805/2200 2522/1633/1683
f 1619/1797/1679 1641/1798/1764 1622/2319/2165
f 1951/1669/2029 1947/2304/2103 1945/2179/1833
f 1797/2320/2201 1799/1719/2202 1794/1633/1717
f 2557/1806/1623 2559/1980/1611 2554/1807/1528
f 2376/1805/1621 2356/2245/2118 2374/2321/2203
f 2454/2322/2204 2442/2323/2205 2453/2172/2206
f 2453/2172/2206 2440/2324/2207 2451/1603/1859
f 2002/2088/1945 1992/2325/2208 2001/1690/1845
f 2423/1928/2179 2410/1929/2172 2422/1930/2171
f 2486/2252/2116 2476/2253/2209 2485/2284/2210
f 2452/2027/1861 2450/1774/2211 2459/2326/2212
f 2485/2284/2210 2475/2289/2213 2484/1606/1548
f 1819/1896/2185 1808/1897/1724 1818/1604/1423
f 1864/1832/1728 1876/2275/1830 1875/1904/1730
f 1981/1976/1573 1973/2327/2214 1962/2029/1863
f 2110/1743/1487 2120/1907/1430 2107/1700/1485
f 2359/1738/2215 2367/1739/1517 2356/2259/2118
f 1741/1784/1602 1756/1783/1427 1755/1826/1428
f 1622/1663/2165 1631/2328/1730 1619/1832/1679
f 2490/1949/2168 2491/1750/2059 2498/1910/2060
f 2097/1858/1978 2105/1620/1807 2104/1705/1979
f 2386/1658/1477 2403/1659/1446 2402/2329/1448
f 2501/2246/1794 2524/2330/2199 2525/2247/1682
f 2439/2331/2216 2463/2332/2077 2443/2319/2131
f 2251/1887/1446 2256/2143/1763 2250/2144/1448
f 2554/1755/1528 2560/1756/1529 2539/1711/2008
f 1643/2333/1678 1639/2334/2048 1637/2058/1471
f 1888/2335/2217 1890/1762/2218 1885/1633/1489
f 1912/1814/1750 1904/2336/2219 1911/1963/1781
f 2519/2093/1952 2510/2092/1951 2509/2105/1965
f 2512/2337/2220 2500/2338/2221 2511/1931/1950
f 2517/1936/2093 2506/2339/2222 2516/2340/2223
f 2548/2104/1510 2538/1689/1511 2547/1690/1512
f 2180/2172/2040 2168/2324/2224 2179/1603/2018
f 2064/1814/2225 2055/1815/2226 2063/1816/1964
f 2425/2341/2000 2415/1897/2227 2424/2173/2177
f 1781/1702/1522 1790/1830/1430 1778/1860/1867
f 1786/2342/1430 1772/1700/1443 1776/1824/1445
f 1903/1854/1672 1911/1788/1430 1900/1622/1440
f 2383/1663/1613 2403/1659/1446 2386/1658/1477
f 2520/2122/1684 2521/1617/2075 2529/1618/2076
f 2309/1858/2119 2317/1835/1529 2316/2318/1611
f 1956/2187/1795 1978/1955/1771 1959/2319/1829
f 1920/1757/2192 1916/2041/1878 1913/2080/1799
f 2068/2343/1654 2074/1629/1920 2070/2344/2167
f 2191/2042/2228 2194/1868/1688 2189/1633/1608
f 2314/1806/1623 2316/1704/1611 2311/2345/1925
f 1768/1632/1450 1748/1790/1606 1766/2346/2193
f 2516/2340/2223 2506/2339/2222 2505/2347/2229
f 2057/2085/1937 2045/2348/2230 2064/1991/2225
f 2489/2296/2188 2481/1774/2231 2488/2349/1814
f 1997/2045/1883 1985/1640/2232 2004/2311/2196
f 2091/2350/2233 2080/1974/1792 2090/1973/1791
f 1722/2351/1888 1709/2352/2234 1721/1773/1592
f 2547/1648/1512 2537/1649/2020 2546/2233/1463
f 2516/2340/2223 2505/2347/2229 2515/2353/1738
f 2542/1694/1525 2549/1739/1892 2539/1740/2008
f 2547/2140/1828 2536/2155/1429 2539/1740/2008
f 2551/2159/2061 2552/1617/1435 2559/1980/1611
f 2218/1619/2057 2226/2317/1571 2225/1796/2058
f 2147/2354/1525 2160/2355/1526 2161/1708/1527
f 2016/1983/1865 2038/1798/1575 2020/2280/1864
f 1702/2356/2195 1708/1756/1836 1686/2357/1557
f 1613/1712/2074 1609/2358/1838 1607/1893/1434
f 2372/2015/1923 2378/1629/2191 2374/1760/2203
f 2464/2359/2235 2467/1632/2141 2462/1633/2044
f 2223/2360/2236 2225/1704/2058 2220/1807/1570
f 1585/2361/2237 1587/2362/2237 1588/2363/2237
f 1597/2364/2237 1585/2361/2237 1588/2363/2237
f 1588/2363/2237 1589/2365/2237 1591/2366/2237
f 1591/2366/2237 1593/2367/2237 1594/2368/2237
f 1594/2368/2237 1596/2369/2237 1597/2364/2237
f 1724/1606/1583 1714/2370/2238 1712/1644/1584
f 1617/2371/2237 1618/2372/2237 1620/2373/2237
f 1620/2373/2237 1621/2374/2237 1623/2375/2237
f 1623/2375/2237 1625/2376/2237 1626/2377/2237
f 1626/2377/2237 1628/2378/2237 1617/2371/2237
f 1656/2379/2237 1657/2380/2237 1658/2381/2237
f 1647/2382/2237 1649/2383/2237 1650/2384/2237
f 1650/2384/2237 1651/2385/2237 1653/2386/2237
f 1653/2386/2237 1654/2387/2237 1656/2379/2237
f 1656/2379/2237 1658/2381/2237 1647/2382/2237
f 1679/2388/2237 1681/2389/2237 1682/2390/2237
f 1682/2390/2237 1683/2391/2237 1685/2392/2237
f 1685/2392/2237 1687/2393/2237 1688/2394/2237
f 1688/2394/2237 1689/2395/2237 1679/2388/2237
f 1720/2396/2237 1709/2397/2237 1711/2398/2237
f 1711/2398/2237 1712/2399/2237 1714/2400/2237
f 1714/2400/2237 1715/2401/2237 1717/2402/2237
f 1717/2402/2237 1718/2403/2237 1720/2396/2237
f 1747/2404/2237 1749/2405/2237 1750/2406/2237
f 1740/2407/2237 1742/2408/2237 1743/2409/2237
f 1743/2409/2237 1744/2410/2237 1746/2411/2237
f 1746/2411/2237 1747/2404/2237 1750/2406/2237
f 1750/2406/2237 1751/2412/2237 1740/2407/2237
f 1773/2413/2237 1774/2414/2237 1775/2365/2237
f 1783/2415/2237 1771/2416/2237 1773/2413/2237
f 1773/2413/2237 1775/2365/2237 1777/2417/2237
f 1777/2417/2237 1779/2367/2237 1780/2418/2237
f 1780/2418/2237 1782/2419/2237 1783/2415/2237
f 1804/2420/2237 1805/2421/2237 1806/2365/2237
f 1814/2415/2237 1802/2416/2237 1804/2420/2237
f 1804/2420/2237 1806/2365/2237 1808/2417/2237
f 1808/2417/2237 1810/2367/2237 1811/2422/2237
f 1811/2422/2237 1813/2419/2237 1814/2415/2237
f 1833/2382/2237 1835/2423/2237 1836/2409/2237
f 1836/2409/2237 1837/2410/2237 1839/2424/2237
f 1839/2424/2237 1840/2425/2237 1842/2406/2237
f 1842/2406/2237 1843/2412/2237 1833/2382/2237
f 1863/2426/2237 1865/2427/2237 1866/2428/2237
f 1874/2429/2237 1863/2426/2237 1866/2428/2237
f 1868/2430/2237 1870/2431/2237 1871/2432/2237
f 1871/2432/2237 1872/2433/2237 1874/2429/2237
f 1893/2434/2237 1894/2435/2237 1896/2436/2237
f 1896/2436/2237 1897/2437/2237 1899/2438/2237
f 1899/2438/2237 1901/2439/2237 1902/2440/2237
f 1902/2440/2237 1904/2441/2237 1893/2434/2237
f 1913/2442/1799 1916/2443/1878 1915/2444/1877
f 1926/2445/2237 1927/2446/2237 1929/2447/2237
f 1936/2448/2237 1924/2426/2237 1926/2445/2237
f 1926/2445/2237 1929/2447/2237 1930/2449/2237
f 1930/2449/2237 1932/2376/2237 1933/2450/2237
f 1933/2450/2237 1934/2451/2237 1936/2448/2237
f 1965/2452/2237 1955/2416/2237 1957/2453/2237
f 1957/2453/2237 1958/2437/2237 1960/2417/2237
f 1960/2417/2237 1961/2454/2237 1963/2455/2237
f 1963/2455/2237 1964/2456/2237 1965/2452/2237
f 1974/1793/1574 1977/2457/1536 1976/2315/1535
f 1985/2458/2237 1987/2459/2237 1988/2460/2237
f 1988/2460/2237 1989/2461/2237 1991/2462/2237
f 1991/2462/2237 1992/2463/2237 1994/2418/2237
f 1994/2418/2237 1995/2395/2237 1985/2458/2237
f 2015/2464/2237 2017/2465/2237 2018/2466/2237
f 2018/2466/2237 2019/2467/2237 2021/2468/2237
f 2021/2468/2237 2022/2469/2237 2024/2470/2237
f 2024/2470/2237 2025/2471/2237 2015/2464/2237
f 2045/2407/2237 2047/2408/2237 2048/2472/2237
f 2048/2472/2237 2049/2473/2237 2051/2411/2237
f 2051/2411/2237 2052/2404/2237 2054/2474/2237
f 2054/2474/2237 2055/2471/2237 2045/2407/2237
f 2086/2475/2237 2075/2476/2237 2077/2477/2237
f 2077/2477/2237 2078/2478/2237 2080/2479/2237
f 2080/2479/2237 2082/2480/2237 2083/2481/2237
f 2083/2481/2237 2084/2482/2237 2086/2475/2237
f 2117/2475/2237 2106/2483/2237 2108/2484/2237
f 2108/2484/2237 2109/2485/2237 2111/2486/2237
f 2111/2486/2237 2113/2487/2237 2114/2481/2237
f 2114/2481/2237 2115/2403/2237 2117/2475/2237
f 2136/2388/2237 2138/2488/2237 2139/2384/2237
f 2139/2384/2237 2140/2489/2237 2142/2375/2237
f 2142/2375/2237 2143/2490/2237 2145/2491/2237
f 2145/2491/2237 2146/2395/2237 2136/2388/2237
f 2173/2492/2237 2175/2493/2237 2176/2494/2237
f 2166/2495/2237 2168/2496/2237 2169/2497/2237
f 2169/2497/2237 2170/2498/2237 2172/2499/2237
f 2172/2499/2237 2173/2492/2237 2176/2494/2237
f 2176/2494/2237 2177/2500/2237 2166/2495/2237
f 2197/2501/2237 2199/2488/2237 2200/2384/2237
f 2200/2384/2237 2201/2502/2237 2203/2462/2237
f 2203/2462/2237 2204/2503/2237 2206/2418/2237
f 2206/2418/2237 2207/2395/2237 2197/2501/2237
f 2238/2504/2237 2227/2505/2237 2229/2506/2237
f 2229/2506/2237 2230/2507/2237 2232/2508/2237
f 2232/2508/2237 2233/2509/2237 2235/2432/2237
f 2235/2432/2237 2236/2510/2237 2238/2504/2237
f 2257/2511/2237 2259/2512/2237 2260/2513/2237
f 2262/2514/2237 2263/2404/2237 2265/2515/2237
f 2265/2515/2237 2266/2516/2237 2257/2511/2237
f 2290/2517/2237 2292/2518/2237 2293/2519/2237
f 2289/2520/2237 2290/2517/2237 2293/2519/2237
f 2293/2519/2237 2294/2376/2237 2296/2368/2237
f 2296/2368/2237 2297/2521/2237 2287/2522/2237
f 2324/2492/2237 2326/2523/2237 2327/2524/2237
f 2328/2525/2237 2318/2526/2237 2320/2527/2237
f 2320/2527/2237 2321/2528/2237 2323/2499/2237
f 2323/2499/2237 2324/2492/2237 2327/2524/2237
f 2348/2388/2237 2350/2372/2237 2351/2529/2237
f 2351/2529/2237 2352/2530/2237 2354/2531/2237
f 2354/2531/2237 2355/2532/2237 2357/2418/2237
f 2357/2418/2237 2358/2533/2237 2348/2388/2237
f 2390/2504/2237 2379/2361/2237 2381/2534/2237
f 2381/2534/2237 2382/2507/2237 2384/2535/2237
f 2384/2535/2237 2385/2536/2237 2387/2537/2237
f 2387/2537/2237 2388/2482/2237 2390/2504/2237
f 2409/2538/2237 2410/2435/2237 2412/2436/2237
f 2412/2436/2237 2413/2437/2237 2415/2417/2237
f 2415/2417/2237 2417/2539/2237 2418/2540/2237
f 2418/2540/2237 2420/2541/2237 2409/2538/2237
f 2450/2396/2237 2438/2542/2237 2440/2496/2237
f 2450/2396/2237 2440/2496/2237 2441/2460/2237
f 2441/2460/2237 2442/2543/2237 2444/2544/2237
f 2444/2544/2237 2445/2545/2237 2447/2546/2237
f 2447/2546/2237 2448/2547/2237 2450/2396/2237
f 2470/2361/2237 2472/2548/2237 2473/2549/2237
f 2481/2504/2237 2470/2361/2237 2473/2549/2237
f 2475/2550/2237 2476/2509/2237 2478/2537/2237
f 2478/2537/2237 2479/2482/2237 2481/2504/2237
f 2510/2551/2237 2500/2552/2237 2502/2553/2237
f 2502/2553/2237 2503/2554/2237 2505/2555/2237
f 2505/2555/2237 2506/2556/2237 2508/2557/2237
f 2508/2557/2237 2509/2558/2237 2510/2551/2237
f 2531/2559/2237 2533/2488/2237 2534/2560/2237
f 2534/2560/2237 2535/2502/2237 2537/2375/2237
f 2537/2375/2237 2538/2490/2237 2540/2422/2237
f 2540/2422/2237 2541/2395/2237 2531/2559/2237
f 1628/2561/1456 1636/1770/1588 1617/1640/1587
f 1815/2562/1693 1804/2563/1692 1802/2564/2239
f 2121/2123/1986 2111/2565/2034 2109/2124/1987
f 1660/1598/1416 1649/1597/1415 1647/2192/2066
f 1725/1781/1600 1715/1780/1599 1714/2370/2238
f 1878/2566/1499 1868/2565/1498 1866/1764/1581
f 2482/1769/2186 2472/2563/2240 2470/2103/2187
f 1604/1925/1743 1594/1924/1742 1593/2089/1946
f 1603/1896/1723 1593/2567/1946 1591/1897/1724
f 1605/1923/1741 1596/2568/1858 1594/1924/1742
f 2176/2494/2237 2169/2497/2237 2172/2499/2237
f 1592/1741/1440 1605/2569/1430 1604/2570/1430
f 1586/1832/1612 1601/1823/1430 1600/2571/1431
f 2539/1740/2008 2549/1739/1892 2548/2139/1827
f 1909/2572/1430 1898/1901/1613 1900/1622/1440
f 2366/2573/2241 2365/2158/1519 2356/2245/2118
f 2416/1622/1706 2426/2299/1430 2425/2574/1430
f 1661/2575/1433 1660/2576/1427 1648/1613/1865
f 2116/1903/1716 2118/2185/1430 2125/2577/1430
f 2462/2578/2044 2469/1753/1568 2461/1752/1567
f 2551/2579/2061 2553/2580/1538 2552/1619/1435
f 2526/2581/1872 2528/1805/2200 2507/2582/1953
f 2439/2583/2216 2449/2584/2242 2464/2359/2235
f 2288/2585/2041 2313/1838/1652 2314/2586/1623
f 1627/1861/1677 1642/2587/2046 1643/1862/1678
f 1990/2258/1870 2008/2588/1869 2010/2017/1844
f 1772/1625/1443 1798/2589/1712 1796/1626/1444
f 1953/1980/1835 1951/2590/2029 1945/1833/1833
f 1981/1757/1573 1979/2591/1534 1977/1717/1536
f 2341/2266/1805 2346/2592/1705 2347/1710/1704
f 2404/2307/1685 2402/2593/1448 2406/1632/2169
f 1934/2105/1880 1944/1770/1959 1936/2594/2243
f 2499/2595/1982 2497/1762/2139 2493/2596/1480
f 2301/1683/2180 2292/2565/2244 2290/2293/2181
f 2452/2027/1861 2438/2026/1860 2450/1774/2211
f 1753/2597/1639 1743/2563/1638 1742/2084/2245
f 2117/2295/2246 2118/2598/2247 2106/2599/2248
f 1601/1851/1425 1589/2600/1424 1588/2110/1972
f 1728/1816/1630 1718/1815/1629 1717/2062/1909
f 1632/1650/1468 1623/1649/1467 1621/1644/2065
f 1727/1926/1744 1717/2062/1909 1715/1927/1599
f 2332/2195/2070 2321/2601/2249 2320/2196/2071
f 2450/2396/2237 2444/2544/2237 2447/2546/2237
f 1633/1648/1466 1625/2602/2153 1623/1649/1467
f 1776/1824/1445 1788/2603/1430 1787/2604/1430
f 1684/1610/2190 1693/2605/1830 1680/1613/2250
f 1627/1946/1677 1636/2606/1430 1635/1945/1430
f 1787/2604/1430 1786/2342/1430 1776/1824/1445
f 1648/1613/1865 1662/2174/1431 1661/2575/1433
f 2250/2596/1448 2237/2141/1671 2234/2607/1477
f 2453/2608/1428 2451/2609/1830 2439/2610/2216
f 1748/2223/1606 1760/2114/1976 1759/2611/2251
f 2005/2612/1896 2007/2613/1842 2006/1880/1897
f 1686/1740/1557 1684/1610/2190 1702/2614/2195
f 2480/1664/1482 2495/2267/2138 2496/1665/1483
f 2377/2277/2157 2375/2590/2030 2369/1654/2031
f 2319/1983/1804 2344/2590/2158 2341/1798/1805
f 2525/1866/1682 2524/2615/2199 2522/1867/1683
f 2375/2101/2030 2373/2616/1620 2371/2163/1622
f 1949/1800/1614 1953/2592/1835 1954/1629/1615
f 1888/2335/2217 1886/2593/1837 1890/1762/2218
f 1740/2348/2252 1753/2597/1639 1742/2084/2245
f 1630/1900/1666 1620/1899/1726 1618/2617/1667
f 1629/1769/1586 1618/1850/1667 1617/1640/1587
f 2488/2349/1814 2481/1774/2231 2479/2618/1815
f 1819/1896/2185 1810/2567/2184 1808/1897/1724
f 1717/2402/2237 1711/2398/2237 1714/2400/2237
f 1661/1685/1414 1650/1684/1506 1649/2617/1415
f 1600/1601/1420 1588/2110/1972 1587/1602/1421
f 1663/1650/1504 1653/1682/1503 1651/1644/1720
f 1691/1600/1419 1681/1599/1418 1679/1640/1458
f 2114/2481/2237 2108/2484/2237 2111/2486/2237
f 1684/1610/2190 1695/2158/2189 1694/2619/1430
f 1713/1786/1604 1725/2620/1430 1724/2621/1430
f 1998/2622/1431 1997/2256/1431 1986/2610/1868
f 1622/1663/2165 1633/2623/1430 1632/2624/1430
f 1928/1663/1643 1931/1658/2135 1940/2625/1430
f 2167/2610/1766 2180/2608/2155 2179/2626/1431
f 1763/1947/1451 1770/2225/2098 1762/1619/1646
f 2311/2345/1925 2288/1839/2041 2314/1806/1623
f 1680/2627/2250 1690/2260/1555 1704/1708/1901
f 2198/2627/1954 2222/1708/2027 2223/2628/2236
f 1981/2629/1573 1962/2630/1863 1979/1715/1534
f 1903/2206/1672 1919/2039/1876 1920/2303/2192
f 2542/1706/1525 2539/2631/2008 2555/1920/1526
f 1959/2006/1829 1978/2632/1771 1980/2633/1772
f 1738/1795/1476 1736/2589/1656 1730/1794/1523
f 2100/1985/1710 2104/2592/1979 2105/1629/1807
f 2039/2165/1577 2023/2228/1561 2042/1762/2032
f 1965/2634/2253 1966/2562/2006 1955/2564/2254
f 2135/2635/2026 2133/1632/1719 2129/2636/1981
f 1722/2047/1888 1711/2046/1887 1709/2617/2234
f 1697/1728/1545 1689/2637/1960 1688/1729/1546
f 1682/2638/2255 1694/2639/2256 1683/1934/2257
f 1682/2638/2255 1692/2640/1417 1693/2641/2258
f 2492/2580/2140 2499/2186/1982 2491/1619/2059
f 1696/1730/1547 1688/1729/1546 1687/2297/1552
f 2361/2642/1431 2360/2643/1427 2349/1613/1922
f 1698/2111/1430 1697/1739/1556 1690/1738/1555
f 1663/2644/1430 1662/2174/1431 1652/2300/2099
f 2414/2112/1975 2424/2007/1430 2423/1908/1430
f 2171/1786/1768 2183/2156/2023 2182/2625/1430
f 1931/1658/2135 1941/1785/1430 1940/2625/1430
f 2116/1903/1716 2125/2577/1430 2124/2048/1430
f 2137/1613/1432 2150/1612/1431 2149/1614/1433
f 1637/2612/1471 1639/2580/2048 1638/1880/1472
f 1610/2645/1448 1595/2279/1671 1592/2646/1440
f 1986/2583/1868 1996/2584/2259 2009/2647/1840
f 1993/2016/1843 1990/2258/1870 2010/2017/1844
f 1648/2627/1865 1673/2648/1577 1675/2649/1656
f 1713/1786/1604 1733/2650/1575 1735/2167/1576
f 2359/2651/2215 2356/2245/2118 2373/1804/1620
f 2220/1807/1570 2198/1983/1954 2223/2360/2236
f 1891/1704/1762 1889/2590/1488 1883/1949/1490
f 1586/1797/1612 1613/2652/2074 1611/1626/1446
f 2162/2653/1623 2161/2056/1527 2156/2164/2012
f 2193/1757/2100 2191/2654/2228 2189/2227/1608
f 2372/2015/1923 2377/2592/2157 2378/1629/2191
f 2160/1804/1526 2144/2003/1530 2163/1921/1537
f 1688/2394/2237 1682/2390/2237 1685/2392/2237
f 2437/2655/2120 2435/1632/1812 2431/2656/1708
f 2550/2254/1411 2531/2181/2050 2541/1594/1412
f 1668/1722/1540 1647/2192/2066 1658/1723/1541
f 1750/2657/2260 1760/2658/2261 1751/2659/2262
f 1698/1641/1459 1679/1640/1458 1689/1594/1960
f 1599/2148/1422 1587/2563/1421 1585/2103/2017
f 2120/2063/1988 2109/2124/1987 2108/2046/1994
f 1822/1871/2150 1814/2660/2263 1813/1872/2151
f 1789/1847/1662 1780/1846/1661 1779/2089/1970
f 2489/2296/2188 2470/2103/2187 2481/1774/2231
f 1740/2407/2237 1746/2411/2237 1750/2406/2237
f 1994/2418/2237 1988/2460/2237 1991/2462/2237
f 1660/2576/1427 1659/1694/1516 1648/1613/1865
f 2443/2258/2131 2455/2661/1430 2454/2662/1427
f 2386/1658/1477 2395/2663/1430 2394/2664/1430
f 1753/2665/1830 1754/2316/1730 1741/1784/1602
f 1639/2580/2048 1646/1835/1980 1638/1880/1472
f 2449/2666/2242 2452/2667/1730 2459/2668/1430
f 1841/1696/1893 1852/2114/1976 1851/2611/2264
f 1755/1819/1637 1744/2669/2265 1743/1820/1638
f 2349/2583/1922 2359/2651/2215 2373/2670/1620
f 2356/2245/2118 2353/1610/1924 2374/2321/2203
f 2349/2583/1922 2373/2670/1620 2375/2649/2030
f 1659/2671/1516 1655/1809/1518 1673/1920/1577
f 1925/1797/1644 1951/2590/2029 1949/1798/1614
f 1643/2333/1678 1642/2616/2046 1639/2334/2048
f 2220/1755/1570 2225/2592/2058 2226/1756/1571
f 2312/1718/1526 2295/2672/1926 2315/1719/1537
f 2557/1806/1623 2551/2159/2061 2559/1980/1611
f 2044/2655/1475 2042/1762/2032 2040/2229/1625
f 1788/1896/1971 1779/2567/1970 1777/1897/2007
f 2294/2673/2266 2305/2251/2123 2296/1924/2122
f 2063/2048/1607 2056/1699/2267 2064/2674/1430
f 1667/1679/1500 1658/2675/1541 1657/1680/1501
f 1759/1725/1542 1750/2657/2260 1749/1726/1543
f 2362/2290/2174 2352/1821/1462 2351/2676/2268
f 1664/2677/1430 1663/2644/1430 1652/2300/2099
f 2037/2580/1838 2044/1835/1475 2036/1858/1435
f 2107/1700/1485 2119/2678/1427 2118/2185/1430
f 2004/2679/1430 2003/1739/2269 1996/1651/2259
f 1752/2224/2094 1754/2316/1730 1760/2114/1976
f 1864/1832/1728 1877/1902/1430 1876/2275/1830
f 1786/2342/1430 1785/2680/1730 1772/1700/1443
f 2520/2681/1684 2522/2682/1683 2521/2207/2075
f 1831/1879/1436 1829/2589/2074 1823/1878/1702
f 2046/2683/1653 2056/2684/2267 2069/1957/1773
f 1716/1787/1605 1713/1786/1604 1735/2167/1576
f 2046/2683/1653 2069/1957/1773 2071/2685/1617
f 2050/1782/1655 2068/2686/1654 2070/2287/2167
f 2298/1836/1651 2295/2672/1926 2312/1718/1526
f 2434/1712/1733 2433/2687/1811 2430/1953/1769
f 2280/1917/1736 2285/2592/2097 2286/1918/1737
f 2281/1672/1491 2264/1720/1520 2284/1632/1492
f 1783/2688/2270 1784/2562/1665 1771/2564/2271
f 1646/2595/1980 1644/1762/2047 1640/2689/1765
f 2183/1690/2001 2175/2690/2272 2173/2691/2002
f 1808/2417/2237 1814/2415/2237 1804/2420/2237
f 1786/2692/1633 1775/2600/1632 1774/2693/2273
f 1790/1845/1660 1782/2694/1691 1780/1846/1661
f 2150/1647/1465 2140/1646/1464 2139/1684/2022
f 2515/2353/1738 2505/2347/2229 2503/1644/1739
f 1825/2613/1687 1832/1859/1447 1824/1858/1676
f 2079/1743/1709 2090/2695/1430 2089/1823/1430
f 1803/1691/1612 1816/2696/1431 1815/1701/1427
f 1803/1691/1612 1817/1823/1430 1816/2696/1431
f 2081/1741/1711 2093/2031/1430 2092/2697/1427
f 1818/2604/1430 1817/1823/1430 1807/1824/1613
f 2237/1944/1671 2239/1943/1427 2246/2606/1430
f 2349/1613/1922 2363/2178/1730 2362/2698/2155
f 1823/2699/1702 1825/2613/1687 1824/1858/1676
f 1826/2700/1448 1812/2206/1671 1809/2701/1440
f 1956/2187/1795 1981/2264/1573 1978/1955/1771
f 2053/2301/2166 2050/1782/1655 2070/2287/2167
f 1812/2206/1671 1828/2702/1685 1829/1885/2074
f 2443/2258/2131 2463/2703/2077 2465/2269/2078
f 1769/1655/1647 1767/2704/1735 1761/1833/1645
f 2016/1983/1865 2041/2589/1656 2038/1798/1575
f 1829/1891/2074 1828/2591/1685 1825/1892/1687
f 2130/1985/1486 2134/2592/2010 2135/1629/2026
f 2131/1894/1718 2129/2636/1981 2133/1632/1719
f 1694/2705/2256 1685/1735/1553 1683/2706/2257
f 2317/2655/1529 2315/1719/1537 2295/2672/1926
f 1820/1847/1940 1811/1846/1939 1810/2089/2184
f 1821/1728/1938 1813/2694/2151 1811/1846/1939
f 2182/1966/2003 2173/2135/2002 2172/2707/2274
f 1818/1604/1423 1808/1897/1724 1806/1605/1694
f 1936/2448/2237 1930/2449/2237 1933/2450/2237
f 1791/1871/1690 1783/2688/2270 1782/1872/1691
f 1817/1851/1668 1806/2600/1694 1805/1852/1669
f 2458/2708/1519 2449/2666/2242 2459/2668/1430
f 2340/2613/1905 2347/1656/1704 2339/1880/1703
f 1655/1696/1518 1667/1695/1517 1666/2709/2275
f 1632/2624/1430 1631/2328/1730 1622/1663/2165
f 2076/2009/1831 2089/1823/1430 2088/2710/1730
f 1778/1860/1867 1789/1979/1430 1788/2603/1430
f 2511/1693/1515 2519/2097/1519 2501/1975/1794
f 1699/2711/1564 1701/2580/1902 1700/1619/1565
f 1814/2660/2263 1815/2562/1693 1802/2564/2239
f 1834/2683/1641 1844/2712/1977 1857/2713/2159
f 1986/1983/1868 2011/2590/2137 2008/2034/1869
f 1859/1802/1927 1857/2714/2159 1855/2079/1928
f 2068/2343/1654 2073/2592/1921 2074/1629/1920
f 1734/1761/1577 1716/2166/1605 1737/1762/1578
f 2162/1806/1623 2156/2159/2012 2164/1704/1611
f 1801/2715/1714 1799/1719/2202 1795/2700/1715
f 1847/1819/1721 1837/2669/2276 1836/1820/1722
f 2061/1727/1949 2054/2091/1948 2052/2691/2277
f 1751/2716/2262 1754/2717/2278 1740/2348/2252
f 1846/1776/1695 1836/2563/1722 1835/1874/1696
f 1969/2173/1847 1960/1897/2152 1958/1605/1848
f 2326/2718/2279 2336/2719/2280 2327/2720/2281
f 1871/2235/2282 1881/2721/1509 1872/2722/1508
f 1877/1763/1580 1878/2566/1499 1866/1764/1581
f 1598/1673/1494 1585/2103/2017 1597/1674/1495
f 2544/2154/1884 2534/2310/2022 2533/2617/1885
f 1942/2022/1852 1933/2021/1851 1932/1927/2015
f 1874/2429/2237 1868/2430/2237 1871/2432/2237
f 1652/2300/2099 1665/2723/1603 1664/2677/1430
f 1869/1658/1803 1881/2202/1430 1880/2724/1430
f 2279/2725/1493 2286/2075/1737 2278/1858/2096
f 1959/2006/1829 1970/2028/1862 1969/2007/1830
f 2490/2442/2168 2492/2580/2140 2491/1619/2059
f 1852/2726/2283 1833/2192/2284 1843/2716/2285
f 2016/2727/1865 2026/2728/2286 2039/2729/1577
f 2295/2672/1926 2291/2175/2042 2311/2730/1925
f 1741/2683/1602 1765/1631/1449 1767/2685/1735
f 1652/2300/2099 1672/2731/1929 1674/1810/1625
f 2026/2728/2286 2023/2228/1561 2039/2165/1577
f 1741/1983/1602 1767/2704/1735 1764/2054/1900
f 1767/1802/1735 1765/2714/1449 1763/1915/1451
f 2432/1887/1707 2436/2592/2134 2437/1629/2120
f 1828/1804/1685 1826/2700/1448 1830/1719/1686
f 2378/2715/2191 2376/1805/1621 2374/2321/2203
f 1911/1963/1781 1904/2336/2219 1902/1964/1782
f 1729/1775/1594 1720/1774/1593 1718/2618/1629
f 1839/1962/1779 1850/2217/1759 1840/2732/1758
f 2291/2175/2042 2304/2733/2287 2303/2176/1430
f 1664/1681/1502 1654/1939/1756 1653/1682/1503
f 2401/2580/1983 2408/1835/1763 2400/1619/1435
f 1586/1832/1612 1600/2571/1431 1599/2734/1427
f 2198/1613/1954 2210/1614/2155 2209/2256/1431
f 1622/1663/2165 1624/1658/1760 1633/2623/1430
f 2085/1944/1832 2095/2735/1430 2094/2030/1430
f 2234/1658/1477 2245/2736/1430 2244/2737/1430
f 1627/1946/1677 1619/1832/1679 1629/1977/1431
f 1993/2738/1843 1996/1651/2259 2003/1739/2269
f 2088/2710/1730 2087/2010/1430 2076/2009/1831
f 2493/2596/1480 2480/1664/1482 2477/2607/1478
f 2319/2583/1804 2329/2584/2129 2342/2059/1903
f 2446/1698/2130 2443/2258/2131 2465/2269/2078
f 1986/2583/1868 2009/2647/1840 2011/2739/2137
f 1800/1618/1675 1798/2589/1712 1792/1857/1673
f 2228/1797/1642 2253/2590/1873 2251/1798/1446
f 2132/1712/1531 2131/2591/1718 2128/1713/1532
f 2251/1887/1446 2255/2592/1436 2256/2143/1763
f 2495/2267/2138 2493/2596/1480 2497/1762/2139
f 2293/2519/2237 2287/2522/2237 2289/2520/2237
f 2256/2740/1763 2254/1762/2169 2250/2596/1448
f 2513/2283/2162 2503/1922/1739 2502/2741/2288
f 2028/2065/1595 2018/2064/1911 2017/2742/2289
f 2030/2069/1916 2021/2068/1915 2019/2743/1917
f 1905/1931/1748 1894/1990/1746 1893/1932/1749
f 1631/1898/1725 1621/2191/2065 1620/1899/1726
f 1910/1970/1783 1901/1734/2290 1899/1971/1789
f 1910/1965/1783 1902/1964/1782 1901/2744/2290
f 1907/1928/1745 1896/2745/2291 1894/1929/1746
f 1590/1824/1713 1603/2603/1430 1602/2604/1430
f 1925/1832/1644 1939/1831/1430 1938/2243/1428
f 2002/2746/2292 2001/2623/2293 1993/2016/1843
f 2067/2747/1618 2074/2075/1920 2066/1619/1919
f 2112/1741/1558 2124/2048/1430 2123/2748/1730
f 1853/2699/1731 1855/2747/1928 1854/1619/1648
f 2285/1655/2097 2283/2590/2136 2277/1833/2095
f 1962/2029/1863 1959/2006/1829 1980/2633/1772
f 2167/2583/1766 2178/2749/1469 2191/2750/2228
f 2167/2583/1766 2191/2750/2228 2193/2303/2100
f 2471/1797/1484 2496/2590/1483 2494/1798/1479
f 1613/1712/2074 1612/2751/1685 1609/2358/1838
f 1796/1887/1444 1800/2592/1675 1801/1629/1714
f 2433/1988/1811 2431/2656/1708 2435/1632/1812
f 2481/2504/2237 2475/2550/2237 2478/2537/2237
f 1832/2635/1447 1830/1719/1686 1826/2700/1448
f 1665/1636/1454 1656/1635/1453 1654/2691/1756
f 1912/1933/1750 1893/1932/1749 1904/2752/2219
f 1939/2753/1786 1929/2754/1785 1927/2755/2294
f 1882/1686/1507 1874/2756/2295 1872/1687/1508
f 1940/1966/1784 1930/2023/1857 1929/1967/1785
f 1941/1779/1856 1932/2757/2015 1930/2023/1857
f 1845/1875/1697 1835/1874/1696 1833/2192/2284
f 2056/1699/2267 2057/2758/1431 2064/2674/1430
f 1931/1658/2135 1935/2222/2028 1943/2759/1430
f 1627/1946/1677 1629/1977/1431 1636/2606/1430
f 2389/1944/1671 2398/2606/1430 2397/2760/1430
f 1659/1694/1516 1668/2761/1430 1667/1695/1517
f 1935/2222/2028 1944/2606/1430 1943/2759/1430
f 1966/1701/1796 1973/2327/2214 1981/1976/1573
f 1693/2605/1830 1692/2762/1730 1680/1613/2250
f 1869/1658/1803 1880/2724/1430 1879/2763/1430
f 1701/2580/1902 1708/2011/1836 1700/1619/1565
f 2085/1944/1832 2087/2010/1430 2095/2735/1430
f 2483/2764/1427 2482/1977/1430 2471/1827/1484
f 2423/1908/1430 2422/2276/2155 2411/1691/1734
f 2144/2259/1530 2154/2050/1892 2153/2004/1827
f 2460/2699/2045 2462/2578/2044 2461/1752/1567
f 2346/1655/1705 2344/2590/2158 2338/1857/2132
f 2439/2583/2216 2464/2359/2235 2466/1889/2043
f 1864/1797/1728 1889/2590/1488 1887/1798/1802
f 2466/2101/2043 2464/2616/2235 2462/2057/2044
f 2494/1985/1479 2498/2592/2060 2499/1710/1982
f 1765/1631/1449 1748/1790/1606 1768/1632/1450
f 1863/2103/2296 1876/1596/1582 1865/2563/2297
f 2408/2765/1763 2406/1632/2169 2402/2593/1448
f 2360/1673/1698 2350/1850/2298 2348/1640/1699
f 1880/2766/1754 1871/2235/2282 1870/2691/1755
f 2365/1648/2037 2355/2767/2036 2354/1643/1461
f 2241/2768/2069 2232/2565/2068 2230/2669/2299
f 2185/2000/1591 2177/2769/1590 2176/2001/1825
f 1908/2173/1787 1899/1971/1789 1897/1605/1788
f 2179/2025/2018 2168/2770/2224 2166/2149/2019
f 2123/2153/1967 2114/2152/2021 2113/1940/1968
f 1653/2386/2237 1647/2382/2237 1650/2384/2237
f 2184/2002/1826 2176/2001/1825 2175/2690/2272
f 2031/2067/1914 2022/2066/1913 2021/2068/1915
f 2033/2771/2300 2026/2772/2286 2034/2674/1430
f 2359/1738/2215 2360/2643/1427 2368/2111/1430
f 1671/1736/1554 1678/1656/1475 1670/1619/1474
f 1990/2258/1870 2001/2623/2293 2000/2773/1430
f 1690/1738/1555 1691/1615/1431 1698/2111/1430
f 2033/2771/2300 2032/1747/1562 2023/1746/1561
f 1755/1826/1428 1753/2665/1830 1741/1784/1602
f 1745/1782/1601 1757/2774/1430 1756/1783/1427
f 2029/2032/1431 2028/2775/1433 2016/1784/1865
f 2046/1784/1653 2059/2073/1830 2058/2776/1976
f 1945/2699/1833 1947/2578/2103 1946/2278/1834
f 2252/2288/1685 2250/2596/1448 2254/1762/2169
f 1861/1910/1650 1859/2704/1927 1853/1909/1731
f 2322/1610/1806 2341/2588/1805 2343/2180/2049
f 1798/1891/1712 1797/2591/2201 1794/1892/1717
f 1918/1887/1441 1922/2592/1436 1923/1710/1866
f 1612/2209/1685 1610/2645/1448 1614/1868/1686
f 1998/2777/1881 1988/2778/2301 1987/2779/1882
f 2074/2715/1920 2072/1762/1774 2070/2287/2167
f 1970/2274/2033 1961/2780/1777 1960/1897/2152
f 1997/2045/1883 1987/2044/1882 1985/1640/2232
f 2215/1728/1855 2207/2637/1854 2206/1846/2054
f 1876/1765/1582 1866/1764/1581 1865/2781/2297
f 2206/2418/2237 2200/2384/2237 2203/2462/2237
f 2060/1817/1889 2052/2218/2277 2051/1818/1890
f 1968/2019/1849 1958/1969/1848 1957/2137/2005
f 2487/1994/1816 2479/1993/1815 2478/2239/2115
f 2246/2183/2053 2227/2182/2052 2238/1774/2079
f 2083/2481/2237 2077/2477/2237 2080/2479/2237
f 2003/2087/1943 1995/2782/2197 1994/1846/1944
f 1816/1853/1670 1805/1852/1669 1804/1873/1692
f 2079/1743/1709 2091/2783/1430 2090/2695/1430
f 1586/1832/1612 1590/1824/1713 1601/1823/1430
f 1999/2784/1730 1998/2622/1431 1986/2610/1868
f 2234/1658/1477 2243/2663/1430 2242/2199/1430
f 1604/2570/1430 1603/2603/1430 1592/1741/1440
f 2219/2580/1659 2226/2317/1571 2218/1619/2057
f 1996/1651/2259 1986/2610/1868 1997/2256/1431
f 2122/1742/1430 2121/1906/1430 2110/1743/1487
f 1907/1908/1431 1906/1856/1433 1895/1832/1612
f 2031/1748/1563 2030/2203/1430 2020/1610/1864
f 2277/2699/2095 2279/2725/1493 2278/1858/2096
f 2522/2682/1683 2530/1620/1871 2521/2207/2075
f 2431/2656/1708 2419/1911/1732 2416/2701/1706
f 2198/2627/1954 2208/2161/1973 2222/1708/2027
f 1680/2627/2250 1704/1708/1901 1705/2785/2194
f 2178/2749/1469 2174/1869/1559 2191/2042/2228
f 2195/1751/1899 2193/2590/2100 2187/1654/1610
f 1704/2056/1901 1703/2786/1930 1701/2057/1902
f 1611/1887/1446 1615/2592/1436 1616/1629/1447
f 2191/2042/2228 2174/1869/1559 2194/1868/1688
f 1591/2366/2237 1597/2364/2237 1588/2363/2237
f 2196/2715/1839 2194/1868/1688 2192/1870/1689
f 2002/2088/1945 1994/1846/1944 1992/2325/2208
f 2059/2787/1891 2051/2565/1890 2049/2788/2302
f 1907/1928/1745 1897/1969/1788 1896/2745/2291
f 2245/2210/2080 2238/1774/2079 2236/2618/2303
f 2029/2063/1910 2019/2071/1917 2018/2064/1911
f 2033/2086/1942 2024/2789/2304 2022/2108/1913
f 2484/1731/1548 2475/2565/2213 2473/1732/1549
f 2001/2018/1845 1992/2757/2208 1991/1649/1846
f 2128/2790/1532 2135/1620/2026 2127/2160/2009
f 1910/1789/1430 1909/2572/1430 1900/1622/1440
f 2208/1738/1973 2198/1613/1954 2209/2256/1431
f 2050/1782/1655 2060/2774/1430 2059/2073/1830
f 2167/2610/1766 2179/2626/1431 2186/1652/1427
f 2053/2301/2166 2063/2048/1607 2062/2791/2305
f 2112/1741/1558 2123/2748/1730 2122/1742/1430
f 2527/1691/1513 2504/2006/1681 2514/2178/2306
f 2096/2699/1810 2098/2790/1809 2097/1858/1978
f 2255/2205/1436 2253/2590/1873 2247/1654/1875
f 1841/2051/1893 1838/2052/1895 1858/2121/1985
f 2116/1888/1716 2131/2792/1718 2132/1889/1531
f 1838/2052/1895 1856/2793/2121 1858/2121/1985
f 1803/2142/1612 1829/2589/2074 1827/1840/1446
f 2283/2262/2136 2281/2751/1491 2279/2263/1493
f 2523/2036/1680 2529/2592/2076 2530/1629/1871
f 2555/1920/1526 2539/2631/2008 2558/1921/1537
f 2092/2794/2307 2083/2152/2308 2082/1940/2309
f 2165/2655/1529 2163/1921/1537 2144/2003/1530
f 2242/2193/2067 2233/2253/2124 2232/2194/2068
f 1882/1686/1507 1875/2795/2310 1874/2756/2295
f 2181/1606/2038 2172/2707/2274 2170/1644/2039
f 2306/2250/2105 2297/2568/2104 2296/1924/2122
f 2028/1776/1595 2017/2796/2289 2015/1777/1596
f 2511/1931/1950 2500/2338/2221 2510/2092/1951
f 1839/2424/2237 1833/2382/2237 1836/2409/2237
f 2034/1991/1813 2015/1777/1596 2025/1997/1941
f 2421/1773/2173 2410/1990/2172 2409/2313/2198
f 1599/2734/1427 1595/2222/1671 1586/1832/1612
f 1931/1658/2135 1943/2759/1430 1942/2797/1430
f 2003/1739/2269 2002/2746/2292 1993/2738/1843
f 1912/1855/1430 1911/1788/1430 1903/1854/1672
f 2050/1782/1655 2061/1791/1517 2060/2774/1430
f 2234/1658/1477 2237/1944/1671 2245/2736/1430
f 2439/2610/2216 2451/2609/1830 2452/2667/1730
f 1719/1694/2311 1710/2094/1865 1721/2798/1427
f 1719/1694/2311 1721/2798/1427 1729/2799/1430
f 1809/1860/1440 1820/1979/1430 1819/2603/1430
f 2098/2790/1809 2105/1620/1807 2097/1858/1978
f 2421/1693/1431 2427/2800/1430 2419/1944/1732
f 2156/2579/2012 2158/2580/1538 2157/1619/1435
f 1948/2596/1616 1935/1861/2028 1931/2607/2135
f 2023/1746/1561 2020/1610/1864 2040/2229/1625
f 2267/2651/1521 2264/1720/1520 2281/1672/1491
f 1924/2103/1958 1938/1596/2312 1926/2563/2313
f 1834/2119/1641 1859/2704/1927 1856/1798/2121
f 2102/1891/1808 2101/2801/2013 2098/1986/1809
f 1764/1917/1900 1769/2592/1647 1770/2305/2098
f 2223/2360/2236 2217/2159/2056 2225/1704/2058
f 1770/2802/2098 1768/1632/1450 1766/2346/2193
f 2300/2237/2113 2290/2293/2181 2289/2238/2114
f 2327/2524/2237 2320/2527/2237 2323/2499/2237
f 2427/2314/2175 2409/2313/2198 2420/2803/2314
f 1848/2768/1780 1839/2565/1779 1837/2669/2276
f 2064/1991/2225 2045/2348/2230 2055/1997/2226
f 2091/2350/2233 2092/1936/2307 2082/2804/2309
f 2091/2350/2233 2082/2804/2309 2080/1974/1792
f 2167/2610/1766 2181/2805/1730 2180/2608/2155
f 1976/2315/1535 1984/1620/1438 1975/1619/1437
f 2527/1691/1513 2513/2806/2315 2512/1692/1514
f 1962/2029/1863 1972/2807/1562 1971/2072/1918
f 1878/2808/1430 1877/1902/1430 1867/1901/1727
f 2182/2625/1430 2181/2805/1730 2171/1786/1768
f 2258/1607/1426 2269/1609/1428 2268/2809/1830
f 2237/1944/1671 2246/2606/1430 2245/2736/1430
f 2474/1663/1481 2485/2199/1430 2484/2138/1430
f 2386/1658/1477 2396/2285/1430 2395/2663/1430
f 1913/2442/1799 1915/2444/1877 1914/1619/1800
f 2013/1751/1898 2011/2590/2137 2005/1949/1896
f 2258/2810/1426 2267/2651/1521 2281/1672/1491
f 1710/2627/1865 1734/1761/1577 1736/1665/1656
f 2439/2331/2216 2466/2590/2043 2463/2332/2077
f 2557/2653/1623 2556/2056/1527 2551/2164/2061
f 2038/2081/1575 2043/2592/1476 2044/1629/1475
f 2523/1865/1680 2520/2122/1684 2529/1618/2076
f 1857/2165/2159 1841/2051/1893 1860/1632/1984
f 2086/2295/2183 2087/2811/2316 2075/2812/2317
f 1678/2655/1475 1676/1808/1624 1674/1810/1625
f 1964/2618/1824 1973/2813/2318 1965/2634/2253
f 2045/2407/2237 2051/2411/2237 2054/2474/2237
f 2367/2087/2064 2358/2782/2063 2357/1846/2154
f 2518/1845/1966 2509/2814/1965 2508/2220/2092
f 2543/2045/1886 2533/1995/1885 2531/2181/2050
f 1606/1675/1496 1597/1674/1495 1596/2024/1858
f 2122/2107/1969 2113/2106/1968 2111/2168/2034
f 2158/2580/1538 2165/1656/1529 2157/1619/1435
f 2202/1610/1955 2213/2158/2025 2212/1611/1430
f 2261/1782/1701 2272/1877/1430 2271/2815/1430
f 1973/2327/2214 1972/2807/1562 1962/2029/1863
f 1847/1826/1428 1846/2816/1830 1834/1825/1641
f 2383/1663/1613 2394/2664/1430 2393/1783/1430
f 1624/1658/1760 1635/1945/1430 1634/2817/1430
f 1713/1786/1604 1726/1785/1603 1725/2620/1430
f 2104/1704/1979 2102/2818/1808 2096/2116/1810
f 2504/2006/1681 2523/2819/1680 2526/2820/1872
f 1781/1884/1522 1797/2320/2201 1798/1885/1712
f 1844/2712/1977 1841/2051/1893 1857/2165/2159
f 1648/1983/1865 1675/2589/1656 1672/2226/1929
f 2314/2821/1623 2313/2056/1652 2308/2058/2012
f 2496/1669/1483 2495/2751/2138 2492/1986/2140
f 1856/2081/2121 1861/2592/1650 1862/1629/1649
f 2101/2146/2013 2099/2636/1801 2103/1632/2014
f 2310/2578/1538 2317/1835/1529 2309/1858/2119
f 1923/2635/1866 1921/1868/1879 1917/2822/1442
f 1634/1926/2125 1626/1639/1457 1625/1927/2153
f 2125/2823/1932 2117/2295/2246 2115/2618/1933
f 2153/1688/1510 2145/1924/2016 2143/1689/1511
f 2148/2045/1886 2138/1995/1885 2136/2181/2050
f 2151/2151/1463 2142/2150/2020 2140/1644/1464
f 1666/1634/1452 1657/1680/1501 1656/1635/1453
f 1619/1832/1679 1631/2328/1730 1630/2824/2155
f 2141/1610/1429 2152/2005/1828 2151/1611/1430
f 1710/2094/1865 1722/2096/1433 1721/2798/1427
f 1630/2824/2155 1629/1977/1431 1619/1832/1679
f 2322/1610/1806 2334/2053/1894 2333/2255/1430
f 2392/2825/1431 2391/1977/1427 2380/1832/1642
f 2016/1784/1865 2028/2775/1433 2027/2826/1427
f 2458/2708/1519 2457/2827/2264 2446/1698/2130
f 2147/1738/1525 2148/1615/1427 2155/2049/1430
f 1606/2828/1430 1605/2569/1430 1595/2222/1671
f 2504/2006/1681 2517/2240/1894 2516/2829/1430
f 2338/2612/2132 2340/2613/1905 2339/1880/1703
f 2554/1807/1528 2532/1983/1432 2557/1806/1623
f 2205/1740/1572 2202/1610/1955 2220/2730/1570
f 1595/2279/1671 1612/2209/1685 1613/1912/2074
f 2353/1610/1924 2372/2830/1923 2374/2321/2203
f 2056/2684/2267 2053/2286/2166 2069/1957/1773
f 2073/1910/1921 2071/2589/1617 2065/1833/1619
f 2167/1839/1766 2193/2590/2100 2190/1951/1767
f 2344/1712/2158 2342/2616/1903 2340/2265/1905
f 2221/1844/1657 2205/2003/1572 2224/1805/1658
f 2259/2831/2319 2270/2128/1993 2260/2127/1992
f 2347/2635/1704 2345/1868/1904 2343/2180/2049
f 2274/2215/2087 2275/2832/1822 2265/2216/2088
f 1662/1683/1505 1651/1895/1720 1650/1684/1506
f 2155/1593/1411 2136/2181/2050 2146/1594/1412
f 2149/2154/1884 2139/1684/2022 2138/2617/1885
f 1963/2455/2237 1957/2453/2237 1960/2417/2237
f 1787/1604/1631 1777/1897/2007 1775/1605/1632
f 2332/2195/2070 2333/1645/2147 2321/2601/2249
f 2180/2172/2040 2169/2778/2320 2168/2324/2224
f 1721/1773/1592 1709/2352/2234 1720/1774/1593
f 2000/1650/1626 1991/1649/1846 1989/1644/1627
f 2024/2470/2237 2018/2466/2237 2021/2468/2237
f 1690/1738/1555 1680/1613/2250 1691/1615/1431
f 1634/2817/1430 1633/2623/1430 1624/1658/1760
f 1834/1825/1641 1846/2816/1830 1845/2184/1730
f 1898/1901/1613 1908/2007/1430 1907/1908/1431
f 2178/1651/1469 2167/2610/1766 2186/1652/1427
f 1745/1782/1601 1758/1791/1607 1757/2774/1430
f 1748/2223/1606 1759/2611/2251 1758/1791/1607
f 2198/1613/1954 2211/2099/1730 2210/1614/2155
f 2371/2613/1622 2378/1753/2191 2370/1880/2156
f 2099/2636/1801 2085/2077/1832 2081/2833/1711
f 2449/2584/2242 2446/2268/2130 2464/2359/2235
f 1980/2581/1772 1982/1762/1956 1962/2630/1863
f 2107/1667/1485 2132/2818/1531 2130/1626/1486
f 2008/2266/1869 2013/2592/1898 2014/1629/2073
f 2342/2059/1903 2325/1869/1797 2345/1868/1904
f 1978/1955/1771 1974/1857/1574 1983/1655/1439
f 2227/2617/2052 2240/2834/2321 2229/2835/2322
f 2136/2388/2237 2142/2375/2237 2145/2491/2237
f 2268/2085/1996 2259/2796/2319 2257/2130/1997
f 1851/1725/1757 1842/2657/2323 1840/1940/1758
f 2209/1996/1819 2199/1995/1818 2197/2190/2062
f 2213/2018/1963 2204/2836/1962 2203/1649/2055
f 1875/2795/2310 1863/2103/2296 1874/2756/2295
f 2212/2151/1751 2203/1649/2055 2201/1644/1752
f 2211/1935/1753 2201/1934/1752 2200/1684/2083
f 1842/2657/2323 1852/2658/2283 1843/2659/2285
f 2214/2104/1961 2206/1846/2054 2204/1689/1962
f 1999/1813/1628 1989/1812/1627 1988/2778/2301
f 2262/2514/2237 2257/2511/2237 2260/2513/2237
f 2189/1792/1608 2196/1656/1839 2188/1619/1609
f 1784/1701/1431 1791/1829/1430 1781/1702/1522
f 2205/1740/1572 2215/1739/1974 2214/2157/2024
f 2081/1741/1711 2092/2697/1427 2091/2783/1430
f 2208/1738/1973 2209/2256/1431 2216/2111/1430
f 2353/1610/1924 2365/2158/1519 2364/2837/1430
f 1850/1876/1894 1849/2838/1430 1838/2052/1895
f 2329/1651/2129 2330/2256/1830 2337/2839/1430
f 2035/2840/1702 2037/2580/1838 2036/1858/1435
f 2069/1957/1773 2053/2286/2166 2072/1762/1774
f 1626/2377/2237 1620/2373/2237 1623/2375/2237
f 2532/2627/1432 2542/1706/1525 2556/1708/1527
f 2539/1740/2008 2536/2155/1429 2554/2841/1528
f 1935/1861/2028 1950/2842/2101 1951/1665/2029
f 1690/2260/1555 1686/2843/1557 1703/1804/1930
f 2411/2187/1734 2434/2590/1733 2432/1626/1707
f 2159/1709/1528 2164/2592/1611 2165/1710/1529
f 2314/1806/1623 2308/1749/2012 2316/1704/1611
f 1954/2595/1615 1952/1632/2102 1948/2596/1616
f 2216/1641/1853 2197/2190/2062 2207/1594/1854
f 2186/1771/1589 2166/2149/2019 2177/1772/1590
f 2210/2154/1817 2200/1684/2083 2199/2617/1818
f 2004/2311/2196 1985/1640/2232 1995/2312/2197
f 1758/1727/1544 1749/1726/1543 1747/2691/2324
f 1855/2747/1928 1862/1835/1649 1854/1619/1648
f 2271/2815/1430 2270/1608/1427 2261/1782/1701
f 2427/2800/1430 2426/2299/1430 2419/1944/1732
f 1815/1701/1427 1822/1829/1430 1812/1702/1671
f 2507/2098/1953 2518/1830/2325 2517/2240/1894
f 1841/1696/1893 1851/2611/2264 1850/1876/1894
f 2368/2111/1430 2367/1739/1517 2359/1738/2215
f 2446/1698/2130 2457/2827/2264 2456/2257/1607
f 2234/1658/1477 2244/2737/1430 2243/2663/1430
f 2134/1704/2010 2132/2818/1531 2126/1909/1533
f 2319/2583/1804 2342/2059/1903 2344/2739/2158
f 2258/1839/1426 2283/2590/2136 2280/2054/1736
f 1889/1669/1488 1888/2844/2217 1885/1670/1489
f 2190/2015/1767 2195/2592/1899 2196/1710/1839
f 1979/1804/1534 1962/2630/1863 1982/1762/1956
f 1774/2693/2273 1785/1848/1663 1786/2692/1633
f 2469/2635/1568 2467/1632/2141 2465/2269/2078
f 2271/1968/1991 2262/2565/2112 2260/2127/1992
f 2026/2772/2286 2027/2826/1427 2034/2674/1430
f 2425/2341/2000 2417/2845/1999 2415/1897/2227
f 2273/1727/2089 2265/2216/2088 2263/2691/2090
f 2272/2219/2091 2263/2218/2090 2262/1818/2112
f 2264/1698/1520 2275/1697/1519 2274/2846/2264
f 1844/2115/1977 1845/2184/1730 1852/2114/1976
f 2267/1699/1521 2268/2809/1830 2276/2761/1430
f 2058/2776/1976 2057/2758/1431 2046/1784/1653
f 2288/1784/2041 2301/2174/1431 2300/2847/1431
f 2553/2580/1538 2560/2317/1529 2552/1619/1435
f 2489/2848/1430 2488/2849/1430 2480/2222/1482
f 2369/2850/2031 2371/2613/1622 2370/1880/2156
f 2129/2636/1981 2116/1888/1716 2112/2851/1558
f 1741/2683/1602 1752/2852/2094 1765/1631/1449
f 1748/1790/1606 1745/1782/1601 1766/2346/2193
f 2016/2727/1865 2039/2729/1577 2041/2853/1656
f 1745/1782/1601 1764/2854/1900 1766/2346/2193
f 1645/1655/1473 1643/2704/1678 1637/1654/1471
f 2046/1839/1653 2071/2589/1617 2068/1840/1654
f 2161/2056/1527 2160/2855/1526 2158/2304/1538
f 1736/1669/1656 1734/2616/1577 1732/1842/1579
f 1827/1628/1446 1831/2592/1436 1832/1629/1447
f 2311/2078/1925 2316/2592/1611 2317/1629/1529
f 2229/2835/2322 2241/2768/2069 2230/2669/2299
f 2014/2715/2073 2012/1868/1841 2010/2017/1844
f 2276/1722/1820 2257/2130/1997 2266/1997/1821
f 2089/1851/1793 2080/2565/1792 2078/2125/1989
f 1757/1817/1634 1747/2218/2324 1746/1818/1635
f 2350/2617/2298 2362/2290/2174 2351/2676/2268
f 2307/2214/2086 2287/2213/2085 2297/2230/2104
f 1971/1958/1775 1964/1999/1824 1963/1959/1776
f 1784/2562/1665 1773/2563/1664 1771/2564/2271
f 2033/2086/1942 2025/1815/1941 2024/2789/2304
f 2293/2232/2107 2304/2856/2326 2294/2857/2266
f 1777/2417/2237 1783/2415/2237 1773/2413/2237
f 2302/2233/2108 2293/2232/2107 2292/2858/2244
f 2298/2242/1651 2299/2859/1427 2307/2860/1430
f 1609/2682/1838 1616/1620/1447 1608/1619/1435
f 2298/2242/1651 2307/2860/1430 2306/2241/2117
f 2295/1696/1926 2306/2241/2117 2305/2861/2327
f 1935/2222/2028 1937/2244/1830 1944/2606/1430
f 1692/2762/1730 1691/1615/1431 1680/1613/2250
f 2399/2442/1434 2401/2580/1983 2400/1619/1435
f 1795/2700/1715 1781/1884/1522 1778/2701/1867
f 2258/2810/1426 2281/1672/1491 2283/2862/2136
f 2261/1782/1701 2280/2854/1736 2282/1721/1539
f 2329/2584/2129 2325/1869/1797 2342/2059/1903
f 1677/1704/1476 1675/2589/1656 1669/1703/1523
f 2349/1983/1922 2375/2590/2030 2372/1798/1923
f 2041/2013/1656 2039/2751/1577 2037/2014/1838
f 2403/1887/1446 2407/2592/1436 2408/1918/1763
f 2373/1804/1620 2356/2245/2118 2376/1805/1621
f 2244/2234/2109 2236/2863/2303 2235/2235/2110
f 2226/2655/1571 2224/1805/1658 2205/2003/1572
f 2057/2085/1937 2047/2084/1936 2045/2348/2230
f 2275/2832/1822 2266/1815/1821 2265/2216/2088
f 2299/2212/2084 2289/2864/2114 2287/2213/2085
f 1966/2562/2006 1957/2563/2005 1955/2564/2254
f 2409/2538/2237 2415/2417/2237 2418/2540/2237
f 2243/2236/2111 2235/2235/2110 2233/2691/2124
f 2333/2271/2147 2323/2865/2328 2321/1644/2249
f 2423/1928/2179 2413/1969/2178 2412/2866/2329
f 1944/1770/1959 1924/2103/1958 1936/2594/2243
f 1756/2768/1636 1746/2565/1635 1744/2669/2265
f 1807/1824/1613 1819/2603/1430 1818/2604/1430
f 2532/1613/1432 2545/2099/1431 2544/1614/1433
f 2319/2201/1804 2332/2200/1427 2331/2275/1428
f 2349/1613/1922 2362/2698/2155 2361/2642/1431
f 2389/1944/1671 2397/2760/1430 2396/2285/1430
f 2007/2613/1842 2014/1656/2073 2006/1880/1897
f 2126/2867/1533 2128/2790/1532 2127/2160/2009
f 1797/2320/2201 1795/2700/1715 1799/1719/2202
f 2327/2720/2281 2337/1814/2149 2328/2868/2148
f 2137/2627/1432 2147/2354/1525 2161/1708/1527
f 1996/2584/2259 1993/2016/1843 2009/1804/1840
f 1710/2119/1865 1736/2589/1656 1733/2034/1575
f 1951/1669/2029 1950/2654/2101 1947/2304/2103
f 1980/2869/1772 1983/2592/1439 1984/1629/1438
f 2501/2246/1794 2507/2582/1953 2524/2330/2199
f 1919/2042/1876 1917/2822/1442 1921/1868/1879
f 1705/2308/2194 1699/1749/1564 1707/1751/1566
f 2105/2715/1807 2103/1632/2014 2099/2636/1801
f 2331/2197/2072 2320/2196/2071 2318/2617/2081
f 2324/2691/2146 2335/1847/2330 2326/2718/2279
f 2333/2271/2147 2324/2135/2146 2323/2865/2328
f 2063/1816/1964 2055/1815/2226 2054/2091/1948
f 2152/1648/1512 2143/2870/1511 2142/2150/2020
f 2366/1688/2035 2357/1846/2154 2355/1689/2036
f 1602/1604/1423 1591/1897/1724 1589/1605/1424
f 1879/2763/1430 1867/1901/1727 1869/1658/1803
f 2389/1944/1671 2391/1977/1427 2398/2606/1430
f 1716/1787/1605 1728/2048/2300 1727/2871/2331
f 2147/1738/1525 2137/1613/1432 2148/1615/1427
f 1732/1941/1579 1739/1656/1475 1731/1619/1524
f 1696/2872/2332 1695/2158/2189 1686/1740/1557
f 2295/1696/1926 2305/2861/2327 2304/2733/2287
f 2428/2873/1770 2430/2613/1769 2429/1619/2133
f 2436/2302/2134 2434/2590/1733 2428/1616/1770
f 2144/2003/1530 2141/1610/1429 2159/2874/1528
f 2532/2627/1432 2556/1708/1527 2557/2785/1623
f 2389/2118/1671 2404/2307/1685 2405/1665/1873
f 2147/2354/1525 2144/2003/1530 2160/1804/1526
f 2556/2056/1527 2555/2855/1526 2553/2189/1538
f 2223/2653/2236 2222/2056/2027 2217/2164/2056
f 2554/1755/1528 2559/2592/1611 2560/1756/1529
f 1673/1920/1577 1655/1809/1518 1676/1808/1624
f 2357/2418/2237 2351/2529/2237 2354/2531/2237
f 2560/2655/1529 2558/1921/1537 2539/2631/2008
f 2368/1641/1700 2348/1640/1699 2358/1594/2063
f 2381/2875/2333 2393/2768/2170 2382/2669/2334
f 2238/2504/2237 2232/2508/2237 2235/2432/2237
f 2395/1727/2144 2387/2239/2143 2385/2691/2164
f 2330/2045/2082 2318/2211/2081 2328/2272/2148
f 2088/2126/1990 2078/2125/1989 2077/1873/2335
f 1723/2095/1431 1713/1786/1604 1724/2621/1430
f 2359/1738/2215 2349/1613/1922 2360/2643/1427
f 2439/2610/2216 2454/2662/1427 2453/2608/1428
f 2356/2259/2118 2367/1739/1517 2366/2573/2241
f 2484/2138/1430 2483/2764/1427 2471/1827/1484
f 1655/1696/1518 1666/2709/2275 1665/2723/1603
f 1990/2258/1870 1993/2016/1843 2001/2623/2293
f 1990/2258/1870 1999/2784/1730 1986/2610/1868
f 2480/2222/1482 2482/1977/1430 2489/2848/1430
f 1772/1700/1443 1785/2680/1730 1784/1701/1431
f 1947/2578/2103 1954/1753/1615 1946/2278/1834
f 2536/2155/1429 2547/2140/1828 2546/1611/1430
f 1607/2873/1434 1609/2682/1838 1608/1619/1435
f 2464/2359/2235 2446/2268/2130 2467/1632/2141
f 1886/2593/1837 1873/2100/1729 1869/2607/1803
f 2507/2098/1953 2504/2006/1681 2526/2820/1872
f 2325/1744/1797 2322/1610/1806 2343/2180/2049
f 1873/2100/1729 1888/2335/2217 1889/1665/1488
f 2171/1786/1768 2190/2830/1767 2192/1870/1689
f 2208/2161/1973 2205/2003/1572 2221/1844/1657
f 2468/1655/1569 2466/2590/2043 2460/1833/2045
f 1895/1797/1612 1920/2652/2192 1918/1798/1441
f 2405/1669/1873 2404/2844/1685 2401/1986/1983
f 2253/1669/1873 2252/2751/1685 2249/1670/1874
f 1887/1887/1802 1891/2592/1762 1892/2143/2011
f 1642/2165/2046 1640/2689/1765 1644/1762/2047
f 2106/2617/2248 2119/2129/1995 2108/2046/1994
f 1616/2635/1447 1614/1868/1686 1610/2645/1448
f 2396/2270/2142 2388/1993/2161 2387/2239/2143
f 2508/2557/2237 2502/2553/2237 2505/2555/2237
f 2423/1928/2179 2412/2866/2329 2410/1929/2172
f 2398/1770/2128 2379/2103/2127 2390/1774/2163
f 2394/2284/2067 2385/2253/2164 2384/2289/2068
f 2424/2173/2177 2415/1897/2227 2413/1605/2178
f 2154/2147/1413 2146/2637/1412 2145/1924/2016
f 2093/2061/1908 2084/1993/1907 2083/2152/2308
f 2426/2131/1998 2418/2292/2176 2417/2132/1999
f 2427/2291/2175 2420/2868/2314 2418/2292/2176
f 1728/2048/2300 1719/1694/2311 1729/2799/1430
f 1928/1663/1643 1940/2625/1430 1939/1831/1430
f 1915/2444/1877 1923/2033/1866 1914/1619/1800
f 1956/1832/1795 1967/2113/1427 1966/1701/1796
f 1727/2871/2331 1726/1785/1603 1716/1787/1605
f 2264/1698/1520 2274/2846/2264 2273/1876/1607
f 2443/2258/2131 2456/2257/1607 2455/2661/1430
f 2120/1907/1430 2119/2678/1427 2107/1700/1485
f 1869/1658/1803 1873/1903/1729 1881/2202/1430
f 2065/2699/1619 2067/2747/1618 2066/1619/1919
f 1950/2165/2101 1948/2596/1616 1952/1632/2102
f 1917/2822/1442 1903/2206/1672 1900/2833/1440
f 2288/2585/2041 2298/1836/1651 2313/1838/1652
f 2085/2077/1832 2101/2146/2013 2102/1885/1808
f 1752/2852/2094 1748/1790/1606 1765/1631/1449
f 2159/1807/1528 2137/1983/1432 2162/1806/1623
f 1615/1618/1436 1613/2652/2074 1607/1616/1434
f 2071/1802/1617 2069/2714/1773 2067/1803/1618
f 1672/2081/1929 1677/2592/1476 1678/1629/1475
f 2447/2876/2336 2458/2877/2337 2448/2878/2338
f 1862/2655/1649 1860/1632/1984 1858/2121/1985
f 2453/2172/2206 2441/2879/2339 2440/2324/2207
f 2442/2880/2205 2455/2881/2340 2444/2882/2341
f 2445/2883/2342 2457/2884/2343 2447/2876/2336
f 2444/2882/2341 2456/2885/2344 2445/2886/2342
f 2545/1935/1465 2535/1934/1464 2534/2310/2022
f 2075/2812/2317 2088/1596/1990 2077/2563/2335
f 2414/2112/1975 2425/2574/1430 2424/2007/1430
f 2542/1694/1525 2543/1615/1427 2550/2298/1430
f 1794/2613/1717 1801/1620/1714 1793/1858/1674
f 2480/2222/1482 2488/2849/1430 2487/2285/1430
f 2062/2791/2305 2061/1791/1517 2053/2301/2166
f 2504/2006/1681 2515/2887/1730 2514/2178/2306
f 2383/1663/1613 2386/1658/1477 2394/2664/1430
f 2228/1827/1642 2240/1828/1431 2239/1943/1427
f 2231/1663/1613 2242/2199/1430 2241/1783/1430
f 2477/1658/1478 2487/2285/1430 2486/2663/1430
f 2308/2888/2012 2310/2578/1538 2309/1858/2119
f 1922/1980/1436 1920/2652/2192 1913/1949/1799
f 1648/2627/1865 1659/2671/1516 1673/2648/1577
f 2264/1698/1520 2261/1782/1701 2282/1721/1539
f 2020/1610/1864 2038/2889/1575 2040/2229/1625
f 2380/1797/1642 2405/2590/1873 2403/1798/1446
f 2313/2056/1652 2312/2890/1526 2310/2145/1538
f 1641/1800/1764 1645/2592/1473 1646/2143/1980
f 2048/2891/2345 2059/2787/1891 2049/2788/2302
f 2286/2802/1737 2284/1632/1492 2282/1721/1539
f 2453/2172/2206 2442/2323/2205 2441/2879/2339
f 2451/2025/1859 2440/2770/2207 2438/2026/1860
f 2459/2326/2212 2450/1774/2211 2448/2618/2338
f 2124/2082/1934 2115/1815/1933 2114/2152/2021
f 2393/2768/2170 2384/2565/2068 2382/2669/2334
f 2483/1733/1550 2473/1732/1549 2472/2892/2240
f 2390/2504/2237 2384/2535/2237 2387/2537/2237
f 2180/2172/2040 2170/2171/2039 2169/2778/2320
f 2249/1941/1874 2256/1835/1763 2248/1619/1524
f 2449/2666/2242 2439/2610/2216 2452/2667/1730
f 1996/1651/2259 1997/2256/1431 2004/2679/1430
f 2477/1658/1478 2486/2663/1430 2485/2199/1430
f 2267/1699/1521 2276/2761/1430 2275/1697/1519
f 2474/1663/1481 2477/1658/1478 2485/2199/1430
f 1595/2222/1671 1598/2643/1430 1606/2828/1430
f 1792/2893/1673 1794/2613/1717 1793/1858/1674
f 1640/2689/1765 1627/1861/1677 1624/2607/1760
f 2174/1869/1559 2171/1786/1768 2192/1870/1689
f 2237/2141/1671 2252/2288/1685 2253/1665/1873
f 2407/1980/1436 2405/2590/1873 2399/1654/1434
f 1619/1797/1679 1643/2704/1678 1641/1798/1764
f 1920/1757/2192 1919/2844/1876 1916/2041/1878
f 1702/2356/2195 1707/2592/1566 1708/1756/1836
f 2009/1804/1840 1993/2016/1843 2012/1868/1841
f 2379/2103/2127 2392/1596/2346 2381/2563/2333
f 1892/2894/2011 1890/1762/2218 1886/2593/1837
f 1938/2895/2312 1927/2755/2294 1926/2896/2313
f 2512/1603/2220 2502/2741/2288 2500/2617/2221
f 2058/2083/1935 2048/2563/2345 2047/2084/1936
f 2397/2210/2160 2390/1774/2163 2388/2618/2161
f 1902/2440/2237 1896/2436/2237 1899/2438/2237
f 2094/1724/1906 2086/2295/2183 2084/2618/1907
f 1723/1768/1585 1712/1767/1584 1711/2046/1887
f 2517/2221/2093 2508/2220/2092 2506/2897/2222
f 2329/1651/2129 2336/1978/1603 2325/1744/1797
f 2519/2097/1519 2518/1830/2325 2507/2098/1953
f 2504/2006/1681 2516/2829/1430 2515/2887/1730
f 2364/2837/1430 2363/2178/1730 2353/1610/1924
f 2300/2847/1431 2299/2859/1427 2288/1784/2041
f 1885/1941/1489 1892/2033/2011 1884/2204/1761
f 2542/1694/1525 2532/1613/1432 2543/1615/1427
f 2524/2042/2199 2507/2582/1953 2528/1805/2200
f 2402/2593/1448 2389/2118/1671 2386/2607/1477
f 2527/2653/1513 2525/1866/1682 2520/1671/1684
f 1655/1696/1518 1652/2300/2099 1674/1810/1625
f 1834/2683/1641 1857/2713/2159 1859/2685/1927
f 2419/1911/1732 2433/2898/1811 2434/1912/1733
f 1702/2309/2195 1680/1983/2250 1705/2308/2194
f 2498/1910/2060 2496/2590/1483 2490/1949/2168
f 1719/2671/2311 1716/2166/1605 1734/1761/1577
f 1675/2101/1656 1673/2616/1577 1671/2102/1554
f 2463/2015/2077 2468/2592/1569 2469/1629/1568
f 2430/2613/1769 2437/1620/2120 2429/1619/2133
f 1708/2635/1836 1706/1921/1931 1686/2843/1557
f 2458/2877/2337 2459/1814/2212 2448/2878/2338
f 2546/2233/1463 2537/1649/2020 2535/1644/1464
f 2547/1648/1512 2538/2870/1511 2537/1649/2020
f 2548/2104/1510 2540/2198/2016 2538/1689/1511
f 2486/2236/2116 2478/2239/2115 2476/2691/2209
f 2485/2284/2210 2476/2253/2209 2475/2289/2213
f 2549/1728/1413 2541/2637/1412 2540/2198/2016
f 1590/1824/1713 1602/2604/1430 1601/1823/1430
f 2527/1691/1513 2514/2178/2306 2513/2806/2315
f 1838/2052/1895 1849/2838/1430 1848/1783/1427
f 1686/1740/1557 1697/1739/1556 1696/2872/2332
f 2393/1783/1430 2392/2825/1431 2380/1832/1642
f 1942/2797/1430 1941/1785/1430 1931/1658/2135
f 2217/2579/2056 2219/2580/1659 2218/1619/2057
f 2043/1980/1476 2041/2589/1656 2035/2074/1702
f 1710/2627/1865 1719/2671/2311 1734/1761/1577
f 2137/2627/1432 2161/1708/1527 2162/2785/1623
f 2076/2142/1831 2102/2818/1808 2100/1626/1710
f 2222/2056/2027 2221/2855/1657 2219/2189/1659
f 1705/2653/2194 1704/2056/1901 1699/2058/1564
f 2011/1712/2137 2009/2616/1840 2007/2265/1842
f 1733/1759/1575 1738/2592/1476 1739/1710/1475
f 1703/1804/1930 1686/2843/1557 1706/1921/1931
f 2540/2422/2237 2534/2560/2237 2537/2375/2237
f 1739/2635/1475 1737/1762/1578 1735/2167/1576
f 1724/1606/1583 1725/1781/1600 1714/2370/2238
f 1628/2561/1456 1635/2899/1455 1636/1770/1588
f 2482/1769/2186 2483/1596/1550 2472/2563/2240
f 2176/2494/2237 2166/2495/2237 2169/2497/2237
f 1592/1741/1440 1595/2222/1671 1605/2569/1430
f 1909/2572/1430 1908/2007/1430 1898/1901/1613
f 2462/2578/2044 2467/2900/2141 2469/1753/1568
f 2526/2581/1872 2530/2655/1871 2528/1805/2200
f 1953/1980/1835 1949/1798/1614 1951/2590/2029
f 1934/2105/1880 1943/2901/1850 1944/1770/1959
f 2301/1683/2180 2302/1645/2108 2292/2565/2244
f 2117/2295/2246 2125/2823/1932 2118/2598/2247
f 2450/2396/2237 2441/2460/2237 2444/2544/2237
f 1776/1824/1445 1778/1860/1867 1788/2603/1430
f 1684/1610/2190 1694/2619/1430 1693/2605/1830
f 2250/2596/1448 2252/2288/1685 2237/2141/1671
f 2377/2277/2157 2372/1798/1923 2375/2590/2030
f 1740/2348/2252 1754/2717/2278 1753/2597/1639
f 1717/2402/2237 1720/2396/2237 1711/2398/2237
f 2114/2481/2237 2117/2475/2237 2108/2484/2237
f 1763/1947/1451 1768/2902/1450 1770/2225/2098
f 2311/2345/1925 2291/2903/2042 2288/1839/2041
f 1738/1795/1476 1733/2034/1575 1736/2589/1656
f 1965/2634/2253 1973/2813/2318 1966/2562/2006
f 1682/2638/2255 1693/2641/2258 1694/2639/2256
f 1682/2638/2255 1681/2904/1418 1692/2640/1417
f 2492/2580/2140 2497/2902/2139 2499/2186/1982
f 1610/2645/1448 1612/2209/1685 1595/2279/1671
f 2220/1807/1570 2202/1984/1955 2198/1983/1954
f 1891/1704/1762 1887/1798/1802 1889/2590/1488
f 1688/2394/2237 1679/2388/2237 1682/2390/2237
f 1750/2657/2260 1759/1725/1542 1760/2658/2261
f 1740/2407/2237 1743/2409/2237 1746/2411/2237
f 1994/2418/2237 1985/2458/2237 1988/2460/2237
f 1660/2576/1427 1668/2761/1430 1659/1694/1516
f 1639/2580/2048 1644/2902/2047 1646/1835/1980
f 1755/1819/1637 1756/2768/1636 1744/2669/2265
f 2294/2673/2266 2304/1636/2326 2305/2251/2123
f 2063/2048/1607 2053/2301/2166 2056/1699/2267
f 2037/2580/1838 2042/2905/2032 2044/1835/1475
f 1831/1879/1436 1827/1840/1446 1829/2589/2074
f 1783/2688/2270 1791/1871/1690 1784/2562/1665
f 2183/1690/2001 2184/2002/1826 2175/2690/2272
f 1808/2417/2237 1811/2422/2237 1814/2415/2237
f 1825/2613/1687 1830/2902/1686 1832/1859/1447
f 1826/2700/1448 1828/1804/1685 1812/2206/1671
f 1769/1655/1647 1764/2054/1900 1767/2704/1735
f 1694/2705/2256 1695/1648/1551 1685/1735/1553
f 1936/2448/2237 1926/2445/2237 1930/2449/2237
f 2458/2708/1519 2446/1698/2130 2449/2666/2242
f 2340/2613/1905 2345/2902/1904 2347/1656/1704
f 1814/2660/2263 1822/1871/2150 1815/2562/1693
f 1847/1819/1721 1848/2768/1780 1837/2669/2276
f 1751/2716/2262 1760/2726/2261 1754/2717/2278
f 2326/2718/2279 2335/1847/2330 2336/2719/2280
f 1871/2235/2282 1880/2766/1754 1881/2721/1509
f 1874/2429/2237 1866/2428/2237 1868/2430/2237
f 1652/2300/2099 1655/1696/1518 1665/2723/1603
f 2279/2725/1493 2284/2902/1492 2286/2075/1737
f 1852/2726/2283 1845/1875/1697 1833/2192/2284
f 1839/1962/1779 1849/1961/1778 1850/2217/1759
f 2291/2175/2042 2295/2672/1926 2304/2733/2287
f 2401/2580/1983 2406/2900/2169 2408/1835/1763
f 2493/2596/1480 2495/2267/2138 2480/1664/1482
f 1800/1618/1675 1796/1626/1444 1798/2589/1712
f 2293/2519/2237 2296/2368/2237 2287/2522/2237
f 1590/1824/1713 1592/1741/1440 1603/2603/1430
f 2067/2747/1618 2072/2902/1774 2074/2075/1920
f 2285/1655/2097 2280/2054/1736 2283/2590/2136
f 2481/2504/2237 2473/2549/2237 2475/2550/2237
f 2056/1699/2267 2046/1784/1653 2057/2758/1431
f 1701/2580/1902 1706/2900/1931 1708/2011/1836
f 2346/1655/1705 2341/1798/1805 2344/2590/2158
f 1863/2103/2296 1875/2795/2310 1876/1596/1582
f 2360/1673/1698 2361/2906/2347 2350/1850/2298
f 1653/2386/2237 1656/2379/2237 1647/2382/2237
f 2033/2771/2300 2023/1746/1561 2026/2772/2286
f 1671/1736/1554 1676/2905/1624 1678/1656/1475
f 1861/1910/1650 1856/1798/2121 1859/2704/1927
f 1998/2777/1881 1999/1813/1628 1988/2778/2301
f 2206/2418/2237 2197/2501/2237 2200/2384/2237
f 2060/1817/1889 2061/2907/1949 2052/2218/2277
f 2083/2481/2237 2086/2475/2237 2077/2477/2237
f 2079/1743/1709 2081/1741/1711 2091/2783/1430
f 2219/2580/1659 2224/2908/1658 2226/2317/1571
f 2522/2682/1683 2528/2902/2200 2530/1620/1871
f 2431/2656/1708 2433/1988/1811 2419/1911/1732
f 2195/1751/1899 2190/1951/1767 2193/2590/2100
f 1591/2366/2237 1594/2368/2237 1597/2364/2237
f 2128/2790/1532 2133/2909/1719 2135/1620/2026
f 2255/2205/1436 2251/1798/1446 2253/2590/1873
f 2092/2794/2307 2093/2061/1908 2083/2152/2308
f 2181/1606/2038 2182/1966/2003 2172/2707/2274
f 1839/2424/2237 1842/2406/2237 1833/2382/2237
f 1599/2734/1427 1598/2643/1430 1595/2222/1671
f 2098/2790/1809 2103/2909/2014 2105/1620/1807
f 1948/2596/1616 1950/2165/2101 1935/1861/2028
f 1924/2103/1958 1937/1769/1957 1938/1596/2312
f 2327/2524/2237 2328/2525/2237 2320/2527/2237
f 2167/2610/1766 2171/1786/1768 2181/2805/1730
f 1976/2315/1535 1982/2900/1956 1984/1620/1438
f 2013/1751/1898 2008/2034/1869 2011/2590/2137
f 2086/2295/2183 2095/2294/2182 2087/2811/2316
f 1964/2618/1824 1972/1595/1823 1973/2813/2318
f 2045/2407/2237 2048/2472/2237 2051/2411/2237
f 2158/2580/1538 2163/2902/1537 2165/1656/1529
f 2104/1704/1979 2100/1626/1710 2102/2818/1808
f 2310/2578/1538 2315/2905/1537 2317/1835/1529
f 2554/1807/1528 2536/2910/1429 2532/1983/1432
f 2073/1910/1921 2068/1840/1654 2071/2589/1617
f 2259/2831/2319 2269/2911/2348 2270/2128/1993
f 1963/2455/2237 1965/2452/2237 1957/2453/2237
f 2024/2470/2237 2015/2464/2237 2018/2466/2237
f 2371/2613/1622 2376/2902/1621 2378/1753/2191
f 2099/2636/1801 2101/2146/2013 2085/2077/1832
f 1980/2581/1772 1984/2655/1438 1982/1762/1956
f 2227/2617/2052 2239/1603/2051 2240/2834/2321
f 2136/2388/2237 2139/2384/2237 2142/2375/2237
f 2268/2085/1996 2269/2351/2348 2259/2796/2319
f 1842/2657/2323 1851/1725/1757 1852/2658/2283
f 2262/2514/2237 2265/2515/2237 2257/2511/2237
f 2189/1792/1608 2194/2902/1688 2196/1656/1839
f 1626/2377/2237 1617/2371/2237 1620/2373/2237
f 1855/2747/1928 1860/2912/1984 1862/1835/1649
f 2134/1704/2010 2130/1626/1486 2132/2818/1531
f 1774/2693/2273 1773/1849/1664 1785/1848/1663
f 2026/2772/2286 2016/1784/1865 2027/2826/1427
f 2267/1699/1521 2258/1607/1426 2268/2809/1830
f 2553/2580/1538 2558/2902/1537 2560/2317/1529
f 2129/2636/1981 2131/1894/1718 2116/1888/1716
f 1645/1655/1473 1641/1798/1764 1643/2704/1678
f 2229/2835/2322 2240/2834/2321 2241/2768/2069
f 1757/1817/1634 1758/2907/1544 1747/2218/2324
f 2350/2617/2298 2361/1603/2347 2362/2290/2174
f 2293/2232/2107 2303/2231/2106 2304/2856/2326
f 1777/2417/2237 1780/2418/2237 1783/2415/2237
f 2298/2242/1651 2288/1784/2041 2299/2859/1427
f 1609/2682/1838 1614/2902/1686 1616/1620/1447
f 1795/2700/1715 1797/2320/2201 1781/1884/1522
f 1677/1704/1476 1672/2226/1929 1675/2589/1656
f 2244/2234/2109 2245/2913/2080 2236/2863/2303
f 2409/2538/2237 2412/2436/2237 2415/2417/2237
f 1807/1824/1613 1809/1860/1440 1819/2603/1430
f 2007/2613/1842 2012/2902/1841 2014/1656/2073
f 2327/2720/2281 2336/2719/2280 2337/1814/2149
f 2324/2691/2146 2334/1690/2145 2335/1847/2330
f 1879/2763/1430 1878/2808/1430 1867/1901/1727
f 1732/1941/1579 1737/2909/1578 1739/1656/1475
f 2436/2302/2134 2432/1626/1707 2434/2590/1733
f 2357/2418/2237 2348/2388/2237 2351/2529/2237
f 2381/2875/2333 2392/2914/2346 2393/2768/2170
f 2238/2504/2237 2229/2506/2237 2232/2508/2237
f 1723/2095/1431 1710/2094/1865 1713/1786/1604
f 2439/2610/2216 2443/2258/2131 2454/2662/1427
f 1990/2258/1870 2000/2773/1430 1999/2784/1730
f 1947/2578/2103 1952/2905/2102 1954/1753/1615
f 1886/2593/1837 1888/2335/2217 1873/2100/1729
f 2468/1655/1569 2463/2332/2077 2466/2590/2043
f 2106/2617/2248 2118/1603/2247 2119/2129/1995
f 2508/2557/2237 2510/2551/2237 2502/2553/2237
f 1728/2048/2300 1716/1787/1605 1719/1694/2311
f 1915/2444/1877 1921/2902/1879 1923/2033/1866
f 1917/2822/1442 1919/2042/1876 1903/2206/1672
f 2159/1807/1528 2141/2903/1429 2137/1983/1432
f 1615/1618/1436 1611/1626/1446 1613/2652/2074
f 2447/2876/2336 2457/2884/2343 2458/2877/2337
f 2442/2880/2205 2454/2915/2204 2455/2881/2340
f 2445/2883/2342 2456/2916/2344 2457/2884/2343
f 2444/2882/2341 2455/2881/2340 2456/2885/2344
f 2075/2812/2317 2087/2811/2316 2088/1596/1990
f 2414/2112/1975 2416/1622/1706 2425/2574/1430
f 1794/2613/1717 1799/2902/2202 1801/1620/1714
f 1922/1980/1436 1918/1798/1441 1920/2652/2192
f 2048/2891/2345 2058/2917/1935 2059/2787/1891
f 2390/2504/2237 2381/2534/2237 2384/2535/2237
f 2249/1941/1874 2254/2902/2169 2256/1835/1763
f 1640/2689/1765 1642/2165/2046 1627/1861/1677
f 2407/1980/1436 2403/1798/1446 2405/2590/1873
f 2379/2103/2127 2391/1769/2126 2392/1596/2346
f 1938/2895/2312 1939/2753/1786 1927/2755/2294
f 2512/1603/2220 2513/2283/2162 2502/2741/2288
f 1902/2440/2237 1893/2434/2237 1896/2436/2237
f 2329/1651/2129 2337/2839/1430 2336/1978/1603
f 1885/1941/1489 1890/2902/2218 1892/2033/2011
f 2402/2593/1448 2404/2307/1685 2389/2118/1671
f 1702/2309/2195 1684/2918/2190 1680/1983/2250
f 2498/1910/2060 2494/1798/1479 2496/2590/1483
f 2430/2613/1769 2435/2905/1812 2437/1620/2120
f 2043/1980/1476 2038/1798/1575 2041/2589/1656
f 2540/2422/2237 2531/2559/2237 2534/2560/2237
g MultipleDynamites_LOD_2_Mesh
v -0.540221 0.005186 -0.644774
v -0.576280 1.006166 -0.573397
v -0.494028 0.005186 -0.530871
v -0.590639 1.006664 -0.549011
v -0.609342 0.005186 -0.468335
v -0.679570 0.005186 -0.547043
v -0.599159 1.006752 -0.576671
v -0.645414 0.005186 -0.637681
v -0.562780 1.005878 -0.654118
v -0.500179 1.005878 -0.591714
v -0.517035 1.005878 -0.496336
v -0.656526 1.005878 -0.488910
v -0.662680 1.005878 -0.620415
v -0.561053 1.202883 -0.580273
v -0.584287 1.197302 -0.585977
v -0.573213 1.153314 -0.558192
v -0.315508 0.005186 0.063826
v -0.376328 1.006180 0.005981
v -0.454608 0.005186 0.075272
v -0.396374 1.007559 0.009644
v -0.402461 1.006141 -0.007633
v -0.467496 0.005186 -0.060960
v -0.382409 1.006785 -0.016316
v -0.328931 0.005186 -0.077836
v -0.303311 1.005879 -0.041170
v -0.317101 1.005879 0.055233
v -0.405143 1.005879 0.095602
v -0.481412 1.005879 0.022373
v -0.433813 1.005879 -0.091262
v -0.363971 1.202885 0.017224
v -0.367965 1.197300 -0.006363
v -0.389066 1.153313 0.014836
v -0.175042 0.005186 -0.088923
v -0.104814 0.005186 -0.010215
v -0.138971 0.005186 0.080423
v -0.261881 0.005186 0.079509
v -0.213880 1.006765 -0.002875
v -0.279138 0.005186 -0.042034
v -0.127858 1.005879 -0.068348
v -0.121704 1.005879 0.063157
v -0.221604 1.005879 0.096860
v -0.284205 1.005879 0.034456
v -0.267349 1.005879 -0.060922
v -0.170418 1.202903 -0.012513
v -0.193652 1.197303 -0.018214
v -0.195135 1.007414 0.017408
v -0.185856 1.006095 -0.006046
v -0.182579 1.153314 0.009572
v 0.069060 0.005186 0.063120
v -0.040092 0.005186 0.098134
v -0.097889 0.005186 -0.000506
v -0.015264 1.007164 0.002217
v -0.035315 0.005186 -0.085736
v 0.007352 1.006026 -0.005307
v 0.079233 0.005186 -0.041874
v -0.050233 1.005879 0.089267
v -0.098111 1.005879 0.005065
v -0.032670 1.005879 -0.088679
v 0.073360 1.005879 -0.045115
v 0.071031 1.005879 0.069189
v -0.012147 1.202885 0.036982
v 0.008790 1.197302 0.025409
v 0.016729 1.051158 0.016410
v -0.007033 1.006009 0.020924
v -0.018197 1.153316 0.012511
v 0.238329 0.005186 -0.071041
v 0.297903 0.005186 0.026896
v 0.187251 0.005186 0.111956
v 0.183042 1.006786 0.005968
v 0.111210 0.005186 0.038336
v 0.133871 0.005186 -0.056375
v 0.269554 1.005879 -0.046300
v 0.291653 1.005879 0.038829
v 0.203086 1.005879 0.110725
v 0.105870 1.005879 0.035932
v 0.168406 1.005879 -0.079382
v 0.226503 1.202904 -0.003667
v 0.203269 1.197302 -0.009367
v 0.201783 1.007296 0.026274
v 0.211066 1.006102 0.002799
v 0.214342 1.153314 0.018418
v 0.299765 0.005186 0.011945
v 0.344089 0.005186 -0.074001
v 0.449822 0.005186 -0.074539
v 0.485828 0.005186 0.015378
v 0.389890 1.006786 0.022959
v 0.439645 0.005186 0.087427
v 0.351572 0.005186 0.086615
v 0.315553 1.005879 -0.054741
v 0.444735 1.005879 -0.077868
v 0.486577 1.005879 0.019235
v 0.431112 1.005879 0.090990
v 0.327112 1.005879 0.073218
v 0.371570 1.202902 -0.017613
v 0.370741 1.197302 0.006296
v 0.405924 1.007352 0.000461
v 0.381057 1.006095 -0.003823
v 0.395675 1.153315 -0.010226
v 0.657541 0.005186 0.084927
v 0.600825 1.006156 0.020710
v 0.542905 0.005186 0.092286
v 0.574026 1.006665 0.011619
v 0.491231 0.005186 0.009741
v 0.553986 0.005186 -0.075047
v 0.599375 1.006785 -0.002356
v 0.657772 0.005186 -0.054857
v 0.669278 1.005879 0.065294
v 0.542450 1.005879 0.098752
v 0.497149 1.005879 -0.021439
v 0.584272 1.005879 -0.081348
v 0.663437 1.005879 -0.042890
v 0.610659 1.202888 0.034217
v 0.611511 1.197304 0.010309
v 0.586564 1.153315 0.026810
v 0.854387 0.005186 -0.054925
v 0.795142 1.006156 0.000365
v 0.866176 0.005186 0.058538
v 0.780783 1.006665 0.024750
v 0.762080 0.005186 0.105427
v 0.691852 0.005186 0.026718
v 0.772263 1.006785 -0.002914
v 0.732758 0.005186 -0.070780
v 0.858169 1.005879 -0.053756
v 0.854387 1.005879 0.077426
v 0.732759 1.005879 0.093282
v 0.691852 1.005879 -0.004217
v 0.745628 1.005879 -0.073889
v 0.810369 1.202885 -0.006512
v 0.787135 1.197304 -0.012216
v 0.798210 1.153315 0.015570
v 0.690197 0.005186 -0.155368
v 0.721401 0.005186 -0.246897
v 0.835280 0.005186 -0.260012
v 0.872787 0.005186 -0.152013
v 0.780962 1.006786 -0.157726
v 0.785385 0.005186 -0.077840
v 0.687743 1.005879 -0.158364
v 0.725067 1.005879 -0.248310
v 0.829858 1.005879 -0.263190
v 0.874238 1.005879 -0.166464
v 0.801693 1.005879 -0.077398
v 0.756878 1.202884 -0.195164
v 0.759571 1.197304 -0.171392
v 0.793513 1.007352 -0.182337
v 0.768286 1.006095 -0.182918
v 0.781804 1.153316 -0.191401
v 0.555147 0.005186 -0.076607
v 0.571007 1.006167 -0.161265
v 0.488373 0.005186 -0.189586
v 0.580921 1.007559 -0.179066
v 0.574401 0.005186 -0.260938
v 0.598128 1.006141 -0.172783
v 0.669992 0.005186 -0.215703
v 0.656028 0.005186 -0.108264
v 0.592081 1.006819 -0.151778
v 0.542176 1.005879 -0.086073
v 0.487825 1.005879 -0.176790
v 0.583429 1.005879 -0.266594
v 0.672865 1.005879 -0.199615
v 0.647610 1.005879 -0.094260
v 0.554471 1.202902 -0.158868
v 0.575219 1.197301 -0.146960
v 0.572268 1.153315 -0.176725
v 0.457281 0.005186 -0.243526
v 0.400558 1.006167 -0.190404
v 0.477436 0.005186 -0.139733
v 0.386198 1.006648 -0.166015
v 0.386540 0.005186 -0.086209
v 0.298895 0.005186 -0.145350
v 0.377680 1.006785 -0.193683
v 0.345601 0.005186 -0.267992
v 0.423497 1.005879 -0.269953
v 0.482638 1.005879 -0.182307
v 0.429114 1.005879 -0.091411
v 0.325321 1.005879 -0.111566
v 0.300855 1.005879 -0.223246
v 0.415785 1.202886 -0.197280
v 0.392551 1.197303 -0.202985
v 0.403624 1.153314 -0.175199
v 0.108643 0.005186 -0.162448
v 0.191807 1.006180 -0.184853
v 0.150119 0.005186 -0.249972
v 0.246691 0.005186 -0.262544
v 0.212147 1.007559 -0.183636
v 0.298131 0.005186 -0.160725
v 0.213944 1.006141 -0.165406
v 0.208158 0.005186 -0.076983
v 0.192400 1.006785 -0.161749
v 0.109659 1.005879 -0.156454
v 0.184367 1.005879 -0.274488
v 0.299177 1.005879 -0.194749
v 0.224470 1.005879 -0.076715
v 0.182483 1.202887 -0.198717
v 0.180743 1.197303 -0.174857
v 0.206287 1.153315 -0.190418
v 0.000575 0.005186 -0.274063
v 0.097114 0.005186 -0.212818
v 0.076709 0.005186 -0.102961
v -0.005837 1.006947 -0.167152
v -0.045981 0.005186 -0.099637
v -0.080443 0.005186 -0.192966
v -0.076520 1.005879 -0.225561
v 0.049776 1.005879 -0.262718
v 0.104450 1.005879 -0.182762
v 0.068726 1.005879 -0.102327
v -0.036232 1.005879 -0.091807
v 0.009903 1.202903 -0.207797
v -0.007034 1.197303 -0.190902
v 0.021819 1.006991 -0.170274
v 0.007412 1.006033 -0.191899
v 0.022462 1.153314 -0.185936
v -0.104918 0.005186 -0.210616
v -0.173240 0.005186 -0.088774
v -0.292581 0.005186 -0.143369
v -0.202912 1.006786 -0.200033
v -0.239320 0.005186 -0.272375
v -0.130206 1.005879 -0.118565
v -0.222875 1.005879 -0.090383
v -0.288898 1.005879 -0.148581
v -0.261479 1.005879 -0.259573
v -0.123115 1.005879 -0.241275
v -0.172831 1.202886 -0.167219
v -0.179515 1.197301 -0.190190
v -0.211110 1.007352 -0.173650
v -0.186150 1.006095 -0.177352
v -0.198035 1.153314 -0.166702
v -0.391530 0.005186 -0.280291
v -0.303884 0.005186 -0.221150
v -0.350591 0.005186 -0.098508
v -0.462271 0.005186 -0.122974
v -0.411323 1.006786 -0.195113
v -0.482426 0.005186 -0.226767
v -0.434104 1.005879 -0.275090
v -0.330311 1.005879 -0.254934
v -0.305845 1.005879 -0.143254
v -0.428487 1.005879 -0.096548
v -0.487628 1.005879 -0.184193
v -0.367862 1.202884 -0.204744
v -0.391096 1.197304 -0.210449
v -0.392580 1.007352 -0.174816
v -0.383300 1.006095 -0.198282
v -0.380022 1.153314 -0.182663
v -0.345830 0.005186 -0.293749
v -0.433507 0.005186 -0.300700
v -0.483682 0.005186 -0.394550
v -0.361165 0.005186 -0.477420
v -0.367412 1.006786 -0.381942
v -0.292893 0.005186 -0.374866
v -0.309187 1.005879 -0.317843
v -0.421121 1.005879 -0.293114
v -0.484432 1.005879 -0.388310
v -0.405101 1.005879 -0.471058
v -0.313342 1.005879 -0.440538
v -0.398881 1.202884 -0.350456
v -0.376224 1.197304 -0.358136
v -0.394128 1.007352 -0.388979
v -0.389337 1.006095 -0.364205
v -0.400498 1.153315 -0.375612
v -0.103570 0.005186 -0.340890
v -0.189166 1.006167 -0.366593
v -0.234200 0.005186 -0.291745
v -0.203881 1.006648 -0.390770
v -0.286033 0.005186 -0.393647
v -0.234900 0.005186 -0.465280
v -0.138255 0.005186 -0.458808
v -0.175471 1.006785 -0.385210
v -0.161178 1.005879 -0.286036
v -0.285072 1.005879 -0.350768
v -0.248505 1.005879 -0.458919
v -0.160543 1.005879 -0.467632
v -0.100988 1.005879 -0.402912
v -0.190296 1.202886 -0.349924
v -0.174295 1.197303 -0.367709
v -0.204017 1.153314 -0.371071
v -0.083616 0.005186 -0.429100
v -0.001313 1.006167 -0.391913
v 0.052730 0.005186 -0.459485
v 0.013713 1.007648 -0.378173
v 0.094963 0.005186 -0.362825
v 0.003649 1.006132 -0.362867
v 0.042334 0.005186 -0.292285
v -0.054154 0.005186 -0.300791
v -0.015400 1.006819 -0.373591
v -0.057120 1.005879 -0.448485
v 0.038202 1.005879 -0.464766
v 0.099640 1.005879 -0.358482
v -0.015644 1.005879 -0.279809
v -0.090166 1.005879 -0.366913
v 0.000169 1.202886 -0.408555
v -0.016203 1.197303 -0.391111
v 0.013441 1.153314 -0.387123
v 0.220739 0.005186 -0.463742
v 0.300003 0.005186 -0.381353
v 0.251668 0.005186 -0.277410
v 0.213100 1.007164 -0.355994
v 0.119468 0.005186 -0.322158
v 0.191381 1.006026 -0.365811
v 0.133486 0.005186 -0.418365
v 0.251668 1.005879 -0.454360
v 0.300003 1.005879 -0.350417
v 0.220739 1.005879 -0.268028
v 0.133486 1.005879 -0.313405
v 0.119468 1.005879 -0.409612
v 0.234398 1.202885 -0.383648
v 0.211164 1.197301 -0.389352
v 0.199227 1.051158 -0.388126
v 0.219745 1.006009 -0.375321
v 0.222239 1.153316 -0.361566
v 0.491042 0.005186 -0.386958
v 0.471673 0.005186 -0.291519
v 0.349646 0.005186 -0.279108
v 0.312194 0.005186 -0.386862
v 0.407120 1.006786 -0.378075
v 0.412498 0.005186 -0.457901
v 0.492721 1.005879 -0.338515
v 0.419274 1.005879 -0.262305
v 0.309734 1.005879 -0.334580
v 0.346337 1.005879 -0.433773
v 0.460500 1.005879 -0.439939
v 0.426449 1.202905 -0.337974
v 0.426678 1.197303 -0.361896
v 0.391644 1.007296 -0.355182
v 0.416621 1.006102 -0.351520
v 0.402166 1.153314 -0.344755
v 0.686464 0.005186 -0.370038
v 0.628273 0.005186 -0.271275
v 0.501038 0.005186 -0.328638
v 0.582992 1.007164 -0.359401
v 0.524323 0.005186 -0.423031
v 0.594870 1.006026 -0.380065
v 0.615567 0.005186 -0.459729
v 0.677152 1.005879 -0.311472
v 0.541233 1.005879 -0.279760
v 0.509522 1.005879 -0.415679
v 0.645440 1.005879 -0.447390
v 0.608449 1.202884 -0.335521
v 0.616380 1.197301 -0.358091
v 0.616319 1.051158 -0.370092
v 0.601583 1.006009 -0.350912
v 0.587652 1.153316 -0.349764
v 0.870424 0.005186 -0.612756
v 0.808052 1.006180 -0.554627
v 0.862998 0.005186 -0.473265
v 0.803452 1.007559 -0.534776
v 0.731816 0.005186 -0.469483
v 0.785178 1.006141 -0.536051
v 0.722566 0.005186 -0.608745
v 0.785174 1.006785 -0.557904
v 0.803363 1.005879 -0.642212
v 0.884152 1.005879 -0.572944
v 0.861829 1.005879 -0.469484
v 0.730647 1.005879 -0.473265
v 0.709549 1.005879 -0.576874
v 0.823279 1.202903 -0.561505
v 0.800045 1.197301 -0.567206
v 0.811119 1.153315 -0.539421
v 0.497998 0.005186 -0.570507
v 0.598458 0.005186 -0.641730
v 0.691607 0.005186 -0.570610
v 0.590335 1.006786 -0.529833
v 0.642605 0.005186 -0.467316
v 0.554656 0.005186 -0.464029
v 0.504752 1.005879 -0.520407
v 0.525928 1.005879 -0.608788
v 0.607702 1.005879 -0.641506
v 0.676884 1.005879 -0.591130
v 0.674770 1.005879 -0.491395
v 0.574620 1.005879 -0.457428
v 0.573678 1.202884 -0.571115
v 0.571877 1.197304 -0.547259
v 0.607268 1.007352 -0.551662
v 0.582595 1.006095 -0.556951
v 0.597461 1.153314 -0.562756
v 0.508290 0.005186 -0.569204
v 0.413910 1.007217 -0.542827
v 0.433479 0.005186 -0.461101
v 0.320275 0.005186 -0.508981
v 0.392188 1.006026 -0.552634
v 0.373151 0.005186 -0.647118
v 0.405508 1.005879 -0.653554
v 0.496080 1.005879 -0.581909
v 0.483919 1.005879 -0.494803
v 0.384019 1.005879 -0.461101
v 0.312123 1.005879 -0.549668
v 0.435206 1.202887 -0.570471
v 0.411972 1.197304 -0.576174
v 0.400033 1.051159 -0.574949
v 0.420552 1.006005 -0.562144
v 0.423046 1.153315 -0.548389
v 0.118919 0.005186 -0.556503
v 0.189714 0.005186 -0.646660
v 0.303625 0.005186 -0.581606
v 0.210434 1.006786 -0.531761
v 0.262689 0.005186 -0.468906
v 0.157323 0.005186 -0.474341
v 0.120446 1.005879 -0.532709
v 0.168228 1.005879 -0.639762
v 0.279973 1.005879 -0.613955
v 0.302791 1.005879 -0.522701
v 0.202187 1.005879 -0.452345
v 0.186161 1.202886 -0.569076
v 0.188975 1.197301 -0.545319
v 0.222870 1.007296 -0.556438
v 0.197630 1.006102 -0.556890
v 0.211106 1.153314 -0.565440
v 0.095718 0.005186 -0.564377
v 0.015877 0.005186 -0.470927
v -0.083194 0.005186 -0.527988
v -0.006855 1.006786 -0.585647
v -0.079476 0.005186 -0.615921
v 0.024434 0.005186 -0.664325
v 0.086540 1.005879 -0.534587
v 0.021150 1.005879 -0.475772
v -0.070193 1.005879 -0.508000
v -0.082191 1.005879 -0.621696
v 0.063375 1.005879 -0.647723
v 0.032599 1.202886 -0.565033
v 0.018495 1.197301 -0.584357
v -0.005583 1.007352 -0.558050
v 0.016626 1.006095 -0.570027
v 0.009077 1.153315 -0.555967
v -0.128966 0.005186 -0.644116
v -0.191338 1.006167 -0.585984
v -0.136392 0.005186 -0.504624
v -0.195938 1.007559 -0.566135
v -0.276169 0.005186 -0.506081
v -0.214212 1.006141 -0.567410
v -0.268744 0.005186 -0.645572
v -0.214215 1.006819 -0.589268
v -0.205607 1.005879 -0.671724
v -0.101721 1.005879 -0.578340
v -0.209108 1.005879 -0.476625
v -0.301041 1.005879 -0.581640
v -0.176111 1.202885 -0.592860
v -0.199345 1.197302 -0.598565
v -0.188271 1.153314 -0.570779
v -0.324910 0.005186 -0.500201
v -0.379126 1.006156 -0.555880
v -0.428291 0.005186 -0.478030
v -0.403785 1.006665 -0.569762
v -0.484305 0.005186 -0.596713
v -0.389254 0.005186 -0.660242
v -0.376291 1.006785 -0.578817
v -0.300474 0.005186 -0.602817
v -0.299145 1.005879 -0.534492
v -0.385624 1.005879 -0.473658
v -0.465194 1.005879 -0.511268
v -0.478129 1.005879 -0.598324
v -0.412930 1.005879 -0.657444
v -0.327551 1.005879 -0.636078
v -0.371954 1.202883 -0.540790
v -0.366702 1.197303 -0.564130
v -0.394267 1.153314 -0.552518
v -0.679200 0.005186 -0.407312
v -0.583984 0.005186 -0.485043
v -0.490223 0.005186 -0.393303
v -0.589401 1.006765 -0.367743
v -0.537288 0.005186 -0.308653
v -0.634473 0.005186 -0.302372
v -0.666958 1.005879 -0.447472
v -0.554241 1.005879 -0.472581
v -0.490849 1.005879 -0.399351
v -0.549692 1.005879 -0.298377
v -0.653040 1.005879 -0.319354
v -0.611425 1.202887 -0.406430
v -0.610023 1.197303 -0.382547
v -0.575538 1.007352 -0.391638
v -0.600697 1.006102 -0.393585
v -0.586739 1.153315 -0.401322
v -0.632639 0.005186 -0.277807
v -0.597263 1.006180 -0.204568
v -0.529237 0.005186 -0.256954
v -0.582529 1.007559 -0.190492
v -0.505563 0.005186 -0.144794
v -0.592940 1.006141 -0.175420
v -0.609597 0.005186 -0.097383
v -0.687982 0.005186 -0.168341
v -0.611744 1.006785 -0.186554
v -0.671818 1.005879 -0.243101
v -0.583165 1.005879 -0.282122
v -0.496600 1.005879 -0.207438
v -0.584917 1.005879 -0.088834
v -0.679238 1.005879 -0.155461
v -0.595417 1.202885 -0.221172
v -0.612167 1.197302 -0.204090
v -0.582617 1.153315 -0.199456
v -0.665927 0.006116 0.058860
v -0.606535 1.004969 0.009022
v -0.672834 0.006116 -0.055562
v -0.592677 1.005973 -0.010597
v -0.574820 0.006116 -0.088579
v -0.499292 0.006116 -0.027212
v -0.577681 1.005279 0.004217
v -0.557020 0.006116 0.093646
v -0.656965 1.004948 0.070912
v -0.679146 1.004948 -0.040986
v -0.595323 1.004948 -0.090557
v -0.508740 1.004948 -0.047147
v -0.534506 1.004948 0.081477
v -0.623986 1.201583 0.004818
v -0.606110 1.196015 0.020718
v -0.594983 1.050144 0.025213
v -0.602918 1.152109 -0.009023
v 0.799032 0.005186 -0.461432
v 0.878296 0.005186 -0.379042
v 0.829961 0.005186 -0.275100
v 0.791394 1.007163 -0.353684
v 0.733754 0.005186 -0.289119
v 0.769674 1.006026 -0.363501
v 0.688378 0.005186 -0.376372
v 0.801702 1.005879 -0.455636
v 0.884092 1.005879 -0.376372
v 0.799032 1.005879 -0.265718
v 0.711779 1.005879 -0.311094
v 0.697760 1.005879 -0.407301
v 0.812691 1.202885 -0.381337
v 0.789457 1.197301 -0.387042
v 0.777520 1.051158 -0.385816
v 0.798038 1.006009 -0.373011
v 0.800532 1.153315 -0.359256
vn -0.4342 0.0044 0.9008
vn -0.3577 -0.0060 0.9338
vn 0.7569 0.0094 0.6534
vn 0.9527 0.0132 -0.3035
vn 0.5286 -0.0163 -0.8487
vn 0.2277 0.0110 -0.9737
vn 0.8657 0.0159 -0.5002
vn 0.6276 -0.0307 -0.7780
vn -0.3944 0.0274 -0.9185
vn 0.1480 0.0177 -0.9888
vn -0.4350 -0.0195 -0.9002
vn -0.8148 0.0135 -0.5796
vn -0.2509 0.9415 -0.2252
vn -0.0015 0.9999 -0.0107
vn -0.0021 1.0000 -0.0019
vn 0.1350 0.9145 0.3815
vn -0.0008 1.0000 0.0091
vn 0.0093 1.0000 -0.0009
vn -0.9542 0.0125 0.2989
vn -0.6585 -0.0203 0.7523
vn -0.2255 0.0144 0.9741
vn -0.7796 -0.0305 -0.6256
vn 0.1565 0.0079 0.9877
vn 0.3953 -0.0197 0.9184
vn 0.9864 0.0161 0.1638
vn -0.6206 0.0050 -0.7841
vn -0.8443 -0.0221 -0.5355
vn -0.9868 0.0173 0.1612
vn -0.9790 0.0212 0.2030
vn -0.6424 -0.0299 0.7658
vn -0.1632 0.0149 0.9865
vn -0.4070 0.8998 0.1572
vn 0.4578 0.7252 0.5143
vn -0.5368 0.8390 -0.0885
vn -0.5964 -0.0115 -0.8026
vn -0.8239 0.0183 -0.5665
vn -0.6662 0.0184 -0.7456
vn -0.8754 -0.0166 -0.4832
vn -0.7933 0.0224 -0.6084
vn -0.9977 -0.0151 0.0665
vn -0.7317 0.0182 0.6814
vn 0.5676 -0.0154 0.8231
vn 0.8239 0.0183 0.5665
vn 0.9836 -0.0166 -0.1794
vn 0.6713 0.0283 -0.7406
vn -0.8125 0.0063 0.5830
vn -0.8535 -0.0185 0.5208
vn 0.2091 0.9330 0.2928
vn 0.0048 1.0000 0.0048
vn 0.1370 0.9516 -0.2753
vn 0.1157 0.1477 0.9822
vn -0.2713 0.9622 0.0249
vn -0.0566 0.8996 -0.4331
vn -0.6058 0.7254 0.3267
vn 0.2100 0.8389 -0.5022
vn -0.2648 0.7140 0.6482
vn -0.0433 0.9684 0.2455
vn 0.2791 0.9561 -0.0898
vn 0.3646 0.0075 0.9311
vn 0.4760 -0.0034 0.8794
vn 0.9922 0.0043 0.1249
vn 0.8351 0.0031 -0.5500
vn 0.8505 -0.0034 -0.5260
vn -0.2807 0.0012 -0.9598
vn 0.9931 0.0290 -0.1137
vn 0.7020 -0.0197 -0.7119
vn 0.0940 0.9045 0.4160
vn 0.0126 0.9999 0.0052
vn 0.4781 0.8780 -0.0219
vn 0.0298 0.9689 -0.2456
vn 0.0055 1.0000 -0.0053
vn -0.0070 0.9999 -0.0086
vn -0.3852 0.9157 0.1145
vn -0.9888 0.1477 0.0199
vn 0.0085 0.9615 -0.2746
vn -0.0257 0.9423 -0.3337
vn -0.6199 0.7189 0.3146
vn 0.2273 0.8395 -0.4936
vn 0.6973 0.0178 -0.7166
vn 0.0320 -0.0167 -0.9993
vn -0.4097 0.0171 -0.9121
vn 0.2742 0.9559 -0.1051
vn 0.0035 0.9999 -0.0111
vn -0.2564 0.9421 -0.2161
vn -0.0008 0.9999 0.0141
vn 0.0300 0.9548 0.2957
vn -0.2346 0.9688 -0.0800
vn -0.0355 0.9742 0.2230
vn -0.0092 0.9999 -0.0043
vn -0.0067 1.0000 0.0066
vn -0.0358 0.9687 0.2456
vn 0.0146 0.9999 0.0034
vn 0.3459 0.8804 -0.3245
vn 0.9468 0.1468 -0.2863
vn 0.3294 0.9040 0.2724
vn -0.1122 0.9418 0.3168
vn 0.7001 0.7140 -0.0100
vn -0.4224 0.8387 0.3437
vn 0.2686 0.9359 -0.2278
vn -0.5960 0.7137 -0.3680
vn -0.2321 0.9686 -0.0895
vn 0.0423 0.9559 0.2907
vn -0.2150 0.0113 0.9765
vn 0.3089 -0.0268 0.9507
vn 0.7850 0.0195 0.6192
vn -0.3681 0.0199 -0.9296
vn -0.6754 -0.0128 -0.7373
vn -0.9775 0.0180 0.2102
vn -0.9994 0.0228 -0.0251
vn -0.9194 -0.0265 0.3925
vn -0.2769 0.0194 0.9607
vn 0.2421 0.9686 -0.0568
vn 0.0048 1.0000 0.0055
vn 0.0089 0.9999 -0.0073
vn 0.0056 1.0000 0.0038
vn 0.3296 0.9332 -0.1429
vn -0.0317 0.9743 0.2229
vn -0.2818 0.9420 -0.1822
vn 0.0029 0.9999 -0.0105
vn -0.0017 1.0000 -0.0022
vn 0.3613 0.8994 -0.2462
vn 0.0037 1.0000 0.0046
vn 0.0037 1.0000 -0.0012
vn 0.0100 0.9999 -0.0066
vn -0.0013 0.9999 -0.0108
vn -0.0044 0.9999 -0.0112
vn -0.3173 0.8991 -0.3016
vn 0.2622 0.9416 -0.2111
vn -0.5960 0.7137 -0.3679
vn 0.5406 0.8389 -0.0628
vn -0.5948 0.0198 -0.8036
vn -0.9520 -0.0221 -0.3053
vn -0.9508 0.0235 0.3091
vn -0.0738 0.0108 -0.9972
vn -0.3617 -0.0141 -0.9322
vn -0.9536 0.0168 -0.3007
vn 0.8023 0.0064 0.5969
vn 0.7668 -0.0300 0.6412
vn 0.7427 0.0164 0.6694
vn 0.8682 -0.0090 0.4962
vn 0.7738 0.0070 -0.6333
vn 0.0057 1.0000 -0.0033
vn -0.2418 0.9515 -0.1901
vn -0.2418 0.9515 -0.1903
vn 0.0035 1.0000 -0.0064
vn -0.0043 0.9999 -0.0112
vn -0.0108 0.9999 -0.0009
vn 0.0947 -0.0363 0.9948
vn 0.3458 0.7340 0.5845
vn -0.5011 0.8418 -0.2008
vn 0.2217 0.7137 -0.6644
vn -0.2825 0.9545 0.0955
vn 0.8353 0.0018 -0.5497
vn 0.7722 -0.0142 -0.6353
vn -0.0100 0.9688 0.2476
vn -0.0068 1.0000 0.0043
vn 0.0048 0.9999 0.0100
vn 0.0113 0.9999 0.0095
vn 0.0164 0.9998 -0.0084
vn 0.2406 0.7191 -0.6520
vn 0.1723 0.8389 0.5163
vn -0.6116 0.0011 -0.7912
vn -0.6277 -0.0038 -0.7784
vn -0.9616 0.0069 0.2743
vn -0.0849 0.0221 0.9961
vn 0.5525 -0.0220 0.8332
vn 0.9372 0.0201 0.3483
vn -0.6713 0.0283 0.7406
vn -0.1711 -0.0234 0.9850
vn 0.6641 0.0229 0.7473
vn -0.1328 0.8787 -0.4585
vn -0.0113 0.9999 0.0011
vn -0.0051 0.9999 0.0141
vn 0.1889 0.9208 0.3413
vn -0.0051 1.0000 0.0064
vn 0.0064 1.0000 0.0052
vn 0.0022 0.9999 -0.0122
vn 0.0061 1.0000 -0.0011
vn 0.3251 0.9327 -0.1563
vn -0.2383 0.7137 0.6586
vn -0.1720 0.8389 -0.5164
vn -0.0341 0.0089 -0.9994
vn -0.8296 -0.0091 -0.5583
vn -0.9132 0.0090 -0.4074
vn -0.9836 -0.0166 0.1794
vn -0.0590 -0.0063 0.9982
vn 0.0181 0.0031 0.9998
vn 0.9993 0.0167 -0.0320
vn 0.7166 -0.0178 -0.6973
vn 0.3057 0.0229 -0.9519
vn -0.4733 -0.0264 -0.8805
vn -0.8805 0.0264 -0.4733
vn 0.9413 0.0092 -0.3376
vn 0.8783 -0.0077 -0.4781
vn -0.0563 0.0118 -0.9983
vn 0.1347 0.0107 0.9908
vn 0.9651 -0.0094 0.2618
vn 0.9921 0.0064 0.1249
vn -0.2736 0.9616 0.0206
vn -0.0050 0.9999 0.0088
vn 0.1539 0.9153 0.3722
vn 0.0017 1.0000 -0.0075
vn -0.2709 0.9214 -0.2785
vn -0.0039 1.0000 -0.0058
vn -0.3820 0.9043 -0.1904
vn 0.1535 0.9214 -0.3570
vn 0.2645 0.8805 0.3934
vn 0.0116 0.9999 -0.0023
vn 0.3507 0.8990 -0.2622
vn 0.1629 0.9327 0.3219
vn 0.3568 0.7191 -0.5963
vn 0.0740 0.8389 0.5393
vn 0.8938 0.1254 0.4305
vn 0.2623 0.9555 0.1350
vn -0.5522 0.0079 0.8337
vn -0.5643 -0.0010 0.8256
vn 0.6485 -0.0122 0.7611
vn -0.9519 -0.0229 0.3057
vn -0.6973 0.0178 0.7166
vn 0.9803 0.0275 -0.1957
vn 0.4687 -0.0196 -0.8831
vn -0.2015 0.0278 -0.9791
vn 0.4097 0.0171 0.9121
vn 0.9121 -0.0171 0.4097
vn -0.0320 -0.0167 0.9993
vn 0.0011 1.0000 -0.0084
vn -0.2669 0.9216 -0.2820
vn 0.0076 0.9683 0.2495
vn -0.0010 0.9999 0.0113
vn 0.0138 0.9999 0.0059
vn -0.0274 0.9330 0.3589
vn 0.6030 0.7191 -0.3455
vn -0.1994 0.8389 0.5065
vn -0.9045 0.0024 0.4264
vn -0.9814 -0.0056 0.1917
vn 0.1459 0.0158 0.9892
vn -0.1282 -0.0044 -0.9917
vn -0.9540 0.0141 0.2995
vn -0.4959 -0.0138 0.8683
vn -0.2031 0.0115 0.9791
vn 0.5703 0.0196 -0.8212
vn 0.0590 -0.0219 -0.9980
vn -0.0015 1.0000 0.0011
vn 0.0132 0.9999 -0.0014
vn 0.0011 1.0000 -0.0079
vn 0.0010 1.0000 0.0065
vn 0.2824 0.9515 -0.1222
vn 0.2632 0.9417 -0.2097
vn -0.5957 0.7140 -0.3679
vn 0.5409 0.8387 -0.0627
vn 0.0205 0.7139 -0.6999
vn -0.0485 0.9685 -0.2442
vn -0.2305 0.9557 0.1832
vn -0.9548 0.0051 0.2972
vn -0.9307 -0.0220 0.3652
vn 0.9959 0.0094 -0.0895
vn 0.9171 -0.0167 -0.3982
vn 0.3399 0.0204 -0.9402
vn -0.8131 0.0211 -0.5818
vn -0.9718 -0.0194 -0.2352
vn -0.7380 0.0170 0.6746
vn 0.0077 0.9999 0.0108
vn -0.2122 0.9655 0.1510
vn 0.0117 0.9999 -0.0019
vn 0.0033 0.9999 -0.0101
vn -0.2340 0.9687 -0.0831
vn -0.0016 1.0000 -0.0074
vn -0.0118 0.9999 0.0007
vn 0.0411 0.9558 0.2913
vn 0.0100 0.9999 0.0027
vn -0.0187 0.9203 -0.3907
vn 0.3701 0.1617 -0.9148
vn 0.3137 0.9471 0.0683
vn -0.5822 0.7252 -0.3676
vn 0.5404 0.8390 -0.0635
vn 0.9503 -0.0290 -0.3100
vn 0.7696 0.0216 -0.6381
vn 0.9967 0.0126 -0.0798
vn 0.0798 -0.0126 -0.9967
vn 0.1659 0.0053 -0.9861
vn 0.9486 0.0022 0.3165
vn 0.9826 -0.0140 0.1850
vn 0.7297 0.0120 -0.6836
vn 0.0002 1.0000 0.0072
vn -0.3760 0.9218 0.0945
vn 0.0064 0.9683 0.2498
vn 0.0152 0.9999 0.0032
vn 0.2539 0.9559 -0.1479
vn 0.2601 0.9556 -0.1383
vn 0.9402 -0.0496 0.3369
vn 0.6659 0.7342 -0.1322
vn -0.3586 0.8403 0.4066
vn 0.9901 0.0203 -0.1387
vn 0.6223 -0.0156 -0.7826
vn 0.3545 0.0081 -0.9350
vn 0.8805 0.0264 0.4733
vn 0.9519 -0.0229 -0.3057
vn -0.3057 0.0229 0.9519
vn 0.4733 -0.0264 0.8805
vn -0.0068 0.9999 0.0114
vn 0.0063 1.0000 0.0037
vn 0.1873 0.9518 -0.2429
vn 0.2717 0.8658 0.4202
vn -0.2249 0.9743 0.0139
vn -0.0089 1.0000 -0.0030
vn -0.1934 0.9559 -0.2209
vn -0.0107 0.9999 0.0014
vn -0.1389 0.7140 0.6863
vn -0.2461 0.8387 -0.4857
vn -0.6559 -0.0216 0.7545
vn -0.1339 0.0237 0.9907
vn -0.3767 0.0124 0.9263
vn 0.4378 -0.0128 0.8990
vn 0.7895 0.0204 0.6134
vn -0.9913 0.0108 -0.1308
vn -0.9863 -0.0141 0.1643
vn -0.4996 0.0162 0.8661
vn -0.9121 -0.0171 -0.4097
vn -0.9993 0.0167 0.0320
vn -0.5385 -0.0248 0.8423
vn 0.1122 0.0246 0.9934
vn 0.8012 0.0212 -0.5980
vn 0.1931 -0.0254 -0.9809
vn -0.2453 0.0124 -0.9694
vn -0.6691 0.0118 0.7431
vn 0.3949 -0.0145 0.9186
vn 0.6002 0.0165 0.7997
vn 0.0100 1.0000 0.0005
vn 0.0022 1.0000 -0.0020
vn -0.1818 0.9743 -0.1330
vn -0.2864 0.9466 0.1481
vn 0.0009 1.0000 0.0021
vn -0.0032 1.0000 0.0087
vn 0.1957 0.9361 0.2924
vn 0.2623 0.9421 -0.2089
vn 0.4119 -0.0119 0.9112
vn 0.9757 0.0202 0.2181
vn -0.7166 -0.0178 0.6973
vn 0.9413 -0.0228 0.3368
vn 0.0032 1.0000 0.0088
vn 0.2689 0.9418 0.2016
vn 0.0014 1.0000 0.0062
vn -0.2241 0.9741 -0.0299
vn 0.5000 0.8658 -0.0196
vn 0.9075 0.1468 0.3935
vn 0.0957 0.9063 0.4117
vn -0.5820 0.7254 -0.3675
vn 0.5406 0.8389 -0.0635
vn 0.4557 -0.0092 -0.8901
vn 0.4197 0.0013 -0.9076
vn 0.3027 0.0345 0.9524
vn 0.8961 -0.0313 0.4427
vn -0.9294 0.0262 0.3681
vn -0.3654 -0.0297 0.9304
vn -0.2449 0.0058 -0.9695
vn -0.9628 -0.0182 -0.2696
vn -0.9412 0.0053 -0.3377
vn -0.1089 -0.0211 -0.9938
vn -0.8810 0.0244 -0.4725
vn -0.9993 -0.0095 -0.0357
vn -0.4582 0.0197 0.8886
vn 0.0061 1.0000 -0.0009
vn -0.0277 0.8994 -0.4363
vn -0.2713 0.9622 0.0250
vn -0.0004 1.0000 0.0087
vn 0.1524 0.1468 -0.9774
vn 0.3883 0.9040 -0.1791
vn -0.4622 -0.0495 -0.8854
vn -0.5789 0.7342 -0.3547
vn 0.5393 0.8403 -0.0554
vn 0.2132 0.0172 0.9769
vn 0.4775 -0.0110 0.8786
vn 0.1958 0.0173 0.9805
vn 0.9840 -0.0155 0.1774
vn -0.8535 0.0185 -0.5208
vn 0.9739 0.0167 0.2263
vn 0.9505 -0.0161 -0.3103
vn 0.9864 -0.0161 -0.1638
vn 0.3953 0.0197 -0.9184
vn 0.1321 0.9140 0.3837
vn 0.0074 1.0000 -0.0026
vn -0.0134 0.9999 0.0030
vn 0.3360 0.9418 0.0148
vn -0.2189 0.7139 -0.6651
vn 0.4542 0.8388 0.3002
vn 0.5844 0.0041 0.8114
vn -0.8017 0.0210 -0.5974
vn -0.8773 -0.0074 0.4798
vn -0.7839 0.0093 0.6208
vn 0.0089 1.0000 0.0038
vn 0.2734 0.9363 -0.2207
vn 0.0049 0.9999 0.0098
vn -0.1565 0.9557 0.2493
vn -0.2760 0.9420 -0.1909
vn -0.1758 0.7139 0.6778
vn -0.2194 0.8388 -0.4983
vn -0.1354 0.7139 0.6870
vn 0.9498 0.0114 -0.3127
vn 0.7194 -0.0318 -0.6939
vn 0.0493 0.0220 -0.9985
vn 0.1565 -0.0079 -0.9877
vn 0.5268 0.0269 -0.8496
vn 0.2515 -0.0079 -0.9678
vn -0.8473 0.0301 -0.5302
vn -0.7535 0.0112 -0.6574
vn -0.9727 -0.0202 -0.2312
vn -0.9012 -0.0235 0.4328
vn -0.5276 0.0355 0.8488
vn -0.0068 1.0000 -0.0063
vn 0.2626 0.9361 -0.2340
vn 0.0003 1.0000 -0.0017
vn -0.0065 1.0000 0.0003
vn -0.0036 1.0000 -0.0070
vn -0.4621 -0.0496 -0.8854
vn 0.8498 0.0327 0.5261
vn 0.9973 -0.0204 -0.0701
vn 0.5634 0.0242 -0.8259
vn 0.2499 -0.0163 -0.9681
vn 0.2051 -0.0187 -0.9786
vn -0.8786 0.0110 -0.4775
vn -0.9769 -0.0172 -0.2132
vn -0.8142 0.0122 0.5805
vn -0.3168 0.9046 0.2853
vn -0.0059 1.0000 -0.0074
vn -0.2916 0.9416 -0.1683
vn 0.1240 0.1468 0.9814
vn -0.3258 0.9040 0.2769
vn 0.9261 -0.0496 -0.3741
vn 0.4092 0.7342 -0.5418
vn 0.0028 0.8403 0.5422
vn -0.7425 -0.0306 -0.6691
vn -0.9306 0.0099 -0.3659
vn -0.4459 0.0135 -0.8950
vn -0.9936 -0.0115 -0.1127
vn -0.9827 0.0154 0.1845
vn 0.3044 -0.0297 0.9521
vn 0.8060 0.0153 0.5918
vn 0.9707 -0.0143 -0.2397
vn 0.8927 0.0039 -0.4506
vn 0.9751 -0.0141 -0.2213
vn 0.8977 0.0122 -0.4404
vn -0.0056 1.0000 -0.0058
vn -0.3790 0.9217 0.0827
vn -0.0073 1.0000 0.0005
vn -0.2425 0.8800 0.4085
vn -0.8513 0.1468 0.5036
vn 0.1849 0.8389 0.5118
vn -0.0775 0.0103 -0.9969
vn -0.3343 -0.0304 -0.9420
vn 0.2779 -0.0249 0.9603
vn 0.7702 0.0155 0.6376
vn 0.1277 -0.0024 -0.9918
vn 0.9483 0.0079 0.3173
vn 0.9987 -0.0201 0.0468
vn 0.9262 0.0065 -0.3770
vn 0.9752 -0.0295 -0.2195
vn -0.0001 1.0000 -0.0016
vn 0.0082 1.0000 -0.0028
vn -0.0082 1.0000 0.0005
vn -0.0127 0.9999 0.0084
vn -0.1294 0.9684 -0.2134
vn -0.5893 0.7191 -0.3683
vn -0.6447 0.0021 0.7644
vn -0.6699 -0.0119 0.7423
vn 0.6177 0.0023 0.7864
vn 0.0123 0.9998 -0.0125
vn -0.0071 1.0000 -0.0002
vn 0.0147 0.9999 -0.0003
vn 0.2664 0.9558 -0.1249
vn -0.1509 0.8387 -0.5232
vn 0.3104 0.9419 0.1284
vn 0.3249 0.8388 0.4369
vn -0.9982 0.0343 -0.0497
vn -0.7287 -0.0370 0.6838
vn -0.0462 0.0392 0.9982
vn 0.9382 -0.0218 -0.3453
vn 0.6998 0.0141 -0.7142
vn -0.5613 -0.0152 0.8275
vn -0.3576 0.0049 -0.9339
vn -0.4966 -0.0098 -0.8679
vn 0.1693 -0.0138 0.9855
vn 0.1973 0.0037 0.9803
vn -0.2341 0.9214 0.3101
vn -0.2486 0.8388 -0.4844
vn -0.0142 0.0335 -0.9993
vn -0.6834 -0.0349 -0.7292
vn -0.0049 1.0000 0.0081
vn -0.0077 1.0000 0.0009
vn -0.0060 1.0000 0.0032
vn 0.0019 1.0000 0.0062
vn 0.9159 0.1468 0.3736
vn -0.6128 0.7254 0.3134
vn 0.2209 0.8389 -0.4975
vn 0.6833 -0.0366 0.7292
vn 0.9991 0.0397 -0.0127
vn 0.6953 0.0138 -0.7186
vn -0.0083 -0.0136 -0.9999
vn -0.8045 0.0103 0.5938
vn -0.4415 -0.0194 0.8970
vn 0.0860 0.0148 0.9962
vn -0.0030 0.9999 -0.0102
vn 0.0113 0.9999 0.0048
vn -0.0005 1.0000 -0.0091
vn -0.3686 0.9151 -0.1634
vn 0.1889 0.9616 -0.1993
vn -0.0021 0.9999 -0.0149
vn -0.0528 0.9365 0.3467
vn -0.7514 0.1477 -0.6431
vn -0.3668 -0.0233 -0.9300
vn -0.5669 0.0108 -0.8237
vn 0.9413 0.0171 0.3370
vn 0.9275 -0.0171 -0.3734
vn -0.0057 0.9999 0.0134
vn -0.0069 1.0000 0.0044
vn -0.2651 0.7254 0.6352
vn -0.1530 0.8389 -0.5224
vn 0.3204 0.0082 -0.9473
vn 0.0486 -0.0215 -0.9986
vn 0.6981 -0.0167 0.7158
vn 0.8919 -0.0222 0.4517
vn -0.2075 -0.0147 0.9781
vn -0.0058 1.0000 -0.0050
vn -0.0021 1.0000 -0.0016
vn 0.0007 0.9999 0.0129
vn 0.3731 0.8990 0.2294
vn 0.1241 0.1468 0.9814
vn 0.1061 0.7254 -0.6801
vn 0.2730 0.8389 0.4709
vn 0.7279 -0.0370 -0.6847
vn -0.5805 -0.0122 0.8142
vn 0.6741 -0.0201 0.7383
vn 0.9998 -0.0202 -0.0040
vn -0.0022 1.0000 0.0062
vn 0.1774 -0.0096 -0.9841
vn -0.6199 0.0109 -0.7846
vn -0.9968 -0.0140 -0.0782
vn 0.4292 -0.0177 -0.9030
vn 0.3267 0.9326 -0.1535
vn -0.0000 -1.0000 -0.0000
vn 0.9936 -0.0051 0.1131
vn -0.9848 -0.0028 -0.1739
vn -0.0065 1.0000 0.0072
vn -0.2395 0.9516 -0.1923
vn -0.0094 0.9999 -0.0064
vn 0.0050 1.0000 0.0039
vn 0.0035 1.0000 -0.0011
vn -0.0015 1.0000 -0.0009
vn -0.0091 0.9999 -0.0061
vn -0.0093 1.0000 -0.0034
vn -0.0124 0.9999 0.0018
vn 0.9236 0.1087 -0.3676
vn 0.0176 -0.0093 0.9998
vn -0.9796 0.0158 0.2005
vn -0.9787 -0.0002 0.2055
vn -0.5238 -0.0112 0.8518
vn -0.5189 -0.0106 -0.8547
vn -0.9598 -0.0044 0.2807
vn -0.0094 1.0000 0.0022
vn -0.0007 1.0000 0.0014
vn 0.0073 1.0000 -0.0025
vn 0.0017 1.0000 -0.0019
vn -0.5777 0.1087 0.8090
vn 0.0046 0.9999 0.0106
vn 0.7793 -0.0053 0.6267
vn 0.0020 1.0000 0.0017
vn 0.0062 1.0000 -0.0033
vn -0.0131 0.9999 -0.0002
vn 0.0127 0.9999 -0.0001
vn 0.0028 1.0000 0.0006
vn 0.0789 0.1087 0.9909
vn 0.9538 0.1087 -0.2799
vn -0.9986 -0.0021 -0.0531
vn -0.9786 -0.0076 -0.2056
vn -0.2833 -0.0021 -0.9590
vn 0.0012 1.0000 0.0011
vn 0.0016 1.0000 -0.0010
vn -0.0073 1.0000 0.0057
vn 0.0006 1.0000 -0.0015
vn -0.9837 0.1312 0.1232
vn -0.4652 -0.0085 0.8852
vn -0.0046 1.0000 -0.0070
vn 0.0010 0.9999 -0.0119
vn 0.4765 0.0103 -0.8791
vn 0.5594 -0.0015 -0.8289
vn 0.1041 0.1312 0.9859
vn -0.0066 0.9999 -0.0087
vn 0.8123 0.0065 0.5833
vn 0.7276 -0.0110 0.6859
vn -0.4569 -0.0060 0.8895
vn -0.0057 1.0000 -0.0075
vn 0.0026 1.0000 0.0010
vn 0.7165 -0.0051 -0.6976
vn -0.0106 0.9999 0.0038
vn -0.0002 1.0000 0.0002
vn 0.9002 0.1087 -0.4217
vn -0.9440 0.1312 0.3027
vn 0.4780 0.0016 -0.8784
vn 0.5314 -0.0059 -0.8471
vn 0.7673 -0.0089 0.6412
vn -0.9609 -0.0015 0.2770
vn -0.9911 0.0012 -0.1330
vn 0.9861 -0.0053 -0.1659
vn 0.0064 -0.0060 1.0000
vn 0.0031 1.0000 -0.0011
vn 0.9644 0.1087 -0.2410
vn 0.0031 1.0000 -0.0067
vn -0.0080 1.0000 -0.0014
vn -0.0020 1.0000 0.0024
vn -0.0149 0.9999 0.0034
vn -0.0305 0.9742 0.2235
vn -0.5992 0.1087 -0.7931
vn 0.6505 0.0086 0.7595
vn -0.3596 -0.0100 0.9330
vn 0.0025 1.0000 0.0067
vn 0.0020 0.9999 -0.0121
vn 0.0006 1.0000 -0.0038
vn -0.4638 0.0019 0.8859
vn 0.9023 0.1087 -0.4171
vn 0.0005 0.9999 0.0116
vn 0.0019 1.0000 -0.0020
vn -0.0011 1.0000 0.0026
vn -0.9718 -0.0143 -0.2353
vn -0.1623 -0.0044 0.9867
vn -0.9465 0.1087 0.3037
vn 0.0039 1.0000 0.0081
vn 0.0014 1.0000 0.0008
vn -0.0069 1.0000 -0.0010
vn -0.4277 -0.0080 -0.9039
vn 0.6956 -0.0125 0.7183
vn -0.7897 -0.0090 0.6134
vn -0.5942 -0.0084 -0.8043
vn -0.0012 1.0000 -0.0071
vn 0.0083 0.9999 -0.0088
vn -0.9181 0.1312 -0.3739
vn -0.8186 0.1087 0.5640
vn -0.0028 0.9999 0.0118
vn -0.8323 -0.0055 -0.5542
vn 0.1040 0.1312 0.9859
vn 0.0031 1.0000 0.0024
vn 0.0208 -0.0121 -0.9997
vn 0.5471 -0.0142 0.8370
vn -0.8125 -0.0063 -0.5830
vn -0.1930 -0.0177 -0.9810
vn -0.7521 -0.0063 -0.6590
vn 0.0010 1.0000 -0.0015
vn 0.9956 -0.0011 0.0933
vn 0.0018 0.9999 0.0108
vn 0.0048 1.0000 -0.0046
vn -0.0025 0.9999 0.0120
vn 0.0015 1.0000 -0.0006
vn -0.0111 0.9999 0.0051
vn -0.0018 1.0000 -0.0000
vn -0.0107 0.9999 0.0027
vn 0.9903 -0.0049 -0.1391
vn 0.4112 0.0105 0.9115
vn 0.5380 -0.0032 0.8429
vn 0.9954 0.0012 -0.0957
vn -0.0004 0.9999 -0.0128
vn -0.5484 -0.0054 0.8362
vn -0.9960 0.0059 -0.0893
vn -0.9990 -0.0000 -0.0443
vt 0.584166 0.006781
vt 0.569020 0.330836
vt 0.462660 0.004626
vt 0.064284 0.668538
vt 0.017183 0.994703
vt 0.004045 0.672485
vt 0.475573 0.004578
vt 0.415298 0.329294
vt 0.343888 0.005329
vt 0.553238 0.330469
vt 0.491550 0.004600
vt 0.146462 0.505662
vt 0.134669 0.648056
vt 0.019440 0.557809
vt 0.177227 0.515203
vt 0.285093 0.581306
vt 0.115729 0.645504
vt 0.688459 0.011236
vt 0.629885 0.329083
vt 0.599557 0.006112
vt 0.728777 0.008960
vt 0.813035 0.326307
vt 0.668364 0.330340
vt 0.232411 0.670154
vt 0.208347 0.992335
vt 0.139946 0.667403
vt 0.534074 0.005219
vt 0.484548 0.329630
vt 0.387483 0.004644
vt 0.382679 0.667486
vt 0.298172 0.992122
vt 0.263420 0.667149
vt 0.539175 0.722149
vt 0.509589 0.672353
vt 0.543876 0.676665
vt 0.518977 0.005019
vt 0.385702 0.329399
vt 0.360441 0.005040
vt 0.800656 0.006500
vt 0.795074 0.328004
vt 0.547620 0.005488
vt 0.500590 0.329395
vt 0.395941 0.004663
vt 0.390385 0.667447
vt 0.270210 0.992008
vt 0.201476 0.668797
vt 0.087943 0.991404
vt 0.051183 0.669422
vt 0.643124 0.009859
vt 0.673112 0.330399
vt 0.592256 0.005260
vt 0.147779 0.510711
vt 0.022625 0.540043
vt 0.155131 0.478385
vt 0.654328 0.711571
vt 0.661159 0.673922
vt 0.674043 0.722854
vt 0.539177 0.722148
vt 0.509576 0.672349
vt 0.543876 0.676663
vt 0.495336 0.683427
vt 0.464416 0.691591
vt 0.180556 0.517317
vt 0.708248 0.010899
vt 0.693908 0.331674
vt 0.602630 0.006470
vt 0.763848 0.009136
vt 0.764525 0.329663
vt 0.610518 0.006897
vt 0.185571 0.668090
vt 0.149377 0.990967
vt 0.051541 0.669414
vt 0.185646 0.490436
vt 0.266403 0.603152
vt 0.175232 0.517029
vt 0.172006 0.480429
vt 0.112758 0.360289
vt 0.288798 0.401874
vt 0.654328 0.711572
vt 0.539178 0.722147
vt 0.509581 0.672349
vt 0.543878 0.676664
vt 0.560851 0.005830
vt 0.486598 0.329129
vt 0.416254 0.004567
vt 0.180554 0.517316
vt 0.203524 0.642323
vt 0.146463 0.505662
vt 0.294687 0.572583
vt 0.180513 0.517291
vt 0.172005 0.480429
vt 0.180607 0.503344
vt 0.170041 0.350683
vt 0.315710 0.456538
vt 0.464437 0.691580
vt 0.319955 0.516788
vt 0.654991 0.711951
vt 0.674141 0.722915
vt 0.539172 0.722150
vt 0.509575 0.672346
vt 0.567921 0.737772
vt 0.583758 0.690826
vt 0.588461 0.744636
vt 0.495339 0.683426
vt 0.464378 0.691596
vt 0.180549 0.517369
vt 0.214185 0.669213
vt 0.149194 0.991535
vt 0.066587 0.668942
vt 0.821847 0.004045
vt 0.800007 0.327736
vt 0.702881 0.010061
vt 0.732193 0.009626
vt 0.673112 0.330398
vt 0.172003 0.480428
vt 0.066106 0.389292
vt 0.254233 0.372086
vt 0.147778 0.510711
vt 0.180587 0.503290
vt 0.146464 0.505663
vt 0.216640 0.634238
vt 0.050248 0.606041
vt 0.147776 0.510711
vt 0.216640 0.634237
vt 0.050247 0.606040
vt 0.069730 0.373468
vt 0.214716 0.348740
vt 0.175262 0.517056
vt 0.094949 0.620855
vt 0.147777 0.510711
vt 0.509584 0.672349
vt 0.543874 0.676665
vt 0.672943 0.010539
vt 0.606440 0.327756
vt 0.763848 0.009135
vt 0.712926 0.332041
vt 0.613420 0.007173
vt 0.566220 0.330720
vt 0.185566 0.668090
vt 0.188242 0.991925
vt 0.033855 0.670532
vt 0.028490 0.548757
vt 0.155130 0.478385
vt 0.016798 0.477109
vt 0.214717 0.348740
vt 0.522661 0.731360
vt 0.509566 0.672343
vt 0.464401 0.691577
vt 0.180513 0.517290
vt 0.416938 0.004344
vt 0.401109 0.329328
vt 0.335456 0.005553
vt 0.080426 0.368777
vt 0.250466 0.370532
vt 0.307821 0.454200
vt 0.273764 0.612387
vt 0.539179 0.722147
vt 0.509568 0.672344
vt 0.543877 0.676665
vt 0.064281 0.668538
vt 0.059403 0.992452
vt 0.785065 0.007283
vt 0.708719 0.331236
vt 0.617149 0.007511
vt 0.398132 0.667456
vt 0.386488 0.992244
vt 0.261622 0.667096
vt 0.187490 0.668522
vt 0.058362 0.993042
vt 0.037468 0.670005
vt 0.175265 0.517053
vt 0.070394 0.612257
vt 0.314166 0.531839
vt 0.155129 0.478385
vt 0.015930 0.451518
vt 0.151136 0.348492
vt 0.076687 0.622607
vt 0.087825 0.632982
vt 0.509591 0.672353
vt 0.543873 0.676663
vt 0.135464 0.991783
vt 0.109031 0.668105
vt 0.793575 0.007366
vt 0.712925 0.332041
vt 0.637304 0.008207
vt 0.601858 0.327458
vt 0.109302 0.667515
vt 0.030625 0.993736
vt 0.013183 0.671614
vt 0.528140 0.005271
vt 0.415497 0.329330
vt 0.372476 0.004803
vt 0.446143 0.667117
vt 0.417703 0.992193
vt 0.314790 0.667337
vt 0.748656 0.008813
vt 0.609680 0.328080
vt 0.427288 0.680242
vt 0.314166 0.531837
vt 0.177205 0.515191
vt 0.032179 0.436677
vt 0.155129 0.478386
vt 0.235497 0.373388
vt 0.185641 0.490434
vt 0.155130 0.478387
vt 0.175262 0.517055
vt 0.093455 0.620168
vt 0.509569 0.672344
vt 0.543877 0.676666
vt 0.562618 0.730023
vt 0.583760 0.690827
vt 0.582279 0.730681
vt 0.732217 0.009601
vt 0.753182 0.330230
vt 0.618724 0.329027
vt 0.785557 0.007181
vt 0.684228 0.330957
vt 0.623947 0.008140
vt 0.351017 0.667431
vt 0.262700 0.991969
vt 0.240500 0.666876
vt 0.216677 0.669196
vt 0.174546 0.991774
vt 0.435669 0.667222
vt 0.361037 0.992371
vt 0.296647 0.667299
vt 0.035757 0.421660
vt 0.170454 0.350644
vt 0.316283 0.471791
vt 0.509577 0.672349
vt 0.543877 0.676663
vt 0.807748 0.005940
vt 0.800008 0.327736
vt 0.658913 0.008992
vt 0.296580 0.992203
vt 0.462075 0.004383
vt 0.352952 0.329840
vt 0.345880 0.005276
vt 0.793281 0.007354
vt 0.770748 0.329241
vt 0.427215 0.680191
vt 0.308179 0.424910
vt 0.180003 0.510977
vt 0.234821 0.637094
vt 0.076212 0.622157
vt 0.147778 0.510710
vt 0.028288 0.535020
vt 0.539173 0.722149
vt 0.509573 0.672346
vt 0.495335 0.683427
vt 0.464407 0.691578
vt 0.180555 0.517320
vt 0.382680 0.667486
vt 0.368938 0.992246
vt 0.201330 0.992187
vt 0.094458 0.668048
vt 0.547616 0.005488
vt 0.548804 0.330334
vt 0.406301 0.004516
vt 0.319953 0.516791
vt 0.178204 0.479509
vt 0.111053 0.353475
vt 0.256809 0.367805
vt 0.074893 0.377167
vt 0.242620 0.361261
vt 0.180555 0.517319
vt 0.160404 0.643560
vt 0.653600 0.711162
vt 0.661159 0.673921
vt 0.670796 0.721109
vt 0.543875 0.676665
vt 0.506781 0.329810
vt 0.496911 0.329602
vt 0.507207 0.004698
vt 0.154114 0.667830
vt 0.135568 0.991787
vt 0.019653 0.671158
vt 0.272778 0.397658
vt 0.464481 0.691599
vt 0.323273 0.501606
vt 0.180553 0.517317
vt 0.180511 0.517288
vt 0.522658 0.731362
vt 0.509570 0.672343
vt 0.543875 0.676664
vt 0.812777 0.005264
vt 0.757234 0.330149
vt 0.719549 0.011208
vt 0.170090 0.668182
vt 0.065101 0.992658
vt 0.016595 0.671418
vt 0.400310 0.667378
vt 0.300989 0.992165
vt 0.257943 0.667084
vt 0.240394 0.367342
vt 0.147477 0.499463
vt 0.180587 0.503289
vt 0.314701 0.487706
vt 0.180552 0.517315
vt 0.187882 0.642038
vt 0.654332 0.711574
vt 0.509577 0.672347
vt 0.543876 0.676664
vt 0.757233 0.330149
vt 0.687794 0.009402
vt 0.572853 0.006252
vt 0.431166 0.004619
vt 0.780743 0.329028
vt 0.734559 0.010523
vt 0.265554 0.991961
vt 0.718660 0.010457
vt 0.643197 0.329472
vt 0.518376 0.005007
vt 0.377802 0.329481
vt 0.353788 0.005180
vt 0.146464 0.505665
vt 0.130540 0.646525
vt 0.017464 0.553643
vt 0.180599 0.503317
vt 0.147544 0.501957
vt 0.171230 0.350617
vt 0.178090 0.479706
vt 0.159254 0.643699
vt 0.146463 0.505664
vt 0.539176 0.722148
vt 0.509577 0.672345
vt 0.345109 0.329981
vt 0.421339 0.992171
vt 0.314772 0.667346
vt 0.628410 0.329453
vt 0.615230 0.007637
vt 0.158906 0.991772
vt 0.103558 0.629939
vt 0.146462 0.505664
vt 0.180587 0.503291
vt 0.654990 0.711951
vt 0.661160 0.673922
vt 0.674140 0.722914
vt 0.495337 0.683427
vt 0.569437 0.738103
vt 0.564629 0.667532
vt 0.588157 0.744290
vt 0.222288 0.669538
vt 0.119874 0.991470
vt 0.095068 0.668025
vt 0.556699 0.005936
vt 0.470620 0.329362
vt 0.380572 0.004749
vt 0.105334 0.991980
vt 0.051629 0.669380
vt 0.704027 0.010991
vt 0.609679 0.328080
vt 0.602632 0.006471
vt 0.059406 0.992452
vt 0.259677 0.667076
vt 0.216642 0.634237
vt 0.177255 0.482657
vt 0.308181 0.424912
vt 0.654989 0.711950
vt 0.661158 0.673921
vt 0.674139 0.722914
vt 0.509566 0.672342
vt 0.208348 0.992335
vt 0.097354 0.668635
vt 0.730209 0.008781
vt 0.763849 0.009136
vt 0.472025 0.328939
vt 0.386460 0.004800
vt 0.024551 0.670741
vt 0.177225 0.515204
vt 0.081232 0.617389
vt 0.294688 0.572582
vt 0.509568 0.672343
vt 0.543875 0.676663
vt 0.464419 0.691591
vt 0.719290 0.009403
vt 0.601862 0.327459
vt 0.190407 0.648621
vt 0.190349 0.648522
vt 0.180554 0.517319
vt 0.543873 0.676664
vt 0.464402 0.691577
vt 0.064280 0.668539
vt 0.034358 0.994064
vt 0.534793 0.005445
vt 0.353759 0.005177
vt 0.749508 0.329974
vt 0.610490 0.006909
vt 0.572854 0.006252
vt 0.523991 0.329950
vt 0.298169 0.992122
vt 0.263417 0.667149
vt 0.311362 0.503038
vt 0.017305 0.447549
vt 0.023555 0.448450
vt 0.172004 0.480428
vt 0.010490 0.477455
vt 0.522656 0.731363
vt 0.509572 0.672344
vt 0.534794 0.005445
vt 0.456361 0.328949
vt 0.476603 0.004854
vt 0.416481 0.329319
vt 0.556698 0.005936
vt 0.513498 0.329728
vt 0.375377 0.004828
vt 0.643122 0.009859
vt 0.084854 0.618282
vt 0.146462 0.505663
vt 0.522655 0.731363
vt 0.489168 0.004835
vt 0.373195 0.329613
vt 0.345882 0.005276
vt 0.541622 0.330105
vt 0.173091 0.668389
vt 0.057869 0.993035
vt 0.422183 0.667318
vt 0.346749 0.992202
vt 0.306058 0.667460
vt 0.637267 0.329869
vt 0.629140 0.008547
vt 0.025629 0.434012
vt 0.155130 0.478386
vt 0.040600 0.407905
vt 0.509575 0.672343
vt 0.464433 0.691606
vt 0.475107 0.004852
vt 0.428866 0.329401
vt 0.390387 0.667447
vt 0.317293 0.992255
vt 0.263418 0.667149
vt 0.064287 0.668538
vt 0.031102 0.994006
vt 0.064288 0.668538
vt 0.093242 0.992439
vt 0.041858 0.426490
vt 0.175861 0.481432
vt 0.314690 0.486578
vt 0.179148 0.511714
vt 0.313140 0.546693
vt 0.464422 0.691597
vt 0.422181 0.667318
vt 0.406770 0.992242
vt 0.272944 0.667165
vt 0.264058 0.618239
vt 0.017305 0.447550
vt 0.307386 0.544812
vt 0.180554 0.517320
vt 0.539173 0.722150
vt 0.509574 0.672346
vt 0.509567 0.672343
vt 0.464365 0.691579
vt 0.742634 0.008935
vt 0.643556 0.329465
vt 0.414116 0.667391
vt 0.361799 0.992262
vt 0.296135 0.667364
vt 0.392052 0.329292
vt 0.376471 0.004723
vt 0.821847 0.325122
vt 0.408425 0.667384
vt 0.391741 0.992219
vt 0.270289 0.667186
vt 0.262800 0.991936
vt 0.263541 0.667145
vt 0.543877 0.676664
vt 0.379084 0.329515
vt 0.226887 0.364304
vt 0.185641 0.490435
vt 0.203526 0.642322
vt 0.292361 0.433452
vt 0.464439 0.691568
vt 0.363525 0.667390
vt 0.285484 0.992161
vt 0.201475 0.668797
vt 0.174771 0.991428
vt 0.807749 0.005940
vt 0.743190 0.331269
vt 0.201478 0.668797
vt 0.267488 0.379123
vt 0.190403 0.648621
vt 0.311289 0.503079
vt 0.177227 0.515202
vt 0.509571 0.672344
vt 0.583761 0.690828
vt 0.588462 0.744636
vt 0.345107 0.329981
vt 0.427617 0.329193
vt 0.365420 0.004937
vt 0.313647 0.517134
vt 0.094640 0.363824
vt 0.583759 0.690827
vt 0.588463 0.744637
vt 0.209134 0.668953
vt 0.160087 0.991781
vt 0.045867 0.670102
vt 0.719291 0.009403
vt 0.601859 0.327458
vt 0.346750 0.992202
vt 0.043004 0.425099
vt 0.028489 0.548759
vt 0.174540 0.647043
vt 0.539174 0.722149
vt 0.509577 0.672348
vt 0.560585 0.330706
vt 0.122815 0.668326
vt 0.046936 0.993131
vt 0.408426 0.667384
vt 0.388333 0.992260
vt 0.192740 0.641843
vt 0.567921 0.737773
vt 0.588447 0.744612
vt 0.495340 0.683426
vt 0.419383 0.667303
vt 0.423862 0.992144
vt 0.310346 0.992323
vt 0.353014 0.005140
vt 0.413708 0.667348
vt 0.300564 0.992226
vt 0.261623 0.667096
vt 0.541598 0.330112
vt 0.432324 0.004622
vt 0.277308 0.667254
vt 0.654330 0.711573
vt 0.674044 0.722855
vt 0.509567 0.672344
vt 0.131060 0.315352
vt 0.014210 0.191619
vt 0.114131 0.028564
vt 0.312144 0.170542
vt 0.190059 0.317153
vt 0.030767 0.231714
vt 0.032386 0.104801
vt 0.185447 0.010510
vt 0.310666 0.126490
vt 0.145623 0.314575
vt 0.014899 0.206087
vt 0.089765 0.040482
vt 0.185788 0.016836
vt 0.313908 0.109256
vt 0.293412 0.251774
vt 0.165755 0.323993
vt 0.035390 0.247022
vt 0.031345 0.117985
vt 0.170264 0.007182
vt 0.300644 0.099697
vt 0.016837 0.145624
vt 0.141352 0.014258
vt 0.200171 0.023111
vt 0.321770 0.154789
vt 0.216912 0.303042
vt 0.314245 0.180847
vt 0.206854 0.316644
vt 0.046283 0.256687
vt 0.105201 0.299148
vt 0.010753 0.145373
vt 0.127923 0.020170
vt 0.020991 0.100834
vt 0.156404 0.015864
vt 0.309379 0.111373
vt 0.023113 0.131240
vt 0.154791 0.009641
vt 0.302277 0.110400
vt 0.226210 0.032263
vt 0.320658 0.186038
vt 0.203488 0.311241
vt 0.306904 0.185132
vt 0.176620 0.321770
vt 0.243334 0.029879
vt 0.321640 0.154832
vt 0.247021 0.296021
vt 0.243336 0.029879
vt 0.321770 0.154791
vt 0.247022 0.296021
vt 0.298835 0.227329
vt 0.177487 0.325785
vt 0.041866 0.244546
vt 0.184724 0.016538
vt 0.317201 0.139795
vt 0.217278 0.302849
vt 0.227329 0.032576
vt 0.325785 0.153924
vt 0.244545 0.289546
vt 0.300970 0.243697
vt 0.176621 0.321770
vt 0.028625 0.208654
vt 0.120271 0.314729
vt 0.014768 0.206221
vt 0.088274 0.041404
vt 0.169734 0.019379
vt 0.316643 0.125192
vt 0.283776 0.268345
vt 0.090183 0.295558
vt 0.145595 0.314482
vt 0.014258 0.190059
vt 0.115144 0.027994
vt 0.145626 0.314575
vt 0.015790 0.176178
vt 0.096523 0.025571
vt 0.161676 0.312033
vt 0.014767 0.206218
vt 0.089656 0.040505
vt 0.227330 0.032576
vt 0.325785 0.153926
vt 0.050389 0.274575
vt 0.232411 0.993624
vt 0.219073 0.669342
vt 0.106784 0.991968
vt 0.607183 0.328080
vt 0.812044 0.326440
vt 0.302291 0.459549
vt 0.140041 0.345622
vt 0.050250 0.606043
vt 0.171191 0.350543
vt 0.569135 0.737666
vt 0.565029 0.667675
vt 0.249213 0.376854
vt 0.319953 0.516789
vt 0.095622 0.357150
vt 0.240500 0.991713
vt 0.371549 0.992237
vt 0.609262 0.715116
vt 0.614138 0.676303
vt 0.638316 0.681708
vt 0.462643 0.687483
vt 0.495334 0.683427
vt 0.473583 0.740411
vt 0.522372 0.731449
vt 0.588460 0.719540
vt 0.463012 0.738831
vt 0.348170 0.329900
vt 0.486057 0.329351
vt 0.462648 0.687483
vt 0.294984 0.257562
vt 0.300641 0.099694
vt 0.379086 0.329515
vt 0.584166 0.331465
vt 0.697559 0.332401
vt 0.434823 0.992067
vt 0.206252 0.648037
vt 0.054126 0.602603
vt 0.028154 0.534693
vt 0.583764 0.690829
vt 0.567789 0.737567
vt 0.565030 0.667676
vt 0.263934 0.376785
vt 0.522374 0.731448
vt 0.588464 0.719539
vt 0.294980 0.257567
vt 0.290906 0.089656
vt 0.004045 0.995955
vt 0.456362 0.328949
vt 0.074764 0.046212
vt 0.053988 0.602884
vt 0.045352 0.412936
vt 0.313139 0.546693
vt 0.007173 0.492635
vt 0.583758 0.690827
vt 0.567788 0.737564
vt 0.565033 0.667676
vt 0.614139 0.676312
vt 0.638315 0.681691
vt 0.702067 0.673871
vt 0.427212 0.680188
vt 0.602472 0.708340
vt 0.066610 0.668971
vt 0.060331 0.992770
vt 0.462644 0.687483
vt 0.463007 0.738835
vt 0.473304 0.004849
vt 0.569503 0.330926
vt 0.425700 0.328980
vt 0.569139 0.737672
vt 0.565035 0.667676
vt 0.618675 0.328981
vt 0.045352 0.412937
vt 0.019083 0.491203
vt 0.609263 0.715118
vt 0.638316 0.681707
vt 0.542729 0.720444
vt 0.522373 0.731448
vt 0.495334 0.721298
vt 0.063066 0.283776
vt 0.232764 0.300299
vt 0.463010 0.738831
vt 0.357801 0.329730
vt 0.809896 0.326728
vt 0.809897 0.005651
vt 0.029877 0.088077
vt 0.244548 0.289544
vt 0.099697 0.030767
vt 0.289546 0.086866
vt 0.126921 0.351920
vt 0.191595 0.653474
vt 0.185568 0.668090
vt 0.210373 0.992605
vt 0.495333 0.721299
vt 0.564632 0.667532
vt 0.583765 0.690829
vt 0.569144 0.737677
vt 0.565030 0.667675
vt 0.249212 0.376853
vt 0.609262 0.715115
vt 0.614138 0.676302
vt 0.638316 0.681705
vt 0.522369 0.731451
vt 0.547618 0.005488
vt 0.571412 0.330996
vt 0.283775 0.268345
vt 0.174313 0.667945
vt 0.214094 0.992643
vt 0.074413 0.992130
vt 0.812045 0.326440
vt 0.567788 0.737567
vt 0.565034 0.667676
vt 0.318089 0.502256
vt 0.050253 0.606045
vt 0.609259 0.715115
vt 0.614137 0.676304
vt 0.638317 0.681707
vt 0.585865 0.719753
vt 0.257882 0.991913
vt 0.407123 0.992187
vt 0.406769 0.992242
vt 0.255388 0.991913
vt 0.242670 0.290423
vt 0.567146 0.330840
vt 0.280195 0.388200
vt 0.016431 0.461733
vt 0.609262 0.715118
vt 0.614138 0.676304
vt 0.638317 0.681709
vt 0.522370 0.731450
vt 0.564631 0.667532
vt 0.462645 0.687483
vt 0.213424 0.992746
vt 0.644117 0.009250
vt 0.793296 0.328130
vt 0.633441 0.329343
vt 0.503709 0.004884
vt 0.355693 0.329778
vt 0.085352 0.668702
vt 0.548112 0.330304
vt 0.087944 0.991404
vt 0.752680 0.329651
vt 0.239714 0.027752
vt 0.185642 0.490435
vt 0.304811 0.427247
vt 0.609261 0.715117
vt 0.614137 0.676302
vt 0.638315 0.681705
vt 0.585935 0.719746
vt 0.812050 0.326439
vt 0.300562 0.992226
vt 0.421336 0.992171
vt 0.583763 0.690829
vt 0.565032 0.667676
vt 0.406767 0.992242
vt 0.016279 0.462403
vt 0.185563 0.342334
vt 0.310010 0.458637
vt 0.588415 0.719556
vt 0.255576 0.041398
vt 0.095343 0.289577
vt 0.058138 0.072234
vt 0.462653 0.687483
vt 0.573184 0.331009
vt 0.208407 0.992363
vt 0.446143 0.991954
vt 0.567788 0.737566
vt 0.180597 0.503320
vt 0.609262 0.715117
vt 0.638315 0.681704
vt 0.522371 0.731450
vt 0.585957 0.719746
vt 0.301082 0.243787
vt 0.272674 0.065577
vt 0.359947 0.005068
vt 0.486073 0.329355
vt 0.350450 0.329839
vt 0.398546 0.992251
vt 0.567787 0.737564
vt 0.565031 0.667676
vt 0.235383 0.373296
vt 0.268190 0.602056
vt 0.041949 0.592587
vt 0.175867 0.481433
vt 0.614358 0.676144
vt 0.511086 0.004755
vt 0.462652 0.687483
vt 0.047635 0.063067
vt 0.200351 0.016059
vt 0.412259 0.992208
vt 0.570508 0.330898
vt 0.434830 0.992067
vt 0.583757 0.690826
vt 0.565028 0.667675
vt 0.206247 0.648037
vt 0.014735 0.537704
vt 0.025634 0.566995
vt 0.588418 0.719555
vt 0.614139 0.676311
vt 0.638317 0.681695
vt 0.588424 0.719564
vt 0.463012 0.738828
vt 0.063067 0.283777
vt 0.032577 0.104082
vt 0.017180 0.994703
vt 0.285482 0.992161
vt 0.408428 0.667384
vt 0.406774 0.992242
vt 0.682905 0.331864
vt 0.541236 0.330088
vt 0.058739 0.265834
vt 0.044996 0.992995
vt 0.567786 0.737563
vt 0.614359 0.676144
vt 0.609260 0.715115
vt 0.614354 0.676137
vt 0.638318 0.681711
vt 0.602446 0.708345
vt 0.283776 0.268344
vt 0.749507 0.329974
vt 0.214095 0.992643
vt 0.583755 0.690825
vt 0.255552 0.617076
vt 0.019083 0.491204
vt 0.089925 0.627008
vt 0.638317 0.681705
vt 0.495331 0.721299
vt 0.427212 0.680190
vt 0.285483 0.992161
vt 0.576299 0.331098
vt 0.541624 0.330106
vt 0.038084 0.560790
vt 0.065391 0.390205
vt 0.124191 0.346207
vt 0.522373 0.731449
vt 0.462647 0.687483
vt 0.285173 0.074639
vt 0.282137 0.261797
vt 0.421245 0.992167
vt 0.298265 0.557565
vt 0.609262 0.715119
vt 0.614138 0.676313
vt 0.638317 0.681693
vt 0.335456 0.330238
vt 0.020993 0.100828
vt 0.170542 0.019266
vt 0.812043 0.326440
vt 0.790898 0.328343
vt 0.300565 0.992226
vt 0.569141 0.737672
vt 0.542728 0.720444
vt 0.588474 0.719545
vt 0.463011 0.738831
vt 0.463014 0.738828
vt 0.031284 0.581463
vt 0.609261 0.715115
vt 0.614357 0.676145
vt 0.638317 0.681708
vt 0.144536 0.990965
vt 0.022534 0.670939
vt 0.158528 0.667842
vt 0.635957 0.008608
vt 0.791045 0.007201
vt 0.682901 0.331842
vt 0.208345 0.992335
vt 0.088078 0.301534
vt 0.249906 0.293127
vt 0.101059 0.668684
vt 0.133815 0.991783
vt 0.042007 0.261485
vt 0.485648 0.737907
vt 0.609261 0.715114
vt 0.614139 0.676304
vt 0.565036 0.667677
vt 0.227330 0.032577
vt 0.092460 0.028201
vt 0.272672 0.065577
vt 0.770800 0.329240
vt 0.566222 0.330720
vt 0.434817 0.992067
vt 0.301384 0.223170
vt 0.033033 0.103879
vt 0.227408 0.032654
vt 0.171192 0.350544
vt 0.638316 0.681696
vt 0.602458 0.708336
vt 0.564633 0.667533
vt 0.357799 0.329730
vt 0.592256 0.326338
vt 0.212400 0.362699
vt 0.040916 0.427652
vt 0.172006 0.480428
vt 0.609261 0.715116
vt 0.522370 0.731451
vt 0.026205 0.670873
vt 0.180758 0.341343
vt 0.050253 0.606046
vt 0.138850 0.340769
vt 0.210372 0.992605
vt 0.434825 0.992067
vt 0.565032 0.667675
vt 0.240520 0.367235
vt 0.609260 0.715116
vt 0.614137 0.676303
vt 0.638318 0.681710
vt 0.629883 0.329083
vt 0.787027 0.007523
vt 0.786546 0.328791
vt 0.576303 0.331098
vt 0.261380 0.289319
vt 0.303418 0.115144
vt 0.583763 0.690828
vt 0.569143 0.737677
vt 0.565029 0.667676
vt 0.588459 0.719545
vt 0.602449 0.708345
vt 0.688547 0.679472
vt 0.602511 0.708334
vt 0.338661 0.667362
vt 0.434821 0.992067
vt 0.298170 0.992122
vt 0.638316 0.681694
vt 0.016060 0.131059
vt 0.160873 0.312145
vt 0.185787 0.016837
vt 0.312145 0.170541
vt 0.109768 0.668820
vt 0.060183 0.992449
vt 0.567785 0.737563
vt 0.609263 0.715116
vt 0.585889 0.719757
vt 0.253928 0.033611
vt 0.812040 0.326440
vt 0.264332 0.384454
vt 0.585888 0.719757
vt 0.702068 0.673873
vt 0.602481 0.708337
vt 0.250849 0.667015
vt 0.386484 0.992244
vt 0.255384 0.991913
vt 0.017185 0.994702
vt 0.722524 0.010254
vt 0.799871 0.327708
vt 0.697553 0.332401
vt 0.602634 0.006471
vt 0.607180 0.328079
vt 0.569138 0.737671
vt 0.249249 0.631421
vt 0.614137 0.676306
vt 0.638318 0.681707
vt 0.044994 0.992995
vt 0.170242 0.667851
vt 0.198779 0.992319
vt 0.030774 0.993752
vt 0.306649 0.185387
vt 0.194031 0.991877
vt 0.462651 0.687483
vt 0.111415 0.668813
vt 0.191177 0.991971
vt 0.044990 0.992995
vt 0.289405 0.069926
vt 0.295557 0.241230
vt 0.495335 0.721298
vt 0.565027 0.667675
vt 0.638317 0.681706
vt 0.047636 0.063066
vt 0.023116 0.117948
vt 0.588286 0.744461
vt 0.348170 0.005215
vt 0.588557 0.744871
vt 0.052200 0.251375
vt 0.588563 0.744884
vt 0.214190 0.669214
vt 0.588281 0.744459
vt 0.038383 0.229610
vt 0.033854 0.670532
vt 0.588229 0.744375
vt 0.116965 0.307798
vt 0.588549 0.744868
vt 0.263416 0.667149
vt 0.046238 0.256773
vt 0.778661 0.008412
vt 0.066719 0.057836
vt 0.354935 0.005095
vt 0.272942 0.667165
vt 0.298834 0.227328
vt 0.588565 0.744884
vt 0.588553 0.744870
vt 0.258698 0.667065
vt 0.065577 0.058738
vt 0.588563 0.744883
vt 0.588282 0.744459
vt 0.618582 0.007936
vt 0.588555 0.744870
vt 0.588257 0.744419
vt 0.020910 0.994545
vt 0.035854 0.090182
vt 0.468780 0.725666
vt 0.108903 0.299789
vt 0.588283 0.744460
vt 0.588542 0.744855
vt 0.632045 0.008442
vt 0.588231 0.744376
vt 0.104082 0.298835
vt 0.024337 0.148101
vt 0.588551 0.744869
vt 0.314603 0.179546
vt 0.588260 0.744421
vt 0.378791 0.667423
vt 0.031059 0.670455
vt 0.024868 0.146020
vt 0.588283 0.744459
vt 0.041866 0.244545
s 1
f 2616/2919/2349 2610/2920/2350 2620/2921/2351
f 2570/2922/2352 2561/2923/2353 2569/2924/2354
f 2585/2925/2355 2584/2926/2356 2589/2927/2357
f 3040/2919/2358 3030/2928/2359 3039/2929/2360
f 2932/2930/2361 2925/2931/2362 2924/2932/2363
f 2855/2933/2364 2861/2934/2365 2860/2935/2366
f 2602/2936/2367 2596/2937/2368 2601/2938/2369
f 2589/2939/2357 2584/2940/2356 2582/2941/2370
f 2861/2942/2371 2854/2943/2372 2860/2944/2373
f 2844/2945/2374 2835/2946/2375 2848/2947/2376
f 2588/2948/2377 2579/2949/2378 2587/2950/2379
f 2708/2951/2380 2722/2952/2381 2721/2953/2382
f 2569/2954/2354 2568/2955/2383 2573/2956/2384
f 2603/2957/2385 2598/2958/2386 2602/2936/2367
f 2649/2959/2387 2642/2960/2388 2653/2961/2389
f 2601/2962/2369 2595/2963/2390 2600/2950/2391
f 2600/2964/2391 2594/2965/2392 2599/2966/2393
f 2862/2967/2394 2856/2968/2395 2861/2969/2371
f 2660/2970/2396 2667/2971/2397 2665/2972/2398
f 2855/2973/2364 2868/2974/2399 2857/2975/2400
f 2836/2976/2401 2850/2977/2402 2849/2978/2403
f 2930/2979/2404 2920/2980/2405 2931/2981/2406
f 2652/2982/2407 2647/2983/2408 2651/2984/2409
f 2619/2985/2410 2615/2986/2411 2618/2987/2412
f 3041/2988/2413 3032/2989/2414 3040/2990/2358
f 2840/2991/2415 2846/2992/2416 2838/2993/2417
f 2873/2994/2418 2879/2995/2419 2878/2996/2420
f 2888/2997/2421 2900/2974/2422 2890/2975/2423
f 2770/2998/2424 2768/2999/2425 2767/3000/2426
f 2794/3001/2427 2787/3002/2428 2793/3003/2429
f 2656/3004/2430 2650/3005/2431 2657/3006/2432
f 2634/3007/2433 2639/3008/2434 2629/3009/2435
f 2727/3010/2436 2736/3011/2437 2735/3012/2438
f 2646/3013/2439 2651/3014/2440 2656/3004/2430
f 2744/3015/2441 2755/2974/2442 2746/3016/2443
f 2817/3017/2444 2815/3018/2445 2814/2978/2446
f 2867/3019/2447 2868/3020/2399 2855/3021/2364
f 2605/3022/2448 2597/3023/2449 2606/3024/2450
f 2778/3025/2451 2773/3026/2452 2777/3027/2453
f 2636/3028/2454 2631/3029/2455 2635/3030/2456
f 2944/3031/2457 2937/3032/2458 2943/2938/2459
f 2807/3033/2460 2809/3034/2461 2813/3035/2462
f 2684/3005/2463 2676/3036/2464 2678/3037/2465
f 2705/3038/2466 2699/3039/2467 2698/3040/2468
f 2902/3041/2469 2911/3042/2470 2910/3043/2471
f 2665/2972/2398 2671/3044/2472 2670/3045/2473
f 2744/3046/2441 2750/3047/2474 2741/3048/2475
f 2640/2951/2476 2638/3049/2477 2637/3050/2478
f 2878/3051/2479 2872/3052/2480 2877/2969/2481
f 2670/3053/2482 2664/3054/2483 2669/3055/2484
f 2586/2919/2485 2577/3056/2486 2585/2925/2355
f 2684/3057/2487 2677/3058/2488 2683/3059/2489
f 2676/3036/2464 2683/3060/2490 2681/2972/2491
f 2730/3061/2492 2732/3062/2493 2736/3011/2437
f 2681/2972/2491 2687/3044/2494 2686/3063/2495
f 3062/3064/2496 3061/3065/2497 3060/2953/2498
f 2881/3022/2499 2873/3066/2418 2882/3067/2500
f 2671/3068/2501 2666/3069/2502 2670/3070/2482
f 3017/3009/2503 3024/3071/2504 3023/3072/2505
f 2681/2972/2491 2686/3063/2495 2678/3037/2465
f 2931/2981/2406 2927/3073/2506 2926/3074/2507
f 2660/3075/2396 2673/3076/2508 2672/3077/2509
f 2698/3078/2510 2692/3079/2511 2697/2924/2512
f 2960/3080/2513 2954/3081/2514 2959/3082/2515
f 2572/3083/2516 2565/3084/2517 2571/3085/2518
f 2587/3086/2379 2577/3087/2486 2586/3088/2485
f 2710/3089/2519 2717/3090/2520 2708/3048/2380
f 2597/3009/2449 2601/3091/2521 2606/3024/2450
f 2715/3092/2522 2716/3093/2523 2720/3094/2524
f 2838/2993/2417 2846/2992/2416 2845/3095/2525
f 2727/3010/2436 2733/3096/2526 2725/3048/2527
f 2657/3017/2432 2655/3097/2528 2654/3098/2529
f 3057/2942/2530 3049/3099/2531 3056/3100/2532
f 2573/3101/2384 2566/3102/2533 2572/3103/2516
f 2635/3030/2456 2628/3104/2534 2634/2969/2535
f 2733/3105/2536 2724/3106/2537 2732/3107/2538
f 2732/3108/2538 2731/3109/2539 2736/3110/2540
f 2719/3111/2541 2713/3112/2542 2718/3113/2543
f 2701/3114/2544 2694/3115/2545 2700/2984/2546
f 2938/3116/2547 2943/3117/2548 2935/3118/2549
f 2909/3119/2550 2908/3120/2551 2902/3041/2469
f 2589/3121/2552 2581/3122/2553 2583/3123/2554
f 2985/3124/2555 2991/3125/2556 2983/3048/2557
f 2998/2976/2558 3012/3126/2559 3011/3127/2560
f 2770/3128/2424 2771/3129/2561 2769/3130/2562
f 2766/3131/2563 2760/3132/2564 2758/3133/2565
f 2736/3134/2540 2729/3135/2566 2735/3136/2567
f 2751/3137/2568 2743/3138/2569 2750/3139/2570
f 2734/3140/2571 2726/3141/2572 2733/3105/2536
f 2735/3142/2567 2728/3143/2573 2734/3144/2571
f 2983/3048/2557 2990/3145/2574 2989/3120/2575
f 2953/2994/2576 2960/3146/2577 2959/3147/2578
f 2820/3075/2579 2833/3148/2580 2832/3149/2581
f 3043/3150/2582 3037/3151/2583 3042/3152/2584
f 2718/3113/2543 2713/3112/2542 2711/3153/2585
f 2923/3154/2586 2922/3155/2587 2928/3156/2588
f 2879/3157/2589 2874/3158/2590 2878/3051/2479
f 2857/3159/2400 2862/3160/2591 2861/2934/2365
f 2769/3161/2562 2764/3162/2592 2763/3163/2593
f 2820/3164/2579 2827/3165/2594 2826/3120/2595
f 2817/3006/2444 2809/3034/2461 2807/3033/2460
f 2861/2934/2365 2855/2933/2364 2857/3159/2400
f 2801/3166/2596 2799/3167/2597 2798/2978/2598
f 2783/3168/2599 2775/3169/2600 2784/3170/2601
f 2779/3171/2602 2774/3172/2603 2778/2950/2451
f 2764/3140/2604 2757/3173/2605 2763/3174/2606
f 3020/3175/2607 3014/3176/2608 3024/3177/2609
f 2765/3178/2610 2769/3161/2562 2759/3179/2611
f 2826/3120/2595 2831/3180/2612 2830/3181/2613
f 2791/3033/2614 2793/3182/2615 2797/3183/2616
f 2800/3184/2617 2795/3185/2618 2801/3006/2596
f 3050/3186/2619 3063/3187/2620 3053/3188/2621
f 2902/2951/2469 2915/2952/2622 2914/3189/2623
f 2777/2919/2453 2772/3190/2624 2781/2921/2625
f 3072/2919/2626 3064/3191/2627 3071/3192/2628
f 2633/3193/2629 2627/3194/2630 2632/3195/2631
f 2847/3196/2632 2840/2991/2415 2843/3092/2633
f 2695/3197/2634 2700/3198/2635 2704/3199/2636
f 2959/3147/2578 2963/3200/2637 2953/2994/2576
f 2623/3201/2638 2622/3202/2639 2621/3203/2640
f 2831/3204/2641 2825/3205/2642 2830/3206/2643
f 2795/3207/2644 2788/3208/2645 2794/3209/2427
f 2796/3210/2646 2789/3211/2647 2795/3212/2644
f 2759/3179/2611 2766/3213/2648 2765/3178/2610
f 2998/3036/2558 3005/3062/2649 3003/3120/2650
f 2763/3163/2593 2770/3214/2424 2769/3161/2562
f 2904/3124/2651 2911/3042/2470 2902/3041/2469
f 2662/3215/2652 2670/3045/2473 2669/3216/2653
f 2816/3217/2654 2811/3218/2655 2817/3006/2444
f 2935/3219/2549 2949/2974/2399 2938/2975/2547
f 2705/3017/2466 2703/3220/2656 2702/3221/2657
f 2848/3028/2376 2842/3222/2658 2847/3223/2659
f 2810/3224/2660 2803/2960/2661 2809/3225/2662
f 2686/2985/2663 2680/3054/2664 2685/3055/2665
f 2793/3028/2429 2792/3226/2666 2797/3227/2667
f 2877/3137/2481 2871/3228/2668 2876/3139/2669
f 2813/3229/2670 2806/3230/2671 2812/2984/2672
f 3055/3231/2673 3054/3232/2674 3059/3233/2675
f 2640/3234/2476 2633/3235/2676 2632/3236/2677
f 2826/3120/2595 2830/3181/2613 2822/3237/2678
f 3048/3238/2679 3059/3239/2680 3053/3240/2621
f 2893/3241/2681 2899/3242/2682 2888/2933/2421
f 2607/3243/2683 2605/3244/2448 2604/3189/2478
f 2620/2921/2351 2615/3245/2411 2619/3070/2410
f 2847/3111/2659 2841/3246/2684 2846/3247/2685
f 2797/3227/2667 2790/3248/2686 2796/3249/2646
f 2571/3057/2518 2563/3250/2687 2570/2922/2352
f 2882/3067/2500 2876/3251/2688 2883/3252/2689
f 3006/3096/2690 2998/3036/2558 3000/3253/2691
f 3033/3254/2692 3046/3255/2693 3035/3256/2694
f 2983/2951/2557 2995/3148/2695 2994/2953/2696
f 2703/3257/2656 2695/3197/2634 2704/3199/2636
f 3048/3258/2679 3060/3259/2498 3050/3260/2619
f 2846/3261/2685 2837/3262/2697 2845/3263/2698
f 2827/3264/2699 2819/3265/2700 2831/3266/2641
f 2828/3057/2701 2821/3267/2702 2827/3268/2699
f 3009/3269/2703 3001/3270/2704 3008/3271/2705
f 2763/3174/2606 2756/3272/2706 2762/2924/2707
f 2669/3083/2484 2663/3084/2708 2668/3273/2709
f 3033/3124/2692 3041/3274/2710 3031/3041/2711
f 3069/3275/2712 3074/3276/2591 3073/2934/2713
f 2710/3277/2519 2723/3278/2714 2712/3279/2715
f 2947/3201/2716 2946/3280/2717 2945/3203/2718
f 3073/2942/2719 3066/3281/2720 3072/3282/2626
f 2752/3283/2721 2745/3104/2722 2751/2969/2568
f 2863/3284/2723 2856/2968/2395 2862/2967/2394
f 2875/3175/2724 2869/3285/2725 2879/3286/2589
f 2860/2944/2373 2853/2965/2726 2859/3287/2727
f 2860/2935/2366 2867/3242/2447 2855/2933/2364
f 3067/3288/2728 3073/2934/2713 3072/3289/2729
f 2877/3290/2730 2882/3067/2500 2873/3066/2418
f 2980/3243/2731 2978/3291/2732 2977/3292/2733
f 2638/3022/2477 2629/3293/2435 2639/3008/2434
f 2766/3131/2563 2758/3133/2565 2765/2984/2734
f 2975/3294/2735 2968/3295/2736 2974/2969/2737
f 2942/3296/2738 2948/3006/2739 2935/3118/2549
f 2708/3048/2380 2716/3093/2523 2715/3092/2522
f 2935/3118/2549 2943/3117/2548 2942/3296/2738
f 2973/3297/2740 2980/3242/2731 2979/3298/2741
f 3028/3243/2742 3026/3202/2743 3025/3299/2744
f 2962/3168/2745 2953/3300/2576 2963/3200/2637
f 2910/3301/2746 2901/3302/2747 2909/2924/2748
f 2859/3303/2727 2852/3191/2749 2863/3304/2723
f 2895/2985/2750 2891/3305/2751 2894/3306/2752
f 2924/3307/2753 2917/3308/2754 2923/3154/2586
f 2894/3171/2752 2887/3309/2755 2893/3310/2756
f 2894/3311/2757 2888/2933/2421 2890/3275/2423
f 3079/3242/2758 3072/3289/2729 3071/3312/2759
f 2873/3066/2418 2878/2996/2420 2877/3290/2730
f 2705/3038/2466 2697/3313/2760 2695/3314/2634
f 2836/2970/2401 2844/3315/2761 2843/3092/2633
f 3078/3316/2762 3077/3317/2717 3076/3292/2718
f 2892/3318/2763 2885/3319/2764 2895/3304/2750
f 2976/3320/2765 2971/3321/2766 2975/3070/2735
f 2599/3322/2393 2593/3323/2767 2603/3324/2385
f 3075/2985/2768 3070/3305/2769 3074/3325/2770
f 2911/3042/2470 2904/3124/2651 2906/3122/2771
f 2963/3200/2637 2957/3326/2772 2964/3327/2773
f 2985/3277/2555 2996/3278/2774 2987/3279/2775
f 2898/3328/2776 2897/3317/2777 2896/3292/2778
f 2909/3329/2748 2907/3330/2779 2913/3331/2780
f 2957/2919/2781 2950/3332/2782 2956/3192/2783
f 2893/3333/2756 2886/3334/2784 2892/3287/2763
f 2927/3335/2785 2919/3336/2786 2926/3337/2787
f 3059/3053/2675 3052/3338/2788 3058/3339/2789
f 2931/2981/2406 2925/2931/2362 2932/2930/2361
f 2920/3314/2405 2927/3073/2506 2931/2981/2406
f 3039/3340/2790 3038/3341/2791 3031/3041/2711
f 2801/3006/2596 2793/3182/2615 2791/3033/2614
f 2932/2930/2361 2923/3342/2792 2920/3314/2405
f 2580/3015/2793 2592/2974/2794 2581/3016/2553
f 2883/2998/2689 2881/3343/2499 2880/3189/2795
f 2799/2979/2597 2791/3344/2614 2800/3184/2617
f 2940/3345/2796 2939/3346/2797 2944/3070/2457
f 2943/3347/2459 2936/3348/2798 2942/3349/2799
f 2926/3337/2787 2919/3336/2786 2925/3139/2800
f 2972/3350/2801 2966/3351/2802 2976/2924/2765
f 2941/3352/2803 2934/3353/2804 2940/2924/2796
f 2948/3006/2739 2940/3354/2805 2938/3355/2547
f 3058/3356/2806 3050/3357/2619 3053/3240/2621
f 2741/3048/2475 2750/3047/2474 2749/3145/2807
f 2974/3358/2808 2979/3298/2741 2969/3359/2809
f 2676/3075/2464 2689/3076/2810 2688/3149/2696
f 2912/3360/2811 2905/3361/2812 2911/3362/2813
f 3071/3192/2628 3064/3191/2627 3075/3304/2768
f 2963/3200/2637 2958/3363/2814 2957/3326/2772
f 2956/3364/2815 2953/2994/2576 2964/3327/2773
f 3017/3009/2503 3022/3365/2816 3027/3366/2817
f 2932/3367/2361 2930/3368/2404 2929/3221/2818
f 2785/2976/2819 2783/3369/2599 2782/3149/2820
f 3026/3168/2743 3017/3370/2503 3027/3366/2817
f 2993/3371/2821 2986/3372/2822 2992/2984/2823
f 2959/3373/2515 2952/3374/2824 2958/3375/2825
f 2956/3192/2783 2955/3376/2826 2960/3377/2513
f 2960/3080/2513 2955/3378/2826 2954/3081/2514
f 2687/3068/2827 2682/3069/2828 2686/3070/2663
f 2765/3379/2734 2758/3380/2565 2764/3381/2604
f 2589/2939/2357 2582/2941/2370 2588/2969/2377
f 2974/2948/2737 2967/3382/2829 2973/3383/2830
f 3072/3289/2729 3079/3242/2758 3067/3288/2728
f 2964/3327/2773 2957/3326/2772 2956/3364/2815
f 2704/3199/2636 2699/3039/2467 2705/3038/2466
f 2749/3145/2807 2748/3341/2831 2741/3048/2475
f 2964/2976/2773 2962/3369/2745 2961/3384/2832
f 2990/2925/2833 2988/3385/2834 2993/3331/2821
f 2639/3008/2434 2633/3235/2676 2640/3234/2476
f 2678/3037/2465 2686/3063/2495 2685/3216/2835
f 2993/3386/2836 2987/3387/2775 2989/3120/2575
f 2822/3237/2678 2828/3388/2837 2820/3164/2579
f 3042/3389/2838 3035/3122/2694 3038/3341/2791
f 2815/2979/2445 2807/3390/2460 2816/3217/2654
f 2838/3254/2417 2851/3255/2839 2840/3279/2415
f 3031/2951/2711 3045/3148/2840 3044/2953/2841
f 2992/3391/2823 2984/3392/2842 2991/3139/2843
f 2973/3393/2830 2967/3394/2829 2972/3350/2801
f 3010/3395/2844 3002/3396/2845 3009/3269/2703
f 3007/3140/2846 2999/3141/2847 3006/3105/2848
f 2942/3397/2799 2934/3353/2804 2941/3352/2803
f 2725/3048/2527 2732/3062/2493 2730/3061/2492
f 3003/3120/2650 3009/3398/2849 3000/3253/2691
f 2600/3399/2850 2607/3242/2683 2606/3024/2450
f 2618/3400/2851 2612/3401/2852 2614/3275/2853
f 2807/3033/2460 2812/3014/2854 2816/3217/2654
f 2866/3328/2762 2865/3402/2717 2864/3292/2718
f 2624/3019/2855 2625/3403/2856 2612/3404/2852
f 2781/2921/2625 2776/3405/2857 2780/3070/2858
f 3005/3108/2859 3004/3406/2860 3010/3407/2844
f 2791/3033/2614 2796/3408/2861 2800/3184/2617
f 2657/3006/2432 2653/3409/2862 2646/3314/2439
f 2741/2951/2475 2754/3402/2863 2753/3299/2864
f 3079/3019/2758 3080/3410/2399 3067/3411/2728
f 2978/3168/2732 2969/3359/2809 2979/3298/2741
f 3021/3412/2865 3015/3413/2866 3020/3414/2607
f 2780/3415/2858 2774/3416/2603 2779/2969/2602
f 3006/3105/2848 2997/3106/2867 3005/3107/2859
f 3042/3360/2584 3034/3417/2868 3041/3362/2413
f 2685/3083/2665 2679/3084/2869 2684/3085/2487
f 2708/3048/2380 2717/3090/2520 2716/3093/2523
f 2770/3214/2424 2762/3418/2870 2759/3179/2611
f 2838/2993/2417 2845/3095/2525 2836/2970/2401
f 2657/3006/2432 2650/3005/2431 2649/3419/2871
f 2580/3124/2793 2587/3420/2872 2578/3048/2873
f 2904/3277/2651 2916/3278/2874 2906/3279/2771
f 3067/2997/2728 3080/3255/2399 3069/2975/2712
f 2578/3421/2873 2591/3422/2875 2590/3203/2876
f 2991/2919/2843 2982/3423/2877 2990/2925/2833
f 3074/3325/2770 3068/3295/2878 3073/2969/2719
f 2876/3424/2669 2870/3425/2879 2875/2924/2724
f 2809/3028/2662 2808/3029/2880 2813/3229/2670
f 3008/3426/2705 3001/3427/2704 3007/3381/2846
f 2665/2972/2398 2670/3045/2473 2662/3215/2652
f 2668/3428/2881 2660/2970/2396 2662/3215/2652
f 2730/3061/2492 2736/3011/2437 2727/3010/2436
f 2725/2998/2527 2738/3369/2810 2737/3221/2696
f 2948/3429/2739 2949/3020/2399 2935/3430/2549
f 2655/3431/2528 2646/3013/2439 2656/3004/2430
f 3058/3432/2789 3052/3433/2788 3051/3434/2882
f 3039/2929/2360 3037/3385/2583 3043/3435/2582
f 2829/3436/2883 2823/3437/2884 2828/3438/2701
f 2632/3307/2631 2626/3439/2885 2636/3440/2454
f 3058/3432/2789 3051/3434/2882 3057/3441/2530
f 3073/2934/2713 3067/3288/2728 3069/3275/2712
f 2612/3442/2852 2625/3187/2856 2614/3443/2853
f 2562/2976/2886 2575/3444/2810 2574/3077/2696
f 2899/3019/2682 2900/3020/2422 2888/3021/2421
f 2568/3445/2887 2561/3446/2887 2563/3447/2887
f 2596/3448/2887 2598/3449/2887 2593/3450/2887
f 2610/3451/2887 2611/3452/2887 2613/3453/2887
f 2631/3454/2887 2626/3455/2887 2627/3456/2887
f 2644/3457/2887 2645/3458/2887 2647/3459/2887
f 2647/3459/2887 2648/3460/2887 2642/3461/2887
f 2659/3462/2887 2661/3463/2887 2663/3464/2887
f 2675/3465/2887 2677/3466/2887 2679/3464/2887
f 2693/3467/2887 2694/3468/2887 2696/3469/2887
f 2713/3470/2887 2714/3471/2887 2707/3472/2887
f 2731/3473/2887 2724/3474/2887 2726/3475/2887
f 2742/3476/2887 2743/3477/2887 2745/3478/2887
f 2756/3479/2887 2757/3480/2887 2758/3481/2887
f 2789/3482/2887 2790/3483/2887 2792/3484/2887
f 2806/3485/2887 2808/3486/2887 2803/3461/2887
f 2823/3487/2887 2824/3488/2887 2825/3489/2887
f 2839/3490/2887 2841/3491/2887 2842/3492/2887
f 2856/3493/2887 2858/3494/2887 2852/3495/2887
f 2871/3496/2887 2872/3497/2887 2874/3498/2887
f 2887/3499/2887 2889/3500/2887 2891/3501/2887
f 2921/3502/2887 2922/3503/2887 2917/3504/2887
f 2955/3505/2887 2950/3506/2887 2951/3507/2887
f 2967/3508/2887 2968/3509/2887 2970/3510/2887
f 3004/3511/2887 2997/3474/2887 2999/3475/2887
f 3019/3512/2887 3014/3513/2887 3015/3514/2887
f 3037/3515/2887 3030/3516/2887 3032/3517/2887
f 3054/3518/2887 3047/3519/2887 3049/3520/2887
f 3066/3521/2887 3068/3522/2887 3070/3501/2887
f 2869/3523/2887 2871/3496/2887 2874/3498/2887
f 2846/3261/2685 2839/3524/2888 2837/3262/2697
f 2718/3525/2543 2711/3524/2585 2709/3526/2889
f 2572/3103/2516 2566/3102/2533 2565/3527/2517
f 2573/3101/2384 2568/3528/2383 2566/3102/2533
f 2572/3529/2890 2567/3341/2891 2573/3530/2892
f 2562/3048/2886 2571/3005/2893 2570/3531/2894
f 3069/3275/2712 3075/3532/2895 3074/3276/2591
f 2755/3410/2442 2741/3533/2475 2753/3534/2864
f 2975/3535/2896 2974/3358/2808 2969/3359/2809
f 3000/3253/2691 3009/3398/2849 3008/3536/2897
f 2843/3092/2633 2844/3315/2761 2848/3537/2898
f 2627/3538/2630 2634/3137/2535 2628/3539/2534
f 3029/3540/2899 3025/3541/2744 3026/3542/2743
f 3063/3543/2620 3061/3544/2497 3053/3545/2621
f 2770/2998/2424 2759/3546/2611 2768/2999/2425
f 2989/3547/2575 2987/3548/2775 2995/3168/2695
f 2747/3549/2900 2749/2925/2901 2740/3550/2902
f 3046/3551/2693 3045/3168/2840 3035/3548/2694
f 3018/3552/2887 3015/3514/2887 3016/3553/2887
f 3024/3177/2609 3014/3176/2608 3019/3554/2903
f 2649/2959/2387 2643/3555/2904 2642/2960/2388
f 2942/3397/2799 2936/3524/2798 2934/3353/2804
f 2635/3030/2456 2631/3029/2455 2630/3556/2905
f 2635/3030/2456 2630/3556/2905 2628/3104/2534
f 2588/2948/2377 2582/3557/2370 2579/2949/2378
f 2624/3242/2855 2617/3558/2906 2616/3559/2907
f 2662/3215/2652 2669/3216/2653 2668/3428/2881
f 2583/3123/2554 2585/3145/2908 2589/3121/2552
f 2607/3242/2683 2600/3399/2850 2599/3560/2909
f 2981/3561/2910 2980/3562/2731 2977/3563/2733
f 2646/3314/2439 2653/3409/2862 2652/3564/2911
f 2980/3243/2731 2969/3565/2809 2978/3291/2732
f 2715/3566/2522 2712/3548/2715 2722/3022/2381
f 2630/3567/2887 2627/3456/2887 2628/3568/2887
f 2585/2925/2355 2577/3056/2486 2584/2926/2356
f 2599/2966/2393 2594/2965/2392 2593/3569/2767
f 2570/2922/2352 2563/3250/2687 2561/2923/2353
f 2620/2921/2351 2610/2920/2350 2609/3570/2912
f 2842/3492/2887 2837/3571/2887 2839/3490/2887
f 2612/3401/2852 2618/3400/2851 2617/3558/2906
f 2639/3008/2434 2634/3007/2433 2633/3235/2676
f 2777/3572/2913 2781/3573/2914 2785/3252/2819
f 2580/3124/2793 2588/3574/2915 2587/3420/2872
f 2744/3046/2441 2746/3387/2443 2751/3290/2916
f 2883/3252/2689 2876/3251/2688 2875/3575/2917
f 2641/3576/2918 2640/3577/2476 2637/3578/2478
f 2658/3540/2919 2654/3579/2529 2655/3580/2528
f 2624/3581/2855 2614/3582/2853 2623/3583/2638
f 2616/3584/2349 2611/3281/2920 2610/3585/2350
f 2851/3586/2839 2850/2979/2402 2840/3587/2415
f 2632/3195/2631 2627/3194/2630 2626/3569/2885
f 2762/3588/2707 2756/3589/2706 2761/3590/2921
f 2723/3020/2714 2708/3591/2380 2721/3592/2382
f 2618/2987/2412 2615/2986/2411 2613/3593/2922
f 2620/3594/2923 2619/3063/2924 2614/3275/2853
f 3000/3253/2691 3007/3162/2925 3006/3096/2690
f 2843/3092/2633 2848/3537/2898 2847/3196/2632
f 2867/3242/2447 2860/2935/2366 2859/3595/2926
f 3046/3596/2693 3044/3541/2841 3045/3597/2840
f 2867/3598/2447 2866/3328/2762 2864/3292/2718
f 2883/2998/2689 2873/3599/2418 2881/3343/2499
f 2866/3600/2762 2857/3159/2400 2865/3168/2717
f 2609/3601/2887 2613/3453/2887 2615/3602/2887
f 3013/3543/2927 3012/2979/2559 3000/3603/2691
f 3075/3304/2768 3064/3191/2627 3070/3245/2769
f 2603/3324/2385 2593/3323/2767 2598/3604/2386
f 2648/3605/2928 2652/2982/2407 2653/3606/2389
f 2620/2921/2351 2609/3570/2912 2615/3245/2411
f 2669/3055/2484 2664/3054/2483 2663/3527/2708
f 3039/2929/2360 3030/2928/2359 3037/3385/2583
f 2647/3459/2887 2643/3607/2887 2644/3457/2887
f 2776/3608/2887 2773/3609/2887 2774/3610/2887
f 2603/3611/2929 2607/3242/2683 2599/3560/2909
f 3027/3366/2817 3022/3365/2816 3021/3612/2930
f 2649/3419/2871 2653/3409/2862 2657/3006/2432
f 2643/3079/2904 2650/3613/2931 2644/3614/2932
f 2592/3540/2794 2590/3541/2876 2591/3542/2875
f 2578/3421/2873 2583/3565/2554 2591/3422/2875
f 2947/3615/2716 2938/3116/2547 2946/2979/2717
f 3079/3019/2758 3076/3616/2718 3080/3410/2399
f 2802/3543/2918 2799/2979/2597 2800/3184/2617
f 2690/3617/2933 2676/3618/2464 2688/3619/2696
f 2972/3350/2801 2967/3394/2829 2966/3351/2802
f 2601/3091/2521 2600/3399/2850 2606/3024/2450
f 2836/2970/2401 2845/3095/2525 2844/3315/2761
f 2781/3573/2914 2780/3620/2934 2775/3009/2600
f 2668/3428/2881 2667/2971/2397 2660/2970/2396
f 2802/3621/2918 2798/3622/2598 2799/3623/2597
f 2998/2976/2558 3003/3624/2650 3012/3126/2559
f 2666/3069/2502 2667/3625/2935 2659/3626/2936
f 2592/3551/2794 2591/3168/2875 2581/3548/2553
f 2680/3627/2887 2675/3465/2887 2679/3464/2887
f 2668/3628/2709 2661/3629/2937 2659/3630/2936
f 2670/3053/2482 2666/3631/2502 2664/3054/2483
f 2860/2944/2373 2854/2943/2372 2853/2965/2726
f 3057/3441/2530 3051/3434/2882 3049/3538/2531
f 2658/3129/2919 2657/3632/2432 2654/3633/2529
f 2676/3036/2464 2684/3005/2463 2683/3060/2490
f 2822/3237/2678 2830/3181/2613 2829/3634/2938
f 2980/3242/2731 2973/3297/2740 2972/3635/2939
f 2690/3636/2933 2688/3637/2696 2689/3638/2810
f 2676/3075/2464 2681/3546/2491 2689/3076/2810
f 2843/3639/2633 2840/3587/2415 2850/2979/2402
f 2611/3640/2920 2618/2948/2412 2613/3641/2922
f 2949/3543/2399 2946/2979/2717 2938/3116/2547
f 2685/3055/2665 2680/3054/2664 2679/3527/2869
f 2686/2985/2663 2682/3631/2828 2680/3054/2664
f 2877/3137/2481 2872/3642/2480 2871/3228/2668
f 2684/3085/2487 2679/3084/2869 2677/3643/2488
f 2747/3644/2887 2742/3476/2887 2745/3478/2887
f 2687/3068/2827 2675/3645/2940 2682/3069/2828
f 2597/3009/2449 2603/3611/2929 2602/3646/2941
f 2820/3164/2579 2828/3388/2837 2827/3165/2594
f 3055/3647/2942 3059/3239/2680 3048/3238/2679
f 2965/3648/2943 2961/3649/2832 2962/3650/2745
f 2705/3017/2466 2695/3651/2634 2703/3220/2656
f 2867/3019/2447 2864/3652/2718 2868/3020/2399
f 2674/3653/2944 2673/2979/2508 2662/3603/2652
f 2692/3079/2511 2699/3613/2945 2693/3654/2946
f 2719/3655/2541 2714/3656/2947 2713/3657/2542
f 2697/3658/2512 2692/3555/2511 2691/2960/2948
f 2764/3381/2604 2758/3380/2565 2757/3643/2605
f 2653/2961/2389 2642/2960/2388 2648/3659/2928
f 2717/3660/2949 2718/3525/2543 2709/3526/2889
f 2569/2954/2354 2561/3661/2353 2568/2955/2383
f 3072/3282/2626 3065/3662/2950 3064/3569/2627
f 2752/3283/2721 2747/3663/2900 2745/3104/2722
f 2707/3472/2887 2711/3664/2887 2713/3470/2887
f 2696/3659/2951 2697/3658/2512 2691/2960/2948
f 2712/3665/2715 2720/3094/2524 2719/3666/2952
f 2769/3161/2562 2765/3178/2610 2764/3162/2592
f 2933/3667/2953 2929/3668/2818 2930/3669/2404
f 2657/3017/2432 2646/3651/2439 2655/3097/2528
f 2681/3670/2491 2678/3603/2465 2689/2979/2810
f 2981/3653/2910 2978/3168/2732 2979/3298/2741
f 2736/3134/2540 2731/3671/2539 2729/3135/2566
f 2693/3672/2946 2700/3335/2546 2694/3673/2545
f 2674/3674/2944 2660/3618/2396 2672/3675/2509
f 2601/2962/2369 2596/3676/2368 2595/2963/2390
f 2562/3048/2886 2570/3531/2894 2569/3677/2954
f 2580/3124/2793 2581/3122/2553 2588/3574/2915
f 2906/3122/2771 2913/3678/2955 2912/3679/2956
f 2583/3123/2554 2578/3048/2873 2585/3145/2908
f 2996/3648/2774 2994/3541/2696 2995/3597/2695
f 2836/2976/2401 2843/3546/2633 2850/2977/2402
f 3038/3680/2791 3035/3548/2694 3045/3168/2840
f 2936/3681/2887 2939/3682/2887 2934/3683/2887
f 2916/3684/2874 2915/3022/2622 2906/3548/2771
f 2732/3108/2538 2724/3685/2537 2731/3109/2539
f 2587/3086/2379 2579/3686/2378 2577/3087/2486
f 2735/3142/2567 2729/3687/2566 2728/3143/2573
f 2733/3105/2536 2726/3141/2572 2724/3106/2537
f 2933/3129/2953 2932/3688/2361 2929/3534/2818
f 2780/3620/2934 2779/3574/2957 2775/3169/2600
f 2572/3529/2890 2571/3005/2893 2564/3689/2958
f 2818/3690/2959 2814/3622/2446 2815/3691/2445
f 2562/2976/2886 2567/3692/2891 2575/3444/2810
f 3003/3693/2650 3000/3603/2691 3012/2979/2559
f 3036/3694/2887 3032/3517/2887 3034/3695/2887
f 2690/3586/2933 2689/2979/2810 2678/3603/2465
f 2720/3696/2960 2707/3697/2961 2714/3698/2947
f 2751/3137/2568 2745/3699/2722 2743/3138/2569
f 2965/3129/2943 2964/3700/2773 2961/3701/2832
f 2746/3387/2443 2748/3341/2831 2752/3702/2962
f 2989/3120/2575 2990/3145/2574 2993/3386/2836
f 2748/3341/2831 2749/3145/2807 2752/3702/2962
f 2712/3665/2715 2719/3666/2952 2718/3703/2963
f 2826/3120/2595 2827/3165/2594 2831/3180/2612
f 3040/3704/2964 3039/3340/2790 3031/3041/2711
f 3006/3096/2690 3005/3062/2649 2998/3036/2558
f 2857/3705/2400 2863/3532/2895 2862/3160/2591
f 2625/3621/2856 2621/3706/2640 2622/3542/2639
f 3028/3243/2742 3017/3565/2503 3026/3202/2743
f 2716/3707/2965 2709/3555/2889 2707/3697/2961
f 2996/3708/2774 2995/3168/2695 2987/3548/2775
f 2596/3448/2887 2594/3709/2887 2595/3710/2887
f 2974/2948/2737 2968/3711/2736 2967/3382/2829
f 2734/3144/2571 2728/3143/2573 2726/3643/2572
f 2875/3175/2724 2870/3712/2879 2869/3285/2725
f 2847/3223/2659 2842/3222/2658 2841/3115/2684
f 2976/3320/2765 2966/3056/2802 2971/3321/2766
f 2878/3051/2479 2874/3158/2590 2872/3052/2480
f 2796/3210/2646 2790/3713/2686 2789/3211/2647
f 2706/3714/2966 2705/3562/2466 2702/3715/2657
f 2784/3170/2601 2779/3574/2957 2778/3716/2967
f 2797/3183/2616 2796/3408/2861 2791/3033/2614
f 2795/3185/2618 2794/3717/2968 2801/3006/2596
f 2817/3006/2444 2811/3218/2655 2810/3718/2969
f 2908/3719/2551 2906/3548/2771 2915/3022/2622
f 2608/3540/2918 2604/3720/2478 2605/3721/2448
f 2660/3075/2396 2665/3546/2398 2673/3076/2508
f 2567/3722/2891 2564/3723/2958 2575/3168/2810
f 2887/3499/2887 2885/3724/2887 2886/3725/2887
f 2818/3653/2959 2815/2979/2445 2816/3217/2654
f 2777/3027/2453 2773/3026/2452 2772/3726/2624
f 2805/3727/2970 2812/3728/2672 2806/3729/2671
f 2763/3174/2606 2757/3173/2605 2756/3272/2706
f 3042/3152/2584 3037/3151/2583 3036/3730/2971
f 2909/3329/2748 2901/3731/2747 2907/3330/2779
f 2819/3732/2887 2823/3487/2887 2825/3489/2887
f 2683/3059/2489 2677/3058/2488 2675/3733/2940
f 2884/3403/2972 2883/3734/2689 2880/3592/2795
f 2562/3048/2886 2564/3689/2958 2571/3005/2893
f 2906/3122/2771 2912/3679/2956 2911/3042/2470
f 2822/3237/2678 2829/3634/2938 2828/3388/2837
f 2775/3009/2600 2785/3252/2819 2781/3573/2914
f 2733/3096/2526 2732/3062/2493 2725/3048/2527
f 2796/3408/2861 2795/3185/2618 2800/3184/2617
f 2900/3621/2422 2896/3735/2778 2897/3542/2777
f 3063/3736/2620 3060/3737/2498 3061/3738/2497
f 2899/3581/2682 2890/3159/2423 2898/3739/2776
f 2566/3740/2887 2563/3447/2887 2565/3464/2887
f 2884/3653/2972 2881/3022/2499 2882/3067/2500
f 2780/3415/2858 2776/3741/2857 2774/3416/2603
f 2795/3207/2644 2789/3742/2647 2788/3208/2645
f 2797/3227/2667 2792/3226/2666 2790/3248/2686
f 3041/2988/2413 3034/3524/2868 3032/2989/2414
f 2916/3743/2874 2902/3533/2469 2914/3592/2623
f 2735/3012/2438 2734/3744/2973 2727/3010/2436
f 2890/3275/2423 2899/3242/2682 2892/3745/2974
f 2883/3252/2689 2875/3575/2917 2879/2995/2419
f 2840/2991/2415 2847/3196/2632 2846/2992/2416
f 3048/3238/2679 3050/3357/2619 3056/3746/2975
f 2851/3690/2839 2849/3649/2403 2850/3747/2402
f 2932/3367/2361 2920/3692/2405 2930/3368/2404
f 3078/3748/2762 3069/3749/2712 3077/3168/2717
f 2824/3115/2976 2830/3206/2643 2825/3205/2642
f 2868/3543/2399 2865/3168/2717 2857/3159/2400
f 2911/3362/2813 2905/3361/2812 2903/3750/2977
f 2720/3696/2960 2716/3707/2965 2707/3697/2961
f 2696/3469/2887 2692/3607/2887 2693/3467/2887
f 2944/3031/2457 2939/3528/2797 2937/3032/2458
f 2794/3001/2427 2788/3751/2645 2787/3002/2428
f 3055/3231/2673 3047/3752/2978 3054/3232/2674
f 2793/3003/2429 2787/3002/2428 2792/3155/2666
f 3005/3108/2859 2997/3685/2867 3004/3406/2860
f 2749/2925/2901 2742/3555/2979 2740/3550/2902
f 2816/3217/2654 2812/3014/2854 2811/3218/2655
f 2906/3122/2771 2908/3120/2551 2913/3678/2955
f 3028/3252/2742 3020/3753/2871 3024/3071/2504
f 2629/3009/2435 2640/3234/2476 2636/3754/2980
f 2567/3341/2891 2562/3048/2886 2569/3677/2954
f 3005/3062/2649 3010/3755/2981 3003/3120/2650
f 2834/3690/2982 2832/3649/2581 2833/3747/2580
f 2820/3075/2579 2826/3756/2595 2833/3148/2580
f 2899/3019/2682 2896/3652/2778 2900/3020/2422
f 2658/3757/2919 2655/3431/2528 2656/3004/2430
f 2955/3505/2887 2952/3758/2887 2954/3759/2887
f 2809/3225/2662 2803/2960/2661 2808/3155/2880
f 2829/3436/2883 2824/3760/2976 2823/3437/2884
f 2786/3403/2983 2785/3562/2819 2782/3563/2820
f 3048/3238/2679 3056/3746/2975 3055/3647/2942
f 2718/3703/2963 2717/3090/2520 2710/3089/2519
f 2877/3290/2730 2876/3251/2688 2882/3067/2500
f 2932/2930/2361 2924/2932/2363 2923/3342/2792
f 2908/3120/2551 2909/3119/2550 2913/3678/2955
f 2987/3387/2775 2993/3386/2836 2992/3761/2984
f 2771/3762/2561 2767/3763/2426 2768/3764/2425
f 3079/3598/2758 3078/3316/2762 3076/3292/2718
f 3050/3260/2619 3060/3259/2498 3063/3674/2620
f 2766/3070/2563 2761/3590/2921 2760/3765/2564
f 2608/3543/2918 2605/3022/2448 2606/3024/2450
f 2806/3485/2887 2804/3766/2887 2805/3767/2887
f 2975/3294/2735 2971/3768/2766 2970/3054/2985
f 3059/3053/2675 3054/3769/2674 3052/3338/2788
f 2846/3247/2685 2841/3246/2684 2839/3770/2888
f 2834/3020/2982 2820/3771/2579 2832/3534/2581
f 2888/2933/2421 2894/3311/2757 2893/3241/2681
f 2931/2981/2406 2926/3074/2507 2925/2931/2362
f 2762/3418/2870 2766/3213/2648 2759/3179/2611
f 2698/3040/2468 2697/3313/2760 2705/3038/2466
f 2985/3124/2555 2992/3761/2984 2991/3125/2556
f 2868/3621/2399 2864/3735/2718 2865/3542/2717
f 2948/3772/2739 2947/3201/2716 2945/3203/2718
f 3031/2951/2711 3038/3692/2791 3045/3148/2840
f 2826/3773/2595 2822/3774/2678 2833/2979/2580
f 2818/3714/2959 2817/3632/2444 2814/3715/2446
f 2739/3586/2986 2738/3168/2810 2727/3775/2436
f 2848/2947/2376 2835/2946/2375 2842/3765/2658
f 2602/2936/2367 2598/2958/2386 2596/2937/2368
f 2578/3048/2873 2587/3420/2872 2586/3776/2987
f 2640/3234/2476 2632/3236/2677 2636/3754/2980
f 2586/3776/2987 2585/3145/2908 2578/3048/2873
f 2963/3200/2637 2959/3147/2578 2958/3363/2814
f 2991/3125/2556 2990/3145/2574 2983/3048/2557
f 2801/3006/2596 2794/3717/2968 2793/3182/2615
f 2857/3705/2400 2859/3595/2926 2863/3532/2895
f 2949/3777/2399 2945/3778/2718 2946/3779/2717
f 2964/2976/2773 2953/3565/2576 2962/3369/2745
f 2898/3739/2776 2890/3159/2423 2897/3168/2777
f 2918/3780/2988 2924/3781/2753 2925/3782/2800
f 2965/3586/2943 2962/3168/2745 2963/3200/2637
f 2927/3783/2785 2928/3784/2588 2921/3785/2989
f 2600/2964/2391 2595/3786/2390 2594/2965/2392
f 2863/3304/2723 2852/3191/2749 2858/3245/2990
f 2859/3287/2727 2853/2965/2726 2852/3569/2749
f 2761/3787/2887 2758/3481/2887 2760/3788/2887
f 2668/3273/2709 2663/3084/2708 2661/3643/2937
f 2957/3789/2781 2958/2942/2825 2951/3790/2991
f 2636/3440/2454 2626/3439/2885 2631/3554/2455
f 2778/2950/2451 2774/3172/2603 2773/3538/2452
f 2787/3791/2887 2789/3482/2887 2792/3484/2887
f 2614/3275/2853 2624/3242/2855 2620/3594/2923
f 2589/3121/2552 2588/3574/2915 2581/3122/2553
f 2727/3010/2436 2734/3744/2973 2733/3096/2526
f 2873/2994/2418 2883/3252/2689 2879/2995/2419
f 2656/3004/2430 2651/3014/2440 2650/3005/2431
f 2646/3314/2439 2652/3564/2911 2651/3014/2440
f 2899/3242/2682 2893/3241/2681 2892/3745/2974
f 2759/3792/2611 2771/3543/2561 2768/3431/2425
f 2981/3793/2910 2977/3794/2733 2978/3650/2732
f 2770/3128/2424 2767/3795/2426 2771/3129/2561
f 2856/3493/2887 2853/3709/2887 2854/3796/2887
f 2921/3502/2887 2918/3797/2887 2919/3798/2887
f 2701/3114/2544 2696/3799/2951 2694/3115/2545
f 2892/3318/2763 2886/3800/2784 2885/3319/2764
f 2894/3171/2752 2889/3801/2992 2887/3309/2755
f 2893/3333/2756 2887/3281/2755 2886/3334/2784
f 2894/3306/2752 2891/3305/2751 2889/3295/2992
f 2582/3802/2887 2577/3803/2887 2579/3804/2887
f 2667/2971/2397 2671/3044/2472 2665/2972/2398
f 2890/3275/2423 2895/3805/2993 2894/3311/2757
f 2890/3275/2423 2892/3745/2974 2895/3805/2993
f 2979/3298/2741 2974/3358/2808 2973/3297/2740
f 2700/3198/2635 2699/3039/2467 2704/3199/2636
f 2953/2994/2576 2956/3364/2815 2960/3146/2577
f 2884/3648/2972 2880/3763/2795 2881/3806/2499
f 3079/3581/2758 3069/3749/2712 3078/3807/2762
f 2948/3429/2739 2945/3808/2718 2949/3020/2399
f 2755/3551/2442 2754/3168/2863 2746/3548/2443
f 2895/3304/2750 2885/3319/2764 2891/3245/2751
f 2879/3286/2589 2869/3285/2725 2874/3809/2590
f 2781/2921/2625 2772/3190/2624 2776/3405/2857
f 2651/2984/2409 2647/2983/2408 2645/3810/2994
f 2851/3020/2839 2836/3771/2401 2849/3534/2403
f 3010/3755/2981 3009/3398/2849 3003/3120/2650
f 2683/3060/2490 2687/3044/2494 2681/2972/2491
f 3053/3240/2621 3059/3239/2680 3058/3356/2806
f 2695/3314/2634 2701/3811/2995 2700/3198/2635
f 2976/3812/2996 2975/3535/2896 2969/3813/2809
f 3017/3009/2503 3023/3072/2505 3022/3365/2816
f 2706/3814/2966 2702/3622/2657 2703/3691/2656
f 2708/2951/2380 2715/3815/2522 2722/2952/2381
f 2592/3129/2794 2578/3533/2873 2590/3619/2876
f 3029/3586/2899 3026/3168/2743 3027/3366/2817
f 2925/3782/2800 2919/3524/2786 2918/3780/2988
f 2667/3816/2935 2668/3628/2709 2659/3630/2936
f 2927/3783/2785 2921/3785/2989 2919/3810/2786
f 2920/3314/2405 2928/3817/2997 2927/3073/2506
f 2695/3314/2634 2697/3313/2760 2701/3811/2995
f 2810/3718/2969 2809/3034/2461 2817/3006/2444
f 2948/3006/2739 2942/3296/2738 2941/3818/2998
f 3039/3340/2790 3043/3819/2999 3038/3341/2791
f 3080/3621/2399 3076/3735/2718 3077/3542/2717
f 2640/2951/2476 2629/3565/2435 2638/3049/2477
f 2910/3301/2746 2903/3820/2977 2901/3302/2747
f 2786/3653/2983 2783/3168/2599 2784/3170/2601
f 2923/3154/2586 2917/3308/2754 2922/3155/2587
f 2828/3057/2701 2823/3524/2884 2821/3267/2702
f 2644/3727/2932 2651/3728/2409 2645/3729/2994
f 2664/3510/2887 2659/3462/2887 2663/3464/2887
f 2943/3347/2459 2937/3821/2458 2936/3348/2798
f 2608/3020/2918 2607/3562/2683 2604/3822/2478
f 2938/3355/2547 2940/3354/2805 2944/3823/3000
f 2616/3559/2907 2620/3594/2923 2624/3242/2855
f 2576/3824/2933 2574/3825/2696 2575/3826/2810
f 2801/3166/2596 2791/3692/2614 2799/3167/2597
f 2905/3827/2812 2913/3828/2780 2907/3829/2779
f 2900/3543/2422 2897/3168/2777 2890/3159/2423
f 2928/3784/2588 2922/3029/2587 2921/3785/2989
f 2940/3345/2796 2934/3830/2804 2939/3346/2797
f 3002/3831/2887 2999/3475/2887 3001/3832/2887
f 2958/3375/2825 2952/3374/2824 2951/3538/2991
f 3013/3833/2927 2998/3834/2558 3011/3835/2560
f 2980/3242/2731 2972/3635/2939 2976/3812/2996
f 2678/3037/2465 2685/3216/2835 2684/3005/2463
f 2665/3836/2398 2662/3603/2652 2673/2979/2508
f 2786/3648/2983 2782/3794/2820 2783/3650/2599
f 2867/3581/2447 2857/3159/2400 2866/3837/2762
f 2741/2951/2475 2748/3599/2831 2754/3402/2863
f 3048/3838/2679 3053/3545/2621 3062/3839/2496
f 2730/3670/2492 2727/3775/2436 2738/3168/2810
f 2624/3019/2855 2621/3808/2640 2625/3403/2856
f 2834/3653/2982 2833/2979/2580 2822/3774/2678
f 2957/3789/2781 2951/3790/2991 2950/3569/2782
f 2813/3229/2670 2808/3029/2880 2806/3230/2671
f 2861/3840/2371 2856/3841/2395 2854/3842/2372
f 2975/3294/2735 2970/3054/2985 2968/3295/2736
f 2571/3085/2518 2565/3084/2517 2563/3643/2687
f 2959/3082/2515 2954/3081/2514 2952/3810/2824
f 2857/3705/2400 2867/3242/2447 2859/3595/2926
f 2710/3089/2519 2712/3665/2715 2718/3703/2963
f 2938/3355/2547 2944/3823/3000 2943/3117/2548
f 2641/3540/2918 2637/3579/2478 2638/3843/2477
f 2899/3598/2682 2898/3328/2776 2896/3292/2778
f 2970/3510/2887 2966/3844/2887 2967/3508/2887
f 3080/3543/2399 3077/3168/2717 3069/3749/2712
f 2907/3845/2887 2903/3846/2887 2905/3847/2887
f 2991/3848/2843 2984/3820/2842 2982/3849/2877
f 2956/3192/2783 2950/3332/2782 2955/3376/2826
f 3028/3252/2742 3021/3612/2930 3020/3753/2871
f 2969/3813/2809 2980/3242/2731 2976/3812/2996
f 3041/3274/2710 3040/3704/2964 3031/3041/2711
f 2597/3009/2449 2602/3646/2941 2601/3091/2521
f 2784/3170/2601 2775/3169/2600 2779/3574/2957
f 2785/3252/2819 2778/3716/2967 2777/3572/2913
f 3029/3129/2899 3028/3850/2742 3025/3534/2744
f 2755/3851/2442 2753/3541/2864 2754/3542/2863
f 2983/2951/2557 2989/3815/2575 2995/3148/2695
f 2902/2951/2469 2908/3692/2551 2915/2952/2622
f 2583/3852/2554 2581/3548/2553 2591/3168/2875
f 2844/2924/2374 2837/3262/2697 2835/3569/2375
f 2576/3586/2933 2575/3168/2810 2564/3723/2958
f 2993/3371/2821 2988/3151/2834 2986/3372/2822
f 3051/3853/2887 3054/3518/2887 3049/3520/2887
f 3006/3105/2848 2999/3141/2847 2997/3106/2867
f 2990/2925/2833 2982/3423/2877 2988/3385/2834
f 2992/3391/2823 2986/3361/2822 2984/3392/2842
f 3007/3381/2846 3001/3427/2704 2999/3643/2847
f 2863/3284/2723 2858/3854/2990 2856/2968/2395
f 3009/3269/2703 3002/3396/2845 3001/3270/2704
f 3010/3395/2844 3004/3378/2860 3002/3396/2845
f 2576/3674/2933 2562/3591/2886 2574/3835/2696
f 2744/3046/2441 2751/3290/2916 2750/3047/2474
f 2629/3009/2435 2636/3754/2980 2635/3855/3001
f 2770/3214/2424 2763/3163/2593 2762/3418/2870
f 2635/3855/3001 2634/3007/2433 2629/3009/2435
f 2712/3665/2715 2715/3092/2522 2720/3094/2524
f 2748/3856/2831 2746/3548/2443 2754/3168/2863
f 2739/3762/2986 2737/3649/2696 2738/3650/2810
f 2948/3857/2739 2938/3116/2547 2947/3858/2716
f 2817/3017/2444 2807/3651/2460 2815/3018/2445
f 3021/3859/2865 3016/3860/3002 3015/3861/2866
f 2706/3543/2966 2703/3257/2656 2704/3199/2636
f 3020/3414/2607 3015/3413/2866 3014/3862/2608
f 3023/3863/3003 3019/3864/2903 3018/3865/3004
f 3022/3866/3005 3018/3865/3004 3016/3867/3002
f 2739/3410/2986 2725/3868/2527 2737/3563/2696
f 3072/3282/2626 3066/3281/2720 3065/3662/2950
f 2827/3264/2699 2821/3555/2702 2819/3265/2700
f 3069/3275/2712 3071/3312/2759 3075/3532/2895
f 3000/3253/2691 3008/3536/2897 3007/3162/2925
f 3038/3341/2791 3043/3819/2999 3042/3389/2838
f 2813/3035/2462 2812/3014/2854 2807/3033/2460
f 3050/3357/2619 3057/3869/3006 3056/3746/2975
f 2985/3124/2555 2987/3387/2775 2992/3761/2984
f 2902/3041/2469 2910/3043/2471 2909/3119/2550
f 2674/3824/2944 2672/3870/2509 2673/3871/2508
f 2804/3872/3007 2811/3873/3008 2805/3874/2970
f 2933/3757/2953 2930/2979/2404 2931/2981/2406
f 3040/2990/2358 3032/2989/2414 3030/3875/2359
f 2988/3515/2887 2984/3846/2887 2986/3876/2887
f 2876/3424/2669 2871/3877/2668 2870/3425/2879
f 2996/3410/2774 2983/3591/2557 2994/3619/2696
f 3017/3009/2503 3028/3252/2742 3024/3071/2504
f 3035/3122/2694 3042/3389/2838 3041/3274/2710
f 2920/3314/2405 2923/3342/2792 2928/3817/2997
f 3033/3124/2692 3035/3122/2694 3041/3274/2710
f 2567/3341/2891 2569/3677/2954 2573/3530/2892
f 2916/3648/2874 2914/3763/2623 2915/3843/2622
f 2725/2998/2527 2730/3815/2492 2738/3369/2810
f 3047/3569/2978 3056/3100/2532 3049/3099/2531
f 2723/3878/2714 2722/3022/2381 2712/3548/2715
f 2750/3879/2570 2743/3880/2569 2742/3881/2979
f 2810/3224/2660 2804/3555/3007 2803/2960/2661
f 2731/3473/2887 2728/3882/2887 2729/3883/2887
f 2831/3266/2641 2819/3265/2700 2825/3765/2642
f 3046/3714/2693 3031/3533/2711 3044/3619/2841
f 3050/3357/2619 3058/3356/2806 3057/3869/3006
f 2941/3818/2998 2940/3354/2805 2948/3006/2739
f 3069/3275/2712 3079/3242/2758 3071/3312/2759
f 3062/3884/2496 3053/3545/2621 3061/3544/2497
f 2723/3762/2714 2721/3763/2382 2722/3843/2381
f 3048/3598/2679 3062/3064/2496 3060/2953/2498
f 2607/3243/2683 2597/3565/2449 2605/3244/2448
f 2802/3410/2918 2801/3632/2596 2798/3885/2598
f 2625/3586/2856 2622/3168/2639 2614/3582/2853
f 3023/3863/3003 3024/3028/2609 3019/3864/2903
f 3073/3840/2719 3068/3841/2878 3066/3842/2720
f 3074/3325/2770 3070/3305/2769 3068/3295/2878
f 3042/3152/2584 3036/3730/2971 3034/3810/2868
f 2614/3275/2853 2619/3063/2924 2618/3400/2851
f 2752/3702/2962 2751/3290/2916 2746/3387/2443
f 3013/3824/2927 3011/3825/2560 3012/3886/2559
f 2624/3598/2855 2623/3201/2638 2621/3203/2640
f 2785/2976/2819 2775/3565/2600 2783/3369/2599
f 2623/3600/2638 2614/3582/2853 2622/3168/2639
f 3070/3501/2887 3065/3887/2887 3066/3521/2887
f 2641/3586/2918 2638/3022/2477 2639/3008/2434
f 2869/3523/2887 2870/3888/2887 2871/3496/2887
f 2572/3529/2890 2564/3689/2958 2567/3341/2891
f 2755/3410/2442 2744/3889/2441 2741/3533/2475
f 2627/3538/2630 2633/3139/2629 2634/3137/2535
f 2747/3549/2900 2752/3890/2721 2749/2925/2901
f 3018/3552/2887 3019/3512/2887 3015/3514/2887
f 2624/3242/2855 2612/3401/2852 2617/3558/2906
f 2981/3561/2910 2979/3891/2741 2980/3562/2731
f 2630/3567/2887 2631/3454/2887 2627/3456/2887
f 2842/3492/2887 2835/3892/2887 2837/3571/2887
f 2641/3576/2918 2639/3893/2434 2640/3577/2476
f 2616/3584/2349 2617/3894/3009 2611/3281/2920
f 2723/3020/2714 2710/3895/2519 2708/3591/2380
f 2609/3601/2887 2610/3451/2887 2613/3453/2887
f 2648/3605/2928 2647/2983/2408 2652/2982/2407
f 2647/3459/2887 2642/3461/2887 2643/3607/2887
f 2776/3608/2887 2772/3896/2887 2773/3609/2887
f 2603/3611/2929 2597/3009/2449 2607/3242/2683
f 2643/3079/2904 2649/3897/2387 2650/3613/2931
f 2690/3617/2933 2678/3898/2465 2676/3618/2464
f 2666/3069/2502 2671/3068/2501 2667/3625/2935
f 2680/3627/2887 2682/3899/2887 2675/3465/2887
f 2658/3129/2919 2656/3900/2430 2657/3632/2432
f 2611/3640/2920 2617/3901/3009 2618/2948/2412
f 2747/3644/2887 2740/3902/2887 2742/3476/2887
f 2687/3068/2827 2683/3625/2489 2675/3645/2940
f 2692/3079/2511 2698/3078/2510 2699/3613/2945
f 2719/3655/2541 2720/3903/2960 2714/3656/2947
f 2707/3472/2887 2709/3904/2887 2711/3664/2887
f 2696/3659/2951 2701/3905/2544 2697/3658/2512
f 2693/3672/2946 2699/3906/2945 2700/3335/2546
f 2674/3674/2944 2662/3898/2652 2660/3618/2396
f 2936/3681/2887 2937/3907/2887 2939/3682/2887
f 2933/3129/2953 2931/3900/2406 2932/3688/2361
f 3036/3694/2887 3037/3515/2887 3032/3517/2887
f 2965/3129/2943 2963/3908/2637 2964/3700/2773
f 2716/3707/2965 2717/2919/2949 2709/3555/2889
f 2596/3448/2887 2593/3450/2887 2594/3709/2887
f 2706/3714/2966 2704/3909/2636 2705/3562/2466
f 2887/3499/2887 2891/3501/2887 2885/3724/2887
f 2805/3727/2970 2811/3910/3008 2812/3728/2672
f 2819/3732/2887 2821/3911/2887 2823/3487/2887
f 2884/3403/2972 2882/3912/2500 2883/3734/2689
f 2566/3740/2887 2568/3445/2887 2563/3447/2887
f 2916/3743/2874 2904/3913/2651 2902/3533/2469
f 2824/3115/2976 2829/3914/2883 2830/3206/2643
f 2696/3469/2887 2691/3461/2887 2692/3607/2887
f 2749/2925/2901 2750/2919/2570 2742/3555/2979
f 2955/3505/2887 2951/3507/2887 2952/3758/2887
f 2786/3403/2983 2784/3915/2601 2785/3562/2819
f 2766/3070/2563 2762/3588/2707 2761/3590/2921
f 2806/3485/2887 2803/3461/2887 2804/3766/2887
f 2834/3020/2982 2822/3916/2678 2820/3771/2579
f 2818/3714/2959 2816/3900/2654 2817/3632/2444
f 2918/3780/2988 2917/3917/2754 2924/3781/2753
f 2761/3787/2887 2756/3479/2887 2758/3481/2887
f 2787/3791/2887 2788/3918/2887 2789/3482/2887
f 2759/3792/2611 2769/3919/2562 2771/3543/2561
f 2856/3493/2887 2852/3495/2887 2853/3709/2887
f 2921/3502/2887 2917/3504/2887 2918/3797/2887
f 2582/3802/2887 2584/3920/2887 2577/3803/2887
f 2851/3020/2839 2838/3916/2417 2836/3771/2401
f 2592/3129/2794 2580/3921/2793 2578/3533/2873
f 2910/3301/2746 2911/3613/2813 2903/3820/2977
f 2644/3727/2932 2650/3085/2931 2651/3728/2409
f 2664/3510/2887 2666/3899/2887 2659/3462/2887
f 2608/3020/2918 2606/3922/2450 2607/3562/2683
f 2905/3827/2812 2912/3923/2811 2913/3828/2780
f 3002/3831/2887 3004/3511/2887 2999/3475/2887
f 3013/3833/2927 3000/3924/2691 2998/3834/2558
f 2970/3510/2887 2971/3925/2887 2966/3844/2887
f 2907/3845/2887 2901/3926/2887 2903/3846/2887
f 3028/3252/2742 3027/3366/2817 3021/3612/2930
f 2785/3252/2819 2784/3170/2601 2778/3716/2967
f 3029/3129/2899 3027/3927/2817 3028/3850/2742
f 2844/2924/2374 2845/3263/2698 2837/3262/2697
f 3051/3853/2887 3052/3928/2887 3054/3518/2887
f 2576/3674/2933 2564/3929/2958 2562/3591/2886
f 3021/3859/2865 3022/3930/3005 3016/3860/3002
f 3022/3866/3005 3023/3863/3003 3018/3865/3004
f 2739/3410/2986 2727/3889/2436 2725/3868/2527
f 2804/3872/3007 2810/3931/2660 2811/3873/3008
f 2988/3515/2887 2982/3932/2887 2984/3846/2887
f 2996/3410/2774 2985/3913/2555 2983/3591/2557
f 3047/3569/2978 3055/2924/2673 3056/3100/2532
f 2731/3473/2887 2726/3475/2887 2728/3882/2887
f 3046/3714/2693 3033/3933/2692 3031/3533/2711
f 2802/3410/2918 2800/3909/2617 2801/3632/2596
f 3070/3501/2887 3064/3934/2887 3065/3887/2887
g MultipleDynamites_LOD_3_Mesh
v -0.540221 0.005186 -0.644774
v -0.576280 1.006166 -0.573397
v -0.494028 0.005186 -0.530871
v -0.590639 1.006664 -0.549011
v -0.609342 0.005186 -0.468335
v -0.599159 1.006752 -0.576671
v -0.645414 0.005186 -0.637681
v -0.562780 1.005878 -0.654118
v -0.517035 1.005878 -0.496336
v -0.656526 1.005878 -0.488910
v -0.662680 1.005878 -0.620415
v -0.569042 1.189401 -0.575951
v -0.315508 0.005186 0.063826
v -0.376328 1.006180 0.005981
v -0.454608 0.005186 0.075272
v -0.400298 1.007134 0.001451
v -0.467496 0.005186 -0.060960
v -0.382409 1.006785 -0.016316
v -0.328931 0.005186 -0.077836
v -0.317101 1.005879 0.055233
v -0.405143 1.005879 0.095602
v -0.481412 1.005879 0.022373
v -0.433813 1.005879 -0.091262
v -0.367591 1.196537 0.009380
v -0.389066 1.153313 0.014836
v -0.175042 0.005186 -0.088923
v -0.138971 0.005186 0.080423
v -0.261881 0.005186 0.079509
v -0.213880 1.006765 -0.002875
v -0.279138 0.005186 -0.042034
v -0.127858 1.005879 -0.068348
v -0.121704 1.005879 0.063157
v -0.221604 1.005879 0.096860
v -0.267349 1.005879 -0.060922
v -0.179865 1.189783 -0.008555
v -0.195135 1.007414 0.017408
v -0.185856 1.006095 -0.006046
v -0.040092 0.005186 0.098134
v -0.097889 0.005186 -0.000506
v -0.015264 1.007164 0.002217
v -0.035315 0.005186 -0.085736
v 0.010302 1.008168 0.005494
v 0.079233 0.005186 -0.041874
v -0.050233 1.005879 0.089267
v -0.098111 1.005879 0.005065
v -0.032670 1.005879 -0.088679
v 0.073360 1.005879 -0.045115
v -0.010593 1.184217 0.026143
v -0.007033 1.006009 0.020924
v 0.238329 0.005186 -0.071041
v 0.297903 0.005186 0.026896
v 0.187251 0.005186 0.111956
v 0.183042 1.006786 0.005968
v 0.133871 0.005186 -0.056375
v 0.269554 1.005879 -0.046300
v 0.291653 1.005879 0.038829
v 0.203086 1.005879 0.110725
v 0.105870 1.005879 0.035932
v 0.168406 1.005879 -0.079382
v 0.217055 1.189790 0.000288
v 0.201783 1.007296 0.026274
v 0.211066 1.006102 0.002799
v 0.344089 0.005186 -0.074001
v 0.449822 0.005186 -0.074539
v 0.485828 0.005186 0.015378
v 0.389890 1.006786 0.022959
v 0.351572 0.005186 0.086615
v 0.315553 1.005879 -0.054741
v 0.444735 1.005879 -0.077868
v 0.486577 1.005879 0.019235
v 0.327112 1.005879 0.073218
v 0.377375 1.189787 -0.009174
v 0.405924 1.007352 0.000461
v 0.381057 1.006095 -0.003823
v 0.657541 0.005186 0.084927
v 0.600825 1.006156 0.020710
v 0.542905 0.005186 0.092286
v 0.574026 1.006665 0.011619
v 0.491231 0.005186 0.009741
v 0.599375 1.006785 -0.002356
v 0.657772 0.005186 -0.054857
v 0.669278 1.005879 0.065294
v 0.542450 1.005879 0.098752
v 0.497149 1.005879 -0.021439
v 0.584272 1.005879 -0.081348
v 0.663437 1.005879 -0.042890
v 0.604800 1.189404 0.027276
v 0.854387 0.005186 -0.054925
v 0.795142 1.006156 0.000365
v 0.866176 0.005186 0.058538
v 0.780783 1.006665 0.024750
v 0.762080 0.005186 0.105427
v 0.772263 1.006785 -0.002914
v 0.732758 0.005186 -0.070780
v 0.858169 1.005879 -0.053756
v 0.854387 1.005879 0.077426
v 0.732759 1.005879 0.093282
v 0.691852 1.005879 -0.004217
v 0.745628 1.005879 -0.073889
v 0.802381 1.189402 -0.002189
v 0.721401 0.005186 -0.246897
v 0.835280 0.005186 -0.260012
v 0.872787 0.005186 -0.152013
v 0.780962 1.006786 -0.157726
v 0.785385 0.005186 -0.077840
v 0.687743 1.005879 -0.158364
v 0.829858 1.005879 -0.263190
v 0.874238 1.005879 -0.166464
v 0.801693 1.005879 -0.077398
v 0.763860 1.189777 -0.187670
v 0.793513 1.007352 -0.182337
v 0.768286 1.006095 -0.182918
v 0.571007 1.006167 -0.161265
v 0.488373 0.005186 -0.189586
v 0.589784 1.006961 -0.176887
v 0.574401 0.005186 -0.260938
v 0.669992 0.005186 -0.215703
v 0.656028 0.005186 -0.108264
v 0.592081 1.006819 -0.151778
v 0.487825 1.005879 -0.176790
v 0.583429 1.005879 -0.266594
v 0.672865 1.005879 -0.199615
v 0.647610 1.005879 -0.094260
v 0.564482 1.183287 -0.163492
v 0.457281 0.005186 -0.243526
v 0.400558 1.006167 -0.190404
v 0.477436 0.005186 -0.139733
v 0.386198 1.006648 -0.166015
v 0.298895 0.005186 -0.145350
v 0.377680 1.006785 -0.193683
v 0.345601 0.005186 -0.267992
v 0.423497 1.005879 -0.269953
v 0.429114 1.005879 -0.091411
v 0.325321 1.005879 -0.111566
v 0.300855 1.005879 -0.223246
v 0.407795 1.189403 -0.192959
v 0.191807 1.006180 -0.184853
v 0.150119 0.005186 -0.249972
v 0.246691 0.005186 -0.262544
v 0.214018 1.007076 -0.174717
v 0.298131 0.005186 -0.160725
v 0.208158 0.005186 -0.076983
v 0.192400 1.006785 -0.161749
v 0.109659 1.005879 -0.156454
v 0.184367 1.005879 -0.274488
v 0.299177 1.005879 -0.194749
v 0.224470 1.005879 -0.076715
v 0.184131 1.196538 -0.190236
v 0.206287 1.153315 -0.190418
v 0.000575 0.005186 -0.274063
v 0.097114 0.005186 -0.212818
v 0.076709 0.005186 -0.102961
v -0.005837 1.006947 -0.167152
v -0.045981 0.005186 -0.099637
v -0.076520 1.005879 -0.225561
v 0.049776 1.005879 -0.262718
v 0.104450 1.005879 -0.182762
v 0.068726 1.005879 -0.102327
v -0.036232 1.005879 -0.091807
v 0.008606 1.190098 -0.197987
v 0.021819 1.006991 -0.170274
v 0.007412 1.006033 -0.191899
v -0.104918 0.005186 -0.210616
v -0.173240 0.005186 -0.088774
v -0.292581 0.005186 -0.143369
v -0.202912 1.006786 -0.200033
v -0.239320 0.005186 -0.272375
v -0.130206 1.005879 -0.118565
v -0.222875 1.005879 -0.090383
v -0.288898 1.005879 -0.148581
v -0.261479 1.005879 -0.259573
v -0.123115 1.005879 -0.241275
v -0.180982 1.189777 -0.173421
v -0.211110 1.007352 -0.173650
v -0.186150 1.006095 -0.177352
v -0.303884 0.005186 -0.221150
v -0.350591 0.005186 -0.098508
v -0.462271 0.005186 -0.122974
v -0.411323 1.006786 -0.195113
v -0.482426 0.005186 -0.226767
v -0.434104 1.005879 -0.275090
v -0.330311 1.005879 -0.254934
v -0.305845 1.005879 -0.143254
v -0.428487 1.005879 -0.096548
v -0.377309 1.189778 -0.200790
v -0.392580 1.007352 -0.174816
v -0.383300 1.006095 -0.198282
v -0.433507 0.005186 -0.300700
v -0.483682 0.005186 -0.394550
v -0.361165 0.005186 -0.477420
v -0.367412 1.006786 -0.381942
v -0.292893 0.005186 -0.374866
v -0.309187 1.005879 -0.317843
v -0.421121 1.005879 -0.293114
v -0.484432 1.005879 -0.388310
v -0.405101 1.005879 -0.471058
v -0.393041 1.189778 -0.358869
v -0.394128 1.007352 -0.388979
v -0.389337 1.006095 -0.364205
v -0.189166 1.006167 -0.366593
v -0.234200 0.005186 -0.291745
v -0.203881 1.006648 -0.390770
v -0.286033 0.005186 -0.393647
v -0.234900 0.005186 -0.465280
v -0.138255 0.005186 -0.458808
v -0.175471 1.006785 -0.385210
v -0.161178 1.005879 -0.286036
v -0.285072 1.005879 -0.350768
v -0.248505 1.005879 -0.458919
v -0.100988 1.005879 -0.402912
v -0.190333 1.189403 -0.359007
v -0.083616 0.005186 -0.429100
v -0.001313 1.006167 -0.391913
v 0.009548 1.007083 -0.370059
v 0.094963 0.005186 -0.362825
v 0.042334 0.005186 -0.292285
v -0.054154 0.005186 -0.300791
v -0.015400 1.006819 -0.373591
v -0.057120 1.005879 -0.448485
v 0.038202 1.005879 -0.464766
v 0.099640 1.005879 -0.358482
v -0.015644 1.005879 -0.279809
v -0.090166 1.005879 -0.366913
v -0.003889 1.196537 -0.400929
v 0.013441 1.153314 -0.387123
v 0.220739 0.005186 -0.463742
v 0.251668 0.005186 -0.277410
v 0.213100 1.007164 -0.355994
v 0.119468 0.005186 -0.322158
v 0.196538 1.008077 -0.375717
v 0.133486 0.005186 -0.418365
v 0.251668 1.005879 -0.454360
v 0.220739 1.005879 -0.268028
v 0.133486 1.005879 -0.313405
v 0.119468 1.005879 -0.409612
v 0.225902 1.184216 -0.376739
v 0.219745 1.006009 -0.375321
v 0.471673 0.005186 -0.291519
v 0.349646 0.005186 -0.279108
v 0.312194 0.005186 -0.386862
v 0.407120 1.006786 -0.378075
v 0.412498 0.005186 -0.457901
v 0.492721 1.005879 -0.338515
v 0.419274 1.005879 -0.262305
v 0.309734 1.005879 -0.334580
v 0.346337 1.005879 -0.433773
v 0.460500 1.005879 -0.439939
v 0.420436 1.189792 -0.346265
v 0.391644 1.007296 -0.355182
v 0.416621 1.006102 -0.351520
v 0.628273 0.005186 -0.271275
v 0.501038 0.005186 -0.328638
v 0.582992 1.007164 -0.359401
v 0.524323 0.005186 -0.423031
v 0.594870 1.006026 -0.380065
v 0.615567 0.005186 -0.459729
v 0.677152 1.005879 -0.311472
v 0.541233 1.005879 -0.279760
v 0.509522 1.005879 -0.415679
v 0.645440 1.005879 -0.447390
v 0.606898 1.188295 -0.346056
v 0.601583 1.006009 -0.350912
v 0.587652 1.153316 -0.349764
v 0.870424 0.005186 -0.612756
v 0.808052 1.006180 -0.554627
v 0.862998 0.005186 -0.473265
v 0.794410 1.007209 -0.534417
v 0.731816 0.005186 -0.469483
v 0.722566 0.005186 -0.608745
v 0.785174 1.006785 -0.557904
v 0.803363 1.005879 -0.642212
v 0.861829 1.005879 -0.469484
v 0.730647 1.005879 -0.473265
v 0.709549 1.005879 -0.576874
v 0.814939 1.183288 -0.554292
v 0.497998 0.005186 -0.570507
v 0.691607 0.005186 -0.570610
v 0.590335 1.006786 -0.529833
v 0.554656 0.005186 -0.464029
v 0.525928 1.005879 -0.608788
v 0.607702 1.005879 -0.641506
v 0.674770 1.005879 -0.491395
v 0.574620 1.005879 -0.457428
v 0.579135 1.189777 -0.562447
v 0.607268 1.007352 -0.551662
v 0.582595 1.006095 -0.556951
v 0.508290 0.005186 -0.569204
v 0.413910 1.007217 -0.542827
v 0.433479 0.005186 -0.461101
v 0.320275 0.005186 -0.508981
v 0.397326 1.007696 -0.562486
v 0.373151 0.005186 -0.647118
v 0.405508 1.005879 -0.653554
v 0.483919 1.005879 -0.494803
v 0.384019 1.005879 -0.461101
v 0.312123 1.005879 -0.549668
v 0.426710 1.184214 -0.563561
v 0.420552 1.006005 -0.562144
v 0.118919 0.005186 -0.556503
v 0.189714 0.005186 -0.646660
v 0.303625 0.005186 -0.581606
v 0.210434 1.006786 -0.531761
v 0.157323 0.005186 -0.474341
v 0.168228 1.005879 -0.639762
v 0.279973 1.005879 -0.613955
v 0.302791 1.005879 -0.522701
v 0.202187 1.005879 -0.452345
v 0.193179 1.189781 -0.561617
v 0.222870 1.007296 -0.556438
v 0.197630 1.006102 -0.556890
v 0.095718 0.005186 -0.564377
v 0.015877 0.005186 -0.470927
v -0.083194 0.005186 -0.527988
v -0.006855 1.006786 -0.585647
v 0.024434 0.005186 -0.664325
v 0.021150 1.005879 -0.475772
v -0.070193 1.005879 -0.508000
v -0.082191 1.005879 -0.621696
v 0.063375 1.005879 -0.647723
v 0.022824 1.189778 -0.568089
v -0.005583 1.007352 -0.558050
v 0.016626 1.006095 -0.570027
v -0.128966 0.005186 -0.644116
v -0.191338 1.006167 -0.585984
v -0.136392 0.005186 -0.504624
v -0.205042 1.007085 -0.565778
v -0.276169 0.005186 -0.506081
v -0.268744 0.005186 -0.645572
v -0.214215 1.006819 -0.589268
v -0.205607 1.005879 -0.671724
v -0.101721 1.005879 -0.578340
v -0.209108 1.005879 -0.476625
v -0.301041 1.005879 -0.581640
v -0.184451 1.183280 -0.585649
v -0.324910 0.005186 -0.500201
v -0.379126 1.006156 -0.555880
v -0.428291 0.005186 -0.478030
v -0.403785 1.006665 -0.569762
v -0.484305 0.005186 -0.596713
v -0.376291 1.006785 -0.578817
v -0.300474 0.005186 -0.602817
v -0.299145 1.005879 -0.534492
v -0.465194 1.005879 -0.511268
v -0.478129 1.005879 -0.598324
v -0.327551 1.005879 -0.636078
v -0.376431 1.189400 -0.548693
v -0.679200 0.005186 -0.407312
v -0.583984 0.005186 -0.485043
v -0.490223 0.005186 -0.393303
v -0.589401 1.006765 -0.367743
v -0.634473 0.005186 -0.302372
v -0.666958 1.005879 -0.447472
v -0.554241 1.005879 -0.472581
v -0.490849 1.005879 -0.399351
v -0.653040 1.005879 -0.319354
v -0.604859 1.189778 -0.398568
v -0.575538 1.007352 -0.391638
v -0.600697 1.006102 -0.393585
v -0.632639 0.005186 -0.277807
v -0.597263 1.006180 -0.204568
v -0.586894 1.006967 -0.182458
v -0.505563 0.005186 -0.144794
v -0.687982 0.005186 -0.168341
v -0.611744 1.006785 -0.186554
v -0.583165 1.005879 -0.282122
v -0.496600 1.005879 -0.207438
v -0.584917 1.005879 -0.088834
v -0.679238 1.005879 -0.155461
v -0.593463 1.183281 -0.210322
v -0.665927 0.006116 0.058860
v -0.598805 1.006133 0.011664
v -0.672834 0.006116 -0.055562
v -0.592677 1.005973 -0.010597
v -0.499292 0.006116 -0.027212
v -0.577681 1.005279 0.004217
v -0.557020 0.006116 0.093646
v -0.656965 1.004948 0.070912
v -0.679146 1.004948 -0.040986
v -0.595323 1.004948 -0.090557
v -0.508740 1.004948 -0.047147
v -0.534506 1.004948 0.081477
v -0.612877 1.183198 0.003221
v 0.799032 0.005186 -0.461432
v 0.829961 0.005186 -0.275100
v 0.791394 1.007163 -0.353684
v 0.733754 0.005186 -0.289119
v 0.774839 1.008310 -0.373480
v 0.688378 0.005186 -0.376372
v 0.884092 1.005879 -0.376372
v 0.799032 1.005879 -0.265718
v 0.697760 1.005879 -0.407301
v 0.804195 1.184216 -0.374429
v 0.798038 1.006009 -0.373011
vn -0.7148 -0.0102 0.6992
vn 0.2225 -0.0051 0.9749
vn -0.9388 -0.0005 0.3445
vn -0.9905 -0.0077 0.1372
vn 0.4522 -0.0116 0.8918
vn 0.4397 -0.0117 0.8981
vn 0.7571 0.0231 0.6529
vn -0.5307 0.0159 0.8474
vn -0.4968 0.0172 0.8677
vn -0.9038 0.0376 -0.4263
vn -0.3122 0.0053 0.9500
vn -0.8693 0.0347 -0.4931
vn 0.1309 0.0075 0.9914
vn 0.9895 -0.0290 -0.1417
vn 0.0892 0.0071 0.9960
vn 0.8550 0.0004 0.5186
vn 0.8421 0.0006 0.5393
vn 0.4313 -0.0345 -0.9015
vn 0.0486 0.9624 0.2674
vn 0.1821 0.9701 -0.1607
vn -0.2192 0.9589 -0.1804
vn -0.5082 0.8594 0.0567
vn -0.0005 1.0000 0.0044
vn 0.2841 0.9022 0.3245
vn -0.0849 -0.0268 0.9960
vn -0.9759 -0.0034 -0.2183
vn -0.9540 -0.0000 -0.2998
vn 0.0061 1.0000 0.0016
vn 0.1448 0.9694 -0.1980
vn 0.1859 0.9158 0.3560
vn -0.4416 0.8890 0.1214
vn -0.9521 0.3027 0.0426
vn -0.2349 0.4171 -0.8780
vn -0.0040 1.0000 -0.0019
vn -0.8131 0.5812 -0.0323
vn 0.0020 1.0000 -0.0028
vn 0.3217 0.9335 -0.1583
vn 0.0021 1.0000 -0.0029
vn 0.8827 -0.0129 -0.4698
vn -0.0604 0.9969 -0.0508
vn 0.1448 0.9129 0.3817
vn 0.0371 0.9920 -0.1209
vn -0.1308 0.5885 0.7979
vn 0.2424 0.9644 -0.1056
vn -0.3841 0.0019 0.9233
vn 0.8009 -0.0167 0.5986
vn 0.9877 0.0197 -0.1553
vn 0.3680 0.0212 -0.9296
vn -0.9987 -0.0011 -0.0503
vn -0.2812 -0.0003 -0.9597
vn -0.2835 -0.0003 -0.9590
vn -0.8720 -0.0231 -0.4889
vn -0.3083 -0.0078 0.9513
vn -0.8472 -0.0257 -0.5306
vn 0.5122 0.0013 0.8589
vn 0.8866 -0.0265 -0.4617
vn 0.8769 -0.0269 -0.4799
vn -0.6608 -0.0058 0.7506
vn -0.8430 -0.0122 -0.5378
vn -0.8276 -0.0123 -0.5611
vn 0.7018 0.2559 0.6649
vn -0.2590 0.8816 0.3946
vn -0.1402 0.9831 -0.1174
vn -0.2061 0.9363 0.2844
vn 0.4370 0.8178 0.3745
vn 0.3156 0.9151 -0.2508
vn -0.1558 0.9411 0.3000
vn 0.3725 0.8976 0.2356
vn 0.2649 0.9215 -0.2840
vn 0.1045 0.9920 0.0710
vn -0.7275 0.5853 -0.3580
vn 0.0286 0.9650 0.2608
vn -0.9443 -0.0134 0.3288
vn 0.2755 -0.0101 0.9613
vn -0.9391 -0.0141 0.3432
vn -0.5118 -0.0149 0.8590
vn 0.9256 0.0079 0.3784
vn -0.5363 -0.0155 0.8439
vn -0.9813 0.0080 0.1922
vn 0.1243 -0.0439 0.9913
vn 0.1918 -0.0469 0.9803
vn 0.5713 -0.0035 -0.8207
vn -0.7401 -0.0150 -0.6724
vn 0.5917 -0.0035 -0.8061
vn -0.1704 0.9623 -0.2120
vn -0.0068 1.0000 -0.0004
vn -0.2193 0.8495 0.4798
vn -0.0115 0.9998 0.0138
vn 0.0222 0.9556 0.2938
vn -0.1792 0.9797 -0.0902
vn 0.4623 -0.0092 -0.8867
vn 0.9363 -0.1695 -0.3077
vn 0.7241 -0.0002 0.6897
vn 0.7795 -0.0330 -0.6256
vn 0.7548 -0.0340 -0.6551
vn -0.9849 -0.0052 -0.1732
vn 0.1367 0.0243 -0.9903
vn 0.1762 0.0256 -0.9840
vn -0.4153 0.8441 -0.3391
vn -0.7797 0.2553 -0.5717
vn 0.3820 0.8921 0.2414
vn -0.0057 1.0000 0.0001
vn 0.9050 -0.0202 -0.4250
vn -0.0606 0.9975 -0.0360
vn 0.0599 0.9569 0.2841
vn -0.0059 1.0000 -0.0073
vn -0.2090 0.9349 0.2867
vn -0.0204 0.9113 -0.4113
vn -0.0047 1.0000 0.0052
vn 0.0300 0.9993 0.0223
vn 0.6256 0.0330 -0.7795
vn -0.6897 0.0002 -0.7241
vn -0.7241 -0.0002 -0.6897
vn 0.7796 0.0222 0.6259
vn 0.6661 -0.0138 -0.7457
vn 0.6365 -0.0142 -0.7712
vn -0.7795 -0.0330 0.6256
vn 0.6838 -0.0018 0.7297
vn -0.7548 -0.0340 0.6551
vn 0.3863 0.8995 0.2040
vn -0.2693 0.9510 0.1518
vn 0.0016 1.0000 0.0055
vn -0.4341 -0.0099 0.9008
vn 0.8936 0.0258 0.4481
vn 0.8967 0.0261 0.4419
vn -0.6256 0.0330 0.7795
vn 0.6897 0.0002 0.7241
vn -0.0023 0.9999 0.0152
vn -0.1357 0.9541 -0.2670
vn -0.4533 0.8718 -0.1858
vn -0.2139 0.9727 -0.0897
vn -0.1230 0.9282 0.3512
vn 0.0069 1.0000 -0.0016
vn 0.8042 0.5888 -0.0813
vn -0.1263 0.9920 -0.0037
vn -0.8489 -0.0217 -0.5281
vn -0.8464 -0.0218 -0.5321
vn -0.8291 0.5263 0.1887
vn 0.0048 0.9999 -0.0096
vn 0.0023 0.9999 0.0127
vn -0.2737 0.9616 -0.0196
vn 0.9296 0.3526 0.1073
vn 0.6255 0.0160 -0.7801
vn -0.7490 -0.0051 -0.6625
vn -0.8023 -0.0053 -0.5969
vn 0.5913 -0.0341 0.8058
vn 0.7437 -0.0022 -0.6685
vn 0.1904 -0.0040 0.9817
vn -0.9389 -0.0106 0.3440
vn 0.0811 -0.0104 0.9967
vn -0.9399 -0.0106 0.3412
vn 0.0010 1.0000 0.0071
vn 0.0011 0.9999 -0.0109
vn -0.4597 0.0084 0.8880
vn -0.1369 -0.0128 -0.9905
vn -0.0885 -0.0150 -0.9960
vn 0.5081 0.0155 -0.8612
vn 0.0004 1.0000 -0.0074
vn -0.1963 0.9690 -0.1498
vn 0.3591 0.9159 -0.1794
vn -0.5861 0.7609 0.2784
vn 0.0337 0.5738 -0.8183
vn -0.0050 1.0000 -0.0014
vn -0.5563 0.0118 0.8309
vn -0.9107 0.0614 -0.4085
vn -0.9244 0.0613 -0.3765
vn -0.5508 0.0141 0.8345
vn 0.7943 -0.0251 0.6069
vn 0.8073 -0.0255 0.5895
vn 0.7297 0.0018 0.6838
vn -0.7117 0.0075 0.7025
vn 0.7016 -0.0322 0.7118
vn 0.7434 -0.0338 0.6680
vn 0.5283 -0.0221 -0.8488
vn -0.0022 0.9999 -0.0169
vn 0.1283 0.7642 -0.6321
vn -0.0006 1.0000 -0.0076
vn -0.2772 0.9443 -0.1774
vn -0.0062 1.0000 0.0005
vn -0.1036 0.7784 0.6192
vn -0.0050 1.0000 -0.0001
vn 0.3633 0.9027 -0.2307
vn 0.1182 -0.0104 0.9929
vn 1.0000 -0.0025 0.0057
vn -0.9939 0.0072 -0.1102
vn -0.2536 -0.0003 0.9673
vn -0.2032 -0.0007 0.9791
vn -0.7204 -0.0053 0.6936
vn -0.6765 -0.0052 0.7364
vn 0.9101 0.0008 -0.4143
vn -0.0868 0.0042 -0.9962
vn 0.9148 0.0008 -0.4039
vn 0.9642 -0.0501 -0.2605
vn -0.1642 0.9863 0.0119
vn -0.8263 0.0043 0.5632
vn 0.4937 0.0013 0.8696
vn 0.4921 0.0169 -0.8704
vn -0.8095 -0.0216 -0.5868
vn -0.8216 -0.0220 -0.5696
vn 0.9720 -0.0070 0.2350
vn 0.9695 -0.0070 0.2450
vn 0.7784 -0.0005 -0.6278
vn -0.0094 0.9999 0.0042
vn 0.0060 1.0000 -0.0008
vn 0.1870 -0.0071 -0.9823
vn 0.9882 0.0053 0.1528
vn 0.1638 -0.0071 -0.9865
vn -0.3090 -0.0024 -0.9510
vn 0.0050 1.0000 0.0037
vn 0.0296 0.9624 0.2699
vn 0.0062 1.0000 0.0043
vn 0.0024 1.0000 0.0025
vn 0.2227 0.9696 -0.1017
vn -0.0533 0.9405 0.3355
vn 0.5509 -0.0174 -0.8344
vn -0.8397 0.0231 -0.5426
vn 0.5887 -0.0186 -0.8081
vn -0.5207 -0.0204 -0.8535
vn -0.6023 -0.0229 -0.7980
vn 0.3510 0.0081 -0.9363
vn -0.8161 0.0147 -0.5777
vn 0.5541 -0.0231 -0.8321
vn 0.7974 0.4394 0.4137
vn -0.1622 0.9436 -0.2888
vn 0.9945 -0.0108 -0.1044
vn 0.8563 -0.1530 0.4933
vn 0.9991 0.0073 -0.0417
vn 0.3583 -0.0067 -0.9336
vn -0.4607 -0.0329 -0.8870
vn 0.0293 0.9995 -0.0096
vn 0.0055 1.0000 -0.0019
vn -0.5303 -0.0215 0.8475
vn 0.8746 0.0202 0.4845
vn -0.5698 -0.0226 0.8215
vn 0.2273 -0.0024 -0.9738
vn 0.2850 -0.0026 -0.9585
vn 0.3112 0.9469 -0.0808
vn -0.3222 0.9290 0.1822
vn 0.0040 0.9999 0.0104
vn 0.0010 1.0000 -0.0080
vn -0.4861 0.8556 -0.1781
vn -0.8045 -0.0295 -0.5932
vn -0.8485 -0.0316 -0.5283
vn -0.1163 0.0007 -0.9932
vn 0.9356 0.0261 -0.3521
vn 0.3460 0.0198 0.9380
vn 0.3403 0.0196 0.9401
vn -0.1975 -0.0211 0.9801
vn 0.9999 0.0072 -0.0136
vn 0.0031 1.0000 -0.0068
vn -0.3229 0.9257 -0.1971
vn 0.2749 0.9521 -0.1337
vn -0.1059 0.0054 0.9944
vn -0.0946 0.0055 0.9955
vn -0.0069 1.0000 -0.0025
vn -0.7230 0.5873 -0.3638
vn 0.3314 0.9425 -0.0438
vn -0.2381 0.5951 0.7676
vn -0.2969 0.8980 -0.3248
vn -0.0038 1.0000 0.0064
vn -0.2214 -0.0215 0.9749
vn -0.9664 -0.0233 0.2558
vn -0.8397 -0.0328 -0.5421
vn 0.8922 0.0209 0.4511
vn -0.3621 0.0085 0.9321
vn 0.9887 -0.0374 0.1452
vn 0.6685 0.0022 -0.7437
vn 0.5144 0.0052 -0.8575
vn 0.9267 0.0078 0.3756
vn -0.3552 0.8909 -0.2830
vn 0.0062 1.0000 0.0017
vn 0.8623 0.2902 -0.4151
vn -0.0107 0.9709 0.2394
vn 0.0080 1.0000 0.0040
vn -0.0835 0.5835 0.8078
vn -0.0027 0.9999 0.0119
vn 0.0033 1.0000 0.0014
vn 0.2203 0.9335 0.2827
vn 0.0036 1.0000 0.0015
vn 0.0299 0.9920 -0.1229
vn -0.8557 -0.0028 0.5175
vn -0.8782 -0.0030 0.4783
vn -0.4247 0.0207 -0.9051
vn 0.9050 -0.0276 -0.4246
vn -0.4137 0.0209 -0.9102
vn 0.7606 0.0243 0.6488
vn 0.5627 0.0172 -0.8265
vn -0.0689 -0.0265 0.9973
vn 0.9796 -0.0017 0.2009
vn 0.9816 -0.0017 0.1910
vn -0.0054 1.0000 -0.0001
vn -0.0054 1.0000 -0.0000
vn 0.5396 0.7959 0.2744
vn 0.0040 1.0000 -0.0036
vn 0.3183 0.9438 -0.0894
vn 0.0013 1.0000 -0.0001
vn 0.9052 0.0247 -0.4242
vn -0.3881 -0.0194 -0.9214
vn -0.4645 -0.0215 -0.8853
vn -0.0196 0.9996 -0.0205
vn 0.0078 0.9999 0.0072
vn 0.9271 -0.0291 0.3738
vn 0.2840 -0.0257 -0.9585
vn 0.3407 -0.0273 -0.9398
vn 0.8113 0.0042 0.5846
vn 0.6538 0.0037 -0.7567
vn 0.8010 0.0042 0.5987
vn 0.3109 0.0317 -0.9499
vn -0.7460 0.0079 0.6659
vn -0.0000 -1.0000 -0.0000
vn 0.0115 0.9999 -0.0058
vn 0.2692 0.4978 -0.8245
vn -0.3037 0.9527 -0.0147
vn 0.7046 0.0167 0.7094
vn 0.6985 0.0178 -0.7154
vn -0.0034 1.0000 0.0075
vn 0.0062 0.9998 -0.0174
vn 0.1043 0.9920 0.0709
vn 0.5420 0.0105 -0.8403
vn -0.9180 0.0076 -0.3965
vn 0.5689 0.0103 -0.8224
vn -0.9150 0.0006 -0.4034
vn -0.4072 0.0152 0.9132
vn -0.9014 0.0004 -0.4330
vn 0.6246 -0.0051 0.7809
vn -0.6874 -0.0274 0.7258
vn -0.6959 -0.0276 0.7176
vn -0.0049 1.0000 0.0007
vn 0.0118 0.9998 -0.0128
vn -0.1456 0.7806 -0.6078
vn 0.6651 0.0156 0.7466
vn -0.7727 -0.0145 -0.6346
vn -0.7539 -0.0138 -0.6568
vn -0.9702 -0.0060 -0.2423
vn -0.4719 -0.0097 0.8816
vn -0.9869 0.0080 0.1612
vn 0.0529 0.9920 -0.1148
vn -0.4892 -0.0271 0.8718
vn -0.5140 -0.0279 0.8573
vn -0.0118 0.9998 0.0139
vn 0.9100 -0.0281 0.4137
vn -0.1955 0.9762 -0.0941
vn 0.5244 0.7657 0.3723
vn 0.0715 0.9350 -0.3473
vn -0.8305 0.3166 0.4583
vn 0.0529 0.9981 0.0312
vn -0.5810 0.0149 0.8138
vn -0.8504 0.0233 -0.5256
vn -0.0024 1.0000 -0.0016
vn -0.8039 0.5830 0.1175
vn -0.3330 -0.0212 0.9427
vn -0.3135 -0.0210 0.9494
vn -0.9710 -0.0157 0.2386
vn -0.2461 0.7646 0.5956
vn 0.9158 0.3166 -0.2472
vn -0.0440 0.9981 -0.0429
vn -0.9865 0.0072 -0.1638
vn -0.5749 0.0057 -0.8182
vn 0.0042 0.9999 0.0158
vn 0.0012 1.0000 0.0056
vn -0.1069 0.9770 0.1846
vn 0.0042 0.9999 0.0100
vn -0.0021 1.0000 0.0055
vn -0.2814 0.9371 -0.2064
vn -0.0012 1.0000 -0.0003
vn -0.0095 0.9999 -0.0041
vn 0.2139 0.9762 0.0363
vn -0.6210 0.7535 -0.2157
vn -0.3852 0.0154 0.9227
vn 0.9891 0.0052 0.1469
vn -0.0010 1.0000 0.0045
vn -0.0473 0.5812 0.8124
vn -0.1358 0.9372 0.3214
vn 0.0063 1.0000 0.0011
vn -0.0059 1.0000 0.0019
vn -0.9225 -0.0239 0.3853
vn 0.0080 1.0000 -0.0005
vn -0.4306 0.7882 -0.4397
vn -0.9486 -0.0227 -0.3156
vn -0.9393 -0.0237 -0.3422
vn 0.9433 0.0047 0.3320
vn -0.3277 -0.0181 0.9446
vn 0.9427 0.0091 0.3336
vn -0.3167 -0.0184 0.9484
vn 0.3587 -0.0363 -0.9328
vn 0.0021 1.0000 -0.0037
vn 0.2084 0.9757 -0.0676
vn -0.0035 1.0000 -0.0075
vn 0.9721 0.0067 -0.2345
vn -0.2780 -0.0022 -0.9606
vn 0.6067 0.0049 -0.7949
vn -0.3834 0.9064 -0.1773
vn -0.0010 1.0000 -0.0063
vn -0.9858 -0.0052 -0.1680
vn -0.5431 -0.0445 -0.8385
vn -0.5063 -0.0455 -0.8611
vn 0.4220 -0.0434 -0.9055
vn -0.4796 0.8773 -0.0194
vn 0.0119 0.9235 0.3834
vn 0.9019 0.0026 -0.4320
vn 0.6207 -0.0051 0.7840
vn 0.9732 0.0067 -0.2299
vn -0.6838 -0.0018 -0.7297
vn -0.0389 0.9757 0.2156
vn -0.7251 0.5838 -0.3653
vn 0.2068 0.9688 -0.1366
vn 0.0031 1.0000 0.0034
vn -0.0021 1.0000 -0.0035
vn -0.4841 -0.0252 -0.8746
vn -0.5548 -0.0230 -0.8317
vn 0.0012 1.0000 -0.0009
vn 0.8534 0.4375 0.2833
vn 0.9952 -0.0359 0.0911
vn 0.5104 0.0052 -0.8599
vn -0.3278 -0.0069 0.9447
vn 0.0850 0.8646 0.4952
vn -0.2647 0.9395 -0.2173
vn -0.0045 1.0000 -0.0033
vn -0.7297 0.0018 -0.6838
vn -0.0939 0.0043 -0.9956
vn -0.9922 -0.0075 0.1241
vn 0.5938 -0.0160 0.8044
vn 0.0748 0.9960 0.0479
vn -0.1953 0.9698 -0.1459
vn 0.0210 0.5850 0.8107
vn 0.9305 -0.0313 -0.3650
vn 0.3735 0.0211 -0.9274
vn -0.8348 0.0103 -0.5504
vn -0.4421 0.0018 0.8970
vn -0.9302 -0.0244 0.3663
vn 0.9602 0.0117 0.2792
vn -0.0021 1.0000 0.0021
vn 0.7089 -0.0133 -0.7052
vn -0.2114 0.2570 -0.9430
vn -0.0274 0.9771 -0.2112
vn -0.7835 0.0108 -0.6213
vn 0.0140 0.0110 -0.9998
vn -0.9535 -0.0061 -0.3014
vn 0.2247 0.0288 -0.9740
vn -0.0503 0.9155 0.3991
vn -0.0035 1.0000 -0.0021
vn -0.9809 0.0029 -0.1947
vn -0.0012 1.0000 -0.0037
vn -0.0018 1.0000 -0.0054
vn -0.6629 -0.0059 0.7487
vn -0.9118 0.0078 -0.4105
vn 0.9887 -0.0293 -0.1471
vn 0.9589 -0.0049 -0.2838
vn 0.0015 0.9992 0.0401
vn -0.0018 1.0000 0.0086
vn 0.0046 1.0000 0.0011
vn 0.8225 0.5331 0.1984
vn -0.9989 -0.0011 -0.0464
vn -0.4291 0.7169 -0.5494
vn 0.0082 1.0000 -0.0025
vn 0.0082 1.0000 -0.0026
vn 0.2212 0.9650 -0.1410
vn -0.2148 0.9609 -0.1750
vn 0.2660 0.9361 0.2300
vn -0.4648 0.7143 -0.5232
vn 0.0352 0.9992 0.0192
vn -0.7726 -0.0155 -0.6347
vn -0.0088 1.0000 -0.0003
vn -0.0013 1.0000 0.0021
vn -0.0056 1.0000 0.0001
vn -0.0006 1.0000 -0.0016
vn -0.0036 1.0000 -0.0065
vn -0.0029 1.0000 0.0029
vn 0.6551 0.0340 -0.7548
vn 0.0015 1.0000 0.0055
vn -0.6551 0.0340 0.7548
vn -0.6362 0.6872 0.3508
vn 0.1529 0.9699 -0.1895
vn -0.2806 0.9527 -0.1165
vn 0.0091 0.9999 0.0043
vn 0.1335 0.9903 0.0378
vn -0.4614 0.0083 0.8871
vn -0.0003 1.0000 -0.0023
vn -0.0074 1.0000 0.0041
vn 0.0104 0.9999 -0.0006
vn 0.1540 0.9868 0.0506
vn 0.0050 1.0000 0.0050
vn -0.0103 0.9999 -0.0094
vn 0.0052 1.0000 0.0015
vn 0.9959 -0.0017 -0.0907
vn 0.0089 0.9999 -0.0062
vn 0.2178 0.9726 0.0816
vn -0.8349 0.0043 0.5504
vn 0.5096 0.0172 -0.8602
vn -0.0058 0.9999 -0.0115
vn -0.9465 0.2853 0.1505
vn -0.9953 -0.0204 0.0950
vn 0.0575 -0.9868 0.1512
vn 0.8881 0.0029 -0.4596
vn -0.8094 0.0147 -0.5871
vn 0.0007 1.0000 0.0003
vn 0.6510 0.0037 -0.7590
vn 0.0005 1.0000 0.0015
vn 0.0041 0.9999 -0.0098
vn -0.7349 0.6611 0.1514
vn 0.0195 0.9938 -0.1097
vn -0.0018 1.0000 -0.0006
vn 0.1228 0.9704 -0.2081
vn 0.0880 0.9735 -0.2110
vn 0.7628 0.0244 0.6462
vn -0.0073 0.9999 0.0132
vn -0.3025 0.9530 -0.0146
vn 0.1382 0.9903 0.0125
vn -0.0163 0.9999 -0.0033
vn -0.0061 1.0000 0.0076
vn -0.0063 0.9999 -0.0080
vn -0.0021 1.0000 -0.0034
vn 0.0078 0.9999 -0.0086
vn -0.0100 0.9998 0.0164
vn -0.0048 1.0000 -0.0072
vt 0.673112 0.330399
vt 0.592256 0.005260
vt 0.643124 0.009859
vt 0.584166 0.006781
vt 0.350450 0.329839
vt 0.359947 0.005068
vt 0.030625 0.993736
vt 0.216677 0.669196
vt 0.174546 0.991774
vt 0.541622 0.330105
vt 0.376471 0.004723
vt 0.421339 0.992171
vt 0.314772 0.667346
vt 0.446143 0.667117
vt 0.547618 0.005488
vt 0.571412 0.330996
vt 0.401109 0.329328
vt 0.654328 0.711571
vt 0.661159 0.673922
vt 0.674043 0.722854
vt 0.180367 0.503960
vt 0.174540 0.647043
vt 0.147777 0.510711
vt 0.355693 0.329778
vt 0.503709 0.004884
vt 0.584166 0.331465
vt 0.016798 0.477109
vt 0.155129 0.478386
vt 0.147778 0.510711
vt 0.654328 0.711572
vt 0.234821 0.637094
vt 0.180587 0.503291
vt 0.319953 0.516789
vt 0.069730 0.373468
vt 0.028490 0.548757
vt 0.567921 0.737772
vt 0.570066 0.674150
vt 0.588463 0.744637
vt 0.488375 0.684291
vt 0.464365 0.691579
vt 0.180554 0.517320
vt 0.363525 0.667390
vt 0.285484 0.992161
vt 0.240500 0.666876
vt 0.185568 0.668090
vt 0.059403 0.992452
vt 0.004045 0.672485
vt 0.257882 0.991913
vt 0.382679 0.667486
vt 0.407123 0.992187
vt 0.523991 0.329950
vt 0.345880 0.005276
vt 0.572854 0.006252
vt 0.763848 0.009135
vt 0.637267 0.329869
vt 0.629140 0.008547
vt 0.629883 0.329083
vt 0.787027 0.007523
vt 0.786546 0.328791
vt 0.146462 0.505664
vt 0.180513 0.517290
vt 0.103558 0.629939
vt 0.464437 0.691580
vt 0.319955 0.516788
vt 0.180554 0.517316
vt 0.464481 0.691599
vt 0.323273 0.501606
vt 0.180553 0.517317
vt 0.488381 0.684289
vt 0.464419 0.691591
vt 0.180513 0.517291
vt 0.800008 0.327736
vt 0.658913 0.008992
vt 0.807748 0.005940
vt 0.809896 0.326728
vt 0.602630 0.006470
vt 0.809897 0.005651
vt 0.185566 0.668090
vt 0.105334 0.991980
vt 0.051629 0.669380
vt 0.541598 0.330112
vt 0.432324 0.004622
vt 0.180552 0.517315
vt 0.187882 0.642038
vt 0.146463 0.505662
vt 0.314166 0.531839
vt 0.180549 0.517369
vt 0.172005 0.480429
vt 0.020910 0.994545
vt 0.158528 0.667842
vt 0.232411 0.993624
vt 0.170090 0.668182
vt 0.065101 0.992658
vt 0.016595 0.671418
vt 0.285482 0.992161
vt 0.408428 0.667384
vt 0.406774 0.992242
vt 0.522656 0.731363
vt 0.531040 0.675047
vt 0.542729 0.720444
vt 0.146464 0.505663
vt 0.216640 0.634238
vt 0.023555 0.448450
vt 0.567921 0.737773
vt 0.570068 0.674152
vt 0.588447 0.744612
vt 0.089925 0.627008
vt 0.147544 0.501957
vt 0.179148 0.511714
vt 0.177227 0.515203
vt 0.159254 0.643699
vt 0.146463 0.505664
vt 0.528140 0.005271
vt 0.415497 0.329330
vt 0.372476 0.004803
vt 0.427617 0.329193
vt 0.365420 0.004937
vt 0.446143 0.991954
vt 0.296647 0.667299
vt 0.435669 0.667222
vt 0.180003 0.510977
vt 0.178204 0.479509
vt 0.240394 0.367342
vt 0.187490 0.668522
vt 0.058362 0.993042
vt 0.037468 0.670005
vt 0.400310 0.667378
vt 0.300989 0.992165
vt 0.257943 0.667084
vt 0.314166 0.531837
vt 0.177205 0.515191
vt 0.449925 0.683872
vt 0.313139 0.546693
vt 0.206247 0.648037
vt 0.180555 0.517320
vt 0.066106 0.389292
vt 0.172003 0.480428
vt 0.488376 0.684291
vt 0.464439 0.691568
vt 0.388333 0.992260
vt 0.270289 0.667186
vt 0.408426 0.667384
vt 0.070394 0.612257
vt 0.151136 0.348492
vt 0.653600 0.711162
vt 0.661159 0.673921
vt 0.670796 0.721109
vt 0.475107 0.004852
vt 0.428866 0.329401
vt 0.335456 0.005553
vt 0.208348 0.992335
vt 0.097354 0.668635
vt 0.232411 0.670154
vt 0.368938 0.992246
vt 0.263420 0.667149
vt 0.382680 0.667486
vt 0.080426 0.368777
vt 0.307386 0.544812
vt 0.174313 0.667945
vt 0.074413 0.992130
vt 0.026205 0.670873
vt 0.553238 0.330469
vt 0.353014 0.005140
vt 0.489168 0.004835
vt 0.373195 0.329613
vt 0.345882 0.005276
vt 0.785557 0.007181
vt 0.684228 0.330957
vt 0.623947 0.008140
vt 0.155130 0.478385
vt 0.155129 0.478385
vt 0.147779 0.510711
vt 0.010490 0.477455
vt 0.654332 0.711574
vt 0.601862 0.327459
vt 0.763848 0.009136
vt 0.749508 0.329974
vt 0.390385 0.667447
vt 0.270210 0.992008
vt 0.013183 0.671614
vt 0.173091 0.668389
vt 0.057869 0.993035
vt 0.024551 0.670741
vt 0.345109 0.329981
vt 0.534794 0.005445
vt 0.566222 0.330720
vt 0.235497 0.373388
vt 0.155130 0.478387
vt 0.031284 0.581463
vt 0.177227 0.515202
vt 0.206252 0.648037
vt 0.065391 0.390205
vt 0.146464 0.505665
vt 0.149194 0.991535
vt 0.066587 0.668942
vt 0.214185 0.669213
vt 0.351017 0.667431
vt 0.265554 0.991961
vt 0.732193 0.009626
vt 0.673112 0.330398
vt 0.599557 0.006112
vt 0.417703 0.992193
vt 0.314790 0.667337
vt 0.522658 0.731362
vt 0.531039 0.675047
vt 0.518376 0.005007
vt 0.377802 0.329481
vt 0.353788 0.005180
vt 0.518977 0.005019
vt 0.385702 0.329399
vt 0.360441 0.005040
vt 0.135568 0.991787
vt 0.019653 0.671158
vt 0.154114 0.667830
vt 0.285093 0.581306
vt 0.019083 0.491203
vt 0.250849 0.667015
vt 0.386484 0.992244
vt 0.255384 0.991913
vt 0.462643 0.687483
vt 0.702067 0.673871
vt 0.427215 0.680191
vt 0.719291 0.009403
vt 0.601859 0.327458
vt 0.160404 0.643560
vt 0.180555 0.517319
vt 0.313647 0.517134
vt 0.028288 0.535020
vt 0.147778 0.510710
vt 0.513498 0.329728
vt 0.375377 0.004828
vt 0.556698 0.005936
vt 0.059406 0.992452
vt 0.094458 0.668048
vt 0.610490 0.006909
vt 0.583758 0.690826
vt 0.569141 0.737672
vt 0.565029 0.667675
vt 0.030774 0.993752
vt 0.185571 0.668090
vt 0.262700 0.991969
vt 0.214717 0.348740
vt 0.054126 0.602603
vt 0.522655 0.731363
vt 0.531039 0.675047
vt 0.386488 0.992244
vt 0.261622 0.667096
vt 0.398132 0.667456
vt 0.133815 0.991783
vt 0.101059 0.668684
vt 0.180408 0.503856
vt 0.155130 0.478386
vt 0.292361 0.433452
vt 0.191595 0.653474
vt 0.531037 0.675047
vt 0.542728 0.720444
vt 0.585865 0.719753
vt 0.462644 0.687483
vt 0.495336 0.683427
vt 0.416938 0.004344
vt 0.031102 0.994006
vt 0.201475 0.668797
vt 0.174771 0.991428
vt 0.730209 0.008781
vt 0.601858 0.327458
vt 0.084854 0.618282
vt 0.146462 0.505663
vt 0.180511 0.517288
vt 0.066610 0.668971
vt 0.060331 0.992770
vt 0.074893 0.377167
vt 0.172004 0.480428
vt 0.146462 0.505662
vt 0.019440 0.557809
vt 0.348170 0.329900
vt 0.475573 0.004578
vt 0.158906 0.991772
vt 0.821847 0.325122
vt 0.617149 0.007511
vt 0.785065 0.007283
vt 0.496911 0.329602
vt 0.353759 0.005177
vt 0.294688 0.572582
vt 0.130540 0.646525
vt 0.180597 0.503320
vt 0.203524 0.642323
vt 0.172006 0.480429
vt 0.170454 0.350644
vt 0.022625 0.540043
vt 0.488377 0.684290
vt 0.464402 0.691577
vt 0.757233 0.330149
vt 0.687794 0.009402
vt 0.821847 0.004045
vt 0.618582 0.007936
vt 0.757234 0.330149
vt 0.609680 0.328080
vt 0.034358 0.994064
vt 0.807749 0.005940
vt 0.609679 0.328080
vt 0.602632 0.006471
vt 0.748656 0.008813
vt 0.028489 0.548759
vt 0.094640 0.363824
vt 0.134669 0.648056
vt 0.180556 0.517317
vt 0.307821 0.454200
vt 0.476603 0.004854
vt 0.416481 0.329319
vt 0.177255 0.482657
vt 0.171191 0.350543
vt 0.178090 0.479706
vt 0.171230 0.350617
vt 0.547616 0.005488
vt 0.357799 0.329730
vt 0.386460 0.004800
vt 0.188242 0.991925
vt 0.033855 0.670532
vt 0.415298 0.329294
vt 0.566220 0.330720
vt 0.812044 0.326440
vt 0.637304 0.008207
vt 0.793575 0.007366
vt 0.298169 0.992122
vt 0.263417 0.667149
vt 0.200351 0.016059
vt 0.190059 0.317153
vt 0.030767 0.231714
vt 0.040916 0.427652
vt 0.190349 0.648522
vt 0.201478 0.668797
vt 0.093242 0.992439
vt 0.588461 0.744636
vt 0.190407 0.648621
vt 0.041858 0.426490
vt 0.488375 0.684290
vt 0.464378 0.691596
vt 0.534793 0.005445
vt 0.422181 0.667318
vt 0.346750 0.992202
vt 0.272944 0.667165
vt 0.548804 0.330334
vt 0.406301 0.004516
vt 0.618724 0.329027
vt 0.732217 0.009601
vt 0.753182 0.330230
vt 0.216640 0.634237
vt 0.032179 0.436677
vt 0.147776 0.510711
vt 0.661160 0.673922
vt 0.390387 0.667447
vt 0.317293 0.992255
vt 0.263418 0.667149
vt 0.547620 0.005488
vt 0.298172 0.992122
vt 0.413708 0.667348
vt 0.300564 0.992226
vt 0.261623 0.667096
vt 0.570067 0.674151
vt 0.588462 0.744636
vt 0.488376 0.684291
vt 0.464416 0.691591
vt 0.160087 0.991781
vt 0.045867 0.670102
vt 0.209134 0.668953
vt 0.654330 0.711573
vt 0.674044 0.722855
vt 0.570065 0.674150
vt 0.247021 0.296021
vt 0.243334 0.029879
vt 0.321640 0.154832
vt 0.316643 0.125192
vt 0.016060 0.131059
vt 0.169734 0.019379
vt 0.300644 0.099697
vt 0.014210 0.191619
vt 0.114131 0.028564
vt 0.029877 0.088077
vt 0.313908 0.109256
vt 0.165755 0.323993
vt 0.176620 0.321770
vt 0.170542 0.019266
vt 0.306904 0.185132
vt 0.321770 0.154789
vt 0.216912 0.303042
vt 0.028625 0.208654
vt 0.272672 0.065577
vt 0.176621 0.321770
vt 0.020991 0.100834
vt 0.309379 0.111373
vt 0.242670 0.290423
vt 0.154791 0.009641
vt 0.249906 0.293127
vt 0.023113 0.131240
vt 0.295557 0.241230
vt 0.010753 0.145373
vt 0.127923 0.020170
vt 0.032577 0.104082
vt 0.325785 0.153924
vt 0.244545 0.289546
vt 0.227330 0.032577
vt 0.177487 0.325785
vt 0.041866 0.244546
vt 0.185447 0.010510
vt 0.232764 0.300299
vt 0.032386 0.104801
vt 0.301384 0.223170
vt 0.033033 0.103879
vt 0.227408 0.032654
vt 0.303418 0.115144
vt 0.116965 0.307798
vt 0.170264 0.007182
vt 0.141352 0.014258
vt 0.016837 0.145624
vt 0.014899 0.206087
vt 0.290906 0.089656
vt 0.145623 0.314575
vt 0.272674 0.065577
vt 0.145626 0.314575
vt 0.015790 0.176178
vt 0.308179 0.424910
vt 0.208345 0.992335
vt 0.051183 0.669422
vt 0.201476 0.668797
vt 0.122815 0.668326
vt 0.046936 0.993131
vt 0.485292 0.684673
vt 0.588464 0.719539
vt 0.463012 0.738831
vt 0.644117 0.009250
vt 0.793296 0.328130
vt 0.633441 0.329343
vt 0.585889 0.719757
vt 0.462648 0.687483
vt 0.495335 0.683427
vt 0.629885 0.329083
vt 0.800656 0.006500
vt 0.795074 0.328004
vt 0.214716 0.348740
vt 0.314701 0.487706
vt 0.180587 0.503289
vt 0.702881 0.010061
vt 0.585888 0.719757
vt 0.300641 0.099694
vt 0.014258 0.190059
vt 0.115144 0.027994
vt 0.606440 0.327756
vt 0.672943 0.010539
vt 0.177225 0.515204
vt 0.081232 0.617389
vt 0.180384 0.503919
vt 0.298265 0.557565
vt 0.093455 0.620168
vt 0.016279 0.462403
vt 0.140041 0.345622
vt 0.485289 0.684674
vt 0.588460 0.719540
vt 0.799871 0.327708
vt 0.602634 0.006471
vt 0.315710 0.456538
vt 0.255552 0.617076
vt 0.180607 0.503344
vt 0.243336 0.029879
vt 0.247022 0.296021
vt 0.052200 0.251375
vt 0.094949 0.620855
vt 0.035757 0.421660
vt 0.262800 0.991936
vt 0.263541 0.667145
vt 0.053988 0.602884
vt 0.045352 0.412936
vt 0.259677 0.667076
vt 0.346749 0.992202
vt 0.422183 0.667318
vt 0.431166 0.004619
vt 0.572853 0.006252
vt 0.607183 0.328080
vt 0.812045 0.326440
vt 0.019083 0.491204
vt 0.171192 0.350544
vt 0.255576 0.041398
vt 0.095343 0.289577
vt 0.058138 0.072234
vt 0.489846 0.684108
vt 0.588424 0.719564
vt 0.463012 0.738828
vt 0.240500 0.991713
vt 0.371549 0.992237
vt 0.180400 0.503881
vt 0.268190 0.602056
vt 0.569020 0.330836
vt 0.345107 0.329981
vt 0.462660 0.004626
vt 0.044994 0.992995
vt 0.170242 0.667851
vt 0.198779 0.992319
vt 0.004045 0.995955
vt 0.095068 0.668025
vt 0.239714 0.027752
vt 0.206854 0.316644
vt 0.066719 0.057836
vt 0.484548 0.329630
vt 0.387483 0.004644
vt 0.534074 0.005219
vt 0.313140 0.546693
vt 0.180554 0.517319
vt 0.391741 0.992219
vt 0.408425 0.667384
vt 0.618675 0.328981
vt 0.764525 0.329663
vt 0.576299 0.331098
vt 0.416254 0.004567
vt 0.560851 0.005830
vt 0.489847 0.684108
vt 0.588474 0.719545
vt 0.463011 0.738831
vt 0.185787 0.016837
vt 0.306649 0.185387
vt 0.488376 0.684290
vt 0.464433 0.691606
vt 0.111053 0.353475
vt 0.318089 0.502256
vt 0.277308 0.667254
vt 0.423862 0.992144
vt 0.583760 0.690827
vt 0.569135 0.737666
vt 0.565030 0.667675
vt 0.126921 0.351920
vt 0.361799 0.992262
vt 0.296135 0.667364
vt 0.414116 0.667391
vt 0.210373 0.992605
vt 0.800007 0.327736
vt 0.635957 0.008608
vt 0.791045 0.007201
vt 0.180343 0.504022
vt 0.185563 0.342334
vt 0.285173 0.074639
vt 0.014768 0.206221
vt 0.088274 0.041404
vt 0.780743 0.329028
vt 0.615230 0.007637
vt 0.085352 0.668702
vt 0.106784 0.991968
vt 0.208347 0.992335
vt 0.489846 0.684108
vt 0.585935 0.719746
vt 0.463010 0.738831
vt 0.244548 0.289544
vt 0.099697 0.030767
vt 0.289546 0.086866
vt 0.380572 0.004749
vt 0.556699 0.005936
vt 0.300562 0.992226
vt 0.421336 0.992171
vt 0.160873 0.312145
vt 0.312145 0.170541
vt 0.320658 0.186038
vt 0.035854 0.090182
vt 0.226210 0.032263
vt 0.742634 0.008935
vt 0.643556 0.329465
vt 0.719290 0.009403
vt 0.812043 0.326440
vt 0.317201 0.139795
vt 0.023116 0.117948
vt 0.184724 0.016538
vt 0.180587 0.503290
vt 0.338661 0.667362
vt 0.434821 0.992067
vt 0.298170 0.992122
vt 0.109768 0.668820
vt 0.210372 0.992605
vt 0.060183 0.992449
vt 0.562618 0.730023
vt 0.568803 0.672335
vt 0.582279 0.730681
vt 0.379084 0.329515
vt 0.668364 0.330340
vt 0.728777 0.008960
vt 0.813035 0.326307
vt 0.041949 0.592587
vt 0.583759 0.690827
vt 0.111415 0.668813
vt 0.191177 0.991971
vt 0.044990 0.992995
vt 0.109031 0.668105
vt 0.135464 0.991783
vt 0.473304 0.004849
vt 0.335456 0.330238
vt 0.314603 0.179546
vt 0.014767 0.206218
vt 0.089656 0.040505
vt 0.041866 0.244545
vt 0.325785 0.153926
vt 0.076212 0.622157
vt 0.043004 0.425099
vt 0.147477 0.499463
vt 0.406770 0.992242
vt 0.763849 0.009136
vt 0.812040 0.326440
vt 0.392052 0.329292
vt 0.300565 0.992226
vt 0.539175 0.722149
vt 0.522370 0.731451
vt 0.530526 0.674985
vt 0.522371 0.731450
vt 0.530524 0.674986
vt 0.354935 0.005095
vt 0.124191 0.346207
vt 0.569808 0.673837
vt 0.588157 0.744290
vt 0.569437 0.738103
vt 0.155131 0.478385
vt 0.539173 0.722149
vt 0.530695 0.675004
vt 0.213424 0.992746
vt 0.569019 0.672606
vt 0.588557 0.744871
vt 0.567789 0.737567
vt 0.263416 0.667149
vt 0.539172 0.722150
vt 0.522370 0.731450
vt 0.530698 0.675007
vt 0.352952 0.329840
vt 0.790898 0.328343
vt 0.632045 0.008442
vt 0.007173 0.492635
vt 0.112758 0.360289
vt 0.288798 0.401874
vt 0.488380 0.684290
vt 0.488376 0.684291
vt 0.592256 0.326338
vt 0.530526 0.674985
vt 0.379086 0.329515
vt 0.190403 0.648621
vt 0.539176 0.722148
vt 0.522374 0.731448
vt 0.530694 0.675005
vt 0.022534 0.670939
vt 0.214095 0.992643
vt 0.258698 0.667065
vt 0.212400 0.362699
vt 0.539179 0.722147
vt 0.522373 0.731449
vt 0.530526 0.674984
vt 0.314690 0.486578
vt 0.249249 0.631421
vt 0.311362 0.503038
vt 0.573184 0.331009
vt 0.255388 0.991913
vt 0.319953 0.516791
vt 0.522372 0.731449
vt 0.530524 0.674982
vt 0.208407 0.992363
vt 0.434830 0.992067
vt 0.488375 0.684291
vt 0.464407 0.691578
vt 0.249212 0.376853
vt 0.025634 0.566995
vt 0.530691 0.675004
vt 0.304811 0.427247
vt 0.539177 0.722148
vt 0.522369 0.731451
vt 0.530524 0.674984
vt 0.576303 0.331098
vt 0.038084 0.560790
vt 0.214094 0.992643
vt 0.541236 0.330088
vt 0.812050 0.326439
vt 0.170041 0.350683
vt 0.485648 0.737907
vt 0.468780 0.725666
vt 0.488761 0.684242
vt 0.095622 0.357150
vt 0.272778 0.397658
vt 0.266403 0.603152
vt 0.180379 0.503887
vt 0.076687 0.622607
vt 0.530696 0.675004
vt 0.406767 0.992242
vt 0.530693 0.675003
vt 0.311289 0.503079
vt 0.017464 0.553643
vt 0.264332 0.384454
vt 0.294687 0.572583
vt 0.530525 0.674984
vt 0.017180 0.994703
vt 0.406769 0.992242
vt 0.296580 0.992203
vt 0.180386 0.503914
vt 0.541624 0.330106
vt 0.548112 0.330304
vt 0.175867 0.481433
vt 0.378791 0.667423
vt 0.530693 0.675004
vt 0.749507 0.329974
vt 0.357801 0.329730
vt 0.201330 0.992187
vt 0.588257 0.744419
vt 0.051541 0.669414
vt 0.398546 0.992251
vt 0.216642 0.634237
vt 0.463007 0.738835
vt 0.567146 0.330840
vt 0.495335 0.721298
vt 0.473583 0.740411
vt 0.486486 0.684525
vt 0.752680 0.329651
vt 0.316283 0.471791
vt 0.264058 0.618239
vt 0.214190 0.669214
vt 0.014735 0.537704
vt 0.180758 0.341343
vt 0.530696 0.675006
vt 0.348170 0.005215
vt 0.017183 0.994703
vt 0.488381 0.684289
vt 0.464401 0.691577
vt 0.539178 0.722147
vt 0.530521 0.674982
vt 0.302291 0.459549
vt 0.530696 0.675005
vt 0.530693 0.675003
vt 0.812777 0.005264
vt 0.522373 0.731448
vt 0.530694 0.675004
vt 0.770800 0.329240
vt 0.539173 0.722150
vt 0.530695 0.675005
vt 0.016431 0.461733
vt 0.539174 0.722149
vt 0.530524 0.674984
vt 0.570508 0.330898
vt 0.044996 0.992995
vt 0.343888 0.005329
vt 0.434817 0.992067
vt 0.312144 0.170542
vt 0.249213 0.376854
vt 0.172006 0.480428
vt 0.564631 0.667532
vt 0.530912 0.675033
vt 0.530522 0.674983
vt 0.240520 0.367235
vt 0.175861 0.481432
vt 0.569020 0.672603
vt 0.588563 0.744883
vt 0.567786 0.737563
vt 0.530522 0.674983
vt 0.434825 0.992067
vt 0.395941 0.004663
vt 0.434823 0.992067
vt 0.421245 0.992167
vt 0.530520 0.674982
vt 0.017185 0.994702
vt 0.065577 0.058738
vt 0.104082 0.298835
vt 0.131060 0.315352
vt 0.185788 0.016836
vt 0.020993 0.100828
vt 0.200171 0.023111
vt 0.156404 0.015864
vt 0.302277 0.110400
vt 0.105201 0.299148
vt 0.227329 0.032576
vt 0.298835 0.227329
vt 0.310666 0.126490
vt 0.108903 0.299789
vt 0.090183 0.295558
vt 0.031345 0.117985
vt 0.089765 0.040482
vt 0.436504 0.685796
vt 0.194031 0.991877
vt 0.778661 0.008412
vt 0.192740 0.641843
vt 0.569018 0.672605
vt 0.588555 0.744870
vt 0.145595 0.314482
vt 0.793281 0.007354
vt 0.770748 0.329241
vt 0.569017 0.672603
vt 0.588565 0.744884
vt 0.567787 0.737564
vt 0.607180 0.328079
vt 0.570789 0.674792
vt 0.588282 0.744459
vt 0.321770 0.154791
vt 0.588459 0.719545
vt 0.489846 0.684108
vt 0.235383 0.373296
vt 0.412259 0.992208
vt 0.588418 0.719555
vt 0.485292 0.684673
vt 0.613420 0.007173
vt 0.298834 0.227328
vt 0.506781 0.329810
vt 0.226887 0.364304
vt 0.569020 0.672606
vt 0.588542 0.744855
vt 0.585957 0.719746
vt 0.031059 0.670455
vt 0.568176 0.671563
vt 0.588229 0.744375
vt 0.569144 0.737677
vt 0.222288 0.669538
vt 0.314245 0.180847
vt 0.569016 0.672604
vt 0.588553 0.744870
vt 0.488375 0.684291
vt 0.464422 0.691597
vt 0.610518 0.006897
vt 0.569018 0.672603
vt 0.588563 0.744884
vt 0.567788 0.737564
vt 0.569016 0.672604
vt 0.588549 0.744868
vt 0.567788 0.737567
vt 0.024868 0.146020
vt 0.203526 0.642322
vt 0.180599 0.503317
vt 0.419383 0.667303
vt 0.588283 0.744460
vt 0.028154 0.534693
vt 0.033854 0.670532
vt 0.310010 0.458637
vt 0.569015 0.672604
vt 0.120271 0.314729
vt 0.628410 0.329453
vt 0.569021 0.672605
vt 0.530525 0.674986
vt 0.219073 0.669342
vt 0.568175 0.671564
vt 0.588260 0.744421
vt 0.569139 0.737672
vt 0.038383 0.229610
vt 0.272942 0.667165
vt 0.024337 0.148101
vt 0.203488 0.311241
vt 0.588415 0.719556
vt 0.485287 0.684674
vt 0.570790 0.674792
vt 0.588281 0.744459
vt 0.570786 0.674791
vt 0.588283 0.744459
vt 0.643197 0.329472
vt 0.217278 0.302849
vt 0.568177 0.671564
vt 0.569017 0.672604
vt 0.567788 0.737566
vt 0.568175 0.671564
vt 0.588231 0.744376
vt 0.569143 0.737677
vt 0.560585 0.330706
vt 0.463014 0.738828
vt 0.489846 0.684108
vt 0.568174 0.671562
vt 0.138850 0.340769
vt 0.588286 0.744461
vt 0.568175 0.671563
vt 0.569138 0.737671
vt 0.570787 0.674791
vt 0.588551 0.744869
vt 0.567785 0.737563
vt 0.569503 0.330926
vt 0.161676 0.312033
vt 0.227330 0.032576
vt 0.285483 0.992161
s 1
f 3309/3935/3010 3313/3936/3011 3314/3937/3012
f 3200/3938/3013 3198/3939/3014 3203/3940/3015
f 3415/3941/3016 3423/3942/3017 3417/3943/3018
f 3379/3944/3019 3387/3945/3020 3384/3938/3021
f 3296/3946/3022 3301/3947/3023 3302/3948/3024
f 3162/3949/3025 3155/3950/3026 3161/3951/3027
f 3308/3952/3028 3316/3953/3029 3310/3954/3030
f 3096/3955/3031 3101/3956/3032 3094/3957/3033
f 3185/3958/3034 3186/3959/3035 3181/3960/3036
f 3422/3961/3037 3420/3962/3038 3416/3963/3039
f 3333/3964/3040 3343/3953/3041 3335/3954/3042
f 3423/3965/3043 3418/3966/3044 3424/3967/3043
f 3179/3968/3045 3169/3963/3046 3175/3969/3047
f 3473/3970/3048 3472/3971/3049 3465/3972/3050
f 3436/3973/3051 3430/3974/3052 3437/3975/3053
f 3412/3976/3054 3405/3977/3055 3411/3978/3056
f 3187/3979/3057 3181/3980/3036 3186/3981/3035
f 3119/3982/3058 3126/3983/3059 3121/3984/3060
f 3356/3985/3061 3363/3986/3062 3360/3987/3063
f 3461/3988/3064 3454/3989/3065 3460/3990/3066
f 3348/3991/3067 3354/3992/3068 3349/3993/3069
f 3330/3994/3070 3329/3995/3071 3324/3996/3072
f 3146/3997/3073 3150/3998/3074 3153/3999/3075
f 3184/4000/3076 3188/4001/3077 3191/4002/3078
f 3140/4003/3079 3133/4004/3080 3141/4005/3081
f 3443/4006/3082 3447/4007/3083 3448/4008/3084
f 3147/4009/3085 3150/4010/3086 3151/4011/3087
f 3288/4012/3088 3281/4013/3089 3287/4014/3090
f 3130/4015/3091 3139/4016/3092 3135/3987/3093
f 3278/4017/3094 3275/4018/3095 3279/4019/3096
f 3113/4020/3097 3116/4021/3098 3109/4022/3099
f 3356/4023/3061 3361/4024/3100 3357/4025/3101
f 3263/4026/3102 3256/4027/3103 3262/4028/3104
f 3269/4029/3105 3276/4030/3106 3270/4031/3107
f 3467/4032/3108 3472/4033/3049 3473/4034/3048
f 3192/4035/3109 3187/4036/3110 3186/4037/3111
f 3378/4038/3112 3377/4039/3113 3368/4040/3114
f 3458/4041/3115 3451/4042/3116 3453/4043/3117
f 3333/4044/3040 3338/4045/3118 3342/4046/3119
f 3212/4047/3120 3211/4048/3121 3215/4049/3122
f 3422/4047/3123 3421/4050/3124 3425/4051/3125
f 3209/4052/3126 3213/4053/3127 3214/4054/3128
f 3241/4055/3129 3233/4056/3130 3239/4057/3131
f 3101/4058/3132 3093/4059/3133 3100/4060/3134
f 3264/4061/3135 3257/4062/3136 3263/4063/3102
f 3375/4064/3137 3368/4065/3114 3371/4066/3138
f 3250/4067/3139 3249/4068/3140 3254/4069/3141
f 3273/4070/3142 3271/4071/3143 3279/4019/3096
f 3277/4072/3144 3271/4073/3143 3278/4017/3094
f 3419/4074/3145 3423/4075/3017 3424/4076/3146
f 3193/3957/3147 3200/4077/3148 3203/4078/3149
f 3453/4079/3117 3462/4080/3150 3455/4081/3151
f 3373/4082/3152 3372/4083/3153 3376/4084/3154
f 3464/4085/3155 3469/4086/3156 3470/4087/3157
f 3245/4088/3158 3249/4089/3159 3250/4090/3160
f 3435/4091/3161 3434/4092/3162 3430/4022/3052
f 3163/4093/3163 3155/4094/3026 3162/4095/3025
f 3439/4096/3164 3448/4097/3084 3445/3938/3165
f 3351/4098/3166 3349/4099/3069 3354/4100/3068
f 3215/4101/3122 3209/4102/3126 3214/4103/3128
f 3212/3961/3167 3210/4104/3168 3206/3957/3169
f 3298/4105/3170 3293/4106/3171 3299/4107/3172
f 3368/4108/3114 3377/3953/3113 3371/3954/3138
f 3466/4109/3173 3471/4110/3174 3468/4111/3175
f 3113/4112/3176 3107/4113/3177 3112/4089/3178
f 3207/3943/3179 3212/4114/3120 3213/3942/3127
f 3338/4115/3180 3331/4116/3181 3337/4117/3182
f 3336/4118/3183 3337/4119/3182 3331/4120/3181
f 3103/4121/3184 3098/4122/3185 3100/4123/3186
f 3120/4124/3187 3125/4125/3188 3129/4046/3189
f 3139/4126/3190 3133/4022/3080 3142/4127/3191
f 3244/4128/3192 3248/4129/3193 3249/4130/3159
f 3325/4131/3194 3319/4132/3195 3324/3978/3196
f 3376/4133/3154 3370/4134/3197 3375/4135/3198
f 3197/4136/3199 3201/4137/3200 3202/3948/3201
f 3122/4138/3202 3128/4139/3203 3129/4034/3189
f 3457/4140/3204 3456/4141/3205 3461/4142/3064
f 3088/4143/3206 3087/4144/3207 3091/4145/3208
f 3131/4146/3209 3135/4147/3093 3136/4148/3210
f 3317/4046/3211 3313/4149/3212 3312/4150/3213
f 3433/4151/3214 3429/4152/3215 3428/4153/3216
f 3343/4154/3041 3342/4155/3119 3335/4156/3042
f 3251/4157/3217 3245/4158/3158 3250/3936/3160
f 3263/4159/3218 3266/4160/3219 3264/4161/3220
f 3287/4162/3221 3286/3962/3222 3280/4163/3223
f 3106/4164/3224 3114/4165/3225 3111/4166/3226
f 3230/4167/3227 3235/3981/3228 3236/4168/3229
f 3336/4111/3183 3339/4169/3230 3340/4110/3231
f 3305/4170/3232 3293/4171/3171 3304/4172/3233
f 3439/4173/3164 3446/4174/3234 3442/4025/3235
f 3226/4131/3236 3219/4175/3237 3225/3978/3238
f 3127/4176/3239 3129/4046/3189 3124/4177/3240
f 3310/4178/3030 3316/4179/3029 3317/4034/3211
f 3085/4180/3241 3089/4181/3242 3090/4182/3243
f 3380/4183/3244 3384/4184/3021 3385/4087/3245
f 3441/4185/3246 3444/4186/3247 3447/4187/3248
f 3437/3975/3053 3433/4188/3249 3438/3994/3250
f 3371/4138/3138 3377/4189/3113 3378/4190/3112
f 3298/4191/3170 3305/4192/3232 3304/4193/3233
f 3174/3951/3251 3178/4084/3252 3179/4194/3253
f 3391/4195/3254 3396/4196/3255 3392/4197/3256
f 3227/4198/3257 3221/4199/3258 3226/3936/3236
f 3384/4200/3259 3390/4201/3260 3389/4202/3261
f 3124/4203/3262 3119/4085/3058 3118/4204/3263
f 3261/4205/3264 3259/4071/3265 3267/4019/3266
f 3358/4206/3267 3366/4207/3268 3360/4208/3269
f 3222/4209/3270 3224/4210/3271 3218/3960/3272
f 3083/4211/3273 3088/3981/3206 3089/4012/3242
f 3383/4212/3274 3386/4213/3275 3387/4214/3020
f 3463/4215/3276 3471/4216/3174 3469/3938/3156
f 3144/4029/3277 3150/4030/3086 3145/4031/3278
f 3325/4217/3279 3324/3996/3072 3329/3995/3071
f 3141/4005/3081 3136/4218/3280 3142/4127/3191
f 3082/3957/3281 3084/4219/3282 3089/4220/3283
f 3382/4221/3284 3390/4201/3260 3387/4222/3285
f 3166/3968/3286 3156/4106/3287 3162/4223/3288
f 3388/4224/3289 3382/4225/3284 3389/4202/3261
f 3297/4226/3290 3302/4227/3024 3303/4228/3291
f 3289/4229/3292 3285/4230/3293 3284/4231/3294
f 3352/3979/3295 3344/4232/3296 3351/3981/3166
f 3425/4233/3125 3419/4234/3145 3424/4235/3146
f 3189/4236/3297 3183/4231/3298 3188/4010/3299
f 3148/4237/3300 3151/4238/3301 3154/4019/3302
f 3361/4239/3303 3365/4240/3304 3362/4241/3305
f 3399/4242/3306 3395/4243/3307 3398/4084/3308
f 3467/4244/3108 3473/4046/3048 3471/4245/3309
f 3455/4246/3151 3451/4042/3116 3461/4247/3310
f 3323/4248/3311 3322/4249/3312 3327/4250/3313
f 3170/4251/3314 3175/4252/3315 3176/4012/3316
f 3099/4253/3317 3100/3938/3134 3093/4254/3133
f 3087/4255/3207 3090/4256/3243 3091/4257/3208
f 3339/4090/3230 3332/4258/3318 3338/4259/3180
f 3107/4260/3319 3110/4261/3319 3106/4262/3319
f 3399/4263/3320 3402/4046/3321 3396/4264/3322
f 3374/4265/3323 3367/4266/3324 3373/3981/3152
f 3342/3970/3119 3343/4170/3041 3333/4267/3040
f 3378/4019/3112 3374/4268/3325 3373/4269/3326
f 3115/4270/3327 3109/4271/3099 3116/4021/3098
f 3306/4215/3328 3315/4216/3329 3312/4272/3330
f 3447/4273/3083 3442/4274/3235 3446/4275/3234
f 3427/4276/3331 3435/4277/3332 3432/4248/3333
f 3232/4278/3334 3239/4279/3335 3234/4280/3336
f 3352/4281/3337 3351/4282/3338 3345/4283/3339
f 3465/3964/3050 3472/4284/3049 3467/3954/3108
f 3375/4285/3198 3369/4286/3340 3374/4287/3323
f 3147/3958/3085 3148/4288/3341 3143/3960/3342
f 3102/3983/3343 3095/4289/3344 3101/4089/3132
f 3289/4290/3292 3283/4291/3345 3288/4292/3088
f 3129/3970/3189 3128/4293/3203 3120/4294/3187
f 3364/4295/3346 3358/4296/3267 3365/4240/3304
f 3172/4180/3347 3176/4181/3316 3177/4182/3348
f 3428/4297/3216 3432/4298/3333 3433/4299/3214
f 3120/4300/3187 3128/4080/3203 3122/4301/3202
f 3317/3970/3211 3316/4302/3029 3308/4267/3028
f 3285/4303/3319 3283/4304/3319 3284/4305/3319
f 3393/4306/3319 3391/4307/3319 3392/4308/3319
f 3085/4309/3319 3081/4310/3319 3083/4311/3319
f 3143/4312/3319 3145/4313/3319 3147/4314/3319
f 3272/4315/3319 3269/4316/3319 3270/4317/3319
f 3181/4312/3319 3183/4318/3319 3185/4319/3319
f 3356/4320/3319 3357/4321/3319 3359/4322/3319
f 3218/4323/3319 3221/4324/3319 3222/4325/3319
f 3231/4326/3319 3234/4327/3319 3230/4328/3319
f 3209/4329/3319 3205/4330/3319 3207/4331/3319
f 3331/4332/3319 3334/4333/3319 3336/4334/3319
f 3307/4335/3319 3311/4336/3319 3306/4337/3319
f 3119/4338/3319 3123/4339/3319 3118/4340/3319
f 3097/4341/3319 3093/4342/3319 3095/4343/3319
f 3419/4344/3319 3415/4330/3319 3417/4331/3319
f 3161/4345/3319 3157/4346/3319 3159/4309/3319
f 3170/4347/3319 3174/4345/3319 3168/4348/3319
f 3130/4349/3319 3132/4350/3319 3134/4351/3319
f 3442/4352/3319 3443/4353/3319 3439/4354/3319
f 3308/4044/3028 3314/4355/3349 3313/4149/3212
f 3107/4356/3177 3111/4357/3226 3112/4358/3178
f 3324/4359/3196 3318/4360/3350 3323/3981/3311
f 3204/4361/3351 3199/4362/3352 3195/4363/3353
f 3202/4364/3201 3198/4365/3014 3197/4366/3199
f 3098/4367/3185 3105/4368/3354 3104/4369/3355
f 3108/4370/3356 3114/4371/3225 3110/4372/3357
f 3165/4373/3358 3164/4374/3358 3158/4375/3359
f 3132/4199/3360 3137/3936/3361 3138/4376/3362
f 3223/4377/3363 3229/4368/3364 3228/4369/3365
f 3429/4378/3319 3427/4379/3319 3428/4380/3319
f 3320/4381/3366 3325/3936/3194 3326/4382/3367
f 3465/4383/3050 3470/4149/3368 3469/4384/3369
f 3406/4385/3370 3412/4386/3371 3411/4387/3372
f 3086/4186/3373 3088/4388/3374 3091/4389/3375
f 3414/4390/3376 3409/4391/3377 3406/4363/3370
f 3431/4392/3378 3434/4393/3379 3435/4228/3332
f 3214/4394/3380 3213/4395/3380 3208/4396/3381
f 3295/4397/3319 3297/4398/3319 3292/4399/3319
f 3217/3957/3382 3225/4400/3383 3224/4401/3384
f 3397/3983/3385 3392/4402/3256 3396/4403/3255
f 3248/4404/3386 3252/4405/3386 3255/3994/3387
f 3159/4180/3388 3163/4406/3163 3164/4182/3389
f 3357/4407/3101 3361/3978/3100 3362/4408/3390
f 3268/3960/3391 3273/4409/3392 3274/4410/3393
f 3159/4411/3388 3165/3988/3394 3161/4412/3027
f 3342/4046/3119 3337/4413/3395 3340/4414/3395
f 3369/4415/3319 3372/4416/3319 3367/4417/3319
f 3092/4418/3396 3086/4419/3373 3084/4420/3282
f 3131/4421/3209 3137/4131/3361 3132/4422/3360
f 3195/4423/3353 3201/4424/3397 3200/4077/3148
f 3118/4425/3263 3127/4084/3398 3124/3938/3262
f 3247/4426/3399 3251/4084/3217 3252/4427/3400
f 3404/3957/3401 3411/4387/3372 3410/4401/3402
f 3268/4428/3391 3275/4429/3403 3269/4430/3105
f 3292/4431/3404 3299/3981/3405 3300/4432/3406
f 3196/4433/3319 3198/4434/3319 3194/4435/3319
f 3292/4436/3404 3303/4437/3291 3299/4438/3405
f 3397/4439/3407 3396/4264/3322 3401/4440/3408
f 3232/4441/3334 3237/4075/3409 3238/4442/3410
f 3121/4443/3060 3127/4110/3398 3123/4444/3411
f 3256/4445/3103 3261/4446/3412 3262/4447/3104
f 3291/4448/3413 3286/4449/3222 3282/4450/3414
f 3408/4353/3319 3405/4451/3319 3407/4452/3319
f 3265/4453/3415 3259/4454/3265 3266/4160/3219
f 3286/3962/3222 3290/4455/3416 3289/4456/3417
f 3459/4457/3418 3454/4458/3065 3452/4421/3419
f 3105/4459/3354 3094/4460/3033 3104/4461/3355
f 3114/4462/3420 3109/4022/3099 3117/4046/3421
f 3381/4463/3422 3385/4464/3245 3386/4465/3275
f 3143/3980/3342 3149/3979/3423 3144/4466/3277
f 3359/4467/3424 3362/4468/3390 3363/4469/3062
f 3347/4470/3425 3350/3962/3426 3354/4471/3427
f 3381/4472/3319 3379/4473/3319 3380/4474/3319
f 3260/4475/3428 3264/4476/3135 3261/4228/3412
f 3200/4477/3013 3196/4025/3429 3194/4478/3430
f 3307/4479/3431 3312/4117/3330 3313/4087/3011
f 3180/4480/3432 3173/4481/3433 3171/4482/3434
f 3247/4483/3319 3244/4484/3319 3245/4485/3319
f 3281/3960/3089 3290/4486/3435 3287/4487/3090
f 3182/4488/3436 3188/4408/3299 3183/4489/3298
f 3349/4490/3319 3346/4451/3319 3348/4491/3319
f 3172/4411/3347 3178/4110/3252 3174/4412/3251
f 3258/4492/3319 3256/4493/3319 3257/4494/3319
f 3413/4495/3437 3407/4496/3438 3412/4010/3054
f 3393/4109/3439 3398/4497/3308 3395/4498/3307
f 3272/4467/3440 3276/4010/3106 3273/4228/3392
f 3320/4499/3319 3318/4500/3319 3319/4501/3319
f 3178/4176/3441 3177/4374/3441 3171/4502/3434
f 3313/4503/3011 3309/4504/3010 3307/4505/3431
f 3411/4506/3056 3405/4507/3055 3403/4508/3442
f 3242/4509/3443 3240/4510/3444 3241/4511/3129
f 3408/4512/3445 3413/4100/3437 3410/4210/3446
f 3097/4513/3447 3103/4514/3448 3099/4515/3317
f 3444/4186/3247 3440/4283/3449 3445/4516/3450
f 3229/4517/3364 3217/4460/3382 3228/4172/3365
f 3225/4518/3238 3219/4519/3237 3218/4520/3272
f 3458/4521/3451 3459/4087/3418 3452/4522/3419
f 3470/4503/3157 3466/4504/3173 3464/4505/3155
f 3235/4523/3228 3234/4524/3336 3239/4084/3335
f 3454/4525/3319 3450/4526/3319 3452/4527/3319
f 3463/4528/3319 3466/4529/3319 3468/4334/3319
f 3236/4530/3452 3235/4531/3453 3242/4532/3443
f 3348/4533/3067 3352/4275/3295 3353/4273/3454
f 3314/3937/3012 3315/4534/3329 3309/3935/3010
f 3315/4534/3329 3311/4535/3455 3309/3935/3010
f 3200/3938/3013 3194/3960/3430 3198/3939/3014
f 3415/3941/3016 3422/4114/3123 3423/3942/3017
f 3379/3944/3019 3383/4536/3274 3387/3945/3020
f 3296/3946/3022 3295/4537/3456 3301/3947/3023
f 3404/4538/3401 3409/4539/3377 3414/4540/3376
f 3165/4084/3394 3166/4194/3457 3161/3951/3027
f 3166/4194/3457 3162/3949/3025 3161/3951/3027
f 3345/4538/3339 3350/4541/3426 3355/4542/3458
f 3096/3955/3031 3102/4067/3459 3101/3956/3032
f 3185/3958/3034 3189/4543/3297 3186/3959/3035
f 3422/3961/3037 3425/4544/3460 3420/3962/3038
f 3462/4545/3150 3453/4546/3117 3451/4547/3116
f 3423/3965/3043 3422/3961/3037 3416/3963/3039
f 3418/3966/3044 3420/3962/3038 3424/3967/3043
f 3420/3962/3038 3425/4544/3460 3424/3967/3043
f 3423/3965/3043 3416/3963/3039 3418/3966/3044
f 3179/3968/3045 3173/4548/3433 3169/3963/3046
f 3267/4549/3266 3259/4541/3265 3265/4550/3415
f 3412/3976/3054 3407/4533/3438 3405/3977/3055
f 3187/3979/3057 3182/4551/3436 3181/3980/3036
f 3400/4552/3461 3401/4553/3408 3402/4554/3321
f 3119/3982/3058 3125/4555/3462 3126/3983/3059
f 3154/4556/3302 3146/4557/3073 3152/4558/3463
f 3356/3985/3061 3359/4559/3424 3363/3986/3062
f 3461/3988/3064 3456/4560/3205 3454/3989/3065
f 3348/3991/3067 3353/4561/3454 3354/3992/3068
f 3324/3996/3072 3323/4562/3464 3330/3994/3070
f 3323/4562/3464 3327/4563/3465 3321/4221/3466
f 3330/3994/3070 3323/4562/3464 3321/4221/3466
f 3327/4563/3465 3326/4564/3467 3321/4221/3466
f 3153/3999/3075 3152/4565/3463 3146/3997/3073
f 3150/3998/3074 3149/4220/3468 3153/3999/3075
f 3191/4002/3078 3190/4566/3469 3184/4000/3076
f 3188/4001/3077 3187/4036/3110 3191/4002/3078
f 3443/4006/3082 3442/4567/3235 3447/4007/3083
f 3440/4538/3449 3444/4541/3247 3449/4568/3470
f 3147/4009/3085 3145/4567/3278 3150/4010/3086
f 3288/4012/3088 3283/4025/3345 3281/4013/3089
f 3130/4015/3091 3134/4569/3471 3139/4016/3092
f 3278/4017/3094 3276/3998/3472 3275/4018/3095
f 3113/4020/3097 3112/4570/3473 3116/4021/3098
f 3109/4022/3099 3114/4462/3420 3113/4020/3097
f 3117/4571/3421 3109/4572/3099 3115/4573/3327
f 3356/4023/3061 3360/4574/3063 3361/4024/3100
f 3263/4026/3102 3257/4575/3136 3256/4027/3103
f 3269/4029/3105 3275/4576/3403 3276/4030/3106
f 3189/4577/3474 3188/4001/3077 3184/4206/3076
f 3192/4035/3109 3191/4002/3078 3187/4036/3110
f 3189/4577/3474 3184/4206/3076 3186/4037/3111
f 3184/4206/3076 3192/4035/3109 3186/4037/3111
f 3280/4578/3223 3286/4579/3222 3291/4580/3413
f 3453/4043/3117 3460/4581/3475 3459/4582/3476
f 3459/4582/3476 3458/4041/3115 3453/4043/3117
f 3333/4044/3040 3339/4583/3477 3338/4045/3118
f 3212/4047/3120 3205/4584/3478 3211/4048/3121
f 3422/4047/3123 3415/4584/3016 3421/4050/3124
f 3209/4052/3126 3207/4585/3179 3213/4053/3127
f 3239/4057/3131 3238/4586/3479 3241/4055/3129
f 3238/4586/3479 3237/3965/3131 3241/4055/3129
f 3237/3965/3131 3236/4530/3452 3241/4055/3129
f 3233/4056/3130 3235/4531/3453 3239/4057/3131
f 3169/4578/3046 3173/4587/3433 3180/4588/3432
f 3101/4058/3132 3095/4589/3344 3093/4059/3133
f 3264/4061/3135 3258/4590/3480 3257/4062/3136
f 3375/4064/3137 3374/4268/3325 3368/4065/3114
f 3254/4069/3141 3253/4591/3481 3246/4592/3482
f 3246/4592/3482 3251/4593/3483 3254/4069/3141
f 3251/4593/3483 3250/4067/3139 3254/4069/3141
f 3275/4018/3095 3274/4594/3142 3279/4019/3096
f 3274/4594/3142 3273/4070/3142 3279/4019/3096
f 3276/3998/3472 3278/4017/3094 3271/4071/3143
f 3273/4070/3142 3276/3998/3472 3271/4071/3143
f 3438/4571/3250 3430/4572/3052 3436/4595/3051
f 3419/4074/3145 3417/4585/3018 3423/4075/3017
f 3203/4078/3149 3202/4596/3484 3195/4423/3353
f 3202/4596/3484 3201/4424/3397 3195/4423/3353
f 3193/3957/3147 3195/4423/3353 3200/4077/3148
f 3203/4078/3149 3195/4423/3353 3199/4105/3352
f 3199/4105/3352 3193/3957/3147 3203/4078/3149
f 3416/4597/3039 3420/4598/3038 3426/4599/3485
f 3373/4082/3152 3367/4600/3324 3372/4083/3153
f 3464/4085/3155 3463/4431/3276 3469/4086/3156
f 3245/4088/3158 3244/4421/3192 3249/4089/3159
f 3438/3994/3250 3433/4188/3249 3432/4601/3161
f 3434/4092/3162 3437/3975/3053 3430/4022/3052
f 3430/4022/3052 3438/3994/3250 3435/4091/3161
f 3438/3994/3250 3432/4601/3161 3435/4091/3161
f 3163/4093/3163 3157/4602/3486 3155/4094/3026
f 3439/4096/3164 3443/4512/3082 3448/4097/3084
f 3351/4098/3166 3344/4603/3296 3349/4099/3069
f 3215/4101/3122 3211/4604/3121 3209/4102/3126
f 3212/3961/3167 3215/4605/3487 3210/4104/3168
f 3233/4606/3130 3241/4607/3129 3240/4608/3444
f 3303/4609/3172 3302/4610/3488 3298/4105/3170
f 3302/4610/3488 3301/4611/3489 3294/4612/3490
f 3302/4610/3488 3294/4612/3490 3298/4105/3170
f 3300/4613/3491 3299/4107/3172 3293/4106/3171
f 3299/4107/3172 3303/4609/3172 3298/4105/3170
f 3293/4106/3171 3294/4612/3490 3300/4613/3491
f 3279/4556/3096 3271/4557/3143 3277/4614/3144
f 3466/4109/3173 3470/3936/3157 3471/4110/3174
f 3113/4112/3176 3108/4615/3356 3107/4113/3177
f 3207/3943/3179 3205/3941/3478 3212/4114/3120
f 3338/4115/3180 3332/4085/3318 3331/4116/3181
f 3336/4118/3183 3340/4216/3231 3337/4119/3182
f 3103/4121/3184 3102/4067/3459 3096/3955/3031
f 3094/3957/3033 3101/3956/3032 3100/4123/3186
f 3103/4121/3184 3096/3955/3031 3098/4122/3185
f 3098/4122/3185 3094/3957/3033 3100/4123/3186
f 3255/4597/3387 3246/4572/3482 3253/4616/3481
f 3120/4124/3187 3126/4617/3492 3125/4125/3188
f 3136/4218/3280 3135/4618/3190 3142/4127/3191
f 3135/4618/3190 3139/4126/3190 3142/4127/3191
f 3138/4619/3190 3137/4620/3493 3141/4005/3081
f 3138/4619/3190 3141/4005/3081 3133/4022/3080
f 3139/4126/3190 3138/4619/3190 3133/4022/3080
f 3293/4597/3171 3298/4587/3170 3304/4621/3233
f 3301/4611/3489 3300/4613/3491 3294/4612/3490
f 3244/4128/3192 3243/4622/3494 3248/4129/3193
f 3325/4131/3194 3320/4623/3366 3319/4132/3195
f 3376/4133/3154 3372/4255/3153 3370/4134/3197
f 3197/4136/3199 3196/4624/3429 3201/4137/3200
f 3226/4217/3495 3225/4400/3383 3220/4625/3496
f 3457/4140/3204 3450/4626/3497 3456/4141/3205
f 3088/4143/3206 3081/4627/3498 3087/4144/3207
f 3131/4146/3209 3130/4431/3091 3135/4147/3093
f 3317/4046/3211 3308/4044/3028 3313/4149/3212
f 3312/4150/3213 3315/4245/3499 3317/4046/3211
f 3315/4245/3499 3314/4355/3349 3310/4628/3030
f 3315/4245/3499 3310/4628/3030 3317/4046/3211
f 3433/4151/3214 3434/4629/3379 3429/4152/3215
f 3343/4154/3500 3341/4369/3501 3342/4155/3502
f 3390/4597/3260 3382/4572/3284 3388/4630/3289
f 3251/4157/3217 3247/4631/3399 3245/4158/3158
f 3263/4159/3218 3267/4019/3266 3266/4160/3219
f 3287/4162/3221 3290/4455/3416 3286/3962/3222
f 3106/4164/3224 3110/4632/3357 3114/4165/3225
f 3237/3942/3409 3231/4633/3503 3236/4168/3229
f 3231/4633/3503 3230/4167/3227 3236/4168/3229
f 3336/4111/3183 3334/4109/3504 3339/4169/3230
f 3305/4170/3232 3294/4634/3490 3293/4171/3171
f 3439/4173/3164 3445/4635/3165 3446/4174/3234
f 3226/4131/3236 3221/4636/3258 3219/4175/3237
f 3127/4176/3239 3126/4617/3492 3122/4244/3202
f 3126/4617/3492 3120/4124/3187 3122/4244/3202
f 3129/4046/3189 3125/4125/3188 3124/4177/3240
f 3127/4176/3239 3122/4244/3202 3129/4046/3189
f 3085/4180/3241 3083/4585/3273 3089/4181/3242
f 3380/4183/3244 3379/4431/3019 3384/4184/3021
f 3447/4187/3248 3446/4637/3505 3441/4185/3246
f 3437/3975/3053 3434/4092/3162 3433/4188/3249
f 3298/4191/3170 3294/4638/3490 3305/4192/3232
f 3179/4194/3253 3175/3949/3315 3168/4639/3506
f 3168/4639/3506 3174/3951/3251 3179/4194/3253
f 3451/4640/3116 3455/4641/3151 3462/4642/3150
f 3391/4195/3254 3399/3981/3306 3396/4196/3255
f 3227/4198/3257 3222/4643/3270 3221/4199/3258
f 3389/4202/3261 3386/4644/3507 3385/4645/3508
f 3385/4645/3508 3384/4200/3259 3389/4202/3261
f 3124/4203/3262 3125/4646/3462 3119/4085/3058
f 3263/4159/3218 3262/4647/3264 3267/4019/3266
f 3262/4647/3264 3261/4205/3264 3267/4019/3266
f 3264/4161/3220 3266/4160/3219 3259/4071/3265
f 3261/4205/3264 3264/4161/3220 3259/4071/3265
f 3363/4648/3269 3362/4241/3305 3358/4206/3267
f 3362/4241/3305 3365/4240/3304 3358/4206/3267
f 3366/4207/3268 3361/4239/3303 3360/4208/3269
f 3363/4648/3269 3358/4206/3267 3360/4208/3269
f 3142/4538/3191 3133/4572/3080 3140/4649/3079
f 3227/4650/3257 3224/4210/3271 3222/4209/3270
f 3224/4210/3271 3225/3938/3238 3218/3960/3272
f 3083/4211/3273 3081/4651/3498 3088/3981/3206
f 3383/4212/3274 3381/4567/3422 3386/4213/3275
f 3463/4215/3276 3468/4118/3175 3471/4216/3174
f 3144/4029/3277 3149/4181/3423 3150/4030/3086
f 3329/3995/3071 3328/4652/3509 3321/4653/3466
f 3321/4653/3466 3326/4564/3467 3329/3995/3071
f 3326/4564/3467 3325/4217/3279 3329/3995/3071
f 3206/4654/3169 3210/4539/3168 3216/4655/3510
f 3141/4005/3081 3137/4620/3493 3136/4218/3280
f 3088/4388/3374 3086/4186/3373 3082/3957/3281
f 3084/4219/3282 3090/4656/3511 3089/4220/3283
f 3089/4220/3283 3088/4388/3374 3082/3957/3281
f 3390/4201/3260 3384/4200/3259 3387/4222/3285
f 3387/4222/3285 3386/4644/3507 3382/4221/3284
f 3386/4644/3507 3389/4202/3261 3382/4221/3284
f 3166/3968/3286 3160/4548/3512 3156/4106/3287
f 3192/4556/3109 3184/4557/3076 3190/4657/3469
f 3402/4571/3321 3394/4572/3513 3400/4658/3461
f 3297/4226/3290 3296/4231/3022 3302/4227/3024
f 3289/4229/3292 3290/4659/3435 3285/4230/3293
f 3330/4654/3070 3321/4660/3466 3328/4661/3509
f 3352/3979/3295 3346/4507/3514 3344/4232/3296
f 3425/4233/3125 3421/4212/3124 3419/4234/3145
f 3189/4236/3297 3185/4662/3034 3183/4231/3298
f 3151/4238/3301 3150/3998/3074 3146/4206/3073
f 3154/4019/3302 3153/3999/3075 3149/4220/3468
f 3151/4238/3301 3146/4206/3073 3154/4019/3302
f 3154/4019/3302 3149/4220/3468 3148/4237/3300
f 3361/4239/3303 3366/4207/3268 3365/4240/3304
f 3366/4663/3268 3358/4541/3267 3364/4664/3346
f 3399/4242/3306 3391/4254/3254 3395/4243/3307
f 3473/4046/3048 3465/4383/3050 3469/4384/3369
f 3471/4245/3309 3470/4149/3368 3467/4244/3108
f 3473/4046/3048 3469/4384/3369 3471/4245/3309
f 3451/4042/3116 3458/4041/3115 3457/4665/3515
f 3457/4665/3515 3461/4247/3310 3451/4042/3116
f 3461/4247/3310 3460/4581/3475 3455/4246/3151
f 3460/4581/3475 3453/4043/3117 3455/4246/3151
f 3094/4666/3033 3098/4572/3185 3104/4667/3355
f 3323/4248/3311 3318/4668/3350 3322/4249/3312
f 3170/4251/3314 3168/4669/3506 3175/4252/3315
f 3099/4253/3317 3103/4670/3448 3100/3938/3134
f 3087/4255/3207 3085/4411/3241 3090/4256/3243
f 3339/4090/3230 3334/4671/3504 3332/4258/3318
f 3107/4260/3319 3108/4672/3319 3110/4261/3319
f 3399/4263/3320 3398/4673/3516 3394/4674/3513
f 3402/4046/3321 3401/4440/3408 3396/4264/3322
f 3399/4263/3320 3394/4674/3513 3402/4046/3321
f 3374/4265/3323 3369/4025/3340 3367/4266/3324
f 3342/3970/3502 3341/4675/3501 3343/4170/3500
f 3242/4654/3443 3233/4587/3130 3240/4676/3444
f 3156/4578/3287 3160/4587/3512 3167/4677/3517
f 3376/4678/3518 3375/4064/3137 3371/4679/3138
f 3378/4019/3112 3368/4065/3114 3374/4268/3325
f 3376/4678/3518 3371/4679/3138 3373/4269/3326
f 3371/4679/3138 3378/4019/3112 3373/4269/3326
f 3306/4215/3328 3311/4118/3455 3315/4216/3329
f 3427/4276/3331 3431/4569/3378 3435/4277/3332
f 3232/4278/3334 3238/4010/3410 3239/4279/3335
f 3328/4680/3509 3329/4681/3071 3330/4682/3070
f 3351/4282/3338 3354/4471/3427 3350/3962/3426
f 3345/4283/3339 3347/4470/3425 3352/4281/3337
f 3351/4282/3338 3350/3962/3426 3345/4283/3339
f 3082/4597/3281 3086/4541/3373 3092/4683/3396
f 3375/4285/3198 3370/4684/3197 3369/4286/3340
f 3147/3958/3085 3151/4685/3087 3148/4288/3341
f 3102/3983/3343 3097/4686/3447 3095/4289/3344
f 3289/4290/3292 3284/4687/3294 3283/4291/3345
f 3217/4538/3382 3223/4660/3363 3228/4688/3365
f 3172/4180/3347 3170/4585/3314 3176/4181/3316
f 3428/4297/3216 3427/4689/3331 3432/4298/3333
f 3285/4303/3319 3281/4690/3319 3283/4304/3319
f 3393/4306/3319 3395/4691/3319 3391/4307/3319
f 3085/4309/3319 3087/4692/3319 3081/4310/3319
f 3143/4312/3319 3144/4693/3319 3145/4313/3319
f 3272/4315/3319 3268/4694/3319 3269/4316/3319
f 3181/4312/3319 3182/4695/3319 3183/4318/3319
f 3218/4323/3319 3219/4696/3319 3221/4324/3319
f 3231/4326/3319 3232/4697/3319 3234/4327/3319
f 3209/4329/3319 3211/4698/3319 3205/4330/3319
f 3331/4332/3319 3332/4699/3319 3334/4333/3319
f 3307/4335/3319 3309/4700/3319 3311/4336/3319
f 3119/4338/3319 3121/4701/3319 3123/4339/3319
f 3097/4341/3319 3099/4702/3319 3093/4342/3319
f 3419/4344/3319 3421/4703/3319 3415/4330/3319
f 3161/4345/3319 3155/4704/3319 3157/4346/3319
f 3170/4347/3319 3172/4309/3319 3174/4345/3319
f 3130/4349/3319 3131/4705/3319 3132/4350/3319
f 3308/4044/3028 3310/4706/3030 3314/4355/3349
f 3107/4356/3177 3106/4431/3224 3111/4357/3226
f 3324/4359/3196 3319/4707/3195 3318/4360/3350
f 3202/4364/3201 3203/4708/3015 3198/4365/3014
f 3098/4367/3185 3096/4363/3031 3105/4368/3354
f 3108/4370/3356 3113/4135/3176 3114/4371/3225
f 3164/4374/3358 3163/4709/3358 3158/4375/3359
f 3163/4709/3358 3162/4223/3288 3156/4106/3287
f 3158/4375/3359 3163/4709/3358 3156/4106/3287
f 3158/4375/3359 3160/4548/3512 3165/4373/3358
f 3160/4548/3512 3166/3968/3286 3165/4373/3358
f 3139/4228/3092 3134/4467/3471 3138/4376/3362
f 3134/4467/3471 3132/4199/3360 3138/4376/3362
f 3253/4710/3481 3254/4711/3141 3255/4554/3387
f 3223/4377/3363 3220/4363/3496 3229/4368/3364
f 3429/4378/3319 3431/4712/3319 3427/4379/3319
f 3327/4713/3313 3322/4714/3312 3326/4382/3367
f 3322/4714/3312 3320/4381/3366 3326/4382/3367
f 3465/4383/3050 3467/4244/3108 3470/4149/3368
f 3388/4715/3289 3389/4716/3261 3390/4717/3260
f 3091/4389/3375 3090/4656/3511 3086/4186/3373
f 3090/4656/3511 3084/4219/3282 3086/4186/3373
f 3431/4392/3378 3429/4718/3215 3434/4393/3379
f 3355/4719/3458 3347/4720/3425 3345/4460/3339
f 3213/4395/3380 3212/3961/3167 3206/3957/3169
f 3208/4396/3381 3210/4104/3168 3214/4394/3380
f 3210/4104/3168 3215/4605/3487 3214/4394/3380
f 3213/4395/3380 3206/3957/3169 3208/4396/3381
f 3295/4397/3319 3296/4721/3319 3297/4398/3319
f 3160/4722/3512 3158/4482/3359 3167/4723/3517
f 3227/4724/3519 3226/4217/3495 3220/4625/3496
f 3227/4724/3519 3220/4625/3496 3223/4186/3363
f 3217/3957/3382 3220/4625/3496 3225/4400/3383
f 3224/4401/3384 3227/4724/3519 3223/4186/3363
f 3223/4186/3363 3217/3957/3382 3224/4401/3384
f 3397/3983/3385 3393/4725/3439 3392/4402/3256
f 3254/4069/3141 3249/4068/3140 3255/3994/3387
f 3249/4068/3140 3248/4404/3386 3255/3994/3387
f 3252/4405/3386 3251/4593/3483 3246/4022/3482
f 3252/4405/3386 3246/4022/3482 3255/3994/3387
f 3350/4726/3426 3347/4363/3425 3355/4727/3458
f 3159/4180/3388 3157/4585/3486 3163/4406/3163
f 3268/3960/3391 3272/4559/3440 3273/4409/3392
f 3159/4411/3388 3164/4728/3389 3165/3988/3394
f 3339/4583/3477 3333/4044/3040 3335/4244/3042
f 3342/4046/3119 3338/4045/3118 3337/4413/3395
f 3340/4414/3395 3339/4583/3477 3335/4244/3042
f 3335/4244/3042 3342/4046/3119 3340/4414/3395
f 3369/4415/3319 3370/4729/3319 3372/4416/3319
f 3131/4421/3209 3136/3978/3210 3137/4131/3361
f 3118/4425/3263 3123/4118/3411 3127/4084/3398
f 3248/3938/3193 3243/4730/3494 3252/4427/3400
f 3243/4730/3494 3247/4426/3399 3252/4427/3400
f 3413/4731/3520 3412/4386/3371 3406/4385/3370
f 3413/4731/3520 3406/4385/3370 3409/3962/3377
f 3404/3957/3401 3406/4385/3370 3411/4387/3372
f 3410/4401/3402 3413/4731/3520 3409/3962/3377
f 3409/3962/3377 3404/3957/3401 3410/4401/3402
f 3115/4732/3327 3116/4733/3098 3117/4554/3421
f 3420/4734/3038 3418/4482/3044 3426/4480/3485
f 3268/4428/3391 3274/4735/3393 3275/4429/3403
f 3180/4736/3432 3171/4737/3434 3169/4738/3046
f 3300/4432/3406 3301/4739/3023 3295/4025/3456
f 3295/4025/3456 3292/4431/3404 3300/4432/3406
f 3196/4433/3319 3197/4740/3319 3198/4434/3319
f 3292/4436/3404 3297/4524/3290 3303/4437/3291
f 3190/4741/3469 3191/4742/3078 3192/4554/3109
f 3401/4440/3408 3400/4743/3461 3394/4744/3513
f 3394/4744/3513 3398/4673/3516 3401/4440/3408
f 3398/4673/3516 3397/4439/3407 3401/4440/3408
f 3232/4441/3334 3231/4585/3503 3237/4075/3409
f 3121/4443/3060 3126/4745/3059 3127/4110/3398
f 3140/4746/3079 3141/4747/3081 3142/4748/3191
f 3256/4445/3103 3260/4559/3428 3261/4446/3412
f 3277/4749/3144 3278/4750/3094 3279/4751/3096
f 3408/4353/3319 3403/4752/3319 3405/4451/3319
f 3289/4456/3417 3288/4753/3521 3282/4754/3414
f 3288/4753/3521 3287/4162/3221 3280/4163/3223
f 3282/4754/3414 3288/4753/3521 3280/4163/3223
f 3282/4754/3414 3286/3962/3222 3289/4456/3417
f 3459/4457/3418 3460/4755/3066 3454/4458/3065
f 3105/4459/3354 3096/4756/3031 3094/4460/3033
f 3116/4021/3098 3112/4570/3473 3117/4046/3421
f 3112/4570/3473 3111/4757/3522 3117/4046/3421
f 3111/4757/3522 3114/4462/3420 3117/4046/3421
f 3381/4463/3422 3380/4421/3244 3385/4464/3245
f 3143/3980/3342 3148/4758/3341 3149/3979/3423
f 3359/4467/3424 3357/4567/3101 3362/4468/3390
f 3354/4471/3427 3353/4759/3523 3347/4470/3425
f 3353/4759/3523 3352/4281/3337 3347/4470/3425
f 3265/4760/3415 3266/4742/3219 3267/4751/3266
f 3381/4472/3319 3383/4761/3319 3379/4473/3319
f 3260/4475/3428 3258/4762/3480 3264/4476/3135
f 3152/4763/3463 3153/4750/3075 3154/4751/3302
f 3193/4538/3147 3199/4539/3352 3204/4764/3351
f 3200/4477/3013 3201/4765/3200 3196/4025/3429
f 3307/4479/3431 3306/4431/3328 3312/4117/3330
f 3092/4766/3396 3084/4767/3282 3082/4768/3281
f 3247/4483/3319 3243/4769/3319 3244/4484/3319
f 3281/3960/3089 3285/4524/3293 3290/4486/3435
f 3182/4488/3436 3187/4770/3057 3188/4408/3299
f 3349/4490/3319 3344/4771/3319 3346/4451/3319
f 3172/4411/3347 3177/4728/3348 3178/4110/3252
f 3258/4492/3319 3260/4772/3319 3256/4493/3319
f 3444/4773/3247 3441/4363/3246 3449/4774/3470
f 3413/4495/3437 3408/4006/3445 3407/4496/3438
f 3204/4775/3351 3195/4776/3353 3193/4768/3147
f 3449/4777/3470 3441/4778/3246 3440/4460/3449
f 3393/4109/3439 3397/3936/3385 3398/4497/3308
f 3272/4467/3440 3270/4779/3107 3276/4010/3106
f 3320/4499/3319 3322/4780/3319 3318/4500/3319
f 3167/4781/3517 3158/4737/3359 3156/4738/3287
f 3177/4374/3441 3176/4220/3441 3171/4502/3434
f 3176/4220/3441 3175/3969/3047 3169/3963/3046
f 3171/4502/3434 3176/4220/3441 3169/3963/3046
f 3171/4502/3434 3173/4548/3433 3178/4176/3441
f 3173/4548/3433 3179/3968/3045 3178/4176/3441
f 3364/4782/3346 3365/4750/3304 3366/4783/3268
f 3426/4784/3485 3418/4785/3044 3416/4786/3039
f 3411/3938/3056 3403/4787/3442 3410/4210/3446
f 3403/4787/3442 3408/4512/3445 3410/4210/3446
f 3097/4513/3447 3102/3936/3343 3103/4514/3448
f 3210/4481/3168 3208/4788/3381 3216/4789/3510
f 3291/4790/3413 3282/4634/3414 3280/4171/3223
f 3441/4185/3246 3446/4637/3505 3445/4516/3450
f 3448/4791/3524 3447/4187/3248 3444/4186/3247
f 3440/4283/3449 3441/4185/3246 3445/4516/3450
f 3448/4791/3524 3444/4186/3247 3445/4516/3450
f 3229/4517/3364 3220/4792/3496 3217/4460/3382
f 3216/4793/3510 3208/4792/3381 3206/4794/3169
f 3452/4522/3419 3450/4431/3497 3458/4521/3451
f 3450/4431/3497 3457/3981/3204 3458/4521/3451
f 3414/4795/3376 3406/4720/3370 3404/4768/3401
f 3436/4782/3051 3437/4796/3053 3438/4797/3250
f 3235/4523/3228 3230/4798/3227 3234/4524/3336
f 3454/4525/3319 3456/4799/3319 3450/4526/3319
f 3463/4528/3319 3464/4800/3319 3466/4529/3319
f 3235/4531/3453 3233/4056/3130 3242/4532/3443
f 3242/4532/3443 3241/4055/3129 3236/4530/3452
f 3348/4533/3067 3346/4801/3514 3352/4275/3295
g MultipleDynamites_LOD_4_Mesh
v -0.668707 0.002440 0.072898
v -0.668707 1.006011 0.072898
v -0.657972 0.002440 -0.635489
v -0.657972 1.006011 -0.635489
v 0.854779 0.002440 0.091673
v 0.854779 1.006011 0.091673
v 0.851997 0.002440 -0.623597
v 0.851997 1.006011 -0.623597
v -0.006326 1.206878 0.041724
v -0.017624 1.006011 0.000409
v 0.001276 1.206878 0.015225
v 0.014742 1.006011 0.021678
v -0.181940 1.205834 -0.021221
v -0.209429 1.006011 0.020510
v -0.177749 1.204988 0.002383
v -0.188718 1.006011 -0.019234
v -0.382327 1.205834 0.000333
v -0.389811 1.006011 0.020192
v -0.358181 1.204988 0.010148
v -0.387720 1.006011 -0.023971
v 0.227662 1.206878 -0.003836
v 0.190493 1.006011 0.030268
v 0.200420 1.206878 0.000390
v 0.209291 1.006011 -0.009386
v 0.372372 1.206878 -0.019973
v 0.405003 1.006011 0.017022
v 0.378661 1.206878 0.006868
v 0.372444 1.006011 -0.003765
v -0.621927 1.202921 0.005055
v -0.603672 1.006011 0.024851
v -0.600082 1.201337 0.015483
v -0.581708 1.006011 -0.013138
v 0.598457 1.212229 0.036776
v 0.577750 1.006011 -0.004519
v 0.612042 1.206878 0.014382
v 0.603909 1.006011 0.027708
v 0.805259 1.206878 -0.017070
v 0.793545 1.006011 0.031189
v 0.791824 1.206878 -0.001044
v 0.772538 1.006011 -0.008614
v 0.189509 1.206878 -0.220415
v 0.200993 1.006011 -0.179152
v 0.182026 1.206878 -0.193882
v 0.168532 1.006011 -0.200275
v 0.365405 1.205834 -0.158260
v 0.392705 1.006011 -0.200113
v 0.361108 1.204988 -0.181844
v 0.372173 1.006011 -0.160277
v 0.565693 1.205834 -0.180714
v 0.573087 1.006011 -0.200606
v 0.541502 1.204988 -0.190420
v 0.571195 1.006011 -0.156434
v -0.044271 1.206878 -0.173804
v -0.007256 1.006011 -0.208075
v -0.017048 1.206878 -0.178153
v -0.025876 1.006011 -0.168337
v -0.188907 1.206878 -0.157018
v -0.221704 1.006011 -0.193866
v -0.195317 1.206878 -0.183831
v -0.189052 1.006011 -0.173226
v 0.805269 1.202921 -0.186511
v 0.786925 1.006011 -0.206226
v 0.783378 1.201337 -0.196842
v 0.765133 1.006011 -0.168138
v -0.415245 1.212229 -0.212751
v -0.394353 1.006011 -0.171550
v -0.428729 1.206878 -0.190296
v -0.420656 1.006011 -0.203658
v -0.621803 1.206878 -0.157977
v -0.610306 1.006011 -0.206288
v -0.608441 1.206878 -0.174062
v -0.589121 1.006011 -0.166580
v -0.006326 1.206878 -0.358719
v -0.017624 1.006011 -0.400033
v 0.001276 1.206878 -0.385218
v 0.014742 1.006011 -0.378764
v -0.181940 1.205834 -0.421663
v -0.209429 1.006011 -0.379933
v -0.177749 1.204988 -0.398060
v -0.188718 1.006011 -0.419677
v -0.382327 1.205834 -0.400109
v -0.389811 1.006011 -0.380251
v -0.358181 1.204988 -0.390294
v -0.387720 1.006011 -0.424414
v 0.227662 1.206878 -0.404279
v 0.190493 1.006011 -0.370175
v 0.200420 1.206878 -0.400053
v 0.209291 1.006011 -0.409829
v 0.372372 1.206878 -0.420415
v 0.405003 1.006011 -0.383421
v 0.378661 1.206878 -0.393574
v 0.372444 1.006011 -0.404207
v -0.621927 1.202921 -0.395388
v -0.603672 1.006011 -0.375591
v -0.600082 1.201337 -0.384959
v -0.581708 1.006011 -0.413580
v 0.598457 1.212229 -0.363667
v 0.577750 1.006011 -0.404961
v 0.612042 1.206878 -0.386061
v 0.603909 1.006011 -0.372735
v 0.805259 1.206878 -0.417513
v 0.793545 1.006011 -0.369253
v 0.791824 1.206878 -0.401487
v 0.772538 1.006011 -0.409056
v 0.189509 1.206878 -0.620858
v 0.200993 1.006011 -0.579594
v 0.182026 1.206878 -0.594325
v 0.168532 1.006011 -0.600718
v 0.365405 1.205834 -0.558702
v 0.392705 1.006011 -0.600556
v 0.361108 1.204988 -0.582287
v 0.372173 1.006011 -0.560719
v 0.565693 1.205834 -0.581156
v 0.573087 1.006011 -0.601048
v 0.541502 1.204988 -0.590863
v 0.571195 1.006011 -0.556876
v -0.044271 1.206878 -0.574247
v -0.007256 1.006011 -0.608518
v -0.017048 1.206878 -0.578595
v -0.025876 1.006011 -0.568780
v -0.188907 1.206878 -0.557461
v -0.221704 1.006011 -0.594309
v -0.195317 1.206878 -0.584273
v -0.189052 1.006011 -0.573668
v 0.805269 1.202921 -0.586954
v 0.786925 1.006011 -0.606668
v 0.783378 1.201337 -0.597284
v 0.765133 1.006011 -0.568581
v -0.415245 1.212229 -0.613193
v -0.394353 1.006011 -0.571992
v -0.428729 1.206878 -0.590738
v -0.420656 1.006011 -0.604101
v -0.621803 1.206878 -0.558419
v -0.610306 1.006011 -0.606731
v -0.608441 1.206878 -0.574505
v -0.589121 1.006011 -0.567022
vn -0.9999 -0.0000 -0.0152
vn 0.0079 -0.0000 -1.0000
vn 1.0000 -0.0000 -0.0039
vn -0.0123 -0.0000 0.9999
vn -0.0000 -1.0000 -0.0000
vn -0.0000 1.0000 -0.0000
vn 0.9587 0.0731 0.2750
vn -0.9838 0.0351 0.1759
vn -0.3777 -0.1017 0.9203
vn -0.1532 0.0413 -0.9873
vn -0.9735 0.0181 0.2281
vn -0.4272 0.0511 0.9027
vn 0.8550 -0.0002 0.5187
vn -0.7627 0.0973 -0.6394
vn -0.9599 0.0731 -0.2707
vn 0.9830 0.0351 -0.1803
vn 0.3735 -0.1017 -0.9220
vn 0.1576 0.0413 0.9866
vn 0.9724 0.0181 -0.2325
vn 0.4232 0.0511 -0.9046
vn -0.8573 -0.0002 -0.5148
vn 0.7656 0.0973 0.6360
vn -0.5438 -0.1396 0.8275
vn 0.8865 -0.0255 0.4620
vn 0.9983 -0.0327 0.0473
vn 0.8996 -0.0941 0.4264
vn 0.5369 -0.0677 -0.8409
vn 0.8657 0.0081 0.5005
vn -0.7755 -0.0482 0.6295
vn 0.8728 -0.1616 -0.4606
vn 0.5401 -0.1396 -0.8300
vn -0.8886 -0.0255 -0.4580
vn -0.9985 -0.0327 -0.0428
vn -0.9015 -0.0941 -0.4224
vn -0.5331 -0.0677 0.8433
vn -0.8679 0.0081 -0.4966
vn 0.7727 -0.0482 -0.6330
vn -0.8707 -0.1616 0.4645
vt 0.772168 0.008377
vt 0.368653 0.305630
vt 0.368653 0.008377
vt 0.794315 0.014371
vt 0.355119 0.313485
vt 0.355119 0.014371
vt 0.369581 0.688149
vt 0.013070 0.987413
vt 0.013070 0.688149
vt 0.362112 0.695944
vt 0.009379 0.986053
vt 0.009379 0.695944
vt 0.266009 0.050611
vt 0.046667 0.262998
vt 0.048111 0.046953
vt 0.062026 0.399661
vt 0.262912 0.601590
vt 0.063852 0.602521
vt 0.497865 0.694988
vt 0.604887 0.728170
vt 0.497865 0.725493
vt 0.504616 0.693989
vt 0.601053 0.721268
vt 0.505019 0.724193
vt 0.600804 0.698260
vt 0.772168 0.305630
vt 0.794315 0.313485
vt 0.369581 0.987413
vt 0.362112 0.986053
vt 0.264183 0.263929
vt 0.261468 0.396003
vt 0.604887 0.697664
s 0
f 3475/4802/3525 3476/4803/3525 3474/4804/3525
f 3477/4805/3526 3480/4806/3526 3476/4807/3526
f 3481/4808/3527 3478/4809/3527 3480/4810/3527
f 3479/4811/3528 3474/4812/3528 3478/4813/3528
f 3480/4814/3529 3474/4815/3529 3476/4816/3529
f 3481/4817/3530 3475/4818/3530 3479/4819/3530
f 3482/4820/3531 3485/4821/3531 3484/4822/3531
f 3486/4823/3532 3489/4824/3532 3488/4825/3532
f 3490/4823/3533 3493/4824/3533 3492/4825/3533
f 3494/4820/3534 3497/4821/3534 3496/4822/3534
f 3498/4820/3535 3501/4821/3535 3500/4822/3535
f 3503/4826/3536 3504/4825/3536 3502/4823/3536
f 3506/4820/3537 3509/4821/3537 3508/4822/3537
f 3510/4820/3538 3513/4821/3538 3512/4822/3538
f 3514/4820/3539 3517/4821/3539 3516/4822/3539
f 3518/4823/3540 3521/4824/3540 3520/4825/3540
f 3522/4823/3541 3525/4824/3541 3524/4825/3541
f 3526/4820/3542 3529/4821/3542 3528/4822/3542
f 3530/4820/3543 3533/4821/3543 3532/4822/3543
f 3535/4826/3544 3536/4825/3544 3534/4823/3544
f 3538/4820/3545 3541/4821/3545 3540/4822/3545
f 3542/4820/3546 3545/4821/3546 3544/4822/3546
f 3546/4820/3531 3549/4821/3531 3548/4822/3531
f 3550/4823/3532 3553/4824/3532 3552/4825/3532
f 3554/4823/3533 3557/4824/3533 3556/4825/3533
f 3558/4820/3534 3561/4821/3534 3560/4822/3534
f 3562/4820/3535 3565/4821/3535 3564/4822/3535
f 3567/4826/3536 3568/4825/3536 3566/4823/3536
f 3570/4820/3537 3573/4821/3537 3572/4822/3537
f 3574/4820/3538 3577/4821/3538 3576/4822/3538
f 3578/4820/3539 3581/4821/3539 3580/4822/3539
f 3582/4823/3540 3585/4824/3540 3584/4825/3540
f 3586/4823/3541 3589/4824/3541 3588/4825/3541
f 3590/4820/3542 3593/4821/3542 3592/4822/3542
f 3594/4820/3543 3597/4821/3543 3596/4822/3543
f 3599/4826/3544 3600/4825/3544 3598/4823/3544
f 3602/4820/3545 3605/4821/3545 3604/4822/3545
f 3606/4820/3546 3609/4821/3546 3608/4822/3546
f 3475/4802/3525 3477/4827/3525 3476/4803/3525
f 3477/4805/3526 3481/4828/3526 3480/4806/3526
f 3481/4808/3527 3479/4829/3527 3478/4809/3527
f 3479/4811/3528 3475/4830/3528 3474/4812/3528
f 3480/4814/3529 3478/4831/3529 3474/4815/3529
f 3481/4817/3530 3477/4832/3530 3475/4818/3530
f 3482/4820/3547 3483/4833/3547 3485/4821/3547
f 3486/4823/3548 3487/4826/3548 3489/4824/3548
f 3490/4823/3549 3491/4826/3549 3493/4824/3549
f 3494/4820/3550 3495/4833/3550 3497/4821/3550
f 3498/4820/3551 3499/4833/3551 3501/4821/3551
f 3503/4826/3552 3505/4824/3552 3504/4825/3552
f 3506/4820/3553 3507/4833/3553 3509/4821/3553
f 3510/4820/3554 3511/4833/3554 3513/4821/3554
f 3514/4820/3555 3515/4833/3555 3517/4821/3555
f 3518/4823/3556 3519/4826/3556 3521/4824/3556
f 3522/4823/3557 3523/4826/3557 3525/4824/3557
f 3526/4820/3558 3527/4833/3558 3529/4821/3558
f 3530/4820/3559 3531/4833/3559 3533/4821/3559
f 3535/4826/3560 3537/4824/3560 3536/4825/3560
f 3538/4820/3561 3539/4833/3561 3541/4821/3561
f 3542/4820/3562 3543/4833/3562 3545/4821/3562
f 3546/4820/3547 3547/4833/3547 3549/4821/3547
f 3550/4823/3548 3551/4826/3548 3553/4824/3548
f 3554/4823/3549 3555/4826/3549 3557/4824/3549
f 3558/4820/3550 3559/4833/3550 3561/4821/3550
f 3562/4820/3551 3563/4833/3551 3565/4821/3551
f 3567/4826/3552 3569/4824/3552 3568/4825/3552
f 3570/4820/3553 3571/4833/3553 3573/4821/3553
f 3574/4820/3554 3575/4833/3554 3577/4821/3554
f 3578/4820/3555 3579/4833/3555 3581/4821/3555
f 3582/4823/3556 3583/4826/3556 3585/4824/3556
f 3586/4823/3557 3587/4826/3557 3589/4824/3557
f 3590/4820/3558 3591/4833/3558 3593/4821/3558
f 3594/4820/3559 3595/4833/3559 3597/4821/3559
f 3599/4826/3560 3601/4824/3560 3600/4825/3560
f 3602/4820/3561 3603/4833/3561 3605/4821/3561
f 3606/4820/3562 3607/4833/3562 3609/4821/3562
